décomplexés;1;nr
diday;1;nr
mddr;1;nr
bouillant;1;adj
joyau;1;nom
boogie;1;nr
petasses;1;nr
rrrrris;1;nr
gelson;1;nr
imp;1;nr
hermès;1;nom
gamme;1;nom
peigne_cul;1;nom
bambe;1;nr
suiiiisssse;1;nr
guillaumetell;1;nr
freud;1;nr
questionnaire;1;nom
helvétiquement;1;nr
jaimais;1;nr
hhhv;1;nr
ahahahahha;1;nr
hahahahahahahah;1;nr
disgrâce;1;nom
bailábamos;1;nr
htag_michael0204;1;nom_sup
htag_yo;1;nom_sup
chsst;1;nr
hahahahhahaa;1;nr
claaiir;1;nr
gaaaaarsss;1;nr
ahahahhahaha;1;nr
taz;1;nr
barboleuse;1;nr
génialissime;1;nr
eesp;1;nr
colonir;1;nr
inimitable;1;adj
sérafe;1;nr
mercy;1;nr
emji_couple_avec_coeur_femme_et_homme;1;nr
gringe;1;nr
condor;1;nom
dénommé;1;nom
meneur;1;nom
customiser;1;ver
velosolex;1;nr
anthracite;1;adj
pony;1;nr
bogget;1;nr
kreidler;1;nr
téhéran;1;nr
tibet;1;nr
perth;1;nr
malaisie;1;nr
bottine;1;nom
cryptos;1;nr
panthers;1;nr
axe;1;nom
caras;1;nr
quadragénaire;1;nom
droguerie;1;nom
paraffine;1;nom
roces;1;nr
voiturz;1;nr
damoclès;1;nr
amazonie;1;nr
chpeu;1;nr
chcomand;1;nr
chteplet;1;nr
achdleche;1;nr
tute;1;nr
chuit;1;nr
adult;1;nr
aya;1;nom
tsukioka;1;nr
ébouriffé;1;adj
hachiko;1;nr
emji_chien;1;nom
rappeller;1;nr
bravissimo;1;nom
patchwork;1;nom
administrativement;1;adv
médiocrité;1;nom
ramollir;1;ver
molière;1;nr
suggestion;1;nom
dégustation;1;nom
sapey;1;nr
ome;1;nr
achar;1;nr
tenha;1;nr
faço;1;nr
maratonas;1;nr
revejo;1;nr
incríveis;1;nr
comerciais;1;nr
fã;1;nr
hbrf;1;nr
controverse;1;nom
icervelés;1;nr
tampi;1;nr
hhhhhhh;1;nr
pourboire;1;nom
wilson;1;nr
tokio;1;nr
célebrissime;1;nr
emji_fourchette_et_couteau;1;nom
emji_sel;1;nom
mi_août;1;nom
wshhh;1;nr
miaaooouhh;1;nr
tribolo;1;nr
chichi;1;nom
auron;1;nr
spr;1;nr
cw;1;nr
astrologique;1;adj
jle;1;nr
braking;1;nr
lllllandmadidouz;1;nr
excelent;1;nr
kestu;1;nr
aeschlimann;1;nr
microtrottoir;1;nr
rétroviseur;1;nom
choking;1;nr
bourrin;1;nom
branchie;1;nom
3m;1;nr
interet;1;nr
pts;1;nr
metode;1;nr
tradicionelle;1;nr
enclume;1;nom
foetus;1;nom
amniotique;1;adj
alessio;1;nr
noyeurs;1;nr
égaille;1;nr
elvis;1;nr
metoo;1;nr
whouaou;1;nr
ft;1;nr
leché;1;nr
daleux;1;nr
mmdrrrrr;1;nr
pssstttt;1;nr
mpasse;1;nr
hiennes;1;nr
attristant;1;adj
seduit;1;nr
spontaneous;1;nr
crouser;1;nr
draguai;1;nr
malesante;1;nr
aurevoir;1;nr
ettonement;1;nr
braderie;1;nom
aprendre;1;nr
chaire;1;nom
existance;1;nr
cruela;1;nr
appar;1;nr
personnelement;1;nr
emji_pendule;1;nom
ulli;1;nr
kellenberger;1;nr
holzer;1;nr
vreni;1;nr
billiger;1;nr
jakob;1;nr
winterthur;1;nr
ei;1;nr
donnerwetter;1;nr
neun;1;nr
uhr;1;nr
wasserkanister;1;nr
chouche;1;nr
bist;1;nr
wohnst;1;nr
schnitzel;1;nom
piltzesammeln;1;nr
uli;1;nr
hans;1;nr
schaudi;1;nr
kraft;1;nom
eckert;1;nr
transam;1;nr
aua;1;nr
gebrochen;1;nr
weh;1;nr
onvoi;1;nr
ledukasion;1;nr
kondisionemen;1;nr
mentaliter;1;nr
paren;1;nr
sase;1;nr
perpetu;1;nr
fy;1;nom
nonpa;1;nr
muskle;1;nr
limitan;1;nr
croyable;1;adj
fleuriste;1;nom
préjuges;1;nr
épicentre;1;nom
vicissitude;1;nom
dégénérer;1;ver
dénaturer;1;ver
transphobe;1;nr
finissant;1;adj
phobe;1;nr
exhiber;1;ver
fml;1;nr
dunkan;1;nr
ausis;1;nr
pénultième;1;nom
ferrè;1;nr
bressens;1;nr
oltrepo;1;nr
pavese;1;nr
andrea;1;nr
ooohh;1;nr
jj;1;nr
abstinent;1;adj
faitt;1;nr
jéspère;1;nr
iun;1;nr
clinique;1;nom
ajdh;1;nr
consideré;1;nr
frida;1;nr
khalo;1;nr
salope;1;nom
inopiné;1;adj
inteligence;1;nr
yave;1;nr
aparrision;1;nr
einchetien;1;nr
biologiquement;1;adv
spirituelment;1;nr
procréation;1;nom
déraison;1;nom
légalement;1;adv
pedocriminel;1;nr
meurtier;1;nr
homicid;1;nr
femenicide;1;nr
enfantide;1;nr
trépas;1;nom
fitbit;1;nr
stavinsky;1;nr
niki;1;nr
phall;1;nr
paluz;1;nr
gazette;1;nom
lsusanne;1;nr
éditeur;1;nom
mermod;1;nr
éditer;1;ver
imprimerie;1;nom
éfité;1;nr
wouaww;1;nr
compreeeeeeendre;1;nr
aaaaahaaahaaaahaaaaaah;1;nr
mercí;1;nr
baudelaire;1;nr
decenies;1;nr
sinclar;1;nr
fioriture;1;nom
epuisee;1;nr
htag_cute;1;nom_sup
tibor;1;nr
goped;1;nr
béquille;1;nom
hahaahahahahah;1;nr
yacinthe;1;nr
curtat;1;nr
skotch;1;nr
qqlq;1;nr
défaillance;1;nom
moumoute;1;nom
ququette;1;nr
benichon;1;nr
burp;1;nr
2mn;1;nr
frédéric;1;nr
balois;1;nr
13mn;1;nr
dépité;1;adj
rouille;1;nom
arriviste;1;nom
denève;1;nr
vignoble;1;nom
7h00;1;nr
retoqué;1;nr
provoc;1;nom
xxeme;1;nr
tong;1;nom
croc;1;nom
roasted;1;nr
peloton;1;nom
morat;1;nr
romaiiiinnnn;1;nr
spray;1;nom
arrachage;1;nom
poétiquement;1;adv
précurseure;1;nr
gsesch;1;nr
jahr;1;nr
vorallem;1;nr
geiler;1;nr
isch;1;nr
heimat;1;nr
humbert;1;nr
ganggggg;1;nr
eliane;1;nr
birtday;1;nr
jjg;1;nr
luya;1;nr
emji_saxophone;1;nom
musich;1;nr
mouii;1;nr
alète;1;nr
dlogue;1;nr
montflacon;1;nr
noircir;1;ver
house_music;1;nom
clubbers;1;nr
ravers;1;nr
organizers;1;nr
producers;1;nr
label;1;nom
owners;1;nr
colleges;1;nr
pleasure;1;nr
tinnitus;1;nr
developed;1;nr
priorities;1;nr
professionally;1;nr
leisure;1;nr
mixing;1;nr
130;1;num
shared;1;nr
malika;1;nr
emji_femme_haltérophile_peau_claire;1;nr
htag_1312;1;nr
bastard;1;nr
hin;1;nr
htag_labagarre;1;nr
conseillèire;1;nr
catégoriquement;1;adv
rahahaaa;1;nr
cuneo;1;nr
stoïque;1;adj
rembourrer;1;ver
grossophobie;1;nr
shab;1;nr
lakatsuki;1;nr
uchiha;1;nr
tombe;1;nom
emji_yoyo;1;nom
a17;1;nr
argile;1;nom
plaza;1;nom
similicuir;1;nom
luigibellotti;1;nr
booste;1;nr
enormissime;1;nr
ecclésiastique;1;adj
schafterpives;1;nr
hallelujah;1;nr
hénaurme;1;nr
ance;1;nr
daa;1;nr
poutise;1;nr
bouillabaisse;1;nom
dey;1;nom
cure_dent;1;nom
emji_basket;1;nom
jarretelle;1;nom
accuracy;1;nr
magnigique;1;nr
ké;1;nr
reconnaitre;1;nr
semestre;1;nom
biennoises;1;nr
carrel;1;nr
dénouement;1;nom
récidiver;1;ver
vnir;1;nr
throwing;1;nr
ostéopathe;1;nom
deçu;1;nr
falais;1;nr
revolée;1;nr
colaro;1;nr
gregory;1;nr
bison;1;nom
rholala;1;nr
baromètre;1;nom
yaelle;1;nr
naomi;1;nr
rateau;1;nr
supportive;1;nr
payiiiiiiiiis;1;nr
payiiiiiiiiiiis;1;nr
telment;1;nr
homelessness;1;nr
sacramento;1;nr
tackle;1;nr
eventually;1;nr
wider;1;nr
farther;1;nr
affecting;1;nr
ground;1;nom
dedicating;1;nr
onward;1;nr
government;1;nr
failing;1;nr
provide;1;nr
tents;1;nr
pillows;1;nr
inflator;1;nr
donate;1;nr
emji_pique;1;nom
engouffrer;1;ver
nyc;1;nr
manhattan;1;nom
furieusement;1;adv
preparati;1;nr
magari;1;nr
mazout;1;nom
salvaste;1;nr
deudas;1;nr
pueda;1;nr
decirte;1;nr
significas;1;nr
seguiré;1;nr
contándole;1;nr
trabajo;1;nr
emji_drapeau_géorgie_du_sud_et_les_îles_sandwich_du_sud;1;nr
ligature;1;nom
nullipare;1;nr
kakakiki;1;nr
kakakou;1;nr
kakedoodledoo;1;nr
cacacaca;1;nr
cock;1;nr
doodle;1;nr
htag_porco;1;nom_sup
guuut;1;nr
kunst;1;nr
outfits;1;nr
hhahahhahah;1;nr
sample;1;nom
willi;1;nr
régle;1;nr
charbonnier;1;adj
ecxcellent;1;nr
laurent_outan69;1;nr
katerine;1;nr
gailhohla;1;nr
grassouillé;1;nr
resumé;1;nr
tombeur;1;nom
rouflaquette;1;nom
bboys;1;nr
jeane;1;nr
ketchup;1;nom
ovosport;1;nr
cafétéria;1;nom
funebres;1;nr
poignee;1;nr
parci;1;nr
phylosophie;1;nr
redispersé;1;nr
discorde;1;nom
positivé;1;nr
perversité;1;nom
érable;1;nom
souscrire;1;ver
cerceuil;1;nr
pature;1;nr
obsèques;1;nom
neveux;1;nom
résidu;1;nom
réticence;1;nom
sabatier;1;nr
crématoriums;1;nr
afnor;1;nr
précédemment;1;adv
hésitant;1;adj
funéraire;1;adj
crcueil;1;nr
brièveté;1;nom
couver;1;ver
heriter;1;nr
édulcorer;1;ver
antivaccs;1;nr
52minutes;1;nr
rtsinfo;1;nr
diffuseur;1;nom
spiegel;1;nr
déontologique;1;adj
peyromaure;1;nr
variants;1;nr
pneux;1;nr
amplement;1;adv
vac;1;nr
diversent;1;nr
chantage;1;nom
liberticide;1;adj
habitacle;1;nom
debernardi;1;nr
soulier;1;nom
srxxxx;1;nr
prospérité;1;nom
cica;1;nr
intyamon;1;nr
impraticable;1;adj
domino;1;nom
tramekan;1;nr
encadrement;1;nom
hold_up;1;nom
incarcérer;1;ver
iota;1;nom
ragerai;1;nr
jij;1;nr
thorens;1;nr
foooormiiidable;1;nr
iconic;1;nr
annales;1;nom
kandersteg;1;nr
kanderstag;1;nr
emji_cornes_avec_les_doigts_peau_légèrement_mate;1;nr
réveillonner;1;ver
réveillon;1;nom
rabat_joie;1;adj
h3bp0;1;nr
reminds;1;nr
awfully;1;nr
hopefully;1;nr
sculpture;1;nom
filming;1;nr
somersaults;1;nr
rtsr;1;nr
antant;1;nr
lugeait;1;nr
trancher;1;ver
nickelé;1;adj
fantasque;1;adj
htag_bienheureuxestlignorant;1;nom_sup
esquimau;1;nom
embobineur;1;nr
enturbiner;1;nr
enfirouaper;1;nr
hfc;1;nr
stalingrad;1;nr
militär;1;nr
woula;1;nr
délayer;1;ver
maïzena;1;nom
fête_dieu;1;nom
cavalerie;1;nom
demi_bouteille;1;nom
écluse;1;nom
troubler;1;ver
bootlegger;1;nom
plusieus;1;nr
goretta;1;nr
gatinho;1;nr
brrron;1;nr
iceman;1;nr
salomé;1;nr
quimper;1;ver
médoc;1;nom
torpiller;1;ver
osé;1;adj
nieth;1;nr
swissmetro;1;nr
avorter;1;ver
exce;1;nr
224;1;num
deliciuse;1;nr
creeeeeme;1;nr
inttend;1;nr
téleski;1;nr
osseux;1;adj
ocl;1;nr
convalescence;1;nom
palace;1;nom
auguste;1;adj
rollier;1;nr
rentendre;1;nr
mouaip;1;nr
poivrot;1;nom
ivrogne;1;nom
starf;1;nr
éjaculation;1;nom
relisons;1;nr
barthes;1;nr
vian;1;nr
affreusement;1;adv
bisexuel;1;adj
directos;1;adv
épaisseur;1;nom
rieser;1;nr
3cm;1;nr
friday;1;nr
rediff;1;nr
carabinier;1;nom
meurons;1;nr
radioooooooo;1;nr
sussex;1;nr
htag_mansplaining;1;nom_sup
annonciateur;1;adj
psycho;1;adv
agnostique;1;adj
maïkooooo;1;nr
suffoquer;1;ver
claustrophobe;1;adj
bloguer;1;nr
pliage;1;nom
flexibilité;1;nom
thier;1;nr
postiche;1;nom
stratagème;1;nom
anonymisation;1;nr
carnaval;1;nom
invraisemblable;1;adj
p4;1;nr
nostalgieee;1;nr
référencer;1;ver
xav;1;nr
chtrouve;1;nr
geignard;1;nom
tueeee;1;nr
ahahahh;1;nr
émouvannt;1;nr
hahahhahaah;1;nr
balancement;1;nom
bolos;1;nr
agrémenter;1;ver
quinche;1;nr
avionsune;1;nr
gondole;1;nom
eduque;1;nr
demerdent;1;nr
eduqy;1;nr
genrer;1;nr
standardiser;1;nr
homms;1;nr
pincement;1;nom
qc;1;nr
expiration;1;nom
9lm;1;nr
hashtag;1;nr
htag_bidetlife;1;nom_sup
ajaha;1;nr
occidentali;1;nr
styke;1;nr
fécal;1;adj
râpeux;1;adj
exemption;1;nom
monsiiiieur;1;nr
lagaff;1;nr
demons;1;nr
suppots;1;nr
sanglot;1;nom
dépénalisation;1;nr
ivg;1;nr
desarzens;1;nr
défécation;1;nom
contourner;1;ver
confident;1;nom
xviiie;1;nr
déféquer;1;ver
jourr;1;nr
chroniquement;1;adv
contraceptions;1;nr
équitation;1;nom
socrate;1;nr
sapologue;1;nr
skiey;1;nr
styley;1;nr
butters;1;nr
hammond;1;nr
natte;1;nom
musy;1;nr
programmateur;1;nom
mottet;1;nr
trabandan;1;nr
yravers;1;nr
galoper;1;ver
funiculaire;1;nom
lugeais;1;nr
black_out;1;nom
chargement;1;nom
iceberg;1;nom
montolieu;1;nr
ferré;1;adj
ambilly;1;nr
fabien;1;nr
caledonian;1;nr
chelsea;1;nr
emji_enveloppe_avec_flèche;1;nr
contextuels;1;nr
guérison;1;nom
acento;1;nr
hablar;1;nr
cachará;1;nr
tout_puissant;1;adj
koukeri;1;nr
mordor;1;nr
tschäggättä;1;nr
immmmense;1;nr
boyau;1;nom
oooohhh;1;nr
emji_immeuble_de_bureaux;1;nom
suicidaire;1;adj
oouiuuuhhh;1;nr
malaaadi;1;nr
slui;1;nr
filmographie;1;nom
persipicasse;1;nr
maleureusement;1;nr
formatage;1;nom
brasillach;1;nr
bardèche;1;nr
definitions;1;nr
weltanschauung;1;nom
stuka;1;nom
lourdo;1;nr
pfiou;1;nr
positivons;1;nr
cafaaaaaarrddd;1;nr
sheldon;1;nr
inventrice;1;nr
darbellay;1;nr
exécuter;1;ver
puuuuteeeeeuhh;1;nr
tragiquement;1;adv
salio;1;nr
fgances;1;nr
surexposition;1;nom
radiesthesie;1;nr
foreur;1;adj
thermicien;1;nr
pac;1;nr
échangeur;1;nom
natethehoofguy;1;nr
aplique;1;nr
select;1;adj
zumiez;1;nr
website;1;nr
search;1;nr
heyyyy;1;nr
launched;1;nr
vinnent;1;nr
spensieratezza;1;nr
htag_krazystones;1;nom_sup
htag_lovelystorm;1;nom_sup
htag_carpentras;1;nom_sup
htag_vaucluse;1;nom_sup
htag_bijouteriebarrouyer;1;nom_sup
htag_carpentrasnotreville;1;nom_sup
htag_carpentras_notre_ville;1;nom_sup
requérir;1;ver
htag_largentnousgouverne;1;nr
véreux;1;adj
pfffffff;1;nr
révocatoire;1;nr
htag_mélenchon;1;nr
endormi;1;adj
secheresse;1;nr
acril;1;nr
pictures;1;nr
tattoo;1;nr
filip;1;nr
iresponsable;1;nr
alccol;1;nr
nocivité;1;nom
ritournelle;1;nom
aigüe;1;nr
troooop;1;nr
hendi;1;nr
remplient;1;nr
63ans;1;nr
verdadera;1;nr
ripped;1;nr
technical;1;nr
skiing;1;nr
footage;1;nr
turoa;1;nr
july;1;nr
neanca;1;nr
seeeee;1;nr
vabbeh;1;nr
toooiiiii;1;nr
pierrier;1;nom
levron;1;nr
finges;1;nr
saudan;1;nr
skieront;1;nr
anzere;1;nr
htag_veau;1;nom_sup
noon;1;nr
bierens;1;nr
haan;1;nr
echoes;1;nr
tdj;1;nr
jaser;1;ver
20ème;1;nr
babs;1;nr
holé;1;nr
supersonique;1;adj
emji_moins;1;nom
ecetra;1;nr
exemble;1;nr
polymanga;1;nr
dénigrement;1;nom
emji_petit_triangle_haut;1;nr
veulents;1;nr
emji_homme_dans_la_posture_du_lotus_peau_claire;1;nom
lucratif;1;adj
clouscard;1;nr
équilibrr;1;nr
séparatiste;1;adj
restreint;1;adj
féminicides;1;nr
séparatisme;1;nr
abject;1;adj
géniteur;1;nom
inquisitrices;1;nr
abonder;1;ver
insistant;1;adj
culpabilisantes;1;nr
htag_lunetteriedesrois;1;nom_sup
mikli;1;nr
put1;1;nr
warlu;1;nr
satiété;1;nom
sergent;1;nom
gratin;1;nom
carne;1;nom
patent;1;adj
tesson;1;nom
zoro;1;nr
célia;1;nr
thhh;1;nr
shanks;1;nr
eyyyyy;1;nr
macdonald;1;nr
emji_épingle;1;nr
emji_perroquet;1;nom
emji_poussin;1;nom
39k;1;nr
jherite;1;nr
gênance;1;nr
hystérique;1;adj
p0rno;1;nr
penible;1;nr
butte;1;nom
sort;1;nom
raynaud;1;nr
argovie;1;nr
omae;1;nr
shindeiru;1;nr
épater;1;ver
huhuhu;1;nr
gastomobile;1;nr
vénérable;1;adj
filon;1;nom
maritime;1;adj
opéra;1;nom
varda;1;nr
noiret;1;nr
silvia;1;nr
monfor;1;nr
espadrille;1;nom
ptesque;1;nr
yob;1;nr
nolan;1;nr
sarreyer;1;nr
mayen;1;nr
hahahaaha;1;nr
penthalaz;1;nr
carnotzet;1;nr
embrocher;1;ver
motta;1;nr
neil;1;nr
armstrong;1;nr
aubert;1;nr
tchétu;1;nr
toboggan;1;nom
flash_back;1;nom
soixantehuitards;1;nr
luins;1;nr
fiscalement;1;adv
struggling;1;nr
legendaire;1;nr
htag_summervibe;1;nom_sup
vivi;1;nr
emji_paon;1;nom
giuseppe;1;nr
frangola;1;nr
lgtps;1;nr
athlétique;1;adj
resortez;1;nr
bénévoooles;1;nr
loge;1;nom
pnl;1;nr
gala;1;nom
htag_cancerdelapeau;1;nom_sup
photosensibilisante;1;nr
ouille;1;ono
pastiche;1;nom
ahahahha;1;nr
impro;1;nom
assist;1;nr
mauraz;1;nr
aquilon;1;nom
réussi;1;adj
sectaire;1;adj
scoutes;1;nr
étienne;1;nr
cointrin;1;nr
emji_pellicule;1;nom
atteignables;1;nr
alceste;1;nr
haaaalala;1;nr
piétiner;1;ver
100persones;1;nr
pollinisation;1;nom
propulsion;1;nom
canoë;1;nom
soixante_quatorze;1;adj_num
emji_personne_barbue;1;nr
sempé;1;nr
prete;1;nr
nannnnn;1;nr
confidence;1;nom
prilly;1;nr
laccent;1;nr
macdonalderie;1;nr
balluuuuches;1;nr
leop;1;nr
navette;1;nom
thermique;1;adj
éléctrique;1;nr
éléctriques;1;nr
raffinerie;1;nom
greenwashing;1;nr
animera;1;nr
groupie;1;nom
comnent;1;nr
ecetera;1;nr
aleeeeex;1;nr
hystérie;1;nom
curieusement;1;adv
agité;1;adj
frimoussr;1;nr
formerod;1;nr
binoclard;1;adj
cfp;1;nr
non_fumeurs;1;adj
halala;1;nr
debats;1;nr
respectabilité;1;nom
deranger;1;nr
bédo;1;nr
intoxiquer;1;ver
aérer;1;ver
importuner;1;ver
sevrer;1;ver
voualaaaa;1;nr
enfumer;1;ver
évanouir;1;ver
méandre;1;nom
orbe;1;nom
poucet;1;nom
marmot;1;nom
kuche;1;nr
kirche;1;nr
concilier;1;ver
ressor;1;nr
polini;1;nr
cyto;1;nr
htag_charlesmanson;1;nom_sup
cicciolina;1;nr
ouzbek;1;nr
gabu;1;nr
tati;1;nr
clignotant;1;nom
peillonaix;1;nr
impecable;1;nr
pirate;1;nom
joyeusement;1;adv
majesté;1;nom
béhanzin;1;nr
bénin;1;adj
envoûtement;1;nom
purification;1;nom
bague;1;nom
guerri;1;nr
payement;1;nom
emji_main_avec_index_pointant_à_gauche;1;nr
229;1;num
inégalable;1;adj
sémite;1;nom
saltimbanque;1;nom
monty;1;nr
oublirons;1;nr
emji_prince;1;nom
sportsmenship;1;nr
rogy;1;nr
danke;1;nr
ischer;1;nr
guirlande;1;nom
guygnol;1;nr
strident;1;adj
frivolité;1;nom
bassiner;1;ver
arc_en_ciel;1;nom
guise;1;nom
bestah;1;nr
oohhhhhhhhh;1;nr
vraiii;1;nr
caprio;1;nr
revoter;1;ver
mafieux;1;nom
judicieux;1;adj
laitue;1;nom
collerette;1;nom
ammoniaque;1;nom
novice;1;nom
floral;1;adj
vaginée;1;nr
cep;1;nom
décéde;1;nr
longuement;1;adv
wowww;1;nr
triphon;1;nr
laideur;1;nom
oooooooh;1;nr
cathédrale;1;nom
cubique;1;adj
ouuuh;1;nr
reputé;1;nr
eloquence;1;nr
déguelasse;1;nr
à_l_instar;1;pre
bourdonnette;1;nr
cube;1;nom
efficiences;1;nr
esthétismes;1;nr
annie;1;nr
incinerer;1;nr
camaret;1;nr
4chats;1;nr
litière;1;nom
pathologique;1;adj
trash;1;nr
epeclee;1;nr
conservatoire;1;nom
farder;1;ver
untel;1;nom
altavista;1;nr
yahoo;1;nr
lycos;1;nr
indéboulonnable;1;nr
démordre;1;ver
crochon;1;nr
quignon;1;nom
wouorlde;1;nr
sid;1;nr
iz;1;nr
bigueur;1;nr
psartek;1;nr
bouillotte;1;nom
cruche;1;nom
mrs;1;nr
doubtfire;1;nr
gr0s;1;nr
alignement;1;nom
dictat;1;nr
kiev;1;nr
réfugiéexs;1;nr
holalal;1;nr
châtaigne;1;nom
choyer;1;ver
brodé;1;adj
pot_au_feu;1;nom
15eme;1;nr
polonais;1;nom
liasse;1;nom
explorateur;1;nom
négativité;1;nom
sympatiques;1;nr
apriori;1;nr
rösssssti;1;nr
froncer;1;ver
bagaaaare;1;nr
élier;1;ver
semoun;1;nr
videur;1;nom
râcler;1;nr
htag_veganfood;1;nom_sup
htag_fromagevegan;1;nom_sup
htag_stopanimalabuse;1;nom_sup
htag_stopanimalcruelty;1;nom_sup
htag_mdr;1;nom_sup
htag_lol;1;nom_sup
youhouuuuuu;1;nr
youhouhouuuuuuu;1;nr
figuré;1;adj
patriarchat;1;nr
euuuuu;1;nr
woaouu;1;nr
wokes;1;nr
favorable;1;adj
0000000;1;num
victoria;1;nom
devena;1;nr
parce_queand;1;nr
pudibond;1;adj
centrer;1;ver
penetration;1;nr
liguer;1;ver
imaginable;1;adj
voyeurisme;1;nom
reagiriez;1;nr
gore;1;adj
predictions;1;nr
surexploitation;1;nr
phenomene;1;nr
play_back;1;nom
acqudro;1;nr
regardable;1;adj
springsteen;1;nr
gyver;1;nr
bin_s;1;nom
recoucher;1;ver
ringardise;1;nom
aerny;1;nr
marty;1;nr
cuissette;1;nom
rooooooo;1;nr
titulaire;1;nom
ethnomasochiste;1;nr
etnonationalistes;1;nr
ethnolinguistiques;1;nr
prahins;1;nr
bercher;1;nr
combier;1;nr
guitar;1;nr
affilé;1;adj
congestionné;1;adj
marmaille;1;nom
emji_vélo;1;nr
cathé;1;nr
réformé;1;adj
sainf;1;nr
juliette;1;nr
textait;1;nr
htag_tribal23htag_;1;nom_sup
htag_snoooy2htag_;1;nom_sup
raquel;1;nr
aerobic;1;nr
veronique;1;nr
davina;1;nr
géniques;1;nr
whow;1;nr
emji_femme_faisant_la_roue_peau_légèrement_mate;1;nr
domages;1;nr
schaefer;1;nr
nomade;1;nom
okok;1;nr
granfather;1;nr
fire;1;nr
htag_espritdenoel;1;nr
siiiiiii;1;nr
lafesse;1;nr
htag_diab;1;nr
occulaire;1;nr
emji_homme_en_smoking;1;nom
emji_femme_avec_voile;1;nom
induise;1;nr
defait;1;nr
tavernier;1;nom
insolence;1;nom
vour;1;nr
nptk;1;nr
ahahahahhahahah;1;nr
morta;1;nr
regardeuh;1;nr
emji_homme_faisant_un_geste_d_interdiction_peau_mate;1;nom
wht;1;nr
fk;1;nr
wearing;1;nr
gianna;1;nr
nanini;1;nr
gianni;1;nr
beaauuu;1;nr
beaaauuu;1;nr
cravache;1;nom
eheh;1;nr
emji_feu_d_artifice;1;nom
vegas;1;nr
craves;1;nr
results;1;nr
argh;1;nr
bottin;1;nom
maastricht;1;nr
meil;1;nr
husse;1;nr
remerciement;1;nom
beaugosse;1;nr
13ème;1;nr
htag_pmu;1;nom_sup
htag_tiercé;1;nr
htag_courseshippiques;1;nom_sup
htag_daddy;1;nom_sup
charlie;1;nr
chaplin;1;nr
anorak;1;nom
rooooo;1;nr
attelle;1;nom
bravine;1;nr
bestialité;1;nom
farte;1;nr
noooonnnnnn;1;nr
split;1;nr
cdh;1;nr
duret;1;nr
stabilisation;1;nom
flashblack;1;nr
ancun;1;nr
trice;1;nr
bpa;1;nr
quelun;1;nr
givré;1;adj
auto_école;1;nom
taxations;1;nr
arroser;1;ver
cenovis;1;nr
plussoie;1;nr
arvine;1;nr
après_deux;1;nr
chasselas;1;nom
bron;1;nr
dry;1;adj
carnotzets;1;nr
façade;1;nom
communicant;1;nom
abstention;1;nom
conformisme;1;nom
catfishing;1;nr
scenarisée;1;nr
gosciny;1;nr
sardegna;1;nr
htag_libertedevie;1;nom_sup
moraline;1;nr
presentatrice;1;nr
diététique;1;adj
anthologique;1;nr
reux;1;nr
prostate;1;nom
scala;1;nr
franquin;1;nr
lagaffe;1;nr
gk;1;nr
kleimann;1;nr
pilet;1;nr
france2;1;nr
malrosemem;1;nr
labrador;1;nom
emji_pancarte;1;nom
tragi;1;nr
obvious;1;nr
valmont;1;nr
fronce;1;nom
impayable;1;adj
repetita;1;nr
coordonner;1;ver
gilmour;1;nr
zermatt;1;nr
irrécupérable;1;adj
péjorent;1;nr
baby_sitter;1;nom
ingérable;1;adj
boulverse;1;nr
fabulés;1;nr
sacrificiel;1;adj
emji_princesse_peau_claire;1;nom
onlyfans;1;nr
rossi;1;nr
dstrd;1;nr
cantonnier;1;nom
clodo;1;nom
poustof;1;nr
2043;1;num
budwig;1;nr
invasif;1;adj
intemporels;1;nr
jcroi;1;nr
credible;1;nr
marche;1;nom
drill;1;nom
sof;1;nr
contestation;1;nom
biribi;1;nom
bédos;1;nr
bedos;1;nr
fuslard;1;nr
inexpérimenté;1;adj
injurier;1;ver
gmt;1;nr
ormonanche;1;nr
technocratie;1;nr
européiste;1;nr
vendrent;1;nr
tertiaire;1;adj
ubz;1;nr
htag_banquescantonales;1;nom_sup
htag_creditsuisse;1;nom_sup
maintenances;1;nr
raiffeisen;1;nr
10000frs;1;nr
matematica;1;nr
economia;1;nr
condizioni;1;nr
economiche;1;nr
eccellenti;1;nr
moroccans;1;nr
natalia;1;nr
countrymates;1;nr
matchematchique;1;nr
lazreg;1;nr
3mrds;1;nr
épargnant;1;nom
inextremis;1;nr
emji_drapeau_lituanie;1;nom
intégralement;1;adv
brutalement;1;adv
veillon;1;nr
lehmann;1;nr
journalist;1;nr
puvoir;1;nr
contrasté;1;adj
chabrol;1;nr
aaaaaaaa;1;nr
négres;1;nr
tah;1;nr
acronyme;1;nom
adidas;1;nr
entonnoir;1;nom
htag_humour;1;nom_sup
etaus;1;nr
esperit;1;nr
preparation;1;nr
fouetter;1;ver
waaww;1;nr
bsahtek;1;nr
bahahaah;1;nr
ivoirienne;1;nom
negresse;1;nr
antiracisme;1;nom
logi5;1;nr
emji_homme_avec_la_paume_sur_le_visage_peau_foncée;1;nr
choquerai;1;nr
pépito;1;nr
jbai;1;nr
troller;1;nr
appelations;1;nr
heurter;1;ver
colonialisme;1;nom
déplaisant;1;adj
cocho;1;nr
mousstapha;1;nr
nergre;1;nr
brl;1;nr
hutu;1;nr
tutsi;1;nr
20aine;1;nr
noirci;1;adj
glaire;1;nom
haribo;1;nr
appellé;1;nr
qualification;1;nom
guimauve;1;nom
patrimonial;1;adj
lossbo;1;nr
villar;1;nr
gauchisme;1;nom
combattre;1;ver
villard;1;nr
ryan;1;nr
contre_productif;1;adj
benz;1;nr
calimero;1;nr
verité;1;nr
tirailleur;1;nom
sénégalais;1;nom
boatpeople;1;nr
moueulleux;1;nr
biscotte;1;nom
bananiainterdite;1;nr
rectification;1;nom
caraïbe;1;nom
indigné;1;adj
qql;1;nr
arrière_pensée;1;nom
woué;1;nr
magicarpe;1;nr
leviathor;1;nr
verticalité;1;nom
prk;1;nr
moldu;1;nr
ophtalmo;1;nr
bahahah;1;nr
def;1;nr
woooo;1;nr
fruste;1;adj
dédomagements;1;nr
suedois;1;nr
norvegiens;1;nr
ecossais;1;nr
commanditaire;1;nom
touvera;1;nr
bruma;1;nr
viceral;1;nr
invididu;1;nr
entrz;1;nr
pioche;1;nom
9701878;1;num
2036926;1;num
godwin;1;nr
aprèm;1;nom
vreuuuuument;1;nr
derange;1;nr
défendeur;1;nom
diffamation;1;nom
cèpe;1;nom
florent;1;nr
chocos;1;nr
htag_apropriationculturelle;1;nom_sup
dudot;1;nr
rai;1;nom
hypothétique;1;adj
amans;1;nr
compteur;1;nom
emji_clé;1;nr
apellation;1;nr
babtous;1;nr
traitre;1;nr
mondialement;1;adv
alternance;1;nom
maryse;1;nr
clergé;1;nom
auxilliairement;1;nr
tis;1;nr
logo;1;nom
classification;1;nom
caté;1;nom
cibler;1;ver
regilion;1;nr
islamophobie;1;nr
visée;1;nom
antisémitisme;1;nom
discrimine;1;nr
hispanique;1;adj
fourbe;1;adj
privatisation;1;nom
théophile;1;nr
viau;1;nr
dome;1;nr
chantilly;1;nom
munition;1;nom
marraine;1;nom
approfondir;1;ver
délateur;1;nom
williamgane;1;nr
william;1;nom
combattant;1;nom
lexical;1;adj
proscrire;1;ver
creation;1;nr
patisseries;1;nr
proscris;1;nr
commandant;1;nom
péjoration;1;nr
reussit;1;nr
clara;1;nr
galerie;1;nom
mascote;1;nr
informatif;1;adj
renoi;1;nr
emoji;1;nr
commass;1;nr
ngigol;1;nr
pepito;1;nr
smiley;1;nom
apeler;1;nr
negerküsse;1;nr
sigma;1;nr
sencer;1;nr
consonance;1;nom
qualiquatif;1;nr
dylan;1;nr
gâteux;1;adj
recevable;1;adj
beaucou0;1;nr
emji_main_avec_index_pointant_à_droite_peau_légèrement_mate;1;nr
batards;1;nr
détracteur;1;nom
sherlock;1;nr
ségrégation;1;nom
clarification;1;nom
réapproprié;1;nr
toubab;1;nom
irrépressible;1;adj
idi0t;1;nr
negr0;1;nr
esclavagiser;1;nr
classifier;1;ver
babtout;1;nr
iq;1;nr
législatif;1;adj
1933;1;num
social_démocrate;1;adj
allier;1;ver
affilier;1;ver
encarter;1;ver
obédience;1;nom
marxiste;1;adj
kpd;1;nr
spd;1;nr
kpo;1;nr
sap;1;nr
kampf;1;nr
sozialistische;1;nr
nsdap;1;nr
insurgé;1;nom
2k;1;nr
interprêté;1;nr
jrs;1;nr
normalisé;1;nr
techniquement;1;adv
pdv;1;nr
rgrd;1;nr
discriminés;1;nr
emji_femme_qui_marche_peau_légèrement_mate;1;nr
emji_femme_avec_canne_blanche_peau_légèrement_mate;1;nr
offensé;1;adj
mohrenkopf;1;nr
dubler;1;nr
blackpower;1;nr
dein;1;nr
negres;1;nr
dédouaner;1;ver
paragraphe;1;nom
cautionnerai;1;nr
superhéro;1;nr
malencontreusement;1;adv
negresco;1;nr
coelho;1;nr
raffy;1;nr
abroger;1;ver
senior;1;adj
salive;1;nom
grignoter;1;ver
emji_drapeau_côte_d_ivoire;1;nr
rascisme;1;nr
numide;1;nom
appelent;1;nr
goinfrant;1;nr
gateaux;1;nr
négro;1;nom
saillant;1;adj
injure;1;nom
hispanophone;1;nom
negrito;1;nr
arreterai;1;nr
déroger;1;ver
pédal;1;nom
kiffff;1;nr
comfortables;1;nr
trot;1;nom
debatable;1;nr
biraben;1;nr
benoit;1;nr
gavotte;1;nr
vendôme;1;nr
htag_taharrahim;1;nr
mariano;1;nr
b3staah;1;nr
trip3;1;nr
tr0;1;nr
av3c;1;nr
v0us;1;nr
debleudebleu;1;nr
lina;1;nr
n0staalgiie;1;nr
lachez;1;nr
v0s;1;nr
blingee;1;nr
09;1;num
wtc;1;nr
glâne;1;nr
eca;1;nr
couvrants;1;nr
bruh;1;nr
riiiicoooolaaaaa;1;nr
doper;1;ver
sacred;1;nr
flemmard;1;nom
kms;1;nr
motocyclette;1;nom
posterez;1;nr
ronflement;1;nom
resmaid;1;nr
pneumologue;1;nom
pulmonaire;1;adj
emji_dragon;1;nr
druide;1;nom
nécromant;1;nom
sutherland;1;nr
moudjahidin;1;nom
wouhaaa;1;nr
imhof;1;nr
pichard;1;nr
pétrolette;1;nom
bouvier;1;nom
maillart;1;nr
appauvrir;1;ver
beyrouth;1;nr
massala;1;nr
referaient;1;nr
comunication;1;nr
exploration;1;nom
ehlala;1;nr
emji_super_vilain_femme_peau_claire;1;nom
nazisme;1;nom
convoitir;1;nr
alliment;1;nr
année_lumières;1;nr
crop;1;nr
circles;1;nr
htag_loveconnection;1;nom_sup
affair;1;nr
lavidière;1;nr
p0rn0;1;nr
htag_astucededarons;1;nom_sup
belle_maman;1;nom
yamete;1;nr
kudasai;1;nr
neighbor;1;nr
pdp;1;nr
puppycat;1;nr
reelle;1;nr
tfaçon;1;nr
rebrousser;1;ver
paniquer;1;ver
bv;1;nr
recognizes;1;nr
killing;1;nr
entrevoir;1;ver
coloration;1;nom
htag_mechedanslescheveux;1;nom_sup
coeuuuuuuur;1;nr
bild;1;nr
senden;1;nr
frésard;1;nr
golf1;1;nr
heyyy;1;nr
tles;1;nr
bonnn;1;nr
ouala;1;nr
kakoubeh;1;nr
pagode;1;nom
acarien;1;nom
affinité;1;nom
floriane;1;nr
bdb;1;nr
graziani;1;nr
catcalling;1;nr
huer;1;ver
htag_drague;1;nom_sup
htag_harcellementderue;1;nom_sup
grabbed;1;nr
pussy;1;nr
tuture;1;nr
15mil;1;nr
romanticize;1;nr
pahlala;1;nr
gamos;1;nr
15x;1;nr
htag_metoo;1;nom_sup
eurk;1;nr
oler;1;nr
oleur;1;nr
olée;1;nr
deconsctruction;1;nr
emji_personne_avec_la_paume_sur_le_visage_peau_légèrement_mate;1;nr
réceptif;1;adj
dacia;1;nr
tiktik;1;nr
craignos;1;adj
tendax;1;nr
mdrrrrree;1;nr
breast;1;nr
feeding;1;nr
chonk;1;nr
koala;1;nom
fameu;1;nr
autistique;1;adj
emji_maracas;1;nom
salamdre;1;nr
lacher;1;nr
wahouuuuuu;1;nr
frénétique;1;adj
epoustouflant;1;nr
emji_poussin_qui_éclôt;1;nr
geni;1;nr
recommendation;1;nr
rédacteur;1;nom
aiiiiiimeuuuh;1;nr
schnyder;1;nr
baïonnette;1;nom
écaille;1;nom
eté;1;nr
emji_enseigne_de_barbier;1;nom
pentecôte;1;nom
évader;1;ver
miraculeux;1;adj
sheriff;1;nom
marijuana;1;nom
documentaliste;1;nom
janique;1;nr
gigantesque;1;adj
topisime;1;nr
eboueur;1;nr
stan;1;nr
sangria;1;nom
cougnarde;1;nr
yannou;1;nr
drip;1;nr
tantouze;1;nom
ven;1;nr
endurcisser;1;nr
endurcissaient;1;nr
vons;1;nr
sadism;1;nr
trdbl;1;nr
dragqueen;1;nr
travesti;1;nom
auc;1;nr
efféminé;1;adj
probosuantes;1;nr
twerker;1;nr
emji_personne_à_genoux;1;nr
envore;1;nr
chômages;1;nr
deplorable;1;nr
1811;1;num
anières;1;nr
planque;1;nom
votres;1;nr
lider;1;nr
reinicier;1;nr
reseurces;1;nr
réorganisation;1;nom
cyrillexv;1;nr
crique;1;nom
capitalites;1;nr
développeur;1;nom
degueulasse;1;nr
engrossés;1;nr
éwuivalent;1;nr
partiel;1;adj
féminisés;1;nr
prècaores;1;nr
secrétaire;1;nom
socio;1;adv
ingé;1;nr
jpeux;1;nr
metiers;1;nr
ramoneur;1;nom
mecano;1;nr
égalitaire;1;adj
femm;1;nr
préposition;1;nom
valerie;1;nr
ricin;1;nom
bluff;1;nom
arghhhh;1;nr
bastion;1;nom
htag_promotions;1;nr
recordó;1;nr
capítulo;1;nr
actarus;1;nr
renfermé;1;adj
gorldorak;1;nr
campement;1;nom
fentanyl;1;nr
emji_symbole_de_colère;1;nr
pools;1;nr
nobs;1;nr
tutututu;1;nr
gadoue;1;nom
mytiques;1;nr
interwievées;1;nr
patriiiick;1;nr
impérissable;1;adj
reveill;1;nr
ventripotent;1;adj
photographier;1;ver
30cms;1;nr
htag_dedieu;1;nom_sup
entité;1;nom
agender;1;nr
meillejres;1;nr
avully;1;nr
maginique;1;nr
mytchique;1;nr
délabrement;1;nom
récapitulatif;1;nom
3billets;1;nr
alma;1;nom
severiiiiiiiine;1;nr
arnaqueur;1;nom
surréalisme;1;nom
hyperréalisme;1;nom
interwiever;1;nr
huser;1;nr
golay;1;nr
galland;1;nr
christine;1;nr
monney;1;nr
tambourin;1;nom
impacté;1;nr
intempérie;1;nom
téléchargements;1;nr
localité;1;nom
lothard;1;nr
côtelette;1;nom
portalble;1;nr
grand_rue;1;nom
bosseur;1;nom
depensaient;1;nr
pognons;1;nr
rover;1;nr
quag;1;nr
charmanf;1;nr
infertile;1;adj
fortnitd;1;nr
crapule;1;nom
miezx;1;nr
virée;1;nom
frooz;1;nr
penseur;1;nom
sltpl;1;nr
colinettee;1;nr
hipster;1;nr
colinettes;1;nr
hipsters;1;nr
emji_génie_homme;1;nr
aieo;1;nr
pepino;1;nr
peppino;1;nr
rex;1;nom
importemps;1;nr
napalm;1;nom
kinckers;1;nr
emeute;1;nr
chlamydia;1;nom
hepatitis;1;nr
haahhaah;1;nr
rhololoo;1;nr
alpin;1;adj
schaouis;1;nr
pompaples;1;nr
rainbow;1;nr
viend;1;nr
mélèze;1;nom
albanaisss;1;nr
pks;1;nr
maquis;1;nom
lyan;1;nr
dardania;1;nr
beeeh;1;nr
idi;1;nr
picku;1;nr
materinu;1;nr
rujc;1;nr
endacak;1;nr
hanger;1;nr
dreqi;1;nr
definitivisht;1;nr
vella;1;nr
mos;1;nom
ruaj;1;nr
karin;1;nr
cuti;1;nom
kosove;1;nr
kosovar;1;nom
bale;1;nom
heheheh;1;nr
emji_mains_ouvertes;1;nom
soufflâmes;1;nr
bz;1;nr
septième;1;adj
teduquer;1;nr
oulaaaaa;1;nr
aspak;1;nr
shum;1;nr
lumtur;1;nr
kur;1;nr
shoh;1;nr
ket;1;nom
tani;1;nr
gjenerata;1;nr
qe;1;nr
jan;1;nr
vetem;1;nr
duke;1;nr
tymosur;1;nr
në;1;nr
cocotte;1;nom
labinot;1;nr
débarasser;1;nr
taables;1;nr
bilel;1;nr
eriah;1;nr
1201;1;num
potos;1;nom
paquisard;1;nr
sécheron;1;nr
ito;1;nr
2be3;1;nr
belluard;1;nr
professeures;1;nr
trimestre;1;nom
enrobé;1;adj
météorite;1;nom
représentativité;1;nr
préoccupant;1;adj
prévaloir;1;ver
entêtement;1;nom
rougir;1;ver
laïque;1;adj
estudiantin;1;adj
entrave;1;nom
générera;1;nr
expansion;1;nom
naturalisées;1;nr
incomber;1;ver
ladite;1;adj
mitterrand;1;nr
septennat;1;nom
moquable;1;nr
impressionée;1;nr
dégenrer;1;nr
lgbtq;1;nr
cisgenre;1;nr
locution;1;nom
wallha;1;nr
larigot;1;nom
compteb;1;nr
tepu;1;nr
walhal;1;nr
jur;1;nr
cherch;1;nr
inchallla;1;nr
attarder;1;ver
intouchable;1;adj
gangrené;1;adj
chancel;1;nom
réfractaire;1;adj
ooooooops;1;nr
préjudiciable;1;adj
rober;1;ver
survêt;1;nom
saintox;1;nr
frisé;1;adj
négationnistes;1;nr
antiscience;1;nr
clashant;1;nr
météorologue;1;nom
fve;1;nr
tolochenaz;1;nr
putzer;1;nr
15e;1;nr
naturopathe;1;nom
renouvelable;1;adj
véracité;1;nom
matthias;1;nr
seujetuser_;1;nr
mazda;1;nr
géranium;1;nom
quoicoubeuh;1;nr
aquaparc;1;nr
épistolaire;1;adj
accomodait;1;nr
emji_bagage;1;nom
mignoooon;1;nr
jppp;1;nr
torrenté;1;nr
ollon;1;nr
rebouteux;1;nom
rebeus;1;nr
pensens;1;nr
bossssss;1;nr
caillasse;1;nom
déferlement;1;nom
fashosphere;1;nr
nevím;1;nr
nevidím;1;nr
nikoho;1;nr
podpaloval;1;nr
nebo;1;nr
revolte;1;nr
respektem;1;nr
meute;1;nom
frontenex;1;nr
manette;1;nom
durand;1;nr
eeeest;1;nr
paaaaas;1;nr
rekekette;1;nr
mofa;1;nr
esch;1;nr
läbe;1;nr
bikelife;1;nr
ouaaaaah;1;nr
changééééé;1;nr
loubard;1;nom
bordèe;1;nr
connuser_utilisateurice;1;nr
éther;1;nom
réservoir;1;nom
mobilette;1;nr
120km;1;nr
bordeleur;1;nr
émigré;1;nom
immatriculer;1;ver
velomoteurs;1;nr
ronoi;1;nr
espaguin;1;nr
pablo;1;nr
escobar;1;nr
victimus;1;nr
spotted;1;nr
fiacr;1;nr
jalapenos;1;nr
décuve;1;nr
moustaffette;1;nr
zemourien;1;nr
mélanchon;1;nr
émeutier;1;nom
aquirat;1;nr
rouspéter;1;ver
brasko;1;nr
cte;1;nr
schmitt;1;nr
motaard;1;nr
plaquage;1;nom
heeee;1;nr
motocrottes;1;nr
locker;1;nr
merco;1;nr
boffff;1;nr
boucherie;1;nom
fantic;1;nr
flo;1;nr
esseye;1;nr
visé;1;adj
blocher;1;nr
esseyer;1;nr
viscéral;1;adj
lôsane;1;nr
médiatisation;1;nom
confiant;1;adj
empresser;1;ver
écueil;1;nom
sophiste;1;nom
taimes;1;nr
followes;1;nr
133;1;num
momes;1;nr
raclure;1;nom
sallaz;1;nr
cucul;1;adj
c0nn3rie;1;nr
fouteur;1;nom
elégance;1;nr
coquinerie;1;nom
lobe;1;nom
hahahahahahahahhahaah;1;nr
poirier;1;nom
valée;1;nr
rodney;1;nr
mullen;1;nr
loccomotion;1;nr
inauguration;1;nom
croisettes;1;nr
metreu;1;nr
junod;1;nr
gobet;1;nom
sous_estimation;1;nom
basilique;1;nom
didjouuu;1;nr
poiler;1;ver
lokâââle;1;nr
anney;1;nr
gosteli;1;nr
kuchol;1;nr
looool;1;nr
ong;1;nr
prur;1;nr
miauler;1;ver
pdc;1;nr
plafonnement;1;nom
voulors;1;nr
surplace;1;nom
ftp;1;nr
organizado;1;nr
limousin;1;nom
osfp;1;nr
pharmas;1;nr
orthopédistes;1;nr
opaque;1;adj
hélvetique;1;nr
fautif;1;adj
votter;1;nr
caisser;1;nr
hémicycle;1;nom
immoral;1;adj
ripoux;1;nom
grassement;1;adv
ouinouin;1;nr
dreifuss;1;nr
raptout;1;nr
causse;1;nom
foort;1;nr
mécontentement;1;nom
revoler;1;ver
éviction;1;nom
parlementaire;1;adj
pharmaceutique;1;adj
siéger;1;ver
précarisés;1;nr
ridiculement;1;adv
réindexée;1;nr
règlera;1;nr
accroître;1;ver
libéralisation;1;nom
concurrentiel;1;adj
antidépresseur;1;nom
chiche;1;ono
effe;1;nr
gruérien;1;nr
2000chf;1;nr
conséquant;1;nr
sarines;1;nr
caise;1;nr
regrouper;1;ver
subside;1;nom
htag_caisseunique;1;nom_sup
hourra;1;ono
abricotinne;1;nr
13h;1;nr
megaboss;1;nr
leve;1;nr
3h30;1;nr
emji_pêche_à_la_ligne;1;nr
entrecôte;1;nom
ail;1;nom
intestinal;1;adj
carmoln;1;nr
rabesser;1;nr
presenter;1;nr
yalannn;1;nr
enthousiasmer;1;ver
sarapo;1;nr
cerdan;1;nr
kinks;1;nr
deserved;1;nr
shamed;1;nr
soccer;1;nom
mercie;1;nr
chabat;1;nr
irak;1;nr
fote;1;nr
sommelière;1;nr
coléoptère;1;nom
htag_animalabuse;1;nr
tagine;1;nr
sauterelle;1;nom
formidablement;1;adv
vrajment;1;nr
revendicatif;1;adj
follows;1;nr
gardiste;1;nr
disparités;1;nr
hétérosexuel;1;adj
bombonails;1;nr
crachoir;1;nom
19h00;1;nr
18h00;1;nr
npc;1;nr
bodins;1;nr
surprisingly;1;nr
jcvd;1;nr
searching;1;nr
szybko;1;nr
mówi;1;nr
glass;1;nom
pretheee;1;nr
mastzrclas;1;nr
abrutissant;1;adj
pae;1;nr
tuerie;1;nom
bock;1;nom
flâner;1;ver
rêvassons;1;nr
teeeeeemps;1;nr
espriiiiiiiit;1;nr
ailleuuuuuuuuur;1;nr
eternel;1;nr
impassible;1;adj
rythmer;1;ver
maitriser;1;nr
fragmentation;1;nom
decennie;1;nr
bollé;1;nr
haahahaha;1;nr
molard;1;nom
zinzin;1;adj
comptabiliser;1;ver
ensevelissement;1;nom
crouilles;1;nr
narpi;1;nr
crouille;1;adv
htag_collector;1;nr
epouse;1;nr
caqueter;1;ver
piquette;1;nom
2kg;1;nr
hectolitre;1;nom
kil;1;nom
thierrens;1;nr
chevale;1;nr
antibio;1;nr
écrier;1;ver
sacerdoce;1;nom
lonsdale;1;nr
4paquets;1;nr
récidive;1;nom
sonde;1;nom
arnaquer;1;ver
aube;1;pre
populiste;1;adj
booooonnnn;1;nr
bns;1;nr
habilité;1;nom
habilitez;1;nr
habiliter;1;nr
habilitiez;1;nr
hotline;1;nom
indemnisation;1;nom
chiara;1;nr
dédommager;1;ver
billag;1;nr
saladier;1;nom
concrétiser;1;ver
francine;1;nr
équipage;1;nom
grounding;1;nr
chape;1;nom
séisme;1;nom
makiiiii;1;nr
migr0s;1;nr
gisèle;1;nr
battelle;1;nr
carougeois;1;nr
ficelé;1;adj
eugène;1;nr
périnée;1;nom
accroupir;1;ver
trémousser;1;ver
ufff;1;nr
2ieme;1;nr
beautée;1;nr
mexicain;1;nom
fransisco;1;nr
gonzález;1;nr
camarena;1;nr
telejournal;1;nr
fetait;1;nr
confédéré;1;adj
mott;1;nr
randonnée;1;nom
fonduuuuuuue;1;nr
cafet;1;nr
schopfer;1;nr
deglingos;1;nr
encanta;1;nr
happening;1;nom
nuuuuuuuuuuuuuuuuuuuule;1;nr
rougails;1;nr
recrées;1;nr
fifous;1;nr
mouflafondu;1;nr
metrooxxxx;1;nr
citadelle;1;nom
flandres;1;nr
tchiou;1;nr
orga;1;nr
extremefondue;1;nr
extreme;1;nr
andie;1;nr
biiiinnnn;1;nr
fannnnn;1;nr
quoikoube;1;nr
extrêmondor;1;nr
microbiote;1;nr
charleroi;1;nr
ultragauche;1;nom
flashmob;1;nr
moooort;1;nr
mv;1;nr
vitaa;1;nr
anarchy;1;nr
paramort;1;nr
matt;1;nr
thuglife;1;nr
extremefondu;1;nr
prochainement;1;adv
pourchasser;1;ver
emji_voiture_de_police;1;nom
cheezeporn;1;nr
préjent;1;nr
moiiiiiiiii;1;nr
suiiiis;1;nr
trô;1;nr
chô;1;nr
wouaah;1;nr
taggéet;1;nr
meeeec;1;nr
hadra;1;nr
avant_hier;1;adv
auuuuuuuuuuuu;1;nr
parloir;1;nom
cachot;1;nom
grisant;1;adj
emji_avion;1;nom
goulument;1;nr
noèères;1;nr
noèèèères;1;nr
rediffusion;1;nom
consacré;1;adj
droooole;1;nr
barnum;1;nom
galere;1;nr
gueulées;1;nr
milice;1;nom
export;1;nom
emji_ordinateur_de_bureau;1;nom
suie;1;nom
flux;1;nom
celeste;1;nr
sxxx;1;nr
htag_facts;1;nom_sup
bûche;1;nom
mioche;1;nom
parkopedia;1;nr
org;1;nr
carosse;1;nr
carrosse;1;nom
lcr;1;nr
naurait;1;nr
tocardland;1;nr
buches;1;nr
chaussée;1;nom
amander;1;nr
éguisé;1;nr
tiroire;1;nr
kleenex;1;nom
biensûr;1;nr
trimbaler;1;ver
boycotter;1;ver
45e;1;nr
décalé;1;adj
dupliquer;1;ver
matthieu;1;nr
avanzi;1;nr
dialectologie;1;nr
iranien;1;adj
mahmoud;1;nr
khajehbeyg;1;nr
bern;1;nr
affubler;1;ver
lamentablement;1;adv
delemont;1;nr
verdict;1;nom
miaouw;1;nr
coupler;1;ver
avancement;1;nom
pérenniser;1;nr
oubliette;1;nom
magnétique;1;adj
exhumer;1;ver
auil;1;nr
grandissant;1;adj
psychose;1;nom
deepfake;1;nr
mobilent;1;nr
immobilité;1;nom
bonifier;1;ver
rrraaahhhhh;1;nr
bratz;1;nr
brouette;1;nom
codifiés;1;nr
theme;1;nr
submerger;1;ver
écoeurant;1;adj
88ans;1;nr
susanne;1;nr
goulag;1;nom
pestouille;1;nr
grâv;1;nr
petrus;1;nr
écorce;1;nom
emji_ananas;1;nom
interlocuteur;1;nom
distinctement;1;adv
exotique;1;adj
htag_pragmatique;1;nr
ingénuité;1;nom
ouvenirs;1;nr
schlut;1;nr
recon;1;nr
emji_verre_tumbler;1;nom
nouvelliste;1;nom
bande_son;1;nom
taureau;1;nom
emji_taureau;1;nom
tanguy;1;nr
verdure;1;nom
bave;1;nom
dix_sept;1;adj_num
whim;1;nr
hélvète;1;nr
torse;1;nom
digesteur;1;nr
testicule;1;nom
traction;1;nom
emji_gant_de_boxe;1;nom
guerison;1;nr
easter;1;nr
durif;1;nr
cernier;1;nr
pillier;1;nr
péage;1;nom
emji_crayon_pastel;1;nom
emji_bouton_piste_précédente;1;nr
brrrr;1;nr
aperooooo;1;nr
rhaaa;1;nr
congélation;1;nom
plaignant;1;nom
gâterie;1;nom
boufon;1;nr
boyfriend;1;nr
striptease;1;nom
garfield;1;nr
scared;1;nr
catnapped;1;nr
spammy;1;nr
diarhée;1;nr
helvète;1;adj
pleindre;1;nr
thoughts;1;nr
perfección;1;nr
maravilha;1;nr
tré;1;nr
sanchion;1;nr
saouli;1;nr
emji_trompette;1;nom
magnífico;1;nr
felice;1;nr
anniversariu;1;nr
amicu;1;nr
basgi;1;nr
winnew;1;nr
wosher;1;nr
htag_sarcasme;1;nom_sup
somting;1;nr
alexandra;1;nom
16mm;1;nr
anou;1;nr
dédé;1;nr
épilogue;1;nom
florette;1;nr
homicide;1;nom
exeptionnel;1;nr
emji_homme_faisant_un_geste_d_acceptation_peau_claire;1;nom
garçonnet;1;nom
aw;1;nr
tatou;1;nom
crew;1;nr
anouchka;1;nr
ptêtre;1;nr
31ans;1;nr
alexindre;1;nr
luka;1;nr
heartbreaking;1;nr
5110;1;num
droz;1;nr
oenologue;1;nr
bétrisey;1;nr
inversion;1;nom
sarrasin;1;nom
marathonien;1;nom
foulée;1;nom
q976;1;nr
voi6si;1;nr
autodestruction;1;nom
agronome;1;nom
fourrage;1;nom
exhorter;1;ver
arride;1;nr
incultivable;1;adj
cafard;1;nom
adapteraient;1;nr
poffet;1;nr
autez;1;nr
abbe;1;nr
prophétique;1;adj
popys;1;nr
bradshaw;1;nr
emji_sandale_de_femme;1;nom
emji_botte_de_femme;1;nom
foliiiie;1;nr
fauch;1;nr
pepita;1;nr
matteï;1;nr
verbaliser;1;ver
emji_cacahuètes;1;nr
tempa;1;nr
dégourdir;1;ver
requérant;1;nom
dézinguer;1;ver
polièceeee;1;nr
bibou;1;nr
ariane;1;nr
allgöwer;1;nr
yeeeees;1;nr
intuition;1;nom
augoustinos;1;nr
rosewarne;1;nr
stereotype;1;nr
knowledge;1;nr
prejudice;1;nr
developmental;1;nr
psychology;1;nr
abstract;1;nr
bli;1;nr
immigrations;1;nr
attal;1;nr
maiiis;1;nr
13eme;1;nr
myserdon;1;nr
20mn;1;nr
insoumis;1;nom
pion;1;nom
farce;1;nom
featuring;1;nr
maximoum;1;nr
tools;1;nr
liberal;1;nr
demonize;1;nr
pregnant;1;nr
wowowow;1;nr
vingtième;1;adj
ssa;1;nr
sslia;1;nr
iberia;1;nr
lionel;1;nr
oex;1;nr
expérimenté;1;adj
tamt;1;nr
copilote;1;nom
livide;1;adj
5chf;1;nr
315;1;num
lolll;1;nr
300francs;1;nr
580;1;num
confetti;1;nom
rachel;1;nr
preguntas;1;nr
vean;1;nr
sobra;1;nr
tratar;1;nr
adultos;1;nr
sexualizar;1;nr
agredir;1;nr
tienes;1;nr
stam;1;nr
mignonneté;1;nr
faudrwis;1;nr
am_stram_gram;1;ono
emji_ninja_peau_légèrement_mate;1;nr
effrayer;1;ver
intensif;1;adj
htag_lachauxdefonds;1;nom_sup
indéfiniment;1;adv
servette;1;nr
éclatant;1;adj
déblayer;1;ver
rahh;1;nr
ceuxqui;1;nr
fiançailles;1;nom
xette;1;nr
journ;1;nr
repeupler;1;ver
ial;1;nr
80cm;1;nr
galère;1;nom
tarmac;1;nom
cagoule;1;nom
féérique;1;nr
carna;1;nr
peller;1;nr
emji_carte_du_japon;1;nom
ghosthing;1;nr
lombago;1;nr
youpie;1;nr
emji_femme_faisant_la_roue_peau_claire;1;nom
leggings;1;nr
vm;1;nr
truite;1;nom
papillotte;1;nr
checker;1;nr
éclais;1;nr
lilio;1;nr
bpmg;1;nr
bereal;1;nr
disere;1;nr
steph;1;nr
benladen;1;nr
exposants;1;nr
coffrage;1;nom
non_sens;1;nom
grue;1;nom
htag_cancredubitume;1;nom_sup
passada;1;nr
francês;1;nr
reponses;1;nr
saviese;1;nr
nazillon;1;nom
renflouer;1;ver
gourmandée;1;nr
alllllo;1;nr
erikson;1;nr
vestibule;1;nom
testeaient;1;nr
matricé;1;nr
52ans;1;nr
moudooooon;1;nr
rolala;1;nr
eeehh;1;nr
moudo;1;nr
stanlee;1;nr
pepe;1;nr
rambo;1;nr
ponty;1;nr
ébouillanter;1;ver
kaamelot;1;nr
qiès;1;nr
noooo;1;nr
365;1;num
sah;1;nr
jetaime;1;nr
embrun;1;nom
emji_poignée_de_main_peau_claire_et_peau_moyennement_claire;1;nr
emji_main_paume_vers_le_haut_peau_claire;1;nom
taime;1;nr
avie;1;nr
allor;1;nr
yena3lek;1;nr
yarhem;1;nr
fomek;1;nr
surkiffent;1;nr
20cm;1;nr
emji_palmier;1;nom
lentre;1;nr
goddamn;1;nr
preferences;1;nr
oreillette;1;nom
emji_handballeuse_peau_claire;1;nr
pareiiiil;1;nr
wawww;1;nr
emji_parc_national;1;nom
tooi;1;nr
tambíen;1;nr
hesse;1;nr
tresser;1;ver
yoooo;1;nr
haiiiiiis;1;nr
aiiiime;1;nr
xadar;1;nr
kayna;1;nr
noooooon;1;nr
amoreca;1;nr
sussi;1;nr
suuure;1;nr
swipe;1;nr
aout;1;nr
2h19;1;nr
angine;1;nom
trrrrrrrop;1;nr
fuxk;1;nr
finition;1;nom
current;1;nr
iooooo;1;nr
emji_santa;1;nom
fcking;1;nr
déodorant;1;nom
t3ichi;1;nr
okhty;1;nr
sameee;1;nr
ndoki;1;nr
9a7ba;1;nr
emfin;1;nr
irdi;1;nr
mok;1;nr
barbec;1;nr
okkk;1;nr
tinquiete;1;nr
depre;1;nr
zin;1;nr
étéeeeeeeee;1;nr
emji_cadenas_ouvert;1;nom
froiiiiiddd;1;nr
tahya;1;nr
likom;1;nr
frio;1;adj
neve;1;nr
gosto;1;nr
looves;1;nr
ebenso;1;nr
sick;1;nr
gcses;1;nr
eba;1;nr
sipportent;1;nr
scrolled;1;nr
verstani;1;nr
knapp;1;nr
psychopaths;1;nr
pourqoi;1;nr
wana;1;nr
wallahi;1;nr
moiiiiiiiiiiiii;1;nr
bodysummer;1;nr
gcse;1;nr
clutch;1;nr
moy;1;nr
mee;1;nr
siberie;1;nr
idaho;1;nr
offence;1;nr
sentence;1;nom
représent;1;nr
meeeeeeeeee;1;nr
eluard;1;nr
lequateur;1;nr
lete;1;nr
emji_personne_ramant_dans_une_barque;1;nom
emji_personne_faisant_du_surf;1;nom
emji_personne_jouant_au_water_polo;1;nom
emji_navire;1;nr
sibirie;1;nr
mutant;1;nom
ausssssssiiiiiiii;1;nr
reaaaaal;1;nr
vaitement;1;nr
naime;1;nr
wissen;1;nr
anwath;1;nr
introverti;1;adj
amme;1;nr
lamoure;1;nr
pcque;1;nr
5mois;1;nr
deu;1;nr
emji_foulard;1;nom
invierno;1;nr
existed;1;nr
inhumanity;1;nr
dieuuuuuu;1;nr
igcse;1;nr
perfectamente;1;nr
served;1;nr
moro;1;adj
lying;1;nr
doulingo;1;nr
bizzz;1;nr
sake;1;nr
apples;1;nr
transpiration;1;nom
emji_drapeau_afghanistan;1;nom
ando;1;nr
sufriendo;1;nr
malhereussment;1;nr
emji_flèche_activé;1;nr
summers;1;nr
experiencé;1;nr
coooooool;1;nr
roooooooo;1;nr
mateur;1;nom
pastèque;1;nom
bèrbère;1;nr
tooooo;1;nr
meskinaaa;1;nr
engoise;1;nr
revés;1;nr
foudre;1;nom
vasssssssss;1;nr
persns;1;nr
infront;1;nr
mirror;1;nr
emji_brouillard;1;nr
hates;1;nr
suffocating;1;nr
inconfortable;1;adj
payinf;1;nr
yoooooooooo;1;nr
tuu;1;nr
convince;1;nr
khti;1;nr
gha;1;nr
katkhwri;1;nr
lfo9;1;nr
kadwi;1;nr
representa;1;nr
elsa;1;nr
pretender;1;nr
opposite;1;nr
contraireeeeee;1;nr
impréssion;1;nr
yee;1;nr
entiii;1;nr
tekebri;1;nr
diri;1;nr
khimar;1;nr
tefahmi;1;nr
declarations;1;nr
nabila;1;nr
ausssiiiii;1;nr
ta3i;1;nr
tattooed;1;nr
réster;1;nr
whats;1;nr
girlfriend;1;nr
nchalah;1;nr
chams;1;nr
tmout;1;nr
oaui;1;nr
torre;1;nr
babel;1;nom
inexistente;1;nr
entendido;1;nr
nenchwa;1;nr
oooof;1;nr
practice;1;nom
tousjours;1;nr
akakkskdk;1;nr
hdar;1;nr
l3arbia;1;nr
emji_poignée_de_main_peau_moyennement_claire_et_peau_légèrement_mate;1;nr
t7ebb;1;nr
ttab3a;1;nr
mtaa;1;nr
touns;1;nr
enti;1;nr
wini;1;nr
na7na;1;nr
tab3a;1;nr
telefilm;1;nr
htag_je;1;nom_sup
sameeee;1;nr
fvckin;1;nr
wiser;1;nr
spoken;1;nr
madam;1;nr
morando;1;nr
seropedica;1;nr
fico;1;nr
adjaghn;1;nr
awa;1;nr
nanwa;1;nr
digsnt;1;nr
cmnt;1;nr
nagh;1;nr
arokht;1;nr
tgarst;1;nr
tgrazi;1;nr
dghiiiiii;1;nr
reallllll;1;nr
supportable;1;adj
hhhhhh;1;nr
soulée;1;nr
praying;1;nr
confirm;1;nr
rohi;1;nr
t3ti;1;nr
idf;1;nr
aespa;1;nr
mf;1;nr
moiii;1;nr
calor;1;nr
emji_signe_de_la_main_peau_moyennement_claire;1;nom
ew;1;nr
pvt;1;nr
ventilateur;1;nom
spawn;1;nr
biome;1;nr
entendeu;1;nr
pohha;1;nr
nenhumá;1;nr
beam;1;nr
xac;1;nr
solei;1;nr
merrrrrrrrrrrrrrrr;1;nr
reveil;1;nr
âtre;1;nom
abla;1;nr
kimsin;1;nr
nite;1;nr
karsima;1;nr
ciktin;1;nr
amk;1;nr
advil;1;nr
tilynol;1;nr
bsahteeeeeeeeek;1;nr
textbooks;1;nr
paga;1;nr
inveja;1;nr
december;1;nr
feancesa;1;nr
wlahi;1;nr
gouter;1;nr
bcz;1;nr
hotter;1;ver
conditioner;1;nr
lezards;1;nr
recrutement;1;nom
senhora;1;nr
precisa;1;nr
dum;1;nr
abraço;1;nr
mer_et;1;nr
meeee;1;nr
comfy;1;nr
emji_main_levée_peau_mate;1;nr
cares;1;nr
seasons;1;nr
whatever;1;nr
aussssiiiiii;1;nr
til;1;nr
lakoutsk;1;nr
afait;1;nr
desaccord;1;nr
rahmani;1;nr
periodttttt;1;nr
moiiiiii;1;nr
aussiiiiiii;1;nr
yeh;1;nr
bandi;1;nr
accha;1;nr
bolti;1;nr
ouiiiiiiiiiii;1;nr
pecho;1;nr
reasonable;1;nr
rational;1;nom
artartique;1;nr
sista;1;nr
zagora;1;nr
verkhoïansk;1;nr
malgrès;1;nr
inconvéniants;1;nr
mistake;1;nr
behalf;1;nr
émigrer;1;ver
vraime;1;nr
35c;1;nr
44c;1;nr
15hmaintenant;1;nr
looove;1;nr
flourish;1;nr
nuageux;1;adj
moiiiiiiiiiiii;1;nr
aussssssssi;1;nr
dégrés;1;nr
préfére;1;nr
communicate;1;nr
starter;1;nom
onglet;1;nom
entre_temps;1;adv
cleat;1;nr
environnementales;1;nr
halle;1;nom
potion;1;nom
quarantenaire;1;adj
parenrs;1;nr
acné;1;nom
mastic;1;nom
anemasse;1;nr
naftule;1;nr
crosont;1;nr
tur;1;nr
eifel;1;nr
rockyyy;1;nr
rita;1;nr
morad;1;nr
dohtag_;1;nr
aaaaaah;1;nr
compilation;1;nom
emji_bus;1;nom
imitation;1;nom
poo;1;nr
pôôô;1;nr
rossini;1;nr
tuuuuuuuuuuuu;1;nr
siren;1;nr
alarm;1;nr
argeles;1;nr
netoayai;1;nr
voitur;1;nr
rediscuté;1;nr
16h00;1;nr
nius;1;nr
mick;1;nr
jagger;1;nr
kickboxing;1;nr
weekend;1;nr
cosplayers;1;nr
visionaire;1;nr
sunrise;1;nr
guichetier;1;nom
t610i;1;nr
bugger;1;nr
ailjeurs;1;nr
mérule;1;nr
balise;1;nom
collecte;1;nom
collecter;1;ver
8go;1;nr
nombrilisme;1;nom
rooooh;1;nr
ronron;1;nom
emji_boule_à_facettes;1;nr
pockets;1;nr
écossais;1;adj
filou;1;nom
singulièrement;1;adv
pignouf;1;nom
pantaloons;1;nr
cogner;1;ver
kesa;1;nr
hakama;1;nr
sarouels;1;nr
similairement;1;adv
izar;1;nr
pagne;1;nom
revêtir;1;ver
indonésien;1;adj
retrousser;1;ver
ducon;1;nom
cully;1;nr
interpellantes;1;nr
archiveuser_utilisateurice;1;nr
milleniums;1;nr
genx;1;nr
congratulation;1;nom
magnifico;1;nr
désabonne;1;nr
réabonne;1;nr
resurgir;1;ver
flipée;1;nr
jlaime;1;nr
olsen;1;nr
rpz;1;nr
contresens;1;nom
usable;1;nr
tissage;1;nom
solidité;1;nom
tisser;1;ver
luchini;1;nr
frrroui;1;nr
emji_bouton_sos;1;nom
quoicoubeh;1;nr
parenté;1;nom
piémont;1;nom
seiras;1;nr
qvec;1;nr
sérac;1;nom
tarentaise;1;nr
jacquier;1;nom
batelier;1;nom
meillerie;1;nr
fromoooge;1;nr
navare;1;nr
papounet;1;nr
blanles;1;nr
repooas;1;nr
fromoooooge;1;nr
motte;1;nom
boueb;1;nr
6mois;1;nr
beu;1;ono
follet;1;adj
euuu;1;nr
dzozets;1;nr
polennnnte;1;nr
poleeeeeeeeente;1;nr
evolenard;1;nr
toyé;1;nr
bavare;1;nr
frouzze;1;nr
dmerde;1;nr
joual;1;nr
repâs;1;nr
chargeur;1;nom
gspr;1;nr
lilting;1;nr
disparaîtrent;1;nr
enhaut;1;nr
nécrosés;1;nr
scrupuleux;1;adj
ésclaves;1;nr
model;1;nom
auvun;1;nr
occulter;1;ver
protodiastolique;1;nr
irradiant;1;adj
insuffisance;1;nom
1954;1;num
masseratti;1;nr
blanchissement;1;nom
pomdterre;1;nr
godfather;1;nr
cotture;1;nr
genf;1;nr
fromoooooo;1;nr
ci_après;1;adv_sup
tortin;1;nr
emji_index_pointant_vers_le_haut_peau_moyennement_claire;1;nom
fromââââge;1;nr
lacccent;1;nr
couscoooous;1;nr
fonduuuuue;1;nr
legume;1;nr
writes;1;nr
donalds;1;nr
rosti;1;nr
emincé;1;nr
zurichois;1;nom
émincer;1;ver
zürichoise;1;nr
spätzli;1;nr
cert;1;nr
oignions;1;nr
harrisa;1;nr
piment;1;nom
avk;1;nr
epesse;1;nr
emji_hockey_sur_glace;1;nom
bedjuasse;1;nr
desfaye;1;nr
steven;1;nr
spielberg;1;nr
balèse;1;nr
disgusted;1;nr
cigarrette;1;nr
cuuuuute;1;nr
borderline;1;nom
whoa;1;nr
blast;1;nr
leïa;1;nr
complete;1;nr
blown;1;nr
navet;1;nom
30s;1;nr
broadcasted;1;nr
publishing;1;nr
ny;1;nr
cubicle;1;nr
movies;1;nr
dean;1;nr
carson;1;nr
flicking;1;nr
ash;1;nr
somebody;1;nr
drink;1;nom
normally;1;nr
copd;1;nr
contributing;1;nr
factor;1;nom
niece;1;nr
denny;1;nr
apparently;1;nr
cracked;1;nr
helen;1;nr
mirren;1;nr
brains;1;nr
francias;1;nr
intérprètes;1;nr
link;1;nr
hail;1;nr
hf;1;nr
waste;1;nr
emji_spectacle_vivant;1;nom
emji_étudiante;1;nr
trilogie;1;nom
popcorn;1;nr
drown;1;nr
pretentiousness;1;nr
coating;1;nr
layer;1;ver
superiority;1;nr
seem;1;nr
deeper;1;nr
lounge;1;nr
lafite;1;nr
1869;1;num
calmly;1;nr
fumando;1;nr
estúdio;1;nr
chato;1;nr
disappointed;1;nr
airplanes;1;nr
frech;1;nr
blushed;1;nr
singer;1;ver
leslie;1;nr
gores;1;nr
wrote;1;nr
naming;1;nr
quie;1;nr
arm;1;nr
seized;1;nr
veuno;1;nr
agraeghnessersh;1;nr
ghharrison;1;nr
beauties;1;nr
abolish;1;nr
goshh;1;nr
mogoff;1;nr
whaaaat;1;nr
wicked;1;nr
smaht;1;nr
impresses;1;nr
cowboy;1;nr
verdadeiramente;1;nr
moderna;1;nr
rey;1;nr
aesthetic;1;nr
unlocked;1;nr
nonchalance;1;nom
happen;1;nr
harrisoooooon;1;nr
ripley;1;nr
delahousse;1;nr
mark;1;nom
hamill;1;nr
carrier;1;nom
bouillie;1;nom
cachottier;1;nom
reperer;1;nr
wokizme;1;nr
nostagie;1;nr
resservir;1;ver
fisherparlait;1;nr
western;1;nom
jo2024;1;nr
beware;1;nr
fifth;1;nr
pissoirs;1;nr
neither;1;nr
morilleur;1;nr
tpuj5ce;1;nr
morille;1;nom
morillemafia;1;nr
aristotele;1;nr
onassis;1;nr
mi_homme;1;nom
lagerfeld;1;nr
charismatique;1;adj
cresson;1;nom
revenant;1;adj
chickentails;1;nr
ouilles;1;nr
inécoutable;1;nr
exta;1;nr
expatriation;1;nom
nainfernal;1;nr
inexplicable;1;adj
nainportequoi;1;nr
taffer;1;nr
nainology;1;nr
papotin;1;nr
nanoéthnologies;1;nr
flnj;1;nr
férocement;1;adv
chardin;1;nr
chentil;1;nr
tellllllllement;1;nr
hideux;1;adj
incroyaaaaable;1;nr
namasté;1;nr
guz;1;nr
córdoba;1;nr
kitch;1;adj
beurkkkk;1;nr
naincognito;1;nr
naincroyables;1;nr
identifies;1;nr
bru;1;nom
caradoc;1;nr
parigo;1;nr
dinch;1;nr
titi;1;nom
hahahahahahahahha;1;nr
satisfied;1;nr
presumptuous;1;nr
luckily;1;nr
character;1;nr
detected;1;nr
emji_scorpion;1;nom
ary;1;nr
boulogne;1;nr
pommade;1;nom
infidèle;1;adj
masculinistes;1;nr
masculinite;1;nr
ouuu;1;nr
pivou;1;nr
savai;1;nr
keske;1;nr
franssais;1;nr
koi;1;nr
3rd;1;nr
cré;1;ono
htag_lucien;1;nom_sup
saboter;1;ver
glode;1;nr
bombay;1;nr
emji_ouvrier;1;nom
emji_mécanicien;1;nr
perrier;1;nom
ébéniste;1;nom
affûtage;1;nom
jà;1;adv
prototype;1;nom
fukushima;1;nr
lauvergeon;1;nr
devis;1;nom
tritium;1;nom
taïshan;1;nr
cout;1;nr
extrement;1;nr
fiabilité;1;nom
debrouillarde;1;nr
léonce;1;nr
rudelle;1;nr
milodou;1;nr
ave8;1;nr
gnôleyes;1;nr
parei;1;nr
pete;1;nr
miraculé;1;nom
gnaule;1;nom
débouchage;1;nom
munir;1;ver
opinel;1;nom
bonhommiaux;1;nr
anxiogènes;1;nr
clop;1;nr
gosio;1;nr
reposter;1;nr
electriques;1;nr
telephones;1;nr
degoute;1;nr
litteralement;1;nr
carburer;1;ver
localement;1;adv
paaaaf;1;nr
hte;1;nr
pâs;1;nr
gnôôôôle;1;nr
georgy;1;nr
mmhmmmm;1;nr
epi;1;nr
nd;1;nr
raymonde;1;nr
perpignan;1;nom
profiteur;1;nom
assnosphere;1;nr
asmosmère;1;nr
èpoque;1;nr
calendes;1;nom
virgile;1;nr
géorgiques;1;nr
stratosphere;1;nr
contre_plaqué;1;nom
wirait;1;nr
italique;1;adj
piiiiire;1;nr
asnosfaire;1;nr
asmosph;1;nr
detraqiaient;1;nr
garous;1;nr
ismes;1;nr
lotto;1;nr
marthe;1;nr
villalonga;1;nr
rumatissssss;1;nr
lancement;1;nom
rumatisse;1;nr
wuand;1;nr
allègrement;1;adv
pfffffffffffffffffffff;1;nr
135;1;num
75019;1;num
géostationnaires;1;nr
360;1;num
orbite;1;nom
géostationnaire;1;adj
precises;1;nr
pseudonyme;1;nom
rancune;1;nom
intentionnellement;1;adv
1920;1;num
épiloguer;1;ver
wwooo;1;nr
cà;1;nr
asnosfère;1;nr
pousniks;1;nr
gigi;1;nr
bebette;1;nr
oi;1;nr
ruisseau;1;nom
vrac;1;nom
handicaperait;1;nr
matisses;1;nr
asmosphère;1;nr
matir;1;ver
manet;1;nr
inculture;1;nom
detraque;1;nr
tamponner;1;ver
coquillard;1;nom
rumatis;1;nr
écorché;1;adj
kanaks;1;nr
éventuel;1;adj
renouveau;1;nom
vendetta;1;nom
travaillé;1;adj
agiter;1;ver
embarras;1;nom
considérablement;1;adv
assmosfère;1;nr
simplette;1;nom
bébête;1;adj
fafa;1;nr
fabriiiiiiiiice;1;nr
chauderon;1;nr
moreillon;1;nr
soucieux;1;adj
inhaler;1;ver
larynx;1;nom
chouxx;1;nr
tricératops;1;nom
braguette;1;nom
gommette;1;nom
dérapage;1;nom
mécole;1;nr
slayeureuses;1;nr
slayent;1;nr
illégalité;1;nom
critical;1;nr
singapour;1;nr
emji_drapeau_singapour;1;nom
maiis;1;nr
lobbying;1;nom
achête;1;nr
franxais;1;nr
caillez;1;nr
implosé;1;nr
qupi;1;nr
cockpit;1;nom
sangler;1;ver
interception;1;nom
000m;1;nr
manoeuvrabilité;1;nom
positivement;1;adv
lieutenant;1;nom
pirana;1;nr
choki;1;nr
bicanal;1;nr
idéologique;1;adj
sivis;1;nr
parabellum;1;nom
aménager;1;ver
aérodrome;1;nom
crasher;1;ver
dissuasif;1;adj
bleriot;1;nr
helicos;1;nr
manpads;1;nr
crashs;1;nr
2d;1;nr
air2030;1;nr
f16;1;nr
pilonner;1;ver
matth3news;1;nr
coordonnée;1;nom
paramétrer;1;nr
rrespekt;1;nr
oradour;1;nr
azov;1;nr
kraken;1;nom
pravyi;1;nr
sektor;1;nr
diktat;1;nom
versailles;1;nr
bernanos;1;nr
orner;1;ver
eta;1;nr
0850;1;num
airborne;1;nr
3x18;1;nr
barcap;1;nr
fence;1;nr
request;1;nr
bogey;1;nr
braa;1;nr
27k;1;nr
flanking;1;nr
cvn72;1;nr
talkie;1;nom
walkie;1;nr
tx;1;nr
soixante_treize;1;adj_num
francoise;1;nr
aaaa;1;nr
gall;1;nr
461;1;num
larbines;1;nr
cheffes;1;nr
aimaaaaaableeeuu;1;nr
jérémiade;1;nom
dirigente;1;nr
touxtes;1;nr
touxyztes;1;nr
whoaaa;1;nr
estomaquer;1;ver
eugénisme;1;nom
tutoiement;1;nom
quesqui;1;nr
louze;1;nr
sacher;1;nr
implicite;1;adj
sachoir;1;nr
sourcer;1;nr
végétation;1;nom
surfers;1;nr
thoune;1;nr
wake;1;nr
kitesurf;1;nr
parapente;1;nom
naviguer;1;ver
suv;1;nr
karting;1;nom
wakeboard;1;nr
fap;1;nr
egr;1;nr
ciotat;1;nr
surfeur;1;nom
bid;1;nr
neuchâââtééél;1;nr
hawaï;1;nr
carbon;1;nr
69f;1;nr
wakesurf;1;nr
hehehe;1;nr
essstraaaaa;1;nr
adooooorrrrrre;1;nr
notelueug;1;nr
déroulement;1;nom
poivrière;1;nom
presidente;1;nr
poivrier;1;nom
emji_danseuse_peau_claire;1;nom
trompe_l_oeil;1;nom
océ;1;nr
qque;1;nr
tablée;1;nom
tongueule;1;nr
miró;1;nr
ideas;1;nr
lenvers;1;nr
sympathie;1;nom
wooden;1;nr
kenneth;1;nr
phrasés;1;nr
laineg;1;nr
tse;1;nr
hho;1;nr
00h00;1;nr
deglinguos;1;nr
ohlàlà;1;nr
danièlle;1;nr
digos;1;nr
benjamin;1;nom
button;1;nr
pousse_café;1;nom
izzli;1;nr
nøn;1;nr
assimilation;1;nom
icrem;1;nr
crepiere;1;nr
yaya;1;nr
1893;1;num
duvoisin;1;nr
danièle;1;nr
gouny;1;nr
cullayes;1;nr
réservation;1;nom
bonnar;1;nr
ofc;1;nr
fashionistas;1;nr
cognac;1;nom
ctruc;1;nr
puanteur;1;nom
sexyyyyy;1;nr
nicotiné;1;nr
rachots;1;nr
jauni;1;adj
nicotine;1;nom
enjoyyyyy;1;nr
allumette;1;nom
vapoteurs;1;nr
inabordable;1;adj
jim;1;nr
classeur;1;nom
baghera;1;nr
almanach;1;nom
lelouche;1;nr
ligament;1;nom
coatché;1;nr
masnari;1;nr
farid;1;nr
défiance;1;nom
mcgywer;1;nr
usb;1;nr
tabs;1;nr
dégainer;1;ver
passioné;1;nr
infaillible;1;adj
imbiber;1;ver
painne;1;nr
patua;1;nr
bolo;1;nr
chronopost;1;nr
domingue;1;nr
corseaux;1;nr
palpable;1;adj
populace;1;nom
orson;1;nr
wells;1;nr
compost;1;nom
compéter;1;ver
hustle;1;nr
tristitude;1;nr
collectivité;1;nom
figurer;1;ver
malo;1;nr
cache_cache;1;nom
souplesse;1;nom
namur;1;nr
tournament;1;nr
dunkerque;1;nom
sprinter;1;ver
barbichette;1;nom
turin;1;nr
calembour;1;nom
ekip;1;nr
humeure;1;nr
areriroru;1;nr
dalmatien;1;nom
surkiffe;1;nr
protègez;1;nr
salaille;1;nr
dépollué;1;nr
requin;1;nom
anna;1;nr
septiques;1;nr
ethnocentrisme;1;nr
gnangnan;1;adj
gnagnagna_gnagnagna;1;nr
demi_cylindre;1;nom
minuscule;1;adj
passagé;1;nr
ancrage;1;nom
neuroleptique;1;nom
ensuivre;1;ver
individualité;1;nom
normalité;1;nom
701;1;num
777;1;num
caprino;1;nr
dodeskaden;1;nr
htag_wikipedia;1;nom_sup
radiofrance;1;nr
franceculture;1;nr
assassinat;1;nom
declassifier;1;nr
pedo_land;1;nr
epstein;1;nr
clinton;1;nr
pedo_crate;1;nr
washington;1;nr
gazut;1;nr
visa;1;nom
oratoire;1;nom
ruth;1;nr
répugner;1;ver
oetits;1;nr
goeorge;1;nr
formalisons;1;nr
épuisette;1;nom
dégoute;1;nr
jaaaamais;1;nr
plantaire;1;adj
encre;1;nom
scare;1;nom
patauger;1;ver
linares;1;nr
discaire;1;nr
chlorer;1;ver
peure;1;nr
pipiscine;1;nr
alleeeee;1;nr
1min;1;nr
luielle;1;nr
hiiiièèèrrr;1;nr
tessiture;1;nom
paaaas;1;nr
immanquable;1;adj
bigup;1;nr
28ans;1;nr
minitel;1;nom
magouille;1;nom
raquer;1;ver
eminem;1;nr
préstance;1;nr
réappliqué;1;nr
pyongyang;1;nr
maudet;1;nr
copinage;1;nom
maxwell;1;nr
photosensible;1;adj
dermato;1;nr
detruite;1;nr
parcimonie;1;nom
rachitisme;1;nom
ostéoporose;1;nom
octocrylène;1;nr
crames;1;nr
exaxtement;1;nr
ensoleillé;1;adj
supplier;1;ver
permanement;1;nr
thermostat;1;nom
nobels;1;nr
ouhhhhh;1;nr
vaseline;1;nom
immunotherapie;1;nr
emji_thermomètre;1;nr
emji_stéthoscope;1;nr
karanja;1;nr
hou;1;ono
toastaient;1;nr
recto;1;nom
cosmétique;1;adj
bergamotier;1;nr
infusion;1;nom
bactérien;1;adj
vermifuge;1;nom
spasme;1;nom
ballonnement;1;nom
urticaire;1;nom
cutané;1;adj
eczéma;1;nom
psoriasis;1;nom
bronzantes;1;nr
almond;1;nr
oil;1;nr
sunscreen;1;nr
enomement;1;nr
melanomes;1;nr
peit;1;nr
cotolette;1;nr
crémerie;1;nom
enduir;1;nr
attester;1;ver
fédère;1;nr
géo;1;nom
quele;1;nr
jose;1;nr
sensass;1;adj
heiiin;1;nr
htag_michelrussi;1;nom_sup
freeride;1;nr
rampe;1;nom
k_way;1;nom
pascuale;1;nr
oswaldo;1;nr
nino;1;nr
breakeurs;1;nr
toxes;1;nr
miclet;1;nr
bossonnens;1;nr
batait;1;nr
chalon;1;nom
couole;1;nr
bressant;1;nr
cratz;1;nr
clebs;1;nom
sptaz;1;nr
vaïa;1;nr
miquelet;1;nr
spaziergang;1;nr
spatzen;1;nr
gatchonner;1;nr
gatchon;1;nr
gstaad;1;nr
streetparade;1;nr
hardmusic;1;nr
repuuu;1;nr
bbe;1;nr
répertorier;1;ver
dhimmis;1;nr
adoore;1;nr
déframentée;1;nr
bisch;1;nr
tawa;1;nr
quinqua;1;nom
cérémonial;1;nom
qlimax;1;nr
jaëss;1;nr
droitier;1;adj
sécateur;1;nom
proves;1;nr
éffaceur;1;nr
ancre;1;nom
effaceur;1;nom
quiet;1;adj
énigmatique;1;adj
givrins;1;nr
suffir;1;nr
exellent;1;nr
bénévolement;1;adv
meetic;1;nr
démesurément;1;adv
pouffs;1;nr
yohan;1;nr
softpower;1;nr
latent;1;adj
mégalomanie;1;nom
gausser;1;ver
échafaud;1;nom
miso;1;nr
gyne;1;nr
irréfutable;1;adj
showbiz;1;nom
cancan;1;nom
ceylan;1;nr
abomination;1;nom
poalalala;1;nr
fax;1;nom
pallllper;1;nr
imbé;1;nr
cile;1;nr
verluisant;1;nr
ruinettes;1;nr
verbier;1;nr
seigle;1;nom
briançon;1;nr
alper;1;ver
prolongé;1;adj
retravailler;1;ver
39cm3;1;nr
poudrière;1;nom
banditisme;1;nom
nivestigateurs;1;nr
aubepine;1;nr
1x48km;1;nr
84km;1;nr
chicaneurs;1;nr
saxonette;1;nr
knusel;1;nr
aclens;1;nr
courser;1;ver
regal;1;nr
branlos;1;nr
30000;1;num
blech;1;nr
bemol;1;nr
brigand;1;nom
brigander;1;ver
terrorisant;1;adj
elf;1;nr
motul;1;nr
igol;1;nr
roque;1;nom
lecoeur;1;nr
desuite;1;nr
maqiillage;1;nr
enfeeeer;1;nr
progressite;1;nr
diffamatoire;1;adj
laxismes;1;nr
poney;1;nom
bled;1;nom
pamirres;1;nr
assourdissant;1;adj
sachs;1;nr
41km;1;nr
mouillé;1;adj
maquillaient;1;nr
oskourrrr;1;nr
mozzarela;1;nr
morbier;1;nom
appenzeller;1;nr
babybel;1;nr
fol;1;adj
épi;1;nom
ordonnateur;1;nom
xkcd;1;nr
936;1;num
préconiser;1;ver
jalar;1;nr
étroitement;1;adv
ev;1;nr
festivities;1;nr
presumably;1;nr
shocking;1;adj
sexualities;1;nr
identities;1;nr
aren;1;nr
éléphant;1;nom
disgusting;1;nr
circuses;1;nr
babar;1;nr
élephantesque;1;nr
epilation;1;nr
gladiateur;1;nom
machette;1;nom
kalachnikov;1;nr
speech;1;nom
emji_poing_à_droite_peau_moyennement_claire;1;nr
rétractable;1;adj
emji_chapiteau;1;nom
roestis;1;nr
gp;1;nr
caballero;1;nom
frappant;1;adj
saillonin;1;nr
saillon;1;nr
pavanerait;1;nr
pigalle;1;nr
peuharis;1;nr
bertholet;1;nr
emji_cadre_avec_image;1;nom
rec;1;nr
pipo;1;nom
mtpb;1;nr
exit;1;ver
ramenent;1;nr
gavage;1;nom
chomage;1;nr
mobbing;1;nr
emotionnellemt;1;nr
ecosystemes;1;nr
dentaire;1;adj
affirmativement;1;adv
inutilisable;1;adj
générationnelle;1;nr
noté;1;adj
auser_utilisateurice;1;nr
crowdfunding;1;nr
logorrhée;1;nom
vomitoire;1;nom
aillant;1;nr
internat;1;nom
112;1;num
crouler;1;ver
pharmaciennes;1;nr
gélule;1;nom
sed;1;nr
hugh;1;ono
hefner;1;nr
illumination;1;nom
dru;1;adj
gastronomie;1;nom
dussolier;1;nr
tlm;1;nr
raideur;1;nom
pornstache;1;nr
phil;1;nr
spagnuolo;1;nr
engorger;1;ver
prunier;1;nom
nutritif;1;adj
recueillement;1;nom
proclamer;1;ver
1832;1;num
oecuménique;1;adj
charriote;1;nr
poulmouths;1;nr
emji_mammouth;1;nom
politico;1;adv
économico;1;nr
accentuer;1;ver
dixième;1;adj
prolétarien;1;adj
utopiste;1;nom
idéaliste;1;nom
exploitable;1;adj
tofu;1;nom
michels;1;nr
vroumvroum;1;nr
dilemme;1;nom
poulicier;1;nr
poulichier;1;nr
instagrameur;1;nr
forain;1;adj
dedjeu;1;nr
emji_homme_qui_lève_la_main;1;nr
millionaire;1;nr
mod;1;nom
nasa;1;nr
carrossier;1;nom
feuks;1;nr
anesthésier;1;ver
maréchalerie;1;nom
rentier;1;nom
rapetisser;1;ver
bâté;1;adj
woksisme;1;nr
levidence;1;nr
deconnectés;1;nr
vigne;1;nom
dousse;1;nr
gw;1;nr
nudiste;1;nom
merhaba;1;nr
surfréquentation;1;nr
veyron;1;nr
confluent;1;nom
régénérer;1;ver
enrgétiquement;1;nr
pixelisés;1;nr
chirurgicallement;1;nr
prédatuer;1;nr
xuel;1;nr
exhibo;1;nr
reclus;1;adj
sexualiser;1;ver
querría;1;nr
anciano;1;nr
desnudo;1;nr
verán;1;nr
desconocida;1;nr
desnuda;1;nr
conflens;1;nr
priser;1;ver
gonflens;1;nr
ferreyres;1;nr
nudité;1;nom
sangsue;1;nom
concern;1;nr
mãe;1;nr
gostosa;1;nr
carvalho;1;nr
papai;1;nr
filho;1;nr
laïcard;1;nr
bouse;1;nom
friperie;1;nom
faux_semblant;1;nom
japprend;1;nr
girolle;1;nom
phaloide;1;nr
vapko;1;nr
bémol;1;nom
diesel;1;nom
prescription;1;nom
nationaliste;1;adj
romance;1;nom
nationalism;1;nr
pillar;1;nr
successful;1;nr
societies;1;nr
belonging;1;nr
melanger;1;nr
gaypride;1;nr
hillibillies;1;nr
reactionary;1;nr
fascists;1;nr
capillairement;1;nr
jpplu;1;nr
boyard;1;nom
chamvre;1;nr
grossiras;1;nr
documentez;1;nr
ahhhahhah;1;nr
fleuron;1;nom
breeder;1;nr
exté;1;nr
htag_rappaz;1;nom_sup
htag_president;1;nom_sup
mochetté;1;nr
cabot;1;nom
beuh;1;adv
stewart;1;nr
bowie;1;nr
revoilà;1;pre
affût;1;nom
emji_appareil_photo_avec_flash;1;nom
absentéisme;1;nom
minikiosque;1;nr
téléphonie;1;nom
stand_by;1;nom
musculation;1;nom
estbdu;1;nr
steroid;1;nr
dopage;1;nom
pectoral;1;adj
podium;1;nom
heuu;1;nr
géopolitique;1;adj
joujou;1;nom
iv;1;nr
dog;1;nr
hamm;1;nr
zonaaards;1;nr
crachotis;1;nr
inommable;1;nr
vomitif;1;adj
shhhhhhh;1;nr
krrrrrr;1;nr
shhhhhh;1;nr
crrrrrr;1;nr
crrrr;1;nr
identifiable;1;adj
brouillé;1;adj
miteux;1;adj
emlerder;1;nr
chipotage;1;nom
enfermement;1;nom
carrelage;1;nom
glissant;1;adj
krrrrr;1;nr
crrr;1;nr
criard;1;adj
hostilité;1;nom
exprès_depuis;1;nr
zonner;1;nr
gueguerre;1;nr
similarité;1;nom
19ans;1;nr
culturer;1;nr
reacs;1;nr
diogene;1;nr
danaïdes;1;nr
cantonner;1;ver
envahissement;1;nom
isoles;1;nr
chouuuu;1;nr
rohhh;1;nr
bads;1;nr
papou;1;nom
exécrable;1;adj
naufrage;1;nom
bbk;1;nr
ggt;1;nr
c0ns;1;nr
partner;1;nom
merçiiii;1;nr
dégout;1;nr
thatcher;1;nr
hahaaa;1;nr
amennnn;1;nr
omelette;1;nom
fonsdar;1;nr
pluiusss;1;nr
fortttt;1;nr
c0ñ;1;nr
obselète;1;nr
philemon;1;nr
baucis;1;nr
pétiller;1;ver
despentes;1;nr
6ft4;1;nr
dac;1;nr
emji_poing_à_droite;1;nr
emji_poing_à_gauche;1;nr
charmeur;1;adj
agréablement;1;adv
naan;1;nr
papillonner;1;ver
créneau;1;nom
kònn;1;nr
jòj;1;nr
gign;1;nr
swat;1;nr
calibre;1;nom
enfoiré;1;nom
psyco;1;nr
fiancé;1;nom
derien;1;nr
pratiquantes;1;nr
complication;1;nom
logiqueeee;1;nr
voyer;1;nom
covoit;1;nr
1m60;1;nr
1m90;1;nr
paumé;1;adj
suinter;1;ver
elever;1;nr
inteligent;1;nr
wins;1;nr
premium;1;nom
suceur;1;nom
owhhh;1;nr
grall;1;nr
bulbe;1;nom
vss;1;nr
mysoginie;1;nr
qqu;1;nr
vain;1;adj
émoi;1;nom
crées;1;nr
juss;1;nr
baiseur;1;nom
pep;1;nom
alexhitchen;1;nr
méta;1;nom
jconnais;1;nr
ribambelle;1;nom
y9u;1;nr
egocentrique;1;nr
gadé;1;nr
serin;1;nom
reveille;1;nr
bahhaha;1;nr
omggg;1;nr
dresseur;1;nom
raslarde;1;nr
cucks;1;nr
siir;1;nr
beugler;1;ver
assomption;1;nom
panoplie;1;nom
délibérement;1;nr
frustres;1;nr
emji_vernis_à_ongles_peau_moyennement_claire;1;nr
emji_pouce_et_index_rapprochés_peau_foncée;1;nr
chegará;1;nr
mander;1;ver
blem;1;nr
réflechis;1;nr
fréquentable;1;adj
gourgandins;1;nr
fdp;1;nr
enculé;1;adj
atiser;1;nr
dragan;1;nr
gnou;1;nom
9rrato;1;nr
mzyan;1;nr
layrdi;1;nr
3lihom;1;nr
mallette;1;nom
ger;1;nr
pampers;1;nr
devoiir;1;nr
wlid;1;nr
l9a7ba;1;nr
zezeeee;1;nr
écoeures;1;nr
effigie;1;nom
pg;1;nr
geroges;1;nr
hahahahahahah;1;nr
biaiser;1;ver
mat_daramitz;1;nr
rejeté;1;adj
poti;1;nr
supprimes;1;nr
voooosssss;1;nr
mechante;1;nr
smr;1;nr
épauler;1;ver
complétude;1;nom
nso;1;nr
shaa;1;nr
salla;1;nr
alehyi;1;nr
allahumabarik;1;nr
hadith;1;nom
croyantsayant;1;nr
baaraka;1;nr
allahou;1;nr
fiki;1;nr
ate;1;nr
ahead;1;nr
georgie;1;nr
bodycount;1;nr
frai;1;nom
emerde;1;nr
pleurnichard;1;nom
querelleuses;1;nr
heeeee;1;nr
badboy;1;nr
isodensité;1;nr
amine;1;nom
ernest;1;nr
mastermind;1;nr
geoeges;1;nr
sfai;1;nr
peg;1;nr
soumi;1;nr
lower;1;nr
emji_princesse_peau_légèrement_mate;1;nr
mariable;1;adj
mle;1;nr
element;1;nr
equipe;1;nr
redorer;1;ver
blase;1;nom
sénile;1;adj
retunu;1;nr
maaaan;1;nr
maaaaan;1;nr
aaan;1;nr
aaaaaaa;1;nr
quickly;1;nr
dickly;1;nr
ummmmmmmmmm;1;nr
grippy;1;nr
areter;1;nr
mhooooo;1;nr
célib;1;nr
wooow;1;nr
pptdrrrrrr;1;nr
1mn;1;nr
pegging;1;nr
channel;1;nr
itt;1;nr
voilàaaaaaà;1;nr
jdjdkdk;1;nr
owwwww;1;nr
cooks;1;nr
lotterie;1;nr
tsuiiiiiiip;1;nr
thurman;1;nr
friendzonés;1;nr
d1m90;1;nr
ompris;1;nr
ricaner;1;ver
beaufatitude;1;nr
goated;1;nr
tromperie;1;nom
grp;1;nr
fzit;1;nr
riiiiiire;1;nr
ramper;1;ver
ally;1;nr
crown;1;nom
paternité;1;nom
chouineur;1;nr
trklllll;1;nr
trkllll;1;nr
2ans;1;nr
emji_main_levée_peau_légèrement_mate;1;nr
jdonne;1;nr
maleureusment;1;nr
tems;1;nr
evidament;1;nr
minoriter;1;nr
soulé;1;nr
plsss;1;nr
tlt;1;nr
biennnnn;1;nr
awnnn;1;nr
renaître;1;ver
desoler;1;nr
limpression;1;nr
identhique;1;nr
valorisées;1;nr
bahhhhh;1;nr
trappe;1;nom
bancal;1;adj
emji_bouton_croix;1;nom
suck;1;nr
subconscient;1;nom
dopamines;1;nr
1ncel;1;nr
défensive;1;nom
dissertation;1;nom
préferent;1;nr
pantouflard;1;adj
approbation;1;nom
uelle;1;nr
hustler;1;nr
raler;1;nr
secourir;1;ver
shaylaaaaa;1;nr
merry;1;nr
heho;1;nr
emji_personne_âgée;1;nr
jdr;1;nr
papie;1;nr
apris;1;nr
garagiste;1;nom
brühl;1;nr
republiée;1;nr
abondamment;1;adv
macha;1;nr
revieeeent;1;nr
maxence;1;nr
mesieur;1;nr
verite;1;nr
21ème;1;nr
goerge;1;nr
lauderdale;1;nr
hummmmmm;1;nr
tàche;1;nr
menageres;1;nr
sénilité;1;nom
tyl;1;nr
mechantes;1;nr
emocionado;1;nr
emji_drapeau_congo_brazzaville;1;nom
whaow;1;nr
nkebere;1;nr
swapanti;1;nr
bandayes;1;nr
munyororo;1;nr
ancetre;1;nr
totard;1;nr
mann;1;nr
cuteeee;1;nr
anaconda;1;nom
diablesse;1;nom
irespenssable;1;nr
aimanter;1;ver
méritant;1;adj
aujrd;1;nr
sobhanou;1;nr
pertemaire;1;nr
jvois;1;nr
cingrats;1;nr
rumeur;1;nom
zozo;1;nom
dohiiii;1;nr
georgette;1;nr
mciiiii;1;nr
emji_poignée_de_main_peau_foncée_et_peau_mate;1;nr
massissi;1;nr
vle;1;nr
korige;1;nr
bondie;1;nr
éden;1;nom
malabar;1;adj
koweït;1;nr
balthazar;1;nom
houla;1;nr
lexemple;1;nr
élévée;1;nr
luvunu;1;nr
pouse;1;nr
tanguer;1;ver
emji_voilier;1;nom
pitiéeee;1;nr
ingratitude;1;nom
restructuration;1;nom
déficite;1;nr
ipnotisé;1;nr
frasse;1;nr
concidère;1;nr
sexuellement;1;adv
visuellement;1;adv
ignars;1;nr
avanceras;1;nr
lisible;1;adj
négation;1;nom
possessif;1;adj
emji_homme_debout_peau_mate;1;nom
jsui;1;nr
gneugneu;1;nr
minutieusement;1;adv
borner;1;ver
acuser;1;nr
bescherel;1;nr
comprendrent;1;nr
vrmm;1;nr
tié;1;nr
friendais;1;nr
médiateur;1;nom
sottise;1;nom
islamophobes;1;nr
allahuma;1;nr
berek;1;nr
biensure;1;nr
santeria;1;nr
traun;1;nr
citoyenneté;1;nom
santería;1;nr
hostile;1;adj
bebew;1;nr
machaa;1;nr
georgs;1;nr
jackman;1;nr
goooooat;1;nr
analogie;1;nom
beuguer;1;nr
élodie;1;nr
grainer;1;ver
kannst;1;nr
nachricht;1;nr
schicken;1;nr
emji_main_avec_index_et_pouce_croisés_peau_claire;1;nr
ouej;1;nr
unilatéral;1;adj
horley;1;nr
cynique;1;adj
senvoyant;1;nr
congruent;1;nr
htag_notallmen;1;nom_sup
lauds;1;nr
detiens;1;nr
déraper;1;ver
deuxio;1;nr
autocongratulé;1;nr
1m80;1;nr
caillassage;1;nr
bigot;1;adj
perioooooooooooood;1;nr
21ans;1;nr
mamadou;1;nr
ptetre;1;nr
vaginator;1;nr
desanusseur;1;nr
agissement;1;nom
squelette;1;nom
lécheur;1;nom
ohii;1;nr
feminazis;1;nr
partick;1;nr
yarcat;1;nr
imb;1;nr
ciles;1;nr
ous;1;nr
florian;1;nr
femcels;1;nr
violemment;1;adv
sociétales;1;nr
rallier;1;ver
maladresse;1;nom
wrongs;1;nr
malmener;1;ver
bouric;1;nr
latter;1;ver
manichéens;1;nr
tirade;1;nom
incrimines;1;nr
aiutami;1;nr
crevette;1;nom
emji_beignet_de_crevette;1;nom
seppuche;1;nr
disséquer;1;ver
plátano;1;nr
deguste;1;nr
nh;1;nr
lúc;1;nr
nhà;1;nr
thanhk;1;nr
chk;1;nr
débander;1;ver
difficil;1;nr
emji_crevette;1;nom
rich;1;nr
convive;1;nom
buñuel;1;nr
htag_foodporn;1;nom_sup
choppéé;1;nr
pelé;1;adj
dévorer;1;ver
emji_stylo;1;nom
manners;1;nr
dépanner;1;ver
ravitos;1;nr
misma;1;nr
noche;1;nr
chupa;1;nr
inondation;1;nom
couter;1;nr
acrf;1;nr
aurele;1;nr
spring;1;nom
forward;1;nr
allenbach;1;nr
raymond;1;nr
zumsteg;1;nr
walter;1;nom
bertschi;1;nr
jarny;1;nr
varnel;1;nr
rtsarchive;1;nr
parquet;1;nom
glousser;1;ver
minimalisme;1;nom
gabriele;1;nr
amorth;1;nr
astrologue;1;nom
adonner;1;ver
spiritisme;1;nom
énergéticienne;1;nr
barraque;1;nr
mirianda;1;nr
congrégation;1;nom
priest;1;nr
flowers;1;nr
exociser;1;nr
gifi;1;nr
ésotérisme;1;nom
châtaigner;1;ver
timbré;1;adj
ptin;1;nr
ancetres;1;nr
déloger;1;ver
réception;1;nom
plumeau;1;nom
rebord;1;nom
prosaique;1;nr
khaled;1;nr
sablier;1;nom
198819;1;num
amant;1;nom
ieps;1;nr
ouahh;1;nr
baratin;1;nom
psychanalyste;1;nom
tourment;1;nom
sempiternellement;1;adv
assommer;1;ver
bavard;1;adj
blazant;1;nr
bach;1;nr
pomponner;1;ver
pilou;1;nom
picoulet;1;nr
valrose;1;nr
inaccessible;1;adj
mmas;1;nr
import;1;nom
mantenant;1;nr
decos;1;nr
10novembre;1;nr
épiphanie;1;nom
buissness;1;nr
etee;1;nr
guele;1;nr
décos;1;nr
mi_octobre;1;nom
oct;1;nr
2mois;1;nr
fofolle;1;adj
trignolette;1;nr
lyoba;1;nr
pernet;1;nr
gruyierien;1;nr
yntiamon;1;nr
montbovon;1;nr
jos;1;nr
verstappen;1;nr
incantation;1;nom
ñon;1;nr
reference;1;nr
interprétationsont;1;nr
bouillon;1;nom
bouilli;1;adj
euhlo;1;nr
cuissage;1;nom
haltère;1;nom
statue;1;nom
éffigie;1;nr
évocateur;1;adj
pékin;1;nom
élephant;1;nr
ébène;1;nom
bonhomie;1;nom
instillée;1;nr
etranger;1;nr
multiculturelles;1;nr
fouettard;1;adj
bali;1;nr
spéculer;1;ver
acontece;1;nr
aldeia;1;nr
viram;1;nr
leukerbad;1;nr
racisées;1;nr
stigmatisé;1;adj
instituonnalis;1;nr
disant;1;adj
loeche;1;nr
14h30;1;nr
afro_américains;1;nr
destete;1;nr
subordonné;1;nom
hanter;1;ver
ciste;1;nom
renier;1;ver
negritude;1;nr
oselés;1;nr
climbing;1;nr
riding;1;nr
sooooo;1;nr
schönste;1;nr
dieser;1;nr
planeten;1;nr
conhecido;1;nr
numa;1;nr
limitados;1;nr
trocar;1;nr
informações;1;nr
bricavasse;1;nr
nista;1;nr
nismo;1;nr
osim;1;nr
lopte;1;nr
maniobras;1;nr
newfoundland;1;nr
enrealidad;1;nr
pequeñas;1;nr
encantadaba;1;nr
htag_yogi;1;nr
htag_tcdsb;1;nr
habíamos;1;nr
trouer;1;ver
bewegung;1;nr
soziale;1;nr
kontakte;1;nr
goede;1;nr
oude;1;nr
tijden;1;nr
chaors;1;nr
solved;1;nr
facevamo;1;nr
frequentavo;1;nr
grassi;1;nr
rain;1;nom
estremità;1;nr
facevano;1;nr
girare;1;nr
cantava;1;nr
mela;1;nr
arancia;1;nr
susina;1;nr
fragola;1;nr
cenere;1;nr
kiffais;1;nr
viajé;1;nr
otrora;1;nr
risinka;1;nr
poníamos;1;nr
cubana;1;nr
cuba;1;nr
cienfuegos;1;nr
telefonów;1;nr
internetu;1;nr
migliori;1;nr
popolare;1;nr
asa;1;nom
saream;1;nr
vremea;1;nr
noastra;1;nr
telefoane;1;nr
zionists;1;nr
graciassss;1;nr
recuerdooooo;1;nr
ooooohiiii;1;nr
málaga;1;nr
andalucía;1;nr
comentado;1;nr
poniendo;1;nr
acordáis;1;nr
competitivo;1;nr
iar;1;nr
puneam;1;nr
scaune;1;nr
plays;1;nr
holidays;1;nr
allow;1;nr
aaaaaaah;1;nr
heeermosaaaa;1;nr
cuándo;1;nr
acrobate;1;nom
tanière;1;nom
realise;1;nr
tricky;1;nr
wordt;1;nr
dat;1;nr
toodos;1;nr
ganaba;1;nr
molestando;1;nr
compartíamos;1;nr
lejanamente;1;nr
moooollaaaaa;1;nr
bellaaaaa;1;nr
belgrade;1;nr
stripe;1;nr
wall;1;nr
turkiyede;1;nr
harder;1;ver
placed;1;nr
bladaa;1;nr
estoy;1;nr
alucinando;1;nr
leer;1;nr
globo;1;nr
decálogo;1;nr
equipos;1;nr
parejas;1;nr
cantar;1;nr
saltaba;1;nr
coreografía;1;nr
luv;1;nr
bishkek;1;nr
robber;1;nr
emji_drapeau_monaco;1;nr
ponían;1;nr
sobacos;1;nr
intento;1;nr
escalón;1;nr
heel;1;nr
gespeeld;1;nr
altijd;1;nr
buiten;1;nr
aan;1;nr
spelen;1;nr
longtime;1;nr
agoooo;1;nr
latik;1;nr
yilarin;1;nr
popiler;1;nr
oyunlarindandi;1;nr
domeniche;1;nr
catechismo;1;nr
wust;1;nr
divertías;1;nr
constantly;1;nr
footsies;1;nr
kneesies;1;nr
prayersies;1;nr
bahsedilen;1;nr
versiyonunu;1;nr
koymu;1;nr
tuk;1;nr
bunun;1;nr
gazoz;1;nr
kapaklar;1;nr
yere;1;nr
yerinden;1;nr
kayd;1;nr
rarak;1;nr
yass;1;nr
üst;1;nr
üste;1;nr
devirip;1;nr
tekrar;1;nr
devilmeden;1;nr
dizmeye;1;nr
çal;1;nr
elimizdeki;1;nr
çevremizdeki;1;nr
malzemelerde;1;nr
üreten;1;nr
telefon;1;nr
olmayan;1;nr
ansl;1;nr
nesillerdik;1;nr
itto;1;nr
andi;1;nr
recognize;1;nr
manchmal;1;nr
entstanden;1;nr
krasse;1;nr
zickenkriege;1;nr
zuschauerin;1;nr
oft;1;nr
genossen;1;nr
trotzdem;1;nr
sollten;1;nr
beginnen;1;nr
léon;1;nr
bailly;1;nr
helthier;1;nr
yillarda;1;nr
així;1;nr
jugava;1;nr
adri;1;nr
unser;1;nr
freizeitbeschäftigung;1;nr
considered;1;nr
intentado;1;nr
enseñarlo;1;nr
empeño;1;nr
gallina;1;nr
familian;1;nr
iban;1;nr
vendimia;1;nr
españoles;1;nr
juntaban;1;nr
alturitas;1;nr
twas;1;nr
intresting;1;nr
chamce;1;nr
plau;1;nr
dlffrerent;1;nr
eemma;1;nr
esssessa;1;nr
essessa;1;nr
brdeva;1;nr
overall;1;nr
thls;1;nr
bulgarian;1;nr
neigbourh;1;nr
oods;1;nr
emji_hommes_avec_des_oreilles_de_lapin;1;nr
emji_briquette_de_jus;1;nom
igrao;1;nr
zimi;1;nr
zami;1;nr
internationally;1;nr
gomudan;1;nr
1960th;1;nr
åååååååhhh;1;nr
jösses;1;nr
twistade;1;nr
eller;1;nr
inte;1;nr
turerna;1;nr
gick;1;nr
avslutande;1;nr
hoppen;1;nr
ett;1;nr
enda;1;nr
krånglade;1;nr
insnodda;1;nr
ställde;1;nr
huvvaligen;1;nr
duktig;1;nr
triangeln;1;nr
väl;1;nr
ändå;1;nr
utsidan;1;nr
förflyttning;1;nr
hoppsasteg;1;nr
efter;1;nr
visst;1;nr
antal;1;nr
varv;1;nr
höjdes;1;nr
knäna;1;nr
mest;1;nr
ända;1;nr
halsen;1;nr
fortfarande;1;nr
fokuserat;1;nr
sparka;1;nr
fånga;1;nr
låg;1;nr
halshögt;1;nr
pratar;1;nr
delar;1;nr
faktiskt;1;nr
sitter;1;nr
även;1;nr
tricket;1;nr
börja;1;nr
benen;1;nr
kors;1;nr
över;1;nr
precis;1;nr
såhär;1;nr
höll;1;nr
gen6;1;nr
podías;1;nr
gralam;1;nr
sevenirs;1;nr
rayos;1;nr
saltaban;1;nr
brinqué;1;nr
solas;1;nr
lieblingsschuhe;1;nr
toll;1;nr
kuala;1;nr
lumpur;1;nr
contagieux;1;adj
hs;1;nr
pulávamos;1;nr
emji_drapeau_inde;1;nom
normalnosc;1;nr
athens;1;nr
lastiho;1;nr
estoooo;1;nr
taki;1;nr
bugüne;1;nr
erse;1;nr
evrensel;1;nr
oyunmu;1;nr
yeniden;1;nr
ö;1;nr
retmemiz;1;nr
gerekiyor;1;nr
erkeklerde;1;nr
misket;1;nr
bilye;1;nr
lamppost;1;nr
sokat;1;nr
iskolában;1;nr
leg;1;nr
lányok;1;nr
és;1;nr
után;1;nr
otthon;1;nr
udvaron;1;nr
mindig;1;nr
mondtuk;1;nr
menjünk;1;nr
gumizni;1;nr
tehdej;1;nr
ím;1;nr
tato;1;nr
hrála;1;nr
fissurer;1;ver
tbn;1;nr
liceo;1;nr
playes;1;nr
contábamos;1;nr
patinaba;1;nr
cera;1;nr
frente;1;nr
cayó;1;nr
premio;1;nr
dar;1;nr
ustedes;1;nr
atrincáis;1;nr
extinción;1;nr
métrise;1;nr
móvilea;1;nr
emji_drapeau_égypte;1;nr
pedía;1;nr
abuelita;1;nr
costurero;1;nr
berline;1;nom
berlons;1;nr
habéis;1;nr
acordar;1;nr
besos;1;nr
goomy;1;nr
colocaba;1;nr
elásticasen;1;nr
sollas;1;nr
realize;1;nr
area;1;nom
úristen;1;nr
ilyen;1;nr
csak;1;nr
mentalmente;1;nr
trato;1;nr
pisar;1;nr
líneas;1;nr
grammar;1;nr
figured;1;nr
chinatown;1;nr
atábamos;1;nr
señal;1;nr
bardzo;1;nr
popularna;1;nr
pocz;1;nr
tku;1;nr
lat;1;nr
gdy;1;nr
dzieckiem;1;nr
urodzi;1;nr
roku;1;nr
przerwa;1;nr
przeskakana;1;nr
gumie;1;nr
patterns;1;nr
mainly;1;nr
frankly;1;nr
throughout;1;nr
notional;1;nr
turns;1;nr
carefree;1;nr
elefante;1;nr
strafantasticooooo;1;nr
acaba;1;nr
hangi;1;nr
avrupa;1;nr
asturias;1;nr
atabamos;1;nr
guardabarros;1;nr
joyait;1;nr
enkelkinder;1;nr
gezeigt;1;nr
chickle;1;nr
chikle;1;nr
holalala;1;nr
appears;1;nr
ostras;1;nr
én;1;nr
cerceau;1;nom
increasingly;1;nr
dwl;1;nr
ejercitarnos;1;nr
hacernos;1;nr
occupied;1;nr
happier;1;nr
healthier;1;nr
resilient;1;nr
generational;1;nr
zimzamzoum;1;nr
playd;1;nr
county;1;nr
funn;1;nr
deien;1;nr
hadn;1;nr
keeper;1;nr
reintroduced;1;nr
modern;1;nr
moroccoo;1;nr
kidsss;1;nr
gsie;1;nr
indonésie;1;nr
alucinante;1;nr
encantana;1;nr
juagar;1;nr
llamabais;1;nr
vosotras;1;nr
chulos;1;nr
escuelas;1;nr
aproximadamente;1;nr
queríamos;1;nr
adoooorais;1;nr
sentía;1;nr
torpe;1;nr
quedaba;1;nr
demás;1;nr
enhanced;1;nr
mathematical;1;nr
created;1;nr
friendships;1;nr
dealt;1;nr
friction;1;nom
solving;1;nr
amongst;1;nr
htag_funtime;1;nr
htag_playground;1;nr
uluslararas;1;nr
bilmiyordum;1;nr
vazgeçilmez;1;nr
evinden;1;nr
ini;1;nr
eksik;1;nr
etmeyen;1;nr
bizler;1;nr
vard;1;nr
çocuklardan;1;nr
yeti;1;nom
kinlerden;1;nr
insanl;1;nr
ald;1;nr
bizden;1;nr
malesef;1;nr
payla;1;nr
için;1;nr
anlaml;1;nr
gerçekten;1;nr
beeee;1;nr
peki;1;nr
hiç;1;nr
yetti;1;nr
yav;1;nr
rlar;1;nr
necesitabamos;1;nr
finished;1;nr
partizans;1;nr
germans;1;nr
glued;1;nr
selfies;1;nr
padrísimo;1;nr
acabo;1;nr
desbloquear;1;nr
sujetando;1;nr
connecting;1;nr
bag;1;nr
runner;1;nr
serem;1;nr
toate;1;nr
fetele;1;nr
jucau;1;nr
nivele;1;nr
dificile;1;nr
vacan;1;nr
stateam;1;nr
toat;1;nr
ziua;1;nr
afar;1;nr
ceam;1;nr
campionat;1;nr
draai;1;nr
ellas;1;nr
cantando;1;nr
levantarla;1;nr
salte;1;nr
piedra;1;nr
brincabamos;1;nr
recoger;1;nr
joining;1;nr
hiper;1;nr
carino;1;nr
saconnex;1;nr
migliore;1;nr
koha;1;nr
qen;1;nr
farida;1;nr
90er;1;nr
2000er;1;nr
ferien;1;nr
nordmazedonien;1;nr
erfunden;1;nr
wieso;1;nr
gekannt;1;nr
reihenweise;1;nr
abknöpfen;1;nr
diesbezüglich;1;nr
wunderbar;1;nr
chgitem;1;nr
incha;1;nr
bajc;1;nr
chishta;1;nr
jerani;1;nr
jamanak;1;nr
división;1;nr
zeker;1;nr
bij;1;nr
nagedacht;1;nr
werd;1;nr
wel;1;nr
leuke;1;nr
herinneringen;1;nr
nochmal;1;nr
sehen;1;nr
libya;1;nr
zamanlardi;1;nr
özledim;1;nr
volvió;1;nr
chistoso;1;nr
pantimedias;1;nr
usadas;1;nr
vivimos;1;nr
fanatica;1;nr
tabouret;1;nom
esooooo;1;nr
feels;1;nr
pouvaot;1;nr
utilizzando;1;nr
gamba;1;nr
tavolo;1;nr
wabbling;1;nr
gruesa;1;nr
socializacion;1;nr
diversión;1;nr
amistad;1;nr
tolerancia;1;nr
frustracion;1;nr
jokari;1;nom
emji_drapeau_tchad;1;nom
chaildhood;1;nr
venganza;1;nr
matanza;1;nr
aprenden;1;nr
criminales;1;nr
secondary;1;nr
vieja;1;nr
caído;1;nr
italiy;1;nr
everyones;1;nr
lean;1;nr
honed;1;nr
indian;1;nr
bhutan;1;nr
venido;1;nr
konnte;1;nr
genug;1;nr
bekommen;1;nr
holzbotten;1;nr
swear;1;nr
suture;1;nom
fracture;1;nom
malawi;1;nr
chegou;1;nr
alcancé;1;nr
eské;1;nr
republice;1;nr
ád;1;nr
velmi;1;nr
bavila;1;nr
tirábamos;1;nr
pandillas;1;nr
serán;1;nr
únicos;1;nr
auténticos;1;nr
tablet;1;nr
aburren;1;nr
desastre;1;nr
leí;1;nr
mensajes;1;nr
quedé;1;nr
sorprendida;1;nr
unintentionally;1;nr
wire;1;nr
entendo;1;nr
destreza;1;nr
omggggg;1;nr
pleeeeeeease;1;nr
bendita;1;nr
obvio;1;nr
cansaba;1;nr
definitivamente;1;nr
aseguro;1;nr
desarrolllo;1;nr
bommmmm;1;nr
colorado;1;nr
moja;1;nr
najbardziej;1;nr
ulubiona;1;nr
jako;1;nr
dzieciak;1;nr
comparing;1;nr
excelencia;1;nr
widly;1;nr
among;1;nr
jessica;1;nr
ax;1;nr
între;1;nr
pentru;1;nr
coordinan;1;nr
yaaa;1;nr
gözlerim;1;nr
doldu;1;nr
yan;1;nr
sokakta;1;nr
tomabamos;1;nr
estuviera;1;nr
corrido;1;nr
brindaba;1;nr
nivel;1;nr
físico;1;nr
emocional;1;nr
inteligencia;1;nr
ofrecida;1;nr
tablets;1;nr
computadoras;1;nr
tecnológico;1;nr
erradicar;1;nr
período;1;nr
etario;1;nr
frenar;1;nr
decadencia;1;nr
salud;1;nr
milenials;1;nr
centenials;1;nr
clásicos;1;nr
incansable;1;nr
estiraban;1;nr
rapidito;1;nr
baratas;1;nr
meet;1;nr
heal;1;nr
emji_drapeau_république_dominicaine;1;nr
skákanie;1;nr
cez;1;nr
merienda;1;nr
psicomotricidad;1;nr
trajo;1;nr
tampoco;1;nr
busqué;1;adj
volvieron;1;nr
syria;1;nr
infinidad;1;nr
sorprende;1;nr
comprobar;1;nr
disponer;1;nr
globalidad;1;nr
aportado;1;nr
dónde;1;nr
entretenía;1;nr
ejercitaba;1;nr
pailleter;1;ver
cromos;1;nr
chihuahua;1;nom
credeam;1;nr
juca;1;nr
adev;1;nr
aveam;1;nr
acelea;1;nr
obiceiuri;1;nr
habrá;1;nr
jajajjajaj;1;nr
chilena;1;nr
ambos;1;nr
roto;1;nom
sacarnos;1;nr
taco;1;nom
enredara;1;nr
moviments;1;nr
joven;1;nr
obesa;1;nr
bavaria;1;nr
gummihupfa;1;nr
pergunto;1;nr
jardim;1;nr
esperança;1;nr
possível;1;nr
esooo;1;nr
uffff;1;nr
competitive;1;nr
payed;1;nr
scotia;1;nr
querías;1;nr
wawo;1;nr
geeeente;1;nr
alrededor;1;nr
tomando;1;nr
sooooolll;1;nr
cameroon;1;nr
pispion;1;nr
chala;1;nr
calcetín;1;nr
omgggggggggg;1;nr
tirar;1;nr
razlog;1;nr
zbog;1;nr
ega;1;nr
nisu;1;nr
debela;1;nr
regeln;1;nr
verstehe;1;nr
zugucken;1;nr
70ger;1;nr
gehüpft;1;nr
daß;1;nr
gumitwist;1;nr
lithuanian;1;nr
goeie;1;nr
ouwe;1;nr
immediately;1;nr
mailman;1;nr
raised;1;nr
schiappa;1;nr
normas;1;nr
objetivo;1;nr
explica;1;nr
gustar;1;nr
méchâtes;1;nr
liyame;1;nr
vilka;1;nr
minnen;1;nr
best_of;1;nom
langosta;1;nr
valencia;1;nr
ole;1;nr
noooossaaaa;1;nr
infâcia;1;nr
ejercitabas;1;nr
habilidades;1;nr
desgracia;1;nr
dobro;1;nr
ygoslavija;1;nr
vaaaaaaaa;1;nr
husker;1;nr
godt;1;nr
hvordan;1;nr
lagde;1;nr
regler;1;nr
lekte;1;nr
strikken;1;nr
spending;1;nr
shore;1;nr
prohibido;1;nr
llevar;1;nr
huntington;1;nr
gioventù;1;nr
recessie;1;nr
belgian;1;nr
elementaryschool;1;nr
tripped;1;nr
elasticiteit;1;nr
broken;1;nr
dentist;1;nr
repair;1;nr
replacement;1;nom
fifthies;1;nr
holds;1;nr
strictly;1;nr
unite;1;nr
hump;1;nr
gomu;1;nr
hooked;1;nr
mannnnn;1;nr
vejam;1;nr
viam;1;nr
obesas;1;nr
ativas;1;nr
annes;1;nr
ossessione;1;nr
lunch;1;nom
abrasioni;1;nr
ginocchia;1;nr
forgott;1;nr
sling;1;nr
lan;1;nr
taket;1;nr
dagen;1;nr
snøen;1;nr
forsvant;1;nr
etter;1;nr
vinteren;1;nr
kunne;1;nr
fram;1;nr
småsko;1;nr
hoppe;1;nr
gata;1;nr
tunet;1;nr
tänk;1;nr
mycket;1;nr
detta;1;nr
sjecate;1;nr
ovoga;1;nr
prstica;1;nr
sve;1;nr
cipele;1;nr
imale;1;nr
udubljenje;1;nr
crtu;1;nr
peti;1;nr
tror;1;nr
steg;1;nr
ännu;1;nr
dwa;1;nr
caímos;1;nr
nannten;1;nr
vedendo;1;nr
ricordato;1;nr
caviglie;1;nr
procedeva;1;nr
facili;1;nr
quelli;1;nr
complessi;1;nr
vitalità;1;nr
compagnia;1;nr
emji_drapeau_uruguay;1;nr
isle;1;nr
emji_drapeau_île_de_man;1;nr
sautiller;1;ver
igrala;1;nr
koli;1;nr
kod;1;nr
sestrama;1;nr
beli;1;nr
sadly;1;nr
pomeriggi;1;nr
caprichos;1;nr
daki;1;nr
tor;1;nr
demek;1;nr
compèt;1;nr
cyprus;1;nr
craze;1;nr
flipped;1;nr
knuckle;1;nr
shaped;1;nr
pieces;1;nr
remote;1;nr
stuff;1;nr
grown;1;nr
extendido;1;nr
clásico;1;nr
professionista;1;nr
compar;1;nr
reventado;1;nr
emoción;1;nr
pflicht;1;nr
hosentasche;1;nr
gerade;1;nr
tochter;1;nr
gekauft;1;nr
hinkepinke;1;nr
cult;1;nr
bolsillo;1;nr
cualquier;1;nr
sitio;1;nr
partition;1;nom
fel;1;nr
numea;1;nr
barrier;1;nr
anchiooooo;1;nr
radiateur;1;nom
alll;1;nr
habia;1;nr
él;1;nr
cargados;1;nr
extraescolares;1;nr
deportivas;1;nr
kul;1;nr
fingers;1;nr
wrist;1;nr
hold;1;nr
proper;1;nr
gymnasts;1;nr
70es;1;nr
lycee;1;nr
yess;1;nr
beatifull;1;nr
siiiiiiii;1;nr
combos;1;nr
dothers;1;nr
grateful;1;nr
cinta;1;nr
buenísimo;1;nr
tam_tam;1;nom
adoraba;1;nr
dispuesta;1;nr
overweighted;1;nr
ccp;1;nr
individuals;1;nr
fascinating;1;nr
quartieri;1;nr
pieni;1;nr
jaaaa;1;nr
freien;1;nr
systematic;1;nr
continued;1;nr
concentrazione;1;nr
energia;1;nr
warst;1;nr
creio;1;nr
kiffant;1;nr
grandchildren;1;nr
thos;1;nr
comenzó;1;nr
weisst;1;nr
rumänien;1;nr
plyometrics;1;nr
gott;1;nr
neighbourhoods;1;nr
notice;1;nom
shall;1;nr
weight;1;nr
build;1;nr
adulterated;1;nr
houer;1;ver
cortile;1;nr
divertiva;1;nr
cadeira;1;nr
prá;1;nr
iceland;1;nr
icelandic;1;nr
teygjutvist;1;nr
azores;1;nr
islands;1;nr
atlantic;1;nr
lane;1;nr
adelante;1;nr
1st;1;nr
6th;1;nr
benissimo;1;nr
pianoter;1;ver
rainha;1;nr
tunidia;1;nr
siblings;1;nr
aeróbico;1;nr
resistencia;1;nr
agilidad;1;nr
competitividad;1;nr
els;1;nr
anys;1;nr
mare;1;nom
meua;1;nr
vegades;1;nr
hauré;1;nr
jugat;1;nr
third;1;nr
tying;1;nr
équateur;1;nom
gumy;1;nr
przerwie;1;nr
gøy;1;nr
69ern;1;nr
79ern;1;nr
cantaban;1;nr
amiche;1;nr
mettendo;1;nr
gambe;1;nom
preferidos;1;nr
ciment;1;nom
disfruté;1;nr
rewarding;1;nr
eleição;1;nr
unknown;1;nr
turkmenistan;1;nr
gooooo;1;nr
baleze;1;nr
jahrelang;1;nr
neue;1;nr
taktik;1;nr
springen;1;nr
piso;1;nr
jajajajajaja;1;nr
hill;1;nr
darjeeling;1;nr
chain;1;nr
interlocked;1;nr
fondest;1;nr
logrado;1;nr
perfeccionarme;1;nr
paracticaba;1;nr
llegue;1;nr
poner;1;nr
abuelo;1;nr
sujetar;1;nr
tendrían;1;nr
niñuser_utilisateurice;1;nr
aveces;1;nr
ataba;1;nr
árboles;1;nr
requería;1;nr
ensayaba;1;nr
perfeccionadas;1;nr
acordado;1;nr
tí;1;nr
espagnoke;1;nr
échales;1;nr
weiß;1;nr
denn;1;nr
sprüche;1;nr
allen;1;nr
sprachen;1;nr
sacco;1;nr
emji_homme_faisant_la_roue_peau_claire;1;nr
unlike;1;nr
nowdays;1;nr
seating;1;nr
military;1;nr
nije;1;nr
uvijek;1;nr
dobra;1;nr
stara;1;nr
obozavaala;1;nr
igrati;1;nr
5min;1;nr
chilhood;1;nr
communist;1;nr
1960er;1;nr
1970et;1;nr
neighbour;1;nr
jamás;1;nr
dolió;1;nr
dedo;1;nr
sautillement;1;nom
mueven;1;nr
dedos;1;nr
teclas;1;nr
pasada;1;nr
estudiante;1;nr
bédé;1;nom
passate;1;nr
fiato;1;nr
tuttuja;1;nr
logre;1;nr
vejo;1;nr
jovens;1;nr
neglia;1;nr
strada;1;nr
sowohl;1;nr
unterrichtspause;1;nr
nachmittag;1;nr
nachbarschaft;1;nr
cellular;1;nom
genders;1;nr
zoezoe;1;nr
dscuela;1;nr
dn;1;nr
enganchaba;1;nr
enbla;1;nr
ventana;1;nr
baranda;1;nr
placeta;1;nr
mist;1;nr
caribbean;1;nr
certainly;1;nr
brlstr;1;nr
gecemedim;1;nr
galiba;1;nr
vermelho;1;nr
brincaban;1;nr
named;1;nr
moça;1;nr
sapateado;1;nr
kjekkeste;1;nr
muitp;1;nr
norwegian;1;nr
nieba;1;nr
frustração;1;nr
lovvo;1;nr
léane;1;nr
nejlep;1;nr
í;1;nr
zábava;1;nr
mohla;1;nr
eská;1;nr
republika;1;nr
unimos;1;nr
quitaba;1;nr
losbfrascos;1;nr
compita;1;nr
jejej;1;nr
unian;1;nr
enpezaba;1;nr
odiavo;1;nr
profondamente;1;nr
nadaaaaaa;1;nr
jajajja;1;nr
quice;1;nr
enseñarle;1;nr
algún;1;nr
encontré;1;nr
slightly;1;nr
talache;1;nr
alumnos;1;nr
tradicionales;1;nr
hayan;1;nr
schoene;1;nr
amooooo;1;nr
jiego;1;nr
ricordiiiiiii;1;nr
rda;1;nr
doutra;1;nr
bonetería;1;nr
probaban;1;nr
colores;1;nr
shitttttt;1;nr
sanidad;1;nr
três;1;nr
subia;1;nr
puerta;1;nr
quedábamos;1;nr
under;1;nr
en1968;1;nr
aproximadamamente;1;nr
traz;1;nr
dentes;1;nr
partidos;1;nr
chão;1;nr
purchased;1;nr
yesterday;1;nr
recreate;1;nr
worried;1;nr
emji_drapeau_biélorussie;1;nr
elàstico;1;nr
emji_drapeau_pays_bas;1;nom
entrete;1;nr
hizo;1;nr
frikvarterer;1;nr
huemul;1;nr
stgo;1;nr
fever;1;nr
ejercitar;1;nr
resolver;1;nr
cero;1;nr
pantalla;1;nr
jersey;1;nom
athleticism;1;nr
fraternisait;1;nr
practicando;1;nr
sabría;1;nr
organizar;1;nr
acabar;1;nr
muuuuchoooos;1;nr
entrado;1;nr
removido;1;nr
skakania;1;nr
dedinho;1;nr
pequena;1;nr
pisando;1;nr
enrolando;1;nr
saindo;1;nr
campionessa;1;nr
heb;1;nr
jaren;1;nr
animaría;1;nr
sip;1;nr
oficial;1;nr
yugoslavian;1;nr
stiplu;1;nr
desses;1;nr
telemóveis;1;nr
sociais;1;nr
distrair;1;nr
duas;1;nr
mesma;1;nr
racism;1;nr
bothered;1;nr
loneliness;1;nr
afro;1;adj
muistan;1;nr
souveniiiiiiirs;1;nr
concrete;1;nr
partners;1;nr
estati;1;nr
salutare;1;nr
comiamos;1;nr
rapido;1;nr
perdemos;1;nr
voltarmos;1;nr
passar;1;nr
margem;1;nr
tejo;1;nr
cresci;1;nr
saudosos;1;nr
plaing;1;nr
deveria;1;nr
voltar;1;nr
escolas;1;nr
educação;1;nr
instrumento;1;nr
recreação;1;nr
desenvolvimento;1;nr
saíram;1;nr
daquele;1;nr
vício;1;nr
válvula;1;nr
escape;1;nom
virtualmente;1;nr
skinaki;1;nr
nekada;1;nr
davno;1;nr
igrale;1;nr
nederland;1;nr
lagere;1;nr
tussen;1;nr
emji_drapeau_kirghizstan;1;nr
asia;1;nr
élastic;1;nr
buying;1;nr
pertinens;1;nr
vietato;1;nr
guai;1;nr
sorpreso;1;nr
sappiano;1;nr
môjho;1;nr
detstva;1;nr
riproposto;1;nr
forse;1;nr
ragazzini;1;nr
lascerebbero;1;nr
pò;1;nr
trababa;1;nr
zapato;1;nr
milhares;1;nr
maravilhosas;1;nr
melhorando;1;nr
desafios;1;nr
respetaba;1;nr
tomer;1;ver
turnos;1;nr
tocaba;1;nr
aplica;1;nr
geniales;1;nr
grupales;1;nr
effortlessly;1;nr
regularmente;1;nr
encantabaaa;1;nr
schiacciavo;1;nr
ascelle;1;nr
greeks;1;nr
fooooolllle;1;nr
shoulduser_utilisateurice;1;nr
primas;1;nr
vecinas;1;nr
educación;1;nr
realizábamos;1;nr
madres;1;nr
abuelas;1;nr
unuser_;1;nr
bkn;1;nr
sacarse;1;nr
cresta;1;nr
proceso;1;nr
arenga;1;nr
intercontinental;1;adj
assicuro;1;nr
esku;1;nr
venku;1;nr
fastfood;1;nr
pad;1;nom
emji_gare;1;nr
bed;1;nr
salgooooo;1;nr
gonas;1;nr
elásticas;1;nr
90ssss;1;nr
rop;1;nr
helemaal;1;nr
overnemen;1;nr
vuelvaaaaa;1;nr
rrooo;1;nr
gomilla;1;nr
giochiamo;1;nr
afternoon;1;nr
acordaste;1;nr
wauw;1;nr
llamabamos;1;nr
tobillo;1;nr
rodilla;1;nr
axilas;1;nr
complejidad;1;nr
gastábamos;1;nr
llegaban;1;nr
heridas;1;nr
nerd;1;nr
garotada;1;nr
brake;1;nr
hajmo;1;nr
igrat;1;nr
napolju;1;nr
klikera;1;nr
sbloccato;1;nr
surgeries;1;nr
laka;1;nr
maka;1;nr
toni;1;nr
jouika;1;nr
podían;1;nr
entreno;1;nr
terraza;1;nr
intregi;1;nr
colegii;1;nr
sau;1;nr
verisorii;1;nr
muscler;1;ver
silhouette;1;nom
sociable;1;adj
amoooo;1;nr
çin;1;nr
çan;1;nr
adicta;1;nr
según;1;nr
avanzaba;1;nr
30años;1;nr
heads;1;nr
whet;1;nr
tercera;1;nr
cuarta;1;nr
cuellito;1;nr
estira;1;nr
encoge;1;nr
saleeee;1;nr
rekker;1;nr
somaliya;1;nr
yoggi;1;nr
oyunu;1;nr
urgan;1;nr
ipi;1;nr
kal;1;nr
zamanda;1;nr
açlar;1;nr
dallar;1;nr
sal;1;nr
ncak;1;nr
yap;1;nr
chind;1;nr
70ziger;1;nr
händ;1;nr
gummitwisst;1;nr
gspillt;1;nr
luschtig;1;nr
vecchie;1;nr
calze;1;nr
sarebbero;1;nr
capaci;1;nr
00s;1;nr
mooooolts;1;nr
yessss;1;nr
bulldog;1;nom
buscando;1;nr
engancharan;1;nr
daría;1;nr
plyo;1;nr
possibilities;1;nr
jugueeee;1;nr
próximo;1;nr
quemadas;1;nr
detrás;1;nr
joelhos;1;nr
adorabile;1;nr
pillars;1;nr
také;1;nr
skákal;1;nr
lift;1;nom
gradually;1;nr
pants;1;nr
knot;1;nr
emji_main_levée_doigts_écartés_peau_claire;1;nr
çagalygym;1;nr
adyma;1;nr
bastavano;1;nr
wooo;1;nr
unblocked;1;nr
veracruz;1;nr
abeirut;1;nr
lebanom;1;nr
vist;1;nr
això;1;nr
pensat;1;nr
vosaltres;1;nr
també;1;nr
jugavem;1;nr
fantàstic;1;nr
falo;1;nr
impasse;1;nom
curso;1;nr
assumed;1;nr
pattern;1;nom
ehhh;1;nr
macaca;1;nr
féria;1;nom
posterior;1;nr
irmã;1;nr
novidade;1;nr
registos;1;nr
destes;1;nr
divertiam;1;nr
desenvolviam;1;nr
aprendizagem;1;nr
capacidade;1;nr
calves;1;nr
sass;1;nr
sabían;1;nr
abuela;1;nr
amarrandolo;1;nr
mesa;1;nom
siester;1;ver
können;1;nr
intramontabile;1;nr
riuniunivamo;1;nr
cortili;1;nr
strade;1;nr
lungo;1;nr
inventare;1;nr
felici;1;nr
panties;1;nr
etienne;1;nr
siiiiiiiiii;1;nr
rely;1;nr
iron;1;nr
curtain;1;nr
elsewhere;1;nr
passava;1;nr
compro;1;nr
oslets;1;nr
intere;1;nr
invested;1;nr
wuao;1;nr
bastante;1;nr
elastiekenn;1;nr
alsjeblieft;1;nr
maken;1;nr
volgens;1;nr
mij;1;nr
deed;1;nr
iedereen;1;nr
toch;1;nr
juventud;1;nr
décadas;1;nr
kindheits;1;nr
erinnerungen;1;nr
exercises;1;nr
divertidísimo;1;nr
tatá;1;nr
fortiche;1;adj
wrists;1;nr
hight;1;nr
shoulders;1;nr
shorty;1;nr
chiamavamo;1;nr
sweety;1;nr
sentindo;1;nr
musculação;1;nr
hrávali;1;nr
engrasadoras;1;nr
wroclaw;1;nr
spielten;1;nr
tap;1;ono
eruit;1;nr
divisioooon;1;nr
girlls;1;nr
máxima;1;nr
entretención;1;nr
creatividad;1;nr
stockings;1;nr
pucta;1;nr
preciosos;1;nr
kako;1;nr
desilo;1;nr
prestala;1;nr
igraju;1;nr
ovu;1;nr
fenomenalnu;1;nr
svi;1;nr
voleli;1;nr
meni;1;nr
omiljena;1;nr
kocham;1;nr
cords;1;nr
lifted;1;nr
shortest;1;nr
elásticooooooo;1;nr
alalala;1;nr
destrabadisimos;1;nr
joya;1;nr
rezinochka;1;nr
brachte;1;nr
schuhe;1;nr
gingen;1;nr
schnell;1;nr
kaputt;1;nr
sea;1;nr
bravino;1;nr
creí;1;nr
jugo;1;nr
muchooooooo;1;nr
gusha;1;nr
quantes;1;nr
pati;1;nr
ecrans;1;nr
rochester;1;nr
neighbourhood;1;nr
chiquita;1;nr
jugabas;1;nr
favooooor;1;nr
arriba;1;nr
martes;1;nr
miércoles;1;nr
adentro;1;nr
pisándolas;1;nr
cleo;1;nr
maniquín;1;nr
pelusín;1;nr
2000e;1;nr
równie;1;nr
gumki;1;nr
kolorowe;1;nr
kupione;1;nr
sklepie;1;nr
sprzedawali;1;nr
obok;1;nr
skakanek;1;nr
southern;1;nr
inhabited;1;nr
aotearoa;1;nr
consequences;1;nr
coreano;1;nr
vimos;1;nr
infinitos;1;nr
entrainais;1;nr
puxa;1;nr
brincam;1;nr
ritmo;1;nr
dança;1;nr
passaparola;1;nr
jamá;1;nr
miraba;1;nr
lejitos;1;nr
gekke;1;nr
dingen;1;nr
wij;1;nr
mensen;1;nr
bedenken;1;nr
mòbils;1;nr
quina;1;nr
bona;1;nr
època;1;nr
norfolk;1;nr
olds;1;nr
volunteer;1;nr
nikt;1;nr
wyprowadza;1;nr
gry;1;nr
bywali;1;nr
latach;1;nr
dworzu;1;nr
pokaza;1;nr
ostatnio;1;nr
moim;1;nr
dzieciom;1;nr
wszystko;1;nr
tam;1;nr
wi;1;nr
kszo;1;nr
jakby;1;nr
przypomnia;1;nr
pewno;1;nr
wróci;1;nr
cadera;1;nr
bailando;1;nr
tornerei;1;nr
eritrea;1;nr
sicily;1;nr
dioooos;1;nr
afinal;1;nr
inventou;1;nr
staring;1;nr
monitor;1;nom
llegó;1;nr
goomi;1;nr
diffuso;1;nr
eravamo;1;nr
allenati;1;nr
annyit;1;nr
ezzel;1;nr
álmondtam;1;nr
sokszor;1;nr
igazi;1;nr
gyerekkorunk;1;nr
franchir;1;ver
queu;1;nr
everyne;1;nr
bladder;1;nr
apart;1;nr
tubeless;1;nr
tyres;1;nr
jumpies;1;nr
tails;1;nr
awwwnn;1;nr
rezinka;1;nr
eastern;1;nr
hobbie;1;nr
tuvimos;1;nr
dexterous;1;nr
vestibular;1;nr
apparatus;1;nr
cumple;1;nr
llevé;1;nr
larga;1;nr
entusiasmadas;1;nr
fuuuun;1;nr
haveria;1;nr
enrolar;1;nr
estatelar;1;nr
spelling;1;nr
elasyjvo;1;nr
moldova;1;nr
sevimli;1;nr
oyunumuz;1;nr
olub;1;nr
boyumusuk;1;nr
azerbaycanda;1;nr
birimizin;1;nr
usaqligi;1;nr
kecib;1;nr
nineties;1;nr
contar;1;nr
infinitas;1;nr
cansarmos;1;nr
mennyit;1;nr
általános;1;nr
udvarán;1;nr
estonia;1;nr
dejó;1;nr
palabrer;1;ver
trae;1;nr
colación;1;nr
hablado;1;nr
sino;1;adv
chinga;1;nr
pensamientos;1;nr
leen;1;nr
chidhoods;1;nr
ky;1;nr
jusquau;1;nr
ginásio;1;nr
creative;1;nr
unable;1;nr
uffffff;1;nr
coordinacions;1;nr
motriu;1;nr
às;1;nr
costas;1;nr
competitions;1;nr
memorys;1;nr
hrala;1;nr
emji_femme_peau_moyennement_claire;1;nr
dlhé;1;nr
hodiny;1;nr
vedeli;1;nr
takto;1;nr
striedali;1;nr
hrou;1;nr
schovávanie;1;nr
sídlisku;1;nr
hádzaním;1;nr
lopty;1;nr
hraním;1;nr
futbalu;1;nr
preliezanim;1;nr
preliezackach;1;nr
domov;1;nr
kri;1;nr
hotova;1;nr
najrad;1;nr
vonku;1;nr
ostatn;1;nr
detmi;1;nr
nevidno;1;nr
vä;1;nr
inou;1;nr
zavreté;1;nr
samé;1;nr
skoro;1;nr
nikam;1;nr
nechodia;1;nr
boja;1;nr
lenivsie;1;nr
ako;1;nom
taka;1;nr
pravda;1;nr
rovnaké;1;nr
inspiraba;1;nr
retaba;1;nr
divertia;1;nr
alte;1;nr
l3abna;1;nr
bih;1;nr
mamnou3;1;nr
heisst;1;nr
wahnsinnig;1;nr
repeating;1;nr
loud;1;nr
allargo;1;nr
stringo;1;nr
esco;1;nr
bora;1;nom
serrinha;1;nr
vaaaaaamo;1;nr
lujt;1;nr
älskade;1;nr
biv;1;nr
juga;1;nr
vrijeme;1;nr
djeca;1;nr
zdrava;1;nr
vitka;1;nr
pokretna;1;nr
vesela;1;nr
dovoljno;1;nr
dvoje;1;nr
sama;1;nr
zakva;1;nr
ila;1;nr
izme;1;nr
dvije;1;nr
stolice;1;nr
sufría;1;nr
conmigo;1;nr
obrigatória;1;nr
socialisation;1;nom
lessons;1;nr
community;1;nr
amabaaaaaa;1;nr
emji_drapeau_indonésie;1;nr
iza;1;nr
takozvane;1;nr
gvozdene;1;nr
zavese;1;nr
jugoslaviji;1;nr
isti;1;nr
sli;1;nr
kao;1;nr
ova;1;nr
snimka;1;nr
sre;1;nr
bezbri;1;nr
zdraviji;1;nr
od;1;nr
dana;1;nr
nje;1;nr
dece;1;nr
koja;1;nr
bulje;1;nr
ekrane;1;nr
sede;1;nr
kre;1;nr
magyarország;1;nr
ankara;1;nr
floutch;1;nr
eslastique;1;nr
réinstaurer;1;ver
jugaron;1;nr
tratando;1;nr
entender;1;nr
collapser;1;ver
computador;1;nr
umauser_utilisateurice;1;nr
uauauaua;1;nr
imprescindible;1;nr
cartera;1;nr
unites;1;nr
recuerdoooo;1;nr
étranglement;1;nom
vezes;1;nr
eps;1;nr
montecalvo;1;nr
irpino;1;nr
holiday;1;nr
unthinkable;1;nr
adults;1;nr
choose;1;nr
commu;1;nr
rosario;1;nr
obsesionada;1;nr
primos;1;nr
emji_drapeau_madagascar;1;nom
lamentan;1;nr
compran;1;nr
tabletas;1;nr
emji_homme_faisant_un_geste_d_acceptation;1;nr
adolescenza;1;nr
familiar;1;nr
ruas;1;nr
ipads;1;nr
bolivia;1;nr
emji_drapeau_bolivie;1;nom
utilizando;1;nr
económico;1;nr
movimiento;1;nr
delgaduser_utilisateurice;1;nr
perguntar;1;nr
iram;1;nr
primeiro;1;nr
sesenta;1;nr
bruncadeira;1;nr
joy;1;nr
hapiness;1;nr
passei;1;nr
nível;1;nr
pelotudez;1;nr
seguiría;1;nr
belize;1;nr
ghana;1;nr
liguero;1;nr
liyam;1;nr
n9zna;1;nr
ahd;1;nr
l7bel;1;nr
aay;1;nr
laah;1;nr
yamat;1;nr
alusabt;1;nr
dolinique;1;nr
mireille;1;nr
sylvie;1;nom
mismos;1;nr
muestran;1;nr
incluso;1;nr
hombro;1;nr
particular;1;nr
resultó;1;nr
plastico;1;nr
cortamos;1;nr
anudábamos;1;nr
nauront;1;nr
jouè;1;nr
gioca;1;nr
cancioncitas;1;nr
podíais;1;nr
decir;1;nr
skákali;1;nr
okrem;1;nr
portové;1;nr
drevo;1;nr
practising;1;nr
hareket;1;nr
berekettir;1;nr
sözünün;1;nr
vücut;1;nr
bulmu;1;nr
hali;1;nr
olan;1;nr
llard;1;nr
nesli;1;nr
hareketi;1;nr
beridir;1;nr
olarak;1;nr
üzerimizden;1;nr
bereketi;1;nr
kald;1;nr
yüce;1;nr
rabb;1;nr
miz;1;nr
kki;1;nr
teknolojinin;1;nr
zla;1;nr
geli;1;nr
mesiyle;1;nr
tembel;1;nr
olmaya;1;nr
mahkum;1;nr
edildik;1;nr
descobri;1;nr
património;1;nr
brasileiro;1;nr
roça;1;nr
morava;1;nr
miner;1;ver
holy;1;nr
macro;1;nom
innovateurs;1;nr
83m;1;nr
lateinamerika;1;nr
heist;1;nr
fasions;1;nr
imaginación;1;nr
heavy;1;nr
develop;1;nr
cheer;1;nr
guaaaau;1;nr
mantenemos;1;nr
firma;1;nr
hause;1;nr
tibetan;1;nr
büyük;1;nr
ciddiyetle;1;nr
jao;1;nr
kono;1;nr
dami;1;nr
barem;1;nr
minuta;1;nr
opet;1;nr
albuquerque;1;nr
fertig;1;nr
einer;1;nr
reime;1;nr
beim;1;nr
benutzt;1;nr
kopfkino;1;nr
reim;1;nr
horase;1;nr
timers;1;nr
guay;1;nr
kyllä;1;nr
että;1;nr
noin;1;nr
vaikeita;1;nr
temppuja;1;nr
olis;1;nr
tehty;1;nr
oltiin;1;nr
vaan;1;nr
tosi;1;nr
huonoja;1;nr
kyl;1;nr
tehtiin;1;nr
kaikkia;1;nr
vaikeitakin;1;nr
koulussa;1;nr
asreella;1;nr
kirjamatissa;1;nr
ainakin;1;nr
kotona;1;nr
miten;1;nr
hypittiin;1;nr
mut;1;nr
kivaahan;1;nr
oli;1;nr
harmi;1;nr
ettei;1;nr
enää;1;nr
yhtään;1;nr
mitään;1;nr
ottawa;1;nr
ended;1;nr
hopper;1;nr
tenías;1;nr
pesadas;1;nr
funcionaban;1;nr
deusss;1;nr
primor;1;nr
olympics;1;nr
brincou;1;nr
queimado;1;nr
gumijas;1;nr
reuníamos;1;nr
apuesto;1;nr
dicen;1;nr
tenga;1;nr
cuidado;1;nr
cae;1;nr
conocíamos;1;nr
límites;1;nr
desbloqueados;1;nr
echado;1;nr
cansarnos;1;nr
sevdi;1;nr
emji_drapeau_guyana;1;nr
strips;1;nr
length;1;nr
ends;1;nr
knowwww;1;nr
emji_selfie_peau_claire;1;nr
emji_sans_fil;1;nr
whilst;1;nr
copinettes;1;nr
convertido;1;nr
archivo;1;nr
récrè;1;nr
gumizás;1;nr
1990s;1;nr
fancy;1;nr
department;1;nr
store;1;nom
sewing;1;nr
whithout;1;nr
electronic;1;nr
htag_noiceravamo;1;nr
mogusha;1;nr
_mu;1;nr
goosha_;1;nr
lugano;1;nr
lembranças;1;nr
queens;1;nr
fluro;1;nr
yos;1;nr
dancinha;1;nr
visti;1;nr
twisti;1;nr
gomujul;1;nr
criançada;1;nr
andando;1;nr
descendo;1;nr
rolemã;1;nr
rincoglioniscono;1;nr
muitasss;1;nr
hips;1;nr
member;1;nr
copilarie;1;nr
oran;1;nr
door;1;nr
baku;1;nr
proste;1;nr
genialne;1;nr
ciekawe;1;nr
czy;1;nr
nasze;1;nr
nastolatki;1;nr
elastyczne;1;nr
tivesse;1;nr
torneio;1;nr
equipes;1;nr
pras;1;nr
profissionais;1;nr
enseñaste;1;nr
recuerdas;1;nr
stretchy;1;nr
device;1;nr
llegado;1;nr
ochenta;1;nr
hated;1;nr
ía;1;nr
ukraina;1;nr
merciiiiiiiiiiii;1;nr
obeso;1;nr
naquela;1;nr
apuntarse;1;nr
crossfit;1;nr
ideia;1;nr
caían;1;nr
reñia;1;nr
transylvania;1;nr
estudiantes;1;nr
jugaría;1;nr
oty;1;nr
basically;1;nr
lamenting;1;nr
regardless;1;nr
mediums;1;nr
bajos;1;nr
recursos;1;nr
risas;1;nr
desafíos;1;nr
father;1;nr
twinsister;1;nr
roubar;1;nr
pedaço;1;nr
mamãe;1;nr
descobrir;1;nr
irmãos;1;nr
contarem;1;nr
80ger;1;nr
lágrima;1;nr
desce;1;nr
sds;1;nr
doíam;1;nr
canelinha;1;nr
dies;1;nr
obesi;1;nr
fisso;1;nr
kiek;1;nr
danne;1;nr
tolle;1;nr
kindheitserinnerung;1;nr
nachmittags;1;nr
freundinnen;1;nr
nao;1;nr
obe;1;nr
colorful;1;nr
wowwww;1;nr
spangle;1;nr
puerto;1;nr
llndos;1;nr
llamamos;1;nr
cuica;1;nr
2000th;1;nr
communicait;1;nr
hitting;1;nr
prizes;1;nr
carolina;1;nr
remeber;1;nr
campeonato;1;nr
childmemories;1;nr
brinquedo;1;nr
tiraria;1;nr
consultório;1;nr
psicologia;1;nr
diziam;1;nr
ruim;1;nr
prejudicava;1;nr
útero;1;nr
engravidar;1;nr
reminder;1;nr
okula;1;nr
götürür;1;nr
bunu;1;nr
kendi;1;nr
çocu;1;nr
izletsem;1;nr
insanlar;1;nr
nesi;1;nr
neighbors;1;nr
skákat;1;nr
sapintrong;1;nr
zuzka;1;nr
petriskivova;1;nr
triede;1;nr
najlepsia;1;nr
ricordii;1;nr
emji_femme_qui_lève_la_main_peau_mate;1;nr
canadian;1;nr
ouiiiiiiiii;1;nr
dúvida;1;nr
anxious;1;nr
haidt;1;nr
encapsulates;1;nr
oq;1;nr
falam;1;nr
pelas;1;nr
imagens;1;nr
prender;1;nr
olvidado;1;nr
cordas;1;nr
dizer;1;nr
afuera;1;nr
wea;1;nr
cmo;1;nr
esperábamos;1;nr
quedaban;1;nr
polvo;1;nr
lindoooo;1;nr
realisme;1;nr
maioritariamente;1;nr
jogado;1;nr
curioso;1;nr
tenemos;1;nr
recordação;1;nr
descendente;1;nr
portugueses;1;nr
espanhois;1;nr
sowjet;1;nr
obrigatório;1;nr
marbella;1;nr
diria;1;nr
türküm;1;nr
oynar;1;nr
genelde;1;nr
wevused;1;nr
llamava;1;nr
hanche;1;nom
proibição;1;nr
ganhar;1;nr
seja;1;nr
redescubram;1;nr
criem;1;nr
telas;1;nr
polonia;1;nr
saved;1;nr
curtia;1;nr
amaaava;1;nr
pedazo;1;nr
hoooras;1;nr
perfeccionando;1;nr
coordinando;1;nr
movimientos;1;nr
capitalismo;1;nr
haciamos;1;nr
saludos;1;nr
epocas;1;nr
saudadesss;1;nr
fffffffff;1;nr
risking;1;nr
movimentava;1;nr
nosso;1;nr
concentração;1;nr
socializava;1;nr
pessoas;1;nr
deeeus;1;nr
destravadas;1;nr
sentí;1;nr
olor;1;nr
morria;1;nr
sltura;1;nr
brazo;1;nr
estirado;1;nr
queimar;1;nr
encostar;1;nr
knikkeren;1;nr
tikkertje;1;nr
odore;1;nr
campeonas;1;nr
jajaj;1;nr
muitoooooo;1;nr
automáticamente;1;nr
volvía;1;nr
compañera;1;nr
dueña;1;nr
ligaaaaa;1;nr
disfrutábamos;1;nr
otruser_utilisateurice;1;nr
importaba;1;nr
simplicidad;1;nr
mirá;1;nr
ochentera;1;nr
vénézuela;1;nr
logré;1;nr
looooved;1;nr
ann;1;nr
ônoum;1;nr
ônodois;1;nr
ônotrês;1;nr
10yrs;1;nr
appropriate;1;nr
primeraria;1;nr
bellos;1;nr
emji_main_avec_index_pointant_vers_le_haut;1;nom
poteau;1;nom
aburrida;1;nr
achei;1;nr
gratificante;1;nr
mexicans;1;nr
tijuana;1;nr
skuto;1;nr
celosvetová;1;nr
zále;1;nr
itos;1;nr
neverím;1;nr
choice;1;nr
alongside;1;nr
cantado;1;nr
pasando;1;nr
fases;1;nr
perro;1;nr
muñiz;1;nr
habilidade;1;nr
ganhava;1;nr
outro;1;nr
tava;1;nr
ensinando;1;nr
vó;1;nr
danscles;1;nr
dió;1;nr
añoranza;1;nr
ülkeye;1;nr
zannediyodum;1;nr
cuantos;1;nr
sents;1;nr
bolívia;1;nr
imaginatiu;1;nr
lleuger;1;nr
apa;1;nr
yormu;1;nr
surprising;1;nr
works;1;nr
getting;1;nr
primeros;1;nr
lleva;1;nr
supe;1;nr
taloookoooo;1;nr
última;1;nr
vyr;1;nr
stala;1;nr
elomu;1;nr
hrály;1;nr
holkama;1;nr
domem;1;nr
ulici;1;nr
estávky;1;nr
kole;1;nr
krásné;1;nr
asy;1;nr
nebyly;1;nr
líné;1;nr
ohebné;1;nr
ojalá;1;nr
volvieran;1;nr
recordes;1;nr
amb;1;nr
cadires;1;nr
malísima;1;nr
chulisimo;1;nr
mto;1;nr
yeeess;1;nr
emji_aiguille_à_coudre;1;nr
memorias;1;nr
juan;1;nom
bosco;1;nom
oynamaya;1;nr
doyamazdik;1;nr
oynayamay;1;nr
mümkün;1;nr
llegué;1;nr
quintas;1;nr
screen;1;nr
wide;1;nr
tijerita;1;nr
abre;1;nr
cierra;1;nr
toco;1;nr
vuelve;1;nr
aniversario;1;nr
fomos;1;nr
poucas;1;nr
adoraram;1;nr
mostrei;1;nr
prefiro;1;nr
jeito;1;nr
ensinou;1;nr
tradicional;1;nr
fiquei;1;nr
vom;1;nr
fromuser_utilisateurice;1;nr
recordaba;1;nr
saltabas;1;nr
bajar;1;nr
famosísimo;1;nr
humildemente;1;nr
honorífica;1;nr
qual;1;nr
sarajevo;1;nr
mostraré;1;nr
recreis;1;nr
ctvi;1;nr
aparece;1;nr
ojala;1;nr
mexican;1;nr
reminded;1;nr
echt;1;nr
vroegerrrr;1;nr
favoritas;1;nr
traduci;1;nr
giocavano;1;nr
maschi;1;nr
avvicinavano;1;nr
considerato;1;nr
saltavo;1;nr
cavalletta;1;nr
ricreazione;1;nr
letti;1;nr
commossa;1;nr
pensando;1;nr
including;1;nr
hieß;1;nr
daaa;1;nr
vremuri;1;nr
frumoase;1;nr
clothes;1;nr
cellulari;1;nr
barrios;1;nr
iyi;1;nr
yapt;1;nr
biriyidi;1;nr
hatta;1;nr
mlar;1;nr
kedisi;1;nr
olup;1;nr
puan;1;nr
yükselten;1;nr
gücüyle;1;nr
oynayan;1;nr
eleman;1;nr
olmak;1;nr
zevkliydi;1;nr
periscolaire;1;nr
scolarisée;1;nr
neymar;1;nr
bairro;1;nr
encojo;1;nr
jóquei;1;nr
obesos;1;nr
merveuileux;1;nr
juntábamos;1;nr
baja;1;nr
pantyhose;1;nr
lastikle;1;nr
saatlerce;1;nr
oynayabilen;1;nr
nesilken;1;nr
ekran;1;nr
nesle;1;nr
dönü;1;nr
memiz;1;nr
hazin;1;nr
yrs;1;nr
ziig;1;nr
zaag;1;nr
zugg;1;nr
bailecitos;1;nr
conozco;1;nr
conocido;1;nr
saludables;1;nr
educados;1;nr
vecina;1;nr
gorditas;1;nr
buenisisisisimas;1;nr
patético;1;nr
escrito;1;nr
evidente;1;nr
milagros;1;nr
constancia;1;nr
covietique;1;nr
pañuelo;1;nr
añoro;1;nr
pé;1;nr
quebrada;1;nr
wieviel;1;nr
jungs;1;nr
correr;1;nr
verano;1;nr
jumper;1;nom
seketika;1;nr
aku;1;nr
merindukan;1;nr
masa;1;nr
kecilku;1;nr
student;1;nr
magnífica;1;nr
ponerse;1;nr
bahia;1;nr
warm;1;nr
jugada;1;nr
maravillos;1;nr
modalidade;1;nr
olímpica;1;nr
algumas;1;nr
medalhas;1;nr
amavam;1;nr
entenderá;1;nr
sério;1;nr
arround;1;nr
room;1;nr
ennlos;1;nr
pleri;1;nr
yöneten;1;nr
hayatta;1;nr
eyi;1;nr
basarir;1;nr
músicas;1;nr
inteiras;1;nr
maneira;1;nr
sozinha;1;nr
arranjei;1;nr
adoroooo;1;nr
imbattable;1;adj
durais;1;nr
similarly;1;nr
emji_cerf_volant;1;nr
alot;1;nr
fingertips;1;nr
skilled;1;nr
jamaican;1;nr
historier;1;ver
eeeee;1;nr
joguri;1;nr
noutro;1;nr
falri;1;nr
neta;1;nr
de_facto;1;adv
ensina;1;nr
parecía;1;nr
fácil;1;nr
verlo;1;nr
uaooo;1;nr
esperaba;1;nr
ansiosa;1;nr
rubberband;1;nr
número;1;nr
atualmente;1;nr
taxas;1;nr
natalidade;1;nr
diminuindo;1;nr
jugabais;1;nr
canadá;1;nr
pruebas;1;nr
seguidas;1;nr
sujetaban;1;nr
pasabamos;1;nr
prueba;1;nr
königin;1;nr
elastigumpe;1;nr
igern;1;nr
gummihüpfe;1;nr
spreading;1;nr
chess;1;nr
hide;1;nr
seek;1;nr
brinqei;1;nr
raccontato;1;nr
motorskill;1;nr
developement;1;nr
intensively;1;nr
succeed;1;nr
ohysical;1;nr
spettacolo;1;nr
skakanie;1;nr
przez;1;nr
skoki;1;nr
wysoko;1;nr
szyi;1;nr
wiem;1;nr
robili;1;nr
polski;1;nom
preferidas;1;nr
cataluña;1;nr
boaaaa;1;nr
versiones;1;nr
enseñe;1;nr
spanish;1;nr
terrific;1;nr
pleasant;1;nr
sertão;1;nom
baiano;1;nr
dali;1;nr
muitíssimo;1;nr
molecada;1;nr
tbm;1;nr
imaginei;1;nr
dulu;1;nr
bisa;1;nr
loncat;1;nr
sedada;1;nr
tanpa;1;nr
karetnya;1;nr
skrg;1;nr
lompatan;1;nr
selokan;1;nr
kecil;1;nr
aja;1;nr
takut;1;nr
existia;1;nr
estudava;1;nr
rotina;1;nr
rsrsrsrs;1;nr
surpresa;1;nr
outros;1;nr
inicio;1;nr
sembro;1;nr
günlerdi;1;nr
ipten;1;nr
dolay;1;nr
bacaklar;1;nr
morard;1;nr
yine;1;nr
pes;1;nr
etmezdim;1;nr
chailhood;1;nr
estonian;1;nr
tô;1;nr
takoj;1;nr
zaskakala;1;nr
uz;1;nr
neviem;1;nr
nemecku;1;nr
radsej;1;nr
volali;1;nr
nepamatam;1;nr
vymysli;1;nr
krasne;1;nr
casy;1;nr
volvi;1;nr
secundaria;1;nr
surgió;1;nr
ágiles;1;nr
uhaha;1;nr
sinónimo;1;nr
sorprendente;1;nr
prácticamente;1;nr
dulu2;1;nr
alturas;1;nr
consistía;1;nr
tobillos;1;nr
manetas;1;nr
doble;1;nr
doña;1;nom
conchita;1;nr
chiriví;1;nr
ancas;1;nr
traigo;1;nr
muchísimas;1;nr
tocó;1;nr
adonde;1;nr
quiera;1;nr
ibamos;1;nr
llevabamos;1;nr
nutshell;1;nr
monday;1;nr
lembram;1;nr
scénographie;1;nom
nath;1;nr
acordas;1;nr
espiègle;1;adj
bully;1;nr
yeap;1;nr
developing;1;nr
rhythm;1;nr
keeping;1;nr
surrounded;1;nr
begin;1;nr
relíquia;1;nr
descontração;1;nr
alegria;1;nr
tchèque;1;adj
unfair;1;nr
aguanten;1;nr
loco;1;adv
amooo;1;nr
xiii;1;nr
therwil;1;nr
spieli;1;nr
aquelas;1;nr
espertas;1;nr
rssss;1;nr
sixties;1;nom
cartwjeels;1;nr
awi;1;nr
zugesehen;1;nr
schließlich;1;nr
wollte;1;nr
bestimmte;1;nr
heiraten;1;nr
kingdom;1;nr
destul;1;nr
când;1;nr
înceti;1;nr
moeten;1;nr
hypen;1;nr
seguro;1;nr
prohíben;1;nr
sería;1;nr
haviam;1;nr
parceiros;1;nr
apoiar;1;nr
virtuose;1;nom
prehistoric;1;nr
mammoth;1;nr
practicaba;1;nr
venían;1;nr
abajo;1;nr
olvidar;1;nr
esperando;1;nr
tela;1;nr
araña;1;nr
canicas;1;nr
chapas;1;nr
tirabas;1;nr
divirtiéndote;1;nr
santi;1;nr
compi;1;nr
anchas;1;nr
pienso;1;nr
continuamente;1;nr
apel;1;nr
mu;1;nr
simse;1;nr
htag_corechildhoodmemoriesunlocked;1;nr
singapore;1;nr
ningún;1;nr
emji_drapeau_norvège;1;nr
pity;1;nr
honestly;1;nr
emberlificoter;1;ver
démêler;1;ver
llegar;1;nr
diy;1;nr
respecto;1;nr
egypt;1;nr
infaltable;1;nr
kathmandu;1;nr
goss;1;nr
flipaba;1;nr
giovani;1;nr
decerebrati;1;nr
dispositivi;1;nr
digitali;1;nr
imádtam;1;nr
soooooooo;1;nr
saudosismo;1;nr
playeds;1;nr
ostie;1;nr
cellulaire;1;adj
elementari;1;nr
aufleben;1;nr
lassen;1;nr
könnte;1;nr
sucesso;1;nr
movil;1;nr
wonderschöni;1;nr
zitte;1;nr
hend;1;nr
emmer;1;nr
gspellt;1;nr
reussir;1;nr
nekad;1;nr
encuéntrenme;1;nr
regresaba;1;nr
hueco;1;nr
îs;1;nr
telefonini;1;nr
socializzare;1;nr
obese;1;nr
dlala;1;nr
mgusha;1;nr
lompat;1;nr
tourism;1;nr
traveling;1;nr
syllabe;1;nom
ethiopia;1;nr
suzy;1;nr
cerillito;1;nr
martillo;1;nr
mariposa;1;nr
aumentando;1;nr
irle;1;nr
leo;1;nr
sapo;1;nr
comendo;1;nr
rato;1;nr
comeu;1;nr
ofereceu;1;nr
slack;1;nr
depensait;1;nr
hiit;1;nr
wellknown;1;nr
aumentaba;1;nr
papua;1;nr
guinea;1;nr
emji_drapeau_papouasie_nouvelle_guinée;1;nr
competiciones;1;nr
equipo;1;nr
individuales;1;nr
obcecada;1;nr
raros;1;nr
bicici;1;nr
wird;1;nr
dieses;1;nr
ohne;1;nr
helm;1;nr
knieschoner;1;nr
zugelassen;1;nr
hoppede;1;nr
også;1;nr
elastik;1;nr
erne;1;nr
danmark;1;nr
skolegårde;1;nr
tudtunk;1;nr
ugrani;1;nr
millones;1;nr
todinha;1;nr
comida;1;nr
intervenida;1;nr
transgenica;1;nr
gsl;1;nr
surpois;1;nr
abondonné;1;nr
chcunes;1;nr
recoive;1;nr
sabrían;1;nr
robábamos;1;nr
cerciorarnos;1;nr
viejas;1;nr
davanti;1;nr
todavía;1;nr
obesity;1;nr
anxiety;1;nr
bullying;1;nr
girlfriends;1;nr
tienen;1;nr
completa;1;nr
envíen;1;nr
gefehlt;1;nr
mülltonne;1;nr
genommen;1;nr
ésto;1;nr
simplementa;1;nr
dijo;1;nr
único;1;nr
palillos;1;nr
volando;1;nr
comienzos;1;nr
okul;1;nr
tenefüslerinde;1;nr
ralar;1;nr
taubate;1;nr
jonglage;1;nom
stretched;1;nr
stools;1;nr
somehow;1;nr
stopped;1;nr
elasticidad;1;nr
ligereza;1;nr
grillo;1;nr
waaa;1;nr
amavaaaa;1;nr
funciona;1;nr
older;1;nr
inlassable;1;adj
telllllllement;1;nr
abuguido;1;nr
amazonas;1;nr
llego;1;nr
gözümde;1;nr
canland;1;nr
ninguem;1;nr
superava;1;nr
bringen;1;nr
thema;1;nr
unterricht;1;nr
begeistert;1;nr
danach;1;nr
geben;1;nr
leider;1;nr
klatsch;1;nr
recres;1;nr
laggy;1;nr
pyramide;1;nom
nostralgia;1;nr
rivedere;1;nr
amato;1;nr
averne;1;nr
salvato;1;nr
dolores;1;nr
recuperé;1;nr
mattered;1;nr
evet;1;nr
cimbom;1;nr
tween;1;nr
pequeños;1;nr
excepto;1;nr
versión;1;nr
olimpo;1;nr
postear;1;nr
bare;1;nr
beige;1;adj
pantihose;1;nr
cape;1;nom
45yrs;1;nr
buck;1;nr
rogers;1;nr
casey;1;nr
bidibidibidibidi;1;nr
gehasst;1;nr
lieber;1;nr
fangen;1;nr
bäume;1;nr
geklettert;1;nr
tiere;1;nr
fost;1;nr
jocul;1;nr
copil;1;nr
riei;1;nr
noastre;1;nr
durfte;1;nr
niemals;1;nr
händen;1;nr
berühren;1;nr
deciamos;1;nr
yetmezdi;1;nr
karyola;1;nr
baca;1;nr
takar;1;nr
ablamla;1;nr
evrede;1;nr
czech;1;nr
republic;1;nr
habremos;1;nr
newspaper;1;nr
hardest;1;nr
consisted;1;nr
chest;1;nr
olho;1;nr
caviglia;1;nr
aumentava;1;nr
difficoltà;1;nr
attorcigliamento;1;nr
wouldn;1;nr
aiiiii;1;nr
gometaaaaa;1;nr
succeeded;1;nr
calling;1;nr
sung;1;nr
instructed;1;nr
skinnny;1;nr
playtime;1;nr
throw;1;nr
geboren;1;nr
slake;1;nr
vicio;1;nr
taburetes;1;nr
cocina;1;nr
knotted;1;nr
heights;1;nr
disappear;1;nr
safty;1;nr
silly;1;nr
schoolplein;1;nr
gebleven;1;nr
revisited;1;nr
masano;1;nr
nionso;1;nr
singa;1;nr
ezali;1;nr
silikoti;1;nr
rayuela;1;nr
plasticidad;1;nr
colaboración;1;nr
socialización;1;nr
concentración;1;nr
cantidad;1;nr
perdiendo;1;nr
jóvenes;1;nr
pagaremos;1;nr
nosotrassss;1;nr
jajajajaajja;1;nr
apasionada;1;nr
reduce;1;nr
encerrados;1;nr
habitación;1;nr
ordenador;1;nr
siento;1;nr
presentes;1;nr
futuras;1;nr
supone;1;nr
sznur;1;nr
wiele;1;nr
innych;1;nr
fajnych;1;nr
zabaw;1;nr
dzisiaj;1;nr
fajnie;1;nr
cansan;1;nr
inocentes;1;nr
körperlich;1;nr
virtuell;1;nr
viejos;1;nr
wist;1;nr
duinpan;1;nr
pula;1;nr
meti;1;nr
luanda;1;nr
teneurs;1;nr
lapland;1;nr
hoe;1;nr
blij;1;nr
geworden;1;nr
toen;1;nr
meter;1;nr
mijn;1;nr
moeders;1;nr
naaidoos;1;nr
gekregen;1;nr
exercising;1;nr
poisoning;1;nr
goomee;1;nr
jugoslavia;1;nr
hrali;1;nr
weet;1;nr
cey;1;nr
jeau;1;nr
arrasava;1;nr
apareceu;1;nr
mobilidade;1;nr
entera;1;nr
aui;1;nr
htag_puertovallartamexico;1;nom_sup
réquisitionnaient;1;nr
enfadados;1;nr
gritaban;1;nr
insultos;1;nr
importo;1;nr
jejejejeje;1;nr
garotos;1;nr
achavam;1;nr
aprendí;1;nr
sacábamos;1;nr
hahhaah;1;nr
solía;1;nr
0besos;1;nr
recuerdossss;1;nr
kennst;1;nr
micky;1;nr
springseil;1;nr
gewesen;1;nr
handklatsch;1;nr
90ern;1;nr
während;1;nr
schulzeit;1;nr
geändert;1;nr
dass;1;nr
überhaupt;1;nr
gesprochen;1;nr
händeklatsch;1;nr
sinn;1;nr
geblieben;1;nr
welches;1;nr
schallala;1;nr
ähnlich;1;nr
kollonastik;1;nr
safari;1;nom
eher;1;nr
tourists;1;nr
perhaps;1;nr
erinnere;1;nr
kleidung;1;nr
erinnert;1;nr
unsere;1;nr
unsers;1;nr
muttern;1;nr
geholt;1;nr
mag;1;nr
ivh;1;nr
sachsen;1;nr
gummihuppe;1;nr
gummihubbe;1;nr
angepasst;1;nr
schlüpfergummi;1;nr
gedächtnis;1;nr
wahnsinn;1;nr
lese;1;nr
oma;1;nr
vielen;1;nr
schmuck;1;nr
damit;1;nr
sprang;1;nr
bayern;1;nr
nannte;1;nr
imaginaba;1;nr
seguía;1;nr
dando;1;nr
tiek;1;nr
kippekruid;1;nr
chiamiamo;1;nr
mollettone;1;nr
supuesto;1;nr
intentándolo;1;nr
namibia;1;nr
minhã;1;nr
pacote;1;nr
peraltas;1;nr
cirtavam;1;nr
pátios;1;nr
colégio;1;nr
tsmbién;1;nr
emji_drapeau_malaisie;1;nr
crete;1;nr
earlier;1;nr
zimbabwe;1;nr
abras;1;nr
infantil;1;nr
corredor;1;nr
prédio;1;nr
eternas;1;nr
maestros;1;nr
olvide;1;nr
chamamos;1;nr
metemete;1;nr
elastquique;1;nr
absolutamente;1;nr
movimento;1;nr
orangina;1;nr
71;1;num
demo;1;nr
élancer;1;ver
enchaîner;1;ver
bondir;1;ver
emji_drapeau_éthiopie;1;nr
kavaklar;1;nr
diye;1;nr
söylerdik;1;nr
ciertas;1;nr
emji_drapeau_irak;1;nr
abississi;1;nr
sissi;1;nr
królowa;1;nr
podwórkowych;1;nr
podwórku;1;nr
rozci;1;nr
gaj;1;nr
dzy;1;nr
jogou;1;nr
childwood;1;nr
dynamic;1;nr
tiny;1;nr
springvale;1;nr
sth;1;nr
fell;1;nr
dancers;1;nr
barely;1;nr
increase;1;nr
flexibility;1;nr
nieces;1;nr
aften;1;nr
thx;1;nr
iphones;1;nr
bittersweet;1;nr
rohoolalala;1;nr
hüpfen;1;nr
disapear;1;nr
desbloqueado;1;nr
ainss;1;nr
necesito;1;nr
desbloqueo;1;nr
primeras;1;nr
emji_drapeau_ouzbékistan;1;nr
parcourz;1;nr
veio;1;nr
rsrsrzr;1;nr
hiurs;1;nr
filmed;1;nr
senegal;1;nr
verloren;1;nr
ewig;1;nr
leben;1;nom
doch;1;nr
irgendwann;1;nr
veranos;1;nr
foram;1;nr
gather;1;nr
tuhafiye;1;nr
dükkanlar;1;nr
zengin;1;nr
olmu;1;nr
deli;1;nr
erkenin;1;nr
boncuk;1;nr
bilekliklerinden;1;nr
bilezi;1;nr
hatice;1;nr
nin;1;nr
tokalar;1;nr
imaginava;1;nr
antiga;1;nr
preferia;1;nr
amarrar;1;nr
balanço;1;nr
sela;1;nr
carniça;1;nr
hoping;1;nr
specifics;1;nr
lastichaki;1;nr
emotional;1;nr
doy;1;nr
disfruto;1;nr
competir;1;nr
distinto;1;nr
ocurrio;1;nr
diseminacion;1;nr
tuvo;1;nr
activde;1;nr
alien;1;nr
practise;1;nr
enteras;1;nr
zamanlar;1;nr
tutkulu;1;nr
neden;1;nr
yok;1;nr
ágil;1;nr
palanclas;1;nr
nostalgi;1;nr
bogotá;1;nr
demekki;1;nr
bütün;1;nr
oynarm;1;nr
almanya;1;nr
oynuyordum;1;nr
herkes;1;nr
unda;1;nr
masum;1;nr
kalsayd;1;nr
sava;1;nr
devam;1;nr
etmeseydi;1;nr
allal;1;nr
herkese;1;nr
hidayeti;1;nr
nasib;1;nr
melancholie;1;nr
virgo;1;nr
dünyan;1;nr
lenceli;1;nr
biriydi;1;nr
emji_drapeau_cameroun;1;nom
jaman;1;nr
baheula;1;nr
jago;1;nr
karet;1;nr
anu;1;nr
dibaladan;1;nr
kangen;1;nr
masa2;1;nr
itu;1;nr
sugan;1;nr
lembur;1;nr
urang;1;nr
wungkul;1;nr
kikieuan;1;nr
ternyata;1;nr
pda;1;nr
jamanya;1;nr
compensé;1;adj
puuuutin;1;nr
rapl;1;nr
dunia;1;nr
rupanye;1;nr
mainan;1;nr
ek;1;nr
stiek;1;nr
dels;1;nr
passavem;1;nr
tired;1;nr
entfernen;1;nr
withoout;1;nr
becaoup;1;nr
aubcameroun;1;nr
bottens;1;nr
fervent;1;adj
niro;1;nr
intervertir;1;ver
estimation;1;nom
empirisme;1;nom
barème;1;nom
horoscope;1;nom
feutre;1;nom
bouffarde;1;nom
portugues;1;nr
emji_pioche;1;nom
emji_chauve_souris;1;nom
1020;1;num
breakdance;1;nom
booba;1;nr
lunatic;1;nr
appzis;1;nr
licoln;1;nr
assasinat;1;nr
kleinmann;1;nr
rameur;1;nom
maafoois;1;nr
couzin;1;nr
pemsaos;1;nr
décendre;1;nr
déclivité;1;nom
composant;1;nom
tangentielle;1;nr
agglomération;1;nom
exas;1;nr
presta;1;nr
anglicisme;1;nom
ij;1;nr
patriotisme;1;nom
demarre;1;nr
italieuser_utilisateurice;1;nr
repass;1;nr
fully;1;nr
vômir;1;nr
disséminer;1;ver
greubbons;1;nr
mii;1;nr
ble;1;nr
nerveuuuuux;1;nr
uiiii;1;nr
frouse;1;nr
sommeiller;1;ver
toutafaille;1;nr
toutafeylle;1;nr
banquet;1;nom
bastian;1;nr
itten;1;nr
radiophonique;1;adj
luron;1;nom
cudrefin;1;nr
caviste;1;nom
syndic;1;nom
remasterisé;1;nr
saucissonner;1;ver
hobbits;1;nr
urfer;1;nr
charmeysan;1;nr
abbaye;1;nom
plzzz;1;nr
119km;1;nr
40km;1;nr
140;1;num
débarcadére;1;nr
enter;1;ver
stoffife;1;nr
pedze;1;nr
deguiller;1;nr
340000;1;num
lutry;1;nr
intind;1;nr
gpf;1;nr
dif;1;nr
rumba;1;nom
ndombolo;1;nr
affiné;1;adj
hipop;1;nr
molécule;1;nom
arguer;1;ver
waves;1;nr
scenery;1;nr
sensory;1;nr
besides;1;nr
itself;1;nr
smellings;1;nr
fresh;1;nr
generate;1;nr
perceived;1;nr
quality;1;nr
ska;1;nom
emmèntal;1;nr
microscope;1;nom
satanistes;1;nr
enchanter;1;ver
gargamel;1;nr
rammstein;1;nr
niolo;1;nom
pachelbel;1;nr
xpérimmental;1;nr
ouech;1;nr
soulises;1;nr
goutées;1;nr
reproduisible;1;nr
emmennetallent;1;nr
myoho;1;nr
rengué;1;nr
kyo;1;nr
reggaetome;1;nr
choices;1;nr
dégustateur;1;nom
dorloter;1;ver
petaient;1;nr
banalement;1;adv
reggae;1;nom
frager;1;nr
emoto;1;nr
émènetal;1;nr
emmentaler;1;nr
hypothèse;1;nom
neuromythe;1;nr
120kg;1;nr
brancard;1;nom
sécrétion;1;nom
mamelle;1;nom
mammifère;1;nom
goya;1;nr
acoustique;1;nom
amplitude;1;nom
emji_volume_des_enceintes_élevé;1;nr
maturé;1;nr
levure;1;nom
aveu;1;nom
emi;1;nr
inévitable;1;adj
proton;1;nom
observateur;1;nom
miroire;1;nr
hymen;1;nom
râpé;1;adj
transpi;1;nr
sensoriel;1;adj
emmeunetal;1;nr
mwé;1;nr
roquefort;1;nom
affinage;1;nom
aération;1;nom
fonctione;1;nr
brie;1;nom
gères;1;nr
epahd;1;nr
8h30;1;nr
déférence;1;nom
dénonciation;1;nom
triangulation;1;nom
sociocratie;1;nr
retroagit;1;nr
précepteur;1;nom
paraille;1;nr
rabougri;1;adj
nonnonte;1;nr
preparez;1;nr
kinés;1;nr
meres;1;nr
choi;1;nr
hômes;1;nr
sansan;1;nr
vadrouille;1;nom
soupcone;1;nr
pelicule;1;nr
tat;1;nr
20s;1;nr
delicious;1;nr
jurâ;1;nr
dégénératives;1;nr
làun;1;nr
norante;1;nr
quatrevngt;1;nr
similarities;1;nr
ante;1;nom
hôme;1;nr
jogne;1;nr
yolande;1;nr
medico;1;nr
mouroir;1;nom
caractere;1;nr
bichettes;1;nr
huhuuu;1;nr
incomplet;1;adj
suptime;1;nr
wekend;1;nr
complicite;1;nr
chouinaient;1;nr
boudrix;1;nr
vrrreuuummment;1;nr
tunning;1;nr
mabame;1;nr
michèle;1;nr
maintenent;1;nr
sfy;1;nr
gvxbvvvvvbb;1;nr
bnn;1;nr
prodiguer;1;ver
stabilization;1;nr
elderly;1;nr
médico_social;1;adj
nursing;1;nom
échelon;1;nom
impuissance;1;nom
caviardant;1;nr
mougeons;1;nr
ballant;1;adj
curiosiste;1;nr
perfectionniste;1;adj
emji_bouton_vs;1;nom
humanitude;1;nr
bénévolat;1;nom
mouroirs;1;nr
médicaliser;1;ver
attrapper;1;nr
derib;1;nr
hiv;1;adj
quadri;1;nom
médicalement;1;adv
montagnier;1;nr
omniprésence;1;nom
omnipuissance;1;nom
omniscience;1;nom
sinécure;1;nom
préventifs;1;nr
mirc;1;nr
irc;1;nr
relay;1;nr
yallo;1;nr
pokes;1;nr
caramail;1;nr
romandique;1;nr
interviuveuse;1;nr
répondeur;1;nom
clegg;1;nr
ih;1;nr
opus;1;nom
ymca;1;nr
sch;1;nr
spp;1;nr
harnais;1;nom
lspcc;1;nr
formateur;1;adj
emji_pompier_peau_moyennement_claire;1;nom
gasny;1;nr
emji_pompier_femme_peau_moyennement_claire;1;nom
emji_camion_de_pompier;1;nom
pourrriiieeehaaannnnn;1;nr
fragrance;1;nom
parfumerie;1;nom
noële;1;nr
pinbeche;1;nr
whaa;1;nr
détonner;1;ver
emji_endormi;1;nom
cinglant;1;adj
valli;1;nr
déconneur;1;nom
clémentines;1;nr
locome;1;nr
lci;1;nr
chaterine;1;nr
blouzé;1;nr
gitarre;1;nr
jitarre;1;nr
chero;1;nr
191;1;num
zappait;1;nr
scrollait;1;nr
deglingués;1;nr
plein_air;1;adj
débit;1;nom
comparatif;1;adj
captif;1;adj
htag_et;1;nom_sup
râter;1;nr
intolérant;1;adj
whoua;1;nr
qaïda;1;nr
lalaaaa;1;nr
intolérence;1;nr
investigation;1;nom
pampets;1;nr
tabarnak;1;nr
baillifard;1;nr
uniformisé;1;nr
chevrier;1;nom
manifique;1;nr
yavai;1;nr
chaisse;1;nr
rimant;1;nr
vehicule;1;nr
beàu;1;nr
tendrement;1;adv
polinte;1;nr
durement;1;adv
mene;1;nr
emji_fermier_peau_claire;1;nom
emji_monument_classique;1;nom
printze;1;nr
muso;1;nr
viso;1;nr
faccia;1;nr
vaniteux;1;adj
nendard;1;nr
bouèbes;1;nr
besogneux;1;nom
trouvaille;1;nom
emji_huître;1;nr
domage;1;nr
transexuel;1;nr
debordent;1;nr
faintaisie;1;nr
hugues;1;nr
aufray;1;nr
vologne;1;nr
addresse;1;nr
secrétariat;1;nom
fairy;1;nr
tales;1;nr
avenue;1;nom
lapoville;1;nr
accabler;1;ver
16h;1;nr
16h15;1;nr
rependre;1;ver
traineau;1;nr
emji_père_noël_peau_moyennement_claire;1;nr
bobine;1;nom
hoh;1;nr
oho;1;nr
humanoïde;1;adj
tricherie;1;nom
gabby;1;nr
empathique;1;adj
incrédule;1;adj
newcastle;1;nr
polaire;1;adj
emji_boîte_aux_lettres_fermée_drapeau_baissé;1;nr
emji_enveloppe;1;nom
2512;1;num
sociétaire;1;adj
reax;1;nr
naaaann;1;nr
ahhaha;1;nr
orh;1;nr
arkadiart;1;nr
vicieusesss;1;nr
secrrrrrrret;1;nr
jurrrrrrrrra;1;nr
maaaannn;1;nr
gryon;1;nr
giron;1;nom
silvio;1;nr
bretzelle;1;nr
déshydrations;1;nr
picon;1;nr
serrure;1;nom
pavarotti;1;nr
debourrer;1;nr
éthylique;1;adj
macération;1;nom
saumuuuur;1;nr
élimination;1;nom
éthanal;1;nr
inhiber;1;ver
enzyme;1;nom
louche;1;adj
retester;1;nr
réapprouver;1;nr
oussama;1;nr
amar;1;nr
soiree;1;nr
hydrate;1;nom
déshydratation;1;nom
assécher;1;ver
pickle;1;nr
juice;1;nr
pickels;1;nr
condiment;1;nom
tllment;1;nr
essort;1;nr
germinal;1;nom
mandat;1;nom
pte;1;nr
marina;1;nom
1600;1;num
gaixoak;1;nr
modesty;1;nr
inflations;1;nr
vr;1;nr
homosexualité;1;nom
tenerezza;1;nr
semplici;1;nr
prada;1;nr
implicitement;1;adv
seuil;1;nom
stagiaire;1;nom
persepective;1;nr
apen;1;nr
emji_visage_en_pointillés;1;nr
ipad;1;nr
chouigne;1;nr
morveux;1;nom
contentement;1;nom
monceau;1;nom
911;1;num
gt3;1;nr
canyon;1;nom
aeroad;1;nr
deconne;1;nr
jtj;1;nr
galactique;1;adj
temporains;1;nr
dernièresi;1;nr
conter;1;ver
aaw;1;nr
regalare;1;nr
dépourvoir;1;ver
ermes;1;nr
humblement;1;adv
chignon;1;nom
colére;1;nr
fessais;1;nr
actées;1;nr
bienfaiteur;1;nom
misérabilisme;1;nom
accra;1;nom
emji_bouée_de_sauvetage;1;nr
cfa;1;nr
consolable;1;nr
illustrative;1;nr
lambo;1;nr
onnt;1;nr
voyent;1;nr
économe;1;nom
consumerisme;1;nr
aimairait;1;nr
porche;1;nom
haaaaa;1;nr
convoitise;1;nom
avidité;1;nom
enciens;1;nr
étre;1;nr
1000bal;1;nr
desire;1;nr
szgesse;1;nr
penis;1;nr
pixel;1;nom
2to;1;nr
mégalo;1;adj
prodigue;1;adj
respekt;1;nr
escros;1;nr
néolibéralisme;1;nom
bonte;1;nr
comprehensive;1;nr
revoive;1;nr
etages;1;nr
déshéritéés;1;nr
500e;1;nr
nooonn;1;nr
abu;1;nr
appréciation;1;nom
gaspi;1;nr
1901;1;num
fleuri;1;adj
broder;1;ver
memee;1;nr
insensé;1;adj
scintiller;1;ver
volduchepark;1;nr
transpercer;1;ver
déroutant;1;adj
pellaud;1;nr
quemandaient;1;nr
alger;1;nr
scachu;1;nr
apogée;1;nom
dénuement;1;nom
viatique;1;nom
incessant;1;adj
cartouche;1;nom
louboutins;1;nr
dior;1;nr
renommée;1;nom
recommandable;1;adj
100f;1;nr
bénéficiaire;1;nom
réclamation;1;nom
sechan;1;nr
guelles;1;nr
decivilisation;1;nr
contention;1;nom
societé;1;nr
vinted;1;nr
vitton;1;nr
hermes;1;nr
bahamas;1;nr
venger;1;ver
efforcer;1;ver
coupe_ongle;1;nom
aaaaahhhh;1;nr
xmas;1;nr
gaché;1;nr
valorisation;1;nom
malaisante;1;nr
materiel;1;nr
posseder;1;nr
separent;1;nr
touchon;1;nr
veraiment;1;nr
mythos;1;nr
paradisiaque;1;adj
lamborghini;1;nr
dentelle;1;nom
1924;1;num
nuisettes;1;nr
levres;1;nr
knacki;1;nr
roooohalala;1;nr
desirs;1;nr
austerite;1;nr
consumériste;1;adj
négligé;1;adj
continental;1;adj
rer;1;nr
greffe;1;nom
bebjespere;1;nr
gabegies;1;nr
kawaiiiiiiiiii;1;nr
bât;1;nom
isl;1;nr
obnubiler;1;ver
moulinette;1;nom
cerner;1;ver
matériellement;1;adv
primark;1;nr
zara;1;nr
balmain;1;nr
pleurnicherie;1;nom
prevert;1;nr
vivrent;1;nr
ipoud;1;nr
redéfinir;1;ver
emji_soleil_derrière_un_petit_nuage;1;nr
desia;1;nr
soverchia;1;nr
salvator;1;nr
pittore;1;nr
vuitron;1;nr
consomation;1;nr
acheteur;1;nom
resignation;1;nr
gift;1;nr
christmas;1;nom
terribly;1;nr
axer;1;ver
emoussent;1;nr
déduire;1;ver
tenant;1;nom
tarir;1;ver
plomber;1;ver
auditeur;1;nom
1958;1;num
baigneur;1;nom
desir;1;nr
trimer;1;ver
philosophiquement;1;adv
taiseux;1;adj
demonstratifs;1;nr
fataliste;1;adj
disperser;1;ver
martyr;1;nom
moooniiiiiteuuuuur;1;nr
gabriella;1;nr
sabatini;1;nr
zoomee;1;nr
htag_moniteurdeski;1;nom_sup
sellman;1;nr
smurf;1;nom
hhahaha;1;nr
ballot;1;nom
moulant;1;adj
katrine;1;nr
finalise;1;nr
wouy;1;nr
gondes;1;nr
dynamite;1;nom
bbllllll;1;nr
lhermitte;1;nr
libidin;1;nr
déguelas;1;nr
smes;1;nr
tís;1;nr
fécond;1;adj
evolène;1;nr
avoué;1;adj
eviva;1;nr
hesch;1;nr
dini;1;nr
skilehrer;1;nr
tiennes;1;pro_pos
otes;1;nr
manosphere;1;nr
pill;1;nr
suprematiste;1;nr
incels;1;nr
déballer;1;ver
vidéogramme;1;nom
bourriquet;1;nom
gravissime;1;adj
carlsberg;1;nr
masculinité;1;nom
ahahahahahah;1;nr
enfrance;1;nr
houaaaa;1;nr
purin;1;nom
clest;1;nr
casteljoux;1;nr
machst;1;nr
hast;1;nr
etwa;1;nr
knast;1;nr
leute;1;nr
spass;1;nr
hatten;1;nr
poteva;1;nr
socialisti;1;nr
vietare;1;nr
glacer;1;ver
ouuuuuuf;1;nr
ambiancer;1;nr
atmos;1;nr
extorquer;1;ver
qlques;1;nr
bousiller;1;ver
2h30;1;nr
ahqha;1;nr
milliquet;1;nr
préhistoire;1;nom
risk;1;nr
latos;1;nr
beug;1;nr
vladiir;1;nr
lozgang;1;nr
aka;1;nr
pujin;1;nr
vlad;1;nr
rant;1;nr
telecoms;1;nr
olt;1;nr
huawei;1;nr
orhhh;1;nr
feminine;1;nr
rise;1;nom
régaleeeee;1;nr
glow;1;nr
abregeant;1;nr
slt;1;nr
indeed;1;nr
15c;1;nr
pfouahaha;1;nr
otaku;1;nr
kadersteg;1;nr
dolfi;1;nr
lachten;1;nr
zwar;1;nr
recht;1;nr
exalter;1;ver
ignard;1;nr
adel;1;nr
autocentrés;1;nr
lötschberg;1;nr
aléa;1;nom
velu;1;adj
immatériel;1;adj
xomme;1;nr
dicour;1;nr
démantele;1;nr
sevice;1;nr
merdier;1;nom
wue;1;nr
12heure;1;nr
pasini;1;nr
emji_golfeur;1;nom
cotisation;1;nom
incluants;1;nr
lorcana;1;nr
leveinard;1;nr
holo;1;nr
fogurine;1;nr
mew;1;nr
carabaffe;1;nr
tortank;1;nr
zenigame;1;nr
kameil;1;nr
kamex;1;nr
tige;1;nom
controller;1;nr
globalistes;1;nr
adhérerons;1;nr
texas;1;nr
déporté;1;nom
volcker;1;nr
1918;1;num
1939;1;num
dirtiest;1;nr
robespierrefrancois;1;nr
fusillade;1;nom
bavaud;1;nr
scrollez;1;nr
calomnie;1;nom
isruser_utilisateurice;1;nr
peanuts;1;nom
tollé;1;nom
congrès;1;nom
calomnier;1;ver
éponyme;1;adj
déséhérence;1;nr
numéroté;1;adj
miraculeusement;1;adv
détourné;1;adj
saborder;1;ver
vae_victis;1;adv
nlos;1;nr
acclamer;1;ver
flagellation;1;nom
comploter;1;ver
belair;1;nr
ahlala;1;nr
solidifier;1;ver
métrisons;1;nr
emji_drapeau_israël;1;nr
as_exotica;1;nr
savagnieres;1;nr
motier;1;nr
absynthe;1;nr
fetchone;1;nr
thuyone;1;nr
réglementer;1;ver
emji_verre_de_lait;1;nr
emji_féetaud_peau_foncée;1;nr
helvetie;1;nr
bringuette;1;nr
béret;1;nom
gaultier;1;nr
méconnaissez;1;nr
cv90;1;nr
major;1;nom
démarcheur;1;nom
refourguer;1;ver
compensatoire;1;adj
commercialement;1;adv
emji_femme_au_hammam_peau_claire;1;nom
dérision;1;nom
élysée;1;nom
accréditation;1;nom
bizutage;1;nom
parrainage;1;nom
aznavour;1;nr
emji_personne_qui_s_incline;1;nom
homer;1;nr
dubillard;1;nr
doubleur;1;nom
waa;1;nr
autoderision;1;nr
kermit;1;nr
winnie;1;nr
ourson;1;nom
concentement;1;nr
péres;1;nr
hareng;1;nom
confrerie;1;nr
dieudo;1;nr
adérer;1;nr
fir;1;nr
harakiri;1;nr
bourdon;1;nom
ancienneté;1;nom
capriconnes;1;nr
capriconne;1;nr
assumage;1;nr
régie;1;nom
emji_drapeau_autriche;1;nom
consécration;1;nom
méconnaître;1;ver
wengen;1;nr
interruption;1;nom
hy;1;nr
bedford;1;nr
hitchcock;1;nr
snowboarder;1;nr
redanse;1;nr
10premieres;1;nr
dansant;1;adj
gom;1;nr
niveller;1;nr
télémark;1;nom
juuuuuuuuste;1;nr
crocher;1;ver
ebner;1;nr
boards;1;nr
québecois;1;nr
racler;1;ver
jla;1;nr
rgarde;1;nr
htag_swellpaniksnowboard;1;nom_sup
shapes;1;nr
origins;1;nr
swallow;1;nr
ebener;1;nr
nnnnnnnnnnn;1;nr
monoskieur;1;nr
snowboardeur;1;nr
136263;1;num
réintégrer;1;ver
snowbaorders;1;nr
telesièges;1;nr
lassage;1;nr
grouoe;1;nr
raclonette;1;nr
lutteur;1;nom
brasser;1;ver
gruérienne;1;nr
2039kg;1;nr
goattt;1;nr
quinter;1;nr
perrignier;1;nr
nondébleu;1;nr
arborer;1;ver
neuchateloise;1;nr
touiller;1;ver
beurkkkkk;1;nr
dautre;1;nr
frometon;1;nom
hérétique;1;nom
3kg;1;nr
décaper;1;ver
appelation;1;nr
charge;1;nom
cdf;1;nr
laiterie;1;nom
marsens;1;nr
fein;1;nr
erzgebirgler;1;nr
kennt;1;nr
vergleichbares;1;nr
russischen;1;nr
syl;1;nr
panzermotor;1;nr
davon;1;nr
existieren;1;nr
chasse_neige;1;nom
fwd;1;nr
labourier;1;nr
mouchard;1;nom
libellule;1;nom
mante;1;nom
pouves;1;nr
planete;1;nr
emji_boule_de_cristal;1;nom
ere;1;nr
subjonctif;1;nom
antinucléaire;1;adj
plutonium;1;nom
parallèlement;1;adv
sexprime;1;nr
gangrène;1;nom
anxieux;1;adj
dechoses;1;nr
panser;1;ver
honnéteté;1;nr
malheuresement;1;nr
franglais;1;nom
apprécierera;1;nr
appréciererai;1;nr
chosse;1;nr
corectement;1;nr
premiére;1;nr
dyslexie;1;nom
trust;1;nom
paperasserie;1;nom
klaus;1;nr
schwab;1;nr
naz_ii;1;nr
neurasteniques;1;nr
charnière;1;nom
optimisme;1;nom
sauvegarde;1;nom
névrosé;1;adj
pessimisme;1;nom
taylor;1;nr
swift;1;nr
cuse;1;nr
robotisation;1;nr
sacrement;1;nom
anxiolytique;1;nom
optimisant;1;nr
liturgique;1;adj
flegme;1;nom
hyperorganisé;1;nr
adieuuu;1;nr
equiiiiipe;1;nr
emji_personne_faisant_la_roue_peau_légèrement_mate;1;nr
entubage;1;nr
diatribe;1;nom
prudence;1;nom
valdésien;1;nr
5k;1;nr
lacus;1;nr
lémanus;1;nr
naiiiiv;1;nr
suisseallemand;1;nr
genevous;1;nr
confédérarion;1;nr
extremement;1;nr
àmoi;1;nr
maps;1;nr
référencements;1;nr
amors;1;nr
survenir;1;ver
togolais;1;adj
vaudos;1;nr
blecherette;1;nr
pives;1;nr
evian;1;nr
emji_drapeau_lettonie;1;nr
esf;1;nr
ubuesques;1;nr
xb;1;nr
pharmacien;1;nom
sportivement;1;adv
broncher;1;ver
tjt;1;nr
aristocrate;1;nom
qqc;1;nr
suisso;1;nr
embouchure;1;nom
plain;1;adj
mécontent;1;adj
appelerait;1;nr
jouxter;1;nr
sahara;1;nr
ginevra;1;nr
neeeeeeeeeeeve;1;nr
lémanique;1;nr
eiffeil;1;nr
espacité;1;nr
guèguerre;1;nr
folklore;1;nom
césar;1;nom
nevoise;1;nr
trad;1;nr
bodensee;1;nr
1815;1;num
péréquation;1;nom
financièrew;1;nr
négoce;1;nom
manufacture;1;nom
horlogères;1;nr
cern;1;nr
1797;1;num
cripti;1;nr
carolingien;1;adj
lucettei;1;nr
emji_poing_de_face_peau_claire;1;nom
gneve;1;nr
punchline;1;nr
suprématie;1;nom
multiculturel;1;adj
managériales;1;nr
centralisées;1;nr
négligence;1;nom
instrumentalisation;1;nr
republique;1;nr
bécile;1;nr
peteux;1;nr
frocard;1;nom
coiffage;1;nr
huguette;1;nr
toiletteurs;1;nr
canin;1;adj
édimbourg;1;nr
wetherspoon;1;nr
emji_drapeau_écosse;1;nr
visual;1;nr
tuyo;1;nr
ecosse;1;nr
vrrai;1;nr
emji_princesse;1;nom
independents;1;nr
legende;1;nr
vetement;1;nr
aspi;1;nom
menages;1;nr
épuisant;1;adj
parter;1;nr
décaler;1;ver
maniaque;1;nom
frustrant;1;adj
attouchement;1;nom
consentir;1;ver
fannnnnn;1;nr
aiiimes;1;nr
spotevent;1;nr
hateb;1;nr
angèle;1;nr
britney;1;nr
rmi;1;nr
nostalgiiiie;1;nr
aiiiiiiime;1;nr
empiler;1;ver
bluetooth;1;nr
retentir;1;ver
desastreuse;1;nr
jvai;1;nr
siroter;1;ver
furtivement;1;adv
panouille;1;nom
endimanché;1;adj
13h30;1;nr
broadcast;1;nr
télécom;1;nr
emji_bowling;1;nr
snak;1;nr
emji_cuisinier;1;nom
6110;1;num
6150;1;num
contactes;1;nr
3310;1;num
téléchargeais;1;nr
20ct;1;nr
maupassant;1;nr
mangnifique;1;nr
sfr;1;nr
entubaient;1;nr
graphique;1;nom
1250;1;num
6310i;1;nr
3650;1;num
carambar;1;nom
waze;1;nr
cheir;1;nr
v360;1;nr
xiaomi;1;nr
wrap;1;nr
7110;1;num
avantgoat;1;nr
spyder;1;nr
pépouse;1;nr
externe;1;adj
complètementaire;1;nr
75balles;1;nr
50cts;1;nr
implant;1;nom
emji_robot;1;nom
horlogerie;1;nom
wiesel;1;nr
prépayer;1;ver
wappait;1;nr
pay;1;nr
succesful;1;nr
europeans;1;nr
mesmerized;1;nr
audrey;1;nr
tautou;1;nr
saliver;1;ver
zebra;1;nr
exists;1;nr
genio;1;nr
unvergesslich;1;nr
hiciste;1;nr
enamorara;1;nr
patinaje;1;nr
fab;1;nr
emocion;1;nr
moving;1;nr
aaahhh;1;nr
talentoso;1;nr
discovered;1;nr
appreciate;1;nr
emociona;1;nr
triunfos;1;nr
históricos;1;nr
realidad;1;nr
emocionamos;1;nr
unico;1;nr
inimitabile;1;nr
stile;1;nr
trasmettere;1;nr
emozioni;1;nr
esce;1;nr
ghiaccio;1;nr
raro;1;nr
artistry;1;nr
sensibility;1;nr
eternal;1;nr
opened;1;nr
hearts;1;nr
kindly;1;nr
onnice;1;nr
watched;1;nr
patinadores;1;nr
expresividad;1;nr
touched;1;nr
zenati;1;nr
personalidad;1;nr
graceful;1;nr
lp;1;nr
éxitos;1;nr
lieblings;1;nr
eiskunstläufer;1;nr
backstage;1;nr
presentation;1;nr
caratura;1;nr
ganó;1;nr
título;1;nr
campeón;1;nr
posicionada;1;nr
giradores;1;nr
programa;1;nr
magical;1;nr
esthetic;1;nr
encounter;1;nr
podido;1;nr
contigo;1;nr
través;1;nr
pantallas;1;nr
stunnings;1;nr
programs;1;nr
honor;1;nr
illiez;1;nr
screening;1;nr
inspiring;1;nr
emji_bébé_ange_peau_légèrement_mate;1;nr
mao;1;nom
asada;1;nr
flamber;1;ver
neuchateloises;1;nr
emji_carré_bleu;1;nr
volgt;1;nr
oligopole;1;nr
volg;1;nr
coopè;1;nr
kharyin;1;nr
bjouj;1;nr
ghali;1;nr
9ias;1;nr
fusionner;1;ver
jews;1;nr
prodega;1;nr
migrooooos;1;nr
dépanneur;1;nom
365j;1;nr
süd;1;nr
personnellememt;1;nr
emji_flèche_droite;1;nr
personnalisés;1;nr
supercard;1;nr
substantiel;1;adj
167;1;num
166;1;num
162;1;num
mouvementé;1;adj
htag_teamcoop;1;nr
autocentré;1;nr
coooppp;1;nr
100000;1;num
alcohol;1;nr
waro;1;nr
vietnamien;1;adj
8pcs;1;nr
coopet;1;nr
denneeeeeeeeeeeeeeeer;1;nr
snacking;1;nr
watson;1;nr
cooop;1;nr
géographiquement;1;adv
implanter;1;ver
ya1;1;nr
fusionnez;1;nr
acool;1;nr
dépérir;1;ver
pizettes;1;nr
coquerli;1;nr
struddel;1;nr
lydl;1;nr
rénovent;1;nr
orangeraie;1;nom
faigant;1;nr
stalk;1;nr
végétarien;1;adj
sauvignon;1;nom
pacha;1;nom
lescent;1;nr
transcription;1;nom
diabl0x9;1;nr
hiers;1;nr
nipplegate;1;nr
thovex;1;nr
bertta;1;nr
pollack;1;nr
htag_onachevebienleschevaux;1;nr
constellation;1;nom
partiiiiii;1;nr
cabrel;1;nr
échauffer;1;ver
malheureu;1;nr
mcfly;1;nr
complexifie;1;nr
arriv;1;nr
pikouzes;1;nr
multiculturalisme;1;nom
factoriel;1;nom
evident;1;nr
evolution;1;nr
boots;1;nom
emji_lune_croissante;1;nom
dûe;1;nr
unanimité;1;nom
kremlin;1;nom
negligeable;1;nr
cumulée;1;nr
planachaux;1;nr
raviver;1;ver
cholàlààà;1;nr
cupide;1;adj
immontrable;1;nr
insalubre;1;adj
gaudens;1;nr
voidinege;1;nr
obdesd;1;nr
comtein;1;nr
vczbian;1;nr
foett;1;nr
aviibun;1;nr
mobil_home;1;nom
trtr;1;nr
envirron;1;nr
mêmec;1;nr
coml;1;nr
pouvsoi;1;nr
nedtvplu;1;nr
gon;1;nom
coro;1;nr
lecdupetflux;1;nr
kectticitee;1;nr
libavun;1;nr
jaim;1;nr
qin;1;nr
surfait;1;adj
jl;1;nr
constructible;1;nr
ecrire;1;nr
boure;1;nr
exemy;1;nr
bcq;1;nr
vicious;1;nr
society;1;nr
sistem;1;nr
21eme;1;nr
capricorne;1;nom
lontano;1;nr
poeta;1;nr
htag_bonnevieatoicélestin;1;nr
gb;1;nr
fuertes;1;nr
valientes;1;nr
vouii;1;nr
28796208;1;num
html;1;nr
adoucir;1;ver
invidio;1;nr
techniq;1;nr
philosofie;1;nr
htag_revienscelestin;1;nom_sup
evidence;1;nr
mangeoire;1;nom
semplicità;1;nr
celestine;1;nr
cueilleur;1;nom
airbnb;1;nr
choosed;1;nr
ponctionnée;1;nr
désincarné;1;nom
asphodèle;1;nom
emji_poissons;1;nom
filosophie;1;nr
yamamémé;1;nr
recepé;1;nr
amines;1;nr
57vans;1;nr
arlette;1;nr
mazzilli;1;nr
saféréfléchir;1;nr
bla_bla_bla_bla_bla_bla_bla_bla_bla_bla;1;nr
langouste;1;nom
angus;1;nr
massage;1;nom
dorer;1;ver
celestian;1;nr
emji_voie_lactée;1;nr
corrèze;1;nr
tronçonner;1;ver
americain;1;nr
urbanisation;1;nom
nuissances;1;nr
maisonnette;1;nom
ceslestin;1;nr
ahahahahah;1;nr
padme;1;nr
transférér;1;nr
dictateur;1;nom
cohtag_;1;nr
célestine;1;nr
könnten;1;nr
ihm;1;nr
lernen;1;nr
geld;1;nr
macht;1;nr
heerlijk;1;nr
deel;1;nr
1ccord;1;nr
simplet;1;nom
antipode;1;nom
connaîtr;1;nr
inonder;1;ver
tpmp;1;nr
liberte;1;nr
utis;1;nr
hypnothérapeute;1;nr
sign;1;nr
pops;1;nr
rugby;1;nom
touz;1;nr
prennant;1;nr
tagada;1;ono
nyouk;1;nr
ta3;1;nr
chkoupi;1;nr
esy;1;nr
staarrrr;1;nr
prissou;1;nr
caressage;1;nr
zarb;1;nr
vivelle;1;nr
dop;1;nr
lotus;1;nom
tektonic;1;nr
emji_jean;1;nr
tonic;1;nom
oeoeee;1;nr
loure;1;nr
skilakaliplop;1;nr
manipoulop;1;nr
kiffee;1;nr
fesai;1;nr
mddrr;1;nr
telleent;1;nr
acropole;1;nom
maiiiiis;1;nr
en2008;1;nr
jrjjjfuuyrbbrbfuhr;1;nr
zumba;1;nr
anthony;1;nr
envrai;1;nr
retournement;1;nom
freya;1;nr
allan;1;nr
ciri;1;nr
witcher;1;nr
phasme;1;nom
ophélie;1;nr
tec;1;nom
sthylé;1;nr
ty;1;nr
1an;1;nr
nyancat;1;nr
reyel;1;nr
racketter;1;ver
scrooling;1;nr
ciril;1;nr
10h00;1;nr
jayjay91;1;nr
tonga;1;nr
ndry;1;nr
foana;1;nr
ato;1;nr
tsaiko;1;nr
synchro;1;adj
tena;1;nr
tadidiko;1;nr
koa;1;nr
tsy;1;nr
azo;1;nr
tuser_;1;nr
reny;1;nr
sacrament;1;nr
pitit;1;nr
tektonick;1;nr
guytou;1;nr
techtonikkkkkkkk;1;nr
damier;1;nom
htag_tektonikforever;1;nom_sup
worry;1;nr
bruuuuh;1;nr
chokbar;1;nr
shilloh;1;nr
genderfluides;1;nr
hd;1;nr
conpressent;1;nr
explicitement;1;adv
prose;1;nom
blitzkrieger;1;nr
tektonique;1;nr
shi;1;nr
donjon;1;nom
bouftou;1;nr
dofus;1;nr
kaffy;1;nr
déhanché;1;adj
endiablais;1;nr
dancefloor;1;nr
rennais;1;adj
reik;1;nr
grazint;1;nr
treillis;1;nom
rigolitude;1;nr
tue_mouche;1;adj
techtonique;1;nr
blaze;1;nom
veillissez;1;nr
lartaut;1;nr
ap;1;nr
irlandais;1;adj
memtpas;1;nr
wouaf;1;nr
doliprane;1;nr
franchemekt;1;nr
mouv;1;nr
tektonikileurs;1;nr
22h30;1;nr
lily;1;nr
technoland;1;nr
tchecker;1;nr
3634;1;num
truk;1;nr
huuuuuuuummm;1;nr
gw3r;1;nr
bahahahahahahaaha;1;nr
forum;1;nom
ptddddddddddrrrrrrrrrrrr;1;nr
mimounnnn;1;nr
maaaaiiiiis;1;nr
mimouuun;1;nr
maness;1;nr
souhil;1;nr
teck;1;nom
emmêler;1;ver
jayjay;1;nr
chuck;1;nr
norris;1;nr
karaté;1;nom
djettes;1;nr
price;1;nr
dynamisme;1;nom
biaggi;1;nr
filant;1;adj
lard;1;nom
collabo;1;nom
diplômer;1;ver
embrouiller;1;ver
achtung;1;nr
htag_vieux;1;nr
lobotiser;1;nr
vic;1;nr
rillieux;1;nr
beauvais;1;nom
hahahahahahhaa;1;nr
jeje;1;nr
35ans;1;nr
déterrer;1;ver
bonnement;1;adv
latourette;1;nr
évaporé;1;adj
haah;1;nr
baud;1;nom
pitie;1;nr
danseu;1;nr
kekes;1;nr
tektonikkkkkkk;1;nr
ewinn;1;nr
laches;1;nr
lettré;1;nom
feur;1;nr
rabaissés;1;nr
jt;1;nr
1908;1;num
peneu;1;nr
brêle;1;nr
emboucaner;1;nr
empéguer;1;nr
neguer;1;nr
anonymement;1;adv
revêche;1;adj
doja;1;nr
panam;1;nr
teknonik;1;nr
brouillon;1;nom
lucid;1;nr
métropolis;1;nr
woaaaaaa;1;nr
15k;1;nr
oauui;1;nr
subgoal;1;nr
chorée;1;nom
wahhh;1;nr
askip;1;nr
suspens;1;nom
synergie;1;nom
fidget;1;nr
teckno;1;nr
democratiquement;1;nr
coercitif;1;adj
tiktocnite;1;nr
sismologue;1;nom
lignac;1;nr
hallucinogène;1;adj
teases;1;nr
appreciée;1;nr
wouaouhh;1;nr
anyplace;1;nr
anytime;1;nr
beaut;1;nr
mmain;1;nr
mccandless;1;nr
piole;1;nr
gîte;1;nom
auto_stoppeur;1;nom
commentry;1;nr
apothéose;1;nom
autostopeurs;1;nr
banir;1;nr
fridge;1;nr
intelli;1;nr
tupairevare;1;nr
tuppevare;1;nr
teupeurvoire;1;nr
rendovisions;1;nr
cheker;1;nr
sùre;1;nr
toupère;1;nr
varre;1;nr
intoxiquait;1;nr
gaton;1;nr
unusable;1;nr
hermétique;1;adj
exhaustif;1;adj
boiiiiiiites;1;nr
shake;1;nr
tupervare;1;nr
godefroy;1;nr
montmirail;1;nr
tuperware;1;nr
tuppervarrre;1;nr
bolognais;1;adj
c4ncers;1;nr
fétiche;1;nom
shèkeur;1;nr
shaiiiikeeeeerrrrr;1;nr
miriam;1;nr
shakers;1;nr
cheh;1;nr
tuppervvvaaaaar;1;nr
essoreuses;1;nr
tupairwouare;1;nr
chèquaireeee;1;nr
mouhahahaha;1;nr
tourte;1;nom
shèkerrrrrrrrrrrs;1;nr
shékèrrrr;1;nr
ahahahahahshahahahahah;1;nr
chèquaires;1;nr
teupeurwaire;1;nr
tup;1;nr
jaccouille;1;nr
fuckerware;1;nr
frigidaire;1;nom
fwidge;1;nr
smwart;1;nr
shèkèrrrr;1;nr
ingerer;1;nr
fieu;1;nom
vier;1;nr
patricia;1;nr
thermoplastique;1;nr
incassable;1;adj
pertubateur;1;nr
2fois;1;nr
achevé;1;adj
tware;1;nr
shakeeeeur;1;nr
betacam;1;nr
dv;1;nr
analogique;1;adj
35mm;1;nr
rtl9;1;nr
méduser;1;ver
horriblement;1;adv
shékèrrrre;1;nr
pyrex;1;nom
inox;1;nom
tranchant;1;adj
fwidg;1;nr
smawt;1;nr
dissoute;1;adj
ingurgitez;1;nr
réapparaître;1;ver
rondovisions;1;nr
tupeurvar;1;nr
frigeau;1;nr
lèguerais;1;nr
rondovision;1;nr
carie;1;nom
esquisser;1;ver
lave_vaisselle;1;nom
rerangeait;1;nr
tuppervarrr;1;nr
tuppervaaar;1;nr
chékèèrrrrrrr;1;nr
tupperwâââre;1;nr
qaaaahahahahahahahahahahhahahah;1;nr
tuppeurouar;1;nr
spaetzles;1;nr
tappervarrr;1;nr
shékèèèrr;1;nr
tuprrrrr;1;nr
tsu;1;nr
warre;1;nr
maitenant;1;nr
cgauffer;1;nr
tupps;1;nr
ovaire;1;nom
privilégiez;1;nr
2031;1;num
thromboses;1;nr
rtl;1;nr
vulcanologue;1;nom
3ans;1;nr
3500;1;num
invariablement;1;adv
éxistait;1;nr
handmaid;1;nr
taler;1;ver
margaret;1;nr
atwood;1;nr
commodore;1;nom
politiico;1;nr
dumont;1;nr
présidentiel;1;adj
qatar;1;nr
ventilation;1;nom
trops;1;nr
resout;1;nr
rechauffement;1;nr
sot;1;nom
sire;1;nom
pakistanais;1;nom
bangladesh;1;nr
afghan;1;adj
4b;1;nr
htag_gazagenocide;1;nr
ww3;1;nr
empoisonnement;1;nom
perspectivistes;1;nr
octet;1;nom
128go;1;nr
lama;1;nom
initiatique;1;adj
adoration;1;nom
luciférianisme;1;nr
vaudou;1;nom
florissant;1;adj
inévitablement;1;adv
responsabiliseraient;1;nr
puuuunaise;1;nr
mûrir;1;ver
faner;1;ver
faiseur;1;nom
calembredaine;1;nom
affaiblir;1;ver
asséner;1;ver
fada;1;adj
paco;1;nr
raban;1;nom
autodetruira;1;nr
abysse;1;nom
vaccinait;1;nr
reverdirait;1;nr
ças;1;nr
lordinateur;1;nr
mallards;1;nr
balo;1;nr
envaillirent;1;nr
charia;1;nom
actée;1;nr
predictive;1;nr
programming;1;nr
finest;1;nr
coudray;1;nr
putréfaction;1;nom
faiblard;1;adj
ps6;1;nr
exctinction;1;nr
reactualisation;1;nr
emji_drapeau_saint_martin;1;nom
decide;1;nr
déblatérer;1;ver
franc_maçon;1;nom
discount;1;nom
nostradamus;1;nr
skynet;1;nr
fédéré;1;nom
elites;1;nr
yapproche;1;nr
ey;1;nr
déséquibre;1;nr
minoroté;1;nr
blocage;1;nom
dynamque;1;nr
mil;1;adj_num
disquette;1;nom
ider;1;nr
flat;1;adj
ernellement;1;nr
nous_même;1;pro_per
diabolique;1;adj
ancréant;1;nr
sataniste;1;adj
remords;1;nom
iner;1;nr
immortalité;1;nom
déraciner;1;ver
démolisseur;1;nom
dévastateur;1;adj
programmement;1;nr
accaparer;1;ver
oracle;1;nom
decrit;1;nr
mortifère;1;adj
developpement;1;nr
incertain;1;adj
prospective;1;nom
resultats;1;nr
technologieset;1;nr
prospectives;1;nr
extermination;1;nom
vaxxyn;1;nr
anticovid;1;nr
surmortalité;1;nr
myocardites;1;nr
aviaire;1;adj
eugénistes;1;nr
notoire;1;adj
cultivable;1;adj
resserrement;1;nom
gueux;1;nom
qr;1;nr
zfe;1;nr
marionettes;1;nr
silenciés;1;nr
beme;1;nr
neocotinoides;1;nr
anticapitalistes;1;nr
captation;1;nom
obscurantiste;1;nom
pyramidal;1;adj
dérèglement;1;nom
anathème;1;nom
politiser;1;ver
vanguard;1;nr
rotschild;1;nr
rockfeller;1;nr
néocotinoïdes;1;nr
consensuel;1;adj
gérondeau;1;nr
gervais;1;nr
clauser;1;nr
fondation;1;nom
clintel;1;nr
affabulation;1;nom
optimum;1;nom
holocène;1;nr
glacière;1;nom
gage;1;nom
incrémenté;1;nr
tournesol;1;nom
pisse_froid;1;nom
dominant;1;adj
biosphère;1;nom
proteines;1;nr
vegetales;1;nr
vegetarien;1;nr
clairment;1;nr
grosso_modo;1;adv
démographique;1;adj
defintion;1;nr
emji_femme_qui_s_incline;1;nom
légitimer;1;ver
maintes;1;adj_ind
pleadiens;1;nr
hertiens;1;nr
gigantisme;1;nom
atlante;1;nom
erectus;1;nr
nabilis;1;nr
neanderthal;1;nr
éteint;1;adj
hubln;1;nr
neandertal;1;nr
apparenter;1;ver
ergaster;1;nr
planck;1;nr
inattention;1;nom
fak___;1;nr
atalli;1;nr
emji_homme_paume_vers_le_haut;1;nom
felicitations;1;nr
gau;1;nr
geux;1;nr
spoil;1;nr
caste;1;nom
amassement;1;nr
rafler;1;ver
prétexter;1;ver
gourer;1;ver
chutte;1;nr
developpés;1;nr
egalement;1;nr
modélisation;1;nom
suffismament;1;nr
alarmer;1;ver
corona;1;nom
1789;1;num
coupret;1;nr
extorsion;1;nom
covid19;1;nr
shomsky;1;nr
milgram;1;nr
bernays;1;nr
huxley;1;nr
trucque;1;nr
autoproclamés;1;nr
messianique;1;adj
dumur;1;nr
prislova;1;nr
enigma;1;nr
patente;1;nom
consultable;1;adj
krystoffero_;1;nr
douma;1;nom
emji_femme_faisant_un_geste_d_acceptation_peau_légèrement_mate;1;nr
futurologues;1;nr
débrancher;1;ver
habitabilité;1;nom
encrage;1;nom
admirateur;1;nom
zélé;1;adj
enc;1;nr
lons;1;nr
aluminium;1;nom
molotov;1;nr
réutilisée;1;nr
économicité;1;nr
décime;1;nom
contraignant;1;adj
repayer;1;ver
relaver;1;ver
20x;1;nr
boulange;1;nom
étoilé;1;adj
cuve;1;nom
fidéliser;1;ver
entuber;1;ver
stockage;1;nom
soda;1;nom
recuperant;1;nr
farine;1;nom
usqges;1;nr
véolia;1;nr
pomper;1;ver
40ct;1;nr
uros;1;nr
55957;1;num
refondre;1;ver
réutilisation;1;nom
vetropack;1;nr
revende;1;nr
40ctes;1;nr
livreur;1;nom
25chf;1;nr
récupèreraient;1;nr
contriburaient;1;nr
lavé;1;adj
cocacola;1;nr
remplissage;1;nom
redistribution;1;nom
schindler;1;nr
beck;1;nr
samplé;1;nr
moog;1;nr
hyman;1;nr
triage;1;nom
benne;1;nom
ledit;1;adj
swisscitizen;1;nr
broyé;1;adj
prex;1;nr
transparence;1;nom
dépense;1;nom
cagette;1;nom
porte_bouteilles;1;nom
qlqs;1;nr
restituer;1;ver
retraitement;1;nom
ennplace;1;nr
arrivees;1;nr
azimut;1;nom
qul;1;nr
pingouin;1;nom
chirurgical;1;adj
1802;1;num
blanc_seing;1;nom
passionnel;1;adj
mansuétude;1;nom
juré;1;nom
assise;1;nom
neuwirth;1;nr
juridique;1;adj
1792;1;num
éveillé;1;adj
combatives;1;nr
picardie;1;nr
innondation;1;nr
chorfa;1;nr
zaouia;1;nr
décupler;1;ver
priorise;1;nr
prétention;1;nom
dissuasion;1;nom
hemmes;1;nr
emji_symbole_de_la_communauté_transgenre;1;nr
sayais;1;nr
golddiggers;1;nr
excisees;1;nr
mukwege;1;nr
reconstructive;1;nr
dénudé;1;adj
péjore;1;nr
justifiantes;1;nr
palier;1;nom
renvoit;1;nr
mascus;1;nr
confortent;1;nr
dévouer;1;ver
imposable;1;adj
matriarcat;1;nom
tradwife;1;nr
révolter;1;ver
lesstructires;1;nr
amoindrir;1;ver
vigueur;1;nom
vieu;1;nr
bono;1;nr
coursera;1;nr
epfl;1;nr
lami;1;nr
pieplu;1;nr
coteau;1;nom
longplay;1;nr
dauphin;1;nom
propédeutique;1;nr
polytechnique;1;nom
ronald;1;nr
beaucoups;1;nr
avoirent;1;nr
pat;1;adj
pf;1;nr
mélenchon;1;nr
merdeux;1;nom
moitier;1;nr
alphas;1;nr
alllez;1;nr
freestyle;1;nr
jujotte;1;nr
diagnostiquer;1;ver
htag_cetaitmieuxavant;1;nom_sup
hétérogène;1;adj
reussites;1;nr
j22;1;nr
emji_billet_en_yens;1;nom
dkzpke;1;nr
ov7f;1;nr
igsh;1;nr
owgwmm12z21oogty;1;nr
ambiancé;1;nr
encarta;1;nr
7x5;1;nr
etions;1;nr
charcutent;1;nr
bulot;1;nom
oupssssssssss;1;nr
mélodieux;1;adj
déconcentrer;1;ver
muet;1;adj
apprant;1;nr
ove;1;nom
tabler;1;ver
multiplicar;1;nr
niquelada;1;nr
piden;1;nr
tenían;1;nr
calcular;1;nr
mitades;1;nr
sumas;1;nr
calculan;1;nr
enseñan;1;nr
feminismo;1;nr
ecología;1;nr
pppfff;1;nr
phy;1;nr
histórica;1;nr
siquiera;1;nr
oralement;1;adv
maso;1;nom
maestra;1;nr
estrictas;1;nr
tablas;1;nr
fageol;1;nr
prioul;1;nr
loing;1;nr
massification;1;nr
attentionnel;1;nr
chip;1;nom
ouich;1;nr
appri;1;nr
anes;1;nr
heuuuuuuu;1;nr
trélex;1;nr
ecrites;1;nr
obéissance;1;nom
quadruple;1;adj
pôv;1;nr
championnet;1;nr
18éme;1;nr
dénaturé;1;adj
htag_frexit;1;nom_sup
huittant;1;nr
loinn;1;nr
joutel;1;nr
brusque;1;adj
recitait;1;nr
emji_croquette_de_poisson;1;nom
héééé;1;nr
préfecture;1;nom
buvard;1;nom
bourricot;1;nom
arffff;1;nr
soustraire;1;ver
maya;1;adj
huitendre;1;nr
aritm;1;nr
tabelline;1;nr
spiegate;1;nr
canzoncine;1;nr
settembre;1;nr
rispondono;1;nr
miracolo;1;nr
ballo;1;nr
samba;1;nom
hoet;1;nr
wautier;1;nr
adorei;1;nr
progéniture;1;nom
htag_annéessoixante_dix;1;nr
tsa;1;nr
élitiste;1;adj
truffer;1;ver
démissionnaire;1;nom
rhum;1;nom
nitre;1;nom
methode;1;nr
emji_rugby;1;nom
imaya;1;nr
mathing;1;nr
chahut;1;nom
sollicitation;1;nom
septante_cinq;1;adj_num
soixante_quinze;1;adj_num
excepter;1;ver
supplanter;1;ver
plate_forme;1;nom
woulah;1;nr
soûl;1;adj
quatrième;1;adj
3n;1;nr
difficul;1;nr
gestuticulent;1;nr
émulsion;1;nom
tunpeux;1;nr
boomeuses;1;nr
bifurquaient;1;nr
lemaire;1;nr
existées;1;nr
réactivitè;1;nr
etzit;1;nr
clause;1;nom
serettrnt;1;nr
extérieurspour;1;nr
illégitime;1;adj
dévoyer;1;ver
recadré;1;nr
infantilisantes;1;nr
sécurisent;1;nr
insidieux;1;adj
manipulable;1;adj
publicitairement;1;adv
ée;1;nr
pensionnaire;1;nom
démoraliser;1;ver
fraterie;1;nr
épuisement;1;nom
medecins;1;nr
ocde;1;nr
careful;1;nr
destroy;1;adj
trachtenberg;1;nr
troive;1;nr
graduates;1;nr
fourniture;1;nom
récapituler;1;ver
grammatical;1;adj
cesten;1;nr
mentali;1;nr
heuuuuuu;1;nr
touraine;1;nr
boureau;1;nr
htag_pasdeclimatsanseau;1;nom_sup
garce;1;nom
balec;1;nr
wolla;1;nr
haaaaaa;1;nr
x5;1;nr
pavlovien;1;adj
mylene;1;nr
baccalauréat;1;nom
connnnns;1;nr
scolarisé;1;nr
ânonner;1;ver
tardif;1;adj
ogresse;1;nom
2x7;1;nr
bienséance;1;nom
caniveau;1;nom
niveler;1;ver
7x7;1;nr
médiocratie;1;nr
heriditaire;1;nr
acharnement;1;nom
debilisante;1;nr
ecoliers;1;nr
vaillant;1;adj
immortaliser;1;ver
probant;1;adj
écroulement;1;nom
apprendreavec;1;nr
ahurissant;1;adj
tiquer;1;ver
circonscription;1;nom
pirls;1;nr
timss;1;nr
zep;1;nr
ragot;1;nom
méconnaissances;1;nr
ali3rs;1;nr
cay;1;nr
brouiller;1;ver
venirven;1;nr
pourcoarler;1;nr
ouèch;1;nr
passéisme;1;nr
classescomme;1;nr
aesh;1;nr
passéiste;1;adj
loyauté;1;nom
rejeton;1;nom
beaucoupde;1;nr
arithmétique;1;nom
soustraction;1;nom
ètait;1;nr
révision;1;nom
topo;1;nom
synthétiser;1;ver
recopier;1;ver
cointervention;1;nr
lecons;1;nr
décrier;1;ver
suisicd;1;nr
exangue;1;nr
écoper;1;ver
oucela;1;nr
intolérable;1;adj
3ieme;1;nr
denigrée;1;nr
5ieme;1;nr
contentaut;1;nr
vivoter;1;ver
6ieme;1;nr
brefune;1;nr
blessant;1;adj
maltraitants;1;nr
répétitas;1;nr
preoccupante;1;nr
tempe;1;nom
decapite;1;nr
inquietant;1;nr
laxiste;1;adj
htag_on;1;nom_sup
postolet;1;nr
schnock;1;nom
momentan;1;nr
choke;1;nom
1872;1;num
fritter;1;ver
satisfaisant;1;adj
incollables;1;nr
responder;1;nr
etcest;1;nr
boba;1;nr
indéniablement;1;adv
roter;1;ver
learing;1;nr
repetitif;1;nr
reflechir;1;nr
progres;1;nr
arrivee;1;nr
comprennaient;1;nr
bouclier;1;nom
11ans;1;nr
affirmerais;1;nr
lobotomises;1;nr
scolaure;1;nr
nule;1;nr
emji_porte_documents;1;nom
emji_page;1;nom
céladon;1;nom
dissoudre;1;ver
ideme;1;nr
fibt;1;nr
lrs;1;nr
exaspérant;1;adj
croupier;1;nom
elèves;1;nr
encrier;1;nom
pupitre;1;nom
huiptante;1;nr
mzis;1;nr
validés;1;nr
méninge;1;nom
divison;1;nr
systématique;1;adj
wouesh;1;nr
répétitoires;1;nr
accumulation;1;nom
innovantes;1;nr
ergonomie;1;nom
environnant;1;adj
malotru;1;nom
structuration;1;nr
moux;1;nr
conciliation;1;nom
savoir_vivre;1;nom
connexe;1;adj
repetitoire;1;nr
inconfort;1;nom
ramarque;1;nr
buée;1;nom
queque;1;nr
nax;1;nr
diligence;1;nom
olivet;1;nr
kong;1;nr
particularisme;1;nom
tiaffe;1;nr
panooooosse;1;nr
gueulois;1;nr
khalos;1;nr
qw;1;nr
jreconnais;1;nr
épaiset;1;nr
bringelle;1;nr
schlape;1;nr
chiac;1;nr
bcoup;1;nr
sohk;1;nr
poutch;1;nr
schecks;1;nr
lapa;1;nr
hardcore;1;nr
schlapattes;1;nr
tongues;1;nr
chlop;1;nr
shnecks;1;nr
fertomi;1;nr
chneck;1;nr
juteux;1;adj
aouue;1;nr
lavéte;1;nr
chenoudékaloss;1;nr
mde;1;nr
shneks;1;nr
constume;1;nr
crémeux;1;adj
plusblour;1;nr
chnecks;1;nr
accointance;1;nom
heeein;1;nr
inculcalable;1;nr
nancy;1;nr
meuse;1;nr
radiologique;1;adj
scaphoïde;1;adj
scheink;1;nr
zac;1;nr
encoublais;1;nr
lucie;1;nr
duvet;1;nom
scheck;1;nr
uniformiser;1;ver
namek;1;nr
chlapppppp;1;nr
chablais;1;nr
nonnante;1;nr
heins;1;nr
aimèe;1;nr
numbres;1;nr
francaises;1;nr
item;1;nom
panoce;1;nr
mouffle;1;nr
debarbouilette;1;nr
couque;1;nom
schmer;1;nr
emji_trident;1;nom
alemanique;1;nr
gan;1;nom
rucksac;1;nr
26min;1;nr
scnheck;1;nr
lessiverie;1;nr
batoiller;1;nr
jacasser;1;ver
chenoille;1;nr
canaille;1;nom
clopet;1;nr
gouille;1;nr
flaque;1;nom
toréer;1;ver
rapercher;1;nr
ratrapper;1;nr
bringue;1;nom
cupesser;1;nr
piorner;1;nr
mailler;1;ver
hannn;1;nr
gaille;1;nr
tchoup;1;nr
rbique;1;nr
chneks;1;nr
ètulise;1;nr
topio;1;nr
bégeille;1;nr
mosellan;1;nr
péjorativement;1;adv
skibidi;1;nr
zezette;1;nr
chnek;1;nr
mauricien;1;nr
trooooop;1;nr
beatbox;1;nr
snek;1;nr
xdddddd;1;nr
pinceau;1;nom
complaisant;1;adj
rhin;1;nr
germano;1;adv
interwiew;1;nr
técolle;1;nr
schapl;1;nr
baah;1;nr
kessé;1;nr
ecoutez;1;nr
sentendre;1;nr
ratz;1;nr
glandouiller;1;ver
shmere;1;nr
sthal;1;nr
schrott;1;nr
raklos;1;nr
schmirlap;1;nr
chtar;1;nom
pantz;1;nr
bekter;1;nr
knep;1;nr
klatz;1;nr
schtrak;1;nr
chlouks;1;nr
schtritz;1;nr
schmouse;1;nr
latz;1;nr
raoudis;1;nr
chlappes;1;nr
boumeleur;1;nr
kipper;1;nom
essuis;1;nr
schnudel;1;nr
schroupa;1;nr
ratchant;1;nr
schmek;1;nr
bektes;1;nr
schtuk;1;nr
chocorem;1;nr
schlass;1;nom
schmouzer;1;nr
schatz;1;nr
achlor;1;nr
schtarbés;1;nr
schpitz;1;nr
schtrinssé;1;nr
schtoss;1;nr
routchté;1;nr
musette;1;nom
schneiss;1;nr
schlaque;1;nr
fratz;1;nr
nekchmoll;1;nr
menage;1;nr
dénomination;1;nom
emji_bulles;1;nom
adjudant;1;nom
belliqueux;1;adj
slash;1;nom
sandalette;1;nom
schikley;1;nr
godtier;1;nr
kalos;1;nr
caloss;1;nr
riclette;1;nr
reagissait;1;nr
approximatif;1;adj
patoi;1;nr
confection;1;nom
socorro;1;nr
suíça;1;nr
fazendo;1;nr
morteau;1;nr
locle;1;nr
roiller;1;nr
francique;1;nr
tttt;1;nr
néerlandais;1;adj
bruxelleois;1;nr
terbi;1;nr
represent;1;nr
marjo;1;nr
moitiée;1;nr
kamoulox;1;nr
finette;1;nom
scheeeeeeeeck;1;nr
calotte;1;nom
orts;1;nr
vosgien;1;nom
chochotte;1;nom
serpillère;1;nr
groseille;1;adj
parenthese;1;nr
trébucher;1;ver
chiclette;1;nr
magasiner;1;ver
sainté;1;nr
1re;1;nr
ouate;1;nom
hydrophile;1;adj
berclure;1;nr
pergula;1;nr
treille;1;nom
pergola;1;nom
tchâsse;1;nr
butt;1;nr
tzauss;1;nr
trjs;1;nr
feminin;1;nr
sneck;1;nr
fleury;1;nr
vicésimal;1;nr
epicetout;1;nr
schwizerdüütsch;1;nr
grossmutre;1;nr
schlagué;1;nr
vatre;1;nr
schteck;1;nr
cramias;1;nr
duquel;1;pro_rel
vicques;1;nr
marnais;1;nr
langres;1;nr
osti;1;nr
scrupuleusement;1;adv
mousseux;1;nom
régionalisme;1;nom
inclusives;1;nr
tablards;1;nr
ttrès;1;nr
comput;1;nom
rrrrrrrrrrr;1;nr
catelles;1;nr
bruxelle;1;nr
frrrance;1;nr
carrrtable;1;nr
buvettli;1;nr
pärisou;1;nr
amode;1;nr
chotte;1;nr
pive;1;nom
babet;1;nr
hoooop;1;nr
unterdrücken;1;nr
schweizerdeutsche;1;nr
minderheit;1;nr
schikanieren;1;nr
sprechen;1;nr
verboten;1;nr
schulen;1;nr
steine;1;nr
ortsschilder;1;nr
stehlen;1;nr
freiheit;1;nr
soll;1;nr
wohl;1;nr
euch;1;nr
gelten;1;nr
gout;1;nr
grogner;1;ver
emogi;1;nr
roye;1;nr
chleu;1;nr
cafignons;1;nr
jail;1;nr
switzerdütsch;1;nr
avece;1;nr
parissiere;1;nr
brioché;1;adj
rouste;1;nom
bourbines;1;nr
conssonance;1;nr
muttr;1;nr
schlagé;1;nr
gouvernante;1;nom
tissu_éponge;1;nom
débarbouillettes;1;nr
schleckr;1;nr
jb;1;nr
cajun;1;adj
louisiane;1;nr
schlapettes;1;nr
houlala;1;nr
charabia;1;nom
piffer;1;ver
francoprovençal;1;nr
sud_ouest;1;nom
schnegg;1;nr
shcneckser;1;nr
homonyme;1;nom
shnkeck;1;nr
teucha;1;nr
foufounne;1;nr
ouuui;1;nr
suiss;1;nr
schlapp;1;nr
rebetez;1;nr
müll;1;nr
jonction;1;nom
naguère;1;adv
yota;1;nr
meprisé;1;nr
séculaire;1;adj
igualito;1;nr
motorisé;1;adj
traversée;1;nom
régressée;1;nr
désacralisons;1;nr
emji_officier_de_police;1;nom
prioriser;1;nr
respirable;1;adj
réprimander;1;ver
hades;1;nr
htag_ulysse31;1;nom_sup
htag_jeanchalopin;1;nom_sup
tacoe;1;nr
scooteristes;1;nr
anarchie;1;nom
emji_homme_peau_claire;1;nom
courtois;1;adj
diff;1;nr
ecraser;1;nr
in_extremis;1;adv
déo;1;nr
saugrenu;1;adj
dégeu;1;nr
ers;1;nom
reppel;1;nr
psychisme;1;nom
millénials;1;nr
bonbec;1;nr
tda;1;nr
affreut;1;nr
nelly;1;nr
arcan;1;nom
aliéner;1;ver
quantos;1;nr
vão;1;nr
prostituindo;1;nr
formas;1;nr
projetam;1;nr
própria;1;nr
vergonha;1;nr
transcendant;1;adj
déréalisation;1;nr
pasun;1;nr
sociologie;1;nom
culpabilisants;1;nr
sideration;1;nr
réchauffé;1;adj
fusion;1;nom
entrevue;1;nom
nièce;1;nom
pulsion;1;nom
beigbeder;1;nr
nourgeois;1;nr
abolitionniste;1;nom
tan_polyvalence;1;nr
aliéné;1;nom
self_défense;1;nom
contre_nature;1;adj
putto;1;nom
erveau;1;nr
reflexe;1;nr
fraudeur;1;nom
leurre;1;nom
zuckerberg;1;nr
vénérien;1;adj
bien_pensants;1;nr
corinne;1;nr
enjoliver;1;ver
euse;1;nr
dissolution;1;nom
ulka;1;nr
proxénète;1;nom
verbalisait;1;nr
paternaliser;1;nr
chacunes;1;nr
biaisé;1;adj
infantilisation;1;nr
colonnisé;1;nr
yaka;1;nr
fokon;1;nr
tarifer;1;ver
emji_parachute;1;nom
xaviere;1;nr
sidération;1;nom
libertaire;1;adj
sphinx;1;nom
courtisan;1;adj
eskargotte;1;nr
deçà;1;adv
cherixxx;1;nr
emji_carte_du_monde;1;nom
putifie;1;nr
fassking;1;nr
toussssxxx;1;nr
engrenage;1;nom
legalisé;1;nr
éclairant;1;adj
exactent;1;nr
financiarisation;1;nr
anonymat;1;nom
investisseur;1;nom
sidérant;1;adj
prostituaient;1;nr
insu;1;nom
staps;1;nr
maitrisent;1;nr
etudiants;1;nr
stit;1;nr
huée;1;nom
disket;1;nr
pissandluv;1;nr
venin;1;nom
absoluement;1;nr
intellectualiser;1;ver
gri;1;nr
denie;1;nr
ruen;1;nr
reflechissant;1;nr
normalisation;1;nom
droiture;1;nom
amandées;1;nr
amendés;1;nr
muser_utilisateurice;1;nr
emji_marque_déposée;1;nr
glamour;1;nom
32k;1;nr
vasque;1;nom
glycine;1;nom
virement;1;nom
32000;1;num
spéculation;1;nom
hargneux;1;adj
valence;1;nom
chasue;1;nr
ejeectaaaaableeee;1;nr
aerien;1;nr
clouer;1;ver
vaaa;1;nr
molo;1;nr
montelimar;1;nr
engelberg;1;nr
bellum;1;nr
wittney;1;nr
configuration;1;nom
c1;1;nr
electric;1;nr
maniabilité;1;nom
ajustement;1;nom
htag_mirage2000;1;nom_sup
htag_mirage3;1;nom_sup
verifie;1;nr
pamplemousse;1;nom
concessionnaire;1;nom
noooonnnnn;1;nr
delatrice;1;nr
ballader;1;nr
détaillé;1;adj
flairer;1;ver
enmerdeurs;1;nr
250gr;1;nr
etccc;1;nr
reagisse;1;nr
pièger;1;nr
adolfo;1;nr
ramirez;1;nr
pentest;1;nr
etiquette;1;nr
100g;1;nr
120g;1;nr
vérif;1;nom
frauder;1;ver
réinsertion;1;nom
1k;1;nr
assaut;1;nom
resquilleur;1;adj
acabit;1;nom
piegé;1;nr
loupe;1;nom
môche;1;nr
emji_banane;1;nom
ordurier;1;adj
moufter;1;ver
dissimulation;1;nom
bique;1;nom
quiche;1;nom
aguerri;1;adj
distrib;1;nr
défavorable;1;adj
soûler;1;ver
cashier;1;nr
caddy;1;nom
piègé;1;nr
remontrance;1;nom
mistere;1;nr
viscieux;1;nr
minuter;1;ver
futfut;1;nr
mwme;1;nr
delhaize;1;nr
dégeullasse;1;nr
fenouil;1;nom
céleri;1;nom
topinambour;1;nom
démineur;1;nom
aléatoire;1;adj
corser;1;ver
tyraniser;1;nr
sacoche;1;nom
taupe;1;nom
infaisable;1;adj
brusquer;1;ver
vibert;1;nr
dejà;1;nr
cadis;1;nr
alcoolau;1;nr
porte_à_faux;1;nom
cubi;1;nr
thro;1;nr
transaction;1;nom
poucave;1;nr
tamp;1;nr
traine;1;nr
réceptionniste;1;nom
hôtellerie;1;nom
vigils;1;nr
imparrable;1;nr
resquiller;1;ver
sécutité;1;nr
mamita;1;nr
croche;1;nom
jadoooooore;1;nr
beuuuurk;1;nr
encombre;1;nom
grosland;1;nr
baliser;1;ver
chipoter;1;ver
durcir;1;ver
majoration;1;nom
encor;1;adv
emji_caméscope;1;nr
emji_cinéma;1;nr
biper;1;ver
inquiètez;1;nr
engu;1;nr
fliquage;1;nr
corporate;1;nr
safran;1;nom
4km;1;nr
escorte;1;nom
kdo;1;nr
mystérieux;1;adj
ennjob;1;nr
drh;1;nr
sous_payer;1;ver
larcin;1;nom
moulu;1;adj
emji_billet_en_euros;1;nom
immensément;1;adv
donnante;1;nr
emji_écureuil;1;nr
emji_stylo_plume_noir;1;nom
inventaire;1;nom
decharger;1;nr
semi_remorquea;1;nr
disont;1;nr
notation;1;nom
6000francs;1;nr
reducs;1;nr
bieeeeen;1;nr
smig;1;nr
rabaissante;1;nr
10h;1;nr
crissier;1;nr
faude;1;nr
nullissime;1;adj
pouffiasse;1;nom
allergie;1;nom
génétiquement;1;adv
aimee;1;nr
catching;1;nr
strays;1;nr
harr;1;nr
cyprine;1;nr
dutartre;1;nr
belledent;1;nr
cretinsky;1;nr
patronymique;1;adj
demoncu;1;nr
vitt;1;nr
yvon;1;nr
tomahawk;1;nom
bonnichon;1;nr
ladant;1;nr
douille;1;nom
laporte;1;nr
portier;1;nom
mabindi;1;nr
rdcongo;1;nr
mouiilemerd;1;nr
gasse;1;nr
lieu_dit;1;nom
boueux;1;adj
vre;1;nr
cueillère;1;nr
bombardier;1;nom
emji_porte;1;nom
gaufrette;1;nom
crét;1;nr
pénisse;1;nr
lafalaise;1;nr
bessecon;1;nr
aupetit;1;nr
poulain;1;nom
mickaël;1;nr
sabrina;1;nr
delaporte;1;nr
lenoir;1;nr
jérôme;1;nr
lesage;1;nr
baisemoitou;1;nr
armand;1;nr
péteur;1;nom
sccent;1;nr
turbin;1;nom
creutin;1;nr
comte;1;nom
moron;1;nr
cosneau;1;nr
regressive;1;nr
coneau;1;nr
cone;1;nr
hardi;1;ono
fournou;1;nr
lhâa;1;nr
lacroute;1;nr
contine;1;nr
betina;1;nr
kabila;1;nr
tcheséqui;1;nr
macumba;1;nom
kokoboumbé;1;nr
nguelé;1;nr
zébougui;1;nr
bonsongo;1;nr
mpuniani;1;nr
nzengué;1;nr
zouboulou;1;nr
mutumba;1;nr
koffi;1;nr
olimde;1;nr
mitengue;1;nr
tshala;1;nr
mwana;1;nr
zabongo;1;nr
bandian;1;nr
kakilambé;1;nr
kouakou;1;nr
fatimata;1;nr
cissé;1;nr
adjé;1;nr
kossi;1;nr
kambalé;1;nr
foutouma;1;nr
collomb;1;nr
duval;1;nr
adada;1;nr
aude;1;nr
clitendre;1;nr
hentaiporn;1;nr
sundae;1;nr
désanges;1;nr
gaétan;1;nr
tanguay;1;nr
deschênes;1;nr
quatreboeuf;1;nr
acneiques;1;nr
eleve;1;nr
maryvonne;1;nr
pethsouvan;1;nr
lanus;1;nr
nustella;1;nr
nusse;1;nr
assi;1;nr
mouillmerde;1;nr
conasse;1;nom
moncut;1;nr
cumon;1;nr
crotin;1;nr
saligot;1;nr
mutualité;1;nom
affilié;1;nom
aumessain;1;nr
lapute;1;nr
cèlà;1;nr
doomed;1;nr
mausolée;1;nom
botin;1;nr
conard;1;nom
cougouille;1;nr
coucouille;1;nr
chique;1;nom
sexologue;1;nom
cuny;1;nr
roty;1;nr
hollard;1;nr
crotteux;1;nr
vendeputte;1;nr
cheuveux;1;nr
bitteaudot;1;nr
enclos;1;nom
vully;1;nr
beaufort;1;nr
caustique;1;adj
berthe;1;nom
sic;1;adv_sup
bezoli;1;nr
farouche;1;adj
sorbet;1;nom
trv;1;nr
crétiin;1;nr
hère;1;nom
taillefumée;1;nr
dégouliner;1;ver
elbaise;1;nr
volland;1;nr
joubite;1;nr
dessalines;1;nr
cunni;1;nr
kkkkk;1;nr
genova;1;nr
piscionero;1;nr
pissenoir;1;nr
teletoon;1;nr
vx;1;nr
lecoq;1;nr
descloux;1;nr
vase;1;nom
aine;1;nom
enfantes;1;nr
nlet;1;nr
bunch;1;nr
cretins;1;nr
probabilité;1;nom
aptonyme;1;nr
bouchesèche;1;nr
mouri;1;nr
hellep;1;nr
lapetasse;1;nr
ampère;1;nom
bizarreeee;1;nr
laurence;1;nr
aimezmoi;1;nr
prévost;1;nr
montcuq;1;nr
appele;1;nr
barbiere;1;nr
mdm;1;nr
oyoyoye;1;nr
wolah;1;nr
grattepanche;1;nr
labitte;1;nr
labitté;1;nr
labbite;1;nr
kebs;1;nr
vachon;1;nr
frankenstein;1;nr
shelley;1;nr
published;1;nr
surname;1;nr
derided;1;nr
latrompette;1;nr
itor;1;nr
lamop;1;nr
mouillemerd;1;nr
mouillefarine;1;nr
maud;1;nr
boyebi;1;nr
noko;1;nr
dieumerci;1;nr
nayebisi;1;nr
éloïme;1;nr
irène;1;nr
languedepute;1;nr
ardisson;1;nr
vachier;1;nr
manfroy;1;nr
chauffagiste;1;nom
delaterre;1;nr
aimeé;1;nr
tétard;1;nr
bittencourt;1;nr
beznik;1;nr
conconne;1;nr
potin;1;nom
lepute;1;nr
piou;1;nr
kongolais;1;nr
bonnemain;1;nr
donchier;1;nr
migraine;1;nom
rouen;1;nr
connart;1;nr
latouffe;1;nr
latouff;1;nr
bordal;1;nr
catin;1;nom
melle;1;nr
inh;1;nr
sobriquet;1;nom
sourir;1;nr
piquemal;1;nr
électricien;1;nom
diagnostique;1;adj
fillon;1;nr
mondeme;1;nr
baizet;1;nr
lefu;1;nr
outrancier;1;adj
élégamment;1;adv
belverge;1;nr
mollard;1;nom
pépiniériste;1;nom
grosmollard;1;nr
soulce;1;nr
mavais;1;nr
20ieme;1;nr
cosmopolite;1;adj
brulebois;1;nr
impeut;1;nr
belleverge;1;nr
frey;1;nr
cr;1;nr
basset;1;nom
lapisse;1;nr
hanusek;1;nr
grossin;1;nr
guinness;1;nr
oss117;1;nr
lacrotte;1;nr
parfumer;1;ver
facétieux;1;adj
complexé;1;adj
grenouville;1;nr
convert;1;nr
porrentruy;1;nr
audincourt;1;nr
porret;1;nr
anasse;1;nr
2min;1;nr
deysiiire;1;nr
antilles;1;nr
antillais;1;nom
franc_comtoiss;1;nr
bailleur;1;nom
gross;1;nr
inverti;1;nom
lab;1;nr
ablation;1;nom
courtecuisses;1;nr
lonjarret;1;nr
mangin;1;nr
compatissant;1;adj
bajoue;1;nom
1803;1;num
lynns;1;nr
imprononçable;1;adj
beart;1;nr
tuee;1;nr
lacrampe;1;nr
bouée;1;nom
désuétude;1;nom
abbet;1;nr
0000hhh;1;nr
thrs;1;nr
parabéns;1;nr
renoux;1;nr
leger;1;nr
hirondelle;1;nom
pédocriminels;1;nr
multirécidistes;1;nr
irrécupépérables;1;nr
diabétique;1;adj
ohhhhhhhhhhhh;1;nr
rnarrrrrr;1;nr
quii;1;nr
godasse;1;nom
ios;1;nr
colet;1;nr
emji_personne_qui_hausse_les_épaules_peau_légèrement_mate;1;nr
voili;1;nr
voilo;1;nr
kasos;1;nr
braconnier;1;nom
récup;1;nom
fruitier;1;adj
plastifier;1;ver
friche;1;nom
sénat;1;nom
sté;1;nr
mimiiiii;1;nr
eêtre;1;nr
mashaallah;1;nr
abreuver;1;ver
lababeth;1;nr
veneries;1;nr
donnne;1;nr
sauvagement;1;adv
a_fortiori;1;adv
gourmandise;1;nom
evitera;1;nr
lesbmeilleursb;1;nr
besojn;1;nr
kasu;1;nr
aores;1;nr
flakes;1;nr
cesr;1;nr
affairs;1;nr
empietons;1;nr
bétonnage;1;nom
régularisent;1;nr
pathologies;1;nr
régularise;1;nr
contractant;1;adj
mooooohhhh;1;nr
guiz;1;nr
heux;1;nr
extrapolation;1;nom
répercussion;1;nom
prédatés;1;nr
rnaaaard;1;nr
nordique;1;adj
niquel;1;nr
merle;1;nom
jespère;1;nr
avoit;1;nr
mangons;1;nr
nutella;1;nr
snoopy;1;nr
croco;1;nom
placid;1;nr
rnaarrrrrrd;1;nr
aloorrrrs;1;nr
emji_adulte_peau_claire_et_cheveux_blancs;1;nom
damour;1;nr
renarchhhhds;1;nr
enclencher;1;ver
domesticables;1;nr
emménagement;1;nom
splifs;1;nr
rrrrrrenarrrrrrrr;1;nr
nourissez;1;nr
coupelle;1;nom
jyr;1;nr
violenter;1;ver
goéland;1;nom
majestueux;1;adj
survies;1;nr
réconfort;1;nom
soubhana;1;nr
maminette;1;nr
amanger;1;nr
symbiose;1;nom
poupoules;1;nr
sauvege;1;nr
vonts;1;nr
constipent;1;nr
exellente;1;nr
investire;1;nr
renouer;1;ver
enhavi;1;nr
deconer;1;nr
bret;1;nr
htag_roxetrouky;1;nom_sup
mangè;1;nr
par_dessus;1;pre
avoine;1;nom
abitat;1;nr
quinz;1;nr
oki;1;nr
teuteus;1;nr
trollent;1;nr
degager;1;nr
dodu;1;adj
rrrrnnnnaaaarrrrd;1;nr
mhoooooo;1;nr
charognard;1;nom
après_demander;1;nr
goupille;1;nom
resserrer;1;ver
étaud;1;nr
béant;1;adj
salement;1;adv
mastiquer;1;ver
exclamation;1;nom
identify;1;nr
renardeau;1;nom
terrier;1;nom
ofb;1;nr
dérégle;1;nr
orignal;1;nom
abondonne;1;nr
agissants;1;nr
sermonnent;1;nr
mainstream;1;nr
pertube;1;nr
nutritionel;1;nr
cardiovasculaires;1;nr
theorie;1;nr
palie;1;nr
ingérence;1;nom
cardio_vasculaires;1;nr
dermique;1;adj
betonisent;1;nr
hibernation;1;nom
indésirable;1;adj
viennentjusqu_à;1;nr
ennplus;1;nr
nutritionnel;1;adj
jespere;1;nr
proprietaires;1;nr
zigouillerait;1;nr
indirectement;1;adv
recompensera;1;nr
pariel;1;nr
longtemp;1;nr
vat;1;nr
reconduir;1;nr
avaisdespoules;1;nr
rrrrrenarrrds;1;nr
rnard;1;nr
jleurs;1;nr
bavoir;1;nom
insalubrité;1;nom
inhalés;1;nr
concurrençant;1;nr
obstruer;1;ver
pérennité;1;nom
12kg;1;nr
racoleur;1;adj
hydratation;1;nom
nourrisai;1;nr
rrrr;1;nr
perdrix;1;nom
lièvre;1;nom
nourrice;1;nom
dait;1;nr
oxygéné;1;adj
étang;1;nom
emji_femme_qui_hausse_les_épaules_peau_mate;1;nr
caro;1;nr
htag_govegan;1;nom_sup
oour;1;nr
goder;1;ver
pourtaaaant;1;nr
grouiller;1;ver
renarrrds;1;nr
animalier;1;adj
acec;1;nr
renarrrrrds;1;nr
enrichissement;1;nom
mignion;1;nr
dcd;1;nr
aileur;1;nr
reflechit;1;nr
siamois;1;nom
ratiers;1;nr
nourrisseur;1;nom
ext;1;nr
affamer;1;ver
identifez;1;nr
regzrdez;1;nr
félicitées;1;nr
pâture;1;nom
tapperont;1;nr
fusilleur;1;nom
mitrailleur;1;nom
bastringue;1;nom
trite;1;nr
renarrrrrrrrchhhhhhhh;1;nr
algue;1;nom
ecocistème;1;nr
pertubé;1;nr
shooter;1;ver
enticher;1;ver
précense;1;nr
aut;1;nr
prédation;1;nom
rinarte;1;nr
niront;1;nr
razzia;1;nom
jars;1;nom
dechiqueté;1;nr
fouineur;1;nom
asv;1;nr
stipuler;1;ver
commentes;1;nr
renarrrrrrrr;1;nr
daroned;1;nr
adoraaaable;1;nr
accomplissement;1;nom
pretexte;1;nr
portion;1;nom
veto;1;nom
féculent;1;nom
ration;1;nom
barf;1;nr
maï;1;nr
deparis;1;nr
pauliac;1;nr
martyriser;1;ver
nourrire;1;nr
wildlife;1;nr
species;1;nom
inappropriate;1;nr
trizotin;1;nr
camembert;1;nom
renarte;1;nr
vizon;1;nr
mammy;1;nom
qoi;1;nr
yaurait;1;nr
fermement;1;adv
séquestre;1;nom
ouhla;1;nr
tim;1;nr
hofmeester;1;nr
wageningen;1;nr
corrélation;1;nom
infecté;1;adj
cascade;1;nom
prédatrices;1;nr
martre;1;nom
putois;1;nom
prévalence;1;nom
morsure;1;nom
babesia;1;nr
borrelia;1;nr
burgdorferi;1;nr
régulation;1;nom
cocasse;1;adj
amérindien;1;adj
deforeste;1;nr
renarrrrrrrrds;1;nr
accoler;1;ver
bitumer;1;ver
rondouillard;1;adj
rrrrrenardrrrrr;1;nr
chopi;1;nr
mulot;1;nom
musaraigne;1;nom
volière;1;nom
belette;1;nom
canap;1;nr
essentiellement;1;adv
surnombre;1;nom_sup
piti;1;nr
nourrirs;1;nr
sencée;1;nr
rrrrrrenards;1;nr
dependant;1;nr
legalement;1;nr
savage;1;nr
survi;1;nr
monoculture;1;nom
survirer;1;ver
tergiverser;1;ver
véhiculés;1;nr
rebondir;1;ver
lepto;1;nr
ecchinococose;1;nr
debattre;1;nr
securité;1;nr
creature;1;nr
contamination;1;nom
husky;1;nom
teigneux;1;adj
hahahhaa;1;nr
incohérent;1;adj
irreprochable;1;nr
cad;1;nr
boost;1;nr
noonnn;1;nr
placement;1;nom
jaurais;1;nr
rnarrrd;1;nr
chnapans;1;nr
alorrrrrs;1;nr
jurrra;1;nr
galle;1;nom
bravecto;1;nr
baie;1;nom
omni;1;adv
herbivore;1;nom
resultat;1;nr
incruster;1;ver
grois;1;nr
reflexion;1;nr
locatif;1;adj
habité;1;adj
affut;1;nr
campagnoles;1;nr
proliféreront;1;nr
désastrueux;1;nr
polynisateurs;1;nr
éteind;1;nr
naturaliste;1;nom
ethique;1;nr
volume;1;nom
londonien;1;adj
prouvrais;1;nr
érant;1;nr
conprend;1;nr
enclin;1;adj
chaparder;1;ver
rouki;1;nr
déréguler;1;ver
campagnol;1;nom
sarcoptique;1;nr
dazzlechristine;1;nr
flasher;1;ver
386;1;num
emji_baleine;1;nr
emji_poisson_tropical;1;nom
emji_poisson_lune;1;nr
emji_requin;1;nom
vittore;1;nr
movelier;1;nr
poissonnier;1;nom
varnoz;1;nr
châble;1;nr
evolene;1;nr
cergeux;1;nr
blaid;1;nr
estafette;1;nom
nectar;1;nom
rabatteur;1;nom
châtel;1;adj
lenk;1;nr
comnerce;1;nr
semis;1;nom
ravoire;1;nr
esseulé;1;adj
19h30;1;nr
femmesuser_utilisateurice;1;nr
halliwell;1;nr
désabusé;1;adj
shana;1;nr
krest;1;nr
entraver;1;ver
indécis;1;adj
listillo;1;nr
crémier;1;nom
htag_lonesomepilot;1;nom_sup
souveni;1;nr
heeeermmm;1;nr
youhouhouuuuu;1;nr
dépoussiérage;1;nom
youhouhooouu;1;nr
hohoho;1;nr
yacinte;1;nr
htag_çagrimpe;1;nr
dusac;1;nr
aimeuh;1;nr
mascotte;1;nom
zappette;1;nr
ooohhh;1;nr
babibis;1;nr
rooo;1;nr
chausette;1;nr
toutenune;1;nr
miiiiince;1;nr
babybouchettes;1;nr
epagnier;1;nr
traiteur;1;nom
électorat;1;nom
richous;1;nr
réalisable;1;adj
écoutables;1;nr
ecstasy;1;nom
htag_bonnard;1;nom_sup
croisière;1;nom
goooo;1;nr
goo;1;nr
emji_sablier_avec_sable_qui_coule;1;nom
marbrer;1;ver
adôôôre;1;nr
emji_église;1;nr
94ans;1;nr
ampathie;1;nr
chrysalide;1;nom
envol;1;nom
wahouuuuu;1;nr
ouhaaaaaaa;1;nr
vissuta;1;nr
saggia;1;nr
salvata;1;nr
cuore;1;nr
ascotarla;1;nr
parlaci;1;nr
villaggio;1;nr
montagna;1;nr
suoi;1;nr
lasciato;1;nr
aosta;1;nr
origini;1;nr
somigliava;1;nr
vostro;1;nr
messaggio;1;nr
gentile;1;nr
wisdom;1;nr
condom;1;nom
emji_lunettes_de_vue;1;nom
pury;1;nr
raccord;1;nom
devraisnt;1;nr
photographie;1;nom
pathologie;1;nom
twister;1;ver
helveticum;1;nr
cyclone;1;nom
connaiiiiis;1;nr
bêtisier;1;nom
bsartek;1;nr
chicot;1;nom
armaillis;1;nr
breudson;1;nr
haddock;1;nom
zipis;1;nr
rabbi;1;nom
persifler;1;ver
rigolard;1;adj
gruériens;1;nr
évocation;1;nom
yesssss;1;nr
nessun;1;nr
schizofrenico;1;nr
abbraccia;1;nr
taglia;1;nr
gliel;1;nr
chiesto;1;nr
carezze;1;nr
koh;1;nr
lanta;1;nr
extraooordinairrre;1;nr
malicieux;1;adj
documentario;1;nr
gémir;1;ver
rotunda;1;nr
boavista;1;nr
conscientiser;1;nr
emji_fée_peau_moyennement_claire;1;nr
tree;1;nr
repito;1;nr
urgent;1;adj
vuelo;1;nr
infinito;1;nr
podes;1;nr
minutos;1;nr
moverte;1;nr
interdependencia;1;nr
metabólica;1;nr
biológica;1;nr
interdependiente;1;nr
acumulación;1;nr
especulación;1;nr
abusando;1;nr
activismo;1;nr
hiperactividad;1;nr
conversar;1;nr
rezar;1;nr
consumir;1;nr
insistiendo;1;nr
urgencia;1;nr
exceso;1;nr
abusivo;1;nr
despiertos;1;nr
solitario;1;nr
grupo;1;nr
gurús;1;nr
ceremonias;1;nr
ponerlas;1;nr
hacia;1;nr
activo;1;nr
detiene;1;nr
voluntad;1;nr
sève;1;nom
oar;1;nr
jumelle;1;nom
préf;1;nr
agreable;1;nr
mistaken;1;nr
absorber;1;ver
sagt;1;nr
résonnance;1;nr
risoud;1;nr
bucheron;1;nr
sagessse;1;nr
jardinées;1;nr
preserve;1;nr
redigez;1;nr
luterie;1;nr
boycot;1;nr
législation;1;nom
sylva;1;nr
poupe;1;nom
optimiser;1;ver
abbat;1;nr
crânien;1;adj
chétif;1;adj
résistant;1;adj
parasiter;1;ver
boboisme;1;nr
mors;1;nom
paradox;1;nr
habibi;1;nr
gaïa;1;nr
calypso;1;nom
tournaire;1;nr
luthier;1;nom
34eme;1;nr
ptain;1;nr
fardeau;1;nom
débouler;1;ver
décombre;1;nom
démoder;1;ver
déglingué;1;adj
downstroke;1;nr
repenter;1;nr
badddddd;1;nr
douala;1;nr
messie;1;nom
oqtf;1;nr
missionnaire;1;nom
rp;1;nr
fideles;1;nr
teutonique;1;adj
calatrava;1;nr
sépulcre;1;nom
ringardiser;1;nr
enlèvement;1;nom
exquis;1;adj
remixer;1;ver
lecaplain;1;nr
décuser_utilisateurice;1;nr
superb;1;nr
liturgie;1;nom
requiem;1;nom
phonique;1;adj
heaven;1;nr
ready;1;nr
receive;1;nr
remain;1;nom
fulfilled;1;nr
heille;1;nr
goldman;1;nr
soutane;1;nom
déchristianisé;1;nr
euronymous;1;nr
shazam;1;nr
fraté;1;nr
bioman;1;nr
yassss;1;nr
emji_homme_faisant_un_geste_d_interdiction;1;nom
dingo;1;adj
apocalypse;1;nom
prépa;1;nom
carole;1;nom
sylvi;1;nr
tourigny;1;nr
cartman;1;nr
twit;1;nr
satananiste;1;nr
incarnation;1;nom
reussi;1;nr
deshumanisés;1;nr
voguer;1;ver
moé;1;nr
coral;1;nr
pitoune;1;nr
ding;1;ono
dong;1;ono
emji_cloche_de_comptoir;1;nom
daltrey;1;nr
damer;1;ver
lahaie;1;nr
swagg;1;nr
grignotage;1;nom
procrastination;1;nom
surreprésentation;1;nr
habemus;1;nr
papam;1;nr
moriconne;1;nr
abdel;1;nr
immigrait;1;nr
sècte;1;nr
génèrent;1;nr
gibson;1;nr
hummingbird;1;nr
celine;1;nr
dion;1;nr
crepe;1;nr
suc;1;nom
moinot;1;nr
repulsion;1;nr
towards;1;nr
quantify;1;nr
emji_chanteuse;1;nom
emji_chanteur;1;nom
crisser;1;ver
heaulme;1;nr
marvel;1;nr
christianophobie;1;nr
décapitation;1;nom
accidentel;1;adj
mortification;1;nom
deprimees;1;nr
bbq;1;nr
delaloye;1;nr
dorian;1;nr
dominique;1;nr
paroliers;1;nr
richeu;1;nr
judaaa;1;nr
vaguement;1;adv
accueuillir;1;nr
calisss;1;nr
flippante;1;nr
aissa;1;nr
cobain;1;nr
theology;1;nr
delusional;1;nr
madness;1;nr
biquet;1;nom
vénerer;1;nr
betlehem;1;nr
charter;1;nom
crs;1;nr
synthèse;1;nom
heck;1;nr
carpenter;1;nr
raël;1;nr
après_demain;1;adv
boomerang;1;nom
emji_champignon;1;nom
aulieu;1;nr
asticoter;1;ver
portoricain;1;adj
anakin;1;nr
maçon;1;nom
rédempteur;1;nom
htag_withallthelove;1;nom_sup
crucifixion;1;nom
repentissez;1;nr
improviste;1;nr
odoul;1;nr
ambrigadés;1;nr
edf;1;nr
octave;1;nom
bétharram;1;nr
rtt;1;nr
satire;1;nom
deporteraient;1;nr
sirius;1;nr
rosé;1;nom
trek;1;nom
ashkénaze;1;nom
ets;1;nr
1947;1;num
regions;1;nr
galiléens;1;nr
egée;1;nr
pal;1;nom
caniculaire;1;adj
emji_femme_avec_foulard;1;nom
brant;1;nr
phillistins;1;nr
canaan;1;nr
saul;1;nr
genocider;1;nr
jebusiens;1;nr
amoréens;1;nr
amalécites;1;nr
sabéens;1;nr
philistin;1;nom
prédatant;1;nr
abrahamiques;1;nr
judée;1;nr
samarie;1;nr
imporquoi;1;nr
juda;1;nr
usurpateur;1;nom
lla;1;nr
armenie;1;nr
allu;1;nr
apparnié;1;nr
commandement;1;nom
noe;1;nr
enoch;1;nr
bète;1;nr
monothéisme;1;nom
pedophiles;1;nr
genance;1;nr
teeshirt;1;nr
claqueeeeeee;1;nr
masturbateurs;1;nr
montparnass;1;nr
confirais;1;nr
yawn;1;nr
gifs;1;nr
emji_femme_qui_court_peau_mate;1;nom
réminiscent;1;nr
aga;1;nom
richnou;1;nr
cyberpunk;1;nr
richnoux;1;nr
origineuuu;1;nr
tibétaineuuu;1;nr
pensees;1;nr
enleverras;1;nr
emji_oeuf;1;nr
acceuil;1;nr
copaing;1;nr
éléveras;1;nr
jéésus;1;nr
impatient;1;adj
rosh;1;nr
hashanah;1;nr
aïd;1;nom
adha;1;nr
vius;1;nr
amuaer;1;nr
terreau;1;nom
gentillet;1;adj
tolèrer;1;nr
baleine;1;nom
prépuce;1;nom
macacus;1;nr
grégorien;1;adj
nostre;1;nr
machaut;1;nr
trac;1;nom
lobotomiser;1;ver
demt;1;nr
bafouer;1;ver
simplifier;1;ver
groovy;1;nr
aaalléééeluuuuiaaaaaaa;1;nr
vade_retro;1;adv
sataner;1;ver
perseverare;1;nr
diabolicum;1;nr
tôlogiquement;1;nr
lou;1;nr
chantonner;1;ver
cathopoprock;1;nr
soliste;1;nom
barreeeees;1;nr
burka;1;nr
marrient;1;nr
promouvoit;1;nr
consignité;1;nr
marriages;1;nr
miserables;1;nr
rondelle;1;nom
maranatha;1;nr
bass;1;nr
nit;1;nr
schärfste;1;nr
knäipchen;1;nr
tirang;1;nr
2000ans;1;nr
appercevrez;1;nr
chosen;1;nr
retracer;1;ver
viende;1;nr
disante;1;nr
0ublie;1;nr
kons;1;nr
abarnuser_utilisateurice;1;nr
renchérir;1;ver
decrivez;1;nr
orgeuil;1;nr
deduit;1;nr
celaaaaa;1;nr
moyen_orientaux;1;adj
jesuce;1;nr
verbalement;1;adv
parvis;1;nom
lucibel;1;nr
hébreu;1;nom
tetragramme;1;nr
référé;1;nom
elohim;1;nr
envi;1;nr
lec;1;nr
musul;1;nr
bâchent;1;nr
mormon;1;adj
stroumphes;1;nr
bang;1;ono
dîre;1;nr
vegans;1;nr
stroumpfs;1;nr
jorai;1;nr
dhammer;1;nr
wargame;1;nr
milsim;1;nr
plénérrrrr;1;nr
tchiew;1;nr
osmose;1;nom
veilleuse;1;nom
renardspeu;1;nr
oxydatif;1;nr
hamac;1;nom
treben;1;nr
harmonisée;1;nr
divulguees;1;nr
invasifs;1;nr
réouvrir;1;nr
precieux;1;nr
omraam;1;nr
mikhaël;1;nr
aïvanhov;1;nr
emji_main_vers_la_gauche_peau_moyennement_claire;1;nom
emji_main_vers_la_droite_peau_moyennement_claire;1;nom
chakras;1;nr
sureau;1;nom
accacia;1;nr
bellement;1;adv
conscienceet;1;nr
aucuneenviede;1;nr
fairedes;1;nr
esten;1;nr
toutcas;1;nr
dansmon;1;nr
mellifère;1;adj
terrapeutique;1;nr
cottet;1;nr
pompeurs;1;nr
urbaniser;1;ver
amenuiser;1;ver
copropriété;1;nom
pmes;1;nr
cabédita;1;nr
germainecousin;1;nr
rassoir;1;nr
emji_journal;1;nom
guérisseur;1;nom
procrastiner;1;nr
socialisé;1;nr
guêpe;1;nom
cygneaux;1;nr
kinkinkinkinkin;1;nr
konrad;1;nr
génerations;1;nr
bigeard;1;nr
papitou;1;nr
libre_service;1;nom
explicatif;1;adj
htag_villedegeneve;1;nom_sup
epicurieux;1;nr
greve;1;nr
ain;1;nr
emmission;1;nr
meetoo;1;nr
exclamer;1;ver
kifff;1;nr
pourrave;1;nr
patronat;1;nom
crépon;1;nom
tach3;1;nr
d3bilos;1;nr
nagui;1;nr
5600;1;num
58e;1;nr
playoust;1;nr
tanel;1;nr
ventouillac;1;nr
couet;1;nr
cyprès;1;nom
sardou;1;nr
testostéronées;1;nr
lunetté;1;adj
pêêêche;1;nr
yolo;1;nr
10ans;1;nr
butter;1;ver
reunir;1;nr
conjuration;1;nom
cheri;1;nr
grolandaise;1;nr
mayonnaise;1;nom
microsoft;1;nr
enthousiaste;1;adj
parolier;1;nom
iiiiii;1;nr
appendice;1;nom
cubiste;1;adj
talonner;1;ver
puriste;1;nom
mavis;1;nr
mieux_être;1;nom
bizzarement;1;nr
teophée;1;nr
agées;1;nr
decedes;1;nr
recomfort;1;nr
timo;1;nr
realisateur;1;nr
pschiitttt;1;nr
enpailler;1;nr
oensé;1;nr
dépecer;1;ver
fusionnelles;1;nr
chaqu;1;nr
sépulture;1;nom
yorkmouth;1;nr
pailier;1;nr
aieuuu;1;nr
popaul;1;nom
bizulet;1;nr
enpaillé;1;nr
cocker;1;nom
crématisation;1;nr
simetierre;1;nr
daval;1;nr
zutte;1;nr
clauque;1;nr
crematisation;1;nr
leave;1;nr
aldebert;1;nr
emmaüs;1;nr
prevue;1;nr
litigieux;1;adj
ksoc;1;nr
puberté;1;nom
vesqui;1;nr
supériorité;1;nom
irrévocable;1;adj
indéfectible;1;adj
rattacher;1;ver
sinistre;1;adj
foufou;1;adj
arnait;1;nr
teckel;1;nom
empaillage;1;nr
trôner;1;ver
irrattrapable;1;adj
poupou;1;nr
tilla;1;nr
tillant;1;nr
maure;1;adj
ausstopfen;1;nr
nimmer;1;nr
katzen;1;nr
durften;1;nr
ihre;1;nr
letzte;1;nr
ruhe;1;nr
finden;1;nr
deceder;1;nr
menfin;1;nr
cristaliser;1;nr
interagissait;1;nr
pourir;1;nr
raclée;1;nom
irrationnel;1;adj
centrisme;1;nr
gloque;1;nr
anormalité;1;nom
mitsu;1;nr
spamal;1;nr
réaproprit;1;nr
tapisserie;1;nom
mondain;1;adj
muséum;1;nom
commeuser_utilisateurice;1;nr
beaude;1;nr
mitrailler;1;ver
polystyrène;1;nom
cômme;1;nr
embaumer;1;ver
formol;1;nom
kumbaya;1;nr
haaaarrggg;1;nr
trophée;1;nom
reos;1;nr
etranges;1;nr
plua;1;nr
norman;1;nr
bates;1;nr
empallé;1;nr
gnocchi;1;nom
étoffer;1;ver
1257;1;num
berceau;1;nom
gentrification;1;nr
gentrificateur;1;nr
pacificateur;1;nom
emblematique;1;nr
clubbeurs;1;nr
allémanique;1;nr
emji_poing_à_droite_peau_légèrement_mate;1;nr
emji_poing_à_gauche_peau_mate;1;nr
plebe;1;nr
promisse;1;nr
efêmero;1;nr
interprise;1;nr
htag_porqua;1;nom_sup
porqua;1;nr
drait;1;nr
venit;1;nr
ocidental;1;nr
féal;1;adj
artificie;1;nr
htag_ou;1;nom_sup
blanch;1;nr
htag_place;1;nom_sup
sprint;1;nom
htag_o;1;nom_sup
mercolodi;1;nr
goumer;1;nr
aporte;1;nr
viziter;1;nr
biean;1;nr
pouver;1;nr
arquitet;1;nr
maugréer;1;ver
arquitete;1;nr
paise;1;nr
monder;1;ver
submeta;1;nr
htag_avec;1;nom_sup
rolante;1;nr
aéroporté;1;adj
conecte;1;nr
htag_il;1;nom_sup
aceder;1;nr
scaliee;1;nr
novele;1;nr
univsal;1;nr
diference;1;nr
riveront;1;nr
buisness;1;nr
vazi;1;nr
graviere;1;nr
gravière;1;nr
programmation;1;nom
clubber;1;nr
grav;1;nr
105;1;num
emji_chaussure_de_randonnée;1;nr
áudio;1;nr
perfeita;1;nr
defeitos;1;nr
flon;1;nr
veulx;1;nr
saulter;1;nr
gruet;1;nr
1547;1;num
lande;1;nom
museum;1;nr
weeta;1;nr
reloger;1;ver
ddps;1;nr
ruag;1;nr
amherd;1;nr
300millions;1;nr
philosopher;1;ver
ulysse;1;nr
monseigneur;1;nom_sup
xls;1;nr
bazard;1;nom
interressera;1;nr
votrait;1;nr
imesh;1;nr
sentinelle;1;nom
wasnt;1;nr
drugs;1;nr
isnt;1;nr
illness;1;nr
treatment;1;nr
hyperfixation;1;nr
fight;1;nr
angry;1;nr
pointed;1;nr
misread;1;nr
pfp;1;nr
sean;1;nr
connery;1;nr
zapoï;1;nr
bienv;1;nr
chazz;1;nr
hectare;1;nom
shaaaaz;1;nr
foutimasseur;1;nr
grandpere;1;nr
comparce;1;nr
selfie;1;nr
gonze;1;nom
arnaud;1;nr
bollo;1;nr
meloni;1;nr
afd;1;nr
syngenta;1;nr
zuckerbrg;1;nr
thor;1;nr
qun;1;nr
3m2;1;nr
moddeur;1;nr
poke;1;nr
kuntz;1;nr
surpuissant;1;adj
vivien;1;nr
dt;1;nr
meskine;1;nr
chuuuuuuut;1;nr
genèse;1;nom
transcrire;1;ver
théâtral;1;adj
constante;1;nom
cosmologique;1;adj
réglage;1;nom
fussilat;1;nr
enfler;1;ver
raf;1;nr
146;1;num
chaotique;1;adj
interagissent;1;nr
interagir;1;ver
polythéistes;1;nr
monothéïsmes;1;nr
désilusoire;1;nr
hoarder;1;nr
vilage;1;nr
vercingétorix;1;nr
personagem;1;nr
utmb;1;nr
oseuser_utilisateurice;1;nr
houston;1;nr
villzges;1;nr
deserté;1;nr
communisme;1;nom
impactantes;1;nr
bicoque;1;nom
nisme;1;nr
réappri;1;nr
urophilie;1;nr
anagramme;1;nom
onirisme;1;nom
masturbation;1;nom
orgasme;1;nom
pénis;1;nom
grandpa;1;nr
automatisé;1;adj
patrouiller;1;ver
verbalisation;1;nom
dystopique;1;nr
badoit;1;nr
faconde;1;nom
lisa;1;nr
thoreau;1;nr
walden;1;nr
glaneur;1;nom
htag_cooppronto;1;nom_sup
solder;1;ver
htag_honteux;1;nom_sup
mangue;1;nom
entre_deux;1;nom
fachiste;1;nr
cannibalisme;1;nom
plastoc;1;nom
sexualisent;1;nr
inhalaient;1;nr
emji_bol_fumant;1;nom
contrefoutre;1;ver
dominical;1;adj
poitrail;1;nom
déformer;1;ver
lubricité;1;nom
juron;1;nom
declic;1;nr
marwan;1;nr
boutchi;1;nr
bravooooooo;1;nr
éclairé;1;adj
aslzrvzet;1;nr
radioactif;1;adj
escrologiques;1;nr
imcompris;1;nr
écoutille;1;nom
lobotomies;1;nr
emji_appel_entrant;1;nom
liliane;1;nr
épidermique;1;adj
jonny;1;nr
aurat;1;nr
nystagmus;1;nr
duplomb;1;nr
cercaire;1;nr
whouaaaaa;1;nr
intello;1;nom
indiscutable;1;adj
htag_lasalamandrejunior;1;nom_sup
severn;1;nr
cullis;1;nr
suzuki;1;nr
uni;1;adj
merchiii;1;nr
idéfix;1;nr
zazen;1;nr
actitud;1;nr
sidhartta;1;nr
aceptar;1;nr
apego;1;nr
líder;1;nr
buda;1;nr
budismo;1;nr
ninguna;1;nr
institución;1;nr
jerárquicas;1;nr
cronología;1;nr
esencial;1;nr
esencia;1;nr
ciudadanos;1;nr
socioeconómicos;1;nr
sectarios;1;nr
clubes;1;nr
ecológicos;1;nr
biológicos;1;nr
aplicar;1;nr
espiritual;1;nr
material;1;nr
conciencia;1;nr
fanatismo;1;nr
originaria;1;nr
herramienta;1;nr
temporal;1;adj
soledad;1;nr
grupos;1;nr
intermitentementes;1;nr
agroecología;1;nr
autónomas;1;nr
artesana;1;nr
luthiers;1;nr
lucha;1;nr
defensivas;1;nr
décourageant;1;adj
relâcher;1;ver
htag_mardi19janvier;1;nom_sup
55000;1;num
gz;1;nr
admirablement;1;adv
voyance;1;nom
vraix;1;nr
oeu;1;nr
waouuu;1;nr
tenace;1;adj
noisetier;1;nom
peiner;1;ver
entropie;1;nom
uhd;1;nr
autochtone;1;adj
htag_nia;1;nom_sup
wen;1;nr
emji_super_vilain;1;nom
tazieff;1;nr
clamer;1;ver
faculté;1;nom
islma;1;nr
expulser;1;ver
dz;1;nr
préservation;1;nom
dépourvu;1;adj
prodige;1;nom
cabu;1;nr
prompt;1;adj
emji_bébé_ange;1;nr
ébahir;1;ver
lexique;1;nom
plèbe;1;nom
holistique;1;adj
emji_ok_peau_foncée;1;nr
de2025;1;nr
persuasif;1;adj
indoctrination;1;nr
defendre;1;nr
qnimaux;1;nr
désillusion;1;nom
onuser_utilisateurice;1;nr
deh;1;nr
maillon;1;nom
waaaooo;1;nr
intéressement;1;nom
plutard;1;nr
myopie;1;nom
oculaire;1;adj
ophtalmologie;1;nom
emmerveille;1;nr
salamandre_media;1;nr
holcim;1;nr
lonza;1;nr
pdg;1;nr
gamim;1;nr
aon;1;nr
émerveillement;1;nom
inébranlable;1;adj
caclairvoyances;1;nr
insecurities;1;nr
interwiewé;1;nr
phytosanitaires;1;nr
immatriculés;1;nr
gresivaudan;1;nr
chauffard;1;nom
impressionante;1;nr
tinter;1;ver
frisbee;1;nom
fulgurant;1;adj
enrhumer;1;ver
muguet;1;nom
culturales;1;nr
clairsemer;1;ver
fou_rire;1;nom
htag_bloonde;1;nom_sup
batue;1;nr
nichts;1;nr
verzollen;1;nr
wunderbarer;1;nr
ptr;1;nr
rancunier;1;adj
oihouuu;1;nr
classik;1;nr
paet;1;nr
türkçeye;1;nr
çevirecek;1;nr
enchainer;1;nr
aaahh;1;nr
sushissss;1;nr
nichon;1;nom
vicelard;1;adj
gamblin;1;nr
yannick;1;nr
galabru;1;nr
biture;1;nom
dégénérais;1;nr
23h15;1;nr
communiquatif;1;nr
emji_sushi;1;nom
défoncé;1;adj
shush;1;nr
rerevu;1;nr
côtey;1;nr
bouley;1;nr
comedies;1;nr
souchi;1;nr
imboufable;1;nr
tropuser_utilisateurice;1;nr
eclatent;1;nr
endorphine;1;nom
polvoërde;1;nr
gl;1;nr
wasabi;1;nr
climatisé;1;adj
duchés;1;nr
poolvord;1;nr
anvin;1;nr
baroque;1;adj
bakel;1;nr
tuba;1;nom
dévaluer;1;ver
174;1;num
intensivement;1;adv
capacities;1;nr
reproductives;1;nr
mangeur;1;nom
charcuterie;1;nom
marchander;1;ver
égorger;1;ver
inir;1;nr
kunz;1;nr
idees;1;nr
cynisme;1;nom
collab;1;nr
ramassage;1;nom
asexuel;1;nr
transgenre;1;nr
transexualité;1;nr
transidenté;1;nr
transidentité;1;nr
sexualités;1;nr
reswaux;1;nr
indroduisent;1;nr
pqsser;1;nr
précocément;1;nr
touche_pipi;1;nom
ethiquement;1;nr
corpus;1;nom
persevais;1;nr
maintenance;1;nom
jeunei;1;nr
basketball;1;nr
exécutif;1;adj
transidentite;1;nr
bataaaaaaaaaard;1;nr
kiffeur;1;nr
mâge;1;nr
emji_manette_de_jeu;1;nom
gamecube;1;nr
advance;1;nr
emeraude;1;nr
dash;1;nr
sonic;1;nr
saturn;1;nr
736h;1;nr
48m;1;nr
83s;1;nr
ea;1;nr
skate3;1;nr
7000heures;1;nr
7000;1;num
15ans;1;nr
1h15;1;nr
haut_parleur;1;nom
blois;1;nr
hi_fi;1;nom
rétine;1;nom
fouiner;1;ver
jvc;1;nr
ralalalaaaaaaa;1;nr
sebastien;1;nr
ziva;1;nr
verlant;1;nr
viii;1;nr
emji_mage;1;nom
téléchargement;1;nom
dlc;1;nr
waaaaaaa;1;nr
jlo;1;nr
37h;1;nr
ken;1;nr
perfs;1;nr
stream;1;nr
turismo;1;nr
dev;1;nr
nes;1;nr
jouabilité;1;nr
oeut;1;nr
linéaire;1;adj
buggué;1;nr
kiffez;1;nr
hannibal;1;nr
gaming;1;nr
geek;1;nr
bellel;1;nr
psp;1;nr
cod4;1;nr
après_dehors;1;nr
rookie;1;nr
numbers;1;nr
bogoss;1;nr
fonchier;1;nr
préparateur;1;nom
gameur;1;nr
tarzan;1;nom
pomponé;1;nr
darty;1;nr
niche;1;nom
bkmjmbox;1;nr
squall;1;nr
elone;1;nr
warcraft;1;nr
pexing;1;nr
30h;1;nr
zelda;1;nr
xp;1;nr
laba;1;nr
écrito;1;nr
donat;1;nr
gamers;1;nr
greffer;1;ver
jugeants;1;nr
offline;1;nr
thread;1;nr
widmer;1;nr
doxe;1;nr
emji_personnage_féérique_peau_claire;1;nr
emji_clap;1;nom
roulade;1;nom
hernie;1;nom
cervical;1;adj
tassement;1;nom
vertèbre;1;nom
catégorisation;1;nom
practical;1;nr
trio;1;nom
judo;1;nom
emji_tenue_d_arts_martiaux;1;nom
patsy;1;nr
télécharger;1;ver
seller;1;ver
rout;1;nr
pino;1;nr
albion;1;nr
quj;1;nr
baudouin;1;nr
horde;1;nom
lez;1;pre
oublire;1;nr
piétineés;1;nr
haliday;1;nr
graff;1;nom
eintracht;1;nr
francfort;1;nom
sv;1;nr
waldstadion;1;nr
hamburg;1;nr
grille;1;nom
repositionné;1;nr
pbe;1;nr
fauve;1;nom
enragé;1;adj
cl;1;nr
a_prioris;1;nr
eurofoot;1;nr
hooligan;1;nom
treize;1;adj_num
giustizia;1;nr
douvres;1;nr
indignité;1;nom
altercation;1;nom
ldc;1;nr
emji_pétard;1;nr
accoutumer;1;ver
découdre;1;ver
gradin;1;nom
projectile;1;nom
provincial;1;adj
fanatisme;1;nom
vétuste;1;adj
supporteur;1;nom
turinois;1;adj
dramma;1;nr
sonr;1;nr
fracturer;1;ver
elysee;1;nr
incontrolable;1;nr
reds;1;nr
replay;1;nr
marcinelle;1;nr
carlo;1;nr
omayra;1;nr
retransmission;1;nom
suffoques;1;nr
sereinement;1;adv
mans;1;nr
ambulance;1;nom
kamikaze;1;nom
kui;1;nr
7h30;1;nr
7h29;1;nr
intiment;1;nr
funeste;1;adj
laekenois;1;nr
heizel;1;nr
bastardi;1;nr
nkvd;1;nr
macopine;1;nr
bartschi;1;nr
mégueuler;1;nr
philanthropie;1;nom
emji_bout_des_doigts_joints_peau_mate;1;nom
tecol;1;nr
tézigue;1;pro_per
isée;1;nr
bofiot;1;nr
persévérer;1;ver
htag_synchronicités;1;nr
atoms;1;nr
radioactivité;1;nom
lucens;1;nr
pullover;1;nr
annexe;1;nom
khalifa;1;nr
impudence;1;nom
sniper;1;nom
hindou;1;nom
muraille;1;nom
muret;1;nom
académiquement;1;adv
pregymnasiale;1;nr
14ans;1;nr
engrais;1;nom
monsanto;1;nr
scénariste;1;nom
apanage;1;nom
brooooyyyyyeeee;1;nr
broye;1;nr
broyons;1;nr
verger;1;nom
pollenisation;1;nr
moquette;1;nom
1200;1;num
housse;1;nom
emji_homme_dans_la_posture_du_lotus_peau_moyennement_claire;1;nom
décrédibilise;1;nr
taoïste;1;adj
aujourdh;1;nr
zebre;1;nr
etalee;1;nr
chssse;1;nr
karine;1;nr
cantonais;1;adj
zèbre;1;nom
chouille;1;nr
harmoniser;1;ver
géneration;1;nr
équité;1;nom
instagrameuse;1;nr
emt;1;nr
meninges;1;nr
appprendre;1;nr
délibérément;1;adv
porsslaine;1;nr
mg;1;nr
tk;1;nr
dapprendre;1;nr
jésuite;1;nom
panque;1;nr
cursus;1;nom
intangible;1;adj
énigrante;1;nr
jokes;1;nr
jardiner;1;ver
crocheter;1;ver
patriarchale;1;nr
mysogyne;1;nr
andicap;1;nr
ec;1;nr
optionnel;1;adj
réverai;1;nr
repasseur;1;nom
châteauneuf;1;nr
aubaine;1;nom
finishing;1;nr
bep;1;nr
jf;1;nr
mfr;1;nr
travai;1;nr
differents;1;nr
adhésion;1;nom
enfanteras;1;nr
invertir;1;ver
jbe;1;nr
faisa;1;nr
segpa;1;nr
comptabilité;1;nom
paperasse;1;nom
soudoues;1;nr
zidi;1;nr
trichés;1;nr
instituueur;1;nr
brillantissime;1;nr
emji_brique;1;nom
ragnar;1;nr
sully;1;nr
uncharted;1;nr
landmaindudouzeeee;1;nr
6500;1;num
visionnages;1;nr
emji_signe_de_la_main_peau_mate;1;nom
oenser;1;nr
euromillions;1;nr
30min;1;nr
arrestation;1;nom
birn;1;nr
lâ;1;nr
etonnament;1;nr
freluquet;1;nom
juste_milieux;1;nr
perimé;1;nr
périmer;1;ver
nonnette;1;nom
citroën;1;nr
deudeuches;1;nr
estimable;1;adj
bride;1;nom
clothilde;1;nr
noirceur;1;nom
cinephile;1;nr
clotilde;1;nr
acrymo;1;nr
déploiement;1;nom
déclencher;1;ver
dépouillé;1;adj
adage;1;nom
prevenir;1;nr
htag_cestarrivepresdechezvous;1;nom_sup
tromblon;1;nom
coupe_papier;1;nom
attirail;1;nom
emji_homme_haltérophile;1;nr
grincer;1;ver
tantine;1;nom
procuration;1;nom
tasser;1;ver
streap;1;nr
armer;1;ver
préventif;1;adj
bibi;1;nom
artillerie;1;nom
lacrymo;1;nr
tyson;1;nr
casseur;1;nom
pon;1;nr
belchhh;1;nr
apartheid;1;nom
coupeur;1;nom
dutroux;1;nr
rugir;1;ver
pétanque;1;nom
enjoliveur;1;nom
joël;1;nr
choffa;1;nr
running;1;nom
emji_tente;1;nr
matu;1;nr
a9;1;nr
taubenloch;1;nr
termometre;1;nr
auberson;1;nr
chalenge;1;nr
barman;1;nom
barmaide;1;nr
tuque;1;nom
salopard;1;nom
ouaasaaais;1;nr
sauvanlin;1;nr
carrousel;1;nom
chououou;1;nr
incitation;1;nom
gèze;1;nr
kermesse;1;nom
lesvphotos;1;nr
voltigeuse;1;nr
trucage;1;nom
hoolala;1;nr
emji_carnet_de_compte;1;nom
emji_enseignante;1;nom
footballeuses;1;nr
nis;1;nr
roulé_boulé;1;nom
7a1;1;nr
iris;1;nom
suissz;1;nr
remontant;1;nom
wunderschöner;1;nr
goosebumps;1;nr
hysterie;1;nr
waaaaaa;1;nr
ferier;1;nr
sommmmer;1;nr
livia;1;nr
peng;1;nr
debriefing;1;nr
bestes;1;nr
chapiteau;1;nom
paccot;1;nr
gänsehaut;1;nr
fussballgeschichte;1;nr
besonderen;1;nr
emji_bras_mécanique;1;nr
escrime;1;nom
quince;1;nr
chambrer;1;ver
kobel;1;nr
etaot;1;nr
annisuisse;1;nr
hahahahhahahah;1;nr
m3rde;1;nr
noce;1;nom
reviennnnns;1;nr
prouveur;1;nr
héro;1;nom
grinchent;1;nr
ifab;1;nr
bappé;1;nr
htag_frenchbashing;1;nom_sup
inespéré;1;adj
pitchesque;1;nr
palamares;1;nr
bsx;1;nr
8m;1;nr
génialissimes;1;nr
f3rmer;1;nr
pénaltys;1;nr
palmares;1;nr
monfils;1;nr
célébrez;1;nr
boudeur;1;nom
emji_index_pointant_vers_l_utilisateur_peau_moyennement_claire;1;nom
mata7chemch;1;nr
dialoguer;1;ver
concentez;1;nr
yamal;1;nr
pogba;1;nr
gangnera;1;nr
mentalite;1;nr
frouzien;1;nr
demi_finaliste;1;nom
enirs;1;nr
connasse;1;nom
fouté;1;nr
footbalistiques;1;nr
8e;1;nr
tutututuuuuuuuuuuuuut;1;nr
croatie;1;nr
8ème;1;nr
embolo;1;nr
shakiri;1;nr
blondel;1;nr
mvogo;1;nr
avant_bras;1;nom
metz;1;nr
otis;1;nr
vendanger;1;ver
tchieuuu;1;nr
maniement;1;nom
lavilliers;1;nr
mimososssssss;1;nr
fromagés;1;nr
foots;1;nr
annulaire;1;nom
index;1;nom
baggio;1;nr
collectionner;1;ver
emji_médaille_militaire;1;nr
argelia;1;nr
adhésif;1;adj
prédécoupé;1;nr
resortir;1;nr
iere;1;nr
branlztee;1;nr
pok;1;nr
cuatemoth;1;nr
resumen;1;nr
delpiero;1;nr
emji_volley_ball;1;nom
bebéto;1;nr
zinédine;1;nr
htag_zizou;1;nom_sup
frenchs;1;nr
argentinians;1;nr
parecían;1;nr
melanina;1;nr
exciting;1;nr
mondialization;1;nr
settle;1;nr
quarter;1;ver
colonialism;1;nr
africans;1;nr
herself;1;nr
emji_index_pointant_vers_le_haut_peau_mate;1;nr
emji_signe_je_t_aime_peau_mate;1;nr
imbecillité;1;nr
branlotin;1;nr
pfiouuuu;1;nr
lleno;1;nr
atrás;1;nr
puta;1;nr
tomó;1;nr
matadoooor;1;nr
gambaran;1;nr
versi;1;nr
eropa;1;nr
voltear;1;nr
estampitas;1;nr
famueux;1;nr
cuau;1;nr
mlks;1;nr
viveram;1;nr
futebol;1;nr
swiszland;1;nr
setres;1;nr
fabrizio;1;nr
habian;1;nr
verdaderos;1;nr
falso;1;nr
cards;1;nr
25_35;1;nr
emji_drapeau_blanc;1;nom
aleluia;1;nr
virava;1;nr
frances;1;nr
extraterrestre;1;adj
beur;1;adj
kabyle;1;adj
demeuré;1;nom
arabinstable;1;nr
ví;1;nr
figurinhas;1;nr
naquele;1;nr
tatane;1;nom
calciooo;1;nr
panino;1;nr
cartas;1;nr
bebetho;1;nr
tutu;1;nom
thuram;1;nr
zodiaque;1;nom
benie;1;nr
affranchi;1;nom
rfi;1;nr
bambino;1;nom
collezionavo;1;nr
parion;1;nr
royalement;1;adv
abençoe;1;nr
maravilhoso;1;nr
cristo;1;nr
salva;1;nr
sabian;1;nr
futbol;1;nr
inlove;1;nr
cuahu;1;nr
emji_poignée_de_main_peau_légèrement_mate_et_peau_claire;1;nr
batiam;1;nr
albania;1;nr
slap;1;nr
liberated;1;nr
communism;1;nr
envelope;1;nr
siria;1;nr
léelo;1;nr
lentamente;1;nr
entiendas;1;nr
tigana;1;nr
supremo;1;nr
players;1;nr
descent;1;nr
marlow;1;nr
salieron;1;nr
jjajaj;1;nr
ontl;1;nr
campo;1;nom
mueran;1;nr
fútbol;1;nr
évincer;1;ver
flamengo;1;nr
scolari;1;nr
quatre_vingt_dix;1;nom
woketard;1;nr
scored;1;nr
veins;1;nr
benzema;1;nr
dembele;1;nr
malian;1;nr
papin;1;nr
vietnamese;1;nr
láminas;1;nr
campeão;1;nr
daí;1;nr
mexicano;1;nr
ganha;1;nr
américas;1;nr
combinato;1;nr
fils2p;1;nr
musso;1;nr
manga;1;nom
paniní;1;nr
temoc;1;nr
duel;1;nom
trai;1;nr
nkni;1;nr
hcinou;1;nr
ayayay;1;nr
freeeerrrrr;1;nr
ojd;1;nr
daou;1;nr
12eme;1;nr
fathers;1;nr
gettysburg;1;nr
address;1;nr
lincoln;1;nr
conservatisme;1;nom
limitrophe;1;adj
ohhhhhhhhhhhhh;1;nr
rivaldo;1;nr
frozen;1;nr
dakar;1;nr
25fcfa;1;nr
wallaye;1;nr
laudrup;1;nr
pureee;1;nr
ninja;1;nr
cac;1;nr
debauche;1;nr
individualisme;1;nom
vrement;1;nr
near;1;nr
andiamo;1;nr
berlino;1;nr
whaooo;1;nr
mozza;1;nr
tappettes;1;nr
souflettes;1;nr
conserve;1;nom
mayssa;1;nr
lancette;1;nom
marquage;1;nom
kay;1;nr
collec;1;nr
pronostic;1;nom
055;1;num
johan;1;nr
djourou;1;nr
soufflet;1;nom
derche;1;nom
comission;1;nr
kwaaaaaaaaa;1;nr
fesais;1;nr
hygienique;1;nr
bider;1;nr
deguelasses;1;nr
anyme;1;nr
napulitano;1;nr
kwaaaaah;1;nr
baha;1;nr
bahahahag;1;nr
volcanique;1;adj
deride;1;nr
scompensano;1;nr
sconcia;1;nr
duchamp;1;nr
vostre;1;nr
tradizioni;1;nr
aiutateci;1;nr
romandia;1;nr
precisione;1;nr
eccome;1;nr
enlala;1;nr
dundee;1;nom
mickael;1;nr
lavatevelo;1;nr
wondered;1;nr
inconceivable;1;nr
bottoms;1;nr
defecating;1;nr
bother;1;nr
irritated;1;nr
residue;1;nr
excrement;1;nr
wipes;1;nr
importantly;1;nr
sanitize;1;nr
sweat;1;nr
feces;1;nr
development;1;nr
bacteria;1;nr
wipe;1;nr
thoroughly;1;nr
soiled;1;nr
neutral;1;nr
mysteries;1;nr
mankind;1;nr
cfr;1;nr
sfruttato;1;nr
descrivono;1;nr
spaghetti;1;nom
utilissimo;1;nr
scarsa;1;nr
unitamente;1;nr
caffè;1;nr
iluser_utilisateurice;1;nr
abolire;1;nr
nazione;1;nr
superiore;1;nr
brutta;1;nr
esperienza;1;nr
usavo;1;nr
porcos;1;nr
lavam;1;nr
rabo;1;nr
vindo;1;nr
palavras;1;nr
falas;1;nr
vens;1;nr
cá;1;nr
gastar;1;nr
dinheiro;1;nr
familiares;1;nr
trabalham;1;nr
discotecas;1;nr
beira;1;nr
noturnas;1;nr
dói;1;nr
aliás;1;nr
galo;1;nr
emblema;1;nr
nacional;1;nr
effeil;1;nr
emji_règle;1;nr
bathrooms;1;nr
renovation;1;nr
sporche;1;nr
litalie;1;nr
azzozzi;1;nr
pandemia;1;nr
começaram;1;nr
criado;1;nr
inventado;1;nr
disfarçar;1;nr
cheiro;1;nr
vossa;1;nr
lamentável;1;nr
tiveram;1;nr
criar;1;nr
ofendida;1;nr
beijinhos;1;nr
ombro;1;nr
galos;1;nr
colonizado;1;nr
deriva;1;nr
quouuuaaaaaaaaaaaaa;1;nr
lavadora;1;nr
desodorante;1;nr
cacate;1;nr
persa;1;nr
utilizzato;1;nr
chiuse;1;nr
esistere;1;nr
ridicolo;1;nr
cistite;1;nr
perpetua;1;nr
ahahhahahah;1;nr
mezzo;1;nom
contracezione;1;nr
funzionasse;1;nr
diner;1;nr
cocooning;1;nr
ridotto;1;nr
stremo;1;nr
avessero;1;nr
usassero;1;nr
spreco;1;nr
genera;1;nr
mea;1;nr
cradeux;1;nr
confortablement;1;adv
rdc;1;nr
cammini;1;nr
batteri;1;nr
fecali;1;nr
urinarie;1;nr
arrière_train;1;nom
credi;1;nr
obligatorio;1;nr
arquitectos;1;nr
contemplar;1;nr
instalación;1;nr
causaba;1;nr
encontrar;1;nr
farne;1;nr
admitting;1;nr
sconcertante;1;nr
culito;1;nr
limpio;1;nr
lavateve;1;nr
dinguer;1;ver
savonner;1;ver
salmonella;1;nr
terribileeeee;1;nr
superiori;1;nr
amica;1;nr
dallo;1;nr
parlato;1;nr
piuttosto;1;nr
profumati;1;nr
poter;1;ver
virtù;1;nr
cima;1;nr
conosci;1;nr
chiama;1;nr
polizia;1;nr
puedes;1;nr
escribur;1;nr
castellano;1;nr
quizá;1;nr
entenderé;1;nr
idiomas;1;nr
elige;1;nr
inglés;1;nr
portugués;1;nr
quatro;1;nr
crees;1;nr
errores;1;nr
sigue;1;nr
creyéndolo;1;nr
veras;1;nr
preguntan;1;nr
sirve;1;nr
higiénico;1;nr
limpieza;1;nr
íntima;1;nr
eliminar;1;nr
residuos;1;nr
fisiológicos;1;nr
whom;1;nr
stinks;1;nr
possa;1;nr
solido;1;nr
mancanza;1;nr
gabinetto;1;nr
separata;1;nr
stanzino;1;nr
sopra;1;nr
comodissimo;1;nr
spazietto;1;nr
caldamente;1;nr
installarlo;1;nr
provare;1;nr
credere;1;nr
grados;1;nr
higienique;1;nr
sozzosiii;1;nr
fr1nce;1;nr
émeri;1;nom
vendite;1;nr
aumentate;1;nr
americani;1;nr
vuole;1;nr
piccolo;1;nom
salate;1;nr
doucettes;1;nr
nettoyantes;1;nr
emji_traces_de_pas;1;nom
emji_main_levée_peau_claire;1;nr
doiche;1;nr
cagano;1;nr
capita;1;nr
colica;1;nr
docciate;1;nr
preferisce;1;nr
cultura;1;nr
sudicia;1;nr
appartiene;1;nr
etonnant;1;nr
emji_main_avec_index_pointant_vers_le_bas;1;nom
incredibile;1;nr
postérieur;1;nom
sapere;1;nr
nozione;1;nr
lunga;1;nr
abitudini;1;nr
oltralpe;1;nr
snl;1;nr
danno;1;nr
capiscono;1;nr
maaaa;1;nr
interviste;1;nr
vir;1;nr
oun;1;nr
theoretically;1;nr
comfortable;1;nr
reducing;1;nr
measure;1;nr
continuano;1;nr
vantarsi;1;nr
sennò;1;nr
avevate;1;nr
pulirsi;1;nr
sappiatelo;1;nr
thèse;1;nom
marmellata;1;nr
saranno;1;nr
lavassi;1;nr
medioevo;1;nr
scoperto;1;nr
lavavano;1;nr
operazione;1;nr
probabilità;1;nr
chirurgo;1;nr
pulisse;1;nr
sulla;1;nr
scriveremo;1;nr
interêt;1;nr
mettete;1;nr
porcaccia;1;nr
miseria;1;nr
baños;1;nr
típico;1;nr
khanzin;1;nr
quoiiiiiiiiiiiiiii;1;nr
sertà;1;nr
kouaaaa;1;nr
rafraichir;1;nr
gms;1;nr
crêpées;1;nr
instalei;1;nr
ontem;1;nr
pés;1;nr
lakhnezzzzzzzzzz;1;nr
lentrefesse;1;nr
selons;1;nr
monarchie;1;nom
lèpre;1;nom
sacrer;1;ver
emji_lune_et_étoile;1;nr
bañan;1;nr
crin;1;nom
kou;1;nr
quuuoooiiii;1;nr
zet;1;nr
joursbil;1;nr
blasphémer;1;ver
violoniste;1;nom
cordonnier;1;nom
chausser;1;ver
ahahahahahahahahhaahahahahahahaahhahahaha;1;nr
aneee;1;nr
pepette;1;nr
grandp;1;nr
esuillet;1;nr
substituer;1;ver
piemonte;1;nr
franseis;1;nr
rinfrescarti;1;nr
rinfreschi;1;nr
talmente;1;nr
zizzania;1;nr
castor;1;nom
sudicioni;1;nr
scalzi;1;nr
docce;1;nr
palestre;1;nom
contribuendo;1;nr
proliferazione;1;nr
funghi;1;nr
verruche;1;nr
profusione;1;nr
ch1;1;nr
degoutant;1;nr
utilissent;1;nr
matou;1;nom
ahlalala;1;nr
scandaloso;1;nr
dappertutto;1;nr
tranne;1;nr
sederino;1;nr
zozzo;1;nr
biidet;1;nr
croste;1;nr
ironia;1;nr
arrampicava;1;nr
disperazione;1;nr
usavano;1;nr
inumidite;1;nr
rimaneva;1;nr
ostaggio;1;nr
eventuali;1;nr
realtà;1;nr
effetto;1;nr
metodo;1;nr
contraccettivo;1;nr
sarei;1;nr
aspettato;1;nr
trecentesimo;1;nr
grado;1;nr
voglio;1;nr
sopratutto;1;nr
craspouilles;1;nr
pissou;1;nom
emji_câble_avec_fiche_électrique;1;nr
nunuche;1;adj
coconne;1;nr
miglior;1;nr
usciva;1;nr
baño;1;nr
suficiente;1;nr
agrega;1;nr
aparato;1;nr
inodoro;1;nr
sagrado;1;nr
vení;1;nr
bsas;1;nr
muuyy;1;nr
bárbaro;1;nr
calda;1;nr
goduria;1;nr
cuser_utilisateurice;1;nr
hotels;1;nr
equipés;1;nr
toustes;1;nr
foufes;1;nr
erasmus;1;nr
inporte;1;nr
quoiiiiiii;1;nr
mortacci;1;nr
avevamo;1;nr
voleva;1;nr
doveva;1;nr
togliersi;1;nr
denudarsi;1;nr
abbassare;1;nr
rovescio;1;nr
ognuna;1;nr
asciugarsi;1;nr
strazio;1;nr
zitta;1;nr
sinks;1;nr
lavarmi;1;nr
denti;1;nr
inoltre;1;nr
spero;1;nr
traduzione;1;nr
intendessi;1;nr
washcloth;1;nr
rocket;1;nom
asciugamano;1;nr
stiamo;1;nr
doches;1;nr
utilisè;1;nr
coulottes;1;nr
sinistra;1;nr
appena;1;nr
tornata;1;nr
bretagna;1;nr
normandia;1;nr
scorso;1;nr
provenza;1;nr
doccette;1;nr
grecia;1;nr
oltretutto;1;nr
fredda;1;nr
cacciato;1;nr
strilli;1;nr
incubo;1;nr
estate;1;nr
veloce;1;nr
dicessero;1;nr
sl;1;nr
noooooo;1;nr
asiatico;1;nr
chiier;1;nr
doucette;1;nom
liniment;1;nom
hygièniques;1;nr
bacine;1;nr
pratiquue;1;nr
surestimer;1;ver
padre;1;nr
perdonali;1;nr
roba;1;nr
matti;1;nr
rationner;1;ver
économiquement;1;adv
sexual;1;nr
efficient;1;adj
bassi;1;nr
escamotage;1;nom
superare;1;nr
assenza;1;nr
specie;1;nr
fantasia;1;nom
spirito;1;nr
intrapendenza;1;nr
varsi;1;nr
potrete;1;nr
faranno;1;nr
cribbio;1;nr
istintivo;1;nr
chiappas;1;nr
conocen;1;nr
culturali;1;nr
figurati;1;nr
ahahahahahaha;1;nr
law;1;nr
apartment;1;nr
renovated;1;nr
renovating;1;nr
ronfler;1;ver
cristallin;1;adj
khazar;1;adj
started;1;nr
syrie;1;nr
mali;1;nom
talked;1;nr
khalti;1;nr
aunties;1;nr
consideraient;1;nr
biographie;1;nom
torche;1;nom
hippocrate;1;nr
euclide;1;nr
algèbre;1;nom
jabr;1;nr
trigonométrie;1;nom
avicenne;1;nr
sina;1;nr
rushd;1;nr
xvii;1;nr
astronomie;1;nom
distillation;1;nom
pharmacologie;1;nom
emji_château;1;nr
architectural;1;adj
coupole;1;nom
mosaïque;1;nom
irriguer;1;ver
adduction;1;nom
égout;1;nom
fortification;1;nom
aquin;1;nr
troubadour;1;nom
agrume;1;nom
artichaut;1;nom
irrigation;1;nom
noria;1;nom
raffinement;1;nom
emji_balance_à_poids;1;nr
boussole;1;nom
expérimentation;1;nom
cacata;1;nr
considre;1;nr
apd;1;nr
flexible;1;adj
bocu;1;nr
comode;1;nr
pouille;1;nom
evanouissement;1;nr
genitali;1;nr
lavr;1;nr
scatto;1;nr
sison;1;nr
arai;1;nr
napolitan;1;nr
lavorare;1;nr
utilizzarlo;1;nr
cresciuta;1;nr
motivi;1;nr
carità;1;nr
giudicano;1;nr
fermata;1;nr
alpi;1;nr
rivolta;1;nr
prevalentemente;1;nr
umido;1;nr
principali;1;nr
località;1;nr
volete;1;nr
riuscite;1;nr
farvi;1;nr
andate;1;nr
espletare;1;nr
normali;1;nr
biologiche;1;nr
valere;1;nr
mestruo;1;nr
facessero;1;nr
lerci;1;nr
sgommate;1;nr
regola;1;nr
finalmente;1;nr
giornalismo;1;nr
dears;1;nr
raga;1;nom
balls;1;nr
emji_softball;1;nr
asssss;1;nr
odori;1;nr
andati;1;nr
esisteva;1;nr
accostato;1;nr
bordelli;1;nr
inizió;1;nr
sparire;1;nr
bagni;1;nr
separati;1;nr
stanze;1;nr
assurdità;1;nr
pallocche;1;nr
malimortè;1;nr
caddozzi;1;nr
prescindere;1;nr
siano;1;nr
oggettivo;1;nr
quooooiiiiiiii;1;nr
confermo;1;nr
diciamolo;1;nr
culcachet;1;nr
sognerebbe;1;nr
rinfrescarsi;1;nr
critiche;1;nr
guardano;1;nr
riscaldati;1;nr
integrati;1;nr
getti;1;nr
diversi;1;nr
risparmiano;1;nr
riscaldato;1;nr
figata;1;nr
pazzesca;1;nr
paradiso;1;nr
lamda;1;nr
inmeubles;1;nr
emji_jongleuse;1;nom
rispondere;1;nr
commento;1;nr
specificando;1;nr
ossessivamente;1;nr
ossessiva;1;nr
favore;1;nr
spiegatemelo;1;nr
ritengono;1;nr
necessario;1;nr
lavarle;1;nr
torno;1;nr
buongiorno;1;nr
salutamelo;1;nr
emoziono;1;nr
vederlo;1;nr
cazzate;1;nr
anpedò;1;nr
culon;1;nr
freinage;1;nom
arté;1;nr
frenchies;1;nr
paier;1;nr
musulmani;1;nr
leggete;1;nr
impero;1;nr
romano;1;nom
continuate;1;nr
610;1;num
punique;1;adj
carthage;1;nr
religieusement;1;adv
anal;1;adj
cultuelle;1;nr
dogme;1;nom
libanais;1;nom
australien;1;adj
alhambra;1;nom
grenade;1;nom
cordoue;1;nr
narbonne;1;nr
carcassonne;1;nr
ramatuelle;1;nr
quoooiiii;1;nr
existen;1;nr
quuoouwaaaa;1;nr
ragazzo;1;nr
intervistato;1;nr
età;1;nr
cercherei;1;nr
htag_finoallafinedelmondo;1;nr
libero;1;nom
hygiéniquement;1;adv
cazzzooo;1;nr
incivili;1;nr
presto;1;adv
oso;1;nr
sappiamo;1;nr
lavoravo;1;nr
società;1;nr
perfeto;1;nr
remouiller;1;ver
furico;1;nr
hellooooo;1;nr
bidê;1;nr
chuveirinho;1;nr
inferiori;1;nr
patrimonio;1;nr
umanita;1;nr
zozziiiiiii;1;nr
sporcate;1;nr
esclude;1;nr
seconda;1;nr
intimo;1;nr
usino;1;nr
decreto;1;nr
ministeriale;1;nr
stabilisce;1;nr
caratteristiche;1;nr
sanitarie;1;nr
richiede;1;nr
disponga;1;nr
dotato;1;nr
vaso;1;nr
vasca;1;nr
stupisco;1;nr
routard;1;nom
piscio;1;nr
rifanno;1;nr
italianelli;1;nr
amano;1;nr
lavaculo;1;nr
odiano;1;nr
farmi;1;nr
rries;1;nr
higienic;1;nr
century;1;nr
pesce;1;nr
risposte;1;nr
anch;1;nr
sopravvissuto;1;nr
sozzi;1;nr
impazzisco;1;nr
ohoh;1;nr
slb;1;nr
gallia;1;nr
omnis;1;nr
quarum;1;nr
unam;1;nr
incolunt;1;nr
belgae;1;nr
aliam;1;nr
aquitani;1;nr
tertiam;1;nr
ipsorum;1;nr
celtae;1;nr
galli;1;nr
appellantur;1;nr
grosso;1;nr
accada;1;nr
essendo;1;nr
regolari;1;nr
pasti;1;nr
malattia;1;nr
torniamo;1;nr
refraîchir;1;nr
comblè;1;nr
università;1;nr
salviettes;1;nr
humidifiées;1;nr
ufficio;1;nr
comoda;1;nr
considerazione;1;nr
adatto;1;nr
pulisca;1;nr
evvabbè;1;nr
scusate;1;nr
cagare;1;nr
andarsene;1;nr
trovano;1;nr
sensazione;1;nr
fastidiosa;1;nr
prurito;1;nr
sopraggiunge;1;nr
adottare;1;nr
risolvere;1;nr
antoinette;1;nr
mangia;1;nr
beve;1;nr
seganes;1;nr
lavarve;1;nr
cari;1;nom
ammesso;1;nr
fatta;1;nr
precedenza;1;nr
cartaigenica;1;nr
propheta;1;nr
spruzzino;1;nr
asiatici;1;nr
useful;1;nr
pupù;1;nr
espagna;1;nr
siti;1;nr
loddi;1;nr
brule;1;nr
amí;1;nr
contenti;1;nr
bcps;1;nr
emji_microbe;1;nom
bisogna;1;nr
vecchi;1;nr
dicano;1;nr
defecar;1;nr
defecan;1;nr
sepa;1;nr
igienizzatevi;1;nr
curano;1;nr
pososno;1;nr
ignorare;1;nr
spagnoli;1;nr
maiiiiii;1;nr
pulita;1;nr
muoio;1;nr
offendono;1;nr
francesismo;1;nr
magnabaguettes;1;nr
sporcacciones;1;nr
savoirvoir;1;nr
llavent;1;nr
multitasking;1;nr
fiere;1;nr
etrê;1;nr
soulement;1;nr
secolare;1;nr
tradizione;1;nr
poca;1;nr
noto;1;nr
sappiate;1;nr
olanda;1;nr
peggiore;1;nr
ingresso;1;nr
quantomeno;1;nr
frequento;1;nr
japanese;1;nr
humans;1;nr
shitting;1;nr
ditemi;1;nr
dimmi;1;nr
uun;1;nr
usité;1;adj
zozziiiiiiii;1;nr
hannoo;1;nr
beings;1;nr
studi;1;nr
dijon;1;nr
padiglioni;1;nr
studenti;1;nr
keskiils;1;nr
naifs;1;nr
notte;1;nr
datevi;1;nr
bideeeeeeeeee;1;nr
manica;1;nr
lercioni;1;nr
umida;1;nr
conoscete;1;nr
polluantes;1;nr
rimanete;1;nr
mezzi;1;nr
merdosi;1;nr
producete;1;nr
inquinamento;1;nr
egalité;1;nr
zizzoni;1;nr
nuove;1;nr
ristruttura;1;nr
iniziare;1;nr
vestiaire;1;nom
unione;1;nr
europea;1;nr
installazione;1;nr
sviluppo;1;nr
farebbero;1;nr
consegue;1;nr
regole;1;nr
aiuto;1;nr
emji_femme_faisant_un_geste_d_interdiction;1;nom
usì;1;nr
quist;1;nr
cumpagn;1;nr
tuj;1;nr
lavarti;1;nr
lordo;1;nr
ovvio;1;nr
desiderare;1;nr
limpias;1;nr
papel;1;nr
lavas;1;nr
dirty;1;nr
asshole;1;nr
rb;1;nr
importato;1;nr
corte;1;nr
denominati;1;nr
preferibile;1;nr
package;1;nom
pilosité;1;nom
zheyzhey;1;nr
canasson;1;nom
mécanisation;1;nom
dérivatif;1;nom
incorporer;1;ver
porcodio;1;nr
loool;1;nr
avranno;1;nr
lavata;1;nr
asciugata;1;nr
adoperata;1;nr
zizou;1;nr
perdio;1;nr
sona;1;nr
sapete;1;nr
confortevole;1;nr
pocciò;1;nr
lavato;1;nr
portoghese;1;nr
risposto;1;nr
entrare;1;nr
fretter;1;ver
waltz;1;nr
vantamose;1;nr
spogli;1;nr
vaaaa;1;nr
ignoranti;1;nr
schifooo;1;nr
tarzanelles;1;nr
croccanti;1;nr
corsu;1;nr
réhabilitons;1;nr
cagati;1;nr
caddozziiiiiii;1;nr
parecchio;1;nr
fuuuuckkkk;1;nr
matters;1;nr
shiiiiittttt;1;nr
dategli;1;nr
pulitissimi;1;nr
imbibé;1;adj
vaga;1;nr
dovete;1;nr
adoperò;1;nr
anteriore;1;nr
posteriore;1;nr
judie;1;nr
rarisimo;1;nr
inventaron;1;nr
generosos;1;nr
sillon;1;nom
wasting;1;nr
liters;1;nr
cleaning;1;nr
evening;1;nr
sanitary;1;nr
napkins;1;nr
mezza;1;nr
emigrata;1;nr
trovata;1;nr
tragedia;1;nr
abitua;1;nr
pulisce;1;nr
specialmente;1;nr
morbida;1;nr
vanterei;1;nr
inquinano;1;nr
intasano;1;nr
scarichi;1;nr
poops;1;nr
molette;1;nom
asking;1;nr
pensate;1;nr
siccome;1;nr
fatti;1;nr
porca;1;nr
puttanaaaaa;1;nr
fattene;1;nr
usiamo;1;nr
dato;1;nr
racconterei;1;nr
sentirmi;1;nr
profumato;1;nr
facendo;1;nr
scambi;1;nr
entrambe;1;nr
occupate;1;nr
acrobazie;1;nr
bérkeuh;1;nr
resortent;1;nr
oll;1;nr
fefesses;1;nr
italiensse;1;nr
cagata;1;nr
detergenti;1;nr
specifici;1;nr
culetto;1;nr
argentineans;1;nr
fatherland;1;nr
uncivilized;1;nr
disgustoso;1;nr
capiscano;1;nr
utilità;1;nr
sondaggio;1;nr
finto;1;nr
sarà;1;nr
tartiner;1;ver
rimming;1;nr
canalisation;1;nom
fammes;1;nr
cacatina;1;nr
incomprensibile;1;nr
smettila;1;nr
specificato;1;nr
psco;1;nr
abbondante;1;nr
essenziale;1;nr
situazione;1;nr
esentiel;1;nr
comodo;1;nr
dubbi;1;nr
muore;1;nr
trova;1;nr
modi;1;nr
mantenersi;1;nr
scusa;1;nr
nessuna;1;nr
ritrovi;1;nr
fiamme;1;nr
pericolosa;1;nr
generalizzare;1;nr
prendere;1;nr
rimarrà;1;nr
sigarette;1;nr
sperme;1;nom
classico;1;adv
gallici;1;nr
alamans;1;nr
huelen;1;nr
paître;1;ver
cradasses;1;nr
sacrè;1;nr
obligatoir;1;nr
enchère;1;nom
aérosol;1;nom
microparticules;1;nr
foutage;1;nr
protegée;1;nr
dégouterait;1;nr
crad;1;nr
quotidiana;1;nr
tantomeno;1;nr
cesso;1;nr
civiliser;1;ver
usurper;1;ver
goncourt;1;nr
anéantissement;1;nom
profumata;1;nr
koua;1;nr
constructeur;1;nom
ausso;1;nr
portatif;1;adj
quoiiii;1;nr
personel;1;nr
chauvin;1;adj
bibet;1;nr
delafon;1;nr
scatologique;1;adj
beuurk;1;nr
coquillage;1;nom
salubrité;1;nom
parceuqe;1;nr
ainé;1;nr
karambolage;1;nr
économiserions;1;nr
emménager;1;ver
tuyauterie;1;nom
appâter;1;ver
sionnistes;1;nr
interressant;1;nr
qet;1;nr
portogallo;1;nr
interviewez;1;nr
gatée;1;nr
útiles;1;nr
extensible;1;adj
htag_cleanbutt;1;nom_sup
rimer;1;ver
plébiscitaient;1;nr
pee;1;nr
stinky;1;nr
evité;1;nr
christaline;1;nr
bor;1;nr
ditent;1;nr
abbia;1;nr
invenzione;1;nr
pudicité;1;nom
goulot;1;nom
tétine;1;nom
passatina;1;nr
nuovi;1;nr
sufficienza;1;nr
culturale;1;nr
differenza;1;nr
arroganti;1;nr
acquedotti;1;nr
darvi;1;nr
valser;1;ver
nasce;1;nr
disprezzo;1;nr
degno;1;nr
rappresentante;1;nr
fanfreluche;1;nom
versaillais;1;nom
verissimo;1;nr
creatore;1;nr
aiuta;1;nr
costco;1;nr
robinetterie;1;nom
nettoye;1;nr
diarrée;1;nr
parfumé;1;adj
recevoire;1;nr
parfumèe;1;nr
mediterrain;1;nr
enchainement;1;nr
douchetts;1;nr
mouler;1;ver
honest;1;nr
inconveniency;1;nr
bizzarre;1;nr
hereusement;1;nr
allemangne;1;nr
emji_chat_qui_boude;1;nom
grrr;1;nr
ménielle;1;nr
gngngngn;1;nr
jaurai;1;nr
desolé;1;nr
vreuuuuuuument;1;nr
dispute;1;nom
ybavait;1;nr
emmy;1;nr
rossum;1;nr
lache;1;nr
ettt;1;nr
reluisant;1;adj
dégouté;1;nr
ché;1;nr
ahahhahah;1;nr
éditorial;1;nom
cétémieuavan;1;nr
trizomik;1;nr
romanisation;1;nom
avenant;1;adj
legendairement;1;nr
xuelle;1;nr
emdr;1;nr
cameron;1;nr
diaz;1;nr
aéronautique;1;nom
35000;1;num
htag_ce;1;nom_sup
ut;1;nom
bezos;1;nr
venise;1;nom
écocides;1;nr
peurdelavion;1;nr
turbulence;1;nom
fofly;1;nr
eurocopa;1;nr
rhodes;1;nr
problematique;1;nr
équitablement;1;adv
égocentré;1;nr
équilibrer;1;ver
rétamée;1;nr
m15;1;nr
gouffre;1;nom
mma;1;nr
chouinerez;1;nr
daunat;1;nr
emmerdées;1;nr
grand_pères;1;nr
picnic;1;nr
garfunkel;1;nr
ouaaahhh;1;nr
brisé;1;adj
htag_ninasimone;1;nom_sup
screaming;1;nr
invenção;1;nr
jerico;1;nr
truco;1;nr
rumano;1;nr
t3;1;nr
l4scc4;1;nr
bisikletin;1;nr
arkas;1;nr
pervane;1;nr
yapsayd;1;nr
giderdi;1;nr
unutmu;1;nr
utilidad;1;nr
stupid;1;nr
rafting;1;nom
nternet;1;nr
israf;1;nr
çorap;1;nr
dale;1;nom
rather;1;nr
soaking;1;nr
wet;1;nr
wisconsin;1;nr
ron;1;nom
jeremy;1;nr
bizarro;1;nr
bull;1;nom
hank;1;nr
ollie;1;nr
speedos;1;nr
paddle;1;nr
lavora;1;nr
montendon;1;nr
amphibie;1;adj
chaussetes;1;nr
graisser;1;ver
rouiller;1;ver
emji_paresseux;1;nom
impr;1;nr
démanger;1;ver
elysée;1;nr
pattineurs;1;nr
craquage;1;nom
careaux;1;nr
blatte;1;nom
lbelle;1;nr
insulteraient;1;nr
slipppp;1;nr
rolling;1;nr
sk8park;1;nr
hs36;1;nr
distribueraient;1;nr
montoie;1;nr
loz;1;nr
dévaler;1;ver
flâneur;1;nom
rolantes;1;nr
mooove;1;nr
moove;1;nr
trame;1;nom
crackheads;1;nr
slalomer;1;ver
sphincter;1;nom
alléger;1;ver
persones;1;nr
hereuses;1;nr
inline;1;nr
opel;1;nr
omega;1;nr
ouiiiiiiiiiiiiiii;1;nr
traînée;1;nom
rédaction;1;nom
sécu;1;nom
rte;1;nr
utter;1;nr
flambeau;1;nom
749;1;num
swisshotel;1;nr
magnfique;1;nr
ovre;1;nr
olympic;1;nr
airways;1;nr
ahahh;1;nr
palet;1;nom
festoyer;1;ver
bamboule;1;nr
emji_signe_appel_téléphonique_avec_les_doigts_peau_mate;1;nr
signifiant;1;adj
tambour;1;nom
haïti;1;nr
isolement;1;nom
proverbial;1;adj
memo;1;nr
bahn;1;nr
gipsy;1;nom
kings;1;nr
bamboulééé;1;nr
c_o_n;1;nr
estun;1;nr
illettrisme;1;nom
transalpains;1;nr
ánes;1;nr
cocorico;1;nom
bouléee;1;nr
bamboulééééééééé;1;nr
bambouléééééééééééééé;1;nr
substrat;1;nom
durasafe;1;nr
polymère;1;nom
écologies;1;nr
orthographier;1;ver
paléot;1;nr
emji_main_levée_peau_moyennement_claire;1;nr
paléooo;1;nr
hérens;1;nr
dépassement;1;nom
remporter;1;ver
glacier;1;nom
enraciné;1;adj
bâtisseur;1;nom
emilien;1;nr
coll;1;nr
grrrrrrain;1;nr
emji_buffle;1;nr
réapprendre;1;ver
cavalier;1;nom
interpretations;1;nr
negatives;1;nr
défiscalise;1;nr
venderaient;1;nr
entendió;1;nr
seltsamer;1;nr
kommentar;1;nr
valr;1;nr
antonymique;1;nr
astérisque;1;nom
non_blanc;1;nom
balavoine;1;nr
pouahhhhhhhhh;1;nr
éducationnel;1;adj
socialo;1;nom
clava;1;nr
evaded;1;nr
ponctuer;1;ver
doctrine;1;nom
ascendance;1;nom
crédibilité;1;nom
abricot;1;nom
souk;1;nom
involutions;1;nr
dégénération;1;nom
appauvrissements;1;nr
reflechis;1;nr
généralisent;1;nr
égoiste;1;nr
reichen;1;nr
lernt;1;nr
sparen;1;nr
emji_v_de_la_victoire_peau_mate;1;nom
suçage;1;nom
chibre;1;nom
içi;1;nr
aia;1;nr
sartre;1;nr
egoistes;1;nr
comentarios;1;nr
interwiev;1;nr
nomril;1;nr
apars;1;nr
vré;1;nr
bian;1;nr
abrouti;1;nr
waouuuuuu;1;nr
m8;1;nr
laboratoire;1;nom
ouahhhh;1;nr
dernièr;1;nr
aujoud;1;nr
exeptions;1;nr
emji_cactus;1;nom
canaries;1;nr
fuerteventura;1;nr
confirmo;1;nr
diez;1;nr
norte;1;nr
vivido;1;nr
défaillant;1;adj
désamorcer;1;ver
guevara;1;nr
ceo;1;nr
véhément;1;adj
aboyez;1;nr
repetes;1;nr
postifiv;1;nr
véhémence;1;nom
emji_paume_contre_paume_doigts_vers_le_haut_peau_légèrement_mate;1;nr
stolen;1;nr
ashamed;1;nr
decathlon;1;nr
compétent;1;adj
professionel;1;nr
caille;1;nom
ponytail;1;nr
complimenter;1;ver
ponitail;1;nr
indutriel;1;nr
toxine;1;nom
waaaaaaw;1;nr
placage;1;nom
avans;1;nr
ahahahaa;1;nr
anticipation;1;nom
niaiser;1;ver
breakfast;1;nom
hellos;1;nr
influenceur;1;nr
safe;1;nr
levain;1;nom
blondinet;1;nom
caffé;1;nr
aram;1;nr
nutritionnistes;1;nr
4h30;1;nr
toast;1;nom
brav;1;nr
redécouvrir;1;ver
encoryable;1;nr
goooaaat;1;nr
oauis;1;nr
tkxxxxx;1;nr
kouiiiisiiiine;1;nr
lilian;1;nr
rechigner;1;ver
plombe;1;nom
courrent;1;nr
demi_finale;1;nom
réactif;1;nom
34203;1;num
évent;1;nom
buteur;1;nom
291;1;num
streaming;1;nr
viewers;1;nr
décisif;1;adj
culminer;1;ver
itv;1;nr
billetterie;1;nom
oupss;1;nr
25mio;1;nr
kardashian;1;nr
shindler;1;nr
hype;1;nr
endive;1;nom
90ème;1;nr
homologue;1;nom
goatesque;1;nr
ariège;1;nr
flirt;1;nom
pingo;1;nr
ahuri;1;nom
poireauter;1;ver
couvent;1;nom
rasta;1;nom
archiver;1;ver
transalpins;1;nr
juilllet;1;nr
aniversaire;1;nr
acceuille;1;nr
instition;1;nr
immunitée;1;nr
trez;1;nr
narquois;1;adj
péouse;1;nr
barriers;1;nr
bourbin;1;nr
femininsme;1;nr
oops;1;nr
pacte;1;nom
kks;1;nr
emji_poignée_de_main_peau_moyennement_claire;1;nr
htag_postcardcreator;1;nom_sup
nasasoft;1;nr
writeuuuwrrr;1;nr
majorette;1;nom
pompom;1;nr
hahhahha;1;nr
jaaaaacques;1;nr
hennnryyyy;1;nr
convaincu;1;adj
voculaire;1;nr
préparrées;1;nr
redondant;1;adj
concitoyen;1;nom
peignée;1;nom
marguerite;1;nom
bâcler;1;ver
saccadé;1;adj
martèlement;1;nom
interpelé;1;nr
coron;1;nom
chemisier;1;nom
romanche;1;nom
éloquences;1;nr
après_deuxième;1;nr
amene;1;nr
estival;1;adj
moliere;1;nr
amatriphoto;1;nr
oseille;1;nom
hélium;1;nom
allocution;1;nom
marronnier;1;nom
schizophrénie;1;nom
yéyé;1;nom
rougeur;1;nom
zerma;1;nr
follement;1;adv
comle;1;nr
aspirine;1;nom
spf50;1;nr
glorification;1;nom
dérailler;1;ver
foudroyant;1;adj
envelopper;1;ver
mooode;1;nr
laaausaaane;1;nr
teheraniennes;1;nr
ancore;1;nr
mélanine;1;nom
bronzeront;1;nr
vitaine;1;nr
maintain;1;nr
bigoudi;1;nom
deauville;1;nr
emji_index_pointant_vers_l_utilisateur_peau_légèrement_mate;1;nr
unnecessary;1;nr
veillisement;1;nr
précose;1;nr
châtier;1;ver
énarque;1;nom
chaaaantal;1;nr
éééééééééé;1;nr
bronceado;1;nr
qye;1;nr
capa;1;nr
ozono;1;nr
elocution;1;nr
discriminées;1;nr
chantal;1;nr
greeenouuuuuiillle;1;nr
àààà;1;nr
graaaaaaande;1;nr
boooouuuuche;1;nr
philomène;1;nr
méduse;1;nom
surjouer;1;nr
imbuvables;1;nr
raquettés;1;nr
tricks;1;nr
rollèèère;1;nr
surcôté;1;nr
amazone;1;nom
mparck;1;nr
heelys;1;nr
30secondes;1;nr
daaaate;1;nr
tespas;1;nr
tranport;1;nr
woaa;1;nr
tranzport;1;nr
sportxx;1;nr
dze;1;nr
dinequilibre;1;nr
ooooooooh;1;nr
inflammation;1;nom
tendon;1;nom
aeroport;1;nr
physiologique;1;adj
hehehehehe;1;nr
godios;1;nr
genz;1;nr
roulement;1;nom
semelle;1;nom
grinder;1;nr
baule;1;nr
wesch;1;nr
woualla;1;nr
natalie;1;nr
sxx;1;nr
sand;1;nr
castles;1;nr
bluffants;1;nr
seni;1;nr
gördüm;1;nr
sanki;1;nr
mohamad;1;nr
mahmod;1;nr
secretan;1;nr
terrassiere;1;nr
lilot;1;nr
sous_sol;1;nom
hargne;1;nom
récrimination;1;nom
squatt;1;nr
exploiteur;1;nom
jouissance;1;nom
foncier;1;adj
temporairement;1;adv
besyd;1;nr
détériorer;1;ver
bouillonnement;1;nom
successif;1;adj
vidages;1;nr
anarchique;1;adj
campiche;1;nr
relogement;1;nom
roumanie;1;nr
tchéquie;1;nr
cologny;1;nr
discourse;1;nr
carmen;1;nr
antonio;1;nr
ana;1;nom
rodrigo;1;nr
squattaient;1;nr
argan;1;nr
bitcoin;1;nr
dersh;1;nr
trade;1;nr
bitcoins;1;nr
loger;1;ver
réquisition;1;nom
màj;1;nr
emji_trombone;1;nom
zappelli;1;nr
cicr;1;nr
relogée;1;nr
prdf;1;nr
étrangeté;1;nom
fascinera;1;nr
enjamber;1;ver
guérite;1;nom
garde_barrières;1;nom
sonvillier;1;nr
sombeval;1;nr
sonvilier;1;nr
finistère;1;nr
nonchalant;1;adj
denise;1;nr
gerber;1;ver
rail;1;nom
locomotive;1;nom
telex;1;nr
guilhem;1;nr
ponctualité;1;nom
nouan;1;nr
fuzelier;1;nr
toussaint;1;nom
abaissé;1;adj
praticarlo;1;nr
tendinites;1;nr
barriéres;1;nr
étourdissement;1;nom
gastro;1;nom
acccident;1;nr
imprévu;1;nom
chise;1;nr
gense;1;nr
indisposant;1;nr
slowly;1;nr
understanding;1;nr
notbfrench;1;nr
swizerland;1;nr
explains;1;nr
lyrics;1;nr
fle;1;nr
gesammelt;1;nr
sortiert;1;nr
fokussiert;1;nr
findet;1;nr
heutigen;1;nr
äußerst;1;nr
selten;1;nr
exakte;1;nr
aussprache;1;nr
kaum;1;nr
anzutreffen;1;nr
junge;1;nr
importiert;1;nr
cursiva;1;nr
annunciation;1;nr
vénéneux;1;adj
incertitude;1;nom
émoji;1;nr
avancons;1;nr
regressons;1;nr
inquiete;1;nr
cautionnaient;1;nr
frémir;1;ver
egorger;1;nr
angélisme;1;nom
desolee;1;nr
privee;1;nr
ensino;1;nr
poesias;1;nr
institituteurs;1;nr
repression;1;nr
interne;1;adj
tyrannique;1;adj
intériorisé;1;nr
humiliant;1;adj
administation;1;nr
deconnecte;1;nr
accru;1;adj
sempiternel;1;adj
reactions;1;nr
dissonance;1;nom
blamerais;1;nr
silex;1;nom
véhiculer;1;ver
lynchage;1;nom
respiration;1;nom
wonderfully;1;nr
fabulous;1;nr
consciencieux;1;adj
décrocheurs;1;nr
truffaut;1;nr
civilized;1;nr
petted;1;nr
fed;1;nr
bunnys;1;nr
chicks;1;nr
tall;1;nr
gentle;1;nr
dre;1;nr
larbin;1;nom
répressif;1;adj
recrudescence;1;nom
deprimant;1;nr
wherever;1;nr
ephad;1;nr
nouuuuuuus;1;nr
bahahahha;1;nr
ro;1;nr
mécréant;1;nom
impur;1;adj
trolle;1;nom
reciting;1;nr
rumblings;1;nr
encantadora;1;nr
poems;1;nr
writen;1;nr
nearly;1;nr
educated;1;nr
nuns;1;nr
write;1;nr
efeuhecke;1;nr
etrangers;1;nr
cuteness;1;nr
raspy;1;nr
smoker;1;nr
commanding;1;nr
rimbaldien;1;adj
fégnasses;1;nr
month;1;nr
exxxpetáculo;1;nr
emji_parchemin;1;nom
lecheval;1;nr
gagerait;1;nr
déclamation;1;nom
curriculum;1;nom
mignonissimo;1;nr
expressivité;1;nr
magnefique;1;nr
picked;1;nr
grows;1;nr
strophe;1;nom
ought;1;nr
younger;1;nr
sees;1;nr
gasp;1;nr
guäti;1;nr
gsundi;1;nr
nöd;1;nr
wiä;1;nr
diä;1;nr
goofä;1;nr
hüt;1;nr
bellísimo;1;nr
compartirlo;1;nr
pizarrón;1;nr
maravillosa;1;nr
wear;1;nr
booty;1;nr
calça;1;nr
curta;1;nr
magrelo;1;nr
maravilhosos;1;nr
sabem;1;nr
actor;1;nr
schat;1;nr
author;1;nr
tender;1;nom
scrisul;1;nr
tabl;1;nr
foarte;1;nr
caligrafic;1;nr
realité;1;nr
include;1;nr
paracalculus;1;nr
university;1;nr
failed;1;nr
studying;1;nr
teaches;1;nr
graphie;1;nom
sensitivity;1;nr
caligrafía;1;nr
señorita;1;nr
ameeeeeee;1;nr
emji_statue_de_la_liberté;1;nr
ameiuser_;1;nr
task;1;nr
says;1;nr
feeds;1;nr
rabbits;1;nr
throws;1;nr
eat;1;nr
translate;1;nr
approach;1;nr
closer;1;nr
breed;1;nr
aawww;1;nr
choubi;1;nr
consti;1;nr
désespèrant;1;nr
hesitant;1;nr
infranchissable;1;adj
résigner;1;ver
phonétique;1;adj
prestigieux;1;adj
abêtir;1;ver
besnard;1;nr
pourpre;1;adj
coloriant;1;nr
rostand;1;nr
mime;1;nom
coment;1;nr
langagière;1;nr
maintien;1;nom
babibouchette;1;nr
timothée;1;nr
plébiscitent;1;nr
presenté;1;nr
fresard;1;nr
extralarge;1;nr
caniche;1;nom
agrementée;1;nr
épauleeeetttes;1;nr
délavé;1;adj
datation;1;nom
acdc;1;nr
exploited;1;nr
frip;1;nr
fashions;1;nr
20éme;1;nr
mélangé;1;adj
honnetement;1;nr
courou;1;nr
subway;1;nr
shm;1;nr
styliste;1;nom
yaoundé;1;nr
cameroum;1;nr
tschieuuuu;1;nr
platon;1;nr
linkbio;1;nr
htag_rtsarchives;1;nom_sup
htag_rtsxarchives;1;nom_sup
htag_philosophie;1;nom_sup
htag_espritlibre;1;nom_sup
htag_jura;1;nom_sup
téléporté;1;nr
vindicatif;1;adj
antichar;1;adj
criant;1;adj
aphatie;1;nr
châââângèèèè;1;nr
irnos;1;nr
ciudades;1;nr
huertas;1;nr
autonomas;1;nr
ecológicas;1;nr
vecinos;1;nr
organización;1;nr
meditativa;1;nr
intermitentes;1;nr
competencia;1;nr
artesanos;1;nr
cáñamo;1;nr
defensa;1;nr
vecindario;1;nr
ecoaldea;1;nr
kung_fu;1;nom
protección;1;nr
bosques;1;nr
silvestres;1;nr
domésticos;1;nr
castrados;1;nr
vehículos;1;nr
comunitarios;1;nr
cds;1;nr
dióxido;1;nr
cloro;1;nr
ivermectina;1;nr
serviteur;1;nom
emji_arbre_sans_feuille;1;nr
danon;1;nr
expresión;1;nr
dejando;1;nr
rituales;1;nr
devolución;1;nr
tomado;1;nr
abusado;1;nr
huella;1;nr
carbono;1;nr
individual;1;nr
colectivo;1;nr
tax;1;nr
sentada;1;nr
comprensión;1;nr
imposición;1;nr
usar;1;nr
unirnos;1;nr
moverse;1;nr
detener;1;nr
propio;1;nr
privado;1;nr
agua;1;nr
fuego;1;nr
vaulion;1;nr
relief;1;nom
thermal;1;adj
emji_doigts_croisés_peau_légèrement_mate;1;nr
trotinettes;1;nr
déresponsabilisés;1;nr
piton;1;nom
déboucher;1;ver
fuire;1;nr
immanquablement;1;adv
7ème;1;nr
dissuasives;1;nr
assistance;1;nom
prendent;1;nr
decisions;1;nr
rochat;1;nr
diâcre;1;nr
cuenod;1;nr
absulument;1;nr
périmètre;1;nom
diminueraient;1;nr
indiscipline;1;nom
cône;1;nom
epoke;1;nr
diactre;1;nr
chasstavel;1;nr
zete;1;nr
carrell;1;nr
mathys;1;nr
sûreté;1;nom
halalala;1;nr
commencais;1;nr
intras;1;nr
emji_personne_qui_se_fait_couper_les_cheveux_peau_légèrement_mate;1;nr
epsere;1;nr
msn;1;nr
reau;1;nr
skateboard;1;nom
boncoin;1;nr
auditif;1;adj
shrek;1;nr
suand;1;nr
telegram;1;nr
deezload;1;nr
ugreen;1;nr
edouard;1;nr
baer;1;nr
sursaut;1;nom
coupure;1;nom
shampooing;1;nom
fooond;1;nr
trooop;1;nr
dil;1;nr
resors;1;nr
panasonic;1;nr
walkwoman;1;nr
waterman;1;nom
équaliseur;1;nr
télécommande;1;nom
toutim;1;nom
technicités;1;nr
enregistreur;1;nom
proffessionnal;1;nr
equalizer;1;nr
frimer;1;ver
deezer;1;nr
archéologique;1;adj
maintnenant;1;nr
crépiter;1;ver
acquéreur;1;nom
fatima;1;nr
jeanette;1;nr
linkenheil;1;nr
wokeman;1;nr
évasion;1;nom
whouah;1;nr
affichage;1;nom
graal;1;nom
sharp;1;nr
akio;1;nr
morita;1;nr
discman;1;nr
emji_carte_bancaire;1;nom
emji_billet_d_entrée;1;nr
emji_billet;1;nom
emji_extincteur;1;nom
awwwn;1;nr
antesignano;1;nr
approdati;1;nr
dagli;1;nr
treno;1;nr
ognuno;1;nr
jeannine;1;nr
parmelin;1;nr
htag_vincentcuchole;1;nom_sup
htag_52minutes;1;nom_sup
parper;1;nr
legrand;1;nr
crinière;1;nom
emji_drapeau_costa_rica;1;nom
savioz;1;nr
petitement;1;adv
gre_nadine;1;nr
berni;1;nr
bottas;1;nr
longueuil;1;nr
emji_légume_à_feuilles_vertes;1;nr
damien;1;nr
emji_brocoli;1;nom
htag_notserious;1;nr
malheuse;1;nr
asperger;1;ver
augure;1;nom
pence;1;nom
accidenté;1;nom
adopteras;1;nr
affectionner;1;ver
gpa;1;nr
catalogue;1;nom
exploité;1;adj
adoptant;1;adj
perpétrer;1;ver
congénital;1;adj
debecte;1;nr
siucis;1;nr
surpeuplé;1;adj
statutaire;1;adj
persistés;1;nr
empeche;1;nr
préférable;1;adj
preferent;1;nr
résider;1;ver
controles;1;nr
coryza;1;nom
predatent;1;nr
régulier;1;adj
gebtul;1;nr
sye;1;nr
vo;1;nr
associatives;1;nr
hospitaliser;1;ver
éponger;1;ver
maine;1;nr
gestante;1;nr
sibérien;1;adj
sphynx;1;nr
interdir;1;nr
feline_guardians;1;nr
furettes;1;nr
bravoir;1;nr
isis;1;nr
goliath;1;nom
pandora;1;nr
législations;1;nr
delicadeza;1;nr
fazem;1;nr
assistiria;1;nr
repetidamente;1;nr
entendendo;1;nr
entenderia;1;nr
perfeitamente;1;nr
sentimento;1;nr
gesto;1;nr
delicadamente;1;nr
acariciam;1;nr
bigodinhos;1;nr
graça;1;nr
intimiste;1;adj
raphaël;1;nr
pavillon;1;nom
balladent;1;nr
aavoir;1;nr
retrouvee;1;nr
reproduirent;1;nr
castrant;1;nr
prolifération;1;nom
fuguer;1;ver
clivante;1;nr
333;1;num
htag_stopkillingdogsinmorocco;1;nom_sup
htag_dogsinmorocco;1;nom_sup
htag_killing;1;nom_sup
htag_allezbisous;1;nom_sup
whta;1;nr
expense;1;nr
indescriptible;1;adj
prefère;1;nr
fear;1;nr
çi;1;nr
véranda;1;nom
véto;1;nr
pucé;1;nr
sterelisdr;1;nr
misere;1;nr
sysy;1;nr
bonjeur;1;nr
iment;1;nr
heinlein;1;nr
brink;1;nr
bien_aimé;1;adj
orivilégié;1;nr
ellea;1;nr
heeeerlijk;1;nr
respeto;1;nr
reincarneront;1;nr
provisoire;1;adj
diabolise;1;nr
emji_loup;1;nom
vorace;1;adj
congénère;1;nom
rafina;1;nr
ellle;1;nr
interessants;1;nr
pueden;1;nr
pedigree;1;nom
persoj;1;nr
concordo;1;nr
intuitivement;1;adv
sentience;1;nr
sentientes;1;nr
rethoriquement;1;nr
raisonles;1;nr
môrice;1;nr
trinquer;1;ver
htag_adoptdontshop;1;nom_sup
alba;1;nom
welle;1;nr
htag_aujourd_hui;1;nr
ritables;1;nr
jprefere;1;nr
miaou;1;nom
htag_snobisme;1;nr
10x;1;nr
centuple;1;nom
chatouiller;1;ver
benedition;1;nr
bet;1;nr
joachim;1;nr
généreuae;1;nr
2j;1;nr
x10;1;nr
querida;1;nr
amante;1;nom
gatos;1;nr
mohh;1;nr
nourricier;1;adj
evolué;1;nr
lheure;1;nr
mimii;1;nr
lardon;1;nom
résonnés;1;nr
stérilisons;1;nr
groot;1;nr
hart;1;nom
zoveel;1;nr
oueeech;1;nr
fur_et_à_mesure;1;nom
elevée;1;nr
lr;1;nr
omgggggg;1;nr
minouuusss;1;nr
dég0ûte;1;nr
emji_adulte_cheveux_blancs;1;nom
dévouement;1;nom
invincible;1;adj
gertrude;1;nr
nivelles;1;nr
evoluíu;1;nr
prancha;1;nr
family;1;nr
ogs;1;nr
further;1;nr
emji_brochette_de_poisson;1;nr
reales;1;nr
pioners;1;nr
daaamn;1;nr
streetluge;1;nr
irado;1;nr
skt;1;nr
raiz;1;nr
auserai;1;nr
ring;1;nom
rollskate;1;nr
epoques;1;nr
vecues;1;nr
yellow;1;nr
closest;1;nr
slalom;1;nom
hve;1;nr
aerodynamic;1;nr
rad;1;nom
conece;1;nr
tá;1;nr
appear;1;nr
wobble;1;nr
accept;1;nr
dhskating;1;nr
oiá;1;nr
tebas;1;nr
sensacional;1;nr
emji_main_qui_écrit_peau_foncée;1;nr
mdn;1;nr
wl;1;nr
setunggal;1;nr
santai;1;nr
cuek;1;nr
sj;1;nr
menjadi;1;nr
langsung;1;nr
wallpaper;1;nr
tpt;1;nr
sensación;1;nr
agradable;1;nr
entiendo;1;nr
duelen;1;nr
freee;1;nr
ness;1;nr
yaaaaaaaaaa;1;nr
minimalistes;1;nr
curiosidad;1;nr
juntan;1;nr
personalmente;1;nr
pendiente;1;nr
pierdo;1;nr
seroa;1;nr
bendiciones;1;nr
saca;1;nr
duda;1;nr
ruedas;1;nr
htag_bukolik;1;nr
leco;1;nr
orpailleur;1;nom
deees;1;nr
aaaaamiis;1;nr
harki;1;nom
cadillacs;1;nr
mécaniser;1;ver
volontée;1;nr
emji_montagne;1;nom
bachkirie;1;nr
tourbillon;1;nom
inutilité;1;nom
estives;1;nr
mayens;1;nr
conthey;1;nr
planpraz;1;nr
allonger;1;ver
savièse;1;nr
cuvier;1;nom
sommaire;1;adj
gréviste;1;nom
mimique;1;nom
sécession;1;nom
vouvry;1;nr
polyarthrite;1;nom
rhumatoïde;1;adj
contracter;1;ver
clostridium;1;nr
marquant;1;adj
ève;1;nom
sexualiserai;1;nr
impudique;1;adj
minishorts;1;nr
cobra;1;nom
etundochine;1;nr
algerie;1;nr
1860;1;num
marlboro;1;nr
teubés;1;nr
1884;1;num
nouriture;1;nr
rougeole;1;nom
yas;1;nr
buit;1;nr
biggest;1;nr
malnutrision;1;nr
penurie;1;nr
alu;1;nom
rayer;1;ver
cristaline;1;nr
assire;1;nr
hmd;1;nr
xddd;1;nr
empoisoner;1;nr
covids;1;nr
vaccines;1;nr
vaccination;1;nom
rrrrrrrouleau;1;nr
parchet;1;nr
balmaz;1;nr
astrid;1;nr
1793;1;num
vraiiii;1;nr
19ème;1;nr
mutation;1;nom
trisomiques;1;nr
ainés;1;nr
bebes;1;nr
infantilise;1;nr
emji_intercalaires;1;nom
emji_chapeau_de_femme;1;nom
emji_casquette_américaine;1;nr
666;1;num
inch;1;nr
rrouleau;1;nr
déliquescence;1;nom
sest;1;nr
déliquéfiée;1;nr
175;1;num
scheltens;1;nr
gir6;1;nr
viager;1;nom
avilissant;1;adj
102ans;1;nr
deconnes;1;nr
jspr;1;nr
ralonge;1;nr
comeme;1;nr
prucienne;1;nr
insupportablement;1;adv
defais;1;nr
rrrrrouleau;1;nr
labess;1;nr
morgan;1;nr
chouchounette;1;nr
junk;1;nr
bedo;1;nr
masselot;1;nr
requis;1;adj
wold;1;nr
bégayer;1;ver
criminalité;1;nom
civilité;1;nom
gwer;1;nr
taffs;1;nr
twint;1;nr
depuus;1;nr
marechal;1;nr
miskina;1;nr
interpreting;1;nr
generalized;1;nr
speeches;1;nr
hatred;1;nr
harassing;1;nr
vetements;1;nr
morphologies;1;nr
famme;1;nr
baray;1;nr
emji_homme_qui_hausse_les_épaules_peau_mate;1;nr
emji_balai;1;nom
00h35;1;nr
graveleux;1;adj
cliquetis;1;nom
entêtant;1;adj
pardonnnnnn;1;nr
zalando;1;nr
climax;1;nom
sivousêtesobservateur;1;nr
rh;1;nr
participant;1;nom
standardisé;1;adj
interchangeable;1;adj
décorum;1;nom
allsnt;1;nr
dorcel;1;nr
applicable;1;adj
recruteur;1;nom
pin_up;1;nom
moraliste;1;nom
aussitôt;1;adv
professional;1;nr
chausettes;1;nr
proéminent;1;adj
travaul;1;nr
tsssss;1;nr
laws;1;nr
débardeur;1;nom
décence;1;nom
nénette;1;nom
desoeuvrée;1;nr
overdose;1;nom
simpas;1;nr
détatouer;1;nr
laser;1;nom
pittoyable;1;nr
deffaye;1;nr
cottagnoud;1;nr
divinement;1;adv
déphaser;1;ver
laplissade;1;nr
ête;1;nr
cusin;1;nr
coproductrice;1;nr
broyardes;1;nr
botzi;1;nr
mangait;1;nr
yea;1;nr
whalla;1;nr
poque;1;nom
gova;1;nr
kayoux;1;nr
diret;1;nr
merdu;1;nr
néophyte;1;nom
enervant;1;nr
_____;1;nr
wellah;1;nr
deux_chevaux;1;nom
dito;1;adv
bordeeeel;1;nr
interjection;1;nom
vasy;1;nr
gooo;1;nr
calbut;1;nr
toubib;1;nom
kawa;1;nom
ctt;1;nr
lgt;1;nr
michetonneuse;1;nom
trainant;1;nr
pecnot;1;nr
videô;1;nr
faf;1;nom
çaaaa;1;nr
emji_main_avec_index_pointant_vers_le_haut_peau_moyennement_claire;1;nom
dacc;1;nr
vufflens;1;nr
fiye;1;nr
zaime;1;nr
kon;1;nr
vouatures;1;nr
c15;1;nr
excéllent;1;nr
cabriolet;1;nom
normaaaaal;1;nr
eeest;1;nr
paaoo;1;nr
sssuuuisseeuu;1;nr
ooooooh;1;nr
tn;1;nr
suiiisseee;1;nr
francontois;1;nr
sinusoïdal;1;adj
sutra_apparels;1;nr
seulemnt;1;nr
2ch;1;nr
alexia;1;nr
résistantheinn;1;nr
posse;1;nr
partoutheinn;1;nr
heinnn;1;nr
géhé;1;nr
compagnard;1;nr
peix;1;nr
300kmh;1;nr
deuches;1;nr
chevrollet;1;nr
adieuxxx;1;nr
ahahhaa;1;nr
orreils;1;nr
covabulaire;1;nr
voitureeeeee;1;nr
spoorttttttt;1;nr
repprtage;1;nr
alfa;1;nom
giulia;1;nr
teouve;1;nr
facel;1;nr
qualitee;1;nr
2c;1;nr
akramjunior;1;nr
melange;1;nr
maserati;1;nr
matinnnnnnn;1;nr
doucementttt;1;nr
soirrrrrr;1;nr
besançon;1;nr
celica;1;nr
950balles;1;nr
950k;1;nr
désenchanté;1;adj
woua;1;nr
lv;1;nr
emji_flèche_bas_droite;1;nr
accoooord;1;nr
arreteront;1;nr
volksvagin;1;nr
décoder;1;ver
nonente;1;nr
annnnnn;1;nr
pincée;1;nom
annnnnnn;1;nr
monocorde;1;adj
nevoois;1;nr
taccent;1;nr
pô;1;nr
valaisain;1;nr
950e;1;nr
000km;1;nr
staub;1;nr
charo;1;nr
deluxe;1;nr
sasi;1;nr
chti;1;nr
djou;1;nr
moleson;1;nr
morve;1;nom
fifrelan;1;nr
marne;1;nom
aaaaaaaaaa;1;nr
futuroscope;1;nr
aaaaaaaaaaa;1;nr
ptnnn;1;nr
wechhh;1;nr
vladivostok;1;nr
alorsssss;1;nr
boulversé;1;nr
jdeconne;1;nr
40cv;1;nr
carrosserie;1;nom
unnnn;1;nr
tetchuuuu;1;nr
nc;1;nr
ouaiiiiii;1;nr
145;1;num
rodent;1;nr
fefé;1;nr
sportscar;1;nr
easyyy;1;nr
gyal;1;nr
bonhomes;1;nr
régressés;1;nr
calèche;1;nom
autobahn;1;nr
tcheuu;1;nr
gnevois;1;nr
gitan;1;nom
ferraillées;1;nr
spooort;1;nr
inflatiooooon;1;nr
comptois;1;nr
pata;1;nr
chérubin;1;nom
michto;1;nr
infecter;1;ver
fefe;1;nr
980;1;num
3240;1;num
3450;1;num
convertion;1;nr
occââsion;1;nr
207;1;num
voyon;1;nr
capot;1;nom
cliche;1;nr
prosodie;1;nom
tchié;1;nr
heeeu;1;nr
chauvinisme;1;nom
gueu;1;nr
amoroso;1;adv
lvl;1;nr
spoooooort;1;nr
adorre;1;nr
enjoué;1;adj
60kmh;1;nr
etaujourd_hui;1;nr
wallahs;1;nr
adooooooooore;1;nr
frôler;1;ver
300k;1;nr
600k;1;nr
sp2;1;nr
sp3;1;nr
812;1;num
superfast;1;nr
novitec;1;nr
f12;1;nr
tdf;1;nr
camargue;1;nr
650;1;num
autoscout;1;nr
250k;1;nr
80k;1;nr
332k;1;nr
quintaesencia;1;nr
ugliness;1;nr
cct;1;nr
rémunération;1;nom
lpp;1;nr
compression;1;nom
régine;1;nr
régor;1;nr
3b;1;nr
feuilleté;1;nom
papoter;1;ver
casiment;1;nr
abberant;1;nr
aleatoire;1;nr
65000;1;num
50chf;1;nr
abo;1;nr
100chf;1;nr
adelphité;1;nr
marlyse;1;nr
thaïgrrrrr;1;nr
monteuses;1;nr
rediffuser;1;ver
lt;1;nr
inäbnit;1;nr
footballers;1;nr
08h00;1;nr
cendrillon;1;nom
moeuf;1;nr
semer;1;ver
etapes;1;nr
exceptionels;1;nr
0848;1;num
56k;1;nr
extincteur;1;nom
nase;1;adj
acsent;1;nr
johanne;1;nr
tastes;1;nr
1e;1;nr
dim;1;nr
jeûnons;1;nr
officieux;1;adj
saupoudrer;1;ver
aarberg;1;nr
houlahoup;1;nr
barbatruc;1;nr
decducre;1;nr
1kg;1;nr
carrement;1;nr
serirux;1;nr
ajh;1;nr
retennons;1;nr
tâcle;1;nr
mouhahaha;1;nr
happy_ending;1;nr
craquement;1;nom
pzitetre;1;nr
face_à_face;1;nom
pugilat;1;nom
chappi;1;nr
footeux;1;nom
azzuri;1;nr
gribouillage;1;nom
keane;1;nr
arbitrage;1;nom
expulsion;1;nom
neuronal;1;adj
colleur;1;nom
bolchoï;1;nr
taclé;1;nr
domenech;1;nr
goicoechea;1;nr
thorax;1;nom
meanwhile;1;nr
indisponibilité;1;nom
macronies;1;nr
emji_interdiction_de_fumer;1;nom
procès;1;nom
fumier;1;nom
assasin;1;nr
unconclusive;1;nr
réactionnaire;1;adj
récalcitrant;1;adj
délier;1;ver
baaaah;1;nr
wich;1;nr
fugeret;1;nr
supp;1;nr
fébrile;1;adj
dûre;1;nr
detruit;1;nr
loufoque;1;adj
cru;1;adj
tenebres;1;nr
vraiman;1;nr
inhumain;1;adj
trouv;1;nr
meurtrié;1;nr
éventrer;1;ver
macabre;1;adj
desincarnent;1;nr
fable;1;nom
sub;1;adv
surtourisme;1;nr
linx;1;nr
chass;1;nr
neanderthaliens;1;nr
nécrophillie;1;nr
prétextez;1;nr
blaguer;1;ver
necesitan;1;nr
espacio;1;nr
commencons;1;nr
eliminer;1;nr
roch;1;nr
zenfants;1;nr
dputins;1;nr
botoxées;1;nr
zhomme;1;nr
superficialité;1;nom
star_system;1;nom
discerner;1;ver
matcho;1;nr
recentrer;1;ver
extérieurement;1;adv
intérieurement;1;adv
retouche;1;nom
seigner;1;nr
peinturées;1;nr
faîte;1;nom
tuniso;1;nr
representer;1;nr
tunisiene;1;nr
wealth;1;nr
nascondendo;1;nr
yet;1;nr
ounce;1;nom
sicilians;1;nr
douvez;1;nr
traduir;1;nr
quartiere;1;nr
abitato;1;nr
principalmente;1;nr
emigrati;1;nr
provenienti;1;nr
regioni;1;nr
chiamava;1;nr
conditionnel;1;nom
gouvernorat;1;nom
administrer;1;ver
muse;1;nom
indomptable;1;adj
magnifica;1;nr
gracinha;1;nr
faure7187;1;nr
fascino;1;nr
spettinata;1;nr
giusto;1;nr
paola;1;nr
potevi;1;nr
estimatrice;1;nr
cultrice;1;nr
dello;1;nr
spettinato;1;nr
rallegro;1;nr
charmer;1;ver
naturalizada;1;nr
dahaaaa;1;nr
tepus;1;nr
natuurlijke;1;nr
schoonheid;1;nr
geníe;1;nr
lully;1;nr
mazzarin;1;nr
spera;1;nr
indompteuse;1;nr
fanfan;1;nom
tulipe;1;nom
ruffian;1;nom
giovanni;1;nr
lino;1;nom
ventura;1;nr
girodeau;1;nr
morriconne;1;nr
nate;1;nr
titia;1;nr
milot;1;nr
ténébreux;1;adj
adeus;1;nr
mágica;1;nr
notar;1;nr
fluía;1;nr
plástico;1;nr
manifiesta;1;nr
carencia;1;nr
jolieeeeee;1;nr
conosciuta;1;nr
antonioni;1;nr
vaghe;1;nr
stelle;1;nr
orsa;1;nr
legata;1;nr
sampieri;1;nr
sembrava;1;nr
stinco;1;nr
santo;1;nr
qepd;1;nr
ouahhh;1;nr
swt;1;nr
piekna;1;nr
awful;1;nr
hardly;1;nr
enlaidir;1;ver
paillette;1;nom
hollywood;1;nr
vampiriser;1;ver
emji_drapeau_ceuta_et_melilla;1;nom
blossom;1;nr
inesquecível;1;nr
bellezón;1;nr
adolescencia;1;nr
imbarazzante;1;nr
actriz;1;nr
hots;1;nr
lindamente;1;nr
exuberante;1;nr
gatha;1;nr
kardashians;1;nr
escuchar;1;nr
hablarlo;1;nr
salute;1;nr
beautifull;1;nr
adorbs;1;nr
sérgio;1;nr
moricone;1;nr
htag_repost;1;nom_sup
htag_weareitaly;1;nom_sup
htag_liveitalian;1;nom_sup
htag_beitalian;1;nom_sup
htag_italianstyle;1;nom_sup
htag_italianlife;1;nom_sup
htag_claudiacardinale;1;nom_sup
biopic;1;nr
zahia;1;nr
dehar;1;nr
avrebbe;1;nr
canova;1;nr
bellisima;1;nr
bombastique;1;nr
schöner;1;nr
sensibler;1;nr
integrale;1;nr
pennac;1;nr
gina;1;nr
ornella;1;nr
mónica;1;nr
tunecina;1;nr
vere;1;nr
solare;1;nr
boca;1;nr
dua;1;nr
lipa;1;nr
april;1;nr
protectorate;1;nr
actresses;1;nr
talentosa;1;nr
sorriso;1;nr
pléyade;1;nr
respetaban;1;nr
auténticas;1;nr
ligeras;1;nr
carácter;1;nr
ponen;1;nr
aunque;1;nr
sensacionalmente;1;nr
pocas;1;nr
respetan;1;nr
overrated;1;nr
esplêndida;1;nr
sensuale;1;nr
mancherai;1;nr
sexapell;1;nr
conosceva;1;nr
tunisino;1;nr
soyeux;1;adj
simpatica;1;nr
perfeccion;1;nr
hecha;1;nr
mujjer;1;nr
divinaa;1;nr
stratosferica;1;nr
tarocchi;1;nr
photoshop;1;nr
immensa;1;nr
cea;1;nr
frumoas;1;nr
actri;1;nr
cuceritor;1;nr
zâmbet;1;nr
posibil;1;nr
tiut;1;nr
publicului;1;nr
fiec;1;nr
rui;1;nr
rol;1;nr
frumuse;1;nr
interioar;1;nr
exterioar;1;nr
cinematografia;1;nr
atunci;1;nr
comer;1;nr
futé;1;adj
güzelli;1;nr
izini;1;nr
gitti;1;nr
huzur;1;nr
içinde;1;nr
uyusun;1;nr
enchanting;1;nr
carisma;1;nr
sorride;1;nr
dulce;1;nr
exquisitely;1;nr
liner;1;nr
petroleuses;1;nr
eternamente;1;nr
requiescat_in_pace;1;nom
napoleone;1;nr
granducato;1;nr
humilde;1;nr
enormemente;1;nr
dorada;1;nr
cine;1;nr
unghie;1;nr
botticelli;1;nr
venere;1;nr
embarrassing;1;nr
inferiority;1;nr
guapísima;1;nr
delighted;1;nr
teeth;1;nr
vicita;1;nr
limitado;1;nr
regreso;1;nr
atriz;1;nr
faroeste;1;nr
oeste;1;nr
clássico;1;nr
chao;1;adv
agreste;1;adj
gloria;1;nom
grazia;1;nr
eleganza;1;nr
esista;1;nr
rauque;1;adj
zholi;1;nr
finitela;1;nr
verdad;1;nr
tremenda;1;nr
estupidamente;1;nr
lindas;1;nr
doce;1;nr
pazzi;1;nr
delish;1;nr
abibi;1;nr
guépard;1;nom
naturali;1;nr
voiage;1;nr
injoignable;1;adj
bernadette;1;nr
simplesmente;1;nr
singular;1;nr
warmest;1;nr
italaina;1;nr
parli;1;nr
straordinaria;1;nr
oggigiorno;1;nr
authentic;1;nr
starlette;1;nom
resplendissant;1;adj
mooiste;1;nr
vrouw;1;nr
efferrr;1;nr
magnifgique;1;nr
vuela;1;nr
cirugía;1;nr
maquillaje;1;nr
emji_bélier_zodiaque;1;nr
goletta;1;nr
italianissimi;1;nr
originari;1;nr
trampolino;1;nr
lancio;1;nr
vittoria;1;nr
concorso;1;nr
strepitosa;1;nr
fred;1;nr
coplan;1;nr
civetta;1;nr
doppiarla;1;nr
sensualissima;1;nr
egiptienne;1;nr
sexyyy;1;nr
lepok;1;nr
bellissimaaaaa;1;nr
dolcissima;1;nr
belezza;1;nr
emji_diya;1;nom
indubbiamente;1;nr
timida;1;nr
deve;1;nr
cristaldi;1;nr
marito;1;nr
gavetta;1;nr
attrici;1;nr
ponti;1;nr
mangano;1;nr
laurentis;1;nr
schiaffino;1;nr
bini;1;nr
milo;1;nr
ergas;1;nr
maritate;1;nr
produttori;1;nr
botoxees;1;nr
adorabke;1;nr
ivaj;1;nr
miru;1;nr
klaudija;1;nr
xxème;1;nr
chavirer;1;ver
belllaa;1;nr
parenti;1;nr
decidé;1;nr
naturalisee;1;nr
etâit;1;nr
illegale;1;nr
fantastica;1;nr
doppiata;1;nr
particolare;1;nr
ethnicity;1;nr
bozo;1;nom
monnicelli;1;nr
fellini;1;nr
stella;1;nr
firmamento;1;nr
7art;1;nr
monicelli;1;nr
scelte;1;nr
ribellata;1;nr
sistema;1;nr
chè;1;nr
aktrisler;1;nr
ucuyor;1;nr
onlar;1;nr
filmlerini;1;nr
izleyerek;1;nr
gecti;1;nr
gencli;1;nr
imiz;1;nr
tonu;1;nr
rahat;1;nr
uyu;1;nr
tranquilla;1;nr
montarsi;1;nr
largooooo;1;nr
fregare;1;nr
léonard;1;adj
caridnale;1;nr
tunisianité;1;nr
beautee;1;nr
lascia;1;nr
poupette;1;nr
embellir;1;ver
arrivederci;1;nr
raffinata;1;nr
elegante;1;nr
ribelle;1;nr
beloved;1;nr
departed;1;nr
ruin;1;nr
soon;1;nr
departure;1;nr
unannounced;1;nr
sudden;1;nr
mediterranean;1;nr
captivated;1;nr
sincere;1;nr
devotion;1;nr
pens;1;nr
lines;1;nr
supreme;1;nr
presence;1;nr
remains;1;nr
credibility;1;nr
endurer;1;ver
truth;1;nr
inhabitants;1;nr
enriching;1;nr
doubt;1;nr
demon;1;nr
infinitely;1;nr
closed;1;nr
overpower;1;nr
htag_autretemps;1;nom_sup
ingéniosité;1;nom
astonishing;1;nr
ancient;1;nr
immerger;1;ver
claudine;1;nr
bédouin;1;adj
libye;1;nr
diventare;1;nr
entrambi;1;nr
tunisini;1;nr
mignonisime;1;nr
gratíssima;1;nr
sensualité;1;nom
impareggiabile;1;nr
addirittura;1;nr
trent;1;nr
prestata;1;nr
passport;1;nr
doubtless;1;nr
scelta;1;nr
scelto;1;nr
abitare;1;nr
avendone;1;nr
farebbe;1;nr
ladra;1;nr
tranquilli;1;nr
wernher;1;nr
scientist;1;nr
plagier;1;ver
deforme;1;nr
jalouser;1;ver
codardi;1;nr
gelosi;1;nr
oggettivamente;1;nr
obiettivi;1;nr
pensi;1;nr
venite;1;nr
copiate;1;nr
gelosia;1;nr
mondragone;1;nr
direi;1;nr
superiorità;1;nr
potete;1;nr
negare;1;nr
invidiosi;1;nr
joséphine;1;nr
trapani;1;nr
chiamarono;1;nr
trovavano;1;nr
emigranti;1;nr
chiamando;1;nr
toglie;1;nr
esempio;1;nr
chiamassi;1;nr
acqui;1;nr
eccellenza;1;nr
autentica;1;nr
oltre;1;nr
coordinate;1;nr
temporali;1;nr
inizi;1;nr
occasioni;1;nr
capiva;1;nr
provocazione;1;nr
appropriare;1;nr
essor;1;nom
correttamente;1;nr
transfigurer;1;ver
rocco;1;nr
fitzcaraldo;1;nr
kinski;1;nr
talenteuse;1;nr
cinéphile;1;nom
apprêt;1;nom
threads;1;nr
dysfonctionnement;1;nom
doublon;1;nom
canonissime;1;nr
elegance;1;nr
mcbain;1;nr
novecentesco;1;nr
lieve;1;nr
scenes;1;nr
laetitia;1;nr
leatitia;1;nr
upglowé;1;nr
etaut;1;nr
taboo;1;nr
weshhh;1;nr
peseux;1;nr
mestro;1;nr
pandamme;1;nr
vodka;1;nom
insinuation;1;nom
201666666;1;num
hallal;1;nr
aboli;1;adj
agronomique;1;adj
skotchée;1;nr
reproducteur;1;nom
decenn;1;nr
destinataire;1;nom
objetise;1;nr
peaundu;1;nr
specisme;1;nr
meublé;1;adj
apis;1;nom
mellifera;1;nr
pollinisatrice;1;nr
pollinisent;1;nr
artisanat;1;nom
chenille;1;nom
microscopique;1;adj
écrevisse;1;nom
horticulteur;1;nom
garonne;1;nr
potier;1;nom
carnassier;1;nom
velutina;1;nr
accidentellement;1;adv
indestructible;1;adj
ruche;1;nom
exsangue;1;adj
bourdonnement;1;nom
apiculteur;1;nom
orphelin;1;adj
apiculture;1;nom
htag_acheterlocal;1;nom_sup
htag_buylocal;1;nom_sup
venimeux;1;adj
hannnn;1;nr
chauddd;1;nr
santer;1;nr
vraimenr;1;nr
gribouiller;1;ver
adopt;1;nr
rebut;1;nom
balladées;1;nr
comtre;1;nr
calvaire;1;nom
egard;1;nr
htag_les;1;nom_sup
transiter;1;ver
lumiere;1;nr
balloté;1;nr
oiseaix;1;nr
mandater;1;ver
condutions;1;nr
chochon;1;nr
combrant;1;nr
lad;1;nom
commende;1;nr
succursale;1;nom
expédition;1;nom
emji_colis;1;nom
arthropode;1;nom
robotique;1;nom
labbatoire;1;nr
expedier;1;nr
spécialisé;1;adj
interphone;1;nom
geodis;1;nr
tétaniser;1;ver
knacs;1;nr
o_o;1;nr
bisounoursland;1;nr
terrine;1;nom
pqp;1;nr
crueldade;1;nr
cacete;1;nr
relai;1;nr
nac;1;nr
cloporte;1;nom
gastéropode;1;nom
franceexpress;1;nr
agréé;1;adj
parrrrrrdon;1;nr
6h;1;nr
wtk;1;nr
coli;1;nr
guidage;1;nom
inoffensif;1;adj
roo;1;nr
atterrer;1;ver
ligne13;1;nr
choquee;1;nr
télégramme;1;nom
importé;1;adj
72h;1;nr
tému;1;nr
spedire;1;nr
cauchemardesque;1;adj
bbs;1;nr
48h;1;nr
jfc;1;nr
cruelty;1;nr
boucans;1;nr
jacky;1;nr
fatton;1;nr
guyot;1;nr
timothé;1;nr
resort;1;nr
rallumer;1;ver
retrogaming;1;nr
homebrew;1;nr
ranked;1;nr
r6;1;nr
dolphin;1;nr
résidence;1;nom
nintendo;1;nr
deboiter;1;nr
fighter;1;nr
adooooorrrre;1;nr
iwata;1;nr
scrabble;1;nom
oblitérer;1;ver
passeur;1;nom
bouhouhou;1;nr
tisane;1;nom
surdimensionné;1;adj
rabaissees;1;nr
unes;1;pro_ind
benh;1;nr
qiel;1;nr
regressant;1;nr
reloues;1;nr
obtention;1;nom
calciner;1;ver
stratosphérique;1;adj
pitre;1;nom
davoir;1;nr
felicitent;1;nr
premère;1;nr
emji_souris;1;nom
déterminant;1;adj
taule;1;nom
rebeller;1;ver
contre_courant;1;nom
battera;1;nr
kényane;1;nr
odette;1;nr
vetter;1;nr
spiridonniens;1;nr
tutelle;1;nom
marital;1;adj
constitution;1;nom
structurel;1;adj
ofs;1;nr
pacome_eux;1;nr
fantasmée;1;nr
extendable;1;nr
grammaticalement;1;adv
baston;1;nom
minoritairement;1;nr
infiltriont;1;nr
débatre;1;nr
helvétivo;1;nr
activiste;1;nom
katherine;1;nr
dimensionné;1;nr
compétitif;1;adj
clear;1;nr
winneuses;1;nr
wha;1;nr
lozérienne;1;nr
marvejols;1;nr
mende;1;nr
filhas;1;nr
correm;1;nr
graças;1;nr
sofreram;1;nr
proibidas;1;nr
participarem;1;nr
provas;1;nr
machismo;1;nr
idiotices;1;nr
homens;1;nr
provar;1;nr
demonstrando;1;nr
disposição;1;nr
determinação;1;nr
resiliência;1;nr
delas;1;nr
acabou;1;nr
participar;1;nr
sororité;1;nom
darroussin;1;nr
générées;1;nr
emji_mouche;1;nom
désobéir;1;ver
tilleul;1;nom
ändern;1;nr
piusser;1;nr
fourneau;1;nom
atrophier;1;ver
eduquent;1;nr
lyceenne;1;nr
moaaa;1;nr
moaa;1;nr
mikaël;1;nr
lavalley;1;nr
jerphagnon;1;nr
decant;1;nr
soiguins;1;nr
sévérité;1;nom
detester;1;nr
réprimer;1;ver
idéalisation;1;nom
indicipline;1;nr
bine;1;nr
generalisez;1;nr
playmobiles;1;nr
caïd;1;nom
generations;1;nr
aubervilliers;1;nr
tappaient;1;nr
tapé;1;adj
cratte;1;nr
perturbé;1;adj
decapiter;1;nr
traumatiserait;1;nr
pickpocket;1;nom
griffe;1;nom
imaginatif;1;adj
gomme;1;nom
bran;1;nom
regle;1;nr
frottoir;1;nom
piscineet;1;nr
suica;1;nr
filtro;1;nr
fournée;1;nom
insolent;1;adj
salariat;1;nom
bordelises;1;nr
darones;1;nr
guigui;1;nr
broutille;1;nom
tiktokeurs;1;nr
garrigue;1;nom
banalisation;1;nom
graaaaave;1;nr
persoooooonne;1;nr
flan;1;nom
tire_au_flanc;1;nom
contentieux;1;nom
inée;1;nr
virgin;1;nr
tshirt;1;nr
danla;1;nr
millie;1;nr
brown;1;nr
crane;1;nom
streisand;1;nr
coutumier;1;adj
éleves;1;nr
siguen;1;nr
violentos;1;nr
chamallow;1;nr
laxime;1;nr
médisance;1;nom
démarquer;1;ver
walla;1;nr
espionner;1;ver
htag_madamepinto;1;nr
pululent;1;nr
souiller;1;ver
zigouiller;1;ver
rx;1;nr
regime;1;nr
corrosif;1;adj
batiments;1;nr
qqln;1;nr
réitérer;1;ver
40kg;1;nr
facturer;1;ver
leguman;1;nr
rime;1;nom
percutant;1;adj
géolocalisé;1;nr
tv5;1;nr
visionnement;1;nr
etiquettes;1;nr
gretaaaa;1;nr
priceless;1;nr
petasse;1;nr
rapiessee;1;nr
psyché;1;nom
atténuer;1;ver
dejeuner;1;nr
papoteuser_utilisateurice;1;nr
gen0cides;1;nr
bravissimi;1;nr
pochi;1;nr
minuti;1;nr
filosofia;1;nr
lettura;1;nr
antropologica;1;nr
fouzia;1;nr
montagné;1;nr
htag_okjesors;1;nom_sup
duteil;1;nr
ralala;1;nr
afters;1;nr
dealeurs;1;nr
rick;1;nr
hunter;1;nom
emji_luge;1;nom
teletravaille;1;nr
contemplation;1;nom
bovey;1;nr
excitation;1;nom
piaf;1;nom
htag_teamchilldudimanche;1;nr
4h45;1;nr
brunch;1;nom
pyja;1;nr
sunday;1;nr
etj;1;nr
païen;1;adj
paus;1;nr
aburrido;1;nr
prefiero;1;nr
rutina;1;nr
fraternel;1;adj
anti_stress;1;nom
relâchement;1;nom
sacro;1;adv
beauciup;1;nr
fleme;1;nr
cancrelat;1;nom
exeption;1;nr
week_ends;1;nr
knickerbocker;1;nom
mannequin;1;nom
lorgnon;1;nom
astiquer;1;ver
girofle;1;nom
ajeune;1;nr
exceptionnellement;1;adv
bégayent;1;nr
américanisation;1;nom
ladore;1;nr
marceau;1;nr
calorique;1;adj
metteur;1;nom
serreau;1;nr
chanay;1;nr
nov;1;nr
burgère;1;nr
donale;1;nr
boon;1;nr
relique;1;nom
repsonsablilisation;1;nr
deug;1;nr
oumbourgere;1;nr
bour;1;nom
gueur;1;nr
suuuuur;1;nr
malette;1;nr
snickers;1;nr
hot_dog;1;nom
tuche;1;nr
consort;1;adj
ardèche;1;nr
primeur;1;nom
blandine;1;nr
nne;1;nr
déprécier;1;ver
mousser;1;ver
harpie;1;nom
aigrir;1;ver
défraîchit;1;nr
quelquechose;1;nr
lentille;1;nom
resseble;1;nr
viandaaan;1;nr
hacheaaaan;1;nr
doum;1;nr
racelard;1;nr
téma;1;nr
francès;1;nr
péchu;1;nr
process;1;nom
behavioristement;1;nr
renforcement;1;nom
stéroïde;1;adj
pompeux;1;adj
béhaviorisme;1;nr
fast_foods;1;nr
rayuk;1;nr
fi;1;ono
tantinee;1;nr
meth;1;nr
cassel;1;nr
eriksen;1;nr
hambourger;1;nr
châtelet;1;nom
cillian;1;nr
murphy;1;nr
armure;1;nom
zodiac;1;nom
pzymut;1;nr
jpurs;1;nr
judiciaire;1;adj
lambourguerre;1;nr
halbourguere;1;nr
hambourguaire;1;nr
vaxxins;1;nr
troquer;1;ver
prank;1;nr
egal;1;nr
fouffe;1;nr
ferraîîîe;1;nr
ambourguèrre;1;nr
personnifié;1;adj
strasbourg;1;nr
1000e;1;nr
sopravvivenza;1;nr
hambourguéreuuh;1;nr
imitateur;1;nom
voirets;1;nr
ingrédient;1;nom
pérennisé;1;nr
taguez;1;nr
domac;1;nr
ambourguère;1;nr
46ème;1;nr
hannnnn;1;nr
hann;1;nr
natoo;1;nr
catifunda;1;nr
snitch;1;nr
hartus;1;nr
hâchée;1;nr
decollé;1;nr
quatennens;1;nr
nois;1;nr
bigby;1;nr
gotham;1;nr
ambourgueur;1;nr
cagué;1;nr
segel;1;nr
nerf;1;nom
hambourgeerrrrrr;1;nr
localiser;1;ver
rond_point;1;nom
htag_laurentdeshusses;1;nom_sup
hahahahahha;1;nr
auxquelles;1;pro_rel
mexcuse;1;nr
ily;1;nr
bohneur;1;nr
fugacité;1;nom
préciosité;1;nom
80ans;1;nr
erdu;1;nr
a0;1;nr
vessy;1;nr
htag_bestyear;1;nom_sup
240;1;num
deplacent;1;nr
hébergement;1;nom
progress;1;nr
électroménager;1;nom
burgy;1;nr
innacomplis;1;nr
culturellement;1;adv
réhabiliter;1;ver
exclusion;1;nom
squatts;1;nr
squateurs;1;nr
squater;1;nr
hobbys;1;nr
exonérations;1;nr
verifier;1;nr
exonérés;1;nr
oisiveté;1;nom
dépens;1;nom
prétéritaient;1;nr
finding;1;nr
housing;1;nr
appearances;1;nr
émmerdes;1;nr
uen;1;nr
qes;1;nr
zt;1;nr
kous;1;nr
emji_rouge_à_lèvres;1;nr
énumérer;1;ver
bouffees;1;nr
irritabilite;1;nr
musculaire;1;adj
homeo;1;nr
medicaments;1;nr
qualite;1;nr
marcger;1;nr
emmerdement;1;nom
lubrifiant;1;nom
fzutprenez;1;nr
sortisol;1;nr
endropose;1;nr
nutritionniste;1;nom
énervement;1;nom
incontrôlable;1;adj
furie;1;nom
progestative;1;nr
15j;1;nr
gormones;1;nr
antécédent;1;nom
progestérone;1;nom
estradiol;1;nr
serelys;1;nr
cedt;1;nr
ouuuu;1;nr
frustrent;1;nr
stérilet;1;nom
matygrysku;1;nr
tedesco;1;nr
chuchichäschtli;1;nr
schlafen;1;nr
schlafengehen;1;nr
mums;1;nr
laugh;1;nr
infectious;1;nr
schiss;1;nr
kopfedamidemohl;1;nr
bigedoum;1;nr
kopfertami;1;nr
mol;1;adj
originare;1;nr
xixem;1;nr
vermicelle;1;nom
galicien;1;nom
remémorer;1;ver
ressembent;1;nr
carpeau;1;nr
brad;1;nr
pitt;1;nr
bravô;1;nr
felicitation;1;nr
ahhhhhhhh;1;nr
etérnel;1;nr
1x;1;nr
sr;1;nr
lx;1;nr
muriel;1;nr
abricotine;1;nom
tonalité;1;nom
présager;1;ver
festin;1;nom
toutafhet;1;nr
pierce;1;nr
brosnan;1;nr
toutyafyeuy;1;nr
incinérées;1;nr
croque_mort;1;nom
piérmiay;1;nr
victorien;1;adj
tombal;1;adj
boitchier;1;nr
htag_crémation;1;nr
asphyxier;1;ver
réincarner;1;ver
chevallier;1;nr
laspalès;1;nr
baaaannndits;1;nr
brigannts;1;nr
complotix;1;nr
acabacabacabacab;1;nr
provocateur;1;nom
emmue;1;nr
acomplissante;1;nr
commercal;1;nr
prissette;1;nr
guillemain;1;nr
dévelopement;1;nr
hummaine;1;nr
vison;1;nom
ayse;1;nr
cassar;1;nr
romantisé;1;nr
raciisme;1;nr
raclars;1;nr
fatiguants;1;nr
whelling;1;nr
motocross;1;nom
lilité;1;nr
50km;1;nr
300cm3;1;nr
wheeling;1;nr
périphérique;1;nom
bastille;1;nom
boucan;1;nom
périf;1;nom
tapage;1;nom
fauteur;1;nom
erick;1;nr
débridé;1;adj
motobécane;1;nr
customisais;1;nr
torsader;1;ver
rutilant;1;adj
serpentone;1;nr
golmon;1;nr
paninarooo;1;nr
loom;1;nr
liberto;1;nr
creek;1;nom
millet;1;nom
kouros;1;nom
bauer;1;nr
dorothée;1;nr
hechter;1;nr
donaldson;1;nr
c17;1;nr
kookaï;1;nr
saphir;1;nom
oxbow;1;nr
waïkiki;1;nr
tributaire;1;adj
reac;1;nr
filiforme;1;adj
sébagos;1;nr
sebagos;1;nr
burlinton;1;nr
espece;1;nr
lisange;1;nr
burlibgton;1;nr
pastille;1;nom
100frs;1;nr
réspectant;1;nr
dépareiller;1;ver
algunos;1;nr
perdieron;1;nr
hermana;1;nr
mercenaire;1;nom
catégoriser;1;ver
tolères;1;nr
sapelorio;1;nr
parrait;1;nr
secondos;1;nr
popu;1;nr
natou;1;nr
lemanbog;1;nr
patrik;1;nr
premieres;1;nr
puls;1;nr
tesoro;1;nr
elisabeth;1;nr
insieme;1;nr
sorella;1;nr
teso;1;nr
cambiata;1;nr
riconosci;1;nr
54ans;1;nr
resserré;1;adj
courroie;1;nom
crantée;1;nr
benettes;1;nr
newawe;1;nr
décoiffer;1;ver
cresciuti;1;nr
ritrovare;1;nr
vedi;1;nr
baci;1;nr
strani;1;nr
pijos;1;nr
converse;1;adj
surplus;1;nom
djidji;1;nr
denim;1;nom
donovan;1;nr
aquaverde;1;nr
levi;1;nr
marité;1;nr
cornelliani;1;nr
zegna;1;nr
lobb;1;nr
jacquard;1;nom
chapelier;1;nom
bennetton;1;nr
levis;1;nr
teddy;1;nr
riverdale;1;nr
barré;1;adj
éclipse;1;nom
ajack;1;nr
emji_dos_de_main_levée;1;nr
tempiiii;1;nr
gucci;1;nr
versace;1;nr
rakel;1;nr
khan;1;nom
chivers;1;nr
benets;1;nr
metallaro;1;nr
retroussé;1;adj
reebok;1;nr
elie;1;nr
nastase;1;nr
daim;1;nom
uparaboots;1;nr
schott;1;nr
u2;1;nr
17ans;1;nr
jérémy;1;nr
banettes;1;nr
sape;1;nom
top50;1;nr
quinquagénaire;1;adj
boyrgedy;1;nr
sniffers;1;nr
retros;1;nr
santiag;1;nom
chevignonn;1;nr
retro;1;nr
post_punk;1;nom
docksides;1;nr
bicolore;1;adj
jmabille;1;nr
preppy;1;nr
intégrant;1;adj
marithé;1;nr
californie;1;nom
pistache;1;nom
leshardis;1;nr
ahem;1;nr
métalleux;1;nr
patch;1;nom
assortir;1;ver
burberry;1;nr
barbour;1;nr
sebbago;1;nr
tellemmature;1;nr
abaya;1;nr
colt;1;nom
fracassant;1;adj
bicrosseur;1;nr
coloris;1;nom
racaillisation;1;nr
invroable;1;nr
repete;1;nr
inlassablement;1;adv
naaaan;1;nr
frimeur;1;nom
calmos;1;ono
cafèt;1;nr
tankyouelize;1;nr
banette;1;nr
etai;1;nr
tomato;1;nr
coralie;1;nr
cartier;1;nr
fleo;1;nr
pul;1;nr
churchs;1;nr
coquée;1;nr
skinhead;1;nom
cooains;1;nr
loser;1;nom
franchouillard;1;adj
etiez;1;nr
modia;1;nr
jocelyne;1;nr
pigeot;1;nr
mods;1;nr
montparnasse;1;nr
pogotaient;1;nr
étsis;1;nr
2027;1;num
ewt;1;nr
ducky;1;nr
imperméable;1;nom
amais;1;nr
piagio;1;nr
bomber;1;ver
harrington;1;nr
charro;1;nr
mopettes;1;nr
galvauder;1;ver
chalalas;1;nr
aprenez;1;nr
paniraris;1;nr
mothsssss;1;nr
lesuser_utilisateurice;1;nr
rha;1;nr
mainsteam;1;nr
tuné;1;nr
bourgexsac;1;nr
longchamp;1;nr
corbak;1;nr
bab;1;nr
chromer;1;ver
sito;1;nr
surprotégés;1;nr
tramer;1;ver
chaser;1;nr
batcave;1;nr
torsade;1;nom
jackar;1;nr
garrel;1;nr
irrisé;1;nr
fido;1;nr
diddo;1;nr
bugnon;1;nr
bonaventure;1;nr
sas;1;nom
rubis;1;nom
1350;1;num
nl;1;nr
pkoi;1;nr
ogm;1;nr
collération;1;nr
secrétion;1;nr
michtonnerie;1;nr
vestidos;1;nr
íbamos;1;nr
mallas;1;nr
marcando;1;nr
calidad;1;nr
malisima;1;nr
gasta;1;nr
empeoramos;1;nr
gastan;1;nr
comprábamos;1;nr
newave;1;nr
boheur;1;nr
emji_pile;1;nom
nonriennon;1;nr
oulaaa;1;nr
emji_princesse_peau_moyennement_claire;1;nom
charlot;1;nom
passe_temps;1;nom
contretemps;1;nom
sagan;1;nr
teeeeellement;1;nr
necrien;1;nr
decompresse;1;nr
croyer;1;nr
anniverssaire;1;nr
esplique;1;nr
intelectuel;1;nr
glander;1;ver
salamenca;1;nr
motus;1;ono
cachetonné;1;nr
curatif;1;adj
bartleby;1;nr
scribe;1;nom
tuco;1;nr
farniente;1;nom
fainéantise;1;nom
salvador;1;nr
gache;1;nr
crozemarie;1;nr
integration;1;nr
leaving;1;nr
allowed;1;nr
insuffler;1;ver
institutionnaliser;1;ver
interstice;1;nom
117;1;num
htag_sorrynotsorry;1;nom_sup
psychorigide;1;adj
ans1;1;nr
floride;1;nr
pt;1;nr
deodorant;1;nr
saludo;1;nr
islas;1;nr
canarias;1;nr
irrégularité;1;nom
depant;1;nr
jovialité;1;nom
excitant;1;adj
tranquiles;1;nr
exageration;1;nr
babacools;1;nr
vecue;1;nr
goudronné;1;adj
déchetterie;1;nom
mondialisé;1;nr
canta;1;nr
balla;1;nr
maniaquerie;1;nom
suise;1;nr
austère;1;adj
resepect;1;nr
recent;1;nr
bancomat;1;nr
dinamite;1;nr
trelawney;1;nr
conque;1;nom
souïsse;1;nr
éduques;1;nr
koydeki;1;nr
hanifeye;1;nr
benziyorsun;1;nr
faltando;1;nr
alegría;1;nr
espontáneo;1;nr
timur;1;nr
mindich;1;nr
tyran;1;nom
zelensky;1;nr
perpetués;1;nr
provenants;1;nr
perquisition;1;nom
groupuscule;1;nom
endoctrination;1;nr
antifas;1;nr
propalestiniens;1;nr
survolés;1;nr
latence;1;nom
particularly;1;nr
humor;1;nr
jé;1;nr
totalmente;1;nr
emji_mont_fuji;1;nom
crotter;1;ver
unrivalled;1;nr
rigidity;1;nr
stereotypes;1;nr
frivolous;1;nr
allors;1;nr
ripoliner;1;ver
latino_américain;1;nom
pendentif;1;nom
illuminati;1;nr
negative;1;nr
devrair;1;nr
haaaaaaaa;1;nr
fringant;1;adj
kallio;1;nr
jaton;1;nr
jurassienne;1;nr
boutade;1;nom
growl;1;nr
vnu;1;nr
lchat;1;nr
jajajaja;1;nr
peppa;1;nr
juju;1;nr
tarbes;1;nr
mons;1;nom
4x20;1;nr
étal;1;nom
délivrance;1;nom
vulcaine;1;nr
dzou;1;nr
gutalax;1;nr
borgore;1;nr
bouillet;1;nr
sosoy;1;nr
fascote;1;nr
andy;1;nr
vanderchetruel;1;nr
matematique;1;nr
auditionner;1;ver
specifier;1;nr
squeaaaal;1;nr
phenomenal;1;nr
okkkkk;1;nr
growling;1;nr
maometans;1;nr
acuérdate;1;nr
castañas;1;nr
vuelvas;1;nr
coger;1;nr
atajo;1;nr
deathgrind;1;nr
wank;1;nr
cauet;1;nr
monguole;1;nr
capelli;1;nr
214;1;num
auto_stop;1;nom
isra;1;nr
heil;1;nr
tobu;1;nr
magnenat;1;nr
cazzooooo;1;nr
deathcore;1;nr
alonso;1;nr
hamdoulileh;1;nr
netanyahou;1;nr
jeremstar;1;nr
grind;1;nr
dmi;1;nr
benji;1;nr
chevalerie;1;nom
brulé;1;nr
envouyer;1;nr
asf;1;nr
embarrasser;1;ver
arménie;1;nr
inuites;1;nr
enculer;1;ver
gyros;1;nr
homosexuel;1;adj
6000;1;num
tacher;1;ver
empathies;1;nr
xamax;1;nr
galatasaray;1;nr
millieu;1;nr
ludovic;1;nr
impuni;1;adj
fatih;1;nr
terim;1;nr
ambassadeur;1;nom
saisirs;1;nr
ébruiter;1;ver
banderole;1;nom
parcage;1;nom
burg;1;nom
bridge;1;nom
antijeu;1;nr
boycott;1;nom
janissaire;1;nom
14ème;1;nr
grichting;1;nr
erdogan;1;nr
boikoter;1;nr
durum;1;nr
dawa;1;nr
deguelasse;1;nr
hasardeux;1;adj
ow;1;nr
incontestablement;1;adv
define;1;nr
abréger;1;ver
amendable;1;nr
controversé;1;adj
arbitrairement;1;adv
hygiéniste;1;nom
libertarien;1;nr
ancap;1;nr
émanciper;1;ver
fourre_tout;1;nom
creationniste;1;nr
huitième;1;nom
golem;1;nom
platiste;1;nr
stasi;1;nr
despotique;1;adj
baudrier;1;nom
cible;1;nom
concernerai;1;nr
agoniser;1;ver
incarcérédans;1;nr
compensation;1;nom
positonne;1;nr
ob;1;nom
addictifs;1;nr
desserrer;1;ver
air_bag;1;nom
abs;1;nr
vw;1;nr
volvo;1;nr
inteligente;1;nr
teellllment;1;nr
commencait;1;nr
mongol;1;adj
commd;1;nr
réanimer;1;ver
cogiter;1;ver
impertinent;1;adj
pincette;1;nom
cq;1;nr
coït;1;nom
vraimenttttttt;1;nr
soporifique;1;adj
protègera;1;nr
woow;1;nr
méconnu;1;adj
chloé;1;nr
reservé;1;nr
choléra;1;nom
autenticité;1;nr
degeu;1;nr
leb;1;nr
pacifisme;1;nom
dogmatique;1;adj
texto;1;adv
dogmatisme;1;nom
cessez_le_feu;1;nom
conjointement;1;adv
tchècoslovaquie;1;nr
diplomatique;1;adj
douglas;1;nom
valéry;1;nr
impérialiste;1;adj
pfffffdffffdddd;1;nr
kurde;1;adj
baravo;1;nr
behrami;1;nr
frei;1;nr
zubi;1;nr
wicky;1;nr
étouffant;1;adj
benni;1;nr
pâtie;1;nr
pool;1;nom
ardéchois;1;nom
patou;1;nr
épatant;1;adj
coutant;1;nr
arriflex;1;nr
alô;1;nr
abruttisement;1;nr
heidy;1;nr
emile;1;nr
moped;1;nr
montandon;1;nr
isaura;1;nr
cartoon;1;nom
colargol;1;nr
saturnin;1;nr
xou;1;nr
reclames;1;nr
telejounaux;1;nr
feuilltons;1;nr
arpad;1;nr
tzigane;1;adj
esposo;1;nr
aitai;1;nr
zora;1;nr
prennais;1;nr
ausssi;1;nr
conccurrence;1;nr
versoisiens;1;nr
rebook;1;nr
versoix;1;nr
moult;1;adv
chatelet;1;nr
arrondi;1;adj
perppoooooo;1;nr
ferney;1;nr
noctanbus;1;nr
noctembus;1;nr
versoixxxxx;1;nr
youhhh;1;nr
gratuiiiit;1;nr
drolement;1;nr
concurencé;1;nr
nuot;1;nr
camionnette;1;nom
nickname;1;nr
qund;1;nr
specimen;1;nr
inclusivité;1;nr
genderfluide;1;nr
jetter;1;nr
agroalimentaire;1;nom
polue;1;nr
aileron;1;nom
nuggets;1;nr
sexer;1;nr
examiner;1;ver
galinacées;1;nr
écrabou;1;nr
mimic;1;nr
betti;1;nr
prad;1;nr
neverland;1;nr
euwwwww;1;nr
oohhh;1;nr
emji_mère_noël_peau_claire;1;nr
bettya;1;nr
margarine;1;nom
astra;1;nr
unilever;1;nr
maïté;1;nr
w0;1;nr
bossy;1;nr
transcendance;1;nom
métaphysique;1;adj
terasse;1;nr
vergogne;1;nom
censeur;1;nom
htag_lausanne;1;nom_sup
franchelent;1;nr
bonder;1;ver
htag_tg;1;nom_sup
appaide;1;nr
insecurite;1;nr
ingurgiter;1;ver
78euro;1;nr
m3rd3;1;nr
ices;1;nr
puant;1;adj
rideau;1;nom
arret;1;nr
eph;1;nr
patibulaire;1;adj
satyre;1;nom
crés;1;nr
diversification;1;nom
ominscient;1;nr
omnipotent;1;adj
bigbang;1;nr
theory;1;nr
incréé;1;adj
ikhlâs;1;nr
ingénieure;1;nr
rahmân;1;nr
râf;1;nr
143;1;num
pulvériser;1;ver
prérogative;1;nom
zenith;1;nr
helwa;1;nr
deeply;1;nr
omar;1;nr
suleiman;1;nr
meeting;1;nom
deeds;1;nr
jannah;1;nr
oméga;1;nom
hzbk;1;nr
emji_v_de_la_victoire_peau_foncée;1;nr
sisteme;1;nr
huitre;1;nr
echange;1;nr
pensement;1;nr
lucifer;1;nr
samael;1;nr
longtems;1;nr
abiogénese;1;nr
réjouissance;1;nom
nicholas;1;nr
théologique;1;adj
adiós;1;nr
creerse;1;nr
seré;1;nr
cord;1;nr
idolâtrer;1;ver
elfe;1;nom
sere;1;nr
c0;1;nr
malte;1;nr
derivée;1;nr
piété;1;nom
spiritualité;1;nom
kyliann;1;nr
hindouiste;1;nr
stuv;1;nr
étendue;1;nom
psaume;1;nom
galilée;1;nr
boyle;1;nr
gravitation;1;nom
découvrables;1;nr
irréconciliable;1;adj
finalité;1;nom
éminent;1;adj
collins;1;nr
polkinghorne;1;nr
physicien;1;nom
anglican;1;adj
scientisme;1;nom
littéraliste;1;nr
finne;1;nr
søker;1;nr
otherwise;1;nr
peché;1;nr
sentimentalisme;1;nom
invocation;1;nom
bondieuserie;1;nom
factsss;1;nr
enjoindre;1;ver
rompu;1;adj
sii;1;nr
trinité;1;nom
mmmmh;1;nr
asile;1;nom
alr;1;nr
entour;1;nom
intruis;1;nr
archeologiue;1;nr
foison;1;nom
corroborer;1;ver
inchallah;1;nr
mazel;1;nr
tov;1;nr
namaste;1;nr
htag_cordialement;1;nom_sup
eucharistique;1;adj
fûfûte;1;nr
hydres;1;nr
laïcisme;1;nr
djihad;1;nom
povoir;1;nr
mimétisme;1;nom
vanité;1;nom
éve;1;nr
anthropologue;1;nom
commentuser_utilisateurice;1;nr
emji_chameau;1;nom
trone;1;nr
insects;1;nr
risale;1;nr
shoah;1;nr
infirmer;1;ver
inculques;1;nr
qayyum;1;nr
somnolence;1;nom
intercéder;1;ver
permission;1;nom
trône;1;nom
kursiy;1;nr
dizia;1;nr
prêmio;1;nr
literatura;1;nr
sábio;1;nr
saramago;1;nr
diferença;1;nr
cristãos;1;nr
muçulmanos;1;nr
segundos;1;nr
acreditam;1;nr
fez;1;nom
tornar;1;nr
ração;1;nr
convertendo;1;nr
islã;1;nr
desgraça;1;nr
nação;1;nr
referência;1;nr
cultural;1;adj
soixante_huitard;1;adj
isus;1;nr
hrist;1;nr
éboulement;1;nom
acaso;1;nr
natureza;1;nr
opium;1;nom
subsistance;1;nom
transposer;1;ver
experience;1;nr
lf;1;nr
deeurope;1;nr
sanctuaire;1;nom
funérailles;1;nom
buveur;1;nom
lavel;1;nr
mont_blanc;1;nom
banzaïïï;1;nr
joueeee;1;nr
miséreux;1;nom
gimbarde;1;nr
zazou;1;adj
émo;1;nr
grunge;1;nom
geeks;1;nr
merite;1;nr
gee;1;nr
éligibilité;1;nom
tandis_qu;1;con
spielt;1;nr
einem;1;nr
trümpi;1;nr
jugend;1;nr
prendrent;1;nr
dro;1;nr
crt;1;nr
beatles;1;nr
ciceron;1;nr
caton;1;nr
crépuscule;1;nom
croûte;1;nom
pédophille;1;nr
décontracté;1;adj
gmk;1;nr
sarkozystes;1;nr
poilleux;1;nr
administratif;1;adj
gnognotte;1;nom
sétaimieuavant;1;nr
metaverse;1;nr
debordants;1;nr
blier;1;nr
valseur;1;nom
scud;1;nr
palpitant;1;adj
emji_santa_peau_claire;1;nom
traumatic;1;nr
racing;1;nr
albatros;1;nom
descendeur;1;nom
securisees;1;nr
ouuuch;1;nr
greater;1;nr
streiff;1;nr
parliamo;1;nr
città;1;nr
sentì;1;nr
dialèt;1;nr
sud_est;1;nom
milaness;1;nr
martesana;1;nr
mmmm;1;nr
cadréga;1;nr
scena;1;nr
bevanda;1;nr
preferita;1;nr
dimentichiamo;1;nr
ghiacciolo;1;nr
tamarindo;1;nr
rimanere;1;nr
offeso;1;nr
piú;1;nr
bari;1;nr
parolaccia;1;nr
eresia;1;nr
sfumature;1;nr
anca;1;nr
lumbard;1;nr
riconosciuta;1;nr
fesserie;1;nr
diversa;1;nr
vagamente;1;nr
assomigliare;1;nr
paesano;1;nr
canzoni;1;nr
popolari;1;nr
bergamasco;1;nr
qualunque;1;nr
esso;1;nr
invidia;1;nr
camino;1;nr
legnanese;1;nr
cadenze;1;nr
dialettali;1;nr
bergamo;1;nr
paragone;1;nr
luogo;1;nr
rilassati;1;nr
fiasco;1;nom
lecce;1;nr
conosco;1;nr
veneti;1;nr
lombardi;1;nr
saputello;1;nr
pigna;1;nr
dosi;1;nr
preparavo;1;nr
conteneva;1;nr
quantità;1;nr
mostruosa;1;nr
sostituto;1;nr
permetta;1;nr
fermentazione;1;nr
accidenti;1;nr
tornare;1;nr
indietro;1;nr
assomiglia;1;nr
briosco;1;nr
cerco;1;nr
piaz;1;nr
rigrazio;1;nr
brianzola;1;nr
azzeccato;1;nr
lontanamente;1;nr
aldo;1;nr
dracula;1;nr
intervistata;1;nr
modifica;1;nr
minoritaria;1;nr
suonare;1;nr
sciura;1;nr
ticinesa;1;nr
locarnese;1;nr
scior;1;nr
antogno;1;nr
acua;1;nr
freggia;1;nr
maggiore;1;nr
toscano;1;nr
numero;1;nr
anotando;1;nr
tentar;1;nr
picolo;1;nom
italiche;1;nr
comune;1;nr
ocitania;1;nr
lega;1;nr
romantica;1;nr
büscia;1;nr
biella;1;nr
perchè;1;nr
ades;1;nr
botili;1;nr
sciopa;1;nr
dipende;1;nr
pericoloso;1;nr
colpa;1;nr
avvitato;1;nr
usavamo;1;nr
vetro;1;nr
meccanico;1;nr
onsernone;1;nr
sauge;1;nom
thym;1;nom
romarin;1;nom
romagnolo;1;nr
foggia;1;nr
matteo;1;nr
salvatore;1;nr
cantautore;1;nr
pugliese;1;nr
occitan;1;nom
schlafsack;1;nr
chiamo;1;nr
langued;1;nr
oc;1;nr
occitano;1;nr
vulgari;1;nr
eloquentia;1;nr
denter;1;nr
sfumadura;1;nr
sumeja;1;nr
pussé;1;nr
anmó;1;nr
parlum;1;nr
gh;1;nr
credevo;1;nr
piemontese;1;nr
carrara;1;nr
romanico;1;nr
messo;1;nr
entiende;1;nr
sabiendo;1;nr
catalán;1;nr
comprende;1;nr
maiaramina;1;nr
và;1;nr
ciapà;1;nr
ratt;1;nr
qualche;1;nr
sintassi;1;nr
tedesca;1;nr
biasca;1;nr
bassa;1;nom
valtellina;1;nr
parlasse;1;nr
dovevate;1;nr
fargli;1;nr
fermenta;1;nr
scoppiano;1;nr
porcapaletta;1;nr
sta;1;nr
gassosa;1;nr
fava;1;nr
rischiate;1;nr
incidenti;1;nr
gravir;1;ver
tutorial;1;adj
pubblicato;1;nr
archivio;1;nr
lasciarle;1;nr
freddo;1;nr
paio;1;nr
evitare;1;nr
fermenti;1;nr
vídeos;1;nr
éste;1;nr
fortuna;1;nr
limón;1;nr
erba;1;nr
savia;1;nr
rosmarin;1;nr
zücar;1;nr
madunina;1;nr
aggu;1;nr
press;1;nr
leggere;1;nr
catrega;1;nr
aggiunge;1;nr
scoprire;1;nr
arrivato;1;nr
ufficialmente;1;nr
influenzati;1;nr
roma;1;nr
ovviamente;1;nr
ticinesi;1;nr
avrebbero;1;nr
potuto;1;nr
scegliere;1;nr
liberamente;1;nr
arrivarena;1;nr
conclusione;1;nr
sapevo;1;nr
fichi;1;nr
fermentava;1;nr
aiut;1;nr
comprensibile;1;nr
canavesano;1;nr
bisognerebbe;1;nr
rimettere;1;nr
scuole;1;nr
tz;1;nr
posto;1;nr
valenciani;1;nr
gazouza;1;nr
capibile;1;nr
novarese;1;nr
ricorda;1;nr
osservate;1;nr
limoni;1;nr
piccoli;1;nr
trasformato;1;nr
cadrec;1;nr
buonissima;1;nr
nostro;1;nr
romagna;1;nr
associata;1;nr
pugnette;1;nr
alternativa;1;nr
ostriche;1;nr
gazosa;1;nr
senz;1;nr
industriale;1;nr
gassossa;1;nr
bevuta;1;nr
bottiglietta;1;nr
ceramica;1;nr
gusti;1;nr
mandarino;1;nr
gnucchi;1;nr
piacere;1;nr
vedé;1;nr
nona;1;nr
viturina;1;nr
spuma;1;nr
favolosa;1;nr
leggo;1;nr
geazie;1;nr
gugu;1;nr
liberato;1;nr
preciser;1;nr
lambada;1;nom
bresiliens;1;nr
creiooooo;1;nr
musiquinha;1;nr
balão;1;nr
mágico;1;nr
cantei;1;nr
dancei;1;nr
suiça;1;nr
olhe;1;nr
accordéoniste;1;nom
ententanz;1;nr
réintitulée;1;nr
vogeltanz;1;nr
stoquart;1;nr
official;1;nom
ouen;1;nr
naaaaan;1;nr
connaisais;1;nr
parel;1;nr
mgl;1;nr
furby;1;nr
tamagotchi;1;nom
caran;1;nr
ache;1;nom
neaucoup;1;nr
emji_chaussure_de_sport;1;nom
uand;1;nr
cacapipitalisme;1;nr
disease;1;nr
anticapitaliste;1;adj
60francs;1;nr
interactives;1;nr
1chf;1;nr
frc;1;nr
sursauter;1;ver
60euros;1;nr
freeo;1;nr
littéraire;1;adj
détective;1;nom
kapla;1;nr
playmobils;1;nr
lalalalaa;1;nr
gaulle;1;nom
1944;1;num
naz;1;nr
intrication;1;nr
insigne;1;nom
60franc;1;nr
60chf;1;nr
aitais;1;nr
tinntaïtonns;1;nr
guilia;1;nr
sarkozy;1;nr
ikea;1;nr
196;1;num
18euro;1;nr
x3;1;nr
1franc;1;nr
serafina;1;nr
anneliese;1;nr
grrrrrr;1;nr
angele;1;nr
rapia;1;nr
fs;1;nr
puree;1;nr
merch;1;nr
teen;1;nr
htag_linsouscience;1;nom_sup
perdu;1;adj
60f;1;nr
etager;1;nr
80frcs;1;nr
hahaa;1;nr
lyncher;1;ver
heinn;1;nr
tones;1;nr
wooaah;1;nr
vibs;1;nr
rééquilibrer;1;ver
budjet;1;nr
benef;1;nr
quizzz;1;nr
hyperactivité;1;nom
mimiiii;1;nr
baffer;1;ver
séraphine;1;nr
polly;1;nr
uuu;1;nr
aérodynamique;1;adj
couillu;1;adj
réorganiser;1;ver
comprenants;1;nr
faireuser_utilisateurice;1;nr
economie;1;nr
skiers;1;nr
engine;1;nr
slope;1;nr
wheelings;1;nr
vars;1;nr
223km;1;nr
juuuuuuste;1;nr
adhérence;1;nom
acceleré;1;nr
bécane;1;nom
miami;1;nr
drifter;1;nom
hivernal2025;1;nr
boffa;1;nr
124km;1;nr
phillip;1;nr
5kmh;1;nr
centnenenmceinque;1;nr
1000rr;1;nr
spikes;1;nr
faded;1;nr
speeds;1;nr
craziest;1;nr
motorcycle;1;nr
htag_epic;1;nr
honda;1;nr
pc25;1;nr
involving;1;nr
vehicle;1;nr
guaranteed;1;nr
frenchman;1;nr
cbr600f2;1;nr
plaider;1;ver
geile;1;nr
siech;1;nr
débattement;1;nr
kl;1;nr
girafe;1;nom
flaine;1;nr
194km;1;nr
avalanche;1;nom
perf;1;nr
élégence;1;nr
maaanifiiiiiiiiique;1;nr
redécouverte;1;nom
baltique;1;adj
cellier;1;nom
alexcellier;1;nr
hahahahs;1;nr
200chf;1;nr
290chf;1;nr
500chf;1;nr
290;1;num
350;1;num
tripler;1;ver
450;1;num
emji_étiquette;1;nr
emji_employé_de_bureau;1;nr
nikos;1;nr
urinoir;1;nom
débordement;1;nom
balenciaga;1;nr
cadrer;1;ver
huh;1;nr
slibard;1;nom
strut;1;nr
pound;1;nom
gostei;1;nr
sutiã;1;nr
masculino;1;nr
pwenty;1;nr
archivesuser_utilisateurice;1;nr
grün;1;nr
versiffte;1;nr
gehirnwäsche;1;nr
demre;1;nr
antalya;1;nr
delice;1;nr
reflexiones;1;nr
fèches;1;nr
dantonku;1;nr
halal;1;adj
fabulation;1;nom
rêverie;1;nom
soutirer;1;ver
fifille;1;nom
savie;1;nr
tebé;1;nr
macquer;1;nr
fnac;1;nr
bahar;1;nr
zendegi91;1;nr
dérangement;1;nom
assé;1;nr
géraient;1;nr
vaca;1;nr
parida;1;nr
estado;1;nr
pará;1;nr
bronce;1;nr
parecido;1;nr
préfere;1;nr
nicole;1;nr
viviane;1;nr
colette;1;nr
mulk;1;nr
encarcando;1;nr
coitada;1;nr
subit;1;adj
propice;1;adj
dangeureux;1;nr
approfondi;1;adj
oeux;1;nr
concepto;1;nr
chileno;1;nr
blatten;1;nr
lalalala;1;nr
moulon;1;nr
emji_noeud;1;nr
millennium;1;nr