emji_visage_riant_aux_larmes;3868;nom
aller;3291;ver
suisse;3157;adj
voir;2448;ver
parler;1685;ver
pays;1602;nom
gens;1508;nom
monde;1483;nom
prendre;1198;ver
enfant;1137;nom
mettre;1100;ver
payer;1085;ver
femme;1053;nom
penser;1022;ver
comprendre;1018;ver
passer;979;ver
problème;948;nom
chose;922;nom
emji_applaudissements;901;nom
temps;873;nom
droit;836;nom
vraiment;828;adv
arrêter;818;ver
rester;816;ver
vie;812;nom
police;799;nom
donner;791;ver
vrai;789;adj
grand;785;adj
venir;758;ver
travail;756;nom
homme;732;nom
jour;730;nom
trouver;728;ver
état;689;nom
vivre;677;ver
commentaire;675;nom
fois;673;nom
demander;662;ver
emji_visage_qui_pleure;659;nom
année;656;nom
cas;654;nom
seul;653;adj
riche;634;adj
palestinien;633;adj
israël;632;nr
emji_se_rouler_par_terre_de_rire;622;nom
question;620;nom
france;617;nr
petit;616;adj
guerre;615;nom
argent;610;nom
politique;580;nom
laisser;555;ver
sentir;547;ver
accord;546;nom
partir;545;ver
devenir;545;ver
besoin;537;nom
place;520;nom
hamas;512;nr
français;502;nom
travailler;502;ver
connaître;497;ver
peuple;492;nom
changer;482;ver
continuer;479;ver
raison;474;nom
manifestation;470;nom
arriver;468;ver
etc;468;adv
humain;462;adj
palestine;457;nr
plutôt;455;adv
utiliser;446;ver
rendre;446;ver
sujet;441;nom
gauche;439;nom
population;433;nom
cause;432;nom
part;431;nom
moment;431;nom
impôt;430;nom
exemple;428;nom
beau;427;adj
paix;423;nom
coup;422;nom
emji_coeur_rouge;420;nr
droite;415;nom
entreprise;415;nom
aimer;414;ver
genre;414;nom
gaza;410;nr
compte;407;nom
lire;406;ver
ca;405;nr
violence;404;nom
social;403;adj
société;400;nom
tellement;399;adv
manifester;398;ver
permettre;397;ver
niveau;396;nom
importer;395;ver
famille;395;nom
système;391;nom
article;388;nom
rts;384;nr
salaire;383;nom
exister;381;ver
idée;380;nom
aider;379;ver
loi;378;nom
armée;377;nom
public;372;nom
moyen;371;nom
sûr;370;adj
commencer;369;ver
regarder;368;ver
tuer;368;ver
cher;366;adj
soutenir;365;ver
partie;364;nom
lieu;362;nom
premier;362;adj
faux;361;adj
histoire;361;nom
emji_visage_souriant_avec_une_goutte_de_sueur;358;nom
sortir;358;ver
genève;357;nr
défendre;353;ver
trump;352;nr
israélien;351;adj
génocide;350;nom
perdre;349;ver
prix;344;nom
finir;341;ver
écrire;337;ver
servir;334;ver
attendre;333;ver
mort;329;nom
emji_feu;326;nom
gouvernement;326;nom
montrer;325;ver
otage;325;nom
jeune;324;adj
nouveau;320;adj
emji_visage_faisant_un_clin_d_oeil;318;nr
côté;318;nom
gros;317;adj
meilleur;316;adj
simplement;315;adv
service;315;nom
oublier;314;ver
revenir;313;ver
espérer;312;ver
réalité;307;nom
assurance;307;nom
agir;306;ver
créer;303;ver
ville;303;nom
emji_visage_en_pleine_réflexion;299;nom
europe;299;nr
manquer;295;ver
animal;293;nom
fin;291;nom
justice;291;nom
respecter;290;ver
pauvre;289;adj
santé;288;nom
protéger;287;ver
justement;286;adv
emji_visage_souriant_avec_yeux_en_forme_de_coeur;286;nr
situation;286;nom
rapport;279;nom
seulement;278;adv
frontalier;277;adj
appeler;276;ver
augmenter;274;ver
école;273;nom
extrême;272;adj
mot;271;nom
heure;270;nom
mois;269;nom
dernier;268;adj
essayer;267;ver
normal;266;adj
chercher;265;ver
gagner;264;ver
policier;264;nom
solution;258;nom
terroriste;258;nom
malheureusement;257;adv
liberté;257;nom
canton;255;nom
civil;255;adj
étranger;254;nom
expliquer;253;ver
pire;253;adj
manière;253;nom
aide;250;nom
emji_mains_levées;250;nom
argument;249;nom
simple;246;adj
international;246;adj
apprendre;246;ver
ouvrir;245;ver
étude;244;nom
bas;243;adj
acheter;243;ver
possible;239;adj
propre;237;adj
avis;237;nom
honte;237;nom
emji_drapeau_suisse;236;nom
triste;236;adj
façon;234;nom
sécurité;233;nom
terre;233;nom
interdire;233;ver
emji_visage_roulant_des_yeux;232;nom
voter;231;ver
mauvais;231;adj
voiture;230;nom
choix;230;nom
égalité;226;nom
initiative;225;nom
répondre;225;ver
terme;223;nom
majorité;222;nom
important;222;adj
foutre;222;ver
équipe;221;nom
mériter;221;ver
sembler;220;ver
entendre;220;ver
taxe;219;nom
respect;219;nom
risque;218;nom
super;218;adj
victime;218;nom
également;217;adv
feu;217;nom
emji_mains_en_prière;217;nom
pareil;216;adj
maladie;215;nom
israel;215;nr
manifestant;215;nom
baisser;214;ver
classe;213;nom
taxer;212;ver
nombre;212;nom
arme;211;nom
crime;211;nom
nouvelle;211;adj
manger;211;ver
absolument;211;adv
occuper;211;ver
effet;209;nom
éviter;208;ver
parent;207;nom
suivre;207;ver
base;207;nom
retrouver;207;ver
valoir;206;ver
poser;206;ver
citoyen;205;nom
info;204;nom
source;204;nom
langue;204;nom
eau;204;nom
train;203;nom
rue;203;nom
exactement;202;adv
jouer;202;ver
suffire;202;ver
garder;202;ver
représenter;201;ver
préférer;201;ver
groupe;200;nom
face;198;nom
reconnaître;198;ver
clairement;197;adv
couper;197;ver
ultra;196;adj
oeil;196;nom
profiter;194;ver
média;194;nom
réponse;193;nom
européen;193;adj
imaginer;192;ver
fortune;192;nom
haine;192;nom
concerner;190;ver
logique;190;adj
peur;190;nom
journée;190;nom
choisir;190;ver
ia;190;nr
détruire;188;ver
peine;187;nom
facile;186;adj
intérêt;186;nom
vidéo;186;adj
casser;185;ver
semaine;185;nom
long;184;adj
information;184;nom
mdr;184;nr
traiter;184;ver
franchement;183;adv
chiffre;183;nom
économique;183;adj
économie;183;nom
accepter;183;ver
fédéral;182;adj
uniquement;182;adv
démocratie;182;nom
toucher;181;ver
financer;181;ver
moyenne;181;nom
emji_visage_avec_bouche_ouverte;181;nom
haut;180;nom
humanité;179;nom
rappeler;179;ver
emji_visage_boudeur;179;nom
faute;178;nom
courage;178;nom
chance;177;nom
lausanne;177;nr
maison;177;nom
tête;177;nom
marcher;177;ver
route;176;nom
dur;175;adj
contraire;175;nom
udc;175;nr
voler;174;ver
soutien;174;nom
plaindre;173;ver
image;173;nom
souhaiter;173;ver
valeur;172;nom
truc;171;nom
fonctionner;171;ver
but;171;nom
différence;170;nom
nom;170;nom
main;170;nom
minimum;169;nom
fou;169;adj
offrir;169;ver
emji_visage_qui_pleure_à_chaudes_larmes;167;nom
juif;167;adj
cours;166;nom
propos;166;nom
réel;166;adj
user;166;ver
massacre;166;nom
bref;165;adv
autoriser;165;ver
blanc;165;adj
commettre;165;ver
mesure;164;nom
fait;163;nom
remettre;162;ver
caisse;162;nom
coût;162;nom
tomber;162;ver
corps;162;nom
milliard;161;nom
preuve;160;nom
prison;160;nom
vendre;160;ver
produire;160;ver
pro;159;nom
tenir;159;ver
meme;158;nr
physique;158;adj
recevoir;157;ver
écouter;157;ver
ami;156;nom
militaire;156;adj
allemand;156;adj
américain;155;adj
empêcher;155;ver
débat;155;nom
libre;155;adj
accueillir;154;ver
totalement;153;adv
privé;153;adj
mondial;153;adj
refuser;153;ver
sauver;153;ver
réfléchir;152;ver
raciste;152;adj
cacher;152;ver
banque;151;nom
poste;151;nom
emploi;151;nom
envoyer;151;ver
culture;151;nom
charger;150;ver
époque;150;nom
complètement;149;adv
réseau;149;nom
grave;149;adj
résultat;149;nom
prochain;149;adj
obliger;149;ver
type;149;nom
manif;149;nom
total;148;adj
actuel;148;adj
prime;148;nom
énergie;147;nom
envie;147;nom
porte;146;nom
magnifique;145;adj
entier;145;adj
subir;145;ver
produit;144;nom
personnel;144;adj
millier;144;nom
condition;144;nom
mec;143;nom
marché;142;nom
effectivement;142;adv
difficile;142;adj
responsable;140;adj
arabe;140;nom
criminel;140;nom
imposer;139;ver
justifier;138;ver
étonner;138;ver
partager;138;ver
acte;138;nom
journaliste;138;nom
unir;137;ver
qualité;137;nom
heureusement;137;adv
vérité;137;nom
fermer;137;ver
sérieux;136;adj
projet;136;nom
musulman;136;adj
décision;135;nom
plaisir;135;nom
photo;134;nom
bosser;134;ver
discours;134;nom
réduire;134;ver
évidemment;134;adv
ordre;134;nom
clair;134;adj
obligatoire;134;adj
sûrement;133;adv
décider;133;ver
soin;133;nom
héritage;132;nom
loyer;132;nom
attaquer;132;ver
air;131;nom
prouver;131;ver
renseigner;131;ver
doute;131;nom
proposer;131;ver
national;131;adj
cesser;131;ver
lien;130;nom
rentrer;130;ver
règle;130;nom
blague;129;nom
suite;129;nom
coûter;129;ver
dénoncer;129;ver
couple;129;nom
genocide;129;nr
content;128;adj
réussir;128;ver
porter;128;ver
augmentation;127;nom
coeur;127;nom
bloquer;127;ver
libérer;126;ver
action;125;nom
onu;125;nr
président;124;nom
climatique;124;adj
battre;124;ver
nombreux;124;adj
conflit;124;nom
danger;124;nom
sioniste;124;adj
proche;123;adj
participer;123;ver
emji_visage_de_clown;123;nom
atteindre;123;ver
intéressant;123;adj
illégal;123;adj
bcp;122;nr
billet;122;nom
directement;122;adv
limite;122;nom
titre;122;nom
opinion;122;nom
racisme;122;nom
général;121;nom
mourir;121;ver
tourner;121;ver
responsabilité;121;nom
métier;121;nom
compter;120;ver
début;120;nom
violent;118;adj
souci;117;nom
zone;117;nom
régime;117;nom
condamner;116;ver
forcément;116;adv
sud;116;nom
différent;115;adj
incroyable;115;adj
éducation;115;nom
autorité;115;nom
intéresser;114;ver
gars;114;nom
attaque;114;nom
final;114;adj
commun;113;nom
lier;113;ver
post;113;adv
conseil;113;nom
forme;113;nom
accès;113;nom
frais;112;adj
svp;112;adv
gérer;112;ver
bout;112;nom
erreur;112;nom
région;112;nom
assumer;112;ver
considérer;112;ver
frontière;112;nom
mode;112;nom
changement;111;nom
message;111;nom
vote;111;nom
voisin;111;nom
compliqué;111;adj
ukraine;111;nr
contrôle;110;nom
franc;110;adj
assurer;110;ver
appliquer;110;ver
conséquence;109;nom
complice;109;nom
affaire;108;nom
chf;108;nr
vol;108;nom
apporter;108;ver
rire;108;ver
consommation;108;nom
dangereux;108;adj
accident;108;nom
naître;107;ver
principe;107;nom
milliardaire;107;nom
employé;107;nom
oser;107;ver
cest;107;nr
déranger;106;ver
nécessaire;106;adj
local;106;adj
voie;106;nom
engager;106;ver
retour;106;nom
afrique;106;nr
livre;105;nom
plan;105;nom
honteux;105;adj
légal;104;adj
bientôt;104;adv
critiquer;103;ver
hôpital;103;nom
cadeau;103;nom
polluer;103;ver
climat;103;nom
transport;103;nom
statistique;103;adj
médecin;103;nom
chrétien;103;adj
neutre;103;adj
ensemble;102;adv
réellement;102;adv
effort;102;nom
monter;102;ver
territoire;102;nom
dépasser;101;ver
habiter;101;ver
conscience;101;nom
prisonnier;101;nom
protection;100;nom
adulte;100;nom
drogue;100;nom
gauchiste;100;adj
direct;100;nom
soudan;100;nr
comparer;100;ver
retraite;99;nom
conseiller;99;ver
plaque;99;nom
tirer;99;ver
âge;99;nom
vieux;99;adj
sport;99;nom
octobre;98;nom
retourner;98;ver
planète;98;nom
art;98;nom
présenter;97;ver
endroit;97;nom
quitter;97;ver
perso;97;adj
taux;97;nom
fond;97;nom
enlever;97;ver
training;97;nom
mentionner;96;ver
moitié;96;nom
budget;96;nom
origine;96;nom
adapter;96;ver
soigner;96;ver
fiscal;95;adj
perte;95;nom
continent;95;nom
fille;94;nom
critique;94;adj
etat;94;nr
consommer;94;ver
courant;94;nom
mouvement;94;nom
rôle;93;nom
investir;93;ver
actuellement;93;adv
parole;93;nom
pacifique;93;adj
professionnel;92;adj
avantage;92;nom
génération;92;nom
inquiéter;92;ver
cash;92;adv
pousser;92;ver
juger;92;ver
islamiste;92;adj
cessez_le_feu;92;nom
politicien;91;nom
joli;91;adj
excellent;91;adj
chine;91;nom
ridicule;91;adj
essentiel;91;nom
gratuit;91;adj
habitant;91;nom
innocent;91;adj
viser;90;ver
pied;90;nom
emji_visage_souriant_avec_yeux_rieurs;90;nom
informer;90;ver
vélo;90;nom
humanitaire;90;adj
immigration;90;nom
noir;89;adj
richesse;89;nom
capable;89;adj
patron;89;nom
expression;89;nom
nationalité;89;nom
jeu;89;nom
membre;88;nom
courir;88;ver
esprit;88;nom
socialiste;88;adj
obtenir;88;ver
inutile;88;adj
scientifique;88;adj
russie;88;nr
autorisation;88;nom
casseur;88;nom
enquête;87;nom
mineur;87;adj
notamment;87;adv
utile;87;adj
sorte;86;nom
commerce;86;nom
apparemment;86;adv
organiser;86;ver
drone;86;nom
dimanche;85;nom
etre;85;nr
obligation;85;nom
impression;84;nom
dépenser;84;ver
capitalisme;84;nom
recherche;84;nom
objet;84;nom
bouger;84;ver
prévoir;84;ver
centaine;84;nom
drôle;84;adj
contrôler;84;ver
bombarder;84;ver
exprimer;83;ver
habitude;83;nom
pain;83;nom
certainement;83;adv
emji_visage_souriant_aux_yeux_rieurs;83;nom
mère;83;nom
corruption;83;nom
relever;82;ver
centre;82;nom
crise;82;nom
supprimer;82;ver
étonnant;82;adj
berner;82;ver
vivant;82;adj
contrairement;82;adv
finalement;81;adv
lancer;81;ver
dieu;81;nom
visage;81;nom
horreur;81;nom
amérique;81;nom
douche;81;nom
ligne;80;nom
financier;80;adj
film;80;nom
hériter;80;ver
construire;80;ver
nature;80;nom
lol;80;nr
ps;80;nr
top;80;nom
heureux;80;adj
dépendre;80;ver
présent;80;nom
organisation;80;nom
plaire;80;ver
largement;79;adv
objectif;79;nom
avancer;79;ver
pleurer;79;ver
brésil;79;nom
confondre;79;ver
élevé;78;adj
répéter;78;ver
job;78;nom
course;78;nom
adorer;78;ver
excuser;78;ver
domaine;78;nom
campagne;78;nom
dirigeant;78;nom
probablement;77;adv
connerie;77;nom
logement;77;nom
appartenir;77;ver
impact;77;nom
priorité;77;nom
ressource;77;nom
définition;77;nom
nuit;77;nom
voix;77;nom
hiver;77;nom
soir;77;nom
froid;77;adj
bande;77;nom
emji_drapeau_territoires_palestiniens;77;nom
match;76;nom
contribuer;76;ver
carte;76;nom
marre;76;adv
malade;76;adj
pratique;76;adj
ue;76;nr
tour;75;nom
comportement;75;nom
prêt;75;adj
nation;75;nom
père;75;nom
phrase;75;nom
énorme;75;adj
futur;75;nom
impossible;75;adj
rouler;75;ver
achat;75;nom
désolé;75;adj
cadre;75;nom
quotidien;75;adj
jeter;75;ver
signer;75;ver
noël;75;nom
réagir;75;ver
déclarer;75;ver
décennie;74;nom
nourrir;74;ver
emji_pouce_vers_le_haut;74;nom
arranger;74;ver
combat;74;nom
réjouir;74;ver
sanction;74;nom
terrain;73;nom
réveiller;73;ver
poche;73;nom
accuser;73;ver
camp;73;nom
visiblement;73;adv
mener;73;ver
site;73;nom
bonjour;73;nom
affirmer;73;ver
emji_visage_avec_un_sourire_malin;73;nom
chômage;73;nom
balle;73;nom
confirmer;73;ver
espace;73;nom
remplir;72;ver
fameux;72;adj
milieu;72;nom
avenir;72;nom
cerveau;72;nom
disparaître;72;ver
inviter;71;ver
communauté;71;nom
minorité;71;nom
revoir;71;ver
boulot;71;nom
développer;71;ver
mensonge;71;nom
new;71;adj
occidental;70;adj
fier;70;ver
vaud;70;nr
déplacer;70;ver
passage;70;nom
matin;70;nom
siècle;70;nom
travailleur;70;nom
degré;70;nom
encourager;70;ver
ancien;70;adj
soldat;70;nom
dégât;70;nom
reprendre;70;ver
traitement;70;nom
paraître;69;ver
chaud;69;adj
us;69;nom
discuter;69;ver
avance;69;nom
volonté;69;nom
constater;69;ver
fumer;69;ver
confort;69;nom
free;69;nr
supporter;68;ver
unique;68;adj
doigt;68;nom
ménage;68;nom
formation;68;nom
fondamental;68;adj
internet;68;nom
hypocrisie;68;nom
liste;68;nom
magasin;68;nom
sérieusement;68;adv
bizarre;68;adj
individuel;68;adj
remplacer;68;ver
vitesse;68;nom
coupable;67;adj
ajouter;67;ver
voyage;67;nom
profil;67;nom
emji_visage_envoyant_un_bisou;67;nom
vêtement;67;nom
tranquille;67;adj
couvrir;67;ver
confiance;67;nom
avion;67;nom
minute;66;nom
lutte;66;nom
pensée;66;nom
vacance;66;nom
artiste;66;nom
individu;66;nom
papier;66;nom
morale;66;nom
pression;66;nom
h;66;nr
forcer;66;ver
reposer;66;ver
emji_mains_en_prière_peau_claire;66;nom
flic;66;nom
fonction;66;nom
foot;66;nom
p;65;nr
mentalité;65;nom
investissement;65;nom
problématique;65;adj
démontrer;65;ver
dos;65;nom
précis;65;adj
finance;65;nom
confédération;65;nom
relation;65;nom
souvenir;65;ver
citer;65;ver
habiller;65;ver
chien;65;nom
matériel;65;nom
position;65;nom
etait;64;nr
annoncer;64;ver
nourriture;64;nom
concret;64;adj
raconter;64;ver
collectif;64;nom
tenter;64;ver
emji_yeux;64;nom
ukrainien;64;nom
retirer;64;ver
énormément;64;adv
crier;64;ver
emji_visage_souriant_avec_une_larme;64;nom
souffrir;64;ver
frapper;64;ver
congo;64;nr
échange;63;nom
installer;63;ver
mentir;63;ver
masse;63;nom
diminuer;63;ver
prétendre;63;ver
commenter;63;ver
véhicule;63;nom
facilement;62;adv
faible;62;adj
foyer;62;nom
espèce;62;nom
étudiant;62;nom
emji_visage_avec_un_léger_sourire;62;nom
choquer;62;ver
blesser;62;ver
qualifier;62;ver
engagement;62;nom
usage;61;nom
égal;61;adj
scandale;61;nom
client;61;nom
réflexion;61;nom
parfaire;61;ver
naturel;61;adj
principal;61;adj
idéologie;61;nom
goût;61;nom
sol;61;nom
emji_visage_souriant_avec_coeurs;61;nr
ubs;61;nr
limiter;61;ver
cool;61;adj
neutralité;61;nom
historique;61;adj
colonisation;61;nom
remarquer;60;ver
vision;60;nom
taper;60;ver
ya;60;nom
amener;60;ver
intervenir;60;ver
intelligent;60;adj
téléphone;60;nom
gueule;60;nom
connaissance;60;nom
aéroport;60;nom
maintenir;60;ver
emji_visage_de_geek;60;nom
chat;60;nom
menace;60;nom
emji_étincelles;60;nom
peau;60;nom
reportage;60;nom
intervention;60;nom
amende;60;nom
jugement;60;nom
correctement;60;adv
acteur;60;nom
secteur;60;nom
dormir;59;ver
bêtise;59;nom
gentil;59;adj
infrastructure;59;nom
fuir;59;ver
pur;59;adj
drapeau;59;nom
relire;59;ver
bébé;59;nom
personnellement;59;adv
défense;59;nom
deja;59;nr
ignorer;59;ver
élire;59;ver
ministre;59;nom
cisjordanie;59;nr
colon;59;nom
millionnaire;58;adj
découvrir;58;ver
travers;58;nom
religion;58;nom
activité;58;nom
fournir;58;ver
bus;58;nom
vérifier;58;ver
positif;58;adj
orient;58;nom
oeuvre;58;nom
âme;58;nom
arrêt;58;nom
surprise;58;nom
genevois;58;adj
médical;58;adj
alcool;58;nom
souffrance;58;nom
élection;58;nom
nord;58;nom
entrer;58;ver
emji_colombe;58;nom
intégrer;58;ver
baser;57;ver
anglais;57;nom
capitaliste;57;adj
départ;57;nom
expérience;57;nom
machine;57;nom
inégalité;57;nom
extrêmement;57;adv
1er;57;nr
ex;57;nr
consommateur;57;nom
emji_tête_à_l_envers;57;nom
stop;57;nom
neige;57;nom
terminer;57;ver
fabriquer;57;ver
sortie;57;nom
jean;57;nom
rare;57;adj
boire;57;ver
netanyahu;57;nr
al;57;nr
fruit;56;nom
analyse;56;nom
inverse;56;nom
hasard;56;nom
italie;56;nr
profit;56;nom
régler;56;ver
récupérer;56;ver
conduire;56;ver
rouge;56;adj
autoroute;56;nom
diriger;56;ver
armer;56;ver
emji_drapeau_israël;56;nom
monnaie;56;nom
publication;55;nom
impliquer;55;ver
contenir;55;ver
absurde;55;adj
dépense;55;nom
pollution;55;nom
vert;55;adj
environnement;55;nom
chef;55;nom
générer;55;ver
condoléance;55;nom
couleur;55;nom
démocratique;55;adj
opposer;55;ver
lumière;55;nom
shein;55;nr
possibilité;55;nom
correct;55;adj
éduquer;55;ver
emji_biceps_contracté;55;nom
féminisme;55;nom
terrorisme;55;nom
publier;54;ver
rêve;54;nom
littéralement;54;adv
fils;54;nom
dizaine;54;nom
ressembler;54;ver
balancer;54;ver
mental;54;adj
fric;54;nom
libéral;54;adj
emji_visage_qui_hurle_de_peur;54;nom
association;54;nom
scandaleux;54;adj
double;54;adj
musique;54;nom
viande;54;nom
événement;54;nom
marque;54;nom
flux;54;nom
résoudre;54;ver
féministe;54;adj
champion;54;nom
véritable;54;adj
fête;54;nom
hausse;53;nom
calcul;53;nom
concept;53;nom
pertinent;53;adj
tendance;53;nom
raisonnement;53;nom
emji_tête_de_fou;53;nom
amour;53;nom
seconde;53;nom
brûler;53;ver
pub;53;nom
vivement;53;adv
parfaitement;53;adv
congé;53;nom
emji_visage_avec_un_monocle;53;nom
favoriser;53;ver
tromper;53;ver
emji_visage_avec_des_symboles_dans_la_bouche;53;nom
africain;53;adj
remercier;53;ver
blessé;53;nom
là_bas;52;adv
rappel;52;nom
réchauffement;52;nom
réaliser;52;ver
bio;52;adj
jurer;52;ver
rapidement;52;adv
matière;52;nom
garantir;52;ver
émission;52;nom
solidarité;52;nom
facture;52;nom
norme;52;nom
appel;52;nom
emji_coeur_brisé;52;nr
préparer;52;ver
cinéma;52;nom
contexte;52;nom
écologique;52;adj
chemin;52;nom
chaîne;52;nom
luxe;52;nom
accompagner;52;ver
massacrer;52;ver
transformer;52;ver
insulter;52;ver
casque;52;nom
bombe;52;nom
café;52;nom
violer;51;ver
signifier;51;ver
posséder;51;ver
autrement;51;adv
particulier;51;adj
hyper;51;adv
améliorer;51;ver
gosse;51;nom
pauvreté;51;nom
bénéfice;51;nom
contribuable;51;nom
étudier;51;ver
série;51;nom
officiel;51;adj
quantité;51;nom
empathie;51;nom
programme;51;nom
négocier;51;ver
ramener;51;ver
retenir;51;ver
liban;51;nr
féminin;50;adj
frère;50;nom
supérieur;50;adj
complexe;50;adj
catastrophe;50;nom
montagne;50;nom
alimentaire;50;adj
indépendant;50;adj
bordel;50;nom
pièce;50;nom
censé;50;adj
gruyère;50;nom
page;49;nom
actif;49;adj
ongle;49;nom
science;49;nom
efficace;49;adj
prétexte;49;nom
discussion;49;nom
village;49;nom
causer;49;ver
sauter;49;ver
italien;49;adj
structure;49;nom
capacité;49;nom
mur;49;nom
emji_homme_qui_hausse_les_épaules;49;nom
donnée;49;nom
constitution;49;nom
macron;49;nr
vin;49;nom
célibataire;49;adj
emji_visage_pensif;48;nom
charge;48;nom
gaucho;48;nom
avs;48;nr
création;48;nom
inventer;48;ver
emji_visage_avec_fumée_sortant_des_narines;48;nom
don;48;nom
reconnaissance;48;nom
pneu;48;nom
saison;48;nom
sang;48;nom
assassiner;48;ver
répression;48;nom
novembre;48;nom
élève;48;nom
style;47;nom
deuxième;47;adj
survivre;47;ver
culturel;47;adj
sympa;47;adj
placer;47;ver
communiste;47;adj
cff;47;nr
élément;47;nom
dictature;47;nom
application;47;nom
viol;47;nom
emji_crâne;47;nom
préciser;47;ver
date;47;nom
horrible;47;adj
institution;47;nom
lâcher;47;ver
bourgeois;47;nom
emji_visage_qui_tire_la_langue_et_fait_un_clin_d_oeil;47;nr
vide;47;adj
négociation;47;nom
fromage;47;nom
honnête;46;adj
dossier;46;nom
trafic;46;nom
pr;46;nr
horaire;46;nom
échelle;46;nom
rapporter;46;ver
occasion;46;nom
méchant;46;adj
former;46;ver
misère;46;nom
intérieur;46;nom
majeur;46;adj
évoluer;46;ver
période;46;nom
emji_visage_souriant_avec_yeux_plissés;46;nom
mélanger;46;ver
appartement;46;nom
alimenter;46;ver
chaos;46;nom
gaz;46;nom
mémoire;46;nom
complet;46;adj
black;46;adj
commerçant;46;nom
théorie;45;nom
taire;45;ver
enrichir;45;ver
patrimoine;45;nom
sein;45;nom
abri;45;nom
capital;45;nom
bénéficier;45;ver
commercial;45;adj
rigoler;45;ver
bateau;45;nom
réduction;45;nom
fribourg;45;nr
samedi;45;nom
méthode;45;nom
réaction;45;nom
pitié;45;nom
extrémiste;45;nom
tristesse;45;nom
poids;45;nom
silence;45;nom
outil;45;nom
emji_visage_avec_des_étoiles_à_la_place_des_yeux;45;nom
abuser;45;ver
habit;45;nom
emji_visage_qui_vomit;45;nom
déchet;45;nom
quartier;45;nom
marier;45;ver
grève;45;nom
immigré;45;nom
torture;45;nom
sanctionner;45;ver
recette;44;nom
décrire;44;ver
bras;44;nom
bois;44;nom
tôt;44;adv
exploiter;44;ver
industrie;44;nom
chier;44;ver
zéro;44;nom
explication;44;nom
sexe;44;nom
destruction;44;nom
effacer;44;ver
punir;44;ver
exploser;44;ver
compagnie;44;nom
avouer;44;ver
bâtiment;44;nom
qqch;44;nr
maman;44;nom
provoquer;44;ver
restaurant;44;nom
bombardement;44;nom
félicitation;43;nom
allemagne;43;nom
texte;43;nom
débattre;43;ver
nan;43;nom
génial;43;adj
coller;43;ver
précisément;43;adv
compétence;43;nom
retard;43;nom
emji_visage_festif;43;nom
emji_visage_qui_rougit;43;nom
exact;43;adj
suffisant;43;adj
emji_singe_ne_rien_voir;43;nom
difficulté;43;nom
massif;43;adj
romand;43;nr
code;43;nom
nobel;43;nr
uniforme;43;nom
saint;43;nom
foule;43;nom
pote;42;nom
procès;42;nom
promettre;42;ver
immobilier;42;adj
échec;42;nom
pourcentage;42;nom
supplémentaire;42;adj
verser;42;ver
sacré;42;adj
équitable;42;adj
ciel;42;nom
jet;42;nom
trajet;42;nom
immense;42;adj
construction;42;nom
proposition;42;nom
technologie;42;nom
suicide;42;nom
business;42;nom
quasiment;42;adv
nier;42;ver
bonheur;42;nom
production;42;nom
humour;42;nom
reprocher;42;ver
incapable;42;adj
honnêtement;42;adv
prévention;42;nom
pétrole;42;nom
fatiguer;42;ver
journalisme;42;nom
rembourser;42;ver
netflix;42;nr
i;41;nom
joyeux;41;adj
ficher;41;ver
faim;41;nom
ch;41;nr
test;41;nom
renforcer;41;ver
maximum;41;nom
éthique;41;nom
signe;41;nom
emji_pouce_vers_le_haut_peau_claire;41;nom
pari;41;nom
gestion;41;nom
opportunité;41;nom
coloniser;41;ver
injustice;41;nom
détourner;41;ver
gazaouis;41;nr
vente;41;nom
qualifié;41;adj
the;40;nr
démocrate;40;adj
lutter;40;ver
lit;40;nom
écologie;40;nom
modèle;40;nom
populaire;40;adj
confortable;40;adj
estimer;40;ver
crever;40;ver
utilisation;40;nom
marrant;40;adj
emji_visage_très_souriant_aux_yeux_rieurs;40;nom
soumettre;40;ver
domestique;40;nom
abonnement;40;nom
intelligence;40;nom
émotion;40;nom
âgé;40;adj
ignorance;40;nom
voleur;40;nom
circulation;40;nom
tolérance;40;nom
témoignage;40;nom
cancer;40;nom
agresseur;40;nom
élu;40;adj
transmettre;39;ver
scène;39;nom
montant;39;nom
suffisamment;39;adv
direction;39;nom
excuse;39;nom
entièrement;39;adv
vs;39;nr
refaire;39;ver
phénomène;39;nom
marge;39;nom
emji_femme_qui_hausse_les_épaules;39;nom
leçon;39;nom
plastique;39;nom
bord;39;nom
contrat;39;nom
hypocrite;39;nom
moderne;39;adj
tonne;39;nom
agression;39;nom
emji_applaudissements_peau_claire;39;nom
négatif;39;adj
descendre;39;ver
poubelle;39;nom
impunité;39;nom
bel;39;adj
week_end;39;nom
respectueux;39;adj
précédent;39;nom
paiement;39;nom
club;38;nom
copain;38;nom
mio;38;nr
familial;38;adj
wow;38;nr
absolu;38;adj
dingue;38;adj
économiser;38;ver
légitime;38;adj
repartir;38;ver
fonds;38;nom
global;38;adj
fossile;38;nom
présence;38;nom
propriétaire;38;nom
rassurer;38;ver
sensé;38;adj
apres;38;nr
entrée;38;nom
foi;38;nom
volontaire;38;adj
équité;38;nom
réserver;38;ver
emji_personne_avec_la_paume_sur_le_visage;38;nom
critère;38;nom
emji_visage_épuisé;38;nom
tres;38;nr
interdiction;38;nom
bête;38;adj
profondément;38;adv
inspirer;38;ver
échapper;38;ver
trouble;38;nom
emji_visage_souriant;38;nom
électricité;38;nom
mandat;38;nom
intention;38;nom
munition;38;nom
emji_visage_avec_les_sourcils_relevés;38;nom
île;38;nom
sexuel;37;adj
réussite;37;nom
injuste;37;adj
instant;37;nom
insta;37;nr
majoritairement;37;adv
collègue;37;nom
employer;37;ver
stratégie;37;nom
cul;37;nom
détriment;37;nom
convaincre;37;ver
faveur;37;nom
évident;37;adj
biais;37;nom
moral;37;nom
lourd;37;adv
rapide;37;adj
cigarette;37;nom
scolaire;37;adj
covid;37;nr
pointer;37;ver
midi;37;nom
médicament;37;nom
vaudois;37;adj
pcq;37;nr
musée;37;nom
criminalité;37;nom
revanche;37;nom
hâte;37;nom
exposer;37;ver
nettoyage;37;nom
opération;37;nom
strictement;37;adv
reprise;37;nom
militant;37;nom
discrimination;37;nom
hésiter;37;ver
caméra;37;nom
tenue;37;nom
fan;37;nom
exiger;37;ver
trafiquant;37;nom
extermination;37;nom
r;36;nr
pierre;36;nom
cantonal;36;adj
carrément;36;adv
numéro;36;nom
établir;36;ver
privilège;36;nom
fortement;36;adv
disponible;36;adj
privilégier;36;ver
principalement;36;adv
commander;36;ver
asie;36;nr
conclusion;36;nom
transparence;36;nom
accorder;36;ver
piste;36;nom
importance;36;nom
taille;36;nom
éliminer;36;ver
visible;36;adj
km;36;adv
délit;36;nom
siège;36;nom
chinois;36;nom
financement;36;nom
stp;36;nr
accessible;36;adj
ramasser;36;ver
pénal;36;adj
fonder;36;ver
moquer;36;ver
occident;36;nom
déni;36;nom
apprentissage;36;nom
ski;36;nom
masculinisme;36;nr
calme;36;nom
epstein;35;nr
donald;35;nr
surprendre;35;ver
équivalent;35;nom
prôner;35;ver
identifier;35;ver
salarié;35;adj
tribunal;35;nom
digne;35;adj
attirer;35;ver
menacer;35;ver
emji_visage_qui_regarde_entre_ses_doigts;35;nom
généralement;35;adv
abus;35;nom
roi;35;nom
grandir;35;ver
constat;35;nom
sain;35;adj
monstre;35;nom
rejoindre;35;ver
raccourci;35;nom
louvre;35;nr
temu;35;nr
lac;35;nom
emji_tête_qui_explose;35;nom
salle;35;nom
cesse;35;nom
fumeur;35;nom
accueil;35;nom
union;35;nom
minimiser;35;ver
milice;35;nom
complicité;35;nom
condamnation;35;nom
semer;35;ver
harcèlement;35;nom
identité;35;nom
diviser;35;ver
gêner;35;ver
fifa;35;nr
chauffage;35;nom
tradition;35;nom
romance;35;nom
attentat;35;nom
figure;34;nom
héritier;34;nom
jeunesse;34;nom
comparaison;34;nom
espoir;34;nom
crèche;34;nom
chute;34;nom
résident;34;nom
évidence;34;nom
emji_visage_grimaçant;34;nom
conscient;34;adj
tjrs;34;nr
emji_tas_de_crotte;34;nom
réfugié;34;nom
administratif;34;adj
idéologique;34;adj
forêt;34;nom
inscrire;34;ver
camion;34;nom
traverser;34;ver
ds;34;nr
rétablissement;34;nom
instagram;34;nr
cycliste;34;nom
nuance;34;nom
religieux;34;adj
radar;34;nom
joueur;34;nom
vitrine;34;nom
york;34;nom
absence;33;nom
purée;33;nom
emji_mains_qui_forment_un_coeur;33;nr
administration;33;nom
concentrer;33;ver
facteur;33;nom
indiquer;33;ver
cracher;33;ver
urgence;33;nom
cotisation;33;nom
budgétaire;33;adj
salarial;33;adj
promesse;33;nom
rajouter;33;ver
légume;33;nom
strict;33;adj
arrivée;33;nom
drame;33;nom
désoler;33;ver
emji_visage_souriant_avec_auréole;33;nom
bleu;33;adj
provenir;33;ver
industriel;33;adj
profond;33;adj
regard;33;nom
notion;33;nom
mari;33;nom
réclamer;33;ver
talent;33;nom
convention;33;nom
stade;33;nom
valable;33;adj
énergétique;33;adj
électrique;33;adj
dividende;33;nom
doucher;33;ver
colonial;33;adj
jordanie;33;nr
b2;33;nr
lune;33;nom
syrie;33;nr
lettre;32;nom
secret;32;nom
agent;32;nom
engendrer;32;ver
systématiquement;32;adv
influence;32;nom
calculer;32;ver
barre;32;nom
ouai;32;nr
honneur;32;nom
documenter;32;ver
alternative;32;nom
proportion;32;nom
journal;32;nom
technique;32;adj
co;32;adv
ressentir;32;ver
soleil;32;nom
abandonner;32;ver
tarif;32;nom
effectif;32;nom
trottinette;32;nom
compréhension;32;nom
aspect;32;nom
sincèrement;32;adv
dealer;32;ver
brésilien;32;nom
tort;32;nom
emji_homme_qui_hausse_les_épaules_peau_légèrement_mate;32;nom
avocat;32;nom
distance;32;nom
repas;32;nom
conducteur;32;nom
terrible;32;adj
bienvenue;32;nom
compétition;31;nom
somme;31;nom
votation;31;nr
creuser;31;ver
asseoir;31;ver
développement;31;nom
bizarrement;31;adv
coin;31;nom
équilibre;31;nom
fondue;31;nom
passeport;31;nom
sion;31;nr
cassis;31;nom
cheveu;31;nom
spécial;31;adj
voyager;31;ver
fenêtre;31;nom
psychologique;31;adj
émettre;31;ver
sac;31;nom
victoire;31;nom
écart;31;nom
tentative;31;nom
sentiment;31;nom
exercer;31;ver
annonce;31;nom
meurtre;31;nom
carrière;31;nom
option;31;nom
gouverner;31;ver
vent;31;nom
agresser;31;ver
maîtriser;31;ver
égypte;31;nr
insupportable;31;adj
correspondre;31;ver
hygiène;31;nom
emji_visage_qui_fond;31;nom
rolex;31;nr
emji_ok;31;nom
procédure;31;nom
corriger;31;ver
argentin;31;adj
pacifiquement;31;adv
libération;31;nom
occupation;31;nom
hauteur;30;nom
gamin;30;nom
euro;30;nom
nez;30;nom
accusation;30;nom
génie;30;nom
arbre;30;nom
version;30;nom
juridique;30;adj
faciliter;30;ver
durée;30;nom
attente;30;nom
ouverture;30;nom
emji_visage_blasé;30;nom
laver;30;ver
toxique;30;adj
soirée;30;nom
renvoyer;30;ver
colère;30;nom
croiser;30;ver
effectuer;30;ver
solitude;30;nom
parfait;30;adj
lever;30;ver
représentant;30;nom
malin;30;adj
marquer;30;ver
inflation;30;nom
température;30;nom
chaleur;30;nom
bancaire;30;adj
actualité;30;nom
rip;30;nr
robot;30;nom
dark;30;nr
oiseau;30;nom
emji_visage_bâillant;30;nom
kosovo;29;nr
compenser;29;ver
pourri;29;adj
bouclier;29;nom
piquer;29;ver
mtn;29;nr
idéal;29;adj
exception;29;nom
zurich;29;nr
enjeu;29;nom
succès;29;nom
roue;29;nom
bouche;29;nom
auto;29;nom
cf;29;nr
cibler;29;ver
emji_visage_qui_fait_un_câlin;29;nom
presse;29;nom
défaut;29;nom
apparaître;29;ver
aveugle;29;adj
récent;29;adj
souligner;29;ver
convenir;29;ver
poil;29;nom
réfléchi;29;adj
publiquement;29;adv
observer;29;ver
portugal;29;nr
adresse;29;nom
effondrer;29;ver
marketing;29;nom
rythme;29;nom
tâche;29;nom
lamentable;29;adj
référence;29;nom
ect;29;nr
impressionnant;29;adj
pantalon;29;nom
inadmissible;29;adj
parking;29;nom
psy;29;nom
russe;29;adj
juge;29;nom
qualification;29;nom
corrompre;29;ver
sarkozy;29;nr
ducoup;29;nr
adopter;29;ver
surveiller;29;ver
près_de;29;adv
ba;29;nr
intégration;29;nom
filmer;29;ver
cedh;29;nr
personnage;29;nom
migrant;29;adj
court;29;adj
manipuler;29;ver
subside;29;nom
inhumain;29;adj
statut;29;nom
kidnapper;29;ver
hab;28;nr
censurer;28;ver
nettoyer;28;ver
stupide;28;adj
bot;28;adj
poster;28;ver
hahaha;28;nr
puissant;28;adj
percevoir;28;ver
existence;28;nom
combattre;28;ver
emji_doigts_croisés;28;nom
privilégié;28;adj
circuler;28;ver
situer;28;ver
mécanisme;28;nom
détail;28;nom
tendre;28;ver
ironie;28;nom
débile;28;adj
boîte;28;nom
emji_homme_avec_la_paume_sur_le_visage;28;nom
isolé;28;adj
chou;28;nom
tt;28;nr
entrain;28;nom
processus;28;nom
migros;28;nr
fragile;28;adj
lecture;28;nom
fascisme;28;nom
emji_visage_retenant_ses_larmes;28;nom
financièrement;28;adv
déposer;28;ver
inclure;28;ver
autonome;28;adj
courageux;28;adj
apprécier;28;ver
contenu;28;nom
qatar;28;nr
geste;28;nom
contredire;28;ver
lamal;28;nr
plomb;28;nom
supposer;28;ver
radio;28;nom
détester;28;ver
envahir;28;ver
xénophobe;28;adj
plr;28;nr
rh;28;nr
artifice;28;nom
race;28;nom
exécution;28;nom
nazi;28;nom
moto;28;nom
of;27;nr
merveilleux;27;adj
large;27;adj
parcours;27;nom
rêver;27;ver
qqn;27;nr
infirmier;27;nom
blâmer;27;ver
enseignant;27;nom
socialisme;27;nom
symbole;27;nom
cop;27;nom
approcher;27;ver
expert;27;nom
employeur;27;nom
priver;27;ver
décidément;27;adv
naissance;27;nom
stopper;27;ver
masculin;27;adj
patient;27;nom
entretien;27;nom
enfance;27;nom
naïf;27;adj
conduite;27;nom
clé;27;nom
bijoux;27;nom
espagne;27;nr
nu;27;adj
ravir;27;ver
indépendance;27;nom
consulter;27;ver
agressif;27;adj
domicile;27;nom
sincère;27;adj
stats;27;nr
prof;27;nom
no;27;nr
joie;27;nom
exterminer;27;ver
censure;27;nom
amazon;27;nr
mobiliser;27;ver
élever;27;ver
intellectuel;27;adj
emji_femme_avec_la_paume_sur_le_visage;27;nom
cirque;27;nom
emji_femme_qui_hausse_les_épaules_peau_claire;27;nom
enfer;27;nom
fake;27;nr
canon;27;nom
afghanistan;27;nr
apartheid;27;nom
palestiniennes;27;nr
maire;27;nom
raclette;27;nom
rio;27;nr
norvège;26;nr
parc;26;nom
nouvel;26;adj
jalousie;26;nom
gagnant;26;nom
refléter;26;ver
récemment;26;adv
papa;26;nom
fuite;26;nom
déclaration;26;nom
magique;26;adj
comporter;26;ver
insécurité;26;nom
factuel;26;adj
déplaire;26;ver
préserver;26;ver
auteur;26;nom
bénéfique;26;adj
idem;26;adv
normalement;26;adv
emji_visage_soulagé;26;nom
beauté;26;nom
officiellement;26;adv
dépression;26;nom
tester;26;ver
orienter;26;ver
emji_visage_sans_expression;26;nom
douane;26;nom
réaliste;26;adj
télé;26;nom
encadrer;26;ver
emji_visage_avec_une_main_sur_la_bouche;26;nom
peinture;26;nom
rencontrer;26;ver
doux;26;adj
féminicides;26;nr
déterminer;26;ver
sportif;26;adj
médian;26;adj
disposition;26;nom
ignorant;26;adj
facilité;26;nom
entité;26;nom
semblant;26;nom
section;26;nom
détenu;26;nom
emprisonner;26;ver
entourer;26;ver
multinationale;26;nom
hôtel;26;nom
trottoir;26;nom
automobiliste;26;nom
amuser;26;ver
fasciste;26;adj
surface;26;nom
virer;26;ver
piéton;26;nom
mdrrr;26;nr
déguiser;26;ver
extérieur;26;nom
oral;26;nom
pot;26;nom
bitcoin;26;nr
football;26;nom
choquant;26;adj
signature;25;nom
emji_sac_plein_d_argent;25;nom
ouvrier;25;nom
risquer;25;ver
bureau;25;nom
abe;25;nr
lula;25;nr
admettre;25;ver
recommencer;25;ver
existant;25;adj
catégorie;25;nom
prévenir;25;ver
exploitation;25;nom
purement;25;adv
dictateur;25;nom
étrange;25;adj
communication;25;nom
métro;25;nom
reparler;25;ver
navrer;25;ver
pénurie;25;nom
interne;25;adj
respirer;25;ver
mélange;25;nom
évolution;25;nom
fiction;25;nom
taff;25;nr
féliciter;25;ver
neuchâtel;25;nr
vulnérable;25;adj
mer;25;nom
odeur;25;nom
relier;25;ver
chantier;25;nom
assister;25;ver
épisode;25;nom
wokisme;25;nr
désir;25;nom
remonter;25;ver
enfermer;25;ver
manipulation;25;nom
parallèle;25;adj
exigence;25;nom
office;25;nom
typique;25;adj
couverture;25;nom
coter;25;ver
politiquement;25;adv
emji_homme_qui_hausse_les_épaules_peau_claire;25;nom
péter;25;ver
réprimer;25;ver
opprimé;25;nom
nucléaire;25;adj
barrage;25;nom
dérèglement;25;nom
guillemet;25;nom
médiatique;25;adj
sale;25;adj
nommer;25;ver
venezuela;25;nr
ouvert;25;adj
applaudir;25;ver
tv;25;nr
révéler;25;ver
famine;25;nom
usager;25;nom
régulièrement;25;adv
interdit;25;adj
concours;25;nom
chocolat;25;nom
antisémite;25;adj
concrètement;25;adv
masqué;25;adj
block;25;nom
surprenant;24;adj
sensible;24;adj
vache;24;nom
multiple;24;adj
mortel;24;adj
définir;24;ver
progrès;24;nom
net;24;adj
réunir;24;ver
cohérent;24;adj
dégradation;24;nom
aberrant;24;adj
sondage;24;nom
émotionnel;24;adj
décéder;24;ver
note;24;nom
collaboration;24;nom
poursuivre;24;ver
oppression;24;nom
emji_mains_qui_forment_un_coeur_peau_claire;24;nr
emji_visage_avec_lunettes_de_soleil;24;nom
turquie;24;nr
spécialiste;24;nom
cambriolage;24;nom
substance;24;nom
boycotter;24;ver
enseigner;24;ver
espagnol;24;nom
précaire;24;adj
pathétique;24;adj
biologique;24;adj
rassemblement;24;nom
fusil;24;nom
cicr;24;nr
com;24;nom
exécuter;24;ver
humoriste;24;adj
festival;24;nom
constructif;24;adj
puissance;24;nom
chambre;24;nom
woke;24;nr
emji_visage_expirant;24;nom
coucher;24;ver
pleurnicher;24;ver
couteau;24;nom
toilette;24;nom
polémique;24;nom
relayer;24;ver
touriste;24;nom
poursuite;24;nom
masque;24;nom
fumée;24;nom
bardot;24;nom
vouvoyer;24;ver
requin;24;nom
citation;23;nom
attribuer;23;ver
potentiel;23;nom
sélectif;23;adj
taxé;23;adj
panier;23;nom
université;23;nom
modifier;23;ver
emji_applaudissements_peau_moyennement_claire;23;nom
disposer;23;ver
contester;23;ver
déplacement;23;nom
tas;23;nom
entrepreneur;23;nom
massivement;23;adv
mr;23;nr
emji_homme_avec_la_paume_sur_le_visage_peau_claire;23;nom
emji_chat_qui_pleure_de_joie;23;nom
détenir;23;ver
déménager;23;ver
dignité;23;nom
conservateur;23;adj
salariales;23;nr
rater;23;ver
équilibré;23;adj
moin;23;nr
pomme;23;nom
entraîner;23;ver
pratiquer;23;ver
durer;23;ver
annuel;23;adj
mission;23;nom
bloc;23;nom
recycler;23;ver
folie;23;nom
bouchon;23;nom
croissant;23;nom
emji_visage_qui_fait_un_salut_militaire;23;nom
bruit;23;nom
mafia;23;nom
héros;23;nom
constamment;23;adv
meurtrier;23;nom
emji_symbole_d_avertissement;23;nom
parlement;23;nom
spectacle;23;nom
essence;23;nom
occurrence;23;nom
lobby;23;nom
activement;23;adv
république;23;nom
céder;23;ver
remise;23;nom
portée;23;nom
pilier;23;nom
pratiquement;23;adv
résumer;23;ver
désormais;23;adv
adn;23;nr
soucier;23;ver
tempête;23;nom
église;23;nom
empire;23;nom
examen;23;nom
soeur;23;nom
brigitte;23;nr
atrocité;23;nom
terreur;23;nom
favela;23;nom
taser;23;nr
auprès_de;22;nr
communisme;22;nom
mépris;22;nom
domination;22;nom
accumuler;22;ver
copier;22;ver
st;22;nr
emji_personne_qui_hausse_les_épaules;22;nom
acquérir;22;ver
similaire;22;adj
exceptionnel;22;adj
proportionnel;22;adj
botte;22;nom
frs;22;nr
solide;22;adj
romands;22;nr
bienne;22;nr
galer;22;nom
volontairement;22;adv
succession;22;nom
pk;22;nr
piller;22;ver
soulever;22;ver
combler;22;ver
co2;22;nr
trou;22;nom
objectivement;22;adv
slogan;22;nom
bin;22;nr
serrer;22;ver
alimentation;22;nom
dégager;22;ver
dérouler;22;ver
malheureux;22;adj
sourire;22;ver
carbone;22;nom
précieux;22;adj
artificiel;22;adj
agence;22;nom
incompétent;22;adj
étape;22;nom
bien_être;22;nom
satisfaire;22;ver
document;22;nom
organisme;22;nom
lent;22;adj
atmosphère;22;nom
stress;22;nom
bol;22;nom
garçon;22;nom
paquet;22;nom
annemasse;22;nr
routier;22;adj
subventionner;22;ver
visiter;22;ver
gang;22;nom
jai;22;nr
splendeur;22;nom
détresse;22;nom
dose;22;nom
distribuer;22;ver
interroger;22;ver
homicide;22;nom
restreindre;22;ver
maltraitance;22;nom
japon;22;nom
recruter;22;ver
affamer;22;ver
allié;22;nom
judiciaire;22;adj
malhonnête;22;adj
écriture;22;nom
illusion;22;nom
commission;22;nom
constant;22;adj
serafe;22;nr
diplôme;22;nom
revendiquer;22;ver
parfum;22;nom
organisateur;22;nom
verre;22;nom
ampleur;22;nom
maltraiter;22;ver
détention;22;nom
a2;22;nr
toit;22;nom
sommeil;22;nom
emji_ninja_peau_mate;22;nom
nigeria;22;nr
missile;22;nom
signaler;22;ver
craindre;21;ver
conclure;21;ver
théâtre;21;nom
bernard;21;nr
emji_visage_souriant_avec_de_grands_yeux;21;nom
qqun;21;nr
delà;21;adv
orthographe;21;nom
dégrader;21;ver
divorce;21;nom
pdg;21;nr
croissance;21;nom
collaborer;21;ver
geneve;21;nr
putain;21;nom
front;21;nom
instaurer;21;ver
dette;21;nom
troisième;21;adj
agriculture;21;nom
répartition;21;nom
propriété;21;nom
rémunérer;21;ver
conviction;21;nom
excessif;21;adj
créateur;21;nom
classique;21;adj
démarche;21;nom
ruine;21;nom
jardin;21;nom
cliché;21;nom
publicité;21;nom
calmer;21;ver
aborder;21;ver
curieux;21;adj
cognitif;21;adj
thermique;21;adj
bannir;21;ver
vital;21;adj
parental;21;adj
bandit;21;nom
électronique;21;adj
basique;21;adj
tram;21;nom
probleme;21;nr
potentiellement;21;adv
étouffer;21;ver
catastrophique;21;adj
riponne;21;nr
radical;21;adj
écran;21;nom
tjs;21;nr
nécessité;21;nom
narratif;21;adj
tragédie;21;nom
conjoint;21;nom
contacter;21;ver
description;21;nom
visibilité;21;nom
épargner;21;ver
esclave;21;nom
biodiversité;21;nom
fil;21;nom
fonctionnement;21;nom
ennemi;21;nom
chauffer;21;ver
élite;21;nom
septembre;21;nom
oeuf;21;nom
troll;21;nom
max;21;nom
éventuellement;21;adv
cour;21;nom
alémanique;21;nr
interview;21;nom
résumé;21;nom
poule;21;nom
illégalement;21;adv
plante;21;nom
maîtrise;21;nom
balcon;21;nom
librement;21;adv
swisscom;21;nr
b1;21;nr
natalité;21;nom
juriste;21;nom
croix;21;nom
promouvoir;21;ver
menteur;21;nom
arrestation;21;nom
crédibilité;21;nom
bernois;21;adj
lait;21;nom
clavier;21;nom
boulangerie;21;nom
terrasse;21;nom
asf;21;nr
fumigène;21;adj
précision;20;nom
inquiétant;20;adj
aisé;20;adj
inde;20;nom
représentatif;20;adj
épuiser;20;ver
jsp;20;nr
rarement;20;adv
argumenter;20;ver
thune;20;nom
pétrolier;20;adj
journalistique;20;adj
soignant;20;adj
refus;20;nom
paradis;20;nom
afghan;20;adj
contradiction;20;nom
rechercher;20;ver
supermarché;20;nom
chips;20;nom
promotion;20;nom
tjr;20;nr
connait;20;nr
plat;20;nom
douleur;20;nom
rejeter;20;ver
emji_drapeau_états_unis;20;nom
capitale;20;nom
interpréter;20;ver
jogging;20;nom
concurrence;20;nom
emji_sapin_de_noël;20;nom
vif;20;adj
saisir;20;ver
emji_visage_éméché;20;nom
emji_mains_en_prière_peau_moyennement_claire;20;nom
accompagnement;20;nom
addiction;20;nom
tiers;20;nom
corée;20;nr
énerver;20;ver
deal;20;nom
fiable;20;adj
systémique;20;adj
btc;20;nr
entourage;20;nom
décevoir;20;ver
voiler;20;ver
influencer;20;ver
mariage;20;nom
cautionner;20;ver
au_delà;20;adv
douter;20;ver
yémen;20;nr
déclencher;20;ver
lobbys;20;nr
partisan;20;nom
passion;20;nom
lgbt;20;nr
réserve;20;nom
issue;20;nom
illustre;20;adj
écosystème;20;nom
résister;20;ver
lingot;20;nom
pc;20;nom
exemplaire;20;adj
slide;20;nr
tunnel;20;nom
attiser;20;ver
britannique;20;adj
sapin;20;nom
humaniste;20;adj
algérie;20;nr
islamique;20;adj
propager;20;ver
exploit;20;nom
ethnique;20;adj
complémentaire;20;adj
timbre;20;nom
diffamation;20;nom
importation;20;nom
océanie;20;nr
mythe;19;nom
gain;19;nom
écraser;19;ver
ancêtre;19;nom
constituer;19;ver
nettement;19;adv
subvention;19;nom
précarité;19;nom
indécent;19;adj
embaucher;19;ver
maître;19;nom
frustration;19;nom
vrm;19;nr
vague;19;nom
bern;19;nr
biaisé;19;adj
spécifique;19;adj
valoriser;19;ver
mdrr;19;nr
caissier;19;nom
fr;19;nr
ingénieur;19;nom
superbe;19;adj
chatgpt;19;nr
évoquer;19;ver
opposé;19;nom
entretenir;19;ver
remboursement;19;nom
disparition;19;nom
géant;19;adj
etats;19;nr
emporter;19;ver
pull;19;nom
vendeur;19;nom
inacceptable;19;adj
pont;19;nom
emji_visage_aux_yeux_en_spirales;19;nom
restriction;19;nom
fléau;19;nom
noter;19;ver
structurel;19;adj
saccager;19;ver
table;19;nom
échouer;19;ver
croyance;19;nom
conjugal;19;adj
banaliser;19;ver
armement;19;nom
youtube;19;nr
subjectif;19;adj
tordre;19;ver
dent;19;nom
inverser;19;ver
activiste;19;nom
chanter;19;ver
phase;19;nom
contraint;19;nom
affect;19;nom
gratuitement;19;adv
hallucinant;19;adj
limitation;19;nom
assureur;19;nom
rigueur;19;nom
collectivité;19;nom
aise;19;nom
inconnu;19;nom
chapeau;19;nom
vomir;19;ver
prononcer;19;ver
plier;19;ver
actionnaire;19;nom
classement;19;nom
voyou;19;nom
rattraper;19;ver
natif;19;adj
délire;19;nom
usine;19;nom
ras;19;adj
bb;19;nr
comparable;19;adj
amnesty;19;nr
sdf;19;nr
inaction;19;nom
sauvage;19;adj
briser;19;ver
gaspillage;19;nom
rabaisser;19;ver
montage;19;nom
dab;19;nom
is;18;nr
contenter;18;ver
centime;18;nom
proportionnellement;18;adv
bouffer;18;ver
socialement;18;adv
déconnecter;18;ver
imposition;18;nom
pme;18;nr
solidaire;18;adj
ofs;18;nr
beurre;18;nom
reproduire;18;ver
majoritaire;18;adj
décembre;18;nom
cercle;18;nom
langage;18;nom
seuil;18;nom
votations;18;nr
généreux;18;adj
contrainte;18;nom
fêter;18;ver
emji_poing_levé;18;nom
silencieux;18;adj
planter;18;ver
goûter;18;ver
architecte;18;nom
oups;18;nr
moche;18;adj
égoïste;18;adj
affiche;18;nom
coincer;18;ver
assistant;18;nom
raser;18;ver
garantie;18;nom
min;18;nom
équiper;18;ver
élevage;18;nom
irlande;18;nr
dsl;18;nr
concevoir;18;ver
coûteux;18;adj
participant;18;nom
emji_trèfle_à_quatre_feuilles;18;nom
représentation;18;nom
préoccuper;18;ver
autoritaire;18;adj
miracle;18;nom
indignation;18;nom
organe;18;nom
rente;18;nom
génocidaire;18;adj
bla_bla;18;nom
centrale;18;nom
transporter;18;ver
réparation;18;nom
mètre;18;nom
neurone;18;nom
transaction;18;nom
boucher;18;ver
résistance;18;nom
fixer;18;ver
franchise;18;nom
bain;18;nom
emji_v_de_la_victoire;18;nom
appart;18;nom
parier;18;ver
mêler;18;ver
sélection;18;nom
consacrer;18;ver
poisson;18;nom
alpe;18;nom
cochon;18;nom
licencier;18;ver
innovation;18;nom
ennuyer;18;ver
limité;18;adj
expulser;18;ver
c2;18;nr
séjour;18;nom
hurler;18;ver
reconstruire;18;ver
vegan;18;nr
gazer;18;ver
excès;18;nom
ego;18;nom
diversité;18;nom
netanyahou;18;nr
diffuser;18;ver
vénézuélien;18;adj
témoin;18;nom
mai;18;nom
cagoule;18;nom
fm;18;nr
républicain;17;adj
suède;17;nom
issu;17;adj
50mio;17;nr
volant;17;nom
contact;17;nom
retraité;17;adj
confronter;17;ver
enfaite;17;nr
bisounours;17;nr
délocaliser;17;ver
douteux;17;adj
2x;17;nr
géopolitique;17;adj
totalité;17;nom
singapour;17;nr
jaloux;17;adj
composer;17;ver
efficacité;17;nom
agréable;17;adj
gras;17;adj
concert;17;nom
concentration;17;nom
récolter;17;ver
absurdité;17;nom
cible;17;nom
objectivité;17;nom
habituer;17;ver
cuisine;17;nom
solaire;17;adj
filer;17;ver
dégueulasse;17;adj
météo;17;nom
réchauffer;17;ver
relâcher;17;ver
profession;17;nom
éclater;17;ver
oms;17;nr
continu;17;adj
recommander;17;ver
réforme;17;nom
pause;17;nom
rompre;17;ver
louper;17;ver
urgent;17;adj
mobilité;17;nom
rat;17;nom
aérien;17;adj
éteindre;17;ver
emji_coeur_blanc;17;nr
emmener;17;ver
tolérer;17;ver
bisou;17;nom
dépendant;17;adj
emji_étourdissement;17;nom
parer;17;ver
interpeller;17;ver
emji_visage_endormi;17;nom
exagérer;17;ver
dénigrer;17;ver
emji_mains_levées_peau_claire;17;nom
montreux;17;nr
sketch;17;nom
flagrant;17;adj
mascarade;17;nom
deviner;17;ver
yodel;17;nr
opposition;17;nom
pompier;17;nom
ouvertement;17;adv
symbolique;17;adj
lambda;17;nom
annuler;17;ver
infiltrer;17;ver
choc;17;nom
éclairer;17;ver
sommet;17;nom
utilité;17;nom
immédiat;17;adj
distribution;17;nom
gentiment;17;adv
fédération;17;nom
piscine;17;nom
tourisme;17;nom
loisir;17;nom
cellule;17;nom
ong;17;nr
prestation;17;nom
champ;17;nom
chasser;17;ver
naturaliser;17;ver
délinquant;17;nom
rentable;17;adj
idf;17;nr
design;17;nom
wikipedia;17;nr
prince;17;nom
musk;17;nr
maduro;17;nr
benjamin;17;nom
violeur;17;nom
exorbitant;17;adj
pacifiste;17;adj
lacrymo;17;nr
carence;17;nom
protéine;17;nom
drh;17;nr
and;16;nr
personnalité;16;nom
ticket;16;nom
dinguerie;16;nom
professeur;16;nom
omettre;16;ver
décès;16;nom
motiver;16;ver
directeur;16;nom
rond;16;nom
minoritaire;16;adj
destiner;16;ver
sauce;16;nom
sueur;16;nom
payant;16;adj
peser;16;ver
cultiver;16;ver
mesurer;16;ver
ordinaire;16;adj
ptdr;16;nr
biensur;16;nr
plafond;16;nom
spécialiser;16;ver
inciter;16;ver
cité;16;nom
enterrer;16;ver
persuader;16;ver
contraignant;16;adj
opposant;16;nom
emji_visage_avec_un_doigt_sur_la_bouche;16;nom
ressortir;16;ver
argumentation;16;nom
cqfd;16;nr
emji_coeur_violet;16;nr
orange;16;nom
empreinte;16;nom
classer;16;ver
queue;16;nom
avancé;16;adj
crème;16;nom
associer;16;ver
adaptation;16;nom
numérique;16;adj
embêter;16;ver
emji_coeur_avec_bandages;16;nr
grossesse;16;nom
romain;16;adj
dérive;16;nom
coop;16;nr
réparer;16;ver
chimique;16;adj
carton;16;nom
tiktok;16;nr
souverain;16;nom
amélioration;16;nom
bâle;16;nr
électoral;16;adj
bilan;16;nom
définitif;16;adj
couler;16;ver
dialogue;16;nom
reconstruction;16;nom
chaussure;16;nom
redonner;16;ver
cuba;16;nr
symptôme;16;nom
répétition;16;nom
avérer;16;ver
patriarcat;16;nom
explosion;16;nom
mordre;16;ver
lara;16;nr
reconnaissant;16;adj
adhérer;16;ver
collaborateur;16;nom
louer;16;ver
défenseur;16;nom
standard;16;adj
immédiatement;16;adv
survie;16;nom
humilier;16;ver
culpabilité;16;nom
appuyer;16;ver
questionner;16;ver
sanitaire;16;adj
sauveur;16;nom
affronter;16;ver
you;16;nr
janvier;16;nom
brillant;16;adj
espion;16;nom
artisan;16;nom
fierté;16;nom
nuire;16;ver
pesticide;16;nom
fracasser;16;ver
portugais;16;nom
chômeur;16;nom
soumission;16;nom
râler;16;ver
cotiser;16;ver
abo;16;nr
c1;16;nr
arbitraire;16;adj
turc;16;adj
am;16;nr
compatriote;16;nom
promener;16;ver
ete;16;nr
resto;16;nom
racial;16;adj
asiatique;16;adj
flottille;16;nom
résolution;16;nom
malpoli;16;adj
catholique;16;adj
génocidaires;16;nr
torturer;16;ver
judée;16;nr
antisémitisme;16;nom
scénario;16;nom
évidement;16;nom
lunette;16;nom
hollywood;16;nr
traîner;16;ver
conséquent;16;adj
débarrasser;16;ver
végétarien;16;adj
milei;16;nr
emmental;16;nom
matelas;16;nom
consister;15;ver
parmis;15;nr
surement;15;nr
accomplir;15;ver
bourse;15;nom
boiter;15;ver
vachement;15;adv
fantasme;15;nom
out;15;adj
résidence;15;nom
taxation;15;nom
acceptable;15;adj
freiner;15;ver
multi;15;adv
bâton;15;nom
dominer;15;ver
zoug;15;nr
tir;15;nom
étatique;15;adj
çà;15;adv
monopole;15;nom
etes;15;nr
amitié;15;nom
défi;15;nom
desservir;15;ver
fixe;15;adj
restauration;15;nom
révolution;15;nom
poulet;15;nom
aliment;15;nom
boule;15;nom
réguler;15;ver
mini;15;adj
3h;15;nr
séparer;15;ver
emji_index_pointant_vers_l_utilisateur;15;nom
emji_main_avec_index_pointant_à_droite;15;nom
ère;15;nom
pencher;15;ver
dégoûter;15;ver
témoigner;15;ver
nécessiter;15;ver
récit;15;nom
désarmer;15;ver
automatiquement;15;adv
genevoise;15;nr
producteur;15;nom
jambe;15;nom
revendre;15;ver
eme;15;nr
léman;15;nr
faillite;15;nom
emji_visage_neutre;15;nom
avril;15;nom
cousin;15;nom
cyclable;15;adj
dépendance;15;nom
exclure;15;ver
confusion;15;nom
partenaire;15;nom
aberration;15;nom
agenda;15;nom
consentement;15;nom
emji_visage_démoralisé_avec_goutte_de_sueur;15;nom
ados;15;nom
blessure;15;nom
bafouer;15;ver
moquerie;15;nom
francais;15;nr
soi_disant;15;adj
taf;15;nom
bracelet;15;nom
préalable;15;nom
oreille;15;nom
perturber;15;ver
pib;15;nr
communiquer;15;ver
dollar;15;nom
brutal;15;adj
emji_visage_bleu_et_froid;15;nom
sélectionner;15;ver
coca;15;nom
blocus;15;nom
anonyme;15;adj
établissement;15;nom
stratégique;15;adj
erroné;15;adj
corporel;15;adj
champignon;15;nom
combattant;15;nom
linguistique;15;nom
découverte;15;nom
z;15;nom
bagage;15;nom
fidèle;15;adj
fréquenter;15;ver
licenciement;15;nom
invention;15;nom
fraude;15;nom
emji_chaînons;15;nom
plateformes;15;nr
tabac;15;nom
tesla;15;nom
saluer;15;ver
vigueur;15;nom
er;15;nr
naturalisation;15;nom
restant;15;nom
xénophobie;15;nom
nationaliste;15;adj
assaut;15;nom
albanais;15;adj
conversation;15;nom
pourvoir;15;ver
station;15;nom
maternité;15;nom
ouin;15;nr
compassion;15;nom
envisager;15;ver
repousser;15;ver
arabie;15;nr
shoah;15;nr
caillou;15;nom
horlogerie;15;nom
poupée;15;nom
inculte;15;adj
prier;15;ver
elon;15;nr
panneau;15;nom
sud_américain;15;adj
emji_femme_avec_la_paume_sur_le_visage_peau_moyennement_claire;15;nom
incompréhensible;15;adj
cdm;15;nr
dignement;15;adv
diagnostic;15;nom
incendie;15;nom
emji_drapeau_sénégal;15;nom
mexique;15;nr
bolivie;15;nr
scooter;15;nom
carnivore;15;adj
guyane;15;nr
pia;15;nr
pédophilie;15;nom
for;14;nom
anniversaire;14;nom
vieillir;14;ver
emji_applaudissements_peau_légèrement_mate;14;nom
désirer;14;ver
aboutir;14;ver
capter;14;ver
passif;14;adj
productif;14;adj
barrer;14;ver
pollueur;14;nom
flemme;14;nom
deuxièmement;14;adv
stabilité;14;nom
perdant;14;nom
50m;14;nr
otan;14;nr
abolir;14;ver
kilomètre;14;nom
q;14;nom
insensé;14;adj
différemment;14;adv
emji_cotillons;14;nom
ratio;14;nom
emji_pop_corn;14;nom
conférence;14;nom
démonstration;14;nom
physiquement;14;adv
faiblesse;14;nom
pillage;14;nom
dériver;14;ver
clope;14;nom
bouffe;14;nom
regretter;14;ver
proximité;14;nom
bavure;14;nom
appareil;14;nom
indispensable;14;adj
barbarie;14;nom
généraliste;14;nom
définitivement;14;adv
apparement;14;nr
rage;14;nom
cheval;14;nom
pluie;14;nom
etaient;14;nr
régner;14;ver
relativiser;14;ver
chanson;14;nom
racine;14;nom
renoncer;14;ver
ironique;14;adj
patriarcal;14;adj
braquer;14;ver
tri;14;nom
plateforme;14;nom
exprès;14;adj
infini;14;adj
quart;14;nom
helvétique;14;adj
modification;14;nom
pffff;14;nr
simpliste;14;adj
refuge;14;nom
militer;14;ver
schéma;14;nom
emji_visage_déçu;14;nom
24h;14;nr
plainte;14;nom
revendication;14;nom
portable;14;adj
bein;14;nr
david;14;nr
édition;14;nom
formidable;14;adj
iels;14;nr
participation;14;nom
loup;14;nom
productivité;14;nom
second;14;adj
inclusif;14;adj
contribution;14;nom
arnaque;14;nom
chauffeur;14;nom
quotidiennement;14;adv
déjeuner;14;ver
fast;14;nr
sucre;14;nom
fondement;14;nom
approprié;14;adj
bourreau;14;nom
irak;14;nr
souveraineté;14;nom
rose;14;adj
exercice;14;nom
chialer;14;ver
après_des;14;nr
aggraver;14;ver
valide;14;adj
parascolaire;14;adj
relativement;14;adv
intimité;14;nom
vestiaire;14;nom
couche;14;nom
auprès_des;14;nr
trafiquer;14;ver
parmelin;14;nr
glacier;14;nom
inférieur;14;adj
emji_pouce_vers_le_bas;14;nom
maths;14;nom
go;14;nom
contrer;14;ver
lausannoise;14;nr
pétition;14;nom
google;14;nr
ptn;14;nr
emji_visage_qui_tire_la_langue_les_yeux_plissés;14;nom
pls;14;nr
considération;14;nom
vierge;14;adj
ruiner;14;ver
universel;14;adj
cst;14;nr
là_dessus;14;adv
compréhensible;14;adj
cfc;14;nr
inexistant;14;adj
immeuble;14;nom
extreme;14;nr
hommage;14;nom
dédier;14;ver
incels;14;nr
découler;14;ver
motif;14;nom
clown;14;nom
rigolo;14;adj
comm;14;nr
iran;14;nr
égard;14;nom
mobilier;14;nom
gta;14;nr
infliger;14;ver
démissionner;14;ver
boulanger;14;nom
machado;14;nr
abonné;14;nom
colonialisme;14;nom
restaurateur;14;nom
originaire;14;adj
tabasser;14;ver
visite;14;nom
emji_homme_avec_la_paume_sur_le_visage_peau_légèrement_mate;14;nom
pharma;14;nom
conditionnel;14;nom
taxi;14;nom
remporter;14;ver
bug;14;nom
emji_langue;14;nom
régie;14;nom
lot;13;nom
fun;13;nom
it;13;nr
corrompu;13;adj
suggérer;13;ver
valider;13;ver
royaume;13;nom
déplorable;13;adj
perroquet;13;nom
descendant;13;nom
record;13;nom
valise;13;nom
légitimité;13;nom
vrmt;13;nr
fortuné;13;adj
affligeant;13;adj
léger;13;adj
affecter;13;ver
salir;13;ver
gauchisme;13;nom
crédible;13;adj
raisonnable;13;adj
redistribution;13;nom
modeste;13;adj
dominant;13;adj
initial;13;adj
moralement;13;adv
trahir;13;ver
dramatique;13;adj
album;13;nom
généraliser;13;ver
rempli;13;adj
abordable;13;adj
naturellement;13;adv
photographe;13;nom
emji_visage_avec_des_valises_sous_les_yeux;13;nom
pfff;13;nr
immonde;13;adj
valaisans;13;nr
fribourgeois;13;nr
drastiquement;13;adv
consultation;13;nom
stable;13;adj
médecine;13;nom
séance;13;nom
feuille;13;nom
k;13;nom
foutage;13;nr
adresser;13;ver
emji_index_pointant_vers_le_haut;13;nom
interprétation;13;nom
couronne;13;nom
commande;13;nom
étiquette;13;nom
empoisonner;13;ver
surconsommation;13;nom
express;13;adj
accélérer;13;ver
emji_femme_qui_hausse_les_épaules_peau_légèrement_mate;13;nom
quid;13;nr
référendum;13;nom
pleuvoir;13;ver
variable;13;adj
incapacité;13;nom
abattre;13;ver
allumer;13;ver
loger;13;ver
plateau;13;nom
droguer;13;ver
synonyme;13;adj
whatsapp;13;nr
panne;13;nom
infraction;13;nom
adolescent;13;nom
sexiste;13;adj
distinction;13;nom
3ème;13;nr
rayon;13;nom
répandre;13;ver
médaille;13;nom
prompt;13;adj
emji_mains_qui_forment_un_coeur_peau_moyennement_claire;13;nr
haineux;13;adj
fantastique;13;adj
permanence;13;nom
tapis;13;nom
emji_tête_de_mort;13;nom
states;13;nr
soudanais;13;nom
sionisme;13;nom
totalitaire;13;adj
mécanique;13;adj
régir;13;ver
tension;13;nom
lacrymogène;13;adj
protester;13;ver
électeur;13;nom
éternel;13;adj
bolsonaro;13;nr
etais;13;nr
disque;13;nom
dessiner;13;ver
sensibilité;13;nom
harceler;13;ver
diplomatique;13;adj
importé;13;adj
chuter;13;ver
rendement;13;nom
océan;13;nom
trompeur;13;adj
transition;13;nom
fatigue;13;nom
mail;13;nom
suicider;13;ver
mobilisation;13;nom
idiot;13;nom
invasion;13;nom
stock;13;nom
logistique;13;nom
swiss;13;nr
crédit;13;nom
cabine;13;nom
vestimentaire;13;adj
malsain;13;adj
puer;13;ver
secondaire;13;adj
systématique;13;adj
débordement;13;nom
bad;13;nr
affreux;13;adj
attraper;13;ver
tranche;13;nom
migration;13;nom
bienvenu;13;nom
rencontre;13;nom
red;13;nr
pension;13;nom
ceo;13;nr
didier;13;nr
emji_bouton_coché;13;nom
repenser;13;ver
parceque;13;nr
pilote;13;nom
réflexe;13;nom
habituel;13;adj
roman;13;nom
meuf;13;nom
emji_deux_coeurs;13;nr
moteur;13;nom
libanais;13;nom
préférence;13;nom
métal;13;nom
durcir;13;ver
favorable;13;adj
gaspiller;13;ver
sage;13;adj
obsession;13;nom
accrocher;13;ver
palais;13;nom
gaffe;13;nom
masculinistes;13;nr
diplomatie;13;nom
ahah;13;nr
automne;13;nom
crainte;13;nom
oppresseur;13;nom
traditionnel;13;adj
saoudite;13;adj
dicter;13;ver
culot;13;nom
bns;13;nr
affrontement;13;nom
patience;13;nom
vider;13;ver
jésus;13;nom
constitutionnel;13;adj
vocabulaire;13;nom
violemment;13;adv
jérusalem;13;nr
cadavre;13;nom
raisonner;13;ver
bobo;13;nom
virus;13;nom
locataire;13;nom
trans;13;adv
émeutier;13;nom
peace;13;nr
islam;13;nom
cassé;13;adj
diminution;13;nom
dissimuler;13;ver
saleh;13;nr
emji_mains_en_prière_peau_mate;13;nom
célibat;13;nom
guy;12;nr
approuver;12;ver
louche;12;adj
autriche;12;nr
légende;12;nom
emji_billet_avec_des_ailes;12;nom
chéri;12;nom
format;12;nom
poussin;12;nom
coucou;12;nom
tkt;12;nr
pénaliser;12;ver
luxembourg;12;nr
emji_explosion;12;nom
world;12;nr
résider;12;ver
disproportionné;12;adj
éducatif;12;adj
insulte;12;nom
sympathique;12;adj
durable;12;adj
factuellement;12;nr
proportionnalité;12;nom
colossal;12;adj
pilule;12;nom
étage;12;nom
dimension;12;nom
racheter;12;ver
cage;12;nom
morceau;12;nom
vétérinaire;12;nom
livrer;12;ver
merveille;12;nom
planifier;12;ver
ag;12;nr
boutique;12;nom
potable;12;adj
ons;12;nr
master;12;nom
postuler;12;ver
2h;12;nr
coach;12;nom
egypte;12;nr
arrogance;12;nom
sécuriser;12;ver
cambrioler;12;ver
made_in;12;adv
nocif;12;adj
esclavage;12;nom
boss;12;nom
maroc;12;nr
sec;12;adj
plutot;12;nr
parvenir;12;ver
leuser_utilisateurice;12;nr
rendez_vous;12;nom
recul;12;nom
pourrir;12;ver
couille;12;nom
ombre;12;nom
globalement;12;adv
intellectuellement;12;adv
démonter;12;ver
grandement;12;adv
statistiquement;12;adv
sexisme;12;nom
performance;12;nom
rétablir;12;ver
tournée;12;nom
perpétrer;12;ver
lobbies;12;nom
réfugier;12;ver
chasse;12;nom
insultant;12;adj
argumentaire;12;nom
poutine;12;adj
agressivité;12;nom
réunion;12;nom
anéantir;12;ver
compliquer;12;ver
fautif;12;adj
posts;12;nr
affirmation;12;nom
dérégler;12;ver
rhétorique;12;nom
violation;12;nom
étoile;12;nom
marathon;12;nom
perspective;12;nom
10h;12;nr
accéder;12;ver
goutte;12;nom
entreprendre;12;ver
pile;12;nom
universitaire;12;adj
masquer;12;ver
télévision;12;nom
flipper;12;ver
ligue;12;nom
pair;12;nom
donneur;12;nom
brut;12;adj
suppression;12;nom
gris;12;adj
ruissellement;12;nom
débloquer;12;ver
pognon;12;nom
indigner;12;ver
lecteur;12;nom
lacune;12;nom
briller;12;ver
hezbollah;12;nr
iranien;12;adj
tsahal;12;nr
branche;12;nom
recyclage;12;nom
pleinement;12;adv
maternel;12;adj
insister;12;ver
ineptie;12;nom
généralité;12;nom
imagination;12;nom
malheur;12;nom
trier;12;ver
médiocrité;12;nom
cycle;12;nom
candidat;12;nom
emji_visage_implorant;12;nom
serieux;12;nr
nuisance;12;nom
t_shirt;12;nom
incarner;12;ver
icône;12;nom
côte;12;nom
parlementaire;12;adj
steak;12;nom
not;12;nom
honnêteté;12;nom
bataille;12;nom
mafieux;12;nom
taliban;12;nom
tranquillement;12;adv
men;12;nr
génétique;12;adj
adéquat;12;adj
lunaire;12;adj
terro;12;nr
inégal;12;adj
canada;12;nom
redescendre;12;ver
suspendre;12;ver
chercheur;12;nom
étendre;12;ver
amplifier;12;ver
case;12;nom
trêve;12;nom
dégénérer;12;ver
démuni;12;nom
nasse;12;nom
chaise;12;nom
pologne;12;nr
abusif;12;adj
spray;12;nom
pic;12;nom
stationnement;12;nom
grimper;12;ver
pedo;12;nr
pyjama;12;nom
libéralisme;12;nom
progresser;12;ver
ordonner;11;ver
mossad;11;nr
pointe;11;nom
nati;11;nr
like;11;nr
naïveté;11;nom
dévier;11;ver
big;11;nr
introduire;11;ver
immoral;11;adj
prolétaire;11;nom
fiscalité;11;nom
avantageux;11;adj
fiscalement;11;adv
maigre;11;adj
wtf;11;nr
joindre;11;ver
incohérence;11;nom
emji_femme_qui_hausse_les_épaules_peau_moyennement_claire;11;nom
zucman;11;nr
appauvrir;11;ver
corrélation;11;nom
tva;11;nr
déclin;11;nom
maçon;11;nom
2ème;11;nr
gâteau;11;nom
orientation;11;nom
boucle;11;nom
modérer;11;ver
dynamique;11;adj
paradoxe;11;nom
gpt;11;nr
abandon;11;nom
fonctionnaire;11;nom
emji_ok_peau_claire;11;nom
pov;11;nr
dessin;11;nom
glace;11;nom
intégrité;11;nom
informatique;11;nom
là_dedans;11;adv
moule;11;nom
permanent;11;adj
handicap;11;nom
mdrrrr;11;nr
gratter;11;ver
escalade;11;nom
ado;11;nom
descente;11;nom
absent;11;adj
h24;11;nr
parisien;11;adj
retrait;11;nom
sel;11;nom
trace;11;nom
souche;11;nom
amusant;11;adj
team;11;nom
foncer;11;ver
belgique;11;nom
analyser;11;ver
nécessairement;11;adv
écolo;11;nom
canapé;11;nom
morges;11;nr
fréquent;11;adj
complotiste;11;nr
exposition;11;nom
patte;11;nom
passager;11;nom
frérot;11;nom
main_d_oeuvre;11;nom
affaiblir;11;ver
formuler;11;ver
poudre;11;nom
éloigner;11;ver
injection;11;nom
plonger;11;ver
manifestement;11;adv
cagnotte;11;nom
traumatisme;11;nom
alerter;11;ver
francophone;11;adj
contradictoire;11;adj
découper;11;ver
colombie;11;nr
piège;11;nom
progressiste;11;adj
comique;11;adj
buzz;11;nr
indifférence;11;nom
christ;11;nom
savoyard;11;nom
tolérant;11;adj
fossé;11;nom
bruyant;11;adj
effrayant;11;adj
ouest;11;nom
danser;11;ver
syndicat;11;nom
exclusion;11;nom
cruellement;11;adv
dispositif;11;nom
fabrication;11;nom
supposition;11;nom
evidemment;11;nr
accent;11;nom
hey;11;nr
espérance;11;nom
cardiaque;11;adj
déborder;11;ver
décevant;11;adj
emji_biceps_contracté_peau_moyennement_claire;11;nom
vice;11;nom
noyer;11;ver
démilitariser;11;ver
compétent;11;adj
judicieux;11;adj
env;11;nr
hôte;11;nom
spectateur;11;nom
tf;11;nr
déconner;11;ver
audience;11;nom
août;11;nom
invisible;11;adj
emji_mains_en_prière_peau_légèrement_mate;11;nom
prédateur;11;nom
résilience;11;nom
punaise;11;nom
patriote;11;nom
aigri;11;adj
humble;11;adj
syndrome;11;nom
charité;11;nom
reporter;11;ver
apologie;11;nom
environnemental;11;adj
chalet;11;nom
3eme;11;nr
viable;11;adj
2e;11;nr
compétitivité;11;nom
chaton;11;nom
naturalisé;11;adj
attitude;11;nom
identique;11;adj
rédiger;11;ver
my;11;nr
économiquement;11;adv
salon;11;nom
lausannois;11;nr
homophobe;11;adj
avortement;11;nom
département;11;nom
noble;11;adj
haïr;11;ver
nes;11;nr
aop;11;nr
détendre;11;ver
impartial;11;adj
désigner;11;ver
faction;11;nom
mensuel;11;adj
faillir;11;ver
thé;11;nom
emojis;11;nr
colonie;11;nom
cpi;11;nr
légalement;11;adv
secours;11;nom
fondation;11;nom
corina;11;nr
coopération;11;nom
gratuité;11;nom
gravement;11;adv
unité;11;nom
emji_main_qui_écrit;11;nom
modération;11;nom
discréditer;11;ver
pénible;11;adj
poivre;11;nom
copie;11;nom
destination;11;nom
pédophile;11;nom
13h;11;nr
immatriculation;11;nom
grippe;11;nom
motorisé;11;adj
uruguay;11;nr
bilatéral;11;adj
bail;11;nom
intercontinental;11;adj
exportation;11;nom
bilatérales;11;nr
fiv;11;nr
balayer;10;ver
méfier;10;ver
transparent;10;adj
influenceurs;10;nr
millionaires;10;nr
méritocratie;10;nom
tech;10;nr
comité;10;nom
respectable;10;adj
original;10;nom
guide;10;nom
donation;10;nom
compétitif;10;adj
low;10;nr
lécher;10;ver
arreter;10;nr
grace;10;nr
peupler;10;ver
illustration;10;nom
romandie;10;nr
halluciner;10;ver
implication;10;nom
appui;10;nom
bière;10;nom
désastre;10;nom
lucide;10;adj
angleterre;10;nom
cohérence;10;nom
paille;10;nom
pondre;10;ver
emji_visage_fatigué;10;nom
connexion;10;nom
cuisiner;10;ver
complément;10;nom
dessert;10;nom
frotter;10;ver
1ère;10;nr
psychique;10;adj
emji_femme_avec_la_paume_sur_le_visage_peau_claire;10;nom
abstenir;10;ver
mouche;10;nom
recours;10;nom
dissuader;10;ver
bienveillance;10;nom
rejet;10;nom
biologie;10;nom
trajectoire;10;nom
levier;10;nom
alpin;10;adj
performant;10;adj
tragique;10;adj
organisé;10;adj
vaste;10;adj
emji_visage_confus;10;nom
cancérigène;10;adj
3x;10;nr
jouet;10;nom
garage;10;nom
bourrer;10;ver
pôle;10;nom
horizon;10;nom
amplement;10;adv
soulager;10;ver
cruel;10;adj
guérir;10;ver
sponsoriser;10;ver
paire;10;nom
pragmatique;10;adj
rassurant;10;adj
amender;10;ver
désastreux;10;adj
connecter;10;ver
préventif;10;adj
féminicide;10;nr
feminicides;10;nr
consensus;10;nom
verbal;10;adj
misérable;10;adj
genou;10;nom
ours;10;nom
activer;10;ver
contrepartie;10;nom
programmer;10;ver
enchaîner;10;ver
four;10;nom
vincent;10;nr
emji_cent_points;10;nom
gênant;10;adj
débilité;10;nom
inconditionnel;10;adj
complot;10;nom
cop30;10;nr
pyramide;10;nom
impérialiste;10;adj
anti_démocratique;10;adj
urne;10;nom
aligner;10;ver
célébrer;10;ver
cordialement;10;adv
automobile;10;nom
grandeur;10;nom
rassembler;10;ver
culpabiliser;10;ver
sensibilisation;10;nom
confondu;10;adj
décharge;10;nom
asile;10;nom
dalle;10;nom
particulièrement;10;adv
emji_drapeau_brésil;10;nom
redire;10;ver
enceinte;10;adj
éradiquer;10;ver
portant;10;adj
motivation;10;nom
management;10;nom
emji_globe_tourné_sur_l_afrique_et_l_europe;10;nom
yen;10;nom
em;10;nr
recrue;10;nom
possession;10;nom
grenade;10;nom
douer;10;ver
concession;10;nom
punition;10;nom
garde;10;nom
adhésion;10;nom
primordial;10;adj
fair;10;nr
plaie;10;nom
stage;10;nom
sable;10;nom
médiatiser;10;ver
mars;10;nom
algérien;10;adj
déformer;10;ver
accusé;10;nom
probable;10;adj
égo;10;nr
stérile;10;adj
dinosaure;10;nom
emji_cornes_avec_les_doigts;10;nom
multiplier;10;ver
pq;10;nr
annexer;10;ver
médiocre;10;adj
jsuis;10;nr
bouton;10;nom
partiel;10;adj
renverser;10;ver
faille;10;nom
balade;10;nom
temporaire;10;adj
ambiance;10;nom
rationnel;10;adj
2eme;10;nr
déduire;10;ver
cap;10;nom
doubler;10;ver
mignon;10;adj
faune;10;nom
câble;10;nom
belge;10;adj
coute;10;nr
oeuvrer;10;ver
frouze;10;nr
ahhh;10;nr
populiste;10;adj
allah;10;nr
ignoble;10;adj
végétal;10;adj
zoo;10;nom
batterie;10;nom
visuel;10;adj
yemen;10;nr
farine;10;nom
vallée;10;nom
rn;10;nr
accoucher;10;ver
justification;10;nom
amérindien;10;adj
inversement;10;adv
récompense;10;nom
négociateur;10;nom
reculer;10;ver
délai;10;nom
lobbying;10;nom
enfreindre;10;ver
dictatorial;10;adj
misogyne;10;adj
ménager;10;ver
2ans;10;nr
amerique;10;nr
rdv;10;nr
victimisation;10;nr
vengeance;10;nom
port;10;nom
pagani;10;nr
champagne;10;nom
démesurer;10;ver
décrédibiliser;10;ver
procéder;10;ver
proportionné;10;adj
cis;10;adj
pacte;10;nom
gen0cide;10;nr
riposte;10;nom
premièrement;10;adv
emji_point_d_interrogation_rouge;10;nom
zürich;10;nr
gaver;10;ver
formule;10;nom
australie;10;nr
nuancé;10;adj
frigo;10;nom
amande;10;nom
provenance;10;nom
paysan;10;nom
wikipédia;10;nr
miroir;10;nom
responsabiliser;10;ver
désarmement;10;nom
pharmaceutique;10;adj
oubli;10;nom
vandalisme;10;nom
matraque;10;nom
hamass;10;nr
algorithme;10;nom
irresponsable;10;adj
gitan;10;nom
cenovis;10;nr
documentaire;10;nom
pharmacie;10;nom
poumon;10;nom
magnus;10;nr
pirater;10;ver
primaire;10;adj
mamdani;10;nr
migrantes;10;nr
aliou;10;nr
uefa;10;nr
be;9;nr
that;9;nr
emji_biceps_contracté_peau_légèrement_mate;9;nom
urbain;9;adj
délirer;9;ver
bâtir;9;ver
piger;9;ver
check;9;nr
ravager;9;ver
astronomique;9;adj
subvenir;9;ver
cargo;9;nom
condescendant;9;adj
chouiner;9;ver
convertir;9;ver
trinquer;9;ver
charbon;9;nom
parasite;9;nom
carburant;9;nom
célèbre;9;adj
portefeuille;9;nom
considérable;9;adj
déforestation;9;nom
foie;9;nom
débrouiller;9;ver
progressif;9;adj
préférable;9;adj
migrer;9;ver
sous_entendre;9;ver
biaisées;9;nr
dater;9;ver
littérature;9;nom
stupidité;9;nom
éventuel;9;adj
surplus;9;nom
emji_signe_de_la_main;9;nom
dernièrement;9;adv
indéniable;9;adj
égalitaire;9;adj
opérer;9;ver
conservation;9;nom
nouveauté;9;nom
céréale;9;nom
songer;9;ver
kebab;9;nom
délirant;9;adj
menu;9;nom
emji_points_d_exclamation_et_d_interrogation;9;nom
emji_mains_levées_peau_moyennement_claire;9;nom
talentueux;9;adj
litre;9;nom
paysage;9;nom
crucial;9;adj
7h;9;nr
ç;9;nr
préjugé;9;nom
dégoûtant;9;adj
archi;9;nom
anticiper;9;ver
tronche;9;nom
omg;9;nr
incompréhension;9;nom
géographie;9;nom
délinquance;9;nom
1x;9;nr
lavage;9;nom
extraire;9;ver
composant;9;nom
livraison;9;nom
nestle;9;nr
abonner;9;ver
hermance;9;nr
savoie;9;nr
rive;9;nom
traversée;9;nom
saturer;9;ver
tpg;9;nr
débuter;9;ver
lointain;9;adj
empirer;9;ver
philosophie;9;nom
traduire;9;ver
aîné;9;adj
innocence;9;nom
sombre;9;adj
expertise;9;nom
crack;9;nom
séparation;9;nom
inutilisable;9;adj
dénonciation;9;nom
militantisme;9;nom
offusquer;9;ver
recrutement;9;nom
neuch;9;nr
veste;9;nom
ange;9;nom
hug;9;nr
artistique;9;adj
solo;9;nom
préféré;9;adj
transformation;9;nom
défaite;9;nom
sudan;9;nr
indirect;9;adj
législatif;9;adj
destructeur;9;adj
pardonner;9;ver
déontologie;9;nom
respecté;9;adj
adolescence;9;nom
prénom;9;nom
repos;9;nom
fact;9;nr
altitude;9;nom
véracité;9;nom
boursier;9;adj
banc;9;nom
résulter;9;ver
transfert;9;nom
certificat;9;nom
zero;9;nr
instruction;9;nom
inapte;9;adj
bêtement;9;adv
instable;9;adj
conserver;9;ver
inutilement;9;adv
blaireau;9;nom
discipline;9;nom
balader;9;ver
troupe;9;nom
représaille;9;nom
autruche;9;nom
cauchemar;9;nom
camarade;9;nom
serré;9;adj
afficher;9;ver
caractère;9;nom
quil;9;nr
lundi;9;nom
okay;9;nr
ice;9;nr
thème;9;nom
mnt;9;nr
compagnon;9;nom
divertissement;9;nom
rageux;9;nr
extraordinaire;9;adj
certitude;9;nom
emji_visage_anxieux_avec_goutte_de_sueur;9;nom
live;9;adj
enregistrer;9;ver
novartis;9;nr
agriculteur;9;nom
ferroviaire;9;adj
fleur;9;nom
joint;9;nom
scientifiquement;9;adv
néfaste;9;adj
emji_croix;9;nom
projeter;9;ver
gravité;9;nom
transférer;9;ver
terr0ristes;9;nr
incident;9;nom
emji_poignée_de_main;9;nom
quils;9;nr
historien;9;nom
motion;9;nom
civilisation;9;nom
cv;9;nr
qi;9;nr
mépriser;9;ver
tune;9;nom
essai;9;nom
attentif;9;adj
qq;9;nr
atroce;9;adj
inondation;9;nom
farce;9;nom
intensité;9;nom
glisser;9;ver
emji_coeur_vert;9;nr
brave;9;adj
souris;9;nom
moustachu;9;adj
vd;9;nr
uni;9;adj
ecoute;9;nr
mega;9;nr
gardien;9;nom
ouvrage;9;nom
emji_visage_déguisé;9;nom
navrant;9;adj
esthétique;9;adj
attacher;9;ver
msf;9;nr
arabo;9;nr
assassin;9;nom
offensive;9;nom
bibi;9;nom
rtsioniste;9;nr
ottoman;9;adj
sonner;9;ver
stylé;9;adj
emji_fondue;9;nom
surveillance;9;nom
différencier;9;ver
horrifier;9;ver
costume;9;nom
boycott;9;nom
dupe;9;adj
emji_pouce_vers_le_haut_peau_moyennement_claire;9;nom
affamé;9;adj
jurisprudence;9;nom
règlement;9;nom
cantonaux;9;nr
accouchement;9;nom
oppresser;9;ver
enseignement;9;nom
yverdon;9;nr
wc;9;nr
courrier;9;nom
liquide;9;nom
multimillionnaire;9;nom
cameroun;9;nr
trancher;9;ver
enfoncer;9;ver
civilisé;9;adj
carré;9;nom
emji_ruban_de_mémoire;9;nom
oct;9;nr
humanisme;9;nom
rivière;9;nom
emji_visage_en_colère;9;nom
bullshit;9;nr
emji_feuille;9;nom
blick;9;nr
décombre;9;nom
tueur;9;nom
emji_miam;9;nom
géométrie;9;nom
assassinat;9;nom
minuscule;9;adj
fouiller;9;ver
terroriser;9;ver
désert;9;nom
indemnité;9;nom
ambulancier;9;nom
clan;9;nom
congolais;9;adj
émeute;9;nom
arracher;9;ver
prélever;9;ver
bar;9;nom
quota;9;nom
nestlé;9;nr
répartir;9;ver
fermeture;9;nom
comestible;9;adj
béton;9;nom
impots;9;nr
privatisation;9;nom
gluten;9;nom
inox;9;nom
matériau;9;nom
sénégal;9;nr
disputer;9;ver
rock;9;nom
amiante;9;nom
ems;9;nr
with;8;nr
imaginaire;8;adj
préparation;8;nom
blond;8;adj
rectifier;8;ver
doucement;8;adv
touchant;8;adj
curiosité;8;nom
imposable;8;adj
réveil;8;nom
arretez;8;nr
proteger;8;nr
redistribuer;8;ver
gonfler;8;ver
ridiculiser;8;ver
grotte;8;nom
négligeable;8;adj
liquidité;8;nom
bidon;8;adj
up;8;nr
burn;8;nr
lucratif;8;adj
prolo;8;nom
paradoxal;8;adj
pente;8;nom
one;8;nr
buter;8;ver
compromis;8;nom
banquier;8;nom
aviation;8;nom
essentiellement;8;adv
bonus;8;nom
optimisation;8;nom
admiration;8;nom
vendredi;8;nom
media;8;nom
esquiver;8;ver
lourdement;8;adv
marginal;8;adj
causalité;8;nom
détailler;8;ver
plait;8;nr
disproportionner;8;ver
déficit;8;nom
idéaliste;8;nom
envoler;8;ver
entièreté;8;nom
oeillère;8;nom
age;8;nom
tache;8;nom
urss;8;nr
univers;8;nom
divin;8;adj
consentir;8;ver
musical;8;adj
distinguer;8;ver
douanier;8;nom
cultivé;8;adj
assiette;8;nom
rural;8;adj
triple;8;adj
perdurer;8;ver
approprier;8;ver
emji_visage_triste_mais_soulagé;8;nom
gâcher;8;ver
moustique;8;nom
emji_visage_rieur;8;nom
vitre;8;nom
animé;8;adj
passionnant;8;adj
spécialité;8;nom
insoutenable;8;adj
franchir;8;ver
good;8;nr
handicaper;8;ver
ancrer;8;ver
injonction;8;nom
avaler;8;ver
indirectement;8;adv
lover;8;ver
poussière;8;nom
planétaire;8;adj
porno;8;nom
nickel;8;adj
emji_visage_qui_tire_la_langue;8;nom
arrogant;8;adj
braquage;8;nom
fondre;8;ver
zara;8;nr
gamme;8;nom
diffusion;8;nom
textile;8;adj
présentation;8;nom
exporter;8;ver
rame;8;nom
axe;8;nom
fréquence;8;nom
lyon;8;nr
lé;8;nom
blanchir;8;ver
huile;8;nom
perdu;8;adj
miser;8;ver
drastique;8;adj
explicite;8;adj
rigoureux;8;adj
défaire;8;ver
trauma;8;nom
désespérant;8;adj
bro;8;nr
cartel;8;nom
outrance;8;nom
exécutif;8;adj
tonton;8;nom
smartphone;8;nr
5g;8;nr
irrespectueux;8;adj
gant;8;nom
chaussette;8;nom
débarquer;8;ver
persécuter;8;ver
comédien;8;nom
rösti;8;nr
patrie;8;nom
jesus;8;nr
satellite;8;nom
nuage;8;nom
score;8;nom
législation;8;nom
dérangeant;8;adj
renier;8;ver
coutume;8;nom
concitoyen;8;nom
emji_coeur_étincelant;8;nr
emji_ok_peau_moyennement_claire;8;nom
rapprocher;8;ver
grossier;8;adj
tarder;8;ver
temp;8;nr
ventre;8;nom
inspiration;8;nom
récompenser;8;ver
rap;8;nom
souffle;8;nom
aventure;8;nom
tribune;8;nom
fée;8;nom
endetter;8;ver
polir;8;ver
latin;8;nom
verrouiller;8;ver
galérer;8;ver
orchestrer;8;ver
engraisser;8;ver
apéro;8;nom
incarcérer;8;ver
ceinture;8;nom
déployer;8;ver
vérification;8;nom
dico;8;nom
pigeon;8;nom
déportation;8;nom
terr;8;nr
aspirer;8;ver
satisfaction;8;nom
étrangement;8;adv
nerveux;8;adj
call;8;nr
manoeuvre;8;nom
traumatiser;8;ver
psychopathe;8;nom
dentiste;8;nom
autonomie;8;nom
acquisition;8;nom
lumineux;8;adj
roquette;8;nom
vraisemblablement;8;adv
insinuer;8;ver
dixit;8;adj
envahisseur;8;nom
bagnole;8;nom
inclusion;8;nom
détromper;8;ver
mal_être;8;nom
épreuve;8;nom
désagréable;8;adj
pénétrer;8;ver
appartenance;8;nom
contaminer;8;ver
ballon;8;nom
grands_parents;8;nom
alcoolisé;8;adj
notoriété;8;nom
indicateur;8;nom
sourd;8;adj
serpent;8;nom
révolte;8;nom
cran;8;nom
blindé;8;adj
tit;8;nr
louis;8;nom
indépendamment;8;adv
vigneron;8;nom
miss;8;nom
hétéro;8;adj
indigne;8;adj
elbit;8;nr
propice;8;adj
magouille;8;nom
dr;8;nr
ministère;8;nom
frein;8;nom
installation;8;nom
infiniment;8;adv
clique;8;nom
amateur;8;nom
avertir;8;ver
problems;8;nr
off;8;adj
emji_étoile_brillante;8;nom
wokes;8;nr
cuire;8;ver
comble;8;nom
révolutionnaire;8;adj
apport;8;nom
veille;8;nom
exaction;8;nom
parquer;8;ver
lapider;8;ver
incitation;8;nom
excellence;8;nom
epoque;8;nr
stipuler;8;ver
tcheu;8;nr
circonstance;8;nom
emoji;8;nr
mâle;8;nom
stresser;8;ver
saurer;8;ver
londres;8;nr
thaïlande;8;nr
relatif;8;adj
déstabiliser;8;ver
tqt;8;nr
roller;8;nom
roulant;8;adj
tournoi;8;nom
renens;8;nr
rebelle;8;adj
antifa;8;nr
blablabla;8;nom
marmotte;8;nom
demeure;8;nom
laxiste;8;adj
intensifier;8;ver
invoquer;8;ver
décimer;8;ver
nn;8;nr
griller;8;ver
all;8;nr
kms;8;nr
bla;8;nr
traduction;8;nom
inquiétude;8;nom
sursis;8;nom
king;8;nr
favori;8;adj
fashion;8;nom
marrer;8;ver
provocation;8;nom
démographique;8;adj
olp;8;nr
égyptien;8;adj
essuyer;8;ver
barbare;8;nom
météorite;8;nom
meuble;8;nom
twint;8;nr
abeille;8;nom
procurer;8;ver
neo;8;nr
bfm;8;nr
pompe;8;nom
michel;8;nr
arafat;8;nr
15h;8;nr
cacahuète;8;nom
cagoulé;8;adj
contraindre;8;ver
intelligemment;8;adv
haïfa;8;nr
politesse;8;nom
coco;8;nom
lâcheté;8;nom
impacte;8;nr
pet;8;nom
gazaoui;8;nr
paresse;8;nom
pion;8;nom
exil;8;nom
caca;8;adj
12h;8;nr
traffic;8;nr
qualifs;8;nr
fabricant;8;nom
tuerie;8;nom
frustrer;8;ver
sociologique;8;adj
fracture;8;nom
ouragan;8;nom
enft;8;nr
gén0cide;8;nr
mensonger;8;adj
dictionnaire;8;nom
médiateur;8;nom
paternité;8;nom
remplacement;8;nom
entendeur;8;nom
artisanal;8;adj
étre;8;nr
dresser;8;ver
froc;8;nom
video;8;nr
vainqueur;8;nom
confrère;8;nom
cambrioleur;8;nom
diagnostiquer;8;ver
piéger;8;ver
barrière;8;nom
perpétuer;8;ver
nicolas;8;nr
humiliation;8;nom
municipal;8;adj
cou;8;nom
cct;8;nr
emji_drapeau_france;8;nom
marchand;8;nom
racisé;8;nr
présomption;8;nom
emji_double_point_d_exclamation;8;nom
nid;8;nom
associé;8;nom
samarie;8;nr
emji_coeur_bleu_clair;8;nr
escale;8;nom
serbe;8;adj
entraîneur;8;nom
pisser;8;ver
salvador;8;nr
composition;8;nom
racket;8;nom
chirurgien;8;nom
emji_feuille_morte;8;nom
planche;8;nom
bodycam;8;nr
islande;8;nr
ouïghours;8;nr
intermédiaire;8;nom
saisie;8;nom
perception;8;nom
déprimant;8;adj
collège;8;nom
haïti;8;nr
tante;8;nom
fusée;8;nom
habillement;8;nom
compartiment;8;nom
albédo;8;nr
cp;8;nr
emji_éléphant;8;nom
cissé;8;nr
panama;8;nom
ve;7;nr
do;7;nom
emji_balance_à_poids;7;nom
emji_oeil;7;nr
immunité;7;nom
amoureux;7;adj
écrasant;7;adj
tax;7;nr
spoiler;7;nom
dubaï;7;nr
heritage;7;nr
crochet;7;nom
gâter;7;ver
profiteur;7;nom
glorifier;7;ver
difficilement;7;adv
investisseur;7;nom
pavé;7;nom
girl;7;nom
4x;7;nr
dubai;7;nr
géographique;7;adj
monaco;7;nr
villa;7;nom
ranger;7;ver
économiste;7;nom
fainéant;7;nom
gag;7;nom
contre_productif;7;adj
dépouille;7;nom
sarcastique;7;adj
écologiste;7;adj
aller_retour;7;nom
migratoire;7;adj
varier;7;ver
régaler;7;ver
exciter;7;ver
apercevoir;7;ver
percer;7;ver
équipement;7;nom
f35;7;nr
clore;7;ver
affilier;7;ver
danse;7;nom
spécifiquement;7;adv
portrait;7;nom
dérisoire;7;adj
gigantesque;7;adj
bétail;7;nom
chèque;7;nom
ajd;7;nr
plage;7;nom
dégradant;7;adj
hiérarchie;7;nom
simplifier;7;ver
profondeur;7;nom
relancer;7;ver
saisonnier;7;adj
ultime;7;adj
gent;7;nom
abject;7;adj
xd;7;nr
cave;7;nom
piqûre;7;nom
smartphones;7;nr
férié;7;adj
ahh;7;nr
panique;7;nom
psk;7;nr
valaisan;7;nr
avancée;7;nom
hypothèse;7;nom
é;7;adv
emji_ogre;7;nom
porc;7;nom
chiner;7;ver
location;7;nom
micro;7;nom
emirats;7;nr
mortalité;7;nom
détacher;7;ver
gilet;7;nom
berger;7;nom
raide;7;adj
polluant;7;adj
colis;7;nom
architecture;7;nom
adjectif;7;nom
dispo;7;adj
vernier;7;nom
ciné;7;nom
leman;7;nr
emprunter;7;ver
déprimer;7;ver
prolonger;7;ver
presser;7;ver
institutionnel;7;adj
douceur;7;nom
intense;7;adj
addictions;7;nr
filet;7;nom
reflet;7;nom
stigmatiser;7;ver
sociétal;7;adj
aveugler;7;ver
soif;7;nom
isoler;7;ver
instabilité;7;nom
facebook;7;nr
chronique;7;adj
persister;7;ver
open;7;adj
emji_personne_qui_hausse_les_épaules_peau_claire;7;nom
discernement;7;nom
traître;7;nom
entraînement;7;nom
feminicide;7;nr
orphelin;7;adj
automatique;7;adj
hystérique;7;adj
effondrement;7;nom
récupération;7;nom
fe;7;nr
comedy;7;nr
enfantin;7;adj
accueillant;7;adj
ahahah;7;nr
impatience;7;nom
emji_croix_latine;7;nom
emji_dans_le_mille;7;nom
réviser;7;ver
historiquement;7;adv
defendre;7;nr
onde;7;nom
hahahaha;7;nr
sympathie;7;nom
cnews;7;nr
regrouper;7;ver
brûlant;7;adj
prêter;7;ver
complotistes;7;nr
externalisée;7;nr
densité;7;nom
poignée;7;nom
étroit;7;adj
engranger;7;ver
greta;7;nr
enrichissement;7;nom
misogynie;7;nom
ptit;7;nr
accentuer;7;ver
vérifiable;7;adj
revue;7;nom
explosif;7;nom
véridique;7;adj
4k;7;nr
prière;7;nom
collusion;7;nom
collant;7;adj
éclairage;7;nom
hitler;7;nr
apprenti;7;nom
interaction;7;nom
digital;7;adj
illégalité;7;nom
citron;7;nom
stocker;7;ver
jpp;7;nr
rde;7;nr
chaques;7;nr
thérapie;7;nom
sense;7;nr
dentaire;7;adj
cohésion;7;nom
officier;7;ver
imiter;7;ver
inapproprié;7;adj
sanguinaire;7;adj
civisme;7;nom
inattention;7;nom
zelensky;7;nr
biden;7;nr
propagande;7;nom
envoi;7;nom
alliance;7;nom
délicat;7;adj
grain;7;nom
emji_visage_secoué;7;nom
baiser;7;ver
filtre;7;nom
paramètre;7;nom
factuelle;7;nr
hiérarchisation;7;nom
biaiser;7;ver
fallacieux;7;adj
défavorisé;7;adj
offenser;7;ver
salutation;7;nom
soupçonner;7;ver
démenti;7;nom
oncle;7;nom
aromat;7;nr
fascinant;7;adj
centrer;7;ver
identification;7;nom
nausée;7;nom
acide;7;nom
adoption;7;nom
compri;7;nr
emji_trinquer;7;nom
indice;7;nom
thématique;7;nom
claque;7;nom
étonnement;7;nom
comédie;7;nom
imbécile;7;nom
méritant;7;adj
magie;7;nom
amalgame;7;nom
soupe;7;nom
minuit;7;nom
quai;7;nom
wagon;7;nom
renvoi;7;nom
tunisie;7;nr
mont;7;nom
systeme;7;nr
chiant;7;adj
audace;7;nom
fabuleux;7;adj
redevenir;7;ver
sensibiliser;7;ver
abord;7;nom
bouquin;7;nom
vi;7;nr
obséder;7;ver
debut;7;nr
poussette;7;nom
prétendu;7;adj
conforme;7;adj
islamisme;7;nom
hezb;7;nr
diaspora;7;nom
gerber;7;ver
désolant;7;adj
inexact;7;adj
3a;7;nr
déduction;7;nom
sauvetage;7;nom
aile;7;nom
diaboliser;7;ver
innombrable;7;adj
emji_argent_dans_les_yeux_et_la_bouche;7;nom
culte;7;nom
emji_notes_de_musique;7;nom
ohhh;7;nr
emji_visage_avec_yeux_ouverts_et_main_sur_la_bouche;7;nom
renouveler;7;ver
sévère;7;adj
assimiler;7;ver
implicite;7;adj
tournure;7;nom
sorry;7;nr
ponctuation;7;nom
discriminer;7;ver
hiérarchiser;7;nr
yes;7;nr
blocage;7;nom
brevet;7;nom
bénir;7;ver
végane;7;nr
ennui;7;nom
créatif;7;adj
tag;7;nom
freristes;7;nr
bosnie;7;nr
véganes;7;nr
autochtone;7;adj
deuil;7;nom
admirer;7;ver
hahah;7;nr
homophobie;7;nr
controversé;7;adj
fièrement;7;adv
émotionnellement;7;adv
fisc;7;nom
disparaitre;7;nr
juin;7;nom
intifada;7;nom
burqa;7;nr
aire;7;nom
zhommes;7;nr
coran;7;nom
obéir;7;ver
défensif;7;adj
bibliothèque;7;nom
president;7;nr
surpoids;7;nom
spécialement;7;adv
manipulateur;7;nom
apparence;7;nom
vêtir;7;ver
alarme;7;nom
dépeindre;7;ver
israelien;7;nr
colonisateur;7;nom
survivant;7;nom
cruauté;7;nom
partial;7;adj
agissement;7;nom
vilain;7;adj
flash;7;nom
tordu;7;adj
rallier;7;ver
victimiser;7;nr
pêche;7;nom
syrien;7;adj
caricature;7;nom
croisière;7;nom
couloir;7;nom
suprême;7;adj
mohamed;7;nr
tinder;7;nr
lfi;7;nr
lauser_utilisateurice;7;nr
dégats;7;nr
emji_pastèque;7;nom
whataboutisme;7;nr
cortège;7;nom
abou;7;nr
cij;7;nr
provisoire;7;adj
daesh;7;nr
échanger;7;ver
continuation;7;nom
gisement;7;nom
emji_drapeau_congo_kinshasa;7;nom
mali;7;nom
mégot;7;nom
paragraphe;7;nom
communiqué;7;nom
compteur;7;nom
recréer;7;ver
ambulance;7;nom
bénéficiaire;7;nom
so;7;nr
proclamer;7;ver
emji_visage_souriant_avec_des_cornes;7;nom
piratage;7;nom
répercuter;7;ver
imprimer;7;ver
niche;7;nom
protocole;7;nom
partiellement;7;adv
parcequ;7;nr
présidentiel;7;adj
tj;7;nr
christophe;7;nr
cri;7;nom
os;7;nom
psychologue;7;nom
brandir;7;ver
emji_visage_avec_bouche_en_diagonale;7;nom
équivalence;7;nom
focus;7;nr
démission;7;nom
reflexion;7;nr
egalité;7;nr
longueur;7;nom
virtuel;7;adj
poison;7;nom
gay;7;adj
psq;7;nr
crâne;7;nom
contestation;7;nom
caoutchouc;7;nom
péninsule;7;nom
sévir;7;ver
boisson;7;nom
homosexuel;7;adj
espere;7;nr
réinventer;7;ver
abriter;7;ver
ème;7;nr
entraver;7;ver
matraquer;7;ver
anarchiste;7;adj
barème;7;nom
suv;7;nr
sombrer;7;ver
jafarawi;7;nr
charia;7;nom
tdah;7;nr
inconvénient;7;nom
engin;7;nom
example;7;nr
risible;7;adj
aléatoire;7;adj
sidérer;7;ver
greenwashing;7;nr
emji_drapeau_île_clipperton;7;nom
longévité;7;nom
vieillissement;7;nom
daube;7;nom
créativité;7;nom
surfer;7;ver
emji_visage_étourdi;7;nom
généralisé;7;adj
impacté;7;nr
hip_hop;7;nom
anticipé;7;adj
antiquité;7;nom
disparités;7;nr
oslo;7;nr
unilatéral;7;adj
frôler;7;ver
évacuer;7;ver
ny;7;nr
clientèle;7;nom
induire;7;ver
djihadiste;7;nr
décalage;7;nom
japonais;7;nom
amont;7;nom
poêle;7;nom
zélande;7;nr
costard;7;nom
medias;7;nr
fuck;7;nr
millénaire;7;nom
ralentir;7;ver
persécution;7;nom
yasser;7;nr
marginaliser;7;ver
réputation;7;nom
janeiro;7;nr
gouverneur;7;nom
ingrédient;7;nom
absorber;7;ver
agrandir;7;ver
voile;7;nom
emji_paume_contre_paume_doigts_vers_le_haut_peau_mate;7;nom
pedophiles;7;nr
sundhage;7;nr
bodycams;7;nr
immobiliser;7;ver
délocalisation;7;nom
fonderie;7;nom
allergie;7;nom
facultatif;7;adj
conmebol;7;nr
rowling;7;nr
he;6;nr
fichier;6;nom
chantage;6;nom
veto;6;nom
congrès;6;nom
bill;6;nom
disparu;6;nom
sous_estimer;6;ver
acharné;6;adj
vivable;6;adj
mioche;6;nom
ooh;6;nr
requérir;6;ver
projection;6;nom
payeur;6;nom
fuire;6;nr
tte;6;nr
glorieux;6;adj
60h;6;nr
bec;6;nom
taxées;6;nr
léguer;6;ver
frr;6;nr
french;6;nom
probabilité;6;nom
attractif;6;adj
génèrent;6;nr
cost;6;nr
maintien;6;nom
ambitieux;6;adj
abolition;6;nom
duper;6;ver
injustifié;6;adj
ressort;6;nom
mardi;6;nom
agiter;6;ver
soudainement;6;adv
exode;6;nom
jouir;6;ver
angle;6;nom
infime;6;adj
monétaire;6;adj
évasion;6;nom
positionner;6;ver
estimation;6;nom
maximal;6;adj
show;6;nom
fâcher;6;ver
courbe;6;nom
flou;6;adj
signal;6;nom
aisément;6;adv
plafonner;6;ver
bénévolat;6;nom
authentique;6;adj
contraste;6;nom
génératif;6;adj
hospice;6;nom
limitrophe;6;adj
tomate;6;nom
intoxiquer;6;ver
mcdo;6;nr
pâte;6;nom
kilo;6;nom
obsolète;6;adj
rome;6;nr
jaune;6;adj
saut;6;nom
vevey;6;nr
filtrer;6;ver
canva;6;nr
recourir;6;ver
mention;6;nom
cm;6;nom
prescrire;6;ver
éliminatoire;6;adj
extension;6;nom
discret;6;adj
relater;6;ver
tate;6;nr
inaccessible;6;adj
bureaucrate;6;nom
optimiste;6;adj
reproduction;6;nom
emji_index_pointant_vers_le_haut_peau_claire;6;nom
régal;6;nom
intégrant;6;adj
aliénation;6;nom
etranger;6;nr
disponibilité;6;nom
savoir_faire;6;nom
mondialisation;6;nom
polaire;6;adj
tissu;6;nom
hugo;6;nr
laine;6;nom
aménager;6;ver
bangladesh;6;nr
gratitude;6;nom
encouragement;6;nom
déchirer;6;ver
cornavin;6;nr
carouge;6;nr
regrettable;6;adj
chancy;6;nr
bernex;6;nr
rade;6;nom
désespéré;6;adj
habitation;6;nom
déverser;6;ver
cote;6;nom
synthétique;6;adj
bob;6;nom
zombie;6;nom
puéril;6;adj
escalier;6;nom
psychologie;6;nom
emji_arc_en_ciel;6;nom
addicts;6;nr
municipalité;6;nom
accro;6;adj
régulier;6;adj
vecu;6;nr
exigeant;6;adj
endormir;6;ver
épaule;6;nom
insecte;6;nom
psycho;6;adv
axer;6;ver
conditionner;6;ver
entraider;6;ver
conception;6;nom
défoncer;6;ver
seringue;6;nom
malaise;6;nom
rentabilité;6;nom
nanti;6;nom
violenter;6;ver
mercredi;6;nom
sexualité;6;nom
relais;6;nom
confédérations;6;nr
complexité;6;nom
significatif;6;adj
singulier;6;adj
machisme;6;nom
feminisme;6;nr
emji_femme_avec_la_paume_sur_le_visage_peau_légèrement_mate;6;nom
masculiniste;6;nr
emji_personne_avec_la_paume_sur_le_visage_peau_claire;6;nom
emji_coeur_battant;6;nr
bonnet;6;nom
web;6;nom
telephone;6;nr
optimiser;6;ver
royalement;6;adv
tableau;6;nom
jazz;6;nom
réf;6;nom
méchanceté;6;nom
ailleur;6;nr
acquitter;6;ver
sceptique;6;adj
ingérence;6;nom
minimal;6;adj
forage;6;nom
bienfait;6;nom
démocratiquement;6;adv
chahut;6;nom
dévoiler;6;ver
ge;6;nr
chahuter;6;ver
hold_up;6;nom
contourner;6;ver
antisocial;6;adj
désaccord;6;nom
intolérable;6;adj
chelou;6;nr
porte_monnaie;6;nom
acharner;6;ver
suprématie;6;nom
négligence;6;nom
karma;6;nom
suspect;6;nom
cheville;6;nom
sarko;6;nr
vaincre;6;ver
emji_coeur_bleu;6;nr
françois;6;nr
ouiiii;6;nr
ambition;6;nom
baguette;6;nom
collectivement;6;adv
lá;6;nr
sobriété;6;nom
terriblement;6;adv
accaparer;6;ver
réintégrer;6;ver
multitude;6;nom
levain;6;nom
embarquer;6;ver
moulin;6;nom
anormal;6;adj
yo;6;nr
humidité;6;nom
remarquable;6;adj
empirique;6;adj
récolte;6;nom
nomination;6;nom
graine;6;nom
nakba;6;nr
conquérir;6;ver
collatéral;6;adj
el;6;nr
dé;6;nom
manager;6;ver
coupure;6;nom
blé;6;nom
fonctionnel;6;adj
wait;6;nr
emji_fleur_fanée;6;nom
8h;6;nr
vss;6;nr
envisageable;6;adj
vasi;6;nr
mine;6;nom
casier;6;nom
déploiement;6;nom
écharpe;6;nom
honorer;6;ver
évènement;6;nom
nana;6;nom
enregistrement;6;nom
quon;6;nr
sécher;6;ver
weekend;6;nr
rachat;6;nom
luc;6;nr
instance;6;nom
réglementation;6;nom
malhonnêteté;6;nom
éveiller;6;ver
gloire;6;nom
redevance;6;nom
bonsoir;6;nom
légèrement;6;adv
miette;6;nom
camille;6;nr
patrouille;6;nom
caprice;6;nom
emji_pouce_vers_le_bas_peau_claire;6;nom
hormone;6;nom
savon;6;nom
marche;6;nom
isreal;6;nr
watch;6;nr
by;6;nom
utopie;6;nom
dénuer;6;ver
épuisant;6;adj
fleurir;6;ver
emji_mains_levées_peau_légèrement_mate;6;nom
abominable;6;adj
yann;6;nr
restreint;6;adj
intime;6;adj
formulation;6;nom
mulhouse;6;nr
intensif;6;adj
vulgaire;6;adj
oooh;6;nr
conjoncture;6;nom
février;6;nom
dominique;6;nr
toustes;6;nr
catégoriser;6;ver
emprise;6;nom
harry;6;nr
illustrer;6;ver
explorer;6;ver
rabattre;6;ver
écrivain;6;nom
semblable;6;adj
dialoguer;6;ver
théoriquement;6;adv
abyssal;6;adj
illimité;6;adj
statique;6;adj
comptabiliser;6;ver
visiteur;6;nom
d_aborder;6;nr
compléter;6;ver
accumulation;6;nom
ressortissant;6;nom
exotique;6;adj
effrayer;6;ver
encaisser;6;ver
brouillard;6;nom
opérateur;6;nom
entamer;6;ver
avantager;6;ver
fictif;6;adj
insuffisant;6;adj
expulsion;6;nom
tiroir;6;nom
grammaire;6;nom
populisme;6;nom
sarcasme;6;nom
registre;6;nom
mutilé;6;adj
land;6;nom
canard;6;nom
fer;6;nom
orage;6;nom
inonder;6;ver
interdir;6;nr
indignité;6;nom
adepte;6;nom
drônes;6;nr
passionné;6;adj
opter;6;ver
proposé;6;adj
jordanien;6;nom
marc;6;nom
endoctriner;6;ver
somalie;6;nr
handicapé;6;nom
genocidaire;6;nr
bosniaque;6;adj
islamophobes;6;nr
posture;6;nom
emji_mains_qui_forment_un_coeur_peau_légèrement_mate;6;nr
louable;6;adj
drole;6;nr
emji_symbole_de_paix;6;nom
minime;6;adj
larme;6;nom
system;6;nr
embargo;6;nom
niger;6;nr
danemark;6;nr
secte;6;nom
décideur;6;nom
borne;6;nom
falsification;6;nom
checker;6;nr
dissoudre;6;ver
rémunération;6;nom
char;6;nom
plancher;6;ver
cia;6;nr
recouvrir;6;ver
martyr;6;nom
preneur;6;nom
signification;6;nom
incomplet;6;adj
préoccupant;6;adj
défilé;6;nom
developper;6;nr
rang;6;nom
fauteuil;6;nom
démilitarisé;6;nr
charte;6;nom
holocauste;6;nom
mandataire;6;nom
attester;6;ver
utilisateur;6;nom
terr0risme;6;nr
servette;6;nr
spéculation;6;nom
gouvernemental;6;adj
monstrueux;6;adj
boomer;6;nom
supériorité;6;nom
americain;6;nr
mythomane;6;adj
reich;6;nom
ambiant;6;adj
attentas;6;nr
repasser;6;ver
dfae;6;nr
5k;6;nr
emji_billet_en_dollars;6;nom
emji_visage_légèrement_mécontent;6;nom
hetero;6;nr
mascu;6;nr
choper;6;ver
restrictif;6;adj
infâme;6;adj
conquête;6;nom
assembler;6;ver
merdique;6;adj
ahaha;6;nr
vape;6;nom
serveur;6;nom
minable;6;adj
unrwa;6;nr
jeudi;6;nom
canal;6;nom
ânerie;6;nom
lentement;6;adv
spéculer;6;ver
hype;6;nr
intérim;6;nom
réactionnaire;6;adj
rager;6;ver
costa;6;nr
flotille;6;nr
cie;6;nr
vieillard;6;nom
robinet;6;nom
5h;6;nr
20h;6;nr
stat;6;nom
dîner;6;ver
lecornu;6;nr
philippe;6;nr
binaire;6;adj
israeliens;6;nr
grand_mère;6;nom
shooter;6;ver
véhiculer;6;ver
pill;6;nr
nombril;6;nom
adversaire;6;nom
mathématique;6;adj
légaliser;6;ver
menotter;6;ver
anarchie;6;nom
keuf;6;nom
méconnaissance;6;nom
emmerder;6;ver
ethnie;6;nom
opprimer;6;ver
directive;6;nom
nazisme;6;nom
israélo;6;nr
purger;6;ver
certe;6;nr
prêcher;6;ver
prévisible;6;adj
homosexualité;6;nom
orgueil;6;nom
stabiliser;6;ver
surpopulation;6;nom
cardiovasculaires;6;nr
neurologique;6;adj
raisin;6;nom
angoisse;6;nom
equipe;6;nr
additionner;6;ver
veiller;6;ver
intestin;6;nom
kurde;6;adj
adorable;6;adj
taule;6;nom
réformer;6;ver
monument;6;nom
vain;6;adj
disperser;6;ver
enfanter;6;ver
maquiller;6;ver
skier;6;ver
inévitablement;6;adv
décent;6;adj
lessive;6;nom
facturer;6;ver
décapiter;6;ver
psychiatrie;6;nom
interessant;6;nr
oas;6;nr
encourir;6;ver
bds;6;nr
cinquantaine;6;nom
confederation;6;nr
martin;6;nom
21ème;6;nr
clarifier;6;ver
culotte;6;nom
marin;6;nom
moderniser;6;ver
alzheimer;6;nr
caraïbe;6;nom
récidive;6;nom
manquant;6;adj
émirat;6;nom
spa;6;nom
ke;6;nr
renseignement;6;nom
app;6;nr
crasse;6;nom
bots;6;nr
amazonie;6;nr
prévaloir;6;ver
gérant;6;nom
faisable;6;adj
bureaucratie;6;nom
discutable;6;adj
gims;6;nr
sacrifice;6;nom
fragiliser;6;ver
just;6;nr
anonymat;6;nom
punk;6;nom
défaillant;6;adj
commandant;6;nom
grèce;6;nr
halloween;6;nom
emji_point_d_exclamation_rouge;6;nom
magistrat;6;nom
dépêcher;6;ver
ordure;6;nom
mainstream;6;nr
sacrifier;6;ver
moelle;6;nom
humilité;6;nom
qd;6;nr
coffre;6;nom
royal;6;adj
championnat;6;nom
fournisseur;6;nom
succéder;6;ver
interrompre;6;ver
patronat;6;nom
insignifiant;6;adj
démesuré;6;adj
difference;6;nr
extrémisme;6;nom
préoccupation;6;nom
réglementer;6;ver
peiner;6;ver
challenge;6;nom
ile;6;nr
emji_décamper;6;nom
cahier;6;nom
prospérité;6;nom
corrélé;6;nr
blasphème;6;nom
attrister;6;ver
grimpeur;6;nom
rico;6;nr
omnivore;6;adj
hausser;6;ver
dominicain;6;nom
t3rroriste;6;nr
emji_part_de_fromage;6;nom
densément;6;nr
vermelho;6;nr
funéraire;6;adj
caïman;6;nom
survêtement;6;nom
egalement;6;nr
emji_om;6;nom
résiliation;6;nom
payement;6;nom
emmen;6;nr
piloter;6;ver
djourou;6;nr
cession;6;nom
mo;6;nr
couchette;6;nom
pérou;6;nom
mexicain;6;nom
stressant;6;adj
buffet;6;nom
prématuré;6;adj
soustraire;6;ver
cure;6;nom
coréen;6;adj
sirène;6;nom
eczéma;6;nom
honduras;6;nr
guatemala;6;nr
jamaïque;6;nr
trinité;6;nom
tobago;6;nr
amsud;6;nr
barragiste;6;nr
dittli;6;nr
likes;5;nr
women;5;nr
jeffrey;5;nr
email;5;nom
ll;5;nr
clinton;5;nr
emji_coeur_cartes;5;nr
exiler;5;ver
exit;5;ver
dir;5;nr
10k;5;nr
50millions;5;nr
labeur;5;nom
bretagne;5;nr
herbe;5;nom
sucer;5;ver
millionaire;5;nr
nvidia;5;nr
footballeur;5;nom
stagner;5;ver
john;5;nr
temporairement;5;adv
collection;5;nom
economie;5;nr
auberge;5;nom
yacht;5;nom
report;5;nom
nivellement;5;nom
progressivement;5;adv
priori;5;nr
prélèvement;5;nom
norvégien;5;adj
scander;5;ver
assisté;5;nom
singe;5;nom
austérité;5;nom
référer;5;ver
répartie;5;nom
biaisés;5;nr
mouiller;5;ver
allégeance;5;nom
recommandation;5;nom
citoyenneté;5;nom
random;5;nr
réthorique;5;nr
pancarte;5;nom
défunt;5;nom
peindre;5;ver
bled;5;nom
homme_femme;5;nom
brin;5;nom
nostalgique;5;adj
civique;5;adj
next;5;nr
namaste;5;nr
protestation;5;nom
learning;5;nr
malbouffe;5;nr
néant;5;nom
additif;5;nom
emji_visage_stupéfait;5;nom
boeuf;5;nom
obèse;5;adj
berlin;5;nom
emji_visage_rouge_et_chaud;5;nom
sangsue;5;nom
spectaculaire;5;adj
parachute;5;nom
ordi;5;nr
publicitaire;5;adj
authenticité;5;nom
protestant;5;adj
chaux;5;nom
inceste;5;nom
tardif;5;adj
delphine;5;nr
filière;5;nom
chuv;5;nr
coiffeur;5;nom
cil;5;nom
calvitie;5;nom
canicule;5;nom
douloureux;5;adj
mascus;5;nr
normalité;5;nom
tricher;5;ver
overdose;5;nom
vaccin;5;nom
cata;5;nom
obscurantisme;5;nom
régresser;5;ver
physiologique;5;adj
dépassement;5;nom
influenceur;5;nr
1h;5;nr
flocon;5;nom
pitoyable;5;adj
beaucoups;5;nr
affectif;5;adj
tessin;5;nr
bancomat;5;nr
roh;5;nr
gâchis;5;nom
olympique;5;adj
sexy;5;adj
cide;5;nr
hm;5;nr
bazar;5;nom
irréprochable;5;adj
full;5;nom
gueguerre;5;nr
hui;5;nom
déchéance;5;nom
pmr;5;nr
vietnam;5;nr
pakistan;5;nr
paf;5;adj
sncf;5;nr
opportuniste;5;adj
ballot;5;nom
rail;5;nom
désengorger;5;nr
psychologiquement;5;adv
alarmant;5;adj
aménagement;5;nom
conter;5;ver
metro;5;nr
ceva;5;nr
oula;5;nr
bellevue;5;nr
nice;5;nom
près_des;5;nr
voyageur;5;nom
impuissance;5;nom
remède;5;nom
ramer;5;ver
foutu;5;adj
bienveillant;5;adj
corne;5;nom
déplorer;5;ver
blanchiment;5;nom
mouise;5;nom
remédier;5;ver
man;5;nom
ride;5;nom
dysfonctionnement;5;nom
once;5;nom
expo;5;nom
endiguer;5;ver
inefficace;5;adj
rupture;5;nom
durablement;5;adv
spéculatif;5;adj
jms;5;nr
psychiatrique;5;adj
narcissique;5;adj
tournant;5;nom
octroyer;5;ver
flamme;5;nom
jo;5;nr
légiférer;5;ver
vulnérabilité;5;nom
assurément;5;adv
susciter;5;ver
thomas;5;nom
qques;5;nr
atelier;5;nom
invité;5;nom
star;5;nom
emji_biceps_contracté_peau_claire;5;nom
emji_pêche;5;nom
exclusivement;5;adv
innommable;5;adj
irrespect;5;nom
nuremberg;5;nr
château;5;nom
humeur;5;nom
différer;5;ver
language;5;nr
apte;5;adj
fesse;5;nom
faiblement;5;adv
mécontentement;5;nom
fermeté;5;nom
plumer;5;ver
manche;5;nom
intouchable;5;adj
discriminant;5;adj
modéré;5;adj
jvais;5;nr
lex;5;nr
implacable;5;adj
home;5;nom
notable;5;adj
encyclopédie;5;nom
rafale;5;nom
retomber;5;ver
répercussion;5;nom
éditorialiste;5;nom
calmement;5;adv
puiser;5;ver
economique;5;nr
5eme;5;nr
paa;5;nr
façonner;5;ver
invivable;5;adj
cumulées;5;nr
fumisterie;5;nom
terrifiant;5;adj
masculinité;5;nom
jeûne;5;nom
illogique;5;adj
brévine;5;nr
quelqu;5;nr
instantanément;5;adv
validé;5;adj
survenir;5;ver
fleuve;5;nom
judaïsme;5;nom
poto;5;nr
nyc;5;nr
4j;5;nr
négativement;5;adv
télétravail;5;nom
tabou;5;adj
agacer;5;ver
esclavagisme;5;nom
abondance;5;nom
maillot;5;nom
dodo;5;nom
complaisance;5;nom
rp;5;nr
duty;5;nr
cartouche;5;nom
régression;5;nom
dépôt;5;nom
interet;5;nr
fiabilité;5;nom
capitulation;5;nom
acceptation;5;nom
semi;5;nom
éligible;5;adj
gym;5;nom
transpirer;5;ver
prudence;5;nom
linge;5;nom
iluser_utilisateurice;5;nr
supplément;5;nom
incohérent;5;adj
etres;5;nr
emji_visage_en_pointillés;5;nom
wifi;5;nr
rumeur;5;nom
bancal;5;adj
impartialité;5;nom
façade;5;nom
enquêter;5;ver
obligatoirement;5;adv
come;5;nr
correction;5;nom
pré;5;nom
emji_soleil_avec_visage;5;nom
sui;5;nom
contemporain;5;adj
milan;5;nom
emji_visage_sans_bouche;5;nom
hormonal;5;adj
respiratoire;5;adj
gen;5;nr
pédocriminels;5;nr
can;5;nr
logiquement;5;adv
timing;5;nom
caverne;5;nom
queen;5;nr
peter;5;nr
prorata;5;nom
décor;5;nom
vrille;5;nom
seum;5;nr
déchetterie;5;nom
por;5;nr
kevin;5;nr
jurassien;5;adj
centraliser;5;ver
embouteillage;5;nom
trot;5;nom
seigneur;5;nom
cliquer;5;ver
escroquerie;5;nom
cannabis;5;nom
inoffensif;5;adj
thérapeutique;5;adj
voeu;5;nom
guérison;5;nom
femelle;5;nom
prostitution;5;nom
passionner;5;ver
alternatif;5;adj
banal;5;adj
boy;5;nom
avertissement;5;nom
mutuel;5;adj
juron;5;nom
sacrément;5;adv
déc;5;nom
emji_confettis;5;nom
dissiper;5;ver
nikola;5;nr
conversion;5;nom
foudre;5;nom
laboratoire;5;nom
energie;5;nr
colonialiste;5;nom
reine;5;nom
pertinence;5;nom
broyer;5;ver
habitat;5;nom
négociable;5;adj
moralité;5;nom
acheteur;5;nom
musicien;5;nom
professionnalisme;5;nom
prévoyance;5;nom
vieillissant;5;adj
aigle;5;nom
volatilité;5;nom
printemps;5;nom
creux;5;adj
touristique;5;adj
bulletin;5;nom
emji_visage_de_menteur;5;nom
gage;5;nom
élitiste;5;adj
life;5;nr
élargir;5;ver
emji_cerveau;5;nom
égoïsme;5;nom
naturalise;5;nr
naturalisations;5;nr
naturalisent;5;nr
romanche;5;nom
compliment;5;nom
détériorer;5;ver
scandaliser;5;ver
pop;5;adj
intègre;5;adj
bouillir;5;ver
nest;5;nr
verbe;5;nom
bousculer;5;ver
véganisme;5;nr
emji_jeune_pousse;5;nom
washing;5;nr
correcteur;5;nom
emji_empreintes_d_animaux;5;nom
patriotisme;5;nom
juillet;5;nom
hasbara;5;nr
agricole;5;adj
emji_v_de_la_victoire_peau_claire;5;nom
bercer;5;ver
décoration;5;nom
ouchy;5;nr
incel;5;nr
emji_cornes_avec_les_doigts_peau_claire;5;nom
m2;5;nr
cravate;5;nom
piétiner;5;ver
injure;5;nom
dévouement;5;nom
charme;5;nom
condamnable;5;adj
protecteur;5;nom
démon;5;nom
tou;5;nr
attachement;5;nom
lesuser_utilisateurice;5;nr
détermination;5;nom
égaler;5;ver
prochainement;5;adv
roumanie;5;nr
patronal;5;adj
mécontent;5;adj
brandolini;5;nr
crypto;5;nom
emji_visage_avec_bouche_fermeture_éclair;5;nom
washington;5;nr
apaiser;5;ver
marée;5;nom
emji_fantôme;5;nom
javier;5;nr
intégralement;5;adv
écrouler;5;ver
renaître;5;ver
validation;5;nom
défensive;5;nom
sorcier;5;nom
dt;5;nr
gré;5;nom
charlie;5;nr
kirk;5;nr
maigreur;5;nom
body;5;nom
spectre;5;nom
moss;5;nr
normaliser;5;ver
relativisme;5;nom
maigrir;5;ver
dead;5;nr
polonais;5;nom
advenir;5;ver
hostile;5;adj
likoud;5;nr
visée;5;nom
control;5;adj
ikea;5;nr
streaming;5;nr
monopoly;5;nom
précéder;5;ver
emji_visage_persévérant;5;nom
horloger;5;nom
mmm;5;nr
pokémon;5;nr
jme;5;nr
surpasser;5;ver
mytho;5;adv
prefere;5;nr
pessimisme;5;nom
remy;5;nr
éditorial;5;nom
guerrier;5;nom
prestigieux;5;adj
frisson;5;nom
htag_;5;nr
chevalier;5;nom
inintéressant;5;adj
wue;5;nr
story;5;nr
ahahaha;5;nr
cc;5;nr
légalité;5;nom
criminaliser;5;ver
emji_main_avec_index_et_pouce_croisés;5;nom
emji_visage_somnolent;5;nom
décolonisation;5;nom
genocides;5;nr
cheikh;5;nom
khan;5;nom
mosquée;5;nom
appellation;5;nom
logo;5;nom
goal;5;nom
annexe;5;nom
tank;5;nom
mobilisations;5;nr
israëliens;5;nr
mousse;5;nom
lentille;5;nom
christian;5;nr
pirate;5;nom
délation;5;nom
ordinateur;5;nom
obsolescence;5;nom
disney;5;nr
miner;5;ver
usd;5;nr
denrée;5;nom
proprement;5;adv
chain;5;nr
cuivre;5;nom
permission;5;nom
croître;5;ver
extraction;5;nom
emji_drapeau_venezuela;5;nom
leader;5;nom
impérialisme;5;nom
genial;5;nr
1ere;5;nr
sniper;5;nom
sérénité;5;nom
nope;5;nom
baver;5;ver
pdt;5;nr
schengen;5;nr
staline;5;nr
blatten;5;nr
végétalien;5;adj
plaisanter;5;ver
présumer;5;ver
andrew;5;nr
radicalement;5;adv
fanatique;5;nom
emballer;5;ver
bénévole;5;adj
gourmand;5;adj
galère;5;nom
instruit;5;adj
uber;5;nr
emji_visage_effrayé;5;nom
émerger;5;ver
amer;5;adj
involontaire;5;adj
impunément;5;adv
encercler;5;ver
atomique;5;adj
wake;5;nr
indigène;5;adj
arabique;5;adj
vingtaine;5;nom
recueillir;5;ver
billag;5;nr
rimer;5;ver
tousser;5;ver
défiler;5;ver
rectification;5;nom
mercenaire;5;nom
qur;5;nr
individuellement;5;adv
décompresser;5;ver
emji_bouteille_de_champagne;5;nom
checking;5;nr
cheffe;5;nr
désinformation;5;nom
lbd;5;nr
privation;5;nom
focaliser;5;ver
17h;5;nr
endommager;5;ver
abaisser;5;ver
lâche;5;nom
mollah;5;nom
meta;5;nr
arnaquer;5;ver
gadget;5;nom
papy;5;nom
loins;5;nr
jaafarwi;5;nr
aya;5;nom
éjecter;5;ver
defend;5;nr
lèvre;5;nom
faiseur;5;nom
véritablement;5;adv
létal;5;adj
créature;5;nom
basket;5;nom
carnage;5;nom
kit;5;nom
chanceux;5;adj
spontané;5;adj
gén0;5;nr
révolter;5;ver
alala;5;nr
saleté;5;nom
athlète;5;nom
grandissant;5;adj
suva;5;nr
acharnement;5;nom
malfaiteur;5;nom
éclairé;5;adj
vr;5;nr
malveillant;5;adj
étrangler;5;ver
moralisateur;5;nom
bbc;5;nr
autiste;5;adj
divulguer;5;ver
mas;5;nom
nutriscore;5;nr
modérateur;5;nom
chypre;5;nom
from;5;nr
islamophobie;5;nr
cervin;5;nr
embauche;5;nom
diplômé;5;adj
chui;5;nr
oú;5;nr
stockholm;5;nr
allier;5;ver
allouer;5;ver
ras_le_bol;5;nom
déménagement;5;nom
glucide;5;nom
mercure;5;nom
ciment;5;nom
procédé;5;nom
sécuritaire;5;adj
18ans;5;nr
débiter;5;ver
révoltant;5;adj
navire;5;nom
centre_ville;5;nom
fantôme;5;nom
alléger;5;ver
cynisme;5;nom
tristement;5;adv
olivier;5;nom
ré;5;nom
méditer;5;ver
clandestin;5;adj
propagation;5;nom
enquêteur;5;nom
corporation;5;nom
corde;5;nom
usurpation;5;nom
rédaction;5;nom
échappement;5;nom
trotinette;5;nr
anxiogène;5;nr
préjudice;5;nom
rouage;5;nom
marxiste;5;adj
financées;5;nr
sio;5;nr
sécu;5;nom
nidwald;5;nr
plaquer;5;ver
mtv;5;nr
socio_économique;5;adj
foireux;5;adj
league;5;nr
bulldozer;5;nom
confier;5;ver
patrick;5;nr
diplômer;5;ver
orp;5;nr
restituer;5;ver
brèche;5;nom
marx;5;nr
contrôleur;5;nom
variété;5;nom
pincette;5;nom
allergique;5;adj
rond_point;5;nom
gréviste;5;nom
emji_citrouille;5;nom
wiki;5;nr
cancel;5;nom
bravoure;5;nom
tornade;5;nom
ingérer;5;ver
acier;5;nom
fonte;5;nom
poreux;5;adj
emji_homme_qui_hausse_les_épaules_peau_mate;5;nom
justicier;5;nom
présentateur;5;nom
qlq;5;nr
épée;5;nom
boucler;5;ver
ouighour;5;nom
alpinisme;5;nom
inoxtag;5;nr
fibre;5;nom
ipa;5;nr
lapin;5;nom
sécheresse;5;nom
analphabète;5;adj
climatisation;5;nom
tarifaires;5;nr
emji_drapeau_algérie;5;nom
easyjet;5;nr
ts;5;nr
jihadistes;5;nr
inclusivité;5;nr
démagogie;5;nom
monoparental;5;adj
robert;5;nom
glutamate;5;nom
zweifel;5;nr
sévices;5;nom
hygiénique;5;adj
biologiquement;5;adv
emissions;5;nr
narcoterroristes;5;nr
cigogne;5;nom
déplacé;5;adj
préservation;5;nom
gouffre;5;nom
ouiii;5;nr
short;5;nom
communautaire;5;adj
frileux;5;adj
easy;5;nr
finale;5;nom
immigrant;5;nom
kosovare;5;nr
albanie;5;nr
épanouir;5;ver
bruxelles;5;nr
uee;5;nr
zohran;5;nr
yorkais;5;nr
lcr;5;nr
vernis;5;nom
gel;5;nom
maldives;5;nr
giec;5;nr
emji_véhicule_utilitaire_sport;5;nom
initier;5;ver
délégation;5;nom
enjamber;5;ver
tazer;5;nr
renois;5;nr
léchage;5;nom
pedophilie;5;nr
yuka;5;nr
désamianté;5;nr
oscar;5;nom
discriminatoire;5;adj
emji_silhouettes_de_bustes;5;nom
chili;5;nom
safari;5;nom
vacherin;5;nom
divorcer;5;ver
melatonine;5;nr
barragistes;5;nr
belize;5;nr
rica;5;nr
nicaragua;5;nr
caïque;5;nom
anguilla;5;nr
antigua;5;nr
barbuda;5;nr
aruba;5;nr
bahamas;5;nr
barbade;5;nr
bermudes;5;nr
curaçao;5;nom
porto;5;nom
montserrat;5;nr
niévès;5;nr
grenadine;5;nom
lucie;5;nr
suriname;5;nr
cylindrée;5;nom
tirage;5;nom
continental;5;adj
are;4;nom
new_yorkais;4;adj
machiavélique;4;adj
archive;4;nom
10ans;4;nr
emji_coeur_noir;4;nr
unifier;4;ver
excessivement;4;adv
pendule;4;nom
nait;4;nr
comte;4;nom
emji_avion;4;nom
éolien;4;nom
rééquilibrer;4;ver
merciiii;4;nr
your;4;nr
renflouer;4;ver
étonnamment;4;adv
median;4;nr
saigner;4;ver
ultrariches;4;nr
surtaxe;4;nom
perle;4;nom
durement;4;adv
noblesse;4;nom
msc;4;nr
ap;4;nr
arrete;4;nr
vouer;4;ver
transmission;4;nom
coms;4;nr
nordique;4;adj
décemment;4;adv
impacter;4;nr
chiffrer;4;ver
boomers;4;nr
aurevoir;4;nr
mourrir;4;nr
phénoménal;4;adj
take;4;nr
actionnariat;4;nom
loterie;4;nom
évaluer;4;ver
emji_signe_appel_téléphonique_avec_les_doigts;4;nom
doublement;4;adv
déchiffrer;4;ver
dép;4;nr
liaison;4;nom
hypothétique;4;adj
reformuler;4;ver
prospère;4;adj
caractéristique;4;adj
wealth;4;nr
provocateur;4;nom
pépite;4;nom
émetteur;4;nom
exhaustif;4;adj
applicable;4;adj
connaisseur;4;nom
énième;4;adj
noeud;4;nom
efforcer;4;ver
trimer;4;ver
supplier;4;ver
lucidité;4;nom
pesant;4;adj
faudrai;4;nr
perfection;4;nom
paroxysme;4;nom
restaurer;4;ver
deep;4;nr
inévitable;4;adj
paul;4;nr
chlore;4;nom
mûr;4;adj
flotte;4;nom
emballage;4;nom
5x;4;nr
fertile;4;adj
élan;4;nom
retoucher;4;ver
pou;4;nom
hélicoptère;4;nom
gogh;4;nr
leclerc;4;nr
casting;4;nom
myanmar;4;nr
siemens;4;nr
accroître;4;ver
logiciel;4;nom
naze;4;adj
routine;4;nom
reduire;4;nr
carrossier;4;nom
prothèse;4;nom
vexer;4;ver
implantation;4;nom
fragilité;4;nom
compatir;4;ver
promis;4;adj
mesurable;4;adj
nuque;4;nom
méta;4;nom
martigny;4;nr
gas;4;nr
emji_chat_qui_sourit_avec_des_yeux_rieurs;4;nom
pelle;4;nom
asso;4;nr
interlocuteur;4;nom
systémiques;4;nr
coercitif;4;adj
juridiquement;4;adv
uri;4;nr
négliger;4;ver
renforcement;4;nom
vasy;4;nr
audacieux;4;adj
ali;4;nr
consumérisme;4;nom
coudre;4;ver
teinture;4;nom
coton;4;nom
merino;4;nr
carotte;4;nom
emji_flocon;4;nom
blinde;4;nom
mere;4;nr
aujourd;4;nr
emji_gyrophare;4;nom
graver;4;ver
kiosque;4;nom
merveilleusement;4;adv
neuchâtelois;4;nr
avully;4;nr
stadler;4;nr
thonon;4;nr
percher;4;ver
accessoirement;4;adv
cologny;4;nr
souterrain;4;adj
aérodrome;4;nom
maudet;4;nr
lai;4;adj
ajustement;4;nom
arc;4;nom
interminable;4;adj
visionnaire;4;nom
chimie;4;nom
expat;4;nr
éducateur;4;nom
repère;4;nom
toxicomanie;4;nom
ka;4;nom
impulsif;4;adj
médiation;4;nom
clinique;4;nom
assistance;4;nom
mp;4;nr
emji_visage_faisant_un_bisou_avec_les_yeux_fermés;4;nom
réinsertion;4;nom
yaka;4;nr
spécialisé;4;adj
maturité;4;nom
ficelle;4;nom
échappatoire;4;nom
âne;4;nom
postal;4;adj
désespoir;4;nom
écarter;4;ver
putin;4;nr
garderie;4;nom
retrancher;4;ver
emji_bout_des_doigts_joints_peau_moyennement_claire;4;nom
tôle;4;nom
dépénalisation;4;nr
répressif;4;adj
stupéfiant;4;adj
emji_banque;4;nom
moutarde;4;nom
distinct;4;adj
intimider;4;ver
lésion;4;nom
révélateur;4;adj
pay;4;nr
pervers;4;nom
égorger;4;ver
efficience;4;nom
quoiqu;4;nr
emji_coeur_grandissant;4;nr
diagnostique;4;adj
combine;4;nom
albert;4;nr
dorénavant;4;adv
programmation;4;nom
réclamation;4;nom
lgbtq;4;nr
imp;4;nr
tokyo;4;nr
lobbyiste;4;nr
péril;4;nom
celleux;4;nr
surreprésentés;4;nr
bourgeoisie;4;nom
tente;4;nom
éveil;4;nom
coalition;4;nom
solliciter;4;ver
instruire;4;ver
intolérant;4;adj
democratie;4;nr
hautement;4;adv
emji_visage_avec_masque;4;nom
vaccination;4;nom
présidence;4;nom
emji_coeur_jaune;4;nr
goat;4;nr
chêne;4;nom
patin;4;nom
laitier;4;nom
sig;4;nr
banquaire;4;nr
heurter;4;ver
travails;4;nr
interprète;4;nom
dissonance;4;nom
kermesse;4;nom
kérosène;4;nom
conte;4;nom
tripler;4;ver
saboter;4;ver
renouvelables;4;nr
territorial;4;adj
prédire;4;ver
géopolitiques;4;nr
bla_bla_bla;4;nom
addition;4;nom
delocaliser;4;nr
artisanat;4;nom
boue;4;nom
maximiser;4;ver
education;4;nr
proie;4;nom
menotte;4;nom
dutout;4;nr
collier;4;nom
sucré;4;adj
appétit;4;nom
intermittent;4;adj
ptits;4;nr
revêtir;4;ver
vanter;4;ver
stagnation;4;nom
multiplication;4;nom
climatosceptique;4;nr
confirmation;4;nom
globales;4;nr
climato;4;nr
guise;4;nom
thermodynamique;4;nom
dunning;4;nr
kruger;4;nr
hivernal;4;adj
symboliser;4;ver
bouder;4;ver
nigéria;4;nr
reconnecter;4;ver
gu;4;nr
palestinian;4;nr
impuissant;4;adj
more;4;adj
impactent;4;nr
fermement;4;adv
30km;4;nr
20ans;4;nr
congelé;4;adj
edt;4;nr
amasser;4;ver
épuisement;4;nom
19h;4;nr
faudrais;4;nr
rhône;4;nr
tete;4;nr
considérablement;4;adv
mun;4;nr
traumatisant;4;adj
facon;4;nr
parenthèse;4;nom
help;4;nr
flèche;4;nom
bachelor;4;nr
encombrer;4;ver
clef;4;nom
suédois;4;nom
réservoir;4;nom
sse;4;nr
basculer;4;ver
taré;4;nom
white;4;nr
kiev;4;nr
compensation;4;nom
usual;4;nr
serviette;4;nom
mixte;4;adj
stpl;4;nr
cyber;4;nr
individualiste;4;nom
merdier;4;nom
natel;4;nr
harcelement;4;nr
montessori;4;nr
pudeur;4;nom
énoncé;4;nom
mobile;4;nom
déconseiller;4;ver
infantino;4;nr
poliment;4;adv
30ans;4;nr
emji_pouce_vers_le_haut_peau_légèrement_mate;4;nom
rédactionnel;4;adj
surreprésentation;4;nr
bistrot;4;nom
prétendant;4;nom
décliner;4;ver
prévalence;4;nom
bac;4;nom
lassant;4;adj
jte;4;nr
explicitement;4;adv
redéfinir;4;ver
cout;4;nr
geler;4;ver
doudoune;4;nom
emji_ampoule;4;nom
solomon;4;nr
fur_et_à_mesure;4;nom
autrichien;4;adj
emji_applaudissements_peau_mate;4;nom
déodorant;4;nom
javel;4;nom
perturbateur;4;adj
endocrinien;4;adj
fertilité;4;nom
météorologique;4;adj
équitablement;4;adv
renouveau;4;nom
english;4;nr
emji_moai;4;nom
présider;4;ver
mage;4;nom
instantané;4;adj
spot;4;nom
sensation;4;nom
planer;4;ver
déja;4;nr
incontrôlé;4;adj
pharmas;4;nr
7k;4;nr
égarer;4;ver
fable;4;nom
times;4;nr
fervent;4;adj
proprio;4;nom
foncier;4;adj
austerité;4;nr
pm;4;nr
concurrent;4;nom
emji_poing_levé_peau_moyennement_claire;4;nom
developpement;4;nr
4h;4;nr
gva;4;nr
oqtf;4;nr
sherlock;4;nr
gentillement;4;nr
mimi;4;nom
coureur;4;nom
aliexpress;4;nr
ss;4;nr
clin;4;nom
p0rno;4;nr
érotique;4;adj
slutshaming;4;nr
réception;4;nom
nullement;4;adv
captif;4;adj
librairie;4;nom
potter;4;nr
confirmé;4;adj
hobby;4;nom
aujourdhui;4;nr
asservir;4;ver
geule;4;nr
emji_main_avec_index_pointant_à_gauche;4;nom
niquel;4;nr
motivant;4;adj
kaka;4;nr
obstiner;4;ver
originel;4;adj
triboélectricité;4;nr
récurrent;4;adj
fraction;4;nom
martyriser;4;ver
pape;4;nom
défini;4;adj
celà;4;nr
marchandise;4;nom
régional;4;adj
blabla;4;nom
20aine;4;nr
3e;4;nr
admin;4;nr
emji_chien;4;nom
invasif;4;adj
ara;4;nom
rapace;4;adj
emji_perroquet;4;nom
emji_seringue;4;nom
yaourt;4;nom
webcams;4;nr
flan;4;nom
radin;4;adj
certifier;4;ver
ôter;4;ver
bha;4;nr
connaitre;4;nr
diplomate;4;nom
traducteur;4;nom
calomnie;4;nom
emji_drapeau_portugal;4;nom
cecr;4;nr
abstrait;4;adj
stylistique;4;adj
répit;4;nom
pv;4;nr
nuisible;4;adj
écolier;4;nom
emji_cheval;4;nom
hasardeux;4;adj
middle;4;nr
simplet;4;nom
cursus;4;nom
collabo;4;nom
conjugaison;4;nom
fluide;4;adj
généralisation;4;nom
influer;4;ver
natal;4;adj
5ans;4;nr
côtoyer;4;ver
bobet;4;nr
zurichois;4;nom
niveler;4;ver
irm;4;nr
definition;4;nr
moyen_âge;4;nom
ennuyant;4;adj
débourser;4;ver
emji_tête_de_chien;4;nom
emji_visage_déconcerté;4;nom
diesel;4;nom
précaution;4;nom
apocalypse;4;nom
déco;4;adj
plume;4;nom
complotisme;4;nr
emji_poing_levé_peau_légèrement_mate;4;nom
cambodge;4;nr
thaïlandais;4;adj
temple;4;nom
hostilité;4;nom
reconnait;4;nr
oreillette;4;nom
éthiopien;4;adj
kabylie;4;nr
hypothermie;4;nom
loge;4;nom
passivité;4;nom
réciproque;4;adj
caritatif;4;adj
polo;4;nom
carrosserie;4;nom
époux;4;nom
gouvernance;4;nom
émancipation;4;nom
aveu;4;nom
maudit;4;adj
aulieu;4;nr
completement;4;nr
blablater;4;ver
fn;4;nr
incarné;4;adj
guider;4;ver
ruser_utilisateurice;4;nr
gène;4;nom
doser;4;ver
pacotille;4;nom
acceuilli;4;nr
poulpe;4;nom
emji_rat;4;nom
dictat;4;nom
extinction;4;nom
vigilance;4;nom
râleur;4;nom
détracteur;4;nom
rude;4;adj
échéant;4;adj
baigner;4;ver
caviar;4;nom
fraudeur;4;nom
drôlement;4;adv
alain;4;nom
comparatif;4;adj
sex;4;nr
jusqu_aux;4;nr
taïwan;4;nr
crimée;4;nr
dépuis;4;nr
rtsinfo;4;nr
médiéval;4;adj
jus;4;nom
banlieue;4;nom
robe;4;nom
dédouaner;4;ver
dénominateur;4;nom
soupçon;4;nom
égout;4;nom
economic;4;nr
calorie;4;nom
moine;4;nom
doter;4;ver
audio;4;adj
primitif;4;adj
instinct;4;nom
nuancer;4;ver
kg;4;nr
libye;4;nr
gourion;4;nr
yitzhak;4;nr
militariser;4;ver
efficacement;4;adv
rayer;4;ver
adorateur;4;nom
nasser;4;nr
istanbul;4;nr
serment;4;nom
envier;4;ver
cr;4;nr
impératif;4;adj
gorge;4;nom
chablais;4;nr
ingénierie;4;nom
starbucks;4;nr
galerie;4;nom
minerai;4;nom
1e;4;nr
fortnite;4;nr
please;4;adv
sagesse;4;nom
fa;4;nom
ed;4;nr
lancement;4;nom
poir;4;nr
maritime;4;adj
devise;4;nom
oulala;4;nr
froisser;4;ver
admirable;4;adj
déshumanisation;4;nom
justifies;4;nr
approfondi;4;adj
rapatrier;4;ver
soviétique;4;adj
garant;4;adj
machette;4;nom
arbitrairement;4;adv
entrave;4;nom
cramer;4;ver
intégralité;4;nom
observation;4;nom
incompatible;4;adj
intellect;4;nom
ristes;4;nr
hms;4;nr
désabonne;4;nr
délibérément;4;adv
saraya;4;nr
prisoniers;4;nr
nova;4;nom
grillé;4;adj
occupant;4;nom
capitaliser;4;ver
reconversion;4;nom
tea;4;nr
enclave;4;nom
quête;4;nom
hate;4;nr
jazeera;4;nr
coïncidence;4;nom
brisé;4;adj
restitution;4;nom
pudding;4;nom
populariser;4;ver
moitié_moitié;4;adv
epfl;4;nr
waouh;4;nr
drama;4;nr
game;4;nom
télécharger;4;ver
iptv;4;nr
15ans;4;nr
vpn;4;nr
brancher;4;ver
cryptomonnaie;4;nr
manipulable;4;adj
chavez;4;nr
maría;4;nr
tiers_monde;4;nom
riviera;4;nom
east;4;nr
biya;4;nr
nominer;4;ver
bebe;4;nr
anne;4;nr
légendaire;4;adj
detruit;4;nr
po;4;nr
machin;4;nom
détournement;4;nom
défier;4;ver
trouer;4;ver
river;4;ver
merite;4;nr
barcelone;4;nr
covoiturage;4;nom
déboucher;4;ver
what;4;nr
promoteur;4;nom
honoraire;4;adj
emji_femme_paume_vers_le_haut_peau_moyennement_claire;4;nom
détecter;4;ver
incivilités;4;nr
kks;4;nr
allumette;4;nom
plaisanterie;4;nom
48h;4;nr
pipi;4;nom
sébastien;4;nr
sucette;4;nom
ravage;4;nom
incomparable;4;adj
penalty;4;nom
cosmétique;4;adj
cuir;4;nom
croisé;4;adj
citadin;4;nom
étalage;4;nom
draguer;4;ver
menaçant;4;adj
poignarder;4;ver
mutualité;4;nom
néo;4;adv
sphère;4;nom
classification;4;nom
tana;4;nr
monumental;4;adj
ga;4;nr
brute;4;nom
errant;4;adj
repli;4;nom
division;4;nom
fatigant;4;adj
déshumaniser;4;ver
olala;4;nr
snapchat;4;nr
souffrant;4;adj
pli;4;nom
ignominie;4;nom
macaron;4;nom
vodka;4;nom
défouler;4;ver
salade;4;nom
licite;4;adj
passe_droit;4;nom
groupuscule;4;nom
ptdrrr;4;nr
végétaliens;4;nr
globalistes;4;nr
chiffon;4;nom
prêtre;4;nom
zizanie;4;nom
islamo;4;nr
isabelle;4;adj
ouïr;4;ver
pessimiste;4;adj
id;4;nr
vigne;4;nom
alcoolisme;4;nom
gravissime;4;adj
terroir;4;nom
élaborer;4;ver
stand;4;nom
qqchose;4;nr
chouchou;4;nom
vigilant;4;adj
retenue;4;nom
foundation;4;nr
ouïgours;4;nr
chapitre;4;nom
puce;4;nom
palme;4;nom
matrixé;4;nr
emji_bout_des_doigts_joints;4;nom
susceptible;4;adj
mouvance;4;nom
désordre;4;nom
graffiti;4;nom
faîtes;4;nr
indéterminé;4;adj
sévèrement;4;adv
aaaah;4;nr
indemniser;4;ver
saouler;4;ver
liker;4;nr
fondamentalement;4;adv
14h;4;nr
merder;4;ver
adrénaline;4;nom
promo;4;nom
laxisme;4;nom
10x;4;nr
gue;4;nr
bancomats;4;nr
pelice;4;nr
perversion;4;nom
rambo;4;nr
profiler;4;ver
délivrer;4;ver
batiments;4;nr
insurger;4;ver
anodin;4;adj
convenablement;4;adv
aha;4;nr
escalader;4;ver
anti_émeute;4;adj
oke;4;nr
canarder;4;ver
abîmer;4;ver
passant;4;nom
israëlien;4;nr
regime;4;nr
rest;4;nr
projectile;4;nom
porrentruy;4;nr
laa;4;nr
aos;4;nr
mangue;4;nom
cassation;4;nom
expansion;4;nom
traquer;4;ver
porteur;4;nom
tombe;4;nom
emji_homme_qui_hausse_les_épaules_peau_foncée;4;nom
confrontation;4;nom
paresseux;4;adj
act;4;nr
west;4;nr
mussolini;4;nr
collecte;4;nom
designer;4;nom
studio;4;nom
implanter;4;ver
iphone;4;nr
parkinson;4;nom
immortalité;4;nom
taupe;4;nom
sandra;4;nr
gober;4;ver
broncher;4;ver
afro;4;adj
reggaeton;4;nr
pass;4;nr
contrebande;4;nom
typiquement;4;adv
scoop;4;nom
technologique;4;adj
réalisme;4;nom
maghrébin;4;adj
tasser;4;ver
tribu;4;nom
emji_signe_de_la_main_peau_claire;4;nom
einstein;4;nr
distorsion;4;nom
dictée;4;nom
ronger;4;ver
impactant;4;nr
impérativement;4;adv
flexibilité;4;nom
best;4;nom
stream;4;nr
islamophobe;4;nr
priser;4;ver
bouteille;4;nom
abbaye;4;nom
déso;4;nr
trql;4;nr
répéte;4;nr
racisée;4;nr
intuition;4;nom
barbe;4;nom
élégance;4;nom
racisées;4;nr
parcontre;4;nr
compromettre;4;ver
dépourvu;4;adj
primer;4;ver
possiblement;4;adv
facher;4;nr
chauffard;4;nom
clignotant;4;nom
brider;4;ver
allure;4;nom
bunker;4;nom
quarantaine;4;nom
remarque;4;nom
scrupule;4;nom
aveuglément;4;adv
fmh;4;nr
tumeur;4;nom
descendance;4;nom
ohh;4;nr
palos;4;nr
nacelle;4;nom
soute;4;nom
chasseur;4;nom
iberia;4;nr
dégoute;4;nr
ste;4;nr
sst;4;nr
mutuellement;4;adv
freedom;4;nr
region;4;nr
di;4;nr
cnn;4;nr
hammas;4;nr
culotté;4;adj
bank;4;nr
mohammed;4;nr
helsana;4;nr
eldorado;4;nom
formateur;4;adj
emji_v_de_la_victoire_peau_moyennement_claire;4;nom
schwyz;4;nr
seco;4;nr
artificiellement;4;adv
illisible;4;adj
marionnette;4;nom
snap;4;nr
héberger;4;ver
grenoble;4;nr
hétérosexuel;4;adj
leurre;4;nom
balai;4;nom
irréversible;4;adj
faramineux;4;adj
tsr;4;nr
déchiqueter;4;ver
baba;4;nom
uniens;4;nr
doctrine;4;nom
décourageant;4;adj
pendulaires;4;nr
poli;4;adj
fragment;4;nom
affaiblissement;4;nom
emji_homme_qui_hausse_les_épaules_peau_moyennement_claire;4;nom
rengaine;4;nom
aldi;4;nr
oe;4;nr
tp;4;nr
radicalisation;4;nom
col;4;nom
regagner;4;ver
dreyfus;4;nr
garer;4;ver
fermé;4;adj
questionnement;4;nom
velo;4;nr
ciblent;4;nr
propreté;4;nom
pizza;4;nom
trembler;4;ver
paniquer;4;ver
ronde;4;nom
platistes;4;nr
incompétence;4;nom
cafard;4;nom
pfas;4;nr
protagoniste;4;nom
pronom;4;nom
combo;4;nom
atlantique;4;adj
spirale;4;nom
abondant;4;adj
tain;4;nom
banger;4;nr
math;4;nom
méfiance;4;nom
t3rroristes;4;nr
daigner;4;ver
distraction;4;nom
légèreté;4;nom
avatar;4;nom
foire;4;nom
tdf;4;nr
cétose;4;nr
altérer;4;ver
amazonien;4;adj
moralisme;4;nom
incomber;4;ver
belle_lurette;4;nom
ofsp;4;nr
casquer;4;ver
emji_personne_avec_la_paume_sur_le_visage_peau_légèrement_mate;4;nom
aviaire;4;adj
migrateur;4;adj
ralenti;4;nom
surf;4;nom
soulagement;4;nom
pfffff;4;nr
moraliser;4;ver
canadair;4;nom
bi;4;nom
camerounais;4;adj
crouler;4;ver
loti;4;adj
revivre;4;ver
grièvement;4;adv
égide;4;nom
lactose;4;nom
marron;4;adj
maurer;4;nr
overton;4;nr
ramper;4;ver
vicieux;4;adj
ueli;4;nr
désillusion;4;nom
catho;4;nom
larguer;4;ver
bataclan;4;nom
narco;4;nr
comando;4;nr
amériques;4;nr
secrétaire;4;nom
madagascar;4;nr
ppsdm;4;nr
racoleur;4;adj
escroc;4;nom
skieur;4;nom
fidji;4;nr
gymnase;4;nom
inconfortable;4;adj
figurer;4;ver
tanzanie;4;nr
administrateur;4;nom
saoudien;4;adj
bécasse;4;nom
hong_kong;4;nom
épingle;4;nom
25ans;4;nr
well;4;nr
longuement;4;adv
sinistre;4;adj
emji_pouce_vers_le_bas_peau_légèrement_mate;4;nom
flûte;4;nom
générique;4;nom
valve;4;nom
bal;4;nom
demi_tarif;4;nom
unireso;4;nr
bouc;4;nom
émissaire;4;adj
castor;4;nom
demi_million;4;nom
donateur;4;nom
renaissance;4;nom
giuliani;4;nr
bloomberg;4;nr
first;4;nr
communal;4;adj
chopper;4;ver
establishment;4;nom
liberalisme;4;nr
moyennement;4;adv
roche;4;nom
ariel;4;nr
sharon;4;nr
nike;4;nr
cola;4;nom
ampli;4;nom
volontariat;4;nom
care;4;nom
re33;4;nr
pedocriminels;4;nr
hunters;4;nr
astreinte;4;nom
8ème;4;nr
vaseline;4;nom
look;4;nom
pipe;4;nom
uape;4;nr
dermatologue;4;nom
antibiotique;4;nom
dan;4;nom
sénégalais;4;nom
aprem;4;nr
remake;4;nom
13e;4;nr
shutdown;4;nr
thaï;4;adj
hostel;4;nr
san;4;nr
linux;4;nr
equipes;4;nr
équateur;4;nom
finaliste;4;nom
andorre;4;nr
gabon;4;nr
oceanie;4;nr
moldavie;4;nr
paraguay;4;nr
footballistique;4;adj
gynécologue;4;nom
emji_visage_aux_yeux_rieurs_faisant_un_bisou;4;nom
jk;4;nr
scientologie;4;nom
broulis;4;nr
years;3;nr
esquisse;3;nom
buste;3;nom
parlant;3;adj
épurer;3;ver
sénat;3;nom
révélation;3;nom
democrate;3;nr
kennedy;3;nr
ii;3;nr
commentateur;3;nom
évitement;3;nom
dynastie;3;nom
isf;3;nr
100k;3;nr
reverser;3;ver
prévision;3;nom
pck;3;nr
manie;3;nom
docile;3;adj
iban;3;nr
robinson;3;nom
raquer;3;ver
200k;3;nr
mondialisé;3;nr
irrespirable;3;adj
1mio;3;nr
beast;3;nr
deplus;3;nr
decision;3;nr
ingrat;3;adj
pérennité;3;nom
exonérés;3;nr
placement;3;nom
mouton;3;nom
jalouser;3;ver
pourcent;3;nom
toutou;3;nom
sociétales;3;nr
branler;3;ver
brasil;3;nr
méga;3;adj
babiole;3;nom
bizzarement;3;nr
ifd;3;nr
niquer;3;ver
innover;3;ver
gangrène;3;nom
romandes;3;nr
ren;3;nr
correspondance;3;nom
désavantage;3;nom
affabulation;3;nom
prescription;3;nom
pallier;3;ver
déterminant;3;adj
blast;3;nr
taxons;3;nr
transposable;3;adj
digeste;3;adj
esquive;3;nom
tangible;3;adj
lucerne;3;nr
bonnement;3;adv
diverger;3;ver
attentivement;3;adv
arf;3;nr
vx;3;nr
catalogue;3;nom
mccartney;3;nr
lennon;3;nr
destinée;3;nom
résidu;3;nom
poire;3;nom
legumes;3;nr
localement;3;adv
refroidir;3;ver
fast_food;3;nom
réducteur;3;adj
fraise;3;nom
surgelé;3;nom
meloni;3;nr
graphistes;3;nr
charles;3;nr
gourou;3;nom
rael;3;nr
3d;3;nr
générées;3;nr
hollywoodien;3;adj
mannequin;3;nom
subversif;3;adj
docteur;3;nom
régulations;3;nr
réévaluer;3;ver
22h;3;nr
inadapté;3;adj
numerus_clausus;3;nom
assc;3;nr
complexer;3;ver
magnifiquement;3;adv
professionnellement;3;adv
plantation;3;nom
vogue;3;nom
perruque;3;nom
opératoire;3;adj
investigation;3;nom
tuto;3;nr
alpha;3;nom
amical;3;adj
adage;3;nom
emji_parapluie_avec_gouttes_de_pluie;3;nom
defense;3;nr
ayn;3;nr
orteil;3;nom
muscle;3;nom
hécatombe;3;nom
emji_soleil;3;nom
fesais;3;nr
ilsuser_utilisateurice;3;nr
podcast;3;nr
siéger;3;ver
virulent;3;adj
wish;3;nr
v2;3;nr
vidy;3;nr
emji_couronne;3;nom
achete;3;nr
invitation;3;nom
zebra;3;nr
colorant;3;nom
plaid;3;nom
outré;3;adj
polyester;3;nom
glamour;3;nom
lin;3;nom
loyal;3;adj
déloyal;3;adj
recyclable;3;adj
tenant;3;nom
aboutissant;3;nom
vintage;3;nom
marbre;3;nom
admiratif;3;adj
troinex;3;nr
gaule;3;nom
archamps;3;nr
annecy;3;nr
versoix;3;nr
deverait;3;nr
gex;3;nr
aprés;3;nr
cadence;3;nom
avancement;3;nom
jussy;3;nr
marseille;3;nr
mieu;3;nr
idee;3;nr
fédéralisme;3;nom
entre_temps;3;adv
circulaire;3;adj
souhait;3;nom
paz;3;nr
résidentiel;3;adj
gouvernant;3;nom
réconfort;3;nom
cbd;3;nr
toxico;3;nom
taureau;3;nom
agglomération;3;nom
snobisme;3;nom
conforter;3;ver
thc;3;nr
déviance;3;nom
superficiel;3;adj
banditisme;3;nom
réinsérer;3;ver
educ;3;nr
cachette;3;nom
coke;3;nom
medecin;3;nr
endoctrinement;3;nom
burnouts;3;nr
move;3;nr
experience;3;nr
revolver;3;nom
rigolade;3;nom
isolement;3;nom
légalisation;3;nom
réconfortant;3;adj
délétère;3;adj
michael;3;nr
affolant;3;adj
self;3;nom
médiatisation;3;nom
esperons;3;nr
emji_coeurs_qui_tournent;3;nr
énormité;3;nom
énoncer;3;ver
disproportion;3;nom
comportments;3;nr
conditionné;3;adj
passible;3;adj
emprisonnement;3;nom
alarmer;3;ver
muet;3;adj
redondant;3;adj
morbide;3;adj
forza;3;nr
chiotte;3;nom
désactiver;3;ver
relou;3;nr
yoann;3;nr
mea_culpa;3;nom
pécho;3;nr
calimero;3;nr
we;3;nr
rebondir;3;ver
genocidaires;3;nr
gentillesse;3;nom
torah;3;nr
imposteur;3;nom
sublime;3;adj
die;3;nom
mélanie;3;nr
subtilité;3;nom
hymne;3;nom
animosité;3;nom
ricaner;3;ver
falsifier;3;ver
caste;3;nom
cloche;3;nom
ölbert;3;nr
dénier;3;ver
inhumanité;3;nom
waw;3;nr
assemblée;3;nom
degats;3;nr
vice_président;3;nom
institutionnelles;3;nr
colonne;3;nom
bananier;3;nom
karl;3;nr
théorisé;3;nr
divergent;3;adj
bien_pensant;3;adj
barreau;3;nom
enfuir;3;ver
marine;3;adj
persone;3;nr
emji_drapeau_ukraine;3;nom
idole;3;nom
édito;3;nom
impopulaire;3;adj
développé;3;adj
avalanche;3;nom
structurelles;3;nr
coutera;3;nr
incontournable;3;adj
intermittence;3;nom
pus;3;adj
inattendu;3;adj
bassesse;3;nom
thunberg;3;nr
étau;3;nom
central;3;adj
inertie;3;nom
empiler;3;ver
localisation;3;nom
electronique;3;nr
ko;3;nr
tardivement;3;adv
dej;3;nr
pti;3;nr
infarctus;3;nom
récré;3;nom
anomalie;3;nom
molécule;3;nom
infondé;3;adj
emji_chat;3;nom
reposant;3;adj
tutelle;3;nom
diplomatiquement;3;adv
informatif;3;adj
trait;3;nom
ancestral;3;adj
brebis;3;nom
bondir;3;ver
beach;3;nr
liberer;3;nr
isra;3;nr
parsque;3;nr
ième;3;nr
vasculaire;3;adj
cérébral;3;adj
pres;3;nr
6h30;3;nr
scandinave;3;adj
slave;3;adj
society;3;nr
euses;3;nr
guitare;3;nom
idéaliser;3;ver
sx;3;nr
joyeuseté;3;nom
ajuster;3;ver
jamais_vu;3;nom
instauration;3;nom
safe;3;nr
armoire;3;nom
pulsion;3;nom
armurerie;3;nom
polarisation;3;nom
chandelle;3;nom
casi;3;nr
embêtant;3;adj
consoler;3;ver
giga;3;adj
rs;3;nr
théorique;3;adj
calibre;3;nom
anti_aérien;3;adj
coquille;3;nom
reponse;3;nr
milicien;3;nom
inéquitable;3;adj
biscuit;3;nom
assigner;3;ver
trés;3;nr
salé;3;adj
destin;3;nom
av;3;nr
dévaster;3;ver
noel;3;nr
équivaloir;3;ver
kyiv;3;nr
clause;3;nom
brics;3;nr
superficie;3;nom
allaiter;3;ver
socialisation;3;nom
crampon;3;nom
ecole;3;nr
malaisant;3;nr
binational;3;nr
flag;3;nom
harceleurs;3;nr
résilient;3;nr
wouhao;3;nr
rugby;3;nom
crade;3;adj
reussi;3;nr
hd;3;nr
addor;3;nr
enrichissant;3;adj
élaboré;3;adj
comptoir;3;nom
renommée;3;nom
courtois;3;adj
punissable;3;adj
sensationnel;3;adj
luter;3;nr
incarcération;3;nom
défaveur;3;nom
incriminer;3;ver
mmmh;3;nr
nerf;3;nom
saucisse;3;nom
disparité;3;nom
popularité;3;nom
paléo;3;adv
renard;3;nom
nostalgie;3;nom
infructueux;3;adj
lénine;3;nr
gravier;3;nom
psychothérapie;3;nom
exhibition;3;nom
grenouille;3;nom
combinaison;3;nom
olfactif;3;adj
addict;3;nr
camoufler;3;ver
cocotte;3;nom
injecter;3;ver
chèvre;3;nom
hyn;3;nr
pout;3;nr
progression;3;nom
berset;3;nr
oklm;3;nr
sottise;3;nom
helvète;3;adj
capturer;3;ver
arrondir;3;ver
atterrir;3;ver
perf;3;nr
bull;3;nom
reuters;3;nr
ruisseler;3;ver
millards;3;nr
money;3;nr
vergogne;3;nom
larbin;3;nom
flemmard;3;nom
conjointement;3;adv
bertarelli;3;nr
méfait;3;nom
tailler;3;ver
monopoliser;3;ver
commentes;3;nr
gueux;3;nom
vatican;3;nr
lisbonne;3;nr
désespérément;3;adv
leu;3;nom
refonte;3;nom
rer;3;nr
bourg;3;nom
massage;3;nom
popcorn;3;nr
plot;3;nom
ohhhhh;3;nr
reptile;3;nom
podium;3;nom
dilapider;3;ver
forfait;3;nom
régularité;3;nom
friday;3;nr
virgule;3;nom
abruti;3;nom
problem;3;nr
littéraire;3;adj
éditeur;3;nom
flingue;3;nom
discrétion;3;nom
banalises;3;nr
vibrer;3;ver
frouzes;3;nr
tput;3;nr
existentiel;3;adj
emji_cadeau;3;nom
emji_père_noël;3;nom
célébration;3;nom
polémiquer;3;ver
nécessiteux;3;nom
orphelinat;3;nom
thank;3;nr
frottement;3;nom
incendier;3;ver
dynamo;3;nom
particule;3;nom
profitable;3;adj
léon;3;nr
irl;3;nr
césar;3;nom
mongol;3;adj
hérisson;3;nom
animalier;3;adj
emji_conifère;3;nom
saumon;3;nom
bbq;3;nr
distiller;3;ver
revente;3;nom
orthodoxe;3;adj
solde;3;nom
chaleureux;3;adj
dérision;3;nom
surcharge;3;nom
encadrement;3;nom
mid;3;nr
économises;3;nr
versement;3;nom
papillon;3;nom
captivité;3;nom
faucon;3;nom
étaler;3;ver
sauvegarde;3;nom
volatil;3;adj
mac;3;nom
amortir;3;ver
vitamine;3;nom
davoir;3;nr
cotiseront;3;nr
émigrer;3;ver
surestiment;3;nr
tolérable;3;adj
stories;3;nr
décourager;3;ver
aisance;3;nom
plombe;3;nom
quittance;3;nom
pendre;3;ver
raffaella;3;nr
referendum;3;nom
session;3;nom
100x;3;nr
ecrire;3;nr
chere;3;nr
emji_urne_électorale;3;nom
manquement;3;nom
visa;3;nom
faculté;3;nom
lustre;3;nom
succursale;3;nom
asphyxier;3;ver
welcome;3;nr
dumping;3;nom
pack;3;nom
affûter;3;ver
pluriel;3;nom
obtention;3;nom
refermer;3;ver
opticien;3;nom
cuisson;3;nom
yougoslavie;3;nr
ignazio;3;nr
enclin;3;adj
tagger;3;nom
piano;3;nom
idiome;3;nom
a1;3;nr
reflechir;3;nr
lubie;3;nom
deutsch;3;nr
chambouler;3;ver
comms;3;nr
hmmm;3;nr
mutilation;3;nom
nièce;3;nom
coq;3;nom
miche;3;nom
défavorable;3;adj
emji_prince;3;nom
obscur;3;adj
voisinage;3;nom
rst;3;nr
succomber;3;ver
attraction;3;nom
sonore;3;adj
emji_pouce_vers_le_haut_peau_foncée;3;nom
somaliland;3;nr
icekiid;3;nr
reconnaitre;3;nr
province;3;nom
antérieur;3;adj
emji_v_de_la_victoire_peau_légèrement_mate;3;nom
marco;3;nr
invendu;3;nom
röstigraben;3;nr
jihad;3;nom
way;3;nr
contest;3;nr
rigide;3;adj
cgn;3;nr
convaincant;3;adj
chagrin;3;nom
emblématique;3;adj
brélaz;3;nr
ivg;3;nr
implicitement;3;adv
moeurs;3;nom
mysogine;3;nr
rance;3;adj
féminité;3;nom
maladroit;3;adj
depardieu;3;nr
emji_étoile;3;nom
pieuvre;3;nom
prédiction;3;nom
tombeau;3;nom
pâquerette;3;nom
animaliste;3;nr
occulter;3;ver
diktat;3;nom
boug;3;nr
égocentrisme;3;nom
brasser;3;ver
foulard;3;nom
soigneusement;3;adv
réarmement;3;nom
décerner;3;ver
fouet;3;nom
habile;3;adj
clarification;3;nom
kosovars;3;nr
etonne;3;nr
viva;3;nr
utopique;3;adj
tennis;3;nom
bourre;3;nom
bandé;3;adj
aviv;3;nr
gendarme;3;nom
mondialiste;3;adj
raquette;3;nom
relationnel;3;adj
déconstruire;3;ver
dorer;3;ver
affection;3;nom
émouvoir;3;ver
street;3;nr
fentanyl;3;nr
lgbtqia;3;nr
4ans;3;nr
terror;3;nr
bouillie;3;nom
humide;3;adj
éclipse;3;nom
résonner;3;ver
contrevenant;3;nom
diffamatoire;3;adj
complétement;3;nr
affabulez;3;nr
lamentablement;3;adv
photographie;3;nom
hérétique;3;nom
ols;3;nr
obsessionnel;3;adj
autoritarisme;3;nom
variation;3;nom
actu;3;nr
évincer;3;ver
combiner;3;ver
obésité;3;nom
anorexie;3;nom
kate;3;nr
riz;3;nom
propulser;3;ver
connard;3;nom
chouine;3;nr
harmoniser;3;ver
justesse;3;nom
squelette;3;nom
magazine;3;nom
souplesse;3;nom
pole;3;nom
koweït;3;nr
militairement;3;adv
apart;3;nr
pipo;3;nom
mou;3;adj
poignant;3;adj
same;3;nr
balfour;3;nr
harmonie;3;nom
météore;3;nom
cribler;3;ver
emji_pouce_vers_le_bas_peau_moyennement_claire;3;nom
jetable;3;adj
compresser;3;ver
fade;3;adj
jcrois;3;nr
nocturne;3;adj
désuet;3;adj
6e;3;nr
ennuyeux;3;adj
emji_coeur_rose;3;nr
accru;3;adj
sobre;3;adj
magic;3;nr
masterclass;3;nr
dino;3;nr
lsd;3;nom
trip;3;nom
violet;3;adj
gypaète;3;nom
here;3;nr
emji_bourgeon;3;nom
cb;3;nr
emji_icône_poubelle;3;nom
éteint;3;adj
hannibal;3;nr
hache;3;nom
emji_couteau_de_cuisine;3;nom
christianisme;3;nom
sectaire;3;adj
soja;3;nom
impressionner;3;ver
extrème;3;nr
center;3;nr
recruteur;3;nom
réfuter;3;ver
gifle;3;nom
airlines;3;nr
gratos;3;adv
percuter;3;ver
meneur;3;nom
erdogan;3;nr
cow_boy;3;nom
creer;3;nr
shame;3;nr
emji_voilier;3;nom
nobody;3;nr
incessant;3;adj
emji_tête_qui_parle;3;nom
debiles;3;nr
décence;3;nom
kif;3;nom
kidnapping;3;nom
denier;3;nom
varsovie;3;nr
torcher;3;ver
alexandrina;3;nr
6b_655;3;nr
pesée;3;nom
souffler;3;ver
fluidité;3;nom
ralentissement;3;nom
formalité;3;nom
paraphraser;3;ver
het;3;nr
try;3;nr
hors_la_loi;3;nom
piece;3;nr
gucci;3;nr
boussole;3;nom
entonnoir;3;nom
réécrire;3;ver
balad;3;nr
safed;3;nr
choucha;3;nr
beit;3;nr
daras;3;nr
sabra;3;nom
jaffer;3;ver
smotrich;3;nr
emji_drapeau_mali;3;nom
regret;3;nom
toujour;3;nr
aliens;3;nr
giger;3;nr
dlc;3;nr
fivem;3;nr
fendre;3;ver
city;3;nom
tr;3;nr
neta;3;nr
supercherie;3;nom
projecteur;3;nom
distributeur;3;nom
indonésie;3;nr
en_catimini;3;adv
dégoût;3;nom
convivial;3;adj
conventionnel;3;adj
cervelas;3;nom
ludique;3;adj
antoinette;3;nr
squid;3;nr
ip;3;nr
ponctionner;3;ver
interface;3;nom
résilier;3;ver
emji_pierre_précieuse;3;nom
usb;3;nr
démentiel;3;adj
emji_haute_tension;3;nom
approvisionnement;3;nom
minage;3;nom
mondialement;3;adv
friedman;3;nr
géothermie;3;nom
valorisant;3;adj
calculette;3;nom
adhérent;3;nom
séquestrer;3;ver
w;3;nom
g3nocide;3;nr
chávez;3;nr
clarté;3;nom
proférer;3;ver
lauréat;3;nom
couronner;3;ver
jury;3;nom
obama;3;nr
affront;3;nom
fondateur;3;nom
ecosse;3;nr
arthur;3;nr
egos;3;nr
pantin;3;nom
hollande;3;nom
allègrement;3;adv
ponctuel;3;adj
minéral;3;nom
dépit;3;nom
bouchonner;3;ver
empiriquement;3;adv
lavoc;3;nr
amsterdam;3;nr
abaissement;3;nom
surestimer;3;ver
navette;3;nom
paralyser;3;ver
excédent;3;nom
gland;3;nom
engorger;3;ver
sort;3;nom
100km;3;nr
psychiatre;3;nom
rd;3;nr
préfet;3;nom
nage;3;nom
groland;3;nr
élysée;3;nom
passation;3;nom
gorafi;3;nr
playstation;3;nr
expirer;3;ver
bonté;3;nom
ig;3;nr
prodiguer;3;ver
pharaon;3;nom
mazout;3;nom
lacs;3;nom
emji_visage_en_colère_avec_des_cornes;3;nom
demi_finale;3;nom
injustement;3;adv
festif;3;adj
dérivé;3;adj
misandre;3;nr
larousse;3;nr
troupeau;3;nom
always;3;nr
bz;3;nr
rétrograde;3;adj
daron;3;nom
ttes;3;nr
flatter;3;ver
anxiété;3;nom
rappeur;3;nom
politiser;3;ver
chad;3;nr
ahhhh;3;nr
gonflable;3;adj
emji_boisson_chaude;3;nom
ramassis;3;nom
cessation;3;nom
légitimer;3;ver
inouï;3;adj
autodéfense;3;nom
adjacent;3;adj
gazé;3;adj
sahel;3;nr
europeen;3;nr
masser;3;ver
nounou;3;nom
emji_visage_dans_les_nuages;3;nom
inéduqué;3;nr
human;3;nr
rights;3;nr
rapporteur;3;nom
propal;3;nr
nassé;3;nr
décapitation;3;nom
wokistes;3;nr
darius;3;nr
rapelle;3;nr
unwra;3;nr
iraq;3;nr
again;3;nr
illustré;3;adj
bonder;3;ver
pogrom;3;nom
daech;3;nr
compatible;3;adj
sécuritaires;3;nr
déviation;3;nom
emji_robot;3;nom
genoc;3;nr
appropriation;3;nom
vi0leurs;3;nr
etude;3;nr
négligé;3;adj
auxiliaire;3;adj
www;3;nr
repeuplement;3;nom
sabrer;3;ver
ui;3;nr
els;3;nr
emji_graphique_en_baisse;3;nom
ban;3;nom
this;3;nr
bouleverser;3;ver
convivialité;3;nom
sociabiliser;3;ver
corrélée;3;nr
emji_cocktail_tropical;3;nom
alcohol;3;nr
classé;3;adj
poésie;3;nom
societal;3;nr
reproche;3;nom
faf;3;nom
museum;3;nr
pois;3;nom
mandater;3;ver
detruire;3;nr
câlin;3;nom
emji_ours_en_peluche;3;nom
adéquation;3;nom
génocider;3;nr
belligérant;3;adj
intercepter;3;ver
armure;3;nom
varié;3;adj
animer;3;ver
taguer;3;ver
aboyer;3;ver
indien;3;adj
découdre;3;ver
déraper;3;ver
ensoleillé;3;adj
craquer;3;ver
dégénéré;3;nom
chair;3;nom
claquer;3;ver
fdp;3;nr
bientot;3;nr
emji_chapiteau;3;nom
discréditent;3;nr
déporter;3;ver
lacrymos;3;nr
ball;3;nr
tige;3;nom
vandaliser;3;ver
démolir;3;ver
metre;3;nr
clément;3;adj
egoiste;3;nr
à_mon_encontre;3;adv
soros;3;nr
paranoïaque;3;adj
neonazis;3;nr
planeur;3;nom
clouer;3;ver
licence;3;nom
médoc;3;nom
haye;3;nr
marcel;3;nom
hebdomadaire;3;adj
joug;3;nom
tapper;3;nr
hr;3;nr
arabic;3;nr
concorder;3;ver
indécence;3;nom
repression;3;nr
pagande;3;nr
a_priori;3;adv
hpi;3;nr
lacrimo;3;nr
7ème;3;nr
interpellation;3;nom
insipide;3;adj
conflict;3;nr
micro_ondes;3;nom
aiguisé;3;adj
finalité;3;nom
évaluation;3;nom
plèbe;3;nom
immersion;3;nom
siosio;3;nr
secouer;3;ver
mhh;3;nr
echelle;3;nr
ardoise;3;nom
appliqué;3;adj
motard;3;nom
kiff;3;nr
charline;3;nr
croisade;3;nom
tagué;3;nr
baraque;3;nom
securité;3;nr
emji_femme_qui_lève_la_main_peau_claire;3;nom
emji_chat_fatigué;3;nom
instrumentalisé;3;nr
loris;3;nom
quo;3;nr
techniquement;3;adv
uae;3;nr
ent;3;nr
emji_drapeau_arc_en_ciel;3;nom
doc;3;nom
prouesse;3;nom
cocaïne;3;nom
margoulin;3;nom
multirécidiviste;3;nom
singularité;3;nom
illusoire;3;adj
emplir;3;ver
manier;3;ver
geôle;3;nom
documenté;3;adj
thèse;3;nom
terrorristes;3;nr
répréhensible;3;adj
signifiant;3;adj
sincérité;3;nom
formel;3;adj
ilan;3;nr
pappé;3;nr
trentaine;3;nom
george;3;nr
affichage;3;nom
microplastiques;3;nr
parcourir;3;ver
digérer;3;ver
emji_drapeau_cap_vert;3;nom
tibet;3;nr
éthiopie;3;nr
cocasse;3;adj
déloger;3;ver
hispanique;3;adj
interesse;3;nr
indéfendable;3;adj
dépositaire;3;nom
enflammer;3;ver
lassitude;3;nom
symboliquement;3;adv
ocde;3;nr
kévin;3;nr
casanier;3;adj
syntaxe;3;nom
exceptionnellement;3;adv
résistant;3;adj
aminé;3;adj
emji_symbole_de_colère;3;nom
dick;3;nr
originalité;3;nom
kiffe;3;nr
nullissime;3;adj
prétentieux;3;adj
humainement;3;adv
déception;3;nom
atlas;3;nom
hope;3;nr
expropriation;3;nom
imposant;3;adj
patinoire;3;nom
nneries;3;nr
pathologie;3;nom
s3xuel;3;nr
incinération;3;nom
cadmium;3;nom
raie;3;nom
moisir;3;ver
veau;3;nom
antibio;3;nr
cachet;3;nom
fausser;3;ver
vien;3;nr
déblatérer;3;ver
emji_drapeau_blanc;3;nom
contraceptif;3;nom
dubitatif;3;adj
satanique;3;adj
spécificité;3;nom
galaxus;3;nr
zalando;3;nr
bowling;3;nom
microsoft;3;nr
apple;3;nr
incertitude;3;nom
sexion;3;nr
diff;3;nr
emji_visage_mécontent_avec_bouche_ouverte;3;nom
létalité;3;nom
compétions;3;nr
debile;3;nr
acné;3;nom
cuisinier;3;nom
antifas;3;nr
matraquage;3;nom
facette;3;nom
emji_voiture_de_police_de_face;3;nom
defund;3;nr
convoquer;3;ver
mat;3;nom
empathique;3;adj
nooon;3;nr
négation;3;nom
loyauté;3;nom
cohabiter;3;ver
soucieux;3;adj
cpp;3;nr
cumuler;3;ver
expérimenter;3;ver
créancier;3;nom
colline;3;nom
frayer;3;ver
nutriment;3;nom
pathologies;3;nr
unilatéralement;3;adv
aliéner;3;ver
souhaitable;3;adj
positionnement;3;nom
atf;3;nr
ib;3;nr
foulle;3;nr
legal;3;nr
atterrer;3;ver
contracter;3;ver
infernal;3;adj
20km;3;nr
jupe;3;nom
trott;3;nr
fuyard;3;nom
zigzaguer;3;ver
nyon;3;nr
emji_vélo;3;nom
foin;3;nom
quiétude;3;nom
biche;3;nom
éventualité;3;nom
hongrie;3;nr
golan;3;nr
collision;3;nom
pss;3;nr
medecins;3;nr
crs;3;nr
cabinet;3;nom
injustifiable;3;adj
extrapoler;3;ver
gore;3;adj
shoot;3;nom
ref;3;nr
tremblement;3;nom
kv;3;nr
emji_coche;3;nom
pastèque;3;nom
inquiet;3;adj
fourche;3;nom
oman;3;nr
consolider;3;ver
never;3;nr
mao;3;nom
general;3;nr
réplique;3;nom
rafah;3;nr
obus;3;nom
colporter;3;ver
geno;3;nr
vio;3;nr
équation;3;nom
pensance;3;nr
emménager;3;ver
intrinsèque;3;adj
requis;3;adj
candidature;3;nom
clash;3;nom
horlogères;3;nr
savant;3;nom
gamelle;3;nom
fâcheux;3;adj
spotify;3;nr
evo;3;nr
aws;3;nr
hunter;3;nom
generation;3;nr
hockey;3;nom
patate;3;nom
fanatisme;3;nom
madrid;3;nr
perplexe;3;adj
anticipation;3;nom
ecs;3;nr
péréquation;3;nom
postulat;3;nom
compréhensif;3;adj
bonhomme;3;nom
gracieusement;3;adv
mandela;3;nr
nationalisme;3;nom
pop_corn;3;nom
trésor;3;nom
british;3;adj
diamant;3;nom
laborieux;3;adj
xix;3;nr
monarchie;3;nom
effacement;3;nom
cupidité;3;nom
gwer;3;nr
inclu;3;nr
manutention;3;nom
uk;3;nr
maintenance;3;nom
differents;3;nr
chaines;3;nr
superflu;3;adj
lidl;3;nr
emji_poing_de_face;3;nom
ace;3;nom
risme;3;nr
parcqu;3;nr
djihadistes;3;nr
uta;3;nr
mario;3;nr
pen;3;nr
parcque;3;nr
contravention;3;nom
centimètre;3;nom
inhérent;3;adj
impeccable;3;adj
punitif;3;adj
hazard;3;nr
iceberg;3;nom
démantèlement;3;nom
trail;3;nr
rotule;3;nom
vertical;3;adj
poing;3;nom
respiration;3;nom
casserole;3;nom
twitter;3;nr
contributeurs;3;nr
abnégation;3;nom
stan;3;nr
astuce;3;nom
zoom;3;nom
teflon;3;nr
séduisant;3;adj
vieil;3;adj
tier;3;nr
emji_femme_qui_hausse_les_épaules_peau_mate;3;nom
obtempérer;3;ver
emji_voiture_de_police;3;nom
fatal;3;adj
20x;3;nr
emji_drapeau_soudan;3;nom
décorer;3;ver
regles;3;nr
géo;3;nom
prospérer;3;ver
sfr;3;nr
palier;3;nom
tre;3;nr
parité;3;nom
pénalisent;3;nr
20k;3;nr
acronyme;3;nom
perceptible;3;adj
crayon;3;nom
défaillance;3;nom
joconde;3;nr
follow;3;nr
palestoche;3;nr
gérard;3;nr
encontre;3;nr
allumé;3;adj
pretty;3;nr
nicod;3;nr
golfe;3;nom
générosité;3;nom
frustrant;3;adj
isr;3;nr
évacuation;3;nom
novice;3;nom
ascension;3;nom
alpiniste;3;nom
défectueux;3;adj
prudent;3;adj
ventilation;3;nom
pistolet;3;nom
microbiote;3;nr
hs;3;nr
biologiste;3;nom
métabolisme;3;nom
bille;3;nom
olive;3;nom
b12;3;nr
pubmed;3;nr
heart;3;nr
hydrate;3;nom
exploration;3;nom
unanimité;3;nom
forer;3;ver
lampadaire;3;nom
qand;3;nr
emji_ours;3;nom
hibernation;3;nom
grassement;3;adv
noyauter;3;ver
inaperçu;3;adj
méprisant;3;adj
lola;3;nr
moutier;3;nom
gangrené;3;adj
effarant;3;adj
volaille;3;nom
viral;3;adj
mutation;3;nom
floyd;3;nr
emji_champignon_marron;3;nom
emji_champignon;3;nom
champi;3;nom
cueillette;3;nom
régulation;3;nom
cro;3;nr
magnon;3;nr
croûte;3;nom
surfeur;3;nom
brice;3;nr
neuchatel;3;nr
hawaï;3;nr
redresser;3;ver
tropical;3;adj
libertarien;3;nr
péronisme;3;nr
envergure;3;nom
fachiste;3;nr
aggressions;3;nr
sement;3;nr
back;3;nom
hectare;3;nom
léser;3;ver
dgpc;3;nr
anp;3;nr
bombardier;3;nom
millionième;3;adj
illégitime;3;adj
drag;3;nom
partition;3;nom
vouvoiement;3;nom
vaisseau;3;nom
luisier;3;nr
fromagerie;3;nom
légitimement;3;adv
fillette;3;nom
enfumé;3;adj
pompeux;3;adj
incalculable;3;adj
linkedin;3;nr
emji_porte_documents;3;nom
vrac;3;nom
pkus;3;nr
banalisation;3;nom
confisquer;3;ver
maggi;3;nr
emji_visage_qui_bave;3;nom
viking;3;nom
sumo;3;nom
démentir;3;ver
vi0ls;3;nr
gravats;3;nom
volume;3;nom
loto;3;nom
neutral;3;nr
temoin;3;nr
mâchefers;3;nr
societé;3;nr
davos;3;nr
contreproductif;3;nr
authorisé;3;nr
debat;3;nr
épidémie;3;nom
asthme;3;nom
stigmatisation;3;nr
crânien;3;adj
transit;3;nom
conformité;3;nom
melissa;3;nr
métis;3;nom
résoud;3;nr
castro;3;nr
démanteler;3;ver
cimetière;3;nom
asphalte;3;nom
pots_de_vin;3;nom
district;3;nom
neutraliser;3;ver
liberale;3;nr
avc;3;nr
cyclique;3;adj
wilders;3;nr
obsèques;3;nom
inscription;3;nom
choupette;3;nom
x2;3;nr
parenté;3;nom
frique;3;nr
80km;3;nr
mdrrrrr;3;nr
pedocriminel;3;nr
statue;3;nom
pantoufle;3;nom
shirt;3;nr
golf;3;nom
combustion;3;nom
isolation;3;nom
survoler;3;ver
confortablement;3;adv
ressemblant;3;adj
maya;3;adj
federal;3;nr
noah;3;nr
mairie;3;nom
cérémonie;3;nom
atténuer;3;ver
non_fumeurs;3;adj
puant;3;adj
oxygène;3;nom
indu;3;adj
sociéter;3;nr
instrumentaliser;3;nr
rdc;3;nr
barb;3;nr
cadrer;3;ver
glander;3;ver
inadéquat;3;adj
ambassade;3;nom
pedophile;3;nr
décadence;3;nom
cingler;3;ver
inconsolable;3;adj
asloca;3;nr
naef;3;nr
nico;3;nr
rétro;3;adj
hôtellerie;3;nom
emji_biceps_contracté_peau_mate;3;nom
emme;3;nr
comté;3;nom
arbitre;3;nom
bleri;3;nr
rohingyas;3;nr
bannière;3;nom
aspirateur;3;nom
externe;3;adj
connor;3;nr
portion;3;nom
renouvellement;3;nom
kosovar;3;nom
vitia;3;nr
voilé;3;adj
domage;3;nr
johan;3;nr
étroitesse;3;nom
easyride;3;nr
acc;3;nr
fourberie;3;nom
introduction;3;nom
chemise;3;nom
inclusifs;3;nr
racelards;3;nr
délocalisent;3;nr
iii;3;nr
accusateur;3;nom
fachisme;3;nr
support;3;nom
lanceur;3;nom
fuiter;3;ver
exhiber;3;ver
css;3;nr
effréné;3;adj
serein;3;adj
emji_citron;3;nom
utérus;3;nom
eglise;3;nr
lao;3;nom
rattacher;3;ver
appréciation;3;nom
irréaliste;3;adj
réapprendre;3;ver
rétrécissement;3;nom
rajouterai;3;nr
derriere;3;nr
thai;3;nr
16h;3;nr
malmö;3;nr
voiture_lits;3;nr
dard;3;nom
afro_américain;3;adj
democrates;3;nr
ruralité;3;nr
emji_singe;3;nom
chiite;3;nr
astéroïde;3;nom
neurotoxique;3;adj
cuve;3;nom
éboulement;3;nom
submerger;3;ver
pfister;3;nr
élitisme;3;nom
inédit;3;adj
sinaï;3;nr
voui;3;nr
dicton;3;nom
militarisation;3;nom
sponsor;3;nom
provocant;3;adj
armee;3;nr
5j;3;nr
machiste;3;adj
carlos;3;nr
manzo;3;nr
photoshop;3;nr
odieux;3;adj
psychotique;3;adj
secourir;3;ver
pp;3;nr
cristo;3;nr
récepteur;3;nom
vuala;3;nr
pedocriminalité;3;nr
pédo;3;nr
jung;3;nr
autisme;3;nom
nicotine;3;nom
astreindre;3;ver
322septies;3;nr
fcpa;3;nr
ide;3;nom
offrande;3;nom
éléphant;3;nom
notoire;3;adj
persistant;3;adj
infertile;3;adj
suer;3;ver
pythagore;3;nr
hoodie;3;nr
claquette;3;nom
survet;3;nr
niaminacide;3;nr
inhabituel;3;adj
beauty;3;nr
lavabo;3;nom
khagn;3;nr
rek;3;nr
ndoye;3;nr
emji_goutte_de_sang;3;nom
bavière;3;nr
coque;3;nom
écho;3;nom
remontée;3;nom
foirer;3;ver
inexpliqué;3;adj
menstruel;3;adj
intéressé;3;adj
chaire;3;nom
poker;3;nom
clivage;3;nom
clap;3;nom
histamine;3;nom
policeactivity;3;nr
déculpabiliser;3;ver
gavazzeni;3;nr
prairie;3;nom
jenish;3;nr
camping;3;nom
sintés;3;nr
nomade;3;nom
dévaloriser;3;ver
windows;3;nr
liechtenstein;3;nr
ranking;3;nr
estonie;3;nr
marino;3;nr
calédonie;3;nr
lituanie;3;nr
gibraltar;3;nr
enleve;3;nr
equateur;3;nr
fiji;3;nr
tahiti;3;nr
samoa;3;nr
décrocher;3;ver
menstruées;3;nr
menstruation;3;nom
roesti;3;nr
caserne;3;nom
known;2;nr
jeff;2;nr
fifteen;2;nr
terrific;2;nr
even;2;nr
said;2;nr
beautiful;2;nr
much;2;nr
many;2;nr
them;2;nr
younger;2;nr
side;2;nr
jet_set;2;nom
énigme;2;nom
fuité;2;nr
revirement;2;nom
volet;2;nom
emji_sablier;2;nom
degueulasserie;2;nr
bourbier;2;nom
leurrer;2;ver
8eme;2;nr
consécutif;2;adj
25mio;2;nr
impot;2;nr
eté;2;nr
50million;2;nr
probant;2;adj
benef;2;nr
naitre;2;nr
realité;2;nr
climatiquement;2;nr
proportionnellemebt;2;nr
500k;2;nr
ouuu;2;nr
deçà;2;adv
000chf;2;nr
altruisme;2;nom
titanesque;2;adj
mercantile;2;adj
flex;2;nr
feignant;2;adj
rotschild;2;nr
taxera;2;nr
fructifier;2;ver
20min;2;nr
aur;2;nr
recentrer;2;ver
thermes;2;nom
sophisme;2;nom
glissant;2;adj
implémenté;2;nr
hégémonie;2;nom
irrationnel;2;adj
excéder;2;ver
planquer;2;ver
jojo;2;adj
stimulation;2;nom
humblement;2;adv
pomper;2;ver
nebel;2;nr
cumulent;2;nr
vw;2;nr
proportionnels;2;nr
incitations;2;nr
buser_utilisateurice;2;nr
raphaël;2;nr
valuée;2;nr
assets;2;nr
paillasson;2;nom
icc;2;nr
mios;2;nr
antinomique;2;adj
heriter;2;nr
divertir;2;ver
limpide;2;adj
fucking;2;nr
biel;2;nr
magouiller;2;ver
taxations;2;nr
concis;2;adj
garde_fou;2;nom
réaménagement;2;nom
btw;2;nr
correlation;2;nr
intimement;2;adv
prédisposition;2;nom
dogmatique;2;adj
dogmatisme;2;nom
esr;2;nr
livret;2;nom
corroborer;2;ver
converger;2;ver
déséquilibrer;2;ver
comprennez;2;nr
elite;2;nr
core;2;nr
penchant;2;nom
raboter;2;ver
endeuillé;2;adj
ignacio;2;nr
muraille;2;nom
hahahahaha;2;nr
réconcilier;2;ver
syndicaliste;2;nom
800m;2;nr
coexistence;2;nom
tronc;2;nom
watson;2;nr
dyslexique;2;adj
votant;2;nom
caise;2;nr
flatterie;2;nom
mendicité;2;nom
habité;2;adj
beatles;2;nr
now;2;nr
then;2;nr
réfractaire;2;adj
faitent;2;nr
american;2;nr
supposément;2;adv
cueillir;2;ver
maturation;2;nom
maraîcher;2;nom
nutritionniste;2;nom
nutritif;2;adj
bâche;2;nom
consomation;2;nr
raz;2;nom
soda;2;nom
rhum;2;nom
mcdonald;2;nr
surconsommer;2;ver
preferent;2;nr
culinaire;2;adj
gnia;2;nr
emji_femme_blonde_peau_claire;2;nom
inefficacité;2;nom
flâner;2;ver
bémol;2;nom
silhouette;2;nom
exagéré;2;adj
répétitif;2;adj
355chf;2;nr
horriblement;2;adv
laid;2;adj
dla;2;nr
débecter;2;ver
démocratisation;2;nom
graphique;2;nom
lisse;2;adj
model;2;nom
artists;2;nr
mix;2;nr
perfectible;2;adj
emji_dos_de_main_levée;2;nom
10e;2;nr
ips;2;nr
expérimenté;2;adj
spécialisation;2;nom
fardeau;2;nom
21h;2;nr
paperasse;2;nom
garagiste;2;nom
chuis;2;nr
damn;2;nr
moumoute;2;nom
kc;2;nr
pelouse;2;nom
implant;2;nom
crées;2;nr
greffer;2;ver
greffe;2;nom
greffon;2;nom
cicatrisation;2;nom
indulgent;2;adj
paradoxalement;2;adv
grouper;2;ver
has_been;2;nom
chauve;2;adj
caviarder;2;ver
pelos;2;nr
volik680;2;nr
sky;2;nr
pfizer;2;nr
classifier;2;ver
doublon;2;nom
restructuration;2;nom
antique;2;adj
ppm;2;nr
fantasque;2;adj
emji_tête_secouée_horizontalement;2;nom
jais;2;nom
reseaux;2;nr
5cm;2;nr
palézieux;2;nr
fiancé;2;nom
épique;2;adj
emji_bonhomme_de_neige;2;nom
gerer;2;nr
chacunes;2;nr
maîtresse;2;nom
thailande;2;nr
alourdir;2;ver
450k;2;nr
dangeureuses;2;nr
réintégration;2;nom
bellinzona;2;nr
enzo;2;nr
protege;2;nr
toile;2;nom
archéologique;2;adj
joke;2;nr
complaisant;2;adj
brigandage;2;nom
sous_vêtement;2;nom
tally;2;nr
weijl;2;nr
débâcle;2;nom
imbécilité;2;nr
stoper;2;nr
gén;2;nr
casa;2;nom
denner;2;nr
hard;2;adj
couturier;2;nom
colorer;2;ver
tailleur;2;nom
douille;2;nom
3xl;2;nr
hermétique;2;adj
vosges;2;nr
subitement;2;adv
cancérogène;2;adj
nonantemag;2;nr
extrémité;2;nom
tramway;2;nom
frontal;2;adj
tracer;2;ver
alstom;2;nr
plainpalais;2;nr
bouchée;2;nom
faisabilité;2;nom
julien;2;adj
lon;2;nr
inauguration;2;nom
détour;2;nom
mouette;2;nom
raccordement;2;nom
rénover;2;ver
4eme;2;nr
gingolph;2;nr
frouz;2;nr
cern;2;nr
éloigné;2;adj
évolutif;2;adj
urbanisme;2;nom
entasser;2;ver
lemanique;2;nr
alger;2;nr
mont_blanc;2;nom
assainissement;2;nom
usé;2;adj
waou;2;nr
emji_globe_tourné_sur_les_amériques;2;nom
remuer;2;ver
rdes;2;nr
ingéniosité;2;nom
sevrage;2;nom
accompagnants;2;nr
antan;2;nom
letten;2;nr
dope;2;nom
confection;2;nom
damoiseau;2;nom
abîme;2;nom
sociologie;2;nom
loïc;2;nr
wacquant;2;nr
sociologue;2;nom
épater;2;ver
casino;2;nom
redressement;2;nom
lacher;2;nr
socialo;2;nom
flancher;2;ver
bouleversant;2;adj
cheminement;2;nom
2balles;2;nr
individualisme;2;nom
causal;2;adj
sandwich;2;nom
vautour;2;nom
yves;2;nr
brader;2;ver
roulette;2;nom
psychotrope;2;nom
attrayant;2;adj
trahison;2;nom
transitoire;2;adj
bulle;2;nom
lobbyisme;2;nr
anticonstitutionnel;2;adj
dégringolade;2;nom
prioriser;2;nr
far_west;2;nom
emji_visage_avec_chapeau_de_cowboy;2;nom
trkl;2;nr
riverain;2;nom
commissaire;2;nom
emji_papillon;2;nom
notallmen;2;nr
ouïe;2;nom
lapsus;2;nom
victimisme;2;nr
comis;2;nr
sos;2;nr
cacahouète;2;nom
déficitaire;2;adj
séquelle;2;nom
laura;2;nr
naaan;2;nr
emji_médaille_d_or;2;nom
emji_skieur;2;nom
électorat;2;nom
réélire;2;ver
tutos;2;nr
clest;2;nr
colorier;2;ver
théorème;2;nom
emji_bébé_ange;2;nom
intêret;2;nr
tremplin;2;nom
marguet;2;nr
bruno;2;nr
wiesel;2;nr
sieste;2;nom
recents;2;nr
emji_visage_avec_bandage_autour_de_la_tête;2;nom
bigard;2;nr
crotte;2;nom
subliminal;2;adj
yohan;2;nr
emji_dossier_ouvert;2;nom
dj;2;nr
vanne;2;nom
2nd;2;nr
sagement;2;adv
nasa;2;nr
clip;2;nom
jews;2;nr
valcambi;2;nr
divergence;2;nom
bit;2;nom
scam;2;nr
set;2;nom
positivité;2;nom
oesch;2;nr
muotatal;2;nr
arpitan;2;nr
adolf;2;nr
delamuraz;2;nr
signataire;2;nom
trucage;2;nom
abstentions;2;nr
abstention;2;nom
désamorcer;2;ver
polluantes;2;nr
enorme;2;nr
féodal;2;adj
glandeur;2;nom
chuchu;2;nr
chi;2;nom
chai;2;nom
sciemment;2;adv
grotesque;2;adj
prédécesseur;2;nom
ptet;2;nr
immobilisme;2;nom
indignez;2;nr
révisionniste;2;adj
emji_pouce_et_index_rapprochés;2;nom
retrousser;2;ver
appauvrissement;2;nom
bousiller;2;ver
desordre;2;nr
comportemental;2;adj
négligent;2;adj
tolerance;2;nr
emji_monstre_japonais;2;nom
interets;2;nr
paria;2;nom
aled;2;nr
pandémie;2;nom
qual;2;nr
ele;2;nr
commémoration;2;nom
vitalité;2;nom
piranha;2;nom
joyau;2;nom
clôturer;2;ver
real;2;nr
dictadure;2;nr
biographie;2;nom
slava;2;nr
ra;2;nom
frange;2;nom
fourrer;2;ver
rythmique;2;nom
claude;2;nom
gangster;2;nom
olympia;2;nr
haaaa;2;nr
déterrer;2;ver
rebeller;2;ver
brasse;2;nom
retournement;2;nom
bardella;2;nr
méthodologie;2;nom
éditorialisme;2;nr
major;2;nom
combustible;2;nom
visio;2;nr
nucleaire;2;nr
vecteur;2;nom
fusion;2;nom
décarbonée;2;nr
pilotable;2;nr
opérationnel;2;adj
pétrochimie;2;nom
décarboner;2;nr
cn;2;nr
jeton;2;nom
verite;2;nr
memes;2;nr
oxfam;2;nr
30k;2;nr
6k;2;nr
traînée;2;nom
resserrer;2;ver
pi;2;nom
oubliette;2;nom
rééduquer;2;ver
bourde;2;nom
repondre;2;nr
emji_bouche;2;nom
diététicien;2;nom
3ans;2;nr
jeûner;2;ver
ougandais;2;nom
sibérie;2;nr
brutalité;2;nom
alternance;2;nom
vapeur;2;nom
vulgariser;2;ver
atmosphérique;2;adj
renseignes;2;nr
urgentistes;2;nr
ad;2;nr
imbécilités;2;nr
fluctuants;2;nr
trumpiste;2;nr
désinformer;2;ver
emblème;2;nom
ruben;2;nr
éternité;2;nom
pn;2;nr
irréel;2;adj
bom;2;nr
parcelle;2;nom
baby;2;nom
joignable;2;adj
téléphoner;2;ver
précédemment;2;adv
pavaner;2;ver
mortifère;2;adj
anticapitaliste;2;adj
yoga;2;nom
35h;2;nr
heur;2;nom
lunch;2;nom
problemes;2;nr
shadowban;2;nr
fusillade;2;nom
repet;2;nr
recharger;2;ver
consigne;2;nom
confinement;2;nom
grader;2;nom
enorment;2;nr
structurer;2;ver
pleindre;2;nr
rte;2;nr
sucide;2;nr
lacunaire;2;adj
fur;2;nr
hérésie;2;nom
sugus;2;nr
tempora;2;nr
ptetre;2;nr
attitré;2;adj
leadership;2;nom
conscription;2;nom
culasse;2;nom
réactif;2;nom
réintroduction;2;nr
imminent;2;adj
pof;2;nr
réintroduire;2;ver
guérilla;2;nom
impatient;2;adj
infuser;2;ver
pertinemment;2;adv
scrupuleux;2;adj
excelente;2;nr
dissolu;2;adj
troie;2;nr
000km2;2;nr
embrasement;2;nom
emji_hibiscus;2;nom
désintéresser;2;ver
xxi;2;nr
respectif;2;adj
pretexte;2;nr
moqueur;2;adj
sexualisent;2;nr
hammam;2;nom
sauna;2;nom
halle;2;nom
rincer;2;ver
baignoire;2;nom
factoriel;2;nr
provoc;2;nom
fsire;2;nr
ls;2;nr
occasionner;2;ver
corpulence;2;nom
different;2;nr
annees;2;nr
féerique;2;adj
rancoeur;2;nom
renfermement;2;nom
forger;2;ver
caleçon;2;nom
zizi;2;nom
humiliant;2;adj
angoissé;2;adj
pudique;2;adj
melange;2;nr
pommade;2;nom
evenement;2;nr
operation;2;nr
trading;2;nr
gaillard;2;nom
interférer;2;ver
plébisciter;2;ver
elisabeth;2;nr
embrasser;2;ver
taiwan;2;nr
unige;2;nr
tisser;2;ver
fourniture;2;nom
éthiquement;2;adv
relevé;2;nom
astucieux;2;adj
sterile;2;nr
bfs;2;nr
mousser;2;ver
etrangers;2;nr
aveuglement;2;nom
malentendant;2;adj
déroutant;2;adj
corcelles;2;nr
interpretation;2;nr
deformation;2;nr
déformation;2;nom
sophietorga;2;nr
bete;2;nr
ben10;2;nr
mirror;2;nr
jimmy;2;nr
emji_note_de_musique;2;nom
grandiose;2;adj
they;2;nr
débutant;2;nom
lenteur;2;nom
frémir;2;ver
pêcher;2;ver
emji_renard;2;nom
gstaad;2;nr
enneigé;2;adj
emji_père_noël_peau_moyennement_claire;2;nom
appréciable;2;adj
revisiter;2;ver
brocante;2;nom
peaky;2;nr
artefact;2;nom
patrimoniale;2;nr
milions;2;nr
nantermod;2;nr
architectural;2;adj
surdimensionné;2;adj
corbeau;2;nom
chant;2;nom
endémique;2;adj
emji_nez;2;nom
échantillon;2;nom
aisselle;2;nom
bicarbonate;2;nom
genz;2;nr
deo;2;nr
reconsidérer;2;ver
enneigement;2;nom
jan;2;nom
ancré;2;adj
vice_présidence;2;nom
prank;2;nr
técol;2;nr
haver;2;ver
oder;2;nr
histoir;2;nr
honorifique;2;adj
patriotique;2;adj
curieusement;2;adv
pnj;2;nr
prefer;2;nr
consensuel;2;adj
ancienneté;2;nom
traditionnellement;2;adv
tik;2;nr
tok;2;nr
rabâcher;2;ver
délaisser;2;ver
profie;2;nr
crétacé;2;nom
estomac;2;nom
fosse;2;nom
emji_sauropode;2;nom
scroller;2;nr
récuser;2;ver
accaparent;2;nr
ablation;2;nom
guillotin;2;nr
coté;2;adj
appauvrissent;2;nr
instrument;2;nom
asservissement;2;nom
soustraction;2;nom
rageant;2;adj
périle;2;nr
emji_main_avec_index_et_pouce_croisés_peau_claire;2;nom
cs;2;nr
initialement;2;adv
incontestable;2;adj
philosophique;2;adj
innovent;2;nr
impossibilité;2;nom
fratelo;2;nr
méninge;2;nom
emji_visage_mécontent;2;nom
resultat;2;nr
paradigme;2;nom
ded;2;nr
dela;2;nr
terminal;2;nom
lys;2;nom
criard;2;adj
irremplaçable;2;adj
bachet;2;nr
porte_avion;2;nom
emji_graphique_en_hausse;2;nom
pare_balles;2;adj
paquis;2;nr
arret;2;nr
phare;2;nom
emji_pouce_vers_le_haut_peau_mate;2;nom
emji_ok_peau_légèrement_mate;2;nom
coffee;2;nr
synthèse;2;nom
pillule;2;nr
michelle;2;nr
luca;2;nr
hopp;2;nr
why;2;nr
emji_personne_avec_la_paume_sur_le_visage_peau_moyennement_claire;2;nom
90chf;2;nr
simplicité;2;nom
coiffure;2;nom
bravooo;2;nr
amazone;2;nom
friand;2;adj
aaa;2;nr
gif;2;nr
emji_toilettes;2;nom
givré;2;adj
feministe;2;nr
wattpad;2;nr
filon;2;nom
fasciner;2;ver
pcque;2;nr
romantique;2;adj
repérer;2;ver
manga;2;nom
fantasmer;2;ver
cauchemardesque;2;adj
craignos;2;adj
chill;2;nr
dramatiser;2;ver
x100;2;nr
normalisation;2;nom
romancé;2;adj
déconstruits;2;nr
picoler;2;ver
rangée;2;nom
verité;2;nr
fantaisie;2;nom
emji_drapeau_royaume_uni;2;nom
ouff;2;nr
bahaha;2;nr
gille;2;nom
hoo;2;nr
merry;2;nr
christmas;2;nom
amortisseur;2;nom
réinvestir;2;ver
escient;2;nom
room;2;nr
figuré;2;adj
déroger;2;ver
vibration;2;nom
lampe;2;nom
abstraction;2;nom
modulation;2;nom
imputer;2;ver
questionnable;2;nr
délimiter;2;ver
copeau;2;nom
acidité;2;nom
réutiliser;2;ver
ecolo;2;nr
grange;2;nom
ramassage;2;nom
dinde;2;nom
savourer;2;ver
cumulée;2;nr
qualite;2;nr
alignement;2;nom
déductible;2;adj
stagnants;2;nr
doré;2;adj
vieillesse;2;nom
exonéré;2;nr
chihuahua;2;nom
bescherelle;2;nr
perruche;2;nom
spix;2;nr
effrayé;2;adj
emji_maison;2;nom
transmissible;2;adj
emji_globe_avec_méridiens;2;nom
emji_aigle;2;nom
clasher;2;nr
silver;2;nr
controle;2;nr
mythique;2;adj
emji_crème_renversée;2;nom
camer;2;ver
emji_plus;2;nom
oseille;2;nom
partenariat;2;nom
stratus;2;nom
4g;2;nr
couramment;2;adv
dureté;2;nom
charlatan;2;nom
bilingue;2;nom
catholicisme;2;nom
simplette;2;nom
atteignable;2;adj
extrêmiste;2;nr
cadran;2;nom
décentraliser;2;ver
josé;2;nr
beacoup;2;nr
prioritaire;2;adj
grammatical;2;adj
locuteurs;2;nr
locuteur;2;nom
argumentative;2;nr
trimballer;2;ver
débit;2;nom
baston;2;nom
immaculé;2;adj
grüezi;2;nr
ladite;2;adj
emji_drapeau_italie;2;nom
ping;2;nr
expats;2;nr
communautarisme;2;nr
desir;2;nr
pifomètre;2;nom
rafaella;2;nr
maitrises;2;nr
debleu;2;nr
balkans;2;nr
att;2;nr
pâté;2;nom
démographie;2;nom
grosso_modo;2;adv
exponentiel;2;adj
ampoule;2;nom
bashing;2;nr
reveille;2;nr
gneugneugneu;2;nr
illettré;2;adj
élémentaire;2;adj
toledo;2;nr
dijon;2;nr
calculatrice;2;nom
tigrinya;2;nr
ghetto;2;nom
ledit;2;adj
noyau;2;nom
assimilation;2;nom
klaxonner;2;ver
prisme;2;nom
rediscuter;2;ver
durcissement;2;nom
rabaissement;2;nom
plagiat;2;nom
liké;2;nr
fach;2;nr
antifasciste;2;nom
accomplissement;2;nom
assoc;2;nr
tutoyer;2;ver
bégayer;2;ver
pretendre;2;nr
marseillais;2;nom
was;2;nr
ich;2;nr
14ans;2;nr
frauder;2;ver
assorti;2;adj
pondeur;2;nom
égorgement;2;nom
consommable;2;adj
abattoir;2;nom
futile;2;adj
emji_bout_des_doigts_joints_peau_claire;2;nom
bergues;2;nr
poilu;2;adj
miteux;2;adj
réveillon;2;nom
etonnement;2;nr
urgemment;2;adv
réutilisable;2;nr
electrique;2;nr
alarmiste;2;adj
reduction;2;nr
prune;2;nom
sursauter;2;ver
pétard;2;nom
moyenâgeux;2;adj
sses;2;nr
festivité;2;nom
parano;2;adj
pêter;2;nr
bananaz;2;nr
renter;2;ver
boicot;2;nr
flinguer;2;ver
hin;2;nr
charabia;2;nom
noif;2;nr
zèle;2;nom
imparfait;2;adj
vacciner;2;ver
ecolos;2;nr
rocket;2;nom
domino;2;nom
kamikaze;2;nom
emji_téléphone_portable;2;nom
inlines;2;nr
emji_trottinette;2;nom
veine;2;nom
ivano;2;nr
ballade;2;nom
fièvre;2;nom
tl;2;nr
emji_gâteau_d_anniversaire;2;nom
syndic;2;nom
madeleine;2;nom
redoutable;2;adj
inventeur;2;nom
demeurer;2;ver
brelaz;2;nr
chantal;2;nr
finement;2;adv
emji_rose;2;nom
fascisation;2;nr
chiot;2;nom
6x;2;nr
égoûts;2;nr
crocodile;2;nom
importuner;2;ver
supporteur;2;nom
poète;2;nom
dégueuler;2;ver
affranchir;2;ver
recueillement;2;nom
a_fortiori;2;adv
viscéral;2;adj
emji_bougie;2;nom
boucherie;2;nom
honorable;2;adj
débauche;2;nom
bâtard;2;nom
proliférer;2;ver
bison;2;nom
homo;2;adj
sapiens;2;adj
lenin;2;nr
euhhh;2;nr
récidiviste;2;nom
deso;2;nr
votres;2;nr
dilemme;2;nom
daccord;2;nr
indéfiniment;2;adv
monastère;2;nom
pacifisme;2;nom
crapule;2;nom
souverainiste;2;nr
autodétermination;2;nom
compiler;2;ver
000frs;2;nr
affiner;2;ver
frauduleux;2;adj
farcir;2;ver
lister;2;ver
concevable;2;adj
examples;2;nr
surcroît;2;nom
décrédibilise;2;nr
freres;2;nr
sabalenka;2;nr
etant;2;nr
u15;2;nr
kyrgios;2;nr
nadal;2;nr
federer;2;nr
rroristes;2;nr
hiroshima;2;nr
débarquement;2;nom
distraire;2;ver
grenier;2;nom
culer;2;ver
cerne;2;nom
presidents;2;nr
pleithores;2;nr
tick;2;nr
tock;2;nr
fakes;2;nr
vocal;2;adj
oceans;2;nr
infinitésimal;2;adj
lunosensible;2;nr
lunatique;2;adj
foufou;2;adj
rouleau;2;nom
bodycount;2;nr
ctrl;2;nr
view;2;nr
tribal;2;adj
telegram;2;nr
expatrié;2;nom
sourcé;2;nr
lool;2;nr
trouvable;2;adj
converser;2;ver
théoriser;2;ver
globe;2;nom
mouillé;2;adj
vice_versa;2;adv
porsche;2;nr
vertueux;2;adj
obéissant;2;adj
aggressifs;2;nr
subtil;2;adj
pardonnables;2;nr
jen;2;nr
profilage;2;nom
ascendant;2;adj
modernité;2;nom
judéo_chrétien;2;adj
bénin;2;adj
plaider;2;ver
reflexions;2;nr
marqueur;2;nom
clivants;2;nr
discrédit;2;nom
autodafé;2;nom
récession;2;nom
preference;2;nr
péjoratif;2;adj
victimises;2;nr
week;2;nr
ambulant;2;adj
auser_utilisateurice;2;nr
ajout;2;nom
ectomorphe;2;nr
minceur;2;nom
demon;2;nr
entendement;2;nom
couture;2;nom
introspection;2;nom
inconfort;2;nom
cadis;2;nr
1re;2;nr
imaginable;2;adj
emji_singe_ne_rien_dire;2;nom
coordination;2;nom
contre_attaquer;2;ver
incorrect;2;adj
confit;2;adj
ramin;2;nr
emparer;2;ver
premiere;2;nr
maia;2;nr
network;2;nr
amas;2;nom
sémite;2;nom
tat;2;nr
pitie;2;nr
barak;2;nr
auditeur;2;nom
ehud;2;nr
texas;2;nr
integre;2;nr
hospitalité;2;nom
bella;2;nr
detre;2;nr
ishmael;2;nr
malinois;2;nom
si0nistes;2;nr
scandinavie;2;nr
israelienne;2;nr
analytique;2;adj
laps;2;nom
maurice;2;nr
lalala;2;nr
cratère;2;nom
caler;2;ver
emji_comète;2;nom
50km;2;nr
consumer;2;ver
métallique;2;adj
contrefaçon;2;nom
flore;2;nom
emphase;2;nom
sàrl;2;nr
audrey;2;nr
quantique;2;adj
green;2;nom
fret;2;nom
flashy;2;nr
continuité;2;nom
reconvertir;2;ver
cinquième;2;adj
6ème;2;nr
pep;2;nom
op;2;nr
caquelon;2;nom
maxitype;2;nr
élégant;2;adj
emji_chat_souriant_aux_yeux_en_coeurs;2;nr
usagé;2;adj
badge;2;nom
coquillage;2;nom
svppp;2;nr
wesh;2;nr
let;2;adj
tema;2;nr
brochette;2;nom
dénudé;2;adj
enerver;2;nr
jerusalem;2;nr
pere;2;nr
rediriger;2;ver
north;2;nr
antisemite;2;nr
similitude;2;nom
pâle;2;adj
gp;2;nr
night;2;nr
cheap;2;adj
inutilité;2;nom
trade;2;nr
golmut;2;nr
agonie;2;nom
emji_appareil_photo_avec_flash;2;nom
palmer;2;ver
absenter;2;ver
choupi;2;nr
emji_coeur_avec_ruban;2;nr
autel;2;nom
exilé;2;nom
templier;2;nom
zionists;2;nr
spirituel;2;adj
cojones;2;nr
ms;2;nr
palmarès;2;nom
satan;2;nom
fascisant;2;nr
naviguer;2;ver
quichotte;2;nom
followers;2;nr
pérenniser;2;nr
éhonté;2;adj
petit_enfant;2;nom
hihi;2;nr
successeur;2;nom
généreusement;2;adv
goebbels;2;nr
forum;2;nom
trice;2;nr
improviser;2;ver
alex;2;nr
alinéa;2;nom
éclaircir;2;ver
cat;2;nr
pister;2;ver
siffler;2;ver
psychanalyse;2;nom
controller;2;nr
analogie;2;nom
emji_symbole_d_interdiction;2;nom
biz;2;nr
musculaire;2;adj
jouissif;2;adj
pidcp;2;nr
dispersion;2;nom
illegal;2;nr
intituler;2;ver
tronqué;2;adj
ngo;2;nr
abonder;2;ver
allégation;2;nom
plaignant;2;nom
queer;2;nr
videos;2;nr
latéral;2;adj
p0lice;2;nr
reacs;2;nr
israél;2;nr
après_deux;2;nr
husayniyya;2;nr
khisas;2;nr
younis;2;nr
kafr;2;nr
qasim;2;nr
bureik;2;nr
chatila;2;nr
aqsa;2;nr
tantura;2;nr
ibrahimi;2;nr
deir;2;nr
yasin;2;nr
jénine;2;nr
arabeya;2;nr
ramla;2;nr
yazur;2;nr
tabra;2;nr
tulkarem;2;nr
kabir;2;nr
qalunya;2;nr
nasir;2;nr
din;2;nr
tibériade;2;nr
zaytoun;2;nr
caire;2;nr
arménien;2;adj
ordonnance;2;nom
rétorquer;2;ver
atrocement;2;adv
convergence;2;nom
70ans;2;nr
éperdument;2;adv
sociopathe;2;adj
isrhell;2;nr
emji_drapeau_niger;2;nom
emji_drapeau_liban;2;nom
deportation;2;nr
facho;2;nom
sous_marin;2;adj
acté;2;nr
amerlock;2;nr
articulation;2;nom
ever;2;nr
bourbines;2;nr
emji_alien;2;nom
goats;2;nr
matrixés;2;nr
pol;2;nr
mod;2;nom
abjection;2;nom
egal;2;nr
téméraire;2;adj
marquis;2;nom
d_ores_et_déjà;2;adv
rsa;2;nr
aigreur;2;nom
manigancer;2;ver
pacifier;2;ver
called;2;nr
acheminer;2;ver
ruag;2;nr
encre;2;nom
délicieux;2;adj
emji_pomme_verte;2;nom
camembert;2;nom
époisse;2;nr
effigie;2;nom
cénovis;2;nr
casquette;2;nom
pâtisserie;2;nom
versailles;2;nr
viennoiserie;2;nom
eth;2;nr
epfz;2;nr
malheuresement;2;nr
cartonner;2;ver
piètre;2;adj
stranger;2;nr
things;2;nr
rédacteur;2;nom
selection;2;nr
pixel;2;nom
rallonge;2;nom
premium;2;nom
hyp;2;nr
fu;2;nr
ldc;2;nr
30mn;2;nr
séisme;2;nom
centers;2;nr
troc;2;nom
nigérien;2;adj
milton;2;nr
stimuler;2;ver
blackout;2;nr
processeur;2;nom
nft;2;nr
tsunami;2;nom
imbattable;2;adj
bush;2;nom
exhorter;2;ver
ti;2;nr
destituer;2;ver
venezueliens;2;nr
aka;2;nr
acabit;2;nom
a_contrario;2;adv
griffe;2;nom
gringo;2;nom
nobels;2;nr
topissime;2;nr
deteste;2;nr
weiss;2;nr
hidalgo;2;nom
ohlala;2;nr
hottiger;2;nr
bulgarie;2;nr
kubi;2;nr
jorge;2;nr
roy;2;nom
daddy;2;nr
encor;2;adv
meriem;2;nr
optimal;2;adj
carrer;2;ver
chrono;2;nom
concombre;2;nom
éventrer;2;ver
glamouriser;2;nr
déviant;2;adj
basic;2;nom
barghouti;2;nr
17ème;2;nr
buvable;2;adj
presents;2;nr
cry;2;nr
who;2;nr
rt;2;nr
pélicot;2;nr
oleur;2;nr
pelicot;2;nr
légion;2;nom
squatter;2;ver
péage;2;nom
zrh;2;nr
emji_index_pointant_vers_le_haut_peau_légèrement_mate;2;nom
ecublens;2;nr
désengorgeait;2;nr
lane;2;nr
cherry;2;nom
picking;2;nr
mrd;2;nr
fouille;2;nom
entreposer;2;ver
rotation;2;nom
50k;2;nr
40k;2;nr
evian;2;nr
révoquer;2;ver
dem;2;nr
téléréalité;2;nr
renommé;2;adj
torche;2;nom
sebastien;2;nr
ohhhh;2;nr
elysée;2;nr
despote;2;nom
cornut;2;nr
sonam;2;nr
israëlienne;2;nr
vi0ler;2;nr
assasin;2;nr
brutalement;2;adv
étes;2;nr
déchaîner;2;ver
émouvant;2;adj
ffs;2;nr
noooon;2;nr
hydrocarbure;2;nom
plaine;2;nom
ouzbékistan;2;nr
jambon;2;nom
emji_tête_de_cochon;2;nom
consommes;2;nr
fouetter;2;ver
nb;2;nr
nager;2;ver
hp;2;nr
criminalise;2;nr
grès;2;nom
raccord;2;nom
érudit;2;nom
sorbon;2;nom
influenceuses;2;nr
ternir;2;ver
identitaire;2;adj
chronologique;2;adj
déséquilibre;2;nom
oleurs;2;nr
ets;2;nr
vaguement;2;adv
imagerie;2;nom
accessoire;2;nom
fixation;2;nom
revers;2;nom
musculation;2;nom
gogo;2;nom
dangeureux;2;nr
inatteignable;2;adj
chads;2;nr
testostérone;2;nom
malédiction;2;nom
souple;2;adj
meritent;2;nr
humilié;2;adj
exécrable;2;adj
tyran;2;nom
ais;2;nom
consentant;2;adj
cristalliser;2;ver
ée;2;nr
estce;2;nr
amusement;2;nom
haiti;2;nr
biensure;2;nr
etiez;2;nr
evidement;2;nr
entretuer;2;ver
bfmtv;2;nr
birmanie;2;nr
aparthide;2;nr
chrétienté;2;nom
ssr;2;nr
isra3l;2;nr
tags;2;nr
bagarre;2;nom
7eme;2;nr
démembrer;2;ver
volumineux;2;adj
perorez;2;nr
emji_nuit_étoilée;2;nom
bethléem;2;nr
enlèvement;2;nom
incendié;2;adj
significativement;2;adv
g3n0c1de;2;nr
karim;2;nr
gazaouie;2;nr
ham;2;nr
calomnieux;2;adj
hassan;2;nr
guess;2;nr
cassage;2;nom
déambuler;2;ver
scepticisme;2;nom
ambiguïté;2;nom
déprédation;2;nom
fracturer;2;ver
rtsionist;2;nr
carburer;2;ver
israhellienne;2;nr
nuser_utilisateurice;2;nr
mass;2;nr
ravitaillement;2;nom
palastine;2;nr
hotages;2;nr
ressusciter;2;ver
yanou;2;nr
terrier;2;nom
sil;2;nom
brigade;2;nom
réprimander;2;ver
couz;2;nr
pavlovien;2;adj
laba;2;nr
ivanovic;2;nr
serbie;2;nr
kes;2;nr
tsoin;2;nr
engouement;2;nom
fatah;2;nr
occurence;2;nr
laïc;2;adj
créneau;2;nom
moue;2;nom
benevolat;2;nr
rigidité;2;nom
euthanasie;2;nom
planet;2;nr
ann;2;nr
echec;2;nr
creche;2;nr
trentenaire;2;adj
internaute;2;nom
emji_doigts_croisés_peau_claire;2;nom
maurine;2;nr
prenant;2;adj
diane;2;nom
stigmatise;2;nr
contaminent;2;nr
nappe;2;nom
phréatique;2;adj
alcoolique;2;adj
lancet;2;nr
fund;2;nr
antioxydant;2;nom
ingurgiter;2;ver
oncologie;2;nom
normalisé;2;nr
extraterrestre;2;adj
eurovision;2;nr
chicago;2;nr
charmant;2;adj
vocation;2;nom
mrs;2;nr
partner;2;nom
martine;2;nr
vsa;2;nr
fontaine;2;nom
commodité;2;nom
antithèse;2;nom
évent;2;nom
coercitifs;2;nr
gesticuler;2;ver
ambassadeur;2;nom
interparlementaire;2;nr
ouïgour;2;nom
jaser;2;ver
munir;2;ver
caillasser;2;ver
autruis;2;nr
isis;2;nr
ruelle;2;nom
mamie;2;nom
déambulateur;2;nom
visé;2;adj
narguer;2;ver
sprayant;2;nr
bronken;2;nr
accablant;2;adj
propalestinien;2;nr
discorde;2;nom
exacerber;2;ver
nsdap;2;nr
heurt;2;nom
berceau;2;nom
systems;2;nr
robocops;2;nr
cagoulées;2;nr
rwanda;2;nr
ns;2;nr
tronçonneur;2;nom
people;2;adj
suspecter;2;ver
répressifs;2;nr
démesure;2;nom
dédommager;2;ver
crêpe;2;nom
nassées;2;nr
tremper;2;ver
combativité;2;nom
chauvin;2;adj
déjouer;2;ver
aussitôt;2;adv
meanwhile;2;nr
immobile;2;adj
débris;2;nom
dédommagement;2;nom
dea;2;nr
chao;2;adv
palestiennes;2;nr
réciter;2;ver
potos;2;nom
emji_adn;2;nom
cristallisation;2;nom
darmanin;2;nr
décoller;2;ver
tracter;2;ver
15k;2;nr
avgas;2;nr
100ll;2;nr
eliot;2;nr
radicaliser;2;ver
19h30;2;nr
salah;2;nr
amélie;2;nr
15h30;2;nr
serrurier;2;nom
serrure;2;nom
filiale;2;nom
bassin;2;nom
inculpation;2;nom
jihadiste;2;nr
sde;2;nr
visionner;2;ver
perdition;2;nom
incurable;2;adj
djihad;2;nom
libere;2;nr
his;2;nr
covering;2;nr
war;2;nr
dégoutée;2;nr
froidement;2;adv
traitant;2;adj
policiaire;2;nr
boutonneux;2;adj
rre;2;nr
gvir;2;nr
cendre;2;nom
croupir;2;ver
tor;2;nr
initiateur;2;adj
indefendable;2;nr
malfrat;2;nom
diag;2;nr
autodiagnostics;2;nr
autodiagnostic;2;nr
tiktoks;2;nr
federale;2;nr
bruler;2;nr
carrousel;2;nom
fred;2;nr
tordant;2;adj
titrer;2;ver
devien;2;nr
dépotoir;2;nom
reveillent;2;nr
attristant;2;adj
excusable;2;adj
coude;2;nom
déroulement;2;nom
iphones;2;nr
asperger;2;ver
ehhhh;2;nr
trend;2;nr
cédric;2;nr
torturé;2;adj
rabais;2;nom
désescalader;2;nr
botter;2;ver
retravailler;2;ver
mals;2;nr
ridiculement;2;adv
flashball;2;nr
illicite;2;adj
pask;2;nr
fdo;2;nr
racaille;2;nom
fouteur;2;nom
discour;2;nr
lâchement;2;adv
internationals;2;nr
déshumanisés;2;nr
informe;2;adj
laser;2;nom
goulag;2;nom
perturbant;2;adj
décolonial;2;nr
collation;2;nom
poupe;2;nom
attrocités;2;nr
délecter;2;ver
batiment;2;nr
naif;2;nr
etonnant;2;nr
pénalisant;2;nr
restau;2;nom
á;2;nr
confession;2;nom
indemnisation;2;nom
instrumentalisation;2;nr
toto;2;nom
surment;2;nr
f0lle;2;nr
détérioration;2;nom
aiguille;2;nom
coool;2;nr
dégradé;2;adj
djeuns;2;nr
hospitalisation;2;nom
modique;2;adj
400k;2;nr
éclabousser;2;ver
sponso;2;nr
palmade;2;nr
pe;2;nr
messire;2;nom
musulmanne;2;nr
impérial;2;adj
océanique;2;adj
généalogique;2;adj
nourrissant;2;adj
traire;2;ver
4ème;2;nr
battrent;2;nr
got;2;nr
emji_tête_secouée_verticalement;2;nom
guardian;2;nr
detainees;2;nr
léa;2;nr
emji_briquette_de_jus;2;nom
tselem;2;nr
malnutrition;2;nom
internacionales;2;nr
genoci;2;nr
inconsidéré;2;adj
quatrième;2;adj
suspens;2;nom
slip;2;nom
cocher;2;ver
laurent;2;nr
emji_poignée_de_main_peau_mate;2;nom
malien;2;nom
1000x;2;nr
palestinasi;2;nr
sea;2;nr
enthousiasme;2;nom
js;2;nr
acts;2;nr
victimizer;2;nr
camomille;2;nom
titulaire;2;nom
initiants;2;nr
kalash;2;nr
défendable;2;adj
chauvinisme;2;nom
surinformation;2;nom
paske;2;nr
antisymétrique;2;nr
lieutenant;2;nom
cdi;2;nr
provisoirement;2;adv
therme;2;nr
sparadrap;2;nom
pondérer;2;ver
reels;2;nr
libérateur;2;nom
enter;2;ver
raisonnablement;2;adv
sonder;2;ver
emji_vache;2;nom
qualitatif;2;adj
bâcler;2;ver
llm;2;nr
resources;2;nr
miraculeux;2;adj
confiscation;2;nom
vadrouille;2;nom
drosophile;2;nom
centenaire;2;nom
emji_bulle_colère_droite;2;nom
fallout;2;nr
hot;2;adj
down;2;adj
ringard;2;adj
malvenu;2;adj
suffisament;2;nr
géographiquement;2;adv
ensevelir;2;ver
pulvériser;2;ver
isme;2;nom
hilarant;2;adj
erratum;2;nom
suzane;2;nr
ecouter;2;nr
banane;2;nom
50fr;2;nr
aurore;2;nom
loft;2;nom
cape;2;nom
iconiques;2;nr
pax;2;nr
rationaliser;2;ver
notification;2;nom
jason;2;nr
parasocial;2;nr
psychose;2;nom
grok;2;nr
existance;2;nr
légumineuses;2;nr
méthylmercure;2;nr
tromperie;2;nom
groenland;2;nr
emji_requin;2;nom
roussette;2;nom
ruer;2;ver
tofu;2;nom
nutritionnistes;2;nr
vegetal;2;nr
emji_poing_levé_peau_mate;2;nom
judiciairement;2;nr
egyptiens;2;nr
desolation;2;nr
quatar;2;nr
foutaise;2;nom
venger;2;ver
nic;2;nr
votte;2;nr
revaz;2;nr
3x8;2;nr
basiquement;2;nr
décalé;2;adj
syndical;2;adj
réceptionniste;2;nom
prontos;2;nr
manor;2;nr
cac;2;nr
trimestre;2;nom
carrefour;2;nom
booba;2;nr
commissariat;2;nom
pédal;2;nom
cue;2;nr
papas;2;nom
twitch;2;nr
kick;2;nom
fascist;2;nr
irritant;2;adj
lla;2;nr
génoc;2;nr
aimable;2;adj
emji_singe_ne_rien_entendre;2;nom
amendés;2;nr
tablier;2;nom
balistique;2;nom
irritation;2;nom
fuser_utilisateurice;2;nr
catégorisées;2;nr
carnaval;2;nom
ufc;2;nr
anévrisme;2;nom
mma;2;nr
qué;2;nr
bravissimo;2;nom
dun;2;nr
exemplarité;2;nom
galeux;2;adj
controlé;2;nr
valeure;2;nr
dessu;2;nr
emmêler;2;ver
décousu;2;adj
diego;2;nr
insecure;2;nr
decider;2;nr
cross;2;nom
fiteuse;2;nr
lautre;2;nr
tabbasant;2;nr
uno;2;nr
corse;2;adj
couter;2;nr
empecher;2;nr
taguent;2;nr
prémédité;2;adj
enfait;2;nr
torse;2;nom
bla_bla_bla_bla;2;nr
cogner;2;ver
non_blanches;2;nr
grec;2;nom
sherpa;2;nom
filtrant;2;adj
emji_bulle_de_pensée;2;nom
emji_microbe;2;nom
faisceau;2;nom
emji_trophée;2;nom
adoptant;2;adj
cookie;2;nom
subordination;2;nom
brain;2;nr
compact;2;adj
violante;2;nr
authoritaires;2;nr
paisible;2;adj
procuration;2;nom
mister;2;nom
fé;2;nr
macdo;2;nr
zélé;2;adj
francis;2;nr
emji_bébé;2;nom
fluorescent;2;adj
illegalement;2;nr
mathématicien;2;nom
aprioris;2;nr
insensible;2;adj
maudire;2;ver
prennez;2;nr
user_;2;nr
kéké;2;nr
déchirure;2;nom
macula;2;nom
remords;2;nom
trotinettes;2;nr
25km;2;nr
grv;2;nr
velos;2;nr
bridé;2;adj
débrider;2;ver
débridé;2;adj
sereinement;2;adv
60km;2;nr
clou;2;nom
mad;2;nr
zizou;2;nr
eventuellement;2;nr
netanyaou;2;nr
heuuu;2;nr
riste;2;nr
artillerie;2;nom
appât;2;nom
paramilitaire;2;adj
avi;2;nr
tchécoslovaquie;2;nr
baaah;2;nr
terro_riste;2;nr
suspicion;2;nom
qaida;2;nr
wilsdorf;2;nr
emji_policier;2;nom
détecteur;2;nom
sest;2;nr
vibe;2;nr
gynéco;2;nom
caracs;2;nr
périnatal;2;nr
drap;2;nom
emji_cacahuètes;2;nom
lupin;2;nom
googler;2;nr
scout;2;adj
napoléon;2;nom
spécisme;2;nr
empiffrer;2;ver
lethal;2;nr
walder;2;nr
wah;2;nr
immuniser;2;ver
trumpy;2;nr
coronavirus;2;nr
unien;2;nr
âpre;2;adj
emji_tarte;2;nom
bouffeur;2;nom
antivax;2;nr
i24;2;nr
ort;2;adj
déformé;2;adj
chouinent;2;nr
cu;2;nr
euuuh;2;nr
mond;2;nr
alor;2;nr
interessante;2;nr
étendue;2;nom
angélique;2;adj
saber;2;nr
subtilement;2;adv
ily;2;nr
pef;2;nr
btp;2;nr
nada;2;adv
onusien;2;nr
ofrou;2;nr
vacant;2;adj
ocstat;2;nr
200chf;2;nr
flamber;2;ver
obwald;2;nr
bijouterie;2;nom
cloppes;2;nr
latino;2;nom
ahhhhhh;2;nr
remerciement;2;nom
rubrique;2;nom
skyguide;2;nr
travaillé;2;adj
poignon;2;nr
comptage;2;nom
9mio;2;nr
allocation;2;nom
futé;2;adj
45min;2;nr
boeing;2;nr
bolivien;2;adj
angola;2;nr
word;2;nr
sayer;2;nr
achever;2;ver
emji_ok_peau_foncée;2;nom
curry;2;nom
cuit;2;adj
remplaçant;2;nom
affilé;2;adj
boxe;2;nom
difforme;2;adj
nuageux;2;adj
non_droit;2;nom
angélisme;2;nom
xavier;2;nom
philippin;2;nom
cea;2;nr
pionnier;2;nom
infection;2;nom
vih;2;nr
vaudoises;2;nr
conso;2;nom
repeindre;2;ver
reel;2;nr
20h00;2;nr
chauderon;2;nr
grille;2;nom
slovénie;2;nr
matos;2;nom
melon;2;nom
baratin;2;nom
inexplicable;2;adj
sursaut;2;nom
ataque;2;nr
marian;2;nom
cravatte;2;nr
aval;2;nom
infect;2;adj
reveillez;2;nr
rival;2;nom
matthew;2;nr
schneider;2;nr
ortie;2;nom
déclencheur;2;nom
neuronnes;2;nr
lobotomisés;2;nr
maghreb;2;nr
domicilié;2;adj
postulez;2;nr
chiffe;2;nom
englober;2;ver
caresser;2;ver
doliprane;2;nr
relent;2;nom
évolué;2;adj
regardantes;2;nr
inadmisdible;2;nr
insertion;2;nom
depenses;2;nr
resident;2;nr
trops;2;nr
debunker;2;nr
farfelu;2;adj
ressentiment;2;nom
alsacien;2;adj
limousin;2;nom
invulnérable;2;adj
gg;2;nr
surréaliste;2;adj
fourguer;2;ver
renommer;2;ver
raffiné;2;adj
anecdotique;2;adj
vendôme;2;nr
disqueuse;2;nr
consterner;2;ver
cantonner;2;ver
emji_main_levée;2;nom
pharmacien;2;nom
payerne;2;nr
dégeulasse;2;nr
50ct;2;nr
mécréant;2;nom
lpp;2;nr
gr;2;nr
intolérances;2;nr
amidon;2;nom
satisfaisant;2;adj
appeller;2;nr
dcp;2;nr
thatcher;2;nr
emji_drapeau_union_européenne;2;nom
fuseau;2;nom
jpense;2;nr
imprévu;2;nom
cybercriminalité;2;nr
civilité;2;nom
prolifération;2;nom
ongs;2;nr
associatif;2;adj
ter;2;adv
gentrification;2;nr
déconnectées;2;nr
paupérisation;2;nom
contresens;2;nom
alu;2;nom
émergence;2;nom
piur;2;nr
piteux;2;adj
probité;2;nom
om;2;nr
litanie;2;nom
karcher;2;nr
crucifier;2;ver
mn;2;nom
omniprésent;2;adj
karen;2;adj
emji_sens_interdit;2;nom
secu;2;nr
facilitation;2;nom
encombrant;2;adj
cendrier;2;nom
florissant;2;adj
emji_voiture;2;nom
guidon;2;nom
croquer;2;ver
won;2;nr
exces;2;nr
instagramm;2;nr
dindon;2;nom
finlande;2;nr
prohibé;2;adj
impraticable;2;adj
bg;2;nr
verticale;2;nom
cerf;2;nom
isère;2;nr
chamois;2;nom
diagonale;2;nom
kmv;2;nr
évanouir;2;ver
admirateur;2;nom
museler;2;ver
oppressés;2;nr
phephe;2;nr
frank;2;nr
grokipedia;2;nr
stephen;2;nr
grade;2;nom
emji_bombe;2;nom
démarrer;2;ver
pride;2;nr
palestiiiine;2;nr
emji_billet_en_euros;2;nom
passoire;2;nom
made;2;nr
emji_feuille_d_érable;2;nom
blues;2;nom
caniculaire;2;adj
bougie;2;nom
tarte;2;nom
été;2;nom
val;2;nom
oise;2;nr
transpalettes;2;nr
perturbation;2;nom
éponge;2;nom
inoxydable;2;nom
céramique;2;nom
téflon;2;nom
amorcer;2;ver
thun;2;nr
zelande;2;nr
psg;2;nr
côme;2;nr
serie;2;nr
nfl;2;nr
2min;2;nr
impersonnel;2;adj
socio;2;adv
joseph;2;nom
badaud;2;nom
racis;2;nr
igs;2;nr
malentendu;2;nom
oisiveté;2;nom
around;2;nr
tutoiement;2;nom
cinoche;2;nom
montréal;2;nr
tornike;2;nr
sologashvili;2;nr
bastion;2;nom
waouhhh;2;nr
jc;2;nr
somptueux;2;adj
20ème;2;nr
basilique;2;nom
labo;2;nom
pleinte;2;nr
monotone;2;adj
20eme;2;nr
racialisme;2;nr
m0nstres;2;nr
fichu;2;adj
êté;2;nr
present;2;nr
unicef;2;nr
gueuler;2;ver
impactés;2;nr
10millions;2;nr
saucisson;2;nom
vi0l;2;nr
tamponner;2;ver
emji_tête_de_chat;2;nom
000fr;2;nr
rongeur;2;nom
éleveur;2;nom
sévérité;2;nom
flouté;2;nr
brouiller;2;ver
dress;2;nr
matinée;2;nom
présentiel;2;nr
énergivores;2;nr
doper;2;ver
astérix;2;nr
chromosomique;2;adj
vré;2;nr
gâté;2;adj
attractivité;2;nr
debunk;2;nr
plus_value;2;nom
exempter;2;ver
secondo;2;nom
bonhome;2;nr
relique;2;nom
idiotie;2;nom
dépité;2;adj
infantiliser;2;ver
mazda;2;nr
autoroutier;2;adj
entuber;2;ver
theranos;2;nr
yaffa;2;nr
éradication;2;nom
lyan;2;nr
hahahahahah;2;nr
paisiblement;2;adv
notifier;2;ver
deux_points;2;nom
omerta;2;nom
emballement;2;nom
libéralisation;2;nom
accueillirs;2;nr
single;2;nom
submissive;2;nr
asian;2;nr
endurer;2;ver
itinéraire;2;nom
rocher;2;ver
sérac;2;nom
falaise;2;nom
californie;2;nom
réticence;2;nom
milliseconde;2;nom
capteur;2;nom
freinage;2;nom
intuitif;2;adj
crash;2;nom
pete;2;nr
lama;2;nom
chauffages;2;nr
raccorder;2;ver
fioul;2;nom
stockage;2;nom
incontinence;2;nom
gnan;2;nr
incontinent;2;adj
moitie;2;nr
platiste;2;nr
veganisme;2;nr
complaire;2;ver
graisse;2;nom
chaqu;2;nr
méditerranéen;2;adj
physiologie;2;nom
unanime;2;adj
osseux;2;adj
3j;2;nr
carnivorisme;2;nr
réflection;2;nr
genr;2;nr
periode;2;nr
pandémies;2;nr
redbull;2;nr
glencore;2;nr
holcim;2;nr
écocides;2;nr
délivrance;2;nom
petrol;2;nr
jancovici;2;nr
cop21;2;nr
defendent;2;nr
hyp0crites;2;nr
énervant;2;adj
non_sens;2;nom
circadien;2;adj
réfléchissant;2;adj
ix;2;nr
vai;2;nr
neuveville;2;nr
joaillier;2;nom
xvii;2;nr
sou;2;nom
smic;2;nr
surtaxer;2;ver
lea;2;nr
finma;2;nr
community;2;nr
oisif;2;adj
timide;2;adj
muselière;2;nom
vampire;2;nom
droguerie;2;nom
chyvy;2;nr
continuellement;2;adv
démagogique;2;adj
bl;2;nr
polariser;2;ver
pâturage;2;nom
bobets;2;nr
détaillé;2;adj
biarritz;2;nr
occas;2;nr
surfing;2;nr
emji_coeur_enflammé;2;nr
s1;2;nr
s2;2;nr
indec;2;nr
t1;2;nr
t2;2;nr
hétérogène;2;adj
décéléré;2;nr
néophyte;2;nom
veur;2;nr
sam;2;nr
impensable;2;adj
veçu;2;nr
sbire;2;nom
hébreu;2;nom
messianique;2;adj
statu_quo;2;nom
héréditaire;2;adj
ricain;2;nom
croyant;2;nom
athée;2;nom
munich;2;nom
binationaux;2;nr
nouer;2;ver
rallumer;2;ver
botanique;2;adj
algerie;2;nr
éroder;2;ver
thrush;2;nr
aircraft;2;nr
s2r;2;nr
t660;2;nr
firebird;2;nr
at802;2;nr
subjuguer;2;ver
verdure;2;nom
emji_paume_contre_paume_doigts_vers_le_haut;2;nom
regler;2;nr
subsaharien;2;nr
ooooooh;2;nr
truquer;2;ver
outre_mer;2;adv
deroule;2;nr
valaisanne;2;nr
secrètement;2;adv
titré;2;adj
moit;2;nr
kiffer;2;nr
gratin;2;nom
jihadhistes;2;nr
éclat;2;nom
nombrilisme;2;nom
frontiere;2;nr
mirobolant;2;adj
prodigieux;2;adj
apatride;2;adj
moulte;2;nr
inchallah;2;nr
emji_paume_contre_paume_doigts_vers_le_haut_peau_moyennement_claire;2;nom
scénariste;2;nom
terr0riste;2;nr
dirty;2;nr
dancing;2;nom
publi;2;nr
requérant;2;nom
assad;2;nr
réac;2;adj
mitterand;2;nr
contributeur;2;nom
néolibéralisme;2;nom
précarisées;2;nr
grd;2;nr
too;2;nr
preneureuses;2;nr
batch;2;nr
cooking;2;nr
donbass;2;nr
rémunérée;2;nr
favoritisme;2;nom
décret;2;nom
rechaud;2;nr
collab;2;nr
saveur;2;nom
palette;2;nom
fest;2;nr
gerbe;2;nom
musclé;2;adj
verrou;2;nom
rom;2;nom
simuler;2;ver
conspirationnistes;2;nr
hésitation;2;nom
spolier;2;ver
menthe;2;nom
vielle;2;nom
solitaire;2;adj
brique;2;nom
bibas;2;nr
ideologie;2;nr
determination;2;nr
pakistanais;2;nom
cijh;2;nr
emji_mémo;2;nom
parleur;2;nom
incarnation;2;nom
lieberman;2;nr
pinceau;2;nom
emji_mains_en_prière_peau_foncée;2;nom
toc;2;adj
emji_symbole_recyclage;2;nom
uvtd;2;nr
revalorisation;2;nom
mâchefer;2;nom
leonhard;2;nr
commercer;2;ver
tiret;2;nom
placarder;2;ver
forcement;2;nom
libertariens;2;nr
pragmatisme;2;nom
papi;2;nom
trumpistes;2;nr
pensant;2;adj
imbuvable;2;adj
wokistan;2;nr
ciste;2;nom
bronzé;2;adj
sénile;2;adj
nain;2;nom
groki;2;nr
presente;2;nr
liberte;2;nr
senior;2;adj
nocide;2;nr
onte;2;nr
éprouvant;2;adj
mutiler;2;ver
incommensurable;2;adj
horde;2;nom
justifiable;2;adj
meurtrir;2;ver
cancéreux;2;adj
emji_travaux;2;nom
matche;2;nom
époustouflant;2;adj
germanier;2;nr
flamboyant;2;adj
reagi;2;nr
darfour;2;nr
rsf;2;nr
freepalestine;2;nr
shell;2;nr
exxon;2;nr
foret;2;nom
jamaïcain;2;adj
technosolutionnisme;2;nr
effriter;2;ver
ibiza;2;nr
ju;2;nr
favélas;2;nr
porque;2;nom
insérer;2;ver
agenouiller;2;ver
anti_drogue;2;nom
narcos;2;nr
emji_bouton_sos;2;nom
amant;2;nom
lês;2;nr
traficants;2;nr
judge;2;nr
zinho;2;nr
são;2;nr
paulo;2;nr
bolsonaristes;2;nr
ample;2;adj
lê;2;nr
bope;2;nr
bresil;2;nr
felipe;2;nr
rétrécir;2;ver
tyrannique;2;adj
yep;2;nr
concilier;2;ver
plate_forme;2;nom
réceptif;2;adj
regies;2;nr
nee;2;nr
50chf;2;nr
quelqun;2;nr
placard;2;nom
camper;2;ver
comportementaliste;2;adj
largeur;2;nom
vertu;2;nom
comedie;2;nr
acronymes;2;nr
pléonasme;2;nom
ovni;2;nom
sida;2;nom
replonger;2;ver
ja21;2;nr
win;2;nr
everlife;2;nr
charognard;2;nom
insidious;2;nr
prédominant;2;adj
words;2;nr
magnétique;2;adj
3m;2;nr
5m;2;nr
ere;2;nr
boh;2;nr
euse;2;nr
acces;2;nr
démontable;2;adj
nbr;2;nr
connivence;2;nom
ventilateur;2;nom
renouvelable;2;adj
démolition;2;nom
term;2;nr
délocalisations;2;nr
trick;2;nom
inversion;2;nom
parodie;2;nom
mesquin;2;adj
locatif;2;adj
50mios;2;nr
sierre;2;nr
législations;2;nr
serpillière;2;nom
iniative;2;nr
responsabilisation;2;nom
schumacher;2;nr
déshériter;2;ver
monarchique;2;adj
sataniste;2;adj
pédos;2;nr
prestige;2;nom
ogive;2;nom
karting;2;nom
hyperbole;2;nom
1m50;2;nr
tempérament;2;nom
sanguin;2;adj
pondéré;2;adj
millième;2;nom
supportable;2;adj
annee;2;nr
prévoyant;2;adj
swissair;2;nr
lufthansa;2;nr
airport;2;nr
zermatt;2;nr
csg;2;nr
seau;2;nom
chipoter;2;ver
violon;2;nom
patois;2;nom
abdulaziz;2;nr
alsulaiman;2;nr
jeanbart;2;nr
tanzanien;2;nr
zanzibar;2;nom
catalan;2;nom
étoilé;2;adj
parques;2;nr
métropole;2;nom
défigurer;2;ver
électoraliste;2;nr
ale;2;nom
emji_trace_de_rouge_à_lèvres;2;nom
lyonnais;2;adj
béchamel;2;nom
cardon;2;nom
foison;2;nom
sharia;2;nr
allonger;2;ver
sucrer;2;ver
camionneur;2;nom
concurrencer;2;ver
charrette;2;nom
radoter;2;ver
benzène;2;nom
brièvement;2;adv
prolongé;2;adj
mortier;2;nom
cétais;2;nr
acclamer;2;ver
etienne;2;nr
talion;2;nom
whataboutism;2;nr
assoir;2;nr
bravooooo;2;nr
isl;2;nr
emji_carte_d_identité;2;nom
altercation;2;nom
échine;2;nom
hooligan;2;nom
avenue;2;nom
verifier;2;nr
speach;2;nr
guser_utilisateurice;2;nr
luné;2;adj
lucas;2;nr
israëliennes;2;nr
ohhhhhh;2;nr
robocop;2;nr
flaque;2;nom
boycottons;2;nr
déresponsabiliser;2;nr
venin;2;nom
emji_abeille;2;nom
caution;2;nom
extorsion;2;nom
e_mail;2;nom
cashless;2;nr
40ans;2;nr
chronophage;2;nr
cach;2;nr
firme;2;nom
automate;2;nom
emmenthal;2;nom
fromager;2;nom
igp;2;nr
beaufort;2;nr
nombreu;2;nr
rice;2;nr
frommage;2;nr
essouffler;2;ver
degradations;2;nr
mozambique;2;nr
missionnaire;2;nom
avachir;2;ver
coffrer;2;ver
réajuster;2;ver
irobot;2;nr
bêta;2;nom
techno;2;adj
cassandra;2;nr
délocalisant;2;nr
sarah;2;nr
will;2;nr
smith;2;nr
arroser;2;ver
durabilité;2;nom
blaiser;2;ver
vignette;2;nom
strasbourg;2;nr
plomber;2;ver
emji_drapeau_triangulaire;2;nom
surhumain;2;adj
envoyeur;2;nom
perméabilité;2;nom
terrosime;2;nr
src;2;nr
autocollant;2;nom
non_paiement;2;nom
acolyte;2;nom
devis;2;nom
prometteur;2;adj
tact;2;nom
avarice;2;nom
guichet;2;nom
fairtiq;2;nr
mobilis;2;nr
appli;2;nr
tarification;2;nom
refourguer;2;ver
cops;2;nom
carreau;2;nom
menage;2;nr
carpien;2;adj
tactile;2;adj
réitérer;2;ver
cliver;2;ver
existentiels;2;nr
grincer;2;ver
xenophobe;2;nr
partisants;2;nr
poles;2;nr
dallah;2;nr
érosion;2;nom
urbanisation;2;nom
phobie;2;nom
evenements;2;nr
phosphore;2;nom
saugrenu;2;adj
corentin;2;nr
tactique;2;nom
dettling;2;nr
chatbot;2;nr
flegme;2;nom
pin;2;nom
hallebarde;2;nom
préhistorique;2;adj
personnaliser;2;ver
enchère;2;nom
doublette;2;nom
écusson;2;nom
particularité;2;nom
vaaaa;2;nr
survolt;2;nr
pare_chocs;2;nom
irakien;2;adj
cheney;2;nr
rappeller;2;nr
80ans;2;nr
tell;2;nom
dd;2;nr
fricoter;2;ver
desinformación;2;nr
swissnaturelover1;2;nr
divulgation;2;nom
épatant;2;adj
ragondin;2;nom
sponsoring;2;nom
assujettir;2;ver
our;2;nr
lca;2;nr
foutoir;2;nom
societe;2;nr
rénovation;2;nom
étiqueter;2;ver
social_démocrate;2;adj
marxisme;2;nom
extremes;2;nr
errance;2;nom
dsa;2;nr
cuomo;2;nr
aipac;2;nr
clivante;2;nr
citizens;2;nr
révision;2;nom
finlandais;2;adj
bmw;2;nr
excel;2;nr
125cc;2;nr
16ans;2;nr
jungle;2;nom
dune;2;nom
manuel;2;nom
abrutir;2;ver
outrer;2;ver
réorganisation;2;nom
53fr;2;nr
mangeur;2;nom
inculper;2;ver
societales;2;nr
index;2;nom
interventionnisme;2;nom
democrats;2;nr
cervelle;2;nom
amalgamer;2;ver
bergerie;2;nom
tome;2;nom
consciemment;2;adv
mécaniquement;2;adv
vulgarise;2;nr
climatologues;2;nr
hydroélectrique;2;adj
nounours;2;nom
metallikids;2;nr
mascotte;2;nom
sharky;2;nr
queens;2;nr
8mia;2;nr
mia;2;nr
expérimentation;2;nom
mozart;2;nr
spéculateur;2;nom
csc;2;nr
racketter;2;ver
escorter;2;ver
finito;2;nr
rabin;2;nr
lexique;2;nom
benyamin;2;nr
traitre;2;nr
secure;2;nr
ivoirienne;2;nom
ivoire;2;nom
flemmardise;2;nom
condenser;2;ver
enemies;2;nr
vulnerable;2;nr
exemption;2;nom
retarder;2;ver
dca;2;nr
4jours;2;nr
sextoys;2;nr
décroissance;2;nom
surcharger;2;ver
toys;2;nr
lion;2;nom
compère;2;nom
primark;2;nr
xuelle;2;nr
résolu;2;adj
rapproché;2;adj
recrudescence;2;nom
camionnette;2;nom
expéditeur;2;nom
graphisme;2;nom
sculpture;2;nom
décupler;2;ver
remplaçable;2;adj
_inesapl;2;nr
sauveteur;2;nom
appréhender;2;ver
décompensation;2;nom
6eme;2;nr
tss_tss;2;nom
pommier;2;nom
tite;2;nr
vlog;2;nr
exclusif;2;adj
analogique;2;adj
accrocheur;2;adj
annotator;2;nr
hfr;2;nr
suggestion;2;nom
récidiver;2;ver
simulation;2;nom
apolitique;2;adj
dissuasif;2;adj
penseur;2;nom
degueulasse;2;nr
mmh;2;nr
shit;2;nom
hair;2;nr
etrange;2;nr
cerner;2;ver
hexagone;2;nom
carla;2;nr
lobbyistes;2;nr
offense;2;nom
pactiser;2;ver
assignation;2;nom
luxueux;2;adj
gén0c1de;2;nr
322octies;2;nr
foreign;2;nr
corrupt;2;nr
practices;2;nr
brosser;2;ver
22ans;2;nr
galopant;2;adj
dvyjons;2;nr
obéissance;2;nom
statuer;2;ver
septique;2;adj
courbette;2;nom
compliance;2;nr
véreux;2;adj
swatch;2;nr
group;2;nom
working;2;nr
terr0;2;nr
rist;2;nr
decadence;2;nr
drogué;2;nom
allaitement;2;nom
intervalle;2;nom
formater;2;ver
horrifiant;2;adj
parentalité;2;nr
procréer;2;ver
infertilité;2;nom
catégoriquement;2;adv
avent;2;nom
assurance_maladie;2;nom
ouii;2;nr
vaisselle;2;nom
leure;2;nr
flik;2;nr
flak;2;nr
talon;2;nom
élastique;2;nom
refouler;2;ver
cuisse;2;nom
sandale;2;nom
apprêté;2;adj
parterre;2;nom
pocahontas;2;nr
dispute;2;nom
incorporer;2;ver
bretelle;2;nom
scolarité;2;nom
hydratant;2;adj
incy;2;nr
compo;2;nom
republic;2;nr
rc;2;nr
corrie;2;nr
hall;2;nom
auschwitz;2;nr
1h30;2;nr
installateur;2;nom
tuyau;2;nom
amo;2;nr
peintre;2;nom
optionnelles;2;nr
13h00;2;nr
cantine;2;nom
interviewer;2;ver
gremlins;2;nr
aggravant;2;adj
arc_en_ciel;2;nom
vacarme;2;nom
hays;2;nr
roux;2;adj
denzel;2;nr
equalizer;2;nr
marvels;2;nr
iron;2;nr
inégalitaire;2;nr
squelettique;2;adj
mi_novembre;2;nom
euuh;2;nr
deepfake;2;nr
pornographie;2;nom
emji_coeur_orange;2;nr
infaisable;2;adj
consommateurices;2;nr
flon;2;nr
gratis;2;adv
pareillement;2;adv
veuf;2;adj
aventage;2;nr
égalitaires;2;nr
austère;2;adj
corvée;2;nom
marriage;2;nr
nombriliste;2;nom
valorisation;2;nom
requestionner;2;nr
loupe;2;nom
stv;2;nr
salarium;2;nr
maaais;2;nr
dévalorisant;2;adj
hoch;2;nr
mbappe;2;nr
facto;2;nr
harvard;2;nr
qualitatives;2;nr
mene;2;nr
cla;2;nr
cleenex;2;nr
décadent;2;adj
sédentaire;2;adj
exema;2;nr
micronutritionniste;2;nr
phbalance;2;nr
urée;2;nom
fc;2;nr
cuissage;2;nom
idolâtrer;2;ver
hobbys;2;nr
pedos;2;nr
ryan;2;nr
chanteur;2;nom
jubiler;2;ver
belgrade;2;nr
croatie;2;nr
19e;2;nr
politicard;2;nom
malley;2;nr
tribue;2;nr
transphobe;2;nr
degoiser;2;nr
honnorent;2;nr
extremiste;2;nr
yéniches;2;nr
manouche;2;nom
mercedes;2;nr
clean;2;adj
collecter;2;ver
sparefoot;2;nr
panel;2;nom
ex_femme;2;nom
alterné;2;adj
divorcé;2;adj
contreparties;2;nr
mélatonine;2;nom
insomniaque;2;adj
hémorragie;2;nom
troquer;2;ver
bubba;2;nr
échiquier;2;nom
pénis;2;nom
steam;2;nr
eliminatoires;2;nr
qualifieront;2;nr
ghana;2;nr
demi_finalistes;2;nr
gattuso;2;nr
maldovie;2;nr
qualifieraient;2;nr
slovaquie;2;nr
amnord;2;nr
10etoile;2;nr
qualificative;2;nr
haie;2;nom
macédoine;2;nom
luxemburgo;2;nr
lettonie;2;nr
féroé;2;nr
bélarus;2;nr
géorgie;2;nr
qualificatives;2;nr
culturellement;2;adv
islands;2;nr
qualifies;2;nr
emji_signe_appel_téléphonique_avec_les_doigts_peau_légèrement_mate;2;nom
qualif;2;nr
ameriques;2;nr
spider;2;nom
holmes;2;nr
gynecos;2;nr
iel;2;nr
surcotée;2;nr
tom;2;nom
togo;2;nr
deverse;2;nr
gla;2;nr
évangélique;2;adj
egaux;2;nr
incorporation;2;nom
infrarouge;2;nom
mtnt;2;nr
accointance;2;nom
néon;2;nom
nationaliser;2;ver
emji_main_avec_index_pointant_vers_le_bas;2;nom
securitas;2;nr
ahahahah;2;nr
tertiaire;2;adj
conciliation;2;nom
grevées;2;nr
fbi;1;nr
doj;1;nr
corrélés;1;nr
schmexuel;1;nr
reflechie;1;nr
à_coup;1;nom
ouiiiiii;1;nr
emji_taco;1;nom
emji_mandarine;1;nom
outrepasser;1;ver
incertain;1;adj
kubrick;1;nr
eugeni;1;nr
truml;1;nr
lauren;1;nr
gangbang;1;nr
peroxyder;1;ver
emji_ballon_de_football;1;nom
bravoooo;1;nr
scotland;1;nr
vargas;1;nr
inactivité;1;nom
bati;1;nr
dépensier;1;adj
waaa;1;nr
threshold;1;nr
conplétement;1;nr
ravageant;1;adj
heritiers;1;nr
heritages;1;nr
recoivent;1;nr
recois;1;nr
75millions;1;nr
froques;1;nr
250k;1;nr
nique;1;nom
valorisent;1;nr
contribues;1;nr
miroiter;1;ver
azy;1;nr
gonz;1;nr
fendantes;1;nr
fendant;1;adj
virement;1;nom
récapitulatifs;1;nr
pandore;1;nom
bénéficieront;1;nr
charbonner;1;ver
moller;1;nr
méme;1;nr
miliard;1;nr
anêries;1;nr
entrepreunariat;1;nr
700k;1;nr
milionaire;1;nr
start;1;nr
milion;1;nr
trillion;1;nom
ouuuuui;1;nr
coussin;1;nom
creation;1;nr
réussi;1;adj
infus;1;adj
475m;1;nr
partiiiir;1;nr
steinbeck;1;nr
embarrassé;1;adj
ronald;1;nr
wright;1;nr
empocher;1;ver
jveux;1;nr
excédante;1;nr
largueur;1;nom
redistribuée;1;nr
jeunessse;1;nr
oreiller;1;nom
start_ups;1;nr
70millions;1;nr
resoud;1;nr
cieux;1;nom
seche;1;nr
algèbre;1;nom
linéaire;1;adj
oki;1;nr
attractives;1;nr
asticot;1;nom
emji_personne_avec_la_paume_sur_le_visage_peau_mate;1;nom
rsi;1;nr
récapitulatif;1;nom
démence;1;nom
hippie;1;nom
groove;1;nr
tors;1;adj
flat;1;adj
ruisselement;1;nr
crémier;1;nom
zuckmann;1;nr
over;1;nr
prets;1;nr
patissent;1;nr
exonérée;1;nr
americans;1;nr
sémantiquement;1;nr
warren;1;nr
buffett;1;nr
servera;1;nr
clocheur;1;nr
escrolos;1;nr
neomarxistes;1;nr
70mio;1;nr
20mio;1;nr
supression;1;nr
brume;1;nom
nébuleux;1;adj
0h42;1;nr
02h26;1;nr
emji_avion_au_décollage;1;nom
matinal;1;adj
ultérieur;1;adj
lausannne;1;nr
01h07;1;nr
02h21;1;nr
aucoun;1;nr
14e;1;nr
normatif;1;adj
vulgarisateur;1;nom
500m;1;nr
assertion;1;nom
remplaçabilité;1;nr
falling;1;nr
contributing;1;nr
rising;1;nr
vulgarisation;1;nom
appellé;1;nr
paupériser;1;ver
contingence;1;nom
vacuité;1;nom
temporellement;1;adv
proportionnalitée;1;nr
envrion;1;nr
8m;1;nr
couvrents;1;nr
pertent;1;nr
extrapolation;1;nom
bosseront;1;nr
décendants;1;nr
égoïstent;1;nr
ultraconsommateurs;1;nr
ultrapollueurs;1;nr
ponctionnent;1;nr
zug;1;nr
placebo;1;nom
pirouette;1;nom
contreproductive;1;nr
répeter;1;nr
côtoyez;1;nr
laffer;1;nr
trentes;1;nr
néolibéraux;1;nr
à_l_environnement;1;nr
précoce;1;adj
naturalité;1;nr
utage;1;nr
eule;1;nr
pps;1;nr
comprendis;1;nr
générationnelle;1;nr
bénéficieraire;1;nr
10km;1;nr
densifications;1;nr
globalité;1;nom
6milliards;1;nr
adaptable;1;adj
retaxer;1;nr
nationalise;1;nr
hahahahahahahahahahah;1;nr
generationnelle;1;nr
contrarier;1;ver
amigo;1;nom
idéologue;1;nom
adelphe;1;nr
inéluctablement;1;adv
têtu;1;adj
panacher;1;ver
mégaaa;1;nr
presta;1;nr
qvec;1;nr
hurluberlu;1;nom
aventager;1;nr
indexer;1;ver
scaler;1;nr
adaper;1;nr
renfloura;1;nr
queuser_utilisateurice;1;nr
revisitons;1;nr
cosmos;1;nom
biim;1;nr
protestataire;1;nr
délicieusement;1;adv
plagier;1;ver
célébrité;1;nom
maarde;1;nr
pognion;1;nr
beaucouo;1;nr
poireau;1;nom
mandarine;1;nom
trices;1;nr
gustativement;1;nr
nutritivement;1;nr
gustatif;1;adj
5x4;1;nr
chariot;1;nom
frero;1;nr
cmt;1;nr
fain;1;nr
ascenceur;1;nr
piusser;1;nr
fastfood;1;nr
rush;1;nom
euhh;1;nr
frite;1;nom
quali;1;nr
confiture;1;nom
4milliards;1;nr
manège;1;nom
dévideront;1;nr
symbolsé;1;nr
technocraties;1;nr
eaton;1;nr
paramoteur;1;nr
retouche;1;nom
ey;1;nr
éruption;1;nom
flow;1;nr
flambée;1;nom
blackgryph0n;1;nr
ghoster;1;nr
icare;1;nr
illustrateurices;1;nr
rédution;1;nr
350chf;1;nr
sauvegardons;1;nr
banisson;1;nr
reglementations;1;nr
ur;1;nr
subventionné;1;adj
typées;1;nr
humanoïde;1;adj
vadim;1;nr
gabriel;1;nr
graphiste;1;nom
jusque_là;1;adv
surproduisant;1;nr
shooting;1;nr
morniing;1;nr
wu;1;nr
photographs;1;nr
organigramme;1;nom
inarrêtable;1;nr
wouiiiiiiiiiii;1;nr
nirvâna;1;nom
neiger;1;ver
époustoufler;1;ver
maiiiiiiis;1;nr
2semaine;1;nr
vsuel;1;nr
10ème;1;nr
merge;1;nr
sphincter;1;nom
unil;1;nr
hes;1;nr
réexaminer;1;ver
graduer;1;ver
assistanat;1;nom
siphonner;1;ver
maquillage;1;nom
feel;1;nr
scission;1;nom
choupinou;1;nr
balek;1;nr
anesthesiant;1;nr
prothésiste;1;nom
capillaire;1;adj
400chf;1;nr
4x400;1;nr
discontinuité;1;nom
sacamrd;1;nr
instinctif;1;adj
immuable;1;adj
chevelure;1;nom
chichi;1;nom
emji_oeuf;1;nr
mystérieusement;1;adv
intelligible;1;adj
délibération;1;nom
écarté;1;adj
virginia;1;nr
giuffre;1;nr
carolyn;1;nr
andriano;1;nr
leigh;1;nr
affzire;1;nr
desormais;1;nr
principzux;1;nr
caviardés;1;nr
teuber;1;nr
eradication;1;nr
polio;1;nom
rand;1;nr
healthcare;1;nr
cúmplices;1;nr
emji_cornes_avec_les_doigts_peau_légèrement_mate;1;nom
omc;1;nr
étagère;1;nom
dégraisser;1;ver
suprimer;1;nr
remodeler;1;ver
anatomique;1;adj
morphologie;1;nom
allongement;1;nom
réinventés;1;nr
habitabilité;1;nom
in_vitro;1;adj
génétiquement;1;adv
selin;1;nr
hébergeur;1;nr
chatel;1;nr
déblayer;1;ver
complication;1;nom
7cm;1;nr
15cm;1;nr
10h30;1;nr
soûl;1;adj
attalens;1;nr
fatiguants;1;nr
reouvert;1;nr
sandrine;1;nr
jongny;1;nr
periph;1;nr
2cm;1;nr
saleuses;1;nr
epalinges;1;nr
paniqué;1;adj
hahhahaha;1;nr
3cm;1;nr
toboggan;1;nom
reussir;1;nr
bourdonette;1;nr
commantaires;1;nr
recape;1;nr
genrées;1;nr
gangrènent;1;nr
conjuguale;1;nr
maltrainces;1;nr
lavi;1;nr
frappeur;1;nom
coordonner;1;ver
euroe;1;nr
altdorf;1;nr
oou;1;nr
amphore;1;nom
quesqu;1;nr
raccompagner;1;ver
butin;1;nom
sulpice;1;nr
comparerait;1;nr
araignée;1;nom
refondre;1;ver
intact;1;adj
securiser;1;nr
cambioleurs;1;nr
moda;1;nr
coupler;1;ver
escalator;1;nom
taaaahiti;1;nr
gastronomiquement;1;nr
étriquer;1;ver
svpppp;1;nr
platforme;1;nr
stéroïde;1;adj
qqs;1;nr
hetm;1;nr
attaquables;1;nr
épouvantable;1;adj
camelote;1;nom
consternant;1;adj
bear;1;nr
maxi;1;adj
gifi;1;nr
chicorée;1;nom
discount;1;nom
yoloitude;1;nr
600e;1;nr
déteingnent;1;nr
curcuma;1;nom
tacher;1;ver
tenace;1;adj
pes;1;nr
régiment;1;nom
jacquemus;1;nr
2000e;1;nr
reformer;1;ver
mensuration;1;nom
dmfait;1;nr
mémère;1;nom
ahlala;1;nr
acrylique;1;nom
literie;1;nom
soie;1;nom
bambou;1;nom
rembourrage;1;nom
boutis;1;nr
nonplus;1;nr
plastic;1;nom
haricot;1;nom
ilpasse;1;nr
sheila;1;nr
levis;1;nr
loie;1;nr
araiter;1;nr
schtroumpf;1;nom
déteindre;1;ver
morgan;1;nr
grossiste;1;nom
commanderais;1;nr
blangadesh;1;nr
chateau;1;nr
xiii;1;nr
eczemas;1;nr
essayè;1;nr
saloperie;1;nom
prato;1;nr
regardant;1;adj
bo;1;nr
servettiens;1;nr
couv;1;nr
plainp;1;nr
dorcière;1;nr
pav;1;nr
zi;1;nr
bangkok;1;nr
meyrin;1;nr
désaffecté;1;adj
technopoles;1;nr
emji_clap;1;nom
17min;1;nr
ceard;1;nr
meignier;1;nr
bahn;1;nr
fadaise;1;nom
93km2;1;nr
infaisables;1;nr
imho;1;nr
deservir;1;nr
urbaniser;1;nr
repond;1;nr
dégorger;1;ver
pougny;1;nr
julian;1;nr
desservez;1;nr
reluer;1;nr
mouttes;1;nr
ferry;1;nom
embarcadère;1;nom
inutil;1;nr
corsier;1;nr
veyrier;1;nr
tautologie;1;nom
gnolus;1;nr
cocorico;1;nom
kamel;1;nr
m3;1;nr
teletransportation;1;nr
synergie;1;nom
attenants;1;nr
interconnectés;1;nr
dici;1;nr
lisaisons;1;nr
collaborative;1;nr
collisioneur;1;nr
remblai;1;nom
débaucher;1;ver
périph;1;nom
thônex;1;nr
régiin;1;nr
télécabines;1;nr
pile_poil;1;nom
engorgé;1;adj
hermence;1;nr
meinier;1;nr
atmosphere;1;nr
carbon;1;nr
viagra;1;nom
rajeunissants;1;nr
oinj;1;nr
ecoutez;1;nr
suspension;1;nom
rivage;1;nom
bozo;1;nom
antant;1;nr
détoxication;1;nr
réhabilitation;1;nom
référent;1;nom
épauler;1;ver
comodités;1;nr
inclues;1;nr
affectation;1;nom
ponctuer;1;ver
luckmann;1;nr
marginalité;1;nom
désorganisation;1;nom
mentalisation;1;nr
prochaska;1;nr
diclemente;1;nr
carl;1;nr
rogers;1;nr
actualisante;1;nr
renoncement;1;nom
becker;1;nr
bourgois;1;nr
zinberg;1;nr
marginalisées;1;nr
preservez;1;nr
gnaque;1;nr
references;1;nr
focumentation;1;nr
integrale;1;nr
playdoirie;1;nr
croupier;1;nom
johnny;1;nr
depp;1;nr
desintox;1;nr
collage;1;nom
detox;1;nr
frequently;1;nr
irrécupérable;1;adj
fokon;1;nr
désintoxiquer;1;ver
dieudonné;1;nr
okok;1;nr
perpétuellement;1;adv
defoncent;1;nr
éminemment;1;adv
multifactoriel;1;nr
mèche;1;nom
illuminé;1;adj
plurifactorielle;1;nr
fatalité;1;nom
prévenant;1;adj
qii;1;nr
abreuver;1;ver
tentaculaire;1;adj
vantardise;1;nom
sms;1;nr
lôsanne;1;nr
pree;1;nr
bosseraient;1;nr
canabis;1;nr
désinfectant;1;nom
réanimer;1;ver
boulette;1;nom
pireuser_utilisateurice;1;nr
sécurisantes;1;nr
pluridisciplinaires;1;nr
cohérant;1;nr
substitutif;1;nr
subutex;1;nr
méthadone;1;nom
morphine;1;nom
désintoxication;1;nom
réapprenons;1;nr
malchanceux;1;nom
rebondissement;1;nom
transitoirement;1;adv
rechute;1;nom
échantillonnage;1;nom
trimestriel;1;adj
burry;1;nr
subprimes;1;nr
crptomonnaie;1;nr
bazarre;1;nr
nvdia;1;nr
dûe;1;nr
distends;1;nr
robotiser;1;ver
chamailler;1;ver
fragmentes;1;nr
examiner;1;ver
ofc;1;nr
femms;1;nr
reveiler;1;nr
immature;1;adj
poyr;1;nr
bodybuildeuses;1;nr
éloignement;1;nom
devraig;1;nr
posssible;1;nr
volontier;1;nr
entraides;1;nr
impactes;1;nr
eb;1;nr
confiant;1;adj
étouffant;1;adj
internets;1;nr
monocausal;1;nr
trainait;1;nr
marièe;1;nr
psychothérapeute;1;nom
huis;1;nom
réconciliation;1;nom
contondant;1;adj
perceval;1;nr
karadoc;1;nr
apparent;1;adj
ouuuuu;1;nr
réprimande;1;nom
débordant;1;adj
vorace;1;adj
isolant;1;nom
attrait;1;nom
facturait;1;nr
sillon;1;nom
interfessier;1;nr
benefits;1;nr
tessinois;1;nr
commotion;1;nom
mikaela;1;nr
shiffrin;1;nr
negativité;1;nr
trobaré;1;nr
faltar;1;nr
ànims;1;nr
maraud;1;nom
deregulation;1;nr
grqnd;1;nr
australien;1;adj
debuger;1;nr
blanchissement;1;nom
yoyo;1;nom
mcc;1;nr
humouristes;1;nr
graziiiie;1;nr
belem;1;nr
iech;1;nr
guéguerre;1;nom
marina;1;nom
rollman;1;nr
rébecca;1;nom
balestra;1;nr
yanne;1;nr
kominek;1;nr
peki;1;nr
expatrier;1;ver
lexomil;1;nr
prog;1;nr
deboires;1;nr
theatre;1;nr
chouinement;1;nr
philzurcher;1;nr
marrakech;1;nr
ramenenent;1;nr
52minutes;1;nr
gaspard;1;nom
proust;1;nr
bastien;1;nr
baker;1;nr
monteux;1;nr
santana;1;nr
kravitz;1;nr
seal;1;nr
promouvoit;1;nr
protectionnisme;1;nom
rossignol;1;nom
guest;1;nr
francophonie;1;nom
ouinouin;1;nr
randome;1;nr
fuhrer;1;nr
briefer;1;ver
provenzano;1;nr
kivu;1;nr
ériger;1;ver
toyota;1;nr
volkswagen;1;nr
putler;1;nr
énumération;1;nom
supranationaux;1;nr
paper;1;nr
sionis;1;nr
antichrist;1;nr
judaism;1;nr
enfiiiiiiiiin;1;nr
loooooonnnngteeeeemps;1;nr
unisson;1;nom
pédalo;1;nom
canne;1;nom
sonoriser;1;ver
dritten;1;nr
oex;1;nr
expressioner;1;nr
sacraliser;1;nr
jumelle;1;nom
faucigny;1;nr
tarentaise;1;nr
bololooooo;1;nr
oggi;1;nr
etouffe;1;nr
heeeuuu;1;nr
truqué;1;adj
désavouer;1;ver
surpouvoir;1;nr
jalonner;1;ver
simplisme;1;nr
farpaitement;1;nr
intra;1;adv
activisme;1;nom
delegitimise;1;nr
bastille;1;nom
brainwash;1;nr
barragouinez;1;nr
tecris;1;nr
dachu;1;nr
jcuse;1;nr
chur;1;nr
buche;1;nr
denouncer;1;nr
acepte;1;nr
connotés;1;nr
gouvernementalle;1;nr
belligérent;1;nr
agitation;1;nom
asseillez;1;nr
ohoooooooo;1;nr
g3n0cide;1;nr
isr4el;1;nr
ant;1;nr
chautés;1;nr
carisme;1;nr
vertebrale;1;nr
chahuteur;1;nom
chahuteuses;1;nr
insistant;1;adj
volenté;1;nr
invisibilisé;1;nr
derangera;1;nr
recadrage;1;nr
polemisant;1;nr
oppressifs;1;nr
popper;1;nr
enfume;1;nr
apartheids;1;nr
classiste;1;nr
bafouement;1;nr
monologue;1;nom
gouvermeent;1;nr
diversifier;1;ver
presidente;1;nr
nunca;1;nr
aujorudhui;1;nr
serio;1;nr
cometeu;1;nr
eû;1;nr
valeu;1;nr
palestina;1;nr
kkkkkkkkkkk;1;nr
sed;1;nr
picanha;1;nr
churrasquinho;1;nr
acho;1;nr
pouco;1;nr
quem;1;nr
disse;1;nr
isso;1;nr
manca;1;nr
catiléia;1;nr
exaustive;1;nr
perpétuité;1;nom
gangne;1;nr
enfimmm;1;nr
opportun;1;adj
dérober;1;ver
comentaires;1;nr
brèsil;1;nr
sisteme;1;nr
imoral;1;nr
bolivarienne;1;nr
déférer;1;ver
ukraini;1;nr
heroyam;1;nr
duo;1;nom
makala;1;nr
campagnard;1;adj
crête;1;nom
recroiseront;1;nr
bougerie;1;nr
yee;1;nr
reboucher;1;ver
bethusy;1;nr
canalisation;1;nom
130m;1;nr
sis;1;adj
investiguent;1;nr
argentiers;1;nr
côter;1;nr
nucléair;1;nr
mpts;1;nr
arcom;1;nr
persuasion;1;nom
émettrices;1;nr
serieuse;1;nr
energies;1;nr
eolien;1;nr
decroissance;1;nr
hydrogène;1;nom
commercialement;1;adv
fission;1;nom
halo;1;nom
hydroélectriques;1;nr
itaipu;1;nr
belo;1;nr
platique;1;nr
gigatonnes;1;nr
externalisent;1;nr
benir;1;nr
importons;1;nr
insinuation;1;nom
vérite;1;nr
pugnitive;1;nr
exactitude;1;nom
inequality;1;nr
lab;1;nr
enrober;1;ver
pressentir;1;ver
cumul;1;nom
negocient;1;nr
agrochimiques;1;nr
lobbystes;1;nr
prevention;1;nr
localisable;1;adj
safeplace;1;nr
invisibiliser;1;nr
puberté;1;nom
confiner;1;ver
actionner;1;ver
diététiciennes;1;nr
digestif;1;nom
enterrement;1;nom
hydrater;1;ver
74ans;1;nr
déj;1;nr
diabète;1;nom
qque;1;nr
mmmm;1;nr
jeun;1;nr
tzny;1;nr
encencer;1;nr
yoshinori;1;nr
oshumi;1;nr
autophagie;1;nr
brouillé;1;adj
speck;1;nr
jumeler;1;ver
leynes;1;nr
brevine;1;nr
delémont;1;nr
troposphère;1;nom
stratosphère;1;nom
quantifiés;1;nr
climatoscepticisme;1;nr
grelotter;1;ver
5h00;1;nr
météorologue;1;nom
bulbe;1;nom
anémier;1;ver
cedric;1;nr
urgentiste;1;nom
désoeuvrer;1;ver
hominem;1;nr
superfétatoire;1;adj
climatosceptiques;1;nr
ultracrépidarianisme;1;nr
planque;1;nom
hopitaux;1;nr
matériellement;1;adv
habilité;1;nom
boyc;1;nr
otter;1;nr
ual;1;nr
euphrate;1;nr
nil;1;nom
talith;1;nr
châle;1;nom
interpellons;1;nr
judéophobes;1;nr
ignards;1;nr
soldatst;1;nr
arretera;1;nr
fachistes;1;nr
cor;1;nom
onniers;1;nr
errer;1;ver
barder;1;ver
rps;1;nr
combres;1;nr
smile;1;nr
canette;1;nom
récapituler;1;ver
perfectionner;1;ver
surinvestir;1;nr
managériale;1;nr
less;1;nr
lanterne;1;nom
jajaja;1;nr
konvink;1;nr
42h;1;nr
fractionnés;1;nr
atout;1;nom
fluidifiaient;1;nr
swatchgroup;1;nr
éduc;1;nr
ndlr;1;nr
rbi;1;nr
modern;1;nr
népotisme;1;nom
agissant;1;adj
dgeo;1;nr
dgs;1;nr
dgej;1;nr
dgcs;1;nr
éreintant;1;adj
naaaaan;1;nr
festoyer;1;ver
cemil;1;nr
cubas;1;nr
morfitère;1;nr
régénérer;1;ver
méditation;1;nom
anxieux;1;adj
niol;1;nr
5h30;1;nr
19h15;1;nr
sup;1;nr
payéet;1;nr
emji_mage_homme_peau_claire;1;nom
emji_boule_de_cristal;1;nom
rythmer;1;ver
18h30;1;nr
équilibrer;1;ver
sendormir;1;nr
part_time;1;nom
cetre;1;nr
reconsider;1;nr
oter;1;nr
stigma;1;nom
fabio;1;nr
le_;1;nr
_g;1;nr
oasuser_utilisateurice;1;nr
possaidait;1;nr
suicid;1;nr
idior;1;nr
uqestion;1;nr
sucde;1;nr
marde;1;nr
jugulés;1;nr
surmené;1;adj
munitionnées;1;nr
proctologue;1;nom
bjr;1;nr
celia;1;nr
facilemebt;1;nr
pêté;1;nr
rajoutiez;1;nr
nbc;1;nr
postif;1;nr
fallaut;1;nr
fesable;1;nr
dejs;1;nr
declarer;1;nr
declarr;1;nr
pleinnnn;1;nr
agument;1;nr
doublie;1;nr
après_depend;1;nr
répèt;1;nr
c0nnes;1;nr
questionable;1;nr
unh;1;nr
reglement;1;nr
nimo;1;nr
commettront;1;nr
shootings;1;nr
futilité;1;nom
redistribuées;1;nr
non_violence;1;nom
corset;1;nom
10m;1;nr
critere;1;nr
impénétrable;1;adj
glaçon;1;nom
tupp;1;nr
mori;1;nr
mundis;1;nr
recorda;1;nr
criminologie;1;nom
exposee;1;nr
fass;1;nr
transfrontaliers;1;nr
aiqueçaàfoutredefairechierlemondesurinsta;1;nr
appointé;1;adj
faveursécurité;1;nr
contreinégalité;1;nr
recr;1;nr
conscrit;1;nom
réactivité;1;nom
disséminer;1;ver
merdaaa;1;nr
booster;1;nom
trotil;1;nr
détonateur;1;nom
antichar;1;adj
broutille;1;nom
aigu;1;adj
munitionner;1;nr
réserviste;1;nom
sous_officier;1;nom
harico;1;nr
rivella;1;nr
chocanlat;1;nr
dar;1;nr
senteur;1;nom
laufon;1;nr
bonnons;1;nr
ricola;1;nr
rappaz;1;nr
ricardo;1;nr
gestión;1;nr
mirko3600;1;nr
lives;1;nr
matter;1;ver
2500km2;1;nr
bouée;1;nom
translittération;1;nr
bouler;1;ver
étasunien;1;nr
constatation;1;nom
dombass;1;nr
russophone;1;adj
interception;1;nom
mitoyen;1;adj
reconstituer;1;ver
réattaquer;1;ver
km2;1;nr
preferable;1;nr
tieeeeeeens;1;nr
douch;1;nr
bodyshaming;1;nr
sexualisation;1;nr
sexualiser;1;ver
verrouillable;1;nr
savonnette;1;nom
règlera;1;nr
luire;1;ver
solutionner;1;ver
pansement;1;nom
glauque;1;adj
neries;1;nr
partageable;1;adj
douchaient;1;nr
moussa;1;nr
individualité;1;nom
bienfaisant;1;adj
eries;1;nr
surprotéger;1;ver
fitness;1;nom
abattis;1;nom
securite;1;nr
renfermer;1;ver
ammène;1;nr
m3rde;1;nr
wait_and_see;1;nom
natels;1;nr
dam;1;nom
parce_quer;1;nr
patce;1;nr
t4s;1;nr
sécure;1;nr
angoissant;1;adj
dramas;1;nr
aprèm;1;nom
c1use;1;nr
anti_inflammatoire;1;nom
crado;1;adj
deficile;1;nr
nudité;1;nom
secher;1;nr
deodorant;1;nr
medouchrai;1;nr
hypersensible;1;adj
gb;1;nr
financiere;1;nr
fees;1;nr
mqis;1;nr
rediffusion;1;nom
extortion;1;nr
douanieres;1;nr
étas;1;nr
capitaliiiiiiisme;1;nr
pédale;1;nom
pourfendeurs;1;nr
know;1;nr
irrecevable;1;adj
utain;1;nr
boutistes;1;nr
sparkle;1;nr
enormement;1;nr
tendresse;1;nom
communeauté;1;nr
ménopausé;1;adj
octroi;1;nom
cloisonné;1;adj
bünzlitude;1;nr
mobilite;1;nr
chapô;1;nr
youpiii;1;nr
petit_déjeuner;1;nom
flood;1;adj
pdv;1;nr
furry;1;nr
sexualisees;1;nr
perçu;1;adj
propalestinnienne;1;nr
criminologue;1;nom
künz;1;nr
relevants;1;nr
excision;1;nom
débilitant;1;adj
disante;1;nr
fidèlement;1;adv
instrumentalisés;1;nr
insistance;1;nom
naturalisées;1;nr
réaliserons;1;nr
afuera;1;nr
ouaaaii;1;nr
meurtier;1;nr
12h45;1;nr
espionnage;1;nom
ironisez;1;nr
sophieortega;1;nr
habituellement;1;adv
blaine;1;nr
youtuber;1;nr
jpaie;1;nr
ayo;1;nr
orbe;1;nom
cocomelon;1;nr
pat;1;adj
générera;1;nr
visu;1;nr
mononeuronaux;1;nr
cliff;1;nr
harder;1;ver
éponyme;1;adj
magnifiquec;1;nr
valser;1;ver
aydïn;1;nr
mason;1;nr
greenwood;1;nr
very;1;nr
lave_linge;1;nom
nouveau_né;1;nom
lueur;1;nom
yannick;1;nr
heidi;1;nr
merdouilles;1;nr
blinders;1;nr
alfie;1;nr
romanov;1;nr
stradivarius;1;nom
fabergé;1;nr
rareté;1;nom
magnfique;1;nr
faciiiiile;1;nr
youtubeur;1;nr
primé;1;adj
biotope;1;nom
buse;1;nom
corneille;1;nom
dedieu;1;nr
flair;1;nom
sillage;1;nom
récoltiez;1;nr
ébullition;1;nom
convaincu;1;adj
endocriniennes;1;nr
makatussin;1;nr
emji_douche;1;nom
héro;1;nom
pasuser_utilisateurice;1;nr
vinaigre;1;nom
mmmmmh;1;nr
supplice;1;nom
save;1;nr
asphyxiant;1;adj
uv;1;nr
inhaler;1;ver
inqiettant;1;nr
pedocriminiels;1;nr
guuuuuy;1;nr
cheu;1;nr
auf;1;nr
should;1;nr
write;1;nr
genau;1;nr
manolo;1;nr
yépa;1;nr
ouvrrir;1;nr
livr;1;nr
etr;1;nr
comprandr;1;nr
raffa_elle003;1;nr
décomplexée;1;nr
smart;1;adj
dacc;1;nr
raf;1;nr
technocrate;1;nom
charismatique;1;adj
v0mir;1;nr
understand;1;nr
parmesan;1;nom
variante;1;nom
mercosur;1;nr
coupole;1;nom
croyable;1;adj
prétention;1;nom
avrc;1;nr
piliticien;1;nr
minsk;1;nr
topo;1;nom
washmingston;1;nr
ptérosaure;1;nr
régurgitalite;1;nr
bakiribu;1;nr
waridza;1;nr
spinosaure;1;nr
mariannes;1;nr
paléontologie;1;nom
palent;1;nr
ologues;1;nr
paléontologue;1;nom
jumper;1;nom
baaaaaaaase;1;nr
maréchaussée;1;nom
oran;1;nr
alexandrie;1;nr
soulflyers;1;nr
fpv;1;nr
splaf;1;nr
içi;1;nr
buisson;1;nom
lauterbrunnen;1;nr
baaaaaase;1;nr
impressionant;1;nr
choeur;1;nom
potara;1;nr
vegeto;1;nr
palpable;1;adj
chimio;1;nr
homéopathie;1;nom
emji_mains_ouvertes_peau_moyennement_claire;1;nom
ées;1;nr
taco;1;nom
inquièter;1;nr
saga;1;nom
fataliste;1;adj
moguls;1;nr
elsiita;1;nr
jalousez;1;nr
disant;1;adj
bienfaiteur;1;nom
doooonc;1;nr
supp;1;nr
helvetia;1;nr
bâloise;1;nr
exhaustives;1;nr
200x;1;nr
entremêlement;1;nom
décortiquer;1;ver
approximation;1;nom
spuhler;1;nr
gap;1;nom
ahahahahaha;1;nr
stratosphérique;1;adj
tirelire;1;nom
contagieux;1;adj
financial;1;nr
automatisation;1;nom
réinjectent;1;nr
héritant;1;nr
d_abords;1;nr
avarié;1;adj
imprimeur;1;nom
liasse;1;nom
hiihihihuhuh7;1;nr
antoine;1;nr
assentiment;1;nom
excroissance;1;nom
soutenable;1;adj
vaticano;1;nr
ruchonnet;1;nr
detuit;1;nr
degradants;1;nr
prol;1;nr
fériées;1;nr
promove;1;nr
emji_homme_avec_la_paume_sur_le_visage_peau_mate;1;nom
cgtp;1;nr
ugtp;1;nr
40e;1;nr
idh;1;nr
himaine;1;nr
categorie;1;nr
fiscaliste;1;nom
comptable;1;nom
kévinette;1;nr
procrastination;1;nom
francophobes;1;nr
décongestionner;1;ver
reseau;1;nr
tranferer;1;nr
tranaports;1;nr
contante;1;nr
bâlois;1;nr
dortoir;1;nom
bm;1;nr
cointrin;1;nr
réhaussement;1;nr
aiguillage;1;nom
nève;1;nr
captes;1;nr
illustrez;1;nr
renomment;1;nr
euroairport;1;nr
emji_douane;1;nom
basané;1;adj
prostate;1;nom
magnfiquesi;1;nr
emji_bagage;1;nom
gra;1;nr
23h;1;nr
pquoi;1;nr
pfffffffff;1;nr
modero;1;nr
cannabiques;1;nr
régulariser;1;ver
récréatif;1;adj
prohiber;1;ver
accurate;1;nr
225kg;1;nr
32gr;1;nr
2g;1;nr
gram;1;nom
slalome;1;nr
péjore;1;nr
susbtances;1;nr
dépénaliser;1;ver
weed;1;nr
sprayée;1;nr
canabinoides;1;nr
dz;1;nr
heheh;1;nr
calumet;1;nom
consome;1;nr
okayy;1;nr
nyt;1;nr
pront;1;nr
emji_bouquet;1;nom
baptême;1;nom
amphibien;1;nom
polaroïd;1;nom
samsung;1;nr
aerni;1;nr
magicien;1;nom
winning;1;nr
horse;1;nr
farceur;1;nom
burger;1;nom
twinter;1;nr
élégence;1;nr
maaanifiiiiiiiiique;1;nr
nsa;1;nr
comdane;1;nr
alibaba;1;nr
mimie;1;nr
emji_cornes_avec_les_doigts_peau_moyennement_claire;1;nom
orga;1;nr
verrier;1;adj
vastement;1;nr
skyblog;1;nr
juteux;1;adj
medium;1;nom
romantisées;1;nr
erotiques;1;nr
spycher;1;nr
nora;1;nr
julia;1;nr
cinématographique;1;adj
grey;1;nr
étiquetté;1;nr
pléthore;1;nom
romantisees;1;nr
fantasie;1;nr
calquer;1;ver
heteros;1;nr
schemas;1;nr
concéder;1;ver
perturbé;1;adj
true;1;nr
biker;1;nr
spicy;1;nr
dissocier;1;ver
problematiques;1;nr
taboo;1;nr
emji_épi_de_maïs;1;nom
édophilie;1;nr
graphie;1;nom
fourth;1;nr
wing;1;nr
emji_18_ans_et_plus;1;nom
pornographique;1;adj
ornographiques;1;nr
edophilie;1;nr
prcq;1;nr
4e;1;nr
xe;1;nr
smut;1;nr
âgisme;1;nom
saborder;1;ver
rno;1;nr
lessor;1;nr
zoophilie;1;nom
ole;1;nr
shémas;1;nr
incomprehension;1;nr
feministes;1;nr
conner;1;nr
spamer;1;nr
applis;1;nr
aiguiller;1;ver
harlequins;1;nr
oralement;1;adv
cisgenres;1;nr
after;1;nr
payot;1;nr
triggers;1;nr
warning;1;nom
emji_garde_peau_moyennement_claire;1;nom
ferrata;1;nr
extérioriser;1;ver
desinhibé;1;nr
treeeeeees;1;nr
coconut;1;nr
parpaing;1;nom
fange;1;nom
emplise;1;nr
avisé;1;adj
tourette;1;nr
droopy;1;nr
decouvrent;1;nr
régulateur;1;nom
neurodivergeantes;1;nr
tips;1;nr
intuitivement;1;adv
desarroi;1;nr
entouréxe;1;nr
cheulous;1;nr
mask;1;nr
chefes;1;nr
hess;1;nr
emji_père_noël_peau_claire;1;nom
passe_passe;1;nom
hanoucca;1;nr
kwanzaa;1;nr
everything;1;nr
cadrage;1;nom
dissipation;1;nom
physicien;1;nom
cinétique;1;adj
redécouverte;1;nom
paff;1;nr
mésinterprétation;1;nr
ambigu;1;adj
sorter;1;nr
turlupiner;1;ver
freinerait;1;nr
interpoler;1;nr
électrodynamique;1;nom
interference;1;nr
controler;1;nr
manifold;1;nom
interferences;1;nr
pulsées;1;nr
everyone;1;nr
ik;1;nr
ptite;1;nr
tuisme;1;nr
péd0;1;nr
dialogu;1;nr
pieux;1;adj
emji_orang_outan;1;nom
cessez_le_feux;1;nr
conquérant;1;nom
vosines;1;nr
riposter;1;ver
hezbn;1;nr
liran;1;nr
anticolonialiste;1;nr
hortensia;1;nom
preste;1;adj
bioparc;1;nr
cheminée;1;nom
compost;1;nom
compasation;1;nr
person;1;nr
high_tech;1;adj
expédier;1;ver
coupon;1;nom
embouchonnées;1;nr
scénarisée;1;nr
decu;1;nr
toutistes;1;nr
hubin;1;nr
small;1;nr
côtées;1;nr
assistes;1;nr
ponzi;1;nr
pasner;1;nr
loose;1;nr
cotisez;1;nr
quadrupler;1;ver
amoindrir;1;ver
retardement;1;nom
échelonner;1;ver
differées;1;nr
pillier;1;nr
deduire;1;nr
rétroactivement;1;adv
python;1;nom
arve;1;nr
relâchement;1;nom
psittacula;1;nr
allusion;1;nom
épidémique;1;adj
délestent;1;nr
environnant;1;adj
défèquent;1;nr
emji_chien_guide;1;nom
emji_fourchette_et_couteau_avec_assiette;1;nom
vermifugés;1;nr
emji_professionnel_de_la_santé;1;nom
fastidieux;1;adj
bq;1;nr
etf;1;nr
manip;1;nom
metallica;1;nr
dévaluées;1;nr
vtt;1;nr
telecom;1;nr
italia;1;nr
épicerie;1;nom
scandaleusement;1;adv
prohibitifs;1;nr
gener;1;nr
emji_partition;1;nom
emji_porte_voix;1;nom
télécommunication;1;nom
zélus;1;nr
boni;1;nom
3g;1;nr
asser;1;nr
brenets;1;nr
xy;1;nr
connection;1;nr
néerlandophone;1;nr
randonnée;1;nom
téléphoniste;1;nom
chasselas;1;nom
loool;1;nr
guuser_utilisateurice;1;nr
300chf;1;nr
module;1;nom
3000chf;1;nr
classic;1;nr
derch;1;nr
8g;1;nr
colabores;1;nr
looooooool;1;nr
nimp;1;nr
degager;1;nr
harrassant;1;nr
populism;1;nr
éreinter;1;ver
80h;1;nr
conciliable;1;adj
employers;1;nr
charitable;1;adj
intolerance;1;nr
méprendre;1;ver
critèrent;1;nr
schwarzenbach;1;nr
étendard;1;nom
fluidement;1;adv
durcissements;1;nr
beware;1;nr
racists;1;nr
xenophobic;1;nr
a0;1;nr
employeureuse;1;nr
homogénéisé;1;adj
jose;1;nr
gomes;1;nr
necessité;1;nr
explétif;1;nom
redonnerez;1;nr
fraîchement;1;adv
soixantenaires;1;nr
idéalogies;1;nr
écurie;1;nom
linguiste;1;nom
obsedée;1;nr
raleurs;1;nr
tristounet;1;adj
exergue;1;nom
raccourcir;1;ver
concreto;1;nr
hahhahahah;1;nr
linguistics;1;nr
apanage;1;nom
discriminez;1;nr
ldp;1;nr
biem;1;nr
referedndum;1;nr
basler;1;nr
tütsch;1;nr
luzernerdütsch;1;nr
tessiner;1;nr
yougos;1;nr
tamoules;1;nr
package;1;nom
évadé;1;nom
classifiés;1;nr
superposition;1;nom
islamisation;1;nr
nouvellement;1;adv
responsabilisés;1;nr
balkanique;1;adj
abuseurs;1;nr
bouhhh;1;nr
contoie;1;nr
lss;1;nr
raffa_ella;1;nr
orthographes;1;nr
undersand;1;nr
sésame;1;nom
paaaasse;1;nr
brèles;1;nr
syncope;1;nom
gus;1;nom
subjonctif;1;nom
bourbine;1;nr
dyspraxiques;1;nr
shqip;1;nr
oufs;1;nr
yougod;1;nr
persévérer;1;ver
involves;1;nr
modestie;1;nom
mhm;1;nr
parlederien;1;nr
étanche;1;adj
macha;1;nr
laissez_faire;1;nom
salami;1;nom
malekum;1;nr
tocard;1;nom
plastoc;1;nom
couscous;1;nom
fide;1;nr
figaro;1;nom
seb;1;nr
background;1;nom
liebherr;1;nr
approx;1;nr
hardcore;1;nr
emji_visage_ébahi;1;nom
italian;1;nr
emji_personnel_enseignant;1;nom
absolutely;1;nr
maitrise;1;nr
beld;1;nr
dialects;1;nr
aptitude;1;nom
démagogue;1;adj
3ieme;1;nr
udcs;1;nr
steinweiler;1;nr
scolarisés;1;nr
jimagine;1;nr
cironflex;1;nr
dalf;1;nr
goethe;1;nr
für;1;nr
sonst;1;nr
brauche;1;nr
assermentation;1;nr
dialect;1;nr
how;1;nr
éloge;1;nom
portillon;1;nom
alcoolémie;1;nom
broyage;1;nom
olus;1;nr
entassement;1;nom
ponte;1;nom
chlorés;1;nr
enfilage;1;nom
wooouw;1;nr
électrocuter;1;ver
oie;1;nom
xxxx;1;nr
urant;1;nr
buttera;1;nr
commercialiser;1;ver
welfare;1;nr
castrent;1;nr
chapon;1;nom
chloré;1;adj
pyrotechnique;1;adj
blasé;1;adj
engadine;1;nr
ennuyantes;1;nr
bruiyant;1;nr
loooooool;1;nr
émition;1;nr
impportant;1;nr
emition;1;nr
éclair;1;nom
disgrace;1;nr
emji_princesse;1;nom
litérallement;1;nr
par_ci;1;adv
clebs;1;nom
definitivement;1;nr
klaxon;1;nom
emji_plume;1;nom
miliions;1;nr
nowdays;1;nr
emji_globe_tourné_sur_l_asie_et_l_australie;1;nom
pyro;1;nr
gauchir;1;ver
traditition;1;nr
aout;1;nr
shopping;1;nom
interlaken;1;nr
fairs;1;nr
animeaux;1;nr
yougo;1;nr
fete;1;nr
pétillant;1;adj
emji_feu_d_artifice;1;nom
disgrâce;1;nom
emji_drapeau_cambodge;1;nom
sournois;1;adj
thailand;1;nr
tantttt;1;nr
miiiiieuxxxx;1;nr
cambodgien;1;adj
remballer;1;ver
désertique;1;adj
désacralisent;1;nr
monothéiste;1;adj
ordonné;1;adj
thenoma;1;nr
somalien;1;adj
juuusste;1;nr
emji_drapeau_somalie;1;nom
falashas;1;nr
emji_signe_de_la_main_peau_mate;1;nom
hahahaaaaa;1;nr
swissminatur;1;nr
benny;1;nr
brainstorm;1;nr
gameplan;1;nr
yaya;1;nr
conjuguer;1;ver
indicatif;1;nom
gazoyis;1;nr
vautrer;1;ver
avce;1;nr
70k;1;nr
oussama;1;nr
amar;1;nr
triuve;1;nr
sti;1;nr
kdo;1;nr
kohler;1;nr
11ème;1;nr
dossard;1;nom
sansabris;1;nr
délétèrent;1;nr
process;1;nom
sécuritas;1;nr
séculaire;1;adj
tktp;1;nr
toogoodtogo;1;nr
plususer_utilisateurice;1;nr
ppffff;1;nr
oppotunité;1;nr
radoucisse;1;nr
pya;1;nr
réquisitionner;1;ver
justine;1;nr
emji_main_qui_pousse_vers_la_droite;1;nom
netanyou;1;nr
waoww;1;nr
plénitude;1;nom
mysmys;1;nr
trèves;1;nr
linfo;1;nr
chineur;1;nom
thonesien;1;nr
mohammad;1;nr
hannoun;1;nr
giorgia;1;nr
epoch;1;nr
prédilection;1;nom
ralph;1;nr
recroître;1;ver
lenoir;1;nr
rolling;1;nr
chveux;1;nr
bergieres;1;nr
casqué;1;adj
bike;1;nr
supert;1;nr
phone;1;nom
pizzeria;1;nom
emji_pizza;1;nom
oops;1;nr
trébucher;1;ver
slalomer;1;ver
centrique;1;nr
méconnaissable;1;adj
chaudron;1;nom
bukolik;1;nr
kryptos;1;nr
fessais;1;nr
inline;1;nr
freestyle;1;nr
quad;1;nr
krypto;1;nr
gouvernail;1;nom
tig;1;nr
penta;1;nr
delia;1;nr
castille;1;nom
gobet;1;nom
valaisannes;1;nr
pécurseur;1;nr
lambiel;1;nr
immortel;1;adj
zoon;1;nr
politikon;1;nr
dangereusement;1;adv
avenant;1;adj
turbo;1;nom
iconique;1;nr
marquant;1;adj
condolences;1;nr
sympathisant;1;nom
daniel;1;nr
waouhou;1;nr
emji_tête_de_souris;1;nom
emji_souris;1;nom
absolution;1;nom
pl;1;nr
ext;1;nr
disqualifier;1;ver
infidélité;1;nom
abattage;1;nom
rac;1;adj
segs;1;nr
symbols;1;nr
heuhhh;1;nr
symbol;1;nr
panda;1;nom
pujadas;1;nr
auqun;1;nr
impolitesse;1;nom
augurez;1;nr
rensegner;1;nr
maleducation;1;nr
éspère;1;nr
mlf;1;nr
cindy;1;nr
idolatre;1;nr
annimaux;1;nr
resolution;1;nr
frustrationet;1;nr
êtrevexé;1;nr
débauché;1;nom
caricaturer;1;ver
racelarde;1;nr
délis;1;nr
iconne;1;nr
homo0phobie;1;nr
jmlp;1;nr
kk;1;nr
keke;1;nr
halal;1;adj
frivolité;1;nom
ra6iste;1;nr
mademoiselle;1;nom
lepen;1;nr
emji_décoration_avec_coeur;1;nr
bardo;1;nom
protegés;1;nr
chacaux;1;nr
suchy;1;nr
antiphrase;1;nom
gammares;1;nr
épine;1;nom
encenser;1;ver
discriminatoires;1;nr
fourrières;1;nr
déchu;1;adj
fachosphère;1;nr
specialement;1;nr
réalisateur;1;nom
lubrique;1;adj
h0mophobe;1;nr
vison;1;nom
prérequis;1;nr
blanc_seing;1;nom
antidémocratique;1;adj
occasionnellement;1;adv
résurrection;1;nom
àdistance;1;nr
réfléchissamt;1;nr
ravissance;1;nr
gentile;1;nr
constance;1;nom
emji_ski;1;nom
slalom;1;nom
coéhrent;1;nr
donetsk;1;nr
pénalisante;1;nr
hotelier;1;nr
curling;1;nom
anti_establishment;1;nom
gossip;1;nr
hallucineyyyy;1;nr
racoler;1;ver
avoeu;1;nr
peti;1;nr
lobbywatch;1;nr
inspecter;1;ver
oppressant;1;adj
tronquer;1;ver
inclusives;1;nr
bifton;1;nom
assurrraaa;1;nr
annex;1;nr
détonner;1;ver
lobistes;1;nr
prkoi;1;nr
orde;1;nr
rechigner;1;ver
contreversé;1;nr
pouvour;1;nr
parapublics;1;nr
declarent;1;nr
aryna;1;nr
muguruza;1;nr
wta;1;nr
atp;1;nr
junior;1;adj
roger;1;nr
djoko;1;nr
coolll;1;nr
martina;1;nr
navratilova;1;nr
connors;1;nr
671ème;1;nr
exib;1;nr
veritable;1;nr
dzns;1;nr
eua;1;nr
coree;1;nr
communistr;1;nr
nagasaki;1;nr
étincelle;1;nom
amphibis;1;nr
barge;1;adj
sod0mie;1;nr
emji_visage_qui_éternue;1;nom
pinocchio;1;nr
garenties;1;nr
illusionnel;1;nr
wpresident;1;nr
trollais;1;nr
emji_premier_quartier_de_lune;1;nom
avans;1;nr
marionettes;1;nr
temporalité;1;nom
girl_friend;1;nom
infox;1;nr
1m70;1;nr
gravitationnel;1;adj
emji_pleine_lune_avec_visage;1;nom
troo;1;nr
démarcheur;1;nom
téléphonique;1;adj
arnaqueur;1;nom
meule;1;nom
courageusement;1;adv
complainte;1;nom
dégringoler;1;ver
dispenser;1;ver
empresser;1;ver
mendil;1;nr
prostitué;1;nom
presenter;1;nr
persecutées;1;nr
afghanisthan;1;nr
siecle;1;nr
21e;1;nr
néolithique;1;nom
eten;1;nr
occidente;1;nr
enquêtrice;1;nr
appartheid;1;nr
niquab;1;nr
niqab;1;nr
indicible;1;adj
stes;1;nr
fixers;1;nr
artist;1;nr
indic;1;nom
salafists;1;nr
enmerdés;1;nr
sauvable;1;nr
enlisez;1;nr
langagière;1;nr
moudjahidines;1;nr
précipiter;1;ver
enraciné;1;adj
aspiration;1;nom
apiculteur;1;nom
exorbitan;1;nr
tsl;1;nr
lithium;1;nom
transversal;1;adj
visibilisation;1;nr
intérioriser;1;ver
prémunir;1;ver
designant;1;nr
verset;1;nom
désobéissance;1;nom
exhortez;1;nr
nisâ;1;nr
daraba;1;nr
entiere;1;nr
édifiant;1;adj
intiative;1;nr
aliénantes;1;nr
démystifier;1;ver
zhom;1;nr
mascuneuneu;1;nr
immogration;1;nr
à_l_encontres;1;nr
dispersif;1;adj
vouvoyé;1;nr
attarder;1;ver
foncièrement;1;adv
dènigrante;1;nr
discrimimante;1;nr
gréco_latin;1;adj
tributaire;1;adj
impitoyable;1;adj
moderniste;1;adj
sommarugga;1;nr
empoisonnement;1;nom
phsychologues;1;nr
regimes;1;nr
genèse;1;nom
setiez;1;nr
bos;1;nr
abstinez;1;nr
commentaites;1;nr
flater;1;nr
fons;1;nr
pouboir;1;nr
érudition;1;nom
essentialiste;1;nr
couperet;1;nom
mediatheques;1;nr
grief;1;nom
romancier;1;nom
emji_statue_de_la_liberté;1;nom
fahrenheit;1;adj
rétracter;1;ver
modernisation;1;nom
giannakas;1;nr
downturn;1;nr
messaging;1;nr
towards;1;nr
inoue;1;nr
effects;1;nr
recession;1;nr
avoidance;1;nr
high;1;nr
foods;1;nr
maigreurs;1;nr
inspirant;1;adj
attribut;1;nom
dénigrement;1;nom
photographique;1;adj
inspi;1;nr
nutrition;1;nom
obesité;1;nr
cintre;1;nom
aveccce;1;nr
mannequinat;1;nr
javoue;1;nr
chris;1;nr
hemsworth;1;nr
bodybuilders;1;nr
freddy;1;nr
mercury;1;nr
einar;1;nr
soldberg;1;nr
ténor;1;nom
ormesson;1;nr
tca;1;nr
botre;1;nr
ceintre;1;nr
neon;1;nr
emji_caméra;1;nom
emji_pellicule;1;nom
manqina;1;nr
recommend;1;nr
engrenés;1;nr
appréhension;1;nom
émancipateur;1;adj
nuancerais;1;nr
60kg;1;nr
1m85;1;nr
fainéantise;1;nom
kim;1;nr
reposter;1;nr
reside;1;nr
nai;1;nr
imitation;1;nom
nocivité;1;nom
natation;1;nom
gainage;1;nr
poigne;1;nom
malicieux;1;adj
répertoriait;1;nr
dispos;1;adj
génocidé;1;nr
yigal;1;nr
amir;1;nr
balnéaire;1;adj
esptein;1;nr
enclencher;1;ver
lituanien;1;adj
militarise;1;nr
vi0lent;1;nr
kidnappen;1;nr
alles;1;nr
bullsh;1;nr
telespectateurs;1;nr
reve;1;nr
supremacie;1;nr
exprès_de;1;nr
bien_pensants;1;nr
hypocritement;1;adv
qqc;1;nr
olmert;1;nr
naftali;1;nr
bennett;1;nr
ouaip;1;nr
allemangne;1;nr
exodus;1;nr
hadid;1;nr
scolarisé;1;nr
shimon;1;nr
peres;1;nr
fausseté;1;nom
démilitarisez;1;nr
poland;1;nr
emji_drapeau_pologne;1;nom
special;1;nr
ismael;1;nr
izaac;1;nr
uly;1;nr
autodéterminée;1;nr
cx;1;nr
bomb3es;1;nr
mondanité;1;nom
planificateur;1;nom
gén0cides;1;nr
massuser_utilisateurice;1;nr
c0lonialisme;1;nr
ashkénaze;1;nom
coulers;1;nr
annie;1;nr
cohen;1;nr
solal;1;nr
sh;1;nr
chatiment;1;nr
opposable;1;adj
fecit;1;nr
déguerpir;1;ver
lander;1;nr
knessete;1;nr
free_palestine;1;nr
istes;1;nr
developpé;1;nr
fulgurant;1;adj
contrabande;1;nr
saxon;1;adj
150chf;1;nr
270000km;1;nr
chavannes;1;nr
bogis;1;nr
11h;1;nr
céleste;1;adj
usiner;1;ver
siron;1;nr
diamètre;1;nom
270k;1;nr
rebond;1;nom
dense;1;adj
objection;1;nom
appuye;1;nr
monaies;1;nr
actuel10;1;nr
rebelotte;1;nr
vinyle;1;nom
pellicule;1;nom
dac;1;nr
hesitation;1;nr
ballek;1;nr
recto;1;nom
verso;1;nom
immatériel;1;adj
nannnnn;1;nr
naa;1;nr
fantasy;1;nr
degggggg;1;nr
hallucination;1;nom
prospectus;1;nom
parapentiste;1;nr
zen;1;adj
tej;1;nr
200frs;1;nr
excavateur;1;nom
godet;1;nom
générateur;1;nom
numéraire;1;nom
épilepsie;1;nom
fluo;1;adj
stabilo;1;nr
emji_touches_6;1;nom
apnt;1;nr
mycologue;1;nom
pouahaha;1;nr
tablette;1;nom
imprimante;1;nom
norr;1;nr
parement;1;nom
psychiadelique;1;nr
omggg;1;nr
sfaire;1;nr
emji_billet_en_yens;1;nom
boosted;1;nr
galaxie;1;nom
modélisés;1;nr
magniifque;1;nr
fleures;1;nr
buvard;1;nom
riles;1;nr
chval;1;nr
sarl;1;nr
ceshtag_t;1;nr
kayou;1;nr
fossoyeur;1;nom
arène;1;nom
hofmann;1;nr
shiny;1;nr
aaaaah;1;nr
skala;1;nr
cmnt;1;nr
pokemons;1;nr
fréros;1;nr
vaporwave;1;nr
ciiiiiiinnnnnq;1;nr
emji_pieuvre;1;nom
poulpitante;1;nr
poulpite;1;nr
délice;1;nom
fictionnel;1;adj
mémoriser;1;ver
lecter;1;nr
contrôlantes;1;nr
jeromeby;1;nr
arborer;1;ver
tatouer;1;ver
hegseth;1;nr
indextreme;1;nr
representent;1;nr
emji_hache;1;nom
satanisme;1;nom
listent;1;nr
mattieusesseli;1;nr
emji_fleur_de_lys;1;nom
barbier;1;nom
stone;1;adj
island;1;nr
allignés;1;nr
mitsubishi;1;nr
modus_operandi;1;nom
mean;1;nr
embrigadement;1;nr
isoles;1;nr
rescapé;1;nom
éradique;1;nr
ici_bas;1;adv
f4chistes;1;nr
emji_bras_mécanique;1;nom
knie;1;nr
poney;1;nom
saucer;1;ver
totalitarisme;1;nom
icone;1;nr
capslock;1;nr
liesse;1;nom
ramsès;1;nr
rex;1;nom
commetez;1;nr
istael;1;nr
respekt;1;nr
xa;1;nr
incisif;1;adj
lévy;1;nr
adversité;1;nom
dém;1;nr
mbrés;1;nr
br;1;nr
dec;1;nr
pités;1;nr
disloqué;1;adj
selfies;1;nr
uribe;1;nr
ecoutes;1;nr
payers;1;nr
done;1;nr
blue;1;nr
ténacité;1;nom
turkish;1;nr
prosperer;1;nr
supremacists;1;nr
interressent;1;nr
emji_hôtel;1;nom
lajoiedevivre;1;nr
voulour;1;nr
lpartie;1;nr
pittié;1;nr
descriptif;1;nom
arraisonner;1;ver
palpoutine;1;nr
thisisa;1;nr
pare_feu;1;nom
dévellope;1;nr
flotilla;1;nr
olga;1;nr
soixantaine;1;nom
crédule;1;adj
pagany;1;nr
ecocide;1;nr
illegale;1;nr
sanglant;1;adj
saussure;1;nr
rémy;1;nr
trophée;1;nom
ien;1;nr
n4zis;1;nr
cowards;1;nr
sémiologie;1;nom
rapatriement;1;nom
geôlier;1;nom
hashtags;1;nr
répendre;1;nr
ul;1;nr
kefiehs;1;nr
ingénieusement;1;adv
egyptien;1;nr
impöts;1;nr
nethaniauh;1;nr
vômir;1;nr
concytoyens;1;nr
humanté;1;nr
percécutés;1;nr
mouchoir;1;nom
rémi;1;nr
pekin;1;nr
pékin;1;nom
tvb;1;nr
biquet;1;nom
préavis;1;nom
facturerais;1;nr
grassroot;1;nr
movement;1;nr
suiveur;1;nom
louloute;1;nom
idylle;1;nom
aérer;1;ver
bienséance;1;nom
94ss;1;nr
oec;1;nr
sauvagement;1;adv
coexister;1;ver
tronquant;1;nr
venud;1;nr
bellegarde;1;nr
tattoo;1;nr
pinterest;1;nr
qubelle;1;nr
scripturale;1;nr
snti;1;nr
discozrs;1;nr
himarien;1;nr
amnistie;1;nom
monitor;1;nom
exagération;1;nom
mouvoir;1;ver
vuitton;1;nr
manifeste;1;adj
executé;1;nr
orl;1;nr
blocant;1;nr
reserrent;1;nr
clairvoyance;1;nom
xxx;1;nr
détestable;1;adj
hérissera;1;nr
tuerdesefants;1;nr
crap;1;nr
proclamation;1;nom
mésentente;1;nom
afganistan;1;nr
sagacité;1;nom
hébron;1;nr
galler;1;ver
scholars;1;nr
pointilleux;1;adj
involontairement;1;adv
identisme;1;nr
genøcidaire;1;nr
eri;1;nr
kfar;1;nr
aza;1;nr
désespérantes;1;nr
déferlante;1;nom
oohhh;1;nr
interchangeable;1;adj
pitier;1;nr
problême;1;nr
personnifié;1;adj
réappropriation;1;nr
ensanglanté;1;adj
rafler;1;ver
lesbiraelien;1;nr
empereur;1;nom
bonbarder;1;nr
bezalel;1;nr
samarée;1;nr
7e;1;nr
20e;1;nr
impuni;1;adj
burkinafasso;1;nr
emji_drapeau_syrie;1;nom
emji_drapeau_libye;1;nom
etape;1;nr
convenu;1;adj
relevance;1;nr
connaisance;1;nr
crucialement;1;adv
mécano;1;nom
assemblage;1;nom
manufacturer;1;ver
sot;1;nom
10max;1;nr
repondu;1;nr
woaaaaaw;1;nr
assembleur;1;nom
postier;1;nom
lego;1;nom
amadouer;1;ver
barbies;1;nr
logos;1;nom
copyright;1;nom
caquelons;1;nr
céligny;1;nr
map;1;nr
miserdon;1;nr
infinite;1;nr
grovestreet;1;nr
glitch;1;nr
helico;1;nr
constantin;1;nr
bô;1;nr
cant;1;nr
modéliser;1;ver
gnève;1;nr
vegas;1;nr
nendaz;1;nr
ptdrrrrrrrrr;1;nr
excitant;1;adj
champel;1;nr
discord;1;nr
zinzin;1;adj
israëlirns;1;nr
foll;1;nr
immensément;1;adv
foiie;1;nr
détrôner;1;ver
evyatar;1;nr
emancipé;1;nr
tsahaluser_utilisateurice;1;nr
bireh;1;nr
twist;1;nom
fouuuuu;1;nr
vi0le;1;nr
cocktail;1;nom
sollicitude;1;nom
abnonce;1;nr
nauséabond;1;adj
deplaise;1;nr
vi0lé;1;nr
consacré;1;adj
beurrer;1;ver
cu1;1;nr
echanger;1;nr
voilàààà;1;nr
hermès;1;nom
bomabrdee;1;nr
yahu;1;nr
loufoque;1;adj
exxxterrrminé;1;nr
party;1;nom
protéinées;1;nr
réinventez;1;nr
cochonnerie;1;nom
tavel;1;nom
guêpe;1;nom
verger;1;nom
horticole;1;nr
lullier;1;nr
emji_pomme_rouge;1;nom
ünique;1;nr
emji_barre_chocolatée;1;nom
levrat;1;nr
saladier;1;nom
fruité;1;adj
viennois;1;adj
emji_cerises;1;nom
emji_fraise;1;nom
emji_poire;1;nom
allemanique;1;nr
eidgenössische;1;nr
technische;1;nr
hochschule;1;nr
ethz;1;nr
166e;1;nr
135eme;1;nr
125eme;1;nr
rankings;1;nr
téléchargement;1;nom
partoutatis;1;nr
augment;1;nom
box;1;nom
visionnages;1;nr
trashtalk;1;nr
monteur;1;nom
720p;1;nr
360p;1;nr
flix;1;nr
tetcheu;1;nr
yggtorrent;1;nr
sériiiiiiiiiiiiiiiiiiiiiiiiiiiiiiiiiiies;1;nr
téléchargements;1;nr
spliiit;1;nr
gosplit;1;nr
4chf;1;nr
emji_drapeau_de_pirate;1;nom
ghost;1;nr
avare;1;adj
torrent;1;nom
stremio;1;nr
60chf;1;nr
superieur;1;nr
surcoûts;1;nr
nightflix;1;nr
s05;1;nr
phyzdepulte;1;nr
bonjouuuur;1;nr
avoîr;1;nr
désabonnement;1;nom
wallets;1;nr
décentralisation;1;nom
concurrentiel;1;adj
fed;1;nr
fournirais;1;nr
protègera;1;nr
voltaïques;1;nr
spécifies;1;nr
influençable;1;adj
métonymie;1;nom
nigérian;1;adj
apocalyptique;1;adj
vouchers;1;nr
incorruptible;1;adj
grid;1;nr
hydraulique;1;adj
smr;1;nr
décentralise;1;nr
dévaluer;1;ver
redémarrer;1;ver
emji_page;1;nom
emji_main_qui_écrit_peau_claire;1;nom
décentralisés;1;nr
blockchain;1;nr
altcoins;1;nr
democratiquea;1;nr
in_extremis;1;adv
imploquée;1;nr
diario;1;nr
ultraderecha;1;nr
jornada;1;nr
nacional;1;nr
zioniste;1;nr
trumpist;1;nr
interventionniste;1;adj
blagueur;1;nom
antipresse;1;nr
wouai;1;nr
súmate;1;nr
avorté;1;adj
investiture;1;nom
pedro;1;nr
carmona;1;nr
dictator;1;nr
commies;1;nr
prolétariat;1;nom
videla;1;nr
pinochet;1;nr
isrealienne;1;nr
americaine;1;nr
traitance;1;nr
pagaille;1;nom
adolph;1;nr
vladimir;1;nr
lybie;1;nr
narionette;1;nr
tatcher;1;nr
coin_coin;1;nom
daniella;1;nr
pmurt;1;nr
bouse;1;nom
ouiiiiiii;1;nr
hodgson;1;nr
squadra;1;nr
azzura;1;nr
ohrel;1;nr
figo;1;nr
rui;1;nr
pinot;1;nom
déclancher;1;ver
inconditionel;1;nr
hogdson;1;nr
feed;1;nr
faot;1;nr
degeulaces;1;nr
neguev;1;nr
enfiler;1;ver
chausson;1;nom
délicatement;1;adv
cringelord;1;nr
bienpensants;1;nr
préfait;1;nr
préservatif;1;nom
génocidée;1;nr
n8;1;nr
armeniens;1;nr
democratique;1;nr
261bis;1;nr
négationisme;1;nr
gen0cldalres;1;nr
amnistier;1;ver
habeas;1;nr
corpus;1;nom
tørture;1;nr
ahmed;1;nr
manasra;1;nr
demission;1;nr
avoisinant;1;adj
démérite;1;nom
inconsommable;1;adj
daillenais;1;nr
assainir;1;ver
bacteries;1;nr
taquinerie;1;nom
lonza;1;nr
knows;1;nr
10min;1;nr
essentialiser;1;nr
angélise;1;nr
equivalence;1;nr
inconscient;1;adj
badinter;1;nr
cachot;1;nom
sâles;1;nr
15km;1;nr
régle;1;nr
strapontin;1;nom
covoiturages;1;nr
réfléc;1;nr
dévelloppé;1;nr
emji_trompette;1;nom
affuté;1;nr
dénatalité;1;nom
betonisation;1;nr
prioritisent;1;nr
emji_cycliste_femme;1;nom
emji_ferry;1;nom
embouchent;1;nr
orfou;1;nr
saus;1;nr
babass;1;nr
fluidifier;1;ver
désengorge;1;nr
tronçon;1;nom
mobilités;1;nr
7jours;1;nr
contracts;1;nr
ea;1;nr
fgris;1;nr
praticien;1;nom
rolle;1;nom
désengorgeaient;1;nr
locle;1;nr
marn;1;nr
nourricier;1;adj
vitimisme;1;nr
diagnostiquée;1;nr
mog;1;nr
x1000;1;nr
poirsuivre;1;nr
embouteillés;1;nr
arrivant;1;nom
manant;1;nom
localité;1;nom
naviexpress;1;nr
paritaire;1;adj
remplissage;1;nom
martien;1;nom
controllé;1;nr
choké;1;nr
réouverture;1;nom
tonkin;1;nr
évian;1;nr
résolument;1;adv
degeulasse;1;nr
hrsmt;1;nr
dépérir;1;ver
emji_tornade;1;nom
occasionnel;1;adj
shtag_tous;1;nr
saja;1;nr
petis;1;nr
episode;1;nr
franc_maçons;1;nr
rené;1;adj
felber;1;nr
biscornu;1;adj
leretour;1;nr
somome;1;nr
avriil;1;nr
pobre;1;nr
horloge;1;nom
paternaliste;1;adj
dupont;1;nr
dreyet;1;nr
stéphane;1;nr
phillippe;1;nr
supplicier;1;ver
kidnapp;1;nr
déchirement;1;nom
dreyer;1;nr
anissa87_b;1;nr
volonte;1;nr
hypocrate;1;nr
contrepied;1;nr
intéligent;1;nr
gazouiller;1;ver
gratez;1;nr
schindler;1;nr
viustet;1;nr
polution;1;nr
huileux;1;adj
affligeance;1;nr
bijou;1;nom
gssa;1;nr
6m;1;nr
pilotis;1;nom
dixence;1;nr
teufeurs;1;nr
gazoil;1;nr
nonnnnnn;1;nr
murat;1;nr
nat;1;nr
laminer;1;ver
emji_kangourou;1;nom
moralisatrices;1;nr
kiki;1;nom
tracteur;1;nom
neuronal;1;adj
porcelet;1;nom
emji_lunettes_de_vue;1;nom
côtelette;1;nom
phy;1;nr
exp;1;nr
procession;1;nom
spécistes;1;nr
nome;1;nom
compet;1;nr
cravache;1;nom
faner;1;ver
cavalier;1;nom
athlétisme;1;nom
organisont;1;nr
rhene;1;nr
stealeur;1;nr
gorgée;1;nom
play;1;adv
endurance;1;nom
presbyte;1;adj
extrémiser;1;nr
féminiser;1;ver
féminisés;1;nr
féminisation;1;nom
professeuses;1;nr
philosophesses;1;nr
peintresses;1;nr
autrices;1;nr
richelieu;1;nom
masculisnistes;1;nr
proxénète;1;nom
antiféministe;1;nr
bouleversement;1;nom
legit;1;nr
legacy;1;nr
mym;1;nr
katsup;1;nr
squeezie;1;nr
souuurces;1;nr
estale;1;nr
emji_miroir;1;nom
après_guerre;1;nom
misandres;1;nr
firefox;1;nr
aurel;1;nr
déconstruction;1;nom
essentialisante;1;nr
invraisemblable;1;adj
aurelien;1;nr
voirin_photos;1;nr
commu;1;nr
masculinisés;1;nr
virilité;1;nom
phtag_;1;nr
recadrer;1;ver
consoeur;1;nom
rabaisz3r;1;nr
kill;1;nr
trash;1;nr
mysoginie;1;nr
rappelera;1;nr
mysoginisme;1;nr
égalitarisme;1;nom
jaja;1;nom
rejeté;1;adj
hierarchie;1;nr
typer;1;ver
caucasien;1;adj
lanpilule;1;nr
objectification;1;nr
cuckold;1;nr
cuckhold;1;nr
masculanistes;1;nr
masculanisme;1;nr
avant_hier;1;adv
décredibiliser;1;nr
gab;1;nr
kaaris;1;nr
tchoin;1;nr
hypersexualisation;1;nr
bitch;1;nr
carousel;1;nr
absorbant;1;adj
pétrin;1;nom
xbox;1;nr
raaaa;1;nr
warcraft;1;nr
bodimaquèr;1;nr
frustré;1;adj
marmonner;1;ver
stacy;1;nr
voyaolit;1;nr
4chan;1;nr
groypers;1;nr
tyler;1;nr
beefsteak;1;nom
rendormir;1;ver
wooooow;1;nr
voc;1;nr
surchauffer;1;ver
manosphere;1;nr
lonely;1;nr
epidemic;1;nr
tanaland;1;nr
chevaucher;1;ver
labyrinthe;1;nom
forteresse;1;nom
postmoderne;1;adj
rempart;1;nom
mystère;1;nom
mystique;1;adj
polarité;1;nom
dantec;1;nr
synaptique;1;adj
accocher;1;nr
rejeton;1;nom
reflechieraient;1;nr
viril;1;adj
énonces;1;nr
uelle;1;nr
coïncider;1;ver
manosphère;1;nr
hiérarchisent;1;nr
hégémonique;1;nr
sororité;1;nom
bbf;1;nr
constantement;1;nr
nauuutreeelllee;1;nr
gaf;1;nr
organique;1;adj
éloquance;1;nr
nassim;1;nr
elliot;1;nr
rodger;1;nr
jconnaissais;1;nr
raî;1;nr
conformer;1;ver
relationner;1;nr
pcqu;1;nr
débiies;1;nr
espgnol;1;nr
una;1;nr
gitana;1;nr
embarrasser;1;ver
nazgûl;1;nr
insécures;1;nr
jarr;1;nr
trabu;1;nr
pist;1;nr
intersidéral;1;adj
tahia;1;nr
1million;1;nr
apparament;1;nr
secrete;1;nr
révolté;1;adj
survolter;1;ver
assourdissant;1;adj
nassage;1;nr
gasage;1;nr
déterminé;1;adj
manifestion;1;nr
géno;1;nr
id3;1;nr
aoctobre;1;nr
gén06d3;1;nr
peule;1;nr
israrl;1;nr
gé206d4r3;1;nr
djihadisme;1;nr
sacre;1;nom
bible;1;nom
arab0;1;nr
califat;1;nom
t3rr0r1sme;1;nr
acculer;1;ver
netanyouhou;1;nr
10minutes;1;nr
treve;1;nr
manifesterez;1;nr
bonsoiiir;1;nr
dénomine;1;nr
sionsites;1;nr
emji_gobelet_avec_paille;1;nom
mh;1;nr
tendu;1;adj
lecons;1;nr
starlette;1;nom
interviewées;1;nr
lentre;1;nr
chichon;1;nr
grafiti;1;nr
perosnne;1;nr
inéduquée;1;nr
gocho;1;nr
bagarrer;1;ver
défiant;1;adj
enmerde;1;nr
éradiqués;1;nr
subtiliser;1;ver
sentence;1;nom
1sr43l;1;nr
miloon;1;nr
khotari;1;nr
mutiné;1;adj
11millions;1;nr
idlamiques;1;nr
bobette;1;nr
épais;1;adj
sunittes;1;nr
sunite;1;nr
judea;1;nr
proisraéliens;1;nr
talmud;1;nr
publiciste;1;nom
g3n0c1d3;1;nr
pertinement;1;nr
falsestinien;1;nr
mickey;1;nr
ass;1;nr
calomnier;1;ver
noirceur;1;nom
dégustation;1;nom
revérifier;1;ver
minimisés;1;nr
serge;1;nom
mastering;1;nr
aléatoirement;1;adv
harafat;1;nr
odile;1;nr
blackblocs;1;nr
déstabilisation;1;nom
halas;1;nr
mddddrrrrrrr;1;nr
wakba;1;nr
souiller;1;ver
indication;1;nom
viii;1;nr
coloré;1;adj
serieeeeeeeuxxx;1;nr
occ;1;nr
günter;1;nr
wallraff;1;nr
amateurism;1;nr
malnutri;1;nr
boxon;1;nom
bigleux;1;nom
annulation;1;nom
aumoin;1;nr
rtsionistes;1;nr
wncore;1;nr
sessez;1;nr
bebou;1;nr
alice;1;nr
devaz;1;nr
freeter;1;nr
fjhisdistes;1;nr
documentez;1;nr
g3n0ci3d3;1;nr
contestataire;1;adj
anarchique;1;adj
usant;1;adj
pascifiquement;1;nr
manfestants;1;nr
manfiestants;1;nr
apprement;1;nr
voncernant;1;nr
noséabond;1;nr
assiéger;1;ver
hérode;1;nr
jeanne;1;nr
résonance;1;nom
kalashnikov;1;nr
miroire;1;nr
12000personnes;1;nr
lapidation;1;nom
clergé;1;nom
suave;1;adj
joix;1;nr
bouffi;1;adj
gnfacon;1;nr
asassint;1;nr
sebrenisca;1;nr
helvete;1;nr
defunt;1;nr
monce;1;nr
pillate;1;nr
monfde;1;nr
goys;1;nr
désolidarisons;1;nr
illuminer;1;ver
ramallah;1;nr
aigirs;1;nr
patientèle;1;nr
droitisation;1;nr
metier;1;nr
ine;1;nr
0o;1;nr
déclaché;1;nr
bouddhiste;1;adj
endosser;1;ver
inconsciemment;1;adv
asa;1;nom
pitre;1;nom
psychothérapies;1;nr
plandemie;1;nr
circus;1;nr
dheures;1;nr
lachez;1;nr
mercy;1;nr
ships;1;nr
pourquoivous;1;nr
mercyships;1;nr
libertater;1;nr
serra;1;nom
susy;1;nr
there;1;nr
remember;1;nr
présentement;1;adv
désemparer;1;ver
consolidation;1;nom
extracteur;1;nom
dégommer;1;ver
exterieur;1;nr
préjuger;1;ver
tot;1;nr
wouais;1;nr
menglong;1;nr
détective;1;nom
ausiiiii;1;nr
deve;1;nr
deserve;1;nr
meritez;1;nr
partialité;1;nom
dear;1;nr
oooooh;1;nr
viticulture;1;nom
phytosanitaires;1;nr
neurotoxiques;1;nr
dépresseur;1;nr
déshinhiber;1;nr
addictive;1;nr
sociabilité;1;nom
bidule;1;nom
industrialisation;1;nom
gniaule;1;nr
ivre;1;adj
wcrf;1;nr
level;1;nr
consumption;1;nr
improves;1;nr
health;1;nr
research;1;nr
resvératrol;1;nr
paradox;1;nr
invalider;1;ver
éthanol;1;nom
circ;1;nr
ramollir;1;ver
somnifère;1;nom
bouillonner;1;ver
shots;1;nr
cafetière;1;nom
solange;1;nr
peters;1;nr
insidieux;1;adj
écharper;1;ver
suicidaire;1;adj
forró;1;nr
culturalisme;1;nr
wndr;1;nr
lexpo;1;nr
vernissage;1;nom
germer;1;ver
vasarely;1;nr
trypophobes;1;nr
crackovia;1;nr
regorger;1;ver
viticoles;1;nr
notre_dame;1;nom
réaffectation;1;nom
toxicomane;1;nom
émaner;1;ver
châtelet;1;nom
inabordable;1;adj
junky;1;nom
paysagestion;1;nr
localarchitecture;1;nr
ingphi;1;nr
jaquet;1;nom
alterner;1;ver
technic;1;nr
kraft;1;nom
canopée;1;nr
monthey;1;nr
meunier;1;nom
chimiste;1;nom
herboriste;1;nom
fhtag_;1;nr
emprennent;1;nr
foutriez;1;nr
peluche;1;nom
molotof;1;nr
malcolm;1;nr
boir;1;nr
failler;1;ver
emji_sucette;1;nom
réconforter;1;ver
urine;1;nom
joncher;1;ver
aillleurs;1;nr
oligator;1;nr
amputer;1;ver
anesthésie;1;nom
etymologie;1;nr
tractation;1;nom
coulisse;1;nom
humanitarian;1;nr
francois;1;nr
chapuis;1;nr
multicolors;1;nr
diretement;1;nr
immaturité;1;nom
décrédiblisent;1;nr
keffiehs;1;nr
playmobils;1;nr
palestienne;1;nr
agoniser;1;ver
croustillant;1;adj
kuste;1;nr
azéri;1;adj
arménie;1;nr
sélectivement;1;adv
gluer;1;ver
sonnet;1;nom
lanolace;1;nr
déstruction;1;nr
cho;1;nr
emji_baignoire;1;nom
retentissement;1;nom
jetté;1;nr
encombre;1;nom
emji_homme_avec_la_paume_sur_le_visage_peau_moyennement_claire;1;nom
olivennes;1;nr
fabulation;1;nom
appartiennes;1;nr
otagd;1;nr
rrroooohhhhh;1;nr
ouiiiiiiiiiiii;1;nr
credit;1;nr
prémisse;1;nom
nassés;1;nr
repoussant;1;adj
hummmm;1;nr
déconfiture;1;nom
lesbians;1;nr
cassee;1;nr
sorros;1;nr
detention;1;nr
swisss;1;nr
jsps;1;nr
nzz;1;nr
anti_gen0cide;1;nr
dait;1;nr
proalestiniens;1;nr
sacageurs;1;nr
etonnants;1;nr
ices;1;nr
surcoût;1;nom
russian;1;nr
soufrir;1;nr
anticapitalisme;1;nr
grabuge;1;nom
2mn;1;nr
tenaille;1;nom
shunt;1;nom
contrebalancer;1;ver
dissuasifs;1;nr
cumplicité;1;nr
cumplice;1;nr
vandale;1;nom
gazant;1;nr
sprayer;1;nr
reemigrer;1;nr
desolee;1;nr
sarà;1;nr
capuchon;1;nom
intrépide;1;adj
moraliste;1;nom
agile;1;adj
ille;1;nr
docilement;1;adv
wokist;1;nr
servire;1;nr
2sec;1;nr
fondamentla;1;nr
ohhhhhhhhh;1;nr
coronas;1;nr
décridibilisent;1;nr
elleux;1;nr
gazzzz;1;nr
militares;1;nr
gangrénée;1;nr
dejà;1;nr
rencontrésa;1;nr
fesant;1;nr
noo;1;nr
liandro;1;nr
réglaux;1;nr
robotcops;1;nr
arretés;1;nr
honnetes;1;nr
emji_épingle;1;nom
churro;1;nom
pal3st;1;nr
g3noc;1;nr
déontologique;1;adj
k_way;1;nom
dégourdir;1;ver
wtfffff;1;nr
assasinant;1;nr
décribiliser;1;nr
regine;1;nr
kway;1;nr
comprendres;1;nr
péremptoire;1;adj
balaise;1;adj
pogne;1;nom
25m;1;nr
aggression;1;nr
éborgnés;1;nr
batahtag_d;1;nr
barricader;1;ver
défouloir;1;nom
manifest;1;nr
encogulés;1;nr
proxy;1;nr
ots;1;nr
magiquement;1;adv
contrefoutre;1;ver
marionette;1;nr
odermatt;1;nr
cotonou;1;nr
coefficient;1;nom
brochet;1;nom
bronzer;1;ver
climatiser;1;ver
phoque;1;nom
dhabi;1;nr
dommageable;1;adj
complexation;1;nr
ionique;1;adj
oxydation;1;nom
physico;1;nr
haleine;1;nom
vnr;1;nr
cotompus;1;nr
rugissement;1;nom
eliott;1;nr
sporting;1;nr
perche;1;nom
onéreux;1;adj
150k;1;nr
companies;1;nr
remorqueur;1;nom
versvey;1;nr
bex;1;nr
voltige;1;nom
270chf;1;nr
elliott;1;nr
déshydrater;1;ver
error1;1;nr
barabass;1;nr
libére;1;nr
aljafarawi;1;nr
gazouis;1;nr
vi0;1;nr
jt;1;nr
fafo;1;nr
poulins;1;nr
odorat;1;nom
follower;1;nr
les7;1;nr
pppfff;1;nr
algo;1;nr
victim;1;nr
card;1;nr
gold;1;adj
emji_carte_bancaire;1;nom
imputez;1;nr
h0n;1;nr
cruiser;1;nom
zefix;1;nr
serrureries;1;nr
plomberie;1;nom
demi_journée;1;nom
tranquillou;1;nr
19h00;1;nr
cambriolait;1;nr
dégrisement;1;nom
dualité;1;nom
carpe;1;nom
koï;1;nr
teiman;1;nr
happy;1;nr
execute;1;nr
hussam;1;nr
abu;1;nr
saffya;1;nr
ostage;1;nr
fesser;1;ver
ressussiter;1;nr
akka;1;nr
abbasiya;1;nr
bab;1;nr
amud;1;nr
sémiramis;1;nr
lydda;1;nr
husavnivva;1;nr
netenyahu;1;nr
taquet;1;nom
chouchouter;1;ver
dégaine;1;nom
dévotion;1;nom
diatribe;1;nom
laïque;1;adj
orchestre;1;nom
aljaafarwi;1;nr
frere;1;nr
_il;1;nr
told;1;nr
year;1;nr
old;1;nr
had;1;nr
gained;1;nr
prominence;1;nr
shot;1;nr
killed;1;nr
members;1;nr
armed;1;nr
militia;1;nr
doghmush;1;nr
while;1;nr
clashes;1;nr
neighbourhood;1;nr
liberation;1;nr
amaigri;1;adj
decouvert;1;nr
applatie;1;nr
deportés;1;nr
confrere;1;nr
incha;1;nr
réjouire;1;nr
justebun;1;nr
vanner;1;ver
demontré;1;nr
sommmes;1;nr
jaafarawi;1;nr
tages;1;nr
pri;1;nr
sonniers;1;nr
salissant;1;adj
phoenix;1;nom
désintéressé;1;adj
ot;1;nr
dongeons;1;nr
tures;1;nr
degeu;1;nr
11k;1;nr
cringe;1;nr
waouw;1;nr
jaafaraoui;1;nr
bélier;1;nom
cluckin;1;nr
bell;1;nr
decouvrir;1;nr
hahahahha;1;nr
solidement;1;adv
roen;1;nr
fauur;1;nr
miel;1;nom
ruche;1;nom
caucasoïdes;1;nr
invocation;1;nom
pelicinel;1;nr
explo;1;nr
armuries;1;nr
hpe;1;nr
tda;1;nr
convenient;1;nr
audiagnostique;1;nr
quiproquo;1;nom
suradapte;1;nr
ménopause;1;nom
propension;1;nom
médiquer;1;nr
patientelle;1;nr
perspicacité;1;nom
maltraitante;1;nr
winnie;1;nr
ourson;1;nom
lèpre;1;nom
refroidissement;1;nom
autodiag;1;nr
neuropsy;1;nr
novateur;1;adj
18ème;1;nr
brandire;1;nr
dédouanant;1;nr
intelectuel;1;nr
dhab;1;nr
gender;1;nr
lgbthdmips5;1;nr
netanhayou;1;nr
chamberlain;1;nr
nazinyehu;1;nr
compars;1;nr
adrienne;1;nr
della;1;nr
etage;1;nr
bock;1;nom
von;1;nr
boulet;1;nom
ooli;1;nr
pressé;1;adj
oolives;1;nr
laumrgr;1;nr
disproportioné;1;nr
rect;1;nr
elbitsystem;1;nr
dinc;1;nr
bâillonner;1;ver
bayonne;1;nr
cessont;1;nr
toujoirs;1;nr
hashtag;1;nr
instagrammable;1;nr
keffies;1;nr
extrai;1;nr
mot_clé;1;nom
conformisme;1;nom
décennes;1;nr
hydrantes;1;nr
gestione;1;nr
manifesto;1;nr
monopolisant;1;nr
reagissez;1;nr
ouioui;1;nr
recreation;1;nr
esta;1;nr
ehhhohhh;1;nr
asy;1;nr
paralysie;1;nom
breaking;1;nr
vandalisés;1;nr
habitantes;1;nr
interêt;1;nr
pahahahahah;1;nr
jpx;1;nr
spontanément;1;adv
bougs;1;nr
légitimées;1;nr
veni;1;nr
vidi;1;nr
crachat;1;nom
200m;1;nr
gen0cides;1;nr
institutionnalisée;1;nr
duru;1;nr
nécaissaire;1;nr
nathan;1;nr
jenny;1;nom
ralité;1;nr
rapraz;1;nr
rebovy;1;nr
m3rdes;1;nr
reflechissez;1;nr
sacager;1;nr
voyourisme;1;nr
cery;1;nr
depose;1;nr
bbds;1;nr
bagne;1;nom
rébellion;1;nom
pourtout;1;nr
sommaruga;1;nr
pulluler;1;ver
sass;1;nr
aversion;1;nom
maladif;1;adj
biberon;1;nom
impardonnable;1;adj
fielleux;1;adj
eho;1;nr
pissotiere;1;nr
chouquinets;1;nr
distribu;1;nr
haters;1;nr
emji_poing_à_gauche;1;nom
generale;1;nr
imprévisible;1;adj
extincteur;1;nom
pyrotechniques;1;nr
pécuniaire;1;adj
hahahahah;1;nr
pédigrée;1;nr
wsh;1;nr
lorganisation;1;nr
brûl;1;nr
chimiquement;1;adv
gén0cidaire;1;nr
vuctimes;1;nr
repressif;1;nr
paledriniennes;1;nr
manifestipn;1;nr
demonstrations;1;nr
drojt;1;nr
chiauler;1;nr
saccageur;1;nom
majorite;1;nr
truire;1;nr
repre;1;nr
sentants;1;nr
pacificte;1;nr
deborde;1;nr
appar;1;nr
fracassant;1;adj
navarre;1;nr
influencez;1;nr
décridibiliser;1;nr
ammener;1;nr
faisent;1;nr
hiérarchises;1;nr
agresifs;1;nr
chaotique;1;adj
ammene;1;nr
actuer;1;nr
monnai;1;nr
dammages;1;nr
eduquer;1;nr
actuent;1;nr
impulses;1;nr
intelecto;1;nr
paleolitique;1;nr
unga;1;nr
bunga;1;nr
baton;1;nr
debrullent;1;nr
peaceful;1;nr
communité;1;nr
youtubes;1;nr
conférencier;1;nom
pdp;1;nr
laiterie;1;nom
étée;1;nr
refléte;1;nr
alright;1;nr
grammaticalement;1;adv
délà;1;nr
impertinent;1;adj
reflete;1;nr
rendo;1;nr
sabine;1;nr
articuler;1;ver
permissivité;1;nom
supprimes;1;nr
enragé;1;adj
charlineese;1;nr
ventuellement;1;nr
f0utre;1;nr
choupinoux;1;nr
moooh;1;nr
tralala;1;nom
palestin;1;nr
pentu;1;adj
still;1;nr
riders;1;nr
expension;1;nr
controlée;1;nr
allégués;1;nr
tètes;1;nr
ahahahahahahahahah;1;nr
mendiant;1;nom
dépase;1;nr
ddeal;1;nr
zonent;1;nr
denuées;1;nr
goon;1;nr
insincère;1;adj
resumer;1;nr
cools;1;nr
gainer;1;ver
émulation;1;nom
avidité;1;nom
honereuse;1;nr
droga;1;nr
dopamina;1;nr
acharnemeeent;1;nr
acquoquiner;1;nr
ruth;1;nr
elkrief;1;nr
myth;1;nr
mane;1;nr
mouahahah;1;nr
jaimerai;1;nr
tafer;1;nr
ign;1;nr
invisibilisation;1;nr
avit;1;nr
280kf;1;nr
detecter;1;nr
reynard;1;nr
immigrationiste;1;nr
quadruple;1;adj
menton;1;nom
16ème;1;nr
transsahariens;1;nr
indo;1;adv
razzia;1;nom
piraterie;1;nom
corrélées;1;nr
afflux;1;nom
structuration;1;nr
vanterions;1;nr
tractare;1;nr
trahere;1;nr
ooooow;1;nr
naïvement;1;adv
lionness;1;nr
ahed;1;nr
tamimi;1;nr
genøcide;1;nr
eljafarawi;1;nr
naji;1;nr
lobotomise;1;nr
spécifier;1;ver
réjouissant;1;adj
épistémique;1;nr
arroger;1;ver
electeurs;1;nr
israhelliennes;1;nr
rafle;1;nom
quasi_totalité;1;nom
exemole;1;nr
israeliennes;1;nr
relachés;1;nr
prisionnier;1;nr
rr;1;nr
locked;1;nr
release;1;nr
prisoners;1;nr
sparks;1;nr
joy;1;nr
sorrow;1;nr
palestinians;1;nr
celebrate;1;nr
return;1;nr
freed;1;nr
at;1;nr
i_m_ddp;1;nr
cutips;1;nr
nino;1;nr
hyp0cr;1;nr
télégramme;1;nom
sidérant;1;adj
music;1;nr
zio;1;nr
emji_luminosité_élevée;1;nom
strategies;1;nr
dutroux;1;nr
resistance;1;nr
antisemitiste;1;nr
omar;1;nr
yahya;1;nr
qarinawi;1;nr
jakob;1;nr
surréagi;1;nr
2poids;1;nr
dutrou;1;nr
nonb;1;nr
criminal;1;nr
liquider;1;ver
otaasages;1;nr
issraeliens;1;nr
maussade;1;adj
pluparts;1;nr
dénouement;1;nom
labellisés;1;nr
gymnastique;1;nom
emputées;1;nr
assa;1;nr
ssins;1;nr
sape;1;nom
saper;1;ver
questce;1;nr
fashionunited;1;nr
label;1;nom
maeder;1;nr
agende;1;nr
kasongo;1;nr
whoauuuuuuu;1;nr
cabo;1;nr
verde;1;nr
scheisse;1;nr
spaciale;1;nr
accèlerer;1;nr
peté;1;nr
câbler;1;ver
satelites;1;nr
mdddrrr;1;nr
parrainer;1;ver
6mois;1;nr
condensé;1;adj
smarphone;1;nr
basque;1;adj
téléchargeable;1;adj
masacré;1;nr
merit;1;nr
cache_cache;1;nom
paradoxon;1;nr
victimization;1;nr
quelq;1;nr
mechant;1;nr
conclussions;1;nr
intègrés;1;nr
izrael;1;nr
vomissement;1;nom
anis;1;nom
réunifier;1;ver
hébreux;1;nom
autogoal;1;nr
mufti;1;nom
propagandre;1;nr
complexé;1;adj
rosti;1;nr
graben;1;nom
lefigaro;1;nr
immigres;1;nr
priere;1;nr
hamtramck;1;nr
rejetes;1;nr
yemenite;1;nr
icj;1;nr
trouple;1;nr
jvous;1;nr
terroristed;1;nr
exercant;1;nr
qualufué;1;nr
uniquemenz;1;nr
lds;1;nr
idéalisme;1;nom
drouts;1;nr
illumination;1;nom
saoûle;1;nr
noooooon;1;nr
laaaaargement;1;nr
évolène;1;nr
mummenschanz;1;nr
emji_paume_contre_paume_doigts_vers_le_haut_peau_claire;1;nom
toblerone;1;nr
absolutement;1;nr
revendiqués;1;nr
tutorat;1;nom
reversés;1;nr
réunifiantes;1;nr
labas;1;nr
rétorsion;1;nom
pétain;1;nr
lrs;1;nr
indigné;1;adj
vertébral;1;adj
enfaîte;1;nr
pourr;1;nr
zuckman;1;nr
gafa;1;nr
viabilité;1;nom
marchandage;1;nom
syndica;1;nr
bercy;1;nr
zman;1;nr
payable;1;adj
rib;1;nr
redynamiser;1;nr
déposséder;1;ver
entreprenariat;1;nr
ecatombe;1;nr
bouffon;1;nom
capituler;1;ver
golden;1;nom
retriever;1;nom
miseeere;1;nr
redoublement;1;nom
hola;1;nr
tanguy;1;nr
impayable;1;adj
desolé;1;nr
étair;1;nr
einh;1;nr
triplé;1;nom
circularité;1;nom
approximatif;1;adj
oizza;1;nr
mozzarella;1;nom
adrian;1;nr
relecture;1;nom
nobelisé;1;nr
raffleurs;1;nr
accidentellement;1;adv
pronostiques;1;nr
product;1;nr
démunir;1;ver
exangue;1;nr
pénalisation;1;nom
apparatchik;1;nom
miliardaire;1;nr
redéfinit;1;nr
soul;1;nom
rnb;1;nr
angie;1;nr
écras;1;nr
77ans;1;nr
youhouhou;1;nr
hantise;1;nom
anti_âge;1;adj
rajeunir;1;ver
stylo;1;nom
orochumarau;1;nr
beau_père;1;nom
dégénératives;1;nr
mama;1;nr
precoces;1;nr
spécimen;1;nom
norteña;1;nr
béat;1;adj
irrépressible;1;adj
nelly;1;nr
furtado;1;nr
yodle;1;nr
yoddle;1;nr
dance;1;nr
twerker;1;nr
yodlle;1;nr
emji_détective;1;nom
auditif;1;adj
oulaa;1;nr
métissage;1;nom
youtze;1;nr
reggea;1;nr
dembow;1;nr
mochila;1;nr
clau;1;nr
ella;1;nr
complete;1;nr
fusionnee;1;nr
denbow;1;nr
jodel;1;nr
sosie;1;nom
clement;1;nr
courteline;1;nr
neuchâteleloises;1;nr
robella;1;nr
chx;1;nr
fds;1;nr
macolin;1;nr
4min;1;nr
peuf;1;nr
puff;1;nom
minority;1;nr
probalement;1;nr
crawford;1;nr
helps;1;nr
africa;1;nr
fqdcjisme;1;nr
degaine;1;nr
falsestina;1;nr
billion;1;nom
acheminement;1;nom
relisiez;1;nr
antho;1;nr
ravitailler;1;ver
extorquer;1;ver
imbecilités;1;nr
suzanne;1;nr
jenna;1;nr
corrigé;1;adj
penicaut;1;nr
impunies;1;nr
chappes;1;nr
biff;1;nr
blm;1;nr
salueurs;1;nr
sensationnalistes;1;nr
6h00;1;nr
paella;1;nom
hypnose;1;nom
belén;1;nr
steplait;1;nr
désertification;1;nr
chenit;1;nr
scrolls;1;nr
parquet;1;nom
râteau;1;nom
transportable;1;adj
caisson;1;nom
déménageables;1;nr
migraineuse;1;nom
monoclonal;1;adj
schizophrène;1;adj
épileptique;1;adj
jones;1;nr
recolleter;1;nr
profiles;1;nr
pxrnos;1;nr
copuler;1;ver
defouraillé;1;nr
péné;1;nr
chatgtencule;1;nr
coming;1;nr
soon;1;nr
declanché;1;nr
seduit;1;nr
detruira;1;nr
sensualité;1;nom
reproducteur;1;nom
s3xualité;1;nr
évocation;1;nom
authentification;1;nom
impropre;1;adj
latex;1;nom
affecrif;1;nr
aporendre;1;nr
ptemière;1;nr
parasociales;1;nr
qqnxe;1;nr
scotcher;1;ver
introverti;1;adj
arnold;1;nr
schwarzenegger;1;nr
glock;1;nr
lcrane;1;nr
her;1;nr
braindances;1;nr
aaaaaah;1;nr
teubés;1;nr
bite;1;nom
ias;1;nr
zt;1;nr
finds;1;nr
outrence;1;nr
pêcheur;1;nom
leusl;1;nr
usined;1;nr
dautres;1;nr
omégas;1;nr
arsenic;1;nom
angrie_gaga;1;nr
cacao;1;nom
volcanique;1;adj
100g;1;nr
pseudonyme;1;nom
veggies;1;nr
methilercure;1;nr
métallurgie;1;nom
orpaillage;1;nr
plombage;1;nom
poisin;1;nr
methilmercure;1;nr
toxine;1;nom
penché;1;adj
surpêche;1;nr
récif;1;nom
corallien;1;adj
dépiter;1;ver
proteines;1;nr
seitan;1;nr
tempeh;1;nr
protéique;1;adj
décomposition;1;nom
productionbde;1;nr
saumonette;1;nom
xoxo;1;nr
emji_arbre_à_feuilles_caduques;1;nom
krähenbühl;1;nr
simplements;1;nr
équivoque;1;nom
oubliron;1;nr
emji_poing_levé_peau_claire;1;nom
vius;1;nr
dresde;1;nr
mosul;1;nr
sonotone;1;nom
carolin;1;adj
fourest;1;nr
lmg;1;nr
kraenbuhl;1;nr
exsangue;1;adj
résonnement;1;nr
radicalisés;1;nr
bassiner;1;ver
aléa;1;nom
jacta;1;nr
2millions;1;nr
2mio;1;nr
400ans;1;nr
reserve;1;nr
sidéral;1;adj
osem;1;nr
foourest;1;nr
senseo;1;nr
atraché;1;nr
krahenbul;1;nr
infantile;1;adj
annerie;1;nr
souda;1;nr
desole;1;nr
vpus;1;nr
haluciment;1;nr
maniède;1;nr
effectivemrnt;1;nr
restee;1;nr
poivez;1;nr
emji_haut_de_forme;1;nom
fakenews;1;nr
émigrant;1;nom
screenshot;1;nr
textuel;1;adj
belliqueux;1;adj
intentionnellement;1;adv
etcc;1;nr
pittoresque;1;adj
éditer;1;ver
tsuser_utilisateurice;1;nr
binetôt;1;nr
discordant;1;adj
lhom;1;nr
etlin;1;nr
mobiliserai;1;nr
nivèlement;1;nr
désengorgera;1;nr
merd;1;nr
uniformiser;1;ver
excatement;1;nr
toréer;1;ver
pakis;1;nr
randonné;1;nr
faisables;1;nr
urbex;1;nr
store;1;nom
bowlings;1;nr
placette;1;nom
pronto;1;nr
ranimer;1;ver
ironwoman;1;nr
persévérance;1;nom
emji_jambe_mécanique;1;nom
hahahahahahaha;1;nr
cac40;1;nr
apat;1;nr
capitalisation;1;nom
emprunt;1;nom
suuuuur;1;nr
boostant;1;nr
aus;1;nr
dimpacte;1;nr
annonceur;1;nom
stellantis;1;nr
stla;1;nr
semestre;1;nom
edenred;1;nr
eden;1;nr
pernod;1;nom
ricard;1;nr
gl;1;nr
events;1;nr
gle;1;nr
ora;1;nr
segment;1;nom
nvda;1;nr
msft;1;nr
aapl;1;nr
alphabet;1;nom
googl;1;nr
amzn;1;nr
platforms;1;nr
broadcom;1;nr
avgo;1;nr
tsla;1;nr
berkshire;1;nr
hathaway;1;nr
brk;1;nr
jpmorgan;1;nr
chase;1;nr
jpm;1;nr
réajustement;1;nom
strate;1;nom
survalidation;1;nr
hiérarchique;1;adj
beh;1;nr
délocalisés;1;nr
fuel;1;nom
growth;1;nr
baal;1;nr
captitalisme;1;nr
carnassier;1;nom
enmpoisonne;1;nr
flanthey;1;nr
emji_raisin;1;nom
swip;1;nr
mudique;1;nr
sous_genre;1;nom
jul;1;nr
aussu;1;nr
qud;1;nr
kiffé;1;nr
demdem;1;nr
miami;1;nr
reconnaissable;1;adj
sûrment;1;nr
b2o;1;nr
suppositoire;1;nom
musèle;1;nr
loooool;1;nr
fxxx;1;nr
duc;1;nom
monétiser;1;nr
dystopies;1;nr
répèterai;1;nr
fourre_tout;1;nom
piédestal;1;nom
angoisser;1;ver
invlus;1;nr
flouter;1;nr
streamer;1;nr
streameuse;1;nr
emji_femme_allaitant_un_bébé_peau_claire;1;nom
matricule;1;nom
limmense;1;nr
nécéssaire;1;nr
épuration;1;nom
pal;1;nom
pre;1;nr
facist;1;nr
int;1;nr
chaleureusement;1;adv
dee;1;nr
methodes;1;nr
incognito;1;adv
majs;1;nr
reféechisant;1;nr
jee;1;nr
varrivee;1;nr
dissimulation;1;nom
inquisition;1;nom
punitioooon;1;nr
amaury;1;nr
savior;1;nr
intégral;1;adj
tlm;1;nr
ahahahahhahahahaha;1;nr
ilya;1;nr
malonnaitte;1;nr
cao;1;nr
atirails;1;nr
obsédé;1;nom
criminalisant;1;nr
jdois;1;nr
publis;1;nr
gazage;1;nom
leak;1;nr
intersectionelle;1;nr
racialisés;1;nr
intrinsèquement;1;adv
embrassade;1;nom
ignifuger;1;ver
éraflure;1;nom
fraté;1;nr
rrsioniste;1;nr
imponseront;1;nr
internationaliste;1;adj
plongée;1;nom
préméditer;1;ver
blackblock;1;nr
assouvir;1;ver
stormtroopers;1;nr
brûleur;1;nom
nantes;1;nr
liberter;1;nr
religieu;1;nr
temoignage;1;nr
1000km;1;nr
anesthésiste;1;nom
pénalement;1;adv
domc;1;nr
emji_stylo;1;nom
afpl;1;nr
maille;1;nom
recre;1;nr
pir;1;nr
assermenter;1;ver
corporatiste;1;adj
imonde;1;nr
defient;1;nr
epi;1;nr
orge;1;nom
sumérien;1;nom
cshques;1;nr
signalement;1;nom
didficulté;1;nr
enlêve;1;nr
rascistes;1;nr
transphobes;1;nr
protèger;1;nr
multiculturel;1;adj
fajt;1;nr
whattsapp;1;nr
réhausser;1;nr
délictueux;1;adj
laussane;1;nr
mde;1;nr
innoncence;1;nr
maybe;1;nr
xyz;1;nr
schmilblick;1;nr
insoupconné;1;nr
eveiller;1;nr
fleurier;1;nr
bâtisse;1;nom
lynx;1;nom
lahila;1;nr
jaimepasmefairereprendreparunefemme;1;nr
phrasé;1;nom
redigée;1;nr
hafida;1;nr
vriller;1;ver
remixer;1;ver
jecris;1;nr
breche;1;nr
semantique;1;nr
cisgenre;1;nr
hiérarchiquement;1;adv
discriminés;1;nr
altruiste;1;adj
intello;1;nom
illarant;1;nr
taider;1;nr
julie;1;nr
crossfiteuse;1;nr
fache;1;nr
cheri;1;nr
sincere;1;nr
pui;1;nr
thailandaise;1;nr
plaisrs;1;nr
jlattends;1;nr
waow;1;nr
lun;1;nr
jahahahahah;1;nr
comoortement;1;nr
garve;1;nr
déresponsabilisation;1;nom
blockd;1;nr
peeeeetite;1;nr
hooouuuu;1;nr
tdg;1;nr
frouzistan;1;nr
europa;1;nr
park;1;nr
cogneur;1;nom
cognage;1;nr
vp;1;nr
policiere;1;nr
scuze;1;nr
phillipe;1;nr
mayonaise;1;nr
pait;1;nr
arpenter;1;ver
académique;1;adj
honnêtece;1;nr
majorées;1;nr
digitalisation;1;nr
amplitude;1;nom
événementiel;1;adj
implémentée;1;nr
marianna;1;nr
dordorakis;1;nr
bonnot;1;nr
ascenssions;1;nr
emji_montagne_enneigée;1;nom
emji_chapelet;1;nom
plongeur;1;nom
quagga;1;nr
prolifique;1;adj
stipulation;1;nom
surfiltrent;1;nr
aspirant;1;nom
incinérer;1;ver
brusque;1;adj
emji_masque_de_plongée;1;nom
mormond;1;nr
vallorbe;1;nr
tantant;1;nr
démultiplier;1;ver
surfiltrant;1;nr
éclaircissement;1;nom
malmener;1;ver
paranoïa;1;nom
emji_bulle_de_parole;1;nom
emji_pilule;1;nom
emji_voie_lactée;1;nom
literalement;1;nr
jubillard;1;nr
arthès;1;nr
juery;1;nr
endroi;1;nr
corp;1;nr
taulard;1;nom
encarte;1;nr
lobotimisés;1;nr
proute;1;nr
radicalisent;1;nr
traduisible;1;adj
docilité;1;nom
crâner;1;ver
dissociation;1;nom
coui;1;nr
connaîssent;1;nr
resp;1;nr
mourant;1;adj
demi_tour;1;nom
solition;1;nr
cé;1;nr
arrétêr;1;nr
manifestanta;1;nr
legalement;1;nr
illégalle;1;nr
kiffes;1;nr
masturber;1;ver
atterés;1;nr
semo;1;nr
procedure;1;nr
argumalnter;1;nr
cusez;1;nr
beschrelllll;1;nr
gav;1;nr
peinalement;1;nr
17ans;1;nr
cheine;1;nr
oro;1;nr
estatus;1;nr
contrôl;1;nr
del;1;nr
agité;1;adj
joe;1;nr
rogan;1;nr
loser;1;nom
cree;1;nr
testicacauette;1;nr
emplus;1;nr
iils;1;nr
40x;1;nr
3az;1;nr
ségrégation;1;nom
matcher;1;ver
apollin;1;nr
melchior;1;nr
impro;1;nom
clémentine;1;nom
kiss;1;nr
bono;1;nr
sommation;1;nom
menottant;1;nr
miraculeusement;1;adv
illegalle;1;nr
illegallement;1;nr
ducation;1;nr
hongkongaise;1;nr
droitnde;1;nr
tranchant;1;adj
énergumène;1;nom
christelle;1;nr
pers;1;adj
infirmerait;1;nr
troooop;1;nr
jspr;1;nr
emji_signe_appel_téléphonique_avec_les_doigts_peau_claire;1;nom
pathos;1;nom
perdonne;1;nr
discernment;1;nr
constement;1;nr
gàv;1;nr
audition;1;nom
fourgon;1;nom
entacher;1;ver
tranchée;1;nom
dpmin;1;nr
présemption;1;nr
petiot;1;adj
niaucher;1;nr
patricia;1;nr
c0nd;1;nr
demo;1;nr
nicole;1;nr
levsujet;1;nr
recausera;1;nr
blackblocks;1;nr
cte;1;nr
ilegale;1;nr
opiner;1;ver
troubler;1;ver
rétine;1;nom
kleenex;1;nom
néocitran;1;nr
déf;1;nr
caractériser;1;ver
égocentrique;1;adj
vacillant;1;adj
intentionné;1;adj
saoul;1;adj
envahissant;1;adj
vélomoteur;1;nom
faudraient;1;nr
capsule;1;nom
céline;1;nr
malagnou;1;nr
chauffardent;1;nr
circulatio;1;nr
sûreté;1;nom
enflé;1;adj
raccrocher;1;ver
minicipale;1;nr
sonomètre;1;nr
lignée;1;nom
homologation;1;nom
necessaire;1;nr
20kmh;1;nr
honnetement;1;nr
spietonnes;1;nr
thoune;1;nr
2000w;1;nr
souçis;1;nr
jn;1;nr
500w;1;nr
interdissez;1;nr
trotts;1;nr
imatriculer;1;nr
1000w;1;nr
naurait;1;nr
blâmeriez;1;nr
25kmh;1;nr
patrouiller;1;ver
dallas;1;nr
rienz;1;nr
unienne;1;nr
furby;1;nr
vog;1;nr
péte;1;nr
laurence;1;nr
ravaler;1;ver
50m2;1;nr
sélectionneur;1;nom
usulman;1;nr
distorcioner;1;nr
isrhael;1;nr
sourcés;1;nr
tsah;1;nr
equipement;1;nr
construcrion;1;nr
rebatir;1;nr
litani;1;nr
démantellement;1;nr
burster;1;nr
rezbollah;1;nr
mmhhh;1;nr
emji_carte_joker;1;nom
irgun;1;nr
haganah;1;nr
shlaïm;1;nr
yichouv;1;nr
lollll;1;nr
habileté;1;nom
impardonable;1;nr
aujourdh;1;nr
éditoriales;1;nr
féroce;1;adj
pardonnable;1;adj
eoooo;1;nr
vomirrrr;1;nr
aoun;1;nr
prud_homme;1;nom
usaid;1;nr
emji_voiture_de_face;1;nom
caliméro;1;nr
friburgus;1;nr
gotteronis;1;nr
pelage;1;nom
putois;1;nom
moufette;1;nom
carafe;1;nom
radier;1;ver
validations;1;nr
postgrade;1;nr
end;1;nr
physiothérapie;1;nom
travaill;1;nr
médecinuser_utilisateurice;1;nr
cordonnier;1;nom
pompon;1;nom
chanel;1;nr
marteler;1;ver
dépister;1;ver
ackermann;1;nr
palo;1;nr
surexposition;1;nom
western;1;nom
predator;1;nr
dosseh;1;nr
bestgore;1;nr
kaotic;1;nr
liveleak;1;nr
rotten;1;nr
contrée;1;nom
gores;1;nr
afp;1;nr
scooteur;1;nr
passport;1;nr
eyes;1;nr
emji_drapeau_égypte;1;nom
damme;1;nr
culpables;1;nr
urs;1;nr
tuteur;1;nom
joca;1;nr
8kg;1;nr
galgos;1;nr
traceur;1;nom
équipage;1;nom
embarquement;1;nom
revolant;1;nr
aaah;1;nr
transportative;1;nr
montreal;1;nr
fully;1;nr
valépicerie;1;nr
grooves;1;nr
greetingd;1;nr
felicitations;1;nr
nbe;1;nr
3kils;1;nr
bétonnage;1;nom
clémence;1;nom
emji_tournesol;1;nom
défois;1;nr
suffrage;1;nom
kamala;1;nom
harris;1;nr
éléction;1;nr
conpte;1;nr
minnesota;1;nr
ein;1;nr
constitutif;1;adj
felon;1;nr
detruitre;1;nr
etatsuniens;1;nr
laaaaa;1;nr
sourate;1;nom
11ans;1;nr
officieusement;1;adv
anything;1;nr
granted;1;nr
défendeur;1;nom
60millions;1;nr
chilien;1;adj
hesites;1;nr
emji_gâteau_sablé;1;nom
emji_cupcake;1;nom
emji_gâteau_de_lune;1;nom
sontuser_utilisateurice;1;nr
cinématique;1;nom
retardation;1;nr
kebabe;1;nr
etez;1;nr
excutions;1;nr
recommencet;1;nr
nooooonnn;1;nr
chrétins;1;nr
interêts;1;nr
etaot;1;nr
osrael;1;nr
sideration;1;nr
tendancieux;1;adj
1erement;1;nr
khhhhhh;1;nr
emji_drapeau_émirats_arabes_unis;1;nom
décompte;1;nom
lukraine;1;nr
gentiluser_utilisateurice;1;nr
nethanyaou;1;nr
recentes;1;nr
strategie;1;nr
régnier;1;nr
crer;1;nr
ture;1;nr
seme;1;nr
eur;1;nr
extrait;1;nom
intox;1;nom
vulgarité;1;nom
skout;1;nr
salubre;1;adj
been;1;nr
mechan;1;nr
oxidental;1;nr
tsahel;1;nr
jentil;1;nr
sé;1;nr
mensange;1;nr
recent;1;nr
dénit;1;nr
booby;1;nr
traps;1;nr
apparenter;1;ver
détestation;1;nom
rbarie;1;nr
diques;1;nr
mala;1;nr
acre;1;nom
olés;1;nr
zis;1;nr
oniaques;1;nr
1mb3cile;1;nr
cijordanie;1;nr
reddition;1;nom
signifies;1;nr
emji_lettre_d_amour;1;nom
palestiens;1;nr
hhhhhhamas;1;nr
gommette;1;nom
houmous;1;nr
cidaire;1;nr
rreurs;1;nr
niste;1;nr
grock;1;nr
blaaaaaaaague;1;nr
netanyahoo;1;nr
courtet;1;nr
recaler;1;ver
informaticien;1;nom
loona_lama;1;nr
stationner;1;ver
mt;1;nr
perpignan;1;nom
airbnb;1;nr
m6;1;nr
cmu;1;nr
frontalièrs;1;nr
fonctionnerai;1;nr
joaillerie;1;nom
décroches;1;nr
24heures;1;nr
bosseur;1;nom
residants;1;nr
economies;1;nr
casiment;1;nr
rall;1;nr
boll;1;nr
chômages;1;nr
souici;1;nr
révolutionner;1;ver
déconcertant;1;adj
arréter;1;nr
papyrus;1;nom
psicine;1;nr
porremtruy;1;nr
alibi;1;nom
moult;1;adv
formellement;1;adv
staff;1;nom
ofp;1;nr
hosto;1;nom
woua;1;nr
mcg;1;nr
economiser;1;nr
untel;1;nom
mitiger;1;ver
ricc;1;nr
subalterne;1;nom
démasquer;1;ver
subsahariens;1;nr
simigar;1;nr
extensible;1;adj
délocalisaient;1;nr
gueguère;1;nr
frznce;1;nr
hospitalier;1;adj
enerve;1;nr
adequate;1;nr
covoiturez;1;nr
vengeron;1;nr
bidoche;1;nom
renvoit;1;nr
étc;1;nr
bardonnex;1;nr
imprécis;1;adj
hispanophone;1;nom
discrètement;1;adv
represente;1;nr
caddie;1;nom
includébile;1;nr
indigeste;1;adj
vet;1;nr
suèdois;1;nr
pertinants;1;nr
polisseur;1;nom
oktoberfest;1;nr
employee;1;nr
intersection;1;nom
frayeur;1;nom
accélérateur;1;nom
viry;1;nr
annamasse;1;nr
ferney;1;nr
lavaux;1;nr
faismoipeur;1;nr
aig;1;nr
dnata;1;nr
swissport;1;nr
négoce;1;nom
controlées;1;nr
traffics;1;nr
bypasser;1;nr
affiné;1;adj
gaggy;1;nr
subbwoofers;1;nr
plasma;1;nom
codage;1;nom
icao;1;nr
b744;1;nr
300er;1;nr
77w;1;nr
200er;1;nr
bolivia;1;nr
corromption;1;nr
vénézuela;1;nr
luck;1;nr
masista;1;nr
raté;1;adj
rodrigo;1;nr
décoratif;1;adj
loc;1;nr
onlyfans;1;nr
nintendo;1;nr
3ds;1;nr
monster;1;nr
roblox;1;nr
medacom;1;nr
emji_lèvres_qui_se_mordent;1;nom
azure;1;nr
cloud;1;nr
selfhost;1;nr
redécouvrir;1;ver
sem;1;nr
ubisoft;1;nr
incompetent;1;nr
online;1;nr
crossworlds;1;nr
buggait;1;nr
powerpoint;1;nr
ballec;1;nr
lhc;1;nr
emji_applaudissements_peau_foncée;1;nom
mv;1;nr
gshc;1;nr
1k;1;nr
napoli;1;nr
buvette;1;nom
hamburger;1;nom
parieur;1;nom
rieur;1;adj
boc;1;nom
playmobil;1;nr
gigoter;1;ver
autsnt;1;nr
200km;1;nr
ascenseur;1;nom
fédéré;1;nom
jacqui;1;nr
oseraient;1;adv
mandale;1;nom
coaching;1;nr
ramos;1;nr
puyol;1;nr
pepe;1;nr
yb;1;nr
réal;1;nom
grillage;1;nom
tambour;1;nom
lické;1;nr
gronder;1;ver
zlatan;1;nr
molo;1;nr
maestro;1;nom
liverpool;1;nr
exaspérer;1;ver
leste;1;adj
psychophobie;1;nr
bédos;1;nr
hommiste;1;nr
tonnerre;1;nom
incroyablement;1;adv
ganesh;1;nr
arsenal;1;nom
angelisme;1;nr
consultant;1;nom
décriminalisé;1;nr
surpeuplé;1;adj
border;1;ver
millieu;1;nr
défoncé;1;adj
forcing;1;nom
lustré;1;adj
vigile;1;nom
qajd;1;nr
triomphant;1;adj
psychophobe;1;nr
imbeciles;1;nr
maitriser;1;nr
atendent;1;nr
2mois;1;nr
tourist;1;nr
cantont;1;nr
enfumer;1;ver
bh;1;nr
escouade;1;nom
isralien;1;nr
kalachnikov;1;nom
weeeee;1;nr
yoan;1;nr
kisch;1;nr
suitien;1;nr
qpres;1;nr
netaniayou;1;nr
rethorique;1;nr
pöschl;1;nr
largué;1;adj
fqit;1;nr
siuser_utilisateurice;1;nr
soulèvement;1;nom
malencontreusement;1;adv
délibérer;1;ver
mitraillette;1;nom
furieux;1;adj
aurra;1;nr
durré;1;nr
house;1;nom
tf1;1;nr
teur;1;nr
jazira;1;nr
consanguin;1;adj
éc_ervelés;1;nr
assoiffer;1;ver
padawan;1;nr
moorsburger;1;nr
dijk;1;nr
brunch;1;nom
enchaînement;1;nom
elaborer;1;nr
ics;1;nr
manageriaux;1;nr
gemmologue;1;nr
émigré;1;nom
pequin;1;nr
postulation;1;nr
sembaucheront;1;nr
congédier;1;ver
repourvoir;1;nr
archifaux;1;adj
bienentendu;1;nr
anneba;1;nr
irrelevant;1;nr
explicant;1;nr
ltr;1;nr
residents;1;nr
10milion;1;nr
daut;1;nr
payents;1;nr
evitera;1;nr
degradation;1;nr
descrimination;1;nr
sejour;1;nr
dleurs;1;nr
suissitude;1;nr
angoulême;1;nr
eien;1;nr
intitulé;1;nom
privilégiera;1;nr
pêne;1;nom
copinage;1;nom
certification;1;nom
burnout;1;nr
frokar;1;nr
croquette;1;nom
habitet;1;nr
psycotte;1;nr
décrédibilisent;1;nr
commwntaire;1;nr
royon;1;nr
53km;1;nr
zup;1;nr
abasourdir;1;ver
graaave;1;nr
responsabiliités;1;nr
cathédrale;1;nom
3000m2;1;nr
byzarre;1;nr
ebay;1;nr
commandités;1;nr
collectionneur;1;nom
retailler;1;ver
pilleur;1;nom
burlesque;1;nom
émeraude;1;nom
dessertir;1;ver
sub;1;adv
saharien;1;adj
branly;1;nr
psychisme;1;nom
désintérêt;1;nom
raisonnées;1;nr
profaner;1;ver
napoléonien;1;adj
strouve;1;nr
brigand;1;nom
eugénie;1;nr
patacaisse;1;nr
périmètre;1;nom
vitrage;1;nom
volumétrie;1;nr
vitré;1;adj
inestimable;1;adj
aristocratie;1;nom
popo;1;nr
dati;1;nr
kitchhhh;1;nr
vieillot;1;adj
sacree;1;nr
malhereusenent;1;nr
quando;1;nr
maintenances;1;nr
pamphlet;1;nom
organisationnelles;1;nr
racourcis;1;nr
deraillement;1;nr
préliminaire;1;adj
mycologie;1;nom
mycologique;1;nr
cueilleur;1;nom
vapko;1;nr
specialistes;1;nr
rajout;1;nom
maternise;1;nr
qualitativement;1;nr
barricade;1;nom
panneton;1;nom
houlala;1;nr
restevl;1;nr
99cts;1;nr
tchèque;1;adj
croate;1;adj
slovaque;1;adj
fermentation;1;nom
courge;1;nom
standardiser;1;ver
sommeliers;1;nr
booooh;1;nr
assortiment;1;nom
4fr;1;nr
dévaliser;1;ver
chiasse;1;nom
digestibilité;1;nr
intolérantes;1;nr
emji_stéthoscope;1;nom
pesticidé;1;nr
tlmt;1;nr
vraiiiiiiment;1;nr
nglés;1;nr
percutant;1;adj
abréviation;1;nom
spliquer;1;nr
elke;1;nr
dinos;1;nr
plussoie;1;nr
préhisto;1;nr
sont1;1;nr
rooo;1;nr
9h30;1;nr
propagandique;1;nr
extremistes;1;nr
costaud;1;adj
ri3n;1;nr
camerounaises;1;nr
bâillon;1;nom
minister;1;nr
arm;1;nr
roriste;1;nr
enqueter;1;nr
minel;1;nr
cre;1;nr
orts;1;nr
olent;1;nr
gpkv;1;nr
crim;1;nr
inels;1;nr
rres;1;nr
ble;1;nr
accroissement;1;nom
poétique;1;adj
fedpol;1;nr
évidemement;1;nr
conscientious;1;nr
nécesséssaire;1;nr
nethanyahu;1;nr
mckinsey;1;nr
anemasse;1;nr
prop;1;nr
dj1h;1;nr
voud;1;nr
vallu;1;nr
bolloré;1;nr
extremisme;1;nr
chretiens;1;nr
jules;1;nom
rausss;1;nr
sarco;1;nr
degends;1;nr
injustejs;1;nr
askip;1;nr
aideur;1;nr
délenché;1;nr
lybien;1;nr
ceur;1;nr
desfois;1;nr
relaxs;1;nr
revencharde;1;nr
af;1;nr
quinquennat;1;nom
nicos;1;nr
agréé;1;adj
christo;1;nr
mégalomane;1;adj
gbagbo;1;nr
gracier;1;ver
decreté;1;nr
tournedos;1;nom
rossini;1;nr
perignon;1;nr
emji_morceau_de_viande;1;nom
emji_plat_mitonné;1;nom
vacs;1;nr
inoubliable;1;adj
genti;1;nr
oub2;1;nr
qu4;1;nr
hahahaah;1;nr
cligno;1;nr
épave;1;nom
balladent;1;nr
regle;1;nr
saligaud;1;nom
confédéral;1;adj
apems;1;nr
micmac;1;nom
amendable;1;nr
parcomètre;1;nom
verbaliser;1;ver
flicage;1;nom
privatiser;1;ver
vécunici;1;nr
urssaf;1;nr
miro;1;adj
débandade;1;nom
fes;1;nr
container;1;nom
emji_pick_up;1;nom
emji_bus;1;nom
renchérir;1;ver
mortellement;1;adv
prb;1;nr
lamende;1;nr
uerss;1;nr
telllement;1;nr
protègés;1;nr
20chf;1;nr
sorne;1;nr
250fr;1;nr
ecopoints;1;nr
détection;1;nom
budgétés;1;nr
comptabilité;1;nom
flasher;1;ver
macroniste;1;nr
làlàlà;1;nr
emji_ok_peau_mate;1;nom
suffisement;1;nr
additionnel;1;adj
2m;1;nr
loueur;1;nom
monkey;1;nr
clairementtttt;1;nr
pauvereté;1;nr
benigne;1;nr
achtung;1;nr
gefahr;1;nr
exploitant;1;nom
plaingnez;1;nr
raquetter;1;nr
40fr;1;nr
integrité;1;nr
dépouiller;1;ver
boutton;1;nr
emji_main_paume_vers_le_haut;1;nom
loco;1;adv
tcheeeeu;1;nr
dérupe;1;nr
dénivelé;1;nom
funiculaire;1;nom
ferré;1;adj
toinou;1;nr
recroiser;1;ver
50min;1;nr
montcalm;1;nr
paccots;1;nr
running;1;nom
27min21s;1;nr
9km;1;nr
utmm;1;nr
27mn;1;nr
boyatsons;1;nr
55minute;1;nr
échauffement;1;nom
2km;1;nr
hellbourg;1;nr
1000m;1;nr
chollonges;1;nr
sciatique;1;nom
naaaan;1;nr
instagramable;1;nr
valgoglio;1;nr
margaret;1;nr
ex_premier;1;adj
faîte;1;nom
bors;1;nr
fontaliers;1;nr
chosir;1;nr
senses;1;nr
déglingué;1;adj
prémices;1;nom
glacial;1;adj
ananas;1;nom
à_leur_encontre;1;adv
attaquant;1;nom
qn;1;nr
wokipédia;1;nr
fa7qaient;1;nr
fondant;1;nom
banissent;1;nr
asma;1;nr
mhalla;1;nr
dystopie;1;nr
matérialisme;1;nom
totalitariste;1;nr
panacée;1;nom
creationist;1;nr
neighborhood;1;nr
enjaille;1;nr
debunkée;1;nr
trickle;1;nr
qhe;1;nr
tox;1;nr
séduire;1;ver
balck;1;nr
rpgs;1;nr
disproportionalité;1;nr
rallonger;1;ver
vaaaaaa;1;nr
rashida;1;nr
ggwp;1;nr
shift;1;adj
crépuscule;1;nom
aces;1;nr
fraicheur;1;nr
marshmallows;1;nr
pruneau;1;nom
cocooning;1;nr
rhodiola;1;nr
souvant;1;nr
safran;1;nom
fraîcheur;1;nom
ancre;1;nom
emji_femme_au_hammam;1;nom
emji_hors_bord;1;nom
cortisol;1;nom
sophrologie;1;nr
karine;1;nr
fousson;1;nr
bouste;1;nr
before;1;nr
disc;1;nr
cabriolet;1;nom
misfitdelarépartie;1;nr
discipliné;1;adj
emji_parapluie_ouvert;1;nom
keraunos;1;nr
earth;1;nr
windy;1;nr
recemment;1;nr
limpression;1;nr
bacterie;1;nr
usure;1;nom
microplastique;1;nr
bactérie;1;nom
contamination;1;nom
pkanche;1;nr
entaille;1;nom
càd;1;nr
rabot;1;nom
coupee;1;nr
contre_indication;1;nom
ceramique;1;nr
ustensil;1;nr
emji_bois;1;nom
santépublique;1;nr
frire;1;ver
antiadhésives;1;nr
revêtement;1;nom
polymère;1;nom
inerte;1;adj
surchauffe;1;nom
pfoa;1;nr
genx;1;nr
polymérisation;1;nr
poeles;1;nr
bombons;1;nr
winthertur;1;nr
sl;1;nr
derby;1;nom
velodrome;1;nr
rayonner;1;ver
loz;1;nr
ludogorets;1;nr
maladière;1;nr
xamax;1;nr
magouilleur;1;nom
barça;1;nr
menoter;1;nr
attrouper;1;ver
sang_froid;1;nom
insuportables;1;nr
téleporter;1;nr
indéfini;1;adj
khaled;1;nr
samson;1;nr
chukwu;1;nr
ndukaku;1;nr
lamin;1;nr
fatty;1;nr
mike;1;nr
menottage;1;nr
protocolo;1;nr
comedian;1;nr
recherché;1;adj
course_poursuite;1;nom
sexuée;1;nr
blanchisée;1;nr
bettina;1;nr
désagréablement;1;adv
youhouuuu;1;nr
deg;1;nr
deçu;1;nr
fugitif;1;nom
hetonne;1;nr
renouer;1;ver
dream;1;nr
françoiiiiiis;1;nr
fairw;1;nr
abr;1;nr
uti;1;nr
chorale;1;nom
fight;1;nr
coiffer;1;ver
tatouage;1;nom
bonfanti;1;nr
tantine;1;nom
andate;1;nr
cagare;1;nr
journalist;1;nr
boogeyman;1;nr
discerner;1;ver
ragekiiit;1;nr
mëme;1;nr
otempérer;1;nr
find;1;nr
raciséy;1;nr
kemi;1;nr
sit;1;nr
inspecteur;1;nom
menotés;1;nr
merciii;1;nr
racisee;1;nr
nic201236;1;nr
degenete;1;nr
brutaliser;1;ver
saisine;1;nr
faciès;1;nom
emji_mains_levées_peau_mate;1;nom
pédagogie;1;nom
amputation;1;nom
gyrophare;1;nom
foutrent;1;nr
gestapo;1;nom
anesthésiologiste;1;nr
dre;1;nr
anaïs;1;nr
buffat;1;nr
poly;1;nom
emji_drapeau_géorgie;1;nom
bravoo;1;nr
antarctique;1;adj
tigre;1;nom
quelquands;1;nr
jaurais;1;nr
quoiiiii;1;nr
ève;1;nom
surfacturer;1;ver
burne;1;nom
churches;1;nr
babel;1;nom
retracer;1;ver
systématiqueme;1;nr
boysclub;1;nr
sociabilisés;1;nr
enfanticides;1;nr
dana;1;nr
surrepresentation;1;nr
reprogrammer;1;ver
prgam;1;nr
planning;1;nom
cependnat;1;nr
preventif;1;nr
devrpm;1;nr
emji_signe_je_t_aime;1;nom
maisuser_utilisateurice;1;nr
uels;1;nr
lamkise;1;nr
opea;1;nr
morgue;1;nom
effronter;1;nr
boureaux;1;nr
arconciel;1;nr
troooooop;1;nr
benyamine;1;nr
tempète;1;nr
tantinet;1;nom
allegro;1;adv
miskine;1;nr
denouveau;1;nr
emji_homme_sourd_peau_moyennement_claire;1;nom
tourbillonner;1;ver
préjent;1;nr
sheitanhyahu;1;nr
tonneau;1;nom
wallah;1;nr
abdelkader;1;nr
135kmh;1;nr
esz;1;nr
fanfare;1;nom
quagriculteur;1;nr
echapés;1;nr
lays;1;nr
gamberger;1;ver
redorer;1;ver
vraiiiiiiiment;1;nr
benh;1;nr
victimisez;1;nr
goute;1;nr
transiter;1;ver
satanyaou;1;nr
receptionné;1;nr
yahourt;1;nr
oublira;1;nr
13em;1;nr
convoi;1;nom
anexions;1;nr
cirjordanie;1;nr
cation;1;nom
apprauvisent;1;nr
chocquant;1;nr
10million;1;nr
ads;1;nr
cpas;1;nr
nv;1;nr
snn;1;nr
genocidés;1;nr
génocidés;1;nr
enfoutent;1;nr
turkestan;1;nr
oriental;1;adj
xinjiang;1;nr
vi0lés;1;nr
impunités;1;nr
ovomaltine;1;nr
chomage;1;nr
inferieure;1;nr
peuble;1;nr
mouai;1;nr
emji_drapeau_russie;1;nom
ouïghour;1;nr
panoplie;1;nom
legere;1;nr
sps;1;nr
d4s;1;nr
questionnaire;1;nom
ausdi;1;nr
government;1;nr
conféderation;1;nr
stériliser;1;ver
niaucheries;1;nr
baby_boomers;1;nr
beaux_parents;1;nom
aika;1;nr
égoistes;1;nr
adopterais;1;nr
50kg;1;nr
costar;1;nom
instagrameur;1;nr
retransmettre;1;ver
cucul;1;adj
trempette;1;nom
répares;1;nr
défies;1;nr
mémorable;1;adj
intensément;1;adv
pronostiquer;1;ver
alexis;1;nr
kitzbühel;1;nr
zrinka;1;nr
depresseur;1;nr
xxe;1;nr
grâve;1;nr
facil;1;nr
toutatis;1;nr
emji_aile;1;nom
dessinateur;1;nom
infographie;1;nom
prononciation;1;nom
vomitive;1;nr
inégalable;1;adj
trite;1;nr
methode;1;nr
éduquait;1;nr
patrimoniaux;1;nr
gan;1;nom
ekrive;1;nr
bihein;1;nr
dys;1;nr
assia;1;nr
méritocratique;1;nr
impactée;1;nr
tja;1;nr
incubateur;1;nom
discriminées;1;nr
allaitements;1;nr
débunké;1;nr
escompter;1;ver
consulting;1;nr
debunks;1;nr
heurteront;1;nr
ponctionnés;1;nr
debunké;1;nr
abattement;1;nom
exonère;1;nr
modestement;1;adv
unterwald;1;nr
combiné;1;adj
corporatif;1;adj
affaiblirait;1;nr
unterwalden;1;nr
rapias;1;nr
schein;1;nr
tabelles;1;nr
prédéfinir;1;ver
delta;1;nom
oue;1;nr
escadrille;1;nom
tasse;1;nom
spoliation;1;nom
taxable;1;nr
patiemment;1;adv
germain;1;adj
régurgiter;1;ver
convincus;1;nr
solder;1;ver
couteux;1;nr
bénévolement;1;adv
redistribuera;1;nr
clamer;1;ver
baffouant;1;nr
vés;1;nr
planification;1;nom
millimétrée;1;nr
musé;1;nr
anesthésier;1;ver
isaac;1;nr
asimov;1;nr
intellectualisme;1;nom
éloquent;1;adj
passwords;1;nr
thales;1;nr
böcker;1;nr
élévation;1;nom
moultes;1;nr
jürgen;1;nr
todenhöfer;1;nr
chancelier;1;nom
olaf;1;nr
scholz;1;nr
perquisition;1;nom
ordis;1;nr
lande;1;nom
flüsterleise;1;nr
murmurer;1;ver
rampant;1;adj
toooooooouuuuuuus;1;nr
fantômas;1;nr
eine;1;nr
deutsche;1;nr
maschine;1;nr
desproges;1;nr
coluche;1;nr
uel;1;nr
risée;1;nom
rampe;1;nom
braqueur;1;nom
emji_chèvre;1;nom
burgerking;1;nr
jipping;1;nr
collégialité;1;nom
normalmente;1;nr
messieur;1;nr
importateur;1;nom
consistuerait;1;nr
10chf;1;nr
drs;1;nr
étées;1;nr
écrant;1;nr
apeller;1;nr
maintenent;1;nr
sicad;1;nr
independent;1;nr
h4m4s;1;nr
tricycle;1;nom
kwh;1;nr
fastrec_u;1;nr
blaze;1;nom
kaweh;1;nr
keystone;1;nr
moana;1;nr
sous_entendu;1;adj
olalal;1;nr
devancer;1;ver
valeureux;1;adj
180km;1;nr
organisationel;1;nr
comprennais;1;nr
agaçant;1;adj
paraphrasiez;1;nr
hypothétiquement;1;adv
majuscule;1;adj
inclus;1;adj
cluedo;1;nr
grégory;1;nr
diabolique;1;adj
capoter;1;ver
utre;1;nr
tu3s;1;nr
hônte;1;nr
millitaire;1;nr
technoligies;1;nr
dilacérés;1;nr
déshumanisants;1;nr
gésir;1;ver
goinfre;1;nom
surpayer;1;nr
immigrès;1;nr
cierge;1;nom
dépayser;1;ver
enleviezvos;1;nr
40yo;1;nr
near;1;nr
1m88;1;nr
70kg;1;nr
treillis;1;nom
pétromonarchies;1;nr
kdalle;1;nr
bideau;1;nr
performatif;1;nr
rtsi0niste;1;nr
logé;1;adj
déjá;1;nr
rega;1;nr
réapproprier;1;nr
idiotiquement;1;nr
hell;1;nr
devienen;1;nr
usurpateur;1;nom
autoproclamer;1;ver
retablissement;1;nr
7x;1;nr
voilâ;1;nr
célébrissimes;1;nr
cedrict;1;nr
grolet;1;nr
emilys;1;nr
patisserie;1;nr
chocolaterie;1;nom
gaudard;1;nr
masion;1;nr
caffet;1;nr
magnésie;1;nom
climbing;1;nr
exigeance;1;nr
désescalade;1;nr
acclimater;1;ver
indemne;1;adj
rushs;1;nr
debrief;1;nr
andré;1;nr
ventait;1;nr
puerto;1;nr
san_francisco;1;nom
empèche;1;nr
séquestrant;1;nr
logicielle;1;nr
automatisme;1;nom
patch;1;nom
marquages;1;nr
énergivore;1;nr
eletronicque;1;nr
flexible;1;adj
baidu;1;nr
dragueur;1;nom
exuse;1;nr
dalaï;1;nr
chin;1;nr
tibétain;1;adj
krezzy;1;nr
emji_grande_roue;1;nom
emji_gaufre;1;nom
parapluie;1;nom
investire;1;nr
genilac;1;nr
raffraichir;1;nr
geniterrre;1;nr
biomasse;1;nom
photovoltaique;1;nr
mazoud;1;nr
raffinage;1;nom
silicium;1;nom
carbonée;1;nr
uriner;1;ver
horrrrrrrible;1;nr
pampers;1;nr
infantilise;1;nr
hôooo;1;nr
organisationnel;1;adj
cantkns;1;nr
vuelta;1;nr
tempe;1;nom
retombée;1;nom
demandeuses;1;nr
peuve;1;nr
esperer;1;nr
debats;1;nr
emperchera;1;nr
inflammatoire;1;adj
digestion;1;nom
prétendument;1;adv
constituant;1;adj
paroi;1;nom
cellulaire;1;adj
thierry;1;nr
leila;1;nr
paléolithique;1;adj
able;1;nom
bauf;1;nr
flexitsrien;1;nr
bobolandaise;1;nr
kéto;1;nr
regain;1;nom
lipide;1;nom
palpitation;1;nom
tachycardie;1;nom
glucose;1;nom
déshabitude;1;nr
psyllium;1;nom
sociable;1;adj
thon;1;nom
pranisme;1;nr
diététique;1;adj
vraimenr;1;nr
sucrerie;1;nom
abricot;1;nom
veganes;1;nr
carnistes;1;nr
nourrisson;1;nom
keto;1;nr
qun;1;nr
cont;1;nr
120g;1;nr
500g;1;nr
côlon;1;nom
nutritionnels;1;nr
calcium;1;nom
zinc;1;nom
iode;1;nom
sélénium;1;nom
oméga;1;nom
anémie;1;nom
immunitaire;1;adj
hémorragique;1;adj
pmc;1;nr
nutritionnelles;1;nr
mdpi;1;nr
european;1;nr
gznt;1;nr
fodmap;1;nr
décrier;1;ver
affectes;1;nr
étudent;1;nr
concluant;1;adj
réultats;1;nr
vegétal;1;nr
equilibré;1;nr
critiquants;1;nr
végétalisme;1;nom
absoluments;1;nr
boosté;1;nr
nutitif;1;nr
supermaché;1;nr
abbats;1;nr
ancadrée;1;nr
monos;1;nr
diète;1;nom
végé;1;nr
vege;1;nr
vegans;1;nr
carencé;1;nr
àmanger;1;nr
cardio_vasculaire;1;adj
cardio_vasculaires;1;nr
carencés;1;nr
vegane;1;nr
geographic;1;nr
cholestérol;1;nom
prédictives;1;nr
triglycéride;1;nom
hdl;1;nr
rein;1;nom
duncan;1;nr
paleolithique;1;nr
sedentaire;1;nr
esperance;1;nr
yuissesdans;1;nr
gluneogenese;1;nr
métabolique;1;adj
vo;1;nr
minier;1;adj
multicriminel;1;nr
allseas;1;nr
pir4tage;1;nr
gu3rres;1;nr
hyp0crisia;1;nr
syngenra;1;nr
cancerigenes;1;nr
abomination;1;nom
petrobrás;1;nr
petrobras;1;nr
méthane;1;nom
documentées;1;nr
syngenta;1;nr
p3sticides;1;nr
canc3rigenes;1;nr
50e;1;nr
planete;1;nr
nutella;1;nr
extinctions;1;nr
candamné;1;nr
bioéthanol;1;nr
néoliberalisme;1;nr
négationistes;1;nr
demag0gues;1;nr
saillant;1;adj
montana;1;nr
etasuniens;1;nr
xx;1;nr
réaligner;1;ver
status;1;nom
démocratiser;1;ver
fantomatique;1;adj
négativité;1;nom
optimisme;1;nom
9h;1;nr
domicle;1;nr
houchy;1;nr
pagode;1;nom
refufe;1;nr
aitai;1;nr
hivernation;1;nr
hiverner;1;ver
hiberner;1;ver
dormance;1;nom
dérangement;1;nom
hibernants;1;nr
boncourt;1;nr
26ème;1;nr
péché;1;nom
omission;1;nom
filature;1;nom
recel;1;nom
naz;1;nr
israélite;1;adj
meyer;1;nr
habib;1;nr
phacochère;1;nom
tusss;1;nr
emji_v_de_la_victoire_peau_foncée;1;nom
drive;1;nom
prendons;1;nr
ped0philes;1;nr
cornu;1;adj
calcus;1;nr
fantasmant;1;nr
lobbisme;1;nr
allnews;1;nr
familia;1;nr
anorexique;1;adj
capice;1;nr
500chf;1;nr
bien_portant;1;adj
crackheads;1;nr
rave;1;nom
ctivisant;1;nr
augmebtdations;1;nr
menauelles;1;nr
palliatif;1;adj
este;1;nom
ouaaaaais;1;nr
distributif;1;adj
adoubés;1;nr
regis;1;nr
saphorin;1;nr
lp;1;nr
emji_homme_paume_vers_le_haut_peau_claire;1;nom
dénomination;1;nom
dragon;1;nom
maslow;1;nr
rhume;1;nom
gastro;1;nom
demmerde;1;nr
apennzell;1;nr
tob;1;nr
13eme;1;nr
méconnaître;1;ver
microbe;1;nom
rémunérateur;1;adj
amamnèses;1;nr
tarmed;1;nr
inapplicable;1;adj
inferieur;1;nr
sah;1;nr
discrimation;1;nr
zob;1;nom
teuteus;1;nr
queluser_utilisateurice;1;nr
conor;1;nr
mcgregor;1;nr
catherine;1;nr
connelly;1;nr
protocolaire;1;adj
irlandistan;1;nr
maga;1;nr
rejetter;1;nr
contre_pouvoir;1;nom
dissolution;1;nom
commencement;1;nom
proffession;1;nr
prévôtois;1;nr
50ans;1;nr
jurassienne;1;nr
laufen;1;nr
jurassic;1;nr
visana;1;nr
augementé;1;nr
assurence;1;nr
monsier;1;nr
igniazo;1;nr
molesse;1;nr
londe;1;nr
désolation;1;nom
désinvestissements;1;nr
combientième;1;adj
djhade;1;nr
zionistes;1;nr
trollez;1;nr
imperialism;1;nr
ferrer;1;ver
colonization;1;nr
pad;1;nom
successif;1;adj
icassis;1;nr
tanière;1;nom
nuggets;1;nr
pervertir;1;ver
grippette;1;nr
choyer;1;ver
patrimonial;1;adj
cordycepse;1;nr
shiitake;1;nr
faucher;1;ver
thevenon;1;nr
emji_surfeur;1;nom
bizz;1;nr
emji_vague;1;nom
emji_surfeur_peau_claire;1;nom
break;1;nom
milko;1;nr
glauser;1;nr
nautique;1;adj
wakesurf;1;nr
alaia;1;nr
bay;1;nr
reef;1;nr
50mm;1;nr
rhin;1;nr
aar;1;nr
reuss;1;nr
écluse;1;nom
emji_loupe_orientée_à_gauche;1;nom
inégalé;1;adj
protectionisme;1;nr
agro_alimentaire;1;adj
là_derrière;1;adv
léchec;1;nr
remontant;1;nom
prostituer;1;ver
gar;1;nr
hay;1;nr
plata;1;nr
péronniste;1;nr
rational;1;nom
kirchner;1;nr
venté;1;adj
enormes;1;nr
patagonia;1;nr
argentina;1;nr
zionistas;1;nr
maso;1;nom
fuerza;1;nr
patria;1;nr
paupérisme;1;nom
pépère;1;adj
dénigrantes;1;nr
outrancier;1;adj
vic;1;nr
dejas;1;nr
laisser_faire;1;nom
arc_en_ciels;1;nr
lsraeiiens;1;nr
modifies;1;nr
ashkenazes;1;nr
aztèque;1;adj
persecución;1;nr
sinagogas;1;nr
agresses;1;nr
puits;1;nom
approbation;1;nom
réparateur;1;nom
uff;1;nr
brouillage;1;nom
dépossession;1;nom
commode;1;adj
absolutises;1;nr
presentation;1;nr
76ans;1;nr
aituation;1;nr
congratulez;1;nr
écocide;1;nr
netynyahou;1;nr
institutionnalisées;1;nr
viys;1;nr
hius;1;nr
emji_ananas;1;nom
potager;1;nom
emji_tomate;1;nom
terroris;1;nr
déballer;1;ver
letale;1;nr
judé;1;nr
golda;1;nr
meir;1;nr
lobbyste;1;nr
oppressé;1;adj
sauvagerie;1;nom
psych0pathes;1;nr
barbuser_utilisateurice;1;nr
terrr1stes;1;nr
bosquet;1;nom
décérébrer;1;ver
50taines;1;nr
aissaillants;1;nr
tube;1;nom
replanter;1;ver
ptis;1;nr
lmao;1;nr
lisa;1;nr
nant;1;nom
défaitiste;1;adj
eco;1;nr
indésirable;1;adj
acaparement;1;nr
gourvernements;1;nr
envrionnement;1;nr
canardair;1;nr
affréter;1;ver
tassili;1;nom
affrètements;1;nr
affrétés;1;nr
mostaganem;1;nr
béjaïa;1;nr
gidel;1;nr
annaba;1;nr
patisseries;1;nr
bifurquer;1;ver
dissident;1;nom
fouad;1;nr
inshaallah;1;nr
khadra;1;nr
idni;1;nr
lah;1;nr
pblm;1;nr
hmar;1;nr
reflorestenment;1;nr
contextuel;1;adj
fôret;1;nr
teboune;1;nr
ètre;1;nr
mentalitée;1;nr
abon;1;nr
pourait;1;nr
ceil;1;nr
eeeh;1;nr
rérérérérérélu;1;nr
emanuel;1;nr
irriter;1;ver
elled;1;nr
éffarant;1;nr
ultracrepidarienne;1;nr
autocensurer;1;ver
chause;1;nr
vivé;1;nr
notré;1;nr
prosident;1;nr
reelu;1;nr
lémanique;1;nr
guguerre;1;nr
gugerre;1;nr
etivaz;1;nr
clette;1;nr
nouvelliste;1;nom
couchepin;1;nr
ppas;1;nr
chtite;1;nr
cornichon;1;nom
oignon;1;nom
suffir;1;nr
chassoure;1;nr
affineur;1;nr
emji_femme_qui_lève_la_main;1;nom
veggie;1;nr
cookotte;1;nr
emji_pomme_de_terre;1;nom
hokkaido;1;nr
cinema;1;nr
disformations;1;nr
deseperes;1;nr
depenser;1;nr
waooh;1;nr
ricanement;1;nom
médicaliser;1;ver
snippernpar;1;nr
trol;1;nr
prendrent;1;nr
cruella;1;nr
niauches;1;nr
refugies;1;nr
çaaaa;1;nr
volatérales;1;nr
méthodiquement;1;adv
discontinuer;1;ver
quadroptères;1;nr
facial;1;adj
benjhamine;1;nr
plaestine;1;nr
echapper;1;nr
bénédiction;1;nom
fallais;1;nr
couchemar;1;nr
hahahaa;1;nr
leus;1;nr
dégréer;1;ver
malformations;1;nr
congénital;1;adj
assaillir;1;ver
apeurer;1;ver
nigerians;1;nr
cinysme;1;nr
textualiser;1;nr
ahahahhaha;1;nr
geurre;1;nr
m23;1;nr
ahhhhh;1;nr
panarbisme;1;nr
panarabisme;1;nom
bribe;1;nom
haut_commissariat;1;nom
commisent;1;nr
élimination;1;nom
proné;1;nr
destfuction;1;nr
extrémement;1;nr
populés;1;nr
populé;1;nr
1m80;1;nr
preferez;1;nr
vacuer;1;nr
emji_doigts_croisés_peau_moyennement_claire;1;nom
claims;1;nr
conference;1;nr
travel;1;nr
quinn;1;nr
extractivisme;1;nr
ranma;1;nr
trèèès;1;nr
mmmhhh;1;nr
retaper;1;ver
rono;1;nr
shane;1;nr
défaillir;1;ver
excluantes;1;nr
pb;1;nr
wok;1;nr
diallo;1;nr
euuuuh;1;nr
olée;1;nr
emji_bloc_notes_à_spirale;1;nom
isruser_utilisateurice;1;nr
tortureun;1;nr
eznezekeuk3zskszk;1;nr
barré;1;adj
contrr;1;nr
adolphine;1;nr
internement;1;nom
rture;1;nr
spmi;1;nr
travailleureuses;1;nr
stéphaniiiiiie;1;nr
intenable;1;adj
apauvrir;1;nr
précarisation;1;nr
néolibérale;1;nr
régule;1;nom
ultralibérale;1;nr
cannibale;1;nom
collectiviste;1;adj
hypothéquer;1;ver
jouissance;1;nom
sacro_saint;1;adj
savoté;1;nr
tripartite;1;adj
fauss;1;nr
rices;1;nr
euuuuuh;1;nr
1kg;1;nr
épluchure;1;nom
supermarches;1;nr
gaspeille;1;nr
amenders;1;nr
500gr;1;nr
17lt;1;nr
diminuons;1;nr
péjorer;1;nr
teurs;1;nr
fesait;1;nr
raffinerie;1;nom
influenceuse;1;nr
donbas;1;nr
troubadour;1;nom
banderistes;1;nr
gager;1;ver
defendez;1;nr
consistant;1;adj
minimisation;1;nom
toteme;1;nr
evers;1;nr
slil;1;nr
meteo;1;nr
cango;1;nr
wolyn;1;nr
hahahahahhahahahahahaha;1;nr
hahahhahahahahahahhaahhahahahahahhaha;1;nr
vétéran;1;nom
kgb;1;nr
etbquand;1;nr
arronges;1;nr
emji_île_déserte;1;nom
nethanyau;1;nr
réchaud;1;nom
mamen;1;nr
cumin;1;nom
tcheeeu;1;nr
ranh;1;nr
paradise;1;nr
commercialisés;1;nr
huuummm;1;nr
peccable;1;adj
crossover;1;nr
gouté;1;nr
loveur;1;nr
aromate;1;nom
coblague;1;nr
cté;1;nr
feat;1;nr
truffe;1;nom
gastronomie;1;nom
sodium;1;nom
mono;1;nom
sodique;1;adj
empoisonneur;1;nom
featuring;1;nr
quans;1;nr
tieu;1;nr
msg;1;nr
reeeeeve;1;nr
maggy;1;nr
pepsi;1;nr
soûler;1;ver
pardooon;1;nr
18h;1;nr
saler;1;ver
ouaiiiiii;1;nr
monosodique;1;nr
hônté;1;nr
stuntsmatt;1;nr
dandis;1;nr
chambéry;1;nr
bouh;1;nr
instrumentalisons;1;nr
fichet;1;nr
charogne;1;nom
toiture;1;nom
eurosport;1;nr
surtt;1;nr
ecoperont;1;nr
candace;1;nr
owens;1;nr
caq;1;nr
relaxées;1;nr
relaxer;1;ver
mdhinzy;1;nr
présentiment;1;nr
charlotte;1;nom
crott;1;nr
couillu;1;adj
mâchoire;1;nom
trav;1;nr
dementir;1;nr
pourriticards;1;nr
nons;1;nr
euphémisme;1;nom
répliquer;1;ver
building;1;nom
egorger;1;nr
distinctement;1;adv
bricole;1;nom
deuxieme;1;nr
stratagemes;1;nr
victimsation;1;nr
amour_propre;1;nom
étoffer;1;ver
bucks;1;nr
netanxahu;1;nr
conparaison;1;nr
hinumanité;1;nr
officielement;1;nr
officialiser;1;ver
netenyaou;1;nr
jlai;1;nr
sout;1;nr
inéfficace;1;nr
enclavé;1;adj
dénonciateur;1;nom
bde;1;nr
barber;1;ver
pimpant;1;adj
enfumage;1;nr
inocents;1;nr
0ct;1;nr
requête;1;nom
executions;1;nr
ecoles;1;nr
hind;1;nr
perciste;1;nr
fourvoye;1;nr
reclamation;1;nr
7octobre;1;nr
represents;1;nr
legaux;1;nr
excecutes;1;nr
etles;1;nr
enleves;1;nr
evalue;1;nr
graviter;1;ver
memoire;1;nr
responsabilite;1;nr
possedaient;1;nr
iraelien;1;nr
empleur;1;nr
deresonne;1;nr
avancee;1;nr
guerriere;1;nr
revulse;1;nr
responsible;1;nr
menbres;1;nr
partisant;1;nr
nothing;1;nr
introuvable;1;adj
crâme;1;nr
juis;1;nr
assommer;1;ver
lenouveau;1;nr
hef;1;nr
swahili;1;nom
rof;1;nr
recompter;1;ver
huser_utilisateurice;1;nr
malh0nnêtes;1;nr
feujes;1;nr
immaginez;1;nr
prophète;1;nom
judaisme;1;nr
sheytaniaou;1;nr
israhelliens;1;nr
extrêmistes;1;nr
occiddent;1;nr
facinant;1;nr
oooooooklmmmmmm;1;nr
gravas;1;nr
colatérale;1;nr
voullaient;1;nr
numeros;1;nr
avigdor;1;nr
effie;1;nr
defrin;1;nr
chabab;1;nr
traficant;1;nr
rebaptiser;1;ver
shin;1;nr
bet;1;nr
état_major;1;nom
circonstanciel;1;adj
retrouvable;1;nr
monsonge;1;nr
commencant;1;nr
propages;1;nr
fada;1;adj
psychcopathe;1;nr
enieme;1;nr
emji_drapeau_chine;1;nom
châtier;1;ver
baffe;1;nom
zuteeee;1;nr
déchausser;1;ver
ootd;1;nr
lucas_;1;nr
coloc;1;nr
décharger;1;ver
robinetterie;1;nom
couette;1;nom
panosse;1;nom
tique;1;nom
caloriques;1;nr
énergisantes;1;nr
anglophone;1;adj
bidesque;1;nr
piaf;1;nom
dodge;1;nr
ram;1;nom
ford;1;nr
mustang;1;nom
karmas;1;nr
brun;1;adj
tiguan;1;nr
souvents;1;nr
decide;1;nr
suremballage;1;nr
goudron;1;nom
proprtions;1;nr
toxicité;1;nom
matran;1;nr
retraiter;1;nr
centralisent;1;nr
encart;1;nom
think;1;nr
climatonegationiste;1;nr
paravent;1;nom
tranquillité;1;nom
banalisant;1;nr
facade;1;nr
faschiste;1;nr
deb;1;nr
few;1;nr
later;1;nr
trumpisation;1;nr
oiberale;1;nr
tradis;1;nr
blamer;1;nr
pleur;1;nom
politologues;1;nr
diamétralement;1;adv
fmi;1;nr
symposium;1;nom
cryptic;1;nr
ponter;1;ver
dogmatiser;1;nr
astroturfing;1;nr
dissémination;1;nom
authoriser;1;nr
propagandaire;1;nr
censeur;1;nom
blablablabla;1;nr
bégayent;1;nr
intellectualistes;1;nr
marginaliseront;1;nr
b4t4rds;1;nr
diarrhéique;1;adj
ouaiiiis;1;nr
diiiiiiire;1;nr
emji_canard;1;nom
suprématistes;1;nr
ouinouinhard;1;nr
doxa;1;nr
ooohh;1;nr
tssss;1;nr
suc3r;1;nr
gagne_pain;1;nom
charcuterie;1;nom
mileil;1;nr
ahahha;1;nr
crémation;1;nom
emji_super_héros_homme_peau_claire;1;nom
emji_homme_âgé;1;nom
personnifiés;1;nr
jardinage;1;nom
speech;1;nom
parton;1;nr
anticarceraliste;1;nr
project;1;nr
lourdingue;1;adj
3ii3s;1;nr
blackrock;1;nr
reptilien;1;adj
gymbro;1;nr
twnt;1;nr
tylenol;1;nr
grokipieda;1;nr
grolandais;1;nr
groscon;1;nr
porte_monnaies;1;nr
fachopédia;1;nr
schwiizerdütsch;1;nr
deçus;1;nr
deportations;1;nr
presumement;1;nr
notres;1;nr
ultragauchisme;1;nr
wikimédia;1;nr
wokipedia;1;nr
nzis;1;nr
grokonpédia;1;nr
fêlé;1;nom
obscurantistes;1;nr
niousser;1;nr
dégénératif;1;adj
portier;1;nom
grokon;1;nr
groslandais;1;nr
groconpedia;1;nr
grokikipedia;1;nr
voilààà;1;nr
self_défense;1;nom
rompu;1;adj
psychopatie;1;nr
rappellez;1;nr
casher;1;adj
c0nnerie;1;nr
emcore;1;nr
caril;1;nr
résponsablede;1;nr
moxens;1;nr
perdrent;1;nr
anneries;1;nr
aineux;1;nr
âches;1;nr
etonnes;1;nr
recommencement;1;nom
represailles;1;nr
tents;1;nr
kusner;1;nr
vacanciere;1;nr
valuable;1;nr
agisent;1;nr
encoutre;1;nr
ahurissant;1;adj
ouhlà;1;nr
lsraei;1;nr
dü;1;nr
issraélien;1;nr
lacrim;1;nr
benji;1;nr
horeur;1;nr
maléfique;1;adj
crdr;1;nr
libredanssatete;1;nr
stoo;1;nr
accréditer;1;ver
natanyahou;1;nr
inachevé;1;adj
obélisque;1;nom
luxor;1;nr
amériqueins;1;nr
ilà;1;nr
making;1;nr
srf;1;nr
reconduction;1;nom
contract;1;nr
obstacle;1;nom
emji_aiguille_à_coudre;1;nom
mudac;1;nr
montreusienne;1;nr
chouk;1;nr
emji_artiste_femme_peau_moyennement_claire;1;nom
emji_palette_de_peinture;1;nom
emji_pinceau;1;nom
hyrox;1;nr
quenn;1;nr
miniso;1;nr
brouillon;1;nom
artisants;1;nr
miller;1;nr
fasher;1;nr
apable;1;nr
réaliseriez;1;nr
enclenché;1;adj
inactions;1;nr
those;1;nr
ravalement;1;nom
éprouver;1;ver
interagissent;1;nr
décolonialisme;1;nr
ashkenaze;1;nr
justificatif;1;nom
differentes;1;nr
ilest;1;nr
lsrael;1;nr
72h;1;nr
déjection;1;nom
hamaa;1;nr
arabis;1;nr
dito;1;adv
aviser;1;ver
tinalokya;1;nr
subsidiaire;1;adj
emji_visage_inquiet;1;nom
ahem;1;nr
schizophrènie;1;nr
avoué;1;adj
destinataire;1;nom
réactiver;1;ver
opprobre;1;nom
invisibilisez;1;nr
janjawids;1;nr
name;1;nr
yale;1;nr
gerard;1;nr
volvo;1;nr
reserves;1;nr
petrole;1;nr
rivieres;1;nr
gérards;1;nr
avant_goût;1;nom
raréfier;1;ver
hooo;1;nr
detuire;1;nr
raclettes;1;nr
aisse;1;nr
miseralisme;1;nr
adgere;1;nr
jconnais;1;nr
cettz;1;nr
addictifs;1;nr
dios;1;nr
míos;1;nr
situación;1;nr
está;1;nr
complicada;1;nr
favor;1;nr
como;1;nr
proceder;1;nr
poder;1;nr
realizar;1;nr
policía;1;nr
hombres;1;nr
señor;1;nom
señorita;1;nr
dime;1;nr
obrigada;1;nr
impartir;1;ver
click;1;nom
commando;1;nom
oeogr;1;nr
largant;1;nr
aue;1;nr
rationnellement;1;adv
lingua;1;nr
devo;1;nr
escrever;1;nr
temer;1;nr
ressocialization;1;nr
resocialiser;1;nr
camando;1;nr
cimeri;1;nr
camouflage;1;nom
déshabiller;1;ver
ligoter;1;ver
mitrailleur;1;nom
délaissé;1;adj
bolso;1;nr
rj;1;nr
dimple;1;nr
marijuana;1;nom
bandidos;1;nr
m0rtes;1;nr
amante;1;nom
maniaque;1;nom
vestimentes;1;nr
persones;1;nr
autores;1;nr
cê;1;nr
uverné;1;nr
comandes;1;nr
fuzil;1;nr
ameilleure;1;nr
station_service;1;nom
contrefaites;1;nr
bourrée;1;ver
méthanol;1;nom
coma;1;nom
tandera;1;nr
abelha;1;nr
peixão;1;nr
doca;1;nr
th;1;nr
jóias;1;nr
emji_policière;1;nom
penha;1;nr
emji_officier_de_police;1;nom
narcotraficant;1;nr
brasilia;1;nr
bourdieu;1;nr
réprouver;1;ver
carandiru;1;nr
pris0n;1;nr
muser_utilisateurice;1;nr
blan;1;nr
unfollow;1;nr
prelaz;1;nr
cpfs;1;nr
sp;1;nr
fourmi;1;nom
fourmillière;1;nr
opé;1;nr
viseur;1;nom
braço;1;nr
bukele;1;nr
combate;1;nr
cláudio;1;nr
minions;1;nr
fracas;1;nom
narcotrafic;1;nom
môt;1;nr
fle;1;nr
collabs;1;nr
és;1;nr
não;1;nr
venceu;1;nr
bale;1;nom
caipirinha;1;nr
reais;1;nr
vestige;1;nom
militarisée;1;nr
curi;1;nr
toro;1;nom
caïd;1;nom
prisonne;1;nr
plagient;1;nr
népal;1;nr
nepal;1;nr
80m;1;nr
embarques;1;nr
brillance;1;nom
houk;1;nr
emji_flèche_droite;1;nom
poteau;1;nom
déféquent;1;nr
alsace;1;nr
altreu;1;nr
mouroirs;1;nr
clima;1;nr
guano;1;nom
festin;1;nom
minérais;1;nr
autosuffisant;1;adj
analgésique;1;nom
opiacé;1;nom
attribution;1;nom
intraeuropeens;1;nr
alléchant;1;adj
6000chf;1;nr
hautain;1;adj
5fr;1;nr
tacler;1;ver
tracasserie;1;nom
passablement;1;adv
depression;1;nr
luigi;1;nr
mangione;1;nr
blvck130i;1;nr
esclavagiste;1;nom
scrabble;1;nom
pensionaires;1;nr
samu;1;nr
anibis;1;nr
exproprier;1;ver
raler;1;nr
pitiée;1;nr
ppvdm;1;nr
based;1;nr
séverine;1;nr
intro;1;nr
salamé;1;nr
metteur;1;nom
mentalist;1;nr
perrier;1;nom
millets;1;nr
lacom;1;nr
tabouret;1;nom
yogourt;1;nom
demontrée;1;nr
consanguinité;1;nom
infester;1;ver
euser_utilisateurice;1;nr
doué;1;adj
antifrançais;1;nr
condescendance;1;nom
mythos;1;nr
conservatoire;1;nom
laché;1;nr
demissionant;1;nr
orlean;1;nr
bizar;1;nr
embochait;1;nr
autobaptise;1;nr
pdfdm;1;nr
messe;1;nom
insupp;1;nr
pédant;1;adj
autaine;1;nr
sin;1;nr
eélgnic;1;nr
sigle;1;nom
jennifer;1;nr
covo;1;nr
chavrier;1;nr
emji_balai;1;nom
psdm;1;nr
ppfdm;1;nr
allleeee;1;nr
simon;1;nr
désignation;1;nom
évocateur;1;adj
lutry;1;nr
unicité;1;nom
shifting;1;nr
pvv;1;nr
fvd;1;nr
d66;1;nr
detriment;1;nr
nsc;1;nr
electoral;1;nr
vvd;1;nr
hollandais;1;nom
néerlandais;1;adj
funèbre;1;adj
publireportage;1;nom
eveline;1;nr
croc;1;nom
administrativement;1;adv
jump;1;nr
scare;1;nom
superbement;1;adv
décrypter;1;ver
reco;1;nr
calendrier;1;nom
fascination;1;nom
encapturent;1;nr
picture;1;nr
worths;1;nr
thousand;1;nr
poème;1;nom
waouuu;1;nr
perrine;1;nr
zéroooooooo;1;nr
remi;1;nr
guinness;1;nr
6a;1;nr
4m;1;nr
claret;1;nr
ennouient;1;nr
ennouies;1;nr
parallaxe;1;nom
orders;1;nr
bf6;1;nr
blaguer;1;ver
org;1;nr
lap;1;nom
archiver;1;ver
telethon;1;nr
pleithore;1;nr
délogeant;1;nr
collectent;1;nr
bichon;1;nom
inlassablement;1;adv
haretz;1;nr
defc;1;nr
pricing;1;nr
cépages;1;nr
ronfler;1;ver
encaver;1;ver
goinfrer;1;ver
51ème;1;nr
sant;1;nr
franchiser;1;ver
hyothétique;1;nr
différement;1;nr
ducouo;1;nr
15e;1;nr
129a;1;nr
tradiire;1;nr
teube;1;nr
bouffée;1;nom
concordance;1;nom
trust;1;nom
incitatives;1;nr
investiraient;1;nr
class;1;adj
inherited;1;nr
wast;1;nr
générationelle;1;nr
gensnse;1;nr
tinquietes;1;nr
vénézuéla;1;nr
contributive;1;nr
holding;1;nom
medef;1;nr
cmchangerai;1;nr
utopiste;1;nom
evann_bu;1;nr
climatiseur;1;nom
délavé;1;adj
negawatt;1;nr
priorisé;1;nr
renouvelabilité;1;nr
intrants;1;nr
latent;1;adj
bâcher;1;ver
échoues;1;nr
eduque;1;nr
étalonner;1;ver
brevète;1;nr
skatepark;1;nr
progressifs;1;nr
militez;1;nr
concrétiser;1;ver
plue;1;adv
envieux;1;adj
pacha;1;nom
sierra;1;nom
leone;1;nr
55mios;1;nr
5mios;1;nr
exonération;1;nom
expatrient;1;nr
réfléction;1;nr
paquebot;1;nom
journalier;1;adj
sinapses;1;nr
ch1ens;1;nr
g4rde;1;nr
extremats;1;nr
saint_esprit;1;nom
herite;1;nr
kof;1;nr
entrepreneuriat;1;nr
immérité;1;adj
dûment;1;adv
exagérément;1;adv
schwytz;1;nr
um;1;nr
server;1;nr
repetitas;1;nr
réinjectés;1;nr
fluvial;1;adj
solvay;1;nr
donalds;1;nr
agroalimentaire;1;nom
perderas;1;nr
bilanz;1;nr
gourer;1;ver
420milliards;1;nr
400milliards;1;nr
campeur;1;nom
voilure;1;nom
malotru;1;nom
prevoit;1;nr
scenarios;1;nr
prelevés;1;nr
genie;1;nr
49millions;1;nr
déport;1;nom
songeront;1;nr
amander;1;nr
aguerri;1;adj
inconscience;1;nom
aaaaahhh;1;nr
aventurer;1;ver
cervinia;1;nr
100kmh;1;nr
essuis;1;nr
snow;1;nr
poudreux;1;adj
emji_casque_militaire;1;nom
snowboard;1;nr
gopro;1;nr
franglais;1;nom
quesque;1;nr
beschrelle;1;nr
siri;1;nr
orh;1;nr
myself;1;nr
neny;1;nr
destitution;1;nom
nenylinn;1;nr
uelles;1;nr
residence;1;nr
altesse;1;nom
tabloïd;1;nom
tabloids;1;nr
pound;1;nom
battement;1;nom
isn;1;nr
orangé;1;adj
pedocriminelle;1;nr
prèmices;1;nr
transposer;1;ver
dissuasion;1;nom
expensive;1;nr
bouillant;1;adj
denis;1;nr
m51;1;nr
yn;1;nr
télétravaillant;1;nr
igloo;1;nom
choukke;1;nr
mathys;1;nr
fourré;1;ver
bouillotte;1;nom
clime;1;nr
jacket;1;nom
jaquette;1;nom
mainsplainng;1;nr
deconstruire;1;nr
fenêtee;1;nr
cocxoner;1;nr
dereglement;1;nr
climatisé;1;adj
m0rt;1;nr
pourave;1;nr
convalescent;1;adj
privilegiés;1;nr
consumériste;1;adj
woaooo;1;nr
tapisserie;1;nom
baldaquin;1;nom
coauteur;1;nom
menvu;1;nr
préconiser;1;ver
réfrigérateur;1;nom
pellet;1;nr
solidairement;1;adv
pellets;1;nr
ausssi;1;nr
dxa;1;nr
clim;1;nr
resiste;1;nr
thermostat;1;nom
mouahhavt;1;nr
bilgate;1;nr
cloisonner;1;ver
clochardisation;1;nom
reliables;1;nr
ombrer;1;ver
prck;1;nr
mi_chemin;1;nom
atterrissage;1;nom
frankfurt;1;nr
zhr;1;nr
nonnnnn;1;nr
flixbus;1;nr
rechange;1;nom
geneva;1;nr
airbus;1;nom
a220;1;nr
rijeka;1;nr
centristes;1;nr
geert;1;nr
anarchee;1;nr
naples;1;nr
piketty;1;nr
burkina;1;nr
faso;1;nr
emji_drapeau_burkina_faso;1;nom
traoré;1;nr
d3;1;nr
umposables;1;nr
novlangue;1;nr
faknews;1;nr
illiquides;1;nr
mistral;1;nom
engeance;1;nom
amonceler;1;ver
redistribuaient;1;nr
crds;1;nr
ir;1;nr
buggé;1;nr
wangen;1;nr
astier;1;nr
filmographie;1;nom
aitieu;1;nr
djase;1;nr
saud;1;nr
christina;1;nr
jacques;1;nom
herbert;1;nr
schott;1;nr
saoude;1;nr
suluhu;1;nr
maasaïs;1;nr
booker;1;nr
possédant;1;nom
emji_index_pointant_vers_le_haut_peau_moyennement_claire;1;nom
peutêtre;1;nr
oficiele;1;nr
supèrieure;1;nr
brillament;1;nr
bécases;1;nr
faisan;1;nom
voirs;1;nr
promeneur;1;nom
couver;1;ver
uicn;1;nr
quai9;1;nr
100m;1;nr
deni;1;nr
chassable;1;nr
das;1;nr
bild;1;nr
degueuler;1;nr
aorès;1;nr
ragoût;1;nom
volatile;1;nom
buffle;1;nom
hupé;1;nr
nicheuses;1;nr
biotopes;1;nr
onuser_utilisateurice;1;nr
dp;1;nr
non_respect;1;nom
convalescence;1;nom
pronte;1;nr
cervical;1;adj
animation;1;nom
emji_ville;1;nom
sarine;1;nr
30kmh;1;nr
avevues;1;nr
urbaniste;1;adj
olten;1;nr
enchanté;1;adj
ric;1;nr
accoster;1;ver
dynamisme;1;nom
périphérie;1;nom
sceau;1;nom
friboug;1;nr
calamiteux;1;adj
inexcusable;1;adj
krispydonuts;1;nr
kfc;1;nr
eats;1;nr
puriste;1;nom
jack;1;nom
momoa;1;nr
siouplaît;1;nr
familleuser_utilisateurice;1;nr
gratiner;1;ver
mmmmm;1;nr
blet;1;adj
bette;1;nom
apostasie;1;nom
juwlani;1;nr
junte;1;nom
musilman;1;nr
incendiaire;1;nom
réflaichire;1;nr
stiglitz;1;nr
victimisant;1;nr
superposé;1;adj
indiscutablement;1;adv
athérosclérose;1;nr
tuck;1;nr
après_de;1;nr
locomotion;1;nom
maitrisables;1;nr
éphémère;1;adj
motorisation;1;nom
cigare;1;nom
confinements;1;nr
respirable;1;adj
accoutumer;1;ver
adduction;1;nom
pulmonaire;1;adj
pestiféré;1;nom
cloîtrer;1;ver
fumeront;1;nr
emji_homme_qui_s_incline_peau_claire;1;nom
himalaya;1;nom
déchèterie;1;nr
sí;1;nr
demolition;1;nr
vaec;1;nr
has;1;nr
terraces;1;nr
inquietez;1;nr
emji_cigarette;1;nom
calèche;1;nom
60s;1;nr
allérgique;1;nr
ehhh;1;nr
brumisateur;1;nom
sasses;1;nr
empester;1;ver
déguster;1;ver
crevette;1;nom
troop;1;nr
banir;1;nr
caférefléchir;1;nr
mirko;1;nr
attroupement;1;nom
sédunois;1;nr
continuous;1;nr
sécurisation;1;nom
notif;1;nr
obligeance;1;nom
apaisement;1;nom
navet;1;nom
crites;1;nr
àuser_utilisateurice;1;nr
suggere;1;nr
madenliliiu;1;nr
spameuse;1;nr
genos;1;nr
representant;1;nr
noj;1;nr
fifre;1;nom
morsure;1;nom
à_l_envie;1;nr
surrement;1;nr
inopportun;1;adj
improductif;1;adj
etdand;1;nr
mosab;1;nr
à_votre_encontre;1;adv
t3rrosime;1;nr
pives;1;nr
playbacks;1;nr
godwin;1;nr
macdonald;1;nr
lesbsprays;1;nr
eleducation;1;nr
frimas;1;nom
militiez;1;nr
necessite;1;nr
authorise;1;nr
b0rrdel;1;nr
mouliner;1;ver
chenil;1;nom
noté;1;adj
panetier;1;nom
grandiloquent;1;adj
ultérieurement;1;adv
outrecuidance;1;nom
écueil;1;nom
vé;1;nr
acerbe;1;adj
nonserafe;1;nr
michant;1;nr
poulicier;1;nr
palestimachins;1;nr
pokemon;1;nr
frerisme;1;nr
10s;1;nr
ouakbar;1;nr
prévale;1;nr
gerable;1;nr
100e;1;nr
isse;1;nr
pureté;1;nom
endoctrines;1;nr
ressaisir;1;ver
dequoi;1;nr
cactus;1;nom
emji_cactus;1;nom
fac;1;nom
lard;1;nom
renontrera;1;nr
pernicieux;1;adj
mateo;1;nr
êtiez;1;nr
diversion;1;nom
militera;1;nr
mare;1;nom
io;1;nr
endoctrinent;1;nr
palestimachin;1;nr
rattrapage;1;nom
réprimandables;1;nr
toussaint;1;nom
bereal;1;nr
voux;1;nr
génuser_utilisateurice;1;nr
desinvestissant;1;nr
positionnant;1;nr
breeeeeef;1;nr
fachelarda;1;nr
déglinguer;1;ver
arribé;1;nr
dangerosité;1;nom
éronné;1;nr
trool;1;nr
merch;1;nr
noc;1;nr
deploie;1;nr
écervelé;1;adj
moeux;1;nr
cato;1;nom
viel;1;nr
partenariats;1;nr
réprimeront;1;nr
manifesterons;1;nr
défouleront;1;nr
sprayé;1;nr
allezzzz;1;nr
edgy;1;nr
oulà;1;nr
casseureusex;1;nr
ccp;1;nr
acheteriez;1;nr
bhv;1;nr
lafayette;1;nr
chque;1;nr
substitut;1;nom
inférez;1;nr
boycotterez;1;nr
interdirez;1;nr
ozone;1;nom
suffoquer;1;ver
yaurait;1;nr
negatives;1;nr
suborbital;1;nr
spatial;1;adj
emji_drapeau_inde;1;nom
désintégration;1;nom
expérimental;1;adj
checkers;1;nr
some;1;nr
quality;1;nr
bait;1;nr
décomplexé;1;nr
or1gine;1;nr
assaillant;1;nom
mamadou;1;nr
biensûr;1;nr
qua;1;nr
congoïdes;1;nr
caribéen;1;adj
sourcer;1;nr
daesch;1;nr
manuscrit;1;nom
finissantvoa;1;nr
mauerice;1;nr
insects;1;nr
savamment;1;adv
sourdine;1;nom
tcheuuuu;1;nr
contractuel;1;nom
gérances;1;nr
litige;1;nom
électroménagers;1;nr
galland;1;nr
bailleur;1;nom
gérance;1;nom
entub;1;nr
vimova;1;nr
anciennement;1;adv
domicim;1;nr
regie;1;nr
pilet;1;nr
renaud;1;nom
escroquions;1;nr
crot;1;nr
175chf;1;nr
25chf;1;nr
comptoire;1;nr
exceptionnellenement;1;nr
contestable;1;adj
solvable;1;adj
mans;1;nr
recouvrement;1;nom
postomats;1;nr
électroniquement;1;adv
lummp;1;nr
ohoho;1;nr
m1;1;nr
avènement;1;nom
benefique;1;nr
nocash;1;nr
mjf;1;nr
majoration;1;nom
acepter;1;nr
prestataire;1;nom
serviteur;1;nom
maillon;1;nom
iso20022;1;nr
reset;1;nom
cbdc;1;nr
helvetica;1;nr
helvetic;1;nr
lumpp;1;nr
selfscanning;1;nr
beug;1;nr
péremption;1;nr
constituion;1;nr
jessicash;1;nr
tourniquet;1;nom
qar;1;nr
propaganda;1;nr
préhistoire;1;nom
sécurisant;1;adj
commeces;1;nr
conclave;1;nom
testament;1;nom
plagia;1;nr
explicable;1;adj
appellle;1;nr
tal;1;nr
gruyères;1;nr
nomenclature;1;nom
malfaçon;1;nom
petillant;1;nr
bordeaux;1;adj
homonyme;1;nom
cp12;1;nr
roquefort;1;nom
rejouer;1;ver
waterpolo;1;nr
splitch;1;nr
splatch;1;nr
requalifier;1;ver
gazon;1;nom
fsr;1;nr
insurrection;1;nom
fano;1;nr
regulieres;1;nr
lachera;1;nr
halluciné;1;adj
relativisée;1;nr
interner;1;ver
médiatiquement;1;nr
observable;1;adj
humanisation;1;nom
vivace;1;adj
tarauder;1;ver
foutai;1;nr
rohingas;1;nr
omfg;1;nr
aujd;1;nr
saf;1;nr
abdel;1;nr
fattah;1;nr
burhan;1;nr
hamdan;1;nr
dagalo;1;nr
hemetti;1;nr
khartoum;1;nr
djadisme;1;nr
asssez;1;nr
commandement;1;nom
emirates;1;nr
decrivez;1;nr
presto;1;adv
timidement;1;adv
hams;1;nr
5f;1;nr
18f;1;nr
piston;1;nom
etudiants;1;nr
baremt;1;nr
horror;1;nr
batte;1;nom
pffffr;1;nr
précarise;1;nr
vazy;1;nr
robotique;1;nom
précommandé;1;nr
frousse;1;nom
synchroniser;1;ver
spyware;1;nr
inefficient;1;nr
robo;1;nr
humanoid;1;nr
aroser;1;nr
costumeeeee;1;nr
hahahahahahaahahahah;1;nr
soutirer;1;ver
cornélia;1;nr
360fr;1;nr
donez;1;nr
beta;1;nr
datasets;1;nr
texture;1;nom
beauf;1;nom
sara;1;nom
razón;1;nr
futuriste;1;adj
byn;1;nr
clanker;1;nr
m3gan;1;nr
verbalement;1;adv
lrangs;1;nr
peuplade;1;nom
décomplexés;1;nr
tolerée;1;nr
ett;1;nr
olympe;1;nom
cdf;1;nr
500f;1;nr
16f;1;nr
400f;1;nr
200f;1;nr
lycée;1;nom
modulable;1;adj
accessibilité;1;nom
coercition;1;nom
inquietement;1;nr
transn;1;nr
impasse;1;nom
laisés;1;nr
promouvois;1;nr
au_dessous;1;adv
parce_queon;1;nr
cormondreche;1;nr
echallens;1;nr
crêches;1;nr
réduiras;1;nr
considerable;1;nr
polue;1;nr
altermondialistes;1;nr
édutie;1;nr
ptdrr;1;nr
ohhooh;1;nr
stras;1;nr
repende;1;nr
insufle;1;nr
emji_bus_de_face;1;nom
2fr;1;nr
pervenche;1;adj
tondu;1;adj
50h;1;nr
contre_attaque;1;nom
exploiteur;1;nom
disanr;1;nr
domestiquer;1;ver
grevistes;1;nr
doléance;1;nom
syndicalise;1;nr
capricieux;1;adj
mathias;1;nr
per;1;nr
cuse;1;nr
antenne;1;nom
sémitisme;1;nr
stigmatisez;1;nr
journalistiquement;1;nr
discrimine;1;nr
carcéral;1;adj
pirre;1;nr
commaintare;1;nr
serbo;1;nr
sllave;1;nr
cetnik;1;nr
ooooh;1;nr
nigérienne;1;nr
blanchisserie;1;nom
mosqués;1;nr
kosova;1;nr
organization;1;nr
hahahahahahah;1;nr
courser;1;ver
asala;1;nr
licorne;1;nom
emji_licorne;1;nom
cotis;1;nr
1an;1;nr
réaugmenter;1;nr
defiscalise;1;nr
innovantes;1;nr
ruicellement;1;nr
peit;1;nr
réglementaire;1;adj
lichtenstein;1;nr
surpuissant;1;adj
eide;1;nr
onsansable;1;nr
viean;1;nr
desvier;1;nr
interprise;1;nr
faillipte;1;nr
boycottage;1;nr
eter;1;nr
inicier;1;nr
policie;1;nr
arcade;1;nom
emji_cercle_rouge;1;nom
separer;1;nr
resultats;1;nr
boost;1;nr
feminin;1;nr
fair_play;1;nom
fanfaronnade;1;nom
incompetents;1;nr
zunhage;1;nr
92e;1;nr
marisa;1;nr
wunderlin;1;nr
sommité;1;nom
nouvellle;1;nr
mesquinerie;1;nom
salarier;1;ver
köbi;1;nr
kuhn;1;nr
fares;1;nr
prennais;1;nr
lapp;1;nr
deouis;1;nr
abait;1;nr
apparassait;1;nr
bugué;1;nr
controlleuse;1;nr
comfirmé;1;nr
oft;1;nr
1min;1;nr
3min;1;nr
facturation;1;nom
datas;1;nr
tracker;1;nr
3fr;1;nr
achetes;1;nr
coppet;1;nr
swisspass;1;nr
t601;1;nr
décorrélée;1;nr
ouuuu;1;nr
parce_queand;1;nr
raël;1;nr
soupirer;1;ver
ungfell;1;nr
folklore;1;nom
kucholl;1;nr
sonalp;1;nr
fadeur;1;nom
rondo;1;nom
veneziano;1;nr
yodelton;1;nr
cam;1;nr
sentire;1;nr
batman;1;nr
polfer;1;nr
adoooooooore;1;nr
douchette;1;nr
anus;1;nom
feminité;1;nr
croquant;1;adj
adaptabilité;1;nom
galèrer;1;nr
familier;1;adj
ergonomique;1;adj
bépo;1;nr
rectangle;1;nom
réintroduisez;1;nr
deporté;1;nr
bruh;1;nr
ergonomie;1;nom
inclusivite;1;nr
jà;1;adv
machouille;1;nr
atrophier;1;ver
2xca;1;nr
interieur;1;nr
competition;1;nr
asssument;1;nr
éffeminé;1;nr
petard;1;nr
logitec;1;nr
surélever;1;ver
handicapant;1;adj
pointu;1;adj
narcissisme;1;nom
pin_s;1;nom
devair;1;nr
besuchen;1;nr
bénéficieraient;1;nr
blocher;1;nr
weltwoche;1;nr
marvin;1;nr
déchiré;1;adj
blessant;1;adj
demago;1;nr
en0;1;nr
pourbdénoncer;1;nr
didonc;1;nr
arriéré;1;nom
gammees;1;nr
violement;1;nr
decomplexer;1;nr
fenetre;1;nr
arriere;1;nr
repeter;1;nr
materiel;1;nr
paine;1;nr
chretien;1;nr
clementine;1;nr
coopérations;1;nr
interconnecter;1;ver
concerve;1;nr
amalgament;1;nr
confondant;1;adj
céderions;1;nr
erasmus;1;nr
brüssels;1;nr
xenophobes;1;nr
rouvrir;1;ver
feliciter;1;nr
frolant;1;nr
immigeation;1;nr
illisiunistes;1;nr
reprochement;1;nr
dilapident;1;nr
de3;1;nr
anti_gauche;1;nr
delapide;1;nr
dédoine;1;nr
lartisans;1;nr
négationnisme;1;nom
contrairemrnt;1;nr
zedong;1;nr
goodies;1;nr
promouviez;1;nr
emji_index_pointant_vers_l_utilisateur_peau_claire;1;nom
conpains;1;nr
protegons;1;nr
extrèmes;1;nr
bile;1;nom
insu;1;nom
teeellement;1;nr
humoristique;1;adj
groupement;1;nom
guggenmusik;1;nr
courtiser;1;ver
ciolente;1;nr
ciblant;1;nr
randon;1;nr
leche;1;nr
incruster;1;ver
ddedans;1;nr
équale;1;nr
akso;1;nr
suivres;1;nr
vil;1;adj
masterants;1;nr
isant;1;nr
protestée;1;nr
pettifor;1;nr
abstraire;1;ver
isolationniste;1;adj
graisser;1;ver
papatte;1;nr
vociférer;1;ver
continuel;1;adj
libéralisé;1;nr
neuilles;1;nr
aplomb;1;nom
testostéroné;1;nr
bandoulière;1;nom
entierrement;1;nr
r4cistes;1;nr
extra_terrestre;1;nom
1res;1;nr
numerologie;1;nr
superstition;1;nom
numérologie;1;nom
customiser;1;nr
modernisme;1;nom
assouplissement;1;nom
notrr;1;nr
systrme;1;nr
existe6;1;nr
fairr;1;nr
beauuu;1;nr
contrefaire;1;ver
infra;1;adv
falais;1;nr
enculerie;1;nom
fraudent;1;nr
echecs;1;nr
esthetique;1;nr
vehicule;1;nr
armoirie;1;nom
constructeur;1;nom
mecaniquement;1;nr
rhoooo;1;nr
fonctionnalité;1;nom
lisibilité;1;nom
yest;1;nr
pressentiment;1;nom
ou5elles;1;nr
irakiennes;1;nr
mddrrrrrrrrrrrrr;1;nr
rolalala;1;nr
ignare;1;adj
colombe;1;nom
halliburton;1;nr
hillary;1;nr
sino;1;adv
visualiser;1;ver
jamaiis;1;nr
suivient;1;nr
renfermé;1;adj
année_lumière;1;nom
rigoriste;1;adj
délabrer;1;ver
juridiction;1;nom
rigorisme;1;nom
governance;1;nr
marwan;1;nr
perpétres;1;nr
lapideraient;1;nr
nivau;1;nr
msuvaise;1;nr
redorent;1;nr
blason;1;nom
politik;1;nr
kurdistan;1;nr
primauté;1;nom
rafel;1;nr
échéance;1;nom
poireauter;1;ver
artur;1;nr
tic_tac;1;nom
adjoint;1;nom
ch_worldnew;1;nr
ayants;1;nr
prérogative;1;nom
tenture;1;nom
jigés;1;nr
1sra3l;1;nr
mindset;1;nr
procureure;1;nr
fixed;1;nr
eternelles;1;nr
jole;1;nr
abu5eurs;1;nr
rectum;1;nom
perforation;1;nom
sclérosées;1;nr
démoncratie;1;nr
lançage;1;nr
iq;1;nr
decapitaté;1;nr
m0rts;1;nr
m0nstrueux;1;nr
infligees;1;nr
natanyahu;1;nr
musulma;1;nr
fare;1;nom
évangeliser;1;nr
philie;1;nr
haissent;1;nr
mdrrrrrrrrrr;1;nr
dénombrer;1;ver
délégitimiser;1;nr
delegitimisee;1;nr
evemement;1;nr
ex_procureure;1;nr
sevices;1;nr
precisé;1;nr
vaillant;1;adj
vídeo;1;nr
emji_lune_et_étoile;1;nom
brainwashing;1;nr
tero;1;nr
finistère;1;nr
emji_croissant_de_lune;1;nom
emji_pleine_lune;1;nom
éblouir;1;ver
nannnn;1;nr
dros;1;nr
saiyan;1;nr
constellation;1;nom
loutre;1;nom
albinos;1;adj
amerindiens;1;nr
seiller;1;nr
geré;1;nr
eleve;1;nr
jusifié;1;nr
structutel;1;nr
mouin;1;nr
600k;1;nr
harmonisation;1;nom
simplification;1;nom
spitex;1;nr
bénefice;1;nr
depends;1;nr
buveur;1;nom
tarifaire;1;nr
ofas;1;nr
urbi_et_orbi;1;adv
assesseur;1;nom
negotiations;1;nr
différentiel;1;nom
750chf;1;nr
dédain;1;nom
x13;1;nr
plafonnez;1;nr
pauser;1;ver
plafonnement;1;nom
sainement;1;adv
complémentarité;1;nom
500kchf;1;nr
25k;1;nr
aps;1;nr
dirigants;1;nr
gere;1;nr
elevé;1;nr
sanitas;1;nr
nationalises;1;nr
phd;1;nr
extravagance;1;nom
plafonnier;1;nom
inc9mpetant;1;nr
déraisonnable;1;adj
courtier;1;nom
dirrigeants;1;nr
parade;1;nom
opaque;1;adj
qqu;1;nr
sajaire;1;nr
unr;1;nr
rakett;1;nr
lapinous;1;nr
granulé;1;nom
friandise;1;nom
castrer;1;ver
peluchons;1;nr
affectueux;1;adj
stérilisé;1;adj
stérilisation;1;nom
bipède;1;nom
emji_tête_de_lapin;1;nom
marteriaux;1;nr
souffleuses;1;nr
pérenne;1;adj
outillage;1;nom
bitume;1;nom
feuillu;1;adj
cimentieres;1;nr
présage;1;nom
séquence;1;nom
nypd;1;nr
owned;1;nr
time;1;nr
richer;1;nr
whiter;1;nr
neighborhoods;1;nr
curseur;1;nom
bernie;1;nr
sanders;1;nr
trainé;1;nr
adouber;1;ver
obscurité;1;nom
entour;1;nom
fatuité;1;nom
multiculturelles;1;nr
oligarques;1;nr
trumpisme;1;nr
mongolie;1;nom
guinée;1;nom
bissau;1;nr
érythrée;1;nr
purge;1;nom
concrétisation;1;nom
revolution;1;nr
décréter;1;ver
méthamphétamine;1;nr
opioïdes;1;nr
pills;1;nr
malchance;1;nom
medocs;1;nr
opoïd;1;nr
maintstream;1;nr
android;1;nr
distordre;1;ver
jake;1;nr
sltp;1;nr
badent;1;nr
enviable;1;adj
capitalism;1;nr
about;1;nom
frisk;1;nr
assoifés;1;nr
aprend;1;nr
cair;1;nr
etatsunienne;1;nr
charly;1;nr
melanger;1;nr
felicitation;1;nr
bravoooooooo;1;nr
america;1;nr
controlés;1;nr
carole;1;nom
uganda;1;nr
londre;1;nr
envhaie;1;nr
elu;1;nr
receveur;1;nom
may;1;nr
airbag;1;nom
habitacle;1;nom
10cm;1;nr
haaan;1;nr
han;1;adj
frontaliais;1;nr
xenophobisme;1;nr
acceleration;1;nr
fanchos;1;nr
piler;1;ver
matrice;1;nom
permettraitnde;1;nr
positionnés;1;nr
mézières;1;nr
dixième;1;adj
emji_personne_qui_hausse_les_épaules_peau_moyennement_claire;1;nom
100frs;1;nr
emji_combiné_téléphonique;1;nom
audi;1;nr
prototype;1;nom
questi;1;nr
45kmh;1;nr
pianotent;1;nr
coo;1;nr
voiturage;1;nr
invicibles;1;nr
fleau;1;nr
122km;1;nr
5min;1;nr
conpteur;1;nr
topinet;1;nr
porche;1;nom
25h;1;nr
put1;1;nr
tableur;1;nom
répertorier;1;ver
vaaaaa;1;nr
msie;1;nr
realisme;1;nr
excrément;1;nom
pqrle;1;nr
accodentés;1;nr
dimensionnée;1;nr
permi;1;nr
irréfutable;1;adj
sicura;1;nr
verdâtre;1;adj
escargot;1;nom
emji_escargot;1;nom
repressive;1;nr
cuisant;1;adj
ecylistes;1;nr
vistesses;1;nr
metres;1;nr
quelquun;1;nr
motonormativité;1;nr
scrollent;1;nr
3voie;1;nr
150km;1;nr
pietons;1;nr
egard;1;nr
crouse;1;nr
psr;1;nr
bpa;1;nr
emji_drapeau_allemagne;1;nom
scuse;1;nr
observatoire;1;nom
affût;1;nom
zigzag;1;nom
trotnettes;1;nr
road;1;nr
demandend;1;nr
denonce;1;nr
mc;1;nr
donnell;1;nr
douglas;1;nom
md;1;nr
airways;1;nr
immatriculé;1;adj
tme;1;nr
pathumwan;1;nr
md11;1;nr
ampathique;1;nr
perforer;1;ver
contextualisant;1;nr
addictes;1;nr
nterdire;1;nr
transgression;1;nom
mettrent;1;nr
constaterons;1;nr
wouaouw;1;nr
vernir;1;ver
fissa;1;adv
tpo;1;nr
flacon;1;nom
18e;1;nr
acool;1;nr
pork;1;nr
nou;1;nr
trk;1;nr
caver;1;ver
depart;1;nr
vozlait;1;nr
confidentiel;1;adj
bobard;1;nom
caqueuse;1;nr
dep;1;nr
malmõ;1;nr
letsgooo;1;nr
budspest;1;nr
copenhagen;1;nr
interrail;1;nr
dior;1;nr
1000fr;1;nr
evtl;1;nr
économe;1;nom
cequi;1;nr
índice;1;nr
studies;1;nr
enthousiaste;1;adj
yorkaise;1;nr
misse;1;nr
newyork;1;nr
imam;1;nom
siraj;1;nr
wahhaj;1;nr
coconspirateur;1;nr
unitaire;1;adj
mathieu;1;nr
fidel;1;nr
mollo;1;adv
régularisation;1;nom
branch;1;nr
pelosi;1;nr
liberaux;1;nr
republicains;1;nr
bullshits;1;nr
adverbe;1;nom
economiques;1;nr
fondees;1;nr
echanges;1;nr
coincide;1;nr
cnrtl;1;nr
non_intervention;1;nom
fraser;1;ver
institute;1;nr
respectivement;1;adv
5e;1;nr
election;1;nr
presenté;1;nr
republicain;1;nr
detachement;1;nr
couteuses;1;nr
endettement;1;nom
termistes;1;nr
republican;1;nr
mandani;1;nr
sadiq;1;nr
solidariste;1;nr
socialists;1;nr
mondialisée;1;nr
gouverneure;1;nr
kathy;1;nr
hochul;1;nr
centriste;1;adj
arithmétique;1;nom
khomeini;1;nr
édifice;1;nom
woaw;1;nr
stay;1;nr
focused;1;nr
cubain;1;adj
rationner;1;ver
européene;1;nr
boomeuse;1;nr
bla_bla_bla_bla_bla_bla_bla_bla_bla_bla;1;nr
récréation;1;nom
muezzin;1;nom
sunnite;1;nr
apprecié;1;nr
intrigue;1;nom
autrice;1;nr
surcoté;1;nr
emji_livre_ouvert;1;nom
captivant;1;adj
emji_fée;1;nom
inútil;1;nr
avión;1;nr
jamal;1;nr
b_lema8;1;nr
contrefichent;1;nr
exoplanete;1;nr
gj;1;nr
acidifient;1;nr
héroïque;1;adj
méthodologies;1;nr
surexploitation;1;nr
déplétion;1;nr
brêler;1;ver
saupoudrer;1;ver
meteosuisse;1;nr
200ans;1;nr
folw;1;nr
irresponsabilité;1;nom
prédites;1;nr
manivelle;1;nom
gates;1;nr
emboîter;1;ver
absorption;1;nom
homogénéise;1;nr
oscillant;1;adj
amplification;1;nom
aride;1;adj
mayotte;1;nr
amplificateur;1;nom
météosuisse;1;nr
institut;1;nom
climatologiques;1;nr
structurellement;1;adv
réalisable;1;adj
argumentée;1;nr
isolément;1;adv
radieux;1;adj
engloutir;1;ver
satellitaires;1;nr
accélération;1;nom
côtier;1;adj
trompette;1;nom
fondes;1;nr
trouille;1;nom
sahara;1;nr
oué;1;nr
chantrails;1;nr
aldebert;1;nr
hells;1;nr
wacken;1;nr
hellfest;1;nr
inaudible;1;adj
touz;1;nr
autotune;1;nr
juls;1;nr
differencies;1;nr
mélodie;1;nom
maquette;1;nom
helldebert;1;nr
enfantillage;1;nom
fb;1;nr
quiesse;1;nr
denver;1;nr
li;1;nom
outlet;1;nr
slides;1;nr
luthiers;1;nr
couteliers;1;nr
maroquinier;1;nom
léonard;1;adj
vinci;1;nr
mécène;1;nom
pervertire;1;nr
gintellectual;1;nr
misomuse;1;nr
quidam;1;nom
irlandais;1;adj
miisn;1;nr
notch;1;nr
mcmillen;1;nr
pirations;1;nr
taylor;1;nr
swift;1;nr
ensuivre;1;ver
energumenes;1;nr
targuer;1;ver
considerer;1;nr
systematiquement;1;nr
demuni;1;nr
legitime;1;nr
manifaestant;1;nr
debarque;1;nr
amphi;1;nom
sencé;1;nr
hmmmmm;1;nr
ayayaye;1;nr
nah;1;nr
avocado;1;nr
toast;1;nom
souleve;1;nr
denonçaient;1;nr
intifadas;1;nr
terrorism;1;nr
ecoutés;1;nr
eduqués;1;nr
pénalité;1;nom
entreprenauriat;1;nr
apparat;1;nom
instrumentalise;1;nr
analogue;1;adj
decrédibiliser;1;nr
brouette;1;nom
drôme;1;nr
pourparlers;1;nom
esplanade;1;nom
yossi;1;nr
beilin;1;nr
abd;1;nr
rabbo;1;nr
mahmoud;1;nr
abbas;1;nr
conformément;1;adv
désengagement;1;nom
observateur;1;nom
scandal;1;nr
qg;1;nr
traitrise;1;nr
enrayer;1;ver
abraham;1;nr
bahreïn;1;nr
yom_kippour;1;nom
kippour;1;nr
jordano;1;nr
scellé;1;nom
guerre5;1;nr
israélo_arabe;1;adj
sdn;1;nr
administrer;1;ver
alya;1;nr
surgir;1;ver
lord;1;nom
lionel;1;nr
walter;1;nom
rothschild;1;nr
jaafarmomo;1;nr
synergogolie;1;nr
bahahaha;1;nr
vichy;1;nom
lisser;1;ver
rep;1;nom
péd0crimiuser_utilisateurice;1;nr
redneck;1;nr
prodigue;1;adj
rebuter;1;ver
20minutes;1;nr
meuu;1;nr
ultranationalisme;1;nr
benito;1;nr
hit;1;nom
ahnenerbe;1;nr
prevenue;1;nr
stupidement;1;adv
national_socialisme;1;nom
substantif;1;nom
confus;1;adj
shrek;1;nr
moustache;1;nom
marais;1;nom
crapaud;1;nom
recoudre;1;ver
incarceré;1;nr
babarique;1;nr
frolle;1;nr
3ième;1;nr
lukas;1;nr
patageraient;1;nr
ancetre;1;nr
survecu;1;nr
inqueter;1;nr
depasser;1;nr
technolgiquement;1;nr
gugus;1;nr
émousser;1;ver
urger;1;ver
ahahahhaa;1;nr
timbrer;1;ver
dessemparé;1;nr
3km;1;nr
boudin;1;nom
pâtisser;1;ver
wick;1;nr
shores;1;nr
haahahaha;1;nr
numerique;1;nr
réfléchiser;1;nr
ataques;1;nr
improbabilité;1;nom
furtif;1;adj
maneuvrer;1;nr
empiéter;1;ver
oufff;1;nr
mariah;1;nr
carey;1;nr
emji_élan;1;nom
multicouche;1;adj
flanc;1;nom
skyranger;1;nr
iv;1;nr
lindor;1;nom
pistache;1;nom
balèze;1;adj
alleeez;1;nr
tropisme;1;nom
guelle;1;nr
bloodhound;1;nr
rapier;1;nr
quin;1;nr
pinard;1;nom
polichinelle;1;nom
emji_loupe_orientée_à_droite;1;nom
3kmhtag_3;1;nr
coutez;1;nr
easteregg;1;nr
emji_employé_de_bureau;1;nom
10secondes;1;nr
correspondant;1;nom
tablez;1;nr
tiquer;1;ver
38h;1;nr
inespéré;1;adj
xtoys;1;nr
produir;1;nr
emji_baguette_magique;1;nom
interressés;1;nr
toxic;1;nr
skeleton;1;nr
coast;1;nr
emji_tête_de_lion;1;nom
emji_phoque;1;nom
nageur;1;nom
clôture;1;nom
surtour;1;nr
insider;1;nr
cali;1;nr
aoc;1;nr
schumer;1;nr
cdiscount;1;nr
écoeurant;1;adj
confectionnent;1;nr
environmental;1;nr
decathlon;1;nr
décathlon;1;nom
minnnnnnce;1;nr
comunicação;1;nr
luriviere;1;nr
rectif;1;nr
europeeennes;1;nr
dolls;1;nr
auss;1;nr
mastodonte;1;nom
switzerland;1;nr
tortu;1;adj
dophil;1;nr
rdel;1;nr
escl;1;nr
pedoporno;1;nr
guards;1;nr
mexico;1;adv
narcoterroriste;1;nr
uruapan;1;nr
michoacán;1;nr
anecdote;1;nom
calderón;1;nr
genaro;1;nr
garcía;1;nr
luna;1;nr
incontrôlable;1;adj
saludos;1;nr
cordial;1;nom
andres;1;nr
claudia;1;nr
décénies;1;nr
zzzzzz;1;nr
éjaculatinet;1;nr
demontre;1;nr
dominance;1;nom
obstruer;1;ver
invective;1;nom
acceuille;1;nr
incivilité;1;nr
bachelier;1;nom
doctorat;1;nom
repérage;1;nom
maps;1;nr
discothèque;1;nom
jacking;1;nr
coffre_fort;1;nom
exhibants;1;nr
gauchétise;1;nr
hémiplégique;1;adj
gazent;1;nr
garde_frontières;1;nom
teaser;1;nom
297mia;1;nr
autodigérer;1;nr
esthétisme;1;nom
mediamaticien;1;nr
buzzzz;1;nr
métiérs;1;nr
technicien;1;nom
rts1;1;nr
descence;1;nr
monet;1;nr
pretendent;1;nr
sympathiser;1;ver
oldschool;1;nr
dompter;1;ver
personelle;1;nr
geek;1;nr
chocolatier;1;nom
punch;1;nom
inadaptable;1;adj
coca_cola;1;nom
ilypop;1;nr
costs;1;nr
épidémiologie;1;nom
immunothérapies;1;nr
darzalex;1;nr
manoeuvrer;1;ver
admission;1;nom
décisionnaire;1;nom
auguementer;1;nr
haîne;1;nr
interrogation;1;nom
icidé;1;nr
impulsion;1;nom
désinforme;1;nr
wouahou;1;nr
incompétentes;1;nr
tronquent;1;nr
filcs;1;nr
réexplique;1;nr
nzoy;1;nr
sémantique;1;nom
persomne;1;nr
armre;1;nr
mentalement;1;adv
impolies;1;nr
susceptibilité;1;nom
seigneurie;1;nom
salissage;1;nr
inhabitable;1;adj
fumi;1;nr
brulé;1;nr
humaniser;1;ver
dider;1;nr
poussif;1;adj
royaliste;1;adj
fructueux;1;adj
warrior;1;nr
répugner;1;ver
yaveka;1;nr
inders;1;nr
antiflics;1;nr
gipl;1;nr
balustrade;1;nom
encorr;1;nr
irraisonnable;1;adj
titrage;1;nom
young;1;nr
balayers;1;nr
raisonné;1;adj
commes;1;nr
vehiculées;1;nr
palestines;1;nr
monsenger;1;nr
savatan;1;nr
argumenrs;1;nr
sommeiller;1;ver
anguille;1;nom
muy;1;nr
berlinois;1;adj
chuuuuuut;1;nr
food;1;nr
vra8mebt;1;nr
soleure;1;nr
cuvette;1;nom
fridays;1;nr
leitmotiv;1;nom
kaamelot;1;nr
beluga;1;nom
bielstube;1;nr
latte;1;nom
machiatto;1;nr
slot;1;nr
emplacement;1;nom
rentabilisés;1;nr
régionalité;1;nr
broadcasting;1;nr
cohabitation;1;nom
autparleurs;1;nr
hifi;1;nr
sony;1;nr
songeur;1;adj
sirop;1;nom
oxalates;1;nr
give;1;nr
peanuts;1;nom
get;1;nr
monkeys;1;nr
kidding;1;nr
cahouètes;1;nr
veritables;1;nr
scale;1;nr
mercor;1;nr
annotation;1;nom
freelance;1;nom
contextualisées;1;nr
bilingual;1;nr
efitor;1;nr
révèlé;1;nr
paume;1;nom
chimios;1;nr
acceuillent;1;nr
stéréotype;1;nom
joakim;1;nr
héberges;1;nr
dérenger;1;nr
picsou;1;nom
décallage;1;nr
personalitée;1;nr
gazatiens;1;nr
yéménite;1;nom
angolais;1;adj
colombien;1;adj
vietnamien;1;adj
erythréens;1;nr
heinnn;1;nr
soigné;1;adj
acceuilles;1;nr
senser;1;nr
acceuillir;1;nr
acceuillis;1;nr
taffent;1;nr
intégrent;1;nr
infecter;1;ver
maiiis;1;nr
hahahahahahahah;1;nr
oulahhh;1;nr
accorderions;1;nr
dézinguer;1;ver
jtai;1;nr
influencuers;1;nr
superiorité;1;nr
campax;1;nr
triazole;1;nr
gnognotte;1;nom
snobber;1;nr
poluents;1;nr
assouplir;1;ver
gambader;1;ver
x4;1;nr
vétuste;1;adj
r1;1;nr
r2;1;nr
regional;1;nr
pfffffff;1;nr
bls;1;nr
tits;1;nr
flambant;1;adj
flirt;1;nom
emji_soleil_derrière_les_nuages;1;nom
ahhhaah;1;nr
redondance;1;nom
tolochenaz;1;nr
pélo;1;nr
qles;1;nr
65kg;1;nr
pendulaire;1;adj
6h;1;nr
monocycles;1;nr
utah;1;nr
spontanéité;1;nom
configuration;1;nom
ocpm;1;nr
idi;1;nr
trappe;1;nom
expatrie;1;nr
dénuement;1;nom
vi0lenter;1;nr
non_droits;1;nr
bisonours;1;nr
veillante;1;nr
indélicat;1;adj
borné;1;adj
batue;1;nr
enfreidre;1;nr
socièté;1;nr
narcose;1;nom
marteau;1;nom
semarier;1;nr
mèèètres;1;nr
puffs;1;nr
dr0gue;1;nr
prost;1;nr
tution;1;nr
kiosk;1;nom
déformant;1;adj
politisation;1;nom
porcinet;1;nr
trumpette;1;nr
hashtagger;1;nr
soccer;1;nom
brassage;1;nom
footbal;1;nr
entraineurs;1;nr
tentation;1;nom
trumpienne;1;nr
pot_de_vin;1;nom
grostesque;1;nr
blater;1;nr
ler;1;nr
amusersit;1;nr
piegé;1;nr
filmers;1;nr
psyco;1;nr
traqueur;1;nom
parce_queils;1;nr
milutez;1;nr
policd;1;nr
promulgue;1;nr
anthoo;1;nr
amene;1;nr
beacouo;1;nr
branlée;1;nom
dangereuy;1;nr
enverd;1;nr
emji_poignée_de_main_peau_légèrement_mate;1;nom
embuscade;1;nom
preuvent;1;nr
vengence;1;nr
euhhhm;1;nr
exposant;1;nom
pedocriminelles;1;nr
pédocriminalité;1;nr
hématome;1;nom
reinsertion;1;nr
hâtif;1;adj
oulah;1;nr
idriss;1;nr
aberkane;1;nr
pouse;1;nr
sexualisant;1;nr
its;1;nr
little;1;nr
mieuxà;1;nr
attouchement;1;nom
récidivent;1;nr
hébéphilie;1;nr
éphébophilie;1;nr
attirance;1;nom
alien;1;nr
choppés;1;nr
paraphilies;1;nr
freud;1;nr
psychopathie;1;nom
clint;1;nr
breveter;1;ver
apprêter;1;ver
reseautage;1;nr
verdict;1;nom
cassier;1;nom
pedopornographique;1;nr
apelle;1;nr
vendetta;1;nom
expédition;1;nom
pedohunter;1;nr
excitation;1;nom
jérôme;1;nr
endrass;1;nr
niak;1;nr
emji_concombre;1;nom
hunnnnnterrrrr;1;nr
vertige;1;nom
piègé;1;nr
justuce;1;nr
caviare;1;nr
pdfs;1;nr
psychiquement;1;adv
ped0s;1;nr
soporifique;1;adj
fissure;1;nom
millimètre;1;nom
géologique;1;adj
usgs;1;nr
united;1;nr
geological;1;nr
survey;1;nr
écartement;1;nom
rift;1;nom
glacière;1;nom
mécaniser;1;ver
reuf;1;nr
existentialisme;1;nom
duel;1;nom
cornilon;1;nr
cibtre;1;nr
arabica;1;nom
maté;1;nom
xxie;1;nr
engrais;1;nom
azotés;1;nr
irrigation;1;nom
torréfaction;1;nom
ossature;1;nom
lacté;1;adj
splendide;1;adj
teka;1;nr
vaiana;1;nr
fies;1;nr
riiiiiiiiieennnnnnnn;1;nr
treeeeees;1;nr
immerger;1;ver
prodes;1;nr
inpe;1;nr
défricher;1;ver
fao;1;nr
forest;1;nr
ipcc;1;nr
basculement;1;nom
savane;1;nom
advances;1;nr
reproductibilité;1;nr
belém;1;nr
amazonia;1;nr
dituser_utilisateurice;1;nr
bizness;1;nom
jihadisme;1;nr
alquaida;1;nr
jih;1;nr
adist;1;nr
enva;1;nr
qassad;1;nr
quadé;1;nr
talbans;1;nr
pkk;1;nr
wtc;1;nr
dou;1;nr
iste;1;nr
nelson;1;nr
réctification;1;nr
laden;1;nr
selective;1;nr
valse;1;nom
métamorphose;1;nom
jolani;1;nr
realpolitik;1;nr
interpol;1;nr
resume;1;nr
assadistes;1;nr
ei;1;nr
recommendables;1;nr
wouahh;1;nr
elyssée;1;nr
ouiiiii;1;nr
sevrer;1;ver
schlinguer;1;ver
dégeu;1;nr
distingué;1;adj
pquet;1;nr
allen;1;nr
carr;1;nr
arettez;1;nr
premieré;1;nr
hmm;1;nr
préemption;1;nom
exécutoire;1;adj
ex_président;1;nom
ramdam;1;nom
emji_poussin_qui_éclôt;1;nom
silencier;1;nr
substantiellement;1;adv
yop;1;nr
niqueyyyy;1;nr
bimmm;1;nr
justiciable;1;adj
qie;1;nr
hanter;1;ver
muscu;1;nr
occulte;1;adj
ex_chef;1;nom
muer;1;ver
sermonner;1;ver
carnet;1;nom
guéant;1;nr
hortefeux;1;nr
roquet;1;nom
empressement;1;nom
4semaines;1;nr
pllus;1;nr
septicémies;1;nr
rouille;1;nom
supersyl;1;nr
antiatomiques;1;nr
réarmer;1;ver
entrepôt;1;nom
caduque;1;adj
elise;1;nr
z06;1;nr
fortification;1;nom
gubernamentales;1;nr
fêtard;1;nom
dégobillants;1;nr
vendange;1;nom
insalubre;1;adj
réfugiers;1;nr
concierge;1;nom
asmathique;1;nr
pneumonie;1;nom
répet;1;nr
chambrée;1;nom
ddps;1;nr
gen0c1dée;1;nr
800millions;1;nr
radiation;1;nom
nuclaire;1;nr
locatifs;1;nr
hystérie;1;nom
anti_explosion;1;nom
vriament;1;nr
serviable;1;adj
souduser_utilisateurice;1;nr
rétorquent;1;nr
épingler;1;ver
septies;1;nr
octies;1;nr
hybride;1;nom
botswana;1;nr
sri;1;nr
lanka;1;nr
matriciel;1;adj
surmonter;1;ver
pépon;1;nr
richissime;1;adj
déshonorant;1;adj
noon;1;nr
ouagadougou;1;nr
felation;1;nr
relocalisation;1;nr
levrette;1;nom
courber;1;ver
reflechis;1;nr
implosion;1;nom
rapprochement;1;nom
dissertation;1;nom
ébaillis;1;nr
hultre;1;nr
aboi;1;nom
machiavel;1;nr
assujetir;1;nr
froque;1;nr
anachronique;1;adj
c4pit4list3;1;nr
extraterritorialité;1;nr
inélégante;1;nr
propitiatoire;1;adj
bully;1;nr
rancunier;1;adj
egau;1;nr
recolterons;1;nr
gokgok3000;1;nr
escandaleux;1;nr
découraceant;1;nr
emji_personne_avec_une_couronne_peau_claire;1;nom
résignation;1;nom
lagniol;1;nr
culpabilisera;1;nr
braguette;1;nom
exportent;1;nr
débauchent;1;nr
salive;1;nom
orang;1;nr
déga;1;nr
suuser_utilisateurice;1;nr
noisette;1;nom
ogre;1;nom
kitsch;1;adj
rêvé;1;adj
refiler;1;ver
kadhafi;1;nr
pastille;1;nom
pleutre;1;nom
servile;1;adj
ql;1;nr
bénef;1;nom
monseignor;1;nr
lungimirante;1;nr
amateurish;1;nr
hayek;1;nr
meeting;1;nom
poor;1;nr
pstronnat;1;nr
ostensible;1;adj
lustreurs;1;nr
lechage;1;nr
adonf;1;nr
vassal;1;nom
fion;1;nom
dimissionne;1;nr
ayeurs;1;nr
television;1;nr
intervenção;1;nr
resgate;1;nr
intervenant;1;nom
multidisciplinaires;1;nr
emji_ninja_peau_légèrement_mate;1;nom
chega;1;nr
florilegio;1;nr
inexistence;1;nom
pref;1;nr
congénère;1;nom
pénitentiaire;1;adj
arfi;1;nr
laske;1;nr
libyen;1;adj
molins;1;nr
tu3r;1;nr
viol3r;1;nr
parrain;1;nom
bricoler;1;ver
ancient;1;nr
bigg;1;nr
republique;1;nr
bananiere;1;nr
gramme;1;nom
compromission;1;nom
calvaire;1;nom
embrouille;1;nom
stuctures;1;nr
frigidaire;1;nom
extrascolaire;1;adj
guetter;1;ver
attendrir;1;ver
atache;1;nr
reflechissent;1;nr
pret;1;nr
habitable;1;adj
fratrie;1;nom
38ème;1;nr
emji_femme_enceinte;1;nom
grand_papa;1;nom
chamboulement;1;nom
scolarisez;1;nr
collectivé;1;nr
reduisent;1;nr
gracement;1;nr
coïncederait;1;nr
ludc;1;nr
domestic;1;nr
implorer;1;ver
paternel;1;adj
revalorisez;1;nr
avoirent;1;nr
plutonimie;1;nr
bonbon;1;nom
strucures;1;nr
bambin;1;nom
ecourage;1;nr
iykyk;1;nr
libéraliser;1;nr
nataliste;1;nr
démographiquement;1;adv
réaugmentera;1;nr
mintient;1;nr
exterieurs;1;nr
peparez;1;nr
decadant;1;nr
vreeeeuuuuument;1;nr
pma;1;nr
lesbien;1;adj
grocesses;1;nr
estelle;1;nr
procréation;1;nom
congeler;1;ver
ovule;1;nom
insémination;1;nom
sperm;1;nr
inseminé;1;nr
marrié;1;nr
pasaccès;1;nr
sperme;1;nom
persoça;1;nr
tutti_quanti;1;adv
x3;1;nr
árabes;1;nr
meeeesssiiiire;1;nr
vouvoierai;1;nr
clemender;1;nr
emji_dague;1;nom
emji_tête_de_cheval;1;nom
naissen;1;nr
ironman;1;nr
ettais;1;nr
vieix;1;nr
repeupler;1;ver
xnxx;1;nr
eronie;1;nr
chèrs;1;nr
gentillesseet;1;nr
kidsfriendly;1;nr
aine;1;nom
permelin;1;nr
cardio;1;nr
rensponsabiliter;1;nr
actualite;1;nr
swipe;1;nr
patek;1;nr
pttr;1;nr
minuteur;1;nom
object;1;nr
frei;1;nr
chappi;1;nr
ronaldinho;1;nr
gaúcho;1;nr
sascha;1;nr
britschgi;1;nr
parma;1;nr
yakin;1;nr
budé;1;nr
adidas;1;nr
cristal;1;nom
brossage;1;nom
baggy;1;nr
accoutrement;1;nom
utilisable;1;adj
météos;1;nr
harcelent;1;nr
rétrospective;1;nom
tong;1;nom
amnésique;1;adj
sud_africain;1;adj
présentable;1;adj
trainig;1;nr
mollusque;1;nom
pertiennent;1;nr
excentricité;1;nom
trainings;1;nr
initié;1;nom
disparite;1;nr
biberonner;1;ver
mini_jupe;1;nom
privilègeriais;1;nr
mins;1;nr
casual;1;nr
emancipait;1;nr
erci;1;nr
cracra;1;adj
cannibal;1;nr
corpse;1;nr
marduk;1;nr
peofs;1;nr
fromation;1;nr
impoli;1;adj
prefereai;1;nr
tee;1;nom
géné;1;nr
éleves;1;nr
leonde;1;nr
hawaïen;1;adj
gothique;1;adj
corridor;1;nom
mollachu;1;nr
xxl;1;nr
pendouiller;1;ver
bredzon;1;nr
dzaquillon;1;nr
lagerfeld;1;nr
prenom;1;nr
déceler;1;ver
malveillance;1;nom
chiffré;1;adj
doudou;1;nom
cetrains;1;nr
délégué;1;nom
demeuré;1;nom
stagiaire;1;nom
tn;1;nr
sweat;1;nr
capuche;1;nom
polochon;1;nom
sensoriel;1;adj
motricité;1;nom
sacoche;1;nom
imperfection;1;nom
impossé;1;nr
vetements;1;nr
pantacourts;1;nr
pecnos;1;nr
ut;1;nom
caption;1;nr
pygama;1;nr
édicter;1;ver
raffoler;1;ver
pyjman;1;nr
doyen;1;nom
ahahahahah;1;nr
clochard;1;nom
baskettes;1;nr
démissionnaire;1;nom
morfler;1;ver
pedoph;1;nr
tshirt;1;nr
vesti;1;nr
aïeul;1;nom
birken;1;nr
coutais;1;nr
haaa;1;nr
aaaaahhhhhh;1;nr
gaaaars;1;nr
départir;1;ver
ingredients;1;nr
blush;1;nom
baume;1;nom
liquéfier;1;ver
elasthane;1;nr
cachemire;1;nom
bouloches;1;nr
sérum;1;nom
glycolique;1;nr
booste;1;nr
defoncer;1;nr
contrario;1;nr
cosmétologues;1;nr
spf50;1;nr
regimen;1;nr
koréennes;1;nr
zapper;1;ver
parasol;1;nom
emji_drapeau_corée_du_sud;1;nom
asiat;1;nr
riad;1;nr
octocrylene;1;nr
cien;1;nr
aloé;1;nr
vera;1;nr
infentile;1;nr
généra;1;nr
hagra;1;nr
cutané;1;adj
probiotiques;1;nr
prébiotiques;1;nr
tapisser;1;ver
streptocoque;1;nom
carie;1;nom
micrbiote;1;nr
primoscatomancie;1;nr
divination;1;nom
culpa;1;nr
saraf;1;nr
conçuent;1;nr
sinistré;1;adj
tétaniser;1;ver
coutent;1;nr
détaché;1;adj
led;1;nr
irréparable;1;adj
oays;1;nr
revisiterr;1;nr
trek;1;nom
baignade;1;nom
libido;1;nom
200fr;1;nr
10fr;1;nr
jouables;1;nr
securisants;1;nr
veront;1;nr
casse_couille;1;nr
implémenter;1;ver
renault;1;nr
investissiez;1;nr
vingts;1;nr
marielaurecorinne;1;nr
ptt;1;nr
remordre;1;ver
cultivation;1;nr
palesmerdiniens;1;nr
wahhhhh;1;nr
68k;1;nr
evil;1;nr
islamiser;1;ver
fourchette;1;nom
hopital;1;nr
guisan;1;nr
banks;1;nr
2000chf;1;nr
aussitot;1;nr
ldes;1;nr
aiders;1;nr
etcs;1;nr
dilapidaient;1;nr
smileys;1;nr
philou;1;nr
frerot;1;nr
kkch;1;nr
misere;1;nr
generalement;1;nr
elergissement;1;nr
corrélations;1;nr
réjuit;1;nr
ooo;1;nr
focalises;1;nr
requérantes;1;nr
damoclès;1;nr
maisbplus;1;nr
séieusement;1;nr
wahou;1;nr
antipathique;1;adj
demierre;1;nr
nius;1;nr
medexin;1;nr
generaliste;1;nr
déraciner;1;ver
intronsportables;1;nr
tacite;1;adj
toxicologique;1;adj
craquement;1;nom
acrobatie;1;nom
lead;1;nr
looping;1;nom
aérosol;1;nom
gratte_papier;1;nom
gaine;1;nom
désinstaller;1;ver
châssis;1;nom
engendres;1;nr
pépin;1;nom
blouse;1;nom
m_as_tu_vu;1;adj
contentment;1;nr
taffer;1;nr
thérapeute;1;nom
détox;1;nr
chélation;1;nr
toxité;1;nr
endommement;1;nr
zh;1;nr
modifs;1;nr
toxicologiques;1;nr
règlementation;1;nr
alchimiste;1;nom
chuuut;1;nr
poncer;1;ver
carleage;1;nr
grater;1;nr
cisse;1;nr
rk;1;nr
gniou;1;nr
senegal;1;nr
yexone;1;nr
dieul;1;nr
decisions;1;nr
nieuw;1;nr
môgnouko;1;nr
yaakhalle;1;nr
dhé;1;nr
kii;1;nr
beugône;1;nr
emji_infini;1;nom
mogniou;1;nr
kagn;1;nr
ki;1;nr
domram;1;nr
jii;1;nr
niou;1;nr
boulma;1;nr
dioylo;1;nr
waay;1;nr
renfort;1;nom
limer;1;ver
gueun;1;nr
metti;1;nr
bounama;1;nr
rasta;1;nom
sissou;1;nr
douko;1;nr
woh;1;nr
gaulois;1;nom
moniou;1;nr
u8;1;nr
notr;1;nr
frèroo;1;nr
thiaw;1;nr
sanga;1;nr
éduquent;1;nr
retoutner;1;nr
giap;1;nr
sì;1;nr
gardiennage;1;nom
spoil;1;nr
5jours;1;nr
13h30;1;nr
irresspnsable;1;nr
ev;1;nr
lumiere;1;nr
tupperware;1;nr
nuts;1;nr
allergène;1;nom
épanoui;1;adj
cheptel;1;nom
10h00;1;nr
18h00;1;nr
pkoi;1;nr
h30mn;1;nr
ouiiiiiiiii;1;nr
gizmo;1;nr
graces;1;nr
ofstat;1;nr
terreau;1;nom
dépersonnalise;1;nr
ausi;1;nr
mélasse;1;nom
cover;1;nr
sheeran;1;nr
souciaux;1;nr
gaslighting;1;nr
denoncables;1;nr
rééducation;1;nom
académie;1;nom
mark;1;nom
representations;1;nr
goebels;1;nr
révolver;1;nr
chloé;1;nr
antiblanc;1;nr
conceptuel;1;adj
antiracisme;1;nom
licra;1;nr
mrap;1;nr
éternellement;1;adv
lobotomiser;1;ver
ode;1;nom
mein;1;nr
kampf;1;nr
fdt;1;nr
messager;1;nom
witcher;1;nr
désolidariser;1;ver
nzi;1;nr
figurant;1;nom
hysterie;1;nr
semence;1;nom
lobotomie;1;nom
récrire;1;ver
independence;1;nr
day;1;nr
ph;1;nom
erin;1;nr
brokovitch;1;nr
latina;1;nr
nina;1;nr
simone;1;nr
rééquilibrage;1;nom
virage;1;nom
transexuelle;1;nr
brainwasher;1;nr
cocotier;1;nom
envahissement;1;nom
wokiste;1;nr
rasiste;1;nr
disciple;1;nom
réécrivant;1;nr
tracasser;1;ver
reboots;1;nr
maintream;1;nr
wokkkisme;1;nr
rabacher;1;nr
reformule;1;nr
caricatural;1;adj
déservent;1;nr
hdr;1;nr
dolby;1;nom
atmos;1;nr
maniere;1;nr
pinkwashing;1;nr
holywoodien;1;nr
tan;1;nom
bide;1;nom
tarzan;1;nom
mindfuck;1;nr
stupid;1;nr
voyent;1;nr
iustifier;1;nr
trainerais;1;nr
mmmmh;1;nr
ipense;1;nr
ie;1;nr
zemmour;1;nr
vériter;1;nr
racialiste;1;nr
progressisme;1;nom
antisysteme;1;nr
aubaine;1;nom
sound;1;nr
pé;1;nr
phile;1;nr
harvey;1;nr
weinstein;1;nr
emji_symbole_copyright;1;nom
eugéniste;1;nr
rocky;1;nr
paraplégique;1;adj
trisomie;1;nom
dog;1;nr
sprinteur;1;nom
sprinteuses;1;nr
immigrer;1;ver
éléctricité;1;nr
grison;1;nom
arctique;1;adj
latitude;1;nom
subtropical;1;adj
météoswiss;1;nr
aare;1;nr
goujon;1;nom
whatttt;1;nr
lolll;1;nr
ravoir;1;ver
foehn;1;nom
aaaa;1;nr
ormis;1;nr
libertaire;1;adj
maillard;1;nr
genero;1;nr
pym;1;nr
pincer;1;ver
deepfakes;1;nr
démêler;1;ver
laquet;1;nr
cgu;1;nr
falsifie;1;nr
hébergeurs;1;nr
surveillant;1;nom
occitanie;1;nr
aurora;1;nr
notifications;1;nr
pluvalue;1;nr
préoccupants;1;nr
reconnectons;1;nr
surmédicalisation;1;nom
dysfonctionnelle;1;nr
fragilisées;1;nr
hépatite;1;nom
ressourcer;1;ver
roch;1;nr
maupas;1;nr
appaiser;1;nr
xhoutent;1;nr
autodestruction;1;nom
12h30;1;nr
fréquenté;1;adj
encourageant;1;adj
camé;1;nom
repondrent;1;nr
allouons;1;nr
délinguants;1;nr
drogueraient;1;nr
stratège;1;nom
flot;1;nom
intercantonales;1;nr
tulipe;1;nom
résidentes;1;nr
positivement;1;adv
rentier;1;nom
immiscer;1;ver
celons;1;nr
imberbe;1;adj
contraception;1;nom
cyberdéfense;1;nr
coersition;1;nr
seances;1;nr
valentin;1;nom
esther;1;nr
sisi;1;nr
oulaaaa;1;nr
améliorables;1;nr
gentilment;1;nr
démener;1;ver
euuu;1;nr
token;1;nr
sous_jacent;1;adj
convenable;1;adj
generalité;1;nr
lache;1;nr
féminisées;1;nr
rolala;1;nr
environnementales;1;nr
persisteront;1;nr
300j;1;nr
chiffrage;1;nom
exponentiellement;1;adv
physionnomiquement;1;nr
archétype;1;nom
agilité;1;nom
genius;1;nr
ressense;1;nr
taleur;1;nr
astiquer;1;ver
poirot;1;nr
fass90;1;nr
appétissant;1;adj
birn;1;nr
utilsation;1;nr
gaze;1;nom
ovulation;1;nom
gestation;1;nom
ovuler;1;ver
nne;1;nr
ted;1;nr
professionnalisation;1;nr
harassant;1;adj
cuistot;1;nom
laila;1;nr
ngannou;1;nr
cannon;1;nr
screen;1;nr
désiquilibré;1;nr
bichette;1;nom
défavorisant;1;nr
conger;1;nr
conciliant;1;adj
manucure;1;nom
brushing;1;nom
fo;1;nr
rma;1;nr
tion;1;nr
jaaaaamais;1;nr
minutie;1;nom
camaraderie;1;nom
bun;1;nr
emji_panier;1;nom
échafauder;1;ver
entourerais;1;nr
encente;1;nr
forceur;1;nom
plustot;1;nr
désilusion;1;nr
niemen;1;nr
platz;1;nr
bitte;1;nom
guten;1;nr
morgen;1;nr
rasseoir;1;ver
multilingue;1;nr
cuisto;1;nr
züri;1;nr
kaporal;1;nr
schnyder;1;nr
röstis;1;nr
punkt;1;nr
schuss;1;nom
programmateur;1;nom
développeur;1;nom
dialecte;1;nom
taffé;1;nr
mbappé;1;nr
morris;1;nr
bosnien;1;adj
apprenent;1;nr
boulo;1;nr
insurmontable;1;adj
mystere;1;nr
70h;1;nr
integrer;1;nr
gastronomique;1;adj
cheffes;1;nr
procéduriés;1;nr
mandarin;1;nom
expatri;1;nr
sonorité;1;nom
ridiculeeeeeee;1;nr
pansse;1;nr
canoniser;1;ver
voi;1;nr
jettant;1;nr
médisance;1;nom
bourminland;1;nr
hihihi;1;nr
pmes;1;nr
imbu;1;adj
hallenstadion;1;nr
coltiner;1;ver
gala;1;nom
choce;1;nr
runt;1;nr
protocolarisme;1;nr
sabotage;1;nom
ula;1;nr
adorrrrrre;1;nr
hispano;1;adv
suiza;1;nr
documentation;1;nom
berge;1;nom
kutesa;1;nr
archaïque;1;adj
intégriste;1;adj
hindou;1;nom
diarrhée;1;nom
challengé;1;nr
petées;1;nr
melanchoniste;1;nr
hebdo;1;nom
choléra;1;nom
sorcellerie;1;nom
slim;1;nr
oversize;1;nr
valorisais;1;nr
amitier;1;nr
polyam;1;nr
libertin;1;nom
dogme;1;nom
relaxant;1;adj
névrose;1;nom
épouser;1;ver
ccélibataire;1;nr
emji_silhouette_de_buste;1;nom
endoctrine;1;nr
friends;1;nr
charnel;1;adj
tu3;1;nr
connaitront;1;nr
finalememt;1;nr
icides;1;nr
tu3nt;1;nr
kiwi;1;nom
nucléarité;1;nr
réchignent;1;nr
deranger;1;nr
doi;1;nr
matrixage;1;nr
psychology;1;nr
celibataires;1;nr
statistiquer;1;ver
caser;1;ver
vir;1;nr
celibat;1;nr
forcémment;1;nr
marital;1;adj
precise;1;nr
selecte;1;nr
conard;1;nom
désirable;1;adj
brouteur;1;adj
celibataire;1;nr
céliba;1;nr
périclite;1;nr
manne;1;nom
celibertaire;1;nr
satisfaitent;1;nr
colocataire;1;nom
sociétaux;1;nr
papillomavirus;1;nom
herpes;1;nr
38ans;1;nr
celiba;1;nr
sentimental;1;adj
depopulation;1;nr
snaps;1;nr
lasser;1;ver
philosophe;1;nom
élasticité;1;nom
aillants;1;nr
yesss;1;nr
emji_femme_âgée_peau_claire;1;nom
emji_homme_âgé_peau_claire;1;nom
pot_pourri;1;nom
géniteur;1;nom
doubleur;1;nom
ouuuffff;1;nr
woah;1;nr
svt;1;nr
traitres;1;nr
nême;1;nr
32ans;1;nr
microbiota;1;nr
psoriasis;1;nom
fermenté;1;adj
carbohidrats;1;nr
hidratacion;1;nr
sursolicité;1;nr
pommeau;1;nom
intolérance;1;nom
naturopathe;1;nom
handicapante;1;nr
lipoedème;1;nr
ph7;1;nr
acupuncture;1;nom
antihistaminique;1;nom
bidet;1;nom
molfina;1;nr
hypoallergen;1;nr
lingerie;1;nom
lubex;1;nr
pruri;1;nr
med;1;nr
lotion;1;nom
tiède;1;adj
décolleté;1;nom
rituel;1;nom
évier;1;nom
micronutrition;1;nr
idéalement;1;adv
merciiiii;1;nr
adoucissants;1;nr
sensitif;1;adj
cortisone;1;nom
dupixent;1;nr
espacer;1;ver
dermatite;1;nom
atopique;1;nr
vale;1;nr
culligan;1;nr
hydrocortisone;1;nom
miconazole;1;nr
emdr;1;nr
emji_poing_de_face_peau_moyennement_claire;1;nom
déclassifier;1;nr
dénégation;1;nom
poutin;1;nr
ouaaaai;1;nr
realisez;1;nr
longremps;1;nr
majson;1;nr
ku;1;nr
kux;1;nr
klan;1;nr
désuni;1;adj
sordide;1;adj
gôch;1;nr
angéliser;1;nr
denoncé;1;nr
pdo;1;nr
diabolisation;1;nr
qanon;1;nr
manqze;1;nr
pédocriminel;1;nr
courrant;1;nr
diddy;1;nr
aiter;1;nr
dégainer;1;ver
colt;1;nom
cessesssion;1;nr
fiat;1;nom
devin;1;nom
mar;1;nr
lago;1;nr
masseur;1;nom
sieur;1;nom
sergent;1;nom
thundercock;1;nr
kills;1;nr
etrangement;1;nr
emji_vent_avec_visage;1;nom
ethylometre;1;nr
ohooooo;1;nr
convincu;1;nr
alros;1;nr
outrage;1;nom
artout;1;nr
zbeule;1;nr
dérapage;1;nom
georges;1;nr
asphyxie;1;nom
bias;1;nr
chaine;1;nr
cudrefin;1;nr
meur;1;nr
whats;1;nr
réquisition;1;nom
exploité;1;adj
dissuasives;1;nr
proportionner;1;ver
chirurgie;1;nom
nonchalance;1;nom
bc;1;nr
j3;1;nr
tooooop;1;nr
festineuch;1;nr
evt;1;nr
redouter;1;ver
jvois;1;nr
absolute;1;nr
vég_ane;1;nr
frerôooo;1;nr
emji_drapeau_chili;1;nom
trimbaler;1;ver
irréfléchi;1;adj
évenement;1;nr
étayer;1;ver
arguer;1;ver
shamer;1;nr
soyeux;1;adj
éclection;1;nr
conquerir;1;nr
exaltation;1;nom
acnée;1;nr
sccrabble;1;nr
croisement;1;nom
bouledogue;1;nom
picasso;1;nr
turistes;1;nr
gazawuiites;1;nr
brooklyn;1;nr
cm2;1;nr
genocider;1;nr
bomber;1;ver
bizou;1;nom
partt;1;nr
sarajevo;1;nr
allahyrahmom;1;nr
chefferies;1;nr
émiratis;1;nr
response;1;nr
enrôler;1;ver
tract;1;nom
nouvels;1;nr
obs;1;nr
écoeurer;1;ver
sauvagea;1;nr
imprescriptible;1;adj
atrappe;1;nr
stigmate;1;nom
seing;1;nom
ezio;1;nr
hérérosexuels;1;nr
habiteraien;1;nr
equivalent;1;nr
italiano;1;nom
emji_homme_à_genoux_vers_la_droite;1;nom
operator;1;nr
emji_usine;1;nom
amais;1;nr
atterir;1;nr
révèlera;1;nr
décontracter;1;ver
hexagonal;1;adj
difficil;1;nr
avide;1;adj
commémorer;1;ver
normandie;1;nr
sombrerdans;1;nr
empêchede;1;nr
enchanteur;1;adj
macabre;1;adj
taxonomie;1;nom
gale;1;nom
swag;1;nr
update;1;nom
buzzzzz;1;nr
mims;1;nr
claiiiire;1;nr
villageois;1;nom
vorderfultigen;1;nr
lt;1;nr
marechal;1;nr
berry;1;nr
gard;1;nr
mi_suisses;1;nr
cheese;1;nr
marraine;1;nom
suuuuper;1;nr
irvine;1;nr
tilsit;1;nr
chaume;1;nom
dordogne;1;nr
pate;1;nr
surchoix;1;nom
alpage;1;nom
préfèrence;1;nr
gruyere;1;nr
dégottez;1;nr
lemmonde;1;nr
realise;1;nr
loulou;1;nom
refacturer;1;nr
hcr;1;nr
émigration;1;nom
submersion;1;nom
nobril;1;nr
duez;1;nr
retissant;1;nr
tranportes;1;nr
cancérologie;1;nom
amputé;1;adj
brulées;1;nr
fauderait;1;nr
playmobile;1;nr
pàestine;1;nr
lr;1;nr
ballotter;1;ver
crasseux;1;adj
emji_poussin_de_face;1;nom
défrayer;1;ver
maëlle;1;nr
poulette;1;nom
moret;1;nr
hébergement;1;nom
déserter;1;ver
intérroger;1;nr
deuc;1;nr
acceuil;1;nr
pathologique;1;adj
appauvrot;1;nr
appauvrisse;1;nr
surpression;1;nom
agro;1;nom
huh;1;nr
arnault;1;nr
dégénérescence;1;nom
augumentation;1;nr
priorisés;1;nr
budgetaires;1;nr
allégrement;1;adv
commancant;1;nr
esponsable;1;nr
extremme;1;nr
aites;1;nr
panse;1;nom
pluto;1;nr
simplon;1;nr
minet;1;nom
junod;1;nr
fricti;1;nr
zhoms;1;nr
shithole;1;nr
infériorité;1;nom
tzigane;1;adj
fauteur;1;nom
déchèteries;1;nr
jeniches;1;nr
lextreme;1;nr
savoir_vivre;1;nom
yéniche;1;nr
quarantenaire;1;adj
appropriont;1;nr
suprise;1;nr
charrat;1;nr
blw;1;nr
parazites;1;nr
partour;1;nr
astronaute;1;nom
taikonaute;1;nr
rochebin;1;nr
ethnographie;1;nom
quantitatif;1;adj
speed;1;nom
dating;1;nr
statisticiennes;1;nr
trigger;1;nom
surveymonkey;1;nr
matrix;1;nr
cocu;1;nom
saient;1;nr
13ème;1;nr
rogner;1;ver
wouahhhh;1;nr
dévalorisés;1;nr
calice;1;nom
meres;1;nr
beneficient;1;nr
impactées;1;nr
à_fortiori;1;adv
successoral;1;adj
recomposées;1;nr
1977et;1;nr
égaliser;1;ver
marker;1;nom
plumè;1;nr
judges;1;nr
initient;1;nr
genré;1;nr
initiation;1;nom
dédouanement;1;nom
transporteur;1;nom
girouette;1;nom
hune;1;nom
ateliernaillounge;1;nr
fortiche;1;adj
bluff;1;nom
délocalisées;1;nr
manufacture;1;nom
15x;1;nr
djt;1;nr
viticole;1;adj
bursins;1;nr
firms;1;nr
semblerais;1;nr
majesté;1;nom
make;1;nr
pressurer;1;ver
verlan;1;nom
v8;1;nr
roro;1;nr
potin;1;nom
dressing;1;nom
brosse;1;nom
reluire;1;ver
details;1;nr
ancrage;1;nom
tousvdes;1;nr
léche;1;nr
inique;1;adj
étal;1;nom
soudoyer;1;ver
rentabiliser;1;ver
bsisser;1;nr
estrategie;1;nr
wui;1;nr
lingotte;1;nr
gâterie;1;nom
socialiser;1;ver
félicité;1;nom
inconstitutionnalité;1;nr
renégocier;1;ver
poignet;1;nom
pffffff;1;nr
finctionne;1;nr
sécession;1;nom
tisane;1;nom
hmmmm;1;nr
étymologie;1;nom
doigter;1;ver
donormyl;1;nr
dji;1;nr
nati051175;1;nr
dysfonctione;1;nr
mincruste;1;nr
coquin;1;nom
malévoz;1;nr
debloque;1;nr
grutli;1;nr
ceka;1;nr
vassalisation;1;nr
pant;1;nr
çui;1;nr
mousquetaire;1;nom
arrangement;1;nom
rediscute;1;nr
inteligente;1;nr
télépathe;1;nom
capote;1;nom
percée;1;nom
idiocracie;1;nr
ghislain;1;nr
maxwell;1;nr
révolu;1;adj
nick;1;nr
fuentes;1;nr
de_facto;1;adv
keller;1;nr
aubtiendrait;1;nr
etil;1;nr
unilatérité;1;nr
danois;1;adj
verroterie;1;nom
chicken;1;nr
paysannerie;1;nom
richemont;1;nr
mercuria;1;nr
mks;1;nr
pamp;1;nr
apposer;1;ver
vraiement;1;nr
eurosceptiques;1;nr
ogm;1;nr
emji_chronomètre;1;nom
raffinement;1;nom
bonets;1;nr
termiste;1;nr
comfort;1;nr
emji_bouée_de_sauvetage;1;nom
merciiiiiiiiiiiiiiiiiiiiiiiiiii;1;nr
obscène;1;adj
condanne;1;nr
dorian;1;nr
louvet;1;adj
récup;1;nom
sachants;1;nr
sacrement;1;nom
kene;1;nr
cardinal;1;nom
vraaaiment;1;nr
canap;1;nr
incliner;1;ver
canaps;1;nr
ritaline;1;nr
tet;1;nr
étreindre;1;ver
4x4;1;nr
cyrille;1;nr
nourriciere;1;nr
sterilium;1;nr
epsm;1;nr
ese;1;nr
pontaise;1;nr
beaulieu;1;nr
vitam;1;nr
eternam;1;nr
300k;1;nr
vivoter;1;ver
aahhh;1;nr
viticultures;1;nr
fesons;1;nr
exportons;1;nr
brasserie;1;nom
hectolitre;1;nom
brassée;1;nom
bourgogne;1;nom
combient;1;nr
vignoble;1;nom
dégueu;1;adj
takayama;1;nr
ab;1;nr
half;1;nr
left;1;nr
hardware;1;nr
emji_homme_faisant_un_geste_d_interdiction;1;nom
digitec;1;nr
6ans;1;nr
macos;1;nr
adobe;1;nom
proton;1;nom
beginner;1;nr
friendly;1;nr
boitier;1;nr
nord_américains;1;nr
réattribuer;1;nr
océaninenne;1;nr
surreprésenté;1;nr
océanien;1;nr
latino_américain;1;nom
ocenaie;1;nr
conmenbol;1;nr
kart;1;nom
sprint;1;nom
galèré;1;nr
clipperton;1;nr
batailler;1;ver
contre_exemple;1;nom
herzégovine;1;nr
compétitives;1;nr
bombonera;1;nr
maracaná;1;nr
faroe;1;nr
retournable;1;nr
bosman;1;nr
globaliser;1;ver
goliath;1;nom
trippes;1;nr
lifes;1;nr
sportivement;1;adv
popopop;1;nr
footballistiquement;1;nr
10equipe;1;nr
3equipes;1;nr
recevable;1;adj
participater;1;nr
surcôtée;1;nr
équide;1;nr
archipel;1;nom
antilles;1;nr
ctu;1;nr
affiliation;1;nom
basel;1;nr
concaf;1;nr
ouessant;1;nr
90pays;1;nr
ouled;1;nr
lietchestein;1;nr
facteutr;1;nr
30équpes;1;nr
dérrière;1;nr
representée;1;nr
attirant;1;adj
irrégulier;1;adj
farshe;1;nr
americains;1;nr
minimun;1;nr
derrieres;1;nr
suede;1;nr
greece;1;nr
guyanne;1;nr
folichon;1;adj
cets;1;nr
fedé;1;nr
resumé;1;nr
teindre;1;ver
cook;1;nr
caledonia;1;nr
zealand;1;nr
papua;1;nr
guinea;1;nr
tonga;1;nr
vanuatu;1;nr
depassé;1;nr
caf;1;adj
tricheur;1;nom
reparrition;1;nr
caimens;1;nr
téléspectateur;1;nom
itlaie;1;nr
fessees;1;nr
feroés;1;nr
burundi;1;nr
modial;1;nr
qualof;1;nr
lil;1;nr
europeens;1;nr
copa;1;nr
américa;1;nr
pt;1;nr
additionnes;1;nr
integral;1;nr
confederations;1;nr
emji_drapeau_gabon;1;nom
iniquité;1;nom
representé;1;nr
7ne;1;nr
commec12;1;nr
footbalistique;1;nr
chilie;1;nr
lamerique;1;nr
fusionner;1;ver
engleterre;1;nr
nineau;1;nr
piper;1;ver
lucette;1;nr
qqlch;1;nr
opus;1;nom
4h30;1;nr
zelda;1;nr
2h30;1;nr
innovant;1;adj
trilogies;1;nr
sda;1;nr
hobbit;1;nr
vl;1;nr
rompiche;1;nr
ressasser;1;ver
ava;1;nr
buteur;1;nom
manzambi;1;nr
improbable;1;adj
bastien_alphasierra;1;nr
prendres;1;nr
kosovares;1;nr
emji_drapeau_kosovo;1;nom
emji_verre_de_vin;1;nom
mathing;1;nr
endomètre;1;nr
rdvs;1;nr
inactif;1;adj
ves;1;nr
placenta;1;nom
transgénérationnels;1;nr
métaphore;1;nom
ar;1;nr
mst;1;nr
créditer;1;ver
aurélie;1;nr
minimalisé;1;nr
vôdois;1;nr
graal;1;nom
piuvaient;1;nr
prematurée;1;nr
freq;1;nr
neuroscience;1;nom
acoustique;1;nom
neurophysiologie;1;nom
tonalité;1;nom
vibratoire;1;adj
fréquenciel;1;nr
sante;1;nr
regulieremt;1;nr
emji_ballon_gonflable;1;nom
encrer;1;ver
césarienne;1;nom
celebration;1;nr
huilé;1;adj
suspense;1;nom
regale;1;nr
dic;1;nr
showbiz;1;nom
crétin;1;nom
morro;1;nr
careca;1;nr
renne;1;nom
samba;1;nom
emji_drapeau_norvège;1;nom
quiz;1;nom
choixpeau;1;nr
lobbyent;1;nr
soft;1;adj
soivent;1;nr
transitionner;1;nr
felton;1;nr
fanfiction;1;nr
mary;1;nom
armor;1;nr
deus_ex_machina;1;nom
script;1;nom
broadway;1;nr
vmt;1;nr
cascade;1;nom
optique;1;adj
orque;1;nom
100mia;1;nr
brûlage;1;nom
rée;1;nr
lafrique;1;nr
2000km;1;nr
circuit;1;nom
réutilisent;1;nr
minimisais;1;nr
tex;1;nom
tile;1;nr
lomé;1;nr
merce;1;nr
pneux;1;nr
benne;1;nom
consciencieusement;1;adv
recyclons;1;nr
uto;1;nr
débarasse;1;nr
mortez;1;nr
hypertension;1;nom
samaritain;1;nom
terrestre;1;adj
bouqutins;1;nr
lièvre;1;nom
écureuil;1;nom
walden;1;nr
waldo;1;nr
emerson;1;nr
bateson;1;nr
muir;1;nr
far;1;nom
enquiquinant;1;adj
mittage;1;nr
suplus;1;nr
eoliennes;1;nr
fiule;1;nr
bateaus;1;nr
monoculture;1;nom
forestié;1;nr
investisses;1;nr
étang;1;nom
douvent;1;nr
besucoup;1;nr
mégas;1;nr
grignoter;1;ver
pif;1;nom
inadminissible;1;nr
laci;1;nr
rht;1;nr
unia;1;nr
gi;1;adv
mi_décembre;1;nom
interieure;1;nr
meg;1;nr
dennis;1;nr
quaid;1;nr
nanotechnologies;1;nr
microrobots;1;nr
caillot;1;nom
tumorales;1;nr
fantaisiste;1;adj
salvatrices;1;nr
elire;1;nr
serieusement;1;nr
feutré;1;adj
reluisant;1;adj
éclatant;1;adj
miserable;1;nr
poors;1;nr
oligarchie;1;nom
colocations;1;nr
3000fr;1;nr
okey;1;nr
étides;1;nr
québécois;1;adj
mitaine;1;nom
decembre;1;nr
carthaginois;1;nom
iiv;1;nr
arquer;1;ver
lutece;1;nr
cruise;1;nr
spiritualité;1;nom
bateman;1;nr
muscler;1;ver
confirais;1;nr
bahahah;1;nr
abosulement;1;nr
conais;1;nr
grappe;1;nom
orianne;1;nr
yavais;1;nr
tampon;1;nom
sous_payer;1;ver
xompter;1;nr
emji_chat_qui_sourit;1;nom
interesser;1;nr
miso;1;nr
menuisier;1;nom
menuisières;1;nr
souder;1;ver
estune;1;nr
nullipares;1;nr
réflexologie;1;nom
endométriose;1;nom
parleuser_utilisateurice;1;nr
cadum;1;nr
couterait;1;nr
l2;1;nr
tony;1;nr
resoudra;1;nr
caaa;1;nr
arnuser_utilisateurice;1;nr
ptdrrrrr;1;nr
stoooooop;1;nr
seeeeens;1;nr
stpp;1;nr
tfacon;1;nr
emji_signe_multiplier;1;nom
emji_case_cochée;1;nom
desorienté;1;nr
compéter;1;ver
victimaire;1;nom
inquieter;1;nr
cadet;1;nom
aidants;1;nr
assumeront;1;nr
gynécologique;1;adj
assurantiel;1;nr
perdantes;1;nr
drop;1;nom
universaliste;1;nom
dégenrer;1;nr
emji_signe_je_t_aime_peau_claire;1;nom
pci;1;nr
référendaire;1;adj
berg;1;nom
nein;1;nr
nooooonnnnn;1;nr
oeux;1;nr
gonzesse;1;nom
incitatifs;1;nr
usuelement;1;nr
equité;1;nr
jessica;1;nr
jaccoud;1;nr
initiave;1;nr
uttiliser;1;nr
magenta;1;adj
défenseuse;1;nr
sc;1;nr
emji_semi_remorque;1;nom
isone;1;nr
rendeignez;1;nr
differance;1;nr
chifes;1;nr
revalorise;1;nr
diluer;1;ver
chimère;1;nom
égalisons;1;nr
hypocritical;1;nr
ty;1;nr
whippin;1;nr
remplire;1;nr
qqles;1;nr
quote_part;1;nom
curateur;1;nom
prosociales;1;nr
collectivise;1;nr
copiner;1;ver
lobyistes;1;nr
bouclements;1;nr
piécette;1;nom
balsseront;1;nr
suprrimons;1;nr
récurer;1;ver
austéritaire;1;nr
pleibes6s;1;nr
sophiste;1;nom
moid;1;nr
simplemente;1;nr
énoncez;1;nr
rhabiller;1;ver
régater;1;nr
v0lé;1;nr
nic0d;1;nr
enterriner;1;nr
autodertimation;1;nr
ciur;1;nr
imperialisme;1;nr
bizzare;1;nr
assasinat;1;nr
légitimite;1;nr
instrumentalisez;1;nr
sappel;1;nr
rachel;1;nr
battlefield6;1;nr
deuser_utilisateurice;1;nr
futre;1;nr
radicalisée;1;nr
metalleux;1;nr
performer;1;nom
streams;1;nr
awards;1;nr
greenfield;1;nr
festiva;1;nr
suissel;1;nr
aussiiiiii;1;nr
frro;1;nr
jäger;1;nr
nemo;1;nr
urbanisées;1;nr
mythomanie;1;nom
pavillonnaire;1;adj
titouan;1;nr
tavannes;1;nr
montrnet;1;nr
clapier;1;nom
eliu;1;nr
labubuverse;1;nr
vaudou;1;nom
steal;1;nr
brainrot;1;nr
révolut;1;nr
malle;1;nom
silencieusement;1;adv
diligence;1;nom
vigueures;1;nr
fail;1;nr
cherchwnt;1;nr
dervraient;1;nr
deplacer;1;nr
bcv;1;nr
beyoncé;1;nr
beyonce;1;nr
creé;1;nr
revolut;1;nr
salopard;1;nom
ému;1;adj
raiffeisen;1;nr
cettre;1;nr
cérise;1;nr
dépourvoir;1;ver
naufrage;1;nom
trio;1;nom
grouiller;1;ver
kons;1;nr
paratonnerre;1;nom
long_courrier;1;nom
baissage;1;nr
emji_disque_orange;1;nom
kelleher;1;nr
meteoswiss;1;nr
parkingpay;1;nr
letterboxd;1;nr
cinéaste;1;nom
mediaserver;1;nr
emji_pierre_tombale;1;nom
grindr;1;nr
roooh;1;nr
zuteeuuh;1;nr
fediverse;1;nr
teub;1;nr
loading;1;nr
cloudflares;1;nr
avanchets;1;nr
lignon;1;nr
hlm;1;nr
link;1;nr
lena;1;nr
tanmieux;1;nr
générait;1;nr
cr3v3r;1;nr
passionnel;1;adj
cmme;1;nr
peler;1;ver
jonc;1;nom
sécteurs;1;nr
minx;1;nr
pejorée;1;nr
greve;1;nr
specifique;1;nr
passengers;1;nr
swissmetal;1;nr
livreur;1;nom
dpd;1;nr
sufit;1;nr
metiers;1;nr
debordé;1;nr
reagisse;1;nr
wst;1;nr
entrevoir;1;ver
puérilité;1;nom
ssp;1;nr
ditli;1;nr
ssvp;1;nr
150000chf;1;nr
montbenon;1;nr
chiffrerait;1;nr
magnas;1;nr
ber;1;nom
bernaqua;1;nr
dichotomie;1;nom
négotiation;1;nr
disfonctionne;1;nr
hellooooo;1;nr
eurpope;1;nr
ingénieurie;1;nr
demunis;1;nr
cleptomanes;1;nr
precaires;1;nr
cleptomane;1;nom
discriminent;1;nr
diffamants;1;nr
chérir;1;ver
arroseur;1;nom
rebel;1;nr
procureur;1;nom
littéral;1;adj
autoproclamés;1;nr
taquin;1;adj
qualificatif;1;nom
deffendu;1;nr
hiérarchisé;1;adj
diffamer;1;ver
absoluement;1;nr
declarations;1;nr
gauchiastes;1;nr
chifelle;1;nr
pince;1;nom
jppppppppp;1;nr
emji_visage_angoissé;1;nom
frouzzzzz;1;nr
domicilier;1;ver
temo;1;nr
decisives;1;nr
delegations;1;nr
unanimite;1;nr
negocie;1;nr
2c;1;nr
30e;1;nr
consequances;1;nr
enterprises;1;nr
arretes;1;nr
emitions;1;nr
beneficiez;1;nr
explotation;1;nr
saliver;1;ver
dinner;1;nr
invisibilise;1;nr
prevu;1;nr