emji_visage_riant_aux_larmes;40;1834;94;28;38;239;239;180;124
aller;13;137;262;164;35;734;563;727;318
suisse;32;85;191;128;121;481;432;1036;270
voir;5;70;212;127;14;687;614;363;202
parler;2;27;240;43;96;379;384;242;110
pays;10;17;270;42;49;300;236;342;135
gens;2;17;106;91;31;473;302;287;125
monde;5;29;165;31;8;507;200;294;117
emji_applaudissements;303;48;39;31;13;111;84;59;32
prendre;3;29;78;47;7;252;257;301;155
enfant;2;18;200;26;10;359;85;243;70
mettre;1;25;95;48;15;341;159;217;153
payer;0;12;32;24;2;66;27;766;63
emji_visage_qui_pleure;183;48;63;12;3;129;59;83;42
femme;4;7;61;12;2;657;95;82;14
comprendre;2;27;75;42;21;319;296;141;63
penser;2;26;67;30;9;355;228;155;90
passer;1;25;107;45;12;273;185;182;112
problème;0;14;40;31;6;288;208;191;102
chose;3;16;69;32;12;404;185;110;58
temps;4;17;57;28;12;337;123;165;86
emji_se_rouler_par_terre_de_rire;3;294;14;12;3;43;30;44;21
vraiment;5;35;57;17;8;352;136;113;83
droit;1;2;120;181;9;157;174;66;23
emji_visage_souriant_avec_yeux_en_forme_de_coeur;392;14;3;2;0;39;13;11;19
rester;5;24;58;28;14;211;150;210;94
arrêter;0;17;157;47;6;185;122;148;90
vie;5;16;41;21;7;254;115;258;61
police;5;10;59;384;1;137;89;14;23
grand;12;19;55;22;4;177;128;246;114
vrai;4;33;81;24;10;175;240;104;87
donner;0;9;68;31;12;220;233;133;47
emji_coeur_rouge;374;11;31;5;3;86;24;21;18
venir;0;23;78;48;13;195;139;152;84
travail;10;8;17;51;9;184;71;309;52
homme;4;11;43;23;1;493;49;37;8
jour;2;17;73;20;7;166;93;126;169
trouver;2;11;44;24;7;236;141;181;65
état;0;3;201;27;1;79;102;176;29
vivre;1;9;51;11;14;259;77;161;55
fois;1;17;67;23;13;169;145;118;81
commentaire;3;38;30;16;13;90;423;25;17
demander;1;7;69;63;12;182;134;114;48
emji_mains_levées;310;9;18;4;8;46;25;16;14
seul;2;10;84;31;3;180;131;118;67
cas;1;7;44;43;4;220;126;118;58
année;1;23;55;11;4;103;78;246;108
palestinien;5;1;546;5;0;13;17;8;1
israël;0;4;543;1;0;7;17;4;2
riche;1;11;5;2;0;19;43;449;32
question;0;6;42;16;1;94;305;79;42
petit;4;17;46;24;8;145;104;145;86
france;0;29;20;25;7;82;98;240;77
guerre;1;12;400;9;0;58;39;35;12
argent;0;13;31;6;2;54;49;391;29
emji_feu;239;17;24;6;1;46;23;17;18
politique;1;3;61;16;6;71;291;71;23
accord;2;15;110;8;10;88;124;105;44
laisser;0;4;56;31;2;234;60;91;55
partir;1;9;33;25;6;81;141;181;47
sentir;4;13;32;14;6;208;139;62;44
devenir;0;6;26;18;8;139;97;163;68
besoin;5;9;29;33;8;134;89;159;47
place;1;3;39;23;7;126;87;93;70
palestine;75;3;250;31;3;56;53;12;7
hamas;0;6;419;1;1;12;7;0;2
travailler;0;9;8;11;9;66;40;288;24
français;0;19;16;8;54;74;96;165;32
connaître;2;15;37;13;14;122;196;50;34
peuple;2;3;179;16;2;62;112;77;11
continuer;6;5;119;17;4;88;75;96;59
changer;2;9;26;14;1;180;80;99;58
raison;1;15;45;22;10;178;83;60;49
manifestation;0;3;60;303;1;26;26;6;5
arriver;0;14;36;12;14;137;74;123;41
etc;0;3;36;14;1;94;59;115;86
humain;4;3;65;17;0;195;81;34;41
plutôt;0;11;37;13;4;106;141;86;46
rendre;2;9;80;15;5;138;84;53;43
utiliser;0;5;58;20;0;47;151;80;61
gauche;1;18;30;18;0;10;274;41;25
sujet;1;14;17;13;2;71;268;26;16
moment;2;10;48;27;4;195;48;63;24
cause;1;4;61;39;2;102;92;59;54
population;0;2;88;25;2;85;64;119;32
impôt;0;4;4;2;1;5;14;357;4
exemple;1;6;30;19;5;92;89;97;65
beau;16;21;10;8;9;222;54;44;32
part;0;7;44;23;5;85;113;114;20
paix;12;14;238;22;0;53;32;12;6
aimer;11;23;22;14;2;202;61;41;27
coup;1;12;39;23;4;99;106;79;48
emji_visage_souriant_avec_une_goutte_de_sueur;3;197;12;6;3;47;34;38;21
entreprise;0;1;8;1;0;15;20;294;31
genre;0;12;14;14;2;138;162;37;22
droite;0;8;28;10;1;20;261;41;12
gaza;3;3;330;10;0;14;9;13;4
compte;0;8;32;12;7;79;145;86;22
tellement;6;35;20;11;2;203;55;38;21
lire;2;13;26;16;6;43;247;24;11
ca;1;23;35;10;2;155;51;65;29
violence;0;0;35;76;0;159;86;6;1
social;0;4;10;8;1;88;99;160;13
importer;1;17;35;16;8;135;93;38;38
emji_visage_qui_pleure_à_chaudes_larmes;16;154;3;1;0;7;3;6;6
société;0;3;16;4;1;150;90;99;18
manifester;1;1;67;235;0;23;27;12;3
permettre;0;2;25;24;19;76;74;104;60
niveau;1;7;4;2;51;80;90;75;37
famille;10;9;60;21;5;150;30;80;18
système;0;0;6;5;3;59;65;193;33
emji_visage_avec_bouche_ouverte;18;4;10;2;0;14;12;10;9
article;2;7;32;24;2;21;221;35;25
rts;5;9;55;14;3;24;229;18;13
salaire;0;4;1;1;0;17;18;306;0
idée;3;25;14;4;3;74;148;69;30
exister;3;6;57;8;5;74;114;49;46
aider;1;4;29;17;1;117;64;111;13
sûr;1;23;29;13;2;95;109;62;31
loi;0;2;31;61;8;89;98;49;18
armée;0;2;122;6;0;113;45;53;13
public;0;0;30;42;4;31;90;124;34
moyen;0;4;48;16;6;71;41;129;39
commencer;1;9;58;22;2;112;75;56;19
tuer;0;6;195;8;0;66;24;18;23
regarder;0;14;21;16;2;90;112;58;34
cher;1;17;8;3;4;13;28;185;89
partie;2;5;41;18;4;61;98;92;30
soutenir;1;3;127;16;2;64;72;50;12
faux;0;12;41;15;1;44;180;33;18
premier;2;7;42;9;7;45;124;64;45
lieu;0;3;36;17;2;96;88;75;34
histoire;4;13;62;6;3;71;156;23;7
genève;2;15;11;13;1;18;17;109;144
sortir;1;13;32;15;3;140;64;59;24
trump;1;14;122;4;1;44;83;55;15
génocide;0;2;280;12;0;13;22;8;0
défendre;0;6;107;24;1;65;75;46;12
israélien;0;3;315;1;0;1;8;6;0
perdre;1;6;27;6;2;108;58;94;20
prix;0;9;37;2;0;14;16;193;54
finir;3;12;36;15;1;85;47;72;61
écrire;1;14;24;16;47;68;130;9;10
emji_mains_en_prière;146;4;18;1;0;40;22;14;4
attendre;5;12;43;13;5;71;108;47;19
emji_visage_faisant_un_clin_d_oeil;0;18;13;8;8;134;55;31;34
servir;1;4;29;25;3;108;51;75;25
mort;0;7;160;7;0;54;35;17;25
gouvernement;1;6;141;10;0;42;53;44;16
otage;4;4;274;5;0;3;5;4;1
montrer;0;3;37;18;2;79;138;21;16
emji_visage_en_pleine_réflexion;1;20;27;6;2;38;83;42;22
emji_drapeau_suisse;83;11;16;12;7;38;27;30;21
jeune;2;6;15;7;0;158;46;48;19
nouveau;3;9;28;6;2;93;61;73;37
gros;0;10;11;9;2;71;49;100;50
côté;0;11;34;12;2;117;42;45;48
simplement;2;2;25;12;3;52;94;87;31
service;2;1;15;9;1;125;23;101;16
meilleur;18;12;9;3;6;69;52;53;39
revenir;0;3;16;3;1;34;43;181;21
oublier;2;7;56;12;0;50;67;71;43
europe;1;3;65;7;3;47;44;47;28
espérer;4;11;24;23;7;137;46;37;17
réalité;0;2;27;6;1;78;130;41;14
assurance;0;2;0;2;0;0;3;267;11
agir;0;0;48;29;2;61;103;31;23
créer;0;2;32;9;2;59;45;108;34
ville;5;5;16;26;2;31;35;43;107
emji_visage_boudeur;8;35;21;18;0;26;18;17;9
manquer;2;8;15;6;2;123;51;58;25
pauvre;1;15;13;10;2;56;38;116;21
animal;8;4;9;3;1;163;18;10;46
justice;7;2;86;15;2;64;66;31;6
fin;1;4;49;6;1;64;82;60;19
respecter;0;1;77;38;5;49;49;23;37
santé;1;2;4;5;1;28;27;166;43
situation;0;1;31;17;2;94;85;33;16
protéger;0;1;30;62;1;92;43;25;21
justement;0;2;23;13;1;76;94;55;14
emji_visage_roulant_des_yeux;0;100;16;8;5;33;34;33;19
seulement;0;13;30;19;5;40;51;62;53
rapport;0;9;29;9;0;62;102;39;16
frontalier;0;7;1;1;3;7;21;179;35
appeler;2;12;51;18;2;41;92;29;18
augmenter;0;4;6;0;1;8;17;176;43
école;0;0;13;1;13;132;17;51;32
extrême;0;8;26;10;0;12;175;16;7
mot;1;8;47;5;9;50;122;10;5
normal;0;7;13;12;10;48;39;92;36
heure;2;6;16;26;2;33;32;46;80
dernier;0;7;40;16;1;62;69;39;26
mois;0;2;8;5;0;27;17;166;23
essayer;0;6;29;11;0;96;62;35;21
policier;1;1;19;153;0;36;34;2;4
chercher;1;5;24;14;0;74;67;57;18
gagner;1;0;7;4;2;23;21;164;13
malheureusement;2;3;36;7;2;106;52;30;21
terroriste;1;0;224;1;0;6;6;1;0
solution;0;4;30;7;0;71;41;63;29
liberté;2;5;20;25;0;50;108;15;10
civil;0;1;171;6;1;38;8;14;2
canton;0;6;3;8;6;16;18;125;52
étranger;0;2;18;0;15;37;79;76;12
pire;0;10;35;6;3;79;28;15;49
manière;0;2;16;18;1;49;95;38;24
expliquer;0;7;30;10;0;40;82;59;17
argument;1;9;15;5;1;51;125;25;10
emji_drapeau_territoires_palestiniens;108;0;34;1;0;1;2;2;1
aide;0;3;58;12;2;58;31;65;14
simple;1;4;18;11;7;65;47;62;24
apprendre;0;0;13;4;46;92;53;13;11
triste;5;8;20;6;0;142;20;20;12
international;0;0;113;37;2;16;29;18;17
ouvrir;0;2;24;9;3;40;101;37;19
étude;0;2;2;2;3;43;74;85;17
honte;0;6;32;13;1;115;26;30;7
bas;0;11;19;9;3;41;38;91;15
acheter;1;7;13;3;0;20;9;61;114
possible;2;4;22;9;3;57;42;68;26
propre;0;4;20;5;5;72;67;40;20
avis;0;6;14;11;6;45;123;16;6
façon;1;7;17;14;1;77;46;34;29
voter;3;4;6;2;3;21;120;53;9
terre;1;3;98;6;0;47;16;21;27
sécurité;0;3;22;43;0;46;42;51;19
interdire;0;4;12;27;4;51;29;17;71
mauvais;0;5;13;6;2;98;35;27;29
voiture;3;6;2;6;0;5;0;22;169
super;5;29;8;5;5;43;39;52;34
choix;3;2;14;5;0;89;31;61;14
initiative;5;2;4;3;5;41;86;67;6
égalité;1;6;1;1;1;145;23;17;3
respect;8;2;28;15;2;133;17;6;4
répondre;0;5;18;3;2;21;129;13;21
foutre;3;10;24;21;2;87;26;33;14
terme;0;0;30;7;1;48;82;24;10
mériter;8;4;28;10;4;50;38;54;6
équipe;4;4;0;1;0;35;4;15;3
majorité;0;1;17;6;4;46;57;63;25
important;0;2;14;9;1;99;37;38;19
sembler;0;3;28;9;4;33;71;40;26
victime;3;3;64;6;0;89;33;15;1
taxe;0;4;3;0;0;7;6;169;8
entendre;0;9;31;9;3;62;66;19;12
risque;0;5;10;10;0;40;42;61;39
classe;3;6;2;2;3;16;14;149;11
également;1;2;30;7;4;32;45;49;37
israel;0;0;188;1;0;3;4;0;1
feu;1;5;96;17;0;28;14;6;44
pareil;1;8;9;3;2;58;44;33;52
manifestant;1;2;44;148;0;4;5;1;1
maladie;1;1;1;0;0;8;7;174;13
occuper;0;3;39;5;4;55;27;56;17
baisser;0;3;1;1;0;2;5;166;22
absolument;2;4;18;6;4;49;82;35;9
nombre;0;0;26;16;2;26;19;53;41
manger;0;4;2;2;0;15;13;25;129
taxer;0;0;0;0;1;1;16;164;7
nouvelle;6;14;17;2;0;48;33;21;58
effet;0;7;2;10;1;45;42;32;59
arme;1;3;88;13;1;39;21;20;12
emji_visage_avec_des_symboles_dans_la_bouche;0;13;3;2;0;6;10;7;6
crime;0;0;150;1;0;16;18;7;0
poser;0;3;12;2;1;35;109;27;16
exactement;7;3;22;3;4;47;79;35;8
base;2;5;13;8;6;27;70;61;11
éviter;0;6;13;4;0;36;54;50;35
valoir;6;13;17;4;7;44;29;65;16
retrouver;0;8;15;6;2;77;19;40;30
suivre;0;4;22;13;0;27;82;40;13
parent;1;3;2;5;3;94;13;61;11
langue;1;5;1;1;144;8;5;10;3
source;1;2;22;3;2;12;100;28;19
info;3;19;21;9;0;7;105;18;18
citoyen;0;0;13;31;3;50;57;36;7
eau;1;4;8;25;0;7;9;10;121
train;0;6;19;4;1;20;17;32;97
suffire;0;2;18;8;5;36;58;47;25
rue;0;3;34;47;2;46;27;12;25
jouer;3;4;9;3;2;88;31;23;12
garder;0;1;13;7;2;53;34;60;25
représenter;2;4;25;3;2;23;58;38;20
préférer;0;8;20;6;2;44;35;67;15
groupe;0;2;63;17;0;27;41;15;11
reconnaître;2;4;92;6;0;33;39;9;5
face;0;3;28;15;1;60;59;16;6
profiter;0;3;8;7;2;26;23;107;15
couper;2;3;4;1;0;37;19;55;18
clairement;0;3;22;10;2;76;41;25;10
ultra;0;3;5;3;2;9;18;117;24
oeil;1;7;33;10;0;35;88;11;9
haine;0;2;59;12;3;48;50;11;3
média;1;1;34;9;1;11;116;10;4
courage;43;11;20;4;0;65;22;13;9
réponse;0;8;16;7;2;11;124;13;3
peur;0;10;17;6;1;81;36;23;11
européen;0;2;36;11;5;30;30;30;8
imaginer;1;6;13;5;2;44;40;52;26
fortune;0;2;2;2;0;7;10;152;4
ia;0;6;3;1;0;18;107;28;7
logique;0;5;14;11;8;43;30;48;24
journée;2;8;7;1;0;97;27;25;15
concerner;0;0;11;2;1;48;46;58;16
choisir;0;4;11;4;0;77;40;29;15
mdr;0;21;12;13;4;60;33;28;11
détruire;0;4;45;21;2;31;26;26;26
vidéo;0;5;32;13;0;17;100;5;4
peine;0;2;23;4;5;66;39;32;11
intérêt;0;0;21;8;2;23;81;28;9
information;1;10;28;9;0;39;78;7;5
franchement;1;6;6;9;2;76;27;38;15
facile;0;1;6;6;7;70;36;39;12
casser;0;3;22;98;0;16;12;14;16
semaine;0;1;13;5;8;29;21;46;50
traiter;0;3;40;8;2;48;54;15;7
long;0;4;10;1;3;74;30;40;13
économique;0;1;10;1;1;23;33;75;25
économie;0;0;1;2;1;3;19;125;26
chiffre;0;4;9;6;1;22;51;67;14
accepter;0;3;22;8;1;67;18;47;8
uniquement;0;1;19;6;1;45;51;31;26
toucher;0;5;10;2;1;29;26;74;29
fédéral;0;2;13;32;2;11;61;47;3
financer;1;2;39;1;0;10;21;96;6
démocratie;1;3;36;19;0;9;94;6;1
moyenne;0;0;1;0;0;6;6;128;22
haut;2;2;9;2;3;44;31;57;25
faute;0;6;14;21;4;27;59;32;12
rappeler;0;4;17;18;2;39;61;21;17
humanité;5;1;58;1;0;53;35;14;5
soutien;14;1;73;22;0;24;22;13;6
maison;2;5;23;3;2;48;11;40;39
dur;0;5;18;1;4;43;17;64;19
udc;0;10;6;0;16;6;116;12;2
chance;3;10;8;5;0;44;18;55;21
unir;9;4;62;4;0;12;18;43;7
tête;0;11;13;6;1;76;36;16;14
route;0;3;2;9;0;10;8;8;127
marcher;1;6;14;13;2;82;24;18;13
lausanne;1;11;4;11;2;23;14;15;86
emji_visage_souriant_avec_coeurs;56;5;0;0;0;14;8;5;5
contraire;0;1;17;13;3;42;61;28;8
voler;1;4;41;5;1;37;27;28;18
souhaiter;6;4;16;1;2;64;29;41;6
plaindre;1;7;7;13;0;70;34;28;8
image;0;1;27;9;2;28;75;19;7
valeur;1;2;17;5;1;34;69;34;6
truc;0;1;6;8;1;48;50;39;11
nom;1;5;40;7;4;31;39;19;14
fou;0;5;22;6;1;65;43;13;9
fonctionner;0;2;7;4;1;22;42;64;24
but;1;3;30;10;3;37;38;33;9
main;2;1;27;6;1;51;20;32;21
magnifique;91;4;6;3;3;19;13;13;16
juif;0;0;144;0;0;1;4;0;0
différence;0;0;13;8;2;37;35;46;20
offrir;1;2;8;7;3;17;24;73;21
minimum;0;2;8;6;16;18;30;75;10
user;1;2;36;8;1;20;33;56;5
réel;1;6;8;7;0;34;66;23;16
propos;0;2;16;3;1;21;115;5;2
massacre;0;1;97;1;0;6;6;1;1
cours;0;2;18;4;8;49;43;27;12
commettre;0;1;115;8;0;21;11;3;5
mesure;0;1;10;11;1;24;56;42;18
bref;0;3;15;5;1;47;45;29;19
blanc;0;6;13;8;2;35;68;7;12
autoriser;0;2;7;119;0;6;4;9;12
tomber;3;7;14;7;0;61;26;26;15
remettre;0;1;12;4;0;53;46;29;14
fait;0;0;10;9;0;10;103;14;8
milliard;0;4;7;1;0;0;4;96;34
coût;0;2;1;2;0;7;5;130;12
corps;0;3;33;3;2;63;9;10;21
caisse;0;2;0;0;1;1;3;132;11
prison;0;5;61;12;1;34;25;6;11
preuve;0;5;16;10;1;22;82;9;8
vendre;0;2;20;2;1;12;12;50;56
tenir;0;6;32;6;2;43;46;14;8
produire;0;3;5;5;3;10;16;32;79
pro;0;4;85;11;0;13;21;12;3
meme;2;1;15;2;4;60;22;29;12
totalement;0;1;10;6;1;28;61;26;23
physique;0;1;2;0;1;31;50;7;60
libre;2;1;19;5;0;60;32;22;14
ami;3;3;17;1;5;58;23;27;15
écouter;1;5;8;3;1;39;75;10;6
recevoir;0;0;21;8;5;24;28;53;9
allemand;0;6;5;0;89;7;10;9;7
militaire;0;0;43;5;0;47;19;26;5
empêcher;0;1;16;18;2;44;33;21;13
débat;0;3;8;0;3;31;84;11;10
américain;0;3;26;3;0;20;29;36;12
accueillir;1;0;29;4;4;54;2;40;9
sauver;0;4;13;6;0;38;13;61;11
refuser;0;1;31;9;2;28;34;42;5
privé;1;2;5;4;2;12;24;74;20
mondial;0;2;14;4;0;20;20;33;34
culture;0;1;10;0;3;47;56;19;7
complètement;1;3;18;7;1;30;59;14;14
réfléchir;0;1;4;6;0;50;56;26;8
raciste;0;2;8;4;2;16;105;5;3
envoyer;0;7;22;5;0;47;17;28;19
poste;0;4;5;2;0;23;18;82;4
charger;0;1;9;4;0;37;19;60;12
cacher;0;2;27;23;0;33;39;13;6
banque;1;5;3;0;1;3;1;118;4
époque;0;5;14;2;4;64;27;18;14
prochain;0;10;7;7;1;34;61;16;12
grave;1;1;26;8;2;43;38;19;9
emploi;0;1;1;0;0;7;2;125;6
type;0;4;10;3;1;33;52;22;21
total;2;1;26;12;1;31;28;25;20
résultat;1;1;5;7;0;22;49;35;17
réseau;0;1;13;6;0;25;73;13;14
obliger;0;1;11;9;1;72;7;32;14
manif;0;1;28;94;0;8;5;4;1
prime;1;1;1;7;0;2;3;121;4
actuel;1;0;19;3;1;30;27;39;25
énergie;2;1;2;0;0;5;12;17;90
porte;0;3;13;9;0;51;31;24;12
envie;0;2;5;4;3;75;15;29;12
entier;1;3;28;9;3;38;28;25;11
subir;0;1;40;9;1;40;23;13;11
mec;1;18;6;6;2;83;15;9;2
produit;0;1;1;0;0;6;4;22;96
personnel;0;1;3;3;0;44;29;45;11
millier;0;0;66;9;2;11;8;33;11
condition;0;0;18;9;1;22;13;58;18
effectivement;0;5;12;6;0;32;48;24;14
marché;0;3;3;0;0;12;8;67;41
difficile;0;1;12;2;6;57;26;22;11
criminel;0;0;83;8;0;21;15;4;2
responsable;0;0;25;12;0;31;32;28;5
partager;1;1;18;0;0;56;36;17;10
emji_coeur_brisé;65;7;14;0;1;8;4;6;3
clair;0;6;20;5;1;19;55;16;18
arabe;0;4;90;3;3;7;16;3;1
étonner;1;4;9;8;2;19;7;74;12
imposer;0;1;6;6;4;37;20;57;7
acte;0;1;49;14;0;26;35;4;6
projet;4;3;5;6;1;11;24;50;29
photo;4;15;10;6;0;33;61;1;5
heureusement;2;12;11;10;0;37;46;8;9
emji_étincelles;63;7;3;0;0;14;6;1;7
vérité;3;6;12;6;0;31;60;9;1
sûrement;0;9;18;6;3;37;29;21;9
qualité;0;3;1;1;1;11;14;42;51
plaisir;3;7;3;5;0;73;17;18;9
musulman;0;3;106;1;0;7;7;1;0
justifier;0;0;36;15;0;22;33;20;6
journaliste;1;3;43;2;3;20;47;13;0
free;71;1;27;3;1;7;4;2;3
fermer;0;3;17;9;1;20;51;9;25
évidemment;0;4;12;4;3;19;53;29;9
sérieux;2;2;9;0;0;55;39;16;11
ordre;0;0;17;68;0;13;19;7;9
décision;0;3;13;6;0;31;57;14;8
réduire;0;1;1;1;1;12;20;42;52
obligatoire;0;0;1;3;3;76;4;29;13
discours;0;1;18;1;1;23;78;5;4
bosser;0;2;1;2;3;19;5;83;11
attaquer;0;1;36;22;1;17;28;12;12
soin;4;1;9;3;0;28;11;66;5
emji_visage_de_clown;0;6;15;6;1;9;31;19;1
décider;0;1;23;6;1;50;9;33;7
national;0;0;9;0;40;18;27;24;8
loyer;0;0;0;0;0;2;1;118;7
héritage;0;2;1;0;0;6;11;102;0
règle;0;1;5;11;3;51;20;25;12
renseigner;0;3;11;12;1;17;68;13;5
prouver;0;3;18;3;3;21;56;13;5
proposer;1;0;12;1;2;21;25;39;24
genocide;0;1;107;2;0;3;5;6;0
doute;2;4;15;3;2;25;49;17;12
cesser;0;1;104;2;0;5;5;8;3
air;1;4;8;3;1;41;27;9;33
suite;0;4;24;4;1;36;26;24;9
rentrer;0;1;15;11;2;23;12;29;36
lien;0;19;11;2;0;27;41;18;9
coûter;0;1;2;1;0;5;3;86;23
couple;0;2;1;0;0;85;4;18;2
content;3;7;11;2;0;22;47;18;17
dénoncer;0;0;55;6;0;20;28;14;1
blague;2;31;20;1;3;30;17;15;10
réussir;0;3;12;4;7;23;14;57;3
porter;0;2;3;13;1;61;19;10;17
emji_visage_qui_hurle_de_peur;2;38;8;1;0;7;3;3;2
coeur;9;5;12;6;0;54;23;9;7
bloquer;0;3;15;43;2;17;16;12;13
sioniste;1;6;96;1;0;4;8;2;2
libérer;1;1;85;0;1;13;4;8;9
emji_pouce_vers_le_haut;7;56;7;1;5;16;8;4;6
emji_colombe;82;2;9;0;0;4;3;1;5
augmentation;0;3;2;0;0;9;4;86;12
racisme;1;1;10;4;2;20;71;4;2
onu;0;2;92;0;0;9;13;1;3
action;1;1;24;11;0;20;41;14;9
conflit;0;1;40;5;0;29;31;12;3
président;2;5;36;3;2;15;32;15;3
participer;1;1;18;10;2;24;30;33;2
nombreux;0;0;17;4;0;18;46;18;17
limite;0;2;6;1;2;58;14;17;19
incroyable;6;12;8;0;2;54;9;17;8
danger;0;1;9;40;1;26;22;5;16
climatique;0;2;0;1;0;10;32;18;52
battre;0;1;11;5;0;53;12;22;14
atteindre;0;0;6;11;6;21;21;34;20
titre;0;2;14;7;0;28;48;9;8
proche;3;2;10;3;0;50;10;28;13
intéressant;1;6;3;3;0;16;66;23;4
illégal;0;0;17;63;0;14;8;7;6
opinion;0;1;8;5;0;8;91;3;5
métier;2;2;1;6;4;35;22;37;5
mourir;0;3;16;2;0;53;6;14;16
directement;0;1;10;6;0;18;25;34;25
billet;4;5;3;0;0;4;6;53;39
bcp;0;3;15;6;0;44;15;23;10
tourner;0;1;3;1;1;16;18;56;24
responsabilité;0;1;8;8;0;45;34;15;7
général;0;0;5;8;0;42;25;31;9
début;0;1;21;1;0;47;17;22;8
compter;0;2;10;5;1;17;15;43;23
violent;0;2;28;17;0;44;24;0;3
emji_biceps_contracté;50;1;7;2;0;8;3;5;5
zone;0;2;17;6;0;9;3;22;43
souci;0;2;3;6;0;51;22;22;7
régime;0;1;19;1;0;5;38;4;24
sud;0;1;9;0;0;0;3;2;2
gars;3;12;5;1;1;30;40;11;6
forcément;1;1;4;3;1;46;20;25;12
condamner;0;2;42;4;0;18;41;5;1
éducation;0;2;3;6;2;52;11;33;3
intéresser;1;3;16;3;1;13;52;18;6
final;0;3;6;1;3;24;15;36;15
différent;0;1;9;6;2;40;33;10;9
autorité;0;0;23;55;1;12;12;4;5
assumer;0;3;8;14;1;49;22;13;2
mode;0;5;7;2;0;53;14;6;24
attaque;0;1;53;5;2;10;24;11;5
svp;0;8;10;2;1;10;54;11;14
post;0;2;9;2;0;11;73;7;4
lier;1;0;7;1;1;16;22;32;31
frais;0;1;2;4;0;4;5;83;7
forme;0;0;5;4;0;27;43;18;12
conseil;0;3;7;3;2;16;47;30;2
commun;0;2;2;2;5;35;14;20;27
accès;0;1;3;11;1;33;10;35;13
ukraine;2;0;62;2;0;8;9;20;0
région;0;0;22;0;5;18;10;19;29
gérer;0;0;9;8;1;43;10;32;7
frontière;0;3;17;0;3;10;16;32;30
erreur;0;1;5;3;2;24;35;25;10
considérer;0;0;15;4;4;34;37;9;6
bout;0;3;11;5;0;43;29;15;6
vote;2;3;7;5;6;12;56;13;2
voisin;1;2;16;3;1;34;10;28;14
message;0;0;8;7;1;16;66;5;4
compliqué;0;1;8;3;2;38;16;19;17
complice;2;3;87;2;0;3;6;5;0
changement;0;2;2;2;0;27;30;18;23
franc;0;3;3;1;0;2;0;81;8
contrôle;0;0;14;10;0;18;14;27;21
assurer;1;0;4;15;2;18;15;45;4
appliquer;0;1;10;3;0;23;38;22;12
rire;1;28;7;2;1;19;29;13;4
retour;2;5;12;3;2;16;15;10;42
oser;0;5;13;4;0;47;20;11;4
conséquence;0;0;11;13;1;28;35;13;7
cest;0;3;13;6;1;41;13;13;5
honteux;0;1;12;5;1;36;22;9;5
dangereux;0;2;6;11;1;32;22;2;26
consommation;0;3;0;1;0;17;12;13;60
chf;0;3;2;0;0;2;14;66;7
affaire;0;2;5;11;0;22;31;24;8
accident;0;0;2;1;0;7;6;11;73
vol;0;2;7;1;0;6;43;11;31
voie;0;0;2;6;0;15;17;8;52
principe;0;0;8;7;1;17;42;26;3
naître;2;3;22;1;3;50;6;12;2
milliardaire;0;0;3;0;0;3;12;82;1
employé;0;0;2;5;2;3;14;78;1
apporter;0;2;12;0;0;22;45;16;6
nécessaire;0;0;5;10;0;16;36;24;14
local;0;2;4;1;4;13;14;32;35
engager;0;4;6;5;2;18;18;44;4
déranger;0;2;11;4;0;38;31;9;8
afrique;0;2;15;0;2;12;9;4;15
plan;0;0;48;1;0;16;13;11;6
livre;0;5;7;1;0;12;65;4;6
transport;0;2;0;2;0;2;5;36;57
polluer;0;7;2;0;0;5;5;12;66
médecin;1;1;10;2;1;6;5;66;3
légal;0;2;8;34;0;10;23;18;5
climat;0;2;2;1;1;6;19;24;42
bientôt;0;6;7;5;2;36;12;16;18
statistique;0;0;0;0;1;15;63;17;4
neutre;0;2;16;3;0;7;55;9;0
hôpital;0;1;19;1;2;12;3;62;2
excellent;12;17;3;0;4;12;22;17;12
ensemble;1;1;13;3;2;33;29;14;5
critiquer;0;3;8;4;1;18;58;6;2
chrétien;0;0;82;1;0;3;6;2;0
cadeau;0;1;1;0;0;6;9;69;6
territoire;0;1;51;3;0;7;12;16;5
soudan;2;0;85;0;0;6;4;1;2
réellement;0;1;9;7;2;17;26;22;14
monter;0;3;4;11;1;24;24;20;13
effort;0;2;4;4;3;29;25;27;8
retourner;3;6;22;1;1;39;10;11;6
protection;0;3;7;10;1;44;7;19;7
prisonnier;0;0;90;0;0;1;3;0;2
habiter;0;3;7;5;4;11;8;26;31
emji_visage_souriant_avec_yeux_rieurs;5;4;4;0;3;37;16;20;3
emji_visage_souriant_aux_yeux_rieurs;1;49;1;2;0;9;12;11;4
dépasser;0;0;4;3;0;11;7;42;31
conscience;0;0;7;3;0;24;39;10;14
âge;0;3;0;6;3;52;17;9;6
sport;2;1;2;0;0;29;10;16;33
retraite;0;4;0;0;0;9;3;81;1
gauchiste;0;5;15;4;2;6;53;11;0
drogue;0;0;8;1;0;33;14;12;28
direct;0;3;14;0;0;7;34;18;19
comparer;0;1;13;1;2;19;17;21;16
adulte;0;0;2;3;4;44;21;4;2
vieux;0;8;7;6;0;29;21;8;17
tirer;0;3;25;19;0;15;16;9;10
plaque;0;2;1;1;2;38;5;7;33
planète;0;0;6;3;0;26;16;25;21
octobre;0;1;77;1;0;3;7;4;2
conseiller;0;2;13;1;1;8;41;24;6
art;4;2;3;10;1;6;46;8;6
training;0;7;0;0;1;64;0;4;8
taux;0;0;0;0;0;13;5;57;18
quitter;0;4;7;6;1;13;8;51;2
présenter;0;1;11;8;0;20;40;5;9
perte;0;1;5;2;0;16;12;44;14
perso;0;2;1;1;3;40;8;24;16
fond;1;2;3;4;0;25;38;18;5
enlever;0;2;13;2;0;14;9;25;23
endroit;1;1;5;6;2;26;11;15;25
emji_drapeau_israël;11;2;54;0;0;0;0;0;0
soigner;0;3;17;0;0;16;10;44;1
origine;0;1;8;1;8;41;21;7;6
moitié;0;1;8;2;3;12;13;45;5
mentionner;0;0;11;6;0;9;49;13;7
inquiéter;0;5;9;2;0;32;18;23;5
fille;1;2;3;4;2;63;7;4;5
budget;0;0;2;0;0;3;10;70;6
adorer;21;11;5;2;1;18;16;8;11
adapter;0;1;0;3;2;19;7;29;33
fiscal;0;0;0;0;0;0;2;89;2
continent;0;1;4;0;1;4;5;3;1
pacifique;0;2;6;71;0;2;5;1;2
mouvement;1;1;23;12;0;26;23;4;1
etat;0;1;27;0;0;12;19;27;4
critique;0;2;10;1;1;7;62;4;5
courant;0;3;15;4;3;10;41;12;2
consommer;0;0;0;2;0;19;6;12;54
chine;0;4;14;0;0;4;7;11;48
rôle;0;1;11;11;0;30;25;8;6
parole;0;4;28;2;1;25;26;2;2
juger;0;0;24;2;0;19;41;2;3
investir;0;0;3;1;1;14;1;58;11
gratuit;0;2;2;2;1;8;16;38;21
actuellement;0;0;10;4;1;22;12;34;7
ridicule;0;2;9;2;0;35;23;10;8
professionnel;0;1;2;3;0;35;10;34;6
pousser;0;2;8;1;0;25;22;17;13
joli;0;4;4;1;2;19;18;14;24
islamiste;0;1;85;1;0;0;1;3;0
innocent;0;1;68;3;0;9;5;2;1
habitant;0;0;10;1;2;11;7;33;26
génération;0;4;9;0;0;40;6;26;5
cessez_le_feu;0;0;81;1;0;0;2;0;0
cash;0;3;0;0;0;0;3;66;5
avantage;0;0;1;1;3;9;19;49;3
politicien;0;0;8;1;1;11;36;27;6
informer;0;1;13;9;0;16;31;9;9
essentiel;1;2;4;10;3;16;18;24;12
vélo;0;3;0;1;0;2;0;0;71
viser;0;0;17;5;1;15;28;19;2
pied;0;4;8;3;0;22;6;12;32
noir;0;3;11;8;0;18;27;4;16
jeu;1;4;7;2;0;39;20;8;4
immigration;0;0;4;0;0;10;43;23;0
humanitaire;0;0;68;1;0;5;7;5;3
emji_visage_souriant_avec_une_larme;8;14;1;3;0;37;5;8;4
russie;1;0;68;1;0;4;5;3;4
richesse;0;0;2;1;1;4;10;67;2
patron;0;0;1;3;0;4;8;69;2
nationalité;0;0;0;0;19;22;32;9;3
expression;0;2;1;7;1;7;68;0;0
emji_mains_en_prière_peau_claire;26;8;4;2;0;15;5;3;6
capable;0;4;5;5;3;47;12;8;2
socialiste;0;4;2;0;0;5;27;42;1
scientifique;1;1;0;0;0;11;56;7;7
obtenir;0;0;6;3;12;13;20;25;8
membre;0;3;17;6;0;28;14;11;3
inutile;0;2;6;6;1;9;24;18;20
esprit;0;1;4;4;2;39;33;3;1
emji_visage_avec_des_étoiles_à_la_place_des_yeux;46;3;0;0;0;8;3;1;9
drôle;0;10;5;2;6;18;34;5;6
dieu;3;8;26;2;0;20;16;7;1
courir;0;4;5;0;0;36;18;14;6
casseur;0;0;5;73;0;1;4;2;0
autorisation;0;0;4;66;0;1;4;1;5
utile;0;1;6;4;2;24;16;16;17
notamment;0;0;13;5;0;19;17;23;10
mineur;0;0;6;11;0;28;31;5;1
enquête;0;3;14;2;1;3;50;3;0
emji_visage_festif;18;2;3;1;0;7;5;2;7
sorte;0;2;4;8;1;21;15;26;7
obligation;0;1;6;3;0;50;6;11;6
drone;0;2;44;3;0;10;7;12;6
dimanche;0;4;1;1;0;13;12;26;21
commerce;0;0;4;9;0;7;7;35;22
apparemment;0;6;6;5;1;23;22;13;10
organiser;1;0;31;9;0;12;14;8;6
etre;1;3;7;4;1;35;18;11;4
emji_yeux;3;24;1;2;2;9;15;6;5
corruption;0;3;7;1;0;5;48;15;0
certainement;0;6;7;5;3;13;29;15;7
top;3;3;2;1;3;35;4;13;10
recherche;0;1;4;0;3;17;20;28;9
prévoir;0;1;10;6;3;12;9;28;12
pain;0;3;0;0;0;2;2;6;54
objet;0;1;2;8;0;24;29;5;10
lol;0;10;11;3;0;8;31;12;5
impression;0;1;2;3;1;28;32;11;5
horreur;0;5;25;2;0;21;16;5;4
habitude;1;1;6;4;1;4;39;8;18
exprimer;1;0;3;7;2;26;38;0;0
dépenser;0;5;2;0;0;6;1;55;13
contrôler;1;1;22;10;0;15;11;12;11
centaine;0;0;28;7;0;12;4;19;10
capitalisme;0;4;5;1;1;12;25;33;3
bouger;0;1;5;3;0;38;16;16;4
bombarder;0;0;71;0;0;5;3;2;0
berner;1;7;7;31;1;5;7;10;11
ps;0;7;10;1;1;13;30;20;0
nature;3;3;6;0;0;31;14;7;17
mère;1;1;2;1;1;60;0;11;2
étonnant;1;8;13;2;0;11;9;30;6
vivant;1;1;16;0;0;34;5;13;8
supprimer;0;2;3;3;1;3;22;26;19
relever;1;0;6;1;0;22;40;4;7
finalement;1;3;7;1;0;36;11;16;6
emji_visage_avec_fumée_sortant_des_narines;0;28;4;3;0;7;4;5;5
crise;0;0;8;1;1;12;9;33;15
contrairement;0;5;11;0;7;13;24;12;6
centre;0;1;4;1;1;16;16;15;23
visage;1;0;7;41;0;7;14;1;3
ligne;0;5;8;3;0;3;27;9;24
largement;1;0;12;0;5;10;13;32;3
lancer;0;2;14;7;0;13;34;5;4
film;3;7;2;1;0;12;45;6;1
désolé;0;11;4;7;1;13;29;10;4
douche;0;4;0;1;0;48;2;1;15
brésil;2;2;11;2;0;9;26;7;7
amérique;0;1;7;0;0;2;2;1;1
présent;3;3;7;4;1;29;19;5;6
pleurer;0;11;11;4;2;28;14;6;3
plaire;1;2;7;1;0;15;39;7;6
organisation;0;0;31;6;0;7;9;15;5
hériter;0;3;0;0;0;4;0;67;1
heureux;1;7;5;0;1;47;5;8;4
financier;0;0;4;1;0;10;21;35;1
emji_visage_avec_un_sourire_malin;0;13;10;2;3;7;7;18;7
dépendre;0;1;1;2;1;5;11;22;31
construire;0;1;10;2;1;14;8;24;18
objectif;0;0;16;6;0;5;31;13;5
job;1;0;0;2;2;15;20;32;2
excuser;1;1;16;6;2;16;25;11;0
domaine;1;0;2;0;1;21;18;28;4
dirigeant;1;0;19;1;0;7;22;27;1
course;1;4;0;2;0;11;9;32;18
confondre;0;2;8;5;0;9;38;3;11
avancer;1;0;3;3;5;32;20;6;5
élevé;0;2;1;0;2;10;2;46;12
voix;1;0;7;8;2;22;36;0;0
ue;1;2;10;0;2;7;22;17;6
répéter;0;1;9;6;1;8;41;6;4
froid;0;23;8;5;0;10;11;1;17
connerie;0;2;3;2;2;39;13;7;5
campagne;0;0;0;1;0;10;37;4;20
bande;0;3;61;1;0;4;0;3;4
soir;2;9;5;3;1;8;7;3;38
ressource;0;0;8;2;0;2;9;34;22
probablement;0;0;9;2;3;25;18;13;5
priorité;0;1;0;2;1;12;7;36;14
nuit;0;2;12;4;0;21;9;4;23
noël;24;7;3;0;0;8;5;8;16
malade;0;1;4;1;0;20;7;34;7
logement;0;0;2;0;0;2;1;55;9
impossible;0;3;9;3;4;18;9;14;15
impact;0;0;1;5;0;8;13;28;22
hiver;0;8;0;0;0;3;3;1;58
définition;0;1;17;6;2;3;37;5;5
appartenir;0;1;10;1;0;15;15;27;5
énorme;0;1;2;1;0;12;7;34;16
tour;0;0;8;5;2;8;31;8;8
signer;0;0;36;4;0;9;12;9;3
sanction;0;0;46;5;0;9;8;7;0
pratique;0;0;5;2;4;17;13;14;18
new;1;4;6;1;0;1;2;5;3
match;1;6;0;2;1;24;6;5;3
marre;0;2;18;4;1;14;19;12;6
jeter;0;3;3;6;1;15;9;2;35
emji_visage_souriant_avec_yeux_plissés;0;19;3;1;0;8;10;4;2
contribuer;1;1;7;0;1;11;19;34;2
confirmer;2;4;13;2;2;8;25;10;7
carte;0;1;6;4;0;10;7;31;9
réagir;0;1;7;4;0;16;27;2;15
rouler;0;3;2;0;0;2;2;8;55
quotidien;0;0;8;0;1;27;17;8;12
père;0;2;3;0;1;42;10;11;2
prêt;1;3;3;5;2;6;21;23;10
phrase;0;1;7;0;4;12;42;6;2
nation;0;1;17;0;0;12;9;10;6
futur;0;1;2;1;1;32;9;22;7
déclarer;0;1;19;7;0;2;23;12;3
comportement;0;0;3;6;0;36;16;4;7
cadre;0;0;10;4;0;20;15;24;2
achat;0;0;5;0;0;2;5;46;14
réjouir;0;8;14;0;0;24;21;6;1
nourrir;0;2;7;2;2;15;18;16;10
mensonge;0;3;33;4;0;5;18;6;1
fier;16;5;7;0;2;15;17;4;3
décennie;0;1;22;1;0;14;17;9;6
combat;1;1;11;1;0;47;6;5;2
chômage;0;0;0;0;0;3;4;64;1
arranger;0;1;4;2;0;23;17;21;3
accuser;0;2;35;3;0;11;13;5;5
visiblement;0;1;2;2;0;20;35;9;3
terrain;0;1;7;1;2;37;8;10;4
site;0;0;4;0;1;8;18;13;24
réveiller;0;2;7;3;0;14;18;23;6
remplir;0;0;6;2;0;11;13;21;17
poche;0;1;2;2;0;8;5;53;2
mener;0;0;13;4;0;17;20;14;4
espace;0;1;5;13;0;17;10;5;19
camp;0;0;30;3;0;10;16;4;7
bonjour;0;1;8;3;0;9;35;8;7
balle;0;2;20;12;0;10;3;13;10
affirmer;0;0;14;4;1;8;29;10;5
p;2;1;8;2;1;15;26;5;7
milieu;0;5;5;2;1;29;10;9;8
fumer;0;3;1;0;0;13;7;2;40
fameux;0;4;14;0;1;7;24;14;4
emji_drapeau_sénégal;34;0;0;0;0;1;0;0;0
disparaître;1;0;4;1;1;13;13;20;15
cerveau;0;2;8;0;2;14;34;5;3
avenir;0;1;4;0;0;22;19;19;5
soldat;0;0;50;1;1;6;5;5;1
revoir;1;0;8;3;1;25;16;10;4
minorité;0;1;3;7;1;10;34;9;2
matin;0;4;3;0;0;4;7;4;48
inviter;0;0;11;7;1;8;28;11;4
encourager;0;0;11;1;1;30;9;14;5
emji_visage_envoyant_un_bisou;1;12;10;1;2;27;11;3;1
emji_applaudissements_peau_claire;23;3;1;0;0;6;1;6;2
développer;0;0;2;0;0;15;10;9;28
communauté;1;0;18;3;3;15;17;7;5
chaud;1;5;3;2;1;12;8;9;28
boulot;0;2;3;4;1;37;5;17;0
ancien;1;2;11;0;0;11;7;23;12
volonté;1;1;15;3;1;27;13;5;2
vaud;0;1;0;1;3;6;7;35;15
travailleur;0;0;0;1;0;2;7;53;3
traitement;0;1;15;4;0;31;7;6;5
siècle;1;3;14;0;1;25;11;5;6
reprendre;0;0;24;3;1;14;18;6;4
occidental;0;0;29;0;0;18;12;7;2
emji_mains_en_prière_peau_moyennement_claire;45;2;0;0;0;2;2;1;4
déplacer;0;1;6;1;0;4;8;15;33
dégât;0;1;5;37;0;7;3;9;7
degré;0;6;0;1;0;15;24;2;18
bizarre;0;2;21;3;1;12;14;9;6
us;0;0;9;2;1;9;14;26;6
supporter;0;5;10;2;1;34;1;9;5
reposer;3;1;9;4;0;14;6;9;22
remplacer;0;2;2;0;1;3;14;24;23
passage;0;2;3;6;1;4;12;9;30
paraître;0;3;4;1;2;22;28;6;3
hypocrisie;0;2;20;1;1;15;15;5;7
emji_tête_qui_explose;1;18;1;0;0;8;3;6;6
discuter;0;0;3;3;1;16;38;7;0
cool;1;14;5;1;1;23;8;3;12
constater;0;1;2;5;2;17;23;8;8
confort;0;0;2;2;0;20;9;2;32
chien;0;4;5;2;1;42;2;3;7
avance;0;0;6;7;0;33;11;4;4
voyage;2;0;2;1;1;11;6;15;26
vitesse;0;0;2;0;0;6;8;2;49
unique;0;2;3;0;0;8;8;41;3
sérieusement;0;5;6;7;2;17;18;10;3
profil;0;7;4;0;1;10;44;1;1
ménage;0;1;1;1;0;19;5;33;2
magasin;0;2;1;3;0;3;3;21;34
liste;0;1;8;3;0;11;24;11;4
internet;1;3;2;0;1;13;28;8;12
individuel;0;0;0;0;0;36;19;6;7
h;0;0;7;0;0;6;5;5;41
formation;0;0;0;0;0;18;10;37;1
fondamental;0;0;5;30;0;10;12;7;2
emji_visage_avec_un_léger_sourire;0;2;20;1;2;16;9;9;6
emji_homme_qui_hausse_les_épaules;0;3;34;1;0;8;4;5;2
doigt;0;3;4;3;0;40;3;8;5
avion;0;1;1;0;0;2;1;8;50
vêtement;0;0;1;0;0;14;1;5;39
tranquille;0;1;3;2;0;47;3;2;8
forcer;1;0;15;2;0;29;3;7;7
foot;1;5;0;0;1;47;2;1;0
couvrir;0;0;5;7;0;13;11;28;2
coupable;0;0;26;2;0;19;16;1;1
confiance;0;0;11;8;0;12;23;7;4
artiste;1;1;0;2;4;12;23;12;4
ajouter;0;0;2;3;0;14;14;18;13
vacance;0;1;1;0;1;6;3;39;12
pression;0;0;9;3;0;21;7;19;5
pensée;5;0;4;1;0;31;17;5;3
papier;0;0;1;4;4;17;13;20;2
morale;1;0;19;0;0;7;23;8;7
minute;0;0;3;5;2;11;8;4;31
lutte;1;0;13;1;0;13;27;5;4
individu;0;0;2;7;0;20;23;9;4
frapper;0;0;28;6;0;6;13;7;3
fonction;0;1;4;5;2;2;29;10;10
flic;0;3;5;44;0;8;3;0;2
finance;0;1;20;1;0;11;8;19;5
souvenir;3;5;15;1;1;19;13;3;3
rip;44;2;2;1;0;10;2;0;4
relation;0;0;5;0;0;37;11;6;3
précis;0;2;8;8;0;6;30;6;4
problématique;0;0;0;3;0;16;28;9;4
position;1;0;15;1;0;6;36;4;1
nourriture;0;0;8;3;0;2;1;17;33
mentalité;1;2;2;1;0;41;6;10;1
matériel;0;0;9;10;0;2;15;5;22
investissement;0;1;3;0;1;3;2;48;2
habiller;0;0;1;3;0;46;0;6;5
démontrer;0;1;3;4;1;0;34;14;6
dos;0;3;6;2;0;7;10;32;2
crier;0;0;16;3;0;24;17;4;1
confédération;0;0;5;3;0;3;6;35;2
citer;0;0;7;2;0;8;35;10;2
énormément;0;0;3;3;1;12;10;23;12
ukrainien;0;0;17;1;4;21;5;13;0
tenter;0;1;6;4;0;18;27;5;3
souffrir;0;1;8;3;0;26;4;18;4
retirer;0;0;14;0;2;17;8;10;11
raconter;0;4;12;1;0;4;34;8;0
etait;0;3;9;4;2;25;3;6;6
emji_visage_de_geek;1;23;3;5;1;11;7;5;6
congo;0;0;56;0;0;1;0;0;2
concret;0;1;5;2;0;7;34;10;4
collectif;1;1;4;4;0;20;22;10;1
annoncer;0;2;8;26;0;8;7;13;0
échange;0;1;7;0;0;15;16;18;4
véhicule;0;0;0;1;0;1;4;4;50
ubs;0;2;4;3;0;1;4;45;0
prétendre;1;0;10;1;3;2;37;5;1
parfaire;3;17;2;1;1;17;5;12;3
mentir;0;3;7;5;1;4;29;8;3
masse;0;0;10;0;1;7;15;10;18
installer;1;2;6;2;0;8;10;20;12
goût;0;11;3;0;0;25;3;3;16
engagement;3;0;19;3;0;22;9;6;1
emji_tête_de_fou;1;26;2;1;0;2;9;6;5
diminuer;0;0;2;2;1;8;4;33;9
commenter;0;2;6;1;1;3;49;0;0
étudiant;1;0;1;1;0;3;6;44;0
qualifier;0;0;11;2;0;6;9;4;1
idéologie;0;1;8;0;1;11;33;3;3
foyer;0;1;8;1;0;32;6;11;1
faible;0;0;6;0;0;7;7;24;14
facilement;0;0;2;1;0;17;12;22;7
espèce;0;1;2;0;0;30;13;4;7
emji_visage_qui_rougit;3;19;5;2;0;5;0;5;3
emji_visage_pensif;2;4;8;1;0;5;1;6;2
choquer;0;3;4;8;0;10;23;6;3
blesser;0;1;6;25;0;14;6;4;4
acteur;3;3;3;2;0;16;23;7;3
égal;0;1;3;0;0;30;7;14;2
ya;0;2;5;5;0;23;9;10;3
usage;0;0;3;19;0;8;7;6;14
stop;0;1;16;0;1;12;4;5;10
sol;0;0;6;7;0;10;4;4;23
scandale;0;0;6;7;0;13;19;10;4
réflexion;1;1;2;1;1;19;29;4;3
principal;0;0;8;4;1;9;15;16;8
neutralité;0;1;21;4;1;5;24;1;1
naturel;1;0;2;0;0;13;5;10;28
limiter;0;0;2;0;2;3;22;12;17
historique;0;0;9;1;0;3;37;8;3
gueule;0;11;7;2;0;26;5;8;0
emji_tête_à_l;0;1;3;1;1;10;13;18;8
emji_coeur_blanc;39;0;1;0;0;7;0;0;1
dormir;1;8;1;1;1;18;4;3;20
colonisation;0;0;47;0;0;3;3;6;1
client;0;0;0;1;0;2;6;34;15
chat;0;4;2;0;2;25;4;8;8
âme;3;1;22;0;0;11;11;5;6
vision;0;0;6;1;0;28;13;9;2
téléphone;0;0;0;0;0;9;4;11;35
taper;0;1;3;5;0;24;6;17;0
secteur;0;0;1;1;0;5;4;40;7
reportage;3;3;2;3;0;10;27;6;6
remarquer;0;5;3;1;2;10;29;8;2
personnellement;1;1;0;1;0;31;11;8;7
peau;0;1;2;1;0;34;4;1;10
menace;0;1;23;6;0;5;16;6;2
maintenir;0;0;1;3;0;9;9;28;7
jugement;0;0;15;2;0;22;18;1;1
intervention;0;0;2;40;0;3;7;4;0
intervenir;0;0;4;18;0;9;14;8;4
intelligent;0;0;3;0;0;32;15;6;3
gentil;0;1;10;6;1;18;8;11;2
fuir;0;1;11;1;0;11;14;19;0
correctement;0;1;3;3;6;27;10;7;3
connaissance;0;1;2;3;6;5;28;6;8
aéroport;0;1;0;0;0;1;0;2;42
amener;0;1;6;4;0;27;11;5;3
amende;0;0;1;5;0;2;3;22;24
élire;0;2;25;1;1;7;19;2;0
vérifier;0;0;6;4;1;10;25;4;9
surprise;0;4;15;0;1;8;13;7;4
souffrance;0;1;12;0;0;26;12;4;3
neige;1;10;0;1;0;2;3;1;35
ministre;0;1;19;0;2;4;12;11;6
infrastructure;0;0;10;0;2;1;1;27;18
ignorer;0;0;6;0;2;19;23;4;5
emji_visage_avec_un_monocle;0;11;4;6;0;4;16;8;5
emji_drapeau_brésil;22;0;1;0;0;1;2;2;1
défense;0;2;12;1;1;10;25;6;1
drapeau;0;1;22;3;1;6;17;2;3
deja;0;1;6;2;0;28;7;1;8
colon;0;2;48;0;0;2;2;1;0
cisjordanie;0;0;58;0;0;1;0;0;0
bêtise;0;3;6;2;3;4;32;4;2
bébé;1;1;12;2;0;32;2;4;2
bus;0;2;1;0;0;1;0;3;49
élection;0;0;6;0;0;5;34;5;4
travers;0;0;17;0;0;6;18;10;7
terminer;0;2;5;2;2;6;3;23;13
relire;0;1;4;3;2;1;44;1;2
religion;0;0;27;0;3;9;11;5;1
pur;0;2;4;3;3;6;30;6;3
positif;1;0;0;0;0;13;24;8;11
orient;0;0;38;1;0;9;5;3;0
oeuvre;1;0;2;1;0;15;18;15;3
nord;0;5;6;0;0;2;2;2;2
médical;0;0;1;0;0;4;4;41;5
millionnaire;0;1;0;0;0;0;3;49;0
machine;1;2;3;1;0;8;11;19;12
jean;0;2;0;0;1;33;3;1;13
intégrer;0;0;3;0;8;28;4;7;6
genevois;1;0;1;1;0;2;4;18;26
fournir;0;0;13;1;0;3;10;27;3
extrêmement;0;0;6;1;0;15;16;16;4
entrer;0;0;13;6;1;18;2;7;11
emji_pouce_vers_le_haut_peau_claire;5;18;4;1;0;9;5;3;5
emji_applaudissements_peau_moyennement_claire;12;2;4;0;0;4;1;2;1
découvrir;0;0;2;3;1;27;11;2;11
condoléance;17;1;5;7;0;22;0;2;4
arrêt;0;1;16;5;0;2;4;5;25
alcool;0;1;0;0;0;11;3;4;36
al;0;0;30;2;0;1;2;1;0
activité;0;0;2;2;0;10;8;20;13
vert;1;2;2;1;0;7;12;7;23
sortie;0;2;5;5;0;4;12;15;11
rare;0;0;2;0;1;23;9;10;9
netanyahu;0;0;56;0;0;0;0;0;0
italie;1;1;2;2;1;5;8;6;6
inégalité;0;0;0;0;0;26;6;21;2
i;4;5;10;2;3;4;13;5;4
hasard;1;2;5;10;0;8;13;11;6
fabriquer;0;2;1;1;0;3;2;9;38
expérience;0;0;0;1;0;38;8;6;1
ex;0;0;3;1;0;28;17;3;3
départ;0;1;3;2;0;3;10;27;10
consommateur;0;0;0;0;0;8;9;13;25
conduire;0;1;3;1;0;3;8;2;36
capitaliste;0;0;2;1;0;12;15;22;3
boire;0;7;1;1;0;6;3;3;34
baser;0;0;2;1;1;6;27;10;6
anglais;0;1;7;0;27;2;9;6;1
analyse;1;1;2;0;0;9;37;4;2
1er;1;2;10;1;0;4;19;8;7
terrorisme;0;1;43;1;0;3;4;0;1
régler;0;3;2;2;0;11;10;15;12
récupérer;0;2;22;1;0;1;3;8;18
rouge;0;2;4;0;0;6;7;5;28
profit;0;0;2;1;0;4;2;42;1
monnaie;0;0;0;1;0;1;3;45;1
inverse;0;0;2;2;1;7;16;12;14
fruit;0;2;0;0;0;3;2;14;34
diriger;0;1;18;2;0;9;10;8;8
correct;0;0;3;1;2;13;17;13;4
autoroute;0;1;0;0;0;4;0;3;42
armer;0;0;30;8;0;10;6;0;0
éduquer;0;0;4;1;0;39;4;5;1
shein;0;2;1;0;0;0;1;4;45
scandaleux;0;15;6;2;0;7;11;7;5
rêve;2;6;6;0;0;19;10;9;2
ressembler;1;4;5;3;0;13;19;3;4
remercier;3;3;8;2;1;6;22;9;0
publication;0;0;6;1;0;1;46;0;1
possibilité;0;1;4;1;1;20;1;17;8
pollution;0;1;0;0;0;4;3;8;39
opposer;0;0;18;2;0;7;17;5;5
musique;1;0;3;0;0;24;9;2;6
mental;0;2;0;1;0;20;5;21;5
lumière;2;1;5;2;0;23;4;2;13
impliquer;0;0;5;2;1;7;25;7;8
générer;0;1;3;1;0;5;14;24;7
fête;3;3;3;2;0;9;3;2;26
féminisme;0;0;2;0;0;41;6;1;0
environnement;0;0;0;1;0;17;8;16;13
dépense;0;0;1;0;0;3;3;43;3
démocratique;0;0;14;5;0;1;32;1;2
couleur;1;4;2;1;0;28;10;2;5
contenir;0;0;1;1;1;5;26;4;16
chef;1;0;12;2;2;7;15;12;2
champion;4;13;4;1;0;11;8;2;1
absurde;0;1;5;0;1;5;17;17;8
événement;0;4;4;2;0;19;16;2;6
véritable;1;0;15;3;1;14;6;10;3
vivement;0;8;10;1;1;1;17;8;8
viande;0;0;0;1;0;2;1;3;37
seconde;0;1;10;3;0;6;24;3;6
résoudre;0;1;7;1;1;18;12;8;5
publier;0;0;9;2;0;2;36;1;2
pertinent;0;0;1;2;0;3;38;8;2
marque;1;3;0;0;0;7;6;2;33
littéralement;0;0;3;3;0;9;29;5;3
libéral;0;0;3;0;0;1;16;29;2
jurer;1;14;0;0;1;4;4;19;8
féministe;0;1;2;3;1;38;3;1;2
fric;0;4;3;1;0;19;2;14;7
flux;0;0;0;0;0;1;8;1;42
fils;3;2;3;3;0;28;2;5;6
double;0;1;4;0;0;8;9;22;7
dizaine;0;0;26;1;0;2;8;9;8
calcul;0;1;2;1;0;3;8;36;2
balancer;0;1;6;3;1;11;19;6;6
association;1;1;2;0;0;10;23;11;5
émission;0;0;0;0;0;2;10;4;35
tromper;0;4;6;2;1;14;10;7;4
tendance;0;1;2;1;0;15;20;5;6
raisonnement;0;0;7;2;0;6;34;2;1
pub;0;4;1;1;0;3;31;8;3
parfaitement;0;1;1;5;8;5;21;5;7
luxe;0;1;4;0;1;2;2;23;19
hausse;0;2;1;0;0;2;0;38;7
favoriser;0;0;1;1;2;8;7;26;5
emji_visage_très_souriant_aux_yeux_rieurs;0;19;2;2;0;6;6;7;6
emji_femme_avec_la_paume_sur_le_visage;1;25;0;0;0;6;2;1;1
contribuable;0;2;2;1;0;3;0;42;1
congé;1;1;1;0;0;27;1;14;1
concept;0;0;2;3;1;14;20;7;6
cinéma;0;0;3;2;0;7;29;3;6
catastrophe;0;1;2;4;0;27;3;7;6
café;1;2;1;0;1;3;4;5;30
brûler;0;1;8;6;1;8;4;1;22
bordel;0;10;2;20;0;12;2;2;5
blessé;0;0;26;8;0;3;1;11;1
appel;1;0;8;3;1;22;8;4;3
amour;1;1;3;1;0;34;4;6;3
africain;0;0;5;1;1;6;8;4;8
écologique;0;2;1;0;0;10;6;11;21
transformer;0;1;7;0;1;5;5;5;27
the;2;6;11;0;3;1;15;3;1
solidarité;3;0;8;4;0;22;6;7;0
réchauffement;0;0;0;0;0;3;23;0;22
réaliser;0;1;3;0;0;8;16;17;5
retenir;0;0;12;4;0;7;16;7;6
rappel;0;1;16;3;0;1;13;11;7
rapidement;0;1;3;4;0;20;3;7;11
préparer;1;4;4;1;0;22;5;9;5
norme;0;0;0;4;0;16;6;2;21
matière;0;0;1;1;0;5;7;11;26
massacrer;0;0;45;1;0;2;2;0;1
là_bas;0;1;10;5;1;18;4;4;6
insulter;0;1;3;1;0;8;33;2;0
génial;16;5;1;1;0;6;13;6;2
garantir;0;0;6;14;0;1;5;22;0
facture;0;2;0;1;0;4;1;41;1
emji_ok;3;6;3;0;21;0;2;8;0
contexte;0;0;8;3;0;8;23;6;3
chemin;0;2;0;2;0;29;9;5;5
chaîne;0;0;5;3;0;2;18;9;13
casque;0;1;1;2;0;6;3;1;31
bombe;1;2;40;0;0;5;2;1;0
bio;1;21;1;0;1;3;10;1;14
accompagner;1;0;0;2;1;33;4;7;3
étudier;0;2;4;0;3;14;19;1;6
violer;0;0;37;3;0;8;0;1;2
série;0;6;1;0;0;6;29;4;2
signifier;0;2;0;4;0;7;18;15;4
quantité;0;0;1;1;1;2;5;8;31
programme;0;2;6;1;2;8;15;8;5
posséder;0;0;1;1;0;6;8;22;13
pauvreté;0;0;2;0;0;6;9;32;1
particulier;0;0;3;8;0;16;7;7;8
officiel;0;1;2;2;8;1;26;5;5
négocier;0;1;13;1;0;2;10;20;2
montagne;1;2;1;2;0;11;7;4;23
liban;0;0;49;0;0;0;0;0;1
hyper;0;2;1;0;3;21;11;4;8
gruyère;2;22;0;0;0;3;2;3;7
gosse;0;1;0;0;0;32;1;13;3
félicitation;30;2;3;3;0;4;3;3;1
frère;2;1;25;1;1;13;3;4;0
empathie;0;0;1;1;0;33;13;2;0
bénéfice;0;0;1;0;0;3;6;30;9
autrement;0;1;0;2;1;18;13;14;1
améliorer;0;1;1;0;0;14;21;8;5
supérieur;0;0;1;2;0;11;14;18;2
ramener;0;0;3;1;0;24;10;7;4
pièce;1;1;2;2;0;7;9;19;8
page;0;0;7;1;0;2;33;3;2
macron;0;3;10;0;2;0;7;14;11
indépendant;1;0;13;0;0;4;15;14;2
féminin;0;1;0;0;0;41;3;1;0
emji_visage_qui_tire_la_langue_et_fait_un_clin_d_oeil;1;16;3;1;0;5;4;4;8
emji_singe_ne_rien_voir;0;28;2;0;0;1;1;1;1
emji_femme_qui_hausse_les_épaules;0;21;1;0;0;10;4;8;6
efficace;0;1;3;2;0;7;9;15;12
complexe;0;0;2;0;4;15;19;7;2
censé;1;0;8;2;3;13;16;3;4
alimentaire;0;1;5;0;0;2;4;13;24
vin;0;4;0;0;0;1;0;18;17
village;2;0;14;0;0;5;1;4;22
sympa;1;2;2;0;1;6;18;9;9
structure;0;0;2;0;0;9;5;24;7
science;0;0;0;0;0;8;26;4;8
sauter;0;3;3;4;0;31;3;2;2
prétexte;0;0;23;9;0;7;2;8;0
ongle;0;4;1;0;0;29;1;3;6
mur;0;0;8;3;0;12;3;2;19
italien;0;1;3;1;36;0;1;3;1
inventer;0;3;4;2;0;8;28;2;1
emji_visage_qui_vomit;1;11;4;0;0;16;8;0;2
emji_visage_bâillant;1;13;5;0;1;3;4;0;2
emji_mains_qui_forment_un_coeur;29;1;1;2;0;5;3;2;1
emji_crâne;0;3;5;1;0;20;6;2;10
donnée;0;0;5;0;0;0;30;7;4
discussion;0;0;1;1;1;6;33;2;5
célibataire;1;2;0;0;0;41;1;2;0
constitution;0;0;1;26;1;6;12;1;0
causer;0;0;7;7;2;10;6;7;9
capacité;0;1;2;0;2;11;21;4;8
actif;0;0;5;0;0;14;9;16;4
élève;0;0;0;0;1;17;5;15;4
vide;0;2;1;1;0;7;19;7;9
survivre;0;0;6;0;0;9;3;29;1
sang;0;0;22;2;2;5;8;4;3
saison;0;11;0;2;0;3;2;4;24
répression;0;0;5;8;0;5;23;2;4
reconnaissance;0;1;17;1;0;11;7;7;3
r;1;1;7;1;0;5;19;5;5
pneu;0;2;0;0;0;0;1;1;38
novembre;0;2;7;1;0;3;7;18;10
lâcher;2;2;6;4;1;11;18;2;1
horrible;1;0;13;0;0;21;2;7;4
gaucho;1;2;3;6;2;1;28;4;0
emji_visage_avec_les_sourcils_relevés;0;5;3;11;0;7;6;7;3
emji_personne_avec_la_paume_sur_le_visage;0;11;1;0;0;1;18;6;4
emji_homme_avec_la_paume_sur_le_visage;0;10;3;0;0;3;7;8;7
don;1;2;9;1;2;3;14;8;6
création;0;1;23;1;0;1;5;13;2
charge;0;0;0;0;0;0;0;43;1
cff;0;2;0;0;0;4;8;24;10
bourgeois;0;2;1;4;0;5;26;7;3
avs;0;1;0;0;3;2;5;31;5
assassiner;0;0;41;0;0;2;3;2;0
élément;0;0;3;0;1;6;30;2;4
wow;5;4;1;1;1;8;21;1;0
viol;0;1;16;0;0;14;10;1;1
tristesse;4;16;4;1;0;12;3;4;2
trafic;0;0;2;3;0;4;17;2;17
style;0;3;2;0;0;30;6;3;1
rapporter;0;1;3;1;1;5;11;21;2
préciser;0;1;10;3;0;7;14;9;3
placer;0;0;4;0;1;17;7;11;5
négociation;0;0;10;12;0;8;5;10;1
méchant;0;0;9;5;2;12;6;8;1
institution;0;0;6;1;0;12;15;12;0
fromage;1;27;0;0;1;3;2;2;7
emji_v_de_la_victoire;13;4;3;0;1;1;2;2;2
emji_applaudissements_peau_légèrement_mate;1;0;0;0;0;2;1;1;0
dossier;0;1;6;2;0;6;22;10;0
dictature;0;0;7;1;0;12;21;2;2
deuxième;1;0;11;0;0;4;16;13;2
date;0;0;10;0;0;28;2;2;2
culturel;0;0;1;0;1;8;30;6;1
complet;0;2;3;2;0;6;21;1;12
communiste;0;1;14;0;0;0;22;9;0
black;0;1;5;37;0;0;0;3;1
application;0;0;3;0;0;10;19;10;5
abuser;0;3;1;7;0;20;4;7;2
évoluer;0;0;1;0;1;31;2;7;3
échelle;0;0;1;0;0;6;9;6;22
torture;0;1;33;0;0;4;4;1;0
taire;0;1;19;2;0;6;12;4;1
silence;0;2;21;3;0;6;9;2;1
samedi;0;6;4;11;0;5;2;6;8
rigoler;0;5;3;1;1;20;2;7;4
période;0;2;2;0;0;19;0;13;9
pr;0;2;4;0;1;17;4;10;1
poids;0;0;4;2;0;7;23;4;5
occasion;0;0;3;1;0;17;6;9;9
mémoire;2;1;5;0;2;8;25;3;0
mélanger;0;2;2;2;0;12;23;4;1
misère;0;1;3;0;0;6;5;27;2
marier;0;2;11;2;0;28;2;1;0
majeur;1;0;5;3;1;9;7;6;12
intérieur;0;1;4;2;0;6;5;6;21
horaire;0;2;0;1;0;1;1;25;13
honnête;0;2;6;2;1;21;6;5;2
gaz;0;0;4;17;0;2;1;1;21
former;0;0;2;7;0;14;3;18;1
emji_visage_grimaçant;0;19;2;1;0;6;2;4;3
emji_drapeau_algérie;31;0;0;0;0;0;0;0;0
commerçant;0;0;1;6;0;4;2;22;10
chaos;0;0;21;7;0;5;6;5;2
avouer;0;7;5;2;0;11;13;4;2
appartement;0;0;0;8;0;7;0;23;7
alimenter;0;1;5;1;0;2;17;8;12
théorie;0;0;1;1;1;10;19;8;5
sein;0;0;3;3;0;19;13;6;1
sanctionner;0;0;22;3;0;5;4;2;8
sacré;1;10;2;1;1;12;13;0;3
réduction;0;1;0;0;0;2;7;22;13
réaction;0;0;4;2;0;15;21;2;0
quartier;0;1;2;0;1;2;21;3;12
pitié;0;9;7;1;0;13;12;2;1
patrimoine;0;1;1;0;1;3;17;20;2
outil;0;0;1;4;0;3;29;3;4
méthode;0;0;6;0;0;3;27;6;1
immigré;0;2;0;0;18;9;7;7;1
habit;0;0;1;1;0;5;7;4;25
grève;1;0;0;4;0;15;6;11;0
fribourg;1;4;1;0;0;2;5;3;23
extrémiste;0;4;13;4;2;3;17;0;0
enrichir;0;0;0;0;0;3;1;38;1
emji_visage_qui_regarde_entre_ses_doigts;0;27;1;1;0;4;6;0;2
déchet;0;1;0;0;0;1;1;2;33
commercial;0;0;5;1;0;2;1;20;10
chier;0;6;4;1;0;15;5;6;8
capital;0;0;0;0;0;2;6;32;2
bénéficier;0;0;2;1;0;10;8;19;3
bâtiment;0;1;3;11;0;5;3;5;16
bras;0;2;3;1;0;11;12;7;7
bateau;0;2;7;1;0;2;3;5;21
abri;0;4;5;0;0;5;1;20;5
uniforme;0;1;1;5;0;13;1;14;7
tôt;1;0;4;1;0;15;6;4;6
suffisant;0;4;2;3;10;9;4;10;2
sexe;0;3;0;0;0;38;0;2;0
restaurant;0;2;2;5;0;6;3;9;17
recette;0;1;0;0;0;0;1;35;6
qqch;1;1;2;2;0;23;8;2;4
punir;0;0;10;5;1;10;11;6;0
provoquer;0;0;8;11;0;10;1;1;11
proposition;2;3;1;0;5;4;17;11;0
maman;1;1;0;2;0;32;3;2;2
journalisme;0;1;13;1;0;3;21;1;1
industrie;0;1;1;0;0;5;7;15;15
exploser;0;0;5;1;0;7;1;18;12
exploiter;0;0;1;0;0;3;3;28;8
explication;0;0;1;2;0;2;28;6;4
exact;0;2;3;5;3;5;16;8;2
emji_coeur_avec_bandages;31;0;2;1;0;1;2;0;1
décrire;0;1;4;0;0;0;32;1;3
destruction;0;0;20;3;0;11;2;7;1
bombardement;0;0;40;0;0;0;1;1;0
bois;0;9;1;2;2;4;3;2;18
zéro;1;1;3;2;1;6;19;5;3
texte;0;1;2;2;2;2;30;1;3
romand;0;2;1;1;7;4;8;15;4
retard;0;2;1;0;1;11;7;4;15
précisément;0;0;3;3;0;4;21;8;4
pote;0;2;11;0;0;9;15;2;2
nobel;0;5;28;0;0;0;5;5;0
netflix;0;9;0;0;0;4;4;24;2
nan;0;1;7;0;0;17;5;7;4
massif;0;0;9;2;0;2;3;13;14
joyeux;22;0;1;0;0;5;6;1;3
immense;1;0;0;5;0;17;3;9;7
humour;0;4;2;0;4;18;12;1;1
foule;0;0;4;35;0;1;2;0;0
emji_femme_avec_la_paume_sur_le_visage_peau_claire;0;1;2;1;0;4;3;4;1
effacer;0;0;11;1;0;11;15;3;0
débattre;0;1;1;1;0;6;31;3;0
difficulté;0;0;2;3;2;9;3;18;1
compétence;0;1;0;1;2;6;17;14;1
compagnie;0;2;2;0;0;8;2;10;17
coller;0;4;3;0;4;3;17;1;11
code;0;0;2;0;0;13;16;1;9
ciel;1;2;1;1;0;9;2;12;14
bonheur;0;5;0;0;0;5;0;25;6
allemagne;0;4;7;1;0;3;4;1;20
équitable;0;1;2;0;0;2;2;10;1
échec;0;0;4;0;0;7;8;22;0
verser;0;0;5;1;0;1;2;27;2
trajet;0;0;0;0;0;0;0;15;25
technologie;0;0;0;1;0;4;10;9;16
supplémentaire;0;2;2;0;1;11;3;16;6
suicide;0;1;0;1;0;27;1;7;4
saint;0;3;8;1;0;8;1;4;1
respectueux;5;0;5;7;0;14;4;4;3
reprocher;0;0;4;1;1;4;25;5;1
rembourser;0;1;0;0;0;1;0;36;4
quasiment;0;1;3;3;0;9;6;10;8
pétrole;0;0;5;0;0;1;0;3;32
prévention;0;0;1;0;0;6;13;7;12
promettre;0;2;4;1;0;7;8;15;3
production;0;0;0;0;0;1;2;9;30
procès;0;0;24;1;0;5;10;1;0
pourcentage;0;1;0;0;0;4;4;22;5
pari;0;3;5;2;0;3;7;9;12
nier;0;0;11;1;0;5;23;0;1
jet;0;2;0;6;0;2;0;8;24
incapable;0;0;4;2;2;18;9;4;1
immobilier;0;0;0;0;0;0;3;34;2
honnêtement;0;1;0;0;0;12;18;5;4
fatiguer;0;1;6;2;0;8;20;3;1
emji_visage_épuisé;0;5;1;0;1;18;3;0;2
emji_trèfle_à_quatre_feuilles;28;1;0;0;0;0;0;1;2
construction;0;0;0;1;0;3;4;12;19
coloniser;0;0;30;0;0;1;2;4;2
business;0;1;5;0;1;3;4;24;1
éthique;0;0;4;1;0;3;10;17;5
voleur;1;2;8;2;0;12;9;5;2
vente;0;0;2;0;0;2;3;15;17
test;0;0;1;0;16;9;6;5;4
soumettre;0;0;3;7;0;11;8;10;2
signe;1;2;2;5;0;3;21;5;1
renforcer;0;0;7;0;2;17;5;6;3
qualifié;0;0;6;0;0;5;2;7;2
opportunité;0;0;3;1;1;22;3;7;3
mio;0;1;1;0;1;0;0;31;1
maximum;0;1;6;0;1;3;3;12;11
intelligence;0;0;2;1;1;2;30;2;3
injustice;0;1;5;4;0;18;8;5;0
gestion;0;0;2;3;0;7;4;20;3
gazaouis;0;0;36;0;0;2;1;1;0
ficher;0;1;8;3;0;13;8;7;1
faim;0;0;3;0;0;5;2;10;17
estimer;0;0;5;2;1;11;8;11;2
emji_drapeau_france;1;0;0;0;0;1;0;5;4
détourner;0;0;14;1;0;9;8;6;3
dingue;0;1;5;3;0;13;5;5;5
circulation;0;0;0;1;0;0;4;10;26
ch;0;0;2;0;0;7;5;10;13
bel;1;0;8;1;0;8;15;5;2
abonnement;0;1;0;0;0;0;0;30;6
île;1;2;0;0;0;1;3;3;1
émotion;0;2;2;1;0;10;24;0;1
élu;0;0;4;1;0;4;23;3;2
écologie;0;1;0;0;0;4;7;19;9
âgé;0;0;3;2;0;25;0;8;0
utilisation;0;1;3;8;0;1;19;4;3
témoignage;12;0;8;1;0;7;8;3;1
tolérance;0;0;3;9;0;9;15;1;2
scène;1;0;2;3;1;12;14;0;5
populaire;0;0;4;1;0;0;24;8;2
modèle;0;0;1;0;0;3;6;22;8
marrant;0;3;3;1;0;10;20;3;0
lutter;0;0;5;2;0;6;14;8;5
impunité;1;1;30;1;0;3;1;2;1
ignorance;0;2;4;0;0;9;22;2;0
hâte;1;10;1;0;1;13;8;6;0
hypocrite;0;0;9;1;2;6;14;4;2
fonds;0;4;2;0;0;0;7;25;2
excuse;0;0;12;0;1;0;21;2;1
emji_visage_souriant_avec_auréole;4;5;2;2;0;1;9;2;9
emji_visage_souriant;2;1;2;2;1;16;6;4;6
démocrate;0;2;3;0;0;1;26;0;0
domestique;0;1;0;0;0;33;3;2;0
direction;0;3;2;2;0;14;3;10;3
crever;0;2;1;0;0;5;5;15;12
confortable;0;0;1;1;0;19;1;7;9
cancer;0;2;4;0;0;2;4;10;15
agresseur;0;0;6;2;1;26;1;2;0
week_end;0;1;0;2;0;5;1;19;11
vs;1;1;5;0;0;5;3;14;6
transmettre;1;1;1;0;1;10;12;11;2
tonne;0;0;14;1;0;3;3;4;12
suffisamment;0;0;1;3;2;9;9;12;3
ski;4;2;0;1;0;2;1;3;24
refaire;0;0;2;0;1;15;13;5;2
rassurer;0;1;1;0;0;12;13;6;5
précédent;0;1;3;2;0;1;21;6;2
poubelle;0;1;0;1;1;8;1;0;23
plastique;0;0;0;0;0;0;2;0;36
phénomène;0;0;1;1;1;6;23;1;6
paiement;0;0;2;0;0;0;2;31;0
négatif;0;1;0;0;0;6;16;9;7
montant;0;0;1;0;0;0;3;31;4
moderne;0;0;8;1;0;12;0;5;12
marge;0;1;0;0;1;4;5;19;5
lit;0;2;3;1;0;13;10;6;4
entièrement;0;0;1;1;1;4;12;5;13
emji_visage_retenant_ses_larmes;9;8;0;0;0;12;3;2;1
emji_pouce_vers_le_bas;1;0;0;0;0;1;0;2;0
emji_homme_qui_hausse_les_épaules_peau_légèrement_mate;2;0;24;4;0;2;1;5;1
emji_homme_avec_la_paume_sur_le_visage_peau_claire;0;2;0;0;0;2;3;9;17
emji_drapeau_états;9;0;20;0;0;1;0;7;0
descendre;0;1;10;0;0;7;11;6;3
contrat;0;0;2;0;0;8;4;21;1
bord;0;0;3;0;1;12;11;4;8
agression;0;0;3;1;0;21;12;1;1
équité;0;0;0;0;0;14;6;2;0
électricité;0;0;0;0;0;0;0;18;16
économiser;0;0;1;1;0;7;1;19;8
échapper;0;1;11;0;0;13;4;5;3
volontaire;0;0;6;3;0;9;12;3;4
trouble;0;0;2;5;0;15;8;1;6
tres;0;1;1;1;1;18;5;3;4
trafiquant;0;0;14;2;0;7;6;1;5
sensé;0;0;5;2;0;7;18;3;3
réserver;0;1;3;2;0;14;5;9;4
repartir;0;0;4;2;0;16;0;13;2
présence;0;1;4;6;0;7;5;3;7
propriétaire;0;0;2;2;0;7;1;18;6
profondément;0;2;3;0;0;17;5;4;5
nettoyage;1;0;19;1;1;2;3;8;3
munition;0;0;2;2;0;8;0;21;3
moral;0;0;0;0;0;17;13;6;2
mandat;0;0;13;0;0;9;9;4;2
légitime;0;0;8;3;1;8;11;7;0
lourd;0;2;2;0;0;7;7;5;15
leçon;0;0;3;0;0;6;23;1;5
interdiction;0;0;4;4;0;4;6;1;19
intention;0;2;2;4;0;5;20;1;3
inspirer;0;1;2;0;0;4;22;5;3
injuste;0;2;1;2;1;13;4;12;1
global;0;0;0;0;0;6;8;7;13
fossile;0;0;0;0;0;0;1;0;33
foi;2;1;6;1;0;8;13;2;5
familial;0;0;0;0;0;16;5;16;0
entrée;0;0;7;2;0;2;3;8;16
emji_visage_avec_une_main_sur_la_bouche;0;23;0;0;1;1;5;3;0
emji_visage_avec_lunettes_de_soleil;4;22;0;1;1;1;3;0;0
emji_mains_qui_forment_un_coeur_peau_claire;6;24;0;0;0;1;1;0;0
critère;0;1;2;0;6;10;11;3;2
copain;1;1;2;1;0;21;6;3;0
club;0;1;1;0;3;22;1;3;1
bête;0;0;5;3;0;6;17;0;7
apres;0;1;7;1;3;16;3;4;2
absolu;0;2;4;4;0;4;9;11;1
évident;0;0;2;2;2;18;6;6;1
vaudois;0;3;0;1;2;6;3;6;15
tenue;0;0;2;2;0;18;0;6;6
strictement;0;1;2;3;0;5;15;6;2
stratégie;0;0;5;1;0;10;6;12;3
sexuel;0;0;4;0;0;26;6;0;0
scolaire;0;0;0;0;1;4;3;10;18
réussite;1;2;0;0;0;2;5;25;0
roi;1;9;4;2;0;3;12;1;3
revanche;0;0;5;1;1;7;11;4;8
reprise;0;0;10;2;0;1;9;11;4
rapide;0;0;4;0;1;5;5;5;8
pointer;0;0;2;7;0;20;1;3;3
pcq;0;0;5;1;1;4;17;8;0
opération;0;0;10;0;0;8;10;8;0
médicament;0;0;0;0;0;3;1;24;7
musée;0;4;0;0;0;4;26;0;1
militant;0;0;7;4;0;3;22;1;0
midi;0;3;0;0;0;3;1;2;24
majoritairement;0;0;3;3;2;7;5;11;5
instant;0;1;6;2;0;15;5;0;8
insta;0;0;3;0;0;2;30;0;1
inscrire;1;2;2;3;0;17;8;3;1
hésiter;1;4;4;1;0;6;10;7;4
faveur;0;0;14;0;0;11;7;3;0
fan;2;4;3;0;1;9;13;1;3
extermination;0;0;35;0;0;1;1;0;0
exposer;0;0;3;2;1;6;16;3;5
exiger;0;0;7;2;5;3;10;9;1
employer;0;0;6;1;0;6;9;14;0
emji_tas_de_crotte;0;8;3;0;0;0;8;1;5
emji_arbre_à_feuilles_caduques;5;0;0;0;0;0;0;0;0
détriment;0;0;5;2;0;3;8;17;2
discrimination;0;0;4;0;1;15;11;1;1
cul;0;3;2;2;0;14;9;7;0
criminalité;0;0;1;2;0;3;20;6;3
covid;0;1;2;1;0;8;3;16;4
convaincre;0;1;3;0;1;7;15;9;1
collègue;0;0;4;0;0;13;3;14;3
cigarette;0;2;0;0;1;3;0;3;25
caméra;0;1;3;2;0;2;10;2;13
biais;0;1;0;0;0;0;26;5;2
établir;0;0;4;1;1;7;17;2;3
éliminer;1;0;13;0;0;2;2;5;6
visible;0;0;0;1;0;16;4;3;11
transparence;0;0;0;2;0;6;18;9;1
talent;6;0;0;0;6;16;3;3;0
taille;0;2;1;1;1;7;1;8;14
siège;0;2;4;1;0;0;1;18;6
rétablissement;29;0;0;1;0;3;1;0;2
ramasser;0;2;3;3;0;14;5;5;3
raccourci;0;1;0;2;0;10;13;6;3
pénal;0;0;7;3;1;5;17;1;0
privilégier;0;0;4;0;0;7;5;12;7
privilège;0;0;0;1;1;20;3;5;0
principalement;0;0;5;0;0;6;9;8;8
piste;0;2;0;0;0;1;4;2;27
pierre;0;1;3;4;1;17;3;4;2
occident;0;1;22;0;0;7;2;1;1
numéro;1;3;0;5;0;9;12;2;0
moquer;0;0;2;0;0;16;13;4;1
menacer;0;2;10;1;0;9;1;10;0
masculinisme;0;0;0;0;0;33;2;0;0
km;0;0;0;0;0;1;1;0;31
importance;1;1;4;1;2;10;7;8;2
fortement;0;0;2;0;0;11;9;9;5
fonder;0;0;5;2;0;7;18;1;2
financement;0;0;8;0;0;0;4;21;1
fifa;0;1;1;0;0;6;8;4;1
déni;0;1;4;0;0;4;23;1;2
délit;0;0;5;6;0;8;13;3;0
disponible;0;0;0;1;2;0;8;20;4
digne;3;0;9;1;1;9;4;9;0
conclusion;0;0;1;0;0;4;27;3;1
commander;1;1;5;0;1;0;0;4;24
chinois;0;0;1;0;0;1;5;11;16
carrément;0;3;1;3;1;15;2;7;4
cantonal;0;1;0;8;0;5;6;15;1
calme;1;3;6;11;0;4;5;2;2
asie;0;0;1;0;0;4;2;1;7
apprentissage;0;2;0;0;9;16;2;7;0
accorder;0;1;3;2;1;14;8;3;1
accessible;0;0;1;0;0;5;7;5;16
évidence;1;1;4;0;1;4;15;7;1
équivalent;0;0;3;2;3;3;3;12;8
union;0;0;6;0;2;10;8;7;1
tribunal;2;0;9;14;0;5;4;1;0
tradition;1;1;3;0;1;6;9;2;9
terrible;2;4;2;0;0;21;1;0;4
temu;0;2;0;0;0;0;0;3;28
surprendre;0;2;5;2;0;9;11;3;3
stp;1;1;2;0;0;8;20;1;0
semer;0;0;24;5;0;1;3;1;0
salle;0;0;0;0;1;12;4;5;12
salarié;0;0;0;0;0;2;1;30;1
sain;0;0;4;0;0;18;4;1;7
romance;0;0;0;1;1;12;14;0;0
rejoindre;1;0;2;2;1;7;13;2;7
prôner;0;0;9;0;0;8;11;5;0
monstre;0;2;24;0;0;2;2;2;0
minimiser;0;0;2;6;3;10;13;1;0
milice;0;0;23;0;0;10;0;2;0
louvre;0;5;1;0;0;0;22;2;3
lac;0;12;0;0;0;7;1;1;12
jeunesse;2;1;0;0;0;3;5;21;3
identité;0;0;6;5;0;3;16;1;2
identifier;0;0;2;7;0;9;14;2;1
harcèlement;0;1;0;0;0;24;3;3;0
gêner;0;1;1;3;0;14;14;0;1
généralement;1;0;2;0;0;7;16;3;6
grandir;0;1;2;1;4;18;5;2;2
fumeur;0;1;0;1;0;4;1;1;24
epstein;0;1;3;1;0;5;21;0;0
ds;0;3;16;2;0;4;0;4;3
donald;0;1;26;0;0;0;4;0;1
diviser;0;0;9;1;0;5;7;10;1
constat;0;0;1;1;1;7;16;3;6
condamnation;0;0;13;4;0;7;11;0;0
complicité;0;0;28;1;0;1;4;1;0
chauffage;0;0;0;0;0;2;1;1;29
cesse;0;0;11;3;0;9;7;5;0
b2;0;1;0;0;30;0;2;1;0
attirer;0;1;2;0;4;8;6;6;6
attentat;0;0;30;0;0;2;0;1;0
accueil;0;0;0;0;0;18;0;14;2
abus;0;0;3;6;0;15;3;6;1
york;0;0;3;0;0;0;0;3;3
vitrine;0;0;7;15;0;0;0;6;6
traverser;0;0;0;2;0;12;3;2;12
tjrs;0;2;4;2;1;11;4;6;1
soleil;0;5;1;0;0;3;4;3;18
réfugié;0;0;15;0;0;9;4;3;1
rolex;2;4;1;0;0;3;1;19;3
religieux;0;0;25;0;0;2;5;0;1
radar;0;1;0;0;0;2;3;0;26
promesse;0;2;9;0;0;6;7;5;3
nuance;0;1;2;2;0;7;18;1;3
mari;1;3;1;0;1;24;1;2;0
joueur;0;1;0;0;1;18;0;6;0
instagram;0;0;0;0;1;0;32;0;1
idéologique;0;0;4;2;0;0;25;2;1
héritier;0;1;0;0;0;0;0;29;1
forêt;1;1;2;2;0;9;2;1;14
figure;1;2;3;3;1;14;6;3;1
espoir;3;0;1;0;0;14;12;3;1
emji_visage_qui_fond;0;2;2;0;0;3;5;9;9
emji_visage_qui_fait_un_câlin;0;4;0;1;2;12;3;4;2
emji_visage_anxieux_avec_goutte_de_sueur;1;4;0;0;0;2;1;1;1
emji_homme_avec_la_paume_sur_le_visage_peau_légèrement_mate;0;9;1;1;0;0;1;0;2
emji_femme_avec_la_paume_sur_le_visage_peau_moyennement_claire;1;11;1;0;0;2;2;1;0
emji_doigts_croisés;10;0;1;0;0;6;4;5;0
cycliste;0;0;0;0;0;1;0;0;29
crèche;0;0;1;0;0;3;0;28;0
conscient;1;0;3;0;0;18;7;2;1
comparaison;0;0;4;1;0;5;4;10;8
chute;0;1;4;0;1;12;4;8;3
camion;0;0;4;0;0;0;0;2;26
bleu;1;0;4;7;1;4;5;1;7
bienvenue;3;3;8;1;0;14;1;4;0
administratif;0;0;10;4;0;1;2;13;2
énergétique;0;0;0;0;0;1;1;1;28
électrique;0;0;0;0;0;1;1;0;29
valable;0;0;4;1;0;11;3;11;2
urgence;0;0;0;1;0;10;6;10;6
syrie;0;0;28;0;0;1;2;0;1
strict;0;0;1;2;1;3;15;5;6
stade;0;2;2;0;0;15;7;4;3
salarial;0;0;0;0;0;22;2;9;0
résident;0;0;0;0;0;1;0;28;0
réclamer;0;1;8;1;0;4;13;4;2
regard;0;0;6;1;0;18;1;1;5
rajouter;0;1;4;1;0;9;9;5;1
purée;0;4;3;0;2;3;16;1;3
provenir;0;1;4;1;0;1;11;7;7
profond;0;1;4;0;0;12;12;0;4
notion;0;0;2;1;1;10;17;1;1
légume;0;2;0;0;0;1;1;3;25
lune;0;4;0;2;0;8;4;0;11
jordanie;0;0;32;0;0;1;0;0;0
industriel;0;0;1;0;0;0;3;3;18
indiquer;0;0;4;3;0;8;5;7;4
facteur;0;0;0;0;0;15;6;9;3
emji_biceps_contracté_peau_moyennement_claire;19;0;0;1;0;2;0;0;2
désoler;0;1;1;1;0;25;3;2;0
drame;0;1;2;1;0;18;9;1;1
doucher;0;1;0;0;0;28;1;0;1
dividende;0;0;0;0;0;0;0;18;2
cracher;0;0;5;0;0;19;6;2;1
cotisation;0;0;0;0;0;0;0;30;0
convention;0;0;7;7;0;6;9;4;0
concentrer;0;1;3;0;0;1;11;10;5
colonial;0;0;20;0;0;1;8;2;0
budgétaire;0;1;0;0;0;0;0;30;0
barre;0;4;4;1;0;14;2;5;2
arrivée;0;1;3;1;1;6;6;10;3
absence;0;0;10;4;0;10;3;2;4
victoire;0;2;6;0;0;3;7;2;8
trottinette;0;2;0;0;0;2;0;2;25
tort;0;3;1;4;0;3;16;1;3
technique;0;1;0;1;0;7;10;8;5
tarif;0;3;0;0;0;0;2;17;9
systématiquement;0;1;5;1;0;7;10;5;1
sincèrement;0;0;1;1;0;15;11;3;1
sentiment;0;0;2;0;0;15;11;1;2
secret;0;2;3;1;1;2;6;15;0
ressentir;0;0;3;1;0;17;4;5;1
repas;0;0;0;0;0;4;1;2;23
proportion;0;0;2;1;0;4;6;14;1
portugal;2;1;0;0;1;4;5;3;13
passeport;0;2;2;0;16;2;2;6;0
ouai;0;0;3;1;0;3;0;2;0
option;1;0;0;0;0;6;5;10;10
lettre;0;1;4;0;0;2;17;2;3
journal;0;1;2;1;0;1;20;2;3
insupportable;0;4;3;1;0;11;3;0;9
influence;0;1;5;2;0;7;14;1;1
honneur;0;1;1;0;5;16;3;2;2
fondue;0;28;0;0;0;0;2;2;0
fenêtre;0;2;1;0;0;5;6;0;16
engendrer;0;0;0;4;1;7;3;14;2
effectif;0;0;4;1;0;12;2;11;1
documenter;0;1;12;1;0;1;10;1;6
distance;0;0;0;1;0;5;5;3;16
dealer;0;4;1;4;0;7;8;5;1
conducteur;0;0;0;1;1;1;2;0;26
compétition;0;4;1;0;0;13;3;9;1
compréhension;0;0;0;2;1;4;23;2;0
co;0;2;2;1;0;4;6;2;13
cassis;1;0;28;0;0;1;1;1;0
calculer;1;3;0;0;0;7;5;14;2
brésilien;0;0;4;1;0;4;21;0;0
bizarrement;0;2;11;6;0;0;7;5;0
avocat;0;2;12;1;0;5;4;8;0
aspect;0;0;0;0;0;13;14;3;1
alternative;0;0;0;0;0;1;4;16;11
agent;0;0;4;8;0;0;13;6;0
administration;0;1;1;2;0;2;3;21;2
abandonner;0;0;1;0;1;11;2;11;5
équilibre;0;1;0;5;0;6;10;3;6
émettre;0;1;3;1;0;2;4;4;15
égypte;0;0;28;0;0;0;0;1;0
écart;0;0;0;0;2;2;3;16;2
voyager;0;0;0;0;1;6;1;5;18
votation;0;2;3;1;0;2;11;11;0
version;2;5;5;1;0;8;7;0;2
vent;0;4;2;2;1;1;11;0;8
tentative;0;0;3;3;1;6;14;3;0
spécial;0;1;0;6;0;5;6;6;6
somme;0;1;2;0;0;1;4;20;3
sion;0;4;2;3;0;1;2;1;17
sac;0;1;1;2;0;5;2;2;18
robot;0;1;0;0;0;17;4;4;3
psychologique;0;1;1;3;0;24;2;0;0
procédure;0;0;4;3;0;2;18;4;0
pacifiquement;1;0;2;27;0;1;0;0;0
occupation;0;0;29;0;0;0;1;0;1
no;0;1;3;2;0;4;6;5;0
meurtre;0;0;14;1;0;11;4;0;1
maîtriser;0;0;3;2;5;2;15;2;2
libération;0;0;21;1;0;4;5;0;0
kosovo;0;3;6;0;1;2;4;2;0
hygiène;1;0;0;0;0;20;0;1;8
génie;1;25;1;0;0;0;1;1;1
gouverner;0;0;9;0;2;2;10;7;0
exercer;0;0;1;11;0;7;7;3;2
emji_visage_blasé;0;4;2;3;0;5;4;3;9
emji_homme_qui_hausse_les_épaules_peau_claire;0;0;3;6;0;3;8;3;7
développement;0;0;2;0;0;7;4;4;14
creuser;0;0;6;0;1;5;13;5;1
corriger;1;3;4;2;4;0;13;3;1
correspondre;0;0;2;0;7;2;12;4;3
coin;0;0;2;0;0;5;8;2;12
chou;0;3;3;1;0;3;3;0;17
cheveu;0;2;4;0;0;18;4;1;0
chaleur;0;1;0;0;0;4;1;0;22
carrière;0;0;0;0;0;24;1;5;0
bot;1;12;3;0;0;5;10;0;0
ba;0;0;2;1;0;24;0;2;1
asseoir;0;0;0;6;0;18;0;1;6
argentin;0;0;0;0;0;1;14;8;1
arbre;1;2;5;0;0;3;3;5;12
annonce;0;0;9;0;0;2;11;4;5
agresser;0;0;4;8;1;17;1;0;0
toxique;0;0;1;0;0;20;0;2;5
température;0;1;0;0;0;4;5;0;18
solitude;0;0;0;0;0;26;0;0;0
soirée;0;3;0;1;1;3;17;1;3
russe;0;1;19;1;0;3;4;0;1
représentant;0;0;4;2;0;5;10;3;2
renvoyer;0;1;1;5;0;3;14;1;4
parfait;0;0;1;0;3;3;11;4;7
ouverture;0;0;0;0;0;9;5;10;5
oiseau;1;1;0;1;0;0;3;0;22
nez;0;1;1;2;0;4;5;12;5
merveilleux;12;2;0;0;1;9;5;1;0
marquer;1;0;4;2;0;9;11;0;3
marketing;0;3;3;0;0;1;12;7;4
malin;0;3;1;0;0;14;3;8;1
lever;0;0;5;4;1;8;2;5;5
laver;0;2;2;0;0;10;0;0;14
kidnapper;0;1;27;0;0;0;1;0;0
juridique;0;0;3;4;0;6;14;2;0
intégration;0;1;1;0;13;7;1;6;1
inflation;0;1;0;0;0;0;4;21;3
inadmissible;0;0;3;11;1;7;4;3;1
idéal;0;1;1;3;1;2;9;5;6
hauteur;0;0;1;1;1;4;5;16;1
hab;1;1;2;1;10;3;7;3;2
gamin;0;0;1;5;0;17;1;1;5
faciliter;0;0;0;7;1;11;5;3;2
euro;0;1;2;0;0;4;1;18;1
emji_visage_qui_fait_un_salut_militaire;2;6;0;2;0;1;2;1;0
emji_visage_aux_yeux_en_spirales;0;19;0;0;1;0;0;4;1
emji_mains_en_prière_peau_légèrement_mate;15;1;5;0;0;1;0;1;0
effectuer;0;0;4;2;0;8;5;9;1
durée;0;0;7;0;1;4;0;11;6
dark;0;0;0;1;0;12;12;0;0
croiser;0;1;1;4;0;16;0;0;7
cop;0;2;0;0;0;0;4;2;20
colère;0;0;3;2;0;11;8;4;0
bancaire;0;0;0;1;0;1;3;17;0
aveugle;0;1;15;1;0;4;6;2;0
attente;0;0;3;1;0;7;9;8;2
adopter;0;1;6;1;0;13;3;3;2
actualité;0;1;10;0;0;3;14;0;0
accusation;0;0;14;0;0;4;11;1;0
zurich;0;0;0;1;2;1;0;4;20
tâche;0;0;0;0;0;21;0;4;2
tt;0;0;3;1;0;14;3;4;3
surveiller;0;1;1;0;0;0;20;0;5
succès;0;0;0;0;0;2;8;12;7
subside;0;0;0;0;0;0;2;26;0
statut;0;0;2;1;0;13;7;4;0
souligner;0;0;6;1;0;9;6;5;2
sarkozy;0;1;14;0;0;4;5;4;0
référence;0;2;0;0;0;5;17;0;5
réfléchi;0;0;1;1;0;10;14;2;0
récent;0;1;7;0;0;7;4;0;9
rythme;0;0;1;0;0;9;2;3;13
roue;0;1;1;2;0;5;8;2;8
raclette;2;24;0;0;0;0;1;0;0
qualification;0;0;0;0;0;1;1;3;0
publiquement;0;0;6;2;0;4;14;1;0
psy;0;0;0;9;0;11;4;5;0
près_de;0;0;3;1;0;4;3;14;3
presse;0;0;9;1;0;1;17;1;0
pourri;0;3;2;1;0;3;3;16;0
poil;0;0;1;0;0;13;2;6;7
plomb;0;0;0;0;0;7;4;0;17
piquer;0;1;0;3;1;6;3;7;8
personnage;0;0;1;0;0;12;14;0;0
parking;0;0;0;0;0;1;0;5;21
pantalon;0;0;0;0;0;7;0;6;12
of;0;4;6;0;1;8;0;6;0
observer;0;0;2;0;0;10;8;4;5
mtn;0;0;8;4;0;12;0;4;1
migrant;0;0;1;3;1;6;13;5;0
manipuler;0;1;6;0;0;2;14;4;2
lamentable;0;1;1;2;0;13;8;3;0
juge;0;0;7;0;0;6;12;2;2
inhumain;0;1;19;1;0;3;3;1;1
impressionnant;1;1;0;0;2;10;8;3;2
hahaha;1;3;1;1;0;14;6;3;0
filmer;0;1;1;3;0;10;10;1;2
fake;0;5;0;0;0;4;9;0;0
exception;0;0;0;0;3;6;15;4;1
enjeu;0;0;2;1;0;7;11;1;7
emji_étourdissement;18;1;0;0;0;3;1;1;0
emji_poignée_de_main;2;8;0;0;0;0;0;2;0
effondrer;0;0;0;0;0;2;7;13;7
ect;0;0;1;0;1;7;2;10;7
défaut;0;0;1;2;1;6;14;4;1
ducoup;0;1;0;0;0;2;6;2;0
court;0;1;3;0;1;12;4;2;5
courageux;2;2;4;1;0;13;5;2;0
corrompre;0;0;14;0;0;6;7;1;0
convenir;0;0;1;0;0;15;7;2;2
contenu;0;0;0;1;1;2;21;2;1
compenser;0;1;3;0;0;2;0;17;5
cibler;0;0;8;0;0;3;8;7;3
cf;0;0;1;1;0;3;3;15;6
cedh;0;0;0;20;0;0;2;0;0
bouclier;0;0;14;1;0;2;3;6;2
bouche;0;1;4;0;0;2;15;2;5
auto;0;3;6;1;0;5;10;3;1
apparaître;0;0;2;0;0;5;12;2;7
adresse;0;0;2;1;0;2;13;7;3
xénophobe;0;0;1;0;1;2;22;1;0
tester;1;1;2;0;0;3;3;5;13
tendre;0;1;2;1;0;9;11;3;0
supposer;0;0;5;2;0;7;3;9;1
stupide;0;0;1;0;0;7;15;3;1
situer;0;0;2;0;1;4;3;11;6
sincère;4;0;7;3;0;12;0;0;1
rh;0;0;0;0;0;2;0;24;0
radio;0;5;2;1;0;1;9;2;7
race;0;1;0;0;0;5;21;0;0
qqn;1;0;1;5;2;10;4;1;2
qatar;0;1;26;0;0;0;0;0;1
puissant;0;0;2;2;0;4;9;8;1
processus;0;1;6;1;0;4;11;3;2
privilégié;0;0;0;1;2;8;11;4;0
priver;0;1;1;0;0;5;3;11;6
poster;0;2;2;1;1;0;19;0;3
plr;0;1;0;0;0;1;20;4;2
percevoir;0;0;1;0;1;4;11;8;1
nu;0;2;0;2;0;21;0;1;1
nettoyer;0;1;1;2;1;16;2;2;2
naïf;0;1;3;1;0;11;9;2;0
nazi;0;0;20;0;0;1;6;0;0
mécanisme;0;0;1;0;0;10;12;4;1
moto;0;0;0;0;0;0;1;0;24
migros;0;3;0;0;0;1;1;13;10
lecture;0;1;1;1;1;4;19;1;0
lamal;0;1;0;0;0;0;1;25;0
isolé;0;1;1;1;0;11;10;1;3
ironie;0;0;3;1;1;5;12;2;4
inclure;0;0;7;1;0;0;10;4;5
geste;0;0;2;0;0;9;5;5;7
fragile;0;1;1;0;0;14;6;4;1
financièrement;0;0;1;0;1;8;2;15;1
fascisme;0;2;1;1;0;1;22;1;0
exécution;0;0;27;0;0;1;0;0;0
expert;0;4;4;0;0;6;12;1;1
existence;0;0;11;0;0;5;4;3;3
espagne;1;0;3;0;0;3;2;7;11
envahir;0;0;18;1;0;2;2;3;2
entrain;0;2;8;2;0;7;7;1;1
enfance;0;3;2;1;0;15;3;3;1
emji_visage_soulagé;0;6;0;1;0;7;13;1;0
emji_visage_expirant;0;20;0;0;0;1;2;2;0
emji_femme_qui_hausse_les_épaules_peau_claire;0;0;2;1;2;11;4;4;1
emji_chat_qui_pleure_de_joie;1;6;1;2;1;0;6;0;0
détester;1;0;6;3;2;9;2;2;2
détail;0;1;3;0;1;4;14;3;2
déposer;0;0;9;7;0;4;1;3;4
décidément;0;2;5;0;0;14;2;4;1
débile;0;0;1;2;0;6;14;2;2
doux;2;1;0;0;0;11;7;1;5
domicile;0;1;1;2;0;3;3;15;2
contredire;0;1;1;1;0;1;23;0;1
combattre;0;2;4;1;0;14;4;2;0
com;3;3;1;2;0;17;1;0;0
circuler;0;0;3;3;0;0;8;2;12
censurer;0;0;1;0;1;0;21;2;0
boîte;0;0;0;0;0;9;2;13;2
bijoux;0;2;0;1;0;3;12;0;1
autonome;0;1;1;1;0;1;5;0;19
artifice;0;0;1;2;0;6;1;0;16
apprécier;0;2;2;0;0;8;10;5;1
approcher;0;0;4;3;0;3;14;1;3
élever;0;0;0;0;0;12;1;14;0
venezuela;1;1;16;0;0;0;2;2;0
symbole;0;0;5;0;1;2;10;3;5
stopper;0;0;5;4;2;6;2;5;1
stats;0;0;0;1;0;2;16;3;3
socialisme;0;0;0;0;0;2;6;15;2
rêver;2;1;1;0;0;6;1;7;8
rio;0;0;18;0;0;5;4;0;0
ravir;0;0;3;1;0;5;14;3;0
prof;0;0;0;0;1;22;1;3;0
pot;0;3;1;1;0;0;1;17;4
patient;0;1;3;2;0;6;2;11;0
parcours;1;0;0;3;0;10;5;3;3
palestiniennes;0;0;24;0;1;0;1;0;0
neuchâtel;2;10;1;0;0;3;1;1;9
naissance;1;0;1;0;4;11;2;6;1
mobiliser;0;0;13;1;1;4;4;2;2
masculin;0;0;0;0;0;23;2;1;1
maire;0;0;10;0;0;2;7;2;0
large;0;0;4;1;0;6;8;2;4
joie;1;2;8;2;0;10;1;1;2
intellectuel;0;2;2;1;2;2;17;1;0
infirmier;0;0;0;1;0;3;3;16;1
indépendance;0;0;13;0;0;6;4;3;1
idem;0;3;1;0;0;5;1;12;4
héros;4;0;4;2;0;9;4;2;2
exterminer;0;1;23;0;0;2;1;0;0
entretien;0;0;0;1;0;11;2;11;2
enseignant;0;0;0;0;3;13;1;8;0
enfer;0;2;7;0;0;8;2;1;7
employeur;0;1;0;0;2;7;2;14;0
emji_visage_sans_expression;0;0;0;0;0;1;3;10;3
emji_symbole_d_avertissement;0;0;5;0;1;3;4;10;1
emji_ruban_de_mémoire;7;0;3;0;0;1;0;0;0
emji_mains_levées_peau_claire;14;2;1;0;0;2;4;2;2
consulter;0;1;1;0;0;2;17;4;2
conduite;0;0;0;1;0;2;6;2;16
clé;0;0;2;2;0;4;4;6;9
cirque;0;1;5;2;0;3;1;2;13
censure;0;1;1;0;0;2;23;0;0
canon;0;0;2;20;0;2;0;1;1
blâmer;0;0;1;0;0;8;5;4;7
beauté;3;2;0;0;1;16;3;0;2
apartheid;0;0;23;0;0;0;0;3;0
amazon;0;0;0;0;0;0;0;3;24
agressif;0;0;4;2;1;11;6;0;2
afghanistan;0;0;13;0;0;8;4;0;0
épisode;1;0;5;8;0;2;5;2;1
virer;0;1;0;1;2;6;10;5;0
télé;0;1;2;0;1;8;13;0;0
trottoir;0;1;0;1;0;0;0;0;23
surface;0;0;1;0;0;1;1;2;21
sportif;0;0;0;0;0;9;7;4;3
semblant;0;2;3;2;0;11;6;1;0
section;0;2;0;1;0;4;16;1;0
récemment;0;1;10;2;1;2;7;1;2
réaliste;0;0;1;1;2;0;9;9;4
rencontrer;0;2;0;1;0;11;1;6;4
remonter;0;2;1;0;1;5;3;8;3
refléter;0;0;4;0;1;11;8;1;1
préserver;0;1;1;2;0;10;4;8;0
piéton;0;1;0;1;0;2;0;0;19
peinture;0;1;0;0;0;8;6;2;7
parc;0;0;1;0;0;2;0;2;18
papa;1;0;1;2;0;15;1;3;2
orienter;0;0;2;0;0;4;14;3;1
oral;0;0;0;0;24;0;1;1;0
officiellement;0;0;19;0;0;2;1;3;0
odeur;0;22;1;0;0;1;0;0;1
nouvel;0;1;4;3;1;0;14;1;2
norvège;0;0;0;0;0;0;0;21;1
normalement;0;1;1;2;6;6;1;8;0
médian;0;0;0;0;0;3;2;19;0
multinationale;0;0;2;0;0;1;1;17;3
mer;0;3;4;0;0;1;1;1;15
mdrrr;0;5;1;2;0;7;7;0;4
magique;2;1;1;0;0;7;5;5;5
jalousie;0;1;1;0;0;1;18;3;1
insécurité;0;0;0;2;0;13;4;6;0
ignorant;0;1;0;0;5;0;17;2;0
hôtel;0;2;1;0;1;2;0;9;9
gagnant;0;1;1;0;0;3;4;11;4
féminicides;0;1;0;0;0;20;2;3;0
fuite;0;1;4;0;0;7;8;1;5
football;0;0;1;1;0;9;6;1;2
fasciste;0;0;4;2;0;0;19;0;0
factuel;0;0;1;0;0;2;20;1;1
facilité;0;0;0;2;5;11;3;1;3
extérieur;0;1;3;0;0;6;3;6;7
entourer;0;0;2;0;2;15;4;0;2
entité;0;0;21;1;0;0;3;0;0
encadrer;0;2;0;5;0;3;12;3;1
emprisonner;0;1;16;0;0;2;4;2;1
emji_visage_souriant_avec_de_grands_yeux;2;11;1;1;1;3;1;2;2
emji_cotillons;8;0;0;0;0;0;1;1;0
emji_biceps_contracté_peau_légèrement_mate;11;0;0;1;0;2;0;0;0
déterminer;0;0;2;1;1;5;14;1;1
détenu;0;0;19;0;0;1;4;1;0
dépression;0;0;0;0;0;8;0;6;12
déplaire;1;1;1;1;0;6;15;0;1
déguiser;0;0;3;3;0;6;2;10;2
déclaration;0;0;6;2;0;0;7;9;2
douane;0;0;1;1;0;0;1;16;7
disposition;0;0;0;4;1;6;5;5;4
comporter;0;0;4;4;0;8;7;1;2
choquant;0;0;1;10;0;5;4;1;2
bénéfique;0;0;0;0;0;7;4;13;2
bitcoin;0;0;1;0;0;0;0;18;4
barrage;0;0;0;1;0;1;0;1;1
automobiliste;0;0;0;1;0;3;2;0;20
auteur;1;0;0;1;0;7;15;0;0
amuser;0;1;1;2;0;4;11;4;3
évolution;1;1;1;0;1;12;2;4;1
étrange;0;1;1;1;1;3;13;2;3
wokisme;0;0;0;0;0;4;19;0;0
vulnérable;0;0;2;0;0;13;4;3;3
usager;0;0;0;0;0;2;3;0;19
typique;0;1;4;0;0;1;18;0;1
tv;0;4;3;0;0;5;5;4;2
taxé;0;1;0;0;0;0;0;23;0
taff;0;0;0;2;1;15;3;1;1
surprenant;0;1;3;0;0;2;10;1;8
signature;1;1;5;1;0;0;14;2;1
sale;0;1;14;1;0;5;2;1;1
révéler;0;1;5;1;0;6;5;3;3
réprimer;0;0;2;20;0;0;2;0;1
régulièrement;0;0;5;0;0;5;5;4;6
risquer;0;1;2;0;0;5;3;9;5
respirer;0;1;0;2;4;9;4;1;3
reparler;0;0;2;0;0;18;0;2;1
relier;0;0;3;0;0;2;3;2;15
relayer;0;1;7;7;0;1;7;2;0
recommencer;0;1;9;5;1;0;4;5;0
péter;0;5;1;1;0;12;1;2;3
pénurie;0;0;0;0;0;1;1;16;5
purement;0;0;2;0;0;4;12;3;3
prévenir;0;1;5;2;0;8;4;2;3
politiquement;0;0;3;0;0;4;18;0;0
parallèle;0;1;5;0;0;2;2;12;2
ouvrier;0;0;0;0;0;1;0;20;2
ouvert;0;0;0;0;0;4;5;10;6
opprimé;0;0;20;0;0;1;2;1;0
office;0;0;0;0;0;7;9;6;2
nucléaire;0;1;6;0;0;7;0;0;11
nommer;0;0;14;0;0;2;2;4;3
net;0;1;0;0;1;1;5;16;0
navrer;0;0;0;1;0;11;9;3;1
métro;0;1;0;0;0;0;1;2;21
mélange;1;1;0;1;0;3;11;4;3
médiatique;0;1;11;0;0;4;4;3;2
masqué;0;0;0;18;0;3;4;0;0
manipulation;0;1;5;0;0;2;13;3;0
lula;0;2;1;0;0;0;19;1;2
interne;0;0;2;6;0;6;7;3;1
interdit;0;0;4;18;0;2;0;0;0
guillemet;0;0;9;0;0;0;14;0;0
féliciter;0;0;5;1;0;14;4;0;1
fiction;0;0;0;0;0;9;15;0;1
famine;0;0;22;0;0;0;1;1;0
exploitation;0;0;3;0;0;1;3;13;4
existant;0;0;2;0;0;5;9;3;5
exigence;0;1;0;2;11;2;2;3;1
enfermer;0;1;10;1;0;8;4;0;0
emji_visage_éméché;0;9;5;0;1;3;1;2;1
emji_visage_triste_mais_soulagé;11;0;0;1;0;4;0;2;1
emji_visage_déçu;7;6;1;0;0;4;0;2;2
emji_sapin_de_noël;17;1;0;0;0;1;1;1;0
emji_sac_plein_d_argent;0;1;0;1;0;1;4;7;0
emji_drapeau_union_européenne;2;0;1;0;0;0;0;1;1
emji_cornes_avec_les_doigts;6;10;0;0;0;0;0;1;0
désir;1;0;1;0;0;14;6;2;1
dérèglement;0;0;0;0;0;3;8;0;14
dictateur;0;1;6;0;0;1;12;3;0
couverture;0;0;3;2;1;2;6;4;6
coter;0;0;4;1;1;8;4;5;1
concrètement;0;0;1;0;1;5;14;4;0
concours;1;0;1;0;0;12;7;2;1
communication;0;0;2;0;2;6;12;1;2
chocolat;0;7;0;0;0;0;0;7;3
chantier;0;0;0;1;6;5;1;6;6
catégorie;0;0;1;2;0;3;10;3;5
bureau;0;1;1;0;0;0;1;20;2
brigitte;3;0;0;0;0;14;7;0;0
boycotter;1;0;3;0;1;1;1;11;7
block;0;0;3;18;0;1;0;2;1
bardot;0;0;0;0;0;16;8;0;0
assister;0;2;4;1;1;7;6;2;2
applaudir;0;1;6;0;0;4;6;2;5
antisémite;0;0;24;0;0;0;1;0;0
admettre;0;0;3;0;0;3;5;11;3
aberrant;0;1;0;3;0;3;7;5;5
émotionnel;0;1;1;0;0;11;11;0;0
woke;0;1;0;0;0;7;15;0;0
vouvoyer;0;0;0;0;0;1;3;0;0
vache;0;3;0;1;1;0;7;7;5
turquie;0;1;10;0;1;3;3;5;0
touriste;0;0;5;0;1;2;0;12;4
toilette;0;3;0;6;0;8;1;0;5
substance;0;0;1;0;0;1;10;0;11
spécialiste;0;0;2;0;0;1;8;11;2
sondage;1;2;0;0;0;9;6;2;1
sensible;0;0;1;0;0;11;9;1;1
réunir;0;0;2;14;0;0;1;1;5
requin;0;1;1;0;0;0;1;2;17
rassemblement;0;0;5;17;0;0;2;0;0
puissance;0;0;7;0;0;5;3;1;4
précaire;0;0;1;2;0;4;4;11;1
progrès;0;0;0;1;0;0;2;4;12
poursuivre;0;0;8;1;0;11;1;3;0
poursuite;0;0;0;3;0;0;6;11;1
pomme;0;1;0;0;0;3;1;5;10
polémique;0;1;1;1;0;1;16;3;0
pleurnicher;0;0;3;0;0;4;7;5;2
pathétique;0;0;3;0;0;11;5;3;0
oppression;0;0;12;1;0;7;3;0;0
note;0;0;0;1;0;3;13;4;1
multiple;0;0;3;0;0;4;13;2;0
mr;1;1;4;1;0;2;10;1;3
mortel;0;1;0;1;0;3;4;6;9
meurtrier;0;0;17;0;0;3;2;0;2
masque;0;0;1;11;0;6;4;0;1
humoriste;0;0;0;0;16;5;2;0;1
fusil;0;0;6;1;0;5;0;3;6
fumée;0;0;0;0;0;6;1;1;16
festival;0;0;5;1;7;2;2;5;2
exécuter;0;0;18;1;0;3;1;0;0
examen;0;1;1;0;12;1;1;6;2
espagnol;0;0;2;0;13;3;0;3;3
entraîner;0;2;3;0;0;7;2;4;4
enseigner;0;1;0;0;1;8;1;8;5
empire;0;0;13;0;0;2;3;3;1
emji_poing_levé;4;5;10;1;0;1;0;1;1
dégradation;0;1;5;11;0;4;1;1;0
définir;0;1;5;2;0;11;4;0;1
décéder;0;1;2;8;0;7;1;4;1
durer;0;1;5;1;0;2;4;9;1
couteau;0;1;5;10;0;3;3;1;1
constructif;0;0;0;0;0;21;2;1;0
collaboration;0;1;9;0;0;6;0;0;1
cohérent;0;1;4;0;0;4;10;1;4
cicr;0;0;9;0;0;4;3;7;1
chambre;0;0;1;0;0;7;9;1;6
cambriolage;0;0;0;0;0;4;16;2;1
biologique;0;0;0;0;0;7;8;1;8
bin;0;1;0;6;0;5;11;0;0
bienne;2;1;0;0;0;3;3;0;13
abe;0;0;0;2;0;10;4;6;2
équilibré;0;0;0;0;0;3;0;3;9
église;0;0;10;0;0;4;4;4;1
verre;1;1;0;0;0;4;2;0;15
université;0;0;1;1;0;11;2;7;1
toit;1;1;3;0;0;10;1;3;4
terreur;0;0;22;0;0;0;1;0;0
tempête;0;7;1;0;0;8;3;0;4
taser;0;0;0;22;0;0;0;0;0
tas;0;0;0;2;3;9;1;4;2
sélectif;0;1;5;1;0;2;13;0;0
stress;0;0;0;1;0;12;0;7;2
spectacle;0;1;0;1;1;10;1;0;8
sourire;2;2;2;0;7;4;2;1;3
soucier;0;0;1;4;0;1;11;3;0
soeur;0;0;9;0;0;10;1;0;0
salariales;0;0;0;0;0;5;2;16;0
résumer;0;0;0;1;4;5;10;2;1
république;0;0;7;0;0;1;9;1;0
remise;0;0;3;1;0;4;15;0;0
recycler;0;0;2;0;0;0;1;1;18
rater;0;4;0;4;1;8;2;1;1
pratiquer;0;1;10;2;0;3;3;3;0
pratiquement;0;0;0;3;0;5;1;6;7
potentiel;0;0;0;0;0;4;13;3;2
portée;0;1;1;7;0;1;10;1;2
pilier;0;0;0;1;0;1;2;15;2
parlement;0;0;2;1;0;1;15;4;0
paquet;0;3;0;0;0;10;5;1;4
panier;0;0;1;0;0;7;3;7;5
occurrence;0;0;0;1;0;5;13;1;3
moin;0;0;0;1;0;10;1;6;5
modifier;0;1;1;0;0;4;7;3;6
mission;0;1;2;4;0;7;4;5;0
massivement;0;0;1;1;0;3;3;6;9
mafia;0;0;3;0;0;1;2;15;0
lobby;0;1;0;1;0;1;11;4;3
interroger;0;1;4;3;0;0;11;3;1
incompétent;0;0;0;0;0;6;4;6;2
folie;0;0;3;0;0;10;3;5;0
favela;0;0;5;1;0;13;1;1;0
essence;0;0;1;0;0;1;5;7;9
entrepreneur;0;0;1;0;0;2;0;19;0
emji_personne_qui_hausse_les_épaules;0;2;0;1;0;2;4;8;3
emji_deux_coeurs;12;1;0;0;0;3;1;0;0
détenir;0;1;3;0;0;1;6;11;0
désormais;0;0;4;1;1;2;13;1;1
déplacement;0;0;3;1;0;0;1;6;11
déménager;0;0;0;1;0;1;0;18;2
disposer;0;0;1;1;0;5;5;7;4
dignité;0;0;4;2;0;12;4;1;0
céder;0;0;3;2;0;0;4;11;2
croissant;0;7;0;0;0;1;1;9;3
coucher;0;0;1;1;0;15;1;1;3
contester;0;0;1;2;0;1;9;7;2
constamment;0;1;3;1;0;4;4;10;0
conservateur;0;1;0;0;0;2;18;0;2
citation;1;0;0;0;0;0;18;0;0
bruit;0;1;0;0;0;16;2;0;2
bouchon;0;1;0;0;0;0;0;2;20
bol;0;0;2;11;0;4;3;2;1
bloc;0;0;3;17;0;0;1;2;0
attribuer;0;0;1;0;0;5;5;6;3
atrocité;0;0;13;0;0;2;7;1;0
asf;0;2;0;1;0;18;0;0;0
annuel;0;0;0;0;0;1;0;20;2
adn;0;1;2;1;1;7;5;3;1
activement;0;0;5;3;0;6;2;7;0
étape;0;1;1;0;0;7;9;4;0
écriture;0;0;0;0;6;5;3;1;0
you;4;0;6;3;4;2;0;0;0
volontairement;0;0;3;1;0;5;3;1;8
visiter;0;1;3;0;0;2;7;1;7
trou;0;2;1;1;0;3;2;9;4
troll;0;2;0;0;0;1;18;1;0
tjs;0;0;0;0;2;6;6;1;5
swisscom;0;3;0;0;0;2;0;12;3
succession;0;0;0;0;0;0;0;20;2
subventionner;0;0;2;0;0;0;0;18;2
st;0;3;0;0;0;0;1;0;17
splendeur;0;2;11;0;0;4;1;4;0
soulever;0;0;2;1;0;0;14;2;3
sommeil;0;0;2;0;0;8;6;0;6
solide;0;1;1;0;0;0;3;9;7
slogan;0;0;5;3;0;0;12;1;1
similaire;0;0;2;1;0;0;13;5;0
signaler;0;0;1;9;0;5;3;3;0
serrer;0;1;1;0;0;2;3;3;12
serafe;1;1;1;0;0;1;16;2;0
satisfaire;0;0;1;1;0;8;2;7;1
routier;0;0;0;2;0;1;3;0;16
romands;0;1;0;0;10;1;0;8;2
revendiquer;0;1;3;2;0;5;10;1;0
restreindre;0;0;3;5;1;3;4;4;1
recruter;0;1;6;0;0;0;0;15;0
putain;0;10;3;0;0;4;1;4;0
précieux;2;0;0;0;0;10;5;5;0
proportionnel;0;1;5;1;3;1;0;7;0
pk;0;0;0;0;0;19;1;1;0
piller;0;0;13;0;0;1;5;3;0
parfum;0;10;1;0;0;2;2;1;3
orthographe;0;7;1;0;2;3;9;0;0
organisme;0;0;6;1;0;1;2;2;10
organisateur;0;0;1;15;0;1;3;1;0
objectivement;0;0;2;0;0;1;18;0;0
nigeria;0;0;19;0;0;0;1;1;0
mépris;0;0;1;0;0;11;4;6;0
missile;0;1;17;0;0;1;0;1;1
maltraiter;0;0;4;2;0;11;2;1;2
maltraitance;0;0;1;0;0;18;0;0;0
malhonnête;0;0;0;3;0;2;12;2;1
malheureux;0;1;3;1;0;10;2;2;2
lent;0;0;0;0;0;6;5;1;8
lara;15;1;0;0;0;4;0;0;1
judiciaire;0;0;6;2;0;1;11;2;0
japon;0;1;0;1;0;5;2;0;10
jai;0;2;1;0;0;8;2;2;4
is;0;4;2;0;1;2;9;0;1
illusion;0;0;1;0;2;8;5;2;4
homicide;0;0;0;0;0;15;1;3;0
go;7;0;0;1;0;0;4;0;1
garçon;0;1;0;1;0;19;0;0;1
gang;0;0;17;0;0;3;1;0;0
galer;0;1;0;0;0;11;0;10;0
frs;0;1;0;0;0;0;0;17;1
exceptionnel;2;2;0;1;0;7;0;3;7
esclave;0;1;1;0;0;4;7;3;4
emji_étoile_brillante;14;0;0;0;0;4;0;0;0
emji_visage_démoralisé_avec_goutte_de_sueur;0;7;0;1;0;5;2;2;1
emji_visage_avec_un_doigt_sur_la_bouche;0;11;3;0;0;2;1;3;2
emji_ninja_peau_mate;0;1;19;0;0;0;0;0;0
emji_drapeau_cap_vert;9;0;0;0;0;0;0;0;0
détresse;0;0;0;9;0;9;3;0;0
détention;0;0;19;1;0;2;0;0;0
dérouler;0;0;5;6;0;2;7;1;0
dégager;0;2;7;0;4;6;0;3;0
dose;0;0;0;0;0;5;3;1;11
domination;0;0;1;0;0;12;7;0;0
document;2;0;3;5;1;1;8;0;0
distribuer;0;0;0;1;0;1;4;10;5
diplôme;0;0;0;1;1;0;2;16;1
copier;0;2;2;0;1;1;7;7;1
conviction;0;0;1;0;0;14;4;1;1
constant;0;0;3;1;0;2;3;8;4
communisme;0;1;1;0;0;2;8;7;0
commission;0;0;7;0;0;0;4;4;0
combler;0;0;0;0;0;6;2;13;1
co2;0;0;0;0;0;0;1;4;17
carbone;0;0;0;0;0;1;1;0;19
boulangerie;0;3;0;0;0;0;0;2;15
botte;0;3;2;0;1;13;2;1;0
bien_être;0;0;0;0;1;9;5;5;2
auprès_de;0;0;2;0;0;3;7;7;2
atmosphère;0;0;0;0;0;0;2;0;18
artificiel;0;0;1;0;0;0;11;0;9
annemasse;0;4;0;0;0;0;1;1;12
ampleur;0;0;2;1;0;3;7;3;6
allié;0;0;13;0;0;6;1;0;0
alimentation;0;0;0;0;0;1;1;5;13
agence;0;0;1;0;0;0;1;17;1
affamer;0;0;21;0;0;0;0;1;0
acquérir;0;0;0;1;1;5;4;9;2
accumuler;0;0;0;0;0;0;1;19;2
a2;0;1;0;0;20;1;0;0;0
éventuellement;1;1;0;0;0;7;3;4;4
étouffer;0;1;0;3;0;0;12;4;1
épargner;0;1;2;0;0;0;5;11;1
élite;0;1;2;1;0;2;9;5;1
électronique;0;0;0;1;0;5;0;5;9
écran;0;0;0;1;0;5;12;2;0
vital;0;0;2;0;0;1;2;15;1
visibilité;0;0;3;0;1;13;3;0;1
troisième;0;0;1;0;0;1;8;3;5
tram;0;0;0;0;0;2;0;1;17
tragédie;0;1;9;0;0;8;1;2;0
théâtre;0;0;0;0;0;7;10;2;2
thermique;0;0;0;0;0;0;2;0;19
terrasse;0;1;0;0;0;1;0;1;17
superbe;3;1;0;0;1;1;2;2;11
septembre;0;0;9;0;0;3;5;2;2
résumé;1;2;0;0;0;9;5;3;1
répartition;0;0;0;0;0;10;1;7;2
rémunérer;0;0;1;0;0;4;1;14;1
ruine;0;0;7;0;0;1;0;10;3
riponne;0;1;0;1;0;8;7;0;4
radical;0;0;15;0;0;1;3;1;1
qqun;0;0;1;1;0;9;6;2;0
publicité;0;0;2;0;0;4;8;6;1
propriété;0;0;2;2;0;2;7;6;0
promouvoir;0;0;1;1;0;4;9;3;2
probleme;0;0;1;0;0;5;2;3;9
poule;0;0;0;0;0;2;1;2;1
potentiellement;0;0;2;2;0;3;4;8;2
plante;0;0;3;1;0;4;1;3;9
pdg;0;0;0;1;0;0;0;14;1
passion;1;0;0;0;0;15;1;2;2
parental;0;0;0;0;0;17;0;1;1
oeuf;0;2;0;1;0;4;3;5;2
nécessité;0;0;1;4;0;4;4;3;5
natalité;0;0;0;0;0;2;2;14;1
narratif;0;0;9;0;1;2;9;0;0
menteur;0;5;10;0;0;2;3;0;0
maîtrise;0;0;2;0;12;0;4;3;0
max;0;0;0;0;1;3;2;8;6
librement;0;1;1;4;0;5;4;3;3
lait;0;2;0;0;0;2;3;7;5
juriste;0;1;0;0;2;0;15;0;0
jardin;0;0;0;0;0;7;1;0;12
interview;0;0;7;1;2;3;7;1;0
instaurer;0;0;5;3;0;2;1;8;1
illégalement;0;0;7;5;0;5;1;1;2
geneve;0;2;1;2;1;1;0;3;9
fumigène;0;0;0;20;0;0;0;0;0
front;0;0;0;3;0;10;1;7;0
fonctionnement;0;0;2;2;1;0;8;6;2
fil;0;0;2;0;0;3;10;1;5
exemplaire;1;0;2;13;0;1;3;0;1
excessif;0;0;0;2;1;3;6;8;1
ennemi;0;0;7;0;0;8;4;1;0
emji_visage_endormi;0;15;1;0;0;1;1;2;0
emji_pouce_vers_le_haut_peau_moyennement_claire;14;0;0;0;0;2;1;1;0
emji_index_pointant_vers_l_utilisateur;4;15;0;0;0;1;0;0;1
emji_biceps_contracté_peau_claire;11;0;0;0;0;2;0;0;0
démarche;0;0;3;0;0;9;8;1;0
dégrader;0;0;1;2;0;9;3;3;3
douleur;1;2;5;0;0;10;2;1;0
divorce;0;0;0;0;0;11;4;3;0
diffamation;0;2;1;0;0;0;16;0;1
dette;0;0;0;0;0;2;1;14;3
description;0;0;1;1;0;0;18;0;1
delà;0;0;1;1;0;10;1;8;0
deal;0;1;5;0;0;1;1;7;6
curieux;0;1;0;3;0;4;11;1;1
crédibilité;0;1;8;1;0;3;7;1;0
créateur;1;0;2;0;0;3;4;8;2
croix;0;2;9;0;0;3;3;0;2
croissance;0;0;0;0;0;2;2;16;1
craindre;0;1;1;2;0;7;5;3;1
cour;0;0;18;1;0;1;1;0;0
contacter;0;3;1;0;0;7;3;5;2
conjoint;0;1;0;0;0;15;1;2;0
conclure;0;0;4;1;0;2;12;1;1
collaborer;0;1;9;2;0;2;3;3;1
cognitif;0;1;1;0;0;1;17;0;1
cliché;0;0;1;0;0;9;6;2;1
clavier;0;2;0;1;0;11;2;3;1
classique;0;0;2;1;0;4;8;0;6
chauffer;0;3;0;1;0;1;0;0;16
catastrophique;0;0;0;0;0;1;9;10;1
capitale;1;0;1;9;0;1;0;1;5
calmer;0;2;1;9;0;2;5;0;2
biodiversité;0;0;0;1;0;1;7;0;9
bernois;0;4;1;10;0;0;0;5;0
bernard;0;1;0;1;0;1;0;17;0
bb;3;1;1;0;0;14;0;1;0
basique;0;1;1;0;1;5;9;2;1
bannir;0;1;2;0;0;0;3;0;15
bandit;0;1;4;1;0;9;3;2;0
balcon;0;0;0;15;0;2;0;1;3
b1;0;0;0;0;19;1;1;0;0
arrestation;0;0;10;5;0;1;3;0;2
and;1;3;6;0;1;2;5;1;1
alémanique;0;0;0;0;3;5;2;9;1
agriculture;0;0;1;0;0;1;0;2;16
aborder;0;0;0;0;0;14;5;1;1
épuiser;0;0;0;1;0;1;2;6;8
énerver;0;1;0;1;0;9;4;2;1
écosystème;0;0;1;0;0;4;1;3;11
yémen;0;1;18;0;0;0;1;0;0
vrm;0;4;4;0;0;11;0;1;0
voiler;0;1;4;0;0;1;4;2;6
vif;0;2;1;0;0;4;0;0;13
tunnel;0;0;15;2;0;0;0;0;0
tjr;0;0;0;2;0;9;3;4;1
timbre;0;15;0;0;0;2;0;0;1
tiers;0;0;1;1;0;10;2;2;2
thune;0;1;0;0;0;3;3;12;0
systémique;0;0;0;1;0;8;5;3;1
supermarché;0;0;1;0;0;0;0;4;14
soignant;0;0;1;2;0;2;1;14;0
slide;0;3;1;0;0;2;10;1;0
sdf;0;0;2;1;0;1;0;11;5
sapin;0;1;0;0;0;0;1;0;17
saisir;0;0;4;0;0;2;8;6;0
résister;0;0;6;1;0;1;4;4;3
réserve;1;1;0;0;0;0;0;15;3
représentatif;1;0;2;2;0;1;11;2;1
rejeter;0;0;4;0;0;0;10;2;4
refus;0;1;3;1;0;9;3;1;2
rechercher;0;0;3;3;0;6;6;2;0
raser;1;1;8;0;0;6;1;3;0
ras;0;0;3;11;0;1;1;3;1
rarement;0;1;0;1;1;5;4;3;5
pétrolier;0;0;0;0;0;0;0;1;19
précision;3;0;2;1;1;2;9;2;0
propager;0;0;8;2;0;1;7;1;1
promotion;0;0;1;0;1;8;6;1;2
plat;0;2;0;1;1;8;3;0;5
pc;0;0;0;1;0;12;0;5;1
partisan;0;0;4;0;0;1;15;0;0
paradis;0;0;0;0;0;2;3;13;1
montage;0;1;3;0;0;1;10;3;1
mariage;0;0;0;0;0;13;4;2;1
lobbys;0;0;2;0;0;2;1;10;3
lingot;0;3;1;0;0;2;0;13;1
lgbt;0;0;4;0;1;1;14;0;0
jsp;0;1;2;1;0;11;0;2;3
journalistique;0;0;2;2;0;0;15;0;1
jogging;0;0;0;0;0;10;0;0;5
issue;0;0;2;7;0;3;5;1;2
islamique;0;0;14;1;0;2;2;0;0
interpréter;0;0;1;1;0;1;14;1;0
inquiétant;0;0;0;1;0;11;5;3;0
influencer;0;0;1;0;0;4;12;2;0
inde;0;0;1;0;0;4;6;0;8
importation;0;0;0;0;1;0;0;7;11
illustre;0;0;0;2;0;0;14;2;2
humaniste;0;1;5;1;0;8;3;1;0
hallucinant;0;4;3;2;0;7;2;1;1
gratuitement;0;1;0;0;1;2;4;9;3
goûter;2;7;0;0;0;2;1;3;5
frustration;0;2;1;0;1;6;9;0;1
fr;0;1;2;0;0;0;3;9;4
fiable;0;0;6;0;0;6;5;2;1
exploit;0;4;1;0;0;9;3;1;0
ethnique;0;0;19;0;0;0;1;0;0
entourage;0;1;1;0;0;5;5;7;1
emji_visage_bleu_et_froid;0;12;0;0;0;0;1;0;0
emji_fleur_fanée;11;0;0;0;1;0;1;1;0
emji_coeur_vert;11;0;1;0;0;0;2;1;2
emji_coeur_bleu;13;1;0;0;0;1;0;0;0
déclencher;0;0;12;0;0;1;6;0;0
décevoir;0;11;1;0;0;2;1;1;3
douter;0;2;5;0;2;4;5;0;1
dent;0;1;1;2;0;2;3;5;2
corée;0;2;4;0;0;0;3;0;2
contradiction;0;0;1;4;0;1;13;1;0
connait;0;0;2;0;1;6;9;1;0
concurrence;0;1;1;1;0;1;0;13;3
complémentaire;0;0;0;0;0;1;8;9;1
chips;4;14;0;0;0;1;0;0;0
cautionner;0;0;10;0;0;1;4;3;0
btc;0;0;0;0;0;1;1;15;0
britannique;0;0;7;0;1;2;3;1;0
bla_bla;0;10;2;0;0;2;2;1;2
au_delà;0;0;0;0;1;4;7;7;0
attiser;0;0;14;0;0;2;2;1;1
argumenter;0;0;0;0;0;5;11;4;0
algérie;2;0;14;0;0;0;0;2;1
aisé;0;0;0;1;1;0;1;14;2
afghan;0;0;4;1;1;8;4;0;1
addiction;2;0;0;0;0;3;1;6;8
accompagnement;0;1;0;0;0;11;1;3;2
évoquer;0;0;4;0;0;0;5;6;4
écraser;0;0;2;1;0;3;6;3;3
échouer;0;0;3;3;2;3;6;1;0
youtube;0;0;0;2;0;1;14;0;0
voyou;0;1;14;2;0;1;1;0;0
vomir;0;0;2;0;0;15;0;1;1
vendeur;0;0;1;0;0;1;5;5;6
valoriser;0;0;0;0;1;5;3;7;2
vague;0;4;1;1;0;2;2;0;9
utilité;0;1;2;1;0;1;4;9;1
usine;0;0;0;0;0;2;0;8;7
tordre;0;0;1;1;0;3;11;1;2
table;0;0;0;2;0;7;6;2;2
subvention;0;1;0;0;0;2;0;13;2
subjectif;0;0;1;0;0;11;7;0;0
structurel;0;0;0;0;0;4;10;0;4
spécifique;0;0;0;0;0;5;3;6;5
sauvage;0;0;3;9;0;3;2;1;1
saccager;0;0;2;11;0;2;3;1;0
rigueur;0;0;1;1;0;2;11;1;3
restriction;0;0;1;3;0;0;5;5;3
remboursement;0;0;1;0;0;1;0;15;1
rattraper;1;2;1;1;0;2;1;8;1
rabaisser;0;0;0;0;0;9;5;1;1
précarité;0;0;0;0;0;2;2;13;2
prononcer;0;0;4;0;5;2;8;0;0
pont;0;1;0;1;0;5;0;0;11
plier;0;1;0;0;0;3;4;7;2
phase;0;0;2;0;0;5;1;4;2
parier;0;2;2;1;3;0;4;6;0
opposé;0;1;4;1;0;5;7;0;0
noter;0;2;4;4;0;0;4;1;3
neurone;0;0;2;0;1;15;1;0;0
nettement;0;0;1;0;0;1;0;12;5
natif;0;0;1;0;17;0;1;0;0
mêler;0;1;1;1;0;9;6;1;0
mythe;0;0;1;0;0;1;6;7;4
miracle;1;0;2;0;0;9;1;3;2
mdrr;0;1;0;2;1;9;2;2;1
maître;0;0;2;0;1;3;5;7;1
mai;0;0;9;2;0;0;5;1;1
limitation;0;0;0;2;1;1;1;1;12
inverser;0;0;6;1;0;1;9;1;1
innovation;0;2;0;0;0;1;0;7;6
ingénieur;0;0;0;0;0;1;2;14;2
indécent;0;0;0;0;0;2;4;10;3
inconnu;0;0;1;1;0;10;7;0;0
inaction;0;0;6;1;0;3;6;1;1
inacceptable;0;0;3;4;0;5;4;3;0
géant;0;0;1;0;0;0;2;12;4
gaspillage;0;1;0;0;0;1;1;5;10
gain;0;0;1;1;0;2;2;11;2
fléau;0;1;0;0;0;12;2;1;2
fixer;0;0;1;1;0;1;3;11;2
excès;0;1;0;0;0;1;3;1;13
etats;0;0;15;0;0;1;2;1;0
entretenir;0;0;2;0;0;7;0;8;2
ennuyer;0;3;0;0;0;7;9;0;0
emporter;0;2;2;0;0;4;10;0;1
emji_étoile;9;0;1;0;0;0;0;0;0
emji_visage_implorant;9;0;1;0;0;4;0;3;0
emji_mains_qui_forment_un_coeur_peau_moyennement_claire;10;2;1;0;0;4;0;0;1
emji_mains_levées_peau_moyennement_claire;9;2;0;0;0;1;3;0;0
emji_mains_en_prière_peau_mate;5;2;0;1;0;3;1;2;0
embaucher;0;0;0;0;0;1;1;16;1
ego;0;0;1;1;0;16;1;0;0
délire;0;2;1;1;8;2;2;3;0
décembre;0;0;1;0;0;0;1;8;9
disparition;0;1;2;0;0;2;9;0;4
dab;0;0;0;0;0;1;1;2;10
croyance;0;0;3;0;0;10;5;1;0
contraint;0;0;0;1;0;11;3;1;3
constituer;0;0;9;0;0;2;5;3;0
conjugal;0;0;0;0;0;16;3;0;0
comparable;0;1;4;0;0;2;1;0;10
collectivité;0;0;0;1;0;6;1;9;1
cochon;0;2;1;1;0;5;3;1;1
classement;0;1;0;0;1;2;3;1;1
chatgpt;0;5;0;0;0;3;10;0;0
chapeau;0;0;0;0;0;2;10;6;0
chanter;2;0;5;0;7;3;2;0;0
cercle;0;1;1;0;0;5;8;2;1
caissier;0;0;0;0;0;1;4;7;0
c2;0;1;0;0;16;0;1;0;0
briser;0;0;13;1;0;1;0;3;1
bouffer;0;0;3;1;0;2;0;3;10
biaisé;0;1;0;0;0;0;17;0;1
bern;0;1;0;8;0;0;0;4;6
banaliser;0;0;2;1;0;3;11;1;1
assureur;0;0;0;0;0;1;1;15;1
armement;0;0;5;0;0;0;5;8;1
ancêtre;0;0;1;0;0;5;2;9;2
amnesty;0;0;13;1;0;1;3;0;0
aise;0;1;0;0;1;13;1;1;2
affiche;4;1;0;0;2;0;11;0;1
affect;0;0;0;0;0;0;17;1;1
activiste;0;0;6;2;0;8;1;0;0
actionnaire;0;0;0;0;0;0;0;17;0
équiper;0;0;1;7;0;1;1;1;6
élevage;0;0;0;0;1;1;1;2;13
égoïste;0;0;0;0;0;13;3;1;1
yodel;0;1;1;0;3;5;6;0;0
vénézuélien;0;1;8;0;0;0;7;1;0
votations;0;0;1;2;1;2;11;1;0
vegan;0;3;0;0;1;0;0;0;1
témoin;0;0;6;1;0;7;3;1;0
transporter;0;0;1;0;0;1;1;2;13
transaction;0;0;1;0;0;0;0;9;2
sélection;1;1;0;0;1;4;5;1;1
séjour;0;0;0;2;4;7;1;4;0
solidaire;0;0;0;0;0;8;3;7;0
socialement;0;0;0;0;0;10;4;4;0
sketch;0;7;0;0;0;1;7;2;1
silencieux;0;0;6;0;0;8;3;0;0
seuil;0;0;1;0;0;0;1;15;1
résistance;0;0;12;2;0;0;4;0;0
réparation;0;1;7;0;0;2;0;6;2
représentation;0;0;1;0;0;1;10;5;0
reproduire;1;0;1;0;0;13;0;1;2
rente;0;0;1;0;0;7;0;9;1
reconstruire;0;0;10;0;0;4;3;1;0
recommander;0;1;0;0;0;2;11;1;3
pull;0;0;0;0;0;2;2;2;10
préoccuper;0;1;5;3;0;0;2;0;7
proportionnellement;0;0;0;0;0;2;0;16;0
prince;0;0;1;0;0;7;0;0;8
poisson;0;0;0;1;0;5;1;1;9
pme;0;0;0;0;0;0;1;16;0
planter;0;0;0;1;0;2;2;3;10
participant;0;0;0;11;0;0;1;1;2
parer;3;0;0;0;1;5;1;6;2
organe;0;0;11;0;0;1;4;0;1
ofs;0;0;0;0;0;2;11;3;2
netanyahou;0;0;16;0;0;0;1;0;0
mètre;0;1;2;2;0;1;0;0;9
montreux;0;1;0;0;8;1;1;0;7
moche;0;0;3;0;0;7;0;0;7
min;0;1;0;1;1;2;1;2;9
majoritaire;0;0;1;0;0;6;7;4;0
limité;0;0;2;0;0;0;2;9;4
licencier;0;0;0;0;0;0;0;14;3
langage;0;0;2;1;0;6;9;0;0
irlande;1;0;0;0;0;0;6;8;0
indignation;0;0;4;3;0;0;8;2;0
imposition;0;0;0;0;0;0;0;17;0
immédiat;0;2;5;0;0;2;6;0;2
hurler;0;0;3;1;1;4;7;2;0
généreux;1;4;1;0;0;5;1;3;3
génocidaire;0;0;17;0;0;0;1;0;0
gazer;0;0;0;13;0;1;1;0;1
garantie;0;0;2;3;0;1;1;8;1
fêter;0;1;5;0;0;4;0;4;4
franchise;0;1;0;0;0;0;0;15;0
fm;0;0;0;0;0;0;1;0;13
expulser;0;0;6;1;8;0;0;1;1
emji_visage_en_colère;0;3;1;0;0;1;0;1;0
emji_feuille;15;0;1;0;0;0;2;0;0
emji_explosion;3;2;0;0;0;2;0;3;4
emji_croix_latine;6;0;3;0;0;0;0;0;0
emji_coeur_violet;14;0;1;1;0;1;0;0;0
emji_coeur_enflammé;2;0;1;0;1;0;0;0;0
emji_coeur_bleu_clair;7;3;0;0;0;1;0;0;1
emji_bouton_coché;2;0;2;1;0;0;1;6;2
déconnecter;0;1;1;0;0;11;3;1;1
dsl;0;10;0;1;0;3;1;1;2
diversité;0;0;0;0;0;6;7;3;1
dinguerie;0;4;1;0;0;2;9;1;0
diffuser;0;0;0;0;0;0;17;1;0
coûteux;0;0;0;0;0;4;2;9;3
contrainte;0;0;1;2;0;12;1;0;2
contenter;0;0;0;0;0;5;12;1;0
consacrer;0;0;1;3;1;9;3;1;0
concevoir;0;0;2;0;0;10;0;3;3
concert;2;1;0;4;0;1;2;2;3
coincer;0;0;2;4;0;7;0;3;2
centrale;0;0;0;1;0;2;1;3;8
centime;0;0;0;0;0;0;1;15;1
cagoule;0;0;2;15;0;0;0;0;0
c1;0;1;0;0;13;0;1;1;0
boucher;0;0;1;0;0;0;0;5;6
beurre;0;1;0;0;0;0;5;5;0
benjamin;0;5;10;0;0;0;0;1;0
bain;0;0;2;0;0;12;0;3;0
autoritaire;0;0;5;1;0;6;6;0;0
assistant;0;0;0;1;0;14;0;3;0
architecte;0;0;0;0;0;7;0;10;0
appart;0;0;2;1;0;3;1;7;4
alpe;0;1;1;0;1;7;0;1;5
éteindre;0;1;0;1;0;9;3;0;1
éclater;0;0;6;1;0;6;1;1;1
éclairer;0;0;1;1;0;0;13;1;1
wikipedia;1;4;0;0;0;0;12;0;0
volant;0;0;0;1;0;3;2;1;9
violeur;0;0;12;0;0;0;3;0;0
urgent;0;1;2;1;0;3;1;6;3
tourisme;0;0;0;0;0;2;2;3;10
totalité;0;0;4;0;0;1;4;5;1
tolérer;0;0;2;3;0;5;5;0;2
symbolique;0;0;1;1;0;3;10;1;1
suède;0;0;1;0;0;3;1;5;3
sueur;0;7;2;0;0;1;0;5;2
sommet;0;0;6;0;1;2;2;1;2
solaire;0;1;0;0;0;1;2;1;12
singapour;0;0;1;0;0;2;2;3;5
scénario;0;3;1;0;0;4;7;2;0
républicain;0;1;2;0;1;0;12;0;0
réforme;0;0;0;0;0;2;4;9;2
récolter;0;0;4;1;0;1;6;4;1
réchauffer;0;0;0;0;0;1;1;0;15
retraité;0;0;0;0;0;2;2;12;1
rentable;0;0;0;0;0;0;1;5;11
relâcher;0;0;7;0;0;3;3;2;2
rat;0;1;3;0;0;7;0;3;1
protéine;0;0;0;0;0;4;0;0;13
promener;0;1;0;4;0;3;3;1;5
profession;0;0;0;0;2;2;3;9;0
prestation;0;0;0;0;0;2;2;12;0
portugais;0;1;0;1;7;1;0;6;0
pompier;0;0;1;11;0;4;1;0;0
piscine;0;8;0;0;0;3;2;0;3
pause;0;0;2;0;0;1;4;5;3
pacifiste;0;0;1;14;0;0;2;0;0
ouvertement;0;0;4;0;0;2;10;0;1
oups;0;11;2;0;0;2;1;1;0
opposition;0;0;6;1;0;4;4;0;0
ong;0;0;4;0;0;1;6;5;1
oms;0;1;3;0;0;1;1;2;6
objectivité;0;1;0;1;0;0;14;1;0
naturaliser;0;1;0;0;16;0;0;0;0
météo;0;1;0;0;0;1;3;1;11
musk;0;1;0;0;0;0;11;3;2
mordre;0;0;4;4;0;2;4;3;0
mobilité;0;0;0;0;0;1;1;3;11
mascarade;0;0;1;7;0;3;1;4;1
maduro;0;0;15;0;0;0;1;0;0
louper;0;4;4;0;0;6;0;1;2
loisir;0;0;0;1;0;3;1;1;11
lambda;0;0;0;2;0;8;2;3;2
lacrymo;0;0;0;16;0;0;0;0;0
jaloux;0;8;1;0;0;4;2;2;0
issu;0;0;1;0;0;2;2;6;6
interpeller;0;1;2;1;0;0;13;0;0
infiltrer;0;0;2;6;0;3;4;0;1
idf;0;0;13;0;0;0;2;0;0
habituer;2;0;1;0;0;8;1;0;5
géopolitique;0;1;3;2;0;2;7;1;1
gras;0;2;0;8;0;1;0;0;5
gentiment;0;0;0;1;0;7;3;5;1
fédération;1;0;4;0;0;2;2;0;0
for;2;0;9;1;0;2;0;2;0
flagrant;0;0;4;0;0;4;5;3;1
filer;0;5;0;0;1;3;1;4;3
explosion;1;1;4;0;0;1;0;4;6
exorbitant;0;0;0;0;0;0;0;16;1
exagérer;0;1;0;0;5;5;2;3;1
enfaite;0;0;2;0;0;8;1;6;0
emmener;0;0;1;8;0;0;0;1;7
emji_visage_qui_tire_la_langue_les_yeux_plissés;0;7;0;0;0;3;2;0;0
emji_visage_neutre;0;1;1;1;0;2;0;1;0
emji_visage_avec_des_valises_sous_les_yeux;2;10;0;0;0;0;1;1;2
emji_pop_corn;2;10;1;0;0;1;0;1;0
emji_ok_peau_claire;2;12;0;0;0;0;0;0;0
elon;2;0;0;0;0;0;8;5;2
efficacité;0;0;1;1;0;0;11;3;1
dépendant;0;0;0;0;0;7;2;4;2
dénigrer;0;1;0;2;1;6;7;0;0
délocaliser;0;1;0;1;0;1;0;12;2
délinquant;0;0;3;4;0;4;6;0;0
dégueulasse;0;1;3;0;0;1;2;1;7
drh;0;0;0;0;0;0;0;16;0
douteux;0;0;1;0;1;1;9;2;3
distribution;0;0;0;1;0;0;1;11;3
deviner;0;0;2;0;0;3;6;5;1
design;1;0;0;0;1;2;6;0;7
cuisine;0;0;0;0;2;7;0;0;8
continu;0;0;4;0;0;0;0;1;12
contact;0;0;2;0;0;2;8;1;4
confronter;0;0;2;4;0;4;6;1;0
concentration;0;0;2;1;0;0;1;4;9
composer;0;0;2;1;0;7;3;2;2
cible;0;0;3;1;0;4;6;3;0
choc;0;0;0;2;0;6;4;0;5
chasser;0;2;8;0;0;2;2;1;1
champ;0;0;2;0;0;4;6;0;5
cellule;0;0;2;2;0;6;3;0;1
carence;0;0;0;0;0;0;1;1;6
bug;0;0;0;0;0;1;2;8;3
brillant;0;3;0;0;0;6;2;1;5
bisounours;0;4;1;0;0;8;0;4;0
bisou;0;0;0;1;0;2;10;2;2
aérien;0;1;6;0;0;0;0;2;8
annuler;0;0;4;0;0;1;2;2;7
agréable;0;0;0;0;0;6;7;2;2
absurdité;0;0;3;0;0;2;8;3;1
50mio;0;0;0;0;0;0;0;14;0
2x;0;2;0;0;0;7;0;3;5
évidement;0;0;0;2;0;5;6;2;1
électoral;0;0;1;0;0;0;3;5;6
z;0;9;0;0;0;3;2;1;0
végétarien;0;2;0;0;1;0;0;0;9
visite;0;3;6;0;0;2;0;3;2
turc;0;2;1;0;3;0;3;0;1
traîner;0;0;0;4;0;9;0;1;1
torturer;0;1;15;0;0;0;0;0;0
tiktok;0;1;2;0;0;3;10;0;0
ticket;0;1;0;0;0;1;1;2;9
symptôme;0;0;1;0;0;9;0;4;2
swiss;1;1;0;0;0;0;1;2;10
survie;0;0;1;0;0;4;1;5;5
standard;0;0;2;1;0;3;1;6;2
spécialiser;0;0;0;1;0;2;2;9;1
souverain;0;0;6;2;1;3;2;1;0
soumission;0;0;0;2;0;8;3;2;0
sauveur;0;1;6;0;0;5;2;2;0
sauce;0;0;1;1;0;2;7;4;0
sanitaire;0;0;1;0;0;3;0;7;5
résolution;0;0;14;0;0;1;0;0;0
répétition;0;1;1;1;0;6;3;4;0
réparer;0;0;1;0;0;6;3;3;2
râler;0;2;1;0;1;1;3;6;2
rond;0;0;0;0;0;7;6;2;1
rompre;0;0;12;0;0;2;2;0;0
romain;0;0;7;0;0;5;1;1;2
resto;0;0;0;1;0;1;2;4;8
ressortir;0;0;3;1;0;4;1;3;3
redonner;0;1;0;0;0;8;2;4;1
reconstruction;0;0;10;0;0;2;1;1;2
reconnaissant;0;0;1;0;1;11;1;2;0
racial;0;0;4;0;0;4;8;0;0
queue;0;0;0;0;0;2;2;6;6
questionner;0;1;0;1;0;0;8;4;2
ptdr;0;0;1;1;0;9;2;1;1
professeur;0;0;1;0;0;8;2;3;2
plafond;0;0;0;0;0;3;0;10;2
pia;0;0;0;0;0;15;0;0;0
pesticide;0;1;0;0;0;0;1;2;12
peser;0;0;1;0;0;2;2;7;4
persuader;0;0;0;0;1;3;6;6;0
personnalité;0;0;0;0;2;6;4;1;2
pencher;0;0;0;0;0;5;10;1;0
payant;0;1;0;0;0;0;1;13;1
patriarcat;0;0;0;0;0;13;2;0;0
ordinaire;0;1;2;1;0;6;1;5;0
orange;0;1;2;0;0;1;9;2;1
opposant;0;0;6;3;0;2;3;1;1
omettre;0;0;1;1;0;1;8;3;2
numérique;0;0;0;0;0;1;1;13;1
nuire;0;0;4;4;0;5;1;1;1
not;0;3;5;1;0;2;4;0;0
motiver;0;0;0;2;0;5;2;3;3
minoritaire;0;0;2;0;0;4;6;3;0
milei;0;0;0;0;0;0;11;2;0
mesurer;0;0;0;0;0;1;8;2;5
matelas;0;1;0;6;0;6;0;1;0
lunette;0;3;0;3;0;9;1;0;0
louer;1;0;0;0;0;2;1;2;10
judée;0;0;13;0;0;0;0;0;0
janvier;0;1;2;0;0;2;2;7;2
inciter;0;0;1;0;0;6;2;3;4
immédiatement;0;0;7;0;0;2;5;1;1
humilier;0;0;3;0;0;8;3;1;0
hollywood;0;0;0;0;0;1;14;0;0
génocidaires;0;0;14;0;0;0;1;0;1
guy;0;4;3;0;4;0;0;5;0
grossesse;0;0;0;0;0;13;0;3;0
fracasser;0;0;2;3;0;8;2;0;1
formidable;4;0;2;0;7;1;1;0;0
flottille;0;0;9;3;0;1;2;1;0
fixe;0;1;0;0;0;1;2;12;0
fierté;0;0;0;0;0;5;4;7;0
etes;1;1;0;1;0;9;2;1;0
ete;0;1;4;0;0;6;1;0;2
espion;0;0;2;0;0;1;7;0;0
enterrer;0;0;10;1;0;1;0;2;2
empreinte;0;0;0;0;0;2;1;0;12
emmental;0;1;2;0;0;3;0;0;8
emji_main_qui_écrit;4;0;8;0;0;0;0;0;0
emji_index_pointant_vers_le_haut;1;3;2;2;2;1;1;0;3
emji_billet_avec_des_ailes;0;3;0;0;0;0;1;4;1
embêter;0;0;0;0;0;12;2;1;1
dérive;0;0;2;0;0;3;10;0;0
définitif;0;0;8;2;0;0;2;2;2
défi;0;2;0;0;0;6;1;6;1
défenseur;0;1;5;0;0;1;6;3;0
décès;0;0;3;2;0;9;1;1;0
débarrasser;0;0;3;0;0;6;4;2;1
directeur;0;0;0;0;0;0;1;14;1
dialogue;0;0;1;3;0;3;6;2;0
destiner;0;0;2;0;1;2;2;8;1
cultiver;0;0;4;0;0;5;5;1;1
culpabilité;0;0;0;0;0;1;9;1;0
cuba;0;0;7;0;0;1;1;1;0
crème;0;0;1;0;0;3;3;0;8
cqfd;0;0;5;0;0;0;4;2;4
couler;0;0;1;0;0;1;0;11;2
cotiser;0;0;0;0;0;0;0;15;1
coop;0;0;0;1;0;1;0;1;13
contraignant;0;1;1;0;0;7;1;2;4
conséquent;0;0;2;1;0;0;2;9;2
compatriote;0;0;3;0;1;6;0;6;0
collaborateur;0;0;1;0;0;2;2;11;0
coca;0;0;0;0;0;0;7;5;3
clown;0;1;1;2;0;2;9;0;0
classer;0;0;2;1;0;2;6;2;1
cité;0;0;4;1;0;3;3;2;2
chômeur;0;1;0;0;0;0;1;12;0
chimique;0;0;1;0;0;0;2;0;13
chaussure;0;0;0;0;0;9;0;1;6
catholique;0;0;2;0;0;0;11;2;1
carton;0;2;3;0;0;1;1;0;9
bâle;0;1;0;0;0;0;0;2;11
bilan;0;0;2;0;0;2;1;1;9
biensur;0;1;2;1;4;2;2;2;1
barbarie;0;0;11;1;0;2;1;1;0
avérer;0;1;2;0;0;1;9;0;3
avancé;0;0;0;0;2;9;3;0;2
associer;0;0;1;0;0;0;5;3;7
asiatique;0;0;1;0;0;0;4;4;3
artisan;0;0;0;2;0;1;2;8;2
argumentation;0;1;2;1;1;3;7;1;0
arbitraire;0;0;12;0;1;2;0;1;0
appuyer;0;1;2;0;0;1;9;0;2
antisémitisme;0;0;14;0;0;0;2;0;0
anonyme;0;1;2;0;0;2;11;0;0
anniversaire;1;1;1;0;0;1;4;6;0
amélioration;0;0;0;0;0;5;1;6;4
aliment;0;1;0;0;0;2;1;0;12
affronter;0;1;1;2;0;9;3;0;0
adhérer;0;0;2;0;1;0;11;1;0
adaptation;0;0;0;0;0;2;3;5;6
abo;0;2;0;0;0;0;0;11;1
étatique;0;0;4;0;0;5;1;5;0
établissement;0;0;1;1;0;3;0;7;3
ère;0;0;2;1;0;0;2;8;2
çà;0;1;0;1;1;3;7;2;0
zoug;0;0;0;0;0;0;1;13;0
xénophobie;0;0;1;0;1;7;3;1;2
vigueur;0;0;5;1;4;0;2;3;0
vachement;0;0;1;1;0;5;2;6;0
user_;1;1;6;1;0;1;4;0;1
universel;0;0;6;0;1;0;4;4;0
témoigner;0;0;2;6;0;6;0;1;0
tir;0;0;6;3;0;6;0;0;0
tesla;0;1;0;0;0;0;0;0;12
taxation;0;0;0;0;0;0;1;14;0
taf;0;1;0;1;0;7;3;2;1
tabac;0;1;0;0;0;0;3;5;5
séparer;0;0;3;0;0;5;4;2;1
sélectionner;1;0;1;1;0;6;3;1;1
surement;0;0;1;2;0;8;3;0;1
stratégique;0;0;4;0;0;2;3;3;3
station;0;0;0;0;0;0;2;1;12
soi_disant;0;1;7;0;1;1;5;0;0
shoah;0;0;13;0;0;0;0;0;0
scooter;1;0;1;0;0;0;0;0;13
saluer;0;0;4;0;0;4;5;2;0
révolution;0;0;3;0;0;3;9;0;0
résidence;0;0;0;0;3;0;4;7;0
réguler;0;0;1;0;0;5;4;4;1
récit;0;0;0;2;0;5;6;1;1
rose;0;1;1;0;0;1;1;2;9
rigolo;0;2;0;0;1;3;6;2;1
revendre;0;0;3;0;0;0;0;8;4
restauration;0;1;0;0;4;0;3;5;2
restant;0;1;2;0;0;3;2;7;0
repousser;0;0;2;0;0;3;2;8;0
regretter;0;0;1;1;0;8;2;1;1
refuge;0;1;2;0;0;1;0;6;5
pédophilie;0;0;2;0;0;0;11;0;1
puer;0;4;1;1;0;7;2;0;0
ptn;0;4;0;0;0;6;5;0;0
préalable;0;0;4;8;0;0;2;1;0
producteur;0;0;1;0;0;1;2;1;8
prier;0;2;4;1;0;6;1;0;0
pourvoir;0;0;1;0;0;5;0;8;0
poupée;0;1;0;1;0;2;1;1;8
poulet;0;1;0;0;0;0;0;3;10
pls;0;10;1;0;1;0;0;2;1
plateformes;0;0;0;0;0;3;7;2;2
pib;0;0;1;0;0;0;2;10;2
pffff;0;1;1;3;0;2;6;1;1
perturber;0;0;0;1;0;2;5;0;7
peace;1;3;3;0;0;4;0;0;0
partenaire;0;0;0;0;0;11;2;2;0
parmis;0;0;2;0;0;1;6;5;1
panneau;0;1;0;0;0;2;0;1;10
out;0;0;0;0;0;2;0;8;1
ouin;0;0;1;1;0;0;5;0;0
oreille;0;0;1;0;1;12;1;0;0
nécessiter;0;0;1;2;0;5;1;0;6
naturalisation;0;0;0;0;13;0;2;0;0
nationaliste;0;0;5;0;0;3;7;0;0
multi;0;0;0;0;0;1;3;11;0
moquerie;0;0;0;0;0;11;0;1;1
monopole;0;1;1;0;0;3;6;1;3
mini;0;0;0;0;0;2;7;3;3
mexique;0;0;0;0;0;1;5;0;1
maternité;0;0;0;0;0;12;0;3;0
léman;0;3;0;0;0;0;0;0;12
loup;0;1;6;1;0;4;1;0;2
linguistique;0;0;0;0;10;3;2;0;0
licenciement;0;0;0;0;0;3;3;9;0
lausannoise;0;0;0;13;0;0;1;0;0
jambe;0;1;0;2;0;2;0;6;3
invention;0;1;0;0;0;3;7;0;4
inexistant;0;1;2;0;1;4;1;3;2
inculte;0;1;2;0;0;3;5;1;0
incompréhensible;0;0;2;0;0;6;0;4;3
incendie;0;1;2;4;0;4;2;0;2
horlogerie;0;0;0;0;0;2;3;7;2
guyane;0;0;0;0;0;0;0;0;4
google;0;0;1;0;0;0;6;4;4
genevoise;0;0;0;2;0;5;5;1;2
fréquenter;0;0;0;0;0;5;0;4;5
freiner;0;0;1;0;0;1;0;3;9
fraude;0;1;1;0;0;0;2;10;1
francais;0;0;1;0;1;2;2;5;3
fidèle;0;0;5;0;0;3;7;0;0
fantasme;0;0;0;0;0;8;4;1;1
faillite;0;0;0;0;0;0;0;15;0
exclure;0;1;1;0;0;0;9;3;1
erroné;0;0;2;0;0;2;10;1;0
er;0;0;7;0;0;2;0;4;1
envisager;0;0;0;2;0;1;1;11;0
emji_tête_de_mort;0;1;2;0;0;0;0;0;9
emji_pouce_vers_le_haut_peau_légèrement_mate;7;0;0;1;0;0;3;0;1
emji_main_avec_index_pointant_à_droite;0;2;2;4;0;3;0;2;0
emji_langue;3;0;0;0;0;0;1;0;2
emji_femme_qui_hausse_les_épaules_peau_moyennement_claire;0;0;1;0;0;0;1;10;1
emji_coeur_noir;11;0;1;0;0;1;0;0;1
emji_chaînons;0;15;0;0;0;0;0;0;0
eme;1;0;1;0;0;6;0;1;1
désarmer;0;0;11;1;0;1;0;0;0
dépendance;0;1;0;0;0;7;2;0;5
dégoûter;0;0;0;1;0;9;2;1;2
découverte;0;2;1;0;0;3;8;1;0
dominer;0;0;2;0;0;5;4;4;0
dollar;0;0;1;0;0;0;0;11;2
dignement;0;0;1;1;0;0;0;10;1
diagnostic;0;0;0;0;0;0;8;2;3
desservir;0;0;1;0;0;1;0;3;10
cyclable;0;0;0;0;0;0;0;0;14
cousin;1;1;1;0;1;8;1;0;1
corporel;0;0;1;0;0;6;3;0;4
conversation;0;0;0;0;2;5;3;2;1
consister;0;0;1;0;0;2;9;2;1
consentement;0;0;3;1;0;11;0;0;0
confusion;0;0;2;1;0;0;10;1;1
compassion;0;0;3;1;0;3;6;1;1
communiquer;0;0;0;0;4;4;6;1;0
combattant;0;0;8;0;0;3;0;2;2
champignon;0;1;0;0;0;7;2;1;4
carnivore;0;1;0;0;0;1;3;1;2
caillou;0;11;1;0;0;0;2;0;1
bâton;0;0;1;0;0;3;7;3;1
brutal;0;0;11;0;0;2;0;2;0
bracelet;0;1;1;1;0;9;1;1;0
bourse;0;0;0;0;0;0;0;14;0
boule;0;5;0;0;0;1;4;2;3
bolivie;0;0;1;0;0;0;0;3;1
boiter;0;0;0;0;0;1;0;13;1
blocus;0;0;11;1;0;0;0;1;0
blessure;0;0;3;1;0;5;4;1;1
bein;1;2;0;2;0;6;0;1;2
barrer;0;2;0;0;0;0;0;11;0
bagage;0;1;0;0;1;8;0;0;5
bafouer;0;0;6;9;0;0;0;0;0
avril;1;0;8;0;0;1;2;2;1
automatiquement;0;0;1;3;0;2;4;3;1
assaut;0;1;2;3;0;3;6;0;0
arabie;0;0;12;0;0;0;0;0;0
amitié;0;0;2;0;0;3;4;2;4
albanais;0;2;1;0;9;0;0;1;0
ahah;1;3;0;0;0;7;3;0;1
agenda;0;0;0;2;0;1;10;1;1
affligeant;0;0;0;0;1;5;6;1;1
ados;0;0;1;0;0;14;0;0;0
accomplir;1;0;0;0;0;8;3;3;0
acceptable;0;0;2;0;1;3;3;4;2
aberration;0;0;0;0;1;1;1;6;5
3h;0;1;0;2;0;2;4;1;4
égard;0;0;2;0;0;2;7;2;1
édition;0;1;0;0;0;1;6;1;2
vieillir;0;0;1;0;0;1;9;2;1
vider;0;3;1;1;0;0;0;6;3
vestiaire;0;0;0;0;0;10;0;0;3
valide;0;1;1;0;2;1;7;1;1
tri;0;1;0;0;0;0;5;3;5
trafiquer;0;1;4;0;0;4;3;1;0
taxi;0;0;1;0;0;0;0;0;11
tabasser;0;0;0;11;0;3;0;0;0
sucre;0;0;0;0;0;1;0;3;10
stabilité;0;0;0;0;0;1;1;10;2
souveraineté;0;0;3;0;0;0;8;3;0
simpliste;0;0;0;0;0;0;11;3;0
second;0;0;1;0;0;0;10;2;1
schéma;0;0;1;0;0;3;6;4;0
saleh;0;0;14;0;0;0;0;0;0
régner;0;0;3;0;0;4;6;1;0
régie;0;0;0;0;0;0;3;10;1
ruiner;0;0;0;1;1;1;0;8;2
royaume;0;1;6;0;0;0;1;5;1
revendication;1;0;3;2;0;8;0;0;0
restaurateur;0;0;0;2;0;1;0;4;7
renoncer;0;0;2;0;0;6;1;3;2
remporter;0;0;4;0;0;0;3;1;0
relativiser;0;0;1;1;0;4;5;3;0
relativement;0;0;0;0;0;5;2;3;3
ratio;0;1;4;0;0;1;0;6;2
rage;0;0;3;0;0;3;5;1;1
racine;0;0;1;0;0;11;0;2;0
quotidiennement;0;0;4;1;0;0;8;0;1
quart;0;0;0;0;0;2;0;2;3
q;0;1;2;0;0;2;1;5;2
pétition;0;0;1;1;0;3;2;1;6
proximité;0;0;0;1;0;2;0;8;3
productivité;0;1;0;0;0;0;1;10;1
productif;0;0;0;0;0;2;4;8;0
portable;0;0;1;0;0;2;0;0;11
pollueur;0;0;0;0;0;0;0;8;6
pluie;1;6;0;0;0;2;0;0;4
plateforme;0;1;2;0;0;1;7;2;1
plainte;0;0;0;2;0;9;1;1;1
pillage;0;0;3;0;0;0;6;3;0
physiquement;0;1;0;0;0;7;1;0;5
perdant;0;0;1;0;0;0;0;10;2
patriarcal;0;0;1;1;0;9;1;1;0
passif;0;0;3;0;0;6;1;2;2
participation;0;0;3;1;0;2;7;1;0
parmelin;0;2;0;0;4;0;0;7;1
parascolaire;0;1;0;0;0;0;0;13;0
otan;0;0;8;0;0;3;0;2;1
originaire;0;1;10;0;0;1;0;0;2
obsession;0;1;2;1;0;0;6;1;2
médecine;0;0;0;0;1;6;3;4;0
motif;0;0;7;5;0;0;1;1;0
modification;0;1;0;0;0;4;6;2;1
mobilier;0;0;0;10;0;1;0;2;1
militer;0;0;1;0;0;1;8;2;2
maths;0;0;0;1;0;5;2;3;0
machado;0;0;13;0;0;0;1;0;0
là_dessus;0;1;1;0;0;3;8;0;1
kilomètre;0;1;2;0;0;1;0;3;7
jésus;1;1;7;0;0;1;4;0;0
it;0;2;5;0;0;4;1;0;2
ironique;0;0;2;1;0;8;0;2;1
iran;0;0;14;0;0;0;0;0;0
irak;0;0;12;0;0;1;0;0;0
invasion;0;1;8;0;0;2;0;3;0
intimité;0;0;0;0;0;13;0;1;0
insensé;0;1;2;0;0;1;6;4;0
inférieur;0;0;0;2;0;3;1;3;4
infliger;0;0;7;0;0;7;0;0;0
infini;0;0;1;1;0;1;1;5;5
indispensable;0;0;0;0;0;4;6;4;0
inclusif;0;1;0;0;1;2;3;1;0
incels;0;0;0;0;0;13;1;0;0
immeuble;0;0;0;0;0;1;1;2;9
iels;0;0;2;0;0;3;5;1;0
hommage;0;0;4;3;0;6;0;1;0
helvétique;0;0;1;0;0;0;6;5;2
généraliste;0;0;0;0;0;1;0;12;0
gta;1;8;1;0;0;0;1;0;0
glacier;0;0;0;0;0;1;0;1;11
fun;0;8;1;1;0;2;1;1;0
foutage;0;2;2;0;0;7;0;3;0
fondement;0;0;0;0;0;0;12;1;1
flemme;0;0;0;0;0;1;10;3;0
fast;0;2;0;0;0;0;4;0;8
faiblesse;0;1;0;0;0;1;10;1;1
extreme;0;0;1;0;0;1;12;0;0
exprès;0;0;1;8;1;1;1;0;2
express;0;5;0;0;0;0;0;3;6
exercice;0;0;3;3;0;3;1;3;0
etaient;0;0;5;2;0;3;2;1;0
emji_notes_de_musique;0;1;0;0;0;0;0;7;0
emji_mains_qui_forment_un_coeur_peau_légèrement_mate;9;0;0;0;0;1;0;0;0
emji_globe_tourné_sur_l;1;0;6;0;0;0;0;1;1
emji_coeur_cartes;10;0;0;0;0;2;0;0;0
emji_bougie;11;0;0;0;0;1;0;0;0
désirer;0;1;5;1;0;5;0;2;0
dériver;0;0;3;0;0;2;9;0;0
démonstration;0;0;0;1;0;2;10;1;0
démissionner;0;1;4;1;0;2;1;1;4
déjeuner;0;0;0;0;0;0;0;2;8
définitivement;0;1;5;0;0;0;0;6;1
dédier;0;0;4;0;0;3;0;3;4
découler;0;0;2;1;0;3;4;2;2
disque;0;0;3;0;0;2;1;1;7
différemment;0;0;0;3;0;5;3;2;1
deuxièmement;0;0;1;1;0;2;1;4;5
david;0;1;9;0;1;0;1;0;1
cst;0;0;0;9;0;0;3;0;0
couronne;0;4;0;0;0;1;0;0;0
couche;0;0;1;0;0;6;1;1;4
contribution;0;0;0;0;0;3;6;5;0
contrer;0;0;1;1;0;2;8;2;0
considération;0;0;3;0;0;7;3;1;0
conférence;0;0;1;1;0;0;9;2;1
conditionnel;0;0;3;1;0;1;9;0;0
compréhensible;0;1;0;0;0;2;5;4;2
comm;0;1;1;0;0;8;0;3;0
colonialisme;0;0;7;0;0;3;2;1;1
clope;0;0;0;0;0;1;2;0;10
chialer;0;0;0;1;0;6;2;4;0
cheval;0;0;1;0;0;7;2;2;1
chauffeur;0;0;0;0;0;0;1;3;9
chanson;0;1;2;0;0;1;10;0;0
cfc;0;0;0;0;0;0;0;13;0
capter;0;3;0;1;0;0;2;3;5
braquer;0;0;3;0;0;8;1;1;1
bourreau;0;0;10;0;0;1;0;1;1
boulanger;1;0;0;0;0;0;0;5;8
bouffe;0;0;0;0;0;1;0;5;7
boss;3;1;0;0;0;3;0;6;1
bobo;0;3;2;2;0;0;6;1;0
bavure;0;0;0;13;0;0;1;0;0
automne;0;12;0;0;0;1;0;0;1
auprès_des;0;0;1;6;0;1;4;2;0
arnaque;0;0;1;0;0;1;4;3;2
après_des;0;0;0;4;0;1;1;8;0
approprié;0;0;7;0;0;4;1;1;1
apparement;0;1;2;0;0;1;7;2;1
appareil;0;0;2;0;0;5;0;5;2
aggraver;0;0;0;0;0;2;5;0;5
aboutir;0;1;1;1;0;2;7;2;0
abonné;0;0;0;0;0;3;2;3;0
abolir;0;0;0;3;0;2;4;4;1
50m;0;0;0;0;0;0;1;10;1
24h;0;0;9;0;0;0;1;1;2
étiquette;0;0;0;0;0;0;5;0;8
éternel;0;1;1;0;0;1;9;1;0
émeutier;0;0;0;11;0;0;0;0;0
électeur;0;0;0;0;0;1;12;0;0
é;9;0;3;0;0;0;0;0;0
whatsapp;0;0;4;1;0;0;6;1;1
vrmt;0;3;0;0;0;5;1;2;2
vocabulaire;0;0;3;0;1;2;6;0;0
virus;0;0;0;0;0;0;4;1;7
violemment;0;0;2;7;0;2;1;0;1
vincent;4;2;0;0;0;1;0;0;1
vestimentaire;0;0;0;0;0;12;0;0;0
variable;0;1;9;0;0;0;0;2;1
valise;0;0;0;0;0;5;0;1;6
valider;0;0;0;0;1;0;8;1;2
valaisans;0;1;0;2;0;6;1;0;3
tsahal;0;0;13;0;0;0;0;0;0
trompeur;0;1;1;0;0;0;6;0;5
transition;0;0;0;0;0;0;0;7;5
trans;0;0;0;0;0;2;8;0;0
tranche;0;1;1;0;0;1;8;1;0
trahir;0;0;2;0;0;0;10;1;0
traditionnel;0;0;1;0;0;6;5;0;1
totalitaire;0;0;0;1;0;0;9;1;2
tension;0;0;4;0;0;0;2;6;0
team;1;9;2;0;0;1;0;0;0
tapis;0;0;1;0;1;5;3;2;1
séance;0;0;0;0;0;12;0;0;0
systématique;0;0;4;0;0;1;8;0;0
synonyme;0;0;3;0;0;0;9;0;1
surconsommation;0;0;0;0;0;0;0;1;12
suicider;0;0;1;2;0;10;0;0;0
suggérer;0;0;0;1;1;0;10;0;0
stock;0;0;2;0;0;3;2;6;0
states;0;0;0;0;0;4;3;3;2
stable;0;1;1;0;0;2;1;7;1
soudanais;0;0;10;0;0;2;0;1;0
sionisme;0;0;11;0;0;0;1;0;0
sexiste;0;0;0;0;0;7;6;0;0
sensibilité;0;1;0;0;0;11;1;0;0
secours;0;1;0;4;0;3;3;0;2
secondaire;0;0;0;0;0;1;1;3;8
saoudite;0;0;12;0;0;0;0;0;0
salir;0;0;5;2;0;4;1;0;1
sage;0;5;0;0;0;7;0;0;1
répandre;0;0;5;0;1;2;4;1;0
régir;0;0;1;5;0;2;1;3;1
référendum;0;0;1;0;1;1;8;0;2
réflexe;0;0;0;0;0;0;11;0;1
ruissellement;0;0;0;0;0;0;2;5;6
roman;0;1;1;0;0;0;10;1;0
repenser;0;0;0;0;0;6;1;5;0
rendez_vous;1;0;0;0;0;7;2;1;1
rendement;0;0;0;0;0;0;1;5;5
rencontre;0;0;0;0;0;5;1;1;5
rempli;0;3;1;0;0;5;1;2;0
redistribution;0;0;0;0;0;0;1;11;0
red;0;0;0;0;0;1;11;1;0
recyclage;0;2;0;0;0;0;1;1;8
record;0;1;0;0;0;2;0;4;6
rayon;0;1;0;0;0;1;2;0;9
raisonner;0;0;1;5;0;2;3;1;1
raisonnable;0;0;1;0;0;0;4;7;1
quid;0;0;2;1;0;0;5;2;3
préférence;1;1;0;0;0;0;5;2;3
protester;0;0;5;0;0;0;2;4;2
prompt;5;1;0;1;0;1;5;0;0
potable;0;1;0;0;0;0;1;0;11
pleuvoir;0;3;0;1;0;1;0;5;1
plateau;0;1;0;0;0;8;2;1;0
pilote;0;1;0;0;0;3;0;2;7
photographe;0;0;0;0;0;2;4;6;1
pharma;0;0;0;0;0;2;0;10;1
pfff;0;6;3;0;0;1;0;1;2
perroquet;0;0;2;0;0;4;3;0;3
permanence;0;1;0;0;0;2;6;0;4
pension;0;0;0;0;0;2;1;9;0
patience;0;0;1;3;0;6;1;2;0
parceque;0;0;1;1;1;7;2;1;0
panne;0;4;1;0;0;1;0;3;4
palais;0;0;1;9;0;0;0;0;0
oppresseur;0;0;7;0;0;3;2;1;0
océan;0;1;0;0;0;0;1;2;9
naturellement;0;0;0;0;0;7;1;1;4
métal;0;2;0;0;0;1;0;4;5
médaille;0;6;2;0;0;2;2;0;1
mécanique;0;0;0;0;0;0;1;1;11
my;1;2;0;0;0;0;10;0;0
moteur;0;0;0;0;0;0;2;0;11
moralement;0;0;1;0;0;6;4;1;1
modeste;0;0;0;0;0;0;2;9;1
mobilisation;0;0;8;0;0;1;1;3;0
migration;0;0;0;1;0;1;6;2;3
meuf;0;0;0;1;0;4;7;0;1
merveille;3;3;1;0;0;0;0;6;0
masculinistes;0;0;0;0;0;11;1;0;1
malsain;0;1;0;0;0;9;1;1;1
mail;0;0;0;5;0;0;4;4;0
made_in;1;1;0;0;0;0;1;0;10
légitimité;0;0;6;3;1;0;2;1;0
léger;0;0;2;0;0;2;6;0;2
légende;1;0;0;0;1;6;0;1;1
luxembourg;0;0;0;0;0;0;0;11;0
logistique;0;0;0;0;1;2;0;5;5
loger;0;0;0;0;0;1;1;11;0
locataire;0;0;1;0;0;0;0;11;0
livrer;0;0;8;0;0;1;1;1;2
libanais;0;0;12;0;0;0;0;0;0
lacrymogène;0;0;0;12;0;0;0;1;0
k;0;1;0;0;0;0;4;2;0
jérusalem;0;0;8;0;0;0;0;0;0
islam;0;0;11;0;0;2;0;0;0
interprétation;0;0;0;0;0;2;11;0;0
initial;0;0;1;1;0;2;5;3;1
infraction;0;0;4;0;0;1;2;0;6
incapacité;0;0;0;0;0;2;6;4;1
importé;0;0;0;0;0;1;0;0;12
immonde;0;1;9;0;0;1;0;2;0
idiot;0;0;1;1;0;4;5;1;1
harceler;0;0;0;0;0;12;1;0;0
haineux;0;0;2;0;1;0;10;0;0
habituel;0;1;0;5;0;0;4;1;1
généraliser;0;0;0;1;1;9;0;2;0
gauchisme;0;1;2;0;0;2;3;4;0
gaspiller;0;0;0;0;0;0;0;8;4
gaffe;0;1;0;0;1;1;6;1;0
fribourgeois;0;4;0;0;0;1;1;7;0
fortuné;0;0;0;0;0;0;0;13;0
format;0;1;0;0;0;6;2;2;0
flipper;0;5;0;0;0;6;2;0;0
feuille;0;1;2;0;0;1;2;2;5
favorable;0;0;3;0;0;0;6;4;0
fatigue;0;0;0;0;0;5;2;2;3
fantastique;1;4;0;0;0;7;0;1;0
etais;0;0;0;0;0;11;2;0;0
empoisonner;0;0;2;0;0;1;0;5;4
emji_visage_fatigué;3;1;1;0;0;0;1;1;3
emji_visage_effrayé;0;0;0;0;0;1;2;1;0
emji_soleil_avec_visage;2;9;0;0;0;1;0;0;0
emji_point_d_exclamation_rouge;0;1;3;0;0;0;1;0;0
emji_femme_qui_hausse_les_épaules_peau_légèrement_mate;0;0;0;0;0;7;0;2;0
emji_coeur_étincelant;11;0;0;0;0;1;0;1;0
emji_biceps_contracté_peau_mate;6;0;0;0;0;0;0;1;0
emji_balance_à_poids;9;0;2;0;0;2;0;0;0
déplorable;0;1;0;4;0;5;1;1;0
débordement;0;0;0;9;0;2;1;1;0
durcir;0;0;1;0;10;2;0;0;0
droguer;0;0;2;0;0;8;0;2;1
drastiquement;0;0;0;2;0;3;0;5;2
dramatique;0;0;4;0;0;0;7;2;0
dominant;0;0;1;0;0;6;2;2;1
distinction;0;0;5;0;0;2;4;1;1
dissimuler;0;0;4;7;0;0;0;1;0
diplomatique;0;0;4;1;0;0;1;4;3
diplomatie;2;0;1;0;0;2;6;1;1
diminution;0;0;0;0;0;0;4;4;5
didier;0;0;0;0;0;3;10;0;0
dicter;0;0;3;0;0;1;5;4;0
dessiner;0;2;1;1;0;6;2;1;0
descendant;0;0;9;0;0;0;1;2;0
célibat;0;1;0;0;0;11;0;0;0
culot;0;0;6;0;1;2;3;0;0
crédit;0;0;0;0;0;0;5;8;0
crédible;0;0;2;0;0;4;7;0;0
crainte;0;0;0;0;0;3;7;1;2
corrompu;0;0;0;0;0;1;6;1;0
consultation;0;0;0;0;0;1;0;12;0
constitutionnel;0;0;1;11;0;0;1;0;0
commande;0;0;0;0;0;0;2;4;7
chuter;0;0;1;1;0;6;1;2;2
ceo;0;0;0;0;0;0;0;11;1
cassé;0;0;0;3;0;0;1;8;0
cadavre;0;0;8;1;0;1;0;1;1
cabine;0;0;0;0;0;11;1;0;1
brut;0;0;1;0;0;0;0;11;0
bolsonaro;0;0;0;0;0;3;7;2;0
bns;0;1;1;0;0;0;0;11;0
bienvenu;0;0;6;0;0;2;4;1;0
bad;0;2;0;0;0;1;9;1;0
attraper;0;0;1;1;0;1;8;0;2
allumer;1;6;1;0;0;2;0;0;2
album;0;1;0;0;0;0;10;0;0
afrique_et_l;1;0;6;0;0;0;0;1;1
affrontement;0;0;1;11;0;0;1;0;0
affreux;0;4;4;0;0;5;0;0;0
affecter;0;0;0;1;0;4;2;6;0
adresser;0;0;0;0;0;9;3;0;0
adolescent;0;0;1;0;0;8;4;0;0
accélérer;0;1;1;0;0;0;0;2;9
accrocher;0;0;0;0;0;1;3;0;9
abordable;0;0;0;0;0;0;0;9;4
abattre;0;0;6;0;0;2;0;1;4
3ème;0;1;8;0;0;1;0;2;1
étoile;2;0;3;0;0;0;1;0;2
étendre;0;0;2;1;0;5;0;2;1
étage;0;0;1;0;0;3;1;3;4
éducatif;0;0;1;0;1;3;2;5;0
yes;6;1;0;0;0;0;3;0;0
wtf;0;6;1;0;0;2;1;2;0
world;0;0;3;0;0;2;1;5;0
what;1;5;1;0;0;0;0;1;1
vétérinaire;0;0;1;0;0;7;0;4;0
violation;0;0;10;0;0;2;0;0;0
universitaire;0;0;0;0;3;1;1;7;0
télévision;0;0;2;1;0;0;7;2;0
trêve;0;0;10;0;0;0;0;0;0
trier;0;0;0;0;1;0;7;0;3
traumatisme;0;1;3;0;0;2;1;0;5
tranquillement;0;0;1;3;0;3;1;2;2
tournée;1;0;2;1;2;2;4;0;0
terro;0;0;9;0;0;1;0;0;0
taliban;0;0;1;0;0;8;1;0;1
t_shirt;0;5;0;0;0;3;0;0;4
sécuriser;0;0;1;6;0;0;0;2;3
sympathique;1;1;1;0;0;2;1;3;1
suspendre;0;1;2;0;0;2;1;3;2
suppression;0;0;0;0;0;0;0;10;2
sudan;3;0;7;1;0;0;1;0;0
steak;0;0;0;0;0;2;0;1;6
statistiquement;0;0;0;0;0;6;5;0;0
stationnement;0;0;0;2;0;1;0;0;9
spray;0;0;0;12;0;0;0;0;0
sexisme;0;0;0;0;0;8;4;0;0
serieux;0;1;1;3;1;5;0;1;0
sec;0;0;2;0;0;1;2;0;7
réunion;0;0;0;4;1;0;2;0;4
rétablir;1;0;0;1;0;4;1;2;2
résider;0;0;1;0;1;0;5;4;1
réfugier;0;0;8;1;0;1;2;0;0
rhétorique;0;1;1;0;0;0;9;1;0
redescendre;0;0;0;3;0;7;0;0;2
recul;0;0;0;1;0;1;8;1;1
racheter;0;1;3;0;0;0;3;2;3
pénaliser;0;0;0;0;1;0;0;9;1
pyjama;0;3;0;0;0;8;0;0;0
proportionnalité;0;0;1;4;0;3;4;0;0
progresser;0;0;0;0;0;3;4;0;2
poutine;0;0;8;0;0;1;2;0;1
poussin;0;1;1;0;1;4;0;5;0
pourrir;0;0;0;1;0;2;4;2;3
postuler;0;1;0;0;0;1;1;9;0
posts;0;1;1;0;0;2;7;1;0
pologne;0;0;2;0;0;5;1;0;1
pognon;0;2;0;0;0;0;4;4;2
plutot;0;0;2;0;0;2;3;1;3
pleinement;0;0;0;1;0;7;3;0;1
planifier;0;0;3;0;0;0;0;5;4
pilule;0;0;2;0;0;7;0;3;0
pile;0;0;1;1;1;0;5;0;4
pic;0;0;1;0;0;0;2;5;4
perspective;0;0;1;0;0;6;1;3;0
perpétrer;0;0;10;0;0;0;1;0;0
performance;1;0;0;0;0;4;0;6;1
pedo;0;0;0;1;0;8;2;0;0
parvenir;0;0;1;2;0;3;3;3;0
parlementaire;0;0;1;0;0;0;4;7;0
pair;0;1;0;0;0;0;9;2;0
pagani;6;1;2;0;0;1;2;0;0
ons;0;6;0;0;0;2;0;2;0
ombre;0;0;1;0;1;9;1;0;0
nuisance;0;0;0;0;0;1;1;0;10
nocif;0;0;0;0;0;2;0;1;9
nasse;0;2;0;7;0;0;2;0;0
médiocrité;0;0;0;1;2;1;8;0;0
morceau;0;2;1;0;0;0;3;1;4
men;0;0;8;0;0;0;1;0;0
maternel;0;0;1;1;7;1;1;1;0
master;0;0;0;0;0;3;2;5;1
masquer;0;0;0;8;0;2;1;0;1
maroc;0;0;6;1;0;1;1;1;0
marathon;0;6;0;0;0;2;0;1;0
malheur;0;1;2;1;0;7;0;0;1
mafieux;0;1;2;0;0;0;1;7;0
lunaire;0;0;1;0;0;0;9;2;0
louche;0;1;3;0;0;1;6;1;0
lot;0;3;1;0;0;4;2;1;1
lobbies;0;0;0;0;0;0;8;1;3
ligue;0;0;2;0;0;0;1;1;0
libéralisme;0;0;0;0;0;1;2;6;2
lecteur;1;0;1;0;0;1;8;1;0
lacune;0;0;0;0;0;4;1;6;1
iranien;0;0;7;0;0;1;1;0;1
inégal;0;0;1;0;0;7;0;3;0
intellectuellement;0;0;2;0;0;5;5;0;0
insulte;0;1;0;1;0;3;7;0;0
insultant;0;0;1;0;1;0;9;0;0
insister;0;0;2;0;0;1;5;4;0
ineptie;0;0;2;0;7;0;0;2;1
indigner;0;0;5;0;0;4;3;0;0
incarner;0;0;1;1;0;4;5;0;1
imagination;0;0;1;0;0;1;9;1;0
icône;0;0;0;0;0;10;1;0;0
honnêteté;0;0;0;1;0;0;11;0;0
hezbollah;0;0;11;0;0;0;0;0;0
génétique;0;1;0;0;0;8;0;1;2
généralité;0;1;0;1;0;7;2;0;0
gris;1;1;0;0;0;1;0;0;9
grimper;0;0;0;0;0;6;1;3;2
gratter;0;1;0;0;0;1;0;9;1
grandement;0;0;0;1;2;5;2;1;1
goutte;0;0;0;0;0;0;1;9;1
globalement;0;0;1;0;0;5;3;2;0
foncer;0;0;0;7;0;2;2;1;0
fautif;0;0;4;2;0;1;2;2;1
factuellement;0;0;1;0;0;1;2;4;1
esclavage;0;0;2;0;0;1;3;0;6
entreprendre;0;0;1;0;0;1;1;7;2
emji_signe_de_la_main;1;3;0;1;0;3;4;0;0
emji_part_de_fromage;5;7;0;0;0;0;0;0;0
emji_coeurs_qui_tournent;5;1;0;0;0;2;0;0;0
emji_cent_points;4;0;0;0;0;8;0;0;0
emji_bouteille_de_champagne;4;5;0;0;0;0;0;0;0
emji_argent_dans_les_yeux_et_la_bouche;0;0;5;0;0;0;2;1;0
egypte;0;0;10;0;0;2;0;0;0
dérégler;0;0;0;0;0;0;4;0;8
démuni;0;1;1;0;0;4;1;4;1
démonter;0;0;1;0;0;2;3;2;1
dégénérer;0;0;1;9;0;0;2;0;0
débloquer;0;1;0;0;0;0;1;8;2
durable;0;0;3;0;0;0;2;2;5
donneur;0;0;1;0;0;0;7;3;1
disproportionné;0;0;0;5;0;1;5;1;0
dimension;0;0;3;1;0;4;3;0;0
côte;0;0;1;1;0;3;1;0;2
cycle;0;0;0;0;1;4;2;1;4
couille;0;0;0;0;0;2;1;9;0
coucou;0;2;2;1;1;5;0;1;0
complotiste;0;1;1;0;0;0;10;0;0
compliquer;0;0;0;0;0;6;4;0;2
colossal;0;0;0;0;0;1;0;6;5
coach;0;2;0;0;0;8;0;0;1
chéri;0;1;1;0;0;2;1;0;0
chercheur;0;0;1;0;0;2;6;1;1
chasse;0;1;1;4;0;0;0;0;5
chaise;0;0;2;4;0;4;0;0;2
cenovis;7;3;1;0;0;0;1;0;0
case;0;0;0;0;0;8;0;0;4
cap;1;3;0;0;0;0;6;1;0
candidat;0;0;1;0;4;2;4;0;0
canada;0;0;1;0;2;0;2;2;0
cambrioler;0;0;0;1;0;8;2;0;0
cage;0;0;2;1;0;6;1;1;1
briller;1;1;2;0;0;2;6;0;0
branche;0;0;3;0;0;0;1;5;3
boutique;0;0;0;1;0;0;0;2;9
belgique;0;0;3;0;0;0;0;1;7
bataille;0;0;2;0;0;4;2;0;2
autriche;0;1;3;0;0;0;1;2;5
arrogance;0;0;1;0;1;2;6;1;1
argumentaire;0;1;0;1;0;2;6;1;0
approuver;0;0;1;0;0;6;1;1;3
anéantir;0;0;4;0;0;3;3;1;1
amplifier;0;0;2;1;0;3;3;0;1
aliou;11;0;0;0;0;0;0;1;0
agressivité;0;0;1;1;0;8;1;0;0
ag;0;1;0;0;0;0;0;8;2
affirmation;0;0;1;0;1;0;9;0;0
adéquat;0;0;2;0;0;8;0;1;1
accéder;0;0;0;8;1;0;0;1;0
abusif;0;0;0;4;0;3;0;4;1
2h;0;0;0;1;1;2;2;1;4
10h;0;0;0;0;0;2;0;5;5
éloigner;0;0;1;2;0;2;3;2;1
économiquement;0;0;0;0;0;0;6;4;1
écolo;0;0;0;0;0;2;2;2;5
zucman;0;0;0;0;0;0;1;10;0
vice;0;0;1;0;1;4;4;1;0
viable;0;0;0;0;0;1;1;7;2
unité;0;1;2;3;1;2;1;1;0
tva;0;0;0;0;0;0;0;11;0
trace;0;0;0;0;0;4;5;1;0
tolérant;0;0;1;1;0;2;7;0;0
tkt;0;0;0;7;0;3;0;1;0
thé;0;8;1;0;0;0;0;1;1
that;0;4;3;0;0;2;1;1;0
tf;0;0;1;10;0;0;0;0;0
syndrome;0;9;0;0;0;0;0;1;0
syndicat;0;1;0;3;0;1;1;4;1
supposition;0;0;0;0;0;0;10;0;1
spectateur;0;0;1;0;0;7;0;3;0
souche;0;0;0;0;0;0;9;0;0
sel;0;0;0;0;0;0;1;4;4
savoyard;0;1;0;0;2;0;2;1;2
salon;1;0;0;0;0;8;1;0;1
résilience;1;0;0;0;0;6;3;0;0
rédiger;0;0;0;0;0;0;11;0;0
retrait;0;0;5;0;0;1;1;1;3
reporter;0;1;1;1;0;1;2;2;2
renverser;0;1;3;0;0;7;0;0;0
pénible;0;0;0;1;0;1;2;5;2
pédophile;0;0;9;0;0;0;1;1;0
punaise;0;3;1;0;0;6;1;0;0
prédateur;0;0;1;0;0;1;0;1;8
prolétaire;0;0;0;0;0;0;0;10;0
progressiste;0;0;1;0;0;8;1;1;0
primordial;0;1;0;0;0;6;1;0;3
pov;0;1;0;0;0;5;2;2;1
poudre;0;3;1;0;0;0;1;4;2
poivre;0;0;1;10;0;0;0;0;0
pointe;0;1;1;0;0;0;3;1;5
plonger;0;1;2;0;0;0;4;2;2
piège;0;0;1;0;0;1;7;2;0
permanent;0;0;0;0;0;3;0;5;3
performant;0;3;1;0;0;0;1;3;1
patte;0;1;0;0;0;5;0;5;0
patriote;0;0;1;0;0;6;4;0;0
passager;0;0;1;0;0;0;0;2;8
parisien;0;2;0;0;2;1;5;0;1
paradoxe;0;0;0;1;0;2;3;2;3
ouest;0;0;5;0;0;0;2;4;0
orientation;0;0;0;0;1;6;3;0;1
ordonner;0;0;8;1;0;2;0;0;0
omg;1;9;0;0;0;0;0;0;1
nécessairement;0;0;0;1;0;1;5;2;2
noyer;0;1;1;0;0;1;7;1;0
noble;0;1;0;1;0;7;1;0;0
nes;0;0;4;4;0;1;0;0;1
naïveté;0;0;2;0;0;1;1;7;0
naturalisé;0;0;0;0;1;3;6;1;0
nati;3;0;0;0;0;8;0;0;0
moule;0;0;0;0;0;1;1;1;7
mouche;1;1;1;0;0;2;5;0;0
motorisé;0;0;0;0;0;1;2;0;7
mossad;0;0;1;0;0;2;2;1;0
morges;0;0;0;1;0;3;5;1;1
modérer;0;0;0;0;0;1;2;4;0
modération;0;0;1;0;0;1;8;0;1
mignon;0;3;0;0;1;5;0;0;2
mensuel;0;0;0;0;0;0;0;11;0
mdrrrr;0;0;0;0;0;2;9;0;0
maçon;0;0;1;0;0;1;1;8;0
manifestement;0;0;1;1;0;6;2;1;0
mamdani;1;0;1;0;0;0;4;1;0
main_d_oeuvre;0;0;0;0;0;1;1;2;6
maigre;0;0;1;0;0;7;1;2;0
légalement;0;0;1;1;0;0;1;8;0
lécher;0;4;0;0;0;5;0;2;0
là_dedans;0;0;1;0;0;3;1;3;2
lausannois;1;0;0;1;0;5;1;3;0
judicieux;0;0;0;0;0;1;7;2;1
joindre;0;0;3;1;1;4;0;2;0
invisible;0;0;2;0;0;2;0;1;6
intégrité;0;0;0;0;0;3;7;0;1
introduire;0;0;1;0;0;2;3;5;0
intercontinental;0;0;0;0;0;0;0;1;4
injection;0;0;0;0;0;4;0;6;1
informatique;0;0;0;0;1;0;2;8;0
indifférence;0;0;3;0;0;1;7;0;0
incohérence;0;0;0;3;0;3;5;0;0
impartial;0;0;8;1;0;0;2;0;0
immoral;0;0;2;2;0;2;3;2;0
immatriculation;0;0;0;2;0;1;0;1;6
identique;0;0;0;0;0;1;6;0;3
hôte;0;0;10;0;0;0;1;0;0
humble;0;0;0;0;0;8;0;2;1
homophobe;0;0;0;0;0;0;9;0;0
hey;0;0;0;0;0;0;10;1;0
haïr;0;0;5;1;0;2;1;1;0
handicap;0;1;0;0;0;4;1;3;1
hamass;1;0;7;0;0;0;0;0;0
halluciner;0;1;0;0;0;7;2;1;0
h24;0;0;2;0;0;1;1;2;4
gênant;0;0;0;0;1;5;4;0;1
gâteau;0;0;0;0;0;0;1;10;0
grippe;0;0;0;1;0;5;1;2;1
gravement;0;0;3;3;0;2;1;0;2
gratuité;0;0;0;0;0;0;0;9;1
gpt;0;1;0;0;1;1;5;3;0
glace;0;1;0;0;0;4;2;0;4
frérot;1;7;1;0;0;1;1;0;0
fréquent;0;1;0;0;0;0;4;1;4
francophone;0;0;0;0;4;0;7;0;0
fossé;0;0;0;0;0;0;9;0;0
formuler;0;1;0;3;0;1;6;0;0
fondation;0;0;1;0;0;0;0;8;2
fonctionnaire;0;0;2;0;0;0;3;6;0
fiv;0;0;0;0;0;4;0;5;0
fiscalité;0;0;0;0;0;0;0;11;0
fiscalement;0;0;0;0;0;1;3;6;0
faillir;0;3;1;0;0;4;0;1;1
faction;0;0;10;1;0;0;0;0;0
fabrication;0;1;0;0;0;0;1;2;6
exposition;0;0;1;0;0;2;3;2;3
exportation;0;0;0;0;0;1;0;7;2
exclusion;0;0;0;0;0;3;6;1;1
evidemment;0;0;1;1;0;4;4;1;0
espérance;0;0;0;0;0;2;1;7;1
escalade;0;2;0;1;0;0;5;0;2
environnemental;0;0;0;0;0;0;1;4;6
env;0;0;3;0;0;1;2;5;0
emojis;0;0;0;1;0;3;6;0;0
emji_trinquer;3;6;0;0;0;0;0;0;0
emji_soleil;2;5;0;0;0;0;0;0;1
emji_ok_peau_moyennement_claire;0;3;0;0;0;5;1;2;0
emji_mains_levées_peau_légèrement_mate;1;2;0;1;0;2;0;2;0
emji_bras_mécanique;6;0;0;0;0;0;0;0;0
emji_applaudissements_peau_mate;4;0;0;0;0;0;1;0;0
effrayant;0;1;0;0;0;8;2;0;0
dévier;0;0;1;0;0;0;4;4;1
détendre;0;2;3;1;0;4;1;0;0
désigner;0;0;4;0;0;0;5;1;1
département;0;0;0;0;0;3;4;1;3
démilitariser;0;0;10;0;0;0;0;0;0
découper;0;1;0;0;0;0;0;1;8
déconner;0;1;0;0;0;0;0;3;0
déclin;0;0;0;0;0;0;4;4;3
décevant;0;0;1;1;0;6;0;3;0
déborder;0;0;2;2;0;1;2;3;1
dynamique;0;0;0;0;0;2;6;1;1
dispositif;0;0;1;2;0;0;1;2;4
discréditer;0;0;1;7;0;0;1;2;0
destination;0;0;1;0;0;0;2;1;6
dessin;0;2;2;0;0;2;4;0;1
descente;2;3;1;0;0;2;0;2;1
danser;0;0;5;0;1;5;0;0;0
dalle;1;0;2;0;1;0;1;5;1
cruellement;0;0;0;1;0;8;2;0;0
cpi;0;0;10;0;0;0;0;0;0
corrélation;0;0;0;0;0;2;6;3;0
corina;0;0;11;0;0;0;0;0;0
copie;0;1;2;0;0;0;6;1;1
coopération;0;0;2;0;0;1;1;6;1
contradictoire;0;0;0;0;0;3;8;0;0
compétitivité;0;0;0;0;0;1;1;3;4
compétent;0;0;2;1;0;5;2;0;1
comique;0;4;0;0;0;3;4;0;0
colonie;0;1;9;0;0;0;0;1;0
colombie;0;1;1;0;0;2;0;1;0
christ;1;0;10;0;0;0;0;0;0
chaton;0;0;0;0;7;1;3;0;0
charité;0;1;0;0;0;5;3;2;0
chalet;0;4;0;0;0;0;0;4;3
cardiaque;0;0;0;0;0;1;3;1;6
canapé;0;1;3;2;0;2;3;0;0
cagnotte;0;1;1;0;0;9;0;0;0
buzz;0;1;2;0;2;1;4;1;0
bruyant;0;0;0;1;0;3;3;0;4
boucle;0;0;0;0;0;5;6;0;0
bilatérales;0;0;1;0;0;0;4;4;2
bilatéral;0;0;0;0;0;1;2;7;0
bail;0;0;0;0;0;0;3;8;0
avortement;0;0;0;0;0;9;1;0;0
avantageux;0;0;2;0;0;0;0;7;2
australie;0;1;0;0;0;1;0;0;8
audience;0;0;2;0;0;2;4;0;3
attitude;0;0;3;0;0;5;2;0;1
asile;0;1;0;0;0;7;2;1;0
appauvrir;0;0;0;0;0;0;0;10;1
apologie;0;0;5;0;0;5;1;0;0
août;0;0;0;3;0;1;6;0;1
aop;0;9;0;0;0;0;0;0;1
angleterre;0;0;0;1;0;0;5;2;2
analyser;0;1;0;1;0;1;6;1;1
amusant;0;0;1;0;0;2;4;0;3
alerter;0;0;0;2;0;7;2;0;0
aigri;0;1;0;0;0;4;4;1;1
affaiblir;0;1;4;0;0;0;3;2;1
ado;0;0;0;1;0;6;1;0;3
accent;0;0;1;0;0;10;0;0;0
absent;0;0;1;2;0;3;1;2;1
abandon;0;0;0;0;1;4;2;0;3
3eme;0;0;0;0;0;0;0;7;2
2ème;0;0;1;0;0;2;1;6;0
2e;0;0;1;0;0;0;3;2;4
13h;0;0;0;0;0;0;0;6;5
éradiquer;0;0;5;0;0;4;0;0;1
égo;0;2;0;4;0;0;4;0;0
zürich;0;0;0;1;2;0;1;0;5
zoo;0;0;0;2;0;5;1;0;2
yen;0;1;1;1;0;1;0;5;0
yemen;0;0;10;0;0;0;0;0;0
wikipédia;0;0;0;0;0;1;7;1;0
végétal;0;0;0;0;0;1;1;0;8
visuel;0;0;0;0;0;1;8;0;1
victimisation;0;0;5;0;0;4;1;0;0
verbal;0;0;0;0;1;6;1;1;0
vengeance;0;0;7;0;0;1;1;0;0
vaste;0;0;4;0;0;1;3;2;0
vandalisme;0;0;0;7;0;0;2;0;0
vallée;1;4;0;0;0;0;0;0;4
urne;0;0;1;0;0;1;2;4;2
transparent;0;0;0;0;0;0;5;5;0
trajectoire;0;0;0;0;0;1;6;0;3
tragique;0;0;0;1;0;7;1;0;1
tpg;0;1;0;0;0;0;0;2;7
temporaire;0;0;1;0;0;3;1;1;2
tech;0;0;0;0;0;1;3;5;0
talentueux;1;0;0;0;1;8;0;0;0
sénégal;9;0;0;0;0;1;0;0;0
stérile;0;0;0;0;0;3;7;0;0
stupidité;0;1;5;0;0;1;1;1;1
stage;0;1;0;0;0;0;0;8;1
sponsoriser;0;2;0;0;0;0;0;6;2
soulager;0;0;1;0;0;0;7;1;1
sensibilisation;0;0;0;1;0;5;3;0;1
salutation;7;0;1;0;0;0;2;0;0
sable;0;2;1;0;0;1;3;0;3
récompense;1;0;3;0;0;0;1;3;1
romandie;0;0;0;0;1;0;5;2;2
rock;0;0;0;0;0;8;0;0;0
rn;0;1;0;1;0;1;7;0;0
riposte;0;0;9;0;0;0;0;0;0
responsabiliser;0;0;0;0;0;2;1;1;4
respectable;0;0;3;0;0;4;1;1;1
rejet;0;0;4;0;0;1;1;0;0
redire;0;0;0;0;0;7;3;0;0
reculer;0;0;0;1;0;7;0;2;0
recrue;0;0;1;0;0;7;1;1;0
recours;0;0;0;4;0;0;4;2;0
rdv;0;0;0;0;0;3;4;2;0
rationnel;0;0;0;0;0;2;8;0;0
rassurant;0;6;0;0;0;0;1;0;3
rassembler;0;1;0;2;0;5;0;0;1
pôle;0;2;0;0;0;1;2;0;5
pyramide;0;0;1;0;0;2;6;1;0
punition;0;2;2;2;0;0;0;2;2
psychique;0;0;0;0;0;7;2;1;0
préventif;0;0;5;0;0;2;2;1;0
provenance;0;1;0;0;0;1;0;0;5
proportionné;0;0;0;9;0;0;1;0;0
programmer;0;0;0;0;1;0;1;2;6
procéder;0;0;0;7;0;2;1;0;0
probable;0;0;1;0;0;2;4;3;0
primaire;0;0;0;0;0;10;0;0;0
premièrement;0;0;2;0;0;0;2;6;0
pragmatique;0;0;1;0;0;0;8;0;0
pq;0;0;1;0;0;0;4;0;0
poumon;0;1;0;1;0;0;0;0;8
possession;0;1;1;0;0;1;6;0;1
portant;0;0;5;2;0;1;0;2;0
port;0;0;0;1;0;0;1;2;6
populiste;0;0;3;0;0;0;7;0;0
pondre;0;2;0;0;0;4;1;1;0
plaie;0;0;0;0;0;4;0;5;1
pirater;0;0;0;0;0;2;5;2;1
pharmacie;0;0;0;0;0;2;1;4;3
pharmaceutique;0;0;0;0;0;0;2;6;1
peupler;0;0;5;0;0;0;0;3;1
paysan;0;1;0;0;0;1;3;0;4
partiel;0;0;1;0;0;4;1;4;0
particulièrement;1;0;1;0;0;3;1;2;2
paire;1;1;1;0;0;1;0;5;1
paille;0;0;0;0;0;1;4;3;2
pacte;0;0;3;2;0;0;3;0;2
ours;0;0;0;0;0;7;1;1;1
oubli;0;1;8;0;0;0;1;0;0
original;4;0;0;0;1;1;2;2;0
organisé;0;0;5;1;0;0;1;1;2
okay;0;0;0;0;0;6;0;1;1
ohhh;5;0;1;0;0;2;0;0;1
oeuvrer;1;0;0;0;1;4;3;1;0
négociateur;0;0;0;6;0;2;1;1;0
nuancé;0;0;0;0;0;1;8;1;0
neuch;0;8;0;0;0;0;1;1;0
méritocratie;0;1;0;0;0;0;6;3;0
ménager;0;0;1;0;0;7;0;0;1
méfier;0;0;4;1;0;0;4;0;1
médiocre;0;0;0;1;0;4;2;0;1
médiatiser;0;0;2;2;0;1;4;1;0
multiplier;0;0;2;0;0;0;0;6;2
motivation;0;0;1;1;0;3;1;4;0
misérable;0;0;1;0;0;0;1;4;3
misogyne;0;0;1;0;0;3;5;0;0
miroir;0;1;0;0;0;8;1;0;0
millionaires;0;0;0;0;0;0;0;10;0
migrantes;0;0;0;0;0;7;2;0;1
matraque;0;1;0;8;0;1;0;0;0
mars;0;1;0;0;1;2;2;4;0
management;0;0;1;0;0;1;1;7;0
magnus;0;1;0;0;0;8;0;0;0
lundi;0;1;4;0;0;0;0;0;4
lucide;0;0;0;0;0;4;3;2;1
low;0;0;0;0;0;1;1;1;5
lobbying;0;0;1;0;0;0;5;3;1
like;0;4;0;0;0;1;5;0;0
levier;0;0;0;0;0;0;0;8;2
king;1;1;2;0;0;0;5;0;0
justification;0;1;1;0;0;1;5;2;0
jsuis;0;0;0;0;0;4;1;4;1
jouet;0;0;0;0;0;9;0;0;1
irresponsable;0;0;1;1;0;5;0;1;0
inversement;0;0;0;0;5;1;2;2;0
influenceurs;0;0;0;0;0;4;6;0;0
indéniable;1;0;3;1;0;2;1;1;1
inconditionnel;0;0;6;0;0;1;1;1;1
incident;0;1;0;3;0;2;1;0;3
impérialiste;0;0;6;0;0;1;3;0;0
implication;0;1;2;2;0;1;3;0;1
illustration;0;0;1;0;0;1;8;0;0
ignoble;0;1;5;0;0;3;0;0;1
horizon;0;1;2;0;0;1;2;3;1
guérir;0;0;2;0;0;7;1;0;0
guide;0;0;1;1;0;6;0;2;0
grenade;0;0;2;1;0;0;1;1;0
grandeur;0;0;0;0;0;0;2;2;6
grace;1;0;0;0;0;3;0;6;0
glisser;0;0;0;2;0;1;4;1;2
gitan;0;0;0;0;0;3;2;0;0
genou;0;0;0;0;0;1;0;9;0
gen0cide;0;0;6;1;0;1;2;0;0
gaver;0;0;0;0;0;2;0;8;0
garde;0;0;1;0;0;3;1;4;1
garage;0;0;0;0;0;0;0;0;9
féminicide;0;0;1;1;0;5;3;0;0
frouze;0;0;0;0;8;0;1;0;1
frotter;1;1;1;0;0;5;1;0;1
frigo;0;2;0;0;0;1;0;0;6
four;0;3;0;0;0;0;0;0;6
formule;0;0;0;0;0;7;1;1;1
feminicides;0;1;0;0;0;2;5;2;0
faune;0;0;0;0;0;0;1;0;8
farine;0;1;0;0;0;0;0;1;7
fair;0;1;1;0;0;5;2;0;0
faille;0;0;1;0;0;2;2;3;2
enfreindre;0;0;2;1;0;2;2;1;1
enchaîner;0;0;1;0;4;0;0;1;4
enceinte;0;0;0;0;0;3;0;4;3
emji_visage_souriant_avec_des_cornes;1;3;0;0;0;1;1;0;0
emji_visage_somnolent;0;3;1;0;0;0;2;0;1
emji_visage_rieur;0;8;0;0;0;0;0;0;0
emji_visage_déguisé;0;1;0;0;0;1;3;4;1
emji_visage_de_menteur;0;7;1;0;0;0;0;0;0
emji_visage_confus;0;1;0;0;1;6;2;0;0
emji_visage_avec_yeux_ouverts_et_main_sur_la_bouche;0;6;0;0;0;1;0;2;1
emji_skieur;7;0;0;0;0;0;0;0;1
emji_point_d_interrogation_rouge;0;0;0;2;0;1;2;1;0
emji_poing_levé_peau_moyennement_claire;5;0;2;0;0;0;0;1;0
emji_miam;1;6;0;0;0;0;0;0;0
emji_mains_en_prière_peau_foncée;3;1;0;0;0;1;0;0;0
emji_fusée;6;0;0;0;0;0;0;0;0
emji_fondue;0;10;0;0;0;0;0;0;0
emji_flocon;0;5;0;0;0;1;0;0;0
emji_femme_avec_la_paume_sur_le_visage_peau_légèrement_mate;0;0;1;0;0;1;1;0;0
emji_décamper;2;1;0;0;0;0;0;0;1
emji_coeur_jaune;9;0;0;0;0;0;0;0;0
em;0;0;0;2;0;1;1;4;2
désastreux;0;0;0;0;0;0;5;1;4
désastre;0;2;2;0;0;3;2;1;0
désarmement;0;0;9;0;0;0;0;0;0
démesurer;0;0;1;3;0;3;1;1;1
délai;0;0;2;0;0;1;5;1;0
déformer;0;0;0;0;0;2;6;1;1
déduire;0;1;0;1;0;0;2;6;0
décrédibiliser;0;0;1;1;0;2;6;0;0
décharge;0;0;0;1;0;0;2;1;6
débilité;0;0;0;0;1;1;2;1;0
douer;0;0;0;1;0;1;6;1;1
doubler;0;0;1;0;0;0;1;5;2
donation;0;0;0;0;0;1;0;9;0
documentaire;0;0;1;0;0;0;7;1;1
dissuader;0;0;1;4;0;4;0;1;0
dinosaure;0;0;0;0;0;1;1;0;8
dictatorial;0;0;4;0;0;0;6;0;0
dessert;0;0;0;1;0;5;0;0;4
célébrer;1;0;6;0;0;0;2;0;1
câble;0;4;0;1;0;4;1;0;0
culpabiliser;0;0;0;0;0;0;2;5;3
cuisiner;0;0;0;0;1;2;0;3;4
cruel;0;0;1;0;0;4;3;2;0
coute;0;0;0;0;0;0;1;5;3
courrier;0;2;0;0;0;0;0;5;2
cordialement;0;0;0;0;0;2;8;0;0
cop30;0;3;0;0;0;0;3;1;2
contrepartie;0;0;0;0;0;3;0;7;0
consensus;0;0;0;0;0;0;7;1;1
connexion;0;0;0;0;0;6;1;2;1
connecter;0;3;2;0;0;4;0;1;0
confondu;0;0;1;0;0;3;4;0;2
concession;0;0;0;1;0;2;1;5;0
compétitif;0;0;0;0;1;1;0;5;0
complément;0;0;1;0;0;1;0;3;5
complot;0;0;2;0;0;3;5;0;0
comité;0;0;5;0;0;2;2;1;0
cohérence;0;0;1;0;0;4;3;1;1
clan;0;0;6;0;0;0;2;0;2
cis;0;0;1;0;0;8;1;0;0
champagne;0;0;0;0;0;0;0;2;6
cauchemar;0;0;0;0;0;10;0;0;0
cancérigène;0;2;0;0;0;0;0;1;7
bro;3;5;0;0;0;0;1;1;0
brave;0;2;0;5;0;1;0;1;0
boycott;1;0;6;0;0;1;0;1;1
bouton;0;2;1;0;0;5;0;0;1
bourrer;0;1;0;0;0;1;0;0;2
bla;0;9;0;0;0;0;1;0;0
bière;0;1;0;0;1;0;1;0;7
biologie;0;0;0;0;0;3;2;0;5
big;0;0;0;0;0;0;0;9;1
bienveillance;0;0;1;0;0;5;1;0;1
belge;0;2;1;0;0;2;0;1;4
batterie;0;0;2;0;0;1;0;0;4
balayer;0;0;2;3;0;2;0;0;0
balade;0;1;1;0;0;4;2;1;1
automobile;0;0;0;0;0;0;0;2;8
arreter;0;1;0;0;0;0;5;1;3
appui;0;0;2;1;0;1;4;1;1
anti_démocratique;0;0;1;3;0;0;5;1;0
annexer;0;0;9;0;0;0;0;0;0
ange;0;1;6;0;0;1;0;1;0
amérindien;0;0;1;0;2;1;4;0;0
amplement;0;0;4;0;0;2;0;3;1
amerique;0;3;1;0;0;0;0;0;0
amender;0;0;0;1;0;1;1;1;6
ambiance;0;4;1;0;0;3;1;0;1
amande;0;0;0;0;0;1;0;1;8
alpin;0;2;0;0;0;0;0;2;6
allah;0;0;5;1;0;4;0;0;0
aligner;0;0;1;1;0;1;7;0;0
algérien;0;1;4;0;0;2;1;1;1
algorithme;0;0;1;0;0;0;9;0;0
ahhh;0;1;0;0;0;1;7;1;0
adhésion;0;0;0;0;1;0;7;2;0
activer;0;0;2;1;0;0;2;4;1
accusé;0;0;8;0;0;1;0;0;0
accoucher;0;0;0;0;0;8;1;1;0
abstenir;0;0;1;3;0;1;5;0;0
3x;0;0;0;0;0;0;0;3;7
2eme;0;0;5;0;0;0;0;3;1
2ans;0;0;5;1;0;2;0;1;1
1ère;0;0;1;0;1;1;1;2;3
éventuel;0;0;0;3;0;0;1;5;0
émeute;0;0;1;7;0;0;0;0;1
égalitaire;0;0;0;0;0;5;2;0;1
ç;0;1;1;0;1;0;5;1;0
zero;0;0;3;0;0;5;0;0;0
yverdon;0;6;0;0;0;3;0;0;0
wc;0;6;0;0;0;1;0;2;0
véracité;0;0;2;0;0;0;7;0;0
vigneron;0;4;0;0;0;0;0;4;1
video;0;0;6;0;0;1;1;0;1
veste;0;0;1;0;0;2;4;1;1
vd;0;1;0;0;0;0;1;1;6
urbain;0;0;0;4;0;1;1;2;0
uni;0;1;3;0;0;1;1;2;0
tune;0;4;0;0;0;3;0;1;1
tueur;0;0;8;0;1;0;0;0;0
troupe;0;0;3;0;0;0;0;4;1
tronche;0;1;2;0;0;0;1;5;0
trinquer;0;1;1;0;0;1;1;5;0
traversée;0;7;0;0;0;0;0;0;2
traumatiser;0;0;1;0;0;4;1;1;2
transférer;0;0;1;0;0;0;0;7;1
transformation;0;0;0;0;0;3;3;0;3
transfert;0;0;2;0;0;0;2;5;0
trancher;0;0;2;0;0;0;4;2;0
traduire;0;0;1;0;0;5;3;0;0
touchant;1;0;1;0;0;4;1;1;1
thème;0;0;1;0;0;1;7;0;0
terroriser;0;0;6;2;0;0;0;1;0
terr0ristes;0;0;9;0;0;0;0;0;0
tcheu;7;1;0;0;1;0;0;0;0
tarder;1;0;0;0;0;1;3;3;1
séparation;0;0;1;0;0;4;3;1;0
surveillance;0;0;0;0;0;0;4;3;2
surplus;0;0;0;0;0;0;2;4;2
subvenir;0;1;0;0;0;2;0;6;0
stylé;0;0;0;1;0;2;0;0;1
sous_entendre;0;0;5;0;0;1;2;1;0
souris;0;0;1;0;0;6;1;0;0
sonner;0;0;1;1;2;1;4;0;0
songer;0;0;1;5;0;0;0;2;1
sombre;0;0;0;0;0;5;2;0;2
solo;0;0;0;0;2;5;0;2;0
serré;0;1;0;0;0;4;1;1;2
scientifiquement;0;1;0;0;0;0;5;1;2
savoie;0;0;0;0;1;0;2;3;3
saturer;0;1;0;0;0;0;0;3;5
résulter;0;0;1;0;0;2;3;3;0
répartir;0;0;1;0;0;0;0;3;5
règlement;0;0;0;4;0;1;3;0;0
rtsioniste;0;0;8;0;0;0;0;1;0
rivière;0;3;0;1;0;3;0;0;1
rive;0;0;0;0;0;1;0;0;7
respecté;0;0;2;2;0;1;3;0;1
représaille;0;0;7;1;0;0;1;0;0
repos;0;1;0;0;0;0;0;8;0
recrutement;0;0;0;0;0;5;0;4;0
ravager;0;0;1;0;0;2;4;1;1
rageux;0;3;0;0;0;0;6;0;0
quota;0;0;0;0;0;0;3;2;2
quils;0;0;2;1;1;0;1;0;4
quil;0;0;1;1;1;4;0;0;1
qq;0;1;3;0;0;2;0;2;1
qi;0;0;0;0;7;0;1;0;1
prénom;0;0;3;0;0;5;1;0;0
prélever;0;0;2;0;0;1;0;6;0
préjugé;0;0;0;1;0;3;5;0;0
préféré;0;1;0;0;0;0;1;7;0
préférable;0;1;1;0;0;2;3;2;0
projeter;0;0;0;0;0;5;3;0;1
progressif;0;0;0;0;0;1;1;7;0
privatisation;0;0;0;0;0;1;0;7;0
portefeuille;0;0;0;0;0;0;1;8;0
piger;0;0;0;0;2;2;1;4;0
philosophie;0;0;0;0;0;6;3;0;0
paysage;0;0;0;0;0;1;3;1;4
passionnant;0;0;0;0;0;3;5;0;1
pardonner;1;0;2;0;0;3;3;0;0
parasite;0;0;0;0;0;7;0;1;1
ouvrage;0;0;0;0;0;0;8;0;0
ottoman;0;0;6;0;0;0;1;0;1
opérer;0;0;1;3;0;2;0;3;0
oppresser;0;0;2;1;0;4;0;1;0
offusquer;0;0;0;1;0;4;1;2;1
offensive;0;0;8;0;0;0;0;1;0
oct;0;0;8;1;0;0;0;0;0
néfaste;0;0;1;0;0;2;5;0;1
novartis;0;0;1;0;0;0;0;7;0
nouveauté;0;0;0;0;0;0;4;2;3
nestlé;0;0;1;0;0;0;1;4;1
nestle;0;0;0;0;0;0;0;6;2
navrant;0;0;0;0;0;6;1;1;1
météorite;1;0;0;0;0;1;0;0;6
mépriser;0;0;0;0;0;0;9;0;0
multimillionnaire;0;0;1;0;0;0;5;1;0
msf;0;0;7;0;0;2;0;0;0
moustachu;0;0;5;0;0;3;1;0;0
motion;0;0;0;0;6;0;3;0;0
mnt;0;1;0;0;0;1;1;1;3
minuscule;0;0;1;1;0;2;3;2;0
militantisme;0;0;1;0;0;1;7;0;0
migrer;0;0;0;1;2;0;1;3;0
menu;0;0;0;0;0;0;0;1;8
mega;0;1;1;0;0;1;0;1;5
matériau;0;0;0;0;0;0;0;1;8
marginal;1;0;0;0;0;2;4;1;1
législatif;0;0;4;1;0;0;2;1;1
lé;1;2;1;2;0;3;0;0;0
lointain;0;0;1;0;1;5;1;0;1
livraison;0;0;1;0;0;0;0;1;7
live;0;0;0;0;0;6;1;1;0
littérature;0;0;0;0;0;2;7;0;0
litre;0;0;0;0;0;0;1;0;7
liquide;0;0;0;0;0;1;1;6;1
lfi;0;2;1;0;0;0;4;1;1
lavage;0;0;3;0;0;4;0;0;2
kebab;0;1;0;0;0;0;6;1;0
jurisprudence;0;0;3;0;1;0;5;0;0
joint;0;0;0;0;0;2;0;0;5
inutilisable;0;0;8;0;0;0;0;1;0
inutilement;0;0;1;0;0;0;4;1;2
intensité;0;0;0;2;0;3;1;2;1
instruction;0;0;0;0;1;5;1;1;1
instable;0;0;0;3;0;5;0;0;1
insoutenable;0;0;1;1;0;0;2;5;0
inox;0;0;0;0;0;2;0;0;7
inondation;0;0;0;0;0;4;2;0;3
innocence;0;0;0;0;0;2;7;0;0
indirect;0;0;2;0;0;2;1;4;0
indemnité;0;0;0;0;0;0;0;9;0
incompréhension;0;0;1;0;0;2;6;0;0
inapte;0;0;0;0;0;9;0;0;0
impots;0;0;0;0;0;0;0;9;0
ice;0;3;2;0;0;2;1;0;1
humanisme;0;0;3;0;0;5;1;0;0
hug;0;0;0;0;0;0;1;5;3
horrifier;0;0;2;0;0;2;3;1;0
historien;0;1;2;0;3;1;1;0;0
hermance;0;0;0;0;0;0;0;1;8
hahahaha;1;3;3;0;0;0;1;1;0
géométrie;0;1;8;0;0;0;0;0;0
géographie;0;0;1;0;0;5;0;1;0
gravité;0;0;1;0;0;6;0;0;2
good;0;1;0;0;1;1;4;0;0
goat;9;0;0;0;0;0;0;0;0
gluten;1;1;0;0;0;0;0;0;7
gardien;0;0;0;3;0;1;4;0;0
fouiller;0;0;2;1;0;4;0;0;1
foie;0;1;0;2;0;1;1;0;4
fleur;0;0;0;1;0;3;5;0;0
ferroviaire;0;0;1;0;0;1;1;3;2
fermeture;0;0;0;0;0;0;1;3;5
farce;0;0;5;0;0;1;0;1;1
fact;0;1;0;1;0;0;5;1;0
extraordinaire;1;3;0;0;0;2;0;0;3
extraire;0;0;1;1;0;0;0;3;4
expertise;0;1;0;1;0;0;4;2;1
esthétique;0;1;0;0;0;5;1;0;2
essai;0;0;0;0;0;5;1;1;1
enseignement;0;0;0;0;0;3;1;5;0
enregistrer;0;0;0;2;0;5;1;1;0
enfoncer;0;0;2;1;0;2;1;1;1
ems;0;0;0;0;0;7;0;1;0
empirer;0;0;0;1;1;3;3;0;1
emji_visage_étourdi;0;8;0;0;0;0;0;0;0
emji_visage_rouge_et_chaud;0;1;0;0;0;2;0;1;0
emji_visage_qui_tire_la_langue;0;5;0;0;0;0;1;0;1
emji_v_de_la_victoire_peau_claire;3;0;5;0;0;0;0;0;0
emji_requin;1;0;0;0;0;0;1;0;1
emji_porte_documents;8;0;0;0;0;0;0;1;0
emji_points_d_exclamation_et_d_interrogation;0;2;2;0;0;0;0;0;1
emji_personne_avec_la_paume_sur_le_visage_peau_claire;0;1;0;0;1;2;0;3;0
emji_empreintes_d_animaux;4;0;0;0;0;3;0;0;0
emji_croix;0;0;1;1;0;0;0;3;2
emji_cornes_avec_les_doigts_peau_claire;7;0;0;0;0;0;0;0;0
emji_coeur_grandissant;8;0;0;0;0;1;0;0;0
ecoute;0;0;0;0;0;8;0;0;0
désert;0;0;0;1;0;1;1;1;4
déontologie;0;0;0;1;0;2;5;0;0
dénonciation;0;0;0;1;0;4;3;0;1
délirer;0;0;1;0;0;1;0;7;0
délirant;0;0;1;0;0;0;3;1;4
délinquance;0;0;0;2;0;0;4;2;0
dégoûtant;0;0;0;0;0;6;2;1;0
déforestation;0;0;1;0;0;1;5;0;2
défaite;0;0;2;0;0;0;2;0;0
décombre;0;0;9;0;0;0;0;0;0
débuter;0;0;1;0;0;5;1;1;1
débrouiller;0;0;1;1;1;0;2;4;0
dupe;0;0;5;0;0;3;1;0;0
dr;1;0;5;0;0;2;1;0;0
doucement;0;1;1;0;0;4;1;1;1
divertissement;0;0;0;0;0;7;0;1;1
disputer;0;0;0;0;0;2;0;1;0
discipline;0;0;0;0;0;7;1;0;0
différencier;0;0;0;1;0;1;3;2;2
destructeur;0;0;0;0;0;5;3;1;0
dernièrement;0;1;4;2;0;1;0;0;1
dater;0;1;1;0;0;0;0;2;5
céréale;0;1;0;1;0;2;1;0;4
célèbre;0;0;1;0;0;1;6;1;0
cv;0;0;0;0;2;1;5;1;0
crucial;0;0;1;2;0;1;0;5;0
crack;0;1;0;0;0;0;0;3;5
costume;0;3;2;0;0;1;3;0;0
convertir;0;0;4;0;0;1;0;1;2
considérable;0;0;1;0;0;0;1;4;3
conserver;0;0;1;0;0;0;0;5;3
conservation;0;0;0;0;0;2;5;0;2
congolais;0;0;7;0;0;1;0;1;0
condescendant;0;0;0;0;0;1;8;0;0
composant;0;0;0;2;0;1;0;2;3
compagnon;0;0;1;0;0;4;2;0;1
comestible;0;6;0;0;0;0;0;0;3
civilisé;0;1;0;2;0;4;1;0;0
civilisation;0;0;1;0;1;0;5;1;1
cissé;8;0;0;0;0;0;0;1;0
chouiner;0;0;0;2;0;5;0;2;0
chirurgien;0;0;2;2;0;1;2;2;0
check;0;5;0;0;0;0;2;1;0
charbon;0;0;0;0;0;0;0;1;8
certitude;0;0;1;0;0;0;8;0;0
certificat;1;0;0;0;1;2;0;5;0
carré;0;0;1;5;0;2;0;0;1
cargo;0;0;0;0;0;0;0;2;7
carburant;0;0;2;0;0;0;0;0;7
caractère;0;0;1;1;0;4;1;2;0
cantonaux;0;0;0;3;0;0;0;6;0
cameroun;0;0;1;0;0;1;4;2;0
camarade;1;1;2;0;0;4;1;0;0
caca;0;1;0;0;0;2;3;1;2
bêtement;0;0;0;0;0;1;6;2;0
béton;0;0;0;0;0;0;0;0;8
bâtir;0;0;1;0;0;1;0;6;1
bullshit;0;0;0;1;0;2;2;1;0
braquage;0;5;1;0;0;1;2;0;0
boursier;0;0;0;0;0;1;1;1;0
blick;0;0;3;0;0;1;1;3;0
blaireau;0;0;0;1;0;1;2;0;5
bibi;0;0;7;0;0;1;1;0;0
biaisées;0;0;4;0;0;0;5;0;0
best;6;0;0;0;1;0;1;1;0
be;0;2;1;0;0;2;1;2;1
bar;0;0;0;0;0;5;0;1;2
banc;0;0;1;0;0;2;1;1;3
balader;0;1;1;0;0;7;0;0;0
aîné;0;0;0;0;0;7;0;2;0
avaler;0;1;1;0;0;4;1;1;1
autruche;0;0;1;0;1;6;1;0;0
attentif;0;0;0;1;0;5;1;0;2
attacher;0;0;1;2;0;1;1;2;2
atroce;0;0;3;0;0;5;0;0;1
astronomique;0;0;0;0;0;0;0;9;0
assassinat;0;0;6;0;0;0;3;0;0
assassin;0;1;7;0;0;0;0;0;0
artistique;0;0;0;0;1;1;3;4;0
arracher;0;0;3;0;0;1;5;0;0
archi;0;0;0;0;0;4;5;0;0
arabo;0;0;9;0;0;0;0;0;0
anticiper;0;0;0;4;0;2;0;1;2
amiante;0;0;0;0;0;0;1;0;8
ambulancier;0;0;1;8;0;0;0;0;0
altitude;0;0;1;0;0;0;0;0;7
all;0;0;7;0;0;1;0;0;0
agriculteur;0;1;1;0;0;0;0;7;0
afficher;0;0;3;0;0;3;2;1;0
affamé;0;0;7;0;0;0;0;1;1
adolescence;0;2;0;0;0;6;0;1;0
accouchement;0;1;1;0;0;6;0;1;0
abonner;0;1;1;0;0;2;4;1;0
7h;0;0;0;1;0;0;1;1;6
1x;0;0;0;0;0;2;1;2;4
étre;0;0;0;0;1;5;1;1;0
étrangement;0;0;0;1;0;4;2;1;0
épreuve;1;0;0;0;0;5;0;2;0
égyptien;0;0;8;0;0;0;0;0;0
zara;0;0;0;0;0;0;0;0;8
wokes;0;0;1;0;0;0;7;0;0
with;0;3;0;0;0;2;1;1;1
vérification;0;0;1;0;0;0;6;1;0
vraisemblablement;0;0;1;0;0;2;3;1;0
vitre;0;0;1;0;0;1;0;1;5
verrouiller;0;2;0;0;0;5;0;0;1
ventre;0;0;0;0;0;7;1;0;0
vendredi;0;3;0;0;0;0;0;1;4
veille;1;1;1;0;0;4;0;1;0
ve;0;0;2;0;1;1;2;0;1
vainqueur;0;1;4;0;0;0;0;1;0
urss;0;0;4;0;0;0;4;0;0
up;0;0;1;0;0;1;1;0;0
univers;0;0;0;0;3;5;0;0;0
twint;0;0;0;0;0;0;0;7;1
tuerie;0;0;5;0;0;1;1;0;1
triple;0;0;2;1;0;3;0;2;0
tribune;0;0;0;0;0;0;7;0;0
trauma;0;0;0;0;0;7;0;1;0
traffic;0;0;1;0;0;1;2;2;2
traduction;0;0;0;0;0;0;6;1;0
tqt;2;0;0;0;0;1;1;4;0
tournoi;0;0;0;0;0;4;1;0;1
tonton;0;1;3;0;0;2;2;0;0
tit;0;0;0;0;0;3;3;0;1
thaïlande;0;0;1;0;3;2;0;0;2
textile;0;0;0;0;0;0;0;0;8
terr;0;0;6;0;0;0;0;0;0
temp;0;1;1;1;0;2;2;1;0
tante;0;0;0;0;0;5;1;0;0
tache;0;0;6;0;0;1;0;1;0
survivant;0;0;7;0;0;0;0;0;0
sursis;0;0;2;0;0;0;2;4;0
sundhage;0;0;0;0;0;8;0;0;0
stresser;0;0;1;0;0;6;0;0;0
stipuler;0;0;4;1;0;1;2;0;0
spécialité;0;0;2;0;0;0;0;5;1
sourd;0;0;4;0;0;1;3;0;0
souffle;1;0;0;0;0;1;5;1;0
sociologique;0;0;0;0;0;0;7;0;0
smartphone;0;0;0;0;0;1;3;1;3
serpent;0;0;1;0;0;0;4;2;0
serbe;0;0;5;0;1;2;0;0;0
saurer;0;0;2;1;0;1;2;2;0
satellite;0;0;0;0;0;2;2;2;1
samarie;0;0;7;0;0;0;0;0;0
saisie;0;0;4;0;0;2;1;1;0
rösti;0;0;0;4;0;1;1;0;2
révolutionnaire;0;2;0;0;0;0;4;1;1
révolte;0;0;2;0;0;2;3;1;0
réveil;0;0;1;1;0;3;0;2;1
récompenser;0;0;1;0;0;1;2;4;0
rural;0;0;0;0;0;0;4;1;3
roulant;0;0;0;0;0;5;0;1;2
roquette;0;0;6;0;0;0;0;1;0
roller;1;7;0;0;0;0;0;0;0
rigoureux;0;0;0;0;0;3;3;1;1
ridiculiser;0;0;1;0;0;1;5;1;0
renier;0;0;0;1;0;1;5;0;0
renens;0;0;1;0;0;0;0;0;6
remplacement;0;0;0;0;1;1;2;4;0
remarquable;2;1;0;0;0;3;1;1;0
relatif;0;0;0;2;0;0;0;6;0
redistribuer;0;0;0;0;0;0;1;7;0
rectifier;0;0;0;0;0;4;2;1;0
rebelle;0;0;3;1;0;2;2;0;0
rapprocher;0;0;0;0;0;2;6;0;0
rap;0;7;0;0;0;1;0;0;0
rame;0;1;0;0;0;0;0;1;5
ralentir;0;1;0;0;0;2;2;1;2
racket;0;0;1;0;0;1;1;0;5
racisé;0;1;0;0;0;4;3;0;0
pénétrer;0;0;0;6;0;0;1;0;1
psychopathe;0;0;4;0;0;0;4;0;0
présomption;0;0;0;0;0;0;6;0;0
présentation;0;0;0;1;0;2;4;1;0
préparation;0;0;0;0;0;2;3;2;1
provocation;0;0;1;4;0;0;3;0;0
proteger;0;0;1;1;0;4;1;1;0
propice;0;0;0;0;1;4;0;3;0
prolo;0;0;1;0;0;1;1;5;0
procurer;0;1;0;0;0;1;0;5;1
problems;1;0;3;0;0;0;1;0;0
poussière;0;0;0;0;0;0;1;1;6
porno;0;0;0;0;0;7;1;0;0
pompe;0;0;1;0;0;2;1;2;2
politesse;0;0;0;0;0;4;4;0;0
polir;0;0;0;0;0;6;2;0;0
planétaire;0;0;0;0;0;0;1;0;7
planche;0;0;0;0;0;0;0;0;8
plait;0;0;1;1;0;2;1;1;2
piéger;0;0;0;4;0;1;3;0;0
pisser;0;0;0;0;0;1;1;4;2
piratage;1;1;0;0;0;1;3;1;1
pion;0;0;1;0;0;2;2;3;0
pigeon;0;2;3;0;0;1;1;1;0
pet;0;0;0;0;0;1;1;0;5
persécuter;0;0;3;2;0;2;1;0;0
perpétuer;0;0;0;0;0;6;1;0;1
perdurer;0;0;2;0;0;4;1;1;0
perdu;0;0;1;0;0;4;1;2;0
perception;0;0;0;0;0;2;5;0;0
pente;1;0;0;0;0;1;0;1;5
patrie;0;0;2;0;0;1;3;2;0
paternité;0;0;0;0;0;4;1;3;0
parquer;0;0;0;0;0;0;1;0;7
paresse;0;0;0;1;0;0;5;1;0
paradoxal;0;0;0;1;0;2;4;1;0
ouïghours;0;0;7;0;0;1;0;0;0
outrance;0;0;0;0;0;1;5;0;2
ouragan;0;0;0;0;0;5;0;0;1
ouiii;5;0;0;0;0;0;1;2;0
orchestrer;0;0;4;0;0;1;0;0;1
optimisation;0;0;0;0;0;0;1;5;2
olp;0;0;8;0;0;0;0;0;0
off;0;0;0;0;0;0;2;1;4
oeillère;0;0;0;0;0;2;6;0;0
négligeable;0;0;0;0;0;0;0;3;5
nuage;0;4;0;0;0;1;3;0;0
notoriété;0;0;3;0;0;5;0;0;0
nn;1;0;0;1;0;5;1;0;0
nid;0;0;0;1;0;0;0;3;4
nicolas;0;0;2;0;0;0;2;3;1
nickel;0;1;0;0;0;1;2;0;4
nerveux;0;1;0;0;0;3;2;1;1
neo;0;0;1;0;0;0;7;0;0
médiateur;0;0;8;0;0;0;0;0;0
mâle;0;1;0;0;0;7;0;0;0
musical;0;0;1;0;1;2;4;0;0
municipal;0;0;0;0;0;1;5;1;1
moustique;0;1;0;0;0;0;1;4;2
miss;0;2;0;0;0;6;0;0;0
miser;0;0;0;0;0;0;0;4;3
ministère;0;0;4;0;0;0;0;4;0
michel;0;0;0;0;0;1;1;0;1
meuble;0;1;0;0;0;1;1;1;4
mensonger;0;0;1;0;0;0;7;0;0
media;0;1;3;0;0;1;1;0;2
marrer;0;1;0;1;0;4;2;0;0
marchand;0;1;0;0;0;1;0;2;4
manoeuvre;0;0;1;0;1;2;0;3;1
mal_être;0;0;0;0;0;7;0;0;0
magouille;0;1;1;0;0;3;1;2;0
législation;0;0;0;3;0;0;3;1;1
lâcheté;0;0;5;0;0;2;1;0;0
lyon;0;0;0;0;0;0;0;2;6
lumineux;0;0;0;0;0;0;3;1;4
lucratif;0;0;0;0;0;0;0;8;0
lover;0;1;0;0;0;5;0;1;1
lourdement;0;0;1;2;0;0;2;2;0
louis;0;1;0;1;0;6;0;0;0
londres;0;1;5;0;0;1;0;1;0
liquidité;0;0;0;0;0;0;0;8;0
laxiste;0;0;1;0;0;0;5;2;0
latin;0;0;2;0;0;2;3;0;0
lapider;0;0;5;0;0;1;1;1;0
kms;0;0;4;0;0;0;1;0;3
jpp;0;3;1;2;1;1;0;0;0
jesus;0;2;4;0;0;0;1;0;1
jafarawi;0;0;8;0;0;0;0;0;0
islande;0;0;1;0;0;1;1;1;0
irrespectueux;0;0;3;0;0;4;0;1;0
invoquer;0;0;1;0;0;0;7;0;0
intermédiaire;0;0;1;0;0;1;0;6;0
intensifier;0;0;2;0;0;1;0;2;3
intelligemment;0;0;0;0;0;3;1;1;3
installation;0;0;1;0;0;0;0;3;4
inspiration;0;6;0;0;0;0;1;1;0
insinuer;0;0;0;0;0;1;2;1;2
inquiétude;0;1;2;0;0;3;1;0;0
injonction;0;0;1;0;0;6;1;0;0
infiniment;1;0;1;0;0;1;3;2;0
indépendamment;0;0;0;1;1;4;1;0;1
indirectement;0;0;3;0;0;0;0;5;0
indigne;0;0;1;0;1;1;4;1;0
indicateur;0;0;0;0;0;1;0;5;2
inclusion;0;0;0;0;0;1;7;0;0
incitation;0;0;4;1;0;1;2;0;0
incarcérer;0;0;8;0;0;0;0;0;0
imposable;0;1;0;0;0;0;0;7;0
impacte;0;0;1;0;0;5;1;1;0
imaginaire;0;1;0;0;0;2;3;1;1
idéaliste;0;2;0;0;0;0;6;0;0
hétéro;0;0;0;0;0;7;1;0;0
humiliation;0;0;4;0;0;2;0;1;1
huile;0;0;0;1;0;0;4;1;2
handicaper;0;0;0;0;0;0;2;1;3
habillement;0;0;0;0;0;8;0;0;0
gén0cide;0;0;8;0;0;0;0;0;0
gâcher;1;0;1;1;0;2;1;1;1
grotte;0;0;0;0;0;1;1;1;5
grossier;0;0;0;0;0;2;5;1;0
griller;0;0;0;0;0;0;1;0;7
grands_parents;0;0;4;0;0;2;2;0;0
gonfler;0;0;0;1;0;2;0;3;2
gazaoui;0;0;5;0;0;0;1;2;0
gant;0;1;0;0;0;0;0;0;6
gamme;0;0;0;0;0;0;1;0;7
galérer;0;1;0;0;1;1;2;3;0
fée;0;0;0;0;0;1;4;0;2
fusée;0;0;0;0;0;0;0;1;7
fuck;1;1;0;1;0;0;0;0;4
fréquence;1;0;0;0;0;0;0;1;5
frustrer;0;0;0;1;0;6;1;0;0
froc;0;1;0;0;0;0;0;7;0
frein;0;0;0;0;0;2;0;1;5
franchir;0;1;1;0;0;0;1;3;2
fracture;0;0;0;0;0;0;4;0;3
fondre;1;0;1;0;0;2;0;0;4
fashion;0;0;0;0;0;0;0;0;8
fabricant;0;1;1;0;0;1;0;4;1
exécutif;0;0;1;2;0;0;3;0;1
exporter;0;0;0;0;0;0;1;3;3
explicite;0;0;0;0;0;0;8;0;0
exil;0;0;1;0;0;0;3;4;0
excellence;0;0;0;0;3;1;2;0;1
exaction;0;0;7;0;0;0;1;0;0
essuyer;0;0;3;0;0;0;1;4;0
essentiellement;0;0;2;0;0;1;0;5;0
esquiver;0;0;1;0;0;0;5;2;0
escale;0;0;0;0;0;2;0;0;5
epoque;1;0;1;0;0;4;0;1;0
envoler;0;1;0;0;0;0;0;2;5
envahisseur;0;0;7;0;0;0;1;0;0
entraîneur;0;5;0;0;0;2;0;1;0
entièreté;0;0;1;0;1;0;4;1;1
entendeur;0;1;0;0;0;3;0;1;1
engraisser;0;0;0;0;0;2;0;6;0
enft;0;0;0;0;0;3;5;0;0
endetter;0;0;0;0;0;0;0;8;0
emoji;0;0;2;0;1;0;3;1;1
emji_visage_avec_bouche_fermeture_éclair;0;2;1;0;0;1;1;2;0
emji_v_de_la_victoire_peau_moyennement_claire;1;2;0;0;0;2;1;0;1
emji_rose;7;0;0;0;0;0;0;0;0
emji_personne_qui_hausse_les_épaules_peau_claire;0;0;1;0;0;1;6;0;0
emji_pastèque;1;0;3;0;0;0;1;0;1
emji_ok_peau_légèrement_mate;6;0;0;0;0;1;0;0;0
emji_oeil;0;1;0;1;0;1;1;1;0
emji_mémo;8;0;0;0;0;0;0;0;0
emji_jeune_pousse;2;0;0;0;1;0;0;0;0
emji_feuille_morte;0;8;0;0;0;0;0;0;0
emji_drapeau_soudan;5;0;1;0;0;0;1;1;0
emji_double_point_d_exclamation;0;1;1;1;0;2;0;0;1
emji_couronne;0;6;0;0;0;0;0;0;1
emji_carte_du_monde;6;0;0;0;0;0;0;0;0
emji_arc_en_ciel;4;0;0;0;0;0;1;3;0
elbit;0;0;3;0;0;0;0;5;0
détromper;0;0;0;0;0;4;0;2;0
détailler;0;0;0;0;0;0;8;0;0
déstabiliser;0;0;2;0;0;2;3;1;0
désespérant;0;6;0;0;0;1;1;0;0
désagréable;0;1;0;0;0;6;1;0;0
dérangeant;0;1;0;0;0;5;1;1;0
déprimant;0;1;0;0;0;5;0;0;2
déportation;0;0;8;0;0;0;0;0;0
déployer;0;0;2;3;0;1;0;2;0
démographique;0;0;0;0;0;0;0;7;1
démission;0;0;0;0;0;0;1;3;1
délocalisation;0;0;0;0;0;0;0;7;0
déficit;0;0;0;0;0;0;0;5;3
défaire;0;0;1;0;0;4;1;1;0
décimer;0;0;5;0;0;3;0;0;0
débarquer;0;0;2;1;0;1;2;0;1
dresser;0;2;4;0;0;0;1;1;0
drastique;0;0;0;0;0;3;3;2;0
douanier;0;0;1;0;0;0;0;5;2
dixit;0;7;0;0;0;0;0;1;0
divin;0;0;2;4;0;1;0;0;1
distinguer;0;0;1;0;0;1;5;0;1
disproportionner;0;0;0;1;0;1;1;4;1
dispo;0;0;1;0;1;1;0;2;0
diffusion;0;0;3;0;0;0;1;0;4
dictionnaire;1;0;0;2;0;0;4;0;1
dico;0;4;1;0;0;2;1;0;0
diagnostiquer;0;0;0;0;0;1;6;0;0
dentiste;0;0;0;0;0;0;0;7;1
demeure;0;0;0;1;0;2;1;4;0
curiosité;0;0;0;0;0;1;5;1;1
cultivé;0;2;0;0;0;2;0;1;2
cuire;0;1;0;0;0;1;1;1;4
cran;1;6;0;0;0;1;0;0;0
cp;0;0;0;0;0;0;3;4;0
coutume;0;0;1;0;0;3;4;0;0
cou;0;1;1;5;0;1;0;0;0
contraindre;0;0;2;0;0;1;5;0;0
contaminer;0;0;0;0;1;1;1;1;4
consentir;0;0;5;0;0;0;2;1;0
confrère;0;1;6;0;0;1;0;0;0
concitoyen;0;0;1;0;0;2;3;2;0
comédien;0;0;0;0;0;7;0;0;0
comédie;0;1;2;0;0;2;1;1;1
compromis;0;0;2;0;0;0;3;1;2
composition;0;0;0;0;0;2;1;0;5
compartiment;0;0;0;0;0;0;0;5;1
comble;1;0;4;0;0;0;1;0;1
colonisateur;0;0;7;0;0;0;1;0;0
collège;0;0;0;0;0;4;0;1;2
coco;0;6;0;0;0;1;0;1;0
clique;0;6;0;0;0;0;2;0;0
circonstance;0;0;0;0;1;1;5;0;1
chiner;1;0;0;0;0;0;0;0;7
chiant;0;2;1;1;0;3;1;0;0
chaussette;0;1;0;0;0;4;0;1;2
chahut;0;1;0;1;0;1;4;0;0
ceinture;0;0;1;0;0;1;0;1;5
cct;0;0;0;0;0;1;0;7;0
causalité;0;0;0;0;0;0;5;1;1
cartel;0;0;2;0;0;1;4;1;0
cambrioleur;0;1;1;5;0;0;1;0;0
call;0;0;0;0;0;5;0;2;1
cagoulé;0;0;2;6;0;0;0;0;0
cacahuète;0;0;0;6;0;1;0;1;0
by;0;0;8;0;0;0;0;0;0
buter;0;0;2;1;0;0;1;3;1
burn;0;0;0;0;0;1;0;6;0
bonus;0;1;0;0;0;2;0;4;0
bodycam;0;0;1;5;1;1;0;0;0
blond;0;1;0;0;1;5;1;0;0
blindé;0;1;0;1;0;0;0;2;3
blanchir;0;0;5;0;0;0;1;2;0
blablabla;0;0;2;0;0;0;2;2;0
bidon;0;0;4;0;0;0;3;1;0
bfm;0;0;2;0;0;6;0;0;0
barrière;0;0;0;4;0;3;0;1;0
barbare;0;0;8;0;0;0;0;0;0
banquier;0;0;0;0;0;1;0;6;1
ballon;0;7;0;0;0;0;0;0;1
bagnole;0;0;0;0;0;2;0;1;5
axe;0;0;2;2;0;0;0;0;4
aviation;0;0;3;0;0;0;0;0;5
avertir;0;0;0;4;0;0;3;1;0
aventure;0;1;0;1;0;2;2;0;1
autonomie;0;0;1;1;0;3;2;1;0
audace;0;4;0;0;0;0;2;1;0
associé;0;0;0;1;0;0;2;2;3
assiette;0;0;0;0;0;0;0;1;7
aspirer;0;0;0;0;0;0;2;4;2
artisanal;0;0;0;0;0;0;0;2;5
arrogant;0;0;0;0;0;5;3;0;0
arretez;0;0;3;0;0;1;0;1;3
arafat;0;0;8;0;0;0;0;0;0
apéro;0;1;0;0;0;0;1;6;0
approprier;0;0;3;0;0;0;4;1;0
apport;0;0;0;0;0;2;3;2;1
appartenance;0;0;0;0;0;1;6;0;0
antifa;1;1;2;2;0;1;1;0;0
animé;0;0;3;0;0;1;2;0;2
ancrer;0;0;1;0;0;1;5;0;0
amateur;0;0;0;0;0;4;3;0;0
alcoolisé;0;0;0;0;0;5;3;0;0
albédo;0;0;0;0;0;0;1;0;7
ahh;0;0;0;0;0;1;3;1;1
ahahah;0;3;0;0;0;5;0;0;0
age;0;0;1;1;0;3;1;2;0
admirer;1;0;0;0;0;4;3;0;0
admiration;0;0;0;0;0;5;1;2;0
acquisition;0;0;2;0;0;3;1;1;1
abeille;0;7;0;0;0;0;0;0;0
5g;0;0;0;0;0;0;0;3;5
15h;0;0;1;1;0;1;2;1;0
12h;0;3;1;1;0;0;0;0;1
évacuer;0;0;3;0;0;0;2;1;1
étroit;0;0;0;0;0;0;4;1;1
étonnement;0;1;4;0;0;0;1;1;0
équivalence;0;0;0;1;1;0;1;3;0
équipement;0;0;0;0;0;0;0;2;5
émotionnellement;0;0;0;1;0;2;3;1;0
écrasant;0;0;2;0;0;1;3;1;0
économiste;0;0;0;0;0;1;3;2;0
écologiste;0;0;1;0;0;0;4;1;1
éclairage;0;0;1;0;0;1;1;0;4
échanger;0;0;1;4;0;0;1;1;0
ème;0;0;0;0;0;4;2;1;0
zélande;0;0;0;0;0;1;0;0;4
zhommes;1;1;0;0;0;2;1;0;0
zelensky;0;0;4;0;0;0;0;2;0
yo;0;0;1;0;0;1;0;0;2
yasser;0;0;7;0;0;0;0;0;0
xd;0;6;0;0;0;0;0;0;1
weekend;0;2;0;0;1;1;3;0;0
wait;1;0;1;0;0;4;0;1;0
wagon;0;0;0;0;0;0;1;2;4
vêtir;0;0;0;3;0;4;0;0;0
vérifiable;0;0;0;0;0;0;6;0;0
véridique;0;1;1;0;0;3;1;1;0
véganes;0;0;0;0;0;0;2;0;4
voile;0;0;1;0;0;6;0;0;0
virtuel;0;0;0;0;0;3;1;1;0
villa;0;0;0;0;0;0;0;2;5
vilain;0;4;0;1;0;0;1;0;1
vieillissement;0;0;0;0;0;2;2;1;2
victimiser;0;0;2;1;0;4;0;0;0
vi;0;0;1;0;0;6;0;0;0
vernier;0;1;0;0;0;0;0;2;4
varier;0;0;0;1;0;2;1;0;2
valaisan;0;4;0;0;0;0;1;1;1
unilatéral;0;0;7;0;0;0;0;0;0
ultime;0;1;0;0;0;3;2;0;0
tunisie;0;1;6;0;0;0;0;0;0
traître;0;0;2;3;0;1;1;0;0
tournure;0;0;1;0;0;1;5;0;0
tordu;0;5;1;0;0;1;0;0;0
tj;0;0;0;0;0;4;2;1;0
tinder;0;3;0;0;0;4;0;0;0
thérapie;0;0;0;0;0;0;4;0;3
thématique;0;0;0;1;0;1;5;0;0
tdah;0;1;0;0;0;2;4;0;0
tax;0;0;0;0;0;0;1;6;0
sévère;0;1;0;0;1;1;1;1;2
sévir;0;0;5;0;0;0;1;0;1
systeme;0;0;0;0;0;1;0;3;2
syrien;0;0;4;0;0;2;0;1;0
sympathie;0;0;3;0;0;1;1;2;0
suv;0;0;0;0;0;0;0;0;7
surpoids;0;0;0;0;0;6;0;0;0
surfer;0;5;1;0;0;1;0;0;0
suprême;0;0;5;0;0;0;2;0;0
story;0;0;3;0;0;0;4;0;0
stocker;0;0;0;0;1;1;0;3;2
stigmatiser;0;0;0;0;0;2;5;0;0
star;2;2;0;0;1;1;0;0;1
spécifiquement;0;0;1;0;0;2;3;1;0
spécialement;0;0;0;2;0;0;2;1;2
spoiler;0;0;0;0;0;1;1;5;0
soupçonner;0;0;3;0;0;2;1;0;0
soupe;0;0;0;0;0;4;2;1;0
sorry;0;1;4;0;0;0;1;1;0
sombrer;0;0;1;0;0;4;2;0;0
soif;0;1;4;1;0;0;1;0;0
sociétal;0;0;0;0;0;3;2;2;0
so;0;2;0;1;0;1;2;0;1
smartphones;0;0;0;0;0;0;0;1;5
simplifier;0;0;0;0;0;4;2;1;0
sidérer;0;0;0;0;0;5;0;2;0
sensibiliser;0;0;0;0;0;5;1;0;1
sense;0;1;0;0;0;4;0;2;0
sauvetage;1;0;1;0;0;3;1;1;0
satisfaction;0;0;0;0;0;6;1;0;0
sarcastique;0;3;0;0;0;1;3;0;0
sanguinaire;0;0;6;0;0;0;1;0;0
saisonnier;0;0;0;0;0;5;0;2;0
réviser;0;0;2;0;0;0;3;1;0
réputation;0;1;0;0;0;0;4;1;1
répercuter;0;0;1;0;0;0;0;5;0
réinventer;0;0;0;0;1;0;2;0;4
régaler;1;6;0;0;0;0;0;0;0
récupération;0;0;2;0;0;3;2;0;0
rowling;0;0;0;0;0;0;7;0;0
risible;0;0;0;0;0;1;2;3;0
revue;0;0;0;0;0;0;5;1;1
ressort;2;0;0;1;0;1;2;1;0
renvoi;0;0;0;0;0;1;4;1;1
renouveler;0;0;0;0;0;3;1;0;3
relancer;0;0;1;0;0;2;0;2;2
relais;0;1;0;0;0;4;0;1;0
regrouper;0;0;2;0;0;0;2;1;2
reflexion;0;3;0;0;0;1;1;0;1
reflet;0;0;0;0;0;1;5;1;0
redevenir;0;0;1;0;0;4;1;1;0
recréer;0;2;1;0;0;2;1;1;0
rde;0;0;0;0;0;0;4;0;1
ranger;0;0;1;0;0;5;0;0;1
rallier;0;1;0;0;0;2;1;1;2
raide;0;1;0;0;0;0;0;0;5
quai;0;1;0;1;0;0;0;2;3
pêche;0;0;1;0;0;0;0;5;1
péninsule;0;0;7;0;0;0;0;0;0
ptit;0;3;0;1;0;2;1;0;0
psychologue;0;0;0;4;0;2;0;1;0
psq;0;0;1;1;0;3;1;0;1
psk;0;0;1;0;0;4;0;0;1
prêter;0;1;1;0;0;0;5;0;0
prétendu;0;0;1;1;0;0;3;1;1
présidentiel;0;3;2;0;0;0;2;0;0
provisoire;0;0;5;0;0;1;1;0;0
protocole;0;0;0;1;0;2;3;1;0
propagande;0;0;5;0;0;1;1;0;0
prolonger;0;0;0;0;0;2;0;3;2
profondeur;0;0;0;0;0;0;6;1;0
profiteur;0;0;0;0;0;0;0;7;0
proclamer;0;0;5;0;0;2;0;0;0
prière;0;0;1;0;0;3;2;1;0
presser;0;0;0;0;0;0;0;6;1
president;0;0;1;2;0;0;4;0;0
poêle;0;0;0;0;0;0;3;0;4
poussette;0;0;0;0;0;3;0;0;4
portrait;0;1;2;0;0;0;4;0;0
porc;0;1;1;0;0;1;1;0;1
ponctuation;0;0;0;0;0;0;5;0;1
polluant;0;0;0;0;0;0;0;0;7
poison;0;0;0;0;0;1;2;1;3
poignée;0;0;1;0;0;2;0;4;0
plage;0;1;1;0;0;1;0;1;2
piqûre;0;0;0;0;0;1;3;1;2
persécution;0;0;7;0;0;0;0;0;0
persister;0;0;3;0;0;1;1;0;2
percer;1;0;0;0;0;0;5;1;0
pedophiles;0;0;1;0;0;1;5;0;0
pavé;0;0;0;0;1;3;1;0;2
partiellement;0;0;1;1;0;0;0;4;1
partial;0;0;5;0;0;0;2;0;0
parcequ;0;0;1;0;0;1;1;1;2
paramètre;0;0;0;0;0;0;2;2;3
paragraphe;0;0;0;0;0;0;7;0;0
panique;0;0;0;1;0;1;1;0;4
oslo;0;0;5;0;0;0;0;1;0
os;0;0;5;0;0;0;0;1;1
orphelin;1;0;2;0;0;3;0;1;0
open;0;0;0;0;0;3;2;1;1
oooh;0;3;0;1;0;1;1;1;0
one;0;0;1;0;0;1;4;0;0
onde;0;0;0;0;0;1;1;0;5
oncle;0;0;0;0;0;6;0;1;0
officier;0;0;1;0;0;0;3;2;0
offenser;0;1;0;0;0;0;6;0;0
obéir;0;0;0;4;0;0;0;0;2
obséder;0;0;4;0;0;2;1;0;0
oas;0;0;3;1;0;0;2;0;0
ny;0;0;4;0;0;0;1;1;0
niche;0;0;0;0;0;0;0;6;1
nausée;0;0;1;1;0;5;0;0;0
méritant;0;0;0;0;0;0;1;3;0
mégot;0;0;0;0;0;0;0;0;6
mtv;1;0;0;0;0;1;2;1;0
mortalité;0;0;0;0;0;1;0;1;5
mont;0;2;1;0;0;1;0;1;2
monaco;0;0;0;0;0;0;0;7;0
mohamed;0;0;6;0;0;0;0;0;1
mo;4;0;0;0;0;1;1;1;0
misogynie;0;0;0;0;0;6;1;0;0
minuit;0;0;0;0;0;0;0;0;6
millénaire;0;0;5;0;0;0;1;0;1
migratoire;0;0;0;0;0;1;3;2;1
micro;0;0;0;0;0;0;5;0;1
medias;0;1;1;0;0;0;5;0;0
matraquer;0;0;0;5;0;0;0;2;0
mascu;0;0;2;0;1;0;4;0;0
marginaliser;0;0;1;0;0;1;3;2;0
manipulateur;0;0;0;0;0;4;2;0;0
mali;0;0;7;0;0;0;0;0;0
magie;4;0;0;0;0;1;0;2;0
lá;1;0;0;0;0;2;2;2;0
longévité;0;0;0;1;0;3;2;0;1
longueur;0;0;2;0;0;2;3;0;0
location;0;0;0;0;0;0;0;5;2
leman;0;0;0;0;0;0;0;3;3
just;0;0;0;0;1;4;0;0;0
juin;0;0;2;0;0;1;1;1;2
jazz;0;1;0;0;2;1;1;0;2
japonais;0;2;0;0;1;1;2;0;0
janeiro;0;0;7;0;0;0;0;0;0
israelien;0;0;7;0;0;0;0;0;0
isoler;0;0;0;0;0;4;2;0;1
islamisme;0;0;4;0;0;0;3;0;0
investisseur;0;0;0;0;0;0;1;6;0
intifada;0;0;4;0;0;1;1;0;0
interessant;0;1;6;0;0;0;0;0;0
interaction;0;1;0;1;0;2;1;0;2
intense;0;1;0;0;0;3;1;0;2
institutionnel;0;0;1;0;0;0;6;0;0
instabilité;0;0;2;0;0;1;0;2;2
innombrable;0;0;2;0;0;3;1;1;0
ingrédient;0;0;0;0;0;0;1;0;6
inexact;0;0;1;0;0;0;5;0;1
induire;0;0;0;0;0;1;1;1;4
indice;0;0;1;0;0;2;4;0;0
inconvénient;0;0;0;0;0;2;1;2;1
incel;1;0;0;0;0;0;6;0;0
inattention;0;0;0;0;0;1;0;0;6
inapproprié;0;0;1;2;0;2;2;0;0
imprimer;0;0;1;0;0;0;0;5;1
implicite;0;1;0;0;2;2;2;0;0
impatience;0;0;0;0;0;1;3;1;1
impacté;0;0;0;0;0;2;1;3;1
immunité;0;1;0;3;0;1;2;0;0
immobiliser;0;0;0;5;0;1;1;0;0
imiter;0;0;0;0;0;7;0;0;0
imbécile;0;0;0;0;0;0;7;0;0
illégalité;0;0;1;3;0;1;1;1;0
identification;0;0;0;3;0;1;3;0;0
hystérique;0;0;1;0;0;5;0;0;0
hypothèse;0;0;0;0;0;0;6;1;0
homosexuel;0;1;3;0;0;2;1;0;0
homophobie;0;0;0;0;0;3;4;0;0
hiérarchiser;0;0;1;0;1;2;3;0;0
hiérarchisation;0;0;2;0;0;2;3;0;0
hiérarchie;0;0;1;2;0;4;0;0;0
hitler;0;0;4;0;0;1;1;1;0
historiquement;0;0;2;0;0;4;1;0;0
hip_hop;0;2;0;0;0;4;0;0;0
hezb;0;0;7;0;0;0;0;0;0
heritage;0;0;2;0;0;1;0;4;0
herbe;0;1;0;0;0;4;0;1;0
géographique;0;0;1;0;0;1;0;1;3
généralisé;0;0;1;0;0;1;1;2;2
gâter;0;0;2;0;0;0;0;5;0
greta;0;5;0;0;0;1;0;0;1
greenwashing;0;0;0;1;0;1;2;0;3
grain;1;2;1;0;0;0;1;0;2
gouverneur;0;0;5;1;0;0;1;0;0
glorifier;0;0;0;0;0;0;6;1;0
gisement;0;0;2;0;0;2;0;0;3
gilet;0;0;0;0;0;1;0;0;6
gigantesque;0;1;0;0;0;0;1;0;5
gent;0;0;1;0;0;1;2;0;3
gay;0;0;2;0;0;3;1;0;0
gag;0;3;0;0;0;0;1;2;1
férié;0;0;1;1;0;0;0;0;5
frôler;0;0;0;0;0;0;1;3;3
freristes;0;0;7;0;0;0;0;0;0
forza;7;0;0;0;0;0;0;0;0
fonderie;0;1;0;0;0;0;0;4;0
focus;0;0;2;1;0;0;4;0;0
flash;0;0;0;1;0;2;0;0;1
fièrement;0;0;3;1;0;0;1;1;1
fisc;0;0;0;0;0;0;1;6;0
filtre;0;1;0;0;0;1;1;2;2
filet;0;1;0;0;0;4;1;1;0
feminicide;0;0;0;0;0;2;2;0;0
fe;0;0;1;1;0;0;4;1;0
fascinant;0;0;0;1;0;1;4;0;1
fallacieux;0;1;1;0;0;0;5;0;0
fainéant;0;0;0;0;0;0;1;6;0
facultatif;0;0;0;0;0;7;0;0;0
factuelle;0;0;0;0;0;0;7;0;0
facebook;0;0;0;0;0;1;6;0;0
fabuleux;3;0;0;0;0;1;0;1;2
f35;0;0;0;0;0;0;0;6;1
externalisée;0;0;0;0;0;0;0;0;6
explosif;0;0;4;1;0;2;0;0;0
exciter;0;0;0;0;0;0;7;0;0
example;0;0;0;0;0;1;3;1;2
espere;0;0;6;1;0;0;0;0;0
envoi;0;0;1;0;0;0;0;5;0
entraînement;0;0;1;0;0;4;0;1;1
entraver;0;0;0;6;0;0;1;0;0
enrichissement;0;0;0;0;0;2;1;1;3
ennui;0;2;1;0;0;0;0;3;1
engranger;0;0;0;0;0;0;0;7;0
engin;0;0;1;2;0;0;0;0;4
enfantin;0;1;0;0;0;5;1;0;0
emprunter;0;0;0;0;0;1;2;2;2
emji_visage_secoué;0;0;1;5;0;0;0;1;0
emji_visage_persévérant;0;2;0;0;0;0;1;2;1
emji_visage_en_pointillés;0;0;0;2;0;0;4;1;0
emji_visage_déconcerté;0;5;0;0;0;0;0;0;1
emji_visage_avec_bouche_en_diagonale;0;1;1;0;0;0;0;0;4
emji_v_de_la_victoire_peau_légèrement_mate;2;0;2;0;0;0;0;0;0
emji_pierre_précieuse;4;0;0;0;0;1;0;1;0
emji_paume_contre_paume_doigts_vers_le_haut_peau_mate;0;0;1;1;0;1;0;0;0
emji_mains_levées_peau_mate;7;0;0;0;0;0;0;0;0
emji_main_avec_index_et_pouce_croisés;0;0;4;0;0;2;0;0;0
emji_drapeau_congo_kinshasa;0;0;5;0;0;0;0;1;0
emji_dans_le_mille;0;0;1;0;0;4;2;0;0
emji_conifère;2;0;0;0;0;0;1;0;2
emji_coche;0;4;0;0;0;0;0;0;0
emji_casque_de_secouriste;6;0;0;0;0;0;0;0;0
emji_billet_en_dollars;0;1;1;0;0;0;2;1;0
emirats;0;0;7;0;0;0;0;0;0
el;0;0;3;0;0;0;2;0;2
egalité;0;0;0;0;0;7;0;0;0
effondrement;0;0;2;0;0;1;0;3;1
détacher;0;0;0;0;0;4;0;0;3
désolant;0;0;0;0;0;6;1;0;0
dérisoire;0;0;1;0;0;1;1;4;0
déprimer;0;0;1;1;0;0;3;1;1
dépouille;0;0;7;0;0;0;0;0;0
dépeindre;0;0;3;0;0;0;3;0;0
démenti;0;0;4;0;0;0;1;2;0
délicat;0;0;1;0;0;4;1;1;0
dégradant;0;0;2;0;0;2;1;1;1
dégats;0;0;1;3;0;0;0;2;0
défensif;0;0;4;0;0;1;2;0;0
défavorisé;0;0;0;0;0;6;0;1;0
déduction;0;0;0;0;0;0;1;6;0
décalage;0;0;0;0;0;1;1;2;3
dubaï;0;0;2;0;0;0;1;4;0
dubai;0;0;3;0;0;1;1;1;1
douceur;0;1;0;0;0;3;1;1;1
do;0;3;0;0;0;0;4;0;0
djihadiste;0;0;7;0;0;0;0;0;0
disparités;0;0;0;0;0;1;2;4;0
disparaitre;0;0;2;0;0;0;0;5;0
discriminer;0;0;0;0;1;4;2;0;0
discret;1;1;0;0;0;4;0;0;1
discernement;0;0;0;0;0;2;3;1;1
digital;0;0;0;0;0;0;4;1;1
difficilement;0;0;1;0;1;1;0;2;2
diaspora;0;0;5;0;0;0;0;2;0
diaboliser;0;0;0;0;0;0;4;1;1
di;0;0;0;0;0;1;0;2;0
deuil;0;0;2;0;0;1;0;0;4
dentaire;0;0;0;0;0;1;1;3;2
densité;0;0;0;0;0;1;1;0;5
defendre;0;0;5;0;0;0;1;1;0
debut;0;0;0;0;0;1;5;0;1
daube;0;3;0;0;0;0;0;2;2
danse;1;1;0;0;0;4;1;0;0
daesh;0;0;7;0;0;0;0;0;0
culte;0;0;2;1;1;1;1;0;1
créativité;1;0;0;0;0;2;0;3;1
créatif;0;1;0;0;0;0;5;0;1
crâne;0;0;0;0;0;1;4;0;1
cruauté;0;0;6;0;0;0;1;0;0
croisière;0;2;1;1;0;2;0;1;0
crochet;0;0;0;0;0;1;0;6;0
cri;0;0;4;0;0;1;2;0;0
couloir;0;1;5;0;0;1;0;0;0
costard;0;0;0;0;0;4;1;2;0
cortège;0;0;0;7;0;0;0;0;0
cornavin;0;3;0;0;0;0;0;0;4
coran;0;0;2;1;0;4;0;0;0
controversé;0;0;1;2;0;0;4;0;0
contre_productif;0;0;0;0;0;0;7;0;0
continuation;0;0;1;0;0;0;6;0;0
contestation;0;0;0;1;0;1;5;0;0
conforme;0;0;0;1;0;1;2;0;3
compteur;0;0;1;0;0;0;0;2;4
complotistes;0;0;0;0;0;0;5;0;2
communiqué;0;0;2;1;0;1;3;0;0
comedy;0;0;0;0;6;0;0;0;0
collant;0;0;6;0;0;0;0;0;1
colis;0;0;0;0;0;0;0;2;5
cohésion;0;0;0;1;0;5;0;0;0
cnews;0;0;1;0;0;1;5;0;0
clore;0;0;0;0;0;4;2;0;1
clientèle;0;0;0;0;0;0;0;5;2
claque;0;2;0;1;0;2;2;0;0
civisme;0;0;0;0;0;2;0;0;2
ciné;0;0;0;2;0;1;1;0;3
cij;0;0;5;0;0;0;1;0;0
chèque;0;0;2;0;0;0;1;4;0
chronique;0;0;0;1;0;1;1;4;0
charia;0;1;2;0;0;3;0;0;0
chaques;0;1;0;0;0;0;1;2;1
centrer;0;0;0;0;0;0;7;0;0
cave;0;1;1;0;0;0;4;0;1
caricature;0;3;0;0;0;1;3;0;0
caprice;0;4;0;1;0;1;1;0;0
caoutchouc;0;0;0;6;0;0;0;0;1
camille;2;0;0;0;0;3;1;0;0
bétail;0;0;0;0;0;4;0;1;1
bénéficiaire;0;1;1;0;0;0;0;5;0
bénir;1;0;2;0;1;0;1;2;0
burqa;0;0;1;3;0;1;1;0;0
brûlant;0;0;0;0;0;5;0;0;2
brevet;0;0;0;0;0;0;0;6;0
brandir;0;0;2;0;0;0;5;0;0
bouquin;0;0;0;1;0;0;6;0;0
boisson;0;0;0;0;0;2;1;0;4
bodycams;0;0;0;1;0;1;3;0;0
blocage;0;0;0;4;1;1;0;1;0
biden;0;0;5;0;0;0;1;0;1
bibliothèque;0;1;0;0;0;0;6;0;0
biaiser;0;0;4;0;0;0;3;0;0
berger;0;0;0;0;1;0;3;1;1
barème;0;0;1;0;0;0;0;5;1
baiser;0;0;0;0;0;1;1;5;0
aveugler;0;0;2;0;0;1;4;0;0
avancée;0;0;0;0;0;7;0;0;0
automatique;0;0;0;0;0;1;1;3;2
autochtone;0;0;3;0;0;1;3;0;0
assimiler;0;1;0;0;0;1;5;0;0
aromat;5;1;0;0;0;0;0;1;0
architecture;0;0;0;0;0;0;2;2;3
apprenti;1;1;0;0;0;0;1;4;0
apparence;0;0;0;0;0;6;1;0;0
app;0;0;0;0;0;0;5;0;1
apercevoir;0;1;0;0;0;1;1;2;1
antiquité;0;4;1;0;0;1;0;0;0
anticipé;0;0;0;0;0;0;0;7;0
anarchiste;0;0;3;0;0;0;2;0;0
amoureux;0;0;1;0;0;6;0;0;0
amont;0;0;0;0;0;0;2;4;1
ambulance;0;0;1;5;0;0;1;0;0
amalgame;0;0;2;0;0;0;4;1;0
aléatoire;0;0;0;0;0;1;2;1;3
alliance;0;0;2;0;0;1;4;0;0
allergie;0;0;0;0;0;0;0;0;7
aller_retour;0;0;0;0;0;0;0;2;5
alarme;0;0;0;0;0;0;0;1;5
ajd;0;0;0;1;0;4;2;0;0
aire;0;0;0;0;0;1;3;0;2
aile;0;0;0;0;0;4;1;1;1
ahaha;0;4;0;0;0;1;1;1;0
agrandir;0;0;0;0;0;1;0;3;2
agissement;0;0;2;4;0;0;0;1;0
affilier;0;0;1;0;0;0;2;3;0
adoption;0;0;1;0;3;1;1;1;0
adjectif;0;2;0;0;0;0;5;0;0
addictions;0;0;0;0;0;7;0;0;0
acide;0;0;0;0;0;1;0;0;5
accueillant;0;0;1;0;0;4;1;1;0
accentuer;0;0;0;0;0;4;2;0;1
absorber;0;0;0;0;1;0;0;1;5
abriter;0;1;2;0;0;2;1;1;0
abord;0;0;1;0;0;1;1;1;3
abject;0;0;3;0;0;2;2;0;0
4x;0;0;1;0;0;0;0;4;2
4k;0;0;3;0;0;0;2;1;1
3a;0;0;0;0;0;0;0;7;0
évènement;0;0;1;0;0;0;2;2;1
éveiller;0;0;0;0;0;2;2;0;1
évasion;0;0;0;0;0;0;0;6;0
épaule;0;0;0;0;0;6;0;0;0
émirat;0;0;5;0;0;0;0;0;1
éliminatoire;0;0;1;0;0;0;1;1;0
écrivain;0;1;0;0;3;0;1;0;0
écharpe;0;0;0;0;0;0;0;0;6
ânerie;0;0;1;1;0;1;1;2;0
zombie;0;0;0;0;0;1;1;1;2
zohran;1;0;0;0;0;1;2;0;0
yann;0;1;0;0;0;5;0;0;0
women;1;2;0;0;0;1;1;0;0
whataboutisme;0;0;2;0;0;0;3;0;1
web;0;0;0;1;0;1;2;0;2
watch;0;0;4;0;0;0;1;0;1
véhiculer;0;0;0;0;0;1;5;0;0
vulgaire;0;0;0;0;0;5;1;0;0
vss;0;0;0;0;0;5;1;0;0
vivable;0;0;0;0;0;0;0;1;5
viva;5;0;1;0;0;0;0;0;0
visiteur;0;0;0;0;0;1;0;0;5
violenter;0;0;1;0;0;5;0;0;0
vieillard;0;0;5;0;0;0;0;1;0
vevey;0;0;0;0;0;2;1;1;2
veto;0;0;4;0;0;1;0;0;1
vermelho;0;0;4;0;0;0;1;1;0
veiller;0;0;0;4;0;1;0;0;0
vecu;0;2;0;0;0;3;0;0;1
vasi;0;0;0;0;0;6;0;0;0
vape;0;0;0;0;0;0;2;0;4
vaincre;2;0;2;0;0;0;0;0;1
vain;0;0;1;1;0;2;2;0;0
utopie;0;0;0;1;0;1;2;2;0
utilisateur;0;0;0;1;0;2;3;0;0
unrwa;0;0;5;0;0;1;0;0;0
ueli;1;1;0;0;0;2;0;0;0
tte;0;0;2;0;0;2;1;0;0
ts;0;0;1;0;0;3;2;0;0
toustes;0;0;2;0;0;2;1;0;0
tou;0;1;0;0;0;3;1;0;0
tomate;0;0;1;0;0;1;0;0;4
tissu;0;0;1;0;0;0;0;4;1
tiroir;0;1;4;0;0;0;1;0;0
théoriquement;0;0;0;0;0;1;1;2;2
terriblement;0;0;0;0;0;0;1;3;2
terr0risme;0;0;6;0;0;0;0;0;0
telephone;0;0;0;0;0;4;0;0;1
taxées;0;0;0;0;0;0;0;6;0
taule;0;0;0;5;0;0;0;0;0
tate;0;0;0;0;0;6;0;0;0
tank;0;0;5;0;0;0;1;0;0
tag;0;1;0;1;0;1;0;0;1
tableau;0;0;3;0;0;1;0;1;1
t3rroriste;0;0;6;0;0;0;0;0;0
sécheresse;0;1;0;0;0;0;0;0;5
sécher;0;1;0;0;0;5;0;0;0
system;0;0;1;0;0;0;0;4;1
synthétique;0;0;1;0;0;1;1;0;3
suspect;0;0;3;0;0;2;1;0;0
survêtement;0;0;0;0;0;3;0;0;2
surpopulation;0;0;0;0;0;0;0;4;2
supériorité;0;0;1;0;0;4;1;0;0
suprématie;0;0;1;0;0;0;4;0;0
succéder;0;0;2;0;0;1;1;1;0
stressant;0;0;0;0;0;2;0;2;2
statique;0;0;0;4;0;0;0;1;1
stat;0;0;0;0;0;3;2;0;1
stan;3;0;0;0;0;3;0;0;0
stabiliser;0;0;0;0;0;0;2;4;0
spéculer;0;0;0;0;0;1;2;3;0
spéculation;0;0;0;0;0;0;1;5;0
spa;0;0;0;0;0;0;0;4;1
soustraire;0;0;0;0;0;0;0;5;0
sous_estimer;0;0;0;0;0;1;4;0;1
soudainement;0;0;0;0;0;0;1;3;2
somalie;0;0;6;0;0;0;0;0;0
sobriété;0;0;0;0;0;0;5;0;0
skier;0;0;0;0;0;0;0;1;5
sirène;0;0;0;0;0;1;5;0;0
sio;0;1;2;1;0;0;0;0;0
singulier;0;0;0;0;0;1;4;1;0
singe;0;1;0;0;0;1;1;2;0
signification;0;0;2;0;0;0;3;1;0
significatif;0;0;0;0;0;2;0;3;0
signal;0;0;0;0;0;1;1;1;2
show;0;4;0;0;0;2;0;0;0
shooter;0;2;0;4;0;0;0;0;0
sexualité;0;0;0;0;0;5;1;0;0
serveur;0;0;0;0;2;0;2;2;0
servette;0;0;0;1;0;5;0;0;0
seringue;0;2;0;0;0;2;0;0;2
semblable;0;0;0;0;0;4;1;1;0
secte;0;0;0;0;0;1;5;0;0
sceptique;0;2;0;0;0;0;1;1;1
savon;0;0;0;0;0;0;0;0;4
savoir_faire;0;0;0;0;0;1;0;2;3
saut;0;1;0;0;0;0;0;0;5
sarko;1;3;0;0;0;0;2;0;0
sarcasme;0;3;0;0;0;2;1;0;0
safari;0;0;5;0;0;0;0;1;0
sacrifice;0;0;0;0;0;0;1;4;1
résiliation;0;0;0;0;0;0;0;6;0
rémunération;0;0;0;0;0;3;0;3;0
réintégrer;0;0;0;0;0;3;1;2;0
régulier;0;0;2;0;0;1;1;1;0
réglementer;0;0;0;0;0;1;0;1;4
réglementation;0;0;0;0;0;0;0;3;3
régal;1;4;0;0;0;0;1;0;0
réformer;0;0;0;1;0;1;2;1;1
réf;1;1;0;0;0;1;3;0;0
récolte;0;0;0;0;0;0;3;2;1
récidive;0;0;0;1;0;3;0;0;0
réactionnaire;0;0;0;0;0;4;2;0;0
royalement;0;0;0;0;0;2;2;1;1
royal;0;0;0;0;0;3;1;0;1
robinet;0;0;0;0;0;0;0;0;6
restrictif;0;0;0;3;0;2;0;0;1
restreint;0;1;0;5;0;0;0;0;0
rest;0;3;0;0;0;2;0;0;0
ressortissant;0;0;0;0;2;1;1;2;0
requérir;0;0;0;0;1;1;1;2;1
reproduction;0;0;0;0;0;0;3;2;0
repasser;0;0;1;0;0;0;1;4;0
rentabilité;0;0;0;0;0;4;0;2;0
renseignement;0;0;0;0;0;2;2;2;0
relater;0;0;2;0;0;1;3;0;0
reich;0;0;6;0;0;0;0;0;0
regrettable;0;0;0;0;0;4;1;0;1
registre;0;0;0;0;1;0;1;4;0
redevance;0;1;0;0;0;0;1;2;0
recouvrir;0;0;2;0;0;2;0;0;2
recourir;0;0;0;0;0;5;0;1;0
rang;0;0;3;0;0;3;0;0;0
raisin;0;0;0;0;0;0;0;0;5
rager;0;1;0;0;0;2;2;0;0
rade;0;5;0;0;0;0;0;0;1
rachat;0;0;0;0;0;0;1;5;0
rabattre;0;0;0;1;0;1;0;0;4
quon;0;0;0;0;0;4;0;2;0
qd;0;0;0;0;0;3;2;0;0
pâte;0;0;0;0;0;0;0;4;2
puéril;0;0;0;0;0;3;3;0;0
purger;0;0;4;0;0;1;0;0;1
punk;0;0;0;1;0;5;0;0;0
psychologie;0;0;0;0;0;0;5;1;0
psycho;1;0;0;0;0;0;4;0;0
psychiatrie;0;0;0;0;0;0;5;0;0
prêcher;0;1;4;0;0;0;1;0;0
prévisible;0;4;1;0;0;0;0;1;0
prévaloir;0;0;0;4;0;0;0;2;0
préoccupation;0;0;2;0;0;0;2;2;0
préoccupant;0;0;0;1;0;3;1;1;0
prématuré;0;0;0;0;0;5;0;0;1
prospérité;0;0;0;0;0;1;0;4;1
proposé;0;0;1;0;0;0;3;1;1
projection;0;0;0;0;0;1;5;0;0
probabilité;0;1;0;0;0;0;0;2;3
prescrire;0;0;0;0;0;0;0;4;1
preneur;0;0;1;0;0;0;2;1;2
posture;0;0;1;0;0;0;5;0;0
positionner;0;0;1;0;0;0;5;0;0
porte_monnaie;0;1;0;0;0;0;1;0;4
populisme;0;0;1;0;0;0;4;1;0
polaire;0;0;0;0;0;0;0;0;6
please;3;0;1;0;0;2;0;0;0
plancher;0;2;0;0;0;1;0;2;1
plafonner;0;0;0;0;0;0;0;6;0
piloter;0;0;0;0;0;5;0;0;0
pill;0;0;0;0;0;0;6;0;0
philippe;0;0;1;0;0;2;3;0;0
peiner;0;0;0;0;0;2;1;3;0
payeur;0;0;0;0;0;0;0;6;0
payement;0;0;0;0;0;1;1;2;1
patrouille;0;2;0;2;0;1;1;0;0
patronat;0;0;0;0;0;0;0;6;0
passionné;0;0;0;0;0;1;3;0;2
oula;0;3;1;0;0;1;0;1;0
ouiiii;0;0;0;0;0;1;0;2;0
ouchy;5;0;0;0;0;0;0;1;0
orgueil;0;0;0;0;0;2;3;0;1
ordure;0;0;4;0;0;1;0;0;1
orage;0;0;2;0;0;0;4;0;0
opérateur;0;0;0;0;0;1;1;4;0
optimiste;0;0;0;0;1;1;1;3;0
optimiser;0;0;0;0;0;0;0;4;2
opter;0;0;0;1;0;2;0;2;1
opprimer;0;0;6;0;0;0;0;0;0
ooh;0;1;0;0;0;3;1;1;0
omnivore;0;1;0;0;0;0;1;0;4
olivier;0;0;2;0;0;1;1;0;0
obsolète;0;0;1;1;0;1;0;1;2
négligence;1;0;0;2;0;2;1;0;0
nombril;0;0;0;0;0;5;1;0;0
niger;0;0;6;0;0;0;0;0;0
next;0;1;0;0;0;0;5;0;0
neurologique;0;0;0;0;0;0;4;1;1
nazisme;0;0;4;0;0;0;1;0;1
nanti;0;0;0;0;0;1;0;5;0
nana;0;1;0;0;1;4;0;0;0
nakba;0;0;6;0;0;0;0;0;0
méditer;0;0;5;0;0;0;1;0;0
méconnaissance;0;0;1;0;0;0;5;0;0
méchanceté;0;0;0;0;1;2;3;0;0
mythomane;0;0;3;0;0;0;3;0;0
mutilé;0;0;5;0;0;0;0;0;0
municipalité;0;0;0;0;0;1;1;2;2
multitude;0;0;0;0;0;3;0;3;0
mulhouse;0;0;0;0;0;0;1;0;3
moulin;0;0;0;0;1;0;2;2;1
monétaire;0;0;0;0;0;0;1;5;0
monument;0;0;1;0;0;3;1;0;1
monstrueux;0;0;1;0;0;1;0;1;1
mondialisation;0;0;0;0;0;2;1;2;1
moderniser;0;1;0;0;0;0;1;2;2
mioche;0;0;0;0;0;0;0;5;1
minime;0;0;0;0;0;2;1;2;1
minimal;0;0;0;0;0;0;0;5;1
mine;0;0;2;0;0;1;0;1;2
minable;0;0;1;1;0;0;4;0;0
miette;0;0;1;0;0;0;2;2;1
mexicain;0;1;3;0;0;1;1;0;0
meta;1;0;0;0;0;1;1;0;2
merdique;0;0;0;0;0;2;4;0;0
mercredi;0;0;0;2;0;3;1;0;0
mention;0;1;1;0;0;0;2;0;2
menotter;0;0;0;6;0;0;0;0;0
mcdo;0;1;1;0;0;0;0;3;1
maximal;0;0;0;0;0;0;1;1;4
mathématique;0;0;0;0;0;1;2;3;0
masculiniste;0;0;0;0;0;6;0;0;0
mas;0;1;1;0;0;0;1;3;0
martyr;0;0;5;0;0;1;0;0;0
martin;0;4;0;0;0;2;0;0;0
marin;0;2;0;0;0;0;0;0;4
mardi;0;3;0;0;0;1;0;1;1
marche;0;1;2;0;0;1;1;1;0
marc;0;0;2;0;0;1;0;0;1
maquiller;0;0;1;0;0;5;0;0;0
manquant;0;0;1;2;0;0;2;1;0
mandataire;0;0;4;0;0;0;0;2;0
manager;0;0;0;0;0;1;5;0;0
man;1;0;0;0;0;4;0;0;1
malhonnêteté;0;1;0;1;2;0;1;1;0
malaise;0;0;0;0;0;5;1;0;0
maintien;0;0;1;1;0;0;0;3;1
mainstream;0;0;0;0;0;0;6;0;0
magistrat;0;0;0;0;0;0;4;1;0
machisme;0;0;0;0;0;3;1;0;0
légèrement;0;4;0;0;0;0;1;0;1
léguer;0;0;0;0;0;1;0;5;0
légaliser;0;0;0;0;0;4;1;1;0
luc;0;1;0;0;0;0;2;0;0
louable;0;0;0;0;0;2;3;1;0
limitrophe;0;0;1;0;1;1;0;0;3
life;0;3;0;0;0;1;0;1;1
levain;0;0;0;0;0;0;0;0;5
lessive;0;0;0;0;0;2;0;3;1
lentement;0;0;0;0;0;1;1;1;3
lecornu;0;3;0;0;0;1;0;0;0
larme;0;0;5;0;0;1;0;0;0
land;2;1;1;0;0;0;0;1;1
laine;0;0;0;0;0;0;1;0;5
kurde;0;0;5;0;0;0;1;0;0
kit;0;0;1;5;0;0;0;0;0
kilo;0;1;0;0;0;3;1;0;1
ke;0;0;2;0;0;1;0;1;1
karma;0;1;1;0;0;0;2;2;0
jouir;0;0;0;0;0;0;5;1;0
jordanien;0;0;6;0;0;0;0;0;0
jeudi;0;0;2;0;0;1;2;0;1
jaune;1;0;0;0;0;1;0;0;4
isreal;0;0;5;0;0;1;0;0;0
israélo;0;0;6;0;0;0;0;0;0
israeliens;0;0;5;0;0;0;0;1;0
islamophobes;0;3;0;0;0;0;3;0;0
inévitablement;0;1;0;1;0;0;1;2;1
intérim;0;0;2;0;0;0;0;4;0
intégrant;0;0;0;2;0;1;3;0;0
intoxiquer;0;1;0;0;0;0;0;0;5
intolérable;0;1;3;0;0;0;0;1;0
intime;0;0;0;0;0;3;0;1;0
intestin;0;0;0;1;0;0;0;0;4
interrompre;0;0;1;1;0;2;1;0;1
interdir;0;0;0;0;0;1;3;1;1
intensif;0;0;1;0;0;0;1;0;4
insuffisant;0;0;0;0;1;4;0;1;0
instance;0;0;4;1;0;0;0;0;1
insignifiant;0;0;2;0;0;0;1;2;1
insecte;0;0;0;0;0;0;0;0;6
inonder;0;0;1;2;0;2;1;0;0
injustifié;0;0;0;1;0;0;2;3;0
ingérence;0;0;3;0;0;0;1;1;1
infâme;0;0;1;1;0;1;3;0;0
infime;0;0;1;0;0;2;0;1;2
indigène;0;0;3;0;0;2;0;0;0
incomplet;0;0;1;0;0;1;4;0;0
inaccessible;0;0;0;0;0;1;3;1;1
illustrer;0;0;0;0;0;3;0;0;2
illimité;0;0;1;0;0;0;0;1;4
ile;0;0;0;2;0;2;0;0;0
ikea;1;1;1;0;0;0;0;1;2
hype;0;0;0;0;0;1;1;2;0
humilité;0;0;0;0;0;0;6;0;0
humidité;0;0;0;0;0;0;0;0;5
hugo;0;0;2;0;0;0;2;1;1
hospice;0;0;0;0;0;0;0;6;0
hormone;0;0;0;0;0;1;0;0;5
honorer;0;0;2;1;0;1;2;0;0
homosexualité;0;0;1;0;0;1;4;0;0
home;1;0;2;0;0;2;0;0;1
holocauste;0;0;5;0;0;0;1;0;0
hold_up;0;1;0;0;0;2;1;2;0
hetero;0;0;0;0;0;6;0;0;0
he;0;3;0;1;0;0;0;0;0
hausser;0;0;0;0;0;0;0;6;0
harry;0;0;0;0;0;1;4;0;1
handicapé;0;0;0;0;0;2;0;4;0
halloween;0;2;0;1;0;0;1;0;1
hahah;0;6;0;0;0;0;0;0;0
habitation;0;0;2;0;0;1;1;0;2
gérant;0;0;0;0;0;0;4;1;1
génératif;0;0;0;0;0;0;5;1;0
génèrent;0;0;0;0;0;0;0;3;3
gâchis;0;0;0;0;0;1;0;1;4
grèce;0;0;0;1;0;0;1;3;0
grimpeur;0;0;0;0;0;6;0;0;0
gratitude;0;0;0;0;0;6;0;0;0
grand_mère;0;1;0;0;0;5;0;0;0
grammaire;0;0;0;0;1;2;3;0;0
graine;0;0;1;0;0;0;1;1;3
gouvernemental;0;0;2;0;0;1;3;0;0
glorieux;0;0;2;0;0;2;0;1;1
girl;1;0;1;0;0;0;4;0;0
gims;0;3;0;1;0;0;2;0;0
genocidaire;0;0;4;0;0;0;0;2;0
genial;1;5;0;0;0;0;0;0;0
ge;0;0;1;0;0;0;0;1;4
février;0;0;4;0;0;0;1;1;0
fâcher;0;0;2;1;0;1;2;0;0
funéraire;0;0;0;0;0;0;0;5;0
fuire;0;0;0;0;0;0;0;5;1
frr;0;1;0;0;0;0;4;1;0
fragiliser;0;0;0;1;0;1;2;2;0
fournisseur;0;0;1;0;0;0;0;4;1
formulation;0;0;0;0;0;1;3;1;1
forage;0;0;0;0;0;0;1;1;4
fonctionnel;0;0;1;0;0;0;3;2;0
flou;0;0;1;0;0;0;5;0;0
flotille;0;5;1;0;0;0;0;0;0
fleurir;0;0;2;0;0;0;0;4;0
filtrer;0;0;0;0;0;0;2;0;4
fictif;0;0;2;0;1;0;1;1;0
fichier;0;0;0;0;0;0;5;0;0
fer;0;0;0;0;0;1;4;0;1
feminisme;0;0;0;0;0;6;0;0;0
fauteuil;0;0;0;0;0;5;1;0;0
falsification;0;0;0;0;0;3;2;0;1
faisable;0;0;0;0;0;1;3;1;1
facturer;0;0;0;0;0;1;0;4;1
extrémisme;0;0;3;0;0;1;1;0;0
extension;0;0;0;1;0;4;0;0;1
expulsion;0;0;4;0;0;0;0;2;0
explorer;0;1;1;0;0;2;0;1;0
exotique;0;0;0;0;0;1;0;2;2
exode;0;0;0;0;0;0;0;6;0
exigeant;0;0;0;0;1;0;2;1;2
etranger;0;1;0;0;0;0;3;1;1
ethnie;0;0;3;0;1;0;2;0;0
estimation;0;0;2;0;0;0;2;1;1
escalier;0;1;0;2;0;1;0;0;2
equipe;1;0;0;0;0;1;1;1;1
envisageable;0;0;5;0;0;1;0;0;0
entraider;0;0;1;0;0;3;0;2;0
entamer;0;0;2;0;0;0;1;3;0
enregistrement;0;0;0;2;0;2;2;0;0
enfanter;0;0;0;0;0;4;0;0;1
endormir;0;0;0;0;0;3;0;2;1
endoctriner;0;0;5;0;0;0;1;0;0
encourir;0;0;0;0;0;3;2;1;0
encouragement;0;1;0;0;0;2;2;1;0
encaisser;0;1;0;0;0;0;0;3;2
emprise;0;0;0;0;0;2;1;1;2
empirique;0;0;0;0;0;0;4;1;1
emmerder;0;1;0;2;0;3;0;0;0
emmen;0;4;0;0;0;0;0;0;0
emji_étreinte;3;0;0;0;0;0;0;0;0
emji_volume_des_enceintes_élevé;5;0;0;0;0;0;0;0;0
emji_visage_stupéfait;0;4;0;0;0;0;1;1;0
emji_visage_sans_bouche;1;0;1;0;0;0;0;3;1
emji_visage_mécontent_avec_bouche_ouverte;2;4;0;0;0;0;0;0;0
emji_visage_légèrement_mécontent;0;0;0;1;0;2;0;0;1
emji_symbole_de_paix;0;0;5;0;0;1;0;0;0
emji_signe_appel_téléphonique_avec_les_doigts;0;4;0;0;0;0;0;0;0
emji_robot;0;2;0;0;0;1;2;0;0
emji_rat;0;4;0;0;0;0;0;0;0
emji_ours;2;1;0;0;0;1;0;0;1
emji_index_pointant_vers_le_haut_peau_claire;0;0;0;0;0;0;0;1;5
emji_gyrophare;2;0;0;0;0;1;0;0;2
emji_fantôme;0;5;0;1;0;0;0;0;0
emji_drapeau_ukraine;2;0;1;0;0;0;0;0;0
emji_drapeau_blanc;4;0;1;0;0;0;1;0;0
emji_coeur_battant;1;0;0;0;0;1;2;0;0
emji_citrouille;0;4;0;0;0;0;0;0;0
emji_chat_qui_sourit_avec_des_yeux_rieurs;1;0;0;0;0;2;0;0;0
emji_chat_fatigué;1;0;1;1;0;0;1;0;1
emji_cerveau;0;1;0;0;0;4;0;1;0
emji_ampoule;0;4;0;0;0;0;0;1;1
embarquer;0;0;0;1;0;0;1;3;1
embargo;0;0;3;0;0;0;1;2;0
egalement;0;0;2;0;0;0;0;1;2
effrayer;0;0;1;2;0;1;1;0;1
eczéma;0;0;0;0;0;0;0;1;5
dîner;0;1;0;0;0;1;0;0;4
dévoiler;0;0;1;0;0;0;5;0;0
déverser;0;0;1;1;1;1;1;0;1
désespéré;0;0;2;0;0;1;0;3;0
désaccord;0;0;0;0;0;0;5;1;0
dépêcher;0;0;4;1;0;0;0;0;1
déploiement;0;0;1;1;0;2;0;0;1
dénuer;0;0;0;0;0;0;4;1;1
démocratiquement;0;0;5;0;0;0;1;0;0
démilitarisé;0;0;4;0;0;1;0;0;0
démesuré;0;0;0;1;0;2;0;2;1
défoncer;0;0;0;5;0;0;0;1;0
défilé;0;0;0;3;0;1;0;0;2
défaillant;0;0;0;1;0;2;0;3;0
décideur;0;0;0;0;0;4;1;0;1
déchirer;2;0;1;0;0;2;0;0;0
décent;0;0;1;0;0;0;0;5;0
décapiter;0;0;5;0;0;1;0;0;0
dé;0;0;2;0;0;0;1;2;1
duper;0;0;0;0;0;3;1;2;0
drônes;0;0;2;0;0;0;1;2;1
drole;0;4;0;0;0;1;0;0;0
dittli;0;2;0;0;0;0;0;4;0
dissoudre;0;1;1;0;0;1;2;1;0
disponibilité;0;0;0;0;0;0;3;3;0
disperser;0;0;0;3;0;0;0;1;2
disparu;0;0;3;0;0;1;1;1;0
discutable;1;0;0;1;0;0;3;1;0
directive;0;0;2;1;0;0;1;2;0
dir;0;2;0;0;0;2;0;1;0
difference;0;1;0;0;0;0;2;1;1
dialoguer;0;0;0;4;1;0;0;0;0
dfae;0;0;1;1;0;0;3;1;0
developper;0;0;0;0;0;2;3;1;0
densément;0;0;5;0;0;0;0;0;0
dead;0;4;1;0;0;0;0;1;0
danemark;0;0;1;0;0;1;0;2;0
dan;5;0;0;0;0;0;1;0;0
d_aborder;0;0;1;1;0;4;0;0;0
cure;0;0;0;1;0;2;2;1;0
culotte;0;2;0;0;0;0;1;1;2
cravate;0;1;0;0;0;3;1;0;1
crasse;0;0;1;0;0;1;4;0;0
courbe;0;0;0;0;0;1;2;2;1
coupure;0;0;0;0;0;0;1;4;1
couchette;0;0;0;0;0;0;0;4;1
cote;0;0;0;0;0;3;0;2;1
cost;0;0;0;0;0;0;1;1;3
coréen;0;0;0;0;0;0;1;0;5
corrélé;0;0;0;0;0;0;0;4;2
contraste;0;1;0;0;0;0;2;0;3
contourner;0;0;1;0;0;1;2;1;0
conquête;0;1;1;0;0;2;1;0;0
conquérir;0;0;6;0;0;0;0;0;0
conjoncture;0;0;1;1;0;0;2;2;0
congrès;0;0;3;0;0;0;1;1;0
confederation;0;0;1;0;0;1;0;4;0
conditionner;0;0;0;1;0;0;2;2;1
conception;0;0;0;0;0;2;0;1;3
comptabiliser;0;0;1;0;0;0;2;2;1
compléter;0;0;0;0;0;0;1;2;3
complexité;0;0;0;0;0;2;4;0;0
commandant;0;0;0;5;0;0;0;0;0
collectivement;0;0;0;0;0;2;0;3;1
collatéral;0;0;4;2;0;0;0;0;0
coffre;0;1;0;0;0;0;0;4;1
cm;0;1;0;0;0;0;1;0;2
clarifier;0;0;1;1;0;0;4;0;0
citron;0;2;0;0;0;0;0;4;0
cinquantaine;0;0;0;5;0;1;0;0;0
cie;0;0;1;0;0;0;2;2;0
cia;0;0;1;0;0;1;0;3;0
choper;0;0;0;0;0;2;1;2;1
cheville;0;1;0;2;0;3;0;0;0
chelou;0;1;0;0;0;3;0;0;2
checker;0;0;1;1;0;0;4;0;0
charte;0;0;6;0;0;0;0;0;0
char;0;0;2;0;0;0;0;1;1
chantage;0;0;0;0;0;1;3;2;0
chancy;0;0;0;0;0;0;0;0;5
challenge;0;4;0;0;0;1;0;0;0
chahuter;0;0;1;0;0;0;1;1;0
cession;0;0;0;0;0;1;1;1;1
certe;0;0;0;0;0;0;1;1;4
catégoriser;0;0;0;0;0;0;6;0;0
casier;0;0;0;0;0;1;2;0;0
carouge;0;0;0;0;0;0;0;1;5
cardiovasculaires;0;0;0;0;0;0;0;0;6
canva;0;0;0;0;0;2;1;0;0
canard;0;5;0;1;0;0;0;0;0
canal;0;1;0;0;0;1;2;2;0
can;1;0;0;0;1;1;1;0;0
calvitie;1;1;0;0;0;4;0;0;0
cahier;0;0;0;0;0;0;0;5;0
bénévolat;0;0;0;0;0;6;0;0;0
bureaucratie;0;0;0;0;0;0;0;5;1
bureaucrate;0;0;0;0;0;4;1;0;1
buffet;0;0;0;0;0;4;0;0;2
broyer;0;0;2;0;0;2;1;0;1
brouillard;0;0;0;0;0;2;1;1;2
bots;0;0;2;0;0;0;4;0;0
bosniaque;0;1;1;0;1;1;1;0;0
borne;0;1;0;0;4;0;1;0;0
boomer;0;4;0;0;0;2;0;0;0
bonsoir;0;0;0;0;0;0;1;3;2
bonnet;0;0;0;1;0;0;0;0;5
bob;0;0;1;0;3;2;0;0;0
blé;0;0;0;0;0;1;0;2;3
blasphème;0;0;0;0;0;0;5;0;0
binaire;0;0;6;0;0;0;0;0;0
bill;0;0;5;0;0;0;1;0;0
bienfait;0;0;0;0;0;1;3;2;0
bernex;0;0;0;0;0;0;0;0;5
bec;0;0;0;0;0;1;0;2;3
beaucoups;1;2;0;0;0;0;1;0;2
bds;0;0;5;0;0;0;0;0;0
bangladesh;0;0;0;0;0;0;0;0;5
baguette;0;0;0;0;0;3;1;1;1
axer;0;0;1;0;0;0;1;4;0
avantager;0;0;0;0;2;2;0;1;0
authentique;0;0;1;0;0;4;1;0;0
attrister;0;0;0;0;0;1;1;2;1
attractif;0;0;0;0;0;3;1;2;0
attester;0;0;1;0;0;3;2;0;0
attentas;0;0;6;0;0;0;0;0;0
assurément;1;0;0;0;0;0;1;1;0
assembler;0;3;0;0;0;0;1;2;0
antisocial;0;0;0;0;0;1;3;2;0
anormal;0;0;0;0;0;1;0;0;5
anonymat;0;0;0;0;0;2;3;1;0
angoisse;0;0;0;0;0;0;1;2;0
angle;0;0;1;1;0;2;1;1;0
anarchie;0;0;3;1;0;1;1;0;0
aménager;0;0;1;0;0;1;0;2;2
americain;0;1;0;0;0;1;1;1;0
ambition;0;0;0;0;0;4;1;0;1
ambitieux;0;0;0;0;0;5;0;1;0
ambiant;0;0;1;0;0;1;2;0;2
amazonie;0;0;1;0;0;0;0;0;5
alzheimer;0;0;0;0;0;1;3;2;0
aliénation;0;0;0;0;0;6;0;0;0
aisément;0;0;0;0;0;1;4;1;0
ailleur;0;2;0;1;0;1;0;2;0
agiter;0;0;3;0;0;0;2;0;1
again;1;5;0;0;0;0;0;0;0
adversaire;0;0;1;0;0;1;1;3;0
adorable;0;0;1;0;0;3;1;0;1
adepte;0;0;0;0;0;0;1;0;4
additionner;0;0;0;0;0;0;1;1;4
addicts;0;0;0;1;0;2;1;2;0
acquitter;0;0;4;0;1;1;0;0;0
acharné;0;0;0;0;0;2;1;3;0
acharner;0;0;2;1;0;1;2;0;0
accumulation;0;0;0;0;0;1;0;3;2
accro;0;3;0;0;0;3;0;0;0
accaparer;0;0;3;0;0;0;0;3;0
abyssal;0;0;0;0;0;0;2;3;0
abominable;0;0;2;0;0;2;1;0;1
abolition;0;0;0;0;0;2;1;3;0
8h;0;0;0;0;0;1;0;0;4
60h;0;0;0;0;5;0;0;1;0
5k;0;0;1;0;0;2;1;2;0
5h;0;0;1;2;0;1;0;0;2
21ème;0;0;4;0;0;1;1;0;0
20h;0;0;0;4;0;0;0;0;2
étrangler;0;0;0;0;0;0;1;4;0
épée;0;0;0;0;0;1;3;0;1
épanouir;0;0;0;0;0;5;0;0;0
émerger;0;0;1;0;0;4;0;0;0
élitiste;0;0;0;0;1;0;2;0;2
éligible;0;0;2;0;0;0;0;2;1
élargir;0;0;2;0;1;0;0;0;2
éjecter;0;0;1;0;0;4;0;0;0
égoïsme;0;0;0;0;0;3;2;0;0
égaler;0;0;1;0;0;1;1;1;1
éditorialiste;0;0;0;0;0;0;4;0;0
éditorial;0;0;5;0;0;0;0;0;0
écrouler;0;0;0;0;0;0;1;3;1
éclairé;0;0;0;0;0;1;2;1;1
échappement;0;0;0;0;0;0;0;0;5
zweifel;5;0;0;0;0;0;0;0;0
yuka;0;0;0;0;0;0;0;0;5
yacht;0;0;0;0;0;0;0;1;4
wue;0;0;1;0;0;2;0;2;0
wiki;0;0;0;0;0;0;5;0;0
wifi;0;0;0;0;0;0;1;1;3
well;1;0;0;0;0;1;0;1;0
washington;0;0;1;0;0;0;4;0;0
washing;0;0;0;0;0;0;2;2;1
véritablement;0;0;0;0;0;0;4;1;0
végétalien;0;0;0;0;0;0;0;0;5
véganisme;0;0;0;0;0;1;2;1;1
vulnérabilité;0;0;1;0;0;3;1;0;0
vrille;0;0;0;0;0;1;1;3;0
vr;0;1;0;0;0;0;1;0;3
voyageur;0;0;0;0;0;1;0;1;3
volatilité;0;0;0;0;0;0;0;5;0
voeu;2;0;1;0;0;0;2;0;0
visée;0;1;2;0;0;0;2;0;0
vingtaine;0;0;1;0;0;1;0;2;1
vietnam;0;0;1;0;0;0;2;1;1
vieillissant;0;0;0;0;0;0;0;5;0
vernis;0;0;0;0;0;0;1;0;3
verbe;0;0;1;0;0;1;3;0;0
variété;0;0;0;0;0;0;0;0;5
validé;0;0;0;0;0;0;4;1;0
validation;0;0;0;0;0;1;4;0;0
vacherin;0;3;0;0;0;0;0;0;0
vaccin;0;0;0;0;0;0;0;3;2
usurpation;0;0;0;0;0;1;2;0;1
usd;0;0;0;0;0;0;0;5;0
uber;0;0;0;0;0;1;0;0;4
télétravail;0;0;0;0;0;1;1;2;0
trotinette;0;1;0;0;0;0;0;0;4
trot;0;0;0;0;0;0;0;0;4
tricher;0;0;0;1;0;3;1;0;0
transpirer;0;0;0;0;0;4;0;1;0
traducteur;0;0;0;0;1;1;2;0;0
tousser;0;0;0;3;0;1;1;0;0
tournant;0;0;1;1;0;1;1;0;0
touristique;0;1;0;0;0;0;0;0;4
timing;0;0;0;0;0;0;3;1;1
thérapeutique;0;0;0;0;0;1;1;1;1
thomas;1;0;0;0;4;0;0;0;0
thank;1;0;1;1;0;1;0;0;0
tessin;0;3;0;0;1;1;0;0;0
terrifiant;0;0;1;0;0;3;0;1;0
temporairement;0;0;0;0;0;2;0;3;0
tazer;0;0;0;4;0;1;0;0;0
tarifaires;0;0;0;0;0;0;0;4;1
tardif;0;0;0;0;0;2;1;0;2
tabou;0;0;0;0;0;3;0;1;1
sévices;0;0;4;0;0;0;0;1;0
sérénité;0;1;0;0;0;3;1;0;0
sécuritaire;0;0;3;0;0;1;0;0;1
sécu;0;0;0;0;0;0;0;5;0
suva;0;0;0;0;0;1;0;3;1
susciter;0;0;1;0;1;1;2;0;0
survenir;0;0;0;1;0;3;0;1;0
surpasser;0;0;0;0;0;4;0;1;0
supplément;0;0;0;0;0;0;0;2;3
sui;0;1;0;0;0;0;1;1;1
sucer;0;2;2;0;0;0;0;1;0
sublime;3;0;0;1;0;0;0;0;1
studio;0;1;0;0;0;0;0;4;0
streaming;0;0;0;1;0;1;3;0;0
stockholm;0;4;0;0;0;0;0;1;0
staline;2;0;3;0;0;0;0;0;0
stagner;0;0;0;0;0;0;0;4;1
spéculatif;0;0;0;0;0;0;0;4;1
spontané;0;0;0;2;0;0;1;0;1
spectre;0;0;2;0;0;1;2;0;0
spectaculaire;0;0;1;0;0;1;3;0;0
soulagement;1;1;1;0;0;1;0;1;0
sorcier;0;0;1;1;0;0;0;2;1
socio_économique;0;0;0;0;0;1;1;2;0
sniper;0;0;5;0;0;0;0;0;0
sncf;0;0;0;0;0;1;2;1;1
short;0;0;0;0;0;0;0;0;5
sexy;0;0;0;0;0;2;1;0;2
seum;0;2;0;0;0;1;0;2;0
semi;0;0;0;0;0;1;1;0;3
seigneur;0;0;1;0;0;1;1;0;0
schengen;0;0;0;0;0;4;0;0;1
scander;0;0;2;1;0;0;1;1;0
scandaliser;0;0;0;0;1;1;2;0;1
saleté;0;1;0;0;0;0;0;2;2
sacrifier;0;0;1;0;0;3;0;0;1
révolter;0;0;0;1;0;2;0;1;1
révoltant;0;0;1;1;0;1;1;1;0
réthorique;0;0;1;0;0;2;1;1;0
répercussion;0;0;0;0;0;0;3;1;1
répartie;0;0;0;1;0;1;1;1;0
régression;0;0;1;0;0;2;0;1;0
régresser;0;0;0;0;0;5;0;0;0
référer;0;0;0;0;0;0;4;1;0
rédaction;0;0;4;0;0;1;0;0;0
ré;0;0;0;3;0;0;1;1;0
rupture;0;0;0;0;0;0;0;4;0
rumeur;0;0;1;0;0;1;2;1;0
rp;0;0;1;0;0;0;0;3;1
roumanie;0;0;2;0;0;0;0;3;0
rouage;0;0;0;0;0;0;1;1;3
rond_point;0;0;0;0;0;0;0;0;4
rome;0;0;1;0;1;0;1;1;1
romanche;0;0;0;0;5;0;0;0;0
roh;1;0;0;0;0;4;0;0;0
robert;0;0;1;0;0;1;1;1;0
river;0;0;1;0;0;0;1;0;2
rimer;0;0;2;0;0;1;1;1;0
ride;0;0;0;0;0;2;0;3;0
retomber;0;0;0;0;0;2;0;3;0
restituer;0;0;5;0;0;0;0;0;0
respiratoire;0;0;0;0;0;0;0;1;4
report;0;0;0;1;0;0;1;3;0
renois;0;0;1;0;0;0;2;1;0
renaître;0;0;0;0;0;1;0;2;0
remédier;0;0;0;0;0;2;0;2;1
remède;0;0;1;0;0;1;0;2;1
remy;0;0;2;1;0;0;1;0;1
relativisme;0;0;0;0;0;1;1;0;3
reine;0;1;1;0;0;1;0;0;1
recueillir;0;0;1;1;0;0;3;0;0
rectification;0;1;2;1;0;0;0;1;0
recommandation;0;0;0;0;0;1;1;1;2
rayer;0;0;5;0;0;0;0;0;0
ras_le_bol;0;0;2;0;0;0;1;1;1
random;0;0;0;1;0;0;4;0;0
ramer;0;0;0;0;0;4;0;1;0
rail;0;0;0;0;0;2;1;1;1
rafale;0;3;1;0;0;0;0;0;1
radicalement;0;0;0;0;0;0;5;0;0
qur;0;0;1;0;0;3;0;0;1
quelqu;0;0;0;0;0;2;3;0;0
qques;0;0;1;0;0;0;0;3;1
qlq;0;0;1;0;0;2;1;0;0
pédocriminels;0;0;5;0;0;0;0;0;0
puiser;0;1;1;0;0;0;1;2;0
publicitaire;0;0;0;0;0;1;2;1;1
psychologiquement;0;0;0;2;0;1;0;1;1
psychiatrique;0;0;0;0;0;3;1;1;0
prévoyance;0;0;0;0;0;0;0;5;0
présumer;0;1;2;0;0;1;0;1;0
préservation;0;0;0;0;0;1;0;0;4
présentateur;0;0;0;0;0;0;4;0;0
prélèvement;0;0;0;0;0;0;0;5;0
préjudice;0;0;0;0;0;5;0;0;0
précéder;0;0;0;0;0;2;1;1;1
pré;0;0;1;0;0;2;1;0;1
près_des;0;0;0;0;0;0;0;1;4
prudence;0;0;0;0;0;5;0;0;0
protestation;0;0;2;2;0;0;1;0;0
protestant;0;1;0;0;0;1;2;1;0
protecteur;0;0;3;0;0;1;1;0;0
prostitution;0;0;0;0;0;2;0;1;0
prorata;0;0;0;0;0;0;1;3;0
proprement;0;0;1;0;0;1;0;2;1
propagation;0;0;0;0;0;0;2;0;3
progressivement;0;0;1;0;0;3;0;1;0
professionnalisme;0;0;0;1;0;1;3;0;0
procédé;0;0;0;1;0;0;0;0;3
prochainement;0;0;0;0;0;2;2;0;1
privation;0;0;2;1;0;0;2;0;0
prisoniers;0;0;4;0;0;0;0;0;0
priori;0;0;0;0;0;2;0;3;0
printemps;0;0;1;0;0;0;1;1;2
prestigieux;0;0;0;0;0;0;0;4;0
prefere;0;0;2;0;0;0;0;2;1
poto;0;0;1;0;0;0;4;0;0
poreux;0;0;0;0;0;1;3;0;1
por;1;0;0;0;0;2;0;2;0
pop;0;0;0;0;0;0;4;0;0
polonais;0;0;0;0;0;5;0;0;0
pmr;0;0;0;0;0;0;0;4;0
plumer;0;0;0;0;0;0;0;3;2
plaquer;0;0;0;2;0;1;0;1;1
plaisanter;0;0;1;1;0;2;0;0;1
piétiner;0;0;1;1;0;1;1;1;0
pitoyable;0;0;0;0;0;2;1;1;1
pirate;0;1;0;0;0;0;2;1;1
pincette;0;0;2;0;0;1;2;0;0
physiologique;0;0;0;0;0;3;0;0;2
peter;0;0;0;0;0;4;0;1;0
pessimisme;0;0;0;0;0;0;4;0;1
pertinence;0;1;0;0;0;1;1;0;1
permission;0;0;0;0;0;1;4;0;0
perle;1;0;0;4;0;0;0;0;0
penalty;0;5;0;0;0;0;0;0;0
peindre;0;1;0;0;0;2;1;1;0
pedophilie;0;0;0;0;0;0;5;0;0
pdt;0;0;0;0;0;1;0;2;2
patronal;0;0;0;0;0;0;0;5;0
patriotisme;0;0;0;0;0;1;3;1;0
patrick;0;3;1;0;0;0;1;0;0
passionner;0;0;0;0;0;4;1;0;0
parachute;0;0;1;0;0;0;1;2;1
pape;2;0;1;0;0;0;1;1;0
pancarte;0;1;3;0;0;0;0;0;1
palestinian;0;0;5;0;0;0;0;0;0
pakistan;0;0;3;0;0;0;0;0;2
paf;0;4;0;0;0;0;1;0;0
paa;0;0;0;0;0;2;1;1;1
oú;0;0;1;0;0;0;4;0;0
overdose;0;0;0;0;0;3;2;0;0
oulala;0;3;0;0;0;1;1;0;0
ouighour;0;0;2;0;0;0;1;0;1
oscar;0;1;0;0;0;1;1;0;0
orp;0;0;0;0;0;2;0;3;0
ordinateur;0;0;0;0;0;1;0;0;4
ordi;0;0;0;0;0;0;0;3;2
opportuniste;0;0;1;1;0;0;0;2;1
once;0;1;2;1;0;0;0;1;0
octroyer;0;0;0;0;0;1;2;2;0
obèse;0;0;0;0;0;3;0;1;1
obsolescence;0;0;0;0;0;0;0;0;5
obscurantisme;0;0;2;0;0;2;1;0;0
obligatoirement;0;0;3;0;0;0;1;0;1
négociable;0;0;0;1;0;0;0;3;1
négativement;0;0;1;0;0;1;1;1;1
néant;0;0;1;0;0;0;0;2;2
nyc;0;0;1;0;0;1;2;1;0
nvidia;0;0;0;0;0;0;2;3;0
nuremberg;0;0;5;0;0;0;0;0;0
notable;0;0;0;0;0;1;3;1;0
nostalgique;2;1;0;0;0;0;2;0;0
norvégien;0;0;1;0;0;1;1;1;0
normalité;0;0;0;0;0;4;0;0;1
normaliser;0;0;1;0;0;2;1;1;0
nope;0;1;0;0;0;0;2;1;1
nooon;1;1;0;1;0;1;0;1;0
nivellement;0;0;0;0;0;0;1;4;0
nikola;0;0;0;0;0;0;0;0;5
nidwald;0;0;0;0;0;1;1;3;0
nice;0;3;1;0;0;0;0;0;1
nest;0;0;0;1;1;1;1;1;0
navire;0;0;1;0;0;0;0;3;1
naturalisent;0;0;0;0;2;0;0;2;0
naturalise;0;0;0;0;1;0;2;2;0
naturalisations;0;0;0;0;1;2;0;2;0
narcoterroristes;0;0;5;0;0;0;0;0;0
narcissique;0;0;1;0;0;2;1;0;1
namaste;3;0;0;0;0;1;1;0;0
mécontentement;0;0;0;1;0;0;4;0;0
mécontent;0;0;0;1;0;2;1;0;1
mytho;0;1;0;0;0;0;4;0;0
mutuel;0;0;0;1;0;1;0;2;1
musicien;0;2;0;1;0;1;1;0;0
mousse;0;0;1;0;0;0;0;0;4
mouise;0;1;0;0;0;0;0;4;0
mouiller;0;0;0;0;0;2;0;0;3
moss;0;0;0;0;0;0;0;0;5
mosquée;0;0;4;0;0;0;0;0;0
moralité;0;0;0;0;0;1;0;1;3
moralisateur;0;0;0;0;0;0;5;0;0
monopoly;0;0;1;0;0;0;0;4;0
monoparental;0;0;0;0;0;1;1;3;0
mollah;0;0;4;0;0;0;0;0;0
moelle;0;1;2;0;0;1;0;0;1
modéré;0;0;0;0;0;0;2;2;1
modérateur;0;0;0;0;0;1;4;0;0
mobilisations;0;0;2;0;0;1;2;0;0
mmm;2;0;0;0;0;1;0;1;1
miner;0;0;0;0;0;0;0;1;4
millionaire;0;0;0;0;0;0;0;5;0
milan;0;1;0;0;0;1;0;0;3
middle;1;1;2;0;0;1;0;0;0
metro;0;0;0;0;0;1;0;0;2
mercure;0;0;0;0;0;0;0;0;5
mercenaire;0;0;5;0;0;0;0;0;0
melatonine;0;0;0;0;0;0;4;1;0
maurer;0;1;1;0;0;1;1;0;0
math;0;2;0;0;0;0;1;2;0
mascus;0;0;0;0;0;3;2;0;0
masculinité;0;0;0;0;0;4;0;0;0
marée;0;0;1;0;0;2;0;0;2
marxiste;0;0;3;0;0;0;1;0;0
marx;0;0;0;0;0;0;5;0;0
manche;0;0;0;0;0;2;2;1;0
malveillant;0;0;0;0;0;1;3;1;0
malfaiteur;0;0;1;0;0;2;2;0;0
maldives;0;1;1;0;0;0;0;0;2
malbouffe;0;1;0;0;0;0;0;1;3
maillot;0;1;0;0;0;3;0;1;0
maigrir;0;0;0;0;0;4;0;0;0
maigreur;0;0;0;0;0;0;0;0;4
machin;1;0;1;0;0;2;0;0;0
m2;0;0;0;0;0;0;1;0;4
létal;0;0;0;3;0;1;0;0;0
légiférer;0;0;0;0;0;1;4;0;0
légalité;0;0;0;4;0;1;0;0;0
léchage;0;4;0;0;0;1;0;0;0
lèvre;0;0;0;0;4;0;1;0;0
lâche;0;0;0;2;0;0;3;0;0
loins;0;0;2;0;0;0;0;1;2
logo;0;2;2;0;0;0;0;0;1
logiquement;0;0;1;0;1;0;0;0;2
ll;0;1;0;0;0;1;2;0;1
linge;0;0;0;0;0;2;0;1;2
likoud;0;0;4;0;0;0;0;0;0
likes;0;2;0;0;0;1;2;0;0
lex;0;0;0;0;0;0;2;2;0
leurre;0;0;0;0;0;1;1;3;0
lentille;0;0;0;0;0;0;0;0;5
learning;0;0;0;0;0;0;4;0;0
league;0;0;0;0;0;2;1;0;0
leader;0;0;2;0;0;0;2;1;0
lcr;0;0;0;0;0;0;0;0;5
lbd;0;0;0;5;0;0;0;0;0
lapin;0;0;0;0;0;3;1;0;0
language;0;0;1;0;0;1;3;0;0
laboratoire;0;1;0;0;0;0;0;1;3
labeur;0;0;0;0;0;0;0;4;0
kosovare;0;0;4;0;0;1;0;0;0
kks;0;4;0;0;0;0;0;1;0
kirk;0;0;5;0;0;0;0;0;0
khan;0;0;3;0;0;0;0;0;0
kevin;0;1;0;0;0;0;0;4;0
keuf;0;0;0;2;0;2;1;0;0
jvais;0;4;0;0;0;0;1;0;0
justicier;0;0;0;0;0;3;2;0;0
juron;0;0;0;0;0;1;3;0;0
jurassien;0;0;0;0;1;0;1;2;1
juillet;0;0;2;0;0;1;0;0;2
judaïsme;0;0;5;0;0;0;0;0;0
jte;0;0;0;0;0;1;1;2;1
john;0;1;0;0;0;1;2;1;0
jo;0;4;0;0;0;1;0;0;0
jms;0;0;0;0;0;0;1;4;0
jme;1;4;0;0;0;0;0;0;0
jihadistes;0;0;5;0;0;0;0;0;0
jeûne;0;0;0;0;0;0;4;1;0
jeffrey;0;0;1;0;0;0;3;0;0
jazeera;0;0;5;0;0;0;0;0;0
javier;0;0;0;0;0;1;4;0;0
jaafarwi;0;0;5;0;0;0;0;0;0
israëliens;0;0;5;0;0;0;0;0;0
islamophobie;0;0;2;0;0;2;1;0;0
irréprochable;0;0;0;0;0;1;3;0;1
irrespect;0;0;1;0;0;1;2;0;1
ipa;0;0;0;0;0;0;0;4;1
involontaire;0;0;1;0;0;4;0;0;0
invivable;0;0;1;0;0;0;0;3;1
invité;0;0;0;0;2;2;0;0;1
intégralement;0;0;2;1;0;0;0;1;1
intègre;0;0;0;0;2;0;3;0;0
intouchable;0;0;4;0;0;0;0;0;1
interet;0;0;0;0;0;1;0;3;1
instruit;0;0;0;0;0;1;3;0;0
instantanément;0;0;1;0;0;1;3;0;0
inoxtag;0;0;0;0;0;5;0;0;0
inoffensif;0;0;1;0;0;4;0;0;0
innommable;0;0;5;0;0;0;0;0;0
injure;0;0;0;0;0;3;2;0;0
initier;0;1;0;0;0;2;0;1;1
inintéressant;0;0;0;0;0;3;2;0;0
ingérer;0;0;1;0;0;0;1;0;2
influenceur;0;0;0;1;0;0;3;1;0
inefficace;0;0;2;0;0;0;2;1;0
individuellement;0;0;0;1;0;0;1;2;1
incomparable;0;1;1;0;0;0;1;0;2
incohérent;0;0;1;1;0;1;2;0;0
inclusivité;0;0;0;0;0;1;3;0;0
inceste;0;0;0;0;0;4;1;0;0
impérialisme;0;0;4;0;0;0;1;0;0
impunément;0;0;5;0;0;0;0;0;0
impuissance;0;0;1;0;0;2;2;0;0
implacable;0;0;0;0;0;0;4;1;0
impartialité;0;0;3;0;0;1;1;0;0
immigrant;0;2;1;0;0;0;1;1;0
illogique;0;0;0;0;0;0;1;2;1
hygiénique;0;0;0;0;0;3;0;1;1
humeur;0;0;0;0;1;4;0;0;0
hui;0;0;1;0;0;2;1;0;1
htag_;0;5;0;0;0;0;0;0;0
hostile;0;0;1;3;0;0;1;0;0
hormonal;0;0;0;0;0;2;0;0;3
horloger;0;1;0;0;0;0;1;1;0
homme_femme;0;0;0;0;0;4;0;0;0
hm;0;0;0;1;0;2;0;0;2
hasbara;0;1;4;0;0;0;0;0;0
habitat;0;0;0;0;0;1;0;2;2
gén0;0;0;4;1;0;0;0;0;0
gym;0;0;0;0;0;4;0;0;1
guérison;2;0;0;0;0;1;0;2;0
guerrier;0;4;0;0;0;1;0;0;0
gueguerre;0;0;1;1;0;2;0;0;1
gu;0;0;2;1;0;1;0;1;0
gréviste;3;0;0;0;0;1;0;1;0
gré;0;0;2;0;0;0;1;0;1
grandissant;0;0;0;0;0;0;0;4;1
gourmand;0;0;0;0;0;0;0;2;3
gouffre;0;0;0;0;0;4;0;0;1
goal;0;2;0;0;0;0;0;1;0
glutamate;0;5;0;0;0;0;0;0;0
glucide;0;0;0;0;0;0;1;0;4
giec;0;0;0;0;0;0;3;0;2
genocides;0;0;4;0;0;1;0;0;0
gen;0;3;1;0;0;0;0;1;0
gel;0;0;0;0;0;0;0;2;3
game;0;0;0;0;0;0;4;0;1
galère;0;1;0;0;0;1;2;1;0
gage;0;0;2;0;1;0;2;0;0
gadget;0;0;0;0;0;1;0;2;2
fumisterie;0;0;2;1;0;0;1;1;0
full;0;0;0;0;0;0;1;1;3
from;0;0;1;0;0;1;1;0;0
frisson;0;0;2;0;0;1;1;1;0
frileux;0;0;0;1;0;2;0;1;1
french;0;1;0;0;0;1;0;3;0
françois;0;0;0;0;0;2;3;0;0
foutu;0;0;1;1;0;1;2;0;0
footballeur;0;0;0;0;0;1;0;4;0
fonte;0;0;0;0;0;0;0;0;5
foireux;0;1;0;0;0;2;2;0;0
focaliser;0;0;0;1;0;0;2;1;1
flocon;0;5;0;0;0;0;0;0;0
fleuve;0;0;2;0;0;0;0;1;0
flamme;0;0;0;0;0;2;3;0;0
financées;0;0;1;0;0;1;2;0;1
filière;0;0;0;0;0;0;1;1;1
fibre;0;0;0;0;0;0;0;0;5
fiabilité;0;0;2;0;0;1;1;1;0
fesse;0;1;0;0;0;1;3;0;0
fermeté;1;0;2;0;0;0;0;1;1
femelle;0;0;0;0;0;2;1;0;1
façonner;0;0;0;0;0;0;3;1;1
façade;0;0;2;0;0;0;2;0;1
fatigant;0;0;2;1;0;1;1;0;0
fantôme;0;0;3;0;0;0;0;1;1
fanatique;0;0;2;0;0;2;0;1;0
faiseur;0;0;3;1;0;0;1;0;0
faiblement;0;0;0;1;0;0;1;2;1
extraction;0;0;0;0;0;0;0;0;5
expo;0;0;1;0;0;4;0;0;0
exit;0;0;0;0;0;1;0;4;0
exiler;0;0;3;0;0;0;0;2;0
exclusivement;0;1;0;0;0;2;1;0;1
etres;0;0;0;0;0;5;0;0;0
escroquerie;0;0;0;1;0;0;1;2;0
esclavagisme;0;0;0;0;0;0;0;2;3
enquêteur;0;0;1;0;1;2;0;0;0
enquêter;0;0;1;0;0;0;4;0;0
enjamber;0;0;0;5;0;0;0;0;0
energie;0;0;0;0;0;1;0;1;2
endommager;0;0;0;3;0;0;0;0;1
endiguer;0;0;0;0;0;0;0;3;2
encyclopédie;0;0;0;0;0;0;5;0;0
encercler;0;0;0;4;0;0;0;0;1
emji_tête_qui_parle;0;0;3;0;0;0;0;1;0
emji_trophée;3;1;0;0;0;0;0;0;0
emji_singe_ne_rien_dire;0;4;0;0;0;0;0;0;0
emji_poing_levé_peau_légèrement_mate;1;0;4;0;0;0;0;0;0
emji_poing_de_face;2;0;1;0;0;0;0;0;2
emji_patin_à_roulettes;2;0;0;0;0;0;1;0;0
emji_médaille_d;4;0;0;0;0;0;0;0;0
emji_monstre_japonais;0;1;1;0;0;0;1;0;0
emji_moai;1;0;0;0;0;1;1;0;1
emji_homme_qui_hausse_les_épaules_peau_mate;0;0;0;1;0;1;2;1;0
emji_goutte_de_sang;4;0;0;0;0;1;0;0;0
emji_drapeau_venezuela;0;0;4;0;0;0;1;0;0
emji_drapeau_russie;1;0;2;0;0;0;0;0;0
emji_drapeau_portugal;2;1;0;0;0;0;1;1;0
emji_coeur_rose;2;1;0;0;0;0;1;0;1
emji_coeur_orange;3;0;0;0;0;1;1;0;0
emji_chien;2;0;0;0;0;2;0;1;0
emji_bébé;2;0;1;0;0;1;1;0;0
emji_bout_des_doigts_joints_peau_moyennement_claire;0;5;0;0;0;0;0;0;0
emji_bout_des_doigts_joints_peau_claire;0;0;0;0;0;2;0;0;1
emji_boisson_chaude;0;5;0;0;0;0;0;0;0
emji_biceps_contracté_peau_foncée;2;0;0;0;0;1;0;0;0
emji_ballon_de_football;5;0;0;0;0;0;0;0;0
emissions;0;0;0;0;0;0;0;0;5
embouteillage;0;0;0;0;0;0;0;0;5
embauche;0;0;0;0;0;2;0;3;0
email;0;3;0;0;0;0;2;0;0
economique;0;0;1;0;0;0;0;4;0
economie;0;0;0;0;0;0;1;3;1
easyjet;0;0;0;0;0;1;0;0;4
easy;0;0;0;0;0;1;0;3;1
dévouement;0;0;0;0;0;5;0;0;0
détériorer;0;0;0;1;0;0;0;3;1
détermination;0;0;1;0;0;4;0;0;0
désinformation;0;0;2;0;0;0;3;0;0
désengorger;0;0;0;0;0;0;0;0;5
désamianté;0;0;0;0;0;1;0;0;3
dépôt;0;0;2;0;0;1;0;2;0
déplorer;0;0;1;0;0;2;2;0;0
déplacé;0;0;2;0;0;0;0;0;3
dépassement;0;0;0;0;0;1;1;1;2
déménagement;0;0;0;0;0;0;1;4;0
démon;0;1;0;0;0;2;0;1;0
démagogie;0;0;0;0;0;3;0;2;0
délégation;0;0;1;0;0;0;0;4;0
défunt;0;0;0;0;0;2;1;2;0
défiler;0;0;0;2;0;1;1;0;1
défensive;0;0;2;1;0;1;1;0;0
décoration;0;0;0;0;0;1;0;0;4
décor;0;0;0;0;0;1;2;1;1
décompresser;0;0;0;0;0;0;0;0;4
décolonisation;0;0;4;0;0;0;0;0;0
déchéance;0;0;0;0;0;1;0;0;4
déchetterie;0;0;0;0;0;0;0;0;5
déc;0;0;0;0;0;1;1;2;0
débiter;0;0;1;0;0;0;2;1;0
dysfonctionnement;0;0;0;0;0;5;0;0;0
duty;0;0;0;0;0;3;0;2;0
durablement;0;0;1;0;0;1;2;1;0
dt;1;0;2;0;0;2;0;0;0
douloureux;0;0;0;0;0;5;0;0;0
dodo;0;0;0;0;0;1;1;2;0
divulguer;0;0;1;0;0;0;4;0;0
divorcer;0;0;0;0;0;5;0;0;0
dissiper;0;0;0;0;0;0;2;0;3
disney;0;0;0;0;0;0;1;1;3
discriminatoire;0;0;0;0;0;2;2;0;0
discriminant;0;0;0;0;0;4;1;0;0
diplômé;0;0;0;0;0;0;1;4;0
diplômer;0;0;0;0;0;0;0;5;0
différer;0;0;0;0;1;0;1;3;0
devise;0;0;1;1;0;0;1;1;0
denrée;0;0;1;0;0;0;0;2;2
delphine;1;1;0;0;2;0;1;0;0
defend;0;0;0;0;0;0;4;0;1
cynisme;0;0;4;0;0;0;1;0;0
cumulées;0;0;0;0;0;0;1;2;2
cuivre;0;0;0;0;0;0;0;3;1
créature;0;0;1;0;0;1;0;3;0
crypto;0;0;0;0;0;0;0;5;0
croître;0;1;1;0;0;1;0;1;1
criminaliser;0;0;4;0;0;0;1;0;0
creux;0;0;0;0;0;0;2;1;1
correcteur;0;0;0;0;0;0;4;0;0
corporation;0;0;0;0;0;0;4;1;0
corne;0;2;0;1;0;0;1;1;0
corde;0;0;0;2;0;2;1;0;0
conversion;0;0;1;0;0;0;2;0;2
contrôleur;0;0;0;0;0;0;1;1;2
control;0;0;2;0;0;1;1;1;0
conter;0;0;0;0;0;0;0;1;2
contemporain;0;0;2;0;0;1;1;1;0
confier;0;0;2;0;0;1;1;1;0
condamnable;0;0;0;0;0;0;5;0;0
compliment;0;2;0;0;0;2;1;0;0
complaisance;0;0;3;0;0;0;1;1;0
communautaire;0;0;0;0;0;2;1;1;1
come;0;0;1;0;0;1;2;1;0
colonialiste;0;0;4;0;0;0;0;0;1
collection;0;1;0;0;0;0;0;4;0
cola;0;1;0;0;0;0;2;1;0
coiffeur;0;0;0;0;0;1;0;3;1
cliquer;0;0;2;0;0;1;2;0;0
clinton;0;0;4;0;0;0;1;0;0
climato;0;3;0;0;0;0;1;0;1
climatisation;0;0;0;0;0;0;0;0;5
clandestin;0;0;3;0;0;2;0;0;0
civique;0;0;0;1;1;1;2;0;0
citoyenneté;0;0;0;0;1;1;1;2;0
ciment;0;0;1;0;0;0;0;0;4
cil;0;0;0;0;0;4;1;0;0
cigogne;0;0;0;0;0;0;1;0;4
cide;0;0;5;0;0;0;0;0;0
château;0;0;0;0;0;0;0;0;4
chuv;0;0;0;0;0;0;0;5;0
chui;1;0;0;0;0;1;0;3;0
christian;0;0;4;0;0;0;1;0;0
chevalier;0;0;0;0;0;0;5;0;0
checking;0;0;0;1;0;0;3;0;0
chaux;0;4;0;0;0;0;0;0;1
chauffard;0;2;0;1;0;1;0;0;1
charme;0;0;0;0;0;3;0;0;2
charlie;0;0;5;0;0;0;0;0;0
chapitre;0;0;3;0;0;0;1;1;0
chanceux;0;0;0;0;0;4;1;0;0
chain;0;0;0;0;0;1;0;3;1
ceva;0;0;0;0;0;0;0;0;5
cervin;0;1;0;0;0;4;0;0;0
centre_ville;0;0;0;0;0;0;0;0;4
centraliser;0;0;0;0;0;0;2;3;0
cc;0;0;0;0;0;1;4;0;0
caviar;1;3;0;0;0;0;1;0;0
caverne;0;0;0;0;0;3;1;0;0
cata;0;0;0;0;0;1;0;1;3
cartouche;0;0;0;0;0;4;1;0;0
carnage;0;0;3;1;0;1;0;0;0
capitulation;0;0;4;0;0;0;0;1;0
cannabis;0;0;0;0;0;0;0;0;5
canicule;0;0;0;0;0;2;0;1;2
cancel;0;0;0;1;0;0;3;0;0
calmement;0;0;0;0;0;0;5;0;0
bénévole;0;0;1;0;0;0;1;1;2
bulletin;0;0;0;0;1;0;1;1;1
bulldozer;0;0;5;0;0;0;0;0;0
brévine;0;0;0;0;0;0;0;0;4
brèche;0;0;1;0;0;2;0;1;0
bruxelles;0;0;1;0;0;0;1;3;0
brin;0;0;0;0;0;1;4;0;0
bretagne;0;0;0;0;0;1;0;4;0
bravoure;0;1;0;0;0;2;1;0;1
bravooo;1;1;0;0;0;1;0;0;1
brasil;1;1;1;1;0;0;0;0;1
brandolini;0;1;0;0;1;0;3;0;0
boy;1;0;0;1;0;0;3;0;0
bousculer;0;0;0;0;0;3;2;0;0
bouillir;0;1;0;0;1;0;1;0;2
boucler;0;0;0;0;1;0;1;3;0
body;0;0;0;0;0;3;0;1;0
bled;0;0;0;0;0;0;0;5;0
blatten;0;0;0;0;0;4;0;0;0
blanchiment;0;0;0;0;0;0;0;5;0
biologiquement;0;3;0;0;0;2;0;0;0
billag;0;0;5;0;0;0;0;0;0
bienveillant;0;0;0;1;0;1;3;0;0
biaisés;0;0;0;1;0;1;2;0;0
berlin;0;0;0;1;0;0;0;0;3
bercer;0;0;0;0;0;4;0;1;0
bellevue;0;0;0;0;0;0;0;0;5
bazar;0;0;1;1;0;0;1;1;1
baver;0;0;0;1;0;3;0;1;0
basket;0;0;0;0;0;1;0;0;4
barb;1;0;4;0;0;0;0;0;0
bancomat;0;0;0;0;0;0;0;4;1
bancal;0;0;0;0;3;1;1;0;0
banal;0;0;0;0;0;1;2;1;1
ballot;0;0;0;0;0;0;3;1;1
aya;0;0;0;0;0;2;0;0;1
avertissement;0;0;0;0;0;2;1;0;2
autiste;0;0;4;0;0;1;0;0;0
authenticité;0;0;0;0;0;1;3;0;1
austérité;0;0;1;0;0;0;1;2;1
auberge;0;0;2;1;0;1;1;0;0
attachement;0;0;0;0;0;2;2;0;1
atomique;0;1;3;0;0;0;0;0;0
athlète;0;0;0;0;0;1;0;0;4
atelier;1;0;0;1;1;0;1;1;0
assisté;0;0;0;0;0;1;0;4;0
arnaquer;0;0;0;0;0;0;1;0;4
arabique;0;0;5;0;0;0;0;0;0
apte;0;0;0;0;0;2;3;0;0
appellation;0;0;2;0;0;2;0;0;1
apocalypse;0;0;2;0;0;0;0;2;1
apaiser;0;0;0;0;0;3;0;1;0
anxiogène;0;0;0;0;0;2;3;0;0
annexe;0;1;3;0;0;0;1;0;0
andrew;0;0;0;0;0;5;0;0;0
analphabète;0;0;3;0;0;1;1;0;0
aménagement;0;0;0;0;0;1;0;3;1
amer;0;0;0;0;0;1;2;1;1
alternatif;0;0;0;1;0;2;1;0;0
alpinisme;0;0;0;0;0;4;1;0;0
alléger;0;0;0;0;0;2;1;2;0
allégeance;0;0;3;0;0;0;2;0;0
allouer;0;0;0;0;0;0;0;5;0
allier;0;0;1;0;0;2;1;1;0
allergique;0;4;0;0;0;0;0;0;1
alarmant;0;0;0;0;0;0;2;1;2
alala;0;0;0;1;0;1;1;1;1
aigle;0;0;0;0;0;0;0;0;5
ahahaha;0;1;0;1;0;1;2;0;0
agricole;0;0;1;0;0;0;0;1;3
agacer;0;1;0;0;0;2;1;1;0
affectif;0;0;0;0;0;5;0;0;0
advenir;0;0;5;0;0;0;0;0;0
additif;0;1;0;0;0;0;0;0;4
acier;0;2;0;0;0;0;0;0;3
acheteur;0;0;0;0;0;0;1;2;2
acharnement;0;0;3;0;0;0;2;0;0
acceptation;0;0;1;0;0;3;1;0;0
abondance;0;0;0;0;0;2;1;0;2
abaisser;0;0;0;0;0;1;2;0;2
aaaah;0;4;0;0;0;0;0;0;0
5eme;0;0;1;0;0;2;1;0;1
50millions;0;0;0;0;0;0;0;5;0
4j;0;0;0;0;0;0;4;0;0
1h;0;0;0;0;0;2;1;1;1
1ere;0;0;0;0;0;3;1;0;1
18ans;0;0;1;0;0;0;0;1;3
17h;0;0;0;1;0;0;1;0;3
10k;0;0;0;0;0;0;0;4;1
ôter;0;0;1;0;0;1;0;0;2
éveil;0;0;0;0;0;2;2;0;0
évaluer;0;0;0;1;0;0;1;1;1
étonnamment;0;0;0;1;0;1;0;1;1
éthiopien;0;0;4;0;0;0;0;0;0
étalage;0;0;0;0;0;0;2;2;0
érotique;0;0;0;0;0;2;1;0;0
équitablement;0;0;0;0;0;1;1;1;0
épuisement;0;0;0;0;0;3;1;0;0
époux;1;0;0;0;0;3;0;0;0
épingle;0;0;0;1;0;0;1;1;1
éolien;0;0;0;0;0;0;0;2;2
énoncé;0;0;0;0;0;1;3;0;0
énième;0;0;0;0;1;0;0;3;0
émissaire;0;0;1;0;0;2;1;0;0
émetteur;0;0;0;0;0;0;1;0;3
émancipation;0;0;0;0;0;2;2;0;0
élégance;0;0;0;0;0;1;0;3;0
élan;0;0;0;0;0;0;2;2;0
élaborer;0;1;0;0;0;0;1;1;1
égout;0;0;0;0;0;1;2;0;1
égorger;0;0;0;0;0;2;1;0;0
égide;0;0;4;0;0;0;0;0;0
égarer;0;0;0;0;0;0;3;0;1
éducateur;0;0;0;1;0;0;0;2;1
écolier;0;0;0;0;1;1;1;1;0
échéant;0;0;0;0;0;2;2;0;0
échappatoire;0;0;0;0;0;3;0;0;1
écarter;0;0;0;1;0;1;1;1;0
âne;0;0;0;0;0;1;1;0;2
zurichois;0;0;0;0;0;0;0;2;2
zizanie;0;0;4;0;0;0;0;0;0
yitzhak;0;0;4;0;0;0;0;0;0
yaourt;0;0;0;0;0;1;2;1;0
yaka;0;0;0;0;0;0;0;3;1
wish;0;3;0;0;0;0;0;0;1
white;0;1;1;0;0;1;1;0;0
west;0;0;3;0;0;0;0;0;0
welcome;2;0;0;0;0;1;0;1;0
webcams;0;0;0;0;0;0;0;0;4
wealth;0;0;0;0;0;0;0;3;0
we;1;0;0;0;0;1;1;1;0
waouh;0;2;0;0;0;2;0;0;0
w;1;0;1;0;0;2;0;0;0
végétaliens;0;0;1;0;0;0;3;0;0
vpn;0;0;0;0;2;0;0;2;0
vouer;0;0;0;0;0;0;0;2;2
volontariat;0;0;0;0;0;4;0;0;0
vodka;0;3;0;0;0;0;0;0;1
visionnaire;0;0;0;0;0;1;1;0;1
vigne;0;3;0;0;0;0;0;1;0
vigilant;0;0;1;0;0;1;0;1;1
vigilance;0;0;0;0;0;1;2;0;1
vicieux;0;0;0;0;0;4;0;0;0
vexer;0;1;0;0;0;1;2;0;0
velo;0;0;0;1;0;1;1;0;1
vasy;0;0;1;0;0;1;1;0;0
vaseline;1;0;0;0;0;1;0;1;1
vanter;0;0;1;0;0;2;1;0;0
valve;0;0;0;0;0;0;0;4;0
vai;1;3;0;0;0;0;0;0;0
usual;0;0;0;1;0;2;0;1;0
uri;0;0;0;0;0;0;0;4;0
unireso;0;0;0;0;0;0;1;1;2
unifier;0;0;2;0;0;0;1;1;0
uniens;0;0;1;0;0;1;0;1;1
ultrariches;0;0;0;0;0;0;0;4;0
uape;0;0;0;0;0;2;0;1;0
tôle;0;0;0;0;0;2;1;0;1
télécharger;0;0;0;0;0;0;4;0;0
typiquement;0;0;0;0;0;0;4;0;0
tumeur;0;0;0;0;0;1;0;3;0
tsr;0;0;1;0;0;1;2;0;0
trql;0;0;0;0;0;4;0;0;0
trouer;0;0;0;0;0;0;1;3;0
tripler;0;0;0;0;0;0;0;0;4
trimer;0;0;0;0;0;1;0;3;0
tribu;0;0;0;0;0;1;2;0;0
triboélectricité;0;0;0;0;0;0;1;0;3
trembler;0;0;0;0;0;0;0;4;0
travails;0;0;0;0;0;0;1;2;0
traumatisant;0;0;1;1;0;1;0;0;0
traquer;0;1;0;0;0;2;1;0;0
transmission;0;0;0;0;0;0;0;3;1
tp;1;0;0;0;0;0;0;2;1
toxicomanie;0;0;0;0;0;1;1;1;1
tombe;0;0;1;0;0;0;1;1;0
tokyo;0;0;1;0;0;0;0;0;3
tiers_monde;0;0;0;0;0;0;2;1;1
tibet;1;0;1;0;0;0;1;0;1
thonon;0;0;0;0;0;0;0;2;2
thermodynamique;0;0;0;0;0;0;0;0;4
thaïlandais;0;0;1;0;2;1;0;0;0
thaï;0;0;0;0;3;1;0;0;0
tete;0;0;3;0;0;0;0;1;0
terroir;0;0;0;0;0;0;0;3;1
territorial;0;0;1;0;0;0;1;0;1
tente;0;0;1;0;0;2;0;0;1
temple;0;1;1;0;0;0;1;0;1
teinture;0;0;0;0;0;1;0;1;1
technologique;0;0;0;0;0;2;1;1;0
tea;0;4;0;0;0;0;0;0;0
tdf;0;0;0;0;1;1;0;2;0
taïwan;0;0;0;0;0;0;3;0;1
taupe;0;0;0;0;0;4;0;0;0
tasser;0;0;0;0;0;0;1;3;0
taré;0;0;0;0;0;3;1;0;0
tanzanie;0;0;0;0;0;0;1;1;2
tana;0;1;0;0;1;1;1;0;0
take;0;0;0;0;0;1;1;2;0
tain;0;0;0;0;0;1;0;0;2
t3rroristes;0;0;4;0;0;0;0;0;0
sévèrement;0;0;1;1;0;0;1;1;0
sénégalais;1;0;0;0;0;2;0;1;0
systémiques;0;0;0;0;0;2;0;1;1
symboliser;0;0;2;0;0;1;1;0;0
suédois;0;0;2;0;0;1;0;1;0
susceptible;0;0;1;0;0;0;3;0;0
surtaxe;0;0;0;0;0;0;0;4;0
surreprésentés;0;0;0;0;0;1;3;0;0
surreprésentation;0;0;1;0;0;1;2;0;0
surf;0;4;0;0;0;0;0;0;0
surestimer;0;0;0;0;0;0;4;0;0
supplier;1;1;0;0;0;2;0;0;0
sucré;0;0;0;0;0;0;1;0;3
sucette;0;0;0;1;0;2;1;0;0
stylistique;0;0;0;0;2;1;1;0;0
stupéfiant;0;0;0;0;0;1;3;0;0
stream;0;0;0;0;0;0;1;0;2
stpl;0;3;0;0;0;0;0;0;1
ste;0;0;4;0;0;0;0;0;0
starbucks;0;0;1;0;0;0;1;0;2
stand;0;0;0;1;0;1;1;0;1
stagnation;0;0;0;0;0;0;0;1;3
sst;0;0;1;0;0;1;1;0;0
sse;0;0;0;0;0;2;0;1;1
ss;0;0;1;0;0;0;3;0;0
spécialisé;0;0;0;1;0;1;0;2;0
spot;0;1;0;0;0;0;2;1;0
sponsor;0;0;0;2;0;0;2;0;0
spirale;0;0;0;0;0;0;0;1;3
sphère;0;0;0;0;0;2;1;1;0
soviétique;0;0;3;0;0;0;1;0;0
souterrain;0;0;0;0;0;0;0;0;4
soute;0;0;0;0;0;3;0;1;0
soupçon;0;0;1;0;0;0;1;0;1
souffrant;0;0;0;1;0;1;2;0;0
solliciter;0;0;1;0;0;2;1;0;0
snapchat;0;0;0;0;0;0;1;3;0
snap;0;4;0;0;0;0;0;0;0
slutshaming;0;0;0;0;0;4;0;0;0
skieur;0;0;0;0;0;0;0;0;4
sinistre;0;0;0;0;0;0;0;2;1
simplet;0;1;0;0;0;1;2;0;0
sig;0;2;0;1;0;0;1;0;0
siemens;0;0;1;0;0;1;1;0;0
shutdown;0;0;0;0;0;1;2;0;0
sharon;0;0;4;0;0;0;0;0;0
shame;1;0;0;1;2;0;0;0;0
sex;0;0;0;0;0;2;0;0;1
session;0;1;0;0;1;0;2;0;0
serviette;0;0;0;0;0;2;0;0;2
serment;0;0;0;2;0;0;2;0;0
sensation;0;0;0;0;0;2;1;0;1
secrétaire;0;0;2;0;0;0;1;1;0
seco;0;0;0;0;0;0;0;4;0
scrupule;0;0;1;0;0;0;0;3;0
scoop;0;4;0;0;0;0;0;0;0
schwyz;0;0;0;0;0;0;0;3;1
saouler;0;0;2;0;0;2;0;0;0
sandra;0;4;0;0;0;0;0;0;0
salade;0;0;1;0;0;0;0;1;2
saigner;0;0;0;0;0;0;0;4;0
sagesse;0;0;1;0;0;1;1;1;0
sabra;0;0;3;0;0;0;0;0;0
saboter;0;0;0;2;0;0;1;0;1
rééquilibrer;0;0;0;0;0;2;0;2;0
révélateur;0;0;0;0;0;2;2;0;0
réservoir;0;0;0;0;0;0;0;1;3
répéte;0;0;0;0;0;2;1;0;0
répressif;0;0;0;0;0;0;3;1;0
répit;1;0;0;0;0;0;2;0;1
réinsertion;0;0;0;0;0;1;0;3;0
régional;0;0;1;0;0;0;0;0;3
rédactionnel;0;0;0;0;2;1;1;0;0
récurrent;0;0;0;0;0;1;1;1;1
réclamation;0;0;0;0;0;3;1;0;0
réciproque;0;1;1;0;0;1;0;1;0
réception;0;0;0;0;0;1;1;2;0
réalisme;0;0;0;0;0;0;2;1;1
râleur;0;1;0;0;0;0;1;1;1
rude;0;0;0;0;0;1;0;2;1
rtsinfo;0;0;1;0;0;1;2;0;0
routine;0;0;1;0;0;2;0;1;0
ronger;0;0;1;0;0;2;0;1;0
ronde;0;1;0;0;0;1;1;0;0
roche;0;0;0;0;0;0;0;1;3
robe;0;0;0;0;0;1;1;0;1
riviera;0;0;2;0;0;0;0;1;1
ristes;0;0;4;0;0;0;0;0;0
rhône;0;1;0;0;0;1;1;1;0
revêtir;0;0;0;0;0;0;3;0;1
revivre;0;0;1;0;0;0;1;1;1
retrancher;0;0;0;2;0;1;1;0;0
retoucher;0;0;0;0;0;0;2;0;2
retenue;0;0;4;0;0;0;0;0;0
restitution;0;0;2;0;0;1;1;0;0
restaurer;0;0;0;0;0;2;2;0;0
repère;0;1;0;0;0;1;2;0;0
repli;0;0;0;0;0;1;2;1;0
renouvelables;0;0;0;0;0;0;0;0;4
renouveau;0;0;0;0;0;2;1;1;0
rengaine;0;0;1;0;0;1;2;0;0
renforcement;0;0;0;0;0;0;0;3;1
renflouer;0;0;0;0;0;0;0;2;2
remarque;0;0;1;0;0;0;2;0;1
remake;0;0;1;0;0;0;1;0;1
rek;3;0;0;0;0;0;0;0;0
region;0;0;4;0;0;0;0;0;0
regime;0;0;0;0;0;0;0;2;1
regagner;0;1;0;0;0;1;2;0;0
reformuler;0;0;0;1;0;0;3;0;0
ref;3;0;0;0;0;0;1;0;0
redéfinir;0;0;1;0;0;1;2;0;0
reduire;0;0;0;0;0;0;1;1;1
reconversion;0;0;0;0;0;0;0;3;1
reconnecter;0;0;0;0;0;3;1;0;0
reconnait;0;0;3;0;0;0;1;0;0
re33;0;4;0;0;0;0;0;0;0
ravage;0;0;3;0;0;0;0;0;1
rapatrier;0;0;2;0;0;0;1;1;0
rapace;0;0;0;0;0;0;0;1;3
ramper;0;0;0;0;0;2;2;0;0
rambo;0;2;0;0;0;1;1;0;0
ralenti;0;0;0;0;0;4;0;0;0
radin;0;0;0;0;0;0;0;3;1
radicalisation;0;0;3;0;0;0;1;0;0
racoleur;0;0;0;0;0;1;2;0;1
racisées;0;0;0;4;0;0;0;0;0
racisée;0;0;0;0;0;2;1;0;0
quête;0;1;0;0;0;2;1;0;0
quoiqu;0;0;1;1;0;2;0;0;0
questionnement;0;0;0;0;0;1;2;1;0
quarantaine;0;0;2;0;0;0;0;2;0
qqchose;0;0;0;0;0;2;1;0;1
péril;0;0;0;1;0;0;0;1;2
pépite;0;0;0;0;0;0;3;0;0
putin;0;0;0;0;0;3;1;0;0
pudeur;0;0;0;0;0;3;1;0;0
puce;0;0;0;0;0;4;0;0;0
puant;0;0;0;0;0;1;2;1;0
ptits;0;0;0;0;0;1;0;1;2
ptdrrr;0;0;1;0;0;1;1;1;0
prêtre;0;0;2;0;0;0;2;0;0
prévalence;0;0;0;0;0;3;1;0;0
prétendant;0;0;0;1;0;2;1;0;0
présider;0;0;1;0;0;0;2;1;0
présidence;0;0;0;2;0;0;2;0;0
précaution;0;0;0;0;0;0;4;0;0
provocateur;0;0;0;0;0;0;4;0;0
prothèse;0;0;0;0;0;1;2;1;0
protagoniste;0;0;0;0;0;0;2;1;0
prospère;0;0;2;0;0;1;0;1;0
proprio;1;0;0;0;0;1;0;1;0
propreté;0;0;0;0;0;1;0;1;2
pronom;0;0;0;0;0;0;3;0;0
promoteur;0;0;1;0;0;0;0;2;1
promo;0;0;0;0;0;1;1;1;0
promis;0;1;2;0;0;1;0;0;0
projectile;0;0;0;4;0;0;0;0;0
proie;0;0;0;1;0;2;0;0;1
programmation;0;0;0;0;3;1;0;0;0
profiler;0;1;2;0;0;0;1;0;0
priser;0;0;0;0;0;3;1;0;0
primitif;0;0;0;0;0;4;0;0;0
primer;0;0;0;4;0;0;0;0;0
ppsdm;0;0;0;0;0;0;2;1;0
poulpe;0;0;1;0;0;1;0;1;1
pou;0;0;2;0;0;2;0;0;0
potter;0;0;0;0;0;0;3;0;1
postal;0;0;0;0;0;0;1;2;1
possiblement;0;0;0;0;0;2;1;0;1
porteur;0;0;0;0;0;1;3;0;0
porrentruy;0;3;0;0;0;0;0;0;1
populariser;0;0;1;0;0;0;1;1;1
polo;0;0;0;0;0;1;0;1;2
poliment;0;0;0;0;0;0;4;0;0
poli;0;0;0;0;0;1;2;1;0
poir;0;0;0;0;0;0;3;1;0
poignarder;0;0;0;0;0;3;0;0;1
poignant;1;0;2;0;0;1;0;0;0
po;0;0;1;0;0;2;1;0;0
pm;0;0;0;0;0;0;0;1;3
plume;0;0;0;0;0;3;0;0;1
pli;0;1;0;1;0;0;0;2;0
platistes;0;0;0;0;0;2;2;0;0
planer;0;0;1;0;0;0;1;0;1
plaisanterie;1;0;0;0;0;1;1;0;1
pizza;0;2;0;0;0;0;1;0;1
pipi;0;3;1;0;0;0;0;0;0
pipe;1;2;0;0;0;0;0;1;0
phénoménal;0;0;0;0;0;2;0;1;0
pharmas;0;0;0;0;0;0;0;4;0
pfas;0;0;0;0;0;0;2;0;1
pessimiste;0;3;0;0;0;0;0;1;0
pesant;0;0;0;0;0;2;1;1;0
perversion;0;0;0;0;0;4;0;0;0
pervers;0;0;0;0;0;1;1;2;0
perturbateur;0;0;0;0;0;0;0;0;4
perfection;0;0;0;0;1;1;1;1;0
percher;0;0;0;0;0;0;4;0;0
pendule;0;0;0;0;0;0;0;4;0
pendulaires;0;0;0;0;0;0;0;1;3
pelle;0;0;0;0;0;1;0;2;1
pelice;4;0;0;0;0;0;0;0;0
pedocriminels;0;0;0;2;0;2;0;0;0
paz;1;1;0;0;0;1;0;1;0
pay;0;0;0;0;0;2;2;0;0
patin;0;4;0;0;0;0;0;0;0
passivité;0;0;1;1;0;0;1;1;0
passe_droit;0;0;0;0;1;0;2;1;0
passant;0;0;0;1;0;0;0;2;1
paroxysme;0;0;3;0;0;1;0;0;0
parkinson;0;0;0;0;0;0;1;2;1
paresseux;0;0;0;0;0;1;2;1;0
parenthèse;0;0;0;0;0;3;1;0;0
parcontre;0;0;0;0;0;1;0;1;2
papy;0;0;0;3;0;0;1;0;0
paniquer;0;0;0;0;0;2;2;0;0
palos;0;0;4;0;0;0;0;0;0
palme;0;0;1;0;1;1;0;0;1
pacotille;0;0;1;0;0;2;0;0;1
p0rno;0;0;0;0;0;4;0;0;0
oxygène;0;3;0;0;0;0;0;0;1
overton;0;0;0;0;0;0;4;0;0
ouïr;0;1;1;0;0;1;1;0;0
ouïgours;0;0;2;1;0;0;1;0;0
originel;0;0;1;0;0;1;0;1;1
oreillette;0;2;0;0;0;0;0;1;1
oqtf;0;0;1;0;0;1;1;0;1
olala;0;0;3;0;0;1;0;0;0
oke;0;0;0;1;0;0;1;1;1
ohh;0;0;2;0;0;0;2;0;0
ofsp;0;0;0;0;0;0;0;4;0
oe;0;0;0;0;0;2;0;1;1
occupant;0;0;3;0;0;0;0;1;0
obus;1;0;1;0;0;1;0;0;0
obstiner;0;0;1;1;0;1;1;0;0
observation;0;0;2;0;0;0;2;0;0
néo;0;0;2;0;0;2;0;0;0
négliger;1;1;0;0;0;1;0;1;0
nyon;0;1;0;0;0;0;1;0;2
nuque;0;0;0;0;0;0;0;1;3
nullement;0;0;0;0;0;2;1;1;0
nuisible;0;0;0;1;1;0;0;2;0
nuancer;0;0;0;0;0;1;2;1;0
nova;0;0;4;0;0;0;0;0;0
nordique;0;0;0;0;0;0;0;4;0
noooooon;1;2;0;0;0;0;1;0;0
nominer;0;2;0;0;0;0;2;0;0
noeud;0;0;0;0;0;0;3;1;0
noblesse;0;0;0;1;0;0;1;2;0
noah;2;0;0;0;0;1;1;0;0
niveler;0;0;0;0;1;0;0;3;0
niquel;1;1;0;0;0;0;2;0;0
nike;0;0;0;0;0;2;0;0;1
nigéria;0;0;3;0;0;0;0;0;0
nico;1;0;0;0;0;1;0;1;1
new_yorkais;0;0;1;0;0;1;1;1;0
neuchâtelois;0;0;0;0;0;1;0;2;0
ndoye;4;0;0;0;0;0;0;0;0
naze;0;0;0;0;0;0;1;0;3
natel;0;0;0;0;0;1;1;1;1
natal;0;1;1;0;1;0;1;0;0
nasser;0;0;3;0;0;1;0;0;0
narco;0;0;2;0;0;0;1;1;0
nait;0;0;0;0;0;2;0;2;0
nacelle;0;0;0;0;0;0;0;0;4
mûr;0;0;0;0;0;1;0;1;2
météorologique;0;0;0;0;0;0;0;1;3
méta;0;0;0;0;0;4;0;0;0
méfiance;0;0;1;0;0;0;1;1;0
médiéval;0;1;0;0;0;1;1;0;1
médiation;0;0;2;0;0;0;2;0;0
myanmar;0;0;2;0;0;0;0;1;1
mutuellement;0;0;2;0;0;0;1;1;0
mutualité;0;0;0;0;0;1;0;2;1
mussolini;0;0;2;0;0;0;0;1;0
mun;0;0;0;0;0;0;0;4;0
msc;0;0;0;0;0;0;0;4;0
mp;0;0;0;0;0;2;1;1;0
moyennement;0;0;1;0;1;0;1;0;1
moyen_âge;0;0;0;0;0;3;0;0;1
mouvance;0;0;4;0;0;0;0;0;0
moutarde;0;1;0;0;0;0;2;0;1
mourrir;0;1;0;1;0;0;0;1;1
motivant;0;1;0;0;0;3;0;0;0
more;0;0;0;0;0;0;4;0;0
moralisme;0;0;0;0;0;0;1;0;2
moraliser;0;0;0;0;0;0;3;0;1
monumental;0;0;0;0;0;3;0;0;0
montessori;0;1;0;0;0;2;0;0;1
moitié_moitié;0;4;0;0;0;0;0;0;0
moine;0;0;0;0;0;0;1;1;2
mohammed;0;0;1;0;0;0;1;1;1
mobile;0;0;0;1;0;1;0;2;0
mixte;0;1;0;1;0;1;0;1;0
minerai;0;0;2;0;0;1;0;0;1
mimi;1;0;2;0;0;0;0;1;0
militariser;0;0;3;0;0;1;0;0;0
migrateur;0;0;0;0;0;0;0;0;4
mesurable;0;0;0;0;0;0;3;0;1
merveilleusement;1;1;0;0;0;2;0;0;0
merite;0;3;0;0;0;0;0;0;1
merino;0;0;0;0;0;1;0;1;2
mere;0;0;0;0;0;1;0;2;1
merdier;0;1;1;0;0;2;0;0;0
merder;0;0;1;0;0;0;2;0;0
merciiii;0;2;0;0;0;1;0;0;1
menotte;0;1;0;0;0;3;0;0;0
menaçant;0;0;1;0;0;0;1;2;0
median;0;0;0;0;0;1;1;2;0
maximiser;0;0;1;0;0;1;0;2;0
maudit;0;4;0;0;0;0;0;0;0
maudet;0;0;1;0;0;2;0;0;1
maturité;0;0;0;0;0;4;0;0;0
maría;0;0;4;0;0;0;0;0;0
martyriser;0;0;4;0;0;0;0;0;0
martigny;0;3;0;0;0;0;0;0;1
marron;0;0;0;0;0;1;0;0;3
maritime;0;0;2;0;0;0;0;0;2
marionnette;0;0;2;0;0;1;1;0;0
marco;2;0;1;0;0;0;1;0;0
marchandise;0;0;1;0;0;0;1;0;2
mao;0;0;3;0;0;0;1;0;0
manipulable;0;0;0;0;0;2;1;1;0
mangue;0;0;0;0;0;3;0;0;0
magnifiquement;1;1;0;0;0;1;1;0;0
maghrébin;0;0;0;0;0;0;2;1;1
mage;0;3;0;0;0;0;1;0;0
machiavélique;0;0;1;0;0;2;0;1;0
machette;0;0;3;0;0;1;0;0;0
macaron;0;0;0;0;0;4;0;0;0
lésion;0;0;1;0;0;1;1;0;1
léon;2;1;0;0;0;0;0;0;1
légèreté;0;2;0;0;0;1;0;0;1
légendaire;1;0;0;1;0;1;1;0;0
luisier;0;4;0;0;0;0;0;0;0
lucidité;0;0;0;0;0;1;3;0;0
loti;0;0;0;0;0;2;1;1;0
loterie;0;0;0;0;0;0;0;4;0
look;0;0;0;0;0;3;1;0;0
longuement;0;0;0;0;0;2;0;0;2
logiciel;0;0;1;0;0;1;2;0;0
loge;0;0;0;0;0;1;1;2;0
lobbyiste;0;0;0;0;0;1;1;1;1
linux;0;0;1;0;0;0;2;1;0
liker;0;2;1;0;0;0;1;0;0
licite;0;0;0;2;0;1;1;0;0
libye;0;0;4;0;0;0;0;0;0
librairie;0;0;0;0;0;1;1;0;2
liberalisme;0;0;0;0;0;0;2;2;0
liaison;0;0;0;0;0;0;0;0;4
lgbtq;0;0;0;0;0;3;1;0;0
let;4;0;0;0;0;0;0;0;0
leclerc;2;0;0;0;0;1;0;0;1
laxisme;0;0;0;0;0;1;2;1;0
lassant;0;0;1;0;0;1;1;1;0
larguer;0;0;3;0;0;0;0;1;0
lancement;0;0;3;0;0;0;0;1;0
laitier;0;0;0;0;0;0;0;0;4
lai;0;0;0;0;0;1;1;0;2
lactose;0;1;0;0;0;0;0;0;3
laa;0;0;0;0;0;0;0;4;0
kérosène;0;0;0;0;0;1;0;1;1
kruger;0;0;0;0;0;0;4;0;0
ki;3;1;0;0;0;0;0;0;0
kg;0;1;0;0;0;0;0;0;2
kermesse;0;0;0;0;0;0;0;0;4
kaka;0;0;3;0;0;0;1;0;0
kabylie;0;0;1;0;0;0;2;0;0
ka;0;0;0;0;0;0;1;1;2
justifies;0;0;4;0;0;0;0;0;0
jusqu_aux;0;0;0;1;0;0;1;0;1
jus;0;0;1;0;0;0;0;0;3
juridiquement;0;0;1;0;0;1;2;0;0
jk;0;0;0;0;0;0;4;0;0
istanbul;2;0;1;0;0;0;0;1;0
israëlien;0;0;4;0;0;0;0;0;0
isr;0;0;3;0;0;1;0;0;0
islamophobe;0;0;2;0;0;0;2;0;0
islamo;0;0;4;0;0;0;0;0;0
isabelle;0;0;1;0;0;3;0;0;0
irréversible;0;0;0;0;0;1;1;0;2
iptv;0;0;0;0;0;0;0;4;0
iphone;0;0;0;0;0;0;0;0;4
inévitable;0;0;0;0;0;0;2;2;0
invasif;0;0;0;0;0;3;0;0;1
intégralité;0;0;2;1;0;1;0;0;0
intuition;0;0;0;0;0;0;4;0;0
intolérant;0;0;1;0;0;1;1;0;1
intimider;0;0;1;1;0;1;1;0;0
interprète;0;0;0;0;3;0;1;0;0
intermittent;0;0;0;0;0;0;3;1;0
interminable;0;0;3;1;0;0;0;0;0
interlocuteur;0;0;0;0;0;4;0;0;0
intellect;0;0;0;2;0;0;1;0;0
insurger;0;0;1;1;0;0;2;0;0
instruire;0;0;2;0;0;2;0;0;0
instinct;0;0;0;0;0;4;0;0;0
instantané;0;0;0;1;0;0;1;0;2
ingénierie;0;1;0;0;0;0;2;0;1
influer;0;0;0;0;1;0;0;1;1
indéterminé;0;0;1;1;0;0;2;0;0
individualiste;0;0;0;0;0;3;0;1;0
indemniser;0;0;0;1;0;1;0;2;0
incontrôlé;0;0;0;0;0;0;0;2;2
inconfortable;0;0;0;0;0;1;0;0;3
incompétence;0;0;0;0;0;0;3;1;0
incompatible;0;0;3;0;0;0;0;0;1
incomber;0;0;0;0;0;2;2;0;0
incivilités;0;1;0;0;0;2;0;1;0
incarné;0;0;1;0;0;2;1;0;0
impérativement;0;0;0;0;0;0;1;2;1
impératif;0;0;3;0;0;1;0;0;0
impulsif;0;0;0;0;0;0;4;0;0
impuissant;0;0;3;0;0;1;0;0;0
implanter;0;0;0;0;0;0;1;3;0
implantation;0;0;0;0;0;2;0;0;2
impacter;1;0;0;0;0;0;0;2;1
impactent;0;0;0;0;0;0;0;3;1
impactant;0;0;0;0;0;0;1;1;2
imp;0;2;0;1;0;1;0;0;0
immortalité;0;0;0;0;0;0;1;3;0
ignominie;0;0;3;0;0;0;0;1;0
id;0;0;4;0;0;0;0;0;0
iberia;0;0;1;0;0;2;1;0;0
hétérosexuel;0;0;0;0;0;3;1;0;0
hélicoptère;0;0;1;0;0;0;1;1;1
héberger;0;0;0;0;0;1;1;2;0
hypothétique;0;0;0;0;0;3;0;1;0
hypothermie;0;0;1;2;0;0;0;0;1
hymne;0;0;0;0;3;0;0;0;1
hunters;0;0;0;0;0;1;3;0;0
hs;0;1;1;0;0;0;0;0;2
hostilité;0;0;3;0;0;1;0;0;0
hostel;0;0;0;0;0;0;4;0;0
hope;2;0;0;0;0;0;1;0;1
honoraire;0;0;0;0;0;0;0;4;0
hong_kong;0;0;0;0;0;0;0;0;4
hobby;0;2;0;1;0;0;1;0;0
hms;0;0;4;0;0;0;0;0;0
hivernal;0;1;0;0;0;0;1;0;2
heurter;0;0;1;0;0;2;1;0;0
helvète;1;0;0;0;0;1;0;0;2
helsana;0;0;0;0;0;0;0;4;0
help;0;3;0;1;0;0;0;0;0
hautement;0;0;0;0;0;0;3;0;1
hate;0;4;0;0;0;0;0;0;0
hasardeux;0;0;0;0;1;1;0;2;0
harcelement;0;0;0;0;0;2;2;0;0
happy;1;1;0;0;0;0;1;0;0
hammas;1;0;3;0;0;0;0;0;0
géopolitiques;0;0;0;0;0;0;0;1;3
générique;0;0;0;0;0;0;0;1;3
généralisation;0;0;0;0;0;0;1;3;0
gène;0;0;0;0;0;2;2;0;0
gynécologue;0;0;0;0;0;0;0;4;0
gymnase;0;0;0;0;0;1;0;0;3
gva;0;0;0;0;0;0;0;0;4
guise;0;0;2;1;0;0;1;0;0
guider;0;0;0;0;0;1;3;0;0
gue;0;0;4;0;0;0;0;0;0
groupuscule;0;0;2;2;0;0;0;0;0
grièvement;0;0;1;0;0;0;0;2;1
grillé;0;0;3;0;0;0;0;0;1
grenoble;0;0;0;2;0;0;1;0;1
gravissime;0;0;1;0;0;1;2;0;0
graver;0;0;0;0;0;0;4;0;0
graffiti;0;0;0;1;0;1;0;1;1
gouvernance;0;0;1;0;0;0;2;0;1
gourion;0;0;3;0;0;0;1;0;0
gorge;0;3;0;0;0;0;0;0;1
gogh;3;0;0;0;0;1;0;0;0
gober;0;0;1;1;0;0;2;0;0
globalistes;0;0;1;0;0;0;2;0;0
globales;0;0;0;0;0;0;0;0;4
geule;0;1;1;1;0;0;1;0;0
gentillement;0;0;0;1;0;1;2;0;0
geler;0;0;0;0;0;0;0;2;2
gas;0;1;0;0;0;2;0;1;0
garer;0;1;0;0;0;0;0;0;3
garderie;0;1;0;0;0;2;0;1;0
garant;0;0;2;1;0;0;0;1;0
galerie;0;0;0;0;0;0;0;0;4
fur_et_à_mesure;0;0;0;0;0;1;2;0;1
froisser;0;0;2;0;0;0;0;1;0
freedom;0;0;2;0;0;1;0;0;0
fraudeur;0;0;0;0;0;0;0;0;4
fragment;0;0;0;0;0;0;4;0;0
fragilité;0;0;0;0;0;1;1;2;0
fraction;0;0;2;1;0;0;0;0;1
foundation;0;0;2;0;0;1;0;1;0
foudre;0;0;1;0;0;0;3;0;0
fortnite;0;4;0;0;0;0;0;0;0
formateur;0;0;0;0;0;2;0;2;0
fondamentalement;0;0;0;0;0;2;2;0;0
foncier;0;0;1;0;0;0;0;2;0
foire;1;1;1;0;0;0;0;0;1
fn;0;0;0;0;0;1;1;1;0
fmh;0;0;0;0;0;0;0;4;0
flûte;0;0;0;0;0;0;1;1;1
flèche;0;0;0;0;0;0;1;1;2
fluide;0;0;1;0;1;0;0;0;2
flotte;0;0;0;1;0;0;0;0;3
flexibilité;0;0;0;0;0;2;0;1;1
flan;0;0;3;0;0;0;1;0;0
first;0;0;1;0;0;0;0;1;2
figurer;0;0;0;0;0;2;0;2;0
ficelle;1;0;1;0;0;2;0;0;0
fervent;0;0;0;0;0;0;4;0;0
fertilité;0;0;0;0;0;1;1;1;1
fertile;0;0;1;0;0;1;0;1;1
fermé;0;0;0;0;0;1;3;0;0
fermement;0;0;3;0;0;0;0;0;1
fendre;0;4;0;0;0;0;0;0;0
faîtes;0;0;1;0;0;1;1;1;0
faudrais;0;0;2;0;0;0;0;1;1
faudrai;0;0;1;0;0;1;0;2;0
faramineux;0;0;0;0;0;0;0;4;0
facon;0;0;1;0;0;0;0;0;3
facher;0;0;4;0;0;0;0;0;0
fa;0;1;0;0;0;3;0;0;0
extinction;0;0;0;0;0;3;1;0;0
explicitement;0;0;3;0;0;1;0;0;0
expat;0;0;0;0;0;0;2;2;0
expansion;0;0;2;0;0;0;0;0;1
exhaustif;0;0;0;0;0;2;2;0;0
excessivement;0;0;0;0;0;0;1;2;1
establishment;0;0;0;0;0;1;3;0;0
escroc;0;2;0;0;0;2;0;0;0
escalader;0;0;0;4;0;0;0;0;0
errant;0;0;0;0;0;3;0;1;0
epfl;0;0;0;0;1;0;3;0;0
envier;0;0;1;0;0;0;2;1;0
entrave;0;0;0;1;0;1;0;0;2
ennuyant;0;0;0;0;0;4;0;0;0
english;0;0;1;0;1;0;1;0;0
endocrinien;0;0;0;0;0;0;0;0;4
encombrer;0;0;1;0;0;1;0;0;2
enclave;1;0;3;0;0;0;0;0;0
emji_vélo;0;1;0;0;0;0;0;0;3
emji_visage_ébahi;3;1;0;0;0;0;0;0;0
emji_visage_qui_bave;1;1;1;0;0;0;1;0;0
emji_visage_faisant_un_bisou_avec_les_yeux_fermés;0;0;0;0;0;1;1;1;0
emji_visage_dans_les_nuages;0;3;1;0;0;0;0;0;0
emji_visage_avec_masque;0;0;0;4;0;0;0;0;0
emji_tête_de_chien;0;2;0;0;0;0;1;0;1
emji_surfeur;1;1;0;0;0;0;1;0;1
emji_signe_de_la_main_peau_claire;0;0;0;0;0;1;2;0;0
emji_seringue;0;1;0;0;0;2;0;0;0
emji_père_noël_peau_claire;4;0;0;0;0;0;0;0;0
emji_pouce_vers_le_bas_peau_moyennement_claire;0;0;1;0;0;1;0;1;1
emji_pieuvre;2;1;0;0;0;0;0;0;0
emji_perroquet;0;1;0;0;0;1;1;0;1
emji_paume_contre_paume_doigts_vers_le_haut;1;1;1;0;0;0;0;0;0
emji_main_levée;0;0;3;0;0;0;0;1;0
emji_main_avec_index_pointant_à_gauche;0;3;0;1;0;0;0;0;0
emji_icône_poubelle;0;0;1;0;0;1;0;0;1
emji_homme_qui_hausse_les_épaules_peau_foncée;0;0;2;0;0;0;1;1;0
emji_haute_tension;0;0;0;0;0;0;0;1;2
emji_graphique_en_hausse;2;0;0;0;0;0;0;1;1
emji_globe_tourné_sur_les_amériques;3;0;0;0;0;0;0;0;1
emji_femme_paume_vers_le_haut_peau_moyennement_claire;0;0;4;0;0;0;0;0;0
emji_couteau_de_cuisine;1;0;1;1;0;0;0;0;0
emji_coeur_avec_ruban;4;0;0;0;0;0;0;0;0
emji_chat;1;1;0;0;0;1;0;0;0
emji_caméra;3;0;0;0;0;0;1;0;0
emji_cadeau;2;1;0;0;0;1;0;0;0
emji_bourgeon;3;0;0;0;0;1;0;0;0
emji_banque;0;0;0;0;0;0;1;3;0
emji_avion;0;3;0;0;0;0;0;1;0
emji_alien;3;0;0;1;0;0;0;0;0
emballage;0;0;0;0;1;0;0;0;3
eldorado;0;0;0;0;0;0;2;1;1
einstein;0;0;2;0;0;0;1;1;0
efforcer;0;0;2;0;0;1;0;1;0
efficience;0;0;0;1;0;0;0;3;0
efficacement;0;0;1;0;0;1;0;1;1
education;0;0;0;0;0;3;0;0;0
edt;0;0;0;0;0;0;0;3;1
ed;0;0;1;0;0;1;2;0;0
east;1;0;2;0;0;0;0;0;0
détracteur;0;0;0;1;0;0;1;1;0
détournement;0;1;1;0;0;1;0;1;0
détecter;0;0;0;0;0;1;1;0;2
désordre;0;0;1;2;0;1;0;0;0
déso;0;0;0;0;0;2;0;1;0
désillusion;0;0;0;0;0;2;2;0;0
déshumaniser;0;0;2;0;0;2;0;0;0
déshumanisation;0;0;2;0;0;1;1;0;0
désespoir;0;0;1;0;0;2;0;0;1
désabonne;0;3;1;0;0;0;0;0;0
dépénalisation;0;0;0;0;0;0;0;3;1
dépuis;0;0;2;0;0;0;1;1;0
dépourvu;0;0;0;0;0;0;4;0;0
déodorant;0;2;0;0;0;1;0;0;1
dénominateur;0;0;0;0;0;2;2;0;0
délivrer;0;1;1;1;0;0;1;0;0
délibérément;0;1;1;0;0;1;1;0;0
déja;0;0;3;0;0;0;1;0;0
dégoute;0;0;0;0;0;2;1;1;0
défouler;0;0;0;2;0;2;0;0;0
défini;0;0;1;0;0;0;1;2;0
défier;0;0;1;1;0;0;2;0;0
dédouaner;0;0;0;0;0;4;0;0;0
décourageant;0;0;0;0;0;0;0;4;0
déconseiller;0;0;0;1;0;1;1;1;0
déco;0;0;0;0;0;0;1;0;2
décliner;0;0;0;0;0;0;1;1;2
déchiqueter;0;0;4;0;0;0;0;0;0
déchiffrer;0;0;0;0;0;0;4;0;0
décemment;0;0;0;0;0;0;0;4;0
débourser;0;0;0;0;0;1;0;0;3
déboucher;0;0;0;1;0;0;0;1;2
dutout;0;1;1;0;0;1;0;1;0
durement;0;0;1;0;0;1;0;2;0
dunning;0;0;0;0;0;0;4;0;0
drôlement;0;2;1;0;0;0;0;0;0
dreyfus;0;0;2;0;0;1;0;0;0
drama;0;0;0;0;0;2;0;0;1
draguer;0;0;0;0;0;4;0;0;0
doudoune;0;0;0;0;0;2;0;0;2
doublement;0;1;1;0;0;0;0;1;1
doter;0;0;1;0;0;3;0;0;0
doser;0;0;0;0;0;1;0;2;1
dorénavant;0;0;0;0;3;0;1;0;0
donateur;0;0;0;0;0;0;3;0;0
doctrine;0;0;1;0;0;1;0;1;1
division;0;0;1;0;0;1;1;1;0
distraction;0;0;0;0;0;0;0;0;4
distorsion;0;0;1;0;0;0;0;3;0
distinct;0;0;0;0;1;0;3;0;0
dissonance;0;0;0;0;0;1;3;0;0
diplomate;0;0;0;0;2;0;1;1;0
diesel;0;1;0;0;0;0;0;0;3
dictée;0;0;1;0;0;1;2;0;0
dictat;0;0;0;0;0;4;0;0;0
diagnostique;0;0;0;0;0;3;1;0;0
developpement;0;0;0;0;0;0;1;2;0
detruit;0;0;0;0;0;2;0;0;1
designer;0;0;0;0;0;0;4;0;0
descendance;0;0;0;0;0;0;2;1;1
dermatologue;0;0;0;0;0;0;0;2;2
democratie;0;0;3;0;0;1;0;0;0
demi_tarif;0;0;0;0;0;0;0;0;4
demi_million;0;0;0;0;0;0;0;4;0
delocaliser;0;0;0;0;0;0;0;4;0
dej;1;1;0;0;0;1;0;0;1
definition;0;1;0;0;0;0;2;1;0
deep;0;0;0;0;0;1;3;0;0
day;4;0;0;0;0;0;0;0;0
davos;0;1;0;0;0;0;2;1;0
daigner;0;0;0;0;0;2;0;1;1
côtoyer;0;0;0;0;2;2;0;0;0
cétose;0;0;0;0;0;1;1;0;2
cyber;0;0;0;0;1;2;0;0;0
cursus;0;0;0;0;0;1;0;1;1
culotté;0;0;0;0;0;2;2;0;0
cuir;0;3;0;0;0;0;0;1;0
cryptomonnaie;0;0;0;0;0;0;0;4;0
crouler;0;0;0;0;0;1;0;3;0
croisé;0;0;2;0;0;2;0;0;0
cristo;0;0;0;4;0;0;0;0;0
crimée;0;0;4;0;0;0;0;0;0
cramer;0;0;0;0;0;1;1;1;1
cr;0;0;1;0;0;1;1;1;0
coïncidence;0;0;0;2;0;1;1;0;0
covoiturage;0;3;0;0;0;0;0;1;0
covering;0;0;4;0;0;0;0;0;0
cout;0;0;0;0;0;0;0;4;0
coureur;0;0;0;0;0;2;0;1;0
coudre;0;0;0;0;0;0;1;0;3
coton;0;0;0;0;0;0;0;0;4
cosmétique;0;0;0;0;0;0;0;0;4
convenablement;0;0;0;0;0;2;0;0;1
contrebande;0;0;1;0;0;1;0;1;1
conte;0;0;1;1;0;0;1;0;1
consumérisme;0;0;0;0;0;0;0;0;4
considérablement;0;0;0;0;0;1;1;1;1
connaitre;0;0;0;0;1;1;2;0;0
conjugaison;0;0;0;1;1;1;1;0;0
congelé;0;0;0;0;0;1;0;1;2
confrontation;0;0;0;2;0;0;1;0;1
confirmé;0;0;3;0;0;0;1;0;0
confirmation;0;0;0;0;0;0;4;0;0
concurrent;0;0;0;0;0;1;2;1;0
concorder;0;0;2;0;0;1;0;0;1
comte;0;2;0;1;0;0;1;0;0
coms;0;0;0;1;0;0;0;2;1
compromettre;0;0;3;0;0;0;1;0;0
completement;0;0;1;0;0;0;2;1;0
compensation;0;0;0;0;0;2;1;1;0
compatir;0;0;0;0;0;3;1;0;0
comparatif;0;0;1;0;0;1;1;1;0
communal;0;0;0;0;0;0;0;4;0
commentateur;0;1;0;0;0;2;0;1;0
combo;0;0;0;0;0;0;0;2;2
combine;0;0;1;0;0;1;0;1;1
comando;0;0;3;0;0;0;1;0;0
cologny;0;0;0;0;0;0;0;0;4
collier;0;0;0;1;0;2;1;0;0
collecte;0;0;1;0;0;1;0;1;1
collabo;0;0;3;0;0;0;1;0;0
col;0;0;3;0;0;1;0;0;0
coercitif;0;0;0;2;0;1;1;0;0
coalition;0;0;4;0;0;0;0;0;0
cnn;0;1;3;0;0;0;0;0;0
clinique;0;0;0;0;0;1;1;2;0
clin;0;1;0;0;0;0;3;0;0
climatosceptique;0;1;0;0;0;0;1;1;0
clignotant;0;0;0;0;0;0;0;0;4
clef;0;0;0;0;0;2;0;2;0
classification;0;0;1;0;0;1;0;0;1
city;0;0;3;0;0;0;1;0;0
citadin;0;1;0;0;0;0;2;0;1
ciblent;0;0;2;0;0;1;0;1;0
chêne;0;0;0;0;0;0;1;0;3
choupette;0;1;0;0;0;2;0;1;0
chouchou;0;0;0;3;0;1;0;0;0
chopper;0;0;0;0;0;0;0;1;2
chlore;0;0;0;0;0;0;0;0;3
chimie;0;0;0;0;0;1;1;1;1
chiffrer;0;0;0;1;0;1;1;1;0
chiffon;0;0;3;0;0;0;0;0;0
cheffe;0;0;0;0;1;1;0;1;1
chavez;0;0;4;0;0;0;0;0;0
chasseur;0;0;0;1;0;2;1;0;0
chablais;0;0;0;0;0;0;0;0;4
certifier;0;0;0;0;0;0;3;1;0
celà;0;0;0;1;0;0;1;1;1
celleux;0;0;0;0;0;1;2;1;0
cecr;0;0;0;0;4;0;0;0;0
catho;0;1;2;0;0;0;1;0;0
castor;0;2;0;0;0;0;2;0;0
casting;0;0;0;0;0;2;1;1;0
cassation;0;0;1;1;0;0;2;0;0
casquer;0;0;0;0;0;0;0;2;2
carrossier;1;1;0;0;0;1;0;1;0
carrosserie;0;0;0;0;0;0;0;0;4
caritatif;0;0;2;0;0;0;0;2;0
care;0;0;0;0;0;0;0;4;0
caractéristique;0;0;0;0;0;0;2;1;1
captif;0;0;2;0;0;1;1;0;0
capitaliser;0;0;1;0;0;2;0;0;1
canarder;1;0;0;2;0;0;0;0;0
canadair;0;0;0;0;0;0;0;1;2
camerounais;0;1;0;0;0;1;2;0;0
cambodge;0;0;4;0;0;0;0;0;0
calorie;0;0;0;0;0;1;0;1;2
calomnie;0;0;1;1;0;0;1;0;0
cafard;0;1;1;0;0;1;1;0;0
bécasse;0;0;1;1;0;1;0;0;0
bunker;0;0;1;0;0;1;2;0;0
brute;0;0;0;0;0;3;0;1;0
broulis;0;2;0;0;0;0;0;2;0
broncher;0;0;3;0;0;0;1;0;0
brisé;0;0;3;0;0;0;0;0;1
brider;0;0;0;0;0;0;1;1;2
bravooooo;3;0;0;1;0;0;0;0;0
bravoooo;4;0;0;0;0;0;0;0;0
brancher;0;2;0;0;0;2;0;0;0
bouteille;0;0;0;2;0;0;0;0;2
bourgeoisie;0;0;0;0;0;1;1;2;0
boue;0;0;1;0;0;2;1;0;0
bouder;0;2;0;0;1;0;0;1;0
bouc;0;0;1;0;0;2;1;0;0
boomers;0;1;0;0;0;1;0;1;0
bobet;0;0;1;0;1;1;0;1;0
bloomberg;0;0;0;0;0;0;2;1;0
blinde;0;0;0;0;0;0;0;2;2
blablater;0;0;0;0;4;0;0;0;0
blabla;0;1;0;0;0;1;1;1;0
bla_bla_bla;0;0;0;1;0;1;1;1;0
biya;0;0;1;0;0;0;1;1;0
bi;2;0;0;0;0;1;0;1;0
bha;0;2;0;0;0;0;1;0;1
belle_lurette;0;0;4;0;0;0;0;0;0
bebe;0;0;0;0;0;2;1;0;0
batiments;0;1;1;0;0;0;0;0;2
bataclan;0;0;4;0;0;0;0;0;0
bassesse;0;1;1;0;0;0;1;1;0
basculer;0;0;0;0;0;2;0;0;2
barcelone;0;2;0;0;0;2;0;0;0
barbe;0;0;2;0;0;2;0;0;0
banquaire;0;0;0;0;1;1;2;0;0
banlieue;0;0;0;0;0;1;3;0;0
bank;0;0;4;0;0;0;0;0;0
bancomats;0;1;1;0;0;0;1;1;0
balai;0;0;0;0;0;1;0;2;1
bal;0;0;0;0;1;0;0;2;1
baigner;0;0;1;0;1;0;1;0;1
back;1;1;0;0;0;0;2;0;0
bachelor;0;0;0;0;0;2;0;2;0
bac;0;0;0;0;0;2;1;0;1
baba;0;0;1;0;0;2;0;1;0
aérodrome;0;0;0;0;0;0;0;0;4
avully;0;0;0;0;0;0;0;0;4
aviaire;0;0;0;0;0;2;1;0;1
aveuglément;0;0;1;0;0;2;1;0;0
aveu;0;0;1;0;0;0;1;2;0
autrichien;0;0;3;0;1;0;0;0;0
austerité;0;0;0;0;0;0;4;0;0
aurevoir;0;0;3;0;0;0;0;1;0
aulieu;0;0;0;0;0;1;2;1;0
aujourdhui;0;0;0;0;0;1;0;2;1
aujourd;0;0;0;0;0;2;1;0;1
audio;0;0;1;0;0;0;1;0;2
audacieux;0;0;0;0;0;4;0;0;0
atlantique;0;0;0;1;0;2;1;0;0
astreinte;0;0;1;0;0;1;0;0;1
asso;0;0;0;0;0;4;0;0;0
assistance;0;0;0;1;0;1;0;1;1
asservir;0;0;1;0;0;2;0;1;0
artisanat;0;0;0;0;0;0;2;1;1
artificiellement;0;0;0;0;0;0;0;1;3
arrete;0;0;0;1;0;0;2;1;0
ariel;0;0;4;0;0;0;0;0;0
are;0;2;1;0;1;0;0;0;0
archive;0;0;4;0;0;0;0;0;0
arc;0;0;1;0;1;1;0;0;1
arbitrairement;0;0;3;0;0;0;1;0;0
arabic;0;1;2;0;0;0;0;1;0
ara;0;0;1;0;0;1;1;0;1
aprem;0;1;0;0;0;2;0;0;1
approfondi;0;0;1;0;0;0;2;1;0
applicable;0;0;0;2;0;0;1;0;1
ap;0;1;1;0;0;0;1;1;0
aos;0;0;0;0;0;0;0;4;0
antibiotique;0;0;0;0;0;1;1;0;1
anti_émeute;0;0;0;4;0;0;0;0;0
anodin;0;0;0;2;0;0;2;0;0
anne;0;0;2;0;0;0;1;1;0
ampli;0;0;0;0;0;0;1;0;2
amazonien;0;0;0;0;0;1;2;0;1
amasser;0;0;1;0;0;1;0;1;1
altérer;0;0;0;0;0;1;1;0;2
alpha;0;1;0;0;0;3;0;0;0
allure;0;0;0;0;0;0;0;0;4
allumette;0;0;0;0;0;1;1;0;2
aliexpress;0;0;0;0;0;0;0;0;4
ali;0;1;1;0;0;1;0;0;1
aldi;0;1;0;0;0;0;0;1;2
alcoolisme;0;1;0;0;0;2;0;0;0
albert;0;0;0;3;0;0;1;0;0
alain;0;0;2;0;0;1;0;1;0
ajustement;0;0;0;0;0;0;1;3;0
aha;0;2;0;0;0;2;0;0;0
affaiblissement;0;0;0;0;0;0;4;0;0
adrénaline;0;0;0;0;0;2;0;1;1
adorateur;0;0;1;0;0;0;2;0;1
admirable;0;0;1;0;0;2;1;0;0
administrateur;0;0;0;0;0;0;1;2;1
admin;0;0;0;0;1;1;1;1;0
addition;0;0;0;0;0;2;2;0;0
actionnariat;0;0;0;0;0;0;0;4;0
act;0;0;0;0;0;2;1;1;0
accroître;0;0;0;0;0;0;2;0;2
acceuilli;2;0;1;0;0;0;0;1;0
accessoirement;0;1;1;0;0;1;1;0;0
abîmer;0;1;1;1;0;0;0;1;0
abstrait;0;0;2;0;2;0;0;0;0
abondant;0;0;0;0;0;1;2;0;1
abbaye;0;0;0;0;0;1;0;0;2
7k;0;0;0;0;0;0;2;2;0
5x;0;0;1;0;0;0;0;0;3
5ans;0;0;0;0;1;2;0;1;0
4h;0;0;0;0;0;0;0;0;4
48h;0;0;0;0;0;0;1;1;2
3e;0;0;1;0;0;1;0;2;0
30km;0;0;0;0;0;0;0;0;4
30ans;0;2;0;0;0;0;0;1;0
25ans;0;0;2;0;0;2;0;0;0
20ans;0;0;0;0;0;1;1;1;0
20aine;0;0;1;0;0;0;0;1;1
1e;0;0;0;0;0;2;1;0;0
19h;0;0;0;0;0;0;0;4;0
15ans;0;0;0;0;0;1;0;1;2
13e;0;0;1;0;0;1;0;2;0
10x;0;0;1;0;0;1;1;0;1
10ans;0;0;0;0;0;4;0;0;0
ölbert;0;0;0;0;0;1;0;0;2
évitement;0;0;0;0;0;1;2;0;0
évincer;0;0;0;0;0;1;2;0;0
éventualité;0;0;1;0;0;2;0;0;0
évaluation;0;0;0;1;0;0;1;1;0
étroitesse;0;0;0;0;0;2;1;0;0
éthiopie;0;0;3;0;0;0;0;0;0
étau;0;0;0;2;0;0;0;1;0
étaler;0;0;0;1;0;0;2;0;0
équivaloir;0;0;0;0;0;1;0;2;0
équation;0;0;1;0;0;0;0;2;0
épurer;0;0;0;0;0;1;2;0;0
épidémie;0;0;1;0;0;1;1;0;0
énormité;0;0;0;0;1;0;2;0;0
énoncer;0;0;0;1;0;1;0;0;1
émouvoir;0;0;1;0;0;2;0;0;0
émigrer;0;0;0;0;0;0;2;1;0
éléphant;0;0;0;0;0;1;0;1;1
élysée;2;0;0;0;0;0;0;1;0
élaboré;0;0;0;0;0;0;2;0;1
égocentrisme;0;0;0;0;0;2;1;0;0
édito;0;0;1;0;0;0;2;0;0
éditeur;0;0;0;0;0;0;1;1;1
éclipse;0;0;0;0;0;0;3;0;0
écho;0;0;0;0;0;2;1;0;0
éboulement;0;1;0;0;0;0;0;0;2
à_mon_encontre;0;0;0;0;0;1;2;0;0
zoom;0;1;0;1;0;0;1;0;0
zigzaguer;0;0;0;0;0;1;0;0;2
zebra;0;0;0;0;0;0;0;0;3
zalando;0;0;0;0;0;0;0;1;2
your;0;1;0;0;0;1;1;0;0
yougoslavie;0;0;1;0;0;2;0;0;0
yoann;0;0;0;0;1;1;0;0;1
years;0;0;3;0;0;0;0;0;0
yanou;1;1;1;0;0;0;0;0;0
www;0;0;1;0;0;1;0;1;0
wouhao;0;1;0;0;0;0;1;0;1
windows;0;0;1;0;0;0;0;2;0
why;0;0;0;1;0;1;0;0;1
who;0;0;2;0;0;0;1;0;0
waw;0;1;0;0;0;0;1;1;0
was;0;0;2;0;1;0;0;0;0
vrac;0;0;0;0;0;0;0;2;1
vouvoiement;0;0;0;0;0;0;3;0;0
votant;0;1;0;0;0;0;2;0;0
volume;0;0;0;0;0;0;1;0;2
volatil;0;0;0;0;0;0;0;2;1
volaille;0;0;0;0;0;1;1;0;1
voisinage;0;0;1;0;0;1;0;0;1
voilé;0;0;0;0;0;1;1;1;0
vogue;0;0;0;0;0;1;1;0;1
visa;0;0;1;0;0;0;0;2;0
virulent;0;1;0;0;0;0;1;0;1
virgule;0;0;0;0;0;0;3;0;0
viral;0;0;0;0;0;2;0;0;1
violet;0;0;1;0;0;0;0;0;2
vio;0;0;1;0;0;2;0;0;0
vintage;0;0;0;0;0;2;0;0;1
vien;0;0;1;0;0;1;0;1;0
vieil;0;0;0;0;0;1;2;0;0
vidy;1;0;0;0;0;1;1;0;0
vice_président;0;0;1;0;0;1;1;0;0
vibrer;1;1;0;0;0;0;1;0;0
vi0ls;0;0;2;0;0;1;0;0;0
vi0leurs;0;0;1;0;0;1;1;0;0
versoix;0;1;0;0;0;1;0;0;1
versement;0;0;0;0;0;0;0;3;0
vergogne;0;0;2;0;0;0;0;1;0
ventilation;0;0;0;0;0;1;0;1;1
vasculaire;0;0;0;0;0;0;0;1;2
varsovie;0;0;1;0;0;1;1;0;0
varié;0;0;0;1;0;0;1;1;0
variation;0;0;0;0;0;0;2;1;0
vanne;0;0;2;0;0;0;1;0;0
vandaliser;0;0;1;1;0;0;1;0;0
valorisant;0;0;0;0;0;1;0;1;1
vaisseau;0;0;0;0;0;1;1;0;1
utérus;0;0;0;0;0;2;0;0;1
utopique;0;0;0;0;0;2;0;1;0
uta;0;0;3;0;0;0;0;0;0
usb;0;0;0;0;0;1;0;2;0
urgentistes;0;2;0;0;0;0;0;0;1
unwra;0;0;3;0;0;0;0;0;0
unilatéralement;0;0;3;0;0;0;0;0;0
unanimité;0;0;0;0;0;0;0;2;1
ui;0;0;0;0;0;0;0;2;1
uae;1;0;1;0;0;0;0;1;0
twitter;0;0;0;0;0;0;3;0;0
tuto;0;0;0;0;0;2;1;0;0
tutelle;0;0;2;0;0;1;0;0;0
ttes;0;0;0;0;0;3;0;0;0
trésor;0;0;2;0;0;0;0;0;1
trés;0;0;0;0;0;2;0;1;0
try;0;2;0;0;0;1;0;0;0
trucage;0;0;1;0;0;0;2;0;0
troupeau;0;0;1;0;0;1;1;0;0
trott;0;0;0;0;0;0;0;0;3
tropical;0;0;0;0;0;0;0;1;2
tronqué;0;1;0;1;0;0;1;0;0
troinex;0;0;0;0;0;0;0;0;3
trip;0;0;0;0;0;0;1;1;1
trentaine;0;0;1;0;0;2;0;0;0
tremblement;0;0;1;0;0;0;0;0;2
tre;0;0;0;0;0;1;2;0;0
transposable;0;0;0;0;0;1;1;0;1
transit;0;0;1;0;0;1;0;0;1
trait;0;0;1;0;0;0;2;0;0
tr;0;0;0;0;0;1;1;1;0
tput;0;0;0;0;0;2;0;1;0
toxico;0;0;0;0;0;2;0;0;1
tornike;1;0;1;0;0;0;1;0;0
torcher;0;1;0;1;0;1;0;0;0
torah;0;0;1;0;0;1;1;0;0
tolérable;0;0;0;0;1;0;1;0;1
tok;0;1;0;0;0;0;0;2;0
tik;0;1;0;0;0;0;0;2;0
tige;0;0;0;0;0;2;0;1;0
tier;0;0;1;0;0;2;0;0;0
théorisé;0;0;0;0;0;1;2;0;0
théorique;0;0;0;0;0;2;1;0;0
thèse;0;0;1;0;0;0;2;0;0
thunberg;0;2;0;0;0;1;0;0;0
this;1;0;0;0;0;1;0;0;1
thc;0;0;0;0;0;0;1;1;1
thai;0;0;1;0;2;0;0;0;0
tennis;0;0;0;0;0;3;0;0;0
tenant;0;0;0;0;0;1;2;0;0
temoin;2;0;0;0;0;0;1;0;0
taxons;0;0;1;0;0;0;1;1;0
taureau;0;0;0;1;0;1;1;0;0
tardivement;0;0;0;0;0;0;0;1;2
tapper;0;0;1;1;0;0;1;0;0
tangible;0;0;0;0;0;0;3;0;0
tailler;0;0;1;0;0;1;0;1;0
tagué;0;0;2;0;0;0;1;0;0
taguer;0;0;1;0;0;1;0;0;1
tagger;0;2;0;1;0;0;0;0;0
séquestrer;0;0;3;0;0;0;0;0;0
séduisant;0;1;0;0;0;0;1;1;0
sécuritaires;0;0;2;0;0;1;0;0;0
syntaxe;0;1;0;0;0;1;1;0;0
symboliquement;0;0;0;0;0;0;1;1;1
survet;0;0;0;0;0;1;0;0;2
surgelé;0;0;0;0;0;0;0;0;3
surfeur;0;0;0;0;0;0;0;2;1
surestiment;0;0;0;0;1;1;0;1;0
surcharge;0;0;0;0;0;1;0;1;1
support;0;0;0;0;0;0;1;0;2
superflu;0;0;0;0;0;0;0;1;2
superficiel;0;0;0;0;0;2;0;1;0
superficie;0;0;0;0;0;0;0;2;1
supercherie;0;0;0;0;0;2;0;1;0
sumo;0;0;0;0;0;2;0;0;1
suer;0;0;0;0;0;2;1;0;0
succursale;0;0;0;0;1;0;0;2;0
succomber;0;1;0;0;0;0;2;0;0
subversif;0;0;0;0;0;1;2;0;0
subtilité;0;0;0;0;0;1;2;0;0
submerger;0;0;0;0;0;0;1;1;1
structurelles;0;0;0;0;0;0;1;1;1
stigmatisation;0;0;0;0;0;0;2;1;0
statue;0;0;1;0;0;0;1;1;0
squid;0;0;0;0;0;0;3;0;0
squelette;0;0;0;0;0;1;0;0;2
spécificité;0;0;0;0;0;0;0;2;1
spotify;0;0;0;0;0;1;1;1;0
souhaitable;0;0;0;0;0;1;2;0;0
souhait;0;0;0;0;0;1;1;1;0
souffler;0;1;0;0;0;0;1;0;1
soucieux;0;0;1;0;0;0;2;0;0
sottise;0;0;1;0;0;1;0;1;0
sort;0;1;0;0;0;1;0;1;0
soros;0;0;0;0;0;1;1;1;0
sonore;0;0;0;0;0;0;0;0;3
somaliland;0;0;2;0;0;0;0;0;1
sologashvili;1;0;1;0;0;0;1;0;0
solde;0;0;1;0;0;1;1;0;0
soja;0;1;0;0;0;0;0;0;2
soigneusement;0;0;0;0;0;0;2;0;1
sociéter;0;0;0;0;0;2;0;0;1
sociétales;0;0;0;0;0;2;0;1;0
societé;0;0;1;0;0;1;1;0;0
society;0;0;0;0;0;1;1;1;0
societal;0;0;0;0;0;1;1;1;0
socialisation;0;0;0;0;0;0;1;1;1
sociabiliser;0;1;0;0;0;1;0;1;0
sobre;0;0;0;0;0;3;0;0;0
snobisme;0;0;0;0;0;1;1;1;0
smotrich;0;0;3;0;0;0;0;0;0
slave;0;0;0;0;0;3;0;0;0
siéger;0;0;2;0;0;0;0;1;0
siosio;0;0;3;0;0;0;0;0;0
singularité;0;0;0;0;0;2;1;0;0
sincérité;0;0;1;0;0;2;0;0;0
sinaï;0;0;3;0;0;0;0;0;0
signifiant;0;0;2;0;0;0;0;0;1
shoot;0;0;0;0;0;1;0;1;1
shirt;0;0;0;0;0;2;0;0;1
sexion;0;0;1;0;0;1;1;0;0
serein;0;0;0;0;0;2;0;1;0
sensationnel;0;0;1;0;0;1;0;1;0
sement;0;0;2;0;0;1;0;0;0
self;0;0;1;0;0;1;1;0;0
securité;0;0;0;0;0;3;0;0;0
sectaire;0;0;0;0;0;2;1;0;0
secouer;0;0;1;0;0;1;0;1;0
scandinave;0;0;0;0;0;0;1;2;0
savant;0;0;0;0;0;1;1;0;1
sauvegarde;0;0;0;0;0;2;1;0;0
saucisse;0;1;0;0;0;0;1;0;1
satanique;0;0;3;0;0;0;0;0;0
same;0;1;1;0;0;0;0;1;0
sahel;0;0;3;0;0;0;0;0;0
safe;0;0;0;0;0;2;0;0;1
sabrer;0;0;0;0;0;1;0;2;0
röstigraben;0;0;0;0;1;0;1;1;0
réévaluer;0;0;0;0;0;1;1;1;0
réécrire;0;0;1;0;0;1;1;0;0
révélation;0;0;0;0;0;0;2;0;1
rétrécissement;0;0;0;2;0;0;0;0;1
rétrograde;0;0;0;0;0;2;0;1;0
rétro;0;0;0;0;0;0;0;1;2
résoud;0;0;0;0;0;1;1;0;1
résistant;0;0;0;0;0;1;1;0;1
résilier;0;1;0;0;0;1;0;1;0
résilient;0;0;0;0;0;2;0;1;0
résidu;0;0;0;0;0;0;1;0;2
résidentiel;0;0;0;0;0;0;0;2;1
répréhensible;0;0;2;0;0;0;1;0;0
réplique;0;0;1;0;0;0;1;1;0
réinsérer;0;0;0;0;0;3;0;0;0
régulations;0;0;0;0;0;1;1;1;0
régulation;0;0;0;0;0;0;1;2;0
régularité;0;0;0;1;0;1;1;0;0
réfuter;0;0;0;0;0;0;3;0;0
réducteur;0;0;0;0;0;0;0;3;0
récepteur;0;0;0;0;0;0;0;0;3
réarmement;0;0;1;0;0;0;1;1;0
réapprendre;0;0;0;0;0;2;1;0;0
ruralité;1;0;0;0;0;2;0;0;0
ruisseler;0;0;0;0;0;2;0;1;0
rugby;0;0;0;0;0;1;1;1;0
rst;0;0;0;0;0;2;0;1;0
rs;0;0;0;0;0;1;2;0;0
rotule;0;0;0;0;0;0;1;2;0
romandes;0;0;0;0;0;0;2;0;1
rohingyas;0;0;3;0;0;0;0;0;0
roesti;0;0;0;0;0;2;0;0;1
robinson;0;0;1;1;0;0;0;1;0
riz;0;0;0;0;0;0;1;1;1
risme;0;0;3;0;0;0;0;0;0
rigolade;0;0;0;0;1;2;0;0;0
rigide;0;0;0;0;1;1;0;0;1
rights;0;0;3;0;0;0;0;0;0
ricaner;0;0;1;0;0;0;2;0;0
revolver;0;0;1;0;0;2;0;0;0
reverser;0;0;0;0;0;1;0;2;0
revente;0;0;0;0;0;0;0;2;1
reuters;0;0;1;0;0;1;1;0;0
reussi;0;0;1;0;0;0;1;1;0
respiration;0;0;0;0;0;1;1;1;0
rer;0;1;0;0;0;0;0;0;2
requis;0;0;0;2;0;0;0;1;0
reptile;0;1;1;0;0;1;0;0;0
reproche;0;0;0;0;0;1;2;0;0
repression;0;0;1;1;0;1;0;0;0
reposant;0;1;0;0;0;0;1;0;1
reponse;0;0;0;1;0;2;0;0;0
repeuplement;1;0;0;0;0;1;0;0;1
renouvellement;0;0;0;0;0;0;0;3;0
renommée;0;0;2;0;0;0;1;0;0
renard;0;0;0;0;0;0;0;0;3
remontée;0;0;0;0;0;0;0;1;2
relou;0;0;1;0;0;2;0;0;0
relationnel;0;0;0;0;0;2;1;0;0
regret;0;1;1;0;0;1;0;0;0
regles;0;0;0;0;0;1;0;1;1
refroidir;0;0;0;0;0;1;0;1;1
refonte;0;0;0;0;0;1;0;1;1
reflechir;0;0;0;0;0;1;1;0;1
refermer;0;0;0;0;0;3;0;0;0
referendum;0;0;0;0;1;0;1;1;0
redresser;0;0;0;0;0;0;1;2;0
redondant;0;0;0;0;0;1;2;0;0
recyclable;0;0;0;0;0;0;0;0;3
recruteur;0;1;0;0;0;1;0;1;0
reconnaitre;0;0;2;0;0;1;0;0;0
rebondir;0;0;0;0;0;1;1;0;1
rd;0;0;2;0;0;0;0;0;1
raquette;0;0;0;0;0;1;0;2;0
raquer;0;0;0;0;0;1;0;2;0
rapporteur;0;0;2;0;0;0;1;0;0
rappeur;0;1;0;0;0;1;1;0;0
ranma;1;1;0;0;0;1;0;0;0
rance;0;0;1;0;0;1;1;0;0
ramassis;0;0;1;0;0;2;0;0;0
ralentissement;0;0;0;0;0;0;1;1;1
rajouterai;0;0;0;0;0;2;0;0;1
raie;0;0;0;0;0;0;0;0;3
raffaella;0;0;0;0;2;0;1;0;0
rafah;0;0;3;0;0;0;0;0;0
rael;0;0;2;0;0;0;1;0;0
racelards;0;0;0;0;0;0;2;1;0
quo;0;0;1;0;0;0;1;0;1
quiétude;0;0;0;0;0;1;1;1;0
quittance;0;0;0;1;2;0;0;0;0
qand;0;1;0;0;0;2;0;0;0
péréquation;0;0;0;0;0;0;2;1;0
pérennité;0;0;0;0;0;0;1;2;0
pénalisent;0;0;0;0;0;0;0;3;0
pédo;0;0;0;0;0;1;1;0;1
pécho;0;0;0;0;1;1;0;0;1
pâquerette;0;0;0;1;0;0;0;2;0
pythagore;0;0;0;0;0;2;0;1;0
pus;0;0;0;0;0;1;0;1;1
punitif;0;0;0;0;0;0;0;2;1
punissable;0;0;0;0;0;3;0;0;0
pulsion;0;0;1;0;0;1;0;1;0
pti;0;1;1;0;0;1;0;0;0
psychotique;0;0;0;0;0;2;1;0;0
psychiatre;0;0;0;0;0;1;1;1;0
pss;0;1;0;0;0;0;0;1;1
prévision;0;0;1;0;0;1;0;1;0
prétentieux;0;0;0;0;0;1;2;0;0
préfet;0;0;0;0;0;0;1;1;1
prédiction;0;0;0;0;0;0;2;1;0
prudent;0;0;0;0;0;0;2;0;1
provocant;0;0;0;0;0;2;1;0;0
province;1;0;1;0;0;0;0;0;1
prouesse;1;0;0;0;0;1;0;1;0
prospérer;0;0;0;0;0;0;0;2;1
propulser;0;0;0;0;0;2;0;0;1
propal;0;0;1;1;0;1;0;0;0
projecteur;0;0;2;0;0;0;1;0;0
progression;0;0;0;0;0;2;1;0;0
proférer;0;0;0;0;0;0;3;0;0
profitable;0;0;0;0;0;0;0;2;1
professionnellement;0;0;0;0;0;2;0;1;0
prodiguer;0;0;1;1;0;0;0;1;0
problem;0;0;0;0;0;1;1;0;1
pretty;0;0;0;0;0;1;2;0;0
prescription;0;0;1;0;0;0;1;1;0
premium;0;2;0;0;0;0;0;1;0
prairie;0;0;0;0;0;1;0;2;0
pp;0;1;0;0;0;0;1;0;1
poésie;0;0;0;0;0;3;0;0;0
pourcent;1;0;0;0;0;0;0;0;2
pots_de_vin;0;0;0;0;0;0;1;2;0
postulat;0;0;0;0;0;0;1;2;0
positionnement;0;0;2;0;0;0;0;0;1
popularité;0;1;0;0;0;1;1;0;0
popcorn;0;2;0;0;0;1;0;0;0
pop_corn;0;2;0;0;0;0;0;0;1
ponctuel;0;0;0;0;0;0;2;0;1
ponctionner;0;0;0;0;0;0;1;2;0
pompeux;0;0;0;0;0;1;2;0;0
polémiquer;0;1;0;1;0;0;0;0;1
polyester;0;0;0;0;0;0;0;0;3
politiser;0;0;0;0;0;1;1;0;1
policeactivity;0;0;0;1;0;0;2;0;0
pole;1;0;0;0;0;2;0;0;0
polarisation;0;0;0;0;0;0;2;1;0
poker;0;0;0;0;0;1;0;2;0
pois;0;1;0;0;0;0;0;0;2
poire;0;0;0;0;0;1;0;2;0
poing;0;2;0;0;0;1;0;0;0
pogrom;0;0;3;0;0;0;0;0;0
podium;1;0;0;0;0;2;0;0;0
podcast;0;1;0;0;0;1;1;0;0
plèbe;0;0;0;0;0;0;1;1;1
pluriel;0;0;0;0;0;0;3;0;0
plot;0;1;1;0;0;1;0;0;0
plombe;0;1;0;0;0;0;0;2;0
playstation;1;1;0;0;0;1;0;0;0
plantation;0;0;0;0;0;2;0;0;1
planeur;0;0;0;0;0;0;0;0;3
plaid;0;1;0;0;0;0;0;0;2
placement;0;0;0;0;0;0;0;3;0
pistolet;0;0;1;0;0;0;0;1;1
pipo;0;0;1;1;0;0;1;0;0
pieuvre;0;0;0;0;0;0;1;2;0
piece;0;0;0;0;0;1;1;1;0
piano;0;0;0;0;0;2;0;0;1
photoshop;0;0;0;0;0;0;3;0;0
photographie;0;0;0;0;0;1;2;0;0
pharaon;1;0;2;0;0;0;0;0;0
pfister;0;0;1;0;0;1;1;0;0
pesée;0;0;0;2;0;0;1;0;0
persone;0;0;0;0;0;3;0;0;0
persistant;0;0;0;0;0;2;0;1;0
perplexe;0;2;0;0;0;1;0;0;0
perf;0;1;1;0;0;0;0;0;1
percuter;0;0;1;0;0;0;0;0;2
perceptible;0;0;0;0;0;1;0;2;0
people;0;0;1;0;0;0;0;2;0
pensance;0;0;0;0;0;0;3;0;0
pendre;0;0;0;0;1;1;1;0;0
pen;0;0;2;0;0;0;1;0;0
pedophile;0;0;0;0;0;0;2;1;0
pedocriminel;0;0;0;0;0;2;1;0;0
pedocriminalité;0;0;0;0;0;0;3;0;0
pck;0;0;1;0;0;1;0;1;0
patinoire;0;0;0;0;0;1;0;1;1
pathologies;0;0;0;0;0;1;1;0;1
pathologie;0;0;0;0;0;1;1;1;0
patate;0;1;0;0;0;1;0;1;0
pastèque;0;0;0;0;0;0;1;1;1
passible;0;0;2;0;0;0;1;0;0
passation;0;2;0;0;0;1;0;0;0
particule;0;0;0;0;0;0;0;0;3
parsque;0;0;0;0;0;0;2;0;1
parlant;0;0;0;0;0;0;2;1;0
parité;0;0;0;0;0;2;0;1;0
parenté;0;0;0;0;0;0;1;2;0
parcque;0;0;0;0;0;1;1;0;1
parcqu;0;0;2;0;0;1;0;0;0
parcourir;0;0;0;0;0;0;1;0;2
paraphraser;0;1;0;1;0;0;1;0;0
paranoïaque;0;1;0;0;0;1;1;0;0
paralyser;0;0;1;0;0;1;1;0;0
pappé;0;0;2;0;1;0;0;0;0
papillon;0;0;0;0;0;3;0;0;0
pantoufle;0;0;0;0;0;1;0;1;1
pantin;0;0;1;0;0;0;1;0;1
paléo;1;1;0;0;0;1;0;0;0
pallier;0;0;0;0;0;0;1;1;1
palier;0;0;0;0;0;0;1;2;0
palestoche;0;0;1;0;0;1;0;1;0
pagande;0;0;2;1;0;0;0;0;0
pack;0;1;0;0;0;1;1;0;0
outré;0;0;0;0;0;2;0;0;1
ouiiiiii;2;0;0;0;0;0;1;0;0
orthodoxe;0;0;2;0;0;0;0;1;0
orteil;0;0;1;0;0;1;0;0;1
orphelinat;0;0;0;0;0;1;0;1;1
originalité;0;0;0;0;0;1;1;1;0
opératoire;0;0;1;0;0;2;0;0;0
opticien;0;0;0;0;0;0;2;1;0
oman;0;0;2;0;0;0;0;1;0
ols;0;0;0;0;0;0;1;0;2
olive;0;0;0;0;0;0;0;1;2
olfactif;0;0;0;0;0;0;1;0;2
oklm;0;0;0;0;0;0;3;0;0
ohhhhh;2;0;0;0;0;1;0;0;0
offrande;0;2;0;0;0;0;0;1;0
odieux;0;0;0;0;0;2;1;0;0
ocde;0;0;0;0;0;1;0;1;1
occulter;0;0;1;0;0;1;1;0;0
obésité;0;0;0;0;0;1;1;0;1
obtention;0;0;0;0;0;1;1;0;1
obtempérer;0;0;1;0;0;1;1;0;0
obsèques;0;0;0;0;0;1;0;2;0
obsessionnel;0;0;0;0;0;1;2;0;0
obscur;0;0;0;0;0;2;1;0;0
obama;0;0;1;0;0;1;1;0;0
négligé;0;0;0;0;0;1;1;1;0
négation;0;0;1;0;0;0;2;0;0
nécessiteux;0;0;0;0;0;0;1;2;0
nutriment;0;0;0;0;0;0;0;0;3
novice;0;1;0;0;0;2;0;0;0
nounou;0;0;1;0;0;0;0;2;0
notoire;0;2;0;0;0;1;0;0;0
nostalgie;0;0;1;0;0;2;0;0;0
non_fumeurs;0;0;0;1;0;0;0;1;1
nomade;0;1;0;0;0;1;0;0;1
noel;0;0;1;0;0;1;0;0;1
nocturne;0;0;1;0;0;0;0;0;2
niquer;0;0;0;0;0;0;1;2;0
nicotine;0;0;0;0;0;0;2;0;1
nicod;0;0;0;0;0;1;0;2;0
niaminacide;0;0;0;0;0;1;0;0;2
never;0;0;0;0;0;1;1;1;0
neutraliser;0;0;0;1;0;0;2;0;0
neutral;0;0;3;0;0;0;0;0;0
neurotoxique;0;0;0;0;0;0;0;1;2
neta;0;0;3;0;0;0;0;0;0
nerf;0;0;0;1;0;1;0;1;0
neonazis;0;0;0;1;0;0;1;0;1
navette;0;0;0;0;0;0;0;0;3
nationalisme;0;0;0;0;0;1;2;0;0
nassé;0;0;0;1;0;2;0;0;0
nage;0;0;0;0;0;1;0;2;0
métabolisme;0;0;0;0;0;0;1;0;2
méprisant;0;0;0;0;0;0;2;1;0
mélanie;2;0;0;0;0;0;1;0;0
méga;0;0;0;0;0;2;0;0;1
méfait;0;0;0;0;0;0;2;1;0
médiatisation;0;0;1;0;0;0;1;0;1
mysogine;0;0;0;0;0;1;2;0;0
mutation;0;0;0;0;0;0;3;0;0
museum;0;1;0;0;0;0;2;0;0
muscle;0;0;0;0;0;2;1;0;0
multirécidiviste;0;0;0;0;0;2;1;0;0
muet;0;0;2;0;0;1;0;0;0
move;0;1;0;0;0;1;1;0;0
moutier;0;0;1;0;0;0;1;1;0
motard;0;1;0;1;0;0;0;1;0
morbide;0;0;0;1;0;0;1;0;1
monopoliser;0;0;0;0;0;0;1;1;1
mongol;0;0;2;0;0;0;1;0;0
mondialisé;0;0;0;0;0;0;1;2;0
mondialiste;0;0;1;0;0;0;2;0;0
mondialement;0;0;0;1;0;0;0;1;1
monarchie;0;1;1;0;0;0;1;0;0
molécule;0;0;0;0;0;0;0;0;3
moeurs;0;0;0;0;0;1;2;0;0
mmmh;0;0;0;0;0;2;1;0;0
misandre;0;0;1;0;0;2;0;0;0
minéral;0;1;0;0;0;0;0;0;2
minage;0;0;0;0;0;0;0;2;1
millards;0;0;0;0;0;0;0;3;0
militarisation;0;0;0;0;0;1;0;2;0
militairement;0;0;2;0;0;0;1;0;0
milicien;0;0;2;0;0;0;1;0;0
mieu;0;0;0;0;0;3;0;0;0
microsoft;0;0;0;0;0;0;1;2;0
microplastiques;0;0;0;0;0;0;0;0;3
microbiote;0;0;0;0;0;0;1;1;1
micro_ondes;0;0;0;0;0;1;2;0;0
michael;0;0;0;0;0;1;0;2;0
mhh;0;0;2;1;0;0;0;0;0
metre;0;0;1;0;0;1;1;0;0
menstruées;0;0;0;0;0;2;0;1;0
menstruel;0;0;0;0;0;2;0;1;0
menstruation;0;0;0;0;0;2;0;0;1
meneur;0;0;1;0;0;0;2;0;0
meloni;0;0;1;0;0;1;1;0;0
medecins;0;0;0;0;0;2;0;1;0
medecin;0;0;0;0;0;2;0;0;1
mea_culpa;0;0;0;0;1;0;0;1;1
mdrrrrr;0;0;1;0;0;1;1;0;0
mazout;0;0;0;0;0;1;0;0;2
mat;0;0;0;0;0;1;1;0;1
masser;0;0;3;0;0;0;0;0;0
massage;0;0;0;0;0;0;1;1;1
mass;0;0;3;0;0;0;0;0;0
marseille;0;0;0;0;0;0;0;2;1
mario;0;0;0;0;0;0;2;1;0
marine;0;0;0;1;0;1;1;0;0
margoulin;0;0;1;0;0;2;0;0;0
marcel;0;0;0;0;0;1;0;1;1
manzo;0;0;1;0;0;0;2;0;0
manquement;0;0;1;0;1;1;0;0;0
mannequin;0;0;0;0;0;2;0;1;0
manier;0;0;0;0;0;2;1;0;0
manie;0;0;0;1;0;2;0;0;0
mandela;0;0;1;0;0;1;1;0;0
mandater;0;0;0;0;0;0;0;3;0
malmö;0;1;0;0;0;0;0;0;2
malaisant;0;1;0;0;0;2;0;0;0
maladroit;0;0;0;0;0;2;0;0;1
maintenance;0;0;0;0;0;0;0;3;0
magnon;0;1;0;0;0;1;1;0;0
maggi;2;1;0;0;0;0;0;0;0
magazine;0;0;1;0;0;0;2;0;0
madrid;0;0;2;0;0;0;0;1;0
made;1;0;0;0;0;0;0;1;1
machiste;0;0;0;0;0;3;0;0;0
mac;0;0;0;0;0;0;0;1;2
létalité;0;0;0;1;0;1;0;0;1
léser;0;0;0;0;0;1;1;0;1
légitimer;0;0;3;0;0;0;0;0;0
légitimement;0;0;0;1;0;0;1;1;0
légalisation;0;0;0;1;0;1;1;0;0
luter;0;0;0;0;0;0;1;2;0
lustre;0;0;0;0;1;0;2;0;0
ludique;0;0;0;0;0;1;1;0;1
lucerne;0;1;0;0;0;0;1;0;1
lubie;0;1;0;0;1;0;0;1;0
lsd;0;1;0;0;0;0;2;0;0
loyal;0;0;0;0;0;1;1;0;1
loris;0;0;0;0;0;1;2;0;0
lola;0;0;0;0;0;2;0;1;0
localement;0;0;0;0;0;0;0;0;3
littéraire;0;0;0;0;0;0;3;0;0
lisbonne;0;0;0;0;0;1;0;2;0
linkedin;0;0;0;0;0;1;0;2;0
lin;0;0;0;0;0;0;0;0;3
lidl;0;2;0;0;0;0;0;0;1
licence;0;0;0;0;0;1;1;1;0
libertarien;0;0;1;0;0;0;1;1;0
liberer;0;0;2;0;0;0;1;0;0
liberale;0;0;0;0;0;0;2;1;0
lgbtqia;0;0;1;1;0;0;1;0;0
leu;0;0;0;0;0;1;1;0;1
leonhard;0;1;0;0;0;0;2;0;0
lennon;0;0;0;0;0;0;3;0;0
legumes;0;0;0;0;0;0;0;0;3
legal;0;0;0;0;0;2;0;1;0
lavoc;0;0;0;0;0;0;2;0;1
lavabo;0;0;0;0;0;0;0;0;3
lauréat;0;0;0;0;0;1;1;0;1
lassitude;0;0;0;0;0;0;3;0;0
larousse;0;0;0;0;0;0;2;0;1
larbin;0;3;0;0;0;0;0;0;0
lanceur;0;0;1;0;0;1;1;0;0
lampadaire;0;1;1;0;0;0;1;0;0
lacs;0;1;0;1;0;1;0;0;0
lacrymos;0;0;1;2;0;0;0;0;0
lacrimo;0;0;0;3;0;0;0;0;0
laborieux;0;0;0;0;0;0;1;2;0
kévin;0;0;0;0;0;0;2;1;0
kv;0;1;0;0;0;0;0;1;1
koweït;0;0;3;0;0;0;0;0;0
kosovars;0;0;1;0;0;1;0;0;1
kosovar;0;1;0;0;1;0;1;0;0
ko;1;0;0;1;0;1;0;0;0
kiffe;0;1;0;0;0;1;0;1;0
kiff;0;0;0;1;0;0;2;0;0
kidnapping;0;0;1;0;0;0;2;0;0
khagn;3;0;0;0;0;0;0;0;0
kennedy;0;0;0;0;0;1;1;1;0
kate;0;0;0;0;0;0;1;0;2
justesse;0;0;0;0;0;2;1;0;0
jussy;0;0;0;0;0;0;0;1;2
jupe;0;0;0;0;0;1;1;0;1
jung;0;0;0;0;0;1;2;0;0
joyeuseté;0;0;0;0;0;0;0;2;1
joug;0;0;3;0;0;0;0;0;0
jojo;0;0;0;0;0;1;1;1;0
joconde;0;0;0;0;0;0;3;0;0
jimmy;1;1;0;0;0;1;0;0;0
jihad;0;0;3;0;0;0;0;0;0
jenish;0;0;0;0;0;2;1;0;0
jambon;0;1;0;0;0;0;1;1;0
jamais_vu;0;0;0;1;0;0;1;0;1
jalouser;0;1;0;0;0;0;0;2;0
ivg;0;0;0;0;0;0;2;1;0
isra;0;0;2;0;0;0;1;0;0
isolement;0;0;0;0;0;2;0;0;1
isl;1;0;2;0;0;0;0;0;0
isf;0;0;0;0;0;0;0;2;1
irréaliste;0;0;0;0;0;0;0;3;0
irrespirable;0;0;0;0;0;0;0;1;2
irl;0;0;0;0;0;3;0;0;0
iraq;0;0;0;1;0;2;0;0;0
ip;0;0;0;0;0;1;1;1;0
inéquitable;0;0;0;0;0;2;0;1;0
inéduqué;0;0;2;0;0;1;0;0;0
inédit;0;0;1;0;0;1;1;0;0
invitation;0;0;2;0;0;1;0;0;0
investigation;0;0;0;0;0;2;1;0;0
intéressé;0;0;0;0;0;2;0;1;0
introduction;0;0;0;0;0;0;2;1;0
intrinsèque;0;0;0;0;0;1;1;1;0
interpellation;0;0;0;0;0;1;0;2;0
intermittence;0;0;0;0;0;0;1;1;1
interface;0;0;0;0;0;1;0;2;0
interesse;0;0;1;0;0;0;1;1;0
intercepter;0;0;2;0;0;0;0;1;0
instrumentalisé;0;0;0;1;0;0;2;0;0
instrumentaliser;0;0;3;0;0;0;0;0;0
institutionnelles;0;0;1;0;0;0;2;0;0
instauration;0;0;1;0;0;0;2;0;0
insipide;0;0;0;1;0;0;1;0;1
inscription;0;0;0;0;0;0;1;2;0
inquiet;0;0;0;0;0;0;1;0;2
inouï;0;0;2;0;0;0;1;0;0
innover;0;0;0;1;0;0;0;2;0
injustifiable;0;0;1;0;0;0;2;0;0
injecter;0;0;0;0;0;1;0;1;1
inhérent;0;0;0;0;0;1;0;2;0
inhabituel;0;0;0;0;0;0;1;0;2
ingrat;0;0;0;0;0;1;0;2;0
infructueux;0;0;0;2;0;0;0;1;0
informatif;0;0;0;0;0;0;3;0;0
infondé;0;1;0;0;0;0;2;0;0
infernal;0;0;0;0;0;1;1;0;1
infarctus;0;1;0;0;0;1;0;0;1
inexpliqué;0;0;0;0;0;2;0;1;0
inertie;0;0;0;0;0;0;1;1;1
indéfendable;0;0;2;0;0;1;0;0;0
indécence;0;0;1;0;0;1;0;1;0
indu;0;1;0;0;0;0;1;1;0
indien;0;0;1;0;0;0;1;0;1
incontournable;1;0;0;0;0;1;1;0;0
inconsolable;0;0;2;0;0;0;1;0;0
inclu;0;0;1;0;0;0;0;2;0
incinération;0;0;0;0;0;0;0;0;3
incessant;0;0;2;0;0;0;0;1;0
incertitude;0;0;0;0;0;0;1;1;1
incendier;0;2;1;0;0;0;0;0;0
incarcération;0;0;1;0;0;2;0;0;0
incalculable;0;0;2;0;0;0;1;0;0
inaperçu;0;0;1;0;0;0;2;0;0
inadéquat;0;0;0;1;0;2;0;0;0
inadapté;0;0;0;0;0;0;1;1;1
imposant;0;0;0;0;0;0;1;2;0
impopulaire;0;0;0;0;0;0;2;1;0
implicitement;0;0;1;0;0;0;2;0;0
impeccable;0;0;0;0;0;1;0;0;2
immersion;0;1;0;0;0;0;1;1;0
illégitime;0;0;1;0;0;1;1;0;0
illustré;0;0;0;0;0;1;1;1;0
illusoire;0;0;0;0;0;1;0;2;0
ilan;0;0;2;0;1;0;0;0;0
iii;0;0;0;0;0;0;2;1;0
ii;0;0;0;0;1;0;1;0;1
ignazio;0;0;3;0;0;0;0;0;0
ig;0;0;0;0;0;0;2;0;1
ifd;0;0;0;0;0;0;0;3;0
idéaliser;0;0;0;0;0;1;2;0;0
idiome;0;0;0;0;2;1;0;0;0
idee;0;0;0;0;0;0;0;1;2
ide;0;0;0;0;0;2;0;1;0
ich;1;0;0;0;1;0;1;0;0
iceberg;0;0;0;0;0;0;1;1;1
iban;0;1;0;0;0;0;1;1;0
ib;0;0;0;3;0;0;0;0;0
hôtellerie;0;0;0;0;1;0;0;2;0
hérétique;0;0;1;0;0;0;2;0;0
hérisson;1;0;0;0;0;1;0;0;1
hécatombe;0;0;0;0;0;1;0;1;1
hyn;0;0;0;0;0;0;2;1;0
hydrocarbure;1;1;0;0;0;0;0;1;0
hydrate;0;0;0;0;0;0;0;0;3
humide;0;0;0;0;0;0;2;0;1
human;0;0;3;0;0;0;0;0;0
humainement;0;0;0;0;0;2;0;1;0
htag_génocide;0;0;2;0;0;0;0;1;0
hr;0;0;1;0;0;0;0;1;1
hpi;0;1;0;0;0;1;0;1;0
hors_la_loi;0;0;0;1;0;0;0;2;0
horlogères;0;1;0;0;0;0;0;1;1
hopp;2;0;0;0;0;0;0;0;1
hoodie;0;0;0;0;0;3;0;0;0
hongrie;0;0;2;0;0;0;1;0;0
hollywoodien;0;0;0;0;0;0;3;0;0
hollande;0;0;1;0;0;0;1;0;1
hispanique;0;0;1;0;0;1;1;0;0
his;0;0;2;0;0;1;0;0;0
hihi;1;0;0;0;0;1;1;0;0
hibernation;0;0;0;0;0;2;1;0;0
het;0;0;0;0;0;2;1;0;0
here;0;1;1;0;0;1;0;0;0
hectare;0;0;1;0;0;1;0;0;1
hebdomadaire;0;0;0;0;0;0;0;2;1
heart;0;0;0;0;0;1;1;0;1
hd;0;0;0;0;0;0;0;1;2
haye;0;0;2;0;0;1;0;0;0
hawaï;0;0;1;0;1;0;0;0;1
harmoniser;0;0;0;0;0;1;0;2;0
harmonie;0;0;1;0;0;0;1;0;1
harceleurs;0;0;0;0;1;1;1;0;0
hahahahaha;0;2;0;0;0;0;1;0;0
hache;0;0;1;0;0;2;0;0;0
habile;0;1;0;0;0;1;1;0;0
gérard;0;0;0;0;0;0;1;0;2
géothermie;0;0;0;0;0;0;0;0;3
géo;0;1;0;0;0;0;2;0;0
générées;0;0;0;0;0;0;3;0;0
génocider;0;0;2;1;0;0;0;0;0
gén;0;0;2;1;0;0;0;0;0
gypaète;0;0;0;0;0;0;1;1;1
gwer;0;1;0;0;2;0;0;0;0
guitare;0;0;0;1;0;2;0;0;0
gueux;0;0;0;0;0;1;0;1;1
guess;0;0;1;0;0;0;1;1;0
gucci;0;1;0;1;0;0;0;1;0
groland;0;1;1;0;0;0;0;0;1
great;2;0;0;0;1;0;0;0;0
gravier;0;1;0;0;0;1;0;0;1
gravats;0;0;3;0;0;0;0;0;0
gratos;0;0;0;1;0;0;0;1;1
grassement;0;0;0;0;0;0;1;2;0
graphistes;0;0;0;0;0;0;0;3;0
gracieusement;0;0;1;0;0;0;0;1;1
gouvernant;0;0;1;1;0;0;1;0;0
gourou;0;0;0;0;0;0;3;0;0
gore;0;0;0;0;0;1;2;0;0
gonflable;0;0;0;0;0;1;0;0;2
golfe;0;0;2;0;0;0;0;1;0
golf;0;0;1;0;0;0;1;0;1
golan;0;0;3;0;0;0;0;0;0
gogo;1;0;0;0;0;1;0;1;0
glander;0;0;0;1;0;0;0;1;1
gland;0;0;0;0;0;1;0;1;1
glamour;0;0;1;1;0;0;0;0;1
giger;1;2;0;0;0;0;0;0;0
gifle;0;0;0;0;0;1;1;0;1
geôle;0;0;3;0;0;0;0;0;0
gex;0;0;0;1;0;0;0;0;2
george;0;0;1;0;0;0;2;0;0
gentillesse;0;0;0;0;0;3;0;0;0
genocidaires;0;0;1;1;0;1;0;0;0
geno;0;0;2;1;0;0;0;0;0
generation;0;1;0;0;0;1;1;0;0
gendarme;0;0;1;1;0;1;0;0;0
gazé;0;0;0;3;0;0;0;0;0
gavazzeni;0;0;1;0;1;0;1;0;0
gangrène;0;0;2;0;0;0;0;1;0
gangrené;0;0;1;0;0;0;1;0;1
gamelle;0;0;0;0;0;0;0;2;1
g3nocide;0;0;3;0;0;0;0;0;0
féminité;0;0;0;0;0;2;0;0;1
fédéralisme;0;0;0;1;0;1;0;0;1
fâcheux;0;0;0;0;0;3;0;0;0
fuyard;0;0;1;0;0;0;1;0;1
fuiter;0;1;1;0;0;0;1;0;0
frustrant;0;0;0;0;0;2;0;1;0
frouzes;0;2;0;0;0;0;0;1;0
frottement;0;0;0;0;0;0;0;0;3
frique;0;0;0;0;0;1;0;1;1
friedman;0;0;0;0;0;0;2;1;0
friday;0;0;1;0;0;0;0;0;2
frayer;0;0;0;1;0;1;0;0;1
fraise;0;0;0;0;0;0;0;0;3
fourche;0;0;0;1;0;1;1;0;0
fourberie;0;0;0;0;0;0;1;1;1
foulle;0;0;0;3;0;0;0;0;0
foulard;0;0;0;1;0;2;0;0;0
fouet;0;1;0;0;0;1;0;1;0
formalité;0;0;0;1;0;0;1;1;0
forfait;0;0;0;0;0;1;0;1;1
forer;0;0;0;0;0;0;0;0;3
fondateur;0;0;0;0;0;0;1;1;1
follow;0;0;2;0;0;0;1;0;0
foin;0;0;0;0;0;1;1;0;1
fluidité;0;0;0;0;0;0;1;0;2
floyd;0;1;0;0;0;0;2;0;0
flingue;0;0;0;1;0;2;0;0;0
flemmard;0;0;0;0;0;0;1;1;1
flatter;0;0;0;0;0;1;1;1;0
flag;0;0;0;1;0;1;1;0;0
fivem;0;0;0;0;0;1;0;0;2
finalité;0;0;0;0;0;1;2;0;0
fillette;0;0;2;0;0;0;0;1;0
festif;0;0;0;0;0;1;0;1;1
fesais;0;1;1;0;0;0;0;1;0
fentanyl;0;0;2;0;0;0;0;1;0
federal;0;0;0;0;0;2;1;0;0
fcpa;0;0;0;0;0;0;2;1;0
faucon;0;0;1;0;0;0;1;0;1
fatal;0;0;0;1;0;0;0;2;0
fast_food;0;1;0;0;0;0;0;0;2
falsifier;0;0;0;0;1;0;1;0;1
faf;0;1;0;1;0;0;0;1;0
faculté;0;0;1;1;0;0;1;0;0
fachiste;0;0;0;1;0;0;2;0;0
facette;0;0;0;1;0;0;0;2;0
extrème;0;0;1;0;0;0;2;0;0
extrapoler;0;0;0;0;0;2;1;0;0
externe;0;0;0;0;0;0;2;1;0
expérimenter;0;0;0;0;0;1;0;2;0
expropriation;0;0;1;0;0;0;0;2;0
expirer;0;0;1;0;0;1;0;1;0
experience;0;0;0;0;0;1;2;0;0
exonérés;0;0;0;0;0;0;0;3;0
existentiel;0;1;0;0;0;0;1;0;1
exhibition;0;0;0;0;0;1;0;0;2
excédent;0;0;0;0;0;0;1;1;1
exceptionnellement;0;0;0;0;0;1;1;0;1
evo;0;0;0;0;0;0;1;1;1
ever;1;1;0;0;1;0;0;0;0
euses;0;0;0;0;0;0;1;2;0
etude;0;0;0;0;0;2;0;1;0
etonne;0;2;0;0;0;0;0;0;1
esquive;0;0;0;0;0;0;2;1;0
esquisse;0;0;0;0;0;0;3;0;0
esperons;0;0;1;0;0;0;1;1;0
envergure;0;0;1;0;0;1;0;1;0
entre_temps;0;0;0;0;0;1;0;2;0
entonnoir;0;0;0;1;0;0;0;2;0
ent;0;0;1;0;0;1;1;0;0
ensoleillé;0;0;1;0;0;0;0;0;2
enrichissant;0;0;0;0;0;1;0;2;0
ennuyeux;0;0;0;0;0;0;3;0;0
engorger;0;0;0;0;0;0;0;1;2
enfumé;0;1;1;0;0;0;0;1;0
enfuir;0;0;0;1;0;0;1;1;0
enflammer;0;0;0;0;0;0;2;1;0
endoctrinement;0;0;0;0;0;1;1;1;0
encontre;0;0;0;0;0;2;1;0;0
enclin;0;0;0;0;0;1;2;0;0
encadrement;0;0;0;0;0;1;0;2;0
en_catimini;0;0;2;0;0;0;0;1;0
emprisonnement;0;0;1;1;0;0;1;0;0
emplir;0;0;0;1;0;1;1;0;0
empiriquement;0;0;0;0;0;0;2;1;0
empiler;0;0;0;1;0;0;1;0;1
empathique;0;1;0;0;0;1;0;1;0
emji_voiture_de_police_de_face;1;0;0;0;0;1;0;0;1
emji_voiture;1;0;0;0;0;0;0;0;2
emji_voilier;0;1;1;0;0;1;0;0;0
emji_urne_électorale;0;0;0;0;1;0;2;0;0
emji_tête_secouée_verticalement;0;0;1;0;0;0;0;1;1
emji_sauropode;0;0;1;0;0;0;1;0;1
emji_père_noël_peau_moyennement_claire;2;0;0;0;0;1;0;0;0
emji_père_noël;2;0;0;0;0;0;1;0;0
emji_prince;0;1;0;0;0;1;1;0;0
emji_pouce_vers_le_haut_peau_foncée;0;0;2;0;0;0;1;0;0
emji_parapluie_avec_gouttes_de_pluie;0;2;0;0;0;0;0;0;1
emji_ours_en_peluche;0;0;0;0;0;0;3;0;0
emji_olive;3;0;0;0;0;0;0;0;0
emji_ok_peau_foncée;0;1;0;0;0;2;0;0;0
emji_graphique_en_baisse;0;0;0;0;0;0;0;3;0
emji_flèche_en_haut;2;0;0;0;0;0;1;0;0
emji_fleur_de_cerisier;3;0;0;0;0;0;0;0;0
emji_femme_qui_lève_la_main_peau_claire;0;1;0;0;0;2;0;0;0
emji_femme_qui_hausse_les_épaules_peau_mate;0;0;0;0;0;1;1;0;1
emji_drapeau_mali;0;1;2;0;0;0;0;0;0
emji_drapeau_arc_en_ciel;0;0;0;0;1;2;0;0;0
emji_chapiteau;0;0;0;1;0;0;0;0;2
emji_bulle_de_pensée;1;0;0;0;0;1;0;1;0
emji_bouquet;3;0;0;0;0;0;0;0;0
emji_bonhomme_de_neige;1;2;0;0;0;0;0;0;0
emji_bombe;0;1;0;0;0;1;0;1;0
embêtant;0;0;0;1;0;0;1;1;0
emblématique;0;0;0;0;0;0;0;0;3
els;0;0;1;0;0;1;0;1;0
electronique;0;1;0;0;0;1;0;0;1
egos;0;1;0;0;0;1;1;0;0
eglise;0;0;0;0;0;1;1;0;1
effréné;0;0;0;0;0;1;0;1;1
effarant;0;0;0;0;0;1;0;2;0
effacement;0;0;1;0;0;0;2;0;0
educ;0;0;1;0;0;1;0;1;0
ecosse;0;0;0;0;0;0;0;1;2
ecole;0;0;0;0;0;3;0;0;0
easyride;0;0;0;0;0;1;1;1;0
déviation;0;0;0;1;0;0;2;0;0
déviance;0;0;0;0;0;1;2;0;0
développé;0;0;0;0;0;0;0;1;2
dévaster;0;0;0;0;0;1;0;1;1
dévaloriser;0;0;0;0;0;1;1;1;0
déterminant;0;0;0;0;0;1;1;1;0
désuet;0;0;1;0;0;2;0;0;0
désespérément;0;1;1;0;0;0;1;0;0
désavantage;0;0;0;0;0;0;3;0;0
désactiver;0;0;0;0;0;1;1;1;0
dérivé;0;0;0;0;0;0;2;0;1
dérision;0;0;0;0;0;2;1;0;0
déraper;0;0;0;1;0;0;2;0;0
dépositaire;0;0;1;0;0;0;2;0;0
déporter;0;0;1;0;0;0;1;0;1
dépit;0;0;0;0;0;0;1;2;0
dénier;0;0;0;2;0;0;1;0;0
démolir;0;0;0;0;0;2;1;0;0
démentir;0;0;0;0;0;2;1;0;0
démentiel;0;0;0;0;0;0;1;1;1
démantèlement;0;0;1;0;0;0;0;2;0
démanteler;0;0;0;0;0;1;2;0;0
délétère;0;0;1;0;0;0;0;1;1
déloyal;0;0;0;0;0;0;0;2;1
déloger;0;0;1;0;0;1;0;0;1
délocalisent;0;0;0;0;0;0;1;2;0
dégénéré;0;0;0;1;0;1;1;0;0
dégoût;0;0;3;0;0;0;0;0;0
défectueux;0;0;0;0;0;1;2;0;0
défavorable;0;0;0;1;0;0;2;0;0
défaillance;0;1;0;0;0;0;1;0;1
déculpabiliser;0;0;0;2;0;0;0;0;1
décrocher;0;0;0;0;0;1;0;2;0
décourager;0;0;0;0;0;0;0;3;0
découdre;0;0;0;2;0;1;0;0;0
décorer;0;0;0;0;0;1;0;0;2
décerner;0;0;2;0;0;1;0;0;0
déception;0;0;0;0;0;0;3;0;0
décence;0;0;0;0;0;2;1;0;0
décapitation;0;0;2;0;0;0;0;1;0
décadence;0;0;0;0;0;1;1;0;1
déblatérer;0;0;1;1;0;0;1;0;0
dynastie;0;0;0;0;0;1;2;0;0
dumping;0;0;0;0;0;1;0;2;0
dubitatif;0;0;1;0;0;1;1;0;0
dorer;0;0;1;0;0;2;0;0;0
documenté;0;0;1;0;0;0;1;0;1
docteur;1;0;1;0;0;0;1;0;0
docile;0;0;0;0;0;1;0;2;0
dlc;1;1;0;0;0;0;0;0;1
djihadistes;0;0;3;0;0;0;0;0;0
diverger;0;0;0;0;0;0;2;0;1
divergent;0;0;0;1;0;0;2;0;0
distributeur;0;0;1;0;0;1;0;0;1
distiller;0;0;0;0;0;2;1;0;0
dispute;0;1;0;0;0;1;0;0;1
disproportion;0;0;1;0;0;2;0;0;0
discrétion;0;0;0;0;0;2;1;0;0
discréditent;0;0;1;2;0;0;0;0;0
diplomatiquement;0;0;3;0;0;0;0;0;0
dino;0;0;0;0;0;1;0;0;2
dilapider;0;0;0;0;0;0;0;2;1
diktat;0;0;0;0;0;2;1;0;0
digeste;0;1;0;0;0;0;1;0;1
differents;0;0;0;0;0;1;1;1;0
die;0;0;0;0;0;0;1;0;2
dicton;0;1;0;0;0;1;1;0;0
dick;0;0;1;0;0;0;1;1;0
diane;2;0;0;1;0;0;0;0;0
diamant;0;0;0;0;0;0;3;0;0
dgpc;0;0;0;0;0;0;0;1;2
deverait;0;0;0;0;0;1;0;0;2
deutsch;0;0;0;0;3;0;0;0;0
detruire;0;0;1;1;0;0;0;1;0
destinée;0;0;2;0;0;0;1;0;0
deplus;0;0;0;0;0;0;0;3;0
depardieu;0;0;0;0;0;1;2;0;0
denier;0;0;0;0;0;2;0;1;0
democrates;0;0;0;0;0;0;3;0;0
degats;0;0;0;1;0;1;0;1;0
defund;0;0;0;0;0;0;3;0;0
decision;0;0;0;0;0;1;0;1;1
debiles;0;1;0;0;0;2;0;0;0
debile;0;0;0;0;0;0;3;0;0
debat;0;0;0;0;0;2;1;0;0
davoir;0;0;0;0;1;0;1;1;0
daron;0;0;0;0;0;1;2;0;0
darius;0;0;0;0;0;2;1;0;0
dard;0;0;0;2;0;0;0;1;0
daech;0;0;2;0;0;0;0;1;0
cérémonie;0;0;0;0;0;0;2;0;1
cérébral;0;0;0;0;0;0;1;1;1
célébration;0;0;0;0;0;0;0;1;2
cyclique;0;0;0;0;0;1;2;0;0
cuve;0;0;0;0;0;0;1;0;2
cupidité;0;0;1;0;0;1;1;0;0
cumuler;0;0;0;0;0;0;1;2;0
cuisson;0;0;0;0;0;0;0;0;3
cuisinier;0;0;1;0;0;2;0;0;0
cueillette;0;0;0;0;0;0;2;0;1
css;0;0;0;0;0;0;0;3;0
csc;1;0;0;1;1;0;0;0;0
cs;0;0;0;0;0;0;0;3;0
créancier;0;0;0;0;0;0;0;3;0
crânien;0;0;0;0;0;0;2;0;1
crs;0;0;0;1;0;1;0;1;0
croûte;0;1;0;0;0;1;0;1;0
croisade;0;0;1;0;0;1;1;0;0
cro;0;1;0;0;0;1;1;0;0
cribler;0;0;2;0;0;0;0;0;1
creer;0;0;1;0;0;1;0;0;1
crayon;0;0;0;0;0;0;2;1;0
craquer;0;0;1;0;0;0;1;1;0
crampon;0;0;0;0;0;2;1;0;0
crade;0;0;0;0;0;1;1;0;1
cpp;0;0;1;0;0;0;2;0;0
cow_boy;0;0;0;1;0;1;1;0;0
coutera;0;0;0;0;0;0;0;3;0
courtois;0;0;0;0;0;1;1;1;0
couronner;0;0;2;0;0;0;0;0;1
cotiseront;0;0;0;0;0;0;0;3;0
corrélée;0;0;0;0;0;1;1;0;1
correspondance;0;0;0;0;0;0;1;1;1
coquille;0;1;0;0;0;0;1;0;1
coque;0;0;0;0;0;0;0;0;3
coq;0;1;0;0;0;0;0;2;0
convoquer;0;0;0;1;0;2;0;0;0
convivialité;0;1;0;0;0;1;0;0;1
convivial;0;0;0;0;0;0;0;1;2
conventionnel;0;0;0;0;0;1;0;0;2
convaincant;0;0;0;0;0;1;1;1;0
contributeurs;0;0;0;0;0;0;3;0;0
contrevenant;0;0;0;0;0;0;3;0;0
contreproductif;0;0;0;0;0;1;1;0;1
contracter;0;0;0;0;0;1;0;0;2
contraceptif;0;0;2;0;0;0;0;1;0
contest;1;2;0;0;0;0;0;0;0
consolider;0;0;1;0;0;1;1;0;0
consoler;0;0;0;0;0;1;0;1;1
connor;0;1;0;0;1;0;1;0;0
connard;0;0;1;0;0;2;0;0;0
conjointement;2;0;0;0;0;0;0;1;0
conforter;0;0;0;0;0;2;0;0;1
confortablement;0;0;1;0;0;1;0;0;1
conformité;0;0;0;0;0;0;1;2;0
conflict;0;0;1;0;0;1;1;0;0
confisquer;0;0;1;0;0;0;1;0;1
conditionné;0;0;0;0;0;3;0;0;0
comptoir;0;1;0;0;0;1;1;0;0
compréhensif;1;0;0;0;0;1;1;0;0
compresser;0;0;0;0;0;0;2;1;0
comportments;0;0;0;0;0;2;1;0;0
complétement;0;0;0;0;0;0;1;0;2
complexer;0;0;0;0;0;2;1;0;0
compatible;0;0;1;0;0;1;0;0;1
comms;1;1;0;0;0;1;0;0;0
commentes;0;0;0;0;0;0;3;0;0
combustion;0;0;0;0;0;0;0;0;3
combiner;0;0;0;0;0;1;1;0;1
combinaison;0;0;0;0;0;2;0;0;1
colporter;0;0;2;0;0;0;1;0;0
colonne;0;0;0;0;0;2;1;0;0
collision;0;0;0;0;0;0;1;1;1
colline;0;0;1;0;0;0;0;0;2
coke;0;1;0;0;0;1;0;1;0
cohabiter;0;0;0;1;0;1;0;0;1
cocotte;0;1;0;0;0;1;1;0;0
cocaïne;0;0;0;0;0;0;0;0;3
cocasse;0;0;0;2;0;0;0;1;0
clément;0;0;0;1;0;1;0;1;0
clouer;0;0;0;0;0;1;0;0;2
cloche;0;0;0;0;0;1;1;0;1
clivage;0;0;0;0;0;2;1;0;0
clause;0;0;1;0;0;0;0;2;0
classé;0;0;0;0;0;0;2;0;1
clarté;0;0;1;0;0;0;2;0;0
claquette;0;1;0;0;1;1;0;0;0
claquer;0;0;0;0;0;1;1;1;0
circulaire;0;0;0;0;0;0;2;0;1
cingler;1;0;0;0;0;1;1;0;0
cimetière;0;0;3;0;0;0;0;0;0
chèvre;0;1;0;0;0;0;1;0;1
chávez;0;0;1;0;0;0;2;0;0
christianisme;0;0;2;0;0;0;1;0;0
chouine;0;0;0;0;0;1;1;0;1
chiotte;0;0;0;0;1;1;0;0;1
chiite;0;1;2;0;0;0;0;0;0
chemise;0;0;0;0;0;3;0;0;0
charline;0;0;0;2;0;0;1;0;0
chandelle;0;0;0;0;0;1;0;2;0
champi;0;1;1;0;0;1;0;0;0
chambouler;0;0;0;0;0;1;1;1;0
chaleureux;0;0;0;1;0;1;0;1;0
chaire;0;0;0;0;0;3;0;0;0
chair;0;0;0;0;0;2;1;0;0
chaines;0;0;0;0;0;0;1;1;1
chagrin;0;0;0;0;0;2;1;0;0
chad;0;0;1;0;0;1;1;0;0
cgn;0;0;0;0;0;0;0;1;2
cessation;0;0;3;0;0;0;0;0;0
cervelas;0;1;0;0;0;2;0;0;0
centimètre;0;0;0;0;0;0;2;0;1
center;0;0;2;0;0;0;0;0;1
cbd;0;1;0;0;0;0;2;0;0
cb;0;0;0;0;0;0;0;3;0
catalogue;0;1;0;0;0;0;1;1;0
castro;0;0;2;0;0;0;1;0;0
caste;0;0;0;0;0;1;1;1;0
casserole;0;0;0;0;0;0;2;0;1
casi;0;0;1;0;0;0;1;1;0
casanier;0;0;0;0;0;0;1;2;0
carlos;0;0;1;0;0;0;2;0;0
capturer;0;0;1;0;0;1;1;0;0
captivité;0;0;1;0;0;2;0;0;0
candidature;0;0;0;0;0;0;1;2;0
camping;0;0;0;0;0;0;0;2;1
camoufler;0;2;0;1;0;0;0;0;0
camer;1;0;0;0;0;0;0;2;0
calimero;0;0;0;0;0;2;0;0;1
calibre;0;0;1;0;0;0;0;1;1
calculette;0;1;0;0;0;0;1;0;1
cadrer;0;0;0;1;0;0;1;1;0
cadence;0;0;0;0;0;2;0;0;1
cachette;0;1;0;0;0;1;0;0;1
cachet;0;1;0;0;0;0;2;0;0
cabinet;0;0;1;0;0;0;0;2;0
bz;0;0;0;0;0;1;1;1;0
buste;0;0;0;0;0;0;2;0;1
burnouts;0;0;0;0;0;0;0;2;1
bull;0;0;0;0;0;0;3;0;0
brélaz;1;0;0;0;0;0;2;0;0
brics;0;0;1;0;0;1;0;1;0
brice;0;3;0;0;0;0;0;0;0
brebis;0;0;1;0;0;2;0;0;0
brasser;0;0;0;0;0;2;1;0;0
branler;0;1;0;0;0;2;0;0;0
bowling;0;0;0;0;0;0;1;0;2
boutonneux;0;0;0;0;0;1;1;0;1
bourre;0;0;0;0;0;1;1;1;0
bourg;0;0;0;0;0;0;0;0;3
bouleverser;0;0;0;0;0;2;1;0;0
bouillie;0;0;0;0;0;2;1;0;0
boug;0;0;0;0;0;2;1;0;0
bouchonner;0;0;0;0;0;1;0;0;2
bonté;0;0;0;0;0;2;1;0;0
bonnement;0;0;0;0;0;0;2;1;0
bonhomme;0;1;1;0;0;0;1;0;0
bondir;0;0;1;0;0;0;1;1;0
bonder;0;0;0;1;0;0;1;1;0
bombardier;0;1;0;0;0;0;0;1;1
bom;1;0;1;0;0;0;0;1;0
bleri;0;0;3;0;0;0;0;0;0
blast;0;0;0;0;0;0;3;0;0
bizzarement;0;0;0;0;0;0;0;2;1
biologiste;0;0;0;0;0;0;0;0;3
binational;0;0;0;0;0;1;1;1;0
bille;0;0;0;0;0;0;1;1;1
bien_pensant;0;0;0;0;0;1;2;0;0
biche;0;0;0;0;0;1;1;0;1
biarritz;1;1;0;0;0;0;0;1;0
bertarelli;0;0;0;0;0;1;0;2;0
berset;0;0;0;0;0;1;1;1;0
belligérant;0;0;2;0;0;0;1;0;0
beach;1;0;1;0;0;0;0;1;0
bavière;0;1;0;0;1;0;0;1;0
bannière;0;0;0;0;0;0;2;0;1
bandé;0;0;1;1;0;1;0;0;0
banditisme;0;0;0;0;0;0;2;1;0
bananier;0;0;0;0;0;0;2;1;0
banane;1;1;0;0;0;0;0;0;1
banalises;0;0;2;0;0;1;0;0;0
banalisation;0;0;0;0;0;1;2;0;0
ban;0;1;0;0;0;0;2;0;0
ball;0;0;0;1;0;1;0;0;1
balfour;0;0;3;0;0;0;0;0;0
babiole;0;0;0;0;0;1;0;0;2
aws;0;0;0;0;0;0;0;1;2
aviv;0;0;1;0;0;0;1;1;0
avancement;1;0;0;0;0;0;0;2;0
avalanche;0;0;0;0;0;0;0;0;3
auxiliaire;0;0;0;0;0;1;1;1;0
autisme;0;0;0;0;0;0;2;0;1
atténuer;0;0;0;0;0;0;1;1;1
attraction;0;0;0;0;0;0;1;1;1
atterrir;0;0;0;0;0;2;0;1;0
atterrer;0;0;0;0;0;1;2;0;0
attentivement;0;0;1;0;0;0;2;0;0
atlas;0;0;0;0;0;0;2;1;0
atf;0;0;0;3;0;0;0;0;0
astéroïde;0;1;0;0;0;0;2;0;0
astuce;0;1;0;0;0;0;1;0;1
astreindre;0;0;0;0;0;3;0;0;0
asthme;0;0;1;0;0;1;1;0;0
assigner;0;0;0;0;0;1;1;1;0
assemblée;0;0;0;0;0;0;3;0;0
assc;0;0;0;0;0;1;0;2;0
aspirateur;0;0;0;0;0;1;0;0;2
asphyxier;0;0;1;0;0;1;1;0;0
asphalte;0;0;0;0;0;2;0;0;1
asloca;0;0;0;0;0;1;1;1;0
ascension;0;0;1;0;0;2;0;0;0
arrondir;0;0;0;0;0;0;2;1;0
armurerie;0;0;0;1;0;1;0;1;0
armoire;0;0;0;1;0;1;0;1;0
arf;0;1;0;0;0;0;1;1;0
ardoise;0;0;0;0;0;0;0;3;0
archamps;0;0;0;0;0;0;1;1;1
aprés;0;0;0;0;0;0;2;0;1
appréciation;0;1;0;0;0;0;1;0;1
approvisionnement;0;0;0;0;0;0;0;1;2
appropriation;0;0;1;0;0;0;1;0;1
appliqué;0;0;0;0;0;0;0;2;1
apple;0;0;0;0;0;0;1;1;1
apart;0;0;1;0;0;1;1;0;0
anxiété;0;0;0;0;0;1;0;1;1
antérieur;0;0;1;0;0;1;0;0;1
antoinette;0;0;1;0;0;1;1;0;0
antifas;0;0;1;2;0;0;0;0;0
anticipation;0;1;0;0;0;0;0;1;1
anti_aérien;0;0;0;0;0;1;0;2;0
anorexie;0;0;0;0;0;3;0;0;0
anomalie;0;0;0;0;0;0;2;0;1
annecy;0;1;0;0;0;1;0;0;1
animosité;0;0;0;0;0;2;1;0;0
animer;0;0;0;0;0;2;1;0;0
animaliste;0;0;0;0;0;0;3;0;0
animalier;0;0;0;0;0;0;1;0;2
ancestral;0;0;1;0;0;0;1;0;1
amsterdam;0;0;0;1;0;0;0;0;2
amortir;0;0;0;1;0;0;0;1;1
aminé;0;0;0;0;0;1;0;0;2
amical;0;0;1;0;0;1;1;0;0
ambassade;0;0;1;0;0;0;1;1;0
always;0;0;2;0;0;0;0;0;1
alpiniste;0;0;0;0;0;3;0;0;0
allègrement;0;0;1;1;0;0;1;0;0
allumé;0;0;0;1;0;1;0;0;1
allaiter;0;0;0;0;0;1;1;0;1
aliéner;0;0;3;0;0;0;0;0;0
aliens;1;2;0;0;0;0;0;0;0
alexandrina;0;0;0;3;0;0;0;0;0
alex;1;0;1;1;0;0;0;0;0
alcohol;0;1;0;0;0;0;0;1;1
alarmer;0;0;0;0;0;2;0;0;1
ajuster;0;0;0;0;0;2;1;0;0
aisance;0;0;0;0;2;0;0;1;0
airlines;1;0;0;0;0;0;0;1;1
aiguisé;0;0;2;0;0;1;0;0;0
ahhhh;0;1;0;0;0;0;2;0;0
aggressions;0;0;2;0;0;1;0;0;0
agglomération;0;0;0;1;0;0;0;0;2
afro_américain;0;0;0;0;0;2;1;0;0
affûter;0;0;0;0;0;2;1;0;0
affolant;0;0;0;0;0;1;1;0;1
affichage;0;0;0;0;0;1;0;1;1
affection;0;0;0;0;0;2;1;0;0
affabulation;0;0;0;1;0;0;2;0;0
adéquation;0;0;0;0;0;1;0;1;1
admiratif;0;0;0;0;0;1;1;0;1
adjacent;0;0;1;1;0;0;1;0;0
adhérent;0;0;0;0;0;1;1;1;0
addor;0;0;0;0;0;0;3;0;0
addict;0;1;0;0;0;0;0;0;2
adage;0;1;0;0;0;1;0;1;0
actu;0;0;0;0;0;0;3;0;0
acné;0;0;0;0;0;2;0;0;1
achete;0;0;0;0;0;0;0;3;0
ace;0;0;2;0;0;0;0;0;1
accusateur;0;0;0;0;0;0;3;0;0
accru;0;0;0;0;0;1;0;1;1
acc;0;1;0;0;0;1;0;0;1
abstentions;0;1;0;0;0;0;2;0;0
abruti;0;0;0;0;0;2;1;0;0
aboyer;0;0;1;0;0;1;0;1;0
aboutissant;0;0;0;0;0;1;2;0;0
abnégation;0;0;0;0;0;2;0;1;0
abaissement;0;0;0;0;0;0;0;0;3
a_priori;0;0;0;0;0;0;1;2;0
a1;0;0;0;0;2;0;0;0;1
80km;0;0;0;0;0;1;0;0;2
6h30;1;0;0;0;0;0;0;2;0
6b_655;0;0;0;3;0;0;0;0;0
5j;0;0;0;0;0;1;1;0;1
500k;0;0;0;0;0;0;0;3;0
4ans;0;0;2;0;0;0;0;1;0
3d;0;0;0;0;0;1;0;0;2
322septies;0;0;0;0;0;0;3;0;0
22h;0;0;0;0;0;1;0;1;1
20x;0;0;1;0;0;0;0;0;2
20km;0;0;0;0;0;0;0;0;3
20k;0;0;0;0;0;0;0;2;1
200k;0;0;0;0;0;0;0;3;0
1mio;0;0;0;0;0;0;1;2;0
16h;0;0;0;0;0;0;0;2;1
100x;0;0;0;0;0;1;1;0;1
100km;0;0;0;0;0;0;0;0;3
100k;1;0;0;0;0;0;0;2;0