*rts_i;2095;3562;4904;1786;582;8354;7778;6867;4011
*i_0501;2;6;11;1;0;9;26;0;2
*postLikes_5000;11;43;13;11;2;28;46;51;13
*postComments_64;4;22;11;4;0;22;59;8;51
*postReposts_21;15;43;24;14;0;78;80;33;66
*postDate_18-11-2025;48;93;76;16;9;422;296;353;67
*commentDate_18-11-2025;33;81;58;11;10;339;206;295;59
*commentLikes_136;0;0;0;0;0;1;2;4;0
*lang_fr;2095;3562;4904;1786;582;8354;7778;6867;4011
-*goran___gnv;0;0;0;1;0;0;2;2;0
*commentDate_19-11-2025;42;92;25;9;5;194;239;530;100
*commentLikes_1;429;731;794;243;103;1411;1265;1139;658
-*laviedesf77;2;5;16;2;0;5;23;2;1
*commentLikes_211;0;1;2;1;1;1;1;0;0
-*wabisabi_and_kimchi;1;0;2;0;0;8;4;3;5
*commentLikes_4;61;127;265;102;30;400;359;312;184
-*technicyan_;0;2;4;1;0;3;9;3;1
*commentLikes_0;874;1601;1280;348;206;2600;2480;2056;1139
-*mlhg_64;0;0;1;0;0;2;1;0;0
-*neko_sousou;0;0;1;0;0;0;0;0;0
*commentDate_20-11-2025;28;105;16;7;2;157;108;128;145
-*arthurito_lex;0;6;27;0;0;11;41;22;9
*commentLikes_3;119;170;357;128;30;556;518;428;296
-*emeraudeperle;1;2;6;4;1;9;8;3;0
-*richard_meulien;0;1;1;1;0;2;0;2;0
*commentLikes_2;174;304;476;165;61;842;763;623;447
-*naimeninou;0;0;0;0;0;1;0;0;0
*commentLikes_12;21;20;82;22;4;100;82;77;49
-*volik680;0;1;1;0;0;2;0;1;1
*commentLikes_9;18;31;103;43;9;132;118;114;73
-*ganesh_clement;30;22;25;20;0;23;33;18;36
*commentLikes_11;13;23;64;23;2;99;99;84;60
-*celhadon_images;0;1;1;0;0;0;1;0;0
-*greg__marc;0;0;0;0;0;0;1;0;0
-*zvonwo;1;0;0;0;0;3;4;0;0
*commentLikes_8;32;49;121;52;8;191;143;149;73
-*cedricdemontst;0;5;2;1;0;0;3;1;3
-*justrandev;0;0;2;0;0;0;3;1;0
-*mysmys_62;0;1;11;1;2;5;4;4;0
-*senad_x;1;0;0;0;0;0;1;0;0
-*pirouette_kakahuete;0;0;0;0;0;2;1;0;0
-*vive_le_valais;0;0;0;1;0;1;4;1;0
*commentDate_21-11-2025;81;65;20;16;18;238;152;111;98
-*eugenia_kummer_crescenzio;5;3;3;1;0;11;4;4;0
*commentLikes_59;1;2;3;1;1;5;3;8;3
-*romanwuthrich;0;2;0;0;0;0;0;2;0
-*ntrpddm;0;0;3;0;0;2;0;2;1
-*rkn79_;0;0;0;0;0;4;0;2;0
-*mad_jax92;0;1;2;0;0;0;0;0;1
-*___star___child___;0;7;3;1;0;5;4;1;2
*commentLikes_5;51;78;189;59;19;277;273;278;139
-*chris_daq;0;2;53;4;0;9;13;10;1
-*barbara_ensuisse;7;25;1;5;1;21;19;31;24
-*patrickpellissier;0;0;1;0;0;1;0;0;0
*i_0502;19;2;0;0;0;2;2;0;2
*postLikes_10300;30;11;52;4;2;60;35;54;7
*postComments_79;21;4;1;0;0;8;27;22;3
*postReposts_109;19;2;0;0;0;2;2;0;2
*commentLikes_20;6;10;34;6;1;42;33;23;16
-*johan_djourou;2;0;0;0;0;0;0;0;0
-*rtssport;4;1;0;0;2;0;0;0;0
*commentLikes_107;1;1;1;0;1;2;0;1;1
-*cajoueoubien_ch;4;0;0;0;0;0;0;0;0
-*football_videogame;0;1;0;0;0;0;0;0;0
*commentLikes_6;39;62;145;67;20;214;179;197;120
-*yacinenemra;0;0;0;0;0;1;0;0;0
-*tithai_;2;0;0;0;0;0;0;0;1
-*editsbybye;1;0;0;0;0;0;0;0;0
-*maxime_savary;1;0;0;0;0;0;3;1;0
-*lpsedixit_x;2;0;0;0;0;0;0;0;0
-*pgtips1999;1;0;0;0;0;1;0;0;0
-*sandra_gsr_3_3;1;0;0;0;0;0;0;0;0
-*lox163;0;2;0;0;0;1;3;1;0
-*vins_fleury;0;1;0;0;0;0;0;0;0
-*nicominimoi;1;0;0;0;0;0;0;0;0
-*ta_ta_ki;3;0;0;0;0;0;0;0;0
*commentLikes_19;6;8;31;12;6;47;52;45;39
-*samuel_mkl;0;0;0;0;0;1;0;0;1
-*cedric_dstrml;0;0;0;0;0;0;0;0;0
-*vladihcc;0;0;0;0;0;2;0;0;1
-*manuel25310;0;0;1;0;0;0;3;0;0
-*_khelifi_7;1;0;0;0;0;0;0;0;0
-*rhaymartiniano;4;2;7;1;0;2;2;0;1
-*kathleen_gurtner_9;1;0;0;0;0;0;0;0;0
-*flavia_dantas_de_alcantara_;1;0;0;0;0;0;0;0;0
-*elvin_m_monserrate;0;0;0;0;0;1;0;0;0
*i_0503;1;28;3;4;0;49;60;390;20
*postLikes_5400;4;45;7;9;1;70;121;431;27
*postComments_580;1;28;3;4;0;49;60;390;20
*postReposts_31;15;44;133;8;0;80;94;398;23
*postDate_19-11-2025;33;89;5;8;3;132;202;581;94
*commentLikes_597;0;0;0;0;0;0;0;3;0
-*walkingguitar;0;0;0;1;0;1;5;8;1
-*jocelyn_chrr;0;0;0;0;0;1;0;6;0
*commentLikes_74;0;3;2;0;0;3;4;2;1
*commentLikes_36;1;2;8;1;3;8;11;14;6
*commentLikes_13;12;11;50;26;1;78;89;73;56
-*loicccmfr;0;2;0;0;0;1;2;12;1
-*timael_10;0;0;0;0;0;0;0;1;0
*commentLikes_7;36;40;137;64;10;167;183;171;84
-*ant_1d;0;0;0;0;0;10;20;41;3
-*pitch999;0;0;0;1;0;1;4;5;0
-*philou_vitali;0;0;0;0;0;1;0;1;0
-*oulsvda;0;5;9;4;1;4;6;16;5
-*arthur_rimbeauf_official;0;1;7;1;1;3;17;8;1
-*boblefrouze;0;0;1;0;0;8;15;11;1
-*__alex_perez__;0;0;0;0;1;1;0;1;0
-*bon_suisse;0;3;28;7;3;22;128;28;10
-*thomas_rmns;0;2;1;1;0;3;0;11;1
-*depierrazyvonne;0;0;0;1;1;8;7;3;3
-*adrvth;0;2;1;1;0;1;3;18;0
-*s0ftbabybru;0;0;0;0;0;0;1;0;0
-*livio2vsrd;1;6;1;3;0;5;1;7;0
-*everythingune3d;0;3;4;0;2;1;1;4;2
*commentLikes_404;0;0;1;0;0;0;0;1;0
-*fedexvita_;0;0;2;0;0;15;2;4;3
*commentLikes_193;0;0;0;0;0;0;0;1;0
-*elise_z06;0;2;1;3;2;10;7;15;9
*commentLikes_144;0;0;2;0;0;0;1;2;0
-*alainbourgeois;1;2;0;0;0;0;0;4;1
*commentLikes_84;0;1;3;1;0;10;2;2;0
-*sandra_en_vadrouille;0;4;3;1;0;23;20;40;5
*commentLikes_18;7;6;25;18;1;46;37;36;26
-*_daavidx;0;0;0;0;0;0;0;12;0
*commentLikes_17;10;12;27;12;1;49;43;37;11
*commentLikes_21;5;3;13;9;1;23;27;37;23
-*garance_f;0;0;1;0;0;0;2;1;2
-*nc_red;0;0;0;0;0;0;0;2;0
-*le_climate_suisse;0;0;1;0;0;5;4;11;1
-*marc_bac;0;4;4;0;0;4;5;1;1
-*indocile_muriel_;0;1;0;0;0;2;5;3;0
-*saramilosevicsimoes;0;1;0;0;0;2;0;1;1
-*prislova;0;3;0;1;3;6;11;6;4
-*manuelakone8;2;3;7;4;9;16;44;17;13
-*vui_sun;0;0;0;0;1;3;6;2;0
-*nazaamir700;0;0;0;0;0;1;0;0;0
-*theo_jqr;0;0;2;0;0;2;2;1;1
-*bambi_suisse;0;1;0;0;0;0;1;0;0
-*babasttos;1;2;1;0;0;3;2;1;2
*commentDate_23-11-2025;24;67;79;11;7;227;142;146;90
*commentLikes_440;0;0;0;0;0;0;0;1;0
-*cyrius_gir;0;1;0;0;0;1;1;2;0
*commentLikes_199;0;1;0;0;0;1;1;1;0
-*real_pippo;0;0;0;0;0;0;0;1;0
*commentLikes_113;0;2;1;0;0;1;0;1;0
-*ly_liu;0;0;0;0;0;0;0;2;0
-*suzie_b_pop;0;2;3;2;0;39;19;7;5
*commentLikes_54;2;2;1;0;0;5;5;6;4
-*neven_mairy;0;0;8;0;0;1;0;7;1
*commentLikes_51;2;3;3;4;1;3;8;5;3
-*raph10_10;0;0;0;0;0;0;1;1;3
-*gerard_benzene;0;0;7;3;0;1;2;3;0
-*sakura_macha;0;1;0;1;0;1;1;1;0
-*fondue_du_futur;0;0;0;0;0;2;0;0;0
-*luluouzz;0;1;0;0;0;0;0;0;1
-*nunolopes777;0;0;0;1;0;1;0;0;1
-*jeremy_kafka_curtis;0;7;6;0;0;4;11;5;4
-*_n_d_1111;0;0;3;1;0;0;0;2;0
-*ofc_its_cam;0;0;0;0;0;2;0;5;1
-*iac_ppyg;0;0;0;0;0;0;1;0;0
-*romainsab1984;0;5;0;2;1;9;10;19;15
-*soizic_kiu;0;1;0;0;0;1;1;2;0
-*mikael_druid;0;1;0;0;0;5;6;8;10
-*noeiipoli;0;0;0;0;0;0;0;2;1
-*val3ntin_k;0;0;0;0;0;0;4;1;0
-*chuchudachu;0;2;1;4;0;7;7;8;1
-*ysalinesvt;0;1;0;0;0;0;0;0;0
-*leooo_rmp_;0;0;0;0;0;1;1;1;0
-*tiiiagomorais;0;0;0;0;0;0;0;1;0
*commentLikes_285;0;0;0;0;0;0;1;1;0
-*anabarbouille;0;0;0;0;0;1;1;6;0
*commentLikes_32;2;2;7;10;3;17;19;13;6
-*ludo_brnnd;0;0;0;0;0;0;0;7;0
*commentLikes_10;18;24;88;31;8;119;91;95;59
-*morte_et_rose;0;0;2;1;0;5;3;5;0
*commentLikes_67;0;1;7;2;0;5;5;5;2
-*erwindslv;0;0;0;0;0;2;1;0;0
-*hgswisslifestyle;1;1;0;0;0;5;2;11;0
-*evann_bu;0;0;0;0;0;7;11;13;5
*commentDate_24-11-2025;35;26;19;12;3;110;138;83;41
-*duboisceline924;0;0;0;0;0;1;1;2;0
-*sonirockette;0;1;3;0;0;1;0;1;0
*commentDate_25-11-2025;7;10;16;2;1;54;66;57;18
-*david_bitobo;0;0;1;1;0;0;2;2;0
-*sab_sbt;0;0;0;0;0;0;1;1;0
-*__ni_naa;0;0;0;0;0;0;1;1;0
-*dreamless_void;0;0;0;0;1;2;4;15;1
-*ismahanl_;3;5;4;0;0;4;2;5;4
*commentLikes_23;2;8;17;9;4;22;27;27;9
-*geovelobobo;0;2;0;1;0;0;3;2;3
*commentLikes_81;0;2;1;0;0;3;2;6;2
-*autoroute_du_crack_en_fiat;0;0;0;0;0;0;0;1;0
*commentLikes_28;2;8;13;5;0;27;12;26;9
-*nydjo;0;0;7;6;1;21;41;56;9
-*tanyruy;0;0;8;0;1;2;4;2;0
-*srzd_666;0;1;0;0;0;1;0;7;0
-*yoann_slmn;0;0;0;0;0;0;0;1;0
-*nibra_music;0;0;0;0;0;1;1;1;0
-*tseuroon;0;0;1;0;0;2;5;3;2
-*hersilie___;0;1;1;0;0;0;0;0;0
*commentLikes_192;0;0;0;0;0;0;2;0;0
-*mischiefmakers21;0;0;0;0;0;0;2;0;0
*commentLikes_289;0;0;1;0;0;1;0;3;0
-*gobet_thomas;1;0;0;0;0;0;0;3;0
*commentLikes_22;5;13;22;11;0;27;27;32;20
-*esteban_hugv;0;0;0;0;0;0;0;1;0
*commentDate_29-11-2025;1;9;2;2;0;7;5;8;2
-*florence_kaeslin;0;1;7;0;1;1;7;7;0
*commentLikes_48;1;2;0;1;2;4;8;10;3
-*amina_is_dreaming;0;0;0;0;0;1;0;2;0
*commentLikes_31;5;7;6;4;1;19;20;11;12
-*laur_ence_akasha;1;4;3;7;1;22;11;10;2
*commentLikes_118;0;1;1;2;0;0;0;2;1
-*katypaineflamme;0;0;0;0;0;0;0;1;0
-*glaglasven;0;0;0;0;0;2;2;11;1
*commentLikes_25;4;7;12;5;1;27;21;17;15
-*clem_glsq;0;0;0;0;0;1;0;1;0
-*fabiencerf;0;0;0;0;0;0;0;5;0
*commentLikes_128;0;1;0;0;0;0;1;2;0
-*arthur_ctn_;0;0;0;0;0;0;1;1;0
-*grxg___;0;0;0;0;0;1;2;0;1
-*rossipitrepan;0;1;0;0;0;0;1;2;2
*commentDate_22-11-2025;73;42;41;13;7;113;173;55;52
*commentLikes_140;0;0;1;1;0;2;0;3;0
-*lili_spin;0;0;1;0;0;1;1;5;0
-*rafaelp_005;0;1;1;6;0;2;2;2;2
-*laurie_gva;0;0;0;0;0;0;0;1;0
*commentLikes_309;0;0;0;0;0;0;1;1;0
-*starocaster;0;0;0;0;0;0;0;3;1
-*jeromerby;0;1;25;0;0;8;8;6;0
-*jolynrol_;0;0;3;0;1;8;18;7;7
-*guillaume_pillet;0;0;0;0;0;0;0;1;0
-*doucette_jpg;0;1;1;2;0;1;3;3;0
-*ego_yoga;0;1;1;1;0;0;2;2;1
*commentLikes_210;0;0;0;0;0;0;0;3;0
-*lesechosdecatia;0;3;0;0;0;10;4;29;1
-*jerome_cmbf;0;0;0;0;0;0;0;1;0
-*_a_rmel_;0;0;0;0;0;0;0;2;0
-*phephe_lie;0;2;0;0;1;0;4;5;2
*commentLikes_38;1;3;4;5;1;14;12;13;7
-*gvrl_gnzbrg;0;0;0;0;0;1;1;1;0
-*comete_12;0;0;0;0;0;0;0;1;0
-*chrisgazarian;0;0;0;0;0;0;1;2;1
-*mercedesvansetcampersuisse;0;1;1;0;0;0;0;3;1
-*tatacici666;0;0;1;0;0;1;2;11;1
-*jojosilva0911;1;0;0;0;0;0;0;0;1
-*__mulatooo;0;2;0;0;1;1;1;1;0
-*patozorze;0;0;2;12;0;0;3;4;0
-*leos_besson;2;7;1;0;0;4;2;6;8
-*jglinsig;0;2;0;1;0;2;7;3;0
*commentDate_26-11-2025;5;3;3;1;0;15;24;14;6
-*emploi_aux_genevois;0;0;0;0;0;0;1;6;0
-*shahloshka_;0;0;0;0;0;0;0;2;0
-*teo_dellavecchia;0;0;0;0;0;0;1;1;0
-*vania_ribeiro_90813;0;0;0;1;0;1;0;0;1
-*swissnaturelover1;1;3;37;0;0;6;4;4;0
-*thonesien;1;17;100;27;3;107;113;95;58
*commentLikes_79;1;2;1;5;0;3;7;6;4
-*thomasbruchez;0;0;0;0;0;2;0;9;3
-*avbiehler;0;0;0;0;0;0;0;2;0
-*fabiborel;0;0;0;0;0;0;0;0;1
*commentLikes_90;0;1;1;1;0;4;5;8;2
-*_coco_asticot_;0;0;5;4;0;0;9;42;0
-*rrrraphaellll;0;0;0;0;0;0;0;1;0
-*em_vulliet;0;0;0;0;0;0;0;2;0
-*tyler_durden_7_72;0;1;2;0;0;1;4;2;0
-*agnesmilleret;1;2;0;1;0;1;3;2;0
-*ruruxizi;0;0;0;0;0;0;0;1;0
-*sarah_tsr;0;0;1;0;0;1;0;1;0
-*its_damito;0;0;0;0;0;0;1;2;0
-*gioele1309;0;0;0;0;0;0;3;3;0
-*gafnhug;0;0;0;0;0;0;1;0;0
-*matosbrg;0;0;0;0;0;1;3;4;0
-*noemacherel;0;0;0;0;0;1;1;3;1
-*rubenhirsch1;0;0;0;0;0;1;4;1;0
-*ivan_abadc;0;0;0;1;0;2;0;1;0
-*stefanneuhaus91;0;0;0;0;0;0;0;0;2
-*magazub17;1;3;0;0;0;1;9;4;3
-*livka_official_;0;3;0;1;0;6;0;3;0
-*logicetliberte;0;0;1;3;0;7;9;22;6
-*win0r_;0;7;10;3;0;7;5;10;1
-*romain_fleischer;0;0;3;2;0;7;8;0;3
-*lion_ndz;0;0;0;0;0;1;1;0;1
*commentLikes_39;1;3;6;3;0;16;11;11;5
-*_goonki;0;0;0;0;1;2;1;1;0
-*mathemagique;0;1;0;0;0;1;1;1;0
-*cycleofdecay;0;1;4;1;0;2;9;2;2
-*quentin_revaz;0;1;0;1;0;1;1;2;1
-*nicolai_gabrielovich;0;1;5;3;0;3;7;2;0
-*__chlo_m;0;1;18;1;0;27;57;46;9
-*tarekholzl;0;1;1;0;0;0;1;4;0
-*coda_jabali;0;0;3;0;1;3;2;4;1
-*pandaxcore;0;1;0;4;0;31;17;28;10
-*jeremie_amstutz;0;0;0;0;0;1;1;3;1
-*eloawith2h;0;0;0;0;0;0;0;2;0
-*ramouun_3310;1;0;1;1;0;6;8;4;2
-*adrien_le_gauffey;1;0;1;2;0;17;18;10;4
*commentLikes_15;9;10;36;18;4;43;51;48;26
-*chafou_jiji;0;1;1;0;0;5;6;8;5
-*amethys_design;0;0;0;0;0;0;1;1;0
-*romane_anselin1;0;0;0;0;0;0;0;1;0
-*nothin9_left;0;2;0;0;0;0;0;0;1
-*johnbasks;0;1;0;0;0;0;4;2;1
-*benj_roy21;0;0;2;0;0;0;1;1;0
-*vivianepuaux;0;0;0;0;0;0;0;2;0
-*0_dive;0;3;0;0;0;1;3;1;1
-*lauren1s6s;0;0;0;1;0;1;1;3;1
-*robinson_crusoe87;0;0;0;0;1;0;7;31;3
-*cosmokramer1967;0;0;3;1;0;0;1;4;1
-*laika_de_weimar;0;0;0;0;0;0;1;0;0
-*dj_fredator;0;0;0;0;0;0;1;1;0
-*bainfroid;0;0;1;0;0;3;0;3;0
-*victor_dgr;0;0;0;0;0;0;0;1;0
-*skinkacru;0;1;0;0;0;0;1;2;1
-*as_privato;0;0;0;0;0;1;0;1;0
-*pierre_pisan;0;0;1;0;0;1;0;0;0
-*eulalia1811;2;1;0;0;0;4;0;4;3
-*lio_tvrny;0;1;3;5;0;3;4;1;1
-*louisauguste2025;3;22;1;1;1;10;1;5;5
-*m3lly_910;0;0;0;0;0;0;0;1;1
-*kiirastulli;0;0;0;0;0;2;0;0;0
-*swissbliss_millenium;0;1;0;0;0;0;2;1;0
-*bessh2302;0;0;2;0;0;1;0;1;0
-*xurxo_54;0;2;0;0;0;1;0;2;0
-*jspfrda;0;0;1;0;0;0;3;1;0
-*deeberntsen;0;0;0;0;0;0;0;1;0
-*langnissouadou;0;0;0;0;0;0;0;1;0
-*cleverfromlozanegeles;0;4;0;1;0;1;0;1;0
-*dsgp2296;0;1;0;0;0;0;0;1;0
-*d4mn_suricate;0;0;0;0;0;1;2;3;1
-*jo_jo_ba;0;0;1;0;0;2;2;3;0
-*mjszar;1;1;1;0;0;2;5;1;0
-*poulpette88;0;1;0;0;0;0;0;2;0
-*datrueshoes_gallery;0;0;0;0;0;0;0;1;1
-*silviawolfi;1;2;1;1;0;3;3;4;6
-*tcheu_cte;0;1;4;2;0;8;13;3;2
-*angiedpln;0;0;0;0;0;1;0;0;0
-*cocolion1004;0;1;0;1;0;0;0;0;0
-*lrnt_ncls;0;0;0;0;0;0;1;0;0
-*level_therapy;0;0;0;0;1;0;1;6;1
-*diguer23;0;2;0;0;0;2;4;2;1
-*antho_vtr;0;0;0;0;0;0;1;2;0
-*alex_epicurien;0;2;0;1;1;0;0;3;0
-*corentin_vd;0;0;8;4;2;11;15;9;2
*i_0504;0;0;0;0;1;1;1;1;10
*postLikes_3000;26;91;73;9;59;162;117;125;87
*postComments_15;27;11;1;9;2;20;26;13;21
*postReposts_3;19;57;22;12;2;114;78;118;73
-*manoillon;0;0;0;0;0;0;0;0;1
-*bahn_photos;0;0;0;0;0;1;0;0;5
-*ricc_arton;0;2;3;2;0;9;8;8;8
-*darkgrey88;0;1;0;0;0;5;5;1;1
-*emileterrettaz05;0;0;0;0;0;1;0;0;1
-*milan_0503;0;0;0;0;1;0;0;0;0
-*yanoujerry;1;12;8;2;0;14;3;0;2
*i_0505;2;11;1;1;0;27;67;124;6
*postLikes_6400;34;38;122;6;4;62;111;148;9
*postComments_202;2;11;1;1;0;27;67;124;6
*postReposts_17;58;48;206;15;1;172;162;215;94
*commentLikes_188;0;0;0;0;0;0;1;3;1
-*yann_christinat;0;0;0;1;0;4;26;23;0
-*ilias_est_de_retour;0;1;0;0;1;5;1;2;0
*commentLikes_35;3;1;13;7;1;15;17;13;7
-*benmesot;0;1;2;0;0;2;1;6;2
-*anthonybroto;0;0;0;0;0;0;0;1;0
*commentLikes_154;0;0;0;0;0;1;0;8;0
-*enceinte_au_travail_ch;0;1;2;5;0;32;10;12;1
-*nadreg;2;0;0;1;0;10;4;4;2
*commentLikes_33;3;3;12;7;0;17;16;13;7
*commentLikes_26;5;5;10;6;1;18;11;26;10
-*thibaud_stettler;0;1;0;0;0;3;4;4;2
-*rin_ak47_;0;0;0;0;0;1;0;1;0
-*oceane_kn;0;5;0;0;0;4;2;1;0
-*vlt_zb;0;3;0;0;0;3;4;2;0
-*disgrace_command;0;3;2;1;1;5;1;7;1
-*calvin_graf63;0;0;0;0;0;1;2;4;0
-*matthieucornut;0;0;0;0;0;3;1;3;0
-*yanndrrr_;0;1;0;2;0;6;12;1;1
-*art_lisboa;0;4;4;4;1;14;7;22;8
-*blancleanne;0;1;0;0;0;0;0;1;0
-*evelune;0;0;0;1;0;2;1;1;0
-*julien_e_ii;0;2;0;1;0;0;2;2;1
*commentLikes_82;0;0;3;3;0;6;2;4;1
-*chetelatdelphine;12;100;7;8;17;64;66;47;23
-*ynncsta;0;0;0;0;0;0;0;1;0
*commentLikes_24;7;5;10;11;2;17;39;19;10
-*pt_g_t;0;0;1;0;1;13;34;5;3
-*dylancabua;0;0;0;0;0;1;4;8;0
-*g_ael_m;0;0;0;0;0;3;1;7;1
-*noezaugg_;0;1;0;0;0;0;0;0;0
-*heaven185851;0;0;24;8;11;29;64;36;17
-*ac_quiri;1;0;4;1;0;1;1;0;0
-*nicolascrottet;0;0;0;0;0;2;0;3;0
-*fr_pharisa;0;0;2;0;0;0;0;3;0
-*kenpach3;0;0;2;0;0;1;1;0;0
-*raphael_belette;1;0;0;0;0;0;0;1;0
-*massimo_gianelli;0;1;0;0;0;1;0;0;0
-*ilena_6589;0;4;6;2;1;5;3;15;2
-*livret_de_service;0;0;0;0;0;1;4;5;1
-*violaine_dupasquier;0;0;0;0;0;0;0;2;0
-*waferjc;3;5;1;0;0;6;7;1;1
-*allouw7;0;0;0;0;0;2;0;1;0
*commentLikes_46;2;3;5;5;0;13;8;8;7
*commentLikes_44;1;3;6;1;1;10;8;4;3
-*guakamoldakulu;1;2;0;0;0;6;13;1;1
-*dav_mesn;0;0;0;1;0;18;6;6;1
-*ben_jakob_;0;0;0;0;0;0;0;2;0
*commentLikes_69;1;1;6;2;0;3;3;3;3
-*passenger1_618;0;1;4;0;1;9;4;4;2
-*antonrapha;0;4;3;3;0;6;4;3;11
-*coralie_cottier;0;0;0;0;0;0;0;1;0
-*rz_nseo__;0;0;0;0;0;0;0;0;1
-*othman_noury;0;4;0;1;0;10;8;4;1
-*riccardo_disabatino;0;1;0;0;0;2;0;0;0
-*demone_2002;1;0;0;0;0;0;0;0;1
-*marc_j_22;0;0;0;0;0;3;3;5;2
-*fredfrag;1;0;0;0;0;11;4;1;0
-*agnesfarah9;0;5;4;0;1;7;4;10;7
-*pascal_cavadini;0;0;0;0;0;1;0;1;1
-*celinesw77;0;0;0;0;0;2;0;1;1
-*samuel_blnc;0;0;0;1;0;1;0;0;0
-*mlggeneva;0;1;0;0;0;0;0;0;0
*i_0506;1;0;0;0;0;6;3;1;0
*postLikes_679;1;0;0;0;0;6;3;1;0
*postComments_14;18;9;6;1;0;17;12;6;19
*postReposts_10;38;55;38;9;13;154;257;62;27
-*sampannatier;0;2;0;0;0;3;4;5;1
-*guittardleslie;6;5;1;1;0;13;4;10;9
-*india_and_you;5;0;0;0;0;31;19;7;5
-*png00812;0;1;0;0;22;3;12;3;0
*i_0507;0;3;0;0;0;3;16;0;0
*postLikes_4800;14;49;39;66;4;115;247;93;75
*postComments_24;26;29;5;1;1;36;28;4;7
*postReposts_61;3;8;2;3;0;11;22;5;67
-*rdsantos_wav;0;1;0;0;0;0;0;0;0
-*jbedmax;0;0;0;0;0;0;2;0;1
*commentLikes_29;3;12;20;9;3;16;21;9;11
-*sigmalyse;0;0;3;1;0;52;221;37;289
-*tuzu112;0;0;0;0;0;0;2;1;0
*commentLikes_147;0;1;1;0;0;0;3;0;0
-*luca_boillat;0;0;0;0;0;1;0;0;0
-*werrojeremy;2;0;0;0;0;0;1;0;0
-*damien_savoy_musicien;0;1;0;0;0;1;1;0;5
-*xaxis_y_axis;0;0;0;0;0;0;1;0;0
-*christophnoth;0;0;0;0;0;0;1;0;0
-*lex_borl;0;1;0;0;0;0;2;2;0
-*tarekker;0;0;0;0;0;0;1;0;0
-*julien_bautista;0;0;0;0;0;1;0;0;0
*commentDate_2-12-2025;7;4;1;0;0;4;3;0;2
-*forlandaft;0;0;0;0;0;0;0;0;0
*i_0508;3;11;0;1;0;6;4;14;41
*postLikes_4500;11;39;19;3;0;48;37;31;90
*postComments_86;6;16;1;2;0;15;5;20;43
*postReposts_41;14;29;7;2;0;23;27;22;50
*commentLikes_194;0;0;0;0;0;0;0;0;1
-*sonny_skyweed;0;1;1;0;0;2;2;1;3
-*justine__giordano;3;8;7;1;1;51;37;39;21
-*delh_gregory;0;0;0;0;0;0;0;0;3
-*thequennmax;0;3;0;0;0;0;0;0;1
*commentLikes_61;2;4;3;5;0;3;5;5;5
-*serendipite_ch;2;1;0;0;0;2;2;4;4
-*justin_correia;0;0;0;0;0;0;0;0;1
-*suprat88bengal;0;17;4;5;2;28;21;23;41
-*loiuliucci_v;0;0;0;0;0;0;0;1;1
-*lennyfrtd;0;0;0;0;0;0;1;0;1
-*frederique_shine;0;0;0;0;0;1;0;1;2
-*yacsy24;0;1;0;0;0;0;0;0;0
-*mmerlin_la_magie;1;0;0;0;0;0;0;0;0
-*membrezveya;0;0;0;0;0;3;0;1;0
-*aptx_64;0;0;0;0;0;1;1;6;1
-*institut_oasis_22;1;0;0;0;0;0;0;0;2
-*lluisa_ros;2;0;0;0;0;0;0;0;0
-*itisnotmaida;0;0;1;1;0;1;0;0;2
-*_slix_08_;2;9;1;1;3;15;20;10;5
-*prk_1196;1;3;2;0;0;2;2;4;0
-*_lvs_creation;0;1;0;0;0;0;4;0;2
-*ririnan;0;3;1;0;0;0;0;0;0
-*anateresa93_;2;0;0;0;0;16;6;0;8
-*marie_fleurs202128;0;1;0;0;0;0;0;0;1
-*i99ucci;0;0;1;0;0;1;0;2;0
-*divaglio_adriana;0;0;0;0;2;2;0;2;1
-*saphire0100;0;1;0;0;0;0;0;0;0
-*riviera_peche_noe;0;0;0;0;0;0;0;0;1
-*farodomovoy;0;0;0;1;0;5;2;2;2
-*veronique_de_bernardis;0;0;0;0;0;0;0;1;0
-*world_of_pierro;1;1;3;0;0;2;5;6;6
-*leeloo1981;0;0;0;0;0;2;0;2;2
-*marion_design_swiss_made;0;2;0;0;0;0;0;0;0
-*cris_t_ina_;0;0;0;0;0;0;0;0;1
-*olivierbossel;3;4;1;0;1;19;10;4;1
-*yoyo_et_ses_twins;0;1;0;0;0;0;0;0;0
*i_0509;0;3;1;2;1;6;4;9;1
*postLikes_1800;9;24;16;20;3;65;87;36;18
*postComments_29;17;32;7;2;1;52;45;24;57
-*thefirephysicist;0;1;0;0;0;0;0;0;0
*commentLikes_75;0;1;4;1;0;6;1;4;3
-*geneva_soul;0;0;0;0;0;1;1;2;1
-*luv_alex_057;0;0;0;0;0;1;0;0;0
-*supersylvette;1;0;1;0;0;3;4;5;1
-*m_s9801;0;0;0;0;1;0;0;1;0
-*tataizou;0;2;0;0;0;0;1;1;0
-*sarah_dauphine_tchouatcha;0;0;0;0;0;0;0;1;0
-*j_o_r_d_a_n_h;0;0;1;0;0;0;0;1;0
-*cla_ande;0;0;0;0;0;1;0;0;0
-*heinrich_rocchietti;1;1;0;0;0;3;8;2;2
-*_ross_y;0;0;0;0;0;3;1;3;1
-*zinharato;1;2;0;0;0;3;1;0;3
-*mperreira96;0;3;4;3;0;9;12;8;1
-*jsqtsa;1;0;0;0;0;0;0;1;0
-*denger93;0;0;0;0;0;0;1;2;0
*i_0510;12;6;0;0;0;4;12;0;2
*postLikes_23000;12;6;0;0;0;4;12;0;2
*postComments_58;28;34;18;3;5;48;87;32;34
*postReposts_129;12;6;0;0;0;4;12;0;2
-*teviec5683mariech;1;0;0;0;0;0;0;0;0
*commentLikes_56;2;3;4;1;0;4;5;7;1
-*samexplore_;0;1;0;0;0;0;1;1;0
-*pesentiangelique;1;0;0;0;0;0;0;0;0
-*severaldefinitions;0;0;0;0;0;0;2;0;0
-*lostinmypix;0;0;0;0;0;0;1;0;0
-*cyrildelvallez;0;0;0;0;0;1;0;0;0
-*benoit_maillard;0;1;0;0;0;0;0;0;0
-*romeo_cap9;0;0;0;0;0;0;0;0;0
*commentLikes_30;3;2;8;12;1;24;17;18;7
-*padaw_bula;0;0;0;0;0;1;0;1;0
-*cocogaby057615;0;0;0;0;0;0;1;0;0
-*artiste_water;0;0;0;0;0;0;1;2;0
*commentLikes_14;13;12;47;16;4;66;56;46;31
-*johannvuilleumier;1;3;0;0;0;8;5;1;0
-*cyrilrueg_shapers_lab;0;0;0;0;0;0;0;0;1
-*bapty_mnr;0;0;0;0;0;0;1;0;0
-*lamenace_23;0;0;0;0;0;0;1;0;0
*commentDate_9-12-2025;2;0;0;0;0;2;1;1;0
-*ben_clubsandwich;1;0;0;0;0;0;0;0;0
*commentDate_8-12-2025;6;0;0;0;1;2;3;1;3
-*beyondxplore_;1;0;0;0;0;0;0;0;0
*commentDate_1-12-2025;3;2;0;0;0;4;4;3;5
-*patiandorra;1;0;0;0;0;0;0;0;0
-*sorollaolivia;1;0;0;0;0;0;0;0;0
-*michelmaniatis;0;1;0;0;0;0;0;0;0
-*kafka_suter;0;1;0;0;0;0;0;0;0
-*ultrababs;0;0;0;0;0;0;0;0;1
-*studiolandecy;1;0;0;0;0;0;0;0;0
-*flurinagisele;1;0;0;0;0;0;0;0;0
-*florianeew;0;0;0;0;0;1;0;0;0
-*surabeloot;1;0;0;0;0;0;0;0;0
-*instrasgram;0;0;0;0;0;1;0;0;0
*i_0511;4;10;0;0;0;17;20;27;8
*postLikes_3600;43;48;34;7;0;124;109;83;54
*postComments_96;16;22;4;8;0;75;56;52;82
*postReposts_28;51;65;126;150;3;488;217;151;47
-*buggia__;0;0;0;0;0;1;0;0;0
-*belenaquiso;2;0;0;0;1;1;0;0;1
*commentLikes_383;0;0;0;0;0;1;1;1;0
-*sidooo_v;1;0;0;4;0;1;2;1;1
-*angela_mentha;1;0;0;0;0;0;0;0;0
-*rtsinfo;6;24;0;0;0;2;7;0;0
-*leaenjoyoff;1;1;1;0;0;1;0;1;0
-*warholster;0;0;1;0;0;0;1;0;1
-*lvane_sp;0;0;0;0;0;0;0;1;0
-*jordan_djc;0;3;2;2;1;9;6;6;3
-*liquid_drag;0;0;0;0;0;0;0;2;1
-*mirowshka_singandscream;0;0;0;0;0;1;0;1;1
-*mariacapsuna;0;0;0;0;0;0;2;2;0
-*carlosaz01;0;1;0;0;0;0;0;0;0
-*ferr_studio;1;0;0;0;0;0;0;0;0
-*analog_lab_swiss;0;2;0;0;0;1;2;0;1
-*lalou0110;0;0;0;0;0;0;1;1;0
-*inesrezki_;0;0;0;0;0;1;0;0;0
-*minouchette_ig;8;7;4;4;1;13;17;6;4
-*gabriel_asper_photographie;1;6;11;3;3;14;24;18;7
-*jessica_chablais;0;0;0;0;0;0;0;3;0
-*44badlands44;0;1;0;0;0;1;1;0;0
-*tourdelagruyere;0;0;0;0;0;2;1;0;2
-*lismex;0;0;0;0;0;1;3;3;1
-*yaya___crazy;0;1;0;0;0;1;0;1;0
*commentLikes_92;1;0;1;0;0;0;1;2;2
-*xlmlay;0;1;2;0;0;2;0;0;4
-*kana_aiysoublood;0;1;0;0;0;0;0;0;0
-*luma_zzi;0;0;0;0;0;1;0;0;1
*commentDate_28-11-2025;10;2;1;0;0;7;3;4;3
-*emnet_gbts;0;0;0;0;0;1;0;0;0
-*marinedelacretaz;0;0;0;0;0;0;0;1;0
-*rebovy;0;0;1;2;0;3;6;3;1
-*alej_tr02;0;1;1;0;0;0;1;2;1
-*n_trondle;0;0;0;0;0;1;0;4;0
-*naejsorgo;0;0;6;0;0;1;0;5;0
-*rgrun3r;0;2;1;0;0;3;9;1;6
-*charogn3;0;0;4;0;2;4;7;3;1
-*mehmet_kobulan;0;0;0;0;0;0;0;1;0
-*lasantina;0;0;0;0;0;0;0;0;0
-*sbbcffffs;0;0;0;0;0;0;2;1;0
-*vadim_nunez;0;0;4;0;0;0;4;0;0
-*fullsnake;1;1;1;2;0;8;3;1;4
-*mayawn_;0;0;0;0;0;1;0;0;0
-*kelly_glaronaise;0;0;0;0;0;0;0;1;0
-*marinacaroselli;0;0;0;0;0;1;4;2;0
-*jeredoom;0;0;0;0;0;0;1;0;1
-*_maena_a;0;1;0;0;0;1;0;0;0
-*jonarez_draw;0;1;0;0;0;1;3;0;1
-*que_des_numeros_dus;0;1;0;0;0;0;0;0;0
*commentDate_27-11-2025;7;16;1;1;0;5;3;5;4
-*mariefresnais;0;0;0;0;4;3;2;2;2
*commentLikes_94;0;0;0;1;1;2;3;3;2
-*silvana_tavanxhi;0;1;0;0;0;3;1;3;1
-*cemil_;0;0;0;0;0;3;2;2;0
-*chriss_pgt;0;0;0;0;0;1;1;0;1
-*rinema134_;0;0;0;1;0;1;3;6;2
-*bluepink_0810;0;0;0;1;0;7;4;12;3
-*matteo_stauffacher;0;0;0;0;0;1;0;0;2
-*un_sami_;0;0;0;0;0;1;0;0;0
-*naasta0;0;0;2;0;0;3;3;2;2
-*kalishua;0;0;0;0;0;0;0;1;0
-*yuystagram;1;0;0;0;0;0;0;0;0
-*henri_dlf_;0;1;0;0;0;0;1;0;0
-*nolanne_on_the_air;0;8;2;1;2;7;11;4;6
-*cyrilbiselx;0;0;0;0;0;0;1;0;0
-*reymondcorinne;0;2;1;0;0;2;0;0;0
-*sambrown486;0;0;0;0;0;2;1;0;0
-*rachaelelizabethlifts;0;0;0;0;0;0;0;1;0
-*leo_gricha;1;0;0;0;0;0;2;0;2
*i_0512;6;10;0;0;0;1;1;0;5
*postLikes_10100;60;19;0;1;2;18;7;9;10
*postComments_39;6;13;6;1;0;16;18;1;9
*postReposts_102;13;16;59;6;2;56;41;8;11
-*agnescontat;1;0;0;0;0;0;0;0;0
-*rayhanariri6;1;0;0;0;0;0;0;0;0
-*sarahmoret74;0;2;1;1;0;0;0;3;2
-*gruyere_aop;6;27;1;1;0;3;1;0;0
-*dorian_brnd__;1;0;0;0;0;0;0;0;0
-*sylviagrivet;0;0;0;0;0;0;0;0;0
-*essinrecber;0;3;0;0;0;0;0;0;0
-*odebitmusique;1;3;0;2;0;10;3;3;7
-*zephlex92_;0;1;0;0;0;0;0;0;0
-*samuel__th;0;8;0;3;1;1;2;3;1
-*said_aitbaih;2;0;0;0;0;0;0;0;0
-*d_c_rider;4;9;0;0;0;12;10;3;10
-*mandiluxi;1;0;0;0;0;0;0;0;0
-*nito_503;1;4;3;1;1;13;14;13;22
-*__leportugais_;0;0;0;0;0;2;0;0;1
-*trinitylalchimiste;0;5;0;0;0;0;0;0;0
*i_0513;3;6;0;0;0;5;8;0;1
*postComments_41;5;12;7;3;3;32;45;32;17
*postReposts_88;15;59;7;1;226;101;165;60;11
-*bgrlck;1;0;0;0;0;1;2;0;2
-*louli_anais;0;0;1;1;0;0;1;0;0
-*prenga_roza;0;0;0;1;0;1;0;0;0
*commentLikes_16;8;11;34;10;4;50;48;30;23
-*douladefindevie;0;0;0;0;0;1;1;0;0
-*jordixm;0;1;0;0;0;1;0;1;0
-*li__naaaa;0;0;0;0;0;0;0;0;0
*commentLikes_127;0;1;4;1;0;0;3;0;0
-*louis_delez;0;4;5;0;0;9;3;8;6
-*tania_diaz_lourenco;0;0;0;0;0;3;0;2;1
-*ludaal_super_tremp;0;4;0;0;0;2;2;2;3
-*flowery_pauline;0;0;0;0;0;2;1;1;0
-*bohrumwodlyn_marley_56;0;1;0;0;0;3;0;1;3
-*fredivert_;0;2;0;0;0;3;3;3;0
-*deyan_aljvc;0;1;1;0;0;0;1;1;0
*i_0514;1;1;0;0;1;7;6;15;0
*postLikes_2900;9;16;33;13;1;65;51;36;36
*postComments_37;5;24;3;1;1;31;23;30;34
*postReposts_18;71;44;12;2;8;97;145;103;45
-*giada_888;0;0;0;0;0;0;0;1;0
-*ajaccio2012;0;0;0;0;0;2;0;2;2
-*vanessa_vorlet;0;0;0;0;0;0;2;2;0
-*valgonnet;0;0;0;0;0;0;0;1;0
*commentLikes_62;0;1;2;3;0;5;3;5;0
-*auntietantie;2;9;6;0;0;1;6;2;0
-*_jonfen_001;3;6;1;0;0;8;7;7;2
-*__akso__;0;0;6;0;0;5;13;6;1
-*sora_mrt;0;0;0;0;3;0;0;2;0
-*claudia_landry;0;0;0;0;0;2;2;0;2
-*mirs_08;1;0;0;0;0;0;0;2;1
-*cyleroy;0;0;0;0;0;0;2;1;0
-*tiagftm1119;0;0;0;0;0;0;0;0;0
-*philippethivolet;0;0;1;0;0;1;1;1;0
-*44meti;0;0;0;0;0;0;0;0;0
-*marie_des_montagnes_;0;16;8;5;6;15;37;13;9
-*uanderolv;0;1;1;0;0;2;1;0;0
-*miguelolho;0;0;0;0;0;2;0;0;0
-*alessherndz;0;0;1;0;0;0;0;1;0
-*peluche4466;0;0;0;2;0;4;2;0;0
-*eduardogarcia171106;0;0;0;1;0;0;0;1;0
-*alessandro_de_marco_1;0;0;0;0;0;0;0;1;0
-*odysseeferrillo;0;0;0;0;0;1;1;0;1
-*nicoleschuppli;0;0;0;0;0;1;0;1;0
*i_0515;1;11;2;0;0;35;12;5;5
*postLikes_3200;7;25;4;1;2;41;33;45;36
*postComments_77;4;34;12;2;0;76;37;37;43
*postReposts_16;17;62;18;2;2;125;80;91;72
*postDate_20-11-2025;31;104;12;7;2;142;82;95;207
-*cyrilandantho;0;0;0;0;0;0;1;0;0
*commentLikes_269;0;1;3;0;0;2;0;0;0
-*douceur_d_estate;0;0;0;0;0;2;0;0;0
-*nomaeeehh;1;12;0;0;0;4;8;10;0
-*momo_ken01;0;0;0;0;0;1;0;0;0
-*tits_lala;0;0;0;0;0;0;1;1;0
-*congasito;0;1;0;0;0;0;0;0;0
*commentLikes_41;3;3;12;4;0;14;12;10;5
-*tinalokya;0;4;16;0;0;12;12;4;6
-*swisspixie;0;0;0;0;0;0;0;0;1
-*all_about_pepe_;0;0;0;0;0;1;1;0;1
-*patlabatte;0;4;0;0;0;4;1;1;3
-*dazzlechristine;0;0;0;0;0;6;0;0;1
-*dantedelafrasse;1;2;0;0;0;0;0;1;2
-*hug0detoledo;0;9;13;3;4;25;26;12;1
*commentLikes_203;0;0;0;0;0;1;0;1;0
-*mesepaulettes_vintage;0;0;0;0;0;3;1;0;1
-*le_professeur_de_m;0;4;0;0;0;0;2;1;0
-*gentilcopain;0;1;0;0;0;2;4;2;3
-*maxgurt;0;0;0;0;0;1;0;0;0
-*les_cousettes_de_mamaji;0;0;0;0;0;1;0;1;0
-*jjacques98;0;0;0;0;0;2;1;0;0
-*noemie_khr;0;1;1;0;0;4;0;0;2
-*aurorererat;1;2;0;0;0;7;5;6;0
-*cdvintageantiques;2;5;0;0;0;5;0;1;0
-*vittorio_bottazzi10;0;0;0;0;0;1;0;0;0
-*mahachannoufi;0;0;4;0;0;3;0;0;1
-*madame_siegiii;0;1;0;0;0;2;0;1;0
-*dylan_bernardo99;0;1;0;0;0;0;0;0;0
-*sparklingirl_out_of_the_box;1;1;0;0;0;4;0;0;1
-*sam_gen74;0;2;1;0;0;0;3;1;0
-*and_ersongilliana;0;0;2;0;0;1;0;0;0
-*flixframe;0;0;28;0;0;15;9;4;2
-*marbiboule;0;1;1;0;0;0;0;0;0
-*yoannschrago;0;1;0;0;0;0;0;0;0
-*coursinformatique_ch;0;0;0;0;0;0;0;0;1
-*rita_haas_50;0;0;0;0;0;1;0;0;0
-*mvrloxix;0;0;0;0;0;0;1;0;0
-*gavri____enojado_1208;1;5;0;0;1;3;2;4;1
-*bartosz_zaczek;0;0;0;0;0;3;1;0;1
-*dan07zandu;0;1;0;0;0;0;0;0;0
*i_0516;0;5;0;2;0;9;11;2;0
*postLikes_4000;10;20;80;16;1;46;40;17;2
*postComments_38;8;55;7;3;1;61;59;43;56
*postReposts_5;19;47;41;12;6;105;110;126;52
*commentLikes_43;0;0;5;4;0;10;12;8;3
-*woootwooots;0;0;0;1;0;2;0;0;0
*commentLikes_230;0;0;0;1;0;1;1;2;0
-*kiluka;0;0;12;8;2;9;31;3;4
-*edinyt03;0;0;3;0;0;0;2;0;0
-*nivinebrandt;0;1;1;0;0;4;2;1;0
-*lylia_nedjari_;0;0;0;0;0;1;0;0;0
*commentLikes_50;1;4;5;6;0;13;15;7;5
-*marmaralou;0;0;0;0;0;1;0;0;0
-*medmimomidojimmy;0;2;0;0;0;0;1;0;0
-*parlonsvrai2vrai;0;1;0;3;0;7;3;4;3
-*raoul_gnv;0;0;0;0;0;1;0;0;1
-*delph_des_iles86;0;1;2;0;0;0;2;0;1
-*isabel_fernandez_pena;0;0;0;1;0;0;0;1;0
*commentLikes_117;1;1;0;0;0;0;2;1;0
-*emiliodoval;0;1;1;0;0;1;1;0;0
-*alexis_medz;0;2;2;1;1;0;2;0;1
*commentLikes_104;0;1;1;1;2;1;1;1;1
-*leo_dj_mel;0;0;0;1;0;0;0;0;0
-*cess_meme;0;1;0;0;0;0;0;0;0
-*graou46;0;0;1;0;0;2;6;3;0
-*tsourmdamien;0;1;0;1;0;0;0;2;2
-*lulutasvu;0;0;0;0;0;2;1;1;0
*i_0517;1;0;0;0;0;5;0;5;2
*postLikes_1700;16;41;70;11;9;118;219;65;44
*postComments_22;9;15;7;4;1;33;43;27;25
*postReposts_4;34;54;89;7;7;126;123;144;80
-*skg_co;0;1;3;1;1;18;9;7;4
-*ir3ico;0;0;2;0;0;1;3;10;5
-*cbbworldtv;1;3;5;1;0;3;3;3;2
-*samuelicopter;0;0;2;0;0;2;0;3;0
-*sweettonka;0;0;0;0;0;1;1;1;1
-*damdamgva;0;0;0;0;0;1;0;0;0
-*dol_zar;0;2;0;0;1;3;1;2;2
-*loloobeney;0;3;32;0;0;10;15;4;1
*i_0518;0;0;0;0;0;6;2;1;4
*postComments_17;23;19;5;2;0;29;28;36;17
*postReposts_13;15;25;3;2;2;43;65;84;84
-*__amaterasu_omikami__;0;0;1;0;0;1;0;0;0
*commentLikes_65;0;1;1;4;1;5;6;3;2
-*___bapt___;0;0;0;0;0;1;0;0;0
-*aequor_mi;0;10;2;3;0;10;18;13;7
-*professor_tissot;0;0;0;0;0;1;0;0;0
-*jamantcha;0;0;0;0;0;0;0;0;1
-*t_o_v_e_y_r_e;0;0;0;0;0;0;0;0;1
*i_0519;2;0;0;0;0;4;2;5;1
*postLikes_3400;26;45;142;20;2;144;130;67;34
*postComments_25;7;13;14;2;0;40;26;34;35
-*_vaaan_essa;1;0;0;0;0;0;0;0;0
-*lolagiraud_creations;0;0;0;0;0;1;0;0;0
-*telessorf;0;3;0;0;0;3;3;3;4
-*lucky_xii;0;0;0;0;0;0;0;1;0
-*maribel250359;2;0;1;0;0;2;4;2;0
-*parentvillegva;2;0;1;0;1;4;4;17;6
-*malool_52;0;0;0;2;0;0;1;5;0
*i_0520;3;21;1;3;1;10;5;6;26
*postLikes_17500;3;21;1;3;1;10;5;6;26
*postComments_78;16;46;2;3;1;30;10;10;31
*postReposts_93;3;21;1;3;1;10;5;6;26
-*mily__matinez;1;0;0;0;0;0;0;0;0
-*joelle_pidoux;0;0;0;0;0;1;0;0;1
-*lisa_daninthe;0;0;0;0;0;0;0;0;1
-*championcarine;0;5;0;1;0;0;2;5;2
-*kathia399;0;0;0;0;0;0;0;1;0
-*alain_freyre57;1;3;0;0;0;0;0;2;0
-*luca_tiefn;0;0;0;1;0;1;1;0;2
-*moniquegross974;0;1;0;0;0;0;0;0;0
-*002_bunnyemo;0;0;0;0;0;5;2;2;1
-*nicoledervey;0;0;0;0;0;0;0;0;2
-*family_lorine;0;0;0;0;0;1;0;1;0
-*bri_wyssmuller;0;0;0;0;0;0;1;0;0
-*sandrinejaquet;0;0;0;0;0;0;0;0;1
-*en_fete_a_mine_;0;0;0;0;0;0;0;0;1
-*odessa_martella;1;1;0;0;0;0;0;0;0
-*horse_7775109;0;1;0;0;0;0;0;0;0
-*enola_mfmt;0;1;0;0;0;0;0;0;0
-*unreal_tifix;0;2;2;5;0;8;5;1;1
-*jacksniederer;0;0;0;0;0;0;0;0;1
-*max_studiomax;0;0;0;0;0;0;0;0;1
-*raph_olgg;0;1;1;0;0;2;3;1;0
-*_stevenski_;0;2;0;0;0;0;0;0;1
-*mary_jo1268;0;1;0;4;0;13;12;15;8
-*stephane_chaperon;0;0;0;1;0;0;0;1;2
-*elisazggg;1;4;0;0;0;2;0;1;0
-*annik_bg;1;2;0;0;1;4;1;0;2
-*x_boubinator_x;0;1;0;0;0;0;0;0;0
-*killian_crausaz;0;5;1;0;0;1;1;4;4
-*stellll_iiina_;0;1;0;0;0;0;0;0;1
*commentLikes_34;4;3;11;5;0;8;11;13;4
-*marino1701;0;1;0;0;0;0;0;0;0
-*pierreyvanmeylan;0;1;0;0;0;0;0;0;0
-*angelit0_9o;0;0;0;0;0;0;0;0;1
-*guillaume_td;0;0;0;0;0;0;0;0;1
-*martine_ride;0;0;0;1;0;0;0;4;3
-*mirloche58;0;0;1;0;0;0;1;0;0
-*noemm00;0;0;0;0;0;1;0;0;0
-*paulaalvessampaio;0;0;0;0;0;0;0;0;1
*commentLikes_77;1;1;2;3;0;2;2;3;1
-*mo_rafa1984;1;1;0;0;0;1;0;1;1
-*ptite_steph_gva;0;4;4;1;0;22;4;6;2
-*stephane_haymoz;0;2;0;0;1;1;0;1;1
-*nadialechaire;0;0;0;0;0;0;0;1;0
-*arnaud_mathier;1;0;0;0;0;0;0;0;0
-*anastasia4m;0;1;0;0;0;0;0;0;0
-*ynf___prtn;0;5;1;0;0;9;1;0;9
*i_0521;2;2;0;0;0;19;3;3;0
*postLikes_4100;25;24;19;8;1;64;52;29;30
*postComments_35;10;13;2;1;2;50;20;7;8
*postReposts_101;8;14;3;5;2;105;62;41;23
-*gabriellabonomo;1;0;0;0;0;0;0;0;0
-*catherine_jan_dite_kajan;4;0;0;0;0;0;0;1;0
-*erikaa_c_lehner;0;0;0;0;0;0;0;0;0
-*messina_diana;0;0;0;0;0;1;0;0;0
-*minasidiali;0;0;0;0;0;0;1;0;0
*commentLikes_68;0;2;4;0;1;6;4;9;1
-*nazile_halimahassan;0;0;0;0;0;2;0;0;0
-*lilianeoertli;16;4;1;0;0;8;0;2;0
*commentLikes_63;1;2;3;2;0;3;5;8;1
-*suica_sem_filtro;0;1;1;0;0;2;0;3;0
-*hellglowx;1;7;3;0;0;12;4;4;7
-*muter83;0;0;0;0;0;5;0;0;0
-*myrjanalep;0;0;0;0;0;5;0;1;0
-*cringedefaultparent;0;0;0;0;0;1;0;0;0
-*balababou;0;0;0;0;0;0;0;1;0
*commentLikes_103;0;1;5;0;0;2;3;3;1
-*mariemadmm;0;0;0;0;0;0;1;0;0
-*ann_rk_23;0;0;0;0;0;1;1;1;0
-*maghub3;0;0;0;0;0;1;0;0;0
-*frosinaelenaaaa;0;0;0;0;0;1;0;0;0
-*_fab_and_me_;0;0;0;0;0;1;0;0;0
*commentDate_3-12-2025;3;1;0;0;0;1;2;2;0
-*dej_robocop;0;4;5;0;0;2;7;5;0
-*genarorg01;1;4;3;0;4;6;11;13;8
*i_0522;4;17;6;1;0;13;22;8;8
*postLikes_5100;14;50;20;10;1;68;65;158;50
*postComments_119;5;25;42;1;1;21;28;11;11
-*patrickdeblonde;0;0;5;0;0;1;2;0;0
-*lifeinsabr;0;0;1;0;0;0;2;1;0
*commentLikes_436;0;0;0;0;0;0;1;0;0
-*maya_marchonn;1;0;1;0;2;4;1;1;2
-*zekiezek87;0;0;1;0;0;1;0;3;0
-*emilievloo;1;0;0;0;0;1;1;0;2
-*emk22tr;0;0;1;0;0;0;0;0;0
-*academie_du_luxe;1;0;0;0;0;0;0;0;0
-*noaient;0;0;1;0;0;0;0;0;0
-*_moonley;1;1;0;0;0;1;0;0;0
-*cannelleblanc;0;1;0;0;0;0;0;0;0
*commentLikes_101;1;0;1;4;0;4;2;1;1
-*enzo_bonaudi;0;1;0;0;0;0;3;1;1
-*low_laxx__;2;1;0;0;0;1;1;0;0
-*sari_cegla;0;5;2;0;2;2;4;0;2
-*meata_ve_ad_olam;0;0;3;1;0;3;3;0;2
-*hasbuli42;1;1;7;4;0;21;19;22;5
-*ay_mechatech;0;0;1;0;0;2;1;0;0
-*den_stern;0;0;0;0;0;1;2;1;0
-*n_yks7;0;1;1;0;0;3;2;8;0
-*chevaispascale;0;0;0;0;0;2;1;0;0
-*brayanrossel;0;0;0;0;0;1;0;0;0
-*0nly_morn1ng;0;0;0;0;0;1;0;0;0
-*ajidas73;0;0;0;0;0;0;0;0;1
-*patriiciia_s;0;1;0;0;0;0;0;0;0
-*alily_bellule;0;1;0;0;0;0;0;1;0
-*masson417;0;0;0;0;0;0;1;0;1
-*faby_audouin;1;0;0;0;0;0;0;0;0
-*isaac_elikya;0;1;0;0;0;0;0;0;0
-*loriculaire;0;0;0;0;0;1;0;0;0
-*aymonjeanpierre;0;0;0;0;0;0;1;0;0
-*leliorlx;1;0;0;2;0;1;0;1;1
-*csillagalantay;1;0;0;0;0;0;0;0;0
-*aless_dama21;0;0;0;0;0;0;0;0;0
-*ycz_9;0;0;0;1;0;1;0;1;0
-*vik_rmd;0;0;0;0;0;0;0;0;0
-*watchcollector667;0;0;0;0;0;0;0;1;0
-*seb_w_888;0;0;0;0;0;0;0;0;0
-*tatianaa_rch;0;0;0;0;0;0;0;0;0
-*nature_aux_pattes;0;0;0;0;0;0;0;2;0
-*ouaiouaimonpote;0;0;0;0;0;1;0;0;1
-*don_saltamontes;0;0;1;0;0;1;0;0;0
-*fit_food2024;0;1;0;0;0;0;0;0;0
*commentLikes_53;0;2;3;3;0;8;5;3;7
-*lucas_taccc;0;0;0;0;0;0;1;0;0
-*_____mika________;0;0;0;0;0;1;1;0;1
-*simmasc;0;0;0;0;0;0;0;0;0
-*emmaplrd;0;0;0;0;0;0;0;0;0
*commentLikes_207;0;0;1;0;0;3;1;2;0
-*madame_fa_;0;0;0;0;0;1;3;1;1
-*dlbsurinsta;0;0;0;0;0;2;1;1;0
*commentLikes_66;0;2;1;1;0;8;5;12;9
-*mkshmri;0;2;0;0;0;1;2;1;2
-*werk0054;0;1;0;0;0;1;1;1;0
-*miguel_cruzpalma;1;1;0;0;0;1;1;0;0
*i_0523;0;8;1;0;0;14;4;17;68
*postLikes_4400;22;24;23;3;1;43;29;31;92
*postComments_127;5;37;24;4;1;121;89;32;93
*postReposts_150;65;18;53;4;2;77;37;75;73
-*lala_capsou;0;0;0;0;0;0;0;0;1
-*yvojunod;0;0;3;0;0;3;6;1;1
-*elsa_guinchard;1;0;0;0;0;1;0;0;0
-*lejuste1975;0;2;1;2;0;0;1;3;1
-*ylliii_;0;0;0;0;0;0;0;1;1
*commentLikes_143;1;0;1;1;0;0;2;1;1
-*morane_slh;0;0;0;0;0;0;0;0;1
-*bossie_lo;0;0;0;0;0;1;0;0;1
-*tina_basstou;0;0;0;0;0;5;0;0;2
-*karlacriska;0;1;0;0;0;0;0;0;0
-*saskia_leuba;0;0;0;0;0;0;0;0;2
-*ga_ailllles;0;0;0;0;0;1;0;2;0
-*mbfelley;1;0;1;0;0;1;5;0;0
-*monireh__juliette;0;0;0;0;0;0;0;0;2
-*severine_brunner;0;0;2;0;0;0;0;2;2
-*claire_megumi;0;0;1;0;0;1;0;0;0
-*ericfillon69;0;0;1;0;0;2;3;2;1
-*hypnose_hpps_annemasse_geneve_;0;0;0;0;0;0;0;0;1
-*holymntn;0;0;0;0;0;0;0;0;2
-*lmh682005;0;0;0;0;0;0;0;0;1
-*silverswag;0;2;0;0;0;3;0;3;3
-*bealivegc;0;0;0;0;0;1;1;0;0
-*maisonlessia;0;0;1;0;0;2;2;3;12
-*merci_les_abeilles_suisse;0;2;0;0;0;2;0;1;3
-*paty__oliveira73;1;0;0;0;0;0;0;0;0
-*marie_fp07;0;1;0;0;0;0;0;2;0
-*plastex83;0;1;0;0;0;0;0;0;0
-*serpilaaaa;0;0;0;0;0;0;0;0;1
-*fio_milla;0;0;0;0;0;0;0;0;1
-*zezduarte;0;0;0;0;0;0;1;0;1
-*vivie_magicils_nails;0;3;0;0;0;0;0;0;0
-*telmanapoli9;0;0;0;0;0;0;0;0;1
-*onglerie_ongles_de_choc_;0;0;0;0;0;0;0;2;1
-*marloart_ch;0;0;0;0;0;0;1;0;1
-*barralisabel;0;0;0;0;0;0;0;0;0
-*magaustra;0;0;0;0;0;0;0;0;2
-*ameliepoulin84;0;10;37;1;1;4;9;5;1
-*claude_homolle;0;0;1;0;0;0;0;1;0
-*krshnaauboutdumonde;0;0;0;0;0;0;0;0;1
-*jena_sds_;0;0;0;0;0;1;0;1;1
*commentLikes_27;10;5;8;4;1;19;31;16;8
-*luljete_limani;0;0;0;0;0;2;0;0;2
-*mymyx1991;0;0;0;0;0;1;1;0;0
-*mabb21;0;0;0;0;0;0;0;0;1
-*arnold801;0;0;0;0;0;0;0;0;1
-*heldersvieira;0;1;0;0;0;0;0;1;0
-*1regard1mobile;0;3;0;0;0;2;2;10;3
-*trouver_un_nom_original_;1;3;2;3;0;18;14;6;6
-*abr2016p;0;0;0;0;0;0;1;0;1
-*_joanateix_;0;0;0;0;0;0;0;1;0
-*anca_bonis;0;0;0;0;0;0;0;0;0
-*cynthialiita_;1;0;0;0;0;7;0;0;2
-*blondel_sylvie;0;0;3;0;1;1;1;4;1
-*pikalaura;0;0;1;1;0;2;0;1;4
-*nana_mdne;0;0;0;0;0;0;0;0;1
*commentLikes_88;0;0;4;5;0;4;0;1;1
-*framboise_le_sucre;0;0;0;0;0;0;0;0;1
-*elisabeth_greloz;1;1;0;0;0;0;0;0;0
*commentLikes_47;1;1;5;5;0;4;10;9;8
-*besnik_salihu212;0;0;0;0;0;0;0;0;1
*i_0524;6;2;0;0;0;2;2;0;0
*postLikes_7800;11;8;7;1;2;18;22;9;2
*postComments_16;35;29;3;0;5;31;30;11;12
-*djrafaele;2;1;0;0;0;1;1;0;0
-*paysalliaz_sarl;1;0;0;0;0;0;0;0;0
-*cathy_teixeira_;1;0;0;0;0;1;0;0;0
-*astrid_parchet;1;2;0;0;0;0;1;1;0
-*galliabook;1;3;0;0;0;2;0;1;1
-*ludo_0905;0;1;2;0;0;0;2;2;0
-*py419502;0;2;0;1;0;4;0;2;1
*i_0525;10;1;0;0;0;1;3;0;0
*postLikes_1300;17;26;58;3;0;31;53;29;30
*postComments_50;14;11;2;4;4;25;41;13;43
*postReposts_24;28;50;4;2;3;98;59;15;11
-*wieseltom;0;0;0;0;0;0;1;0;0
-*mls_82_legend;0;0;0;0;0;0;1;0;0
-*cerisedeva;0;0;0;0;0;1;1;1;0
-*teo_nania;0;0;0;0;0;0;0;0;0
-*natas_ge;0;0;0;0;0;0;1;0;0
-*christophe_glz;0;0;0;0;0;1;0;0;0
-*matteo__ianni;1;0;0;0;0;0;0;0;0
-*arthur_chalyi;0;1;0;0;0;0;0;0;0
-*marius_kamm;1;0;0;0;0;0;0;0;0
-*evasntr;0;0;0;0;0;0;0;0;0
-*mi_chaud7;1;0;0;0;0;0;0;0;0
-*matthieu_203;1;0;0;0;0;0;0;0;0
-*ylan_8_;1;0;0;0;0;0;0;0;0
-*camitarti;1;0;0;0;0;0;0;0;0
-*robinrufener;1;0;0;0;0;0;0;0;0
-*nino_pourlesintimes;1;0;1;0;0;2;1;1;0
-*cinema_lasagne;0;0;0;0;0;1;0;0;0
-*nonante_mag;0;0;0;0;0;0;0;0;0
-*thomas_frbh;1;0;0;0;0;0;0;0;0
-*martin_gleizes;1;0;0;0;0;0;0;0;0
*i_0526;2;35;2;1;1;23;14;42;88
*postLikes_16000;4;48;3;1;1;33;18;49;92
*postComments_255;2;35;2;1;1;23;14;42;88
*postReposts_184;2;35;2;1;1;23;14;42;88
-*quatrekar;0;0;0;0;0;0;1;0;2
-*artyfurtado;0;1;0;0;0;0;0;0;0
*commentLikes_165;0;0;1;0;0;0;0;1;0
-*balou25;0;0;0;0;0;0;0;1;0
-*23lc_;0;0;0;0;0;0;0;0;1
-*lio_spartan86;0;0;0;1;1;3;0;3;2
-*12will90;0;0;0;0;0;10;2;1;1
-*guizur;0;0;0;0;0;2;0;2;2
*commentDate_30-12-2025;2;9;18;1;3;25;25;10;5
*commentDate_31-12-2025;3;9;2;0;1;6;5;3;2
*commentLikes_37;0;2;4;1;2;12;13;11;7
-*lmferr;0;1;0;0;0;0;0;0;1
-*loic_sl1;0;0;0;0;0;0;0;1;0
*commentLikes_421;0;0;0;0;0;0;0;1;0
-*romain_gillet_;0;0;0;0;1;1;0;4;5
-*ktswwww;0;0;0;1;0;0;0;0;0
-*nemo_gva;0;0;0;0;0;0;2;0;0
-*yves_merckx;0;0;1;0;0;0;1;0;0
-*izmar__;0;1;0;0;0;1;0;0;0
-*irishclem;0;1;0;0;0;1;3;0;0
-*jyberthet;0;4;0;0;0;0;0;1;0
-*hvlmndr;0;1;0;0;0;0;0;0;0
-*chiliconcanela;0;0;0;0;0;1;0;0;0
-*marion_t_passion;0;1;0;1;0;4;1;5;3
-*leonore___mvn;0;1;0;0;0;0;0;0;0
-*n52nimsaj;2;1;1;0;0;5;3;1;3
-*estelletanari;0;1;1;0;0;3;0;1;6
-*elenia6269;0;1;0;0;0;0;1;3;1
*commentLikes_280;0;0;0;0;0;0;0;0;1
-*virginialledo;0;0;0;0;0;0;0;0;1
-*antonioli_nicolas;0;0;0;0;0;1;0;1;5
*commentLikes_226;0;0;0;0;0;0;0;2;1
-*hafeezajr;1;0;2;1;0;1;2;0;2
*commentLikes_45;2;1;2;4;1;16;9;7;6
-*surleborddemer;0;0;0;0;0;0;0;0;1
-*danywilde77;0;0;0;0;0;0;1;1;0
-*sonjatbm;0;0;0;1;0;1;0;1;0
-*kdizzza;0;0;0;0;0;2;0;0;1
*commentLikes_171;0;1;1;1;0;0;2;2;0
-*latina_fraganza;0;1;0;0;0;0;0;1;1
-*blucheromain;0;0;0;0;0;0;0;0;4
-*selimgat;0;2;0;1;0;1;1;1;0
-*maag_994;0;0;0;0;0;0;0;0;1
*commentLikes_958;0;0;0;0;0;0;0;0;1
-*fatimadl19;0;0;0;0;0;0;0;1;2
-*ericsoul1;0;2;0;0;0;2;0;0;1
-*pattypaty66;0;0;0;0;0;0;0;0;1
-*temybi;0;0;0;0;0;1;1;1;3
-*lauraguarani;0;0;0;0;0;0;0;2;1
-*solaris_sanctuary;0;1;0;0;0;1;1;2;2
-*ker_o_zene;0;0;0;0;0;0;0;0;3
-*barano0;0;0;0;0;0;1;0;1;1
-*irma_plo;0;0;0;0;0;0;0;0;1
-*belita_belinha;1;0;0;3;1;5;2;7;7
-*seyf_023;0;0;0;0;0;0;0;0;1
-*ashlinjuma;0;0;2;0;0;0;0;1;0
-*cedric_zky;0;0;0;0;0;0;0;1;0
-*strong_by_nature_;0;0;9;0;0;4;1;13;0
-*jjlmkayo;0;0;0;0;0;0;0;1;0
-*pierrangelo_1;0;0;0;0;0;0;0;1;0
*commentLikes_60;0;0;4;2;0;2;3;2;2
-*omerta_13b;0;0;0;0;0;2;1;2;5
-*lud0j;0;0;0;0;0;1;1;0;2
-*honny_akcr;0;1;1;0;0;2;1;1;0
-*doespie;0;0;1;0;0;1;0;0;1
-*berthoudd;0;0;1;0;0;0;1;0;0
-*esta_es_mivida;0;1;0;0;0;0;0;0;0
-*paola_barbaralazzari;1;0;0;0;0;2;0;0;1
-*run_with_alexso;0;0;1;0;0;0;1;1;2
-*noeliadvena;0;0;0;0;0;0;0;0;1
-*jenn_with_a_y;0;0;0;0;1;2;0;0;1
-*sim_jo91;0;3;0;0;0;1;0;3;0
-*nathgritti;0;0;0;0;0;0;0;0;1
-*henrique_neves_184;0;1;0;0;0;0;0;0;0
-*edaaagva;0;1;0;0;0;0;0;0;0
-*muffinesque;0;1;0;0;0;2;0;0;0
*commentLikes_149;0;0;2;0;0;1;0;2;1
-*brice_petit_photo;0;7;0;0;0;0;1;2;5
-*loobs1217;2;2;0;0;0;0;0;1;0
-*mostafa_hazara_officiall;0;0;0;0;0;0;0;0;0
-*ernestchap27;0;0;0;0;0;5;2;8;1
-*thibaut_ge;0;0;0;0;0;0;0;0;1
-*baumgartnerkater;0;0;0;0;0;0;0;1;5
-*stephane_naspinski;2;1;0;0;0;0;0;0;2
-*amaury_1247;1;4;4;2;0;1;1;1;1
-*spott_ch;0;0;0;0;0;1;0;0;0
-*djoulegva;0;0;0;0;0;1;0;0;0
-*arman_s_t;1;1;0;0;0;0;0;0;0
-*queen_seyana;0;0;0;0;0;1;0;0;0
-*daniel_racz_;0;0;0;0;0;0;1;0;0
-*mawutka;0;0;0;0;0;1;0;0;0
-*thisguyintheworld;0;2;2;0;0;0;0;2;1
-*mystic__blowing;4;12;2;0;0;3;3;6;6
-*deejayleor18;0;2;0;0;0;1;0;0;0
-*lawrencerieux;1;0;0;0;0;1;1;0;4
-*kroco_deal25;0;0;0;0;0;1;0;1;1
-*vladikliy;0;0;0;0;0;3;0;0;1
-*mila_genf;0;1;0;0;0;1;0;2;0
-*yh_felin;0;0;0;0;0;1;0;0;1
-*maestrolezardo;0;0;0;0;0;0;0;1;1
-*satyaoblette;1;7;0;0;0;3;1;3;1
*commentDate_2-1-2026;1;1;0;0;1;7;1;3;3
-*carmenrossi03;0;0;0;0;0;0;0;1;0
*commentDate_20-12-2025;5;1;1;1;0;3;3;1;3
-*1109lus0;0;0;0;0;0;1;0;0;1
*commentDate_11-12-2025;21;28;3;1;2;44;49;121;40
-*dam_s_roh;0;0;0;0;0;0;0;2;0
*commentDate_4-12-2025;3;3;0;0;0;5;9;3;5
-*hapinessisfreedom;0;0;0;0;0;0;0;0;1
-*nicoleejacques;0;1;0;0;0;0;1;0;0
*commentDate_30-11-2025;2;2;0;0;0;5;4;3;4
-*caravanier_nomad;0;0;0;0;0;0;0;1;1
-*josi_ane4202;0;2;0;0;1;1;0;1;0
-*thaqimuhamed;0;0;0;0;0;0;0;1;2
-*david_banzi;0;0;0;0;0;1;0;0;0
-*lopescatia44;0;0;0;3;0;1;0;0;1
-*jordan_sk_;0;1;1;2;0;0;0;0;0
-*rajaa_2202;0;0;0;0;0;1;0;0;0
-*coco_coach_ch;0;1;0;0;0;0;0;0;0
-*minuce2910;0;1;0;0;0;0;0;0;0
-*papaours_ch;0;0;0;0;0;0;0;2;0
-*chantal_berthoud;0;0;0;0;0;0;0;1;1
-*nahi__mam;0;0;1;0;0;0;1;1;0
-*chantou445;0;0;0;0;0;0;1;0;0
-*giuseppe982245;0;1;0;0;0;0;1;0;0
-*harrysweetfield;0;0;0;0;0;0;0;0;1
-*candiceophir;0;1;0;0;0;0;0;0;0
-*elly_net;0;0;0;0;0;0;1;0;0
-*bobby_does_it_fast;2;0;0;0;0;4;1;3;0
-*erickpipault;0;1;0;0;0;0;0;0;0
-*davv_bx12;0;0;0;0;0;2;0;0;0
-*joy_ricci_;1;1;0;0;0;0;0;1;1
-*marucarazo;0;0;0;0;0;0;0;1;0
-*noufaten;1;0;0;0;0;1;0;0;0
-*benoitlts;0;0;0;0;0;3;5;1;1
-*dynang11;0;0;0;0;0;0;0;1;0
-*sachsait;0;1;0;0;0;1;0;0;0
-*lou_by_armada;0;0;0;0;0;0;0;0;1
-*fabio___dossantos;0;0;0;0;0;0;0;0;0
-*capybarbiiie;0;0;0;0;1;1;0;1;2
-*matt_lrl;0;1;0;0;0;0;0;0;2
-*arnaudy12;0;0;0;0;0;0;0;0;1
-*so_binz;0;1;0;0;0;0;0;1;0
-*mamiyonga;0;1;0;0;0;0;0;1;0
-*jerome_a24;0;1;0;0;0;1;1;0;1
-*goldilocks9999;0;2;0;0;0;0;1;0;0
-*tabazan72;1;1;0;1;0;0;1;0;1
-*juli1prod;0;0;1;0;0;0;0;0;3
-*portraitbyseby;0;0;0;0;0;0;1;1;0
-*silviabenpo;0;1;0;0;0;0;0;0;0
-*couture_k1410;0;0;1;0;0;4;3;1;1
-*ryan___153;0;1;0;0;0;0;1;0;0
-*xavierhenri;0;0;0;0;0;0;0;0;1
*i_0527;0;2;0;0;0;1;2;1;5
*postLikes_1500;10;31;125;12;1;94;103;60;104
-*apl_oliveira;0;0;0;0;0;0;2;0;0
-*loul0ou;0;0;0;0;0;1;1;1;1
-*alexandrebaudraz;0;4;2;0;0;3;6;4;1
-*tb55_00;1;12;1;0;0;13;6;4;8
*i_0528;6;12;3;5;2;86;59;38;23
*postLikes_7200;28;70;31;9;5;234;144;80;94
*postComments_235;6;12;3;5;2;86;59;38;23
*postDate_21-11-2025;80;44;29;11;25;238;144;81;50
-*maurisobreira;0;0;0;0;0;1;0;0;0
-*midnight_jade_smith_art;1;0;0;0;0;1;0;0;0
-*kirsta0203;0;0;0;0;0;1;0;0;1
-*__adrixna;1;0;0;0;0;0;0;0;0
-*urquizarjuan;1;0;0;0;0;0;0;0;0
*commentLikes_120;0;0;1;1;0;1;2;0;0
-*j_u_l_i_e_m_o_t_i_o_n_s;0;0;0;0;0;0;1;1;0
-*yourii_mickailov;0;0;0;0;0;0;1;1;0
*commentLikes_318;0;0;0;0;0;1;0;0;0
*commentLikes_195;0;0;0;0;0;2;1;1;0
-*_sozu_;1;13;1;1;2;31;13;11;11
-*uliviroseline;0;0;0;0;0;0;0;0;0
-*clolacher;0;0;0;0;1;0;0;0;0
-*jacgriv;0;1;1;0;0;2;3;0;1
-*lil_maps_jr;0;1;0;0;0;1;0;0;0
-*nazali_3;0;1;7;1;1;2;4;2;3
-*banlieue_1304_funicumeme;0;1;0;0;0;4;4;2;3
-*myriamcannistra;1;0;0;0;0;0;0;1;1
-*raphchab;0;1;0;0;1;5;4;5;3
*commentLikes_111;0;0;0;1;0;0;1;5;1
*commentLikes_58;0;3;2;3;0;5;2;4;4
-*maximegeorge1976;2;3;11;2;1;22;12;4;10
-*marlichemarloche;9;3;6;1;0;9;0;4;7
*commentLikes_57;1;1;4;2;0;7;10;6;1
-*theialumen;0;2;0;2;0;25;12;3;3
-*zozioh_;0;0;0;0;0;1;0;0;0
-*daniie_bu;0;0;0;0;0;3;1;0;1
-*stuntsmatt;0;0;5;7;0;9;32;3;2
-*sabcham62;0;1;0;0;0;0;0;0;0
-*t_mader;0;0;0;0;0;0;0;0;0
-*alex_paul_martin;0;0;0;0;0;0;0;0;1
-*francoisevicini;0;1;0;0;0;1;0;0;1
-*fat_et_furious;1;0;0;0;0;1;0;0;0
-*mamsfleur;0;0;0;0;0;0;0;1;0
-*cafou74;0;1;0;0;0;0;0;0;0
-*brams_03;0;0;2;1;0;5;5;4;0
-*sofinouche;0;0;0;0;0;4;0;0;0
-*heidi_bbs;0;0;0;0;0;0;1;1;3
-*clemooo___;0;1;0;1;1;3;4;1;0
-*c_w_ortiz;0;0;2;0;0;2;0;0;0
-*celia_1964;0;5;0;0;0;1;2;1;0
-*meg_mur;0;0;0;0;0;4;0;0;0
*commentLikes_52;3;2;2;1;0;6;9;5;6
-*chldrive;0;0;0;0;0;3;1;2;1
-*ska_dia84;0;0;0;0;0;0;1;0;0
-*elena_elf11;0;1;0;0;0;5;3;1;0
-*totophebel;0;0;0;0;0;0;1;0;0
-*welcome_to_jamrock_ch;0;1;1;0;0;3;1;1;1
*commentLikes_361;0;0;0;0;0;1;0;0;0
-*i_m_ddp;0;10;1;2;1;4;6;2;0
-*deniswoods89;0;0;0;0;0;5;1;1;0
*commentLikes_72;0;1;2;3;0;9;7;1;0
-*lesecumesdejulie;0;0;0;0;0;3;1;0;0
-*stephane_rausis;0;1;0;0;0;0;0;0;0
-*coqu3licot;0;0;0;1;0;2;4;1;2
-*ichiyoizumi;0;0;0;0;0;0;2;1;0
-*akwufjxoauifh;0;1;2;0;1;1;7;5;3
*commentLikes_40;4;1;5;6;2;7;9;3;7
-*clike_mike_one_73s;0;0;0;0;0;2;0;0;0
-*follya;0;0;5;1;0;20;13;4;0
-*catherine_kneissler;0;2;0;0;0;0;2;0;0
-*youcef_boumaiza;0;0;0;0;0;1;0;0;0
-*fdhk8888;0;0;0;0;1;3;5;0;2
-*mudlaciani;0;0;0;0;0;0;0;1;0
-*alain_ciocka;0;0;0;0;0;1;0;0;0
-*galli_raph;0;0;1;0;0;2;0;1;0
-*wasuluselecta;0;0;0;0;0;0;0;1;1
-*patrickopp23;0;1;0;0;0;0;0;0;0
-*leyla_viceversa;0;2;1;2;0;1;0;0;2
-*slvn_slgr;0;0;2;0;0;0;3;1;3
-*blue_cine;0;0;0;0;0;0;1;0;0
-*koum_mimi;0;1;0;0;0;0;0;0;0
-*the_bangoua_boy;0;1;1;0;0;1;0;0;0
-*luj_iaa;0;0;0;0;0;0;1;0;0
-*serobium;0;1;0;1;0;4;3;4;2
-*a_canonica;0;0;0;4;0;0;1;0;2
-*connerieshumaines;0;0;0;0;0;0;1;1;1
-*sick4082;0;0;0;0;0;1;0;0;0
-*chriss_mchd;0;0;0;0;0;0;0;1;0
-*vinzleecarter;0;0;0;0;0;0;0;0;1
-*tsunoyoko;0;0;0;0;0;1;2;0;1
-*spirale_tribe_23;0;0;0;0;0;0;1;0;0
-*yannick_blanc_10;0;0;0;0;0;0;1;0;0
-*angelicdanse;3;0;0;0;0;1;0;1;0
-*sylviasauvain;3;0;0;0;0;0;0;0;0
-*fantomas2080;6;5;0;0;0;1;0;0;0
*i_0529;0;1;0;0;0;3;1;0;0
*postComments_5;10;7;0;0;0;9;5;7;4
*postReposts_7;12;62;18;1;2;48;54;84;45
-*pascalleyat;0;10;2;1;0;1;6;1;0
-*c_celia_c;0;0;0;0;0;0;1;0;0
-*courletcorinne;0;0;0;0;0;2;1;2;1
*i_0530;1;1;0;0;0;1;5;10;0
*postLikes_1100;7;22;39;4;1;58;116;202;92
-*lisadeasworld;0;0;1;0;0;2;12;9;0
-*dayana_herrmann;3;0;0;0;0;0;0;0;0
-*teddinho0;0;3;0;0;0;0;0;0;0
-*dimitri_77p;0;0;0;0;0;0;0;0;0
-*buja__18k;0;0;1;0;0;3;0;1;0
-*loris__oh;0;0;0;0;0;7;2;0;0
-*tim_art_17;1;0;1;0;0;0;3;2;0
*i_0531;10;7;6;1;1;75;40;6;1
*postLikes_12300;15;50;18;2;4;279;80;46;46
*postComments_162;10;7;6;1;1;75;40;6;1
*postReposts_303;10;7;6;1;1;75;40;6;1
-*irissoceane;0;0;2;0;0;1;1;1;0
-*insta_aaaz;0;1;0;0;0;4;0;1;0
*commentLikes_215;0;0;0;1;0;1;1;1;0
-*morgi_la_goat;2;1;0;2;0;11;3;1;0
-*clarafuel;0;1;0;0;0;1;4;3;3
*commentLikes_174;0;0;0;0;0;1;0;4;0
-*camille_blly;0;0;0;0;0;6;8;0;0
-*___al13n___;0;0;1;0;0;2;9;0;0
-*4ndr34nn3;0;0;0;0;0;3;1;1;0
-*26__flo_ch_;2;2;1;0;0;4;1;0;0
-*theyayita13;0;1;1;0;0;8;1;0;0
-*helenasylviana;0;1;4;1;0;23;13;2;1
-*hafida_jamillah;0;0;0;0;0;18;7;1;0
-*leiakmar;0;1;5;0;0;4;0;3;0
*commentDate_5-12-2025;4;2;0;0;0;3;2;1;0
-*photographies_de_geneve;3;2;0;0;0;6;1;4;0
-*_carla_or;1;0;0;0;0;0;0;0;0
*commentLikes_124;0;1;2;1;0;1;1;1;1
-*vanessa_kgz;0;0;0;0;0;0;1;0;0
-*virginie_siffert;0;0;0;0;0;1;1;0;0
*commentLikes_55;1;1;3;1;0;11;9;1;0
-*lepascterix;0;0;2;0;0;1;0;0;0
-*christoooooophe;0;0;0;0;0;2;1;0;0
-*ritaa_prt;0;0;0;0;0;1;1;0;0
-*dani_haidi;0;1;0;0;0;2;2;0;1
-*calista_1357;0;0;0;0;0;0;3;0;0
-*victor_hippolyte;0;0;0;0;0;3;3;0;0
-*lrsgmbso;0;0;0;0;0;1;0;0;0
-*tauanamoraes;0;1;0;0;0;0;0;0;0
-*sthevenaz;0;0;0;0;0;2;0;0;0
-*suzper;1;0;1;0;0;1;1;0;0
-*26_hard_xverthinking_07;0;1;0;2;0;5;0;1;0
-*cindy_salento;2;3;1;0;1;5;5;3;2
-*adiisaa_mm;0;0;0;0;0;0;0;1;0
-*thomi_batti;0;1;0;0;0;0;1;0;0
-*blvck120i;0;1;1;0;0;6;2;6;2
-*marcolynee;0;0;0;0;0;2;0;1;1
-*crunchy_sandstorm;0;0;1;0;0;1;1;0;0
-*jp_guidicili;0;0;0;0;0;5;1;1;0
-*fenugheddu;0;1;2;0;1;2;9;9;2
-*un_pucc;0;0;0;0;0;0;0;0;0
-*em_mts;0;0;0;0;0;1;0;0;0
-*joesmith9358;0;0;0;0;0;1;0;1;0
-*estrellaetoile63;4;0;0;0;0;1;0;0;0
-*natachahoutcieff;2;3;0;0;0;0;1;0;1
-*odegaardannelene;0;0;0;0;0;0;0;0;0
-*delisle007;1;0;0;0;0;0;0;0;0
-*hazalozlem_atila;2;0;0;0;0;0;0;1;0
-*christina_millet_weber;3;0;0;0;0;0;0;0;0
-*maria_dsr19;0;0;0;0;0;1;0;0;1
-*melmelie1004;0;0;0;0;0;1;0;0;0
-*eli_switzerland1985;0;1;0;0;0;0;0;0;0
-*va_ju_ste;0;0;0;0;0;2;0;0;0
-*chris_sundance;0;1;0;0;0;2;3;1;0
-*mujanine;1;0;0;0;0;0;0;0;0
-*diableresse;2;0;0;0;0;0;0;0;0
-*olivier_lidia;0;0;0;1;0;2;0;0;1
-*bonzon_anne;1;0;0;1;0;0;0;4;0
-*aurellia_michelle;0;0;0;0;0;0;0;0;0
*i_0532;0;0;2;1;0;3;3;9;1
*postLikes_1200;7;7;33;5;4;46;55;44;17
-*fribourg_palestine;0;0;17;2;0;4;3;2;1
-*mariejoserbf;0;0;0;0;0;0;0;3;1
-*louis_savoret;0;0;0;0;0;1;1;3;0
-*wa2s_12;0;0;0;0;0;0;0;0;0
-*loupilix;0;0;0;0;0;0;0;0;0
*i_0533;51;6;0;0;0;10;0;0;2
*postLikes_9200;81;9;1;1;0;17;4;1;2
*postComments_131;57;17;27;15;3;63;60;16;74
-*mahcea;2;0;0;0;0;0;0;0;0
-*10pat1010;1;0;0;0;0;0;0;0;0
-*catherine_pannatier;1;0;0;0;0;0;0;1;0
-*swox97;1;0;0;0;0;0;0;0;0
-*mathilde_bjrd;1;0;0;0;0;0;0;0;0
-*lollotte75;0;2;0;0;0;1;0;0;0
-*stephan_bosak;1;0;0;0;0;0;0;0;0
-*gg_rdt;2;0;0;0;0;0;0;1;0
-*winter_sensations_magazine;1;0;0;0;0;4;2;1;0
-*lepetitsuisse46;0;2;0;1;0;11;2;1;1
-*jf_cadet;1;0;0;0;0;0;0;0;0
-*waeberch;0;0;0;0;0;1;0;1;0
-*louisj_2000;1;0;0;0;0;0;0;0;0
-*christel_hamm;1;0;0;0;0;0;0;0;0
-*grego_brbn;1;0;0;0;0;0;0;0;0
-*thomanncharly;5;0;0;0;0;5;1;2;3
-*ursula_gamgi;2;0;0;0;0;0;0;0;0
-*alinehockey;0;2;0;0;1;3;1;4;0
-*jeanzian;1;0;0;0;0;0;0;0;0
-*ndueduhani;1;0;0;0;0;0;0;0;0
-*romanensherve;1;0;0;0;0;0;0;0;0
-*metthino;1;2;5;1;0;7;0;1;1
-*art86075;0;0;0;0;0;1;1;0;0
-*roonnniiii97;0;0;0;0;0;1;0;0;0
-*dylan_le_bg_du_bled;0;0;0;0;0;0;0;0;1
-*luc2387;0;0;0;0;0;1;0;0;0
-*lucasgodat;0;1;0;0;0;0;0;0;0
-*tramos_13;0;1;0;0;0;0;0;0;0
-*vivik_21;0;1;0;0;0;0;0;0;0
-*verobujard;2;2;0;0;0;1;0;0;0
-*cyschny;1;0;0;0;0;0;0;1;2
-*ioanafrei;1;0;0;0;0;0;0;0;0
-*bessard_joel;1;0;0;0;0;0;0;0;0
-*rotweiss1291;1;0;0;0;0;0;0;0;0
-*sbezzoli;1;0;0;0;0;0;0;0;0
-*jeguilayn;1;0;0;0;0;0;0;0;0
-*cowill13;1;0;0;0;0;0;0;0;0
-*nathalie_ceschin;1;0;0;0;0;0;0;0;0
-*zossojacqueline93;1;0;0;0;0;0;0;1;0
-*mayaisler;1;0;0;0;0;0;0;0;0
-*jp_b_official;1;0;0;0;0;0;0;0;0
-*glt_s13;0;0;0;0;0;1;1;0;2
-*poche_84;2;0;0;0;0;0;0;0;0
-*mumupapillon;1;0;0;0;0;0;0;0;0
-*mademoiselle_fofinha;1;0;0;0;0;0;0;0;0
-*magretillat;1;0;0;0;0;0;0;0;0
-*manath69;1;0;0;0;0;0;0;0;0
-*balt_77;0;0;0;0;0;0;0;0;1
-*kim_t_14;1;0;0;0;0;0;0;0;0
-*jeanmarybal;1;0;0;0;0;0;0;0;0
-*timotelen;0;1;0;0;0;0;0;0;0
-*veronique_parisi;1;0;0;0;0;0;0;0;0
-*gerard_germani;0;0;0;0;0;1;0;0;0
-*lucas___andrey;0;0;0;0;0;1;0;0;0
-*mar_laine_com;1;0;0;0;0;0;0;0;0
-*kevingordons;1;0;0;0;0;0;0;0;0
-*fabenchemin;0;0;0;0;0;0;0;0;0
-*many37;1;0;0;0;0;0;0;0;0
-*matthias_allenbach;0;1;0;0;0;1;0;0;0
-*jp_meylan;1;0;0;0;0;0;0;0;0
-*francineemmenegger;1;0;0;0;0;0;0;0;0
-*everybodyneedswater;1;0;0;0;0;0;0;1;0
-*canto1373;7;0;0;0;0;0;0;0;0
-*hopioraibi;1;0;0;0;0;0;0;0;0
-*elodie_1205;0;1;0;0;0;0;0;0;0
-*alba_fotosport;3;0;0;0;0;0;0;0;0
-*2702baby;1;0;0;0;0;0;0;0;0
-*jsantos93;0;0;0;0;0;0;0;0;0
-*annebaptiste65;1;0;0;0;0;0;0;0;0
*i_0534;1;5;1;0;0;0;0;2;2
*postLikes_5200;9;43;55;5;7;67;154;284;51
*postReposts_23;24;56;61;4;1;93;47;63;73
-*km_o_mic;0;1;0;0;0;1;0;1;1
-*bndr_290;1;0;0;0;0;0;0;0;2
-*liana_hi;0;2;0;0;0;0;0;0;0
-*las_alamandre;0;1;0;0;0;0;0;0;0
*i_0535;0;1;0;0;0;11;6;2;1
*postComments_18;8;5;6;0;0;30;20;10;14
-*ptit_ducky;0;0;1;0;0;4;1;3;1
-*m_talis;0;0;0;0;0;18;10;7;2
-*jamil_msr;0;1;0;0;0;0;8;9;3
-*karienek;0;0;7;0;0;3;1;0;0
-*dj_el_luchador;0;0;0;0;0;1;0;1;1
-*damien_gerber91;0;0;0;0;0;1;0;2;2
-*_jeremm__;1;4;13;1;0;27;7;12;6
-*sebas_tien2509;0;3;0;0;0;1;1;1;0
*i_0536;2;1;0;0;0;2;0;1;0
*postLikes_6300;14;23;6;16;1;126;99;66;17
*postComments_10;14;12;6;0;0;12;13;6;15
*postReposts_37;10;23;1;1;0;14;11;5;3
-*rebecca_sigotar;1;0;0;0;0;0;0;0;0
-*lou_lou_luisa;1;0;0;0;0;0;0;0;0
-*loris_perier;1;0;3;2;1;20;22;9;4
-*ardian_n_8;0;0;1;0;0;0;2;2;0
-*solmaissoll;1;1;1;0;0;1;0;1;0
*i_0537;4;7;1;1;22;37;20;10;8
*postLikes_7500;4;7;1;1;22;37;20;10;8
*postComments_122;5;16;10;3;23;51;46;17;13
*postReposts_33;15;26;4;5;23;64;35;23;101
*commentLikes_391;0;0;0;0;0;1;0;0;0
-*renauddevargas;0;0;0;1;0;1;0;0;0
-*stella2222;0;1;0;0;0;0;0;0;0
*commentLikes_181;1;1;0;0;0;0;1;0;0
-*annalines_;0;1;0;0;0;1;2;0;1
-*natacha_z_a;0;1;0;0;0;2;2;0;0
-*chiclettefraise;2;1;0;0;0;0;0;0;0
*commentLikes_146;1;0;0;0;0;2;2;1;0
-*quentin_seppey;0;0;0;0;0;1;0;0;0
-*cedric479119;0;0;0;0;1;0;0;3;0
-*jeromemiserez;0;0;0;1;0;7;3;0;0
-*rashido_kabuki;0;2;0;0;1;1;0;0;0
-*celinehunnyb;0;0;0;0;0;0;1;1;2
-*sloth_ard;0;0;1;0;2;0;0;0;2
-*nic_deb;0;0;0;0;0;0;1;0;0
-*jakadicomedy;0;0;0;0;1;0;0;0;0
*commentLikes_42;2;4;15;4;0;12;8;5;3
-*mathieu_machin;0;0;0;1;0;0;0;1;0
-*cmm_2025_;1;5;0;3;0;16;6;2;2
-*fabian_zurcher;0;0;0;0;0;0;2;0;0
-*olgamanro8;0;1;0;0;1;1;0;0;0
-*mikedonovan650;0;0;0;0;0;0;0;0;2
-*pikatchoune;0;0;0;0;0;3;2;0;0
-*marius_fx;0;0;0;0;0;0;1;0;0
-*_remix9_;0;0;0;0;1;1;0;0;0
-*la_gazette_d_abzurdistan;0;0;1;0;1;2;0;0;0
-*geradupont;0;1;0;0;0;1;0;0;0
-*dam_neo;0;0;1;0;0;2;1;0;1
-*thekiltedmatt;0;0;0;0;0;2;3;3;3
-*elevenence;0;0;0;0;0;0;0;0;1
-*theycallmealess;1;0;0;0;0;3;0;2;1
-*vitali_86;1;0;0;0;0;7;4;11;2
-*rem_del1312;0;1;0;0;0;0;0;0;0
-*philzurcher;0;0;0;2;1;0;1;0;0
-*remi_k_yla;0;0;0;0;0;1;1;0;0
-*carlomingos;0;0;1;0;0;1;5;2;3
-*deux_sucre;0;0;0;0;0;0;1;0;0
-*the_good_side_of_life;0;2;0;0;0;1;0;0;0
-*quinoaa_;0;0;0;0;1;0;0;0;0
-*toni_jpr;0;0;0;0;1;2;2;0;1
-*jfmanattan;0;0;0;0;1;0;0;0;0
-*naimurtezi;0;0;0;0;0;0;1;0;0
-*lvdd_ch;0;0;0;0;0;0;0;1;0
-*stax_geneva;1;0;0;0;0;0;0;0;0
-*loyon80;0;0;0;0;1;1;0;0;0
-*pimpoumtchak;0;0;0;0;0;0;0;1;0
-*da_ml19;0;0;0;0;0;1;0;0;0
-*lionelpiguet;0;0;0;0;0;1;1;0;0
-*990nekketsu;0;0;0;0;1;0;0;0;0
-*chris_vincensini;0;0;0;0;0;0;1;0;0
-*gaelle_chson;1;0;0;0;0;0;0;0;0
-*estherpilet;0;0;0;0;1;1;0;1;0
-*patleric;0;0;0;0;0;1;0;1;0
-*mariechristinehorn;0;0;0;0;0;0;1;0;0
-*davidlbrooklyn;0;0;1;0;0;0;0;0;0
-*oscarmeinradb;0;0;0;0;0;1;0;0;0
*i_0538;1;0;9;2;0;3;6;2;4
*postComments_42;11;10;11;3;1;24;23;19;33
-*carolinechaverot;0;0;2;0;0;2;1;1;0
-*inmo______;3;22;34;21;1;45;49;20;9
-*mo_elshorbagi;0;0;0;0;0;0;1;0;1
-*backpack_insidetheireyes;1;1;3;0;0;8;4;2;2
-*anastasia_webp;0;3;1;0;0;2;1;1;1
-*boy871889;0;0;0;0;0;1;1;0;0
-*bustdr;0;0;1;0;0;0;1;1;0
-*centaurrider;0;1;1;0;1;2;0;3;1
-*les_voletsverts;0;0;3;0;0;2;3;0;0
-*hakya1112;0;1;4;0;0;1;3;2;0
-*yannfa76;0;0;1;0;0;1;0;0;0
-*le_platrier_vdr;0;0;1;0;0;0;0;1;0
-*meillardchristian;4;2;3;2;0;2;0;2;0
-*axlgnd;0;0;1;0;0;0;0;0;0
-*stringerbek;0;0;5;0;0;0;1;0;1
-*yousmilleret7;1;1;0;0;0;0;0;0;0
-*fxxktheworld;0;0;1;0;0;1;3;6;1
-*djurdjevic_architectes;0;0;1;0;0;0;0;0;0
-*marieamj;0;0;1;0;0;1;1;0;0
-*locca_moka;1;0;0;0;0;0;2;1;0
*i_0539;4;1;7;0;0;5;1;0;0
*postComments_30;22;17;10;2;1;31;23;11;33
*postReposts_78;5;1;7;1;0;5;1;1;2
-*sardineetchat;2;0;0;0;0;0;0;0;0
-*trilamm03;1;0;0;0;0;0;0;0;0
-*sali_gal_eri;0;1;0;0;0;1;0;0;0
-*zahra_mukhtarr;0;0;1;0;0;1;0;0;0
-*erfanashkan67;0;1;14;5;0;2;7;7;0
-*mysty_ga;0;2;1;0;0;2;0;1;0
-*hem_rob;1;0;0;0;0;0;0;0;0
-*viktor_petrov17;1;1;0;0;0;1;1;0;0
-*galerie_letoliacha;0;0;0;0;0;1;0;0;0
-*yannito_83;1;0;0;0;0;0;0;0;0
*i_0540;0;2;0;1;0;2;3;1;8
*postLikes_953;0;2;0;1;0;2;3;1;8
*postReposts_2;4;21;6;4;8;55;84;182;35
-*jean_jdc;0;1;0;0;1;0;1;0;1
-*vincent_hofer;0;0;0;0;0;0;0;1;0
-*juv_and;1;1;1;1;0;2;1;6;2
-*jose_go75;0;1;6;1;1;3;6;3;2
-*ludo_chrd;0;1;0;0;0;0;1;0;0
-*ceg_dies1540;1;11;1;1;0;1;1;0;0
-*littlepaulette;0;0;0;0;0;0;0;1;1
*i_0541;22;3;1;0;3;9;5;0;3
*postLikes_15800;22;3;1;0;3;9;5;0;3
*postComments_70;24;14;3;1;4;41;49;35;75
*postReposts_203;22;3;1;0;3;9;5;0;3
*postDate_22-11-2025;65;50;37;15;5;120;204;43;75
-*mipw70;0;0;0;0;0;1;1;0;0
*commentLikes_201;1;0;0;0;0;1;0;0;0
-*carolinethierrin;2;0;0;0;0;1;0;0;0
-*mimi___caramel;0;0;0;0;0;1;0;0;0
-*miguel303xm;1;0;0;0;0;0;0;0;0
-*olympicboxingclub;1;0;0;0;0;0;0;0;0
-*taylorldws;0;0;0;0;0;0;1;0;1
-*le_messager_du_lac;1;0;0;0;0;0;0;0;0
-*sergio_prof80;1;0;0;0;0;0;0;0;0
-*annicknb;1;0;0;0;0;0;0;0;0
-*tatianacrausaz;1;0;0;0;0;0;0;0;0
-*camila_music_br;2;1;0;0;0;0;0;0;0
-*ines_crz_;1;0;0;0;0;0;0;0;1
-*claudiageisser;1;0;0;0;0;1;0;0;0
-*savas_sengul_73;1;0;2;0;0;0;1;1;0
-*w1ckaj90;0;0;0;0;0;1;0;0;0
*commentLikes_87;0;3;1;4;0;4;6;1;1
-*tur_kevin;0;0;0;0;0;0;2;2;1
-*rafyxzzzzzz;0;0;0;0;0;0;0;0;1
-*maison_de_sable_conceptstore;1;3;15;1;0;8;11;8;1
-*laubscher_nadia;0;0;0;1;0;3;1;0;0
-*odile_molo;1;0;0;0;0;0;0;0;0
-*philmo_mu;0;0;0;0;0;2;2;0;2
-*chriss0422;1;0;0;0;0;0;0;0;0
-*miss_vero_et_compagnie;2;0;0;0;0;0;0;0;0
-*drime_san;2;0;1;0;0;3;0;1;0
-*f_dpan;0;1;0;0;0;0;0;0;0
*commentLikes_49;2;0;8;1;0;7;5;5;3
-*ritatouille_30;1;0;0;0;0;0;0;0;0
-*thomas_egr;1;2;0;0;0;0;0;0;0
-*michelinevorbe_artcollection;1;1;0;0;1;0;0;0;0
-*franck_culture_savoie;0;0;0;0;1;1;0;0;1
-*dianeuya;0;1;0;0;0;0;0;0;0
*commentDate_3-2-2026;0;1;0;0;0;0;1;0;0
-*ruth_reinhard;0;0;0;0;0;0;1;0;0
*commentDate_22-1-2026;1;0;0;0;0;0;0;1;0
-*cathy_natural;1;0;0;0;0;0;0;0;0
*commentDate_13-12-2025;24;3;2;0;0;3;4;5;4
-*balli14_14;0;2;0;0;0;0;0;0;0
-*tsobanski;1;5;0;0;1;3;2;1;0
*i_0542;3;5;15;7;0;33;97;10;5
*postComments_176;4;37;16;8;0;70;132;129;41
*postReposts_8;27;49;29;21;4;113;157;50;39
-*funkybear71;0;0;0;1;0;2;1;3;0
-*valais_palestine;0;0;3;4;0;0;4;1;0
-*tscharva_;0;0;0;0;0;1;0;0;0
-*coco_lifelovenatur;0;0;0;0;0;0;1;0;0
-*rebel_suisse;0;0;2;0;1;3;10;6;1
-*le3etemps;0;0;0;1;0;1;1;1;0
*commentLikes_233;0;0;0;0;0;1;1;0;0
-*sarahzolo;2;3;2;18;0;5;6;3;1
-*eric_wuthrich;1;0;3;2;1;7;28;15;0
-*botalex6900;0;0;1;5;0;2;4;0;0
-*afonso_araujo01;0;0;0;0;0;0;0;1;3
-*sylphe_f;0;2;0;0;1;0;3;1;0
-*theseartsnot;0;0;12;17;0;9;19;8;1
-*suisse_heisen;0;0;0;3;0;4;10;0;1
-*kitakisi;0;0;0;0;0;0;1;0;0
*commentLikes_71;0;0;1;1;0;3;0;0;0
-*franzitoun;0;1;0;0;0;0;1;1;0
*commentLikes_64;0;0;4;4;0;8;3;5;1
-*purple_aude;0;0;0;0;0;1;0;1;0
*commentLikes_76;1;1;2;0;0;7;8;2;0
-*zam_well;0;0;2;0;0;0;2;0;0
-*bds_neuchatel;0;0;1;4;0;0;1;0;0
-*observatoireromanddeladroite;0;0;0;2;0;1;2;0;1
-*emric02;0;0;0;0;0;0;6;1;0
-*brunosutterlet;0;0;1;0;0;1;6;0;0
-*jiben26;3;1;2;2;0;2;11;6;1
-*natascia456;0;1;2;0;0;0;0;0;0
-*eteicos_;1;0;1;0;0;0;1;1;0
-*adridrian;0;0;4;0;0;2;2;0;0
-*linaaluxaa;0;1;14;10;1;10;10;2;0
-*avecysvp;0;0;7;4;0;0;1;0;1
-*claudine19663107;1;6;0;3;0;8;3;4;1
-*borisdecleyre;0;0;1;0;0;1;2;1;0
-*____d_i_o____;0;1;0;2;0;1;2;3;0
-*anachii0214;0;0;1;2;0;0;3;1;0
*commentLikes_105;1;0;3;0;0;0;3;5;1
-*ricardo_afonso_de_albuquerque;1;1;12;0;1;7;5;4;3
*commentLikes_99;0;3;0;0;0;3;1;5;2
-*caro_martin21;0;0;0;0;0;1;1;2;0
-*emmanuel_ducret;0;0;11;3;0;0;1;3;0
-*ricottalechat123;0;0;0;0;0;0;0;0;0
-*paindepice064;0;0;1;0;0;0;2;2;0
-*brunalan;1;0;0;0;0;0;0;0;0
-*memespasdroles_;0;0;0;0;0;0;1;3;3
-*tripleaprods;0;0;19;1;0;5;5;2;1
-*raphaeltscha;0;0;0;0;0;0;1;2;0
-*david_versatile;0;6;9;8;0;7;12;2;1
-*cheap_nicky;0;0;5;4;1;1;0;2;0
-*michel_crevoiserat;0;0;1;0;0;0;5;4;1
-*manfredimsand;0;0;0;0;0;1;3;0;0
-*noun_noun;6;1;50;9;0;4;6;3;0
-*aur_shaq;0;0;2;0;0;0;1;0;0
-*socalledred;0;0;2;1;0;1;7;3;1
-*rosea_trosk;2;0;3;2;0;1;1;0;0
-*sebastien_ve;0;0;0;0;0;0;1;1;0
-*polar12319;0;2;0;0;1;2;0;1;0
-*lkpdf;0;0;0;0;0;1;0;0;1
-*jef_in_the_city;0;0;0;0;0;4;1;0;1
-*smrlda;0;0;0;2;0;1;0;0;0
-*helvetexone_bastoo_a;0;0;0;4;0;4;7;1;1
-*mueller_olivier;0;0;0;0;0;0;1;0;0
-*motto_pierre;0;0;1;0;0;4;1;0;0
-*_l_eventail_;1;1;0;1;0;0;1;0;0
-*da_vid_pv;1;3;2;0;0;11;4;11;2
-*otcomch;0;0;1;5;0;1;1;6;0
*i_0543;24;15;10;3;0;13;19;2;5
*postLikes_5700;31;32;104;8;6;61;68;37;164
*postComments_220;24;15;10;3;0;13;19;2;5
*postReposts_65;33;47;21;3;0;26;28;11;7
-*marianaguide;1;0;0;0;0;0;0;0;0
-*advdenisefernandes;1;0;0;0;0;0;0;0;0
-*ullissses;1;0;0;0;0;0;0;0;0
-*ruthmaf_;0;0;0;0;0;0;0;0;0
-*guim_auve2024;0;0;1;1;0;2;3;0;0
-*veryene11;0;0;0;0;0;0;1;1;1
-*nocturnediurne;0;0;10;1;0;3;9;6;1
-*angelasulzbach;2;1;1;0;0;0;0;0;0
-*clebertrolese;0;1;0;0;0;0;0;0;1
-*patty_amil;0;0;0;1;0;0;0;0;0
-*angelicaelisa;1;0;0;0;0;0;0;0;0
-*aladiadoche;1;0;0;0;0;0;1;0;0
-*crissobanski;0;0;1;0;0;0;0;0;0
-*chat_73;1;3;6;0;0;1;2;0;4
-*natmiranda001;1;0;3;0;0;0;2;0;1
-*nandabarci;0;0;0;0;0;0;0;0;0
-*frjorgelaurent;1;0;0;0;0;0;0;0;0
-*pedroivomdeoliveira;0;0;1;0;0;0;0;0;0
-*bruna_ufjf;0;0;1;0;0;0;0;0;0
-*mariliabeamen;0;1;0;0;0;2;2;0;0
-*lousad4;0;0;0;0;0;0;0;0;0
-*edi_clara;1;0;0;0;0;0;0;0;0
-*washkumbe;0;1;0;0;0;1;0;0;0
-*charlottelouvelux;1;0;3;0;0;0;2;1;1
-*celinunessoares;0;0;0;0;0;0;0;0;1
-*nicolaas_schmitz;0;0;0;0;0;1;0;0;0
-*julybazilio;1;0;0;0;0;0;0;0;0
-*yagoaleixo09;0;0;0;0;0;0;0;1;0
-*luka_sobrinho;0;0;0;0;0;1;0;0;0
-*corinamb_;1;0;0;0;0;0;0;0;0
-*eliseanjos;1;2;0;0;0;2;0;2;0
-*shankslemanchot;0;1;0;0;0;0;0;0;1
-*luis_goncalves_1420;0;0;1;0;0;1;2;0;0
-*benjizubi;0;0;0;0;0;0;1;0;0
-*kbarrachino;0;1;0;0;0;0;1;0;0
-*magaloulou18;0;3;1;1;0;1;3;3;2
-*erick_serafa;0;1;0;0;0;2;0;0;0
-*fabiodamaceno1984;1;0;0;0;0;0;0;0;0
-*nathwein;1;1;0;0;0;0;1;0;0
-*geane_brito;0;0;0;1;0;0;0;0;0
-*augustoaprili_;1;0;0;0;0;0;0;0;0
-*gus_lomellino;1;0;0;0;0;0;0;0;0
-*_lanye_e;1;1;1;0;0;0;0;1;1
-*lu_simples_assim;1;0;0;0;0;0;0;0;0
-*carinoo_o;1;0;0;0;0;0;0;0;0
-*nuria_furtacor;1;0;0;0;0;0;0;0;0
-*tiaramayan;0;0;0;0;0;0;0;0;0
-*pinto77ju;0;1;0;0;0;0;1;0;0
-*aulon_loni01;0;0;0;0;0;1;0;0;0
-*torreswebsec;0;0;0;0;0;0;0;0;0
-*davi_rleao;0;0;0;0;0;0;1;0;1
-*tinou1971;0;1;0;0;0;0;1;0;0
-*moi_de_may;0;0;0;0;0;1;0;0;0
-*lubily;0;0;0;0;0;0;0;2;0
-*michelhenri48;0;5;0;1;0;8;8;4;3
-*loouloouuuuuu;0;0;0;0;0;0;1;0;0
-*cvturquoise;0;0;0;0;0;0;1;0;0
-*aupamiren;0;1;0;0;0;0;0;0;0
-*soenneli65;0;4;2;1;0;0;3;1;0
-*bruno_d_kikou;0;0;0;0;0;1;4;1;0
-*goutdamour_ch;0;0;1;0;0;0;0;0;0
-*thaiscreber;0;1;0;0;0;0;0;0;0
-*aboutmilacruz;1;0;1;0;0;0;0;0;0
-*microferme_de_la_renaissance;0;1;0;0;0;0;0;0;0
-*__sylvestre__;0;0;0;0;0;4;3;0;0
-*guto3p;0;0;0;0;0;1;0;0;0
-*lyncoln_uldry;1;3;0;0;0;0;1;0;0
-*wilsonqueiroz;0;1;0;0;0;0;0;0;0
-*pepsrenard;0;1;0;1;0;1;0;0;0
-*quadrosvitor;2;0;1;0;0;0;0;0;0
-*alessandra_carvelo;0;0;0;1;0;0;0;0;0
-*mamanpik;0;2;5;0;0;3;4;1;1
-*_alwino_225;0;0;1;0;0;0;1;0;0
-*loiccochand;0;1;0;0;0;0;0;0;0
*i_0544;3;1;4;0;0;3;0;0;2
*postLikes_2500;22;40;57;10;1;103;118;83;60
-*dipietrantonioteresa;16;0;7;0;0;1;0;0;0
-*cedric_soria;1;0;0;0;1;0;0;1;0
-*julie_belyaeva;0;0;1;0;0;0;1;0;0
-*balet_chris;0;2;0;0;0;1;0;0;1
-*bt_usrr_23;0;1;0;0;0;1;1;0;0
-*colin_2498;0;0;1;0;0;2;8;1;2
-*chrystin_valeiry;0;1;1;0;0;0;1;0;1
-*marielaurecorinne;2;1;6;0;2;6;3;0;0
*i_0545;7;4;1;0;0;4;5;2;2
*postComments_53;8;18;5;2;4;24;20;9;6
*postReposts_183;7;4;1;0;0;4;5;2;2
-*_jackfuego;1;0;0;0;0;0;0;0;0
-*lilbron233;1;0;0;0;0;0;0;0;0
-*allfordiallo;1;0;0;0;0;1;0;0;0
-*jonathanrsilva_03;1;0;0;0;0;0;0;0;0
-*imier1;0;1;0;0;0;1;2;1;0
-*restooo___;1;0;0;0;0;0;0;0;0
-*jos_joskrk;0;0;0;0;0;1;1;0;0
-*one_shot_production_geneve;0;1;0;0;0;0;1;0;0
-*manon__oo;1;0;1;0;0;0;0;0;0
-*shakur_ninja;0;0;0;0;0;0;0;0;1
-*vdnk_h;0;2;0;3;0;7;3;1;5
-*youns_la;0;1;0;0;0;1;1;0;0
-*flowlly_world;0;0;0;0;0;1;0;0;0
-*rod_kyp;0;0;0;0;0;1;0;1;0
-*ismaele_6914;1;0;1;0;0;1;0;0;0
-*m_l_e_70;0;0;1;0;0;0;4;1;1
*i_0546;2;0;0;0;0;2;1;0;0
*postLikes_3700;28;33;8;4;2;70;63;62;108
*postComments_11;10;7;1;0;0;7;4;6;6
*postReposts_9;20;54;59;24;2;90;132;97;63
-*vbwfew3;1;0;0;0;0;0;0;0;0
-*donnachienguidebrenles;0;0;1;0;0;3;1;3;0
*i_0547;0;11;1;1;0;0;5;0;7
*postLikes_7900;5;32;2;2;0;12;13;4;8
*postReposts_26;17;65;75;9;4;88;116;151;209
-*kaydk;0;0;0;0;0;5;1;0;0
-*floydfungi_ch;0;8;0;0;2;3;2;2;1
-*frederick_carosella;1;2;0;0;0;0;0;0;1
-*rachel__brhdt;0;0;0;0;0;0;0;0;1
-*cloubet;0;0;2;0;0;0;0;0;0
-*azuko_tgb;0;1;0;0;0;0;0;0;0
-*rylda;0;0;0;0;0;0;0;0;1
-*lordbetterave;0;1;0;0;0;0;0;0;0
-*joel1752_;0;1;0;0;0;0;0;0;0
-*druchonnet;0;0;0;1;0;1;0;0;1
-*189melissa;0;1;0;0;0;1;0;0;0
-*brunelltutonda;0;2;0;0;0;0;0;0;0
-*shokko74;0;0;0;0;0;0;0;0;1
-*olivier74_;0;3;0;0;0;0;2;0;0
-*zablef;0;0;0;1;0;0;0;0;0
-*jubesp;0;0;0;0;0;0;1;0;0
-*arthur_smits;0;1;0;0;0;0;0;0;0
-*kyle_geneve_41022;0;0;0;0;0;0;0;1;0
-*gianscag;0;0;0;0;0;0;0;0;0
-*kro_artwork;1;0;0;0;0;0;0;0;1
*i_0548;1;1;0;0;0;0;0;2;1
*postLikes_4700;3;32;6;4;1;51;34;115;73
*postComments_9;7;5;1;0;0;12;19;8;21
*postReposts_89;1;1;0;0;0;0;0;2;1
-*gattodimontagna;0;0;0;0;0;0;0;0;1
-*perrenoudpatricia;4;0;0;0;1;1;7;7;2
-*jo_fank;0;1;0;0;0;0;0;1;0
*i_0549;2;4;3;0;1;10;31;3;0
*postComments_67;5;11;24;8;1;34;50;10;3
-*le_na_kh;0;0;0;0;0;0;0;1;0
-*alexandre_torchet;1;1;5;2;2;10;22;0;6
-*david_s_rochat;0;5;2;1;0;5;17;33;2
-*misfitdreamer;0;0;1;0;0;0;1;0;0
-*lod____;0;1;0;0;0;0;1;0;0
-*aurelien_voirin_photos;0;0;3;1;0;3;4;0;2
-*izu_sitis;2;0;0;0;0;0;1;0;1
-*tarlippn_e;1;4;12;6;0;26;34;21;11
-*edgar_baraldo;0;0;0;0;0;0;0;1;0
-*martialgerardin;0;0;0;0;0;1;0;0;0
-*arthurtmuller;0;0;0;0;0;0;1;0;0
-*corthesychristophe;1;0;0;0;0;2;6;1;0
-*luca_schnb;0;1;1;4;0;7;8;0;1
-*anass_alsoudani;0;1;1;0;0;4;0;2;0
-*detective_preuves_verite;2;0;0;0;0;0;0;0;0
*i_0550;1;5;1;1;1;19;37;24;50
*postReposts_1;8;31;58;5;2;72;82;53;71
-*titodazz;0;2;1;1;1;4;5;5;1
-*__75myms__;0;1;2;4;0;18;6;15;4
-*aio_iea;0;1;0;0;0;2;1;0;1
-*loriskumo;0;0;0;0;0;0;1;0;1
-*julien_morel_568089;0;0;0;0;1;0;1;2;0
-*le_monde_de_pp_;0;0;3;1;0;4;0;2;1
-*sansdec_;0;4;2;1;0;36;9;5;2
-*agua_austral;1;3;0;0;0;0;0;0;0
-*baysalass;0;0;0;0;0;1;0;0;0
-*yan_duez;0;1;1;0;1;0;0;1;1
-*samuelvaucher;0;1;0;0;0;5;0;3;0
-*seb_wild_photography;0;1;0;0;0;0;0;0;1
-*lea_canisia;0;0;0;0;0;0;0;0;1
-*andrejeanboulanger;0;0;2;0;0;0;1;0;0
-*catgab62;0;0;0;0;0;0;1;4;5
-*marlonlecornichon;0;1;0;0;0;0;0;1;0
*i_0551;0;1;1;3;0;27;4;0;0
*postLikes_2100;14;69;59;13;3;145;202;63;106
*postComments_52;2;11;2;3;0;39;25;9;46
*postReposts_51;7;23;28;11;4;109;78;58;134
-*javi_plll_s;0;1;2;3;1;6;3;0;0
*commentLikes_89;0;0;2;3;2;3;3;3;1
-*_w_n_v_;0;0;1;2;0;30;10;16;9
-*bassem_hamdi_;0;0;11;0;0;4;7;3;1
-*lucy_charlotte_ozz;0;0;0;0;0;1;0;0;0
-*kekos_yt;0;0;0;0;0;1;0;1;1
-*miss_aggi;0;0;0;0;0;0;1;0;0
-*joujoulatulipe;0;0;0;0;0;1;1;2;0
-*borissiem;0;0;0;0;0;1;3;1;1
-*maxinelalutine;0;1;1;1;3;3;1;0;0
-*kaze_kami_1809;0;0;0;1;0;0;0;0;0
-*david_menasche;0;0;0;0;0;3;2;1;0
*i_0552;1;7;1;0;0;4;10;1;12
*postLikes_1400;5;26;10;3;2;41;113;38;34
*postDate_23-11-2025;15;72;96;17;1;271;147;160;96
-*france_gurba;0;0;0;0;0;0;1;0;0
-*bellottialain;0;0;0;0;0;1;3;4;2
-*amouramouramour_;0;0;0;0;0;0;1;0;0
-*go_amandine2_0;0;1;0;0;3;2;0;0;0
-*carosalvetti;0;1;0;0;0;0;0;0;0
-*j_aime_pas_les_jeans;0;0;0;0;0;0;0;0;2
-*malakharis2574;0;7;10;0;2;13;3;3;15
-*flobrch;0;2;0;0;0;1;2;0;2
-*manof1kvoices;0;0;0;0;0;0;1;1;2
-*palumbo_richard;1;0;0;0;0;2;1;0;1
-*benji_golden_love;0;0;0;0;0;0;0;0;1
-*guillaume_dzil;0;0;0;0;0;0;1;0;2
-*kurkolucas;0;0;1;0;0;1;3;1;0
-*lovelycolibri123;0;0;0;0;0;2;2;0;0
-*ernestrenck;0;0;0;0;0;0;2;0;0
-*manel_guedri;0;1;0;0;0;0;0;0;0
-*praliine_07;0;1;0;0;0;1;1;0;1
*i_0553;1;12;0;0;0;6;19;3;14
*postLikes_25800;1;12;0;0;0;6;19;3;14
*postReposts_201;1;12;0;0;0;6;19;3;14
-*gadget__folie;2;1;0;0;0;0;0;0;0
-*zittapinto;0;0;0;1;1;2;3;2;0
-*leonardo_mattos81;0;1;0;0;0;0;0;1;0
-*mr_granges;0;0;0;0;0;0;0;1;0
-*0dominique0;0;0;0;0;0;1;1;0;1
-*jacqueline_cordova_9638;0;0;0;0;0;0;0;0;0
-*chrisgephotography;0;0;0;0;0;1;0;0;0
*commentLikes_261;1;0;0;0;0;0;0;0;4
-*carlotasdr;0;0;0;0;0;1;1;0;0
-*yoan_hadorn;0;5;1;1;0;3;4;3;1
-*lyun_chaan;1;0;0;0;0;4;1;0;1
-*didier_knecht;0;1;2;0;0;0;1;0;1
-*epsilonlkc_pe;0;0;1;0;0;0;0;1;0
-*carine_tissot;0;1;0;0;0;0;0;0;0
-*ludovic_marmy;0;1;0;1;0;3;2;4;0
-*funambuline;1;0;1;0;0;2;1;3;2
-*tralala_bim;0;0;0;0;0;0;0;0;1
-*martinearm;0;1;1;0;0;0;0;0;0
-*aliben_dz;0;0;0;0;0;0;0;0;0
-*ogach_gsxr_750;0;0;4;1;0;1;1;3;2
-*ana_buo;0;1;0;0;0;0;0;0;0
-*moisimon_;0;1;1;1;1;4;1;4;7
-*sylou_anais;1;1;6;2;0;3;0;0;0
*i_0554;3;4;43;1;1;7;8;1;3
*postLikes_3100;43;79;276;114;7;188;203;112;82
*postComments_109;5;7;94;3;1;27;21;8;5
*postReposts_153;19;15;84;4;2;30;45;11;6
-*thalie_rosetea;0;1;3;0;0;4;6;5;1
-*lyvia_b_b;1;0;2;0;0;0;0;0;0
-*climatestrike_suisse;0;0;1;0;0;0;0;0;0
-*soussou_888;0;2;2;0;0;0;1;2;0
-*lolacoubcoub;0;0;1;0;0;0;0;0;0
-*habibtygaza;0;0;0;0;0;2;0;0;0
-*dominique_loewe;0;0;2;0;0;1;2;1;0
-*benas_bnl;1;0;0;0;0;0;1;1;0
-*lamia_run_mum;3;0;0;0;0;0;0;0;0
-*feridmatri;0;0;5;0;0;1;2;2;0
-*rub_tan;0;2;40;1;0;4;7;4;0
-*nategva;0;0;0;0;0;0;1;1;0
-*matthew_s1801;0;0;4;0;0;1;3;1;0
-*donyamzo;0;0;1;0;0;0;0;0;0
-*j2mcrusoe;0;0;4;0;0;1;0;0;0
-*charlescohen785;0;0;6;1;0;0;1;0;0
-*ikki__404;0;1;6;0;1;5;3;1;0
*commentDate_15-12-2025;2;1;3;0;0;4;3;2;3
-*orion_boa;0;0;3;0;0;1;3;2;1
-*iamrollo17;0;1;2;0;0;0;1;2;0
-*titouscaph55;0;0;2;0;0;0;0;0;0
-*kamel_chemlali;1;1;2;0;0;0;2;0;0
-*gara_emm;1;0;5;1;0;0;1;1;0
*commentLikes_73;1;0;2;0;1;5;5;3;2
-*dalil_dali;1;1;4;0;0;1;0;0;3
-*chichia389;1;0;3;0;0;1;0;0;0
-*khaleedji;33;0;1;0;0;1;0;0;0
-*ch_worldnews;8;16;54;1;1;2;5;6;1
-*the_criticus;0;0;1;0;0;0;0;0;0
-*porchet_elias;0;1;1;0;0;0;0;0;1
-*bavedeschneks;0;0;1;0;1;0;0;0;1
-*khadija_nadji;0;0;2;0;0;0;1;1;0
-*regineeschmann6;0;0;2;1;0;1;0;0;0
-*solausada;0;0;6;0;0;0;1;1;0
-*ryma_rouibah;0;0;2;0;0;0;0;1;0
-*kari_karibk;0;0;1;0;0;1;0;1;0
*i_0555;4;10;2;1;0;21;19;66;13
*postLikes_14100;4;10;2;1;0;21;19;66;13
*postComments_138;37;24;7;2;0;28;35;72;27
*postReposts_210;15;33;42;158;3;98;131;76;18
*commentLikes_342;0;0;0;0;0;0;1;0;0
-*mack_new;0;0;0;0;0;1;1;0;0
-*skull_mea;1;1;0;0;0;1;1;0;0
-*deathl07;2;1;1;0;0;4;1;1;0
-*giuliano_gva;0;1;0;0;0;0;0;0;0
-*berxares;0;1;0;0;0;0;0;1;0
-*sarah_the_swiss_seal;0;0;0;0;0;3;3;3;0
-*7_elchico_7;0;0;0;0;0;0;0;9;0
*commentLikes_334;0;0;0;0;0;0;0;1;0
-*samurscheler;0;0;0;0;0;0;0;1;0
-*ge_conduis_mal;2;3;12;9;0;15;12;6;30
-*cleherrera55;0;2;0;0;0;0;0;0;0
-*m_tariq_hekmat;0;0;0;0;0;0;0;2;0
-*matheo_stalder;0;2;0;1;0;4;2;2;3
-*mirella_mj;0;0;0;0;0;3;0;5;2
*commentLikes_96;0;0;1;0;1;2;1;5;3
-*vuk77;0;1;0;0;0;1;0;1;0
-*tom3as88;0;0;0;0;0;0;0;2;1
-*eveca14;2;0;4;1;0;6;2;2;1
-*mat20__;0;0;0;0;0;0;1;4;0
-*dani_rld;0;0;0;0;0;0;1;0;0
-*su_eli95;0;0;0;0;0;2;0;3;0
*commentLikes_166;0;0;1;0;0;0;0;1;0
-*karla_delab;0;0;0;0;0;0;0;1;0
-*sisterilii;0;0;0;0;0;0;0;1;0
-*ana_vilaverde;0;0;0;0;0;1;0;1;0
-*magda_gva;0;0;0;0;0;0;0;1;0
-*sherine_el_fekih;0;0;0;0;0;1;1;3;0
-*xavier_roth_lausanne;0;0;1;0;0;5;9;9;4
-*enzom_perso;1;0;1;2;1;1;9;6;2
-*atelierunityberset;0;0;0;0;0;0;0;1;0
-*matthias_of_the_north;0;0;2;0;0;1;1;2;0
-*sarah__mans;1;0;0;0;0;0;0;0;0
-*feralkidd;0;0;0;0;0;0;1;0;1
-*do_lst;0;0;0;0;0;0;2;3;0
-*c_ivan_gs;0;1;4;0;0;0;2;9;3
-*falisfjord;0;1;0;0;1;12;0;1;0
-*jonathanairv;0;2;0;0;0;1;0;0;0
-*rizik_games;5;0;5;1;1;6;12;4;1
-*yannhedge;4;0;21;0;0;2;25;2;1
-*gentrit_genti_;1;0;0;0;0;0;0;1;0
-*ximisch;0;1;0;0;0;1;0;3;0
-*moksha_gva;0;0;0;0;0;2;0;0;0
-*evaghidini99_;0;0;0;0;0;0;0;1;0
-*mari3_ap;0;1;1;0;0;1;2;2;0
-*baanjelu;0;0;0;0;0;3;1;0;1
-*topinet_;0;17;1;0;0;3;6;7;9
-*meedmomo;0;0;0;0;0;0;0;0;1
-*fred29w;0;0;0;0;0;1;0;0;0
-*djkristo;0;0;0;0;0;0;1;0;0
-*katianiederhauser;0;0;0;0;0;0;0;3;1
-*m_karim_13;0;0;0;0;0;1;0;0;1
-*gaspsandra;0;0;0;0;0;0;0;1;0
-*l_lprva;1;0;0;0;0;0;0;0;0
-*wikichaaan;0;1;0;1;0;0;6;1;2
-*eimeon_;0;0;0;0;0;0;1;0;0
-*faviaor18;0;0;0;0;0;0;1;1;0
-*jose__varela_semedo_;0;0;0;0;0;1;0;0;0
-*boosttoncapital_;0;0;0;0;0;0;0;0;1
-*krammermido;0;0;0;0;0;1;0;0;0
-*macookotte;0;1;0;0;0;0;0;1;1
-*tanneguyhellio;1;2;0;0;0;0;0;0;1
-*v_de_la_pampa;0;0;0;0;0;0;1;1;0
-*laetitiamentalcoach;0;0;0;0;0;1;0;0;0
*i_0556;3;14;12;5;0;104;52;65;23
*postLikes_5600;4;26;46;8;4;156;100;121;32
*postComments_303;3;14;12;5;0;104;52;65;23
*postReposts_44;16;87;214;17;8;227;224;311;102
-*fabiogomes_21;0;0;0;0;0;1;1;1;1
-*hubert_wang_wu;0;0;0;0;0;0;0;1;0
-*ibtiih;1;1;11;2;0;8;8;4;2
*commentLikes_177;0;0;0;0;0;1;0;0;0
-*carolinewaregeorge;0;0;2;1;0;2;0;2;0
-*alexandre_carruzzo;0;0;0;0;0;0;1;3;0
-*le___g;0;0;0;0;0;2;1;2;0
-*saby_curly_hair;0;0;0;0;0;0;0;0;1
-*bg2026paco;0;1;0;0;0;7;1;3;0
-*pinou_celia;0;0;14;0;0;5;15;5;2
*commentLikes_109;1;0;0;0;0;1;0;0;1
-*dragonflyer;0;0;0;0;0;1;0;0;0
-*minimoi_123;0;0;0;0;0;1;0;0;0
-*silent_celine22;0;0;0;0;0;0;2;0;0
-*suisse_engrage;0;2;5;0;3;13;9;16;1
-*rabbi_mfu;0;0;0;0;0;0;1;1;0
-*kenz_rf;0;0;0;1;0;0;2;0;0
-*skullgang_guggen;0;1;0;0;0;6;0;0;1
*commentLikes_80;1;1;1;1;0;5;9;6;0
-*martine_rouiller;0;0;2;3;0;2;5;6;0
-*perce_val22;0;0;0;2;1;20;28;16;3
-*elo_owl;0;1;1;0;0;1;1;1;0
-*jasmine_beutler;0;0;0;0;0;0;1;0;0
-*eva_from_the_undead;0;0;1;0;0;3;1;0;5
-*lukas_mntss;0;0;2;3;0;1;3;3;2
-*simonbrandt59;0;1;1;0;0;3;1;4;2
*commentLikes_141;0;0;1;0;0;1;0;0;0
-*rosa_rua_58;0;0;0;0;0;4;0;4;2
-*alberto_r_v_s;0;1;3;0;0;0;5;6;1
-*adrian_lvt_;0;0;0;0;0;1;0;1;1
-*kilavoexperience;1;2;0;0;0;0;2;1;2
-*doseca;0;0;0;0;0;0;1;1;0
-*_jbast_;1;1;1;0;0;3;2;2;0
-*lola_rmdn;0;0;0;0;0;1;0;0;0
-*soursdey2008;0;0;0;0;0;1;0;1;0
-*wlucasbg;0;0;0;0;0;1;0;0;0
-*amandinedura;0;3;0;0;0;2;0;0;2
-*les_crochedoudous_fait_main;0;0;0;0;0;0;0;1;0
-*moira_erikovna;0;0;0;0;0;1;1;0;0
-*pretotm;0;1;0;0;0;0;0;0;0
-*21wolff;0;1;0;0;1;2;0;0;0
-*alex_r_gva;0;1;0;1;0;2;1;1;0
-*ls_rlnd_;0;0;0;0;0;3;0;0;0
-*zigenzind;0;1;0;0;1;5;4;2;0
-*laureisablanchet;0;0;0;0;0;0;1;0;0
-*yvan3064;1;0;0;0;0;1;0;0;2
-*_felipe__br;0;0;1;0;0;0;0;0;0
-*jeanfrancois2441;0;0;0;1;0;0;0;2;0
-*esther_ad;0;0;0;0;0;11;4;0;0
-*theulfarksfamily;0;8;3;0;0;6;2;2;1
-*d_nnsw_;0;3;0;1;0;20;10;3;1
-*barrasbenoit;0;0;0;0;0;1;0;0;0
-*nabuthays;0;0;0;0;0;0;1;1;0
-*del_bru;0;0;0;0;0;5;2;0;0
-*faizmeier97;0;0;0;0;0;2;0;1;0
-*arctoss;0;0;1;0;0;0;2;1;1
-*poscok99;0;3;0;0;0;2;0;0;0
-*tiago_dlo;1;1;0;0;0;1;1;1;0
-*steve_ad38;0;0;1;0;0;2;1;1;0
-*ducretremy;0;0;0;0;0;0;1;0;1
-*don_vzc;0;0;0;0;0;2;0;1;3
-*_lc_68;1;1;3;0;0;1;3;0;0
-*filipe_rigor;0;0;0;0;0;0;1;0;0
-*sergio_armandito;1;0;0;0;0;1;0;0;0
-*g_beauty_geneve;0;0;0;0;0;0;0;0;0
-*eliott_neuhaus;0;0;0;0;0;1;0;0;1
-*akskfnr__eususk;0;0;0;2;0;9;1;0;3
-*gloomy_vega;0;0;0;0;0;1;0;0;0
-*n_____w_02;0;1;0;0;0;1;0;0;0
-*aleks_1073;0;0;0;0;0;1;0;0;0
-*eldiablowag;1;0;0;0;0;0;0;0;0
-*samiiiir_01;0;0;0;0;0;0;0;0;1
-*celia_rkn;0;0;0;1;0;0;0;0;0
-*akram_n_h_;0;1;0;0;0;0;0;0;0
-*kay_x_11;0;0;1;0;0;0;2;3;0
-*nothing_lasts_forever_perou_91;0;1;0;0;0;0;1;0;0
-*wake_up_9000;0;4;3;2;1;5;9;7;5
-*marylinecettou;2;5;0;0;0;9;2;7;1
-*borcarcalexia;0;0;0;0;0;1;0;0;0
-*barazo23;0;0;0;0;0;0;0;1;1
-*emiliensalamin;0;0;0;0;0;1;0;0;0
-*agtn_69;1;4;6;1;0;13;8;7;3
-*flshwyz;0;0;0;0;0;3;0;0;0
-*rokia88;0;0;1;0;0;1;0;1;0
-*whatever_lydia;0;2;2;0;0;0;0;1;0
-*spartan_ch119;0;1;0;0;0;1;3;2;1
-*vuulgaris;0;0;0;0;0;0;0;0;0
-*eitan_s_1999;1;3;130;6;2;8;16;3;2
-*sermetsylvestre;0;0;0;0;0;1;0;1;0
-*mreybellet;0;1;2;0;0;2;3;9;4
*i_0557;1;6;1;0;0;2;3;4;8
*postLikes_9100;5;37;5;2;1;262;84;160;17
*postComments_43;4;24;8;5;2;47;33;63;100
*postReposts_34;19;27;38;25;2;109;103;48;22
-*petticia_laban;3;0;0;0;0;0;0;0;0
-*je_suis_manuricherd;0;1;0;0;0;1;0;0;0
-*jess_yiskah_;1;2;0;0;0;1;1;0;0
-*hilmastudio_;0;0;0;0;0;0;1;0;0
-*le_lord_sv;1;1;0;0;0;0;1;0;0
-*cest_nouh;0;0;0;0;0;1;0;0;0
-*anais_travell;0;1;0;0;0;0;0;0;0
-*zazoue_of;0;0;1;0;0;4;5;1;3
-*mi_stdr;0;0;0;0;0;0;0;1;0
-*9albaaomz;0;0;0;0;1;0;0;1;1
-*navy_le_troubadour;0;0;0;0;0;0;0;1;0
-*ka_zool3;0;1;4;0;1;0;0;1;0
-*maellcita;0;0;0;0;0;1;0;0;0
-*carolinemoritz92;0;0;0;0;0;0;0;0;1
-*met_a_vibes;0;0;0;0;0;0;0;1;0
-*_chez_isa;0;1;0;0;0;0;0;0;0
-*brunaiannuzzi;0;1;0;0;0;0;0;0;0
*i_0558;1;3;35;0;0;9;13;8;7
*postComments_97;1;3;35;0;0;9;13;8;7
-*mmesantasista;0;0;1;0;0;0;0;0;0
-*lucien_n_n;0;0;1;1;0;0;0;0;0
-*eugenioaiello1;0;0;0;0;0;0;0;1;0
*commentLikes_115;0;1;1;0;0;1;1;2;1
-*lsz_2108;0;0;1;0;0;0;0;0;0
-*theo_corsini;0;0;3;0;0;2;2;0;2
-*ania_gld;0;0;0;0;0;0;2;0;0
-*mirko36000;0;1;1;1;0;0;2;1;0
-*samuelalbrecht49;2;0;1;0;0;0;0;0;0
-*giuannina_;0;0;0;0;0;0;0;1;0
-*domdom8754;0;0;0;0;0;0;1;0;0
-*jose_dem;0;0;1;0;0;0;0;1;0
-*kristi_candy;0;0;2;0;0;0;0;0;0
-*emmma__gnv_;0;0;0;0;0;0;0;0;1
-*franck_mrx;0;1;0;0;0;1;1;1;0
-*ciaragomou;0;2;3;1;0;0;2;3;0
*commentLikes_180;0;0;2;0;0;1;0;0;0
-*alextomic_;0;0;4;0;0;1;0;1;1
-*philphotos77t;0;0;0;0;0;0;0;0;1
-*benjgnv;0;0;1;0;0;0;0;0;0
-*maxime_1201;0;0;1;0;0;0;0;0;0
-*hfeguenson;0;2;6;0;0;1;0;3;0
-*u_sambarbanu;0;0;0;0;0;1;0;2;0
-*gael_slett;0;0;1;0;0;1;12;0;0
-*lillywoodshine71;1;2;1;0;0;1;0;0;0
-*ggc2703;0;2;1;0;0;1;2;14;4
-*reglon01;0;0;2;0;0;1;0;1;1
*i_0559;0;12;0;2;0;115;18;3;14
*postLikes_4200;13;47;8;12;3;203;95;29;40
*postComments_172;0;12;0;2;0;115;18;3;14
*postReposts_32;30;99;14;12;5;298;196;38;70
*commentLikes_123;0;1;2;5;0;3;0;2;0
-*stiven_modica;0;0;0;0;0;1;0;0;0
-*ridiculousociety;0;0;0;0;0;0;0;2;1
-*petitwengli;0;1;0;0;0;0;0;0;0
-*ve_anne_lab;0;0;0;0;0;4;1;2;1
-*insomniak_rody;0;0;1;0;0;2;1;0;0
-*fitness_withvera;0;0;0;0;0;3;0;0;0
-*lea_jnk__;0;0;0;0;0;0;0;0;2
-*ana1981d_s;0;0;0;0;0;2;0;0;0
*commentLikes_224;0;0;0;0;0;1;0;0;0
-*duke_2291;0;0;0;0;0;2;1;0;2
-*mouha2sall;0;0;0;0;0;1;0;0;0
-*alexandraqualquercoisa;0;0;0;0;0;1;0;0;0
-*blondy_p;0;0;0;0;3;6;5;2;0
-*lasoeurdelafleuriste;0;0;0;0;0;2;1;0;0
-*doolceeee;0;0;0;1;0;1;0;0;0
-*__jera___;0;0;0;0;0;1;0;0;0
-*stickman1980;0;0;0;0;0;1;0;0;1
-*chantarabistouille;0;0;0;1;0;1;0;0;0
-*les_simonades;0;0;0;0;0;2;0;0;0
-*patatamande;0;0;0;0;0;2;0;0;0
-*v_le_x;0;0;0;0;0;1;0;0;1
-*meduse_boy;0;1;3;0;0;5;0;4;1
-*blasterun;0;0;0;0;0;0;2;0;0
-*rob_1_;0;0;0;1;0;0;0;0;0
-*ma_rc2022;0;0;0;0;0;1;0;0;2
*commentLikes_276;0;0;0;0;0;2;0;1;0
-*v_k_feka;0;0;0;0;0;3;0;0;0
-*charles_0112358;0;0;0;0;0;2;0;0;0
-*giotra13;0;2;0;0;0;1;0;1;0
-*marlparatte;0;0;0;0;0;3;0;0;0
-*sandra_monteiro_;0;0;0;0;0;5;0;0;1
-*vxl3ri3;0;0;0;0;0;8;0;3;2
*commentLikes_179;0;0;1;0;0;2;1;3;1
-*mc_kanaki;0;0;0;0;0;0;0;0;1
-*laure160779;0;0;0;0;0;4;0;0;1
-*neytiri161;0;0;7;0;0;4;2;1;1
-*dov612;0;1;0;0;0;2;2;1;0
-*dart_et_daffaire;0;0;0;0;0;2;0;0;0
-*walther_joel;0;0;0;0;0;2;0;0;0
-*p_mullok;0;0;0;0;0;1;0;0;0
-*ebadr_10;0;0;0;0;0;1;0;0;0
*commentDate_10-12-2025;11;40;7;1;3;42;30;16;19
-*youcefraifiofficiel;0;0;0;0;0;1;0;0;1
-*saveocean2021;0;0;0;0;0;0;2;0;0
-*daniel_montandon;0;0;0;0;0;2;0;0;1
-*lejraya;0;0;0;0;0;1;0;0;0
-*ga_ra510;0;0;0;0;0;0;0;2;1
-*momoss1er;1;0;0;0;0;2;1;0;0
-*__m_a_t_h_i_e_u__;0;0;0;0;0;1;1;0;1
-*om18270;1;4;0;0;1;0;0;2;4
-*_alisme_;0;1;0;1;0;0;0;0;0
-*gauglofer;0;0;0;0;0;1;0;0;0
-*mzindik;0;1;0;0;0;0;0;0;0
-*mariecharlotte21_;0;0;0;0;0;4;0;0;1
-*oscarito__14;0;1;0;0;0;1;0;0;0
-*chevalier70;0;0;0;1;0;1;0;0;0
-*klodya_mac;0;0;0;0;0;1;1;0;1
-*alamein_05_;0;1;0;0;0;3;4;0;1
-*balbo_m3;0;1;0;0;0;0;0;0;1
-*helvetique_sport_shop;0;1;0;0;0;1;0;1;0
-*joverclaire;0;0;0;0;0;1;1;2;1
*i_0560;1;3;2;0;0;3;0;9;2
*postComments_31;3;9;4;0;2;12;14;32;16
-*noooah_ynwa;0;0;0;0;0;1;0;1;0
-*plexusexcavatum;0;0;0;0;0;0;1;0;0
-*tcheminou;0;0;4;0;0;1;4;5;0
-*k_armin00;0;0;0;0;0;0;0;0;1
-*florian_bramble;0;0;1;0;0;0;0;0;0
-*vhelenede;4;0;0;0;0;2;2;3;1
-*hugxprc73;0;0;0;0;0;0;0;1;0
-*and1_and1;0;1;0;0;0;0;0;0;0
-*knstnqr;0;0;0;0;0;1;0;0;0
-*dayane_rds;0;0;0;0;0;0;0;2;0
-*olacphoto;0;1;0;0;0;1;0;1;0
-*thierrybaechler;1;2;0;0;0;1;0;1;1
*i_0561;0;0;0;8;0;0;5;0;0
-*ikeathedog;0;0;0;1;0;0;2;0;0
-*p_hobi;0;0;0;0;0;0;0;0;0
*i_0562;0;1;0;0;0;0;0;0;0
*postLikes_4300;15;47;30;117;3;129;107;107;51
-*leo_l06;0;1;0;0;0;0;0;0;0
*i_0563;0;1;1;0;0;1;1;0;2
*postComments_7;9;6;2;0;0;9;9;6;6
*postDate_24-11-2025;31;12;11;4;2;44;120;29;3
*commentDate_7-12-2025;1;0;0;1;0;0;0;0;1
-*sigge_change;0;0;1;0;1;0;1;1;2
*i_0564;0;2;1;1;1;8;4;10;1
-*momosas_joy;0;0;0;0;0;0;1;3;2
-*noelie_dvsn_23;0;1;0;0;0;0;0;0;0
-*lucie0608_;1;0;0;0;0;8;2;4;0
-*goupde12;0;0;4;2;0;2;6;4;0
-*gearmiga;0;0;0;0;0;4;1;0;0
-*filiperdgz;0;0;0;0;0;1;1;1;0
-*lu_no2001;0;0;0;0;0;0;0;1;0
-*cecile_c_;0;0;0;0;0;4;0;0;0
-*yuh_appfr;0;0;0;1;0;0;0;0;0
-*luis05_10;0;0;0;0;0;0;0;2;0
-*nef1609;0;0;0;0;0;2;0;1;0
*i_0565;0;2;2;1;1;19;71;7;0
*postComments_94;5;19;4;1;3;44;137;13;3
*postReposts_6;33;52;35;5;5;102;159;135;110
-*losthereal1;0;0;0;0;0;0;1;0;0
-*mathiascardet;0;1;0;1;1;11;23;6;2
-*radiotelevisionsuisse;1;0;1;0;0;2;2;0;0
-*c_harlineeee;0;0;2;7;0;9;11;0;2
-*gaarf_00;0;1;0;0;0;0;0;0;0
-*donklare;0;0;1;0;0;0;0;0;0
-*diego_caroli;0;0;0;1;0;0;1;2;0
-*evandarkdj;0;0;0;0;0;0;0;0;0
-*lechatdanslaprise;3;2;0;0;0;6;10;1;3
-*af_brk1;0;2;2;8;0;6;1;0;0
-*oli_gatorr;0;0;5;4;0;0;6;1;0
-*howisyourdream;0;0;0;0;0;0;1;0;0
-*3li3_t0llis;0;0;4;5;0;6;7;2;0
-*zainab_m10;0;0;0;0;0;0;1;0;0
-*celinelagier;0;0;1;0;1;1;10;1;0
-*lucas_sid;0;0;0;0;0;0;3;0;1
-*miguel_a_m_castano;0;0;0;0;1;1;0;0;0
-*m_le_quellec;0;0;1;0;0;0;1;0;0
*i_0566;6;3;5;1;0;4;25;1;0
*postReposts_62;7;12;14;3;1;18;51;8;5
-*carrelumiere;0;0;0;0;0;1;0;0;0
-*sofiaaaa10490;1;0;0;0;0;0;0;0;0
-*siiriandrekson;0;0;1;0;0;1;1;0;0
-*wiolettaraemy;0;0;0;0;0;1;0;0;0
-*c4m_e1;2;0;0;0;0;0;1;0;0
-*antonin_gx;0;0;0;0;0;0;3;0;0
-*sophietorga;1;0;1;1;0;2;6;7;3
-*meonlive;0;0;0;0;0;0;2;0;0
-*paul_crmn;0;0;0;0;0;1;1;1;1
-*romainejoray;1;0;0;0;0;0;0;0;0
-*_isaline_t;0;0;0;0;0;0;1;0;0
-*ilovecat137;0;1;0;1;0;0;2;1;1
-*exotemin;0;0;0;0;0;1;1;0;0
*i_0567;0;2;0;1;0;8;17;11;0
*postLikes_2300;5;11;16;1;0;24;33;30;3
*postComments_47;29;24;6;2;0;19;37;17;6
-*nick_photo_switzerland;0;1;0;0;0;2;4;0;0
-*picolo_ch;0;0;0;0;0;1;0;1;0
-*og_baklava;0;0;0;0;0;0;2;2;0
-*liryc_yet;0;0;0;0;0;1;6;2;1
-*tokyo2442;0;0;1;0;0;1;1;0;0
-*hspeedy61;0;1;0;0;0;0;1;0;1
-*alex_geraldo_;0;0;0;0;0;1;0;0;0
-*christine7803;0;0;0;0;0;0;1;0;0
-*sa_ri0491;0;1;0;0;0;0;0;0;0
-*s_a_m_i_r_8_93;0;0;1;0;0;0;0;1;0
-*zefloxx;0;0;0;0;0;1;2;0;0
-*tofly_x;0;0;0;0;0;1;0;3;0
-*agemoo;0;0;0;0;0;1;0;1;0
-*minah__lady;0;1;0;0;0;0;0;0;0
-*schopfernicolas;0;0;0;0;1;0;2;0;0
*i_0569;25;2;2;0;0;4;2;0;0
*postLikes_11600;26;6;4;0;0;11;7;2;3
*postComments_91;31;40;17;1;0;18;26;41;25
*postReposts_233;25;2;2;0;0;4;2;0;0
-*gabbaboy;1;0;0;0;0;0;0;0;0
-*ellemmanu154;1;0;0;0;0;0;0;0;0
-*yanick_ge_adventures;0;0;0;0;0;1;0;0;0
-*coco_des_iles_mu;1;0;0;0;0;0;0;0;0
-*julienddt;0;0;0;0;0;3;5;1;1
-*vickykartel100;1;0;0;0;0;0;0;0;0
-*nana_ge3;1;0;0;0;0;0;0;0;0
-*sscapadecrousaz;1;0;0;0;0;0;0;0;0
-*mashereeamor;0;1;0;0;0;0;0;0;0
-*yannickdominati;1;0;0;0;0;0;0;0;0
-*kiaramntr;2;0;0;0;0;0;0;0;0
-*bellisa_md;1;0;0;0;0;0;0;0;0
-*ginafab55;3;1;0;0;0;0;0;0;0
-*marymaja74;2;0;0;0;0;0;0;0;0
-*elqanah_bly_life_;1;0;0;0;0;0;0;0;0
-*kuby_kuby007;0;0;0;0;0;0;1;0;0
-*elektrees_;1;0;0;0;0;0;0;0;0
-*mel_maret;1;0;0;0;0;0;0;0;0
-*terereabada82;1;0;0;0;0;0;0;0;0
-*whitegalia;1;0;0;0;0;0;0;0;0
-*alainonwheels;2;0;0;0;0;0;0;1;1
-*semzo_reggae;0;1;0;0;0;0;0;0;0
-*rosenasuicafrancesa;1;0;0;0;0;0;1;2;0
-*vince_fonteny;1;0;0;0;0;0;0;0;0
-*girlzinha;1;1;1;0;0;0;0;0;0
*i_0577;6;1;0;0;0;0;1;0;0
*postReposts_20;25;78;45;35;6;98;100;229;24
*postDate_25-11-2025;9;2;0;0;0;1;3;1;0
-*madebystern;1;0;0;0;0;0;0;0;0
-*__lizzybeth__;1;0;0;0;0;0;0;0;0
-*suzanna_eisch;1;0;2;0;0;0;0;0;0
-*__drummond3_;1;0;0;0;0;0;0;0;0
-*michaelsalaspo;0;0;0;0;0;0;1;0;0
-*nata__gorn;0;1;0;0;0;0;0;1;0
*i_0582;1;0;0;0;0;0;0;0;0
*postComments_8;9;9;3;1;0;15;15;2;4
*postReposts_12;27;66;62;7;55;142;133;160;97
*i_0587;2;1;0;0;0;1;2;1;0
*postComments_13;17;6;2;1;0;11;4;8;21
*postReposts_27;10;8;2;0;0;18;15;6;4
-*carole__polearcenciel;1;0;0;0;0;0;0;0;0
-*a_andrealombardo;1;2;0;0;0;1;0;0;1
-*fabiennemagnin;0;1;0;0;0;0;0;0;0
-*fcepalinges;0;0;0;0;0;0;0;1;0
-*kessliketuna;0;0;0;1;0;0;1;0;1
-*owen_dvd;0;0;0;0;0;0;1;2;0
*i_0597;4;1;0;0;0;0;0;0;1
*postDate_26-11-2025;4;1;0;0;0;0;0;0;1
-*sophievullie;4;0;0;1;0;0;0;0;0
-*birdlifesuisse;1;0;0;0;0;0;0;0;0
-*julietreistschaer;0;1;0;0;0;0;0;0;0
*i_0614;0;12;1;0;0;3;0;0;0
*postLikes_2800;14;33;11;11;2;57;42;35;16
*postComments_34;3;23;3;1;1;13;27;16;17
*postDate_27-11-2025;5;14;1;0;0;3;0;1;0
-*f_r_e_d_15;0;1;0;0;0;0;0;0;0
-*salutcestcoralie;0;2;0;0;0;0;0;0;0
-*loic_xes;0;2;0;0;0;1;0;2;0
-*stef_m74;0;1;0;0;0;0;0;0;0
-*sstef_anoo;0;1;0;0;0;0;0;0;0
-*chloe_cina_;0;1;0;0;0;0;0;0;0
-*titine112;0;0;0;0;0;1;0;0;0
-*yyyaa2n;0;1;0;0;0;0;0;0;0
-*mauritsminus8;0;1;0;0;0;0;0;0;0
-*renata_basset;0;1;0;0;0;0;0;0;0
-*alizee_alvz;0;1;0;0;0;0;0;0;0
-*_carouselambra_;0;1;0;0;0;0;1;0;0
-*anna_lemmo;0;0;1;0;0;0;0;0;0
-*niedergangleo;0;0;0;0;0;0;0;0;0
*i_0620;5;2;0;0;0;0;0;1;0
*postLikes_8300;9;13;9;97;0;94;99;13;8
*postReposts_29;12;4;2;0;0;10;8;17;9
-*sofiadelsol;2;1;0;1;0;1;0;0;0
-*thysmaaubotza;0;0;0;0;0;1;0;1;0
-*anneclaudeliaudat;3;0;0;0;0;0;0;0;0
-*lawrencedesign_la;0;1;0;0;0;0;0;0;0
-*laurent_mottier_;0;1;0;0;0;0;0;0;0
-*ach1lle_;2;2;0;0;0;3;1;0;0
*i_0623;2;0;0;0;0;1;0;0;0
*postDate_28-11-2025;5;1;0;0;0;4;0;2;3
-*aury_vln;1;0;0;0;0;0;0;0;0
-*luaern;1;0;0;0;0;0;0;0;0
*i_0625;0;0;0;0;0;1;0;1;1
*postLikes_4600;20;41;44;11;2;132;111;168;29
*postComments_3;3;0;2;0;0;2;3;2;1
-*loris_qgl;0;1;1;0;0;1;0;0;3
*i_0628;2;0;0;0;0;1;0;0;1
*postReposts_48;10;18;57;5;0;38;79;18;11
-*cottilaure;8;0;0;0;0;0;0;0;0
-*kkn_suiss;0;0;0;0;0;0;0;0;0
-*elisabeteda_costa;1;0;0;1;0;0;0;0;0
*i_0631;1;1;0;0;0;1;0;1;1
*postLikes_1900;11;32;2;1;3;52;28;58;43
*postComments_6;8;1;0;0;0;3;0;3;3
*postReposts_11;11;56;22;5;4;92;116;59;81
-*sofiameakin;1;0;0;0;0;0;0;0;0
-*nouky79;0;1;0;1;0;2;1;0;0
-*jradelfinger;0;0;0;0;0;2;2;0;0
-*jpascal_muller;0;0;0;0;0;0;0;1;0
*commentDate_18-3-2026;0;0;0;0;0;0;0;0;1
-*colettaserge;0;0;0;0;0;0;0;0;1
*i_0640;2;0;0;0;0;1;0;0;0
*postDate_29-11-2025;2;0;0;0;0;1;0;0;0
-*pathounne;0;0;0;0;0;1;1;0;1
-*scuzeju;0;0;0;0;0;1;0;1;1
-*ouby2;1;0;1;0;0;0;0;0;0
*commentDate_6-12-2025;3;1;0;0;0;1;0;2;3
-*omicron86;2;0;0;0;0;2;1;1;0
*i_0660;0;2;0;0;0;1;0;0;4
*postDate_1-12-2025;0;2;0;0;0;1;0;0;4
-*ivoirien_gros_grain;1;0;1;0;0;2;0;0;1
-*marc_flu_03;0;3;0;0;0;0;1;0;0
-*le7ard;0;4;0;0;0;5;2;1;6
*i_0669;7;1;1;0;0;4;1;0;1
*postLikes_5900;21;31;156;6;0;52;64;43;24
*postComments_21;18;8;2;0;0;12;9;3;13
*postDate_2-12-2025;7;1;1;0;0;4;1;0;1
-*ines_metrailler;1;0;0;0;0;0;0;0;0
-*s_saskiaa;1;0;0;0;0;0;0;0;0
-*fabaxsap;1;0;0;0;0;0;0;0;0
-*myriam_meier;1;0;0;0;0;0;0;0;0
-*claudinemichon;0;0;0;0;0;1;0;0;0
-*bebei1977;1;0;0;0;0;0;0;0;0
-*nsoltanzadeh89;0;0;1;0;0;0;0;0;0
-*bymarylene;0;0;0;0;0;1;0;0;0
-*clarapulver;0;0;0;0;0;1;0;0;0
-*stillnesspathofficial;1;0;0;0;0;0;0;0;0
-*canadian_viking00;0;0;0;0;0;0;1;0;0
-*oliviahennard;0;0;0;0;0;1;0;0;0
*i_0696;2;0;0;0;0;3;6;2;3
*postDate_4-12-2025;9;2;0;0;0;4;6;2;3
-*licepetra;0;0;0;0;0;2;0;0;2
-*seanyboy_goat;0;0;0;0;0;0;0;0;0
-*ivandcruz7;3;1;0;0;0;0;0;0;0
-*chemokine;0;0;0;0;0;1;0;0;0
*i_0703;4;2;0;0;0;1;0;0;0
*postLikes_8100;37;72;366;92;4;156;147;33;22
*postReposts_43;29;97;183;250;10;501;227;190;54
-*pascale_e_bosson;1;0;0;0;0;0;0;0;0
-*nathalie_tipsfitness;0;1;0;0;0;0;0;0;0
-*maryfleurr;1;0;0;0;0;0;0;0;0
*commentDate_17-12-2025;2;2;0;0;0;3;2;3;1
-*arnaud_photo_;0;0;0;1;0;0;0;2;0
-*badawia37;0;1;0;0;0;0;0;0;0
-*la_poetographe;1;0;0;0;0;0;0;0;0
*i_0704;3;0;0;0;0;0;0;0;0
*postLikes_6600;12;29;15;5;0;56;25;30;10
-*lucyc__tin07;1;0;0;0;0;0;0;0;0
*i_0708;0;1;0;0;0;1;0;1;0
*postDate_5-12-2025;0;1;0;0;0;1;0;1;0
-*a_mitch05;0;0;0;0;0;1;0;0;0
-*nico_gass;0;1;0;0;0;0;0;0;0
-*joachim_chardon;1;2;3;0;0;1;2;2;0
*i_0716;0;1;0;0;0;1;0;0;0
*postLikes_606;0;1;0;0;0;1;0;0;0
*postComments_4;2;4;0;1;0;5;4;3;4
*postDate_6-12-2025;3;1;0;1;0;1;0;2;2
-*msarahdubois;0;1;0;0;0;5;2;0;0
*i_0717;1;0;0;1;0;0;0;1;2
*postLikes_12200;9;3;0;2;1;14;8;22;5
-*___ptite15___;0;0;0;0;0;0;0;1;0
-*steveraffner;0;0;0;0;0;0;1;0;3
-*gi_m_fake;0;2;0;1;0;0;0;0;0
-*cecilecard;0;1;1;0;0;2;0;0;1
*i_0719;2;0;0;0;0;0;0;1;0
*postLikes_6500;12;0;0;0;0;2;2;1;1
-*josy_pictures;1;0;0;0;0;0;0;0;0
-*alexandre_brisson_photography;0;0;0;0;0;0;0;1;0
*i_0733;2;0;0;0;0;0;0;0;0
*postLikes_4900;8;10;1;1;0;30;36;119;12
*postDate_7-12-2025;2;0;0;0;0;0;0;0;0
-*florian_bdn;1;0;1;0;0;0;1;0;0
*i_0739;0;0;0;0;0;0;0;0;3
*postDate_8-12-2025;3;0;0;0;1;3;3;1;4
*commentDate_12-12-2025;9;11;0;2;0;17;14;27;11
-*shivas_73;0;0;0;1;0;0;0;0;1
*i_0740;1;0;0;0;0;0;0;1;0
-*chenoishand;1;0;0;0;0;0;0;0;0
-*cacestbasket;0;0;0;0;0;0;0;1;0
*i_0744;2;0;0;0;1;3;3;0;1
*postLikes_1600;15;20;60;4;4;72;69;35;37
*postReposts_30;16;14;8;5;1;37;38;45;13
-*sarahsarahschmutz;0;0;0;0;0;0;0;0;1
-*isabellecsonka;0;0;11;4;0;9;3;4;2
-*nokalf;2;1;0;0;0;0;1;0;0
-*gaiaalpsphotography73;0;0;0;0;1;0;0;1;0
-*greg_agiani;0;2;1;0;0;2;2;3;0
-*gonzmcamiloa;0;0;0;0;0;0;0;0;0
*i_0751;2;0;0;0;0;1;1;1;0
*postDate_9-12-2025;3;0;0;0;0;1;1;2;0
-*cliniquehygienedentaire;1;0;0;0;0;0;0;0;0
-*lartichaut_carouge;1;0;0;0;0;0;0;0;0
-*ooovationfr;0;0;0;0;0;0;0;1;0
-*leila_schn;0;0;0;0;0;0;1;0;0
*i_0753;1;0;0;0;0;0;0;1;0
*postReposts_15;33;55;49;9;6;89;111;114;23
-*phaka1967;1;0;0;0;0;0;0;0;0
-*emkayum;0;0;0;0;0;0;0;1;0
*i_0762;3;25;1;0;0;15;4;4;4
*postLikes_6700;5;47;14;2;1;48;45;12;6
*postReposts_42;5;48;7;2;0;39;27;8;58
*postDate_10-12-2025;11;50;8;1;4;56;46;17;25
*commentLikes_468;0;1;0;0;0;0;0;0;0
-*exhaleart_inc_;0;2;0;1;0;2;3;1;0
-*__21mb__;0;0;0;0;0;0;0;1;0
-*la_bisule_1602;0;0;0;0;0;0;0;0;1
-*___alleex___;0;0;0;0;0;2;0;1;0
-*p0wwwl;0;0;1;0;0;0;0;0;0
*commentLikes_116;0;0;3;0;0;1;4;1;1
-*nathbb;0;0;0;0;0;1;1;0;0
*commentDate_4-1-2026;1;1;1;1;0;0;2;0;0
-*secret__pseudo;0;1;0;0;0;0;0;0;2
-*albert_qufaj;0;0;0;0;0;1;1;0;0
-*basila87887;1;2;0;0;0;0;2;4;0
-*lanny_marxxs;0;3;0;0;0;0;0;0;0
-*decyn1220;0;0;0;0;0;2;1;0;2
-*gizele_abreu;0;1;0;0;0;0;0;0;0
-*guiid_c;0;1;0;0;0;0;0;0;0
*commentLikes_422;0;0;0;0;0;1;0;0;0
-*saiancordier;0;0;0;0;0;1;4;0;0
-*ines_rage;0;1;0;0;0;0;0;0;0
-*whataboutfreedomofspeech;0;0;3;0;0;10;1;4;1
-*let_idm;0;0;0;0;0;0;0;1;0
*commentDate_3-1-2026;0;1;2;0;1;1;1;1;4
-*capp_alwynn;0;1;0;0;0;0;0;0;0
-*lorixx__jlt;0;0;0;0;0;1;0;0;0
-*therealbryanstanton;1;0;0;0;0;0;0;0;0
-*atebabalenciaga;0;1;0;0;0;0;0;0;0
-*janeofgeneva;0;0;0;0;0;1;0;0;0
-*june_ethz;0;0;0;0;0;0;0;0;0
-*m444gnafi;0;1;0;0;0;0;0;0;0
-*elio_2_0;0;0;0;1;0;1;0;0;1
-*xxpink_slutxx;0;1;1;0;0;3;0;1;1
*i_0763;1;1;3;0;0;1;0;0;0
*postComments_12;11;15;4;2;0;11;9;5;22
-*callhervan;0;0;1;0;0;1;2;0;0
-*shpressaaaa;1;0;1;0;0;0;1;0;0
-*fabiino0;0;1;2;0;0;0;0;0;0
*i_0764;0;0;0;0;0;1;0;0;3
*postLikes_2600;15;43;41;4;12;126;167;197;78
*postReposts_0;2;7;5;0;0;15;15;2;21
-*chriss_pix;0;0;0;0;0;0;0;0;2
*commentDate_16-12-2025;1;2;0;0;0;2;2;1;4
*i_0765;7;15;4;1;4;24;24;11;11
*postLikes_11100;9;27;59;13;5;52;56;66;19
*postComments_149;7;29;6;2;54;49;44;30;15
*postReposts_60;16;35;47;4;4;54;71;30;19
-*v_swisstravel;1;0;0;0;0;0;0;0;2
-*melzzzer;0;0;1;0;0;0;0;0;0
-*raffa_ella005;1;8;3;0;37;20;42;12;3
-*van_dadi;0;0;0;0;1;2;2;2;0
-*buchlerjoelle;1;0;0;0;0;0;0;0;0
-*raphboll_prv;0;0;0;0;0;4;1;0;0
-*m_iixya;0;0;0;0;0;1;0;0;0
-*madame_caniche;0;0;0;0;0;0;1;0;1
-*el8ndo;0;1;0;0;0;0;0;0;0
-*loramanti;0;1;0;0;0;1;3;0;0
-*__chamima__;0;2;0;0;0;0;0;0;0
-*delphine_friedli;0;1;0;0;0;0;0;0;0
-*sebmarin__;0;0;0;0;0;0;0;0;0
-*gab_vttx;0;0;0;0;0;1;1;2;0
-*levelip3;0;0;0;0;0;2;6;1;0
-*stvgth;0;0;0;0;0;2;0;0;0
-*evan_jgt;0;0;0;0;0;0;0;1;0
-*corinn_mon;0;0;2;1;0;4;0;0;0
-*worldminatur;0;0;0;0;1;0;2;0;0
-*tibo___c;0;0;0;1;0;3;2;0;0
-*keight_art;0;0;0;0;0;0;0;0;0
-*danielnurisso;0;0;0;0;0;0;0;0;1
-*rcs_carvids;1;0;1;0;2;0;2;1;0
-*francoisgrand;0;1;0;0;0;2;2;1;1
-*klongueira94;0;0;1;0;0;1;1;1;0
-*ziomirk;0;0;0;0;0;1;1;0;0
-*alexandre_ag17;0;1;0;0;0;0;0;0;0
-*maxfahrni1;0;1;0;0;0;0;0;0;0
-*fredozamo;0;0;0;0;0;0;0;0;0
-*svetsvet;1;0;0;0;0;0;0;0;0
-*joseywels;0;0;0;0;1;1;0;3;1
-*_tatame_689;0;0;0;0;0;2;0;0;0
-*alexdefago;0;0;0;0;0;0;0;0;1
-*gerosalaurence;2;0;0;0;0;1;0;3;1
-*danieltinet;0;1;0;0;0;0;0;2;1
*i_0766;0;3;0;0;0;6;5;0;1
-*ja_cky3651;0;1;0;0;0;0;0;0;0
-*dario__di__santolo;0;0;0;0;0;1;0;0;0
-*bianca_avelino;0;0;0;1;0;4;3;2;3
*i_0767;0;6;0;0;0;9;13;2;6
*postLikes_27100;11;35;1;1;1;13;18;7;12
*postComments_170;0;6;0;0;0;9;13;2;6
*postReposts_187;0;6;0;0;0;9;13;2;6
-*susoksars;1;0;1;0;0;0;1;1;2
-*beyondthecapes;0;0;0;0;0;0;1;0;1
-*roadkill12025;0;0;0;0;0;0;0;1;0
*commentDate_23-12-2025;0;0;0;0;0;0;0;0;0
-*reveur_lucide_85;0;0;0;0;0;0;0;0;0
*commentLikes_930;0;1;0;0;0;0;0;0;0
-*loan__29;0;1;0;0;0;0;0;0;0
-*skifreeskihappy;0;1;0;0;0;0;1;0;1
-*anthanol2;0;0;0;0;0;0;1;0;0
-*3sans60;0;0;0;0;0;1;0;0;0
-*__nray;0;0;0;0;0;0;0;0;1
*commentDate_17-1-2026;0;0;0;0;0;0;1;0;0
-*8madnax1;0;0;0;0;0;0;1;0;0
-*yves_blmr;0;0;0;0;0;0;1;0;0
-*kvn17myfriend;0;0;0;0;0;0;0;0;0
-*05_cc_04;0;0;0;0;0;0;0;0;0
-*__fisherman_1;0;0;0;0;0;0;1;0;0
-*adck59;0;0;0;0;0;1;0;0;0
-*tomkys6;0;0;0;0;0;0;1;0;0
*commentDate_14-12-2025;3;5;0;0;0;1;3;0;6
-*tintinpiwa;0;0;0;0;0;0;1;0;0
-*romain_jlly_;0;0;0;0;0;1;0;0;0
*commentDate_21-12-2025;3;1;1;0;0;2;3;0;2
-*maghribi_hbibi212;0;0;0;0;0;0;1;0;0
-*fisch_88_01;0;0;0;0;0;1;0;0;0
*commentDate_29-12-2025;21;41;19;5;32;62;115;66;12
-*marc_ferrari_940;0;0;0;0;0;0;0;0;0
-*teamdummgrun;0;4;0;0;0;1;2;0;3
-*julien_grivel_cf;0;0;0;0;0;0;0;0;0
-*louulouu_70;0;0;0;0;0;0;0;0;1
-*war3dzz;0;0;0;0;0;0;0;0;0
-*sieste_com_;0;0;0;0;0;1;0;0;0
-*ken_t117;0;0;1;0;0;0;4;1;0
-*keila_roffman;0;0;0;0;0;1;0;0;0
-*timmckenna;0;0;0;0;0;0;0;0;0
-*aloavera___;0;0;0;0;0;0;0;0;0
-*johndeere_biggestfan_2015;0;0;0;0;0;1;0;0;0
-*danimaio56;0;1;0;0;0;0;0;0;0
-*wave206;1;3;0;0;0;1;1;0;6
-*gael_t84;0;0;0;0;0;1;0;0;0
-*vincent_bizzini;1;0;0;0;0;1;1;0;0
-*mend_rikaj;0;0;0;0;0;0;0;0;1
-*eclipseur1995;0;0;0;0;0;0;0;0;0
*i_0775;7;1;1;0;0;2;2;0;0
*postComments_36;10;3;3;0;1;20;11;9;15
*postDate_11-12-2025;29;35;3;3;1;56;61;156;59
-*legars_auxlunettesrouges;1;0;0;0;0;0;0;0;0
-*jeremcolle;1;0;0;0;0;0;0;0;0
-*bielbienne_swiss;1;0;0;0;0;0;0;0;0
-*messapia1;0;1;0;0;0;0;0;0;0
-*sarasvatinayana;0;0;0;0;0;1;0;0;0
-*crocco_c;0;0;0;0;1;1;3;1;0
*i_0776;4;9;1;0;0;20;29;102;9
*postComments_188;4;9;1;0;0;20;29;102;9
*postReposts_77;29;26;2;1;0;131;51;232;27
-*correntemps;0;0;0;0;0;0;0;3;0
-*_matnoe_;0;0;0;0;0;1;0;0;0
*commentLikes_242;0;0;0;0;0;0;0;1;1
-*neuchatelxanax;0;1;0;0;0;0;0;0;1
-*mathieu_prct;0;0;1;0;0;3;0;0;1
-*leconsentementestsexy;1;1;9;2;1;5;6;5;1
-*djaouad_souyad;0;0;1;0;0;1;1;3;0
-*_durimd;4;0;0;0;0;0;0;0;2
-*basuthian;0;0;0;0;0;0;0;0;1
-*chrisgomestattoo;0;0;0;0;1;0;1;5;0
*commentLikes_163;0;0;0;1;0;2;0;1;0
-*chiaraift;1;0;0;0;0;0;0;0;0
-*alexetlili;0;0;0;0;0;0;1;0;0
-*a_n_s_o_m;0;0;0;0;0;5;1;0;0
-*niceado25;3;1;1;3;0;3;0;0;1
-*maherbad;0;0;0;0;0;0;0;1;0
-*riad_bbk;0;0;0;0;0;0;1;1;0
-*elsiita_77;0;0;0;1;0;1;2;2;1
-*labownie2_00;0;1;0;0;0;0;1;1;0
-*bernadette_co22;0;0;0;0;0;0;1;0;0
-*hedibenjeddou;0;1;1;0;0;3;1;0;0
-*annaroffigonzalez;0;1;0;0;0;0;0;0;0
-*axelix;2;0;0;0;0;0;0;0;0
-*aliciaazz;0;0;0;0;0;0;1;0;0
-*lux_bonny;0;0;0;0;0;0;1;0;1
-*melissa_txa;0;0;0;0;0;0;0;1;0
-*julienseemuller;0;0;0;0;0;0;0;0;0
-*didier_dubousset;0;0;0;1;0;2;5;2;1
-*tonystracciatella;0;0;0;0;0;1;0;2;2
-*jeremy_wehrli;1;0;0;0;0;1;1;1;0
-*guillaume_kya;0;1;0;0;0;0;0;1;1
-*liberouchoupichou;0;0;6;0;0;0;6;31;2
-*error_rrel;0;0;0;0;0;0;1;0;0
-*sile_lab;0;0;0;0;0;1;1;2;0
-*alan_dpr;0;1;2;1;0;0;0;3;0
-*behroz_malik_786;0;0;0;0;0;0;0;1;0
*commentDate_19-12-2025;3;9;0;0;0;3;2;8;1
-*juerk17;0;0;0;0;0;0;0;1;0
-*anavdr;0;0;0;0;0;0;1;0;0
-*hagie_bah;0;1;1;0;0;0;1;2;1
-*_kais;0;0;0;0;0;1;0;1;0
-*suralibre;1;2;0;0;0;8;6;2;1
-*mako__2099;0;1;0;0;0;1;0;1;0
-*amirhouij_art;0;0;1;0;0;0;1;0;0
-*ayokz777;0;0;0;0;0;1;0;0;0
-*nunotorcato1977;0;2;0;0;0;1;1;2;0
-*sdelrizzo;0;0;0;0;0;1;1;1;0
-*kika_kel_ly;0;2;0;0;0;0;0;0;0
*i_0777;3;5;0;1;1;4;11;20;2
*postComments_85;9;21;7;5;1;30;30;33;11
*postReposts_68;3;5;0;1;1;4;11;20;2
-*mariarosadoteles;0;0;0;0;0;0;2;1;0
-*lelas_boss;0;0;0;0;0;0;0;3;0
*commentDate_1-1-2026;5;4;4;1;0;8;6;5;5
-*sarauvinha;2;0;6;2;0;6;5;5;2
-*balto0710;0;1;0;0;0;0;0;0;1
-*luisfrancisco3989;0;0;0;0;0;1;0;0;0
-*lurd_es2525;0;0;0;0;0;1;0;0;0
-*yan_dur_65;0;0;0;0;0;0;0;1;0
-*windows1982;1;5;0;0;0;3;1;0;0
-*anitac0sta;0;0;0;0;0;0;1;0;0
-*marieeeeeeeeeeeeeeee__;1;1;9;12;0;13;10;5;1
-*a_m_craw;0;0;0;0;0;0;1;0;0
-*ameliaelkhuizen;0;0;1;1;0;1;0;1;0
*commentDate_22-12-2025;1;0;0;0;0;0;1;2;0
-*eddy_n_pereira;0;0;0;0;0;0;0;2;0
-*abuhtolestaaqui;0;0;0;0;0;1;0;2;0
-*carlaalves673;1;0;0;0;0;0;0;0;0
*i_0778;0;18;1;1;0;22;11;24;34
*postLikes_11200;0;18;1;1;0;22;11;24;34
*postReposts_86;8;39;63;1;0;33;51;35;36
-*rocket_chris;0;0;0;0;0;0;0;1;0
-*darkkley;0;0;0;0;0;1;0;0;2
-*rbn_fgrd23;0;1;0;0;0;0;1;0;1
*commentDate_18-12-2025;2;1;0;0;0;0;0;1;0
-*patrickgpc;0;2;2;0;0;0;1;0;0
-*hani_the_pasha;0;0;0;0;0;0;1;0;0
-*ericamato_ge;0;0;0;0;0;0;1;1;10
-*alexa_fito84;0;2;0;0;0;0;0;0;1
-*ana_pmds;0;2;12;1;0;4;4;0;2
-*naimbenabdessalem;0;0;0;0;0;0;0;2;1
-*kingmuluba;0;2;1;0;0;0;0;1;0
-*omayrat_abdallah_gaara;0;0;0;1;0;0;0;0;0
-*nath_reymond;0;1;0;0;0;0;0;0;1
-*timeo_pedreira;0;2;2;0;0;4;1;0;1
-*___kriiss____;0;0;0;0;0;0;0;0;0
-*poulette_boulette;0;0;0;0;0;0;0;0;1
*commentLikes_241;0;0;0;0;0;0;1;0;1
-*orsika66;0;0;0;0;0;0;0;0;1
-*sami_rezaigui;0;1;0;0;0;1;2;0;0
-*hydargos;0;0;0;0;0;0;0;0;1
-*ben_oli_;0;0;0;0;0;0;0;1;0
-*boulibobi;0;0;0;0;0;0;0;0;2
-*griminalclub;0;0;0;0;0;0;0;0;0
-*clementineeel;0;0;0;0;0;0;0;1;0
-*snoopjo260;0;0;0;0;0;5;1;0;1
-*weird_concept;0;1;0;0;0;0;0;0;0
-*hillzy_201;0;0;0;0;0;1;0;0;0
-*t_rodrigues17;0;0;0;0;0;0;0;1;0
-*_gasparinho_;0;0;0;0;0;0;0;2;0
-*noah_mdly;0;0;0;0;0;0;0;0;1
*commentLikes_167;0;1;0;0;0;1;1;0;1
-*johdsj;0;0;0;0;0;0;0;0;1
-*fabrice_prsd;0;1;0;0;0;0;0;0;0
-*edavid74;1;0;0;2;0;7;1;2;3
-*yasr_elbd;0;0;0;0;0;1;0;0;0
-*hafiz94;0;0;0;0;0;0;0;0;1
-*edsausau;0;0;0;0;0;0;0;0;2
-*homme_bresilien;0;1;1;3;0;8;5;4;2
-*caddeoy;0;0;0;0;0;0;0;1;0
-*bettina_bu;0;0;2;0;0;1;0;1;1
*commentLikes_148;0;0;1;0;0;1;2;0;3
-*gerald_verniers;0;0;0;0;0;0;1;0;2
-*pat_9329;0;0;0;0;1;0;0;3;1
-*bryansds;0;0;0;0;0;1;0;2;0
-*annefitandfood;0;0;0;0;0;0;1;1;0
*commentLikes_70;1;1;1;2;0;2;7;1;2
-*laure_sdalm;0;0;1;0;0;1;0;0;1
-*marco_r32_us;0;0;0;0;0;0;0;0;1
-*survolt69;0;1;1;0;0;1;4;1;12
-*taytaecu;1;1;2;0;0;1;1;0;0
-*marccapsule;0;0;0;0;0;1;0;0;0
-*cyndelia_nikita;0;2;0;0;0;0;0;1;0
-*aha_ashaa;0;0;1;0;0;0;0;0;0
-*fslf13;0;1;4;1;0;2;0;2;0
-*_edson_yaffa_;0;0;0;0;0;1;0;0;0
-*sylvaincorbel;0;0;0;0;0;0;0;1;0
-*fafa_geneve;0;0;0;0;0;0;0;0;0
-*syn_flp;0;1;0;0;0;0;0;0;0
*i_0779;0;2;0;1;0;5;8;9;14
*postLikes_3500;39;66;187;155;5;134;235;92;160
*postComments_45;18;55;20;11;3;46;47;85;32
-*teriyaki87;0;2;0;0;0;0;0;0;0
-*oh_jsuis_foutu;0;1;0;0;0;2;0;0;0
-*gaiia_shamb;0;0;1;0;0;1;0;2;0
-*mr_hougo;0;0;3;0;0;0;2;1;1
-*yves_prongue1;0;0;0;0;0;0;0;0;1
-*kulapoesie;0;0;0;0;0;0;2;0;1
-*ptit_criquet;0;2;0;0;0;0;0;1;1
-*dvyjons_life;0;4;1;0;0;6;13;9;7
-*flying_junior;0;0;0;0;0;0;0;1;0
-*biquetosky;0;0;0;0;0;0;0;0;1
-*bodax_o;0;1;0;0;0;1;0;0;1
-*borborevan;0;0;0;0;0;0;2;0;0
-*kirge__;0;1;1;0;0;0;0;0;0
-*citizen2_16;0;0;0;2;0;0;2;0;1
*i_0783;15;0;0;0;0;3;0;1;0
*postComments_28;18;25;4;3;0;33;23;86;42
-*_anneanita_;1;0;0;0;0;0;0;0;0
-*didimelly;1;0;0;0;0;0;0;0;0
-*chantalweckerlin;0;0;0;0;0;1;0;0;0
-*christine_ziva;0;0;0;0;0;1;0;0;0
-*jeanneret_claude_alain;1;0;0;0;0;0;0;0;0
-*jaburviktor;1;0;0;0;0;0;0;0;0
-*antoinettegonin;1;0;0;0;0;0;0;0;0
-*anonimal_ch;1;0;0;0;0;0;0;0;0
-*29laly;1;0;0;0;0;0;0;0;0
-*bea_1961;1;0;0;0;0;0;0;0;0
-*alexandra_vk;1;0;0;0;0;0;0;0;0
-*laure_bu;1;0;0;0;0;0;0;0;0
-*chalrole;1;0;0;0;0;0;0;0;0
-*jerome_dje_michel_;0;0;0;0;0;1;0;0;0
-*fnbalance_yoga_pilates_zwingen;1;0;1;0;0;1;1;1;0
*i_0791;4;2;0;0;0;2;1;1;1
*postDate_12-12-2025;5;2;0;0;0;2;1;1;1
-*asmusah7;6;0;0;0;0;0;0;1;0
-*rosstinelli;1;5;1;0;0;1;2;9;0
-*r0ch_art;0;0;0;0;0;0;0;1;2
-*no_rage_b;0;1;0;0;0;0;0;0;0
-*jorge_gomes_dc;1;0;0;1;0;2;1;0;1
-*diogo_cst;0;0;0;0;0;0;1;0;0
*i_0797;1;0;0;0;0;0;0;0;0
*postComments_2;3;2;0;0;0;0;3;4;2
-*_fabio_dc_;1;0;0;0;0;0;0;0;0
-*nicophotograpies;1;5;0;0;0;1;0;0;0
*i_0805;21;2;0;0;0;0;0;1;0
*postLikes_8400;23;16;1;1;0;10;2;3;2
*postComments_44;25;7;0;0;2;8;7;3;0
*postDate_13-12-2025;21;2;0;0;0;0;0;1;0
-*sam_btrs;1;0;0;0;0;0;0;0;0
-*john_is_down_now;0;0;0;0;0;0;0;1;0
-*pelletclaire;1;0;0;0;0;0;0;0;0
-*jeanmarcrosset;0;1;0;0;0;0;0;0;0
-*fabiennethionnet;1;0;0;0;0;0;0;0;0
-*clea_tardy_clecle;1;0;0;0;0;0;0;0;0
-*swimtri74;1;0;0;0;0;0;0;0;0
-*v_a_l_c_o;1;0;0;0;0;0;0;0;1
-*wiskycoca3;1;0;0;0;0;0;0;0;0
-*dan_may_56;1;0;4;0;0;0;0;0;1
-*zach_hugon2;1;0;0;0;0;0;0;0;0
-*lateliernaillounge;0;3;0;0;0;1;0;1;0
-*elimeyl;1;0;0;0;0;0;0;0;0
-*adrenaline_tv;1;0;0;0;0;0;0;0;0
-*evelynechambovey;1;0;0;0;0;0;0;0;0
-*jeanmariepauchard;1;0;0;0;0;0;0;0;0
-*claudealaingrandchamp;1;0;0;0;0;1;0;0;0
-*ebinercharles;1;1;0;0;0;0;0;1;0
-*ca_farte_a_neuch;1;0;0;0;0;0;0;0;0
*i_0818;2;1;0;0;0;0;0;0;1
*postDate_14-12-2025;2;2;0;0;0;0;0;0;1
-*patrickborloz;1;0;0;0;0;0;0;0;0
-*francoise_441116;1;0;0;0;0;0;0;0;0
*i_0822;0;1;0;0;0;0;0;0;0
*postLikes_874;2;5;0;0;0;2;0;2;1
*postComments_1;0;3;0;0;0;1;0;0;0
-*darkmass84;0;1;0;0;0;0;1;1;0
*i_0824;1;0;0;0;0;0;0;0;0
*postDate_15-12-2025;1;0;0;0;0;0;0;0;0
*i_0836;0;1;0;0;0;0;0;0;2
*postDate_16-12-2025;0;1;0;0;0;0;0;0;2
-*yve_delaquis;0;0;0;0;2;3;0;1;1
-*francoisebreza;0;0;0;0;0;0;0;0;1
-*keelweex;0;1;0;0;0;0;0;0;0
*i_0853;0;0;0;0;0;0;0;1;0
*postLikes_980;0;0;0;0;0;0;0;1;0
*postDate_17-12-2025;0;1;0;0;0;1;1;5;0
*i_0856;0;1;0;0;0;1;1;4;0
*postLikes_2400;11;43;73;3;3;55;76;66;46
-*joycou;0;0;0;0;0;1;0;4;1
-*romain_ljer;0;0;0;0;0;0;0;1;0
-*olivierbeauchene;0;0;0;0;0;1;0;1;0
*i_0863;2;0;0;0;0;0;0;0;0
*postLikes_947;2;0;0;0;0;0;0;0;0
*postDate_18-12-2025;2;0;0;0;0;0;0;0;0
-*chainedubonheur;2;0;0;0;0;0;0;0;0
-*v4vero;1;1;1;0;0;1;0;0;2
*i_0872;2;4;0;0;0;2;0;2;1
*postDate_19-12-2025;4;9;2;0;0;5;3;6;7
-*marxswish;0;0;0;0;0;0;0;0;0
*commentDate_3-4-2026;0;0;0;0;0;0;0;0;0
-*vert_olivier;0;0;0;0;0;0;0;0;0
*commentDate_20-1-2026;1;0;0;0;0;0;0;0;0
-*jhhhbbvcc___nj;1;0;0;0;0;0;0;0;0
-*jossilanepelletierr;1;0;0;0;0;0;0;0;0
-*sikimu;0;0;0;0;0;0;0;0;0
-*c_luoni;0;1;0;0;0;0;0;0;0
-*ratchiboule;0;0;0;0;0;0;0;1;0
-*liviiina_ch;0;0;0;0;0;0;0;1;0
-*vagabond_age_;0;1;0;0;0;0;0;0;0
*i_0875;2;3;0;0;0;1;1;0;1
-*vaera_green;0;0;0;0;0;1;1;0;0
-*skawil;0;0;0;0;0;0;0;0;1
-*astaroth_kenobi;1;0;0;0;0;1;0;2;0
-*flyingmc;0;1;0;0;0;0;0;0;0
-*cinthia_adam;0;0;0;0;0;1;0;0;0
*i_0876;0;2;0;0;0;1;0;0;0
-*lolo_cali87;0;2;0;0;0;3;1;1;3
*i_0880;0;0;2;0;0;1;2;4;5
*commentDate_28-12-2025;108;38;34;9;16;149;101;37;30
-*blueisthecolourofheaven;0;0;0;1;0;2;0;1;0
-*brian_bribet;0;0;0;0;0;2;1;3;0
-*maryline10_0;0;0;0;0;0;0;1;0;0
-*yvgrand;0;1;0;0;0;0;0;0;4
*commentDate_24-12-2025;0;0;0;0;0;0;1;0;0
-*thibaut_roynette;0;0;0;0;0;0;1;0;0
*commentDate_27-12-2025;31;51;65;1;71;115;91;64;73
-*laurebach5;0;0;0;0;0;0;0;0;1
*i_0886;2;0;0;0;0;0;2;0;0
*postDate_20-12-2025;7;0;0;1;0;0;4;0;1
-*janinegoujon;1;0;0;0;0;0;0;0;0
-*mechi_che;0;0;0;0;0;0;1;0;0
-*goombawoohpa;0;0;0;0;0;0;1;1;0
*i_0888;5;0;0;1;0;0;2;0;1
*commentDate_26-12-2025;13;50;17;2;117;91;107;105;64
-*__empar__;1;0;0;0;0;0;0;0;0
-*ross___mel;1;0;0;0;0;0;0;0;0
-*voyageavecjogarcia;3;0;0;1;0;1;2;1;1
-*mlle_gingerfire;1;0;0;0;0;0;0;0;0
-*caadora;1;0;0;0;0;0;0;0;0
*i_0906;3;2;0;0;0;0;1;0;1
*postDate_21-12-2025;3;2;0;0;0;0;1;0;1
-*genevadiscovery;0;0;0;0;0;0;0;0;0
-*raq_geneva;2;0;0;1;0;0;0;0;0
-*association_team_warriors;1;0;0;0;0;0;0;0;0
*commentDate_25-12-2025;24;33;19;2;0;62;61;10;35
-*elsa_valse_officiel;0;1;0;0;0;0;0;0;0
-*lake_lindt_one;0;0;0;0;0;0;1;0;0
-*mariamhabibass;1;1;0;0;0;0;0;0;0
-*coldswitzerland_givres_gruyere;0;1;0;0;0;0;0;0;0
*i_0936;2;0;0;0;0;1;0;0;1
*postDate_24-12-2025;2;0;0;0;0;1;0;0;1
-*raja_sabta;1;0;0;0;0;1;0;0;0
-*vanessalecciatelier;0;0;0;0;0;0;0;0;0
-*atelier_heart_of_glass_;1;0;0;0;0;0;0;0;0
*i_0939;0;6;0;2;0;79;55;3;8
*postComments_132;0;6;0;2;0;79;55;3;8
*postReposts_79;3;6;0;2;0;80;56;3;9
*postDate_25-12-2025;27;44;43;2;0;106;78;12;44
*commentLikes_86;0;1;3;1;0;2;0;0;0
*commentDate_8-1-2026;0;2;0;0;0;4;2;1;2
*commentLikes_153;0;0;0;0;0;0;3;1;1
-*soyangiex;0;0;0;0;0;3;5;0;2
-*ridi_f;0;1;0;1;0;7;8;5;3
-*mister_john_h;0;2;0;0;2;7;5;3;1
-*ks_softly;0;0;0;0;0;18;3;0;0
*commentLikes_198;0;0;0;0;0;2;0;1;0
-*deepemar;0;0;0;0;0;0;1;0;0
-*blackcherriy_;0;0;0;0;0;1;1;1;0
-*dani817402;0;1;0;0;0;1;0;0;0
-*odxsl;0;0;0;0;0;0;2;0;0
-*bleudenie;0;0;0;0;0;1;6;0;0
-*maxim_l2008;0;0;0;0;0;1;0;0;0
-*meylineee;0;0;0;0;0;2;1;0;0
-*riri_drsb;0;0;0;1;0;5;4;1;1
-*adeline_b_92;0;0;0;0;0;1;0;0;0
-*the_o_therwoman;0;0;0;0;0;1;0;0;0
-*sarahmkh_s;0;0;0;0;0;2;2;1;0
-*adowakelly;0;0;0;0;0;0;0;0;1
-*mardochance;0;0;0;0;0;0;1;0;0
-*alpha_centauris;0;0;2;0;0;2;1;1;0
-*luriviere;0;4;0;0;0;1;1;0;1
-*gauth_laur;0;0;0;0;0;0;2;0;0
-*francoisehaeberlin;3;1;0;0;0;0;1;0;3
-*sora_dreikov;4;2;2;0;0;9;1;0;1
-*drawingthougts5;0;0;0;0;0;0;1;0;0
-*sandrinemichalot;0;0;0;0;0;0;1;0;0
-*the_bodymaker_;0;3;0;0;0;0;2;0;0
-*shana_cherbuin;0;0;0;0;0;0;2;0;0
-*odys_voyages;0;0;0;0;0;0;1;0;0
-*frederic__74;0;1;0;0;0;0;0;0;0
*i_0940;4;30;2;0;0;11;7;5;2
*postLikes_7000;5;42;2;1;0;15;10;7;2
*postComments_74;4;30;2;0;0;11;7;5;2
-*runcodetravel;0;2;0;0;0;0;1;0;1
-*titougregou;0;0;0;0;0;0;0;1;0
-*lamiafadla;1;2;1;0;0;0;0;0;0
-*kiuzano;0;1;0;0;0;0;0;0;0
-*julie9408;0;0;0;0;0;0;0;1;0
-*dorine_herigny;0;0;0;0;0;2;0;0;3
-*roduitrosa;0;1;0;0;0;0;0;0;0
-*timothy_isele;0;1;0;0;0;0;0;0;0
-*falc0n_punch1;0;0;0;0;0;0;1;0;0
-*bibouv2_0;0;1;0;0;0;0;0;0;0
-*ina6l0v;0;0;0;0;0;1;0;0;0
-*sosoelcorso;0;0;0;0;0;1;0;1;0
-*davidmorand;1;0;0;0;0;0;0;0;0
-*azadpenaber;0;0;0;0;0;2;0;0;0
-*jean_phil_music;0;0;0;0;0;0;1;0;0
-*maldoclo;0;0;1;0;0;0;0;0;1
*commentDate_6-1-2026;1;2;0;0;0;0;0;0;0
-*degoismarie;0;1;0;0;0;0;0;0;0
-*francis_f__;0;4;2;6;0;1;3;0;0
-*nana_nya_777;0;1;0;0;0;0;0;0;0
-*milleniumswing;1;0;0;0;0;0;0;0;0
-*maxence_v_paronitti;0;0;0;0;0;0;1;0;0
-*larfi_mi;0;1;0;0;0;1;0;0;0
-*loopilox;0;1;0;0;0;3;0;0;0
-*rekch_chill;1;3;2;1;0;3;0;3;1
-*shrk__0;1;1;0;0;0;2;2;0;1
-*buda_evren;1;0;0;0;0;0;0;1;0
-*marc017_;0;1;0;0;0;0;0;0;0
-*danopillow;0;0;1;0;0;0;0;0;0
-*siphon_capital_advisors_llc;0;1;0;0;1;0;0;0;0
-*ce_giob;0;1;0;0;0;0;0;0;0
-*henri_o0;0;2;0;0;0;3;1;5;1
-*chrisdolofi;0;1;0;0;0;1;0;0;1
*i_0941;19;2;1;0;0;5;5;1;4
*postLikes_2200;37;45;12;1;10;96;107;201;52
-*wgfzia;1;0;0;0;0;0;0;0;0
-*guillaume_999;1;2;0;0;0;0;0;0;0
-*matteo_rmn_;2;2;0;0;0;1;2;1;0
-*duartehugo95;1;0;0;3;0;1;1;0;0
-*lpnz10;1;0;0;0;0;0;0;0;0
-*loic_maison;1;0;0;0;0;0;0;0;0
-*tov_007;0;0;0;0;0;0;2;0;1
-*pilot_in_command;1;0;0;0;0;3;3;0;0
-*alsim27;1;0;0;0;0;0;0;0;0
-*faeeeeeeaa;2;0;0;0;0;0;0;0;0
-*designtouchofficiel;0;1;0;0;0;2;2;0;0
-*xeno_he;0;0;0;0;0;0;0;0;1
-*beatricechaudet;1;1;1;0;1;0;0;1;0
-*nebakarnner_private;2;1;2;0;1;2;4;1;2
-*bitcoin_valais;1;0;0;0;0;0;0;0;0
*i_0942;1;3;0;0;0;2;7;2;27
*postReposts_22;22;85;61;119;8;224;329;261;129
*commentLikes_78;0;1;1;0;0;2;5;1;8
-*gendrerwan;0;0;0;0;0;0;0;0;1
-*steven_r_matthews;0;0;0;0;0;1;1;0;0
-*lukalukic98_;0;0;0;0;0;0;0;0;2
-*toms_1269;0;0;0;0;0;0;0;0;1
-*paulmorpheus;0;3;1;0;0;10;6;2;5
-*jonnysequeira;0;0;1;0;0;1;2;2;1
-*nomsdezeusphoto;0;0;0;0;0;0;0;1;0
-*reag405;0;0;0;0;0;0;1;0;0
-*alec_la_fraise;0;2;0;0;0;1;1;1;0
-*quentinkundert;0;0;0;0;0;0;0;1;0
-*aiejesuis;0;0;0;0;0;0;0;0;1
-*eznadscratch3d;0;1;0;0;0;1;1;0;2
*i_0943;2;3;5;0;0;4;3;0;1
*postComments_26;7;22;9;1;1;41;36;8;10
-*bak_jtt;0;0;0;0;0;1;0;0;0
-*sylvanie_84;1;1;2;0;0;1;0;0;1
-*o_chevalley;0;3;0;0;0;0;0;0;0
-*pascalpupillo;0;1;0;0;0;0;0;0;0
-*atakan_mrmd;0;0;0;0;0;0;1;1;0
-*alifidanverdi6606;0;0;1;0;0;0;0;0;1
-*dave_mystere;0;0;0;0;0;1;3;2;0
-*tofkite;0;0;1;0;0;0;0;0;0
*i_0944;1;0;35;0;0;5;1;1;2
*postComments_71;1;0;35;0;0;5;1;1;2
*postReposts_39;13;18;122;15;1;58;62;19;40
-*t_akamyy;0;1;4;2;0;3;1;3;1
-*77tutan;0;0;2;0;0;1;1;0;0
-*maximecharriere;0;0;1;0;0;1;0;2;3
-*_liamalec_;0;0;1;0;0;1;0;0;0
-*aur3lian_music;0;0;1;0;0;0;0;0;0
-*shaqmask;0;0;6;0;0;0;0;0;0
-*karim_akkari;0;0;0;0;0;0;0;0;1
-*zulfe_qar;0;0;1;0;0;1;0;0;0
-*luckyraclette;0;2;7;1;1;5;2;1;0
-*voi2paris;0;0;1;0;0;0;0;0;0
-*mouhamedelhajj;0;0;3;0;0;1;0;0;0
*i_0945;1;2;0;0;0;3;3;1;17
*postComments_32;12;31;3;1;4;42;34;25;54
*postDate_26-12-2025;16;72;13;2;228;129;184;158;76
-*simplymoi;0;0;0;0;0;0;0;0;1
-*le_verger_de_mi;0;0;0;0;0;0;0;0;1
-*emile_x44;0;0;0;0;0;2;0;0;0
-*zoobelair;0;0;0;0;0;0;0;0;1
-*enzodallabarba;0;0;0;0;0;1;0;0;2
-*bioparcgeneve;0;0;0;0;0;0;0;1;0
-*moon_flow_studio;0;0;0;0;0;0;1;0;0
-*morganne_lio;0;0;0;0;0;0;1;0;1
-*geobiologie_memoires;0;1;0;0;0;0;0;0;0
*commentDate_5-1-2026;0;1;1;0;0;2;0;1;0
-*ericf0chs;0;0;0;0;0;0;1;0;1
-*jon_matth;0;0;0;0;0;0;0;1;1
*i_0946;2;1;0;0;0;3;2;9;4
-*sebacg21;0;1;0;0;0;1;3;3;0
-*sylviehannah59;0;1;0;0;0;0;0;1;0
-*fab73gva;0;0;0;1;1;1;3;0;1
-*caroru;0;0;0;0;0;1;0;0;0
-*dricot_guillem;0;0;0;0;0;0;0;0;1
-*victoirefavre;0;0;0;0;1;2;1;3;2
-*nathi_schmid;0;0;0;0;0;1;0;0;0
-*dianagdrx;1;1;0;0;0;2;0;1;1
-*rebirth_of_ig;0;0;0;0;0;2;0;3;0
-*vincent_de_florio_;0;0;0;0;0;5;0;4;2
-*jamesttagram;0;1;0;1;0;2;0;0;0
*i_0947;0;0;1;1;0;7;3;4;14
*postLikes_5800;17;76;196;7;3;133;172;33;38
-*hel_sequeira;0;0;1;0;0;0;0;1;0
-*macundu12;0;0;0;0;0;1;0;0;1
-*malika_tr13;0;0;0;0;0;0;0;0;3
-*mxhdib;0;0;0;0;0;1;0;0;0
-*charlotte_lianza;0;0;0;0;0;2;0;1;1
-*vincent_gallay;0;3;2;1;1;2;4;6;7
-*bigh_carg;0;1;0;0;0;0;0;0;2
-*anne_sandoz;0;1;0;0;0;0;0;0;1
-*ocra_89;0;0;0;0;0;0;0;0;1
-*chokri_ben_arous;1;0;1;0;0;1;1;1;0
*i_0948;0;2;0;0;1;0;9;49;2
*postComments_55;21;11;3;2;2;49;40;52;18
-*raphaelhubin;1;0;0;0;0;7;4;13;0
-*_smaggle_;0;0;0;1;0;0;2;0;0
-*strombolina76;0;1;0;0;0;0;1;0;0
-*susyphilippa;0;1;0;1;1;5;5;19;1
-*simonschoepfer;0;0;0;0;0;0;0;2;0
-*daniele_rgs;0;0;0;0;0;0;0;2;0
-*__pedro__xa;0;0;0;0;0;0;0;1;0
-*chloe_sans_h;0;0;0;0;1;0;0;1;0
-*_valdrin_arifaj_;0;1;0;0;0;1;0;2;0
-*n_debo_m;0;0;0;0;0;0;0;1;0
-*isabel_favre_sophrologue;1;1;0;0;0;1;0;1;1
-*lucasvogel_click;0;0;0;0;0;0;0;1;0
-*so_n_el;0;0;0;0;1;0;0;1;0
*i_0950;1;1;2;0;1;15;7;0;11
*postReposts_19;20;27;44;4;6;60;94;27;58
-*mydaywith;0;0;0;0;1;0;0;0;0
-*patoune40700;0;1;1;0;0;1;0;0;0
-*nezha_dendro;0;0;0;0;0;0;1;0;0
-*physiofabbro_physioforgeron;0;0;0;0;0;1;1;0;1
-*little_chichi_morty;1;0;0;0;0;1;0;0;1
-*__leeoo_05;0;0;0;0;0;4;2;1;0
-*jobardelajungle;0;0;1;0;0;4;2;0;2
-*jps_fixit;0;0;0;0;0;1;0;0;3
-*remy_snt_;0;0;0;0;0;3;2;0;4
*i_0951;1;2;1;0;0;1;0;6;1
-*baptiste_werly;0;0;0;0;0;0;0;1;0
-*francoisph;0;0;0;0;0;0;0;1;0
-*goncalo_lg;0;0;0;0;0;1;0;1;0
-*thomrudaz;0;2;2;2;0;4;0;6;1
-*bastmann;0;0;0;0;0;0;0;2;0
-*m_liechtii;1;4;0;0;0;2;1;0;0
*i_0952;2;11;2;0;0;6;4;30;17
-*michaelwatrin71;0;2;1;1;0;3;4;3;1
-*pedromptorres;0;0;0;0;0;0;0;0;1
*commentLikes_299;0;0;0;0;0;0;0;1;0
-*whispereroflights;0;0;0;0;0;0;1;1;0
*commentDate_9-1-2026;0;1;0;0;0;0;0;0;0
-*__schallea25__;0;1;0;0;0;0;0;0;0
-*mimancailmare;0;0;0;0;0;0;0;1;0
-*biowan1;0;0;0;3;0;3;1;1;1
-*dandelaplaya75;0;0;0;0;0;0;0;1;1
-*paulorochapr;0;1;0;0;0;1;1;0;1
-*soschatstt;2;0;0;0;0;1;0;1;0
-*marcolucsar;0;0;0;0;0;1;0;2;0
-*logements_de_vacances_nadine;0;0;0;0;0;0;0;2;0
-*helveticano79;0;0;0;0;0;0;0;1;0
-*corinedrcsli;1;3;0;1;0;2;0;1;1
-*bazilegeizer;1;0;0;0;0;2;0;1;1
-*laurentmarmeys;0;0;0;0;0;0;0;1;0
-*randolike;0;0;0;0;0;0;1;0;0
-*withcoffeeandbliss;0;0;0;0;0;0;0;1;0
-*manie812;0;0;0;0;0;0;0;0;1
-*yannickv_94;0;0;0;0;0;0;0;0;1
-*gabathuler_david;0;0;0;0;0;0;0;1;0
-*oxid2rimes;0;1;0;0;0;0;0;0;1
-*damianpetroff;0;0;0;0;0;0;1;0;1
-*giovannipanzeca;0;0;0;0;0;0;0;0;0
-*k_vegvisir;0;0;0;0;0;0;0;1;0
-*sphiejq;1;0;0;0;0;0;0;0;0
-*_carlo_sanson_;0;1;0;0;0;0;0;0;0
-*tchakabam;0;0;0;0;0;0;0;1;1
-*elksch__;0;0;0;0;0;1;0;0;0
-*indiana_21;1;1;1;0;0;5;2;2;5
-*timgaillard;0;0;1;0;0;0;0;1;0
-*osc_ze_mimz;0;0;0;0;0;0;1;1;0
-*c_jam6;0;1;0;0;0;0;0;0;0
-*grsdmarion;0;0;0;0;0;0;0;1;0
-*tagadabrown;0;1;0;0;0;0;0;1;0
-*jnthn_bmg;0;0;0;0;0;0;0;1;0
-*riccardogalardi;0;1;0;0;0;0;0;2;1
-*misterfunan;0;1;1;0;0;7;1;1;0
-*djool84;0;0;0;0;0;0;0;0;1
-*rjf_off;0;0;0;0;0;0;0;1;0
*i_0953;8;52;7;1;226;93;156;58;8
*postLikes_10800;8;52;7;1;226;93;156;58;8
*postComments_674;8;52;7;1;226;93;156;58;8
-*isaac_deolive;1;0;0;0;2;1;1;0;0
-*guillaumetell1975;0;0;0;0;2;0;1;1;0
-*i_n_kx;0;0;0;0;0;1;0;0;0
*commentLikes_672;0;0;0;0;1;0;0;0;0
-*ehmanubien;0;0;0;0;6;0;2;0;0
-*v_ilievsky;0;0;0;0;2;0;0;0;0
-*yannlulu;0;0;0;4;2;1;1;0;0
-*giuliann_jo;1;0;0;0;1;0;0;1;0
-*chaima_kamal11;0;0;0;0;0;0;0;1;0
*commentLikes_340;0;0;0;1;0;0;2;0;0
-*clemens_van_agostyn;0;0;0;0;0;0;2;0;0
-*evgueny2993;0;0;0;0;1;0;0;0;0
-*alex_hyn;0;2;0;0;1;2;0;0;0
-*dylanpellicer;0;1;0;0;0;0;0;0;0
*commentLikes_102;0;2;2;1;1;3;1;2;1
-*liamthecrazy92;0;0;0;0;0;1;0;0;0
-*desmo46;0;1;0;0;0;0;0;0;0
-*swiss__diver;0;1;0;0;0;2;3;0;0
-*elshadaymesfun;0;0;0;0;0;0;1;1;0
*commentLikes_457;0;0;1;3;1;0;0;1;0
-*oz_dire;0;1;0;0;17;0;2;0;0
-*cycy_godshe;0;1;0;4;0;2;6;3;0
-*perif_francais;0;0;0;0;1;0;0;0;0
-*chfanelli;0;3;13;1;1;1;2;0;0
-*sasha_ow;0;1;1;0;0;0;0;0;0
-*_leonardrossi_;0;0;1;1;0;0;0;1;0
-*mikestravelbook;0;2;1;0;1;1;2;1;0
-*aurore_zrch;0;0;0;0;1;0;0;1;0
-*ayhan_in_switzerland;0;2;0;0;0;0;0;0;0
-*soran_kader;0;1;0;0;0;0;0;0;0
-*stevelesquereux;0;0;1;0;0;1;1;0;0
-*mira_lema_;0;0;0;0;2;0;3;0;0
*commentLikes_100;0;1;0;4;1;0;2;0;0
-*genevecupping;0;1;6;0;1;1;3;0;1
-*lutteantifaanticapitaliste2;0;2;4;0;1;3;4;4;0
-*roy_baylon;0;0;0;0;0;0;0;1;0
-*suisseabruxelles;1;1;1;1;2;5;1;2;0
-*mr_poliops;0;0;0;0;1;0;0;0;0
-*_lxuane_;0;0;0;0;1;0;1;0;0
-*ailuuuu_uuuu;0;0;0;0;0;0;1;0;0
-*sam_blatt;0;0;0;0;0;1;4;0;0
-*_htc_imali_73_;0;0;0;0;0;1;0;0;0
-*thomas_v2_;0;0;2;0;0;0;4;1;0
-*elias_gnz;0;1;0;0;0;2;1;0;0
-*marineelllaaa;0;0;0;0;0;0;1;0;0
-*dorian_strl;0;0;0;0;1;0;0;0;0
-*nicky_walder;0;2;0;0;1;1;1;1;0
-*sissi__ka;0;0;1;0;2;3;3;0;1
-*zauggedmond;1;0;0;0;0;0;0;0;0
-*david_frdi;1;0;0;0;0;0;0;0;0
-*damiens_francois_1020;0;0;1;0;0;1;1;1;0
-*johnnydiop330;0;1;0;0;0;0;0;0;0
-*cyrille_gntl;0;0;0;0;1;0;0;0;0
-*helvetepatriote;0;0;2;0;0;4;4;5;0
-*saatci_kurt;0;0;0;0;1;0;0;0;0
-*swiss_subaru;0;0;0;0;1;1;1;0;0
-*lacherjenny;0;0;0;0;1;0;0;0;0
-*manugonzalez1170;1;2;1;0;0;3;2;0;0
-*cosco_piano;1;2;1;0;1;4;3;2;0
-*myyrhou;0;0;0;0;1;0;0;0;0
-*scarleyrafael;0;0;0;0;2;2;2;4;2
-*hauswirth_;2;0;0;0;0;0;0;0;0
-*o_l_d_y_w;0;6;0;0;1;0;0;1;1
-*andymensch;0;0;0;1;0;0;1;0;0
-*suleyman_bawlli;0;0;0;0;1;0;0;1;0
-*000h18;0;0;0;0;1;1;1;0;0
-*leianapy;1;3;8;1;5;4;14;4;0
-*sweetproductor;0;0;0;0;1;0;0;0;0
-*moussync;0;0;0;0;0;1;1;1;0
-*dzhozi_shtaynveyler;0;0;0;0;0;0;1;1;0
-*ethan_hrb;0;0;1;0;1;2;2;0;1
-*dritter_mann_;0;1;0;0;0;1;0;0;0
-*luca_morges;0;1;0;0;0;1;0;0;1
-*des_accord;0;0;0;0;1;0;1;0;0
-*mo_od_1707;1;0;0;0;0;2;0;0;0
-*vrdn_al;0;0;0;0;1;0;1;0;0
-*raffmaan;0;0;1;0;0;0;2;0;0
-*alban_bu;0;0;0;0;0;0;1;1;0
-*e_valley_7;0;0;0;0;1;0;0;1;0
-*the_jo_new;0;0;0;0;0;0;0;1;0
-*mvmartynova;0;0;0;0;1;0;0;0;0
-*liebe_nic_11;0;0;0;0;1;0;0;0;0
-*mariejoseperni;0;0;0;0;1;0;1;2;1
-*maggyll1969;0;0;0;0;1;2;1;0;0
-*claudia_patricia_mc_magalhaes;0;0;0;0;0;0;0;0;0
-*eric_ge_ch;0;0;0;0;0;0;1;0;0
-*majlindaasaj;0;0;0;0;0;1;1;1;0
-*hasibiyasmina;0;0;0;0;1;0;0;0;0
-*gary_domeniconi;0;0;0;0;0;7;10;2;4
-*gbellitt;0;0;0;0;0;1;0;0;0
-*anastasia_natalia_ventouri;0;1;2;0;0;2;2;0;0
-*jessscaaattt;0;0;0;0;0;0;1;0;0
-*cessi_nd;0;1;0;0;0;0;0;0;0
-*eu_cest_qui;0;0;0;0;2;1;0;0;0
-*gc_42_195_kms_;0;0;0;0;1;1;1;0;1
-*martine1826mickey;0;2;0;2;0;3;4;0;0
-*criszian_a19;0;0;0;0;0;1;0;0;0
-*coiffure_hana123;0;0;0;0;0;0;0;0;0
-*yassiican;0;0;0;0;1;0;0;0;0
-*abeillecole;0;0;0;0;0;0;0;0;0
-*cm_cpp;0;0;0;1;3;0;1;0;1
-*camcamvd;0;0;0;0;2;1;0;0;0
-*cani_crabe;0;1;0;0;0;0;0;0;0
-*nidouabr;0;1;0;0;0;0;1;0;0
-*wayscarlita;1;0;1;0;1;3;0;2;0
-*mephistopheles_de;0;0;0;0;1;0;0;0;0
-*kali_7_8;0;0;0;0;1;0;0;0;0
-*flucklaurent;0;0;0;0;0;1;1;0;0
-*min_imalisme;0;0;0;0;0;0;0;3;1
-*redzog;0;0;0;0;1;0;0;0;0
-*snow_storm21;0;1;0;0;0;0;0;0;1
-*rixc_08;0;2;0;0;0;7;4;0;2
*i_0954;1;1;0;0;0;1;0;1;2
*postLikes_7300;47;43;27;8;7;254;152;70;109
*i_0955;6;5;3;3;0;16;8;9;8
*postDate_27-12-2025;37;55;74;5;7;111;59;52;81
-*emmacarenaaa;1;0;0;1;0;0;0;0;0
-*laylidp;0;0;0;0;1;7;5;1;1
-*_nymphea_26;0;0;1;0;0;1;0;0;0
-*armelledp;0;0;0;0;0;0;0;0;0
-*tuche58;0;7;0;0;0;1;0;0;0
-*escrivel;0;1;0;0;0;0;0;1;0
-*jtn_pct;1;0;0;0;0;0;0;0;0
-*salva_kadoumi;0;0;2;0;0;0;2;0;0
-*look_at85;1;2;0;0;0;1;0;0;1
-*mirianrdavies;0;0;0;0;1;0;0;0;0
-*hugo_schildknecht;0;0;0;0;0;0;0;1;0
-*armand_secco;0;0;0;2;0;1;1;0;0
-*theo_ceramics;0;0;0;0;0;1;0;0;0
-*karin_liligaufrette;1;0;1;0;0;1;1;1;1
-*sophialamarque;0;0;0;0;0;2;2;2;0
-*adrien_gttrx__;0;0;0;0;0;0;2;0;2
-*andrea_josiii08;0;0;0;0;0;1;0;0;0
-*elisabetta_messina;0;0;1;0;0;0;0;0;0
-*auri_leigh;0;0;1;0;1;0;1;0;0
-*antoineprelaz;0;3;0;1;0;1;0;0;0
-*wmvvmw;0;0;0;0;0;0;0;1;0
-*robot_137;0;0;0;0;0;0;1;0;1
-*juju_dlh;1;0;0;0;0;0;1;2;1
-*ifloreanne;0;0;0;0;0;1;1;0;0
-*annemariegiulietti;0;2;2;0;0;1;1;3;1
-*morgane_morgi4;0;0;0;0;0;1;0;0;0
-*sistayaofficiel;0;0;0;1;0;1;1;0;0
-*payotchristelle;1;0;0;1;0;2;0;0;0
-*75neka;0;0;0;0;0;6;1;1;0
-*lalla_domarina;0;0;0;0;0;0;0;1;0
*i_0956;4;13;4;2;0;53;28;15;48
*postComments_222;4;13;4;2;0;53;28;15;48
*postReposts_36;48;62;17;104;2;181;160;99;67
*commentLikes_399;0;0;0;1;0;1;1;1;0
-*reginawirz;0;0;0;0;0;2;1;2;0
-*opistokonta;2;0;0;0;0;1;0;1;0
-*antonellaboffabignolin;0;0;0;0;1;0;0;0;1
-*saskeyuchiwa;0;0;0;0;0;2;0;0;1
*commentLikes_121;1;1;1;1;0;1;2;0;1
-*sta_citron;0;0;0;0;0;1;0;1;1
*commentLikes_185;0;0;0;0;0;1;1;1;0
-*itspamelaglappey;0;0;0;0;0;0;1;1;0
-*elinerard;0;0;0;0;0;1;0;0;0
-*yaguisd;0;1;0;0;0;1;0;0;0
-*sagraalih;0;0;0;0;0;0;0;2;4
-*jc_pics90;0;1;0;1;0;2;0;0;0
-*suppi_flowright;0;0;0;0;0;0;2;1;0
-*chrstnprclt;0;2;0;0;0;1;2;1;2
-*antonin_clvl;0;0;0;0;0;0;1;0;0
-*galienstricker;0;1;0;0;0;8;4;6;2
-*audrey_vincent_travel;0;0;0;1;0;1;0;1;1
-*e_chvy;1;0;0;0;0;1;0;0;0
-*perrier6125;0;0;2;1;0;3;2;1;2
-*marie_bbey;0;2;0;0;0;0;0;0;0
-*vl_fch;0;0;0;0;0;0;0;0;1
-*nunobritto;0;0;0;0;0;0;1;0;0
-*mr_alex_kaufi;0;0;0;0;0;1;0;0;0
-*baptiste_hardrick;0;0;0;0;0;0;0;0;0
-*naniefiik;0;0;0;0;0;0;0;0;1
-*le_petit_christian;0;2;1;1;0;0;0;4;0
-*heart_calls_out_for_you;0;0;0;0;0;0;0;3;0
-*ba16kir;0;0;0;0;0;1;1;0;2
-*miaetam4rok;0;0;0;0;0;2;5;1;3
-*chyvy;0;0;0;1;0;2;3;4;0
-*_el___giga_;0;0;3;2;0;4;3;2;5
-*popiflo;0;1;0;0;0;3;4;0;2
-*tom_lonez;0;0;0;0;0;3;0;0;2
-*hugo_char_;0;0;0;0;0;1;0;0;0
-*da_lo74;0;0;0;0;0;0;0;0;0
*commentLikes_173;0;0;0;0;0;0;0;0;1
-*fabilu_x;0;0;0;0;0;1;0;0;0
-*sarah_blchms;0;0;0;1;0;0;1;0;0
-*tiagofpatricio;0;0;0;0;0;0;1;0;3
-*rikvici0us;0;2;2;0;0;0;0;11;1
-*ly_s3nk0;0;0;3;0;0;2;3;2;1
-*jotapedrolm_;0;0;0;0;0;0;0;1;0
-*robischwaller;0;0;0;0;0;0;0;0;1
-*szna_mani;0;0;0;0;0;1;1;2;0
-*clpuce;0;0;0;0;0;0;0;0;0
-*mushaboom80;0;0;1;0;0;0;0;1;0
-*alena_stblr;0;0;0;0;0;0;0;1;0
-*yoghi78;1;0;0;0;0;0;0;0;1
-*samue11oo;0;0;0;0;0;1;0;0;0
-*raphaelaprader;0;0;0;0;0;1;0;0;0
-*giovanna_s81;0;0;0;0;0;1;0;0;0
-*alex_manager_pro;0;0;0;0;0;0;0;1;0
-*dariaetdoug;0;0;0;0;0;0;1;0;0
-*deejaylife7;0;0;0;0;0;1;0;0;1
-*chocolateblessviolet;0;0;0;0;0;0;0;1;1
-*marilyne_geneve_;0;0;0;0;0;0;0;0;1
-*mstorti2;0;0;0;0;0;1;0;0;0
-*spacial_watchmaker;0;0;0;0;0;0;0;1;0
-*dzenan_hondzo;0;0;0;0;0;0;1;0;0
-*milacoelho66;1;0;1;0;0;0;0;0;1
-*kumzy_1904;0;0;0;0;0;1;0;0;0
-*marendaz3;1;0;1;0;0;0;0;3;2
-*soraimoli;1;0;0;0;0;0;1;0;0
-*aaronefrati;0;0;2;0;0;1;0;0;2
-*a_mo987;0;1;0;0;0;0;0;0;0
-*girini_pedulia;0;1;0;0;0;0;0;0;0
*i_0957;1;4;5;0;0;2;1;2;1
*postLikes_3300;7;27;7;2;3;32;36;13;30
-*audi_s3_nero;0;0;1;0;0;0;0;0;0
-*nawa_ch;0;1;2;0;0;0;0;1;0
-*daonitikan89;0;0;1;0;0;0;0;0;0
-*marynunez555;0;0;0;0;0;0;0;0;1
-*little_mayuya;0;1;0;0;0;0;0;0;0
-*antho_rejony;0;0;0;0;0;0;0;1;0
-*many_hay;0;0;0;0;0;1;0;0;0
-*pierrebruchez;0;0;0;0;0;0;1;0;0
-*etienne_23_7;1;6;4;4;0;10;2;7;3
-*bertrandtunesi;0;1;1;0;0;2;0;0;0
*i_0958;1;8;36;0;1;8;6;3;3
*commentLikes_469;0;0;0;0;0;1;0;0;0
-*idyl_mael;0;0;0;0;0;0;0;0;0
-*willfrelon;0;0;1;0;0;0;2;2;3
-*najoooua_;2;1;8;0;0;3;2;2;0
-*thenomadicchild;0;0;1;0;0;0;0;0;0
-*drey_o_drey;0;2;0;1;0;0;0;0;0
-*icekiid_95;0;0;0;0;0;3;0;0;1
-*eliot_ch_;0;0;0;0;0;0;0;0;0
-*_kriimo_;2;2;3;1;0;1;2;0;0
-*h2o_04;0;0;2;0;0;0;0;0;0
-*anoif_p;2;5;4;0;0;5;9;1;1
-*mathis_bru;0;0;0;0;0;0;0;1;0
-*davvmb19;0;0;1;0;0;0;0;0;0
-*darth_bader;0;2;0;0;0;0;1;0;0
-*meli_selmani;0;0;2;0;0;1;1;1;1
-*gianlu_tarantino;0;0;0;1;0;1;0;2;4
-*barillivale;0;0;1;0;0;0;0;0;0
-*shr_sra;0;0;1;0;0;0;0;0;0
-*moha_moood;0;0;0;0;1;0;0;0;0
*commentLikes_303;0;0;0;0;0;1;2;0;0
-*yayabernarbarry;0;0;1;0;0;0;0;0;0
-*adel_benra;0;0;0;0;0;1;0;0;0
-*saidzkn;0;0;0;0;0;0;0;2;0
-*lavicennes;0;1;4;0;0;1;0;1;1
-*noradepret;0;0;0;0;0;1;0;0;0
-*yassine_amine13;0;1;1;0;0;0;0;0;0
-*gianluca_saggio;0;0;1;0;0;0;0;0;0
-*abdelsaid647;0;0;0;0;0;1;0;0;0
-*lili_captures;0;1;2;0;0;1;0;0;0
-*claudeelmurr;0;1;0;0;0;0;0;1;0
*i_0959;3;0;0;0;0;0;0;0;0
*postReposts_64;4;6;27;7;1;53;36;5;7
-*cygnus_loop_nebula;1;0;0;0;0;1;0;0;0
-*maria_e_carneiro;2;1;0;0;0;0;1;0;0
*i_0960;6;0;1;0;0;1;0;1;0
*postReposts_14;29;67;17;2;4;75;64;87;128
-*sebastien_dumusque;1;0;0;0;0;0;0;0;0
-*myheloha327;1;0;0;0;0;0;0;0;0
-*pedraanne;1;0;0;0;0;0;0;0;0
*i_0961;1;2;2;0;0;7;4;15;9
-*xxyywsz;0;0;1;1;0;1;3;0;0
-*bbonzaii;0;0;1;0;0;0;0;0;0
-*louis_pitteloud;0;0;0;0;0;1;0;0;0
-*arthur_thegrey;0;0;0;0;0;2;0;0;0
-*marielauremoon;0;0;0;0;0;0;0;1;1
-*laayl____;0;1;13;8;0;8;8;7;1
*commentDate_7-1-2026;0;1;0;0;0;0;1;1;0
-*mini_mann08;0;0;0;0;4;0;1;3;1
-*nadia_dsc;0;0;0;0;0;0;0;1;0
-*matis_rime;0;0;0;0;0;0;0;0;1
*i_0962;2;4;19;0;0;5;8;2;0
-*mou__che__;0;0;8;0;0;0;0;0;0
-*fontecosima;0;0;1;0;0;0;0;0;0
*i_0963;13;19;4;0;6;19;4;5;12
*postLikes_32400;13;19;4;0;6;19;4;5;12
*postComments_125;13;19;4;0;6;19;4;5;12
*postReposts_678;13;19;4;0;6;19;4;5;12
-*patricia_fbz;1;0;0;0;0;0;0;0;0
-*adel_2442_;1;0;0;0;0;0;0;0;0
-*w7charlie;1;0;0;0;0;0;0;0;0
-*bleu_bitume;1;0;0;0;0;0;0;0;0
-*ulysse68;0;1;0;0;0;0;0;0;0
-*myrtilleframboise1312;0;0;0;0;0;1;0;0;1
-*ara_donoian;0;0;0;0;0;0;0;0;1
-*halle13_beaulieu;0;0;0;0;0;0;1;0;0
-*mateo_rodari;0;0;0;0;0;0;0;0;0
-*emy_sphere;0;0;0;0;0;1;0;0;0
-*anjayjey;0;0;0;0;0;2;0;0;0
-*rschumm;0;0;0;0;0;0;0;0;0
-*kelly_avilla;0;1;0;0;0;0;0;0;0
-*dusanbkc;0;0;0;0;0;0;0;1;0
-*philgoodch;0;1;0;0;2;0;0;0;0
-*vanzml;0;0;0;0;0;2;0;0;0
-*design_alonso;0;0;0;0;0;0;0;0;1
-*les_selections_du_petitnicolas;1;0;0;0;0;0;0;0;0
-*sylvie_manu;0;0;0;0;0;1;0;0;0
-*an_nour_al_hayat_de_la_cite;2;0;1;0;0;1;3;3;1
*commentDate_6-2-2026;0;1;0;0;0;0;0;0;0
-*cyril_jean;0;1;0;0;0;0;0;0;0
-*enzo_astore;0;0;0;0;0;3;1;0;0
-*caryioca;0;1;1;0;1;1;2;6;0
-*irocc_986;0;0;0;0;0;0;0;0;1
-*emina_sunj;0;1;0;0;0;0;1;0;0
-*mihai_bivol;0;0;0;0;0;0;0;0;0
-*gabrieldubler;0;1;0;0;0;0;1;0;1
-*jul_utz;0;0;0;0;0;2;0;0;0
-*klimaaaaaaaa;0;1;0;0;0;0;0;0;0
-*eem1lie;0;0;0;0;0;0;0;0;0
-*_claraaa0_03;1;3;0;0;1;1;0;1;1
-*pierre_oxs;0;1;0;0;0;0;0;0;0
-*magali_checcacci;1;0;0;0;0;0;0;0;0
-*j0_wine;0;1;0;0;0;0;0;0;0
-*linnintek;0;1;0;0;0;0;0;0;0
-*marc711833;0;0;0;0;0;1;0;0;0
-*didj_gen;0;0;1;0;0;0;0;0;0
-*olitiax;0;1;0;0;0;2;1;0;0
-*chezlenka;0;0;0;0;0;1;0;0;0
-*iriscurdy;1;0;0;0;0;0;0;0;0
-*shko_kamb;0;0;0;0;0;0;0;0;1
-*chezremyskitchen;0;0;0;0;0;1;0;0;0
-*remyko;0;1;0;0;0;0;0;0;0
-*photo_inception;0;0;0;0;0;1;0;0;0
-*avadentelleofficial;1;0;0;0;0;0;0;0;0
-*samet_demiri;0;0;0;0;0;1;0;0;0
*commentLikes_214;0;1;0;0;0;0;0;0;0
-*ribotrich;0;1;0;0;0;0;0;0;0
-*sukatidi;0;0;3;1;0;5;2;4;0
-*me_lo_dy_16;0;1;1;0;0;1;1;1;2
-*octoraj;0;0;2;0;0;0;1;0;1
-*sophiewaridel;1;0;0;0;0;0;0;0;1
-*jlvt___quentin;0;0;0;0;0;1;0;0;0
-*raph1009ch;1;0;0;0;0;0;0;0;0
*i_0964;0;1;0;0;0;0;0;1;2
*postDate_28-12-2025;116;24;27;8;5;129;105;17;14
-*lincognito_sans_nom;0;0;0;0;0;0;0;1;0
-*luxfero16;0;0;1;2;1;3;1;2;1
*i_0965;5;0;0;0;0;2;0;1;1
-*silvia_wearegaia;1;0;0;0;0;0;0;0;0
-*jonathan_zbinden;1;0;0;0;0;0;0;0;0
-*sandrinepinal;1;0;0;0;0;0;0;0;0
-*lucia_sancha;1;0;0;0;0;0;0;0;0
-*pablosreyero;0;0;0;0;0;0;0;0;1
*i_0966;35;3;6;4;0;24;6;1;4
*postComments_152;35;3;6;4;0;24;6;1;4
*postReposts_56;35;3;6;4;0;25;7;2;4
-*katharina_constellations;2;0;0;0;0;0;0;0;0
-*baba_vau;0;0;0;0;0;0;1;2;1
-*bya_mv;1;0;0;0;0;0;0;0;1
-*simsim_bu;2;1;0;2;0;11;20;1;2
-*slo_nati;0;0;0;0;0;2;0;0;0
-*laetisosa;1;0;1;0;0;0;0;0;0
-*badangex;1;0;0;0;0;0;0;0;0
-*anais_reichard;3;0;0;0;0;0;0;0;0
-*nochillraph;1;0;0;0;0;0;0;0;0
-*cinemathequesuisse;0;0;0;0;0;0;0;0;0
-*kateryna_shalkina;1;0;0;0;0;0;0;0;0
-*roby_tschopp_lesverts;0;0;0;0;0;0;1;0;0
-*bihiryisis;3;0;0;0;0;4;3;1;0
-*kathy_bby;0;0;0;0;0;1;0;0;0
-*nlnsld;1;0;0;0;0;0;0;0;0
-*robin_nona;0;0;0;0;0;1;0;0;0
-*sophie_rire_gras;0;0;0;0;0;1;0;0;0
-*vero_pavard;0;0;0;0;0;2;1;0;0
-*catherineschaefermartinruch;0;0;0;0;0;1;0;0;0
-*cassandrabanana;0;0;0;0;0;2;0;0;0
-*alex_von_guggisberg;0;0;0;0;0;0;1;0;0
-*charlieadamwest;0;0;0;0;0;1;0;0;0
-*bright_shining_star;1;0;0;0;0;0;1;0;0
-*forcegti;1;1;0;0;0;0;0;0;1
-*felakiambi;0;0;0;0;0;0;0;0;1
-*roland_roche;0;2;0;0;0;1;1;0;0
-*bonesetjames;2;0;0;0;0;0;0;0;0
-*katearcom;1;0;0;0;0;0;0;0;0
-*vanetelless;0;0;0;0;0;1;0;1;0
-*ariane_deschamps06;0;0;0;0;0;2;0;0;0
-*ahlamchollet;0;0;1;0;0;0;0;0;0
-*isik__silan;2;0;0;0;0;0;0;0;0
-*didier18;0;0;0;1;0;0;0;0;0
-*titemure;0;0;0;2;0;0;0;1;0
-*r_v1612;1;0;5;1;0;3;3;1;0
-*giuseppina_iorillo;0;0;0;0;0;0;1;0;0
-*marinetteeid;1;0;0;0;0;0;0;0;0
-*jolan_jalan;1;0;0;0;0;0;0;0;0
-*dolo19341;1;0;0;0;0;0;0;0;0
-*jey_peaks;1;0;0;0;0;0;0;0;0
-*rumo_mj;1;0;0;0;0;0;0;0;0
-*steph_endo;0;0;0;1;0;1;0;0;0
-*sfl1974;1;0;0;0;0;0;0;0;0
-*nad_ke;2;0;0;0;0;1;0;0;0
-*biendans_mespompes;1;0;0;0;0;0;0;0;0
-*yaegerter;1;0;0;0;0;0;0;0;0
-*moheba_fs;0;0;0;1;0;0;0;0;0
-*iva_wanderlust;0;0;0;0;0;2;0;0;0
-*alejandro_xox;1;0;0;0;0;0;0;0;0
-*yukacherry;1;0;0;0;0;0;0;0;0
-*lenkatala;0;0;1;0;0;0;0;0;0
-*nana_jaquet;1;0;0;0;0;0;0;0;0
-*pelliccionelucia;1;0;0;0;0;0;0;0;0
-*valbona_mva;0;0;0;0;1;1;1;0;0
-*dbeuss;1;0;0;0;0;0;0;0;0
-*zouhour_dah_ch;1;0;0;0;0;0;0;0;0
-*pumpkins689;0;0;1;0;0;0;0;0;0
-*celinha72;0;0;1;0;0;0;0;0;0
-*ivanov_christo;0;0;1;0;0;0;0;0;0
-*albulenebu;0;0;0;0;0;1;0;0;0
-*hugougr;0;0;0;0;0;1;0;0;0
-*ladyswisslanka;0;0;0;0;0;1;0;0;0
-*ana_neto_arn;1;0;0;0;0;0;0;0;0
-*fabienchallandes;2;0;0;0;0;1;0;1;0
-*mo_waran;1;0;0;0;0;0;0;0;0
*i_0967;61;12;15;1;2;66;52;6;4
*postLikes_16100;61;12;15;1;2;66;52;6;4
*postComments_389;61;12;15;1;2;66;52;6;4
*postReposts_95;61;12;15;1;2;66;52;6;4
-*babou1464;1;0;0;0;0;0;0;0;0
-*nadiaviaalice;1;0;0;0;0;0;0;0;0
-*therapie_canine;0;1;0;0;0;1;0;0;1
-*karos66;1;0;0;0;0;0;0;0;0
-*silvia_larch;0;0;0;0;0;1;0;0;0
-*vasiliga64;1;0;0;0;0;0;0;0;0
-*tram_ink;0;1;0;0;0;1;0;0;0
-*rise_with_audrey;0;0;0;0;0;1;0;1;0
-*chantalveya;0;8;0;2;0;8;4;3;3
-*ninisdrawi;1;0;7;3;0;5;5;2;0
-*valerie_60lifestyle;1;0;0;0;0;0;0;0;0
-*beat4key;0;1;0;0;0;0;0;0;0
-*leo_ra2p;0;0;4;6;0;1;2;0;0
-*mistymountainhop;0;0;0;0;0;1;1;0;0
-*toulousetrafa;0;0;0;0;0;1;1;0;0
-*ginryoso;0;0;0;0;0;0;1;0;0
-*loic_plstr;1;0;0;0;0;0;0;1;0
*commentLikes_97;3;0;1;0;0;0;1;0;1
-*music_and_foot;0;0;1;0;0;0;0;0;0
-*sarah_chdchd;0;0;1;0;0;0;0;0;0
-*sansan_fanfan_78;0;0;0;0;0;1;0;0;0
*commentLikes_119;1;0;2;0;0;1;1;3;0
-*jeromecurty;0;0;1;0;0;0;0;0;0
-*tomtom_2300;0;0;0;0;0;0;1;0;0
-*meul_pops;0;0;0;0;0;1;0;0;0
-*myselfbibi;0;1;0;0;0;3;2;2;2
-*princesse_ricoree;0;0;1;0;0;0;1;0;0
-*velue68;0;0;0;0;0;1;0;0;1
-*_hsnck;0;0;0;0;0;0;1;0;0
-*edward_martel;0;1;0;0;0;2;2;0;0
-*tobiasmaeder_;0;0;0;0;0;0;0;0;0
-*mar123soleil;0;0;0;0;1;3;0;0;0
-*nadia_la_belle_fleur;0;0;0;0;0;3;0;1;0
-*mina_bltz;1;0;0;0;0;0;0;0;0
-*zh3_s_n_0_r;0;0;0;0;0;0;1;0;0
-*mariestrav;0;0;0;0;0;1;0;0;0
-*braendlixrobin;1;0;0;0;0;0;0;0;0
-*v__samia_;0;0;0;0;0;1;0;0;0
-*ladyinsatin7;0;0;0;0;0;0;0;0;0
-*irene_ireneeeee;1;0;0;0;0;1;0;1;1
-*anna_nasi_3;1;0;2;0;0;0;0;0;0
-*reginemondot;1;0;0;0;0;0;0;0;0
-*2ll_vlr;1;0;0;0;0;0;0;0;0
-*apawi_k;1;0;0;0;0;0;0;0;0
-*magloiremassodamomasso;0;0;0;0;0;0;0;1;0
-*mouti004;1;0;0;0;0;0;0;1;0
-*ksj1610;0;0;1;0;0;0;0;0;0
-*catherine2heer;1;0;0;0;0;1;0;0;0
-*doloresth;0;0;0;0;0;2;0;0;0
-*macarronicamusic;1;0;0;0;0;0;0;0;0
-*alibighislaine_1955;0;2;0;0;0;1;0;0;0
-*chloe_geinoz;0;0;0;0;0;0;1;0;0
-*noli_to20;1;0;0;0;0;0;0;0;0
-*redyukix;0;0;2;0;0;1;3;0;0
-*margaux_schindler;2;0;0;0;0;1;0;0;0
-*haneul0_1;0;0;0;0;0;0;1;0;0
-*mcariiaamm;1;1;0;0;0;0;0;0;0
-*juditefarinha;1;0;0;2;0;0;0;0;0
-*marie_jac_526;1;0;0;0;0;0;0;0;0
-*sandra_dream68;0;0;0;0;0;1;0;0;0
-*sono_unapersonareale;1;0;0;0;0;0;0;0;0
-*oran_jade85;1;0;0;0;0;1;0;0;1
-*_samaman;0;0;3;2;0;1;9;0;1
-*adelinaatenciomarin;0;0;0;0;0;1;0;0;0
-*fabienne_haldi_14;0;0;0;0;0;1;0;0;0
-*sylviewatipan;0;0;0;0;0;0;1;0;0
-*riz_sel_ch;0;0;0;1;0;0;0;0;0
-*b2cb2bluxury;1;0;0;1;0;0;0;0;0
-*ljamett;0;0;1;0;0;0;0;0;0
-*opartlausanne;1;0;0;0;0;0;0;0;0
-*agataouagathe;0;1;0;0;0;0;0;0;0
-*molinermagali;1;0;0;0;0;0;0;1;0
-*solstice_d3546;1;0;0;0;0;0;0;0;0
-*loulou33147;0;0;0;0;0;1;0;0;0
-*ratcovicimaria;0;1;0;0;0;1;0;0;0
-*aubergelesplatanes;1;0;0;0;0;0;0;0;0
-*rosangela_neumann_35;1;0;0;0;0;0;0;0;0
-*mau_bllt91;0;3;1;1;0;6;0;1;1
-*sabine_mariethoz;1;0;0;0;0;1;0;0;0
-*cloqte;0;0;0;0;0;1;1;0;0
-*goucaro76;1;0;0;0;0;0;0;0;0
-*vandusud70;1;0;0;0;0;0;0;0;0
-*_laura19___;1;0;0;0;0;0;0;0;0
-*fernanda_carvalho_7;1;0;0;0;0;0;0;0;0
-*samantha_meimei;0;1;0;0;0;0;0;0;0
-*claudeev777_;0;0;0;0;0;1;0;0;1
-*intuition_in_the_city_;0;0;0;0;0;1;0;0;0
-*kateand4nenettes;0;1;0;0;0;1;0;0;0
-*raziye_arisoy79;0;0;1;0;0;0;0;0;0
-*lamissalex;1;0;0;0;0;0;0;0;0
-*swisssie;2;0;0;0;0;0;0;0;1
-*giuliandequeirozespinola;1;0;1;0;0;0;0;0;0
-*morganemeirebrand;1;0;0;0;0;0;0;0;0
-*anahita_rahimzadeh;1;0;0;0;0;0;0;0;0
-*nathan_hamrani;0;0;1;0;0;0;0;0;0
-*rosemarielaetitia;0;0;0;0;0;0;1;0;0
-*karinefifty;0;1;0;0;0;0;0;0;0
-*gladys6376;0;0;1;0;0;0;0;0;0
-*valirose1968;1;0;0;0;0;0;0;0;0
-*anneclaudeolivary;2;0;0;0;0;0;0;0;0
-*glad852;1;0;0;0;0;0;0;0;0
-*alexismatch_237;0;0;1;0;0;0;0;1;0
-*stephanie_b_81;1;1;0;0;0;0;0;0;0
*i_0968;0;2;1;2;0;3;5;3;2
-*plateau_de_caussols;0;0;0;0;0;3;1;1;0
-*monstre_trip;0;0;0;0;0;1;0;0;1
-*arnaud_s_g;0;0;0;1;0;0;0;0;0
-*saroutchkasoleymani;0;0;1;0;0;0;0;0;0
-*rib75_90;0;1;0;0;0;0;0;0;0
-*basileweber;0;0;0;0;0;0;0;0;1
-*arthur_c148;0;0;0;0;0;0;0;1;0
-*elliotk_sssc;0;0;0;0;0;2;1;0;0
-*the_sbarrow;0;0;1;0;1;1;12;13;1
-*luloucat;0;1;0;0;0;0;0;0;0
*i_0969;9;5;4;0;2;29;26;1;1
*postComments_108;9;5;4;0;2;29;26;1;1
-*hourialounes;0;0;0;0;0;7;0;0;0
-*ziad_qweider;1;0;0;0;0;0;0;0;0
-*loredana_de_santis__;1;0;1;0;0;0;0;0;0
-*_guillaume_j;2;0;0;0;0;3;1;14;1
-*grat_cats;1;1;0;0;0;1;3;0;0
-*sissisalbro;0;3;0;0;0;3;2;0;0
-*calisla;1;1;0;4;2;5;5;1;1
*commentLikes_125;1;0;3;0;0;2;1;1;1
-*gabriel_s_1196;0;0;0;0;0;0;1;0;0
-*kho_zaparks;0;0;0;0;0;0;2;0;0
-*zoey_humanist4ever;0;0;0;0;0;0;1;0;0
-*joaoinaldo23;0;0;0;0;0;1;0;0;0
-*liat_ruhm;2;0;3;0;0;1;1;0;0
-*ephelides29;0;0;0;0;0;1;0;0;0
-*les_fleursdessences;0;0;0;0;0;0;1;0;0
*i_0970;2;0;1;1;1;3;16;4;0
-*terezamujota;0;0;0;0;0;0;7;0;0
-*armirjakupii;1;0;0;0;0;1;0;0;0
-*saafetee;0;0;0;1;0;1;1;0;0
-*benitoka;0;0;0;0;0;0;0;1;0
-*g_1084mc;0;0;1;0;0;0;0;0;0
-*neti_gashi;0;0;0;0;0;0;1;0;0
-*nuria12398;1;0;0;0;0;0;0;0;0
-*dritalumi;1;0;0;0;0;0;0;0;0
*i_0971;4;1;0;0;0;2;0;0;0
*postLikes_6000;32;27;155;2;3;61;65;37;14
-*gilbertsagot;0;0;0;0;0;1;0;0;0
-*wooooopseric;0;1;0;0;0;0;0;0;0
-*padnyon;0;0;0;0;0;1;0;0;0
*i_0972;0;2;5;0;0;7;3;7;0
*postLikes_1000;3;5;5;0;0;7;8;7;3
*postDate_29-12-2025;10;41;25;5;1;48;83;62;11
-*philippemayot;0;6;0;1;0;0;2;0;0
-*bes_arm387;0;0;0;0;0;1;0;1;0
*i_0973;6;0;0;0;0;3;4;1;0
*postLikes_3900;23;40;124;6;1;115;173;38;44
-*metaj_burim;1;1;0;0;0;0;1;0;0
-*nessak____;1;0;0;0;0;0;0;0;0
-*dinashaba1;0;0;0;0;0;1;0;0;0
-*dafinabib;1;0;0;0;0;0;0;0;0
-*mira_a_shab;0;0;0;0;0;1;0;0;0
-*lina_zen_moon;0;2;1;0;0;2;4;0;0
-*aniesa_07;1;0;0;0;0;0;0;0;0
-*ilazivesel;0;0;0;0;0;0;1;0;0
-*pan_era_2;0;0;0;0;0;0;0;0;0
*i_0974;1;17;4;5;1;21;61;41;7
*postComments_204;1;17;4;5;1;21;61;41;7
*postReposts_145;1;17;4;5;1;21;61;41;7
-*cel_erard;0;1;0;0;0;4;0;3;2
-*anthony_amato_ch;0;0;0;0;0;1;1;2;0
*commentLikes_182;0;0;0;0;0;0;0;1;0
-*ingelia7;0;2;0;0;0;1;2;3;0
*commentLikes_169;0;0;0;1;0;0;1;2;0
-*quentin_mouron;0;0;1;0;0;0;2;0;0
-*duck_gorrgorr60;0;0;0;0;0;1;1;4;0
-*anissa87_b;0;1;1;0;0;0;1;1;0
-*nini_sunrise;0;3;2;2;0;6;5;4;2
-*steve_skendhall;0;0;0;0;0;0;1;0;0
-*entreest_etouest;0;0;0;0;0;0;0;0;1
-*benj3312;0;1;0;0;0;1;0;0;0
-*mad_nad_89;0;0;0;0;0;1;0;2;0
-*cigaraficionado89;0;0;7;0;0;0;4;1;0
-*pavlorichter;0;2;0;0;0;1;1;0;0
-*institut_ma_beaute;0;1;1;0;0;0;1;0;0
-*amarok_art;0;0;0;0;0;0;1;0;0
*commentLikes_349;0;0;1;0;0;1;1;0;0
-*bastien_alphasierra;0;1;0;0;0;0;2;7;0
-*duvanelmarlene8;0;1;0;0;0;0;2;2;0
-*lucifermorninglive;0;3;2;0;0;0;0;3;2
-*edvaldt;0;0;1;0;0;0;0;0;0
-*m_arkonito_;0;1;0;1;0;0;0;0;0
-*alexandramorrison395;0;1;0;0;0;0;0;0;0
-*digo03;0;0;0;0;0;0;1;0;0
-*josianecollaud;0;0;1;0;0;0;0;0;0
-*sidonia_beatriz58;1;0;0;0;0;1;0;1;1
-*loubna_freih;0;0;0;0;0;2;0;0;0
-*sametravel;0;0;0;0;0;0;0;1;0
-*rodrigue_dmm;0;0;0;0;0;0;0;2;0
-*catherinecudry;0;1;0;0;0;1;0;0;0
-*swissatroz;0;0;0;0;0;0;1;0;0
-*bryanmakalo;0;0;0;0;0;0;1;0;1
-*valol_de;0;0;0;0;0;0;0;1;0
-*ipolitevargas;0;2;1;0;1;3;1;5;2
-*ink_minimo;0;0;0;0;0;2;0;4;0
-*joeylucie;0;0;0;0;0;1;0;0;0
-*bat_bax_66;0;0;0;0;0;1;0;1;0
-*grandjeanclaudie;0;1;0;0;0;0;0;1;0
-*lucaringers;0;0;0;0;0;1;0;0;0
-*moniquefraternali;0;0;0;0;0;0;1;0;0
-*monikamargueron;0;1;2;0;0;1;3;3;1
-*ghani_ben_34;0;0;0;0;0;0;2;0;0
-*skyview17;0;1;0;0;0;0;0;0;0
-*fleurycarine;0;0;1;0;0;0;1;0;0
-*b0ucles_d0r;0;0;0;0;0;2;0;0;0
-*soniix;0;0;0;1;0;1;0;0;3
-*rosselalain;0;0;0;0;0;0;0;1;0
-*raffae13;0;0;0;0;0;0;1;0;0
-*ariannadamiata;1;0;0;0;0;0;1;0;0
*i_0975;2;4;0;0;0;12;4;4;1
-*jay_o28;0;0;0;0;0;1;0;2;0
-*dragon_solitaire_;0;1;0;0;0;1;0;0;0
-*colosse1963;0;0;0;0;0;0;0;0;0
-*juliaa_stfn;0;0;0;0;0;0;1;0;0
-*benoitducarroz;0;0;0;0;0;0;0;0;1
-*nyc_11_11_bk;0;0;0;0;0;1;0;0;0
-*lessagejerome;0;0;0;0;0;0;0;1;0
-*rackham1291;1;0;0;0;0;0;0;0;0
-*alban_ggr;0;0;0;0;0;1;0;0;0
-*kleberteixeirasociologo;0;0;0;0;0;0;1;0;0
-*sarah_corbaz;0;0;0;0;0;1;2;2;1
-*jeeraum;0;0;0;0;0;1;0;0;0
-*erwanljr;0;0;0;0;0;1;0;0;0
-*memesaventure;0;0;0;0;0;1;0;0;0
-*jbbeny_;0;0;0;0;0;1;1;0;0
-*axel_boisliveau;0;2;0;0;0;0;0;0;0
-*pillemy;0;0;0;0;0;1;0;0;0
-*sanchez12juan;0;1;5;0;1;2;1;1;0
-*jeanlucfontaine4;1;0;0;0;0;0;0;1;0
*i_0976;0;0;5;0;0;3;6;0;1
-*nicolasprtr;0;0;1;0;0;1;0;0;0
-*ma2nypereira;0;0;0;0;0;0;1;1;0
-*patrick_63652;0;0;0;0;0;0;1;0;0
-*sen_sai_mon;0;0;1;0;0;1;0;0;0
-*thelothway;0;0;0;0;0;0;2;0;0
*i_0981;1;18;11;0;0;2;5;9;2
*postLikes_3800;1;18;13;0;1;4;8;15;11
-*astreaunomade;0;0;1;0;0;0;2;0;3
-*bordaile_de_merle;0;0;1;0;0;0;0;0;0
-*steve_75953;0;1;0;0;0;0;0;0;0
-*izich1242;0;1;0;0;0;0;0;3;0
-*ky0u;1;1;0;0;0;1;0;0;1
-*tombatclimat;0;0;0;0;0;0;1;0;0
-*dr___di;0;0;0;0;0;0;3;0;0
-*michelecusinay;1;2;3;0;0;2;1;1;0
-*jahanm4o;0;1;0;0;0;0;0;0;0
-*swisspale;0;1;0;0;0;0;0;0;0
-*jeanlouisledentu;0;0;2;0;0;0;0;0;0
-*pesa_christian;0;2;0;0;0;0;0;0;0
-*fabiennebalbal;0;0;0;0;1;0;0;1;0
-*david_glen77;0;1;0;0;0;0;1;0;0
-*moi_citoyen_fr;0;0;1;0;0;0;0;0;0
-*hakimi_officiel;0;0;0;0;0;0;0;1;0
-*ssvrlc;0;1;0;0;0;0;0;0;0
-*elhachimihind36;0;0;1;0;0;0;0;0;0
-*anto_gva;0;1;0;0;0;0;0;0;0
-*greensushicannes;0;1;0;0;0;0;0;0;0
-*khadersuisse;0;0;2;1;0;1;0;1;0
-*luquiens9;0;0;1;0;0;0;1;0;0
-*monsieur_lumiere_;0;1;2;0;0;1;0;2;1
-*ahmad_motalaei;0;0;0;0;0;1;0;0;0
*i_0982;0;1;0;0;0;2;5;1;0
*postReposts_25;13;74;61;7;7;154;162;401;131
*postDate_30-12-2025;0;1;0;0;0;2;5;1;0
-*sylvie_rapillard;0;0;0;0;0;0;0;1;0
-*ruzicc;0;0;0;0;0;1;0;0;0
*i_0001;0;7;0;0;0;7;1;0;9
*postDate_7-10-2025;0;7;0;0;0;7;1;0;9
*commentDate_7-10-2025;0;2;0;0;0;4;0;0;5
-*jadegouten;0;0;0;0;0;1;0;0;1
-*nash_von_b;0;0;0;0;0;0;1;0;2
-*corexazon;0;0;0;0;0;0;0;0;0
*commentDate_8-10-2025;118;77;186;18;4;213;193;66;57
-*antoine_btn_;0;0;0;0;0;1;0;0;0
-*genxssis;0;0;0;0;1;0;0;0;1
-*_angeeliiito;0;2;0;0;0;0;0;0;0
-*astrid_parchet_;0;0;0;0;0;1;0;0;0
-*n0n0_3lia;0;0;0;0;0;1;0;0;0
-*orianne_gvi;0;0;1;0;0;12;1;0;0
-*_aliyamour;0;1;0;0;0;0;1;0;0
-*cyrilldegiuseppe;0;1;0;0;0;1;0;0;2
*commentDate_9-10-2025;48;79;256;100;6;134;139;57;49
-*sophie_alegria57;0;2;0;0;0;2;2;0;0
*i_0002;1;6;27;7;1;53;36;5;7
*postComments_166;1;6;27;7;1;53;36;5;7
*postDate_8-10-2025;164;108;264;26;9;351;280;97;90
-*b_janaaa;0;0;0;0;0;1;0;0;0
*commentLikes_122;0;1;1;0;0;1;5;1;1
-*evva_ventura;0;0;0;0;0;0;0;1;0
-*leonadevincidre;0;0;0;0;0;1;0;0;0
-*javier_ortega_85;0;0;0;1;0;2;2;2;3
-*ang_okkk;0;6;8;1;0;13;8;1;2
-*phiansooo;0;0;0;0;0;2;2;3;0
*commentDate_10-10-2025;37;122;153;14;9;128;156;150;80
-*gaslea;1;0;3;0;0;0;1;1;1
*commentDate_12-10-2025;54;101;187;225;2;213;176;107;69
-*dianececilem;0;0;0;0;0;1;0;0;0
-*yannbernard_production;0;0;0;0;0;0;1;0;0
-*fabienne_haas;0;0;3;0;0;0;1;0;0
*commentDate_11-10-2025;55;109;291;64;8;250;176;81;62
-*cambouy_68;0;0;2;0;0;1;1;0;0
-*simonoldani;0;0;1;0;0;0;2;0;0
-*tuoa81;0;0;0;2;0;0;2;2;1
-*athee_alamenthe;0;0;10;0;0;9;3;3;0
-*jokerstashking;0;0;4;0;0;3;1;0;0
-*zenon2403;0;0;1;0;0;0;0;0;0
-*pashatheti;0;0;1;0;0;1;0;1;0
-*betomk;0;0;0;0;0;1;0;0;0
-*liliberh5;0;0;0;0;0;0;1;0;0
-*magalir_08;0;0;1;0;0;1;0;0;0
-*julie_snl_;0;0;2;0;0;1;1;1;1
-*jeyan_zm;0;0;0;0;0;1;0;0;0
-*chris___tell;0;0;0;0;0;0;1;0;0
-*damariomarisa;0;0;1;0;0;0;0;0;0
-*memieninou;0;0;0;0;0;1;0;1;1
-*villeneuve_nadia;0;0;0;0;0;2;0;0;0
-*wizzlou09;0;0;0;1;0;2;1;0;0
-*m__e2e_m;0;1;0;0;0;0;0;0;0
-*jeinnbs;0;0;0;0;0;0;1;0;0
-*fatma_chebel;0;0;2;0;0;1;0;0;0
-*_ruitm;0;1;0;0;0;1;0;1;0
-*giovanni_braeburn;0;1;0;0;0;0;0;0;0
-*swiss_villain;0;0;1;0;0;0;0;0;0
-*miitsukko_mikka;1;1;0;0;0;1;1;1;0
-*annick_vasta;0;0;0;0;0;1;0;0;0
-*julienhoffmeyer;0;0;0;0;0;1;1;1;2
-*clement_mukundji;0;1;1;0;0;0;0;0;0
-*alisongabioud;0;0;1;0;0;0;0;0;1
-*helvetiepixel;0;1;1;0;0;10;5;2;3
-*valeriebluebird;0;0;0;0;0;2;0;0;0
-*quentin829595;0;7;0;1;0;0;2;0;0
-*pedro_car81;0;0;1;0;0;1;0;0;0
-*emanuellopes971260;0;0;3;1;0;0;0;2;0
*commentDate_17-10-2025;29;34;78;114;3;160;150;72;65
-*celinoufette;0;0;0;0;0;1;0;0;0
*commentDate_14-10-2025;44;56;301;93;8;156;160;111;43
-*motherphonk;0;0;0;0;0;1;0;0;2
*commentDate_13-10-2025;48;67;290;193;11;186;180;93;52
-*nath_geneva;0;0;0;0;0;1;1;0;0
-*yvesrohan;0;2;1;0;0;0;2;1;0
-*christophesalot;0;0;0;0;0;0;2;0;0
-*sloanne_grd;0;0;1;1;0;1;0;0;0
-*christophe74140;0;0;2;0;0;0;0;0;0
-*sana_kingsada;0;0;0;0;0;0;1;0;0
-*matmatofdartist;0;0;0;0;0;1;0;2;1
-*marwene10200;0;0;1;0;0;1;0;0;0
*commentLikes_227;0;0;0;0;0;0;2;1;0
*i_0003;0;2;2;1;0;25;22;0;0
*postLikes_5500;20;50;143;247;7;199;171;62;41
*postReposts_50;0;9;2;1;0;28;23;0;3
-*les_invisibles_podcast;0;0;0;0;0;1;1;0;0
-*cam_cnstn;0;0;0;0;0;1;1;0;0
-*a_vous_dirai_je;0;0;0;0;0;2;0;0;0
-*gl0ddy;0;0;0;0;0;0;2;0;0
-*harpelsa;0;0;0;0;0;1;0;0;0
-*veronice_al;0;1;0;0;0;0;0;0;0
-*leta___lozano;0;0;0;0;0;0;2;0;0
-*likoeur;0;0;1;0;0;0;0;0;0
-*mathewsavary;0;0;0;0;0;4;0;0;0
-*dredd_pill;0;0;4;3;0;20;22;12;2
*i_0004;2;2;1;0;1;7;37;0;0
*postComments_51;5;17;15;3;2;22;51;2;1
-*alice_hadestorm;0;0;0;0;0;0;1;0;0
-*danyelhaldiz;0;0;0;0;0;0;4;0;0
-*laurent_diserens;0;0;0;0;0;0;0;0;0
-*noone_01101001;0;2;1;1;0;2;1;0;0
-*axelle_angelique_autrice;0;0;1;0;0;0;4;1;0
-*therealwaltika;0;2;2;0;1;6;7;7;3
-*toy_crue_over_alex;0;0;0;0;0;0;1;0;0
-*shlomohamuller;0;0;1;0;0;0;1;0;0
*i_0005;2;2;1;0;1;55;28;5;18
-*auroremwe;0;0;0;0;0;5;1;0;1
-*qwiqwi17;0;0;0;0;0;0;2;0;0
-*rioksana;0;0;0;0;0;2;1;0;0
-*aline_jordan;0;0;0;0;0;0;1;0;1
-*calypsofoti;0;0;0;0;0;0;1;0;0
-*vasivasa74;0;0;0;0;0;4;0;1;1
-*movment_is_medecine_;0;0;0;0;0;1;0;0;0
*commentLikes_159;0;0;1;0;1;0;0;0;0
-*zan_firippu_rosaguni;0;0;0;0;1;4;1;2;3
*commentLikes_83;1;0;1;2;0;3;3;1;0
-*anctreau_black;0;0;0;0;0;1;1;0;2
-*talilicube;0;0;0;0;0;0;0;0;1
-*roi_badis;0;1;0;0;0;0;1;0;0
-*79_et_lie;0;0;0;1;0;0;0;1;1
-*oceane__bouvier;0;0;0;0;0;1;0;0;0
-*wolfgirl23_89;0;0;0;0;0;1;0;1;0
-*jaquesmarina;2;2;0;0;0;0;0;2;0
-*nikki_marina;0;0;0;0;1;0;1;0;0
-*angelamilanocreation;0;0;0;0;0;1;0;0;0
-*dipolean;1;0;0;0;0;2;1;0;0
-*lebalbuzard;0;1;0;0;0;0;1;0;0
-*soniarffx;0;0;0;0;0;0;2;0;0
-*atelier_coeur_pur;0;0;0;0;0;4;4;0;0
-*t_07___;0;0;2;2;0;4;8;0;0
-*danielmelani;0;0;0;0;0;0;0;0;1
-*mechat_grand;0;0;0;0;0;0;0;0;0
-*liseg_art;0;0;0;0;0;1;1;0;1
-*__p0000__;0;0;0;2;0;2;2;0;1
*i_0006;3;5;0;0;0;4;1;0;0
-*sufyafm;1;0;0;0;0;0;0;0;0
-*by_regiina;0;0;0;0;0;1;0;0;0
-*yosoyaydin;1;3;0;0;0;2;0;0;0
-*synchrocenamo;0;0;0;0;0;0;1;0;0
-*javiercanosa_;0;0;0;0;0;0;0;0;0
-*ggreg_martin;0;1;0;0;0;1;0;0;0
-*paulaorianagarcia;2;0;0;0;0;0;0;0;0
-*cabaretvertical;0;0;0;0;0;1;0;0;0
-*mathilda_toyloy;0;0;1;0;0;1;0;0;0
-*ticrita;0;0;0;0;0;1;0;0;0
-*nathaliekerba;0;0;0;0;0;1;0;0;0
*i_0008;2;9;116;0;1;20;34;4;3
*postComments_236;2;9;116;0;1;20;34;4;3
*postReposts_38;11;29;117;1;2;39;69;24;65
*commentLikes_439;0;0;1;1;0;0;0;0;0
-*vivianejost;0;0;19;0;1;3;2;0;0
-*ariellenourit;0;0;2;0;0;0;0;0;0
-*instaa_sou;0;0;3;0;0;0;1;1;0
-*ilya_rzhnl;0;0;3;0;0;0;0;0;0
-*raphistravelling;0;0;0;0;0;0;1;0;0
-*olivier__ch;0;0;3;0;0;1;0;0;0
-*luka_dabrah;0;1;0;0;0;0;1;0;1
-*victorgeissmann;0;0;2;0;0;0;2;0;0
-*melissa_sara31;0;0;1;0;0;0;0;0;0
-*anileda_regna;0;2;2;0;0;5;2;0;0
-*hwitaa_25;0;0;3;0;0;1;1;5;0
-*hichampena;0;0;0;0;0;0;1;0;0
*commentLikes_257;0;0;1;0;0;1;1;0;0
-*dz_8425;0;1;7;0;0;2;3;1;0
-*kaloanur;0;1;1;0;0;0;0;0;0
-*maas_saatchi;0;0;0;0;0;1;0;0;0
-*achille_le_gisir;0;0;2;0;0;0;0;0;0
*commentLikes_190;0;1;1;0;0;3;1;1;0
-*yannis_newell;0;0;1;0;0;0;0;0;0
-*mandanapages;0;1;9;1;0;0;2;2;3
-*aurelieguerin475;0;0;1;0;0;1;0;0;0
-*waljack_94;0;0;0;0;0;0;1;0;0
-*thelentilsmuggler;0;0;1;0;0;0;0;1;0
*commentLikes_85;0;1;3;1;0;6;0;1;0
-*ouini92;0;0;1;0;0;0;0;0;0
-*lolo_chib;0;0;1;0;0;0;2;0;0
*commentLikes_131;0;0;0;0;0;4;0;1;0
-*sun_shine_win;0;0;0;0;0;1;0;0;0
-*nathan_cty;0;0;1;0;0;0;4;1;0
-*gregorydonze;0;0;2;0;0;2;0;0;0
-*mariadrifi;0;0;1;0;0;0;0;0;0
-*nuno_lekhal;0;0;0;0;0;0;0;0;0
-*anais_vdv;0;0;0;0;0;1;0;0;0
-*etur03;1;0;3;1;0;0;4;0;1
-*noyyyaa_a;0;0;17;0;0;1;0;0;0
-*ahmed_dh15;0;0;0;0;0;0;1;0;0
-*saint_saphorin_lavaux;0;0;1;0;0;3;1;4;0
-*malika__eg;0;0;1;0;0;0;0;0;0
-*utior;0;0;0;0;0;1;0;0;0
-*andro_maque1303;0;3;2;1;0;2;2;1;2
-*burri_remy;0;0;1;0;0;0;0;0;0
-*anaisramim;0;0;2;0;0;1;0;0;0
-*natsukosasaki;0;0;1;0;0;1;0;0;0
-*pmiiiike;0;0;1;0;0;0;0;0;0
-*samakasmae;0;0;3;0;0;0;0;1;0
-*chloeeeee_nyc;0;0;10;1;0;0;3;1;1
-*tiphanie_bovay_klameth;0;1;9;3;0;6;10;0;1
-*hadjer_bec;1;0;0;0;0;0;0;0;0
-*hajjem_m;0;0;1;0;0;5;6;2;0
-*picsdeaaler;0;0;0;0;0;0;1;0;0
-*ufo_noctis;0;1;0;0;0;0;1;0;0
-*lugdunum2015;0;0;0;0;0;1;0;0;0
-*moisi_418;0;0;0;0;0;0;0;0;1
-*milki_njb;0;0;3;0;0;0;0;0;0
-*batoutannibal;0;0;0;0;0;0;0;1;0
-*punky_brewster_2411;0;3;4;0;0;3;1;4;1
-*fadi_buck;0;0;3;0;0;0;2;1;0
-*spendmytimee;0;0;0;0;0;1;1;0;0
-*nada_beainy_39;0;0;0;0;0;0;1;0;0
-*naima_mmd;0;0;0;0;0;0;1;0;0
-*moi_zaya;0;0;1;0;0;0;1;0;0
-*ma_payot;0;0;0;0;0;0;1;0;0
-*gaza_let_them_live;0;0;6;0;0;1;0;0;0
-*boulboul18000;0;0;1;0;0;0;0;0;0
-*financiafun;0;0;0;0;0;1;0;0;0
-*mazen_here;0;0;1;0;0;0;0;0;0
-*ardicasim;0;0;1;0;0;0;0;0;0
-*kliklouch;0;0;1;0;0;0;0;0;0
-*assoum_4;0;0;1;0;0;1;2;0;0
-*_wildtounes;0;0;0;0;0;0;0;1;0
*commentDate_30-10-2025;21;35;51;9;4;100;134;89;46
-*hubertgerard1970;0;0;0;0;1;0;0;0;0
-*by_sylviat;0;0;1;0;0;0;0;0;0
-*malika_maleke;0;2;2;0;0;1;1;0;0
-*madeinswiss00;0;0;1;0;0;0;0;0;0
*i_0009;2;3;1;0;0;4;3;2;11
*postLikes_5300;12;23;52;21;1;99;86;88;35
*commentDate_1-2-2026;1;1;0;0;0;1;0;0;0
-*swisspicknic;0;0;0;0;0;2;0;0;0
-*manecas707;0;0;0;0;0;1;0;0;0
-*lina_et_dim;1;1;0;0;0;0;0;0;0
-*bessegillard;0;0;0;0;0;0;0;0;1
-*_orchidoclaste_;0;0;0;0;0;0;0;0;1
*commentLikes_161;1;0;0;1;0;0;0;1;1
-*andreas_swb;0;0;0;0;0;1;0;0;1
-*natha990;0;0;0;0;0;0;1;0;1
-*yulia_s_grishina;0;0;0;0;0;0;0;0;1
-*carole_n_;0;0;0;0;0;0;0;0;1
-*corinabalaceanu;1;0;0;0;0;0;0;0;0
-*leadegano;0;0;0;0;0;0;0;0;1
-*sypanna;0;0;0;0;0;0;1;1;0
-*mathis_r_frd;1;0;0;0;0;0;1;0;0
*i_0010;95;42;4;1;2;71;35;54;30
*postLikes_21200;95;42;4;1;2;71;35;54;30
*postComments_769;95;42;4;1;2;71;35;54;30
*postReposts_113;95;42;4;1;2;71;35;54;30
-*_u_l_e_t_;1;0;0;0;0;0;0;1;0
-*samtornare;0;0;0;0;0;1;0;0;0
*commentLikes_370;0;1;0;0;0;0;1;0;0
-*oana_4;1;0;0;0;0;1;1;0;0
-*mx_bbe;0;0;0;0;0;0;1;0;0
-*cedbarras;0;0;0;0;0;1;0;0;0
-*vuignier_raphael;0;0;0;0;0;1;2;0;0
-*fredmoret;0;0;0;0;0;0;1;0;0
-*777___tsuki;1;0;0;0;0;0;0;0;0
*commentDate_20-10-2025;23;98;136;19;8;164;141;193;75
-*titeflooo;0;0;0;0;0;0;0;0;0
-*bengonercut;1;0;0;0;0;0;0;0;0
*commentLikes_335;0;0;0;0;0;0;0;1;0
-*lucien_kolly;0;0;0;0;0;0;0;1;0
-*m_o_r_g_a_n_e_0_3;1;0;0;0;0;0;0;0;0
-*valentina_bifarella;0;0;0;0;0;1;0;0;0
-*hapie_sagwa;0;0;0;0;0;0;0;1;0
-*florence_sut;0;0;1;0;0;1;2;2;1
-*_ayannedsa;0;0;0;0;0;0;0;1;0
*commentLikes_453;0;0;0;0;0;0;0;1;0
-*fjollat_e_bores;0;0;1;0;0;1;0;2;0
-*hussein_27__;0;0;0;0;0;0;0;0;0
-*christinekitou;0;0;0;0;0;0;1;0;1
-*drmxno;1;0;0;0;0;0;0;0;0
-*jairo_ncf;0;0;0;0;0;0;1;0;0
-*chonchon_draw;0;0;1;0;0;0;0;0;0
-*panahi8473rahmatullah;0;0;0;0;0;0;0;0;0
-*marta_vrl;0;0;0;0;0;0;0;0;0
-*nes_csta;0;1;0;0;0;0;0;0;0
*commentDate_16-10-2025;32;49;97;78;6;101;108;70;76
-*salemaudrey;0;0;0;0;0;0;0;0;0
-*maksmichellod;0;0;0;0;0;0;0;1;0
-*enayetb;0;0;1;0;0;0;1;2;1
*commentDate_23-10-2025;22;65;72;33;3;147;103;83;56
-*sachaleine;0;0;0;0;0;1;0;0;0
-*pandashiine;0;0;0;0;0;0;0;1;0
-*louvessaz;0;0;0;0;0;1;0;0;0
-*colinperritaz;0;0;0;0;0;1;0;0;0
-*dobklay_sth;1;0;0;0;0;0;0;0;0
-*lae_tii96;0;0;0;0;0;0;0;0;0
-*eupholie_;0;1;0;0;0;0;0;0;0
-*nannou_b;1;0;0;0;0;0;0;0;0
-*anaelle_trb;0;0;0;0;0;1;0;0;0
-*nathan_pache_8;0;0;0;0;0;0;0;0;0
-*raphael_lchmb;0;0;0;0;0;1;0;0;0
-*gini_breton_frvr;0;0;0;0;0;1;0;1;0
-*au__drxy;0;1;0;1;0;1;0;1;2
-*ludodido12;0;1;0;1;0;0;2;0;0
-*artistgirl1994;0;0;0;0;0;2;0;0;0
-*virginiesistek;0;1;0;0;0;1;0;0;0
-*feux_d_art_s;0;1;0;0;0;1;1;0;0
-*romane__henri;0;1;0;0;0;0;0;0;0
-*bonveroga;0;0;0;0;0;0;1;0;0
-*bea_pnt;0;0;1;0;0;0;0;0;0
-*steph611987;2;0;0;0;0;0;0;0;0
*commentLikes_412;0;0;0;0;0;0;0;0;1
-*zarkozzarko;0;0;0;0;0;1;0;0;1
-*ju_aotearoa;0;0;0;0;0;0;0;1;0
-*julfisafr;0;0;0;0;0;0;0;0;0
-*andrea_pradi;0;0;0;1;0;2;2;1;3
-*oc_aille;1;0;0;0;0;0;0;0;0
-*steliolilolilo;0;1;0;0;0;1;1;0;0
-*staro_loztown;0;0;0;0;0;1;0;0;1
-*lodouce;1;0;0;0;0;0;0;0;0
-*c_li_1;1;0;0;0;0;0;0;0;0
-*diana_ma_chan;1;2;0;0;0;1;1;0;0
-*nathaliedz15;0;0;0;0;0;0;0;0;0
-*chloeamiet;1;0;0;0;0;0;0;0;0
-*eva_hugi;1;0;0;0;0;0;0;0;0
-*michael10746;0;0;0;0;0;0;0;0;1
-*meinsorgenkind;0;0;0;0;0;0;1;0;0
-*keryann_dubocq;0;0;0;0;0;0;0;0;0
-*solange_mnr;0;0;0;0;0;0;1;0;0
-*enzo_pty507;0;0;0;0;0;0;0;0;1
-*__angie__a2;0;0;0;0;0;0;0;0;0
-*letsten;0;0;0;0;0;0;0;1;0
-*flammae_nigrae;0;0;0;0;0;1;0;0;0
-*salva_bapt08;1;0;0;0;0;0;0;0;0
-*eggman_without_mustache;0;0;0;0;0;0;0;0;0
-*suis_ton_ame_33;1;0;0;0;0;0;0;0;0
-*lea_jeambrun;1;0;0;0;0;0;0;0;0
-*olem_fe;1;0;0;0;0;0;0;1;1
-*lawarz;0;0;0;0;0;0;0;0;0
-*iulian_br92;0;0;1;0;0;0;0;0;2
-*citronela_ste;1;0;0;0;0;0;0;0;0
-*morgan_1442;0;0;0;0;0;0;0;0;0
-*liamlikeslife;0;0;0;0;0;0;0;0;0
-*nadiapetruzzella;0;0;0;0;0;0;1;2;0
-*kellerviirginie;0;0;0;0;0;1;0;0;0
-*fiammetta1206;1;0;0;0;0;0;0;0;0
-*isabelle_roulin_1964;1;0;0;0;0;0;1;0;0
-*joychevailler;1;0;0;0;0;0;0;0;0
-*tristan_smnt;0;0;0;0;0;0;0;0;0
-*steicyyyfc;1;0;0;0;0;0;0;0;0
-*xavier_friedrich;0;1;0;0;0;0;0;0;0
-*maflu_136;0;0;0;0;0;1;0;0;0
-*lsud4n;1;0;0;0;0;0;0;0;0
-*vincentandrani;1;0;0;0;0;0;0;0;0
-*okelisaa;0;0;0;0;0;0;0;0;0
-*enzo_prrt13;0;0;1;0;0;0;1;0;0
-*leane_zg;1;0;0;0;0;0;0;0;0
-*stevecq83;0;0;0;0;0;0;2;2;0
-*alex_06_420;0;0;0;0;0;0;0;1;0
-*0mayver0;0;0;0;0;0;1;0;0;0
-*elodlsnz;0;1;0;0;0;0;0;0;0
-*laura_mtnt;0;0;0;0;0;1;1;0;2
-*andreysenk;0;0;0;0;0;1;0;0;0
-*support___mx__centert;0;0;0;0;0;0;1;0;0
-*mr_darksilvermoon;0;0;0;0;0;0;1;0;0
-*vani_canal;1;0;0;0;0;0;0;0;0
-*_amina90s;1;1;0;0;0;0;0;1;0
-*isvicrede_bi_yolcu;1;0;0;0;0;0;0;0;0
-*lounasolari;0;1;0;0;0;0;0;0;0
-*fleur_erbeia;0;0;0;0;0;0;0;0;0
-*rosgagliardi;0;1;0;0;0;0;0;1;0
-*julia_g74;0;0;0;0;0;7;4;1;0
-*annelutz8;0;0;0;0;1;0;0;0;0
-*guillaum3_csst;1;0;0;0;0;0;0;0;0
-*mona_baiutti;1;0;0;0;0;0;0;0;0
-*ferreira_rmboss;0;0;0;0;1;0;0;0;0
-*luciehbdz;0;1;0;0;0;0;0;0;0
-*vic________07;0;0;1;0;0;1;0;0;0
-*unzestedetoile;0;0;0;0;0;0;0;0;0
-*elbilibi;1;0;0;0;0;0;0;0;0
-*sim_on_chr;0;0;0;0;0;0;0;1;0
-*xkm_re;0;0;0;0;0;1;0;0;0
-*narthou_m_;1;0;0;0;0;0;0;0;0
-*earthandbark;0;0;0;0;0;0;0;1;0
-*cocopacacocopaya;0;0;0;0;0;1;0;0;0
-*bornand56_18;0;0;0;0;0;1;0;0;0
-*tuna_karasu;1;0;0;0;0;0;0;0;0
-*zzzzzzzz789554;0;1;0;0;0;0;0;0;0
-*n0_lonf;1;0;0;0;0;0;0;0;0
-*evx_a7;0;0;0;0;0;0;0;0;0
-*pompom93;0;0;0;0;0;0;0;4;0
-*catherinevonbu;1;0;0;0;0;0;0;0;0
-*midsommargo;1;0;0;0;0;0;0;0;0
-*aurelore_camila;0;0;0;0;0;1;0;0;0
-*steph033090;1;0;0;0;0;0;0;0;0
-*maya_prk;0;0;0;0;0;0;0;0;0
-*clemence20055;0;0;0;0;0;2;0;0;1
-*sandra_pimenta_520;1;0;0;0;0;0;0;0;0
-*xx9abx;1;2;0;0;0;0;0;0;0
-*drean179;0;0;0;0;0;1;0;0;1
-*amaandine19;0;1;0;0;0;0;0;0;0
-*_agcrlo;1;0;0;0;0;0;0;0;0
-*lolo_tte66;1;0;0;0;0;0;0;0;0
-*racheliciooous;0;0;0;0;0;0;0;0;1
-*pinkilodie;0;0;0;0;0;0;0;0;0
-*ivan_deheer;0;0;1;0;0;0;0;0;0
-*vaaloouuu;0;1;0;0;0;1;0;0;0
-*mat_tn65;0;0;0;0;0;0;0;0;0
-*virginie_bbr;1;0;0;0;0;0;0;0;0
-*myriamrandin;0;0;0;0;0;0;0;0;1
-*fahno404;0;0;0;0;0;0;0;1;0
-*oceane_na6;1;0;0;0;0;0;0;0;0
-*rubis_chams;1;0;0;0;0;0;0;0;0
-*ethan_btk2ws;0;0;0;0;0;0;0;0;0
-*elie_gldn;1;0;0;0;0;0;0;0;0
-*cyrzon_;0;0;0;0;0;0;1;0;1
-*mat_04_;0;0;0;0;0;1;0;0;0
-*stan_drey;0;0;0;0;0;0;0;0;0
-*l_orblanc;0;0;0;0;0;3;1;0;1
-*_phoenix_girl_005;0;0;0;0;0;0;0;0;0
-*1gerwen1;0;1;0;0;0;0;0;1;0
-*kevinco_us;0;1;0;0;0;0;0;0;0
-*flo__last;0;0;0;0;0;1;0;0;0
-*dareealtwitch;0;0;0;0;0;0;0;0;1
-*rafimrnd;0;0;3;0;0;2;2;2;2
-*alex_moustashtronomie;0;0;0;0;0;0;1;0;0
-*lausannensis;1;0;2;0;0;1;2;0;0
-*jessie_uav;0;1;0;0;0;0;0;0;0
-*carinacmp14;0;0;0;0;0;1;0;0;0
-*graceggonzales;1;0;0;0;0;0;0;0;0
-*_tim_cht_;0;1;0;0;0;0;0;0;0
-*flaviorw;0;1;0;0;0;0;0;0;0
-*freedolph255;0;1;0;0;0;1;0;0;0
-*el_serboos_;1;0;0;0;0;1;0;0;0
-*natha_guggys;1;0;0;0;0;0;0;0;0
-*stephanie_art_geneva;0;1;0;0;0;0;0;0;0
-*philou12453;0;0;0;0;0;0;0;0;0
-*lesamsam_;0;0;0;0;0;0;0;1;0
-*nico_ryf;1;0;0;0;0;0;0;0;0
-*laflecheargentee;0;0;1;0;0;0;0;0;0
-*m_b_cswitzerland;0;0;0;0;0;0;0;0;0
-*pink_rain;0;0;0;0;0;0;1;0;0
-*david_gomest;0;0;0;0;0;0;0;0;0
-*raaaaaaaaaaaaaphi;0;0;0;0;0;0;0;0;1
-*damkyan;1;0;0;0;0;0;0;0;0
-*anthony_guihur;0;1;0;0;0;0;0;0;0
-*luca__1290;0;0;0;0;0;1;0;0;0
-*lvless0101;1;0;0;0;0;2;1;0;0
-*kikiv2r;1;0;0;0;0;0;0;0;0
-*_iliasso_;0;0;0;0;0;0;0;0;1
-*xiwbeed;0;1;0;0;0;0;0;0;1
-*ynk_alrc;0;2;0;0;0;0;0;0;0
-*ryanl_bdr;0;0;0;0;0;0;0;0;0
-*drouxremi;0;0;0;0;0;0;0;0;1
-*ameliecoptereprsenvoler;0;0;0;0;0;1;0;0;0
-*king__fares;0;1;0;0;0;0;0;1;0
-*badhuuru;0;0;0;0;0;0;0;0;0
-*alexsvisions;0;0;0;0;0;0;0;0;0
-*mimi_subgirl;1;0;0;0;0;0;0;0;0
-*belladonna_junior;0;0;0;0;0;1;0;0;0
-*sandro_claudio_meneses;1;0;0;0;0;0;0;0;0
-*nebrasky_ch;0;0;0;0;0;2;1;0;0
-*meryam_suisse;1;0;0;0;0;0;0;0;0
-*inspiractrice;0;0;0;0;0;0;0;1;0
-*swissclock_drum;0;0;0;0;0;2;0;2;0
-*marina_roquedepinho;0;1;0;0;0;0;0;0;0
-*ma_leo_nineties;1;0;0;0;0;0;0;0;0
-*lu_garcia99;0;0;0;0;0;1;0;0;0
-*des_crochus_d_aventure_;0;0;0;0;0;3;1;3;0
-*mayleen_pardos;0;0;0;0;0;1;1;0;0
-*val_lol_entin;0;0;0;0;0;2;0;0;0
-*aless_1227;0;0;0;0;0;2;0;0;0
-*louisonlebison;0;0;0;0;0;1;0;0;0
-*naomi_hkvm;0;0;0;0;0;0;0;0;0
-*alice__prv09;1;0;0;0;0;0;0;0;0
-*thierrybagnoud;1;3;0;1;0;0;1;1;1
-*stelyst;0;0;0;0;0;0;0;0;0
-*z500rider;0;1;0;0;0;0;0;0;0
-*deppcapriio;1;0;0;0;0;0;0;0;0
-*tqm_vh;0;0;0;0;0;1;0;0;0
-*naeda_m;0;0;0;0;0;0;0;0;0
-*axdy_mxrmxer;0;2;7;3;0;21;8;15;1
-*carlos_maximilian_legrand;0;1;0;0;0;0;0;0;0
-*jacqueline_yaramis;1;0;0;0;0;0;0;0;0
-*nowaknowakowski;0;0;0;0;0;1;0;0;1
-*tibostep;1;0;1;0;0;1;1;1;0
-*mabestos;0;0;0;0;0;0;0;0;0
-*coachblavier;0;0;0;0;0;0;0;0;1
-*marysebey;1;0;0;0;0;0;0;0;0
-*gaetan018rochat;0;0;0;0;0;0;0;0;0
-*got2cj;1;0;0;0;0;0;0;0;0
-*jason_ola_official;0;2;0;0;0;0;2;0;0
-*nifleur_o8;0;0;0;0;0;0;0;0;0
-*ciaraa_3;1;0;0;0;0;0;0;0;0
-*sushialex0;0;1;0;0;0;0;0;0;0
-*a2csk;0;0;0;0;0;0;0;0;0
-*domino__r21;0;0;0;0;0;1;0;1;0
-*apo_be50mi;1;0;0;0;0;0;0;0;0
-*m_yfarth;0;0;0;0;0;0;0;1;0
-*zermithepsyrate25;0;0;1;0;0;0;0;0;0
-*rayan__miftari;1;0;0;0;0;0;0;0;0
-*__cheyennne__;0;0;0;0;0;0;1;1;0
-*bvtimoo;0;0;0;0;0;3;0;1;0
-*clem_rli;0;1;0;0;0;0;0;0;0
*commentLikes_106;0;0;3;0;0;3;1;3;1
-*luke_lsn;0;1;1;1;0;1;2;2;1
-*olii_vii_a;0;0;0;0;0;0;1;0;0
-*duvall_workhard;0;0;0;0;0;1;0;3;0
-*bajrakenan;0;0;0;0;0;1;0;0;0
-*yohan_thz;0;0;5;0;1;1;7;20;3
-*dj_mcy;1;0;0;0;0;0;0;0;0
-*apipix123;0;0;0;0;0;1;0;0;0
-*_____mow;1;0;0;0;0;1;1;3;0
-*_hb17hb_;0;0;0;0;0;0;0;0;0
-*cecilystyle;1;0;0;0;0;0;0;0;0
-*commedesmelanie;0;0;0;0;0;1;0;1;0
-*maevaa_14;1;0;0;0;0;0;0;0;0
-*lan_celeau2_0;0;0;0;0;0;0;0;0;0
-*j_de_montmeillan;0;0;0;0;0;3;0;0;0
-*loic_sangiban;0;0;0;0;0;0;1;0;0
-*en___sel;0;0;0;0;0;1;0;0;0
-*nuria_metroz;0;1;0;0;0;0;0;1;0
-*stephane_lbk;0;0;0;0;0;0;0;4;1
-*elisabuthey;0;0;0;0;0;0;0;0;1
-*brinc_ama;1;0;1;0;0;0;0;1;0
-*k_a_io;1;0;0;0;0;0;0;0;0
-*yvanlagis;1;0;0;0;0;1;2;3;2
-*james_ketteridge_;1;0;0;0;0;0;0;0;0
-*nicorenteria;1;0;0;0;0;0;0;0;0
-*loanbertschy;0;0;0;0;0;0;0;1;0
-*tizianosm;0;0;0;0;0;0;0;0;0
-*chrisne0970;0;0;0;0;0;1;0;0;0
-*oiacaio8;0;0;0;0;0;0;0;0;1
-*beatrixkidd0__;0;0;0;0;0;0;0;2;0
-*virginie_rva;0;0;0;0;0;0;0;0;0
-*_isaac_duque;0;0;0;0;0;0;0;0;0
-*pchxz_03;0;0;0;0;0;1;0;0;0
-*hermes_prencipe;1;0;0;0;0;0;0;0;0
-*boscoroc;1;0;0;0;0;0;0;0;0
-*annakarlaalmeida;0;1;0;0;0;0;0;0;0
-*misuta_nobadi;0;0;0;0;0;0;0;1;0
-*_drugzy_;1;1;0;0;0;1;0;2;0
-*vany_bi;2;0;0;0;0;0;0;0;0
-*milanwuillemin;0;0;0;0;0;0;0;0;0
-*keren_stk;0;1;0;0;0;0;0;0;0
-*camillle_2003;0;1;0;0;0;0;0;0;0
-*thiccus_riccus;0;0;0;1;0;1;1;1;1
-*paulocads;1;0;0;0;0;0;0;1;0
-*seve_n_ties;1;0;0;0;0;0;0;0;0
-*hamza_zmt;0;0;0;0;0;1;0;0;0
-*maaro_1_7;0;0;0;0;0;0;0;0;1
-*thomas_amds;2;0;3;1;0;5;3;2;3
*i_0011;2;3;1;0;0;3;1;0;2
*postComments_19;5;12;4;0;0;23;7;23;10
-*noaf_salah;1;0;0;0;0;0;0;0;0
-*sarah_ave_;1;0;0;0;0;0;0;0;0
-*laura_baehler;0;0;0;0;0;0;0;0;1
-*charln_blt;0;1;0;0;0;0;0;0;0
-*rolfbourquin;0;0;0;0;0;1;0;0;0
-*sarah_l_gross;0;11;1;0;0;2;1;1;1
-*adrian_rey_;1;0;0;0;0;0;0;0;1
*i_0012;2;2;0;0;0;0;3;0;1
-*aneet_chess2000;0;1;0;0;0;0;0;0;0
-*micaia_lutz;0;0;0;0;0;0;1;0;0
-*leila_doval;0;1;0;0;0;0;0;0;0
-*joabsinthe_22;0;0;0;0;0;0;1;0;0
-*fanny_chevrier;0;0;0;0;0;0;1;0;0
-*starff82;0;0;0;0;0;0;0;0;0
*i_0013;2;2;4;2;0;36;23;2;2
*postComments_111;4;7;4;3;0;47;32;56;24
-*nabilafzg;0;0;0;0;0;0;1;0;0
-*dayanella1320;0;0;0;0;0;2;0;0;0
-*isma_vy;0;0;1;0;0;0;2;0;1
-*fureddo2807;0;1;0;0;0;0;2;0;0
-*ksoulsevenoire;0;0;0;1;0;2;2;0;0
-*margauxschwab;0;0;0;0;0;3;1;0;0
-*lenouche99;0;0;0;0;0;2;0;0;0
-*capufitstrong;0;0;0;0;0;2;0;0;0
-*lupus_s__;0;1;4;1;2;13;6;4;0
-*fonfarlo;0;0;0;0;0;1;0;0;0
-*romane_glrd;0;0;1;0;0;1;1;0;1
-*sami__sabb;0;0;0;0;0;0;2;0;0
-*le_ptit_lutin1;0;1;1;4;0;1;3;1;0
-*chienne_a_punk;0;0;0;0;0;2;0;0;0
-*amnzero;0;0;1;1;0;1;1;0;0
-*aliona_maragotto;0;0;0;0;0;3;2;0;0
-*kanur_ish;0;0;0;0;0;0;1;0;0
-*amelie_delam;0;0;0;0;0;1;0;0;0
-*geraldine_pacarizi;0;0;1;0;0;0;1;0;0
-*piraocoelhosmith;0;0;0;0;0;0;0;0;0
-*mircallakarnstein;0;0;0;0;0;1;0;2;0
-*isagaycrosier;0;0;1;0;0;0;0;0;0
-*kafrolady;0;1;1;0;0;1;1;0;0
-*alej_yanara;0;0;0;0;0;0;0;1;0
-*infinit_tsukoyumi;0;0;0;0;0;2;0;0;0
*i_0014;2;2;0;0;0;5;3;1;1
*postLikes_8500;2;11;0;0;0;12;7;5;21
-*zoe_mittaz;1;0;0;0;0;0;0;0;0
-*cybraska;0;4;0;1;0;3;1;1;0
-*aexit__;0;0;0;0;0;2;0;1;0
-*davidl__19;0;1;0;0;0;0;0;1;0
*i_0015;49;28;107;15;3;68;54;24;15
*postLikes_18300;51;33;107;16;3;79;63;78;37
*postComments_583;49;28;107;15;3;68;54;24;15
*postReposts_1.5K;49;28;107;15;3;68;54;24;15
-*nadi_ia235;1;0;0;0;0;0;0;0;0
-*m_ulah;0;0;0;0;0;1;0;0;0
*commentLikes_424;1;0;0;0;0;0;0;0;0
-*gray78carlotta;1;0;0;0;0;0;0;0;0
-*akarawii;1;0;0;0;0;0;0;0;0
-*glennmichel;0;0;0;0;0;1;0;0;0
*commentLikes_887;0;0;0;0;0;1;0;0;0
-*anthonymessulam;0;2;4;1;0;2;2;0;1
-*henri6717;1;0;0;0;0;0;0;0;0
-*janssenevelyne;1;0;1;0;0;1;0;1;0
-*hellohellothatgirl;1;0;0;0;0;0;1;0;0
-*loleklynda;0;0;2;2;0;4;1;1;1
-*cigana_perdida;0;0;0;0;0;0;0;1;0
-*assiabenchek;1;0;0;0;0;0;0;0;0
*commentLikes_220;0;0;0;0;0;0;3;0;0
-*hela___bettaieb;0;0;0;0;0;2;1;0;0
-*ikram_madmad;2;0;0;0;0;0;0;0;0
-*leguizdudesert;1;0;0;0;0;0;0;0;0
-*kat_keepsmiling;1;0;0;0;0;0;0;0;0
*commentDate_15-10-2025;23;41;93;15;2;92;89;63;24
-*fabienne6761;0;0;1;0;0;0;0;0;0
-*nadasoumy;0;0;0;0;0;0;1;0;0
*commentLikes_248;1;0;0;0;0;0;0;0;0
-*nadinette07;1;0;2;0;0;0;0;0;0
*commentLikes_654;0;0;0;0;0;0;1;0;0
-*immense_fenouil;0;0;2;0;0;0;0;0;0
-*workinn_pro;0;0;14;0;0;3;2;8;4
-*ange_demon74;0;0;0;0;0;1;1;0;0
-*delphinesavary69;1;0;0;0;0;0;0;0;0
*commentLikes_252;0;0;2;0;0;0;0;0;0
-*mehdi_khemiri;1;0;0;0;0;0;0;0;1
-*jetlagattitude;0;0;0;0;0;0;0;0;0
-*ardigashi03;1;0;0;0;0;0;0;0;0
-*gio748;0;0;0;0;0;0;1;0;0
-*pascale_gonda_7;0;0;1;0;0;0;0;0;0
-*bill_el26;0;0;1;0;0;0;1;0;0
-*jm1erbis;0;0;0;0;0;1;0;0;0
-*flofloquattro;0;0;0;0;0;0;0;0;0
-*angelemaux;0;0;0;0;0;0;0;0;0
-*inztafranz;0;0;1;0;0;0;1;0;0
-*joubert9879;0;3;0;0;0;0;0;0;0
-*mmmaaauuurrriii;0;1;2;0;0;4;3;0;0
-*tamymount;0;3;4;0;0;1;2;0;1
-*isabelle_taillefert;0;0;0;0;0;0;0;1;0
-*rotatemax;0;0;3;1;0;1;0;1;0
-*sarahbt98;0;0;4;0;0;3;3;0;0
-*thierry_collomb;0;0;0;0;0;0;0;1;0
-*krief_frederic;0;0;1;0;0;0;0;0;0
-*domenicoch25;0;0;0;0;0;0;0;1;0
-*ricardo_zuzarte;0;0;1;0;0;0;0;0;0
-*fatiha_kdm;0;0;0;0;0;1;0;0;0
-*fripouille04;0;0;8;0;0;0;0;2;1
-*beatrice_bb_bzn1;0;1;1;1;0;6;1;2;0
-*joseramon_gonzalez_568;0;0;0;0;0;0;0;0;1
-*oubienencore;1;0;0;0;0;0;0;0;0
-*bennourmohamedali;1;0;0;0;0;0;0;0;0
-*parabole_1;1;0;0;0;0;0;0;0;0
-*hanann_omar;0;1;0;0;0;0;0;0;0
-*fanfanlatulipe_74;1;0;0;0;0;0;0;0;0
-*hemcehemce;1;0;10;0;0;2;3;3;0
-*mariesalcedoo;0;0;0;1;0;0;0;0;0
-*elmadhoun_ahmed;1;0;0;0;0;0;0;0;0
-*ky_krry;1;0;7;1;0;4;1;3;1
-*thegreatreplaiy;0;0;2;1;0;1;0;2;0
-*meyerroger97;1;0;0;0;0;0;0;0;0
-*daniel_gueissaz_tirhazouine;0;0;0;0;0;0;1;0;1
-*mary_ladj;0;0;1;0;0;0;0;0;0
-*eugenie_quib;0;0;1;0;0;1;0;0;0
-*achraf_elk_97;0;0;0;0;0;0;1;0;0
-*gilles_porret;1;0;0;0;0;0;0;0;0
-*cmlajoiedevivre;0;0;0;0;1;2;1;0;4
-*byrbss;0;0;0;0;0;0;0;0;1
-*axcham666;1;0;0;0;1;1;0;0;0
-*eliaskindi;0;0;0;0;0;0;1;0;0
-*asma_benslama_52438;1;0;0;0;0;0;1;0;0
-*lydiamben;0;0;0;0;0;0;0;0;0
-*carolebeckanoui64;0;2;8;0;0;2;0;0;0
-*celsadi1na;0;1;0;0;0;0;0;0;0
-*aenima_x;0;2;1;1;0;3;2;0;0
-*dj_naser;0;0;1;0;0;1;0;0;0
-*geen_soda;0;1;0;0;0;0;0;0;0
-*nadiaesken;0;1;0;1;0;2;1;0;0
-*obisam41;0;1;0;0;0;0;0;0;0
-*tantounap;1;0;0;0;0;0;0;0;0
-*zekalkamel;0;0;1;0;0;0;0;0;0
-*wheyandmecanics;1;7;0;1;0;4;0;1;1
-*snowgrey_93;0;0;2;0;0;0;1;0;0
-*delschakne;0;0;0;0;0;1;0;0;0
-*hubertolivier24;0;0;1;0;0;0;0;0;0
-*c__freymond;0;0;1;0;0;1;1;1;0
-*nadia_ehi;1;0;1;0;0;1;0;0;0
-*rafmai2032;0;1;0;0;0;0;0;0;0
-*thisisabeautifulbeginning;0;0;11;2;0;5;5;7;1
-*brigittetyce;0;1;1;0;0;0;0;0;1
-*fabricezahnd;0;0;1;0;0;0;0;0;0
-*rikerak;0;0;1;0;0;0;1;0;1
-*kawilab;0;0;0;0;0;0;0;1;0
-*marcnucera;3;0;0;0;0;0;0;0;0
-*bataillon_hesitant;0;0;0;0;0;1;0;0;0
-*supernini66;0;0;0;0;0;1;0;0;0
-*nadvk7;1;1;3;0;0;1;0;0;0
-*zeldaeden;0;1;1;0;0;0;0;0;0
-*sarahsroth;0;0;0;0;0;1;0;0;0
-*irmayasandikusuma;0;0;1;0;0;0;0;0;0
-*bestmum905;0;0;0;1;0;0;0;0;0
-*ha_bil_ali;0;0;0;0;0;1;0;0;0
-*beyberenice;0;0;2;0;0;3;7;0;0
-*notinmynameparis;0;0;1;0;0;0;0;0;0
-*bewater85;0;0;0;0;0;0;2;0;1
-*audreyalamy;0;0;0;0;0;0;1;1;3
-*valval1382;1;0;0;0;0;0;0;0;0
-*barrasmoret;1;5;1;2;0;3;3;7;0
-*soham_nath_;0;0;1;0;0;0;1;0;0
-*chil_me_p;0;1;1;0;0;0;3;0;0
-*antoine_mumu;0;1;11;0;0;7;5;2;0
-*yesi_asteorita;1;0;0;0;0;0;0;0;0
-*sandrinefischer7;0;0;1;0;0;0;0;0;0
-*olgaramel;0;7;2;0;2;4;1;3;0
-*beadenoirm;0;0;9;0;0;0;0;1;1
-*anita_meli;1;0;0;0;0;0;0;0;0
-*tharimino;1;0;0;0;0;0;0;0;0
-*jose_martins_10420321;0;1;0;0;0;0;0;0;0
-*hatem_217;0;1;0;0;0;0;0;0;0
-*jo_anna_ss;1;0;2;0;0;1;1;0;0
-*duha93__;2;0;1;0;0;1;1;0;1
-*christine_chabal;0;0;0;0;0;1;0;0;0
-*valeryberger;0;0;0;1;0;0;2;1;0
-*nourietta;0;0;2;0;0;1;0;0;0
-*reperfribourg;1;0;0;0;0;0;0;0;0
-*masri1315;1;0;0;0;0;0;0;0;0
-*faridasb6;0;0;0;0;0;1;0;0;0
-*btsdragon155;1;0;1;0;0;0;1;0;0
-*najahlemilucialain;0;0;6;0;0;0;1;0;0
-*shahr00z25;2;0;0;0;0;0;0;0;0
-*jc_brod;0;0;0;3;0;2;1;0;0
-*dany96660;1;0;0;0;0;0;0;0;0
-*chef_caravane_verte;0;0;1;0;0;1;0;0;0
-*pgl32;0;0;14;1;0;5;2;0;1
-*doodah_tim;1;0;0;0;0;0;0;0;0
-*sarahel1715;2;1;0;0;0;0;0;1;0
-*luc_godard;0;2;0;0;0;3;2;0;1
-*lambertzenon;0;0;1;0;0;0;0;0;0
-*mohamedjalal087;0;0;1;0;0;0;0;0;0
-*fritzschmid14;0;0;0;0;0;1;0;0;0
-*juan1966c;0;0;2;2;0;0;0;0;1
-*issaherrera27;0;0;1;0;0;0;1;0;0
-*danseunivers_ge;1;0;0;0;0;0;0;0;0
-*moiraverso;0;0;2;0;0;0;0;0;0
-*mirjeta_mustafaa;0;0;0;0;0;1;0;1;0
-*odile_roux_1441;0;0;0;0;0;1;0;0;0
-*anna_s_ceramics;1;0;0;0;0;0;0;0;0
-*aless_iolas;0;0;3;1;0;0;0;0;0
-*mela_noch;0;0;0;0;0;0;2;0;0
-*pascalito231159;0;0;1;0;0;0;1;0;1
-*ismahane_a;2;1;0;0;0;1;0;0;0
-*jen_aicha;0;0;0;0;0;0;0;1;0
-*marikesh_inc;0;0;0;0;0;1;0;0;0
-*soniatatoo;0;0;1;0;0;0;0;0;1
-*danilet66;0;0;0;0;0;0;0;1;0
-*9861nawal;0;0;1;0;0;0;0;0;0
-*naisse456;0;0;2;1;1;1;2;0;0
-*xirzatuyghur;0;1;0;1;0;1;0;1;1
-*rashitisherife;0;0;0;0;0;1;1;0;0
-*golden__garlic1995;1;0;0;3;0;0;0;1;1
-*thib_roc;0;0;2;4;0;2;1;4;1
-*swift_enid;1;0;0;0;0;0;0;0;0
-*ginakatri;0;0;2;0;0;0;0;0;0
-*etienax;0;0;1;0;0;0;0;0;0
-*claudemelvyn;1;0;0;0;0;0;0;0;0
-*santa_fe_del_burrito;0;0;0;0;0;1;0;0;0
-*la_terre_e_moi;2;0;1;0;0;0;0;0;0
-*mymclaire;1;0;1;1;0;1;2;0;0
*i_0016;1;8;22;93;1;20;55;14;9
*postComments_223;2;18;96;96;2;32;80;19;12
*postDate_9-10-2025;23;67;238;100;3;68;109;50;37
*commentLikes_133;0;0;1;3;0;0;1;3;1
-*michaelhugon;0;0;0;1;0;1;2;0;0
-*bad_gal_vivi;0;0;0;7;0;2;3;1;1
-*eliot_0x;0;0;0;1;0;1;4;0;0
-*sarcasm_and_chai;0;0;11;22;0;3;11;1;0
-*_missssabdel;1;2;0;1;0;6;4;1;0
-*myra_belle05;0;0;0;1;0;1;1;0;0
-*elle3_141;0;0;0;1;0;5;3;0;0
-*__thewolf__00;0;4;0;0;0;3;1;3;1
-*el_filsdurhone;0;0;3;1;0;13;5;2;3
-*martine_and_me;0;0;7;7;0;0;3;0;1
-*muratjulianalder;0;1;0;1;0;0;0;0;1
-*vanessa_cojocaru;0;2;0;1;0;1;1;2;0
-*lalele_douce_27;0;0;1;0;0;0;1;0;0
-*octopus_sycat;0;0;2;5;0;2;8;2;1
-*mrkobln;0;0;0;1;0;0;0;0;0
-*neiluj1201;0;0;0;1;0;0;0;0;0
-*burgos_adriel;0;0;15;3;0;3;7;2;1
-*focale_rouge;0;0;1;3;0;1;1;1;1
-*dser_dser;0;0;0;3;0;1;0;0;0
-*hussein_fsf;1;0;2;2;0;0;0;0;0
-*lucas__220;0;1;0;3;0;6;1;8;0
-*estelle_trbs;0;0;2;1;0;1;1;1;0
-*theowider;0;0;0;1;0;0;0;0;0
-*critiquepourunavenirmeilleur;0;0;2;1;0;0;0;0;0
*i_0017;6;14;127;4;0;19;28;6;2
*postLikes_6200;9;17;129;4;1;22;29;13;31
*postComments_300;6;14;127;4;0;19;28;6;2
-*lilianeheller;0;1;1;0;0;2;0;0;0
*commentLikes_375;0;0;1;0;0;0;0;0;0
-*sisto____;0;0;0;0;0;0;1;0;0
-*iammariamvd;2;2;0;1;0;1;1;0;0
-*mickaelrochat;0;0;0;0;0;1;0;0;0
-*alain2_6;0;0;3;0;0;2;2;0;0
-*alcatats_tattoo;0;0;1;0;0;0;0;0;0
-*ninis_idri;0;0;6;0;0;1;4;0;0
*commentLikes_275;0;0;1;0;0;0;1;2;0
-*pt_sss;0;1;1;0;0;0;0;0;1
-*pierrebroquet;0;1;0;0;0;0;0;0;0
-*carolinemailly;0;0;1;0;0;0;0;0;0
-*camsduf;0;0;4;0;0;1;0;0;0
-*leanatbt;0;0;1;0;1;0;0;2;0
-*__normatif__;0;0;6;2;0;4;4;1;0
-*_lou_za_;0;0;1;0;0;0;0;0;0
*commentLikes_135;0;1;2;0;0;0;0;1;0
-*atk_antoine;0;0;1;0;0;0;0;0;0
-*zoe_sch_25;0;0;1;0;0;2;0;0;0
-*popal_bahar;1;0;0;0;0;0;1;0;0
-*sey_lulu;0;0;1;0;0;0;0;0;0
-*imjustcalledlou;0;0;1;0;0;0;0;0;0
-*aelaravox;0;0;14;1;0;3;1;0;0
-*1907elturco;0;0;0;0;0;0;0;0;0
-*haci_kabayel;0;0;0;0;0;1;0;0;0
*commentLikes_168;0;0;1;1;0;0;1;0;1
-*kelly_amil;0;0;2;0;0;1;0;1;0
-*virgi__1984;0;0;4;0;0;0;0;0;0
-*gwencopea;0;0;0;0;0;0;1;0;0
-*maxi_ma_99;0;0;1;1;0;0;0;0;0
-*lgratierdestl;1;1;9;3;0;12;8;15;0
-*g_a_caruso;0;0;2;0;0;0;0;0;0
-*funkpix;0;0;4;0;0;1;0;1;0
-*jlnbnch1;0;0;2;0;0;0;2;0;0
-*matt_frifri;0;1;2;0;0;7;5;0;1
-*ninj_3682;0;0;1;0;0;0;0;0;0
-*cheldossantos;0;0;4;0;0;0;0;0;0
-*julien_dafflon;0;0;2;0;0;0;2;0;0
-*alex_morais86;1;0;1;0;0;0;0;0;0
-*restefanyc;0;0;2;0;0;0;1;0;0
-*__aarxn__;0;0;1;0;0;1;0;0;0
-*ba1said;0;1;1;1;0;0;0;2;0
-*algeri_palest;2;0;0;0;0;0;0;0;0
-*amy0ur;0;0;0;0;0;0;1;1;0
-*theesuom;1;0;12;13;0;3;5;4;2
-*malitokino_tom;0;0;1;0;0;1;1;0;0
-*mes_bougies_vegetales_by_efya_;0;0;1;0;0;0;0;0;0
-*nadhellz_lauzangeles;2;1;2;2;2;3;2;0;0
-*carochaps69;1;2;0;0;0;0;1;2;2
-*vaaaldrin__;0;0;1;0;0;0;0;1;0
-*mateolesage;0;1;1;0;0;0;0;0;0
-*mysterethedragmonster;0;0;1;0;0;0;1;0;0
-*ecmld;0;1;0;0;0;0;0;1;0
-*edgarportelove;1;0;0;0;0;0;0;0;0
-*aya__b_26;0;1;0;0;0;0;0;0;0
*i_0018;0;1;0;0;0;0;1;0;0
-*fat_event2;0;2;0;0;0;0;1;0;0
*i_0019;0;0;0;0;0;0;1;0;0
*i_0020;1;3;6;0;1;9;5;15;0
-*36_hugo_;0;0;0;0;0;1;0;0;0
-*nn_ao_y;0;0;0;0;1;4;1;1;0
-*pat_artiste_switzerland;0;3;0;0;0;0;0;0;0
-*pierrezaninetti;0;0;1;0;0;0;0;0;0
-*solinarueedi;0;0;0;0;0;0;1;0;0
-*__ben_jam__;0;0;0;0;0;0;0;2;0
-*willoft;0;1;2;0;0;0;0;1;1
-*hadrien_0_7;0;1;0;0;0;0;0;0;0
-*l4r3nc3_r;0;0;0;0;0;0;0;1;0
-*dominiquedevantery;0;0;0;0;0;0;0;1;0
*i_0021;0;1;0;0;0;0;0;0;0
*i_0022;12;27;3;2;1;9;3;7;9
*postLikes_32000;12;27;3;2;1;9;3;7;9
*postComments_123;12;27;3;2;1;9;3;7;9
*postReposts_668;12;27;3;2;1;9;3;7;9
-*mrk_tvii;1;0;0;0;0;0;0;0;0
-*sky_daddy_89;0;1;0;0;0;0;2;0;1
*commentLikes_218;0;1;0;0;0;0;0;0;0
-*shop_vap_e;0;0;0;0;0;0;0;0;1
*commentLikes_206;0;1;0;0;0;0;0;0;0
-*davidmottiertattoo;0;1;0;0;0;0;0;0;0
-*flavienschmid;1;2;0;0;0;0;0;0;0
-*swiss_volvo240;0;0;0;0;0;0;0;1;0
-*rdoricv86;0;0;0;0;0;0;1;2;1
-*mimay_tatifanfan;1;0;0;0;0;1;0;0;0
-*lokyllis;0;1;0;0;0;0;0;0;0
-*isaac_wid;1;0;0;0;0;0;0;0;0
-*ryan_dach;0;0;0;0;0;0;0;0;0
-*asselin_hugo;0;1;0;0;0;0;0;0;0
-*this_guy_cest_moi;0;0;0;0;0;1;0;1;0
-*manny_s_garage;0;0;0;0;0;1;0;0;1
-*severine_ruffieux;0;2;0;0;0;1;1;0;0
-*scarpitt836;0;0;0;0;0;0;0;0;1
-*high_tito;0;1;1;1;0;1;1;1;0
-*majila18k;0;2;1;0;0;4;0;0;0
-*matteo_c_47;0;0;0;1;0;1;0;0;1
-*dodo_wo1;0;0;0;0;0;1;0;0;0
-*raveswan;0;1;0;0;0;0;0;0;0
-*axowpower;0;1;0;0;0;0;0;0;0
-*mathieuphotoo;0;1;0;0;0;0;0;0;0
-*zaklemak;0;1;1;0;0;0;0;0;1
*commentLikes_1,458;0;1;0;0;0;0;0;0;0
-*loic_francescato;0;1;0;0;0;0;0;0;0
-*fr3d0d0;0;1;0;0;0;0;0;0;0
-*damtbr;0;1;0;0;0;0;0;0;0
-*_piki_28;0;0;0;0;0;0;1;0;0
-*arrmeendd;1;0;1;3;1;0;2;1;0
-*andy_vanderstrudel;0;0;1;0;0;0;1;0;0
*commentDate_9-11-2025;12;43;50;34;2;123;133;49;62
-*madein_geneve;0;0;0;0;0;1;0;0;0
-*ninovui;0;0;1;0;0;0;0;0;0
-*flowhestia;0;0;0;0;0;0;1;0;0
-*dimart76;1;0;0;0;0;0;0;0;0
-*bmana_evo;1;0;0;0;0;0;0;0;0
-*maman_muscle;0;0;0;0;0;1;0;0;0
-*rbeautytime;2;0;0;0;0;0;0;0;0
-*raven_9743;0;1;0;0;0;0;0;0;0
-*madelrociosg;0;0;0;0;0;0;0;1;0
-*multizack_;0;0;0;0;0;1;0;0;0
-*didou_futura;0;0;0;0;0;0;0;0;0
-*rvchido_ch31;0;0;0;0;1;2;0;1;0
-*alexis_frts;0;1;0;0;0;0;0;0;0
-*olj004;0;1;0;0;0;0;0;0;0
-*g_ppns;0;0;0;0;0;1;0;0;0
-*georgefloodhunt;0;0;1;0;0;0;0;0;0
-*alicia_gantes;0;1;0;0;0;0;0;0;0
-*krg_i001;0;0;0;0;0;1;0;0;0
-*collins_mh;2;0;0;0;0;0;0;0;0
*i_0023;3;11;80;1;0;8;15;7;4
*postLikes_7100;3;11;80;1;0;8;15;7;4
*postComments_183;5;50;80;3;0;65;37;17;10
*postReposts_73;18;37;84;2;1;57;116;21;9
*commentLikes_385;0;0;1;0;0;0;0;0;0
-*madeinlily;1;0;6;0;0;2;1;0;0
-*iannisblank;0;1;12;3;3;8;5;1;1
-*dodii_poetry;0;2;0;0;0;3;1;1;0
*commentLikes_235;0;0;1;0;0;0;1;1;0
-*ajnur_kerimi;0;0;2;0;0;1;0;1;0
-*titus_the_first;0;0;0;0;0;1;0;0;0
-*martasbackstage;0;0;3;1;0;0;0;0;0
-*francoise_bridel;0;1;0;0;0;0;0;0;0
-*maserati_m17;0;0;0;0;0;0;1;0;0
-*lyymtt;0;0;2;0;0;0;0;0;0
*commentLikes_93;1;0;3;0;0;2;3;1;1
-*_gvastreetlens_;0;0;1;0;0;0;0;0;0
-*magda_lsne;1;0;1;1;0;0;0;0;0
-*yorda_nos;1;0;0;0;0;0;2;1;0
-*1marichl;0;10;10;0;0;3;2;0;1
-*sssaaaammmmm___;0;0;1;0;0;0;0;0;0
-*yapine;1;0;0;0;0;1;0;0;0
-*hanatanjawya;0;0;1;0;0;0;0;0;0
-*radumkada;0;0;5;0;0;1;1;0;0
-*ookpikapu_chat;0;1;1;0;0;2;0;1;0
-*tanya_lthn;0;0;1;0;0;0;1;0;0
-*hszglock_;0;0;1;0;0;0;0;0;0
-*nicko_brn;0;0;1;0;0;1;1;0;0
-*saveeuropenow;0;0;0;1;0;0;0;0;0
-*momorientes__;0;0;0;0;0;0;1;0;0
-*v_bernhard;0;0;0;0;0;0;0;0;1
-*lacombe3280;0;0;1;0;0;1;0;1;0
-*imaxhack;0;0;2;3;0;1;3;2;0
-*93_dams;0;1;0;0;0;0;0;0;0
-*laubstair;0;1;2;0;0;3;2;1;2
-*nebil_aa;0;0;1;0;0;0;0;0;0
-*stellavserra;0;0;2;0;0;0;0;0;0
-*le_versa01;0;1;4;0;0;0;1;2;1
-*jeanluc_barras_79;0;0;8;0;1;0;2;0;0
-*le_dimanche_midi;0;0;1;0;0;0;0;0;0
-*jd_eth;0;0;0;0;0;0;0;0;1
-*nini_gui;0;0;0;0;0;0;0;1;0
-*didsbgr11;0;0;2;0;0;0;0;0;0
-*queen_ve6;0;0;0;0;0;1;0;0;0
-*cep_epfl;0;0;2;0;0;0;0;0;0
*i_0024;0;2;0;0;0;1;1;1;3
-*oldlens_24;0;0;0;0;0;1;1;1;0
-*camilaselection;0;1;0;0;0;0;0;0;0
-*melmei_p;0;0;0;0;0;0;0;0;1
*i_0025;0;0;0;0;0;2;0;0;10
*postLikes_987;0;0;0;0;0;2;0;0;10
-*valhey82;0;1;0;0;0;0;0;0;3
-*cristos_rdz;2;0;1;1;0;0;0;0;2
-*agri_ferrage;0;0;0;0;0;0;0;0;2
-*isafun76;0;0;0;0;0;0;0;0;1
*i_0026;2;24;2;0;1;2;3;1;2
*postLikes_17800;2;24;2;0;1;2;3;1;2
*postReposts_118;13;24;2;0;2;3;4;3;2
*postDate_10-10-2025;36;144;140;10;9;114;139;171;115
-*dominique_rouge;0;0;0;0;1;0;0;0;0
-*philippeboissonnas;0;1;0;0;0;0;0;0;0
*commentLikes_110;0;1;1;1;0;1;1;2;1
-*sacha_turbosnail;0;1;1;0;0;0;0;3;3
-*robfowler21;0;1;0;0;0;0;0;0;0
-*phiben68;0;1;0;0;0;0;1;0;0
-*jvinterpreter;0;1;0;0;0;0;0;0;0
-*lacrimis_ex_inferno;0;1;1;0;0;0;1;0;1
-*gre_nadine__;0;0;0;0;0;3;0;0;1
-*tristanbx25;0;1;0;0;0;0;0;0;0
-*supersaxo_official;0;1;0;0;0;0;1;0;1
-*flowgirl_gnv;0;1;0;0;0;0;0;0;0
-*florikent;0;1;0;0;0;0;0;0;0
-*maxime_vecchia;0;1;0;0;0;0;0;0;0
-*julia_diwenygomez;1;0;0;0;0;0;0;0;0
-*oceane12110;0;1;0;0;0;0;0;0;0
-*laubruss;0;1;0;0;0;0;0;0;0
*i_0027;2;0;1;0;1;1;0;1;2
*postLikes_6800;20;45;55;5;10;368;119;132;43
-*cfpae_soutien_scolaire;1;0;0;0;0;0;0;0;0
-*igrandne;1;0;0;0;0;0;0;0;0
-*taranehfc;0;0;1;0;0;1;1;1;0
-*udonramensoba_;0;0;0;0;1;0;0;0;0
-*sam_amuz;0;1;0;0;0;0;0;1;0
-*virduun;0;0;0;0;0;1;0;0;0
-*dami1stagram;0;0;0;0;0;0;0;0;1
-*rob1galoo;2;1;7;6;0;2;5;4;1
*i_0028;7;27;2;2;2;15;14;50;4
*postComments_167;7;27;2;2;2;15;14;50;4
*commentLikes_390;0;0;0;0;0;0;0;0;0
-*thomasfelix_photography;1;0;0;0;0;1;0;0;0
-*cut_coiffure;0;0;0;0;0;0;0;0;0
-*jessica_awuah;0;2;0;0;0;0;1;1;0
-*lucssmxlo;0;0;0;0;0;2;0;1;0
-*idee3000;0;0;0;0;0;0;0;1;0
*commentLikes_379;0;0;0;0;0;1;0;0;0
-*yass_sensei;0;0;0;0;0;1;1;0;0
-*kb10_gh;0;0;0;1;0;0;1;1;1
-*__its_alexandra;0;1;0;0;0;1;0;0;0
-*miche901;0;3;1;0;0;0;2;0;0
-*thaidecoded;0;0;0;0;0;0;0;1;0
-*henryhphotography;0;0;0;0;0;2;1;0;0
-*le_studio_3d;0;1;0;0;0;0;0;1;0
-*lena_m_mou;0;0;0;0;0;0;0;1;0
-*_nilsaa;0;1;0;0;0;0;0;0;0
-*le_crochet_de_lune;0;1;0;0;0;2;1;0;3
-*eyesfood;0;0;0;0;0;2;2;1;0
-*himeko_tokyo;0;0;0;0;0;0;0;0;0
*commentLikes_142;0;2;0;0;0;2;0;1;0
-*diogo_tvs;0;0;0;0;0;0;1;1;0
-*gabrito_02;0;0;0;0;0;3;5;1;1
-*trikst_;0;0;1;0;1;4;0;3;0
-*pastrytomtom;0;0;0;0;0;1;1;0;1
-*spotter_ferroviaire;0;1;0;1;0;1;0;2;0
-*ahmadyns;0;0;0;0;0;0;1;1;0
*commentLikes_202;0;0;1;0;0;0;0;1;0
-*gael_offner;0;1;0;0;0;0;0;0;0
-*lemon_quest_;0;1;0;0;0;2;1;0;2
-*holyboy_b;0;0;0;0;0;1;0;0;0
-*celia_chavaz;0;0;0;0;0;1;0;0;0
-*goustous;0;1;1;0;0;0;1;0;0
-*elieursels;1;0;0;0;0;1;0;1;0
-*princessriita;0;1;0;0;0;0;0;0;0
-*albatardandros;0;0;1;0;1;1;0;1;0
-*moeyve;0;0;0;0;0;0;0;1;0
-*ju_lie_bublz;0;0;0;0;0;0;2;0;0
-*stony_bsi;0;0;0;0;0;0;0;1;0
-*stan_abt;0;1;0;0;0;0;0;2;0
-*luzdelalma___;0;0;0;0;0;0;0;1;0
-*robisbombu;0;0;0;0;0;0;0;1;0
-*fafayx22;0;1;1;0;0;0;0;1;0
-*rickyy__flow;0;0;0;0;0;1;0;0;0
-*vincent_menetrey;0;0;0;0;0;0;0;0;0
-*leotrim_kli;0;0;2;1;0;3;4;1;0
-*purple_yd;0;0;0;0;0;0;0;0;0
-*_ache_j;0;1;0;0;0;0;1;2;1
-*scursio;2;0;0;0;0;0;2;4;0
-*dafonsecamarco;0;0;0;0;0;0;0;0;0
-*najibmad22;0;3;0;0;0;5;2;2;0
-*laet_soulwaves;0;1;0;0;0;0;0;0;0
-*diegobazaglia;0;1;1;0;0;0;0;0;0
-*karinecolella;1;4;0;1;0;3;1;2;3
-*quentin_v1;0;0;0;0;0;0;0;2;0
-*dianiha16;0;2;0;1;0;0;0;0;0
-*phnx17__;0;1;0;0;0;0;0;0;0
-*kbl73;0;0;0;0;0;0;0;1;0
-*newsactusetmiss;0;0;0;0;0;0;0;1;0
-*tangana_es;0;0;1;0;0;0;0;0;0
-*dudenesssss;0;0;0;0;0;0;0;1;0
*i_0029;1;2;1;0;0;3;6;55;13
*postLikes_2000;17;18;5;1;2;60;65;83;55
-*sophiedelaloye;1;0;0;0;0;0;0;0;0
-*drcs_98;0;0;0;0;0;1;1;7;2
-*white_m140i_f21;0;1;0;0;0;0;0;0;1
-*_samloureiro;0;0;0;0;0;1;1;27;4
-*beto_dias30;0;0;0;0;0;0;4;18;7
-*ks_kujta;0;1;2;1;0;8;0;4;0
-*assurance_sante_suisseromande;0;2;0;0;0;3;0;7;2
*i_0030;8;21;62;0;0;11;40;11;2
*postLikes_13000;8;21;62;0;0;11;40;11;2
*postComments_247;8;21;62;0;0;11;40;11;2
-*nath_ferrazzini;1;0;0;0;0;0;0;0;0
-*sabrybsb;0;0;1;0;0;0;0;0;0
-*ch_newage;0;1;0;0;0;0;1;1;0
-*taiebkali;0;0;3;0;0;0;0;0;0
-*australiemurteira;0;0;2;0;0;0;0;0;0
-*alisinaci;0;0;2;0;0;0;0;2;0
-*mero_uno;0;2;3;0;1;1;2;1;2
*commentLikes_91;0;1;3;2;0;1;2;0;0
-*artur_vfs;0;0;0;0;0;0;2;0;0
*commentLikes_262;0;0;0;0;0;1;0;1;0
-*miss_tricote;0;0;0;0;0;2;0;0;0
-*jpp_pls;1;0;1;6;0;7;5;3;0
-*lembouteilleur;0;0;2;0;0;0;0;0;0
-*creatorpixs;0;1;0;0;0;0;0;0;0
-*mollylebeagle;0;0;1;0;0;0;0;0;0
-*malta_hajja;0;0;0;0;0;0;0;1;0
-*un_autre_moi;0;0;0;0;0;1;0;0;0
-*valh_75;0;1;0;0;0;1;0;1;0
-*d_hatun_sankaynagi;0;1;0;0;0;0;0;1;0
-*gabytopia;0;0;1;0;0;0;0;0;0
-*erictorregarcia;0;0;3;0;0;0;3;0;0
-*santhielen;0;0;0;0;0;0;1;0;0
-*ismawelzzz;0;0;0;0;0;0;1;0;0
-*thvult;0;0;1;0;0;0;1;1;0
-*mathias_domahidy;0;0;0;0;0;0;1;0;0
-*rebechantal;0;0;0;0;0;0;3;1;0
-*pyromanesco;0;0;0;0;0;0;1;0;0
-*marie_wry;0;0;1;0;0;0;0;0;0
-*denis_fournier;0;0;0;0;0;0;1;0;0
-*camarade_cb;0;0;3;0;0;1;1;1;0
-*gapch96;0;0;1;0;0;0;0;0;0
-*daverichard68t;0;0;1;0;0;2;2;0;0
-*diffda;0;0;0;0;0;0;1;0;0
-*valentinelarici;0;0;1;0;0;0;0;0;0
-*foxdemajorelle;0;0;1;0;0;0;2;0;2
-*romdub72;0;0;1;0;0;0;0;0;0
-*chadlia_g;0;0;3;0;2;2;0;0;0
-*catarina_20;0;1;0;0;0;0;1;0;0
-*onelovevgd;0;0;1;0;0;2;3;1;1
-*patricesaintaubin;0;0;0;0;0;0;0;0;0
-*mihai_andreoiu;0;0;1;0;0;0;0;0;0
-*mimichakood;0;0;1;0;0;0;0;0;0
-*safranyjeandenis;0;0;0;0;0;1;0;0;0
*commentLikes_247;0;0;0;0;0;0;1;0;0
-*schwitzoo;0;1;0;0;0;0;0;0;0
-*michael_roman_josef_john;0;0;1;0;0;0;0;0;0
*commentDate_18-10-2025;18;33;77;90;6;91;109;42;63
-*gislainw;0;0;0;0;0;0;1;0;1
-*mdk_diallo;0;0;1;0;0;1;0;0;0
-*ibs_so9;0;0;0;0;0;1;1;0;0
-*djoolmoe;0;0;0;0;0;0;0;0;0
-*esteban_pti09;0;1;0;0;0;1;0;0;0
-*leo_track;0;0;1;0;0;5;2;1;0
-*ramellisacha;0;0;1;0;0;0;0;0;0
-*bebebtzy;0;0;1;0;0;0;0;0;0
-*_hueseyinsta_;0;2;3;0;0;2;2;0;0
-*viviana_valverdem;1;0;0;0;0;0;0;0;0
-*akirabata_;0;0;0;0;0;0;1;0;0
-*niederhauser_marcel;0;0;1;0;0;0;0;0;0
-*jm_tacchini;2;0;1;0;0;3;6;2;5
-*jojoinside;1;0;0;0;0;0;0;0;0
-*stankey_lubrik;0;0;1;0;0;0;0;0;1
-*fabricegev;1;0;0;0;0;0;0;0;0
-*bneresoff;1;0;0;0;0;0;1;0;0
-*kraap0;0;0;0;0;0;2;0;0;0
-*rockaetano;2;0;2;0;0;2;1;0;1
-*soul_zurcher;0;1;1;0;0;0;0;0;0
-*cedric_schlatter;0;1;0;0;0;7;0;3;2
-*yopitralala;0;0;0;0;0;2;0;1;0
-*oscarnetolorenco;1;0;0;0;0;0;0;0;0
-*elisabetwitz26;1;0;0;0;0;0;0;0;0
-*la_laradiax;0;0;0;1;0;4;0;0;0
-*silk_san_touche_a_tout;0;0;0;0;0;0;1;0;0
-*kevin_bigler;0;1;0;0;0;0;0;0;0
-*reza_kah_kesh;0;1;5;0;0;0;2;0;0
-*mystherbe;0;0;0;0;0;0;0;0;0
*i_0031;2;2;0;0;1;5;2;2;3
*postComments_56;12;18;25;0;2;34;19;4;7
-*durusselyves;0;0;0;0;0;0;0;0;1
-*ba_mountains;1;0;0;0;0;1;0;0;0
-*cherout85;1;0;0;0;0;0;0;0;0
-*jyretinn;0;0;0;0;0;1;0;0;0
-*sebsy1978;0;0;0;0;0;1;1;1;0
-*oko_7p;0;0;0;0;0;0;0;1;0
-*awetom;0;0;0;0;0;1;0;0;0
-*jacqueslesquereux;0;0;0;0;1;0;0;0;0
-*raphael860722;0;1;0;0;0;0;0;0;1
-*siber1812;0;0;0;0;0;0;1;0;0
-*singularis;0;0;0;0;0;1;0;0;0
-*davetchristian;0;1;0;0;0;0;0;0;0
-*cyrillebindler;0;0;0;0;0;0;0;0;0
-*lucge25;0;0;0;0;0;0;0;0;0
*i_0032;5;4;55;4;2;19;17;6;4
*postLikes_12900;5;4;55;4;2;19;17;6;4
*postComments_175;5;4;55;4;2;19;17;6;4
-*delphineregamey;1;1;0;0;0;0;0;1;1
-*memes_du_leman;0;0;1;7;0;4;3;3;1
-*noah_puerari;0;0;2;3;0;0;5;1;0
-*rainfox77;0;1;1;0;0;2;3;0;0
-*jeliah_so;0;0;0;0;0;0;0;1;0
-*lezogg;0;1;3;0;0;0;0;0;0
-*ismail_zark;1;0;1;0;0;0;0;0;1
-*meriem_daoues;1;0;1;0;0;0;1;0;0
-*tibault_blndl;0;1;2;1;0;4;1;11;3
-*cacl_suisse;0;2;2;0;0;1;2;2;1
-*daubethrone;0;0;0;1;0;2;0;0;0
-*sahin__mk;0;0;1;0;0;1;0;0;0
-*sarastafari1;0;0;2;0;0;2;5;0;1
-*jessy_di81;0;0;1;0;0;0;1;0;0
-*aminoush_world;1;0;1;0;0;1;1;0;0
-*cellierfrancine;0;2;0;0;0;0;0;0;0
-*soltane_9;0;0;1;0;0;0;0;0;0
-*eveil_en_mots;0;0;1;0;0;0;0;0;0
-*yxwwlh;0;0;0;0;0;1;0;0;0
-*__dlaaj;0;0;1;0;0;0;0;0;0
-*pemselpatricia;0;0;0;0;0;2;0;2;0
-*uyum_carnet_de_voyage;1;0;0;0;0;0;0;0;0
*i_0033;1;6;0;0;0;1;2;0;14
*postReposts_54;1;6;0;0;0;1;2;0;14
-*dxrixne_;0;0;1;1;0;4;0;2;22
-*mes_petits_pieds_;1;0;0;0;0;0;0;0;0
-*shanasibylle;0;0;0;0;0;0;0;0;0
-*sachaderaemy;0;3;0;0;0;0;1;4;2
*commentLikes_151;0;0;1;1;0;0;1;1;1
-*alex25300;0;0;0;0;0;0;0;0;1
-*arthur_gvn02;0;1;0;0;0;0;0;0;0
-*maso_sbrinz;0;0;0;0;1;0;0;0;1
*i_0034;0;3;9;0;1;13;7;1;0
-*charlie__ween;0;0;1;2;0;3;2;0;1
-*mais_tu_dis_nimp;0;0;1;0;0;2;0;0;0
-*brasmichael;0;0;1;6;0;4;6;4;1
-*rulia_w;0;0;1;0;0;0;0;0;0
-*dana_ephotographie;1;2;2;3;0;6;9;3;5
-*ddynightshdd;0;1;1;1;0;5;16;0;1
-*thetravelingyara;0;0;1;0;0;0;0;0;0
-*greundza61;0;0;0;0;0;0;0;0;0
-*patos1054;0;0;0;0;0;0;0;0;0
-*peha_off;0;0;0;0;0;3;1;0;0
-*_tec_photos_;0;0;1;0;0;2;0;1;1
*i_0035;3;13;1;1;1;8;19;13;46
*postComments_134;3;13;1;1;1;8;19;13;46
-*louis___ott;0;1;0;0;0;0;2;1;6
-*nsilulu_pnz;1;1;3;0;0;1;0;1;0
-*nathanadoula;0;0;0;0;0;0;0;0;1
*commentDate_21-10-2025;24;62;91;15;8;133;173;186;141
-*keke_2382;0;0;0;0;0;0;2;0;2
-*syssicrivellin;0;0;0;0;0;0;0;0;3
-*o_elvetos;0;2;0;0;0;0;0;0;1
-*sir_raffa_;1;3;3;2;0;5;6;5;0
-*carlhenc;0;0;0;0;0;0;1;1;0
-*pasquinel48;0;0;0;0;0;0;1;0;0
-*geminix___;0;1;0;0;0;0;0;0;1
-*estelle_sp26;0;0;0;0;0;0;2;0;0
-*steeeephane;0;0;0;0;0;0;0;1;0
-*cram_mra;0;0;0;0;0;1;0;0;1
-*francamadioni;0;0;0;0;0;0;0;1;1
-*covoiturage_suisse;0;1;0;0;0;0;0;0;0
-*ellaprzso;0;1;0;0;0;0;0;0;0
*commentLikes_205;0;0;1;0;0;1;0;0;1
-*seb_babass;0;0;0;0;0;0;0;0;1
*commentLikes_129;1;0;0;2;0;1;1;1;2
-*gianni_aly;0;0;0;1;0;0;2;1;2
-*maher_est_la;0;0;0;0;0;0;1;0;1
-*s_a_l_a_z_a_r_t_h_e_t_i_m_e_r;0;5;2;1;0;10;9;0;5
-*cinemotion1981;0;0;0;0;0;1;0;0;2
-*mlfr87;0;1;0;0;0;0;0;0;0
-*kylxyz222;0;0;0;0;0;1;0;0;0
*commentDate_8-11-2025;12;34;35;17;5;116;101;71;81
-*guibentif;0;1;0;0;0;0;0;0;1
-*chicca_italiana;0;0;0;0;0;0;0;1;4
-*_zombie_ande;0;0;1;0;0;0;0;0;2
*i_0036;0;3;1;0;0;12;5;2;0
*postComments_33;9;24;2;3;1;21;26;13;16
-*sachablcv;0;0;1;0;0;0;0;0;0
-*coonpetitparadis;0;0;0;0;0;1;0;0;0
-*kapumascarade20;0;0;10;2;0;15;18;3;0
-*lilswag4ever;0;0;0;0;0;2;1;0;0
-*walouzzz;0;0;0;0;0;0;1;1;0
*i_0037;0;5;0;0;0;5;7;20;19
*postComments_66;27;44;8;1;5;90;65;53;29
-*fanny_tobia;0;0;0;0;0;0;2;1;0
-*marieclaudedunand;0;0;0;0;0;0;0;2;0
-*schwab8457;0;1;0;0;0;0;1;0;1
-*ethi_18;0;0;0;0;0;1;0;0;0
-*808martini808;0;0;0;0;0;0;0;0;1
-*billine74;0;0;0;0;0;0;0;0;1
-*emilie_blabla;0;0;0;0;0;0;0;0;1
-*yuiki_takahashi;0;0;0;0;0;1;0;1;3
-*sylvain_anselm;0;0;1;0;0;1;0;0;0
-*nanou_on_earth;0;0;0;0;0;0;0;1;0
-*celia_amh;0;0;0;0;0;0;0;1;0
-*a_q_a_n_a;0;0;0;0;0;0;0;1;0
-*thn3f;0;0;0;0;0;0;0;1;0
-*blerimkicaj;0;1;0;0;0;1;0;2;0
-*celine_bel_31;0;0;0;0;0;0;0;1;0
-*olivier_thomas;0;1;0;0;0;0;2;0;1
-*yoguybzh;0;1;2;0;0;2;2;2;1
-*candycontet;0;0;0;0;0;0;0;1;0
-*thewindpushme;0;0;0;0;0;0;0;0;1
-*natashaupsdale;0;0;0;0;0;0;0;0;1
-*laurecaisso_institut;0;1;0;0;0;0;0;0;0
*i_0038;5;34;6;3;0;19;17;9;6
*postComments_169;5;34;6;3;0;19;17;9;6
-*stef_fay1;0;1;0;0;0;0;0;0;1
*commentLikes_282;0;0;0;0;0;1;0;1;0
-*cooperstellar;4;0;0;0;0;0;0;0;0
-*_dabwoy_;0;0;0;0;0;1;1;1;0
*commentLikes_471;0;0;0;0;0;1;0;0;0
-*philippe_p__;0;0;0;0;0;3;1;2;3
*commentLikes_184;0;0;2;0;0;0;1;1;0
-*adrien_thuillard;0;0;1;0;0;0;0;0;0
-*b_r_o_d_d_g_o_l_t_u_r;0;1;0;0;0;0;1;0;0
-*vincentarlettaz;0;0;0;0;0;0;0;1;0
-*steveasus;0;0;1;0;0;0;0;1;0
-*will_on_the_go;0;0;0;0;0;0;2;0;1
-*toutankanouk;0;0;0;0;0;1;0;0;0
-*paulinho_blv;0;0;0;0;0;0;0;1;0
-*descombesellen;2;2;0;0;0;0;0;0;0
-*charloudrz;0;0;0;0;0;0;0;0;0
-*j0j0_15;0;0;0;0;0;0;0;0;1
-*monsieur_zed;0;0;0;0;0;0;0;1;0
-*jeremy_mcl15;0;0;0;0;0;1;0;0;0
*commentLikes_132;0;0;1;0;0;1;0;0;1
-*patrickducharlet;0;0;0;0;0;1;0;0;0
-*paticorepond;1;1;0;0;0;0;0;0;0
-*cuberadiateur;0;0;0;0;0;0;1;0;0
-*_cy_bele;0;0;0;0;0;0;1;0;0
-*mailissk;0;1;0;0;0;0;0;0;0
-*dodo_pedalo;0;1;0;0;0;0;1;0;0
-*yz_zy_yz_zy;0;0;0;1;0;0;0;0;0
-*besart12;0;2;1;0;0;0;1;2;1
-*hameza748;0;1;0;0;0;0;0;0;0
-*_one_illyrian_;0;1;0;0;0;0;0;0;0
-*sympapique;0;1;0;0;0;0;0;0;0
-*loicgouzerh;0;2;0;0;0;1;0;0;0
-*loulou_mil_9;0;1;1;0;0;3;0;1;0
-*lwiisendelly;1;0;0;0;0;0;0;1;0
-*creation__suzanne;0;1;0;0;0;0;0;0;0
-*gambas2pik;0;1;0;0;0;0;1;0;0
-*my_queer_eyes;0;1;0;0;0;0;0;0;1
-*pillonelyves;0;0;0;0;0;0;1;0;0
-*lachicademadrid;0;0;0;0;0;0;0;0;0
-*miss_lune_et_volute;0;1;0;0;0;0;0;0;0
-*magoojc;0;0;0;0;0;0;0;0;0
-*jeromelqhc;0;2;0;0;0;0;0;0;0
*i_0039;16;1;21;3;1;15;12;6;1
*postComments_142;16;1;21;3;1;15;12;6;1
*postReposts_198;16;1;21;3;1;15;12;6;1
*postDate_11-10-2025;77;114;329;85;11;328;225;105;36
-*yas_rsi;1;0;0;0;0;0;0;0;0
-*princessegender_fuck;0;0;0;0;0;1;0;0;0
-*gaelle_angela;1;0;0;0;0;0;0;0;0
-*josianedias2006;1;0;4;0;0;0;1;0;0
-*charlotteamalia;0;0;1;0;0;0;0;0;0
-*adel1coi;1;0;0;0;0;1;0;0;0
-*j____essi;2;0;0;0;0;0;2;0;0
-*el_yasmiiiine;0;0;4;1;1;5;0;2;1
-*gaz_rej;0;0;1;0;0;0;0;0;0
-*celine_g2222;0;0;1;0;0;0;0;0;0
-*orosjean67;0;0;15;1;0;2;5;0;0
-*coquetteeeee;0;0;5;0;0;0;4;1;0
-*awesome_and_smart;0;0;4;0;0;0;6;12;0
-*reemuchka;0;0;1;0;0;0;0;0;0
-*syl_vie_88;0;0;0;0;0;0;1;1;0
-*rnabse;1;0;0;0;0;0;0;0;0
-*morgannedem;0;0;0;0;0;1;0;0;0
-*a_m_a_n_t_a;1;0;0;0;0;0;0;0;0
-*marieruchat;1;0;0;0;0;0;0;0;0
-*ginevra_hw;0;1;0;0;0;0;0;1;0
-*sacha_toi_et_moi;1;0;0;0;0;0;0;0;0
*i_0040;0;8;5;1;0;11;6;3;10
-*id_photographe;0;1;0;0;0;1;0;0;1
-*fabiennegindrat;0;0;0;0;0;2;0;2;1
-*monsieur_held;0;0;0;0;0;0;0;0;1
-*tomasbuess;0;0;0;0;0;0;0;0;1
-*bernie_wildish;0;0;0;0;0;0;1;0;0
-*louloumegr;0;0;0;0;0;0;0;0;1
-*dafurx_adams;0;0;0;0;0;0;1;0;0
-*leilaglowfit;0;0;0;0;0;0;0;0;0
-*jozolympic;0;0;0;1;0;0;1;0;0
-*massari_gabrielle;0;1;0;0;0;1;0;0;0
*commentLikes_137;0;0;0;0;0;0;2;1;1
-*nathan_scmc;0;0;0;0;0;0;0;0;0
-*reflexion_and_time;0;0;1;0;1;7;0;8;0
-*jeancedricmichel;0;0;0;0;0;1;0;0;0
-*ayham_almohammad;0;3;0;0;0;1;0;0;1
-*fa333zb;1;0;1;0;0;1;1;2;0
-*ilaa_alfonzo;0;0;1;0;0;0;0;0;0
-*margelischegger;0;0;0;0;0;0;0;0;0
-*eliott_cretton;0;1;0;0;0;0;0;0;0
*i_0041;2;4;0;0;0;3;0;2;0
*postComments_23;12;15;4;4;0;15;18;21;18
-*alexandrebuffat;0;1;0;0;0;0;0;0;0
-*trickpa79_fanpage;0;0;0;0;0;1;0;0;0
-*eric_varone;0;1;0;0;0;0;0;0;0
-*fossouleyy;0;0;0;0;0;1;0;0;0
*i_0042;2;20;5;2;0;41;12;4;7
-*aariciavegane;0;0;0;0;0;1;0;0;0
-*logotues;0;0;0;0;0;0;1;0;0
-*kedicik_ist;0;0;1;1;0;2;0;0;3
-*_lucie_cl_;0;0;0;0;0;0;0;0;0
-*lucas__picard;0;0;0;0;0;8;2;2;3
-*sperczynskimichal;0;0;0;0;0;0;0;2;0
-*adrien__fischer;0;1;0;0;0;0;0;0;0
-*emma_decausse;0;0;0;0;0;1;0;0;0
-*vero_hohoho;1;0;0;0;0;0;0;0;0
-*leilaliloa;1;0;0;0;1;2;1;0;1
-*annemariemikado;0;1;0;0;0;1;0;1;3
-*lizbcf;0;1;0;0;0;0;0;0;0
-*jonathan_lcht;0;3;0;0;0;1;1;0;0
-*nartasopa;0;0;0;0;0;1;0;0;0
-*isabelle_hugues_97;0;0;0;0;0;2;0;0;0
-*elliot_bedoret;0;0;0;0;0;0;0;0;1
-*1ronflam;0;1;0;0;0;1;0;0;2
-*thomas_mo_;0;0;0;0;0;2;2;0;1
-*mathilda_1990yo;0;0;0;0;0;2;0;0;0
-*gva_hector;1;0;0;0;0;0;0;0;0
-*sofnana;0;0;0;0;0;1;0;0;0
-*simo_come_back;0;0;0;0;0;2;0;1;0
-*vicky_devd_;0;0;1;0;0;0;0;0;1
-*galinettecendree88;1;1;0;0;0;1;1;2;2
-*wolfgangbang;0;0;0;1;0;0;0;0;0
-*mgb_17_;0;0;1;0;0;1;1;0;0
-*sanhyhh_breathing;0;0;1;0;0;0;0;0;0
-*_sandra_25;0;1;0;0;0;0;0;0;0
-*at_python;0;0;0;0;0;0;0;0;1
-*lvnt__35;0;1;0;0;0;0;0;0;0
-*casuttstephanie;0;1;0;0;0;0;0;0;0
-*florenceeycken;0;0;0;0;0;0;1;0;0
-*pitchoune76;0;0;1;0;0;0;0;0;0
*i_0043;4;17;14;3;6;155;102;11;4
*postComments_362;6;48;24;5;6;204;150;107;18
*postReposts_116;4;17;14;3;6;155;102;11;4
-*colin_kohlanta;0;0;0;0;0;0;0;1;0
-*neo__ns;0;1;0;0;0;0;0;0;0
-*alanesc;0;0;0;0;0;1;0;0;0
-*hayet_bouaz;0;0;0;0;0;1;1;0;0
-*pinga_zaza;1;0;0;0;0;0;0;0;0
-*winkwink_ch;0;0;0;0;0;2;0;0;0
-*kalou_lou;0;0;0;0;0;0;1;0;0
-*david_ouvidou;0;0;0;0;0;0;1;0;0
*commentLikes_239;0;0;0;0;0;1;4;0;0
-*mrtn_gnm;0;0;0;0;0;2;0;0;1
-*_unplugged318;0;0;0;0;0;1;0;0;0
-*v4len71;0;0;0;0;0;7;3;0;0
*commentLikes_306;0;0;0;0;0;2;0;0;0
-*dono_dove;1;3;0;0;0;1;5;2;0
-*tommendymusic;0;0;0;0;0;0;5;2;1
-*_klw84;0;0;0;0;0;6;0;0;0
-*ticuicui1;0;0;1;0;0;2;0;0;0
-*loukaoch;0;1;0;0;0;0;0;0;0
-*mae_vacarme;0;0;1;0;0;0;0;0;0
-*manou_grz;0;0;0;0;0;0;1;0;0
-*charlotte_la_sorciere;0;1;0;0;1;2;2;3;1
-*vctgtfd;0;0;0;0;0;1;0;0;0
-*un_loris;0;0;0;0;0;3;2;0;3
-*renoarrks;0;0;0;0;0;1;0;0;0
-*juliend725;0;1;1;0;0;2;1;0;1
-*kimtly17;0;0;0;0;0;0;1;2;0
-*phnguy_;0;0;0;0;0;1;0;0;0
-*jordan_gv19;0;0;0;0;0;1;1;0;0
-*k4rm0;0;1;0;0;0;1;0;0;0
-*laurinette03;0;0;0;0;0;1;0;0;0
-*thezaradress;0;0;0;0;0;0;2;0;0
-*emilie_og23;1;0;0;0;0;1;0;0;0
-*mathilde_gtfd;1;0;0;0;0;0;0;0;0
-*lagyge;0;0;0;0;0;1;2;2;0
-*mxmmyr;0;0;0;0;0;0;1;0;0
*commentLikes_112;0;0;1;0;1;2;3;1;2
-*habladoresdulceeees;0;0;0;0;1;0;0;0;0
-*marc_merci;0;0;0;0;0;0;2;0;0
-*cerise4;0;1;0;0;0;1;0;0;0
-*jude_la_normande;0;0;0;0;0;1;3;1;0
-*ristretto_bg;0;0;0;0;0;1;1;0;0
-*deadlifting_foxes;0;0;0;0;0;1;0;0;0
-*charlytrois;0;0;0;0;0;1;1;1;0
-*realswz;0;0;0;0;0;0;2;0;0
-*lenoir_cedric;0;0;0;0;0;1;0;0;0
-*anthony_rlv3;0;0;0;0;1;0;1;0;0
-*manon__0610;1;4;1;0;0;4;2;5;3
-*danielhamdi90;0;0;0;0;0;2;3;1;0
-*leonore_guy;0;0;0;0;0;0;1;1;0
-*hushzerito;0;0;0;0;0;1;0;0;0
-*suphie;0;0;0;0;0;1;0;0;0
-*leon_blanc07;0;0;0;0;0;1;0;0;0
-*maariiia_s;0;0;0;0;0;5;2;0;0
-*peccclerc;0;0;2;0;0;0;2;2;1
-*les_bijoux_de_soazig;0;0;0;0;0;2;0;0;0
-*aurel_fre;0;0;0;2;0;2;0;0;0
-*ponce_corinne;0;0;0;0;0;0;1;0;0
-*john_da_sy;0;0;0;0;0;0;0;0;0
-*weman6791;0;0;0;0;0;0;1;0;0
-*nassim_167;0;0;0;0;0;0;1;0;0
-*vince_ntime;0;0;0;0;0;0;2;0;0
-*dragana_str_;0;0;0;1;0;1;0;0;0
-*razade87;0;0;0;0;0;0;1;0;0
-*yann_diaz_1973;0;1;0;0;0;0;2;1;0
-*f_r_n_k_w_b_r;0;0;0;0;0;0;0;1;0
-*annekelleregamey;0;2;0;0;0;0;0;0;0
-*abigail_chosen_built_crowned;0;0;0;0;1;0;0;0;0
-*lvlordicus;0;0;0;0;0;1;0;0;0
*i_0044;13;50;279;74;4;66;77;19;9
*postComments_756;13;50;279;74;4;66;77;19;9
*postReposts_72;14;54;281;74;4;73;82;21;12
*commentLikes_130;1;0;1;2;0;0;0;0;0
-*znoodelset4;0;0;1;1;0;0;0;0;0
-*w____m;0;0;0;0;0;0;0;0;0
*commentLikes_139;0;0;1;0;0;0;0;0;1
-*val84val;0;0;21;0;0;0;0;0;0
-*matt_air_20;2;2;1;1;1;3;8;0;0
-*malik_horn89;0;1;7;6;0;8;3;3;0
-*israelvibration2025;0;0;1;0;0;1;0;0;0
-*leo_k_i;0;0;0;4;0;2;2;1;0
-*rouleaucompressoeur;0;0;0;1;0;0;0;0;0
-*virginiestouder;0;0;0;0;0;1;0;0;0
-*_nx_xmi;0;0;0;0;0;0;0;0;0
-*frank_studer;0;0;2;1;0;0;1;0;0
-*siad1217;0;0;1;0;0;0;0;0;0
-*leila_chawa;1;2;1;5;0;1;2;0;0
-*la_vie_chez_nous_;0;0;2;2;0;2;1;0;0
-*stoll_samuel;0;0;0;1;0;0;0;0;0
-*tashatte;0;0;0;1;0;0;0;0;0
-*sebpeiry;2;1;1;0;0;0;0;1;0
-*collectifsudglobal;0;0;1;0;0;0;0;0;0
-*cam_ille;0;0;1;0;0;0;0;0;0
-*_amaliachraitim_;0;0;0;0;1;0;0;0;0
*commentLikes_228;0;0;2;0;0;0;0;0;0
-*bdsgeneve;0;0;1;0;0;0;0;0;0
-*ukelomc;0;0;1;0;0;0;0;0;0
-*ca_jouue;0;0;0;0;0;1;0;0;0
-*chiarrr_a;0;0;0;1;0;0;1;0;0
-*kyradev;0;0;0;0;0;0;1;0;0
-*paskclaudialeah;0;1;0;0;0;0;0;0;0
-*gftr003200;0;0;5;0;0;1;0;0;1
-*samsarra1807;0;0;0;0;0;1;0;0;0
-*rousse_willis_;0;0;2;0;0;1;1;0;0
-*fklsppdm;0;0;2;5;0;4;4;2;0
-*nk_msdr;0;0;0;0;0;0;0;1;0
-*virgil_sainto;0;1;0;0;0;2;2;0;0
-*vertkhephren;0;0;1;0;0;0;1;0;0
-*nodddleito;0;1;1;0;0;1;0;0;0
-*dilara_tfr;0;0;3;0;0;0;1;0;0
-*jonas_bangerter__;0;0;2;0;0;0;2;0;0
-*e_i3063;0;0;3;0;0;0;1;0;0
-*rochatelhaouari;0;0;0;0;0;1;0;0;0
-*fa6lea;0;1;13;0;0;2;0;0;0
-*clementgrin;0;0;1;0;0;0;0;0;0
-*ericksondenina;0;0;0;1;0;0;0;0;0
-*jungclemence;0;0;7;4;0;1;3;0;0
-*victor_dawark;0;0;2;3;0;1;0;1;0
-*clem_ault;0;0;0;0;0;0;0;0;0
-*clara_milenov;1;0;4;0;0;0;0;1;0
-*nools_;0;1;0;0;0;0;0;0;0
-*imprimerie_ateliers_a;0;0;0;1;0;0;0;0;0
-*maroi_ch;0;0;1;0;0;0;0;0;0
-*vahid_khoshideh;4;0;16;4;0;4;15;1;2
-*alicepinga;0;0;0;0;0;0;1;0;0
-*norialilt_;0;1;0;0;0;0;1;0;0
-*__coldvale;0;0;0;9;0;2;1;2;1
-*a_altunn;0;0;0;2;0;0;0;0;0
-*rusulita;0;0;0;0;0;0;1;0;0
-*odile_de_r;0;0;1;0;0;3;0;0;0
-*__whoistheo__;0;0;1;0;0;0;0;0;0
-*pop_ouest_lausannois;0;0;1;0;0;0;0;0;0
-*elisaabarone;0;0;0;2;0;0;1;0;0
-*magali_etique_perin;0;0;1;1;0;0;0;0;0
-*fribourg_en_mieux;0;0;0;0;0;0;2;0;0
-*quatermain_623;0;0;13;0;0;2;3;0;0
-*golayroger;0;0;1;0;0;0;0;0;0
-*rozozor;0;0;1;0;0;0;0;0;0
-*jaj8la;0;1;0;0;0;0;0;0;0
-*zevzn2jjb;0;1;5;1;0;3;2;1;0
*commentLikes_254;0;0;3;1;0;1;0;1;0
-*melanie_story_ge;0;0;1;0;0;0;0;0;0
-*sandrinejauch;0;0;1;0;0;0;0;0;0
*commentLikes_231;0;0;0;0;0;1;0;0;1
-*mathilde_constantin;0;0;0;0;0;0;0;0;1
-*carolajackieromero;0;0;0;0;0;0;2;0;0
-*sarah__saib;0;0;0;0;0;0;1;0;0
-*laurent_magnin_35;0;0;0;1;0;0;0;1;0
-*lasht_z;0;2;0;0;0;0;1;0;0
-*selim_7eggani;0;1;0;0;0;0;0;0;0
-*saoussen_ha;0;0;0;1;0;0;0;0;0
-*isl_be;0;1;0;1;0;1;0;1;1
-*edy_fuhr;1;0;2;0;0;0;0;0;0
-*hajermouhajera;0;0;2;0;0;0;0;0;0
-*hveyda;0;0;0;0;0;0;1;0;0
-*terry_mesritz;0;0;1;1;0;0;0;0;0
-*leonie_gttrx;0;0;1;0;0;0;0;0;0
-*pantin_kraitre;0;0;0;0;0;0;0;0;0
-*etoile_sofi;0;0;1;0;0;0;0;0;0
-*_clara_bess_;0;0;0;0;0;0;1;0;0
-*lrmrgr;0;0;0;0;0;3;2;0;0
-*gimijeta;0;0;1;0;0;0;0;0;0
-*ramontxu29;0;1;0;0;0;0;1;0;0
-*a_bertrand85;0;0;1;0;0;0;0;0;0
-*lesamoratiques;0;0;0;0;0;0;1;0;0
-*mira_paolo;1;0;0;0;0;0;0;0;0
-*arctic_night;0;0;10;0;0;0;0;0;0
-*fukkaiken;0;0;1;0;0;0;0;0;0
-*baldi_etienne;0;0;1;0;0;1;0;0;0
-*baba_schaf;0;0;1;2;0;1;4;0;0
-*randouille_;0;0;1;0;0;1;0;1;1
-*palomellohr;0;0;1;0;0;0;0;0;0
-*rikballs;0;0;2;0;0;0;0;0;0
-*leo_kovalove;0;0;0;0;0;1;0;0;0
-*angelo_parigo;0;0;0;1;0;1;0;0;0
-*mer_al_tun;1;0;0;0;0;0;0;0;0
-*rajihamza_1;0;0;1;1;0;0;0;0;0
-*nicolestraubphotography_ch;0;1;0;2;0;1;0;0;0
-*ma_rti_na_22;0;0;0;0;0;2;0;0;0
-*faniaone;0;1;0;0;0;0;0;0;0
-*la_voie_lastee;0;0;0;0;0;0;1;1;0
-*trillionairejeffe;0;0;1;0;0;0;0;0;0
-*so_phie__b;0;0;1;0;0;0;0;0;0
-*esteban__crespo;0;1;0;0;0;0;0;0;0
-*ethan_tbrr;0;0;1;0;0;0;0;1;0
-*yasmchrl;0;0;1;0;0;0;0;0;0
-*barbaras_pb;0;0;0;1;0;0;0;0;0
-*rahul_chwdhr;0;0;5;1;0;2;4;2;0
-*theo1213_;0;0;1;1;0;0;1;0;0
-*maxroteman76;1;1;4;0;2;3;3;2;1
-*linkevofficiel;0;0;2;0;0;0;0;1;0
-*sta_8_2;0;1;1;0;0;0;1;0;0
-*cncx;0;0;2;0;0;0;0;0;0
-*zoe_schild;0;1;0;0;0;1;0;0;0
*i_0045;0;2;0;0;0;11;2;17;0
*postComments_46;9;4;0;0;0;12;2;17;0
*postReposts_132;0;2;0;0;0;11;2;17;0
-*karine_fousson_sophrologue;0;0;1;0;0;2;0;1;0
-*dlslm_123;0;0;1;0;0;3;0;0;0
-*_inesnocas_is;0;0;0;0;0;0;0;1;0
-*mariana__sts;0;0;0;0;0;0;0;2;0
-*niennatelemar;0;0;0;0;0;2;0;2;0
-*la_lionneblanche;0;0;0;0;0;0;0;1;0
-*leubaalain;0;1;0;1;0;2;0;0;0
-*jewel1711;0;0;0;0;0;0;0;1;0
*i_0046;1;2;2;0;0;12;7;36;4
*postComments_69;4;24;2;1;0;20;32;67;29
-*sevinvlog;1;3;0;0;0;1;0;0;0
-*mgroubel;0;0;0;0;0;0;1;1;0
-*kittyliberta;0;0;1;0;0;0;1;0;0
-*kubacik_the_only_one;0;0;0;0;0;0;0;1;0
-*toutunpoeme;0;0;0;0;0;0;0;1;0
-*bryan_popof;0;0;0;0;0;0;0;1;1
-*jovince3;0;0;0;0;0;0;0;2;0
-*k_ane4ka_;0;0;0;0;0;0;0;1;0
-*sullivan_maillard;0;0;0;0;0;0;0;1;0
-*jr_tis93;1;1;0;0;0;0;0;3;0
-*siiana_vibes;0;0;0;0;0;1;0;0;0
-*leasouza2021;0;1;0;0;0;0;0;0;0
*i_0047;0;6;1;1;0;1;3;3;1
-*la_trakas;0;1;0;0;0;0;0;1;1
-*kosmosphaera;0;1;0;0;0;1;1;0;0
*i_0048;9;1;1;0;0;6;0;3;0
-*natacha_farina;0;0;0;0;0;2;1;0;0
-*phil_anhorn;0;0;0;0;0;1;0;0;0
-*celimage29;0;0;1;0;0;0;0;0;0
-*maloul;1;0;0;0;0;0;0;0;0
-*nat_nbach;0;0;0;0;0;1;0;0;0
-*marjjje;1;0;0;0;0;0;0;0;0
-*djdub666;0;0;0;0;0;1;0;0;0
-*nova_jazz;1;0;0;0;0;1;0;2;1
-*axoxo71;0;0;0;0;0;0;0;1;0
-*malickreinhard;1;0;0;0;0;0;0;0;1
-*earlymedievalstonegeek;1;0;0;0;0;0;0;0;0
-*virginieborel;0;0;0;0;0;1;0;0;0
-*ninette_bagnoud;1;0;0;0;0;0;0;0;0
-*idelette2000;0;0;0;0;0;0;0;0;0
*i_0049;30;3;1;1;0;7;4;1;0
*postComments_144;84;11;1;2;0;29;32;165;7
-*giovanni_1201;1;0;0;0;0;0;0;0;0
-*nosignalpat;0;0;0;1;0;0;0;0;0
-*uhlenveronique;1;1;0;0;0;0;0;0;0
-*svemarieg;1;0;0;0;0;0;0;0;0
-*manu_d1969;1;0;0;0;0;0;0;0;0
-*skipperfalco;0;0;0;0;0;0;1;0;0
-*kar_esp;0;0;0;0;0;1;0;0;0
-*lobo_bruna_;1;0;0;0;0;0;0;0;0
-*mariagloriagriess;0;0;2;0;0;0;2;0;0
-*b_b_lag;0;0;0;0;0;1;0;0;0
-*acbergera;1;0;0;0;0;0;0;0;0
-*alice_dcagt;0;0;0;0;0;1;0;0;0
-*othellolemaure87;1;1;0;0;0;0;0;0;0
-*alexguye87;1;0;0;0;0;0;0;0;1
-*cristina_davvet;2;0;0;0;0;0;0;1;0
-*carly_schaf;1;0;0;0;0;0;0;0;0
-*asagalsarita;2;1;1;0;0;0;0;1;0
-*lolotte0000;0;0;0;0;0;1;0;0;0
-*mercedesbrawand;1;0;0;0;0;1;0;1;0
-*anouche_c;0;0;0;0;0;1;0;0;0
-*christelledutruy;1;0;0;0;0;0;0;0;0
-*eb16art;0;0;1;0;0;0;0;1;0
-*francescaruoni;1;0;0;0;0;1;0;0;0
-*cairosuite;0;0;0;0;0;0;1;0;0
-*zendorfino_;1;0;0;0;0;0;0;0;0
-*liloug63;0;0;0;0;0;0;0;1;0
-*evesogny13;0;0;0;0;0;1;0;0;0
-*verena_pernetscheibli;0;0;0;0;0;0;1;0;0
-*muriel_cazes;1;0;0;0;0;0;0;0;0
-*is_abv;1;0;0;0;0;0;0;0;0
-*chicandswiss;1;0;0;0;0;0;0;1;0
-*francislopez09000;1;0;0;0;0;0;0;0;0
-*miss_sissi_58;1;0;0;0;0;0;0;0;0
-*romanloufischer;0;1;0;0;0;0;0;0;0
-*christinavouillamoz_crettenand;0;0;0;0;0;0;0;0;0
-*eveloukoum;1;0;0;0;0;0;0;0;0
*i_0050;0;5;1;0;0;14;7;5;20
*postDate_12-10-2025;30;78;147;228;5;143;127;64;61
-*donovanbernini;0;0;0;0;0;0;0;0;1
-*nathalie_constiaux;0;0;0;0;0;2;0;0;1
-*nikofood_;0;1;0;0;0;0;0;0;0
-*air_jordan94;0;0;0;0;1;0;0;1;3
-*julian_donevsky;0;0;3;0;0;4;1;0;4
-*stephanie_e_kohler_photos;0;0;0;0;0;2;0;0;0
-*emotionlessthought;0;0;0;0;0;0;0;0;2
-*greg_saltwater;0;0;0;0;0;0;0;0;1
-*bluesfolketrock;0;0;0;0;0;4;1;0;1
-*samhead_;0;1;0;0;0;0;2;0;0
-*abeldabear;0;1;2;0;0;0;1;2;3
*i_0051;7;0;0;0;0;0;0;0;0
-*bodyartgeneva;1;0;0;0;0;0;0;0;0
-*kidingingeneva;1;0;0;0;0;0;0;0;0
-*vioanslaine;1;0;0;0;0;0;0;0;0
-*luisacardoso69;1;0;0;0;0;4;0;2;0
-*wielhe;1;0;0;0;0;0;0;0;0
*i_0052;1;0;0;0;2;2;2;1;0
*postLikes_6100;18;6;2;0;2;92;37;33;6
-*t__rexhepi;1;0;0;0;0;0;0;0;0
-*garojeune;0;0;0;0;0;0;1;0;0
-*q_norca;0;1;0;0;1;1;0;0;1
-*kyneils_lenamuroi;1;0;0;0;1;1;0;0;0
-*yll_xheladini;0;1;0;0;0;0;0;1;0
-*dan_abroad23;0;0;0;0;1;0;0;0;0
-*nodeezy;0;0;0;0;0;1;0;0;0
*commentDate_25-10-2025;26;25;13;6;3;86;62;62;69
-*le_magnifique_du_2a;0;0;0;0;1;0;0;0;0
-*mauricio1775;0;1;0;1;0;1;0;1;0
*i_0053;4;4;0;0;0;1;2;1;2
*postLikes_15300;4;4;0;0;0;1;2;1;2
*postReposts_47;12;18;0;1;3;12;35;53;34
-*_nancy_lopes_;0;1;0;0;0;0;0;0;0
-*c_real_06;0;0;0;0;0;0;0;0;1
-*hindalala;0;0;0;0;0;0;0;0;0
-*tiphainedanslemoulin;1;0;0;0;0;0;0;0;0
-*marygyram;0;0;0;0;0;1;0;0;0
-*alx_blad;1;0;0;0;0;0;0;0;0
-*beetle23;0;0;0;0;0;0;1;0;1
-*fabianaspf;0;0;0;0;0;0;0;1;0
-*nya_fsr;0;1;0;0;0;0;0;0;0
*i_0054;2;5;1;0;0;6;9;8;10
-*dimsum_aprh;0;0;0;0;0;0;0;0;1
-*switzerland_photograph;0;0;0;0;0;1;0;2;2
-*cyrille_p_o;0;0;1;0;0;1;0;0;1
-*olivier_reymond;0;0;0;1;0;2;2;7;1
-*major_agv;0;0;0;0;0;0;1;0;0
-*takumi_pictures_co;0;0;0;0;0;0;0;1;0
-*vagabz_;0;1;0;0;0;1;2;0;0
-*humbleacadie;0;0;1;1;0;1;1;27;0
-*instafotofefe;0;0;0;0;0;0;0;2;3
-*mathboblu;0;1;0;0;0;0;1;0;0
-*carole_sophie_;0;0;0;0;0;0;0;0;1
-*mathbu86;0;2;1;3;0;4;1;1;1
-*mimimcsz;0;0;1;0;0;0;0;0;0
*i_0055;14;56;143;228;3;116;98;46;17
*postLikes_9400;40;83;263;237;6;301;169;257;38
*postComments_1100;14;56;143;228;3;116;98;46;17
*postReposts_146;15;66;217;231;4;128;123;51;20
*commentLikes_824;0;0;0;1;0;0;0;0;0
-*axel_r757;0;0;0;0;0;1;0;0;0
*commentLikes_635;0;0;0;1;0;0;0;0;0
-*la_vie_en_jess;0;0;0;1;0;0;0;0;0
-*caplanoscar;0;0;0;0;0;1;0;0;0
-*medopezzi;0;0;0;0;0;0;0;0;1
*commentLikes_178;0;0;0;1;0;0;0;0;0
-*meyre_yanase;0;0;0;2;0;0;0;0;0
-*kyara_8;0;0;0;2;0;0;0;0;0
-*r_a_vvv_e_n_;0;0;0;2;0;0;0;0;0
*commentLikes_389;0;0;0;1;0;0;0;0;0
-*f_r_a_n_c_e_s_c_o_1982;0;3;0;0;0;0;1;0;0
-*_nolhan_g;0;0;0;0;0;0;1;0;0
-*jonpnt158;0;1;2;0;0;0;0;1;0
-*dav___cfa;1;0;0;0;0;0;0;0;0
-*tif_gglrd;0;0;0;1;0;0;0;0;0
-*sebastienberset;1;16;1;2;0;1;3;1;0
-*val_j782;0;1;0;0;0;0;0;0;0
-*christsav4409;0;0;0;1;0;1;0;0;0
-*quentinb_20;0;0;0;1;0;1;0;0;0
-*julia_kurdachenko;0;0;0;1;0;0;0;1;0
-*vivitrenk;0;0;0;0;0;0;0;1;0
*commentLikes_250;0;0;1;0;0;0;0;0;0
-*yahia1018;0;0;2;0;0;0;2;2;0
-*chantalsenn;1;0;1;1;0;2;0;0;0
-*bats_scorpions_and_spiders;0;0;0;3;0;1;0;0;0
-*jofr_mz;0;0;0;1;0;0;0;1;0
-*valais1988;0;1;0;0;0;0;0;0;0
-*balti_ix_iii_stains;1;0;0;0;0;0;0;0;0
-*__anh_minh__;0;0;0;1;0;0;0;2;1
-*urgences_neuch;0;0;0;1;0;0;0;0;0
-*lungoas;0;1;0;0;0;0;0;0;0
-*the_last_pikasso;0;0;1;0;0;0;0;0;0
-*nath_alie0601;0;1;1;1;0;2;0;0;0
-*strophboy;0;0;1;0;0;0;1;0;1
-*fabrizio_cabras_photography;0;0;0;1;0;0;0;0;0
-*lmplaythegame;0;0;0;0;0;1;0;0;0
*commentLikes_238;0;0;0;1;0;0;0;0;0
-*bragnon_dannielle;0;0;11;2;0;4;1;0;1
-*paubckr;0;0;0;1;0;0;2;0;0
-*dayanamalooo;0;0;0;0;0;0;0;1;0
-*drnassermadi;0;0;0;1;0;0;0;0;0
-*jujudabricot87;0;0;0;0;0;1;0;0;0
-*timo_rhr;0;0;0;1;0;0;1;0;0
-*pochtronne13;0;0;0;2;0;2;0;0;1
-*fabienne_michelingiovanella;0;0;1;0;0;1;1;0;0
-*lenin_sar;0;0;0;0;0;0;1;0;0
-*millibugnon;0;0;0;0;0;0;0;0;0
-*vinnydec;0;0;1;1;0;0;0;0;0
-*adr_hrh;0;0;0;0;0;0;1;0;0
-*anabelapitadasilva;0;0;1;0;0;0;0;0;0
*commentLikes_1,767;0;0;0;0;0;1;0;0;0
-*twexo_irl;0;0;0;1;0;5;4;0;0
-*christopheleuba;0;0;0;1;0;0;0;0;0
-*nicolascrounico;0;0;0;0;0;0;1;0;0
-*lu_monin;0;1;0;0;0;0;1;0;0
-*mr_phano;0;0;0;1;0;1;0;0;0
-*philoo_maurer;0;0;0;0;0;1;0;0;0
-*valenfmacrobio;0;1;0;0;0;0;0;0;0
-*mr_rose_dark;0;1;0;1;0;0;2;0;0
-*fun6009miguel;0;2;0;1;0;0;0;0;0
-*marijke1234nancoz;0;0;0;0;0;0;1;0;0
-*fabienne_fafu;0;1;0;0;0;0;0;0;0
-*ch_turi;0;0;0;3;0;0;0;0;0
-*srig8i;0;3;0;0;0;1;1;0;2
-*gab_riel_z;0;0;0;0;0;0;1;0;0
-*helune;0;1;0;0;0;0;0;0;0
-*el_perez16;0;1;1;3;0;0;1;2;0
-*marcolivierpignat;0;0;0;2;0;0;0;0;0
-*bernardfriedli;0;0;0;1;0;1;0;0;0
-*mariannefuhmann;0;0;0;1;0;0;0;0;0
-*soraya_regardsocial;0;0;0;0;0;1;0;0;0
-*kristofer_13_01;0;0;0;1;0;0;0;0;0
-*oolizw;0;0;1;0;1;1;5;1;1
-*timseiler97;0;0;0;0;0;0;0;0;1
-*makeupbyliceidy;0;0;0;0;0;0;0;0;0
-*ysves;0;0;0;1;0;0;0;0;0
-*c_piat;0;0;2;0;0;0;0;0;0
-*stephan_robert_nicoud;1;0;5;1;0;0;0;1;0
-*melany_bugatti;0;0;0;0;0;2;0;0;0
-*leonardmartino1955;0;0;0;0;0;1;0;0;0
*commentLikes_290;0;0;1;1;0;0;0;0;0
-*corent_in___rey;0;0;1;0;0;1;0;0;0
-*schirf_a;0;0;0;1;2;0;0;1;0
-*mael__sd;0;0;0;0;0;0;0;1;0
-*pitamay;0;0;0;2;0;0;0;0;0
-*angellomacedo;0;0;0;0;0;0;1;0;0
-*florencebertholet;0;0;0;0;0;1;0;0;0
-*drouin_christ;0;0;1;1;0;0;0;0;0
-*viyoshsansculotte;0;0;0;2;0;0;0;0;0
-*_benj_l_;0;0;0;1;0;0;0;0;0
-*aleksandra_lzc;0;0;0;3;0;0;0;0;0
-*jezechrist777;0;0;0;5;0;0;3;0;1
-*meimento_mori;0;0;1;10;0;0;1;2;0
-*katcol_ch;0;0;0;1;0;0;0;0;0
-*samgrng;0;0;2;2;0;0;1;0;1
-*karinne_lechaire;1;0;0;0;0;0;2;0;1
-*kylian_uh;0;1;0;0;0;0;0;0;0
-*maryevepittet;0;0;0;2;0;0;2;0;0
-*mrquickpic;0;0;0;0;0;0;2;0;0
-*emma_mad_2014;0;0;0;1;0;2;1;0;0
-*sarah_reym;0;0;1;1;0;0;1;0;0
-*dardillylyon1967;0;0;0;1;0;0;0;0;0
-*krido;0;0;0;0;0;0;0;2;0
-*david_ballif_;0;0;0;0;0;1;0;0;0
-*le_motivateur_suisse;0;0;1;0;0;0;0;0;0
*commentDate_19-10-2025;26;76;143;33;7;137;162;121;56
-*agnissanmiriam;1;0;0;0;0;0;0;0;0
-*elizabborra;0;0;2;1;0;0;0;0;0
-*lady_good_diva;0;0;0;1;0;0;0;1;0
-*zemhret_bikolo;0;0;3;1;0;0;0;0;0
-*thib_98;0;0;0;0;1;0;0;0;0
-*chalanaoliveira;0;0;1;0;0;0;0;0;0
-*diegericksandrine;0;0;0;1;0;0;0;0;0
-*lu_ciii_e;0;0;1;0;0;0;0;0;0
-*brancocamilaraquel;0;0;0;1;0;0;0;0;0
-*fabienneloxhaj;0;0;1;1;0;0;0;0;0
-*william_dupont_;0;0;0;0;0;3;1;0;0
-*ibiinha_83_41;0;0;0;0;0;1;0;0;0
-*amazigh_78;0;0;1;1;0;0;1;0;0
-*wandamichel1979;0;0;0;1;0;0;0;1;0
-*giamgiam23;0;0;0;2;0;2;0;0;0
-*lexatrekkinn;0;0;2;0;0;0;0;0;0
-*josephine___c;0;0;1;0;0;0;0;0;0
-*tsampa_xix;0;1;0;0;0;0;0;0;0
-*nene_nj;0;0;0;0;0;0;0;1;0
-*rachelgloriapellaud;2;0;0;0;0;0;0;0;0
-*allb_a_t;0;0;3;1;0;0;1;0;0
-*imacnet;0;0;0;1;0;2;3;5;0
-*hasilein_91;0;0;0;0;0;1;0;0;0
-*ilona_mrti;0;0;0;0;0;1;0;0;0
-*sacha_wolfie;0;0;0;0;0;1;0;0;1
-*ariane_cavin;0;0;0;0;0;0;0;1;0
-*palawan_86;0;0;0;1;0;0;2;2;2
-*joel_gisiger_oboe;0;0;0;0;0;0;1;1;0
-*alex_challandes;0;0;0;0;0;0;0;1;0
-*mariangel_r12;0;0;0;1;0;0;0;1;0
-*gwenrezu;0;0;0;1;0;0;0;0;0
-*lamiou444;0;0;1;0;0;0;0;0;0
-*nicocotier75;0;2;0;0;0;0;0;0;1
-*j_e_j_e_86;0;0;0;1;0;0;0;0;0
-*_al_r_t_;0;2;1;0;0;2;3;1;0
-*criswiseman_music;1;0;0;0;0;0;0;0;0
-*igorxavier1996;0;0;1;0;0;1;1;0;1
-*gartdav1;0;0;1;0;1;4;3;1;0
-*lionel_carrupt;0;1;0;1;0;0;0;1;0
-*mabelle__vitoria;0;0;0;1;0;0;0;0;0
-*simonshairdresser;0;0;0;0;0;0;1;0;1
-*roza_munzur;0;0;0;0;0;1;0;0;0
-*kiimii005;0;0;0;0;0;1;0;0;0
-*luislimafaria;0;0;1;0;0;0;0;0;0
-*arianedelp;1;0;1;0;0;0;0;0;0
-*ibiensedev;0;0;0;0;0;2;0;1;0
-*gregykn;0;1;0;0;0;0;0;0;0
-*mettz_yann;0;0;1;0;0;1;1;0;0
-*hadi_nessar_i;0;0;1;0;0;0;0;0;0
-*peewee1312;0;0;1;0;0;0;0;0;0
-*nacho_nrg;0;0;1;1;0;0;0;0;0
-*francois_ravessoud;0;0;1;1;0;0;0;0;0
-*sabriendespecial;0;0;0;1;0;0;0;0;0
-*micina23;0;0;0;1;0;1;0;0;0
-*nounours_1996;0;1;0;0;0;0;0;0;0
-*ruverdi;0;0;0;0;0;0;1;0;0
-*_bvst_;1;1;0;1;0;1;0;2;1
-*louisprogin;1;0;0;0;0;0;1;0;0
-*mbrk_marwa;0;0;2;0;0;0;1;0;0
-*jerome_2405;0;0;0;1;0;0;0;0;0
-*tokyugo100__h;0;0;0;1;0;0;0;0;0
-*chippie_;0;1;0;1;0;3;0;0;2
-*keke_200210;0;0;0;1;0;1;0;0;0
-*4rnoko;0;1;0;0;0;0;0;0;1
-*abrantes1987;0;0;0;0;0;1;0;0;0
-*melvyn_trbld;0;0;0;2;0;1;1;1;0
-*faucon_noir_z;0;0;1;0;0;0;0;0;0
-*christine_gassoumi;0;0;0;0;0;0;0;0;0
-*mgry_;0;1;0;0;0;1;0;0;0
-*g_rome_c;0;0;4;2;0;2;2;0;0
-*jol_erie;0;1;5;1;0;3;7;1;1
-*meganekoller;0;1;0;0;0;0;0;0;0
-*yanisvanat;0;1;0;0;0;0;0;0;0
-*iamrossss_;0;0;0;0;0;0;0;0;1
-*__lucasdmn__;0;0;1;0;0;0;0;0;0
-*mauro_saturninocosta;0;0;1;0;0;0;0;0;0
-*marty_b0;0;0;0;0;0;1;0;0;0
-*leconbattant_7;0;0;0;1;0;0;0;0;0
-*stynchen;0;0;0;1;0;0;0;0;0
-*chris_binbin;0;0;0;0;0;0;0;1;1
-*rococo_97;0;0;0;1;1;0;1;1;0
-*loic787;0;0;0;0;0;0;0;1;0
-*luizpintocoelho;0;0;0;0;0;1;0;0;0
-*snake_2108;0;0;1;0;0;0;0;0;0
-*loo_fo_14;0;0;0;0;0;0;0;1;0
-*gcubells;0;0;0;0;0;0;1;0;0
-*brigittewittwer69;0;0;0;0;0;3;0;3;0
-*bulter90;0;0;0;1;0;1;0;1;0
-*yas_mlck;0;0;0;1;0;0;0;1;0
-*samuel_b0s;0;0;0;0;0;1;0;0;0
-*alexandratousmay;0;0;0;0;0;1;0;1;0
-*sabimitri;0;0;0;0;0;1;0;0;0
-*karry_fasiya_mum;0;1;0;0;0;0;0;0;0
-*duckblackdeath;0;0;0;0;0;1;0;0;2
-*ines_thm;1;0;1;0;0;0;1;0;0
-*valleviajar;1;0;0;0;0;0;0;0;0
-*julika_starova;0;0;1;0;0;0;0;0;0
-*lndr_gs;0;0;1;0;0;0;0;0;0
-*philippe_pezz;0;0;1;0;0;0;0;0;0
-*jabiromar_;0;0;1;1;0;0;0;0;0
-*blastvall;1;2;5;0;0;0;0;0;0
-*valliberker;1;0;0;0;0;0;0;0;0
-*lopezlibellule;0;0;0;0;0;0;1;0;0
-*ohayonesther;0;0;0;1;0;0;0;0;0
-*storti84adriele;0;0;0;0;0;0;0;1;0
-*pedrofilipemoreira08;0;0;0;0;0;1;0;0;0
-*jonathanwendelin;0;0;0;1;0;4;0;0;0
-*manon_schltr;0;0;0;0;0;1;0;0;0
-*el_9_refe;0;1;0;0;0;0;0;0;0
-*mme_suisse;1;0;0;0;0;1;0;0;0
-*enzo_demo;0;0;0;0;0;0;0;1;0
-*miika_treize;0;0;17;0;0;0;1;1;0
-*miketitto;1;0;1;0;0;0;0;0;0
-*greg_o_lac;0;0;0;0;0;0;1;0;0
-*emmajasminera;0;0;0;7;0;0;0;1;1
-*feltrinpatrick;0;0;0;1;0;0;1;1;0
-*tinarcoleptique;0;0;0;1;0;0;0;0;0
-*rach_gass;0;0;0;1;0;0;0;0;0
-*ouss_dza;0;0;0;0;0;0;0;1;0
-*stephanie061075;0;1;0;0;0;0;0;0;0
-*reginadivenaria;0;0;1;0;0;0;0;0;0
-*mehdi_bousselham;0;0;1;0;0;0;0;0;0
-*amsteinyan;0;1;0;0;0;0;0;0;0
-*honeymilkiiii;0;0;0;1;0;0;0;0;0
-*nathanael_morier;0;0;0;2;0;0;1;0;1
-*dacusinvictus;0;0;1;0;0;1;0;0;0
-*adonai_shadow;0;0;0;1;0;2;0;0;0
-*yakesu_zero4;0;0;0;0;0;0;0;0;0
-*rolling_brick;0;0;0;0;0;0;0;0;0
-*kevin_qb24;0;0;0;1;0;0;0;1;0
-*ivonerortega;0;0;0;2;0;0;0;3;2
-*jeanmarccoullery;0;0;0;1;0;0;0;0;0
-*dali_alonti;0;0;0;0;0;1;0;0;0
-*p_ivan4;0;0;1;0;0;0;0;0;1
-*christophedelestre3705;0;0;3;0;0;0;0;0;0
-*charlie_mrzl;0;0;1;0;0;0;0;0;0
-*cedri_baumi;0;0;10;5;0;6;6;3;0
*i_0056;0;1;0;0;0;0;1;0;2
-*pismice;0;0;0;0;0;0;0;0;0
*i_0057;1;0;0;0;0;1;0;0;5
-*martinelli_marzia;0;0;0;0;0;1;0;0;0
-*sam_yerly;0;0;0;0;0;0;0;0;1
*i_0058;1;1;0;0;0;1;2;0;1
-*helnium;0;0;0;0;0;1;2;0;0
*i_0059;0;6;2;0;0;2;6;3;4
*commentLikes_274;0;0;0;0;0;0;1;0;0
-*luciekaid;0;0;0;0;0;7;2;0;1
-*florentgorski1010;0;0;0;0;0;0;0;0;0
-*antoinette_shw;0;0;0;0;0;0;1;0;0
-*jul13dudu68;0;1;0;0;0;2;0;1;0
-*sofyene_jdb;0;2;4;0;0;2;0;0;0
*i_0060;4;4;0;1;0;1;2;1;9
*postDate_13-10-2025;41;71;341;262;8;222;208;107;48
-*nour_eliz;1;0;0;0;0;0;0;0;0
-*maud_maple;0;0;0;0;0;0;1;0;0
-*eliot_borel;0;0;0;0;0;0;0;0;0
-*koko_1k260;0;2;0;0;0;0;0;0;0
-*thoms__prv;1;0;0;0;0;0;0;0;0
-*mrkths;1;0;0;0;0;0;0;0;0
-*francisco_spb;0;0;0;0;0;0;1;0;1
-*lana_hbsn;0;0;0;0;0;0;1;0;0
-*mlle__nicole;0;2;0;0;0;0;0;0;0
-*ewan_hbsn;0;0;0;0;0;0;0;0;0
*i_0061;0;0;0;0;0;0;1;0;0
*i_0062;3;2;35;1;0;5;10;2;0
*postComments_100;4;13;36;1;1;26;21;22;9
-*rebecahochman;1;0;0;0;0;0;0;0;0
-*mozi_252;0;0;1;0;0;0;0;0;0
-*nogitzu;1;3;3;2;1;2;4;2;0
-*kor7vdr;0;0;1;0;0;0;1;0;0
-*mell_ony;0;1;2;0;0;0;0;0;0
-*theshanghaigirl;0;0;1;0;0;0;0;0;0
-*carosllm;0;0;1;0;0;0;0;0;0
-*annezamora2;0;0;2;0;0;0;1;0;0
-*fd_bha;0;0;2;0;0;0;0;0;0
-*junna_louise;0;0;0;0;0;0;1;0;0
-*maosemdurga;0;0;8;0;0;0;0;0;0
-*nathalie_eichhorn_zaghikian;0;0;1;0;0;0;0;0;0
-*sabrii_savastano;0;1;1;0;0;0;0;0;0
-*mimi_jsi;0;0;1;0;0;2;0;0;0
-*may_linnh;0;0;1;0;0;0;0;0;0
-*don_federicci;0;1;0;0;0;0;0;0;0
-*icecrossalain;0;0;2;0;0;2;0;6;1
*i_0063;0;1;0;0;0;4;2;14;0
*postLikes_2700;30;36;7;3;3;227;63;88;49
-*vertigochris;0;0;0;0;0;0;0;1;0
-*bjkp18_;0;0;0;0;0;1;0;1;0
-*gslihra;0;2;0;0;0;0;0;3;0
*i_0064;18;6;152;1;1;28;24;5;4
*postComments_381;18;6;152;1;1;28;24;5;4
-*emmy__moon;0;0;12;0;0;7;5;0;0
-*olv_blc;0;0;1;0;0;0;0;0;0
-*jeanloup__b;0;0;1;0;0;0;1;0;0
*commentLikes_337;0;0;1;0;0;0;1;0;0
-*isham_laya;0;0;1;0;0;0;0;0;0
-*farah_dzch;0;0;2;0;0;0;0;0;0
*commentLikes_114;0;0;1;0;0;1;2;1;0
-*saswoom;0;0;1;0;0;1;0;0;0
*commentLikes_481;0;0;2;0;0;0;0;0;0
-*mon_shushu;0;0;2;0;0;2;0;0;1
-*aurel_13_09;0;0;1;0;0;0;0;0;0
-*alineexter;1;0;2;0;0;1;2;0;0
-*sabrinamissb;0;0;1;0;0;0;0;0;0
-*jojo_crea27;0;0;1;0;0;0;0;0;0
-*melcapillo;0;0;0;0;0;0;1;0;0
-*ricostey;0;0;1;0;0;0;0;0;0
-*eythxnelmaleh;0;0;1;0;0;1;2;0;0
-*nokksyy;0;0;1;0;0;0;0;1;0
-*sid_victoria;0;0;8;0;0;3;4;0;0
-*4000karat;1;0;0;0;0;0;0;0;0
-*armelle_vonallmenbenoit;0;0;1;2;0;0;0;0;0
-*martinmariepaule;0;0;2;1;0;1;2;1;0
-*shloooka;0;0;7;0;0;2;1;0;0
-*georgesbitar_;0;0;1;0;0;0;0;0;0
-*barbeycarine;0;0;1;0;0;0;0;0;0
-*kimmoflcyg;1;0;1;0;0;0;0;0;0
-*david_salin;0;0;5;0;1;0;0;0;0
-*babs_403;0;0;1;0;0;0;0;0;0
-*rana_pourlaverite;0;1;11;0;0;1;0;0;0
-*jihvne_gsm_;0;0;1;0;0;0;0;0;0
-*pittnoe;0;0;1;0;0;0;1;0;0
-*annie_hilations;0;0;1;0;0;0;0;0;0
-*serisuisse_serihan;0;0;1;0;0;0;0;0;0
-*el_htt;0;0;3;0;0;0;0;0;0
-*nasss8474;0;0;1;0;0;0;0;0;0
-*anto_dcn;0;0;0;0;0;1;0;0;0
-*clemence_rsr;0;0;1;0;0;0;0;0;0
-*darius_sbczk;0;0;1;0;0;0;0;0;0
-*kometcity;0;0;1;0;0;0;0;0;0
-*albulena_gashi13;0;0;1;0;0;0;0;0;0
-*kevvmurciia;0;0;0;0;0;1;0;0;0
-*pretty_little_girl_20;0;0;0;0;0;1;0;0;0
-*rach__ruch;1;0;0;0;0;0;0;0;0
-*itwasntk;0;0;15;1;0;3;2;1;0
-*victoria_sebban;0;0;2;0;0;0;0;0;0
-*messerlimcm;0;1;2;0;0;1;0;2;1
-*erdon_gr;0;0;0;0;0;0;1;0;0
-*bintalnoor54;0;0;1;0;0;0;0;0;0
-*dr_f_bressy;1;0;1;0;0;0;2;0;0
-*en_croisade;0;0;1;2;0;2;1;0;1
-*mortim3r_;0;0;0;0;0;0;1;0;0
-*sylviecatherinesylvie;0;0;1;0;0;0;0;0;1
-*defaysp;0;2;9;0;0;0;0;1;0
*commentDate_22-10-2025;29;53;31;44;6;86;164;71;38
-*hbalthas;0;0;2;0;0;0;1;0;0
-*carl_xar;0;1;1;0;0;0;0;0;0
-*nom4hnsky00;0;0;1;0;0;0;0;0;0
-*azazel_leviathan;0;0;0;0;0;1;0;0;0
-*negritosuisse;0;0;1;0;0;0;0;0;0
-*max_74301;1;0;0;0;0;0;0;0;0
-*nourtaktak_;0;0;1;0;0;0;0;0;0
*i_0065;4;6;1;7;1;9;14;9;1
*postComments_65;5;17;20;8;1;23;25;14;23
-*ogutoreal;0;0;0;0;0;0;1;0;0
-*sunjata_ko;0;0;1;1;0;0;1;0;0
-*lino_shine;0;0;1;0;0;1;1;1;0
-*_salpetre_;2;0;0;0;1;3;1;2;1
-*maurici3nne7;0;0;0;0;0;1;0;0;0
-*roninwann;0;0;0;1;0;0;0;0;0
-*___lm__;0;0;0;1;0;1;0;0;0
-*flyinglegend21;0;0;0;0;0;1;1;2;2
-*dmyd_15;0;0;0;0;0;0;0;1;0
-*panda_non0;0;1;0;0;0;0;0;0;0
-*greirat_de_riv;1;1;0;0;0;0;0;0;1
-*denisyve;0;0;0;0;0;0;0;1;0
-*marmyherve;0;0;0;0;0;1;0;0;0
*i_0066;0;5;0;0;2;6;10;9;0
-*monmare__;0;0;0;0;0;1;0;0;0
-*florentperiat;0;2;0;0;0;1;0;0;0
-*tigal__;0;0;0;0;0;1;1;0;0
-*timothy_lejeune;0;0;0;0;0;0;0;1;0
-*ohbaby_moon;0;0;0;0;0;0;0;3;0
-*quelques_maux_doux;0;0;0;0;0;4;0;1;1
-*little_bat777;0;0;0;0;0;1;2;0;0
*i_0067;1;0;0;0;0;0;0;0;0
-*evelynecarole;0;0;0;0;0;0;0;0;0
-*amismih;1;0;0;0;0;0;0;0;0
*i_0068;0;0;0;0;0;1;0;0;0
*postLikes_749;0;0;0;0;0;1;0;0;0
*i_0069;7;35;136;243;4;127;115;49;25
*postComments_929;7;35;136;243;4;127;115;49;25
-*cedrefi;0;0;1;0;0;0;0;0;0
-*alexis_wayfarer;0;0;0;1;0;0;1;0;0
*commentDate_15-11-2025;18;58;32;10;3;98;84;110;49
-*kiarasvr8;0;1;10;1;0;0;2;0;0
-*achoffat;0;0;0;0;0;1;1;0;0
-*fuzzy_rose_;0;0;1;0;0;0;3;3;0
-*flm_montagnes;0;0;2;0;0;0;0;0;0
-*f_bviii;0;0;0;1;0;2;0;10;2
*commentLikes_428;0;0;0;2;0;0;0;0;0
-*_fra_linsey_;0;0;0;0;0;1;0;0;0
-*2ve2ls;0;1;2;0;0;0;2;0;0
-*dragao_du_153;0;0;2;0;0;1;4;1;0
-*baptou297;0;0;2;0;0;0;0;0;0
-*alstesa27;0;0;1;0;0;0;0;0;0
-*le_oiseau;0;0;0;0;0;0;1;0;0
-*meryl_gyver92;0;0;1;0;0;0;0;0;0
-*lu_1ine;0;0;0;1;0;0;0;0;0
-*stevencliffordjean;0;1;0;0;0;3;1;1;0
-*dylan_8833;0;0;1;0;0;0;0;0;0
*commentLikes_95;1;0;1;2;0;0;0;5;1
-*clem_msr;0;0;0;1;0;0;0;0;0
-*matt_j_stks;0;0;0;1;0;7;1;2;0
-*claire_or_megumi;0;0;0;1;0;1;0;0;0
-*nicob3077;0;0;2;0;0;0;2;0;0
-*jose_fig_o_;0;0;1;1;0;0;0;0;0
-*verogoy9;0;0;0;1;0;0;0;0;0
-*luzi7547;0;0;0;1;0;0;0;0;0
-*cepunifr;0;0;1;2;0;0;0;0;0
-*antigauchiasse1;0;0;5;2;0;4;0;3;1
-*adrien_mta;0;0;0;1;0;1;0;1;0
-*soufianyouala;0;0;0;0;0;0;1;0;0
-*pfundi89;0;0;0;0;0;1;0;1;0
-*celine_corth;0;0;1;0;0;0;0;0;0
-*anthony_seydoux;0;0;0;2;0;0;0;0;0
-*so_aplr;0;0;1;0;0;0;0;0;0
-*axel_clif;0;0;0;2;1;0;4;1;0
-*nicolet_rome1;0;0;0;6;0;0;0;0;0
-*kcsksck;0;0;0;1;0;0;3;2;0
-*favrebulle65;0;2;0;1;0;1;2;0;1
-*valouzee;0;0;0;1;0;0;0;0;0
-*lucien_obs;0;0;0;0;0;0;1;0;0
-*_r0m_1;0;0;0;3;0;2;0;1;0
-*fabricebugnard;0;1;1;0;0;0;0;0;0
-*moi_je_nathan_pas;0;0;2;0;0;2;1;1;3
-*grems_l;0;0;1;0;0;1;2;1;1
-*clara_clar_a;0;0;1;0;0;1;0;0;0
-*marcoscialpi70;0;0;0;9;0;0;0;0;1
-*le_dgiz;0;0;0;1;0;0;0;0;0
-*guidetheband;0;0;1;0;0;1;3;0;0
-*ymrlt;0;0;0;0;0;0;0;1;0
-*chay_brli_;0;0;1;2;0;0;0;0;0
-*ton_oncle_vlad;0;0;0;1;0;0;0;0;0
-*l_am__a_n;0;0;0;1;0;1;0;0;0
-*carlagossuin;0;2;1;1;0;10;5;3;0
-*arnaud_glauser;0;0;1;0;0;0;0;0;0
-*jelena_radonjic_marinkovic;0;0;0;0;0;1;0;0;0
-*_polyval_;0;0;2;1;0;0;2;0;0
-*pa_triote;0;1;0;0;0;0;0;0;0
-*frederic_cbr;0;0;1;0;0;0;0;0;0
*commentLikes_445;0;0;0;1;0;0;0;0;1
-*diego_maa;0;0;0;1;0;0;0;0;0
-*_dylangrandjean;0;0;0;0;0;0;0;0;0
-*nico28193;0;0;1;3;0;0;2;2;0
-*loic_0996;0;0;0;1;0;0;0;0;0
-*no_ahb13;0;0;0;2;0;1;0;0;0
-*patrick_att;0;0;0;0;0;2;2;0;3
-*pythonchristian;0;0;1;0;0;0;0;0;0
*commentLikes_209;0;0;0;0;0;1;0;1;1
-*laboitedetravaux;0;2;0;0;0;1;0;1;3
-*roxane_brs;0;0;0;1;0;0;0;0;1
*commentLikes_454;0;0;0;2;0;1;1;0;0
-*duru_ckrkc;0;0;0;2;0;1;1;0;0
-*0relg;0;0;0;4;0;0;0;0;0
-*alice_gobet;0;0;0;0;0;0;2;0;0
-*eric_jaccard;0;0;0;1;0;0;0;0;0
-*heloiselieb;0;0;1;0;0;0;0;0;0
-*ln2troiee;0;0;0;1;0;2;1;0;0
-*florifm98;0;0;1;1;0;0;0;0;0
-*aure_svr;0;0;0;6;0;5;9;2;1
*commentLikes_160;0;0;1;2;0;1;1;1;0
-*anne_juju;0;0;0;1;0;1;0;0;0
-*jennytwins;0;1;1;0;0;0;1;3;0
-*bnjmn_db;0;0;17;3;0;1;0;0;0
-*photopassionplaisir;0;0;1;1;0;1;0;1;0
-*fidan_yildiz98;0;0;9;9;0;3;4;2;1
-*ice_surglace;0;0;2;0;0;1;0;0;0
-*romyandmargot;0;0;0;1;0;0;0;0;0
-*pittetrichard;0;0;8;0;0;1;1;0;0
-*tschappatt;0;0;0;0;0;0;0;0;0
-*sageson_;0;0;1;0;0;0;0;0;0
-*starlesskies;0;0;0;0;0;1;0;0;0
-*wuthz;0;0;1;0;0;2;0;0;1
-*bbbbabeth;0;0;0;0;0;0;1;0;0
-*eliza_xhu;0;0;0;0;0;0;0;1;0
-*jahnae_brisset;0;0;0;2;0;0;0;0;0
-*swiss_train_view;0;0;0;1;0;0;0;0;0
-*najo_prs;0;1;1;1;0;0;0;0;0
-*yetistone92;0;0;0;1;0;1;1;0;0
-*lucien_yt;0;0;0;2;0;0;0;0;0
-*nicompteinsta;0;0;0;1;0;0;0;0;0
-*ma_rin_a7;0;0;0;0;1;0;0;0;0
-*ena_n8;0;0;2;0;0;2;1;1;0
-*bastian_fliri;0;0;0;0;0;0;0;0;1
-*emmily_v;0;0;0;1;0;0;0;0;0
-*romain_pcz;0;0;0;1;0;0;0;0;0
-*sam_meizoz_;0;0;0;1;0;2;0;0;0
-*s_d_d_n;0;0;0;0;0;0;0;4;0
-*tyjam_casta;0;1;1;2;0;10;5;11;0
-*lilz0u;0;0;0;0;0;0;1;0;0
-*david__churches;0;0;0;0;0;0;1;1;0
-*colind__;0;0;0;0;0;0;0;0;0
-*juujute;0;0;1;0;0;0;0;0;0
-*minahil_mz;0;1;0;0;0;0;0;0;0
-*mpga_ag;0;0;0;1;0;0;0;0;0
-*kyllian___sa;1;0;0;1;0;0;0;0;0
-*__sam23__;0;0;0;1;0;0;0;0;0
-*kisylin;0;0;0;1;0;0;0;0;0
-*mariejo_rodriguez;0;0;0;1;0;0;0;0;0
-*jindef_;0;0;0;1;0;0;0;0;0
-*danbrs7;0;0;0;1;0;0;0;0;0
-*dncn_gll;0;0;0;2;0;1;1;2;1
-*georgestschanz;0;0;0;1;0;1;0;0;0
*commentLikes_98;0;0;1;1;0;2;0;2;1
-*mohsencorp;0;0;0;1;0;0;0;0;0
-*seokolat;0;0;0;1;0;0;0;0;0
-*benjamin__1769;0;1;0;0;0;0;0;0;0
-*fellay_maxime;0;0;0;1;0;1;2;0;0
-*sarah_frund;0;0;0;1;0;0;0;0;0
-*beteyxgreyk;1;1;0;0;0;0;0;0;0
-*jqr_jeremy_mka3;0;0;0;1;0;1;0;0;0
-*dr_kaytee;1;0;9;4;0;2;2;0;0
-*matteo_trolliet;0;0;0;0;0;1;1;2;0
-*aihelvy;1;5;5;0;0;8;3;0;0
-*ant1_ob;0;0;0;0;0;0;0;0;1
-*greffe____;0;0;0;0;0;2;3;1;0
-*nicos_millo;0;0;0;1;0;0;0;0;0
-*nico_hmc;0;0;0;1;0;0;0;0;1
*i_0070;1;3;2;8;0;19;11;5;3
-*999_ete;1;0;0;0;0;0;0;0;0
-*sarahberset;0;1;0;3;0;4;0;0;0
-*strato_e_t_l_j_;0;1;0;1;0;1;1;0;0
-*sandrinedelmonico;0;0;0;1;0;1;0;0;0
*commentLikes_186;0;0;0;0;0;1;1;1;1
-*xenia_from_minsk;0;1;0;0;0;0;0;0;0
-*sucre2v;0;0;0;0;0;1;0;3;0
-*romero280683;0;0;0;0;0;1;0;0;0
-*2103_loric;0;0;0;0;0;1;0;0;0
*i_0071;0;5;2;0;0;8;3;6;4
*postLikes_10000;0;5;2;0;0;8;3;6;4
*postReposts_66;0;5;2;0;0;8;3;6;4
-*sebmorvant;0;0;0;0;0;0;0;0;0
-*eryka_18;0;1;0;0;0;0;0;0;0
-*edinhogalvaoch;0;1;0;0;1;1;0;0;0
-*tomb____;0;0;0;0;0;0;1;0;0
-*pascuanataliadi;0;0;0;0;0;1;0;0;0
-*dri_kze;0;1;0;0;0;0;0;0;0
-*mzyyaz;0;0;0;0;0;0;0;0;0
-*jams_smith93;0;1;0;0;0;4;6;18;3
-*ace_live;0;0;0;0;0;0;1;0;0
-*eliiizza74;0;0;1;0;0;2;0;0;0
-*nicodelaforet;0;0;1;0;0;0;0;0;0
*i_0072;3;4;13;1;0;14;16;7;2
*postComments_105;3;5;13;1;0;44;25;42;38
-*vivianepittet;2;0;0;0;0;1;0;0;0
-*al_dine;1;0;0;0;0;0;0;0;0
-*l_is_my_name__;0;0;0;0;0;0;1;0;0
-*emmiedel;0;0;0;0;0;0;0;1;0
-*iris_geneve;0;0;1;0;0;0;1;0;0
-*cest___sowfiane_;0;0;0;0;0;0;0;1;1
-*kenneth_mrtn12;0;0;0;0;0;0;1;0;0
-*luigi__priolo;0;0;1;0;0;0;2;0;0
-*philipwindchase;0;0;0;0;0;1;0;0;0
-*elisabete3773;0;0;0;0;0;1;0;0;0
-*fafacheri;0;0;0;0;0;1;0;0;0
-*ben_gm;0;0;0;0;0;1;1;0;0
-*jacquesbelpoix;0;0;0;0;0;1;0;0;0
-*olivierstehlin;0;4;1;0;0;2;0;1;0
-*doriannanto;0;0;1;0;0;5;0;3;1
-*jadeferiel;0;0;1;0;0;0;0;0;0
-*nena_lowa;0;0;0;0;0;1;0;0;0
-*domiker64;0;0;0;0;0;0;0;1;0
*i_0073;0;2;0;1;0;0;1;0;0
*postLikes_932;0;2;0;1;0;0;1;0;0
*postDate_14-10-2025;51;49;289;15;7;131;160;149;41
-*semi_004_;0;3;0;0;0;0;1;0;0
-*j_licite;0;0;0;0;0;0;2;1;0
-*la_tacheblanche;0;1;0;0;0;1;0;0;0
*i_0074;2;0;6;1;0;26;15;17;3
*postComments_59;24;6;8;2;1;33;36;32;6
-*stefano_ritornotempo;0;0;2;0;0;1;1;0;0
-*19_h_50_;0;0;0;0;0;0;1;0;1
-*institut_art_of_beauty;0;0;0;0;0;1;0;0;0
*i_0075;3;7;192;4;1;19;38;11;4
*postLikes_7600;17;30;195;8;2;46;53;24;99
*postComments_453;3;7;192;4;1;19;38;11;4
*commentLikes_189;1;1;0;0;0;2;1;3;2
-*mabudayyeh;1;0;0;0;0;0;0;0;0
-*nathalie_zedini;0;0;2;0;0;0;0;0;0
-*jehonagugjufi;0;1;5;0;1;8;2;1;1
-*lisa_berc;0;0;1;0;0;0;0;0;0
-*lucas_cloture;0;0;1;0;0;0;0;1;0
-*naw_kh_;0;0;2;0;0;0;0;0;1
-*juliedby_;0;0;0;1;0;0;0;0;0
-*lasagne_miam;0;0;0;1;0;0;0;0;0
*commentLikes_108;1;0;1;1;0;0;3;1;0
-*na_dia06;0;0;3;0;0;0;0;0;0
*commentLikes_480;0;0;1;0;0;0;0;0;0
-*melisande_jcc;0;0;9;0;0;1;5;0;0
-*daycielly_mdassi;1;0;3;0;0;0;0;0;0
-*chw_jj;0;0;3;0;0;0;0;0;3
-*dhekra_barhoumi;0;0;1;0;0;0;0;0;0
-*zak_dridi;0;0;2;2;0;2;20;0;0
-*abdallahmartoni;0;0;1;0;0;0;0;0;0
*commentLikes_772;0;0;1;0;0;0;0;0;0
-*appel_moi_sam_;0;1;0;1;0;4;1;2;0
*commentLikes_345;0;0;1;0;0;0;0;0;1
-*naglaa_el_sayed;0;1;0;0;0;1;0;0;0
-*bojam;0;0;1;0;0;0;0;0;1
-*neiith213;0;0;0;0;0;0;1;0;1
-*_nikkk_ita__;0;0;1;1;0;0;0;0;0
-*tal_avas;0;0;1;0;0;0;0;0;0
-*nk_ad_al;0;1;2;0;0;0;0;0;0
-*dalida_polumenta;1;1;1;0;0;0;0;0;0
-*devtte_;0;1;1;0;0;4;0;3;0
-*kro7596;0;0;2;0;0;0;0;0;0
-*fafanaanou;0;0;2;0;0;0;0;0;0
-*sam_thv;0;0;1;0;0;1;0;0;0
-*gioriandao;0;0;0;0;0;0;0;1;0
-*ceciteke;0;1;1;0;0;0;0;0;0
-*mineminemina;0;0;0;0;0;1;0;0;0
-*zidane_fl;0;0;1;0;0;0;0;0;0
-*yescountess;0;0;1;0;0;0;0;0;0
-*ayoub_habchi;0;0;1;0;0;0;0;0;0
-*peace_melon;0;0;1;0;0;0;0;0;0
-*carine_coh;0;0;0;0;0;1;0;0;0
-*lihuenchi;0;0;1;0;0;0;0;0;0
-*xavierschwartz;0;0;3;0;0;0;0;0;0
-*seraaf_y;0;0;1;0;0;0;0;0;0
-*ynuo_mha;0;0;1;0;0;0;0;0;0
-*yasbekstreb;0;0;2;0;0;0;0;1;0
-*cindychartier;0;0;1;0;0;0;0;0;0
-*plsdontclap;0;0;1;0;0;0;1;0;0
-*lala_kam21;0;0;1;0;0;0;0;0;0
-*nora_schllng;0;0;1;0;0;0;0;0;0
-*isabel_jerbia;0;0;2;0;0;1;0;0;0
-*l_bleri;0;1;19;0;0;5;8;3;2
-*david_hueber_79;0;0;0;0;0;0;0;1;0
-*samliju2614;0;0;0;0;0;0;0;1;0
-*vonlouda;0;0;1;0;0;0;0;0;0
-*saroura_84;1;1;2;0;1;0;2;1;0
-*sahidekrs;0;0;1;0;0;0;0;0;0
-*khadreynes;0;0;1;0;0;0;0;1;0
*i_0076;0;6;0;1;0;7;5;7;19
*postComments_60;4;17;4;1;2;22;41;130;61
-*sacro_lash;0;0;0;0;0;0;0;0;0
-*nohaent_ouquoient;0;0;0;0;0;0;0;1;1
-*lsgd_xx;0;0;0;0;0;1;0;0;1
-*adrienpilet_ch;0;0;0;0;0;1;2;4;2
-*maeldenot;0;0;0;0;0;1;0;0;0
-*voyagecreole;0;0;0;0;0;0;0;0;1
-*letitia_petrache;0;0;0;0;0;1;0;0;0
-*vickyhuel;0;1;0;0;0;0;0;0;0
-*carpiroto;0;1;1;0;0;1;0;0;2
-*andromede09;0;1;0;0;0;0;0;0;0
-*sanaabtp;0;0;0;0;0;0;0;1;0
*commentDate_26-10-2025;23;43;38;4;5;77;134;136;99
-*alexandra_in_switzerland;0;0;0;0;0;0;0;2;0
-*__darkness_owl__;0;0;0;0;0;0;0;0;0
-*nathalie_excoffier;0;1;0;0;0;1;0;2;0
-*_m_f_carolina_;0;0;0;0;0;0;1;1;0
-*jacquelinegarcia361;0;0;0;0;0;0;1;0;0
-*la_vie_de_luluuu;0;0;0;0;0;0;0;0;0
-*marifreitas520_520_520;0;0;0;0;0;1;0;3;0
*i_0077;17;2;1;0;2;1;4;1;0
*postReposts_57;17;2;1;0;2;1;4;1;0
-*dahlia_monteiro;1;0;0;0;0;0;0;0;0
-*alaindiallo06;1;0;0;0;0;0;0;0;0
-*aldina_r_m_g;1;0;0;0;0;0;0;0;0
-*brunex_300;0;0;0;0;0;0;0;1;0
-*mel2191;1;0;0;0;0;0;0;0;0
-*gpsitalie62;1;0;0;0;0;0;0;0;0
-*dine_i_am;0;0;0;0;0;0;1;0;0
-*lili_akz;1;0;0;0;0;0;0;0;0
-*goonza__96;1;0;0;0;0;0;0;0;0
-*bruuunitos;0;0;0;0;0;0;1;0;0
-*instarossier;0;0;0;0;0;0;0;0;0
-*deiva_pmc;0;0;0;0;0;0;1;0;0
-*naayy_co;0;1;0;0;0;0;0;0;0
-*simoeslenia;0;0;0;0;0;0;1;0;0
-*josyspat;1;0;0;1;0;0;0;0;0
-*heltonmoreno9;1;0;0;0;0;0;0;0;0
-*rossi_gva;2;0;0;0;0;0;0;0;0
-*socrates_oliveira_fonseca;1;0;0;0;0;0;0;0;0
-*idriss_k5;0;1;0;0;0;0;0;0;0
-*lo_ren_a;1;0;0;0;0;0;0;0;0
*i_0078;3;2;0;0;0;3;1;1;1
-*windows955555;0;2;2;1;0;2;1;0;1
-*nathan_1m573pf_sokai;0;0;0;0;0;1;0;0;0
*i_0079;11;10;85;7;3;33;61;8;3
*postLikes_16400;11;10;85;7;3;33;61;8;3
*postComments_283;11;10;85;7;3;33;61;8;3
*postReposts_605;11;10;85;7;3;33;61;8;3
-*duke_atk;0;0;2;0;0;0;4;1;0
-*coudrayalex;0;0;1;0;0;0;1;0;0
-*u_featurex;0;0;0;0;0;1;1;0;0
-*lene_lustig;0;0;0;1;0;0;2;0;0
-*oupsisori;0;0;1;0;0;0;0;0;0
-*yaelvallotton;0;0;0;0;0;0;1;0;0
-*b__ernardo;0;1;1;0;0;0;0;0;0
-*yasser_lgh;0;0;1;0;0;0;0;0;0
-*adi29_31;1;0;2;0;0;0;0;0;0
-*mamouda123;0;0;0;0;0;1;0;0;0
-*basketlaw;0;0;0;0;0;0;1;0;0
-*stl_dov;0;0;0;0;0;1;2;1;0
-*roro20_08;0;0;0;0;0;1;0;0;0
*commentLikes_312;0;0;1;0;0;1;0;0;0
-*nad_ach;0;0;0;0;0;0;0;1;0
-*catherinezaccaria;1;0;3;0;0;0;1;0;0
-*snnvcmed;1;0;8;0;0;3;5;0;0
-*jr_lacombe;0;0;1;0;0;0;0;0;0
-*turbo_contento;0;0;0;0;0;1;0;0;0
-*mdederding;0;0;0;0;0;0;1;0;0
-*_azaleah_lz;0;0;0;0;0;0;1;0;0
-*shmuli_98;0;0;1;0;0;0;0;0;0
-*_sant_v;0;0;1;0;0;0;0;0;0
-*44_4riel;0;0;0;0;0;0;1;0;0
-*j0shua_12;0;0;0;0;0;0;1;0;0
-*ste_leroy;1;0;0;0;0;0;0;0;0
-*les_chroniques_de_shirine;1;0;0;0;0;0;0;0;0
-*marionsb70;0;0;1;0;0;0;0;0;0
*i_0080;0;4;0;0;0;6;7;34;0
-*alexferreira_ch;0;1;0;0;0;1;0;0;0
-*joshua_lebaton;0;0;0;0;0;0;0;1;1
-*sangsue_alitee;0;0;0;0;0;1;2;0;0
-*mathieu_delcambre;0;0;0;0;0;0;1;2;0
-*regis_trttn;0;0;0;0;0;1;0;1;0
-*doriandelamarche;0;0;0;0;0;2;1;4;0
-*romxrf;0;2;1;1;0;1;0;0;0
-*steven_haidar;1;0;3;0;0;2;3;2;2
-*patriciathyrion;0;0;0;0;0;0;1;1;0
-*karimdelbello;0;0;0;0;0;0;0;1;0
*i_0081;0;3;1;0;0;10;6;39;1
-*anne_des_musees;0;0;0;0;0;0;1;0;0
-*lisa_lilu_dallas;0;0;0;0;0;3;1;4;0
-*g0od_vibes_only;0;0;1;0;0;0;0;2;0
-*dewginny;0;0;0;0;0;0;1;1;0
-*sergio_sep02;0;0;0;0;0;1;0;0;0
-*joseph_cvn;0;0;0;0;0;0;0;1;0
-*alessandro___gambera;0;0;0;0;0;0;1;0;0
-*nomade_des_airs;0;0;0;0;0;0;0;1;0
*commentLikes_138;0;0;0;0;0;0;0;3;0
-*stefan_1k20;0;0;0;0;1;1;0;1;0
-*elliotj__;0;0;0;0;0;0;0;1;0
*commentLikes_266;0;0;0;0;0;0;0;1;0
-*karynsc26;0;0;0;0;0;1;0;0;0
-*da_fego;0;0;0;0;0;0;0;1;0
-*cleae_b;0;0;0;0;0;0;0;1;0
*commentLikes_465;0;0;0;0;0;0;0;1;0
-*megaan_leuleu;0;0;1;0;0;14;2;8;0
-*ardanexela;0;0;0;0;0;1;0;0;0
-*sacramentosandramarlene;0;0;0;0;0;0;0;1;0
-*optiquedemile;0;0;0;0;0;0;0;2;0
-*beattitude_passion;0;0;0;0;0;0;0;2;0
*i_0082;3;4;0;0;0;3;1;0;0
-*the_gallery_nyon;1;0;0;0;0;1;0;0;0
-*pablo_eberhardt;1;0;0;0;0;0;0;0;0
-*malinjod;1;1;0;0;0;0;1;0;0
-*stephane_aeby;0;0;0;0;0;1;0;0;0
-*romb_17;0;2;0;0;0;0;0;1;0
*i_0083;0;2;1;0;1;3;9;15;5
-*bap_murisier;0;0;1;0;1;0;1;0;0
-*geune_s;0;0;0;0;0;1;0;0;0
-*cyril_scope;0;0;0;0;0;0;1;0;0
-*ott_eliane;0;1;0;0;0;0;0;0;0
*i_0084;9;2;0;0;0;1;0;0;0
-*happydogsgeneve;1;0;0;0;0;0;0;0;0
-*dors_afy;0;1;0;0;0;0;0;0;0
-*beetlejuice_3x;0;0;0;1;0;4;1;0;1
-*ley_lou_;1;0;0;0;0;0;0;0;0
-*mektoubhabiboo;0;0;0;0;0;0;0;0;0
-*joe_oje;1;1;0;0;0;0;0;0;0
-*axelprodstudio;1;0;0;0;0;0;0;0;0
-*minglee707;1;0;0;0;0;0;0;0;0
-*bazaaramourvintage;1;0;0;0;0;0;0;0;0
-*jameliaverse;0;0;0;0;0;0;0;0;0
-*giz_eow;1;0;0;0;0;0;0;0;0
-*celinetissot;1;0;0;0;0;0;0;0;0
-*naomi_savioz;1;0;0;0;0;0;0;0;0
-*_jordanviglino;1;0;0;0;0;0;0;0;0
*i_0085;3;5;3;1;0;19;12;16;5
-*beauty_bb_aesthetic;0;0;0;0;0;0;0;1;0
-*ppimpette;1;0;0;0;0;0;0;0;0
-*monster_796;0;0;0;0;0;0;1;0;0
-*tayron_py;0;0;0;0;0;1;1;1;0
-*matt_sturiale;0;0;0;0;0;0;0;1;0
-*chrxst_yn_369;0;1;0;0;0;0;0;0;0
-*anahitadabbaghi;0;1;0;0;0;0;0;0;0
-*laflethe;1;0;0;0;0;0;0;0;0
-*abigael_nsenga;0;0;0;0;0;0;1;0;0
-*robbi_val_d_herens;0;1;1;0;0;2;1;0;2
-*audreystocco;0;0;0;0;0;1;0;0;0
-*thorstenightmare;0;0;0;0;0;0;2;0;0
-*jasmine_nguyen78;0;0;0;0;0;2;0;0;0
-*ludo_legall;0;0;0;0;0;1;0;0;0
-*lora__craft__;1;0;0;0;0;1;0;0;0
-*sforsainath;0;0;2;0;0;0;0;1;2
-*timote_ch;0;0;0;0;0;1;0;0;0
*i_0086;5;15;1;0;2;17;12;3;1
*postReposts_58;9;30;27;118;3;87;74;30;38
*postDate_15-10-2025;14;36;41;4;2;59;59;25;25
-*schertos23;0;1;0;0;0;0;0;0;0
-*sushi_nami1;0;0;0;0;0;0;0;0;0
-*sophieverdan;0;1;0;0;0;0;0;0;0
-*ma_rina_c20;1;0;0;0;0;0;0;0;0
-*lore_toru87;0;0;0;0;0;0;0;1;0
-*luis_gnz23_;0;1;0;0;0;0;0;0;0
-*tatiminowo;0;0;0;0;0;0;0;0;0
-*juaan_pg;0;0;1;0;0;0;0;0;0
-*snowtchikpau;0;0;0;0;0;0;1;0;0
-*un_support_table;0;0;0;0;0;1;0;0;0
-*a_niellidimondovi;0;0;0;0;1;0;0;0;0
-*witchy_quinn;0;0;0;0;0;0;1;0;0
-*jankayanka;0;1;0;0;0;0;0;0;0
-*caua_letissmesale;0;0;0;0;0;0;1;0;0
-*yajahyda;0;1;0;0;0;0;0;0;0
-*cousu_1161;0;0;0;0;1;0;0;0;0
-*junetheoutsider;0;0;0;0;0;0;2;0;0
-*rafaelmatafora;0;0;0;0;0;0;1;0;0
-*lahallebarde;0;0;0;0;0;0;1;0;0
-*sylvester___staline;0;1;0;0;0;0;0;0;0
-*samuel5five;0;1;0;0;0;0;0;0;0
-*ischerer99;0;0;0;0;0;0;1;0;0
-*jeffalonso01;1;0;0;0;0;0;0;0;0
-*perianez1007;0;0;0;0;0;1;0;0;0
-*les_jardins_d_aestiv;0;0;0;0;0;0;0;1;0
*i_0087;2;4;0;0;0;4;1;1;2
*postComments_20;4;14;2;1;6;18;20;14;13
-*shumipm;0;2;1;1;0;4;3;2;0
-*ameliasepthi;0;1;0;0;0;0;0;0;0
-*veronicastellasalerno;0;0;0;0;0;1;0;0;0
-*oxnat_thunderchunky;0;0;0;0;0;0;1;0;1
-*pigman_sound;0;1;0;0;0;0;0;0;0
-*mariestephaniemarie;0;1;0;0;0;0;0;0;0
-*kbibi76;0;0;0;0;0;1;0;0;0
-*jds3113;1;0;0;0;0;0;0;0;0
*i_0088;0;0;0;0;0;5;9;0;0
*postLikes_927;0;0;0;0;0;5;9;0;0
-*nathaa_7;0;0;0;0;0;0;0;0;0
-*baumedutigre95;0;0;0;0;0;1;0;1;0
-*noah_srz05;0;0;0;0;0;0;1;0;0
-*arsema_efrem;0;0;0;0;0;0;1;0;0
*i_0089;2;4;38;1;0;11;11;14;6
*postComments_129;5;14;39;4;0;36;30;28;16
-*tabea_serena;0;0;1;0;0;0;2;1;0
-*observatrice33;0;0;1;0;0;1;1;1;1
-*tarek_pss970;0;0;0;0;0;1;0;0;0
-*l_crckz;0;2;5;0;0;2;1;1;0
-*lefilbleu_media;0;1;1;0;0;1;0;0;0
-*badabidou;0;1;0;1;0;1;0;1;0
-*matpfef;0;0;3;0;0;0;0;1;0
-*lessie_navah_dore;0;0;3;0;0;0;2;0;0
-*antho_oo;0;0;1;0;0;1;0;1;0
-*jsuisguiguii;0;0;1;0;0;0;2;2;0
-*faboloustar;0;0;1;0;0;0;0;0;0
-*p_steephh;0;0;0;0;0;0;0;2;0
-*eulobo___;0;0;1;0;0;1;0;0;0
-*samuel_lorentz;0;0;1;0;0;0;0;0;0
*i_0090;3;2;0;0;0;1;10;0;0
-*collectif_feministe_valais;1;0;0;0;0;0;0;0;0
-*jenna_cprr;0;0;0;0;0;0;1;0;0
-*marylineleva;0;0;0;0;0;0;1;0;0
-*tatnripped04;0;0;0;0;0;2;1;1;1
-*giuseppe_vlltr;0;0;0;0;0;0;1;0;0
*i_0091;0;1;0;1;0;2;0;1;0
-*carlconsi;0;1;0;0;0;0;0;0;0
-*j_crocoll_ch;0;1;0;1;0;0;0;1;0
-*corinne0905;0;0;0;0;0;0;0;1;0
-*raphael_bachmann;0;0;2;0;0;2;0;0;0
*i_0092;0;3;0;0;0;1;2;0;1
-*delfbondjane;0;1;0;0;0;0;0;0;0
*i_0093;2;2;1;0;0;8;6;2;6
-*ame_orophile;0;0;0;0;0;2;1;0;0
-*ff4ntine;0;0;0;0;0;0;0;0;1
-*oligen;0;0;0;0;0;1;2;0;2
-*primaryzheng;0;0;0;0;0;0;1;0;0
-*yasminl143;0;0;0;0;0;0;1;0;0
-*look_through_my_lens_;0;0;0;0;0;2;0;0;0
-*entrevousetmoiblog;0;0;0;0;0;0;0;0;1
-*mr_fabrice;0;0;0;0;0;0;2;0;1
-*labandalexoh;0;0;0;0;0;0;0;0;1
-*sebnmo;0;0;0;0;0;1;0;0;0
-*fillebenie571;1;0;0;0;0;0;0;0;0
*i_0094;0;4;0;0;0;5;5;4;8
*postComments_27;2;6;0;0;0;28;20;7;8
*postReposts_83;0;4;0;0;0;5;5;4;8
-*dame_soso_;0;0;0;0;0;1;0;0;0
-*couleur_cuisine_divonne;0;0;0;0;0;0;0;0;1
-*valentinearbach;0;0;0;0;0;1;0;0;0
-*cintiagva;0;0;0;0;0;0;0;0;0
-*rebeccatinguely;0;0;0;0;0;0;0;0;1
-*lionel2405;0;0;3;0;0;1;4;0;0
-*dailffine;0;1;0;0;0;0;0;0;0
-*steed_music;0;2;0;0;0;1;0;0;1
*i_0095;0;1;1;2;0;5;3;0;1
-*msrkh_jr;0;0;0;0;0;1;1;0;1
-*_alexrpp;0;0;0;0;0;2;0;0;0
-*basherrard;0;0;0;1;0;0;1;1;1
*i_0096;1;11;2;2;0;25;15;3;8
*postComments_90;1;11;2;2;0;25;15;3;8
*postDate_16-10-2025;52;55;117;118;6;127;129;86;98
-*amande_verly;0;1;0;1;0;0;0;0;0
-*julieconti___;0;0;0;0;0;1;1;0;0
-*frosty_jones28;0;0;0;0;0;0;1;0;0
-*2ble_h;0;0;0;0;0;1;1;0;0
-*richard_skvn;0;0;0;0;0;0;1;0;0
-*helga_guillaume;0;0;0;0;0;2;1;1;0
-*_maelystedecourses_;0;0;0;0;0;3;1;0;0
-*priscillialou;0;0;0;0;0;0;0;0;1
-*mrpurple_;0;0;0;0;0;2;0;0;0
-*fanny_02469;0;0;0;0;0;1;1;0;1
-*ga_ii_ou;0;1;0;0;0;0;0;0;0
-*tita___passionsunset;0;0;0;1;0;0;0;0;0
-*somagix_b;0;0;0;0;0;1;0;0;0
-*st_ela_ris;0;0;2;0;0;3;0;1;1
-*reywox;0;0;0;0;0;0;0;0;0
-*pennyble_;0;0;0;0;0;1;0;0;0
-*weirdollie_;0;1;0;0;0;1;0;0;0
-*l_homme_des_montagnes;0;0;0;0;0;1;0;0;0
-*antoinelevadoux;0;0;0;0;0;0;0;0;1
-*lylyb_11;0;0;0;0;0;1;0;0;0
-*hugo_lcltr;0;0;0;0;0;1;0;0;0
-*benjaminrighetti;0;0;0;0;0;4;2;1;1
-*all_is_well_hb;0;1;0;0;0;0;0;0;0
-*she_hate_nico;0;0;0;0;0;0;0;0;1
-*marjorie_dupuis11;0;0;0;0;0;1;0;0;0
-*henridesaussure;0;1;0;0;0;0;0;0;4
*i_0097;0;6;4;1;0;8;7;2;50
-*peintout;0;0;2;0;0;1;0;1;7
-*gallifreyfoundation;0;2;1;0;0;1;2;1;13
-*phenix_en_soi;0;1;0;1;0;0;1;0;8
-*angrie_gaga;0;1;0;0;0;0;0;0;2
-*gwe_kr;0;1;0;0;0;1;2;1;2
-*xfurevail;0;0;0;0;0;0;0;0;1
-*talyssajulliard;0;0;1;0;0;0;0;0;1
-*c_a_vt;0;1;0;0;0;2;0;0;0
-*jenny_coutaz;1;1;0;0;0;0;1;0;0
-*eliias_94;0;0;0;0;0;0;0;0;1
-*seblbu;0;0;0;0;0;1;0;0;2
-*salomee_gay;0;0;0;0;0;0;0;0;1
-*dickmelanie;0;0;0;0;0;0;0;0;1
-*annelehleh;0;0;0;0;0;0;0;0;1
*i_0098;12;2;84;1;3;19;37;6;2
*postLikes_22900;12;2;84;1;3;19;37;6;2
*postComments_293;12;2;84;1;3;19;37;6;2
*postReposts_2.5K;12;2;84;1;3;19;37;6;2
*commentLikes_268;0;0;1;0;0;0;0;0;0
-*asladino07;0;0;0;1;0;0;1;0;0
-*olfaby;0;0;0;0;0;0;1;0;0
-*leilouche932022;0;0;0;0;0;0;3;0;0
-*tahani6164;1;0;0;0;0;0;0;0;0
-*isira7;0;0;0;0;0;0;1;0;0
-*circusextra;0;0;0;0;0;1;0;0;0
*commentLikes_164;1;0;1;0;0;2;0;0;1
-*chocos_loco;1;0;0;0;0;0;0;0;0
*commentLikes_155;0;0;1;0;0;0;0;0;0
-*selenemarshallmellow;0;0;1;0;0;0;0;0;0
-*kehena05;0;0;1;0;0;0;0;0;0
*commentLikes_524;0;0;1;0;0;0;0;0;0
-*emfrenckpriv;0;0;0;0;0;0;1;0;0
*commentDate_24-10-2025;42;80;78;17;10;147;167;230;48
-*derspieler02;0;0;0;0;0;0;1;0;0
-*shamssamby_freepalestine;0;0;1;0;0;0;0;0;0
-*melanieferfer;0;0;1;0;0;2;0;0;0
-*alorsondanse_stro;0;0;1;0;0;1;0;0;1
-*djmale19;0;0;0;0;0;0;1;0;0
-*massa_giovann;0;0;1;0;0;0;0;0;0
*commentLikes_410;0;0;2;0;0;0;0;0;0
-*snaukee;0;0;1;0;0;1;0;0;0
-*runhit974jc;0;0;1;0;0;0;0;0;0
-*blan5726;0;0;2;0;0;0;0;0;0
-*_k_e_l_l_y_t_a_;0;0;0;0;0;1;1;0;0
-*kalbimon_amis;1;0;0;0;0;0;0;0;0
-*francoiseschiano;0;0;0;0;0;0;1;0;0
-*snowshinetoday;1;0;0;0;0;0;0;0;0
-*alain_et_l;0;0;1;0;0;0;0;0;0
-*forex_london_gbp;0;0;1;0;0;0;0;0;0
-*go_wiz;0;1;0;0;0;3;0;0;0
-*la_trinidad66;0;1;1;0;0;0;0;0;0
-*jessy_appenzell;0;0;2;0;0;0;0;0;1
-*radioeiffeltranslation;0;1;1;0;0;0;3;1;0
-*badia_elk;0;0;0;0;0;0;0;1;0
-*el_amazonico_;1;0;0;0;0;0;0;1;0
-*mariecatherine_dumont_9;0;0;0;0;0;1;0;1;0
-*najat_bakkali;1;0;0;0;0;0;0;0;0
-*sofeegraphiste;1;0;0;0;0;0;0;0;0
-*izzie_de_lywoo;0;0;1;0;0;0;0;0;0
-*okbi_kebabi_9;0;0;0;0;0;0;0;1;0
-*l_s_a2023;0;0;1;0;0;0;1;1;0
-*asma_b_jabra;0;0;2;0;0;0;0;0;0
*i_0099;1;4;1;0;1;13;13;41;18
*postComments_57;2;9;1;1;1;30;23;46;32
-*nyldir;0;0;0;0;0;1;3;12;2
-*clemb_ind;0;0;0;0;1;3;5;5;1
-*lucie_raemy;0;0;0;0;0;5;3;11;6
-*digging_for_truegold;0;0;0;0;0;1;0;2;2
-*marie_rm_87000916;0;1;0;0;0;0;0;0;0
-*noemie141995;0;0;1;0;0;0;0;2;0
-*michelecorinne;0;1;0;0;0;0;0;0;0
-*alison__w__;0;0;0;0;0;0;0;1;0
*i_0100;7;1;0;0;0;3;0;0;1
*postLikes_8200;11;33;3;6;2;50;11;7;8
*postComments_48;23;10;3;0;2;10;5;15;17
-*byrderoxana;1;0;0;0;0;0;0;0;0
-*evelynevachoux;1;0;0;0;0;0;0;0;0
-*evodiee_t;0;0;0;0;0;1;0;0;0
*commentDate_8-2-2026;1;0;0;0;0;0;0;0;0
-*or_e_li_e;1;0;0;0;0;0;0;0;0
-*pochonmadeleine;0;0;0;0;0;0;0;0;1
-*marc_carmona_022;0;0;0;0;0;1;0;0;0
-*alexia_mori__;1;0;0;0;0;0;0;0;0
-*swiss_run;1;0;0;0;0;0;0;0;0
-*judhert_;0;1;0;0;0;0;0;0;0
-*camilleliae;0;0;0;0;0;0;0;0;0
-*fl_ori4n;0;0;0;0;0;0;0;0;0
*i_0101;3;1;4;0;1;0;4;26;9
*postComments_54;16;10;7;1;15;8;11;28;14
-*swissfrijol;0;0;0;0;0;2;1;5;0
-*nabil___nabil1515;0;0;0;0;0;0;0;9;2
-*vali_ldr;0;3;0;0;0;0;0;1;0
-*74_momijigari;0;0;0;0;0;0;0;1;0
-*grimwaldes;0;0;0;0;0;0;0;1;0
-*perecorts;0;0;0;0;0;0;0;0;1
-*toniouldry;0;0;0;0;0;0;1;0;0
-*herdianii;0;0;0;0;0;0;0;0;0
-*allemannchristian;0;1;1;0;0;1;4;1;0
-*xavierpansier;1;1;0;0;0;0;0;1;1
*i_0102;1;0;0;0;0;1;0;1;1
-*gates_atw;1;1;0;0;0;0;0;0;0
-*domainedumontdor;0;0;0;0;0;1;0;0;0
-*18bryan90;0;0;0;0;0;0;0;0;1
*i_0103;1;19;1;1;0;10;7;3;0
-*tatooalli;0;0;0;0;0;0;0;1;0
-*da_1_7;0;0;0;0;0;1;0;0;0
-*mike_deeem;0;1;0;0;0;0;0;0;0
-*jonhtonofficiel;0;1;0;0;0;0;0;0;0
-*jos_lemystic;3;0;0;0;0;0;0;0;0
-*hugomatos81;0;1;0;0;0;0;0;0;0
-*angeliiitoo_;0;5;0;0;0;0;0;0;0
-*fadil_pirate;0;0;0;0;0;1;0;0;0
-*nouchnouch24;0;0;0;0;0;0;0;0;0
-*sabri_sabras;1;1;0;0;0;0;0;0;0
-*unicornfromearth;0;1;0;0;1;0;1;0;0
*i_0104;0;2;0;0;0;13;5;0;0
-*sophie_e_cool;0;0;0;0;0;1;0;0;0
-*pierrre_gzn;0;0;0;0;0;1;0;0;0
*i_0105;1;6;21;113;0;27;39;1;8
*postComments_313;1;6;21;113;0;27;39;1;8
-*mathieutaillefert37;0;0;0;0;0;0;1;0;0
*commentLikes_405;0;0;0;1;0;0;0;1;0
-*malyk_bzn;0;0;0;3;0;0;1;0;0
-*xyzleony;0;4;6;2;0;11;9;2;0
-*tanguy_lh;0;1;1;1;0;0;0;0;0
-*tonyjay22;0;1;0;1;0;0;0;2;0
-*antoundus;0;0;0;1;0;0;0;0;0
-*anneadonia;0;0;0;0;0;1;0;0;0
-*notinotton;0;0;0;0;0;0;1;0;0
-*anne_roduit;0;0;0;1;0;0;0;0;0
-*numa_final;0;0;0;1;0;0;1;0;0
-*loiseauvermillon;1;0;1;0;0;0;1;0;0
-*ryzze_up_4teamate;0;0;3;0;0;2;0;1;0
-*christophe_ramey;0;0;0;2;0;0;0;0;1
-*luchettarentchnik;0;0;0;1;0;2;0;0;0
-*noah_ldr_;0;0;0;1;0;1;1;0;0
-*elinejeannin;0;0;1;1;0;5;2;1;1
-*anqui61;0;0;0;1;0;0;0;0;0
-*el_egmu;0;0;2;0;0;0;2;0;0
-*raphael_grall;0;0;0;0;0;0;1;0;0
-*mikeboat350;0;0;0;1;0;2;0;0;0
-*adrienbahoz;0;0;2;0;0;0;1;3;1
-*salutcestloan;0;0;0;1;0;0;0;0;0
-*avril_jam;0;0;0;1;0;0;0;0;0
-*jeanfrancois_perrier;0;0;0;1;0;0;0;0;0
-*mn_antho_25;0;1;0;4;0;0;0;0;2
-*ken_michel_8b;0;0;0;1;0;0;0;0;0
-*forzabianconeri;0;1;1;1;1;7;1;2;1
-*__dave_id__;0;0;0;1;0;0;0;0;0
-*mux2905;0;0;0;1;0;0;0;0;1
-*sergentdob;0;0;0;2;0;1;0;1;0
-*luciennechatagny;0;0;0;1;0;1;0;0;0
-*franziskakis;0;0;0;0;0;0;1;0;0
-*flav_0090;0;0;0;0;0;1;0;0;0
*i_0106;14;3;0;0;0;7;1;1;1
*postComments_80;21;11;26;2;3;37;36;119;14
-*neilethiry;0;0;0;0;0;1;0;0;0
-*mmgk92;0;1;0;0;0;0;0;0;0
-*chriscents;0;0;0;0;0;1;0;0;0
-*chazzy_kazadi;1;0;0;0;0;0;0;0;0
-*skboxingua;0;1;0;0;0;0;0;0;0
-*kiks___;1;0;0;0;0;0;0;0;0
-*ckaslan7;1;0;0;0;0;0;0;0;0
-*stolliqi_;1;0;0;0;0;0;0;0;0
-*zorg_87;0;0;0;0;0;1;0;0;0
-*brodardandre;0;0;0;0;0;1;0;0;0
-*krispictur;1;0;0;0;0;0;0;0;0
-*fightfactory__;1;0;0;0;0;0;0;0;0
-*ms_sryy;1;0;0;0;0;0;0;0;0
-*mann_mryy;0;0;0;0;0;0;0;0;1
-*rudyliaudat4;1;0;0;0;0;0;0;0;0
-*be_ne9662;1;0;0;0;0;0;0;0;0
-*itsbjornr;0;0;0;0;0;1;0;0;0
-*maelle_imwin;0;0;0;0;0;1;0;0;0
-*mitchen32;1;0;0;0;0;0;0;0;0
-*calimeritoo;1;0;0;0;0;0;0;0;0
-*baechlercedric;1;0;0;0;0;0;0;0;0
-*xandissmo;1;0;0;0;0;0;0;0;0
-*ilir___abazi;0;0;0;0;0;0;1;0;0
-*david_napoletano;0;0;0;0;0;0;0;2;0
*commentDate_21-1-2026;1;0;0;0;0;0;0;0;0
-*duel_fighting;1;0;0;0;0;0;0;0;0
-*jeanmichel_berthet_74;0;0;0;0;0;1;0;0;0
-*faelicius_;0;0;0;0;0;0;0;0;0
*i_0107;11;0;0;0;1;1;1;2;0
*postLikes_15700;11;0;0;0;1;1;1;2;0
-*rafou_mendes;1;0;0;0;0;0;0;0;0
-*melissakrummenacher;1;0;0;0;0;1;0;0;0
-*gwenn_m_n_t;0;0;0;0;1;1;0;0;0
-*jimbaltensperger4264;1;0;0;0;0;0;0;0;0
-*leutrimee;1;0;0;0;0;0;0;0;0
*i_0108;1;1;8;12;0;35;28;7;3
*postDate_17-10-2025;26;52;68;191;5;205;212;52;103
*commentLikes_323;0;1;0;0;0;1;0;1;0
-*mathieu_gnv;0;0;0;0;0;1;0;0;0
*commentLikes_245;0;0;1;0;0;1;5;0;0
-*0_antho_0;0;1;0;0;0;0;0;0;0
-*celeste_neto;0;0;0;0;0;0;2;1;0
-*osmos_sahli;0;0;0;0;0;0;1;1;1
-*operation_pinkye;1;0;2;1;0;2;4;0;0
-*carlito_actumoto;0;0;0;0;0;0;1;0;0
-*mr_regisluka;0;0;0;0;0;3;1;0;0
-*vic_brt_;0;0;0;0;0;1;0;0;0
-*ameliefrison_art;0;0;0;1;0;0;0;0;0
-*katangaaaa;0;0;0;0;0;1;0;1;0
-*baya23_27;0;0;0;0;0;1;0;0;0
-*cl0sterr;0;0;0;1;0;0;0;0;0
-*lisaaa___g;0;0;0;0;0;1;2;0;0
-*nyaaeliesayeayesaucy;0;0;0;0;0;0;0;1;0
-*benjamin_bc3;0;0;0;0;0;0;0;0;0
-*melstardust1990;0;0;0;0;0;1;0;1;0
-*galenmachine;0;0;0;0;0;0;1;1;0
-*marcelortizgeneve;0;0;0;0;0;1;0;0;0
*i_0109;4;1;4;1;0;30;16;1;1
*postComments_103;5;5;9;10;1;71;31;5;1
-*tania___paz;1;0;0;0;0;0;1;2;0
-*kash______kash;0;1;0;0;0;0;0;0;1
-*michl_atmosphere;0;0;1;0;0;0;1;0;0
-*audreysnn_;0;0;0;0;0;0;1;0;0
-*lagaellance;0;0;0;0;0;0;1;0;0
-*awkward_explorator;0;0;0;0;0;2;0;0;0
-*hugoe_97;0;0;1;0;0;0;3;0;1
*i_0110;0;10;6;15;0;21;24;4;1
*postComments_101;3;14;11;39;1;52;70;19;14
-*valiina_s;0;0;0;0;0;1;2;1;0
-*nico_2k10;0;0;2;0;0;1;1;0;0
-*el_tekitto;0;2;0;1;0;0;0;0;0
-*ciel_elsner;0;0;0;0;0;0;2;0;0
-*t1m3str3tch_th3_p0l1c3;0;0;2;0;0;1;0;0;0
-*jspcommetuv;0;0;0;0;0;1;1;0;1
-*kemi_sbt;0;0;0;0;0;0;3;0;0
-*toubasarai;0;0;0;0;0;0;0;0;0
-*arnaud_wist;0;0;0;0;0;0;1;0;0
-*guiguizmo04;0;0;0;0;0;1;1;0;0
-*pacosme_gep;0;0;0;0;0;3;3;0;2
-*vao_da_luz;0;0;0;0;0;0;1;1;0
-*remihuber;0;0;0;0;0;1;0;0;0
-*ranger_noir1;0;0;0;0;0;0;1;0;0
*i_0111;1;4;3;1;0;4;5;21;3
-*joseph_dido;0;0;0;0;0;0;0;0;0
-*eugeeenie_;0;0;0;0;0;0;0;1;1
-*yannickferrari;0;0;0;1;0;0;0;0;0
-*julien_burlot;0;0;0;0;1;0;0;0;1
-*_do_riane;0;1;0;0;0;0;0;0;0
-*loicbonvin;0;0;1;0;0;0;0;0;1
-*__ysjt__;0;0;0;0;0;0;1;0;1
*i_0112;1;0;1;0;0;4;0;0;0
-*dalverni;0;0;0;0;0;2;0;0;0
-*julienjujubarbey;0;0;0;0;0;1;0;0;0
*i_0113;0;4;0;1;1;5;1;0;15
-*kikarudegirl;0;0;0;0;0;1;0;0;0
-*loulzerh;0;1;0;0;0;0;0;1;1
-*moecklidaniel;0;0;0;0;0;1;0;0;1
-*teva_cue;0;0;0;0;0;0;0;0;1
-*photofragmentsacre;0;0;0;0;0;0;0;0;1
-*jack89;0;0;0;0;0;0;0;0;2
-*photeaupassionplongee;0;0;0;0;1;0;0;0;0
-*freddavid1978;0;0;0;0;0;2;2;1;2
-*solal_dej0ng;0;0;0;1;0;0;0;0;0
-*maskzbl;0;0;0;0;0;1;0;0;0
*i_0114;1;0;0;0;0;5;5;4;1
*postLikes_369;1;0;0;0;0;5;5;4;1
*commentDate_27-10-2025;63;95;277;8;3;118;138;123;53
-*thankyouoliver;0;0;0;0;1;1;3;1;2
*i_0115;1;2;1;0;1;6;6;0;3
-*abigaildelik;0;0;0;0;0;1;0;0;0
-*filippinho_;0;0;0;0;0;0;1;0;0
-*hug00dbyair;0;0;0;0;0;0;1;0;0
-*img78591356;0;0;0;0;0;3;0;1;0
-*mx_favre;0;1;0;0;0;0;0;0;0
-*late_night_1;0;0;0;0;0;0;1;0;0
*i_0116;3;1;0;0;0;0;3;0;2
*postLikes_10700;4;11;1;0;0;7;14;1;2
-*2chatounettesenvandrouille;0;0;0;0;0;0;1;0;0
-*rywalskithomas;1;0;0;0;0;0;0;0;0
-*withthesunglasses;0;1;0;0;0;0;0;0;0
-*maeva_stefanutto;0;0;0;0;0;0;1;0;0
-*m_gtf;1;0;0;0;0;0;0;0;0
-*thomaasbuttex;0;0;0;0;0;0;1;0;0
-*paradis_en_famille;0;0;0;0;0;0;0;0;0
-*leacha13;0;0;0;0;0;0;0;0;1
*i_0117;11;23;40;157;3;77;112;10;5
*postLikes_6900;23;80;57;170;14;210;262;267;135
*postComments_675;11;23;40;157;3;77;112;10;5
-*ibnr8;0;0;0;0;0;1;0;0;0
*commentLikes_162;0;0;1;2;0;0;1;0;0
-*florian_lovis;0;0;0;1;0;0;0;0;0
-*feria4ever;0;0;1;1;0;0;6;0;0
-*nicolas_duna;0;0;0;1;0;0;1;0;0
-*hourihawa;0;0;0;1;0;0;0;0;0
-*simonabrunelferrarelli;0;0;0;1;0;0;2;0;0
-*healerskinner;0;0;0;0;0;0;1;0;0
-*bloch2300;0;1;0;2;0;1;0;0;0
-*chachevall8;0;0;1;1;0;0;1;1;0
-*dom_s_photography;0;0;0;1;0;0;0;0;0
-*jack6711;0;0;0;1;0;0;0;0;0
*commentLikes_377;0;0;0;1;0;0;0;0;0
-*theoleger21;1;0;0;0;0;0;1;2;0
-*lucienpochon;0;0;0;0;0;2;3;0;0
-*kanaelle_roiyaru;0;0;0;1;0;5;0;1;2
-*satine_21;0;0;0;2;0;1;0;1;0
-*catouille79;0;0;0;1;0;2;2;0;0
-*joy_n_sky;0;0;0;1;0;0;0;0;0
-*trotinette1199;0;2;0;1;0;0;1;0;1
-*alex_peuf;0;0;0;1;0;0;1;0;0
-*abdn78;0;0;1;0;0;1;1;0;0
-*yvelin_rouiller;0;0;0;1;0;0;0;0;0
-*lucas_rossier;0;0;0;0;0;1;0;0;0
-*julien_1135;0;0;1;3;0;0;1;0;0
-*badoudba;0;0;0;1;0;1;0;0;0
-*ruskov1820;0;0;1;1;0;2;2;0;1
-*rossieraurelie;0;0;0;1;0;2;0;1;0
*commentLikes_187;0;0;0;1;0;1;0;0;0
-*manfred_buhler;0;0;0;1;0;0;1;0;0
-*ukarage;0;0;0;0;0;1;0;0;0
-*antoinvua;0;0;0;1;0;0;0;0;0
-*romaincuttat;0;0;0;1;0;0;0;0;0
-*victor_bmf;0;0;0;2;0;1;1;0;0
-*fab67rueg74;0;0;0;1;0;0;1;0;0
-*luca_bsmt;0;1;0;0;0;0;0;0;0
-*kane0920_pilc;0;0;0;0;0;2;0;0;0
-*j_danielmercedes_r;0;0;0;1;0;0;0;0;0
-*mister_h_pm;0;0;1;4;0;1;0;0;0
-*badoux02;1;0;0;1;0;0;0;0;0
-*djocasteam;0;0;0;2;0;0;1;0;0
-*louism_ch;0;1;1;1;0;2;1;0;0
-*maissaa__m;0;1;1;1;0;1;2;0;0
-*boxtrom51;0;0;0;0;0;0;0;0;0
-*math_i5447;0;0;0;0;0;1;0;0;0
*commentLikes_346;0;0;0;0;0;1;0;0;0
-*pascalechrp;0;0;0;0;0;1;0;0;0
-*des_influence_et_re_apprend;0;0;0;1;0;0;0;0;0
-*ju_verg;1;0;0;0;0;0;0;0;0
-*hey_ptite;0;0;0;0;0;0;0;1;0
-*crazy_pamy;0;0;0;4;0;1;0;0;1
-*anneclairechjdub;0;0;0;1;0;0;0;0;0
-*jasminemetrailler;0;0;0;1;0;0;0;0;0
-*nico100775;0;0;0;1;0;1;0;0;0
-*schmul62;0;0;0;1;0;0;0;0;0
-*floriancollaud;0;0;0;0;0;0;1;0;0
-*chris_2109g;0;0;0;1;0;0;0;0;0
-*insta_side_part;0;0;0;0;0;0;1;0;0
-*satya_chauvin;0;1;0;0;0;0;0;0;0
-*chouquetta76;0;0;0;2;0;3;2;2;0
-*sabine_marchon;0;0;0;1;0;1;0;0;0
-*catoupascat;0;0;0;0;0;2;0;1;0
-*patricia_gander;0;0;0;0;0;1;0;0;0
-*remigallet06;0;0;0;1;0;0;0;0;0
-*cedric_kr_ch;0;0;0;1;0;0;0;0;0
-*suizoalbornoz;0;1;0;0;0;0;0;0;0
-*lilsjasm;0;0;0;0;0;1;0;0;0
-*iramooor;0;0;0;0;0;1;0;0;0
-*f5htr;0;0;0;0;0;2;0;0;0
-*d_m88880;0;0;1;0;0;1;1;1;0
-*_voirolk_;0;0;0;0;0;0;0;1;0
-*vonaeschsara;1;0;0;0;0;0;0;0;0
-*tontonmusik;0;1;0;0;0;0;0;0;0
-*brigitteatonia;0;1;0;0;0;1;0;0;0
-*zeltnersandra;0;0;0;0;0;1;1;0;0
-*rose_ombrageux;1;0;0;0;0;0;0;0;0
-*chaletauxmilleplantes;1;0;0;0;0;0;0;0;0
-*dany_brz14;0;0;0;0;0;0;0;1;0
-*leosh_dha;0;0;0;0;0;0;1;0;0
-*brmcmartins;0;0;0;0;0;0;1;0;0
*i_0118;3;5;2;3;0;8;6;5;67
-*sarah_pilo__;0;0;0;0;0;0;0;0;1
-*paulcybersushi;0;0;1;0;0;0;1;0;2
-*maud1830;0;0;0;0;0;0;0;0;1
-*lyli_loyd;0;0;0;0;0;0;0;0;3
-*michellezalcman;0;0;0;1;0;0;0;0;1
-*lea_kian;0;0;0;0;0;0;0;0;1
-*katetanca;0;0;0;0;0;0;0;0;1
-*lilicastro8;0;0;0;0;0;1;0;0;1
-*lcornalino;0;0;0;1;0;1;0;0;1
-*_thaleaa;0;1;0;0;0;0;0;0;0
-*mariocozzula;0;0;0;0;0;0;0;0;1
-*ua_vlad_777_ch;0;0;0;0;0;1;0;0;0
-*amina_znddn;0;0;0;0;0;0;0;0;1
-*kunda1er;0;0;1;0;0;0;1;0;0
-*origilan_;0;0;0;0;0;0;1;0;4
-*atprieur;0;0;0;0;0;0;0;0;2
-*fatiaeberle;0;0;0;0;0;1;0;0;0
-*novalolanova;0;0;0;0;0;1;0;0;1
-*arianeblubru;0;0;0;0;0;0;0;0;2
-*baptistelpr;0;1;0;0;0;0;0;0;0
-*madi_ido;0;0;0;0;0;0;0;0;1
-*mr_gerti;0;0;0;0;0;0;0;0;1
-*lorun14;0;2;1;0;0;0;0;0;0
*i_0119;0;1;3;1;0;10;6;0;2
-*dianabpics;0;0;0;0;0;0;0;0;0
-*evangelion_guy;0;0;0;0;0;1;0;0;0
-*queenzeiya;0;0;0;0;0;0;0;0;1
-*love_of__you;0;0;0;0;0;1;0;0;0
-*vrnikkizana;0;0;0;0;1;0;0;0;0
-*aslilizy;0;0;0;0;0;1;1;0;1
*i_0120;0;1;0;0;0;2;3;1;1
*postDate_18-10-2025;12;19;78;3;3;48;41;43;20
-*artypique_galerie;0;0;0;0;0;0;1;0;0
*commentDate_11-1-2026;0;0;0;0;0;1;0;0;0
-*a_lazz_folie;0;0;0;0;0;1;0;0;0
-*gfaust_art;0;0;0;0;0;0;1;0;1
*i_0121;3;0;0;0;0;6;1;2;2
-*angele_klein;1;0;0;0;0;0;0;0;0
-*nathalieboothbriquet;0;0;0;0;0;0;0;1;0
-*diaanadacosta;0;0;0;0;0;0;0;0;0
-*flams;0;0;0;0;0;0;0;0;1
*i_0122;1;2;0;0;0;1;1;0;0
-*yaann461;0;0;0;0;0;0;0;0;0
-*frederictedeschi;0;0;0;0;0;1;0;0;0
*i_0123;1;10;74;3;1;12;25;5;3
-*lorisuals;0;0;0;0;0;0;1;0;0
-*kodokush186;0;0;2;0;0;0;0;0;0
-*louis_justin_khalife;0;1;0;0;0;0;0;0;0
-*phil_ra2p;0;0;0;1;0;0;0;0;1
-*karine_sdc;0;0;5;0;0;0;0;1;0
*commentLikes_378;0;0;1;0;0;0;0;0;0
-*dahmanesalaheddine;0;0;0;0;0;0;0;0;0
-*karyguen;0;0;0;0;0;0;0;0;0
-*sabribkd;0;0;1;0;0;0;0;0;0
-*andrea_lazy;0;0;0;0;0;0;1;0;0
-*marillon31;0;0;0;0;0;1;1;0;0
-*zeina9846;0;0;1;0;0;0;0;0;0
-*hugosobral76;0;0;1;0;1;3;0;2;0
-*sheyshey74;0;0;3;0;0;0;2;0;0
-*krummenacherblaise;0;0;1;0;0;0;1;0;1
-*amaru_leo;0;0;2;0;0;0;0;0;0
-*loris_gambellin;0;0;0;0;0;1;0;0;0
-*amirlofski;0;0;0;0;0;0;1;0;0
-*romaine_c;0;0;0;0;0;0;1;0;0
-*lsrs94;0;0;1;0;0;0;0;0;0
-*meryem_iksnabos;0;0;1;1;0;0;0;0;0
-*fabencouleur;0;1;2;0;0;0;0;2;0
-*tangerino298;0;1;1;0;0;0;0;0;0
-*lxuana;0;0;0;0;0;0;0;0;0
-*r_k_fabienne;3;0;0;0;0;0;0;0;0
-*archangelias;0;0;1;0;0;0;0;0;0
-*thefoster__;0;1;1;0;0;2;0;1;0
-*mshinzy143;0;0;3;0;0;4;0;0;0
-*brahim__amadane;0;0;2;0;0;0;0;0;0
-*triciaesp;0;0;1;0;0;0;0;0;0
*i_0124;1;1;3;0;0;3;3;13;1
*postComments_40;4;16;4;0;1;24;20;25;5
-*brnflor;0;0;0;0;0;0;0;2;0
-*berkovits26;0;0;1;0;0;0;0;0;0
-*i_nuzzz;0;0;0;0;0;1;0;0;0
-*27_horses;0;0;0;0;0;0;1;1;0
*i_0125;0;3;0;0;1;7;2;4;9
-*urbanmews;0;0;0;0;0;1;3;0;5
-*kuitch;0;0;0;0;1;0;1;0;0
-*schtampon;0;0;0;0;0;0;0;0;1
-*binejamine;0;1;0;0;0;1;0;1;2
-*aihtnyc93;0;0;0;0;0;1;0;0;1
-*davlefrigo;0;4;1;1;0;5;3;1;3
*i_0126;1;0;1;0;0;13;4;13;1
*postReposts_55;1;0;1;0;0;13;4;13;1
-*benoit_lapalud;0;0;0;0;0;1;0;0;0
-*gaia_slmn;0;0;0;0;0;0;0;3;0
-*baumanncircu;0;0;0;0;0;1;0;1;0
-*flo_flo_ku;0;0;0;0;0;1;0;1;0
-*physionuki;0;0;0;0;0;0;0;1;0
-*pierre_alec_emery;0;1;0;0;0;0;0;2;0
-*golaysylvie;0;0;0;0;0;1;0;0;0
-*ml_flamm;0;0;0;0;0;0;1;1;0
-*sarmed_alshk;0;0;0;0;0;0;0;1;0
-*syl_lor;0;0;0;0;0;0;1;0;0
-*ma_nonne;0;0;0;0;0;0;0;1;0
-*math_o_o;0;0;0;0;0;0;0;1;0
-*jomigtacos;0;0;0;0;0;0;0;1;0
*i_0128;1;1;0;0;1;1;1;3;1
-*marilynmartinofavre;1;0;0;0;0;0;0;0;0
-*gloriodpascal;0;0;0;0;1;0;0;0;0
-*berenjenazul;0;0;0;0;0;0;0;0;1
-*didieretevenard;0;1;0;0;0;0;0;0;0
*i_0129;4;1;0;0;0;3;1;2;2
*postLikes_14900;8;5;0;0;1;3;1;18;25
-*andrea_esthetique;1;0;0;0;0;0;0;0;0
-*locafete_ch;0;0;0;0;0;1;0;0;0
-*aure__lia__;1;0;0;0;0;0;0;0;0
-*centuryfinance_ch;0;0;0;0;0;1;0;2;1
-*maelle_hotyoga_teacher;1;0;0;0;0;0;0;0;0
-*liloulette78;1;0;0;0;0;0;0;0;0
-*m_lo0301;0;0;0;0;0;0;0;0;1
-*lilini231;0;0;0;0;0;0;1;0;0
-*armendm26;0;0;0;0;0;0;0;0;0
-*hub_corinne;0;0;0;0;0;0;0;0;0
-*lecaracrose;0;0;0;0;0;0;0;1;0
*i_0130;0;0;0;0;0;0;1;0;0
*postDate_19-10-2025;28;95;154;17;9;155;205;204;71
*i_0131;1;2;4;0;0;1;2;0;0
-*arianeeliaz;0;0;1;0;0;0;0;0;0
*i_0132;0;1;3;0;0;7;14;1;0
-*maxence_rime_avec_essence;0;0;0;0;0;0;2;0;0
-*tonymohps;0;1;0;0;0;2;1;0;0
-*al_starkos;0;0;1;0;0;1;4;1;0
*i_0133;2;14;1;1;0;10;2;2;2
-*apom66;0;0;0;0;0;0;0;0;0
-*eusoutom_;0;0;1;0;0;3;9;1;0
-*lessouvenirsdusenegal;0;0;1;0;0;2;0;0;0
-*earth_to_sibel;1;0;0;0;0;0;0;0;0
-*ghilisandrine;0;1;0;0;0;0;0;0;0
-*gasparddesmontagnes;0;0;0;0;0;1;0;0;0
-*milady0813;0;0;0;0;0;0;0;0;0
-*niki_16lo;0;0;0;0;0;0;0;1;0
-*le_dave6834;0;0;0;0;0;1;0;0;1
-*elianemichelbaki;0;1;0;0;0;0;0;1;0
-*sa_sha_off;0;1;0;0;0;0;0;0;0
-*chrisfatana;0;0;0;0;0;1;0;0;0
-*jenni_scarlett_98;0;1;0;0;0;0;0;0;0
-*captflorence;0;1;0;0;0;0;0;0;0
-*loulie___;0;0;0;0;0;2;0;0;0
-*daviid_gza;0;1;0;0;0;0;0;0;0
-*nutritionist_dr_sarasalman;1;0;0;0;0;0;0;0;0
-*estelleemyra;0;0;0;0;0;0;1;0;0
-*dr_adee_ray;0;0;0;0;0;1;0;0;0
-*tamarlolashvili33;0;1;0;0;0;0;0;0;0
*i_0134;3;12;2;2;0;60;12;2;10
*postComments_145;3;12;2;2;0;60;12;2;10
-*rebelo_cidalia;1;1;0;0;0;1;3;1;0
*commentLikes_343;0;0;0;0;0;3;0;0;0
-*mrsandreia;0;0;0;0;0;3;0;0;0
-*roberta__rm;0;0;0;0;0;1;0;0;0
*commentLikes_297;0;0;0;0;0;1;0;0;0
-*fleur_bleue__;0;0;0;0;0;1;0;0;0
-*_olga_pereira_;1;0;0;0;1;0;0;0;1
-*irina0488;0;0;0;0;0;1;0;0;0
-*valou_herbez;0;0;0;0;0;1;0;0;0
-*l_v_tik;0;0;0;0;0;0;0;0;1
-*angeldustw;0;0;0;0;0;1;0;0;0
-*edjo_ka_1;0;0;0;0;0;1;2;0;0
-*jesse_photography87;0;0;0;0;0;1;0;0;0
-*julienboubi;0;0;1;0;0;4;0;1;0
-*__jessyvega;0;0;0;0;0;1;0;0;0
-*catelinebntf;0;0;0;0;0;0;2;0;0
-*jacquelinejpo;0;0;0;1;0;1;1;0;0
-*__12ethan23__;0;0;0;0;0;1;0;0;0
-*jessygva;0;0;0;0;0;0;0;0;1
-*zazie_de_lollipop;0;1;0;0;0;0;0;0;0
-*she_wolf1701;0;0;0;0;0;1;0;0;0
-*celinerykart;0;1;0;0;0;0;0;0;0
-*sabrina_milhone_f;1;0;0;0;0;0;0;0;0
-*fiauxfabienne;0;0;0;0;0;1;0;0;0
-*fatdeoual;0;3;0;0;0;0;0;1;0
-*marcm23_;0;1;0;0;0;0;0;0;0
-*sarazard_s;0;0;0;0;0;0;0;0;1
-*leonardo_swiss_yorkie;0;0;0;0;0;1;0;0;0
-*gigi_luba;1;0;0;1;0;0;0;0;0
-*alvescostaalice;0;0;0;0;0;0;0;0;1
-*geneva_bydana;0;0;1;0;0;2;0;0;0
-*missdominike;0;1;0;0;0;2;0;1;0
-*gts2000;0;1;0;0;0;0;0;0;0
-*domi_p_26;0;0;0;0;0;1;0;0;0
-*rosalia_gullifa;0;1;0;0;0;0;0;0;0
-*cdecrissy;0;1;0;0;0;0;0;0;0
-*allpitt;0;1;0;0;0;0;0;0;0
-*nat_ale_reina;0;0;0;0;0;0;0;0;0
-*alexandrajoaquins;0;0;0;0;0;0;0;0;0
-*lacucinadileti;0;0;0;0;0;0;0;0;0
-*anaparlier;0;0;0;0;0;0;0;0;0
*i_0135;3;4;0;0;0;0;0;0;2
-*roxana_rosu_18;1;0;0;0;0;0;0;0;0
-*valirock;2;0;0;0;0;0;0;0;0
-*olivier_bthr;0;0;0;0;0;0;0;0;1
-*lauretorello;0;3;0;0;0;0;0;0;0
-*petitecoccinellebleue;0;1;0;0;0;0;0;0;0
-*cyril_dpt;0;1;0;0;0;0;0;0;0
-*valepicerie_ch;0;0;0;0;0;0;0;0;1
*i_0136;8;1;1;0;0;0;2;1;0
*postReposts_217;8;1;1;0;0;0;2;1;0
-*flotschy;0;1;0;0;0;0;0;0;0
-*fabre931elsaesnoult;0;0;1;0;0;0;0;0;0
-*frencholi;0;0;0;0;0;0;1;0;0
-*dvd_mmnc;0;0;0;0;0;0;1;0;0
-*dctd_quentin;1;0;0;0;0;0;0;0;0
-*jeandroitard;0;0;0;0;0;0;0;0;0
-*_camillevalentine;1;0;0;0;0;0;0;0;0
-*hxfti;3;0;0;0;0;0;0;0;0
*i_0137;4;7;1;1;1;1;8;9;9
*postComments_84;8;15;9;2;5;51;41;32;45
-*10ilidia10;2;0;0;0;0;0;0;0;0
-*williamchalaby;1;0;0;0;0;0;0;0;0
-*charleserwan;0;0;0;0;0;0;0;0;1
-*jtornare72;0;0;0;0;0;1;3;1;3
-*marcwinteler1;0;0;0;0;0;0;0;0;1
-*manuhennet;0;0;0;0;0;0;1;0;0
-*danieldumartheray;0;0;0;0;1;0;0;0;0
-*aurelien_guala;0;0;0;0;0;0;0;0;0
-*flavio_qn;0;0;1;0;0;2;1;4;2
-*anpi_ginevra;0;0;0;0;0;0;1;0;0
-*ced_dumont;0;0;0;0;0;0;0;0;1
-*palamos1951;0;0;0;0;0;0;0;1;0
-*inspiration_nature_ch;1;0;0;0;0;0;0;0;0
*i_0138;1;7;17;2;0;11;45;6;0
-*michelechtigre;0;0;1;0;0;0;1;1;1
-*karlanunes77;0;0;0;0;0;0;3;0;0
-*phil_mahony;0;2;1;0;0;2;5;1;0
-*elias_chtb;0;0;0;0;0;2;2;0;1
-*felipe_0larte;0;0;0;0;0;0;0;0;0
*i_0139;4;13;119;5;1;18;35;3;0
*postComments_337;4;13;119;5;1;18;35;3;0
*postReposts_195;4;13;119;5;1;18;35;3;0
-*__e_kr;0;0;0;0;0;1;0;0;0
*commentLikes_260;1;0;0;0;0;1;0;0;0
-*virginie_helvetia;0;0;11;0;0;0;0;1;0
-*david_dexter_stucker;0;0;1;0;0;0;0;0;0
-*pimprenelle46;0;0;0;0;0;1;0;0;0
-*ju_layai;0;0;0;1;0;0;0;0;0
-*patrick_guedj;0;0;2;0;0;0;0;0;0
-*yanik2101;0;0;2;0;0;0;1;0;0
-*heidipoly;0;0;5;0;0;2;6;0;0
-*iliasgemperli;0;0;0;0;0;0;1;0;0
-*rado_47;0;0;1;0;0;0;0;0;0
-*jonas_znkl;0;0;2;0;0;1;0;0;0
-*lama_jbarah;0;0;1;0;0;0;0;0;0
*commentLikes_642;0;1;0;0;0;0;0;0;0
-*ingrid_halimi;0;1;2;0;0;0;3;0;0
-*acachabelkhodja;0;0;1;0;0;0;0;0;0
-*8442cesco;0;1;7;0;0;2;4;1;0
-*cam_saade;0;0;0;0;0;0;1;0;0
-*argjend_hasani_82;0;0;0;0;0;0;1;0;0
-*caroleon07;0;0;6;0;0;1;3;3;1
-*yakufl;0;0;1;0;0;0;0;3;0
-*siihem_oum_amine;0;0;2;0;0;0;0;0;0
-*salim_n2208;0;0;3;0;0;0;1;1;0
-*fitoussipaulofficiel;0;0;1;1;1;1;2;0;0
-*d_marc2326;0;0;0;0;0;1;0;0;0
-*titineetloulou;0;0;0;0;0;1;0;0;0
-*sufianhmmd;0;0;0;1;0;0;0;0;0
-*plavidvor1;0;0;1;0;0;2;0;0;0
-*nicole_duhamel1;0;0;1;0;0;0;0;0;0
-*maggy_sophia2003;1;0;0;0;0;0;0;0;0
*i_0140;0;0;0;0;0;1;0;1;0
*i_0141;2;34;6;6;7;46;84;179;48
*postComments_463;2;34;6;6;7;46;84;179;48
*commentLikes_156;0;0;3;0;0;1;2;1;0
-*scander_93;0;0;0;0;0;1;0;1;1
-*virgxebe;1;0;0;0;0;1;0;2;0
-*daniel_kolly;0;0;0;0;0;0;0;1;0
-*chencolina_mayer;0;1;0;0;0;1;1;2;0
-*nl_m42;0;0;0;0;0;3;0;0;0
-*ale_xception;0;0;0;0;0;0;0;1;0
-*theguyhome;0;0;0;0;0;0;0;1;1
*commentLikes_134;0;0;0;0;0;0;1;1;0
-*m__marques__;0;0;1;0;0;0;0;2;1
-*changxmaia;0;0;0;0;0;0;0;1;0
-*tzentey;0;1;0;0;0;1;0;0;0
-*mlleshadya2;0;1;0;0;0;6;5;7;0
-*vs_happiness;0;0;2;0;0;0;2;8;2
*commentLikes_1,242;0;0;0;0;0;0;1;0;0
-*mel_reisteixeira;0;0;0;0;0;0;1;0;0
-*alp_wildrocktraveler;0;0;0;0;0;0;1;1;0
-*velasquez_vs;0;0;0;0;0;0;0;1;2
-*sir__san;0;1;0;0;0;0;0;0;0
-*barrosgatelli;0;0;0;0;0;0;0;2;0
-*mike_mline;0;0;1;0;0;1;0;2;0
-*catalise_;0;0;0;0;0;1;1;0;0
-*erics_2023;0;0;0;0;0;0;2;1;0
-*blvmatt;0;0;0;0;0;0;1;0;0
-*eau2vies;0;2;0;0;0;0;0;0;0
-*_tdcc__;0;1;0;0;0;0;0;0;0
-*liam_pernet;0;0;0;0;0;0;0;1;0
-*valdubey;0;0;0;1;0;0;0;0;0
-*hache_il;0;0;0;0;0;0;1;0;0
-*diegax_;0;0;0;0;0;0;0;0;0
-*paradoxskull;0;0;0;0;0;2;0;5;0
-*sandraoscarlili;0;0;0;2;0;2;1;4;0
-*nadiatby;0;0;0;0;0;0;0;1;0
-*corinnestrohheker;0;0;0;0;0;0;0;1;0
-*gomesalvs_;0;0;0;0;0;0;0;1;0
-*val_endgame2;0;1;1;0;2;3;0;7;1
-*drapidrapo;0;0;0;0;0;0;1;0;0
*commentDate_31-10-2025;24;49;37;8;6;109;122;263;120
-*66_anselmo;0;0;0;0;0;1;0;0;0
-*ant_mtl_art;0;0;0;0;0;0;1;0;0
-*johannadpz;0;1;0;0;0;0;0;0;0
-*rafaelmarques_20;0;0;0;0;0;0;0;2;0
-*babka29;0;0;0;0;0;0;2;0;0
-*d4l1l;0;0;0;0;0;0;0;2;0
-*reset_bar_ch;0;0;0;0;0;0;0;1;0
-*spacee_sheep;0;0;0;0;0;0;2;1;0
-*val_fav96;0;0;0;0;0;0;0;1;0
-*aabd19;0;0;0;0;0;0;1;0;0
-*rosie_rosie_2012;0;0;0;0;0;0;0;1;0
-*migfz6;0;0;0;0;0;0;1;0;0
-*alexmueller4347;0;0;0;0;0;0;0;0;1
-*scm_bruno17;0;0;0;0;0;0;1;0;0
-*h0ndeeiv;0;1;0;0;0;0;0;0;0
-*_emmanra;0;1;0;0;0;0;1;0;0
-*pedrocosta84;0;0;0;0;0;0;0;2;0
-*caroleasensio;0;0;0;0;0;0;1;0;0
-*claraband0001;0;0;0;0;0;0;0;1;0
-*dianeletissia;0;0;0;0;0;0;0;1;0
*commentLikes_272;0;0;0;0;0;0;1;0;0
-*adam_mkni;0;0;0;0;0;0;1;0;0
-*clmfound23;0;0;0;0;0;0;1;0;0
-*vimaflowers;0;0;4;0;0;0;1;0;0
-*stephanescbrrs;0;1;0;0;0;0;1;0;0
-*deyan_marinov2;0;0;0;0;0;0;0;2;0
-*clembess;0;1;0;0;0;0;0;1;0
-*steffii2332;0;0;0;0;0;0;0;0;0
-*pybht;0;0;0;0;0;0;1;1;0
-*navoolo_199;0;0;0;0;0;0;1;5;0
-*tedmis18;0;0;0;0;0;0;0;1;0
-*sarah_pilt;0;0;0;0;0;2;0;2;2
-*erikaa2604;0;0;0;0;0;0;0;1;1
-*fee___eric;0;1;0;0;0;0;0;0;0
-*vierwaldstattersee;0;0;0;0;0;0;0;2;0
-*jzmn_37;0;0;0;0;0;0;0;1;0
*commentLikes_158;0;0;0;0;0;0;0;1;0
-*elolliaroundtheworld;0;0;0;0;0;0;0;1;0
-*uneamecurieuse;0;0;0;0;0;0;0;2;0
-*flip_pette;0;0;0;0;0;1;1;2;0
-*alain_2322;0;0;0;0;0;2;2;5;3
-*tibiloo;0;1;0;0;1;0;0;5;0
-*jojobr74;0;0;0;0;0;0;0;1;0
-*alexandref1975;0;1;0;0;0;0;0;0;0
-*crist_ianabrandalise;0;0;0;0;0;0;0;0;2
-*ak_sel_;0;0;0;0;0;0;1;0;0
-*mowtherofcats;0;0;0;0;0;0;0;2;0
-*la_schaffi;0;0;0;1;0;0;0;1;1
-*johnnyhzn85;0;1;0;0;0;0;0;0;0
-*arun_nva;0;0;0;0;0;0;1;0;3
-*cachinvincent;0;0;0;0;0;0;0;1;0
-*marco_vid12;0;0;0;0;0;0;0;1;0
-*the_bears_and_vanessa;0;0;0;1;0;0;2;0;0
-*biggimax;0;0;0;0;0;0;0;2;0
-*pil0u5;0;0;0;0;0;1;0;0;1
-*watsoniix;0;0;0;0;0;0;1;0;0
-*crysbelll;0;0;0;0;0;2;0;3;2
-*eurasienne_karine_;1;0;0;0;0;0;0;0;1
-*coco_pts;0;0;0;0;0;0;1;0;0
-*antoniaqo61;0;0;0;0;0;0;0;1;0
-*rebetka;0;0;0;0;0;0;1;2;0
-*fidanle;0;0;0;0;0;0;0;1;0
-*mitchkicks;0;0;0;0;0;0;0;3;0
-*isabelle_holleville;0;0;0;0;0;1;0;0;0
-*sido____________________9;1;0;0;0;0;0;0;0;0
-*julienmachon;0;0;0;0;0;1;0;0;0
-*fredericlblnq;0;0;0;0;0;0;2;3;2
-*vincentime_2000;0;0;0;0;0;0;0;0;1
-*lorenita_ita_ita;0;1;0;0;0;0;0;0;0
-*nahir_n932;0;1;0;0;0;0;0;0;0
-*mikael_batista90;0;0;0;0;0;0;0;1;0
-*loulou_le_fadoli;0;0;0;1;0;1;0;0;2
-*virgini_l_un_ni_l_autre_;0;0;1;0;0;0;1;0;0
-*marlene3012;0;0;0;0;0;2;0;4;2
-*nid_du_arep;0;0;0;0;0;0;1;0;0
-*carovast74;0;0;0;0;0;0;0;1;0
-*rady_l_k;0;0;0;0;0;0;1;0;0
-*insta_dsmi;0;0;0;0;0;0;1;0;0
-*funkysixtysix;0;0;0;0;0;0;1;0;0
-*fredo_boccard;0;0;0;0;0;1;1;1;0
-*wassim_19;0;0;0;0;0;1;0;2;0
-*matthieu_schmidt;0;0;0;0;0;0;1;3;1
-*hufavre;0;0;0;0;0;0;1;0;0
-*frederick_singer_75;0;0;0;1;0;1;1;0;0
*i_0142;0;0;0;0;0;0;1;0;0
*postDate_20-10-2025;21;89;133;9;8;163;180;229;62
*i_0143;2;4;0;0;0;4;3;2;0
-*hugogalerneau;0;0;0;0;0;1;0;0;0
-*dnz_bulug;0;1;0;0;0;1;0;0;0
-*mary_leroy;0;0;0;0;0;0;1;0;0
-*wedi_maydima;0;0;0;0;0;0;1;0;0
-*hononpaslui;0;0;0;0;0;0;0;1;0
-*pittaufrancescoauteur_dessins;0;0;0;0;0;0;1;0;0
*i_0144;0;0;1;0;0;0;1;0;0
-*fabienwanner;0;1;2;0;0;1;1;0;1
*i_0145;2;3;1;0;0;4;14;15;3
-*gonchybol;1;0;0;0;0;0;1;0;0
-*grefuentes;0;0;0;0;0;0;0;1;0
-*marc_andre60;0;0;0;0;0;2;0;0;0
-*_r0y4l_;0;0;0;0;0;0;1;0;0
-*manu_rodnov;0;0;0;0;0;0;0;1;0
-*amairany__gomez;0;1;0;0;0;0;0;0;0
*i_0146;2;13;1;0;0;10;4;7;4
*postComments_83;4;19;2;2;1;37;13;23;22
*postReposts_371;2;13;1;0;0;10;4;7;4
-*bu_ku_ri_80;0;0;0;0;0;0;1;0;0
-*romeosarasin;0;1;0;0;0;0;0;0;0
-*b1nks_ad3ix;0;0;0;0;0;0;0;0;0
-*camille_bsrd1449;0;0;0;0;0;0;0;0;0
-*333_b2k;0;0;0;0;0;0;0;1;0
-*noelanie_noelanie;0;0;0;0;0;5;0;0;1
-*lvy_anaiss;0;1;0;0;0;1;0;0;0
-*___aa_dh_a_mm___;0;0;1;0;0;0;0;0;0
-*isoflo;0;0;0;0;0;0;0;0;0
-*namothste;0;0;0;0;0;2;0;1;0
-*noa_shakushi;0;0;0;0;0;0;0;1;0
-*sabrinaa_dnr;1;1;0;0;0;0;1;0;0
-*nayah_pry;0;0;0;0;0;1;0;0;0
-*evanm_2009;0;0;0;0;0;0;0;1;0
-*dixne_adr;0;0;0;0;0;0;0;1;0
-*aw9_m2t;0;1;0;0;0;0;0;0;0
-*onur__krhnn;0;0;0;0;0;0;0;0;1
-*flo_egg_golf;0;1;0;0;0;0;0;0;0
-*schwblito;0;1;0;0;0;0;0;0;0
-*pierricksssss;0;0;0;0;0;0;0;0;0
-*_l_mts_;0;0;0;0;0;1;0;1;0
-*saaaa_ncd;0;0;0;0;0;0;1;0;0
-*le_frouze_22;0;0;0;0;0;0;0;1;0
-*tiffanymarinapearmund;0;0;0;0;0;1;0;0;0
-*n3xus21;0;0;0;0;0;0;1;0;0
-*chacha44812;0;0;0;0;0;1;0;0;0
-*__nizoo97;0;0;0;0;0;0;0;1;0
-*gwaapo19;0;0;0;0;0;0;0;0;0
*i_0147;4;32;3;6;2;47;11;7;7
*postComments_177;9;39;21;8;2;79;31;27;13
-*juliemaysss;0;1;0;0;0;0;0;0;0
-*josueosorio618;0;0;0;0;0;1;0;1;0
-*mathis___0125;0;0;1;0;0;1;1;0;0
-*monabymaria;0;1;0;0;0;1;0;0;0
*commentLikes_1,299;0;1;0;0;0;0;0;0;0
-*jornodlaurent;0;0;0;0;0;0;1;0;0
-*itsrobindylon;0;0;0;0;0;1;0;0;0
-*mashida_20;0;1;0;0;0;0;0;0;0
-*amg_henry;0;1;0;0;0;0;0;0;1
*commentLikes_305;0;0;1;0;0;0;0;0;0
-*indianapolisss;0;0;1;0;0;0;0;0;0
-*karolinefavre;0;1;0;0;0;2;1;0;0
-*curt_bktu;0;1;0;0;0;0;0;0;0
-*maximecuche;0;1;0;0;0;0;0;0;0
-*kalvin_e22;0;0;0;0;0;0;1;0;0
-*pachefabrice;0;0;0;0;0;1;0;0;0
-*gwen_g_e_d;0;1;0;0;0;0;0;0;0
-*victorocha_33;0;0;0;0;0;1;0;0;0
-*gonellipik;0;0;0;0;0;0;1;0;0
-*labarberiadibienne;0;0;0;0;0;0;1;0;0
-*johannhzv;0;0;0;0;0;0;1;0;0
-*na_vaglory;0;0;0;0;0;0;0;0;1
-*tim_tam_toum;0;0;0;0;0;0;0;0;1
-*yvenstyle;0;0;0;0;0;1;0;0;0
-*zachprod;0;0;0;0;0;1;0;0;0
-*yazka212;0;1;0;0;0;0;0;0;0
-*adrienboehlen;0;0;0;0;0;1;0;0;0
-*kamblinka;0;1;0;0;0;0;0;0;0
-*teastarce;0;0;0;0;0;1;0;1;0
-*zoe_clt;0;0;0;0;0;0;0;1;0
-*rado_13nrv;0;0;0;0;0;0;0;0;1
-*manik3000;0;0;0;0;0;1;0;0;0
-*s_frkrt;0;0;0;0;0;1;0;0;0
-*barryelhadj_;0;0;0;0;0;1;0;0;0
-*thetomsanders_;0;1;0;0;0;0;0;0;0
-*umit_ozdemir__;0;0;0;0;0;1;0;0;0
-*krukru_btw;0;1;0;0;0;0;0;0;0
-*david_f_3110;1;0;0;0;0;0;0;0;0
-*djo_walder;0;2;0;0;0;0;0;0;0
-*john_emmanuel;0;1;0;0;0;0;1;0;0
-*juan_marcelo_lopez;0;0;0;0;0;1;0;0;0
-*daniel_vchd;0;0;0;1;0;1;0;0;0
-*pedributanero;0;0;0;1;0;0;0;0;0
-*d0hk0;0;0;0;0;0;0;1;0;0
-*kil__97;0;0;0;1;0;0;0;0;1
-*koutaroumosca;0;0;0;3;0;1;0;0;0
-*gagou12b;0;0;0;0;0;0;0;0;0
-*j_dubs84;0;1;0;0;0;0;0;0;0
-*2_stroke_gian;1;0;0;0;0;0;0;0;0
-*gibigben;0;0;0;0;0;1;0;2;0
-*ursus_berne;1;0;0;0;0;0;0;0;0
-*the_ks_669;0;1;0;0;0;0;0;0;0
-*arnaud_dcgs;0;0;0;0;0;1;0;0;0
-*ssatmk;0;0;0;0;0;0;0;1;0
-*dav_z2o;0;0;0;0;0;1;0;0;0
-*tiziano_perfetto9;0;0;0;0;0;1;0;0;0
-*jvousniquefort;0;0;1;0;0;0;0;0;0
-*c_liaaa26;0;1;0;0;0;0;0;0;0
-*marrcccuus;0;1;0;0;0;0;0;0;0
-*oliv20b;0;0;1;0;0;0;0;0;0
-*stephane_penet;0;0;0;0;0;0;0;1;0
-*cora___;0;0;0;0;0;1;0;0;0
-*argentique_mat;0;0;0;0;0;1;0;0;0
-*chriss_schmitty;0;0;0;0;0;1;0;0;0
-*rockangelo;0;0;0;0;0;0;0;0;1
-*raphdimart77;0;0;0;0;0;1;0;0;0
-*andre_forte__;0;0;0;0;0;1;0;0;0
-*cannavoeugenio;0;0;0;0;1;1;0;0;0
-*elo100479;0;0;0;0;0;1;0;0;0
-*hanzy_keat;0;0;0;0;0;1;0;0;0
-*rafapedrosa23;0;0;0;0;0;0;0;0;1
-*a_m_roofree;0;1;0;0;0;0;0;0;0
-*soniamathy;0;1;0;0;0;0;0;0;0
*i_0148;0;5;3;1;0;35;35;26;28
*postComments_161;0;5;3;1;0;35;35;26;28
-*antoclive;0;0;0;0;0;1;0;3;0
-*astro_dot;0;0;0;0;0;5;1;1;1
-*math_0607;0;0;0;0;0;2;0;0;0
-*notreallyamodel;0;0;0;1;0;1;1;0;1
-*aurorehumaine;0;0;0;0;0;1;1;0;0
-*cheshire_from_the_library;0;0;0;0;0;0;0;0;1
-*unkwn0j;0;0;0;0;0;1;0;1;2
-*leo_gomensoro;0;0;1;0;0;0;0;0;2
-*laurentroussarie;0;0;0;0;0;0;0;3;0
-*mestre_berguinho;0;1;0;0;0;0;0;0;0
-*ben_mwly;0;0;0;0;0;0;2;1;0
-*miniscuit;1;1;0;0;0;2;2;1;0
-*amir_2004us;0;0;0;0;0;0;0;0;1
-*blkn_1991;0;0;0;0;0;0;0;0;0
-*jlrvaud;0;0;0;0;0;0;1;0;2
-*mlplusc;0;0;0;0;0;1;0;1;0
*commentDate_28-10-2025;73;121;249;11;8;137;112;103;63
-*tiagoreis1987;0;0;0;0;0;0;1;0;0
-*katarina_art_gal;0;0;0;0;0;0;1;0;0
*i_0149;2;0;0;0;0;6;5;2;3
-*stonegraphix;0;0;0;0;0;0;0;1;0
-*gabberxx92;1;0;0;0;0;0;0;0;0
-*le_zek_22;0;0;1;0;0;1;1;0;1
-*miles_h213;0;0;0;0;0;2;0;0;2
-*louis_wils;0;0;0;0;0;0;2;0;0
*i_0150;5;7;117;1;0;12;19;4;0
*postComments_326;5;7;117;1;0;12;19;4;0
*postReposts_220;5;7;117;1;0;12;19;4;0
-*carmine_off;0;0;1;0;0;0;0;0;0
*commentLikes_612;0;0;1;0;0;0;0;0;0
-*lespetitsmondesdaurelie;0;0;3;0;0;0;0;0;0
-*carole_jordan;0;0;1;0;0;0;0;0;0
-*awka_v;0;0;1;1;0;0;0;0;0
-*le_med_;0;1;2;0;0;1;0;1;0
-*allinepereira5395;0;0;1;0;0;0;0;0;0
-*_lvl35;0;0;0;0;0;1;0;0;0
-*jonathan_dawnofvictory;0;0;1;0;0;0;1;0;0
-*hatemhamza2;0;0;1;0;0;0;0;0;0
-*elio_tarra;0;0;2;0;0;0;0;0;0
-*fatem_ir_86;1;0;0;0;0;0;0;0;0
-*diiiiiiid;0;0;2;0;0;0;0;0;0
-*mrs_malousse;0;0;1;0;0;0;0;0;0
-*lyes_tahir;0;1;1;0;0;0;0;0;0
-*parattestephanie;0;0;1;0;0;0;0;0;0
-*solem_ahumada;0;0;0;0;0;0;0;1;0
-*soraya_4417;0;0;1;0;0;0;0;0;0
-*brahim_faidy;0;0;1;0;0;0;0;0;0
-*bibikrs;0;0;1;0;0;0;0;0;0
-*twins_mhrg;0;0;1;0;0;0;0;0;0
-*solangewatel;0;0;1;0;0;0;0;0;0
-*amyna_thz;1;0;0;0;0;0;0;0;0
-*khh_1710;0;0;0;0;0;0;0;1;0
-*nikita_chevillot;0;0;2;0;0;1;1;0;0
-*laraa_nada;0;0;1;0;0;0;0;0;0
-*tilk_tha_azuka;0;0;0;0;0;0;0;0;0
*i_0151;0;6;0;1;0;3;3;3;3
-*legoyave_;0;1;0;0;0;0;0;0;0
-*bapt_richard_1696;0;0;0;0;0;0;0;1;0
-*nicolas_vllgg;0;0;0;0;0;0;1;0;0
-*_markoo_srb_;1;5;0;0;0;4;1;2;0
-*rolandsieber79;0;0;0;0;0;1;0;1;2
-*clement_gavin_9;0;0;0;0;0;0;1;0;0
-*mary_tplt;0;0;0;0;0;0;0;1;0
*i_0152;0;7;1;0;4;22;31;138;6
*postComments_214;8;16;79;13;5;41;55;146;8
*postReposts_49;0;7;1;0;4;22;31;138;6
*commentLikes_291;0;0;3;0;0;1;0;1;1
-*olavnietzer;0;0;0;0;0;0;0;1;0
-*bad_wolf_44;0;0;0;0;0;0;0;1;0
*commentLikes_288;0;0;0;0;0;0;1;1;0
-*silencia_meditation;0;0;0;0;0;0;0;2;0
*commentLikes_150;0;0;0;0;0;0;0;2;0
-*laarmey27;0;1;0;0;1;0;2;2;0
-*symavision;0;0;0;0;0;0;0;1;0
-*bnoemie13;0;0;0;0;0;1;0;1;0
-*tacprotec;0;0;0;0;0;1;0;0;0
-*mier_elena;0;0;0;0;0;1;0;5;0
-*stephane_megevand;0;0;0;0;0;0;0;3;0
-*atanasofffa;0;0;0;0;0;0;0;2;0
-*madami_mama;0;0;8;0;0;0;1;2;0
-*vanessa_la_licorne;0;0;0;0;0;1;1;5;1
*commentLikes_536;0;0;0;0;0;1;0;3;0
-*jdeaugva;0;0;0;0;0;1;0;4;0
-*kreem_ch;0;0;0;0;0;0;0;3;0
-*friaman62;0;2;0;0;0;0;2;0;0
-*papa0ur5;0;0;0;0;0;1;0;1;0
-*tourniier08;0;0;0;0;0;0;1;1;1
-*jls_bvrd;0;1;1;0;0;1;1;4;0
-*lubbys_corner;0;0;0;0;0;0;0;1;0
-*kat_tia77;0;0;0;0;0;1;0;1;0
*commentLikes_172;0;0;0;1;0;1;0;2;0
-*__tonesm;0;0;0;0;0;0;0;1;0
-*stephbe16;0;0;0;0;0;0;0;1;0
-*nana75000;0;0;0;0;0;1;1;0;0
-*24m2_architecte;0;0;0;0;0;0;0;1;0
-*sissysoleil;0;0;0;0;0;0;0;2;0
-*fest97;0;0;0;0;0;0;0;2;0
-*maximeparillaud;1;0;0;0;0;0;1;1;0
-*michaelvelosomunoz;0;0;0;0;0;0;0;1;0
-*driverjulien;0;0;0;0;0;0;0;1;0
-*leila_boussedraia;0;0;0;0;0;0;0;2;0
*commentLikes_521;0;0;0;0;0;0;1;0;0
-*al_marwenn;0;0;0;0;0;0;0;0;0
-*peacenjaay;0;0;0;0;0;0;0;3;0
-*axelgensollen;0;0;0;0;0;0;0;1;0
-*anneba_13_07;0;0;0;0;0;0;0;5;0
-*cedric_a1212;0;0;0;0;0;0;0;1;0
-*the_special_guest_star;0;0;0;0;0;1;1;1;0
-*meriem__m;0;0;0;0;0;1;0;2;0
-*chineuse_reveuse;0;0;0;0;0;1;0;0;0
-*hervevita;0;0;0;0;0;0;0;2;0
-*cirdec_leon;0;0;0;0;0;0;0;1;0
-*thechopard;0;0;0;0;0;0;0;3;0
-*alexia_znt;0;0;0;0;0;1;0;0;0
-*rosez38_;0;0;0;0;0;1;2;0;0
-*ben_salah_omar;2;0;0;0;1;0;0;2;0
-*davenrovaletti;0;0;0;0;0;1;0;1;0
-*yallah_riad;0;0;0;0;0;0;0;0;1
-*dani_key20;0;0;0;0;0;1;0;0;0
-*leoniemagnenat;0;1;0;0;0;0;0;0;0
-*crysgva;0;0;0;0;1;0;0;0;0
-*deluxstandup;0;0;0;0;0;0;1;0;0
-*gabii_biia_1991;0;0;0;0;0;0;0;1;0
-*lifeforeal1;0;0;0;0;0;0;0;1;0
-*ams_02;0;2;0;0;0;0;0;1;0
*commentDate_26-3-2026;0;0;0;0;0;0;0;1;0
-*rutatecle;0;0;0;0;0;0;0;1;0
-*yann_mindset;0;0;0;0;0;0;0;1;0
*i_0153;3;0;1;0;0;0;0;3;0
*i_0154;1;12;5;0;2;16;48;13;6
*postComments_87;2;29;7;1;2;31;61;14;10
-*ludojet;0;0;1;0;0;1;0;3;0
-*epernin;0;0;0;0;0;0;1;0;0
-*louiscesarewande;0;1;0;0;0;6;12;8;0
-*mag20256;0;0;0;0;0;0;0;1;0
-*loretoaquarelle;0;1;0;0;0;0;0;0;0
-*gail_gyver;0;1;0;0;0;0;0;0;0
-*gabin_cu;0;0;0;0;0;0;1;0;0
-*m5m5qp;0;0;0;0;0;1;0;0;0
-*arthur_grt4;0;0;0;0;0;1;0;0;0
-*coccinella_1234;0;0;0;0;0;1;0;0;0
-*sandrovw;0;1;0;0;0;0;0;0;0
-*sianaferrara;0;0;1;0;0;1;0;0;0
-*couleurs2000;0;0;0;0;0;0;0;1;0
-*ilargioro2;0;0;0;0;0;0;0;0;1
-*parlons__de__overwatch;1;3;3;0;2;1;2;1;0
-*hautensi0n;0;0;1;0;0;2;1;1;0
-*timpaltos;0;0;0;0;0;0;0;0;0
-*m3tav3rs33;1;0;0;0;0;0;3;0;0
*i_0155;0;0;0;0;0;4;5;9;2
-*francesca96_n;0;0;0;0;0;0;0;1;0
-*buried15;0;0;0;0;0;0;1;3;0
-*sandracfdacosta;0;0;0;0;0;0;1;0;0
*i_0156;0;0;0;0;0;1;2;0;5
*postDate_21-10-2025;29;78;64;11;9;122;119;119;171
-*_alice_brcs_;0;0;0;0;0;0;0;0;1
-*lbn_achraf;0;0;0;0;0;1;1;0;2
-*baptiste_de_bernardis;0;0;0;0;0;0;1;0;0
*i_0157;1;9;1;0;0;4;5;27;53
*postComments_102;3;13;3;0;0;22;22;34;80
-*pitch__oune;0;0;0;0;0;2;0;1;1
*commentLikes_392;0;0;0;0;0;0;0;1;0
-*asmbjm90;0;0;1;0;0;2;5;10;1
-*camillecl7;0;1;0;0;0;0;0;0;0
-*sasuke0607;0;0;0;0;0;0;0;0;1
-*woodandmore_theys;0;0;0;0;0;0;0;1;0
-*florence_vllnt;0;0;0;0;0;0;0;0;3
-*glorialck;0;0;0;0;0;1;0;0;0
-*dahlia_ink_;0;0;0;0;0;0;0;0;1
-*w_o_l_f_76;0;1;0;0;0;0;0;0;0
-*fra_osm;0;0;0;0;0;0;0;1;0
-*xavirossello;0;0;0;0;0;0;0;0;1
-*mi_ruch;0;0;0;0;0;0;0;0;3
-*g_08_07;0;0;0;0;0;4;0;2;2
-*hikking_girl;0;1;0;0;0;0;0;1;1
-*justine_sai;0;0;0;0;0;0;0;0;0
-*denzkabeatmaking;0;0;0;0;0;0;0;2;0
-*abbyyy_prvv09;0;0;0;0;0;0;0;1;0
-*jonathan_meakin99;0;0;1;0;0;0;0;0;0
-*valanubis;0;1;0;0;0;0;0;1;0
-*rosemariecirfera;0;0;0;2;0;0;0;0;2
-*arcadyguinand17;0;0;0;0;0;0;0;0;1
-*isa_leoni33;0;0;0;0;0;0;0;0;1
-*shaawnn___;0;0;0;0;0;0;0;0;1
-*lawra_bernard;0;0;0;0;0;0;0;0;2
-*anita_foric;0;0;0;0;0;0;0;0;1
-*ivanpaiva91;0;0;0;0;0;0;0;1;1
-*alanfpv_ch;0;0;0;0;0;0;0;0;1
*i_0158;0;2;3;0;0;5;11;1;2
-*slendy_milky;0;0;0;0;0;0;2;0;0
-*flavien_exe;0;0;0;0;0;0;0;0;0
-*zo_wii;0;1;0;0;0;3;1;0;0
-*onestclean;0;0;0;0;0;2;0;0;0
-*gregoirecm;0;0;0;0;0;0;1;0;0
-*p_g__chou;0;0;1;0;0;0;0;0;0
*i_0159;0;0;1;0;1;2;2;6;9
-*iamarno;0;0;0;0;0;1;0;0;0
-*myriampythoud;0;0;0;0;0;0;1;1;0
-*killforjzx;0;0;0;0;0;1;0;1;0
-*ruteferreira1993;0;0;0;0;0;0;0;0;1
-*leyla_deb;0;0;0;0;0;0;0;1;0
-*proudmama_2015_2020;0;0;0;0;0;0;0;1;0
-*val_meystre;0;0;0;0;0;0;0;0;1
-*_holdstrike;0;0;0;0;0;0;1;0;0
*i_0160;2;4;0;0;0;2;2;5;7
-*dididivorne;0;0;0;0;0;0;0;0;1
-*clarisisse;0;1;0;0;0;0;0;0;1
-*sam_d68;0;0;0;0;0;0;0;0;1
-*jennifer_asencio_94;0;0;0;0;0;0;0;0;1
-*valentinebujard;0;0;0;0;0;0;0;0;1
-*xavierliechti__;0;0;0;0;0;0;0;0;0
-*ptvrosa;0;0;0;0;0;0;0;1;0
*i_0161;1;1;28;4;3;13;27;9;0
*postComments_112;1;1;28;4;3;13;27;9;0
-*jrm_ch;0;0;0;0;0;2;0;1;0
-*djlap76;0;0;0;0;1;0;1;1;0
-*zacitooo;0;0;0;0;0;0;1;0;0
-*wfabiant;0;0;1;0;0;0;0;0;0
-*zsmirae;0;0;1;0;0;0;0;0;0
*i_0162;4;12;23;1;0;23;19;12;4
*postComments_147;4;16;25;1;3;37;38;104;8
-*mlphd;0;1;0;0;0;0;0;0;0
-*ely1n;0;1;3;0;0;5;1;1;0
-*sam_outtraaa;0;0;0;0;0;0;0;1;0
-*lise_btl;1;0;0;0;0;0;0;0;0
-*amel_kaddani;0;0;0;0;0;2;0;0;0
-*wazeh_ngu;0;0;0;0;0;0;1;0;0
-*gsprdfrv;0;0;1;0;0;0;3;0;0
-*coco_l0v3;0;0;0;0;0;1;0;0;0
-*champere_ge;0;0;0;0;0;0;2;0;0
-*dtaieb;0;0;2;0;0;0;1;0;0
-*najib_sd;0;0;0;0;0;0;1;0;0
-*ilyeszerbib;0;0;0;0;0;0;0;1;0
-*vers_sot;0;1;0;0;0;0;0;0;0
-*maddogsprod;0;0;1;0;0;0;0;0;0
-*edjauha;0;0;0;0;0;0;1;0;0
-*simonarnaud17;0;0;1;0;0;1;1;0;0
-*kza_ish;0;0;0;0;0;1;0;0;0
-*claps_66;0;0;0;0;0;1;0;0;0
-*stone_messerli;0;1;0;2;0;0;0;0;0
-*herrfelden;0;0;0;0;0;0;0;0;0
-*nadine_alexandra13;1;0;0;0;0;0;0;0;0
-*haman_r;0;0;0;0;0;0;1;1;0
-*timourluisier;0;0;0;0;0;0;0;0;1
-*post_silentium_vox;0;0;0;0;0;0;0;1;0
*i_0163;0;1;0;0;0;0;1;0;0
*i_0164;4;11;7;6;4;42;34;42;74
*postComments_250;4;11;7;6;4;42;34;42;74
-*atravesando53;0;0;0;0;0;1;0;0;0
-*ameliemelo10;0;0;0;0;0;1;0;0;1
-*moha_ambi_;0;0;0;0;0;0;1;0;0
-*o_k_m_s_;0;0;0;0;0;1;0;0;1
-*alineschuw;0;0;0;0;0;1;0;0;1
-*bicyclologue;0;0;0;0;0;0;0;0;3
-*chrisetalexandre;1;0;0;0;0;0;0;0;0
-*sebastien_ayr;0;1;0;0;0;0;1;0;1
-*sarahhoefflin;0;0;0;0;0;0;0;0;1
-*sir_cosmousse;1;0;0;0;0;0;0;0;0
-*aniiita_28;0;2;0;0;0;3;1;0;0
-*abussz212;0;0;0;0;0;0;1;2;2
-*husseinmerhi00;0;0;0;0;0;1;0;0;0
-*revedelion68;0;0;0;0;0;0;0;1;0
-*user03111408;0;0;1;0;0;4;3;2;2
-*hagi_slj;0;0;1;0;0;0;0;0;0
-*jason_staton_;0;0;0;0;0;0;0;2;0
-*random_views_swiss;0;0;0;0;0;1;1;0;0
-*stefaniep88;0;1;0;0;0;2;0;0;8
-*hoffmannfredy;0;0;0;0;1;0;0;0;0
-*theoorny;0;0;0;0;0;0;0;0;1
-*sandra_sapphire;0;0;0;0;0;0;0;1;1
-*nathalie_sabato;0;0;0;0;1;0;0;0;0
-*rafioxx;0;0;0;0;0;0;0;0;3
-*alexis_kaito;0;0;0;0;0;0;0;1;0
-*jack_philipona;0;0;0;0;0;0;0;1;0
-*ema_piemontispalazzi;0;0;0;0;0;0;0;1;0
-*multidebarras_ch;0;0;0;0;0;0;1;0;1
-*lestudiodore;0;1;0;0;0;0;0;0;0
-*eglts;0;0;0;0;0;0;1;0;0
-*mathieu_dumusc;0;0;0;0;0;0;1;1;0
*commentDate_13-11-2025;60;74;44;21;26;297;153;82;51
-*ghl_expo;0;0;0;0;0;1;0;0;0
-*jeanmariedafonseca;0;0;0;0;0;0;0;1;0
-*n_jynod;0;0;0;0;1;0;1;0;2
-*franck_fracassi;0;0;0;0;0;0;0;1;0
-*sdiiu25;0;0;0;0;0;0;1;0;0
-*j_coppi;0;0;0;1;0;0;0;0;0
-*fr_rey;0;1;0;0;0;2;1;1;1
-*moroli_;0;0;0;0;0;1;0;0;0
-*anto__bl;0;0;1;0;0;0;0;0;0
-*willrg69;0;1;0;0;0;0;1;1;0
-*jacques_sotty;0;0;0;0;0;0;1;0;0
-*vanb_yb;0;0;0;0;0;2;0;0;2
-*pbrunao;0;0;0;0;0;2;1;1;0
-*ravenacoma;0;1;0;0;0;1;0;0;0
-*benz_zend;0;0;0;1;0;0;0;0;0
-*svenjirgal;0;0;0;0;0;0;0;0;1
-*urbalex95;0;0;0;0;0;0;2;0;0
-*jorgemoises937;0;0;0;0;0;0;0;1;0
-*nicolas___lupo;0;0;0;0;0;0;0;1;0
-*ilovehonaya;0;1;0;0;0;2;0;1;0
-*pics_by_william;0;0;0;0;0;0;0;0;2
-*loewer24;0;0;0;1;0;0;0;0;0
-*that_one_you_might_know;0;0;1;1;0;1;1;1;0
-*littlepacha;0;0;0;0;0;0;0;0;1
-*danieljc12;0;0;0;0;0;1;0;0;0
-*onepub_ch;0;0;1;0;0;2;0;1;5
-*gbexile;0;0;0;0;0;0;0;1;0
-*clariss_ee;0;0;0;0;0;0;0;0;0
-*fafadoux;0;0;0;0;0;1;0;0;0
-*theboywhoworks;0;0;1;0;0;0;0;0;0
-*ach_herlevsen;0;0;0;0;0;0;0;1;0
-*carlosgostelirovira;0;0;0;0;0;0;0;0;0
-*chris_tofxpics;0;0;0;0;0;1;0;0;0
-*juldressy;0;1;0;0;0;0;0;0;0
-*you_are_my_food;0;0;0;0;0;0;0;1;1
-*ashti_tah;0;0;0;0;0;1;0;0;0
-*shorba;0;0;0;0;0;0;0;0;0
-*rubertu_p;0;0;0;0;0;0;1;0;0
-*nourinur;0;0;0;0;0;0;1;0;0
*i_0165;1;0;0;0;0;5;2;4;2
-*digitalicieuse;0;0;0;0;0;0;1;0;0
-*_nael_rs_;0;0;0;0;0;1;0;0;1
-*elogonzaga_;0;0;0;0;0;1;0;0;0
*i_0166;15;37;0;0;0;23;11;11;15
*postLikes_27600;44;67;2;0;2;28;21;23;22
*postComments_193;15;37;0;0;0;23;11;11;15
*postReposts_270;15;37;0;0;0;23;11;11;15
-*nathalie_hq;0;1;0;0;0;0;0;0;0
-*bellebrune1;0;0;0;0;0;0;1;0;0
-*madame_heloise;0;0;0;0;0;3;0;1;0
-*nat_anips;0;0;0;0;0;0;1;1;0
-*meleauw;0;0;0;0;0;0;0;1;0
*commentDate_4-11-2025;26;87;134;12;9;189;236;206;68
-*vegetal_pareto;0;1;0;0;0;0;0;0;0
-*cathy_b_officiel;0;1;0;0;0;1;0;0;0
-*nadine78_schneider;1;0;0;0;0;0;0;0;0
-*charlie_hofmann_;2;0;0;0;0;0;0;0;0
-*purrosim;0;0;0;0;0;0;1;0;0
-*f_marc__;0;0;0;0;0;0;0;0;1
-*seance_de_rattrapage;1;0;0;0;0;0;0;0;0
-*marimangaaa;1;0;0;0;0;1;0;0;0
-*shehidebzk;1;0;0;0;0;0;0;0;0
*commentDate_2-11-2025;24;66;148;75;7;128;155;178;129
-*bbbretzel;0;0;0;0;0;0;2;0;0
-*ericvervier;0;0;0;0;0;0;0;0;1
-*anmaryngr;0;0;0;0;0;1;0;0;0
-*enzogia22;0;0;0;0;0;1;0;0;0
-*girolamotermini;0;1;0;0;0;0;0;0;0
*commentDate_14-11-2025;51;77;36;10;11;206;145;151;47
-*jeselian;0;1;0;0;0;0;0;0;0
-*daniel_rmnzz;1;0;0;0;0;0;0;0;0
*commentDate_16-1-2026;0;0;0;0;0;1;0;0;0
-*ianis_0511;0;0;0;0;0;1;0;0;0
-*alexissnoc;0;1;0;0;0;0;0;0;0
-*fred_o_v;0;0;0;0;0;0;0;0;1
-*michelebilusis;0;1;0;0;0;0;0;0;0
-*cath_grs;1;0;0;0;0;0;0;0;0
-*piratz0082;0;0;0;0;0;0;0;0;0
-*geoffrey_gaudin;0;0;0;0;0;1;0;0;0
*commentDate_12-11-2025;20;78;26;12;33;327;262;118;98
-*luciefuzeau;0;0;0;0;0;0;0;1;0
-*bardyacp;0;0;0;0;0;1;0;0;0
-*antoine_pecora;0;0;0;0;0;1;1;0;0
*commentDate_18-4-2026;0;1;0;0;0;0;0;1;0
-*cathyliehn;0;0;0;0;0;0;0;1;0
-*aymerick__;0;1;0;0;0;0;0;0;0
-*willylaride;0;1;0;0;0;0;0;0;0
-*matis_gual;0;1;0;0;0;0;0;0;0
*commentDate_16-4-2026;0;0;0;0;0;1;0;0;0
-*fabfab2315;0;0;0;0;0;1;0;0;0
-*thibor65;0;0;0;0;0;0;0;2;0
-*denis_basset;0;0;0;0;0;0;0;0;1
-*paccots_trail_club;0;1;0;0;0;0;1;0;0
*commentDate_28-3-2026;0;0;0;0;0;0;0;1;1
-*yann_drgn;0;0;0;0;0;0;0;0;1
-*besnard_noah;0;0;0;0;0;0;0;1;0
-*franck_thbt_;0;2;0;0;0;0;0;0;0
-*alexis_dobek;0;2;0;0;0;0;0;0;0
-*martinammz;1;0;0;0;0;0;0;0;0
-*ship_klm;0;1;0;0;0;0;0;0;0
-*maelmonod;0;0;0;0;0;1;0;0;0
*commentDate_15-4-2026;0;0;0;0;0;0;0;0;1
-*st1_t__;0;0;0;0;0;0;0;0;1
*commentDate_11-4-2026;0;1;0;0;0;0;0;0;0
-*zeou45;0;1;0;0;0;0;0;0;0
*commentDate_9-4-2026;0;1;0;0;0;1;0;0;0
-*mickael_durant86;0;1;0;0;0;1;0;0;0
*commentDate_5-4-2026;0;0;0;0;0;0;0;0;0
-*dynafit_menber_;0;0;0;0;0;0;0;0;0
*commentDate_29-3-2026;0;1;0;0;0;0;0;0;0
-*loris_vorburger;0;1;0;0;0;0;0;0;0
*commentDate_19-3-2026;0;0;0;0;0;0;1;0;0
-*clelia_fdr;0;0;0;0;0;0;1;0;0
*commentDate_3-3-2026;1;0;0;0;0;0;0;0;0
-*marie42300marie;1;0;0;0;0;0;0;0;0
*commentDate_1-3-2026;1;0;0;0;0;0;0;0;0
-*dorier_broderie;0;0;0;0;0;0;0;0;0
*commentDate_21-2-2026;0;0;0;0;0;1;0;0;0
-*papybiker;0;0;0;0;0;1;0;0;0
*commentDate_20-2-2026;0;0;0;0;0;0;0;0;1
-*zackyway;0;0;0;0;0;0;0;0;1
*commentDate_15-2-2026;0;0;0;0;0;0;0;0;1
-*hp__fort;0;0;0;0;0;0;0;0;1
-*barbydigrimaldi;0;0;0;0;0;0;0;0;0
-*tartanpiones;0;1;0;0;0;0;0;0;0
-*gaetanlanio;0;1;0;0;0;0;0;0;0
*commentDate_31-1-2026;0;0;0;0;0;0;0;0;1
-*terence_gt51;0;0;0;0;0;0;0;0;1
*commentDate_25-1-2026;0;0;0;0;0;0;0;1;0
-*alaingouezin;0;0;0;0;0;0;0;1;0
*commentDate_18-1-2026;0;0;0;0;0;0;0;0;1
-*muskatnussss;0;0;0;0;0;0;0;0;1
*commentDate_15-1-2026;1;0;0;0;0;0;0;0;0
-*jack__germain;1;0;0;0;0;0;0;0;0
*commentDate_10-1-2026;0;0;0;0;0;0;0;0;0
-*c_est_fouhh_quand_meme;0;0;0;0;0;0;0;0;0
-*alteirac;0;1;0;0;0;0;0;0;0
-*chalendurance;0;0;0;0;0;1;0;0;0
-*axwelchow;0;1;0;0;0;0;0;0;0
-*yet1954;0;1;0;0;0;0;0;0;0
-*dequidtc;0;0;0;0;0;0;1;0;0
-*nina_noria_sway_eden;1;0;0;0;0;0;0;0;0
-*gromdlny;0;0;0;0;0;1;0;0;0
-*y_g_photography;0;1;0;0;0;0;0;0;0
-*th_e05;0;0;0;0;0;0;1;0;0
-*albend4ever;0;0;0;0;0;0;0;0;1
-*julien_ducerf;0;0;0;0;0;0;0;0;1
-*dens_sab;0;1;0;0;0;0;0;0;0
-*babeth140;0;1;0;0;0;0;0;0;0
-*bibou06210;0;0;0;0;0;0;0;0;1
-*franck_ldr_dargo;0;0;0;0;0;1;0;0;0
-*clementvanasten;0;0;0;0;0;0;0;0;1
*commentDate_11-11-2025;17;37;49;6;1;243;91;177;110
-*steph_letriathlete;0;0;0;0;0;1;0;0;0
-*bellisa2773;0;0;0;0;0;0;1;0;0
-*jeanmichelmonnet;1;0;0;0;0;0;0;0;0
-*benoitjeanjacques;0;0;0;0;0;0;0;1;0
-*diana_c98;0;1;0;0;0;0;0;0;0
-*unepetitemontagne;0;0;0;0;0;1;0;0;0
*commentDate_29-10-2025;54;75;235;26;5;161;235;67;62
-*helene_tille;0;0;0;0;0;0;0;0;1
-*newm9817;0;1;0;0;0;0;0;0;0
-*magali_gehin;1;0;0;0;0;0;0;0;0
-*sandra_clvt;0;1;0;0;0;0;0;0;0
-*khadidja_djoudja;0;0;0;0;0;0;0;0;0
-*zin_celinette_sync;0;0;0;0;0;1;0;0;0
-*jeremyfoure;0;0;0;0;0;0;0;0;0
-*awake_in_a_dream;0;1;0;0;0;0;0;0;0
*i_0167;0;1;1;0;1;2;3;1;0
*postLikes_903;0;1;1;0;1;2;3;1;0
-*baolechat7;0;1;0;0;0;0;0;0;0
-*kemlesurvivant;0;0;0;0;0;1;1;0;0
-*jonathan_gaspoz_udc;0;0;1;0;0;1;4;0;0
*i_0168;1;0;0;0;0;0;0;1;0
-*laurenebotteron;1;0;0;0;0;0;0;0;0
*i_0169;1;1;1;1;2;4;14;8;0
*postDate_22-10-2025;26;55;25;58;3;120;183;36;34
-*bettinaathome;0;2;0;0;0;5;4;1;0
-*livingandfoodbypennapa;1;1;0;0;0;0;0;0;1
*i_0170;0;2;1;0;0;8;54;3;2
-*jointhemurder63;0;0;0;0;0;0;1;0;0
-*climbing_sword;0;0;0;0;0;1;0;0;0
-*lgbition;0;0;1;0;0;0;1;0;0
-*annecha_b;0;0;0;0;0;1;3;0;1
-*lisa_stefy;0;0;0;0;0;1;0;0;0
*commentLikes_264;0;0;0;0;0;0;1;0;0
-*jolan_v;0;0;1;0;0;0;1;1;0
-*silasmgoodman;0;0;0;0;0;0;1;0;0
-*wizwag86;0;0;0;0;0;1;1;3;0
-*la_b4rbe_rousse;0;0;0;0;0;0;1;0;0
-*datingcoach__;0;0;0;0;0;1;0;0;1
*i_0171;5;2;9;0;0;2;2;4;0
-*lilyd7657;0;1;0;0;0;2;0;0;0
*i_0172;1;12;0;1;0;4;3;2;0
-*_baddietee;0;1;0;0;0;0;0;0;1
-*sophiesecretan;0;1;0;1;0;0;1;1;0
-*cavda_;0;0;0;0;0;0;1;0;0
-*pgxme;0;0;0;0;0;0;0;0;0
-*jokijo;0;0;0;0;0;0;0;0;0
-*redblood_be;0;0;0;0;0;1;0;0;0
-*raphaelsalmoral;0;1;0;0;0;0;0;0;0
-*witillam;1;1;0;1;0;0;0;0;0
-*zaakdje;0;0;0;0;0;0;1;0;0
-*ka_mylla;0;2;0;0;0;0;0;0;0
*i_0173;10;0;0;0;0;5;1;0;1
*postLikes_7700;13;6;1;3;0;20;31;166;5
*postReposts_40;13;18;23;3;2;55;48;19;11
-*mr_chug;0;0;0;0;0;1;0;0;0
-*partylifeplus;1;0;0;0;0;0;0;0;0
-*andreslere;1;0;0;0;0;0;0;0;0
-*grange_patricia;1;0;0;0;0;0;0;0;0
-*mariaalicegfg;1;0;0;0;0;0;0;0;0
-*verginadumitr;1;0;0;0;0;0;0;0;0
-*olvrrpgram;0;0;0;0;0;0;0;0;0
-*maelpgn16;0;0;0;0;0;1;0;0;0
-*mathieu_b_;0;0;0;0;0;1;0;0;0
-*bettyboulier;0;0;0;0;0;1;0;0;0
-*julienrichard666;0;0;0;0;0;1;0;0;0
-*une_valaisanne_;1;0;0;0;0;0;0;0;0
-*rawanalog;1;0;0;0;0;0;0;0;0
-*joannepolome;1;0;0;0;0;0;0;0;0
-*raffylr20;1;0;0;0;0;0;0;0;0
-*7bio_ch;0;0;0;0;0;0;0;0;1
-*fredelambertxx;0;0;0;0;0;0;1;0;0
-*paulodb26;1;0;0;0;0;0;0;0;0
*i_0174;1;8;1;0;0;6;8;2;4
-*beaugaragevevey;0;0;0;0;0;0;1;0;0
-*kinanika13;0;0;0;0;0;0;0;0;1
-*brigittechahoua;0;1;0;0;0;0;0;0;0
-*saunaboatgeneve;0;1;0;0;0;0;0;0;0
-*miguel1265;0;1;0;0;0;0;0;0;0
-*clelia_vtrs;0;0;1;0;0;0;0;0;1
-*stef_scud;0;0;0;0;0;0;0;0;1
-*marieluciebrdn;0;0;0;0;0;1;0;0;0
-*bluemeditation_ch;0;0;1;0;0;0;0;0;0
*i_0175;1;4;2;0;0;7;5;2;3
-*stef_on_fleek;0;0;0;0;0;0;0;1;0
-*laeticiatornatore;0;1;0;0;0;0;0;0;0
-*chacha_koebi;0;0;0;0;0;1;0;0;0
-*goldguz;0;1;1;0;0;1;0;1;1
-*mls_0309;0;0;0;0;0;1;0;0;0
*i_0176;0;9;0;0;0;7;4;4;20
*postReposts_69;0;9;0;0;0;7;4;4;20
-*papillon1242;0;0;0;0;0;0;0;0;1
-*axelledec;0;0;0;0;0;0;0;0;1
-*laeticia_96;0;0;0;0;0;0;0;1;0
-*jsi_mcj;0;2;0;0;0;0;0;0;1
-*_yvng_val_;0;1;0;0;0;0;0;0;0
-*nadoutschka;0;0;0;0;0;0;0;0;1
-*steph_blablabla;0;1;0;0;0;0;0;0;0
-*maybeesilky;0;0;0;0;0;0;0;0;1
-*m_a_r_m_e_x;0;0;0;0;0;1;0;1;3
-*ekuklya;0;0;0;0;0;0;0;0;1
-*knockonwood_ch;0;1;0;0;0;0;0;0;0
-*kiretron_;0;1;0;0;0;0;1;0;0
-*darwinameli;0;0;0;0;0;0;1;1;0
-*vanishingmoon;0;0;0;0;0;0;0;0;0
-*crl_cnt_;0;0;0;0;0;0;0;0;1
-*philippe_09;0;0;0;0;0;0;1;0;0
-*rono_1218;0;0;0;0;0;0;0;0;0
-*fab_the_brat;0;0;0;0;0;0;2;0;1
-*molleess;0;0;0;0;0;0;1;0;1
*i_0177;1;5;0;0;0;14;4;4;2
*postComments_49;2;8;1;0;0;17;9;9;21
-*leo_pold1906;0;0;0;0;0;1;0;0;0
-*nuit_nwar;0;0;0;0;0;1;2;0;0
-*meteora_2060;0;0;0;0;0;1;0;1;0
-*dimi3is_koray;1;1;0;0;0;0;0;0;0
-*amine_sbn_;0;0;0;0;0;0;0;0;1
-*dydy21919;0;1;0;0;0;0;0;0;0
-*fjmoreillon;0;0;1;0;0;1;0;1;0
-*andresleonmartinez3;0;0;0;0;0;1;0;0;0
-*adambernardi5;0;0;0;0;0;0;0;0;0
-*eliano_lut;0;1;0;0;0;2;1;0;0
-*j0_zehp;0;0;0;0;0;1;0;0;0
-*louloug_1400;0;0;0;0;0;0;0;0;1
-*alixrieder;0;0;0;0;0;0;1;0;0
-*desboiscopain;0;0;0;0;0;1;0;0;0
-*leprince_de_syryh;0;0;2;0;0;0;0;1;0
-*boby_vagene;0;0;0;0;0;1;1;0;0
*i_0178;2;11;10;56;1;60;86;6;2
*postComments_305;2;11;10;56;1;60;86;6;2
*postReposts_190;2;11;10;56;1;60;86;6;2
-*pauletteakapaupau;0;1;2;0;0;3;2;0;0
-*ptan_wav;0;0;0;0;0;1;0;0;0
-*sakuraschneider;0;0;0;1;0;0;0;0;0
-*roxiedevil;0;0;0;0;0;1;0;0;0
-*francisgoodfr;0;0;0;0;0;0;2;0;0
-*maelle_gross;0;0;0;0;0;0;2;0;0
-*fuji_roc;0;0;0;0;0;1;0;0;1
-*stamatis6;0;0;3;5;1;6;1;1;0
-*zycario_1205;0;0;0;1;0;4;4;0;0
-*ychpp9;0;0;0;0;0;1;1;0;0
-*arrighi_e;0;0;0;0;0;4;1;0;0
-*senorita_diablesse123;0;0;0;0;0;0;1;0;0
-*dasha_news_;0;0;0;0;0;2;2;0;1
-*anto_du_wood;0;0;0;0;0;0;2;0;0
-*luca_petrillo96;0;0;0;0;0;0;1;0;0
-*7abdirisaq7;0;0;0;0;0;2;0;0;0
-*alex_prsg;0;0;0;1;0;0;0;0;0
-*johanna_barilier;0;0;1;0;0;0;0;0;0
-*e_b_1639;0;0;0;1;0;0;0;0;0
-*444pizarro;0;0;0;0;0;1;0;0;0
-*tschani_senaar;0;0;0;0;0;0;2;0;0
-*rayson_ptl;0;0;0;1;0;0;0;0;0
-*w_evy225;1;1;0;0;0;0;1;0;1
-*benklockk;0;0;0;0;0;2;1;0;0
-*christianedenis98;0;1;0;0;0;1;0;0;0
-*jd_schneider_ms;0;0;0;0;0;0;1;0;0
-*karol_pineda35;0;0;0;1;0;0;0;0;0
-*adriiiiand;0;1;0;7;0;0;0;0;0
-*nicogiacometti;0;0;0;0;0;1;0;0;1
-*_raz77_;0;0;0;0;0;0;1;0;0
-*neyroud_gs;0;0;0;0;0;0;1;0;0
*i_0179;4;1;1;0;0;3;2;1;0
-*ozgebenkara;1;0;0;0;0;0;0;0;0
-*zouz_le_syndrome;1;0;0;0;0;0;0;0;0
-*maka_1920;1;0;0;0;0;0;0;0;0
-*annadabrundashvili;0;0;1;0;0;0;0;0;0
-*mr_zoe_07;0;0;0;0;0;1;0;0;0
*i_0180;0;4;0;0;0;2;3;6;3
*postDate_23-10-2025;23;63;78;17;5;116;66;92;49
-*ninou_s;0;0;0;0;0;0;0;0;0
-*f_siegenthaler;0;0;0;0;0;1;0;0;0
-*albin__noel;0;0;0;0;0;1;0;0;0
-*lara_gds;0;1;0;0;0;0;0;0;0
-*erwan_bu;0;0;0;0;0;0;1;0;0
-*sophie_tlk_;0;0;0;0;0;0;1;0;0
*i_0181;0;5;0;0;0;0;0;1;6
-*pablofont_04;0;1;0;0;0;1;0;0;0
-*christiaan_dbr;0;0;0;1;0;0;0;0;1
-*gutoluis;0;2;0;0;0;0;0;1;0
*i_0182;3;0;0;0;0;2;2;2;1
*postLikes_14300;3;0;0;0;0;2;2;2;1
-*sisihu04_gz_;1;0;0;0;0;0;1;0;0
-*mavie_encouleurs_78;1;0;0;0;0;0;0;0;0
-*laura__bongard;0;0;0;0;0;0;1;1;1
-*arianefurer;0;0;0;0;0;0;1;0;0
-*samuel_adess;0;0;0;0;0;0;0;0;0
*i_0183;3;3;2;3;1;32;7;1;2
*postComments_82;6;13;30;3;4;54;46;11;3
*postReposts_108;3;3;2;3;1;32;7;1;2
-*leilacatillaz;0;0;0;0;0;1;0;0;0
-*papi_da999;0;0;0;0;0;1;1;0;0
-*naaaat05;1;0;0;0;0;0;0;0;0
-*la_e_ti;0;0;0;0;0;1;0;0;0
-*___jofck___;0;0;0;0;0;1;0;1;0
-*caroarnoulet;0;0;0;0;0;1;0;0;0
-*natalyncpy;0;0;0;0;0;0;0;0;0
-*dila190511;0;0;0;0;0;1;0;0;1
-*llona9654;0;0;0;0;0;2;1;0;0
-*isabelfacundes;0;0;0;0;0;4;0;0;0
-*tytel__;0;0;0;0;0;1;0;0;0
-*djamel_rostom;0;0;0;0;0;0;1;0;0
-*kevsdk_;0;0;1;0;0;2;0;0;0
-*vera_odb;0;0;0;0;0;0;1;0;1
-*schmidfrederic;0;0;0;0;0;1;0;0;0
-*isabelmexique;0;0;0;0;0;0;0;0;0
*i_0184;2;14;8;1;1;4;2;2;1
*postReposts_53;2;14;8;1;1;4;2;2;1
-*priscilaloiolaclement;0;0;0;0;0;1;0;0;0
-*tonin___7;0;0;0;0;1;0;0;0;0
-*foodbyflore;0;0;2;0;0;0;0;0;0
-*laura__marques17;0;0;0;0;0;0;0;0;0
-*benji_nhx;0;1;0;0;0;0;0;0;0
-*do____rian;1;0;0;0;0;0;0;0;0
-*ayline__13;0;1;0;0;0;0;0;0;0
-*catar1170;0;1;0;0;0;0;0;0;0
-*pld1018;0;0;0;0;0;1;0;0;0
-*benjamin015vd;0;0;0;0;0;0;1;0;0
-*benjamin_mrc;0;1;0;0;0;0;0;0;0
-*celinerudaz;1;0;0;0;0;0;0;0;0
-*a2l_1680;0;0;1;0;0;0;0;0;0
-*bonzai_nguyen;0;0;0;0;0;0;0;0;0
-*edo_bhti;0;1;0;0;0;0;0;0;0
-*denisgayet;0;0;1;0;0;2;0;0;0
-*skystealer;0;0;0;0;0;0;0;0;0
*i_0185;2;12;55;12;1;28;32;55;8
*postComments_284;2;12;55;12;1;28;32;55;8
*postReposts_207;2;12;55;12;1;28;32;55;8
-*nassim_slmkr;0;0;1;0;0;0;0;0;0
-*jeunephara7;2;0;0;0;0;0;3;0;0
-*antlesp2003;0;0;0;2;0;0;0;0;0
-*chariff_98;0;0;0;0;0;1;0;0;0
-*yannick_chapps;0;0;1;0;0;0;0;1;0
*commentLikes_273;0;0;0;0;0;1;0;0;0
-*speedfox_tattoo;0;0;0;0;0;1;0;1;1
-*mani_gances;0;1;0;0;0;0;2;0;0
-*_a_marquess_;0;0;0;0;0;0;0;1;0
-*sabrina763;0;0;1;0;0;0;0;2;1
-*karolynechandra;0;0;0;0;0;0;0;3;1
-*yass_sya;0;0;1;0;0;1;0;0;0
-*p_perritaz;0;0;0;0;0;0;0;1;0
-*h_jan786;0;0;0;0;0;0;0;1;0
-*adamsan90;0;0;1;0;0;0;0;2;0
-*dontcallmeowen;0;0;0;1;0;0;0;0;0
-*mfw_kv;0;1;0;0;1;1;2;1;0
-*inboccaalluca;0;0;2;0;0;2;0;0;1
-*drystan3000;0;0;0;0;0;0;0;1;0
-*la_mesange_0;0;0;0;0;0;0;0;0;0
-*tina_mb00;1;0;0;0;0;0;1;0;0
-*martine_monnet_123;0;0;0;0;0;0;1;0;0
-*coraline_2w;0;0;0;0;0;1;0;0;0
*commentLikes_170;1;0;0;0;0;0;0;1;0
-*gar_yce;0;0;0;0;0;0;0;1;0
-*mo_gret;0;0;0;0;0;1;1;0;0
-*marcschopfer;0;0;0;0;0;2;1;0;0
-*christos_chtzi;0;1;0;0;0;0;0;0;0
-*joaopedro8645;0;0;0;0;0;0;0;1;0
-*verynicebod;0;0;0;0;0;0;1;0;0
-*sedkib;0;0;0;0;0;1;0;0;0
-*raffaele0_0;0;0;0;0;1;0;0;0;0
-*liseeuron;0;0;1;0;0;0;0;0;0
-*bbnobsbru;0;0;2;0;0;1;0;0;1
-*onit_elevate;0;0;0;0;0;0;1;1;2
*i_0186;1;0;5;0;0;0;1;0;0
*postLikes_708;1;0;5;0;0;0;1;0;0
*i_0187;7;6;1;1;2;42;5;15;7
*postComments_135;7;6;1;1;2;42;5;15;7
*postReposts_175;7;6;1;1;2;42;5;15;7
-*sesiom_hightower;0;0;0;0;0;1;1;0;0
-*rose_goldeyy;0;0;0;0;0;1;0;0;0
-*lucien_delacretaz;0;0;0;0;0;2;0;0;1
-*inspirations180;0;0;0;0;0;1;2;1;0
-*dtrs_811;0;0;0;0;0;1;0;0;0
-*lamithriller;0;0;0;0;0;1;0;0;0
-*gaellervr;0;0;0;0;0;0;0;0;1
-*js_gnv;0;0;0;0;0;1;0;0;0
-*clarina_hocke;0;0;0;0;0;0;1;0;0
-*tuuutine;0;0;1;0;0;1;0;0;0
-*michelernst5;0;0;0;0;0;1;0;0;0
-*carineg16;0;0;0;0;0;1;0;0;0
-*helena2024helena;0;0;0;0;0;1;0;0;0
-*the_bigwave;0;0;0;0;0;2;0;0;0
-*_annae_s_;0;0;0;1;0;0;0;0;0
-*sakana_ink;0;0;0;0;0;1;0;0;0
-*chloe_baz;0;0;0;0;0;1;0;0;0
-*la_stef83;0;0;0;0;1;1;0;0;0
-*danae_vtrs;0;0;0;0;0;2;0;0;0
-*roxane_mt98;0;0;0;0;1;1;0;1;0
-*shoueface;0;0;0;0;0;1;1;0;0
-*gioan__o2;0;0;0;0;0;1;0;0;0
-*catherinekrme;0;0;1;0;0;1;0;1;0
-*deboragen;0;0;0;0;0;0;0;1;0
-*helenelopescodrescu;0;0;0;0;0;0;0;0;2
-*gmaxelleofficiel;0;0;0;0;0;0;0;0;1
-*maitresse_atefe;1;0;0;0;0;0;0;0;0
-*ashanti_s_n;0;0;0;0;0;0;0;3;0
-*da_baabs;1;0;0;0;0;0;0;0;0
-*o_rizon_;0;0;1;0;0;0;0;0;1
-*roanelipp;0;0;0;0;0;0;0;0;0
-*sylvettemottier;1;0;0;0;0;0;0;0;0
-*karinee_006;1;0;0;0;0;0;0;0;0
*i_0188;1;7;4;0;0;2;10;2;2
*postReposts_90;1;7;4;0;0;2;10;2;2
-*loic_leblanc;0;1;0;0;0;0;0;0;0
-*albe_rina10;0;1;0;0;0;0;0;0;0
-*cosmic_girl_1807;0;0;0;0;0;0;5;3;0
-*altin_gxr;0;0;0;0;0;0;2;0;1
-*julian_gampert;0;0;1;0;0;0;0;0;0
-*yann_kndsm;0;0;1;0;0;0;0;0;0
-*rlotcha;0;1;0;0;0;0;0;0;0
-*soniabenarab;0;0;0;0;0;0;0;0;0
-*naatnyc;0;0;0;0;0;1;0;0;0
-*mohamad2030ch;0;1;0;0;0;0;1;0;0
-*takaritchi;0;1;0;0;0;0;0;0;0
-*brigittebarmanzaza;0;0;0;0;0;0;1;0;0
*i_0189;3;4;0;0;0;2;0;0;2
-*richoz_b;2;0;0;0;0;0;0;0;0
-*julienjacqmett;1;0;0;0;0;0;0;0;0
-*guigz_chardo;0;1;0;0;0;0;0;0;0
-*bastien_maba5;0;1;0;0;0;0;0;0;0
-*matt_mg92;1;0;0;0;0;0;0;0;0
-*ntsparadize;0;0;0;0;0;1;0;0;0
*i_0190;1;8;3;0;0;2;2;8;16
-*rebecca_tout_court;0;0;0;0;0;0;0;1;0
-*annaabsolutelydiva;0;1;0;0;0;0;0;0;0
-*nicogigi;0;0;0;0;0;0;0;1;0
-*firat_okur2020;0;0;1;0;0;0;0;0;0
-*gauxxxy;1;2;0;0;0;0;0;0;0
-*florentjardinier;0;0;0;0;0;1;0;0;1
-*dylan_deroo_;0;0;0;0;0;1;0;0;1
-*yoli3535;0;1;0;0;0;0;0;0;0
-*hugo__________g;0;0;1;0;0;0;0;1;0
-*vinzzz2_0;0;0;0;0;0;0;0;1;0
-*videira_philippe;0;0;0;0;0;0;0;1;0
*i_0191;0;0;0;0;0;0;2;0;1
-*chateaudesaintmaurice;0;0;0;0;0;0;0;0;1
-*edge_cazes;0;0;0;0;0;0;0;0;0
*i_0192;0;2;0;1;4;16;16;12;1
*postDate_24-10-2025;41;80;82;17;10;166;178;258;60
-*anastasijalubova;0;0;0;0;1;2;0;2;0
-*coco_kitchennn;0;1;0;0;0;0;0;0;0
-*kemalchemists;0;0;0;0;0;1;5;7;0
-*multistrada228;0;0;0;0;0;0;1;0;0
*i_0193;0;7;0;1;0;17;28;160;7
-*maxx_shmd;0;0;0;0;0;1;6;27;2
-*teddy_fsk98;0;0;2;0;0;0;1;2;0
-*lorenzo_a12;0;0;0;0;0;1;0;0;1
-*louannmarquis6;0;0;0;0;0;1;0;1;0
-*charlottemara899;0;1;0;0;0;0;0;8;0
-*val_tinehp;0;0;0;0;0;0;1;1;0
-*bulledelumiere2950;0;1;0;0;0;9;1;11;0
*i_0194;8;41;2;3;4;19;43;6;3
*postLikes_28100;8;41;2;3;4;19;43;6;3
*postComments_225;8;41;2;3;4;19;43;6;3
*postReposts_182;8;41;2;3;4;19;43;6;3
-*courgette_safranee;0;0;0;0;0;1;1;0;0
-*kvrmek;0;0;0;0;0;0;1;1;0
*commentDate_5-11-2025;26;63;74;15;5;129;145;158;158
-*olivier_lassoie;0;0;1;0;0;0;0;0;0
-*kobasili036;0;1;0;0;0;0;0;0;0
-*scg_obscurity;0;0;0;0;0;0;0;0;1
-*k_r_e_s_;0;0;0;0;0;1;0;0;0
-*amlkstn;0;1;0;0;0;0;0;0;0
*commentLikes_347;0;1;0;0;0;0;0;0;0
-*chahdhous;0;0;0;0;0;1;0;0;0
-*miko_gabo;0;0;0;0;0;1;0;0;0
-*validaabasova;1;0;0;0;0;3;5;0;0
-*anas_qaysar;0;0;0;1;0;3;10;0;0
-*frer_74;0;0;0;0;0;1;0;0;0
-*rayh424;0;2;0;0;0;0;0;0;0
-*_____phil2lille_____;0;1;0;0;0;0;0;0;0
-*laurgau55;0;0;0;0;0;1;0;0;0
-*mjbskt;0;1;0;1;0;0;0;0;0
-*franbecjac;0;0;0;0;0;0;0;0;0
-*lilou_tma_;0;0;0;0;0;1;0;0;0
-*yaschw;0;0;0;1;0;0;0;0;0
-*maxi_pf1;0;1;0;0;0;0;0;0;0
-*n_mory;0;0;0;0;0;0;0;0;1
-*pstphyl;0;1;0;0;0;0;0;0;0
-*poo_lynn;0;1;0;0;0;0;0;0;0
-*laurent_badoux;0;0;0;0;1;0;0;0;0
-*paillonanne;0;0;0;0;0;0;0;1;0
-*nathalie_b_m;1;1;0;0;0;0;1;0;0
-*baby_doll_pinprenelle;0;1;0;0;0;0;0;0;0
-*maxime_spe;0;1;0;0;0;0;0;2;0
-*meibnmn;1;1;0;0;0;0;0;0;0
-*pieceonetrue;0;0;0;0;0;0;0;1;0
-*sebago7;0;1;0;0;0;0;1;0;1
-*futurevibes_mus;0;1;0;0;0;0;0;0;0
-*dknbrrdj;0;1;0;1;0;0;0;0;0
-*josua_lmt;0;1;0;0;0;0;0;0;0
-*lauriane_nicole;0;1;0;0;0;0;0;0;0
-*florian_loiodice;0;1;0;0;0;0;0;0;0
-*katzhoom;0;1;0;0;0;0;0;0;0
-*nabil_oulharj;0;1;0;0;0;0;0;1;0
-*sibyllejaquerod;0;1;0;0;0;1;0;0;0
-*_julxen_;0;1;0;0;0;0;0;0;0
-*leo_norm;0;1;0;0;0;0;1;0;0
-*vitali_luca;2;1;0;0;0;3;1;0;0
-*georgeskiener_official;1;0;0;0;0;1;0;0;0
-*mimigstaad;0;0;0;0;0;0;0;0;0
-*tania_brun;0;1;0;0;0;0;0;0;0
-*nico_herbert;0;1;0;0;0;0;0;0;0
-*yaano777;0;1;0;0;0;0;0;0;0
-*viv_d0wn_glide;1;0;0;0;0;0;0;0;0
-*nes_va;0;1;0;0;0;0;0;0;0
-*nirv_aina;1;0;0;0;0;0;0;0;0
-*sparrow_972;0;0;0;0;0;0;1;0;0
*i_0195;1;5;0;0;0;1;0;1;0
-*desmoofab;0;1;0;0;0;0;0;0;0
-*angels_of_light11_11;1;0;0;0;0;0;0;0;0
*i_0196;0;1;0;2;0;4;6;10;4
-*michelevallelian;0;0;0;0;0;0;0;1;0
-*mattheycristina;0;0;1;0;0;0;1;0;0
-*loriszamofing;0;0;0;0;0;0;1;1;1
-*hafentheodore;0;0;0;0;0;0;0;1;0
*commentDate_3-11-2025;23;51;42;19;5;129;107;168;82
-*laurentkropf;0;0;0;0;0;0;1;0;0
*i_0197;1;0;0;0;0;1;3;1;0
-*dufourroxane9;0;0;0;0;0;0;1;0;0
-*barriere_eric;0;0;0;0;0;1;0;0;0
*i_0198;13;8;26;3;0;14;17;6;2
*postLikes_7400;15;10;26;3;0;23;20;7;2
*postComments_168;13;8;26;3;0;14;17;6;2
-*matilda_bnchtt;1;0;0;0;0;0;0;0;0
-*11franca11;1;0;0;0;0;0;0;0;0
-*panchard_leo;1;0;0;0;0;0;0;0;0
-*lyan_kwh;0;1;0;0;0;0;1;0;0
-*paocut26;0;0;0;0;0;4;1;0;0
-*dos166828;0;1;0;0;0;0;0;0;0
-*imene_s_f;1;0;0;1;0;0;0;0;0
-*__assan_;0;0;1;0;0;0;2;0;1
-*arie_ldavidowitz;0;0;5;0;0;2;4;1;0
-*naomiteszler;0;0;1;0;0;0;0;0;0
-*p_png_;0;0;0;0;0;0;1;0;0
-*a_gks_;0;0;0;0;0;0;1;0;0
-*samyeamar;1;0;0;0;0;0;0;0;0
-*michel_bh00;0;2;0;0;0;1;1;0;0
-*licea_raw;0;0;0;0;0;1;1;0;0
-*alessvms;0;0;3;0;0;2;1;2;0
-*tlmhogg;0;0;0;0;0;0;1;0;0
-*voice_of_helvetia;0;0;2;0;0;1;2;1;2
-*tempetesdedouceur;0;0;1;0;0;0;0;0;0
-*koolopoko;0;0;0;0;0;0;0;0;0
-*clarisse_12034;1;0;0;0;0;0;0;0;0
-*ingriid__t;1;0;0;0;0;0;0;0;0
-*fatima_alasa_;3;0;0;0;0;0;0;0;0
-*sarah_mngt;1;0;0;0;0;0;0;0;0
-*laurapetitelibellule;0;0;1;0;0;0;0;0;0
-*rothschildannik;0;0;0;0;0;0;0;1;0
-*bertrand_fiard1;0;0;0;0;0;1;0;0;0
*i_0199;4;2;0;0;0;2;0;1;0
-*ciccone__al74;1;0;0;0;0;0;0;0;0
-*trx_albalushi01;1;0;0;0;0;0;0;0;0
-*uro_vision;1;0;0;0;0;0;0;0;0
-*flo226;0;0;0;0;0;0;0;0;0
-*hel_lau;0;1;0;0;0;0;0;0;0
*i_0200;2;0;2;0;0;4;10;0;0
-*vladarlt;1;0;0;0;0;0;0;0;0
-*mbkywi;0;0;1;0;0;0;0;0;0
*i_0201;11;9;52;4;2;58;33;54;5
*postComments_355;11;9;52;4;2;58;33;54;5
-*nishtfares;0;0;1;0;0;1;0;1;0
-*__gri_selda__;0;0;0;0;0;0;0;0;1
-*mollifab;3;2;0;0;0;1;0;0;0
-*julieherrm8;0;0;0;0;0;1;1;2;0
-*clar_ita6091;0;1;2;0;0;1;1;8;1
-*jordan_e34;0;0;0;0;0;0;0;1;0
-*bambooloca;0;0;0;0;0;1;0;0;0
-*sam_kurt_8;0;0;1;1;0;1;0;0;0
-*oospioneoo;0;0;1;0;0;1;0;0;0
-*n_ann_o;0;0;1;0;0;0;0;0;0
-*anouarkedadi;0;0;0;0;0;1;0;0;0
-*altin__m;0;0;0;0;0;0;1;0;0
-*jonas_mauduit;0;0;1;0;0;0;0;1;0
-*sobytlv;0;0;3;0;0;1;0;1;1
-*m1k_karnib;0;0;0;0;0;0;0;1;0
-*cathy_martagon;0;0;0;0;0;0;1;3;1
-*doc4real_667;0;0;0;1;0;0;0;2;0
-*volvo1747;0;0;0;0;0;1;0;0;0
-*hmzz_17_;0;1;0;0;0;0;0;0;0
*commentDate_6-11-2025;31;72;117;20;4;132;155;164;172
-*steevlemercier;0;0;0;0;0;0;2;0;0
-*lolaa_lsqrx;0;0;0;0;0;0;0;1;0
-*lorlylyly;0;0;0;0;0;0;0;1;0
-*8rasika;0;0;0;0;0;1;0;0;0
-*hadeer_haddo;0;0;4;0;0;1;0;0;0
-*yeslord____;1;0;0;0;0;2;0;0;0
-*_l_ramin_l_;0;0;1;0;0;0;2;1;0
-*dylou_tam;2;0;0;0;0;0;0;0;0
-*aparcerisa;0;0;1;0;0;0;0;0;0
-*alex_kh1_;0;0;1;0;0;1;2;0;1
-*guzelrosa2025;1;0;0;0;0;0;0;0;0
-*bas222;0;0;2;0;0;0;0;1;0
-*alizee__99;0;0;0;0;0;0;0;0;0
*commentDate_7-11-2025;17;54;47;82;4;150;220;123;79
-*baptisto01_virtuel__off;0;0;3;0;0;0;0;0;0
-*wissem_soussi;0;0;1;0;0;0;0;0;0
-*innactifvv;0;0;0;0;0;0;0;0;0
-*andryy15;1;0;0;0;0;0;0;0;0
*i_0202;0;1;0;0;0;23;8;2;3
-*livio_lbln;0;0;0;0;0;9;0;0;0
-*depping_lucas;0;0;0;0;0;0;1;0;0
-*yann_burri;0;0;0;0;0;0;1;0;0
-*ch_drone_;0;0;0;0;0;0;0;0;0
*i_0203;1;4;0;3;0;7;14;5;35
-*loryvasso;0;0;0;0;0;2;0;0;1
-*macadam_cargo;0;1;0;0;0;0;0;0;1
-*tobiasfrch;0;0;0;0;0;0;1;0;0
-*pcab_ch;0;0;0;0;0;0;0;0;2
-*familiabrnasuica;0;0;1;0;0;0;0;1;0
-*louisfanvw;0;0;0;0;0;0;0;0;1
-*jonasalkashi;0;0;0;0;0;0;0;0;1
*i_0204;1;2;0;0;0;0;3;0;3
*postDate_25-10-2025;19;26;3;2;2;45;79;32;97
-*sandracarmenstephanie_;0;0;0;0;0;0;0;0;1
-*17bambou;0;0;0;0;0;0;1;0;0
-*stephruper;0;0;0;0;0;0;0;0;1
-*isabelle_antille;0;0;0;0;0;0;2;0;0
*i_0205;8;0;0;0;0;1;2;0;0
-*charlotterosewood;1;0;0;0;0;0;0;0;0
-*keenbluegaze;1;0;0;0;0;0;0;0;0
-*larisevich;0;0;0;0;0;1;0;0;0
-*xfrnsx;0;0;0;0;0;0;1;0;0
-*sophie_melly;1;0;0;0;0;0;0;0;0
*i_0206;0;1;0;0;0;0;0;0;1
*i_0207;1;0;0;0;0;0;0;0;15
*i_0208;0;0;0;0;0;15;4;4;3
-*angel_dssantos18;0;0;0;0;0;0;2;0;0
-*_r_pauline_11;0;0;0;0;0;2;0;0;1
-*tamushka1606;0;0;0;0;0;0;1;0;0
-*jeanbaptiste_caid;0;0;0;0;0;0;0;0;1
-*martimnpascoal;0;0;0;0;0;1;0;0;0
-*g4b1ii_;0;0;0;0;0;1;0;0;0
-*md_accomando;0;0;0;0;0;1;0;0;0
*i_0209;0;3;0;1;1;8;6;4;3
-*jeanmarievermot;0;0;0;0;0;1;0;0;0
-*nolan_dmrd;0;0;0;0;0;0;1;0;0
-*romanebllm;0;1;0;0;1;0;1;1;0
-*kyks_139;1;0;0;0;0;0;1;0;0
-*cyrille_1999;0;0;0;0;0;1;0;0;3
-*mrd0msure;0;0;0;1;0;0;0;0;0
*i_0210;5;1;0;0;0;0;0;0;0
*i_0211;2;13;1;1;1;17;44;7;53
*postComments_180;5;22;58;2;2;30;62;11;56
-*chigaaru;0;0;0;0;0;0;0;0;3
-*la_johannie;1;0;0;0;0;0;0;0;0
-*holistic_brain_health;0;1;0;0;0;1;0;0;1
-*elisabeth_poget;0;0;0;0;0;0;1;0;0
-*chris_daska;0;0;0;0;0;1;0;0;0
-*isabellecharlet;0;0;0;0;0;0;1;1;1
-*cnve9;0;0;0;0;0;0;1;0;0
-*allazsebastien;0;0;0;0;0;1;0;0;0
-*guillaumesaouli;0;0;0;0;0;0;0;0;0
-*davidruffieux;0;0;0;0;0;1;0;0;6
-*c_delima34;0;1;0;0;0;1;0;0;0
-*elisa_zuc;0;0;0;0;0;1;0;0;0
-*vicente_mln;0;0;1;0;0;1;1;0;0
-*c_manghi;0;0;0;0;0;0;0;0;1
-*alexie_mf;0;0;0;0;0;0;3;0;4
-*haaris_kyo;0;0;0;0;0;0;1;0;0
-*galfoebbasta;0;1;0;0;0;0;0;0;0
-*nefertiti_nasc80;0;0;0;0;0;0;0;1;0
-*piashazar;0;0;0;0;0;0;0;0;1
-*ena__idi;0;0;1;0;0;0;0;0;0
-*oliviaplisson;0;0;0;0;0;0;0;0;0
-*lbo_carole;0;0;0;0;0;0;0;0;1
-*lylythe81;0;1;0;0;0;0;0;0;1
*i_0212;2;2;0;0;0;2;1;3;4
-*patricia_gally_58;0;0;0;0;0;0;0;1;0
-*es_thibaud;0;0;0;0;0;1;0;0;0
-*travelnwork_isthebest;0;1;0;0;0;2;0;5;0
*i_0213;0;3;2;0;0;2;19;12;15
-*pableb;0;0;0;0;0;0;0;1;0
-*thiagogladiado;0;0;0;0;0;0;1;0;0
-*lin1k92;0;0;0;0;0;0;0;0;1
-*bruna_bartolomei;0;0;0;0;0;0;1;0;0
-*allamnog;0;0;0;0;1;3;0;0;1
-*mariaizabeldennyalves;1;0;1;0;0;0;2;0;0
-*photoart_100;0;0;0;0;0;0;0;0;1
-*team_bsn18;0;0;0;0;0;1;1;0;0
-*jeanpaulkienner;0;0;0;0;0;0;0;1;0
-*thayane_bonzon;0;0;0;0;0;0;2;0;0
-*jordaaniiabn;0;0;0;0;0;0;0;1;0
*i_0214;0;1;0;0;0;0;0;2;0
-*leonardreichen;1;1;0;0;0;0;1;0;0
*i_0215;0;5;0;0;0;6;12;1;36
*postDate_26-10-2025;24;36;65;4;4;78;116;182;61
-*yasmine_bengou;0;1;0;0;0;0;0;0;0
-*lemanbecycle;0;0;0;0;0;0;0;0;7
-*nadiabochud;0;0;0;0;0;2;0;2;0
-*naomi_cto;0;0;0;0;0;1;0;0;1
-*mamiemo74;1;0;0;0;0;0;1;0;0
-*hulyaarslan0709;0;1;0;0;0;0;0;0;0
-*amelie_drinktea;0;0;0;0;0;1;0;0;1
*i_0216;0;2;0;0;0;3;0;1;1
*i_0217;2;2;0;0;0;9;3;1;0
-*huyen_tran_bla;0;1;0;0;0;0;0;0;0
-*woodingv;1;2;0;0;0;2;0;1;1
-*gg_aetan;0;0;0;0;0;1;0;0;0
*i_0218;1;0;0;0;0;0;0;0;0
*i_0219;1;5;7;1;1;12;18;4;2
*postComments_73;12;21;48;7;3;35;65;47;25
-*noshoes__noworries;0;0;1;0;0;0;0;0;0
-*eth_ker;0;0;0;0;0;1;0;3;1
-*enriqueospina19;0;0;0;0;0;1;0;0;1
-*fb78103;0;0;0;0;0;0;3;0;0
-*velomanbernard;0;0;1;0;0;0;0;2;0
-*ant1croquelois;0;0;0;0;0;0;0;0;0
-*mifigue_mibarbare;0;0;1;0;0;0;0;0;0
-*aahcestlea;0;0;0;0;0;1;1;0;0
-*mathieu_aucher;1;0;0;0;0;0;0;0;0
-*louis_de_sm;0;1;0;0;0;0;0;0;0
*i_0220;11;4;3;2;1;20;44;161;5
*postLikes_9600;11;4;3;2;1;20;44;161;5
*postComments_258;11;4;3;2;1;20;44;161;5
*postReposts_125;11;4;3;2;1;20;44;161;5
-*antox44;0;0;0;0;0;0;0;1;0
-*o_rochat;0;0;0;0;0;0;0;3;1
-*kelly_spring7;0;1;0;0;0;0;1;1;0
-*ewiian;0;0;0;0;0;0;1;2;0
-*ju_lie_ct;0;0;0;0;0;0;0;1;1
-*luong_yan;0;1;0;0;0;0;0;1;0
-*bellmosc0;0;1;0;0;0;0;0;5;0
-*david_pequignot;0;0;0;0;0;1;0;3;0
-*kuryia;0;0;1;0;0;0;0;0;0
-*quintus1848;0;0;0;0;0;1;1;0;0
-*adrien_bcm;0;0;0;0;0;0;0;7;0
-*__vrnvud__;0;0;1;0;0;1;0;0;0
-*stecheshire;0;0;0;0;0;2;1;0;0
-*inloustan;0;1;0;0;0;1;1;2;0
-*collaud24;0;0;0;0;0;0;0;3;0
*commentDate_1-11-2025;37;52;73;78;9;102;113;108;107
-*presidentjey;0;0;0;0;0;0;0;1;0
-*bruni_rd25;0;0;0;0;0;0;1;6;0
-*lobelia23;0;0;0;0;0;0;0;1;1
-*anna_barra65;2;0;0;0;0;1;0;1;0
-*la_loule;0;0;0;0;0;0;0;1;0
-*_oliviabricot_;0;0;0;0;0;0;0;1;0
-*guermazi_amir;0;0;0;0;0;0;0;1;0
-*boykisser404;0;0;0;0;0;0;0;4;0
-*alexiadanstoussesetats;0;0;0;0;0;0;0;1;0
-*adri1dunand;0;0;0;1;0;0;0;0;0
-*__4_c_;1;0;0;0;0;0;0;0;0
-*isa_meylan;0;0;0;0;0;0;0;2;0
-*lnoviana;1;0;0;0;0;0;0;0;0
-*niloc_2410;0;0;0;0;0;0;1;0;0
-*swissfabien;0;0;0;0;0;0;0;1;0
-*theo_streit_77;1;0;0;0;0;0;0;0;0
-*djam_life19;0;0;0;0;0;0;0;0;1
-*_mvndy;1;0;0;0;0;0;0;0;0
-*jessica_carvalho_ch;2;0;0;0;0;0;0;0;0
-*hugpta;1;0;0;0;0;0;0;0;0
*i_0221;2;2;1;0;2;6;18;3;0
-*leo_dbns;0;0;0;0;0;0;1;0;0
*i_0222;4;1;0;0;0;0;0;1;0
-*lucas_foot_800;1;0;0;0;0;0;0;0;0
-*lego_jaune;0;0;0;0;0;0;0;1;0
*i_0223;0;3;1;0;0;1;2;7;1
-*jakob_podca;0;0;0;0;0;1;0;0;0
-*sa_m258;0;0;0;0;0;1;1;0;0
-*david_moggings;0;0;0;0;0;0;1;0;0
-*jeremlausanne;0;0;0;0;0;0;0;0;1
*i_0224;3;3;52;0;0;7;8;0;4
*postComments_110;4;9;53;0;1;59;15;5;4
-*messalineg;0;0;0;0;0;1;1;0;0
-*jeanchristinat;0;0;0;0;0;0;0;0;0
-*adventure_linn;0;0;2;0;0;2;2;0;0
-*cosmokaiza;0;0;1;0;0;1;0;0;0
-*johan_media;0;0;0;0;0;0;1;0;0
*i_0225;0;2;0;1;0;8;6;2;7
-*butchie_surf;0;1;0;0;0;0;0;0;0
*i_0226;0;7;1;0;0;6;5;1;5
-*steven_riosm;0;0;0;0;0;2;0;0;1
-*tanhosky;0;0;0;0;0;0;0;0;1
-*versionwishdemila;0;1;0;0;0;0;0;0;0
*i_0227;0;1;1;0;0;0;1;0;0
*postDate_27-10-2025;89;110;286;12;4;129;146;99;41
-*melissapinto12_;0;1;0;0;0;0;0;0;0
-*tina_capmed;0;1;1;0;0;0;0;0;0
*i_0228;11;29;1;1;1;4;5;5;6
*postComments_189;11;29;1;1;1;4;5;5;6
*postReposts_165;11;29;1;1;1;4;5;5;6
-*machado_dias_523;0;1;0;0;0;0;1;0;0
-*siri_kit;0;0;0;0;0;1;0;0;0
-*t_stl1;0;0;0;0;0;0;1;0;0
-*cindooh;0;1;0;0;0;0;0;0;1
-*coco_hida;0;1;0;0;0;0;0;0;0
-*oceanaquaticx;1;0;0;0;0;0;0;0;0
-*moniteur_ski_grandmassif;0;1;0;0;0;0;0;0;0
-*lady_sapphire13;1;0;0;0;0;0;0;0;0
-*meyer_charlyne;0;1;0;0;0;0;0;0;0
-*djellab_nadir;0;1;0;0;0;0;0;0;0
-*titouan_kervz;0;1;0;0;0;0;0;0;0
-*raouffff_max_perrot;0;0;0;1;0;0;0;0;0
-*didi_chaves;0;0;0;0;0;0;0;0;1
-*melody_du_bonheur_;0;1;0;0;0;0;0;0;0
-*nae_life_flows;0;0;0;0;0;0;0;1;0
-*torsten_g01;0;0;0;0;0;1;0;0;0
-*max_camy_garcia;0;0;0;0;0;0;0;1;0
-*ofelafee77;0;0;0;0;0;0;0;0;0
-*raphael_v2;0;0;0;0;0;0;0;1;0
-*vltn8eye;0;0;0;0;0;0;0;0;1
-*luca___ast;0;1;0;0;0;0;0;0;0
-*koa_laurigole;0;1;0;0;0;0;0;0;0
-*sandrine_bra;0;1;0;0;0;0;0;0;0
-*had_c;0;1;0;0;0;0;0;0;1
-*diego_weidemann;0;0;0;0;0;0;1;0;0
-*design_malin;0;0;0;0;0;1;0;0;0
-*jeremie___tlr;0;1;0;0;0;0;0;0;0
-*maryclaire20;1;0;0;0;0;0;0;0;0
-*dizzylamachine;0;0;0;0;0;0;1;0;0
-*nath_he_24_06;0;1;0;0;0;0;0;0;0
-*olivtis;0;0;0;0;0;1;1;0;0
-*pajaziti_bajram;0;1;0;0;0;1;0;0;0
-*nossous;0;0;0;0;0;0;0;0;0
-*miguel_ts_p;0;1;0;0;1;0;0;0;0
-*actacchini;0;0;0;0;0;1;0;0;0
-*floflo_8210;1;0;0;0;0;0;0;0;0
-*crazybikerwoman;0;0;0;0;0;0;0;0;0
-*33unleashed17;0;1;0;0;0;0;0;0;0
-*intuit_sens;0;0;0;0;0;0;0;0;1
-*hofmannpatrick;1;0;0;0;0;0;0;0;0
-*stiancr;1;0;0;0;0;0;0;0;0
-*laybacktravel;0;1;0;0;0;0;0;0;0
-*celine_adventures;0;1;0;0;0;0;0;0;0
-*marciafernandes9283;0;0;0;0;0;0;1;0;0
-*maxinthewater;0;0;0;0;0;0;0;0;0
-*robpetex;0;1;0;0;0;0;0;0;0
-*pumadesiles;0;0;1;0;0;0;0;0;0
-*antonio_conroy_catw;0;0;0;0;0;0;0;0;0
-*alinelinea;1;0;0;0;0;0;0;0;0
-*mael_huguelet;1;0;0;0;0;0;0;0;0
-*thomascerato;0;1;0;0;0;0;0;0;0
*i_0229;2;2;1;0;0;6;25;22;1
-*ivanaa_mih;1;0;0;0;0;0;0;0;0
-*cyrille_gr;0;0;0;0;0;0;3;8;0
-*rheblfpn;0;0;0;0;0;0;1;1;0
-*89yuyito;0;0;0;0;0;0;0;3;0
-*hfdfjkkv;0;5;1;0;0;0;1;0;0
-*denylamark23;1;0;1;0;0;0;0;0;0
-*gustavodaniel_munoz_3;0;0;0;0;0;0;1;0;0
-*__vic_hdz;0;0;0;0;0;0;1;0;0
*i_0230;3;1;0;0;0;0;0;0;1
*postLikes_10500;16;12;9;3;2;27;28;12;14
-*footprints_on_my_way;1;0;0;0;0;0;0;0;0
*i_0231;6;6;130;3;0;22;28;4;3
*postComments_273;6;6;130;3;0;22;28;4;3
*postReposts_376;6;6;130;3;0;22;28;4;3
-*eneida_photography;0;0;1;0;0;0;0;0;0
-*sanaasdq;1;0;0;0;0;0;0;0;0
-*muratbalian;0;0;0;0;0;1;0;0;0
-*michelcamp0s;0;0;1;0;0;0;0;0;0
*commentLikes_302;0;0;1;0;0;0;0;0;0
-*simon_nicolerat;0;1;0;0;0;0;1;0;0
-*erlin_sdr;0;0;2;0;0;1;0;0;0
-*meraj_azm;0;0;1;0;0;0;0;0;0
-*sol_anjinha;0;0;1;0;0;0;2;0;0
*commentLikes_417;0;0;1;0;0;0;0;0;0
-*__tarekdabour;0;0;7;0;0;4;2;0;0
-*philippedexelle;0;0;1;0;0;0;0;0;0
-*domannicette;0;0;1;0;0;0;0;0;0
-*dominique280560;0;0;2;0;0;0;0;0;0
-*ransaidani;0;0;1;0;0;0;0;0;0
-*encorunjour;0;0;0;1;0;0;0;0;0
-*seb_lopez;0;1;0;1;0;3;1;1;1
-*manoukrp;0;0;1;0;0;0;1;0;0
-*olivierbender;0;0;0;1;0;1;1;2;1
-*az_redone;0;0;1;0;0;0;0;0;0
-*bib_bom;0;0;0;0;0;0;1;0;0
-*barbara_augsburger;2;0;0;0;0;0;0;0;0
-*raf__45;0;0;4;0;0;0;1;0;0
-*colettejeri;0;0;0;0;0;0;1;0;0
-*lea_cppt;0;0;1;0;0;0;0;0;0
-*insta_ga;0;0;1;0;0;0;0;0;0
-*hellada_mou;0;0;2;0;0;1;0;1;0
-*banni_1203;0;0;0;0;0;1;0;0;0
-*nottoobad_life1213;0;0;0;0;0;0;1;0;0
-*la_filmdirector;1;0;1;0;0;3;0;2;0
-*lucy_veras;0;0;0;0;0;1;0;0;0
-*marctaverney;0;0;0;0;0;0;1;0;0
-*edend3d3n;0;0;0;0;0;1;0;1;1
-*ghayebfaycal;1;0;0;0;0;0;0;0;0
-*veroniquemaire11;0;0;1;0;0;0;0;0;1
-*wekhez;0;0;1;0;0;0;0;0;0
-*amelie_paccolat;0;0;1;0;0;0;0;0;0
-*nathalie_nirina;0;0;1;0;0;0;0;0;0
-*symbole_11;0;1;0;0;0;2;0;0;0
-*zoeguillou_4;0;0;0;0;0;0;0;0;0
-*pinelaisilda;0;0;0;0;0;0;1;0;0
*i_0232;3;5;1;1;0;9;1;6;2
*postLikes_9700;3;5;1;1;0;9;1;6;2
-*jardinbotaniquegeneve;1;0;0;0;0;0;0;0;0
-*oksanawegner_photo;0;0;0;0;0;1;0;0;0
-*mathieu_laissue;1;0;0;0;0;0;0;0;0
-*bianchinidecaillet;0;0;0;0;0;1;0;1;1
-*virgile_s5;0;1;0;0;0;0;0;0;0
-*_tibaldo;0;0;1;0;0;0;0;0;0
-*vavoune___;0;0;0;0;0;1;1;0;0
-*mal_o_main;0;0;0;0;0;1;1;1;0
-*candra_c25;0;1;0;0;0;0;0;0;0
-*slt_cest_nat;0;0;0;0;0;1;0;0;0
-*gvatimyboy;0;0;0;0;0;0;0;1;0
-*val_cong;0;0;0;1;0;1;0;0;1
-*deoliveiraangelique;0;0;0;0;0;0;0;1;1
-*silviarori_organizing;1;0;0;0;0;0;0;0;0
-*didier_etien;0;0;0;0;0;1;0;0;0
-*frantaisy;0;1;0;0;0;0;0;0;0
-*isabellecardis;0;0;0;0;0;0;0;0;1
*i_0233;0;2;0;0;0;0;0;1;0
*i_0234;33;14;5;1;0;7;16;6;14
*postLikes_13600;33;14;5;1;0;7;16;6;14
*postReposts_223;33;14;5;1;0;7;16;6;14
-*mali_yad;1;0;0;0;0;0;0;0;0
-*maissa_drj;1;0;0;0;0;0;0;0;0
-*alie_taisa;0;1;0;0;0;1;0;0;0
-*liliharania;1;0;0;0;0;0;0;0;0
-*kenzalgerie;1;0;0;0;0;0;0;0;0
-*mounia0811;1;0;0;0;0;0;0;0;0
-*austindux;1;0;0;0;0;0;0;0;0
-*sportygirl_73;1;0;0;0;0;0;0;0;0
-*auxours;0;0;0;0;0;1;0;0;0
-*hamzaherhar;1;0;0;0;0;0;0;0;0
-*naouelloussa;1;0;0;0;0;1;0;0;0
-*icosium_dt;1;0;0;0;0;0;0;0;0
-*listen_and_obey;0;0;0;0;0;1;0;0;0
-*_choumi__;0;0;0;0;0;0;1;0;0
-*linda_panorama;1;0;0;0;0;0;0;0;0
-*sarra_st19;1;0;0;0;0;0;0;0;0
-*soumia_mg;1;0;0;0;0;0;0;0;0
-*so_brement;0;0;0;0;0;0;0;0;2
-*urba_vision;0;0;0;0;0;0;0;2;5
-*fays6712;1;0;0;0;0;0;0;1;0
-*chamsou_james;1;0;0;0;0;0;0;0;0
-*chef_david_kohler;0;4;1;0;0;4;0;2;1
-*mimouna_tlb;1;0;0;0;0;1;0;0;0
-*laramartins_10;1;1;0;0;0;0;0;0;0
-*aymanyshw;0;1;0;0;0;0;0;0;0
-*lyan_191987;0;0;0;0;0;0;1;0;0
-*choulak_mohamed;0;0;0;0;0;0;0;0;1
-*kerboucheabdelbasset;1;0;0;0;0;0;0;0;0
-*svddvmzed;0;0;0;0;0;0;0;0;1
-*raaph_s7;0;1;0;0;0;0;0;0;0
-*h1nd_0o;0;0;0;0;0;0;1;0;0
-*rosangelajenzer;1;0;0;0;0;0;0;0;0
-*ouss_ouss15;1;0;0;0;0;0;0;0;0
-*mel_bens_;2;1;0;0;0;0;0;0;0
-*serinedar;1;0;0;0;0;0;0;0;0
-*achouak_dh9;1;0;0;0;0;0;0;0;0
-*montagneusement_dz;1;0;0;0;0;0;0;0;0
-*ayyoub_selmi;1;0;0;0;0;0;0;0;0
-*samiaazmeh;0;1;0;0;0;0;0;0;0
-*moounir;1;0;0;0;0;0;0;0;0
-*weesalim98;0;2;1;0;0;1;3;3;2
*i_0235;1;18;8;1;0;10;9;4;5
*postComments_117;1;18;8;1;0;10;9;4;5
-*_matt82;0;1;0;0;0;0;0;0;0
-*michemichou247;0;0;0;1;0;0;1;0;0
-*k_mangao;0;1;0;0;0;0;0;0;0
-*tinnjo;0;0;1;0;0;0;0;0;0
-*etienne511;0;1;0;0;0;0;0;0;0
-*fredo_filho_do_pais;0;0;0;0;0;0;0;0;0
-*queenteewii;0;2;0;0;0;0;0;1;0
-*anaokafor2013;0;1;0;0;0;0;0;0;0
-*big_adan;0;1;0;0;0;0;0;0;0
-*vinfaur;0;0;0;0;0;0;0;1;0
-*jzay_tinashe;0;0;1;0;0;0;0;0;0
-*melon_mozzarella;0;2;0;0;0;0;0;0;0
-*eazy_b77;0;0;1;0;0;0;0;0;0
-*jess_jessy7;0;1;0;0;0;0;0;0;0
-*katalin1926;0;1;0;0;0;0;0;0;0
-*ahimsa_nic;0;0;0;0;0;0;1;0;0
-*j_c_m_09;0;0;0;0;0;0;0;0;0
-*willybill78;0;0;1;0;0;0;0;0;0
-*afri6dura;0;0;0;0;0;0;0;0;0
-*noura_nz;0;0;0;0;0;0;0;0;0
-*__rdvl__;0;0;0;0;0;1;0;0;0
-*vforde_;0;0;0;0;0;1;1;1;0
-*angepreciosa;0;0;0;0;0;0;0;1;0
-*louis_milane;0;0;0;0;0;1;0;0;0
-*hry_rv_tsh;0;0;0;0;0;0;1;0;0
-*saithejuice;0;1;0;0;0;0;0;0;1
-*wilou89116;0;0;0;0;0;1;0;0;0
*i_0236;5;19;0;0;0;2;2;3;1
-*racletteduvalaisaop;1;0;0;0;0;0;0;0;0
-*mariesiegenthaler;0;1;0;0;0;0;0;0;0
-*favre_mael;0;0;0;0;0;0;1;0;0
-*micmike86;0;0;0;0;0;0;1;1;0
-*mlle_patty;1;0;0;0;0;0;0;0;0
*i_0237;21;9;118;5;3;54;41;46;6
*postComments_503;21;9;118;5;3;54;41;46;6
*postReposts_242;21;9;118;5;3;54;41;46;6
-*iamolivia_real;1;0;0;1;0;0;0;0;0
-*indiretta14;1;1;0;0;0;0;1;1;0
*commentLikes_157;0;0;1;0;0;0;0;0;1
-*chryskinny;0;0;0;0;0;1;0;0;0
-*eva_schneider123;0;2;0;0;0;3;0;0;0
-*sandrinevolonterio;0;0;1;0;0;0;0;0;0
-*ydo71;0;0;0;0;0;0;0;2;0
-*marika_bjh;0;0;0;0;0;0;0;0;0
-*thyanaraiba15_06_89;0;0;0;0;0;1;1;2;0
-*yass8419;0;0;0;0;0;0;1;0;0
-*neguinhocacau;0;0;0;1;0;1;2;0;0
-*cassy_27_04;0;0;0;0;1;0;0;0;0
-*delphineduvar;0;0;1;0;0;0;0;0;0
-*maxi_uumm;0;0;1;0;0;0;1;0;0
-*benjamin_de_bast;0;0;31;2;0;0;5;0;0
-*34miamalo;0;0;4;0;0;2;0;0;0
-*goyzillla;0;1;1;0;0;1;0;0;0
-*leilabelleemann;0;1;0;0;0;0;0;0;0
-*sarahnaal;0;0;1;0;0;0;0;0;0
-*kaiserinhelgavoneinhorn;0;0;0;0;0;1;0;0;0
-*pepetecretton;0;0;0;0;0;0;0;1;0
-*beaumontjuliede;0;0;0;0;0;1;0;0;0
-*florestan_roy;0;0;0;0;0;0;0;1;0
-*jacklm89;0;0;0;0;0;0;1;0;1
-*moniicafleury;0;0;0;0;0;1;0;0;1
-*manonmauduy;0;0;2;0;0;0;0;0;0
-*muki_hasaj;0;1;0;0;0;1;0;0;0
-*evane_kossath;0;0;1;0;0;0;0;0;0
-*evankn_74;0;0;0;0;0;1;1;0;0
-*bachar_jendoubi;0;0;1;0;0;0;0;0;0
-*carolinekaamanen;0;0;0;0;0;0;1;0;0
-*_azy_04;0;0;2;0;0;0;0;0;0
-*elenamilo69;0;0;0;0;0;0;1;0;0
-*stefania663366;0;0;8;0;0;2;0;1;0
-*moonstrips;0;0;0;0;0;1;0;0;0
-*yanntieche;0;0;0;0;0;0;0;1;0
-*dudul_81;0;0;0;0;0;0;0;0;1
-*ma_lik3;0;0;0;0;0;3;1;0;0
-*donya_fardaws;0;0;0;0;0;0;1;0;0
-*mauricio_andreiiia;1;0;0;0;0;0;0;1;0
-*kb9youns;0;0;1;0;0;0;0;0;0
-*amona_eman_71;1;0;0;0;0;0;0;0;0
-*marcuzli;0;0;0;0;0;1;0;0;0
-*mollymol252;1;0;0;0;0;0;0;0;0
-*nejm_aridhi;1;0;0;0;0;0;0;0;0
-*zinnepmazouz;0;0;0;0;0;1;0;1;0
-*e_sandoz_prive;0;0;4;0;0;0;0;1;0
-*lala_souad_;1;0;0;0;0;0;0;1;0
-*l0ulou;1;0;0;0;0;0;0;0;0
-*victoire_179;0;0;0;0;0;1;0;1;0
-*bd9_23;1;0;0;0;0;0;0;0;0
-*ariel_yacob_;0;0;1;0;0;0;0;0;0
-*renoldmaude;0;0;0;0;0;0;0;1;0
-*flavix_schl;1;0;0;0;0;1;0;1;0
-*deb_girltravel;0;0;0;0;0;0;0;2;0
-*anashadni;1;0;0;0;0;0;0;0;0
-*miriamtorrejana;1;0;0;0;0;0;0;0;0
*i_0238;4;2;2;0;0;6;7;0;0
-*julie_writeforit;0;0;0;0;0;2;0;0;0
-*_anniegenie;1;0;0;0;0;0;0;0;0
-*anthoejio;1;0;0;0;0;0;0;0;0
-*rono_1220;1;0;0;0;0;1;2;0;0
-*rokhayadiallo;0;0;0;0;0;0;1;0;0
-*romainpittet;0;1;0;0;0;0;0;0;0
-*daniel_u_tv;0;1;0;0;0;0;0;0;0
*i_0239;0;2;19;0;0;9;11;2;2
*postComments_88;2;6;79;4;0;38;34;22;10
-*rockpsychenfullhd;0;0;0;0;0;1;0;0;0
-*jessicannelle;0;0;0;0;0;0;0;1;0
-*marc_dark_horse;0;0;1;0;0;0;0;0;0
-*wuluigi;0;1;2;0;0;0;0;0;0
-*mohammad_1208k;0;0;2;0;0;0;0;0;0
-*mustotiziana;0;0;1;0;0;0;1;0;0
-*claudiadessolis;0;0;0;0;0;1;1;0;0
-*el_sa_lx;0;0;0;0;0;0;0;0;0
-*susribs;0;0;1;3;0;2;3;0;0
-*brahmane_prana;0;0;2;0;0;0;1;0;0
-*jardifra;0;0;0;1;0;2;1;0;0
-*elisa_adr;0;0;1;0;0;0;0;0;0
-*gumiho_yeowang;0;0;0;0;0;1;0;0;0
-*free_mob_02;0;0;1;0;0;0;0;1;0
*i_0240;2;4;0;0;2;6;6;35;2
*postDate_28-10-2025;66;124;266;10;10;155;99;88;64
-*mini_aimie;0;0;0;0;0;0;0;1;0
-*adrienpretre;0;0;0;0;0;1;0;1;0
-*explorerfoodie;0;0;0;0;0;0;4;1;0
-*memes_radicaux;0;0;0;0;0;0;0;4;0
-*simeonprimavera;0;0;1;0;0;0;0;1;0
-*giannuzziguido;0;0;0;0;0;0;0;1;0
-*vibb_3311;0;0;0;0;0;0;0;1;0
-*neroacuro;0;0;0;0;0;1;0;0;0
-*bluemoon_furry_femboy_;0;0;0;0;0;1;0;0;0
*i_0241;0;3;0;0;0;1;3;10;13
-*gaby_bkz;0;0;0;0;0;0;0;0;1
-*freego_ch;0;0;0;0;0;0;0;0;1
-*julien_berberat;0;0;0;0;0;1;0;1;0
-*liloooou;0;0;0;0;0;0;0;1;0
-*la_chnille;0;1;0;0;0;0;0;0;1
-*associationnouveaudepart2021;0;0;0;0;0;1;0;0;1
-*stephnerny;0;0;0;0;0;1;0;2;0
-*il_biolocale;0;0;0;0;0;0;0;0;1
-*blake_old_team;0;2;0;0;0;1;1;2;0
-*tatianovska;0;0;0;0;0;0;0;0;1
-*francoise_augsburger;0;0;0;0;0;0;0;0;1
-*maylonore;0;0;0;0;0;0;0;1;0
*i_0242;3;9;57;1;1;13;18;4;3
-*mahesh_cp9;0;0;1;0;0;0;0;0;0
-*fawkesnews94;0;0;0;0;0;0;1;0;0
-*yussi_nino;0;0;1;0;0;0;0;0;0
-*olivier_miclo;0;0;1;0;0;0;0;0;0
-*annaarchipelag;0;0;10;0;0;2;6;0;0
*commentLikes_283;0;0;1;1;0;0;0;0;0
-*aigloneliya;0;0;1;0;0;0;0;0;0
-*chrys_astuces;1;0;0;0;0;0;0;0;0
-*jayeon_ui;0;0;0;0;0;1;0;0;0
-*mukwendem;0;0;1;0;0;0;0;0;0
-*florianb0u;0;1;0;0;0;0;1;0;0
-*caroline_poetesse;0;0;0;0;0;1;0;0;0
*commentLikes_352;0;0;1;0;0;0;0;0;0
-*martinszybka;0;0;1;0;0;0;0;0;0
-*najetsahraoui;0;0;1;0;0;0;0;0;0
-*robinhlbd;0;2;0;0;1;1;1;0;2
-*ribeiro_lucio;0;0;2;0;0;0;0;0;0
-*leoc88;0;0;0;0;0;0;1;0;0
-*daliboy49;0;0;1;0;0;1;0;0;0
-*mhheidarpoor;0;0;1;0;0;0;0;1;0
-*thamarcg;0;0;0;0;0;1;0;0;0
-*bdvrobert;0;0;1;0;0;0;0;0;0
-*emina_ademovic;0;0;1;0;0;0;0;0;0
-*s_king1007;0;0;0;1;0;0;0;0;0
-*luisch_;0;0;0;0;0;0;0;0;1
*i_0243;0;10;0;1;0;3;1;0;1
*postLikes_9500;2;29;0;1;0;7;13;4;17
-*mgdelay;0;0;0;0;0;2;0;0;0
-*lepoupi;0;1;0;0;0;0;0;0;0
-*elea_lautre_bout_de_lunivers;0;1;0;0;0;0;0;0;0
*commentLikes_350;0;1;0;0;0;0;0;0;0
*i_0244;51;50;4;1;0;23;7;7;10
*postLikes_39300;51;50;4;1;0;23;7;7;10
*postComments_261;62;69;7;5;1;50;22;20;103
*postReposts_594;51;50;4;1;0;23;7;7;10
*commentLikes_811;0;1;0;0;0;0;0;0;0
-*migros_ch_fr;0;1;0;0;0;0;0;0;0
-*kianas_;1;1;0;0;0;0;0;0;0
-*sachathlete_;1;0;0;0;0;0;0;0;0
-*julio_v15;0;0;0;0;0;1;0;0;0
-*rtscouleur3;0;0;0;0;0;0;0;0;1
-*emypreston;1;0;0;0;0;0;0;1;0
-*noahyakuzebonvin_11;1;0;0;0;0;0;0;0;0
*commentLikes_455;0;1;0;0;0;1;0;0;0
-*vincentbossel;0;0;0;0;0;0;0;0;1
-*loganwintercunninghamm;0;1;0;0;0;0;0;0;0
-*arthur_harsch;0;0;0;0;0;0;0;0;0
-*nathoknew;0;0;0;0;0;0;0;0;1
-*johannaberuben;0;1;0;0;0;0;0;0;0
-*peccable_ch;0;1;0;0;0;0;0;0;0
-*bertrandevequoz;2;0;0;0;0;1;0;0;1
-*marinakocher;0;1;0;0;0;0;0;0;0
-*made_in_swisss;1;0;0;0;0;0;0;0;0
-*sxd_cath;0;1;0;0;0;2;0;0;0
-*trikar22;0;0;0;0;0;1;0;0;0
-*myrcemusic;0;0;0;0;0;0;0;0;1
*commentLikes_208;0;0;0;0;0;2;1;0;0
-*cristi_espana;0;0;0;0;0;2;0;0;0
-*mentatek;0;1;0;0;0;0;0;0;0
-*jerry_kahn;1;0;0;0;0;0;0;0;0
-*s3amy;1;0;0;0;0;0;0;0;0
*commentLikes_800;0;0;0;0;0;0;0;1;0
-*horacedsp;0;0;0;0;0;1;0;0;0
-*je_rey_miedepain;1;0;0;0;0;0;0;0;0
-*ontest_ch;0;1;0;0;0;0;0;0;0
-*lau_hurtado_;0;1;0;0;0;0;0;0;0
-*simon_coderey;0;1;2;0;0;0;1;2;0
-*heloise_bron;0;0;0;0;0;0;0;0;1
-*iamxenia77;0;0;0;0;0;1;0;0;0
-*me_trid;1;0;0;0;0;0;0;0;0
-*iceagle_;0;0;0;0;0;0;0;0;1
-*lauralit__;0;1;0;0;0;0;0;0;0
-*mymyboopbazar;1;0;0;0;0;0;0;0;0
-*tristanbarras;0;1;0;0;0;0;0;0;0
-*lise_chalverat;0;1;0;0;0;0;0;0;0
-*erwan_crca;0;0;1;0;0;0;0;0;0
-*maxyfoto;0;1;0;0;0;0;0;0;0
-*avantuyll;0;1;0;0;0;0;0;0;0
-*_isquatbro;0;0;1;0;0;0;0;0;0
-*_aureliee47;0;0;0;0;0;1;0;0;0
-*nacarat_py;0;0;0;0;0;0;0;0;0
-*yasser_bl_;1;0;0;0;0;0;0;0;0
-*le_gardemanger;0;0;1;0;0;0;0;0;0
-*marina__terranova;1;0;0;0;0;0;0;0;0
-*cay_clemence;1;0;0;0;0;0;0;0;0
-*auudreey___;1;0;0;0;0;0;0;0;0
-*emjicruz;0;1;0;0;0;0;0;0;0
-*zalinkin;0;0;0;0;0;0;1;0;0
-*lemutzfab;0;0;0;0;0;1;0;0;0
-*niyatomi;1;0;0;0;0;0;0;0;0
-*analogconnection;0;0;0;0;0;0;1;0;0
-*mademoiselle_o_jewelry;1;0;0;0;0;0;0;0;0
-*swisskiz;0;0;0;0;0;1;0;0;0
-*aline83;1;0;0;0;0;0;0;0;0
-*camillcaze;0;0;0;0;0;0;0;0;0
-*bulledechampagne;0;0;0;0;0;0;0;0;1
-*aud_2205;0;0;0;0;0;1;0;0;0
-*th_omas7318;1;0;0;0;0;0;0;0;0
-*sabi__992;0;1;0;0;0;0;0;0;0
-*vionnetjulien;1;0;0;0;0;0;0;0;0
-*missinalco;0;0;0;0;0;1;0;0;0
-*danutah_;1;0;0;0;0;0;0;1;0
-*k_r_s_hardmusic;0;0;0;0;0;0;0;1;0
-*furst_heidi;0;1;0;0;0;0;0;0;0
-*_mattitiana_;0;1;0;0;0;0;0;0;0
-*dreamer1993;1;0;0;0;0;0;0;0;0
-*_nowhere_now_here__;1;0;0;0;0;0;0;0;0
-*pablosan674;1;0;0;0;0;0;0;0;0
-*danielle_dousse_auteure;0;0;0;0;0;0;0;0;0
-*truff_air;1;0;0;0;0;0;0;0;0
-*virgin_ale;0;1;0;0;0;0;0;0;0
-*do_ri8;0;1;0;0;0;0;0;0;0
-*estellehamard;1;0;0;0;0;0;0;0;0
-*daph_gva;0;0;0;0;0;1;0;0;0
-*salma_fms;0;0;0;0;0;1;0;0;0
-*cloderoh;0;1;0;0;0;0;1;0;0
-*gabi_gabouche03;0;0;0;0;0;0;0;1;0
-*instamandiiiiiiine;1;0;0;0;0;0;0;0;0
-*alinerufer;0;1;0;0;0;0;0;0;0
-*merylstalder;1;0;0;0;0;0;0;0;0
-*solenita_13;1;0;0;0;0;0;0;0;0
-*louisecachat;0;0;0;0;0;0;0;0;0
-*emmanuelle_thoeny;1;0;0;0;0;0;0;0;0
-*flo_flo_1920;0;0;0;0;0;0;1;0;0
-*courtois_david;0;1;0;0;0;0;0;0;0
-*jehane_trb_;0;0;0;0;0;0;0;0;1
-*kyricou_172711;1;0;0;0;0;0;0;0;0
-*laetilicious_ch;1;1;0;0;0;0;0;0;0
-*jk_rodin;0;1;0;0;0;0;0;0;0
-*janeklr_;0;1;0;0;0;0;0;0;0
-*mathu_0701;1;0;0;0;0;0;0;0;0
-*joshuakcht;1;0;0;0;0;0;0;0;0
-*raph_pitpit;1;0;0;0;0;0;0;0;0
-*celineeefranja;1;0;0;0;0;0;0;0;0
*i_0245;0;0;1;0;0;4;1;0;0
-*jasmin_association;0;0;0;0;0;1;0;0;0
*i_0246;1;3;4;3;0;16;14;10;11
-*dandis_53;0;0;0;0;0;0;0;1;0
-*cam_i2601;0;0;0;0;0;0;0;0;0
-*della_sentaa;0;0;0;0;0;2;0;0;0
-*bjrmiii;0;0;0;0;0;0;0;0;0
-*nolan_12_32_06;0;1;0;0;0;0;1;0;0
-*________annaa_________;1;0;0;0;0;2;1;0;1
-*medaliesse;0;0;0;0;0;0;0;1;0
-*tiziana_amt;0;0;0;0;0;0;1;0;0
-*vera_froufe_gomes_magerand;0;0;0;1;0;1;0;4;0
-*coralie_gillieron;0;0;0;0;0;0;1;0;0
-*genixsecuritygroup;0;0;0;0;0;1;1;0;0
-*braun_stephane;0;0;0;0;0;0;0;0;0
-*king_lazz;0;0;1;0;0;0;0;0;0
-*elsa_quirante;0;0;0;0;0;0;0;0;1
-*dialarme;0;0;0;0;0;0;0;1;0
*i_0247;0;0;0;0;0;4;1;0;2
-*nirms_photo;1;0;0;0;0;2;0;0;0
-*adventures_with_my_k9s;0;0;0;0;0;0;1;0;0
-*haruchan_francais;0;0;0;0;0;1;0;0;0
-*colinecottier;0;0;0;0;0;0;0;0;1
-*al_pauchon;0;0;0;0;0;1;0;0;0
*i_0248;1;3;7;1;4;18;21;3;1
-*lololembo;0;0;0;0;0;1;0;0;0
-*paulina_havran;0;0;0;0;0;0;1;0;0
-*chriisten;0;0;0;0;1;0;0;0;0
-*natharoberts;0;0;0;0;0;1;0;0;0
-*dadh222;1;0;0;0;0;0;1;0;0
-*lux_dri;0;0;1;0;0;0;0;0;0
-*barbara_chevalier;0;0;1;0;0;0;0;0;0
-*cocomoonmermaid;0;1;0;0;0;0;1;0;0
-*s_ibrahhh;0;0;1;0;0;0;0;0;0
-*nn_prism;0;0;0;0;0;1;0;0;0
-*joz_zyy_43;0;0;0;0;0;0;0;1;0
*i_0249;5;16;191;3;2;35;25;9;6
*postComments_492;5;16;191;3;2;35;25;9;6
*postReposts_94;5;16;191;3;2;35;25;9;6
*commentLikes_476;0;0;0;0;0;1;0;0;0
-*hockeyboomer88;0;1;5;0;0;3;1;2;0
-*michgerabensimikeregasiben;0;0;3;0;1;1;0;0;0
*commentLikes_362;0;0;1;0;0;0;2;0;0
-*danielegay2021;0;0;1;0;0;0;1;0;0
-*arthur_rgln;0;0;0;0;0;1;0;0;0
-*nico_lepot;0;0;1;0;0;0;0;0;0
-*bellahcensoumia;0;0;1;0;0;0;0;0;0
-*yohann_pyt7;0;0;2;0;0;0;0;0;0
-*rayane_sawyer34;0;0;0;1;0;0;0;0;0
-*trying_while_surviving;0;0;1;0;0;0;0;0;0
-*david_gnouf;0;0;0;0;0;0;0;1;0
-*idk_zzz_tv2000;0;1;1;0;0;0;0;0;0
-*ines_marthaler;0;0;0;0;0;1;0;0;0
-*omar_syii;0;0;0;0;0;1;0;0;0
-*amelaiidivorne;0;0;1;0;0;0;0;1;1
-*ja_rh_813;0;0;1;0;0;0;0;0;0
-*damorani;0;1;3;0;0;0;1;0;0
-*cherifa__gr;0;0;0;0;0;1;1;0;0
-*c_ds_;0;0;0;0;0;1;0;0;0
-*jenny87cf;0;0;0;0;0;0;0;0;1
-*username1292748;0;0;1;0;0;1;0;0;0
-*daniele_be33;0;0;1;0;0;0;0;0;0
-*aminedjahed552;1;0;1;0;0;0;0;0;0
-*nad_c73;0;0;9;0;0;0;0;0;0
-*alz_vap;0;0;1;0;0;0;0;0;0
-*mo_yoors;0;1;0;0;0;0;2;0;0
-*sibylle_rupprecht_sexo;0;0;1;0;0;0;0;0;0
-*fayferahi;0;0;1;0;0;0;0;0;0
-*bouchrababouche;0;0;0;0;0;0;0;0;0
-*isacodabompiani;0;0;0;0;0;0;0;0;0
-*katia_nardi02;0;1;0;0;0;0;0;0;0
-*jahmyy;0;0;0;0;0;0;0;0;1
-*mowbaby;0;0;0;0;0;0;1;0;0
-*dany_myself;0;0;0;0;0;0;0;0;0
-*shemsedin_kastrati;0;0;0;0;0;0;0;0;0
-*guyot_david_;0;0;0;0;0;1;0;0;0
-*celia21177;0;0;0;0;0;0;0;0;0
*i_0250;1;13;1;0;1;30;1;6;4
-*joekasse34;1;0;0;0;0;3;0;0;0
-*topito_;0;0;0;0;0;1;0;0;0
-*kakampcha;0;0;0;0;0;1;0;0;0
*commentLikes_271;0;0;0;0;0;0;0;2;1
-*zilan_nanto;0;0;0;0;0;0;0;1;1
-*arcoiris_academie;0;0;0;0;0;0;0;0;1
-*mistik3960;0;1;0;0;0;0;0;0;0
-*ful_gence;0;1;0;0;0;0;0;0;0
-*jenny_amacker;0;1;0;0;0;0;0;0;0
-*eli_and_egas;0;0;0;0;0;1;2;1;2
-*up_in_the_sky_h2o;0;0;0;0;0;2;0;0;0
-*mamamelllie;0;0;0;0;0;1;0;0;0
-*charlynn_slf;0;0;0;0;0;1;0;0;0
-*shivaraou;0;0;0;0;0;1;0;0;0
-*zahoananas;0;0;3;0;0;0;0;1;0
-*eliebarbosafernandes;0;0;0;0;0;1;0;1;0
-*batmaid;0;0;0;0;0;0;0;1;0
-*leacorlay;0;0;0;0;0;1;0;0;0
-*b_lema8;0;1;0;0;0;0;0;1;1
-*char__lotte_13;0;0;0;0;0;1;0;0;0
-*madamebourgault;0;0;0;0;0;1;0;0;0
-*elena_grajera;0;1;0;0;0;0;0;1;0
*i_0251;1;0;0;0;0;1;1;4;3
-*shai_halimi_vevo;0;0;0;0;0;0;1;1;0
*i_0252;1;13;1;0;0;1;0;0;8
-*le_pecheur_francais1;0;1;0;0;0;0;0;0;0
-*garryjfoxone;0;0;0;0;0;0;0;0;1
-*admisa_moreira;0;0;0;0;0;0;0;0;1
-*laulig7;0;1;0;0;0;0;0;0;0
-*adri_taz;0;1;0;0;0;0;0;0;0
-*aline_lamaline;0;1;0;0;0;0;0;0;0
-*art_trn_;0;1;0;0;0;0;0;0;0
-*samsam19884;0;0;0;0;0;1;0;0;0
*i_0253;0;1;1;0;1;3;4;4;24
*postReposts_45;0;1;1;0;1;3;4;4;24
*postDate_29-10-2025;55;67;243;30;4;166;264;60;69
*commentLikes_191;0;0;0;0;0;0;2;1;1
-*lemontkorab;0;0;0;0;0;1;1;0;0
-*chris___heeney;0;0;0;0;0;0;0;0;1
-*isclna;0;0;0;0;0;0;0;0;1
-*maximilien_ldc;0;0;0;0;0;0;0;0;1
-*christophevida;0;0;0;0;0;0;1;0;0
*i_0254;2;12;10;3;1;29;99;15;7
*postComments_248;10;24;111;6;2;50;118;19;10
*commentLikes_293;0;0;0;0;0;0;1;0;0
-*leaag__;0;0;0;0;0;1;0;0;0
-*jean_marck3080;0;0;1;0;0;1;4;0;0
-*emilia_wildlife;0;1;1;0;0;0;1;0;0
-*u_g_o;0;0;0;0;0;0;3;0;0
-*dessibourg;0;0;0;0;0;0;1;0;0
-*audreyon_de_soleil;0;0;0;0;0;0;1;1;0
-*tonton_prive;0;0;0;0;0;0;1;0;0
-*kevinjordil;0;0;0;0;0;0;0;1;0
*commentLikes_525;0;0;0;0;0;0;1;0;0
-*agua__seca;0;1;0;0;0;0;1;0;0
-*y_l_b____;0;1;0;0;0;0;0;0;0
-*jordi_nieriker_2003;0;0;1;0;0;0;2;0;9
-*marek_1103;0;0;0;0;0;0;1;0;0
-*arliarlou;0;0;0;0;0;1;0;2;0
-*gclar1974;0;0;0;0;0;0;1;0;0
-*_hestern_;0;0;0;0;0;1;1;0;0
-*wmsmith;0;0;0;0;0;0;3;0;0
-*basto__s;0;0;0;0;0;1;0;0;0
-*maxharvey_music;0;0;0;0;0;0;0;0;0
-*loris_amz;0;0;0;0;0;0;0;1;0
-*vabounette;0;0;0;0;0;0;0;0;1
-*manddariine;0;0;0;0;0;3;1;0;0
-*ch_petit_ch;0;0;0;0;0;1;0;0;0
-*vincent_magnenat;0;0;0;0;0;0;1;0;0
-*ingrid_sciortino;0;0;0;0;0;0;0;0;1
*i_0255;3;13;4;0;0;5;37;4;2
*postComments_121;3;28;8;2;0;22;71;9;4
-*got_ol;0;1;0;0;0;0;1;0;0
*commentLikes_217;0;0;0;0;0;0;1;0;0
-*rndm_bouin;0;0;0;0;0;0;1;0;0
-*maburgener;1;0;0;0;0;0;1;0;1
-*laurenceremillet;0;0;0;0;0;0;1;0;0
-*fouinka;0;0;0;0;0;0;0;0;0
-*leandro241110;1;0;0;0;0;0;0;0;0
-*bastienfrx;0;1;0;0;0;0;0;0;0
-*nathan__jlt;0;0;0;0;0;0;1;0;0
-*sb_ngl;0;1;0;0;0;0;0;0;0
-*1312acab_smile_thanks_to_drugs;0;0;0;0;0;1;1;0;0
-*cedric_16k;0;0;0;0;0;0;1;0;0
-*_j_h_a_nn_;0;0;0;0;0;0;1;0;0
-*ilan_4nero;0;0;0;0;0;0;1;0;0
*commentLikes_539;0;0;0;0;0;0;1;0;0
-*didouchkaia_;0;1;0;0;0;0;0;0;0
-*francis_gogniat;0;1;0;0;0;0;0;0;0
-*olivaillant;0;0;0;0;0;1;0;0;0
-*nakimi_ch;0;0;0;0;0;0;1;0;0
-*lepetitreporteur;0;1;0;0;0;0;0;1;0
-*sannfru_;0;0;0;0;0;0;1;0;0
-*jon_4lbch;0;0;1;0;0;0;0;0;0
*i_0256;8;12;101;3;1;21;19;4;3
*postReposts_188;8;12;101;3;1;21;19;4;3
-*ditiii_j;0;0;1;0;0;0;0;0;0
-*supa_kko;0;0;0;0;0;1;0;0;0
-*0x_spike;0;0;3;0;0;0;0;0;0
-*remi_siegenthaler;0;0;0;0;0;1;0;2;1
-*mylab_aart;0;0;1;0;0;0;0;0;0
-*steph_dasilva_;0;0;1;0;0;0;1;0;0
-*abf_gryffondor;0;1;0;0;0;1;0;0;0
-*the_new_dgi;0;0;0;0;0;1;0;0;0
-*cheikhatsg;0;0;1;0;0;0;0;0;0
-*kiokirua;0;0;0;0;0;1;0;0;0
-*real_ali_pacino;0;0;0;0;0;1;0;0;0
-*ngkma;1;0;0;0;0;0;0;0;0
-*adennzbn;0;0;1;0;0;0;0;0;0
-*anne_kohsamui;0;0;1;0;0;0;0;0;0
-*johannaoberli;0;0;0;0;0;0;1;0;0
*i_0257;4;2;0;0;0;7;1;2;1
-*fpv1on1training;0;0;0;0;0;0;0;0;0
-*patrickconstantin4;0;1;0;0;0;0;0;0;0
-*tatiiibru;1;0;0;0;0;0;0;0;0
-*christophe_berse;0;0;0;0;0;0;0;0;1
-*arx_petervon;1;0;0;0;0;0;0;0;0
-*_zinesss_;0;1;0;0;0;0;0;0;0
-*funkyandspicy;1;0;0;0;0;0;0;0;0
-*micael_turberg;2;0;0;0;0;0;0;0;0
-*patoche_gva;0;0;0;0;0;1;0;0;0
-*inconnu21217;0;0;0;0;0;0;0;1;0
*i_0258;20;3;1;1;1;3;7;0;0
-*kevingermanier;0;0;0;0;0;0;1;0;0
-*jaimepaslesdimanches_ch;0;0;0;1;0;0;0;0;0
-*iampetite7;0;0;0;0;0;0;1;0;0
-*strappazzon_s;1;0;0;0;0;0;0;0;0
-*martine_moudon;1;0;0;0;0;0;0;0;0
-*nad4creation;1;0;0;0;0;0;0;0;0
-*danielcoif;1;0;0;0;0;0;0;0;0
-*chappuisb;1;0;0;0;0;0;0;0;0
-*nilufer4;1;0;0;0;0;0;0;0;0
-*hadljohanna;1;0;0;0;0;0;0;0;0
-*annefrancegivel;0;0;0;0;0;1;0;0;0
-*killianrod25;1;0;0;0;0;0;0;0;0
-*gustav_13;1;0;0;0;0;0;0;0;0
-*laurence_mrtnn;1;0;0;0;0;0;0;0;0
-*swisssmilejourney;0;0;0;0;1;0;0;0;0
-*bryan_gendre;1;0;0;0;0;0;0;0;0
-*mylikyou;1;0;0;0;0;0;1;0;0
*i_0259;1;6;37;0;0;10;26;3;2
-*isabellepiaget;0;0;4;0;0;0;0;0;0
-*saarah_ettoi;0;0;0;0;0;0;0;0;1
-*serizawa_photography;0;0;1;0;0;0;1;0;0
-*lemec_aigri;0;0;1;0;0;0;0;1;0
-*entaunyeau;0;0;0;0;0;0;1;0;0
*i_0260;1;3;0;0;0;5;8;5;16
-*william_francisco_music;1;0;0;0;0;0;0;0;0
-*mel_gba;0;1;0;0;0;0;0;0;0
-*peauleau;0;0;0;0;0;0;0;1;1
-*lloki_lloko;0;0;0;0;0;0;1;0;0
*i_0261;3;5;0;0;0;1;0;4;1
*postLikes_21400;3;5;0;0;0;1;0;4;1
*postReposts_110;4;19;0;0;0;16;24;99;3
-*le_tintin_du_rail;0;0;0;0;0;0;0;0;1
-*nathalierossi1;1;0;0;0;0;0;0;0;0
-*victo_v51;1;0;0;0;0;0;0;0;0
-*lindita_b88;0;0;0;0;0;0;0;1;0
-*josephsalas_pro;0;1;0;0;0;0;0;0;0
-*salomeee_s;0;0;0;0;0;1;0;0;0
-*asma_cbn;0;1;0;0;0;0;0;0;0
-*hugo___gnz;1;0;0;0;0;0;0;0;0
*i_0262;11;2;84;17;0;74;55;12;9
*postComments_373;11;2;84;17;0;74;55;12;9
*postReposts_168;11;2;84;17;0;74;55;12;9
-*renata_jordao_peter;1;0;0;0;0;0;0;0;0
-*pamcosta_swiss;0;1;1;0;0;2;1;0;0
-*malo_bineau;0;0;0;0;0;0;1;0;0
-*ifmoniz_ark;0;0;0;0;0;1;0;0;0
-*ab_onesss;0;0;0;0;0;0;1;0;0
-*ju_ba_12;0;0;0;2;0;0;2;0;0
-*mcsapiinhodazlofc;0;0;1;0;0;1;0;0;0
-*claudiabassitt;0;0;0;0;0;0;1;0;0
-*ribsgab;0;0;0;1;0;2;0;4;0
*commentLikes_196;0;0;1;0;0;0;1;2;0
-*axdino;0;0;1;0;0;0;0;0;0
-*leenamameihei;1;0;0;0;0;4;4;0;0
-*yhonigrc;0;0;0;0;0;0;1;1;1
-*samourelle;0;0;0;2;0;1;1;0;0
-*sra_amelia;0;0;1;0;0;0;0;0;0
-*raposo_bru;0;0;1;0;0;0;0;0;0
-*pereira_dneves;0;0;0;0;0;1;0;0;0
-*rellik_bjj;0;0;1;0;0;0;0;0;0
-*pierrotleblaireau;0;0;3;0;0;0;1;0;0
-*crankcelso;0;0;1;0;0;3;3;0;1
-*tomasjure_tg;1;0;0;0;0;0;0;0;0
-*mateuspatriciojj;0;0;3;0;0;0;1;0;0
-*xnx_1917;0;0;1;0;0;1;0;4;2
-*axellflavio;0;0;0;2;0;0;0;0;0
-*antoinepitteloud;0;0;1;0;0;0;1;0;1
-*adrianamalacari;0;0;0;0;0;1;0;0;0
-*jonas_fg;0;0;1;0;0;1;0;0;0
-*_mariakohn_;0;0;0;1;0;0;0;0;0
-*danyfiity;0;0;1;0;0;0;0;0;0
-*joha_nnes2527;0;0;2;0;0;0;1;0;0
-*moraispaulo65;0;0;0;0;0;1;0;0;0
-*daniel_goiano86;0;0;0;0;0;0;2;0;0
-*karlathais1;0;0;0;1;0;0;0;0;0
-*lima_ivan;0;0;1;0;0;1;0;0;0
-*geovanamader;0;0;1;1;0;0;0;0;0
-*dostos__;0;0;2;0;0;1;0;0;0
-*paty_tricia;0;0;1;0;0;0;2;0;0
-*andreia_duracak;0;0;1;0;0;0;1;0;0
-*jimmypimp;0;0;0;0;0;0;1;0;0
-*tawfikmarius;0;0;1;0;0;0;0;0;0
-*hellen_ballestra;0;0;4;0;0;2;1;0;0
-*by_rita_fiuza_fashion_bigger;0;0;1;0;0;0;0;0;0
-*suleimamendes;0;0;0;1;0;0;0;0;0
-*ninanadianadwa;0;0;0;0;0;1;0;0;0
-*filipe_bianchi;0;0;1;0;0;0;0;0;0
-*lucianaguedesteixeiraleite;0;0;0;0;0;0;0;0;0
-*l_r_s26;0;0;0;0;0;1;0;0;0
-*j_arthurcandido;0;0;0;0;0;1;0;0;0
-*casaecocatu_praia_da_lages;0;0;1;0;0;0;0;0;0
-*lulinden7;0;1;0;0;0;0;0;1;0
-*ivson_bastos_bjj;0;0;0;0;0;0;1;0;0
-*izabelsilva1312;0;0;1;0;0;0;0;0;0
-*miss_nesz;0;0;1;0;0;1;0;0;0
-*mgmjimenez;0;0;1;0;0;0;1;0;0
-*crispereiraclemente;1;0;0;0;0;1;0;0;0
-*nannou_ab;0;0;0;0;0;0;3;0;1
-*tua_vtn_986;0;0;0;0;0;3;0;2;1
-*chaleip0x3ur;0;0;1;0;0;0;1;0;0
-*iuricruzofc;1;0;0;0;0;0;0;0;0
-*basadonna;0;0;1;0;0;0;0;0;0
-*julyanedesantana;0;0;0;0;0;1;0;0;0
-*djdonmorenoshowswiss;0;0;0;0;0;1;0;0;0
-*ornel_in_stagram;0;0;0;0;0;0;1;0;0
-*carolamarogarrido;0;0;1;0;0;0;0;0;0
-*nerisvitoraci;0;0;0;0;0;0;1;0;0
-*aml_sabr_mrt;0;0;0;0;0;1;0;0;0
-*jucapu1909;0;0;0;0;0;0;0;0;1
-*andersonganzaroli;0;0;1;0;0;0;0;0;0
-*boris_rere;0;0;0;0;0;0;0;1;0
-*thiagoladeiraidiomas;0;0;0;0;0;1;0;0;0
-*ellacoteouest;0;0;0;0;0;3;0;0;0
-*kelly_viret;0;0;0;0;0;1;0;1;0
-*renatasimoes1;1;0;0;0;0;0;0;0;0
-*karlkakao;0;0;0;0;0;0;0;0;1
-*pathorando;0;0;0;0;0;0;0;0;0
-*originalmaniac_tattoo;0;0;0;0;0;1;0;0;0
-*dmmma__;0;0;0;0;0;0;1;0;0
-*asl_tt49;0;0;0;0;0;3;0;0;1
-*rod_saraiva;0;0;1;0;0;0;0;0;0
-*jeff_la_tour;0;0;0;0;0;0;1;0;0
-*gomezi__;0;0;1;0;0;0;0;0;0
-*vardaralil;0;0;0;0;0;0;0;1;0
-*natiluzka;0;0;0;0;0;1;0;1;1
-*christiandossantos2025;1;0;0;0;0;0;0;0;0
*i_0263;1;7;5;6;0;5;6;4;2
-*caftanvintage__;0;3;0;0;0;0;0;1;0
-*aw_ay74;1;0;0;0;0;1;0;0;0
-*otmane_el_ainouni;0;1;0;0;0;0;0;0;0
-*r0jo_07;0;0;0;0;0;1;2;0;0
-*mohcine_ar12;0;0;1;0;0;0;0;0;1
-*redman_voyage_;0;0;0;1;0;0;0;0;0
-*brillance_suisse;0;0;1;0;0;0;0;0;1
*i_0264;1;1;0;0;0;3;2;3;2
-*gbourquin;0;0;0;0;0;0;1;0;0
*i_0265;1;0;1;2;0;3;4;1;10
*postDate_30-10-2025;11;41;25;3;5;83;108;95;30
-*hosseindina;0;0;0;0;0;0;1;0;3
-*i_mtome;0;0;1;0;0;0;0;0;0
-*erik_overtask;0;0;0;0;0;0;1;0;1
-*recyclatelier_sylvie;0;0;0;0;0;1;0;0;0
-*capucine_0703;0;0;0;0;0;1;0;0;0
*i_0266;1;0;4;0;0;1;0;1;2
-*yokedean_01;0;0;0;0;0;1;0;1;0
*i_0267;1;1;1;0;1;17;16;52;2
*postComments_106;1;1;1;0;1;17;16;52;2
*commentLikes_204;0;0;0;0;0;0;0;4;0
-*vic_pall;0;0;0;0;0;0;0;4;0
-*sonia78th;0;0;0;0;0;0;1;2;0
-*amalbay22;0;1;1;0;0;1;1;5;2
-*pborloz;0;0;0;0;0;0;1;3;0
-*b__marti;0;0;0;0;0;0;0;1;0
-*john_familly7;0;0;0;0;0;3;0;1;0
-*nela_princessbrazza89;0;0;0;0;0;1;0;3;0
-*prince_diid;0;0;0;0;0;0;0;1;0
-*paulatina_d;1;0;0;0;0;0;0;2;1
-*jean__miel;0;0;0;0;0;0;1;0;0
-*x_ciana;0;0;0;0;0;1;0;1;0
-*tycia22;0;0;0;0;0;0;1;2;0
-*scolinette_delamontagne;0;0;0;1;0;1;0;3;1
*i_0268;1;3;0;0;0;1;1;0;0
-*ouaicestthib;0;1;0;0;0;0;1;7;3
*i_0269;2;6;0;0;1;21;34;18;5
*postComments_140;2;6;0;0;1;21;34;18;5
-*ecop_francois;1;1;0;0;0;0;2;0;0
-*thelma_ns;0;0;0;0;0;1;0;0;0
-*rocaline_stevens;0;0;0;0;0;1;1;0;1
-*chacha_mojitos;0;0;0;0;0;0;1;0;0
-*freediv_e;0;0;0;0;0;0;1;0;0
-*voyageur_1969;0;0;0;0;0;0;0;0;1
-*charlotteetsonjules;0;0;0;0;0;0;1;0;0
-*abmarcella;0;0;0;0;0;0;1;0;0
-*erosfan;0;0;0;0;0;0;1;1;0
-*henchozchantal;0;0;0;0;0;1;0;0;0
-*marielauredupont02;0;0;0;0;0;0;1;0;0
-*the_orange_machiiine;0;0;0;0;0;0;1;0;0
-*cameleon_87;0;0;0;0;0;0;1;0;1
-*patounettem;0;1;0;0;0;0;1;0;0
-*lovre_made;0;0;0;0;0;1;0;0;0
-*paska_1206;0;0;0;0;0;0;1;0;0
-*david_bravo_gamma;0;0;0;0;0;0;1;1;0
-*adrien_behadir;0;0;0;0;0;1;1;0;0
-*marie__dp;0;0;0;0;0;1;0;0;0
-*waves_art_initiative;0;0;0;0;0;0;0;0;0
-*kiehl_christian;0;1;0;0;0;0;0;0;0
-*urilimani;0;0;0;0;0;0;0;0;1
*i_0270;0;0;0;0;1;4;13;2;0
-*giacomo_wb_officiel;0;0;0;0;0;1;1;0;0
*i_0271;0;0;1;0;0;4;0;14;2
-*everlife_ch;0;0;0;0;0;1;0;1;0
-*julie_la_houriette;0;0;0;0;0;2;0;6;0
-*wooligan;0;0;0;0;0;0;0;1;1
-*sarah_deillon;0;0;0;0;0;0;0;0;1
*i_0272;1;0;1;0;0;1;0;0;1
-*ken_koko_akakokoko;0;0;1;0;0;0;0;0;0
*i_0273;0;3;0;0;0;4;6;0;0
*postLikes_Comment;0;3;0;0;0;4;6;0;0
*i_0274;1;17;2;1;0;15;13;1;4
-*lu7_grr;0;0;0;0;0;1;0;0;0
-*perrine_tramoni;0;0;0;0;0;1;0;0;0
-*leslignesdeju;0;4;0;0;0;1;2;0;0
-*mountainstride;0;0;0;0;0;1;0;0;0
-*vanderleymaia;1;0;0;0;0;0;1;0;0
-*emmo_gentedai;0;1;0;0;0;0;0;0;0
-*chavalju;0;0;0;0;0;0;0;0;0
-*c_cornu69;0;0;0;0;0;0;1;0;0
-*pepi_ta100;0;1;0;0;0;0;0;0;0
-*tom_gougler;0;0;0;0;0;0;1;2;0
-*jeanbaptistecappa;0;0;0;0;0;0;1;0;0
-*quentin_reynardfeytis;0;0;0;0;0;1;0;0;0
-*oliouioui;0;0;0;0;0;1;0;0;0
-*_sebnoe_;0;0;0;0;0;0;0;0;0
-*d00amien;0;0;0;0;0;0;1;0;2
-*afernandez_archi;0;0;0;0;0;0;1;0;0
-*millahism;0;0;0;1;0;0;0;0;0
-*nathaniel_sciboz;0;1;0;0;0;0;0;0;0
-*riccardotarchini;0;0;0;0;0;1;0;0;0
-*jeanpierrekummer;0;0;0;0;0;1;0;0;0
-*13ls_cs;0;1;0;0;0;0;0;0;0
-*lllizar_dm;0;1;0;0;0;0;0;0;1
-*ybvivre;0;0;0;0;0;1;0;0;0
-*muheimbernard;0;1;0;0;0;0;0;0;0
-*assoul_;0;1;0;0;0;0;0;0;0
-*sireldr;0;1;0;0;0;0;0;0;0
-*mimout7_6;0;0;0;0;0;1;0;0;0
-*stanislas_31;0;0;0;0;0;1;0;0;0
-*geisinger_juliette;0;0;0;0;0;0;0;0;1
-*maxi_brice;0;0;0;0;0;0;0;0;1
-*safzer20;0;0;0;0;0;0;1;0;0
-*lire_et_decrire_apprendre;0;0;0;0;0;0;0;0;1
*i_0275;3;3;15;0;1;9;20;4;1
-*diotallevilorenza;0;0;0;0;0;0;1;0;0
-*hasan__m03;0;0;0;0;0;0;0;1;0
-*nana_re_sources;0;0;0;0;0;0;1;0;0
-*stuntman_123456;0;0;0;0;0;0;0;1;0
-*driedgarbagecan;0;0;0;0;0;1;0;0;0
-*hadiversoix;0;0;1;0;0;0;0;0;0
-*remibanc;0;0;0;0;0;0;1;0;0
-*mago_bkrv;0;0;1;0;0;0;0;0;0
*i_0276;0;8;0;0;1;3;1;2;3
-*moullet___;0;1;0;0;0;0;0;0;0
-*wilrod1610;0;0;0;0;0;1;0;0;0
-*bearclawlewis;0;0;0;0;1;0;0;0;0
-*ar_cheo_mand;0;0;0;0;0;0;0;0;1
-*jeandanielscheuch;0;1;0;0;0;0;0;0;0
-*mario_tprd;0;1;0;0;0;0;0;0;0
*i_0278;0;16;2;3;3;29;53;259;36
*postComments_380;0;16;2;3;3;29;53;259;36
*postDate_31-10-2025;17;44;26;8;8;123;124;351;164
-*p_loria_spiderology;0;1;0;0;0;2;1;0;0
-*nicolasabry;0;0;0;0;1;0;0;0;0
-*mbarrasmoret;0;0;0;1;0;1;1;1;0
-*atelierdenisbomer;0;0;0;0;0;0;1;3;1
-*p___petrosyan;0;0;0;0;0;0;2;0;2
-*pablo_lopezleonor;0;0;0;0;0;2;3;19;1
-*alex_dwg;0;0;0;0;0;0;0;2;3
-*andrea_trunfio;0;0;0;0;0;0;1;1;0
-*ninjane_23;0;0;0;0;0;1;0;1;0
-*heikem1711;0;0;0;0;0;0;0;1;0
-*yanikuza_fujimaru;0;0;0;0;0;0;0;3;0
-*_tinerou_;0;0;0;0;0;2;0;1;1
-*denislopes65;0;0;0;0;0;0;0;1;0
-*shitmean_;0;0;0;0;0;2;1;0;0
-*basil_ym;0;0;0;0;0;0;0;1;0
-*mario_cerni;0;0;0;0;0;0;1;6;0
-*leonardo_s_s_n;0;0;0;0;0;0;1;1;0
-*jsvalais;0;0;0;0;0;0;0;1;0
-*mister_timothee;0;0;0;0;0;1;0;2;0
*commentLikes_197;0;1;0;0;0;0;0;1;0
-*enzo_vouillamoz;0;0;0;0;0;0;0;1;0
-*krisgeneva;0;0;0;0;0;0;0;1;0
-*astrojose9;0;0;0;0;0;0;0;1;0
-*kaulain;0;0;0;0;0;0;0;3;0
-*cryptomat13_eth;0;0;0;0;0;0;0;0;1
-*lucaa_co;0;0;0;0;0;1;0;0;0
-*mimir_kowack;0;1;0;0;0;0;0;0;0
-*fgtier;0;0;0;0;0;0;0;1;0
*i_0279;2;4;2;0;0;18;17;7;27
*postLikes_27900;2;4;2;0;0;18;17;7;27
*postReposts_156;2;4;2;0;0;18;17;7;27
*commentLikes_380;0;0;0;0;0;0;0;0;1
-*albin_tnn;0;0;0;0;0;0;0;0;5
-*sarahviot;0;0;0;0;0;0;0;0;2
-*gag74_9;0;0;0;0;0;1;0;0;0
-*leon_csb;0;0;0;0;0;1;0;0;0
-*francoise__augustine;0;0;0;0;0;0;0;0;2
-*yannick_gehrke;0;0;0;0;0;1;1;0;1
-*jeanloup_chemin;0;2;0;0;0;3;1;0;3
-*ansooo;0;2;0;0;0;0;0;1;0
-*ioset_bout_de_bois;0;0;0;0;0;1;0;0;0
-*line_martin_riva;0;0;0;0;0;0;0;0;1
-*nicolas_de_saint_germain;0;0;0;0;0;0;0;0;1
-*samovarcervinia;0;0;0;0;0;1;0;1;1
-*joelledecaillet;0;0;0;0;0;1;0;0;0
-*watkinsannick;0;0;0;0;0;0;1;0;0
-*lenny_brgnd;0;0;0;0;0;1;0;0;1
-*blueharvest_80;0;0;0;0;0;0;0;0;1
-*jeremy_bardo;0;0;0;0;0;0;0;0;0
-*aubergine_lasagna84;0;0;0;0;0;0;1;0;1
-*_nono_wlt_;0;0;0;0;0;0;3;0;1
-*alex_yersin95;0;0;1;0;0;0;1;0;1
-*adrienheyd;0;0;0;0;0;0;0;1;0
-*mariequelquechose123;1;0;0;0;0;0;0;0;0
-*swissbong;0;0;0;0;0;0;0;0;0
-*titouanpayot;1;0;0;0;0;0;0;0;0
-*cars_suisse_cransmontana;0;1;0;0;0;0;0;0;0
*i_0280;0;1;2;1;2;20;3;0;4
-*whereisophelie;0;0;1;0;0;0;0;0;0
-*suehelene_t;0;0;0;1;0;1;0;1;0
*i_0281;0;1;7;0;0;10;3;5;3
-*db2253;0;0;1;0;0;0;0;1;0
*i_0282;0;9;1;2;0;31;29;14;58
*postComments_136;0;9;1;2;0;31;29;14;58
-*didlam88;0;0;0;1;0;1;0;0;0
-*a_petit_pois;0;0;0;0;0;0;0;0;2
-*diana_ddg;0;1;0;0;0;0;0;0;0
-*claritycatcher;0;1;0;0;0;1;6;3;0
-*car0_chv;0;0;0;0;0;0;1;0;0
-*martinejacc;0;0;0;0;0;1;0;0;0
-*lawless_sam;0;0;0;0;0;1;1;1;7
-*cocleako;0;0;0;0;0;1;1;0;1
-*badalfede;0;0;0;0;0;0;0;1;0
-*thelifeofcino;0;0;0;0;0;0;0;1;0
-*sdlj1205;0;0;0;0;0;2;0;0;0
-*makoto_et_nazgul;0;0;0;1;0;2;1;0;3
*commentLikes_496;0;0;0;0;0;0;1;0;0
-*bertrandrebeaud;0;0;0;0;0;0;0;0;3
-*cgrod;0;0;0;0;0;1;0;1;1
-*fredwaynes;0;0;0;0;0;0;0;0;2
-*ed_smdt;0;0;0;0;0;1;0;0;0
-*joel_edelmann;0;0;0;0;0;0;0;0;1
-*marc_kur;0;0;0;0;0;0;0;0;1
-*mario_geiger;0;1;0;0;0;0;0;0;0
-*irra_sam;0;0;0;0;0;1;0;0;0
*i_0283;3;3;2;0;1;3;1;7;29
-*stephsdp;0;1;0;0;0;1;0;0;0
*commentLikes_223;0;0;0;0;0;0;1;0;1
-*foyav;0;0;0;0;0;0;0;1;0
-*travellingmee;0;0;0;0;0;0;0;1;0
-*yolan28011;1;0;0;0;0;0;0;0;0
-*e_st_elle;0;0;0;0;0;0;0;0;1
-*maya_pilloud;0;0;0;0;0;0;0;0;1
-*pauline_vanderh;0;0;1;0;0;0;0;0;0
-*loixlr;0;0;0;0;0;1;0;0;0
-*charlottefrd;1;0;0;0;0;0;0;0;0
-*gvamoi;1;0;0;0;0;1;2;0;2
*i_0284;0;3;3;0;0;2;5;0;0
-*marat_bsg;0;1;0;0;0;0;0;0;0
*i_0285;1;1;0;0;0;0;0;0;0
-*iulianiadriano;1;0;0;0;0;0;0;0;0
-*compassurance_ch;0;0;0;0;0;0;0;0;0
*i_0286;1;2;1;1;0;4;1;2;1
-*institutdkura;0;0;0;1;0;0;0;0;0
-*gaeljacot;0;0;0;0;0;0;0;1;0
-*14srmz;0;1;0;0;0;1;0;0;0
*i_0287;0;1;1;0;1;3;11;56;3
*postLikes_639;0;1;1;0;1;3;11;56;3
-*zoum642;0;0;1;0;1;0;0;1;1
-*juless_rxx;0;0;0;0;0;0;0;5;0
-*tony_fabre_;0;0;0;0;0;2;0;2;0
*i_0289;0;0;2;0;0;1;0;0;0
*i_0290;10;3;3;1;1;2;1;1;3
-*thibaut_clemence;0;0;0;0;1;0;0;0;0
-*adrien_gnd;0;0;0;0;0;0;0;1;0
-*alexandrajocebe;2;1;0;0;0;1;0;1;0
-*akita_en_la_playa;0;0;0;0;0;0;0;0;1
-*jr_prtt;1;0;0;0;0;0;0;0;0
-*fredaltschul;1;0;0;0;0;0;0;0;0
-*grandjean_l66;0;0;0;0;0;1;0;0;0
-*jonasdahlis;1;0;0;0;0;0;0;0;0
-*nadege_mancinelli_;0;1;0;0;0;0;0;0;0
-*schouchanaherve;0;1;0;0;0;0;0;0;0
-*meissaalaofary;0;0;1;0;0;0;0;0;0
-*wassousjayfun;0;0;0;0;0;1;0;0;0
-*isas1503;1;0;0;0;0;0;0;0;0
-*heloiseilli;0;1;0;0;0;0;0;0;0
-*gege_parrat;1;0;0;0;0;0;0;0;0
-*alonsenfants;1;0;0;0;0;0;0;0;0
-*martinelizabellatchitchi;1;0;0;0;0;0;0;0;0
-*pierrebenoitwolf;1;0;0;0;0;0;0;0;0
*i_0291;0;0;0;0;0;0;0;0;0
*postDate_1-11-2025;55;75;147;156;7;153;185;71;182
*i_0292;0;0;0;0;0;0;0;2;0
*i_0293;0;4;5;2;0;5;9;4;3
-*karine_nanyorri;0;0;1;0;0;0;0;0;0
-*darkwo_00_;0;0;0;0;0;0;0;0;0
*i_0294;0;0;1;0;5;2;3;0;0
-*sam__seu;0;0;0;0;1;0;0;1;0
-*_yasmina_gk;0;0;0;0;0;0;1;0;0
-*centredebellesaclaire;0;0;0;0;1;1;0;0;0
*i_0295;2;8;3;3;0;19;14;4;15
*postComments_99;2;8;3;3;0;19;14;4;15
-*mimi_ez39;0;0;0;0;0;0;0;1;0
-*marie_grchnt;0;0;0;1;0;0;0;0;0
-*timmyknooki;0;0;0;0;0;1;0;0;0
-*_____maryy;0;0;0;0;0;0;0;1;1
-*vlonemillion;0;0;0;0;0;0;0;0;1
-*spicy_ch3rry;0;0;0;0;0;0;2;0;0
-*damien____m;0;0;0;0;0;0;1;0;0
-*michael_cennamo;0;0;0;0;0;1;0;0;0
-*createrraceramiques;0;0;0;0;0;0;0;0;1
-*jennivacos;0;0;0;0;0;1;0;0;0
-*madilouz94;0;1;0;0;0;0;0;0;0
*i_0296;2;1;3;1;0;0;3;0;0
-*natasadekikasija;1;0;0;0;0;0;0;0;0
-*igor__kaza;0;1;0;0;0;0;0;0;0
*i_0297;10;2;1;0;0;3;1;0;1
-*aquarelle_artby_aurore;1;0;0;0;0;0;0;0;0
-*mapaub;1;0;0;0;0;0;0;0;0
-*zermi_nator69_vs;0;1;0;0;0;0;0;0;0
-*heroesbikes;0;0;0;0;0;1;0;0;0
-*liline_crottaz192;0;0;0;0;0;0;1;0;0
-*sabineferreiro;0;0;0;0;0;1;0;0;0
-*alain9415;0;1;1;0;0;0;0;0;0
-*peroz_no_pain;1;0;0;0;0;0;0;0;0
*i_0298;0;10;2;0;0;11;7;13;23
-*fiorellas_touch;0;0;0;0;0;0;0;0;1
-*simon_murith;0;0;0;0;0;1;0;0;0
-*lisou_street_vintage;1;1;0;0;0;0;0;1;0
-*frapp_fribourg;0;2;0;0;0;0;0;0;0
-*alexisbarriere;0;0;0;0;0;1;0;0;0
-*annemariecothereau;0;1;1;0;0;0;0;0;0
-*nyolcvanegy;0;1;0;0;0;0;0;0;0
-*ericlacueille;0;0;0;0;0;1;1;0;0
-*catharina_a;0;0;0;0;0;0;0;0;2
-*pauline_ette;0;0;0;0;0;0;1;0;0
-*wingood90;0;1;0;0;0;0;0;0;0
-*carole_wit;0;0;0;0;0;0;0;0;1
-*borelly82;0;0;0;0;0;0;0;0;2
-*pierrerolland;0;0;0;0;0;0;0;1;1
-*aline_clot;0;0;0;0;0;1;0;0;0
-*momomiquette;0;0;0;0;0;0;0;1;0
-*lawrencebamberger_;0;0;0;0;0;0;1;0;0
*i_0299;1;1;0;1;0;2;1;0;0
-*bryan_ph;0;0;0;0;0;1;0;0;0
*commentDate_10-11-2025;21;99;45;19;5;323;163;253;75
-*charliegodat5234;1;0;0;0;0;0;0;0;0
*i_0300;4;4;1;0;0;3;1;1;3
*commentDate_17-11-2025;16;38;4;4;6;83;72;110;77
-*lecardongenevois;0;1;0;0;0;0;0;0;0
-*pcharli07;0;1;0;0;0;0;0;0;0
-*veroniquethilo;0;0;0;0;0;2;0;0;1
-*nadia_marmoud;1;0;0;0;0;0;0;0;0
*i_0301;3;3;16;0;0;12;14;5;1
*postComments_68;3;3;16;0;0;12;14;5;1
-*ra_bruno_;0;1;0;0;0;0;0;0;0
-*rod_cas_bike;0;0;0;0;0;1;0;0;0
-*fdefrances;0;0;0;0;0;1;1;1;0
-*sarmad_pasha;0;0;0;0;0;0;1;0;0
-*fabien_fj;1;0;0;0;0;0;0;0;0
*i_0302;11;19;3;4;1;27;15;13;93
-*amanda_castillo_journaliste;0;0;0;0;0;0;0;0;1
-*adrien_bugnon;0;0;0;0;0;1;0;0;0
-*matteo_ndr;0;0;0;0;0;0;0;0;1
-*vlad_lima_jr;0;0;0;1;0;0;0;0;0
-*r_cls_37;0;0;0;0;0;1;1;0;5
-*jou_buttet;0;2;0;0;0;0;0;0;0
-*yayayp;0;0;0;0;0;0;0;0;3
-*sanctuary666;0;0;0;0;0;0;0;0;1
-*cedric_lpz_;0;0;0;0;0;0;1;1;3
-*maria751fdez;0;0;0;0;0;1;0;1;2
-*mcecile87;0;0;0;0;0;0;1;0;0
-*loulou9853;0;1;0;0;0;0;0;1;0
-*yolanda_fuertes_ch;0;0;0;0;0;1;0;0;1
-*sheryclouds;0;0;1;0;0;1;1;0;0
-*lucia6286;0;0;0;0;0;0;0;0;2
-*pauline_mldix_gbd;0;1;0;0;0;0;0;0;0
-*raquelita_clm;2;0;0;0;0;0;0;0;0
-*_broski3_;0;0;0;0;0;1;0;1;0
-*tamtoon;1;0;0;0;0;0;0;0;0
-*regina_taimasova;0;0;0;0;0;0;0;0;1
-*_muaugusto_;0;1;0;0;0;0;0;0;0
-*jeffydos;0;0;0;0;0;1;0;0;0
-*cloclo_3616;0;0;0;0;0;1;1;0;0
-*renee_delamer;0;0;0;0;0;0;0;0;0
-*theuniverseinourhome;1;0;0;0;0;0;0;0;0
-*brabecka;0;0;0;0;0;0;0;0;1
-*ste_mln;0;0;0;0;0;0;0;1;0
-*luffy_jc_66;0;0;0;0;0;0;0;0;0
-*om_shanti_om71;0;0;0;0;0;0;0;0;1
-*melivit88;0;1;0;0;0;0;0;1;0
-*mupendadavid;1;0;0;0;0;0;0;0;0
-*el_karimaaaa;1;0;0;0;0;0;0;0;0
-*miss_suzy7;1;0;0;0;0;0;0;0;0
-*dahliaschow;0;1;0;0;0;1;1;0;0
-*just_marquette;1;0;0;0;0;0;0;0;0
-*a_re_li_s;1;0;0;0;0;0;0;0;0
*i_0303;21;20;111;145;1;66;112;24;24
*postComments_747;21;20;111;145;1;66;112;24;24
*commentLikes_326;1;0;0;0;0;0;1;0;0
-*ziad__hassen;0;0;1;0;0;0;1;0;0
-*nxah_brn;0;0;0;0;0;0;1;0;0
-*baineconte;0;0;1;0;0;0;0;0;0
-*fabrice_lau;0;0;0;1;0;0;0;0;0
-*shkurteas;0;0;7;4;0;1;0;1;0
-*glittering1;0;0;1;1;0;0;0;0;0
-*ludo_046;0;2;1;2;0;1;2;0;2
-*plateforme_paix_palestine;0;0;1;1;0;0;0;0;0
-*bart06__;0;0;0;0;0;0;0;1;0
-*antoinemenard;0;0;0;1;0;0;0;0;0
-*fabe_2300;2;0;0;0;0;0;0;0;0
-*iam_sarita81;0;0;0;1;0;0;1;0;0
-*aurelien___;0;0;0;2;0;0;0;0;0
-*duc_annemarie;0;0;1;0;0;0;0;0;0
-*skura_no_hanabira;0;0;0;0;0;0;2;0;0
-*inshrrr;0;0;0;1;0;0;0;0;0
-*f9edn;0;1;0;1;0;0;0;0;1
-*mounanews;0;0;1;0;0;0;0;0;0
-*farfalola;0;0;2;0;0;0;2;0;0
-*course_commando;0;0;0;1;0;0;0;0;0
-*mhdlovers;0;0;0;0;0;0;0;3;0
-*amos_jerome;0;0;0;0;0;0;0;1;0
-*switskull;1;0;0;0;0;0;0;0;0
-*dovohyn;0;0;1;0;0;0;0;0;0
-*solene_beaud;0;0;0;1;0;0;0;0;0
-*lucas_sdlr;0;0;0;1;0;0;0;0;0
-*gustavorojas_mesasociallyon;0;0;1;0;0;0;0;0;0
-*tanche_tenebras;1;0;0;0;0;0;0;0;0
-*mylsns_;1;0;0;0;0;0;0;0;0
-*thalia_brm;0;0;0;1;0;0;0;0;0
*i_0304;1;3;1;0;0;3;5;5;19
-*crissyginger;0;0;0;0;0;1;1;1;1
-*fenschitude;0;1;0;0;0;0;0;0;0
-*valesavabien;0;0;0;0;0;0;1;3;1
-*nan_y_kb;0;0;0;0;0;0;1;0;0
-*casualseek;0;0;0;0;0;1;0;0;1
-*elsolobalador;0;0;1;0;0;1;0;0;0
-*niko_marsikano;0;0;0;0;0;0;0;0;0
-*astridgoel_photo;0;0;0;0;0;2;2;0;1
-*ginaellero;0;0;0;0;0;0;0;1;0
-*primoubosc;1;0;0;0;0;0;0;0;0
-*kristto38;0;0;0;0;0;0;1;0;0
*i_0305;0;1;0;0;0;1;8;6;15
*postDate_2-11-2025;10;47;81;11;6;81;100;195;51
-*barerunner;0;0;0;0;0;1;0;0;0
-*cactus_fra;0;0;0;0;0;0;2;0;0
*i_0306;0;1;0;0;0;0;2;0;0
*postLikes_463;0;1;0;0;0;0;2;0;0
*i_0307;2;5;17;0;3;10;26;4;2
-*susiwong12;1;0;0;0;0;0;0;0;0
-*hc_leo_;0;0;0;0;0;0;0;0;0
-*marwan_json;0;0;0;0;0;0;1;0;0
-*zzgorr;0;0;0;0;0;0;1;0;1
-*mathieu_wag;0;0;0;1;0;1;1;1;0
-*bryanoberson;0;0;0;0;0;0;0;0;0
-*o_shagy;0;0;0;0;0;0;0;1;0
-*susana_matias_2510;1;0;0;0;0;0;0;0;0
-*iknowyouknowthatiknowww;0;0;0;0;0;1;0;0;0
-*lomtr;0;1;0;0;0;0;0;0;0
-*12000days;0;0;0;0;0;0;0;1;0
*i_0308;1;0;0;0;0;2;0;1;1
-*ademeo_fianchini;1;0;0;0;0;0;0;0;0
*i_0309;2;0;0;0;0;1;0;0;1
-*palouno3;0;0;0;0;0;0;0;0;0
-*blanc2363;0;0;0;0;0;1;0;0;0
*i_0310;1;4;3;5;0;18;17;35;2
*postComments_89;1;14;4;5;0;35;66;46;9
*postReposts_140;1;4;3;5;0;18;17;35;2
-*maude_berthoud;0;0;0;0;0;0;2;0;0
-*cvingui;0;0;0;0;0;0;1;1;0
-*aslocavaud;1;0;0;0;0;0;0;1;0
-*deviilboy;0;0;0;0;0;0;0;1;0
-*giuloudays;0;0;0;0;0;1;0;2;0
-*cehlec;0;0;0;0;0;0;0;1;0
-*corenflex92;0;0;0;0;0;0;1;0;0
-*luxuryoutlet_secondhand;0;0;0;0;0;0;0;1;0
-*groube_leji;0;0;0;0;0;1;0;0;0
-*fanny___barone;0;0;0;0;0;1;0;1;0
-*toni_villi;0;0;0;0;0;0;0;1;0
-*_ponzettajf_;0;0;0;0;0;0;1;0;0
-*svm_hvrper;0;0;0;0;0;3;1;3;0
-*thechillfilipino;0;0;0;0;0;1;1;0;0
-*ainohadd;0;0;0;0;0;0;1;0;0
-*danielcastanedaw;0;0;0;0;0;0;0;1;0
-*sofiene_dhiab;0;0;0;0;0;0;0;1;0
-*tha_illyrian;0;0;0;0;0;1;0;0;0
-*iammargauxklein;0;0;0;0;0;0;0;1;0
-*dftherapiesmanuelles;0;1;0;0;0;0;1;0;0
-*schatztsarina;0;0;0;0;0;0;1;1;0
-*manu_dmr____;0;0;0;0;0;0;0;0;1
-*miguel_pittet_;0;0;0;0;0;0;1;0;0
-*erwan_lmk;0;0;0;0;0;0;0;1;0
-*patisserie_mariyaaraujo;0;0;0;0;0;0;0;3;0
-*linda_ferizi;0;0;0;0;0;0;1;1;0
-*berenicecrrt;0;0;0;0;0;0;0;1;0
-*nono_international;0;0;0;0;0;0;0;1;0
-*demelocatarina;0;0;0;1;0;1;0;0;0
-*ab_investissements_;0;1;0;0;0;0;0;0;0
-*davina_bz_immobilier;0;0;0;0;0;0;0;0;1
*i_0311;1;10;2;3;1;9;14;100;8
*postComments_194;2;23;4;7;1;40;75;128;98
-*veroh28;0;0;0;0;0;0;1;3;0
-*fleur2douceur;0;0;0;0;0;2;0;3;0
-*coiffuremodline;0;0;0;0;0;0;0;1;0
-*dritadrita29;0;0;0;0;0;0;0;1;1
-*makalune65;0;0;0;1;0;0;0;0;0
-*xicadejo;1;0;0;0;0;1;0;2;2
-*centamnesiak;0;0;0;0;0;0;0;1;0
-*salaminlise;0;0;0;0;0;0;0;3;1
-*opub_lelanderon;0;0;0;0;0;0;3;6;0
-*sagannekohler;0;0;0;0;0;0;1;0;0
-*thierrybugnard;0;0;0;0;0;0;0;2;0
-*dastan5277;0;0;0;0;0;1;0;0;0
-*niimbuss_;0;0;0;0;0;0;0;2;0
-*lodpg3;0;0;0;0;0;0;1;0;0
-*benamarmjid;0;0;0;0;0;0;0;1;0
-*adaoa;0;0;0;0;0;0;0;0;0
*commentLikes_308;0;0;0;0;0;1;1;1;0
-*aikoboutik;0;0;0;0;0;0;0;1;0
-*boulangerie_la_parisienne;1;0;0;0;0;0;0;0;0
-*salutdoy;0;0;1;0;0;0;0;0;0
-*toni_atn;0;0;0;0;0;1;0;0;0
-*alexicolas;0;0;0;0;0;0;0;1;1
-*georges_delaloye;0;0;0;0;0;0;0;1;0
-*mdpb62;0;0;0;0;0;0;0;1;0
-*vasile_valentin68;0;0;0;0;0;0;0;1;0
-*dylward__;0;1;0;0;0;0;0;0;0
-*kvn_phm;0;0;0;0;0;0;0;1;1
-*jessicatl2;0;1;0;0;0;0;0;0;0
-*noellecornumarie;0;0;0;0;0;0;0;2;0
-*tyerlenny;0;0;0;0;0;0;0;1;0
-*stefsword;0;0;0;0;0;0;0;1;0
-*lidovevey;0;0;0;0;0;0;0;1;0
-*ale_xa3319;0;1;0;0;0;0;0;0;0
*i_0312;1;0;0;1;0;3;3;0;0
-*maroccomania;0;0;0;1;0;0;0;0;0
*i_0313;0;19;3;1;1;16;5;4;15
*postComments_72;20;24;3;3;3;43;15;30;26
-*vanille_lafter;0;1;0;0;0;1;0;0;0
-*cyprien_ptt;0;0;0;0;0;2;0;0;3
-*alexis_pape;0;1;0;0;0;0;1;0;0
-*kamel_haf;0;0;0;0;0;1;1;0;0
-*broesmelimels2;0;0;0;0;0;0;0;1;0
-*mann__g;0;0;0;0;0;1;0;0;0
-*vinch_crsz;0;0;0;0;0;1;0;0;0
-*hartz07;0;0;0;0;0;1;0;0;0
-*el_guerreiro19;0;1;0;0;0;0;0;0;0
-*phbachm;0;0;0;0;1;1;0;0;1
*i_0314;0;4;0;0;0;4;1;0;0
-*coco_pascal;0;1;0;0;0;0;0;0;0
-*repentlesssssss;0;0;0;0;0;0;0;0;0
-*fontana_jacopo;0;0;0;0;0;1;0;0;0
-*zayjeanf;0;0;0;0;0;1;0;0;0
-*sevil__krt;0;1;0;0;0;0;0;0;0
*i_0315;1;3;56;1;0;11;13;1;3
*postReposts_133;1;3;56;1;0;11;13;1;3
-*dylan_reinhardt97;0;0;0;0;0;0;2;0;0
-*jacquelinebok;0;0;1;0;0;0;0;0;0
-*isabella9923417;0;0;1;0;0;0;0;0;0
*i_0316;1;0;0;0;1;6;11;44;4
*commentLikes_661;0;0;0;0;0;0;0;1;0
-*evodii_mnz;0;1;0;0;0;0;2;0;0
-*alix_mjj;0;0;2;0;0;3;3;4;0
-*riss_beau;0;0;0;0;0;0;0;1;0
-*arthur_crrl;0;0;0;0;0;1;1;0;0
-*camille_reynolds1;0;0;0;0;0;0;1;1;0
-*al_heritier;0;0;0;0;0;0;1;1;0
-*mumubu70;0;0;0;0;0;0;0;1;0
-*yvanbrovy;0;0;0;0;0;1;1;0;0
-*covek_tomtom;0;0;0;0;0;0;0;1;0
*commentLikes_520;0;0;0;0;0;0;0;1;0
-*jeunesse_solidairege;0;0;0;0;0;0;0;1;0
-*mattia_fntnn;0;0;0;0;0;0;0;0;1
-*darylsprenger;0;0;0;1;0;4;2;5;0
*i_0317;1;11;1;0;1;21;11;20;9
*postDate_3-11-2025;21;46;24;9;6;135;86;167;67
-*rom_svl;1;0;0;0;0;0;0;0;0
-*kiiwy07;0;0;1;0;0;0;0;0;0
-*_____yanis;0;0;0;0;0;0;0;0;1
-*quentin_gallea;0;0;0;0;0;0;0;0;1
-*ludomotoch;0;0;0;0;0;0;2;0;0
-*emilye27;0;1;0;0;0;0;0;0;0
-*ecoplaers_naturals;0;0;0;0;0;0;1;2;0
-*rirecaz;0;0;0;0;0;0;0;1;0
-*dont_be_trashy;0;0;0;0;0;0;0;0;1
-*lukasyumanwaring;0;0;0;0;0;1;1;0;0
-*jannat_snow;0;1;0;0;0;0;0;0;0
-*vanessa_g2309;0;1;0;0;0;0;0;0;0
-*eiderdir;0;0;0;0;0;0;1;0;0
-*walda_zam;1;0;0;0;0;0;0;1;0
-*ritaricardocarvalho;0;0;0;0;1;0;0;0;0
-*soraoyuku;0;0;0;0;0;0;0;0;0
-*alex_221081;0;1;0;0;0;0;0;0;0
-*vivipapipoto;0;1;0;0;0;0;0;0;0
*i_0318;0;0;2;0;0;3;0;2;0
-*kazim_rahimi;0;0;0;0;0;2;0;0;0
-*r0setine103b;0;0;2;0;0;1;0;0;0
*i_0319;0;4;2;1;0;15;5;3;0
-*mon_soleil2000;0;1;0;0;0;0;0;0;0
-*gwenae2le;0;0;0;0;0;1;0;0;0
-*sheldon_cn;0;1;1;0;0;1;0;0;0
-*rylme_;0;0;0;0;0;1;0;0;0
-*x__foxie__x;0;0;0;0;0;1;0;0;0
-*confitures;0;1;0;0;0;0;0;0;0
-*olympe_app;0;0;0;0;0;1;0;0;0
-*niazi_safi96;0;0;0;0;0;1;0;0;0
*i_0320;2;5;0;1;0;11;9;54;22
*postReposts_80;2;5;0;1;0;11;9;54;22
-*sebastienzl;0;0;0;0;0;0;0;1;0
-*gurbet_kartal29;0;0;0;0;0;0;0;1;0
*commentLikes_222;0;0;0;0;0;1;0;0;0
-*tynan_dsp;0;0;1;0;0;2;1;1;0
-*theholywifi;0;0;0;0;0;0;0;0;1
-*lolo_schwarzy;0;0;0;0;0;4;2;3;0
-*chavazdaniel;0;0;0;0;0;2;0;0;3
-*isam_5577;0;0;0;0;0;0;0;0;1
-*eltony900;0;0;0;0;0;0;0;1;0
-*papeterieducentre;0;0;0;0;0;0;0;0;1
-*maevaeap;0;0;0;0;0;0;0;1;0
-*kenzo_prl;0;0;0;0;0;0;0;0;1
-*matt_chdl;0;0;0;0;0;0;0;4;0
-*clementine_ethenoz;0;0;0;0;0;2;0;1;0
-*k_rat_;0;0;0;0;0;0;0;0;0
-*lordsantosy;0;0;0;0;0;0;0;3;0
-*arthurgenilloud;0;0;0;0;0;1;1;0;0
-*corentinmiq;0;0;0;0;0;0;0;0;1
-*gfree2b;0;0;0;0;0;0;0;1;0
-*live_with__all_your_heart;0;0;0;0;0;0;0;1;0
-*dvdschndr;0;0;0;0;0;0;0;0;1
-*muj_taba_44;0;0;0;0;0;2;0;0;0
-*val3091;0;0;0;0;0;0;0;0;1
-*nmaaz__;0;0;0;0;0;0;0;0;1
-*_alicia_clv;0;0;0;0;0;0;0;1;0
-*petit_angoisse;0;1;0;0;0;0;0;0;0
-*jehanne_;1;0;0;0;0;0;0;0;0
*i_0321;1;1;0;0;0;1;2;1;7
-*jaysinhoo_;1;0;0;0;0;0;0;0;0
-*ivo_farias_37;0;0;0;0;0;0;0;0;1
-*creanima;0;0;0;0;0;0;1;1;1
*i_0322;3;0;0;0;0;0;1;0;1
-*lo_nana_lang;1;0;0;0;0;0;0;0;0
-*croissantsarts;0;0;0;0;0;0;0;0;1
*i_0323;2;0;0;0;0;0;0;0;0
-*mattihappy_;1;0;0;0;0;1;0;0;0
-*chaignatmassoumeh;1;0;0;0;0;0;0;0;0
*i_0324;10;3;3;6;1;9;8;9;4
-*cesu_vanbeek;0;1;0;0;0;0;0;0;0
-*estellemp_;1;0;0;0;0;0;0;0;0
-*riponnemauricebejart;0;0;0;0;0;0;0;0;0
-*nicolas_digruttola;0;0;0;0;0;0;1;0;0
-*feu_au_lac;1;0;1;0;0;0;0;0;0
-*mat_teck;0;0;0;0;0;0;0;0;1
*i_0325;0;7;13;0;2;13;19;6;0
-*albin_b3risha;0;0;1;0;0;0;0;1;0
-*schroeter_kevin;0;0;0;0;0;2;0;0;0
-*morinaedonaa;0;0;1;0;0;0;4;0;0
-*val_8_8_8;0;0;0;0;0;0;1;1;0
-*lindita990;0;0;0;0;0;0;3;0;0
-*noah_sim_lim;0;0;0;0;0;1;0;0;0
-*dren_o6;0;0;1;0;0;4;2;1;0
-*lindita_kryeziu_;0;0;1;0;1;0;1;3;0
-*veton_ib;0;0;1;0;0;0;0;0;0
-*taulant_t7;0;0;0;0;0;0;1;0;0
-*franky2frozen;0;1;0;0;0;0;0;0;0
-*merocco;0;0;0;0;0;0;0;0;0
-*zenihajdari;0;1;0;0;0;0;0;0;0
*i_0326;1;2;1;1;0;6;11;36;7
-*123bocal;0;0;0;0;0;3;2;1;3
-*jolantakrattinger;0;0;0;0;0;0;0;1;0
-*jwl_sarah;0;0;0;0;0;0;0;4;0
-*ninalhd_merz;0;0;0;0;0;0;0;1;0
-*kubodecomorges;0;0;0;0;0;0;0;0;1
-*fegyna_boutique;0;0;0;0;0;0;0;1;0
-*jordy_lapassion;0;0;0;0;0;0;0;1;0
-*celinestolz28;0;0;0;0;0;1;0;2;0
-*el_sangre_de_toro;0;0;0;0;0;0;0;1;0
-*magitherapeutique;0;0;0;0;0;0;0;3;0
-*keyanncafelibanais;0;0;0;0;0;0;0;2;0
-*mika_lightman;0;0;0;0;0;0;0;1;0
-*bouzou_1020;1;0;0;0;0;0;0;0;0
*i_0327;1;6;1;0;1;52;7;5;0
-*sa_favre;0;0;0;0;0;1;0;0;0
-*marlysbaumann;0;0;0;0;0;1;0;0;0
-*yrjou_run;0;0;0;0;0;1;1;0;0
-*anne_marion_freiss;0;0;0;0;0;1;0;0;0
-*thierry_kapp;0;0;0;0;0;1;0;0;0
-*christophe_luethi;0;0;0;0;0;1;1;0;0
-*danidemorgins;1;0;0;0;0;1;0;2;0
-*malikberkati;0;0;0;0;0;1;0;0;0
-*oliviergillesmartin;0;0;0;0;0;1;0;0;0
-*pauligiga;0;0;0;0;0;1;0;0;0
-*superturtle43;0;0;0;0;0;2;0;0;0
-*mrfred0;0;0;0;0;0;2;0;0;0
-*vouillamoz;0;1;0;0;0;0;0;0;0
-*isaline_ackermann;0;0;0;0;0;1;0;0;0
-*manugau4it;0;1;0;0;0;0;0;0;0
-*didierbonny;0;0;0;0;0;1;1;0;0
-*pauline__katz;0;0;0;0;0;0;0;1;0
-*andy_lanzabal;0;0;0;0;1;0;0;0;0
-*marinocrett;0;0;0;0;0;1;0;0;0
-*vic73021;0;0;0;0;0;1;0;0;0
-*ref_bertrand_eric;0;0;0;0;0;1;0;0;0
-*astridzwick_az;0;0;0;0;0;1;0;0;0
-*roidujeu;0;0;0;0;0;0;0;0;0
-*n_clvz;0;0;0;0;0;1;0;0;0
-*alainbaudraz;0;0;1;0;0;0;0;0;0
-*bornetgratien;0;0;0;0;0;1;0;0;0
-*martinebusset;0;0;0;0;0;0;0;0;0
-*chanterelle64;0;0;0;0;0;2;0;0;0
-*marialuisa__13;0;0;0;0;0;1;0;0;0
-*justsophie__;0;0;0;0;0;1;0;0;0
-*melanie_figue_86;1;0;0;0;0;0;0;0;0
-*regula_k_j;0;0;0;0;0;0;0;0;0
-*dj_a_dess;0;0;0;0;0;3;1;0;0
-*florian_paccaud;0;0;0;0;0;4;1;0;0
-*studer_elisabeth;0;1;0;0;0;0;0;0;0
-*walthiss;0;0;0;0;0;1;0;0;0
-*frederiquechardonnet;0;0;0;0;0;1;0;0;0
-*nheoht;0;0;0;0;0;0;0;1;0
-*catochette1969;0;0;0;0;0;0;1;0;0
-*fredericsuisse;0;0;0;0;0;1;0;0;0
-*fabianaborelbravo;0;0;0;0;0;1;0;0;0
-*thekrevet;0;0;0;0;0;2;0;0;0
-*lisamarie_y;0;0;0;0;0;0;0;0;0
-*marco_2232;0;0;0;0;0;1;0;0;0
-*hostettlerjc;0;0;0;0;0;0;0;0;0
-*nathmoscatelli;0;1;0;0;0;0;0;0;0
-*pierrot2506;0;0;0;0;0;0;0;0;0
-*carn1969;0;0;0;0;0;1;0;0;0
-*tpmp_vdbluewin;0;0;0;0;0;0;0;0;0
-*footmag_ch;0;0;0;0;0;0;0;0;0
*i_0328;0;7;1;0;1;4;13;31;17
-*l_e_a_mia;0;0;0;0;0;0;1;2;0
-*martivargae;0;0;0;0;0;0;1;2;0
-*fares_frm;0;1;0;0;0;0;0;1;0
-*davidlabrocante;0;0;0;0;0;0;0;1;0
*commentLikes_249;0;0;0;1;0;0;0;1;0
-*emarki_97;0;0;0;0;0;0;0;1;0
-*flofloleflow;0;1;0;0;0;0;0;0;0
-*thomasalonsoo;0;0;0;0;0;0;0;2;0
-*mllecassos;0;0;0;0;0;1;1;1;0
-*ivn__ch;0;0;0;0;0;0;0;0;1
-*paulemilemarchand;0;0;0;0;0;0;0;1;0
-*lina_alg4;0;0;0;0;0;0;0;1;0
-*gregigeni;0;0;0;0;0;0;0;2;0
-*dani_bog18;0;1;0;0;0;0;0;1;0
-*dweiss2001;0;0;0;0;0;0;0;0;1
-*theogio2004;0;0;0;0;0;0;0;1;0
-*neneee_sw;0;0;0;0;0;0;0;0;1
-*mylittlepyr0;0;0;0;0;0;0;1;0;0
-*leonore_sg;0;0;0;0;0;0;0;1;0
-*deva_mrq;0;0;0;0;0;0;1;0;0
*i_0329;4;5;0;0;2;8;7;2;0
*postDate_4-11-2025;29;95;157;20;8;190;248;258;55
-*_mtbclem_26_;1;0;0;0;0;0;0;0;0
-*niko_on_sup;0;0;0;0;0;1;0;0;0
-*velinovikj;0;0;0;0;0;1;0;0;0
-*pardoxy91;0;0;0;0;1;0;0;0;0
-*stephanegutmann;1;0;0;0;0;0;0;0;0
-*claire_jgg;0;0;0;0;0;0;1;0;0
-*loco_benito;0;1;0;0;0;0;1;0;0
-*steph_rothen_;1;0;0;0;0;0;0;0;0
-*fel_dvs_;0;1;0;0;0;0;0;0;0
-*boiteaficelles;0;0;0;0;0;1;0;0;0
-*sophierg13;1;0;0;0;0;0;0;0;0
*i_0330;0;3;1;3;0;2;6;3;4
-*max09_rilat;0;0;0;0;0;0;0;0;1
-*marco_soares33;0;0;0;0;0;2;0;0;0
-*dav_swiss_;0;1;0;0;0;0;0;0;0
*i_0331;2;39;0;2;0;57;22;10;6
-*sognia_richez;0;1;0;0;0;0;0;0;0
-*aless_12157;0;0;0;0;0;3;1;1;0
-*chr__ncc;0;0;0;0;0;1;0;0;0
-*maela_j;0;0;0;0;0;2;0;0;2
-*kobzeva_ekaterina;0;0;0;0;0;1;0;0;0
-*tisstagram;0;0;0;0;0;0;0;0;0
-*cormis1720;0;1;0;0;0;0;0;0;0
-*ali_rerat;0;1;0;0;0;2;1;0;0
-*thib_13_7;0;1;0;0;0;1;0;0;0
-*marine_brthd;0;0;0;0;0;0;1;0;0
-*iria_go;0;0;0;0;0;1;0;0;0
-*__a2line__;0;0;0;0;0;0;1;0;0
-*thesailorsirene;0;0;0;0;0;1;2;3;1
-*swiss_urbanist;0;0;0;0;0;0;0;0;1
-*gonthierweiss;0;0;0;0;0;1;0;1;1
-*tiffany_cr;0;0;0;0;0;1;2;0;1
-*cyrilsmagghe;0;0;0;0;0;0;0;1;0
*commentLikes_357;0;0;0;0;0;1;0;0;0
-*marion_lombd;0;0;0;0;0;2;3;0;0
-*lucasamp40li;0;0;0;0;0;1;0;0;0
*commentLikes_225;0;0;1;0;0;0;0;1;0
-*isaline__dt;0;0;0;0;0;1;1;0;0
-*eilon_bbsk;0;0;0;0;0;1;1;2;0
-*07sinbad;0;0;1;0;1;1;1;0;0
-*nath__j5;0;1;0;0;0;0;0;0;0
-*angelyfrany;0;1;0;0;0;0;0;0;0
-*chizunette;0;2;0;0;0;0;0;0;0
-*jumi_juumii;0;1;0;0;0;0;0;0;0
-*rosaabruna_;0;0;0;0;0;0;1;0;0
-*cdy_26;0;1;0;0;0;0;0;0;0
-*stewwww;0;1;0;0;0;0;0;0;0
-*fatimamesquita1973;0;0;0;0;0;0;1;0;0
-*charlie21121988;0;1;0;0;0;0;0;0;0
-*bibimoi12372;0;0;0;0;0;1;0;0;0
-*bonn92600;0;1;0;0;0;0;0;0;0
-*ardnassalus;0;1;0;0;0;0;0;0;0
-*arcriks;0;0;0;0;0;0;0;0;0
-*a__z__r__a___;0;1;0;0;0;0;0;0;0
-*manonstuder;1;0;0;0;0;3;0;0;0
-*jxste_gabriela_chan;0;0;0;0;0;3;0;0;0
-*cyntsuki;0;1;0;0;0;0;0;0;0
-*claire_bdb;0;0;0;1;0;0;0;0;0
-*filomene_gc;0;1;0;0;0;1;0;0;0
-*chrissou1217;0;1;0;0;0;0;0;0;0
-*_sego;0;0;0;0;0;1;0;0;0
*i_0332;4;15;16;7;2;31;120;52;15
*postComments_310;4;15;16;7;2;31;120;52;15
-*cyril_nobs;0;0;0;0;0;1;0;0;0
-*amiromesk;0;0;0;0;0;1;4;0;2
*commentLikes_259;0;0;1;0;0;0;0;1;0
-*dyson_v15;0;1;0;0;0;1;0;0;0
-*insta_hernanisilwa;0;0;0;0;0;0;0;1;1
-*diggged;0;2;0;0;0;0;1;0;0
-*lrimaz_;0;0;0;0;0;3;5;1;0
-*cmq_john;0;0;0;0;0;0;1;0;0
-*theyloveevaaaaa;0;0;1;0;0;0;2;0;0
-*deco2001;0;0;0;0;0;1;0;0;0
-*jeunes_udc_vaud;0;0;0;0;0;0;4;0;0
-*authentic_by_lisa;0;0;0;0;0;0;1;0;0
-*cloebernier;0;0;0;0;0;0;0;1;0
-*marx_et_lilith;0;0;0;0;0;0;2;0;0
-*hugo_benoit1;1;0;0;0;0;0;0;0;0
-*nicolas_rosse;0;0;0;0;0;0;2;0;0
-*gaetan_brace;0;0;0;0;0;1;0;0;0
-*jack_folly;0;0;0;0;0;0;0;0;1
*i_0333;1;0;1;0;0;0;1;0;0
*i_0334;2;6;1;2;1;27;9;16;18
*postLikes_12100;2;6;1;2;1;27;9;16;18
-*thierryfeuz;0;0;0;0;0;1;0;0;5
-*kim_crv;1;0;0;0;0;2;1;4;1
-*loic_555;0;0;0;0;0;1;0;0;0
-*mata_hari_hm;0;0;0;0;0;0;0;0;0
*commentDate_16-11-2025;43;43;7;2;5;93;35;51;18
-*lfe_y;0;0;0;1;0;0;0;0;0
-*guillaume_savary;0;0;0;0;0;1;0;0;0
-*ecrmnt;0;2;0;0;0;1;0;1;1
-*julhlf;0;0;0;0;0;1;0;0;0
-*kmphotos_ch;0;0;0;0;0;1;0;1;1
-*ivaanatienza;0;0;0;0;0;0;0;3;0
-*r6_damian;0;0;0;0;0;1;0;0;0
-*ricciozjd;0;0;0;0;0;0;0;1;0
-*emanuel_dejesuus;0;0;0;0;1;0;0;0;0
-*kevin_a_photorando;0;2;0;0;0;0;1;1;0
-*tissotdo;0;1;0;0;0;0;0;0;0
-*gab__19__;0;0;0;0;0;0;0;0;1
-*lhomme_de_la_situation;0;0;0;0;0;0;1;0;0
*i_0335;2;1;20;0;0;9;13;1;1
*postComments_63;2;1;20;0;0;9;13;1;1
-*silva_soka;1;0;1;0;0;1;0;0;0
-*david_prvl;1;0;0;0;0;0;0;0;0
-*eliemalasi;0;0;1;0;0;0;0;0;0
-*viform;0;0;1;0;0;0;0;0;0
-*dahlia_fds;0;0;0;0;0;0;0;0;1
-*florian_siess;0;0;0;0;0;0;1;0;0
-*lorik_mg;0;0;2;0;0;0;0;0;0
-*kaynli_regaine;0;0;0;0;0;1;1;0;0
*i_0336;0;0;0;0;0;1;0;0;1
-*nicole_blacha;0;0;0;0;0;1;0;0;0
-*berthod91;0;0;0;0;0;0;0;0;1
*i_0337;3;2;25;1;0;12;7;3;0
-*sdkkk17;0;1;1;0;0;0;1;0;0
-*selinay_dem;0;0;1;0;0;0;0;0;0
-*srh__wrs;0;0;1;0;0;0;0;0;0
-*cihankobulan;0;0;1;0;0;0;1;0;0
*i_0338;2;4;0;1;1;9;0;0;0
-*alher_65;0;0;0;0;0;2;0;0;0
-*mela_m_f;1;0;0;0;0;0;0;0;0
-*danielprinzing;0;0;0;0;0;1;0;0;0
-*antoniotonyklein;0;0;0;0;0;1;0;0;1
-*markus_manz;0;1;0;0;0;0;0;0;0
-*retosteinemann;0;1;0;0;0;0;0;0;0
-*rintintin65;0;0;0;0;0;1;0;0;0
-*hugo_10_ch;0;1;0;0;0;0;0;0;0
-*_antho_qlf_;0;0;0;0;0;0;0;0;0
-*swiss_sport_shirts;0;0;0;0;1;0;0;0;0
-*espace_fitness_monala;0;0;0;1;0;0;0;0;0
*i_0339;2;7;91;1;1;17;24;4;2
*postComments_267;5;15;135;2;8;58;58;18;5
*postReposts_139;2;7;91;1;1;17;24;4;2
*commentLikes_655;0;0;1;0;0;0;1;0;0
-*dr_jeremy_daneshmand4789;0;0;1;0;0;0;0;0;0
-*max_teix;0;0;0;0;0;0;0;0;0
-*rimabderrahman;0;0;0;0;0;0;1;0;0
*commentLikes_371;0;0;0;0;0;0;1;0;0
-*sii_ryn;0;0;1;1;0;0;0;0;0
-*neida_ana;0;0;1;0;0;0;0;0;0
-*olirbr;0;0;0;0;0;1;0;0;0
-*quelimarques;0;0;0;0;0;1;0;0;0
-*lazarounette;0;0;0;0;0;0;1;0;0
-*chris_sikias;0;0;1;0;0;0;0;0;0
-*fhn82;0;0;1;0;0;0;0;0;0
-*thepoloaddict;0;0;1;0;0;0;0;0;0
-*sabine_dormond;0;0;0;0;0;0;1;0;0
-*samlamalice;0;0;1;0;0;0;0;0;0
-*arthurnoverraz;0;0;2;0;0;0;0;0;0
-*ericsteppenwolf;0;0;1;1;0;0;0;0;0
-*mahmoud_alallosh;0;1;3;0;0;3;0;0;0
-*chantal_e_diaz;1;0;0;0;0;0;0;0;0
-*neweliemehdi;0;1;0;0;0;0;0;0;0
-*fabiennepicaud;0;0;1;0;0;0;0;0;0
-*ychem_ben;0;0;0;0;0;0;0;1;0
*i_0340;2;1;0;0;0;0;2;0;0
-*katialurati;1;0;0;0;0;0;0;0;0
*i_0341;2;6;1;0;1;2;7;1;4
*postLikes_12800;2;6;1;0;1;2;7;1;4
*postReposts_149;2;6;1;0;1;2;7;1;4
-*loic_bohler;0;0;0;0;0;0;1;0;0
-*sabrinameghari;0;0;0;0;0;0;1;0;0
-*titefantomette;1;0;0;0;0;0;0;0;0
-*marika_russ_1;0;0;0;0;0;0;0;0;1
-*marie_jaggi;1;0;0;0;0;0;0;0;0
-*lydie_gicquel;0;0;0;0;0;1;0;0;0
-*nadia_guzmandettori;0;0;0;0;0;0;0;0;1
-*cecile_aebi;0;0;0;0;0;0;0;1;0
-*ju_myz;0;1;0;0;0;0;0;0;0
-*justin_widm;0;0;0;0;0;0;0;0;1
-*barbara_franchitti;0;0;0;0;0;0;0;0;0
-*sarahananor;0;0;0;0;0;0;0;0;0
-*floh777;0;0;0;0;0;1;0;0;0
-*eddie_fraisse;0;0;0;0;0;0;1;0;0
-*rami_mirs;0;1;0;0;0;0;1;0;0
-*kabukimonosan;0;2;0;0;0;0;0;0;0
-*alienorbej;0;0;1;0;0;0;0;0;0
-*alpaley;0;1;0;0;0;0;0;0;0
*i_0342;3;6;1;3;0;15;30;166;4
*postComments_260;3;6;1;3;0;15;30;166;4
*postReposts_70;3;6;1;3;0;15;30;166;4
-*nicoleduc_26;0;0;0;0;0;0;0;1;0
*commentLikes_645;0;0;0;0;0;0;1;0;0
*commentLikes_479;0;0;0;0;0;0;0;1;0
*commentLikes_265;0;0;0;0;0;0;0;1;0
-*violettelaunay;0;0;0;0;0;0;0;2;0
-*bernardcharleslucien;0;0;0;0;0;0;2;1;0
-*meli_mhln;0;0;0;0;0;0;0;2;0
-*maggio71;0;0;0;0;0;0;0;1;0
-*any_bram;0;1;0;0;0;0;0;1;0
-*kinkywarrior;0;0;0;0;0;1;0;0;0
-*siminutes;0;0;0;0;0;0;0;1;0
-*nath___84;0;0;0;0;0;1;1;4;0
-*philipshelby72;0;0;0;0;0;0;0;1;0
-*gg_la87;0;0;0;0;0;0;0;0;0
-*santhe8;0;1;0;0;0;0;0;0;0
*commentLikes_310;0;0;0;0;0;0;0;1;0
-*athenea_eff1291;0;0;0;0;0;0;0;1;0
-*isabellesauser;0;0;0;0;0;0;1;0;0
-*roxanequinodoz;0;0;0;0;0;0;1;0;0
-*pa_sca_lina;0;0;0;0;0;0;0;1;0
-*x_torx_x;1;0;0;0;0;2;0;0;0
-*olivierbettex;0;0;0;0;0;0;0;1;0
-*carosourd;0;0;0;0;0;0;1;0;0
-*jaabirisorayamaya;0;1;0;0;0;0;0;0;0
-*mehdikrichen;0;0;0;0;0;0;0;1;0
-*sirop_th;0;0;0;0;0;1;0;2;0
-*pat_christ;0;0;0;0;0;1;0;0;0
-*julianerossetti;0;0;0;0;0;0;0;1;0
-*fuzzdrop;0;0;0;0;0;0;0;1;0
-*lipow;0;0;0;0;0;0;0;1;0
-*laetiii96;0;0;0;0;0;0;0;1;0
-*3z_gy;0;0;0;0;0;0;0;1;0
-*cesarmirogarcia;0;0;0;0;0;0;0;2;0
-*sunga_nga;0;0;0;0;0;0;1;0;0
-*christinestruchen;0;0;0;0;0;0;0;1;0
-*sorayadecaillet;0;0;0;0;0;0;0;1;0
-*cara_mellia;0;0;0;0;0;0;0;0;0
-*lauret_83;0;0;0;0;0;1;0;0;0
-*sognosposi;0;0;0;0;0;0;0;3;0
-*boulbouli;0;0;0;0;0;0;0;1;0
-*luscher_rachel;0;0;0;0;0;0;1;2;0
-*manonmerci_i;0;0;0;0;0;1;0;0;0
-*angele_reymond_9;0;0;0;0;0;1;0;0;0
-*tite_annick;1;0;0;0;0;1;0;0;0
-*andres_gz0912;0;0;0;0;0;2;0;2;0
-*zilverdove;0;0;0;0;0;1;0;0;0
-*micael_z_fernandez;0;0;0;0;0;0;0;2;1
-*bba9322;0;0;0;0;0;2;0;0;0
-*joeyariosa;0;0;0;0;0;0;0;0;0
-*astrid4258;0;0;0;0;0;0;0;0;0
-*niclettekal;0;0;0;0;0;0;0;1;0
*i_0343;0;1;0;0;0;7;1;0;2
*postDate_5-11-2025;27;67;65;10;6;151;215;136;316
*i_0344;0;1;0;0;0;1;4;0;10
-*michaelvs13;0;0;0;0;0;0;0;0;1
-*gwiazdzinski;0;0;0;0;0;0;0;0;1
*i_0345;10;17;32;1;1;41;74;24;7
*postLikes_8000;10;17;32;1;1;41;74;24;7
*postComments_328;10;17;32;1;1;41;74;24;7
*postReposts_92;10;17;32;1;1;41;74;24;7
-*anoluc17;0;0;0;0;0;0;0;0;1
-*pommepommenyc;1;0;0;0;0;0;0;0;0
-*fabiennerahel;0;0;0;0;0;0;0;0;1
-*meeeeeh_di;1;0;0;0;0;0;0;0;0
-*nanouna65;1;0;0;0;0;1;0;0;0
-*tana28;0;0;0;0;0;1;1;0;0
*commentLikes_294;0;0;0;0;0;0;1;0;0
-*mch_74;0;1;1;0;0;0;0;0;0
-*mururoa0504;0;0;0;0;0;0;2;1;0
-*hand_produced_design_atelier;0;0;0;0;0;1;0;0;0
-*dveronique_rose;0;0;0;0;0;1;0;0;0
-*oppy_filippe;0;0;0;0;0;0;0;1;0
-*swissdesign;0;0;0;0;0;0;0;0;0
-*voixpopulaire_media;0;0;0;0;0;0;2;0;0
-*notlikeandre;0;0;0;1;0;0;0;0;0
-*bergenthecat;0;0;1;0;0;0;0;0;0
-*x_v_m_n;0;0;0;0;0;0;0;1;0
-*allegripolliand;0;0;0;0;0;0;0;1;0
-*fantinmoreno;0;0;0;0;0;0;0;0;0
-*karakou42;0;0;1;0;0;0;0;0;0
-*carlabastos6;0;0;1;0;0;1;0;0;0
-*adnar7;0;0;0;0;0;0;0;0;0
-*jiji_bklyn;1;0;0;0;0;0;0;0;0
-*boudia994;1;0;0;0;0;0;0;0;0
-*k_mirson;0;0;0;0;0;1;2;6;1
-*loic_zf;0;0;0;0;0;0;0;0;0
-*mgt1200;0;0;0;0;0;1;0;0;0
-*johnk_afe;0;0;0;0;0;0;0;0;0
-*samuel_hayoz;0;0;1;0;0;0;0;0;0
*i_0346;2;0;0;0;0;0;0;0;0
-*mel_piermaria_lanuza;1;0;0;0;0;0;0;0;0
-*sib_ylle;1;0;0;0;0;0;0;0;0
*i_0347;3;6;2;4;0;27;19;26;150
*postComments_263;3;6;2;4;0;27;19;26;150
-*lutshee;0;0;0;0;0;1;0;0;0
*commentLikes_126;0;0;0;0;0;3;1;1;1
-*patrick_1260;0;0;0;0;0;0;0;0;1
-*hysen_dragoshi;0;0;0;0;0;0;1;0;0
-*_julijulien_;0;0;0;0;0;0;0;0;2
-*amand__e;0;0;0;0;0;0;0;0;4
-*damienloichat;0;0;0;0;0;0;0;0;3
-*leonard_geay;0;0;0;0;0;0;0;0;3
-*gti_1989;0;0;0;0;0;0;0;0;2
-*eric_winkler;0;0;0;0;0;0;0;1;1
-*el_sennos;0;0;0;0;0;1;0;0;3
-*nomad_hima;0;0;0;0;0;0;0;0;2
-*greg_bovay;0;0;0;0;0;0;0;0;1
-*luisbeuret;0;0;0;0;0;1;0;0;3
-*boucherie_yerly;0;0;0;0;0;0;0;0;1
-*lorenzo_fiammetta;0;0;0;0;0;0;0;0;1
-*the_pifao_;0;0;0;0;0;0;1;0;0
-*maradanjeanma;0;0;0;0;0;0;0;0;1
-*guillaume_tache;0;0;0;0;0;0;0;0;1
-*erik_brinkman;0;0;0;0;0;0;0;0;2
-*esteban_briere;0;0;0;0;0;0;0;1;0
-*catarinaalexandra_santos;0;1;0;0;0;0;0;1;0
-*stahl_mein_leben;0;0;0;0;0;0;1;0;0
-*jerome_mty_;0;0;0;1;0;0;0;0;1
-*alexisberdoz;0;0;0;0;0;0;0;2;0
-*alexia_pasta;0;0;0;0;0;2;0;0;3
-*mini_loona290;1;0;0;0;0;0;0;0;0
-*cg_anne_cecile;0;0;0;0;0;0;0;2;0
-*yeto_suisse;0;0;0;0;0;0;0;0;1
-*diagal_faust_tattoo;0;0;1;0;0;1;0;0;0
-*jepado;0;0;0;0;0;0;0;0;1
-*schedeljm;0;0;0;0;0;0;0;0;2
-*hexadance;0;0;0;0;0;0;0;1;0
-*amho_177;0;0;0;0;0;0;0;1;0
-*didier6234;0;0;0;0;0;0;0;0;1
-*my_wanderlust_eyes;0;0;0;0;0;0;0;0;1
-*benhalimi1998;0;0;0;0;0;0;0;1;0
-*abdulganisincar;0;0;0;0;0;0;0;1;0
-*e_abramowski_;0;0;0;0;0;1;0;0;1
-*hh2zo_;0;0;0;0;0;1;0;0;0
-*ichbinmehdi__;0;0;0;0;0;0;0;0;1
-*julienbricot;0;0;0;0;0;0;1;0;0
-*anthony_stauffer_la_classe;0;0;0;0;0;1;0;0;1
-*marinari_alessandro;0;0;0;0;0;0;0;0;1
-*chicconosci;0;0;0;0;0;0;0;0;1
-*marisa_iassogna;0;0;0;0;0;0;0;0;1
-*a_longoria__;0;0;0;0;0;0;0;0;1
-*geestettlu;0;0;0;1;0;1;0;0;0
-*kourah_ge;0;0;0;0;0;0;0;0;1
-*swiss_lycan;0;0;0;0;0;0;0;0;0
-*nicolagimmi;0;0;0;0;0;1;0;0;0
*i_0348;1;3;1;1;1;3;1;1;1
-*maria_diaz2601;0;0;0;0;0;0;0;0;0
-*jphyg;0;1;0;0;0;1;0;0;0
-*laurie_canada;0;0;0;0;0;1;0;0;0
-*pinacolada_ipa;0;0;0;0;0;0;1;0;0
*i_0349;1;6;1;0;0;13;7;11;22
-*angeloargelli;0;0;0;0;0;1;0;0;1
-*msnbqphp;0;2;0;0;0;0;0;0;0
-*rv_monica_18;0;0;0;0;0;1;0;0;0
-*chrisrenou;0;0;0;0;0;3;2;0;1
-*famille_roubieu_officiel;0;0;0;0;0;0;0;4;1
-*chef_alexandre_renard;0;0;0;0;0;2;0;1;2
-*dariolij;0;0;0;0;0;1;0;0;0
-*day_dream08;0;0;0;0;0;1;1;3;0
-*mimihasler;0;1;0;0;0;0;1;0;0
-*jeje_regard;0;0;0;0;0;1;0;1;1
-*kylianveyre0;0;0;0;0;0;0;0;0;1
-*wasntmaych;0;0;0;0;0;0;1;0;0
*i_0350;1;2;0;0;0;4;4;8;4
-*yann_belloir;0;0;0;0;0;0;2;0;0
-*rita_teix16;0;0;0;0;0;0;0;1;0
-*siropapi_;0;0;0;0;0;0;1;0;0
-*al_lam472;0;0;0;0;0;1;0;0;0
-*bruce_perso;0;0;0;0;0;0;0;1;0
*i_0351;4;4;0;0;1;0;0;16;23
-*jess_malagasy;0;0;0;0;0;0;0;1;0
-*pa_ce__;1;0;0;0;0;0;0;0;0
-*kimnaocobain;0;0;0;1;0;0;0;0;1
-*closixty;0;0;0;0;0;0;0;1;0
-*olivier8669;0;0;0;0;0;0;0;2;0
-*barbara_vmx;0;0;0;0;0;0;0;0;1
-*fvr_ma;0;0;0;0;0;0;0;1;1
-*matmat_dnmst;0;0;0;0;1;0;0;0;0
-*gaeltristan_lock;0;0;0;0;0;0;0;3;1
-*aurficke226;0;0;0;0;1;0;0;1;0
-*sergefernex;0;1;0;0;0;0;1;0;1
-*anoushka_27;0;0;0;0;0;0;0;0;1
-*entamaliki;0;0;0;0;0;0;0;0;1
-*isarosafamily;0;1;0;0;0;0;0;0;0
-*olivier_ometz_;0;0;0;0;0;0;0;1;0
*i_0352;4;11;27;0;3;19;37;22;7
*postComments_203;4;11;27;0;3;19;37;22;7
-*hamzamgram;0;0;0;0;0;0;1;0;0
-*mathieu_couturier;0;0;2;0;0;2;2;1;0
-*za_wzaw7400;0;0;0;0;1;0;0;0;0
-*thijsjegen;0;0;0;0;0;0;0;0;0
-*max_smadden;0;0;0;0;0;0;1;0;0
-*sebastienhoffmann;0;0;1;0;0;3;1;0;0
-*celinedessimoz;0;0;0;0;0;1;0;1;0
-*sebastian_aylwin;0;0;0;0;0;0;1;0;0
-*dahlias_baba;0;0;1;0;0;0;0;0;0
-*peyman_khozoi;0;0;0;0;0;0;1;0;1
-*titingogogo;0;0;1;0;0;0;0;0;0
-*pgandara;0;0;1;0;0;0;1;0;0
-*neovahh;0;0;0;0;0;0;1;0;0
-*paola_brtl;0;0;1;0;0;0;0;0;0
-*timmessner;0;1;0;0;0;0;0;0;0
-*celine_crsz;0;1;1;0;0;0;0;0;0
*i_0353;0;3;0;0;0;5;7;0;0
-*sabiebike;0;0;0;0;0;1;0;0;0
-*melissa_f5507;0;0;0;0;0;0;1;0;0
-*sanstitre_art;0;1;0;0;0;0;0;0;0
-*aliceog;0;0;0;0;0;1;0;0;0
-*ana_luiza_br;0;0;0;0;0;0;1;0;0
-*thibaultschluter;0;0;0;0;0;0;1;0;0
*i_0354;1;13;2;4;0;31;61;28;90
*postLikes_13100;1;13;2;4;0;31;61;28;90
*postReposts_422;1;13;2;4;0;31;61;28;90
-*sabour414_azimi;0;1;0;0;0;0;0;0;0
-*lio_phyliseex;0;0;1;0;0;0;1;1;0
-*dianadrc_;0;1;0;0;0;2;0;0;0
-*matilda_tavelli;0;0;0;0;0;0;1;0;0
*commentLikes_557;0;0;0;0;0;0;1;0;3
-*katamarrant372;0;0;0;0;0;0;1;1;0
-*l_atelier_du_style_coiffure;0;0;0;0;0;1;0;0;2
-*keke_l_l;0;0;0;0;0;0;1;1;2
-*t_gruaz;0;0;0;0;0;9;2;4;0
-*cocogegeroro;0;0;0;0;0;0;0;0;0
-*christianbaur61;0;0;0;0;0;0;0;0;2
-*josianefazlija;0;1;0;0;0;0;0;0;0
-*digitalportfoliobb;0;0;0;0;0;0;1;0;0
-*max_engels44;0;0;0;0;0;0;1;0;0
-*arnocto;0;0;0;0;0;2;0;1;1
-*julien_berthod;0;0;0;0;0;1;0;0;0
-*lowe_auslander76;0;0;0;0;0;1;0;0;0
-*sophiesabin6;0;0;0;0;0;0;0;0;0
-*navylafee;0;0;0;1;0;1;0;0;0
-*saa_wanee7;0;0;0;0;0;0;1;0;0
-*cynthiaoffishal;0;1;0;0;0;0;0;0;0
-*david_revne;0;0;0;1;0;0;1;0;0
-*tom_bour_20;0;1;0;0;0;0;0;0;0
-*choucas_swiss;0;0;0;0;0;0;0;1;0
-*icemayne777;0;0;0;0;0;0;0;1;0
-*emmacatvegi;0;0;0;0;0;0;0;0;0
-*miniloona;0;0;0;0;0;0;1;0;0
-*anabela_sps;0;0;0;0;0;0;0;0;1
-*sylvi_7610;1;0;0;0;0;0;0;0;0
-*poppins4527;0;0;0;0;0;1;0;0;0
-*nico_bxys;0;1;0;0;0;1;0;0;0
*i_0355;8;12;0;0;0;10;5;0;4
*postReposts_212;8;12;0;0;0;10;5;0;4
*postDate_6-11-2025;31;67;123;27;2;122;148;126;85
-*waldstatten;0;0;0;0;0;0;0;0;0
-*mxnxe;0;0;0;0;0;1;0;0;0
-*fab4fm;1;0;0;0;0;0;0;0;0
-*su_zy_b;0;0;0;0;0;0;1;0;0
-*melaniebgross;1;0;0;0;0;0;0;0;0
-*art_uhr_10;0;0;0;0;0;0;0;0;1
-*everydayseb;0;0;0;0;0;0;1;0;0
-*oli_wood_169;0;1;0;0;0;0;0;0;0
-*daphne_marie_antoinette;0;1;0;0;0;0;0;0;0
-*rerat_emilie;0;1;0;0;0;0;0;0;0
-*vladimir_soren;0;0;0;0;0;0;0;0;0
-*gaelle_hawaii;0;1;0;0;0;0;0;0;0
-*ici_annajuraskova;0;1;0;2;0;0;0;0;0
-*sir_orfeo;0;0;0;0;0;0;0;0;1
*i_0356;2;0;0;0;0;0;2;2;6
-*sioberholzer;1;0;0;0;0;0;0;0;0
*i_0357;3;3;1;0;0;4;14;19;5
*postReposts_104;3;3;1;0;0;4;14;19;5
-*kathleen_redly_art;0;0;0;0;0;0;0;0;1
-*olbeguin;0;2;0;0;0;0;2;0;0
-*cabryoff;0;0;0;0;0;0;0;1;0
-*plateausansplastic;0;0;0;0;0;1;1;0;0
-*serge_marrec;0;0;0;0;0;1;0;2;0
-*sarah_kuenzli;0;0;0;0;0;0;1;1;0
-*jonasfornerod;0;0;0;0;0;0;0;0;1
-*_mebahiah;1;0;0;0;0;0;0;0;0
-*maikeskilailoncenom;0;0;0;0;0;0;0;1;0
-*kseniadko;0;1;0;0;0;1;1;1;0
-*k_dmrr_;0;1;0;0;0;0;0;0;0
*i_0358;8;9;78;13;1;19;24;8;2
-*natachavo;0;0;0;0;0;1;1;0;0
-*xadia_abu_gazala;0;0;1;0;0;0;0;0;0
-*aks_lo6;0;0;1;0;0;0;0;0;0
-*_bestsage_;0;0;1;0;0;3;0;0;0
-*christine1744;0;0;0;0;0;0;1;0;0
*commentLikes_353;0;0;1;0;0;0;0;2;0
-*momo0087;0;1;1;0;0;0;0;0;0
-*lucas_rnhld;0;0;0;0;0;0;1;0;0
*i_0359;1;9;9;2;1;14;26;7;5
-*luanakiehl84;0;0;1;0;0;0;0;0;0
-*pepeliro___;0;0;0;0;0;1;0;0;0
-*jaafarmomo;0;0;0;0;0;0;0;0;1
-*26yathavi;0;1;0;1;0;3;2;1;0
-*yasminepomm;0;1;0;0;0;0;0;0;0
-*neilmasousa;0;0;1;0;0;0;0;0;0
-*dim16671;0;0;0;1;0;2;8;0;1
-*melissa_ledc;0;0;0;0;0;0;1;1;0
-*stephanie_emilie_nicoulaz;0;0;0;0;0;1;0;0;0
-*larry_larsen__;0;0;1;0;0;0;0;0;0
-*chandra_jezduben;0;0;0;0;0;0;0;0;0
-*ashleybarbiana;0;0;0;0;0;0;3;0;0
-*anouckh;0;0;0;0;0;0;0;0;1
-*david_1820;0;0;0;0;0;0;1;0;0
-*gillian_dubail;0;0;1;0;0;3;6;1;0
-*zarcrosstv;0;0;0;0;0;1;0;0;0
-*oscar_widmer;0;0;0;0;0;1;0;0;0
-*gloria_piresc;0;0;0;0;0;0;1;0;0
-*biladisalam;0;0;0;0;0;0;0;0;0
-*6666666666666666666666666666ot;0;0;0;0;0;0;0;0;0
-*castor_inside;0;0;0;0;0;0;0;0;0
-*xl_d_lowkey;1;0;0;0;0;0;0;0;0
*i_0360;2;24;24;3;0;25;35;38;20
*postComments_211;2;24;24;3;0;25;35;38;20
*commentLikes_246;0;0;0;0;0;0;1;1;0
-*imxaduck;0;0;2;0;0;0;3;0;1
-*clausnatasha;0;1;0;0;0;0;0;0;0
-*piepo_aqc;0;1;0;0;0;0;0;0;0
-*benjamin_clld;0;0;1;0;0;0;0;0;1
-*ilyassterix;0;0;0;0;0;0;1;1;0
-*jd_berger;0;0;0;0;0;0;1;0;0
-*psy_cocreate;0;0;0;0;0;0;1;0;0
-*gva_nsa;0;0;0;0;0;1;1;1;0
-*nik_saintp;0;1;0;0;0;0;0;0;2
-*stregatto1_4;0;1;0;0;0;0;0;0;0
-*ge1111ch;1;0;0;0;0;0;0;0;0
-*sasha__tc;0;0;0;0;0;0;0;0;1
-*mathieu_marchello;0;0;1;0;0;1;1;1;2
-*matteosurunvelo;0;0;0;0;0;0;0;1;1
-*c0lt___;0;0;0;0;0;0;0;2;0
-*deejayprod;0;1;0;0;0;0;0;0;0
-*lcubanito_official;0;0;0;0;0;0;0;2;0
-*idunn14;0;0;0;0;0;0;1;0;0
-*carmen_pitt;0;1;0;0;0;0;0;0;0
-*winchester_javier;0;0;0;0;0;1;0;1;0
-*grigori_dl;0;0;0;0;0;0;0;0;0
-*mael_oberli_;0;0;0;0;0;0;0;0;0
-*thenoodlecompagny;0;0;0;0;0;0;0;1;0
-*redot_formation;0;0;0;0;0;1;0;1;0
-*matth0791;0;0;0;0;0;0;0;1;0
-*qu_mic;0;0;0;0;0;0;1;0;0
-*matthieu1303;0;0;0;0;0;0;1;0;0
-*damn_mrc;0;0;0;0;0;0;0;1;0
-*ionik79;0;1;0;0;0;0;0;0;0
-*patchouli62duronftutu;0;1;0;0;0;0;0;0;0
-*_mahdi_alizada;0;0;0;0;0;0;0;1;0
-*florentsa04;0;0;0;0;0;0;1;0;0
-*alfavre14;0;1;0;0;0;2;1;0;0
-*yahn0574;0;0;0;0;0;0;0;1;0
-*nath_in_heaven;0;0;1;0;0;0;0;0;0
-*b3llic_niko;0;0;0;0;0;1;0;0;0
-*le_reflexeur;0;0;0;0;0;0;0;0;1
-*leo_caramia_;0;0;0;0;0;0;1;0;0
-*familycats1020;0;0;0;0;0;1;0;1;0
-*tiagobessa63;0;0;0;0;0;0;0;1;0
-*angelo_trip;0;1;0;0;0;0;0;0;0
-*jean_lou_bxl;0;1;0;0;0;0;0;0;0
*i_0361;4;1;0;0;0;1;0;0;1
-*noamyaron_;0;0;0;0;0;1;0;0;0
-*michelrobadin;0;1;0;0;0;0;0;0;0
*i_0362;1;3;0;1;0;4;13;27;9
-*loganlvs;0;0;0;0;0;1;1;0;0
-*caroline_jauch;0;1;0;1;0;0;0;0;0
-*raging_salad;0;0;0;0;0;0;1;0;0
-*belzeeebuuub;0;0;0;0;0;0;0;1;0
-*e_liot;0;0;0;0;0;0;0;0;1
-*valentine_cecileoff;0;0;0;0;0;0;0;1;0
-*osez_loveshop;0;0;0;0;0;0;0;0;1
-*sol_art28;0;0;0;0;0;1;0;1;0
-*kiwiibanana;0;1;0;0;0;0;0;0;0
-*ore_abherve;0;0;0;0;0;0;0;1;0
-*mattiapastore;0;0;0;0;0;0;0;0;0
*i_0363;0;1;0;1;0;7;1;2;1
-*roro76120;0;0;0;0;0;0;0;1;0
-*thebelgian71;0;0;0;0;0;1;0;0;0
*i_0364;0;3;1;2;0;9;6;4;27
-*nonos_na;0;0;0;1;0;1;0;0;1
-*ludovicbr34;0;0;0;0;0;0;0;0;2
-*lebonheurdeparis;0;0;0;0;0;0;0;1;3
*i_0365;1;1;6;2;0;11;12;0;0
-*vanes_moon;1;0;0;0;0;0;0;0;0
-*zhinth;0;0;2;0;0;3;3;0;0
-*0rtiz_evelyn;0;0;0;0;0;1;1;0;0
-*mafiosobrasco;0;0;0;1;0;0;1;0;0
-*_x_am10_;0;1;0;0;0;2;0;0;0
-*zoe_dspds16;0;0;0;0;0;0;1;0;0
-*havolllii;0;0;0;0;0;0;2;0;0
-*iinabuchodonosor;0;0;1;0;0;1;0;0;0
-*zora_ge1;0;0;0;0;0;0;0;0;0
*i_0366;1;1;4;3;0;18;10;19;5
-*sophi_a__;0;0;0;0;0;1;0;0;0
-*barreiro2551;0;0;0;0;0;0;0;1;0
-*silvia_instavibes;0;0;0;0;0;1;1;2;0
-*sipsep68;0;0;0;0;0;1;1;1;0
-*valentin_blanc1;0;0;0;0;0;0;1;0;0
-*schlappib;0;0;0;0;0;0;0;1;0
-*phant0matik;0;0;0;0;0;2;1;1;0
-*stephbus06;0;0;0;0;0;0;0;0;0
*i_0367;0;10;1;0;0;17;49;11;7
*postDate_7-11-2025;13;47;45;99;6;168;212;107;58
-*luca15btw;0;0;0;0;0;0;1;0;0
-*jennaloumauron;0;1;0;0;0;0;0;0;0
-*jay_margh;0;0;1;0;0;0;0;0;0
-*_andrea_dlg;0;0;0;0;0;0;1;0;0
-*cherylchuu;0;1;0;0;0;0;0;0;0
-*motionplus_prod;0;0;0;0;0;0;2;0;0
-*patrick_bobby;0;0;0;0;0;0;1;0;0
-*hasso_hrj;0;0;0;0;0;0;5;1;0
-*dane_tte;0;0;0;0;0;2;5;0;2
-*malone_thorner;0;0;0;0;0;0;2;0;0
-*ilypop_drink;0;0;0;0;0;0;1;0;0
*i_0368;0;0;0;0;0;0;5;0;1
*i_0369;0;3;0;0;0;3;1;14;1
-*rafa_mainer;0;0;0;0;0;0;0;1;0
-*jardatraian;0;0;0;0;0;0;0;1;1
-*sophia_d0;0;0;0;0;0;0;0;1;0
-*dil0u_;0;0;0;0;0;1;0;0;0
-*gothiqua08;0;0;0;0;0;0;0;1;0
-*johannrvr;0;0;0;0;0;0;0;3;0
-*flosopa26;0;0;0;0;0;0;0;1;0
-*liane_liliane3;0;0;0;0;0;0;1;0;0
-*seb_swet;0;0;0;0;0;0;0;1;0
*i_0370;2;11;9;97;0;91;93;10;5
*postComments_387;2;11;9;97;0;91;93;10;5
*commentLikes_229;0;0;0;0;0;1;0;0;0
*commentLikes_765;0;0;0;1;0;0;0;0;0
-*robinouus;0;0;0;1;0;0;0;0;0
-*tibbyzlr;0;0;0;0;0;2;1;0;0
-*_inesapl;0;0;0;0;0;9;2;1;0
-*simple_ecrituree;0;0;0;1;0;0;0;0;0
-*clemence_lapointe_;0;0;0;0;0;1;3;0;0
-*luca_s_ch;0;0;0;1;0;2;5;0;0
-*val_dcrt;0;1;0;0;0;0;0;0;0
-*frani_bourgeois;0;0;0;1;0;0;0;0;0
-*jerome_stk;0;0;0;0;0;0;1;0;0
-*wh0is_sag1ri;0;0;0;0;0;0;1;0;0
-*evelynesiegenthaler;0;0;0;0;0;1;0;0;0
-*brunettte20;0;0;0;0;0;0;1;0;0
*commentLikes_279;0;0;0;1;0;0;0;0;0
-*leo_m_1111;0;0;0;2;0;2;0;2;0
-*gbanoah;0;0;0;4;0;1;1;0;0
-*antonyhermann;0;0;0;0;0;0;2;0;0
-*leandrino3;0;0;0;1;0;0;0;0;0
-*andrechoue;0;0;0;3;0;0;1;0;0
-*sulli_msi;0;0;0;0;0;1;0;1;0
-*emilie_magnenat91;0;0;0;0;0;0;0;0;1
-*anna_frund;0;0;0;0;0;0;1;0;0
-*_florianchevey_;0;0;0;1;0;0;0;0;0
-*aubalmasque2023;0;0;1;0;0;0;0;0;0
-*swix_21;0;0;0;0;0;0;0;1;1
-*tera_elie;0;0;0;1;0;1;1;0;0
-*alberto_hnz_;0;0;0;1;0;0;0;0;0
-*kenzo_trv;0;0;0;1;0;1;1;0;0
*commentLikes_176;0;1;0;0;0;0;0;0;0
-*matt_prr;0;0;1;0;0;0;0;0;0
-*dauto0o;0;0;0;1;0;1;0;0;0
-*a_chps68;0;0;0;3;0;0;0;0;0
-*cha_balou;0;0;0;0;0;1;0;0;0
-*avec_marie_33;0;1;0;0;0;0;0;0;0
-*maximedurand;0;0;0;1;0;0;0;0;0
-*xerezhuerbi;0;0;0;0;0;0;0;1;0
-*frenchwork360;0;0;0;0;0;1;0;0;0
-*carolegaydescombes;0;1;0;0;0;0;0;0;0
-*nichevenn;0;0;0;0;0;1;0;0;0
-*lovlibma;0;0;0;0;0;0;1;0;0
-*chaverri_ch;0;0;0;0;0;0;1;0;0
-*dajandjakovic;0;0;0;0;0;0;1;0;0
*i_0371;7;6;1;1;1;7;8;3;15
-*bienvenueinbiel;0;0;0;0;0;1;0;0;0
-*greeka_ch;1;0;0;0;0;0;0;0;0
-*simon_niklaus_;0;0;0;0;0;0;0;0;1
-*jesuissespagnol;1;0;0;0;0;0;0;0;0
-*eeelii150;0;0;0;0;0;0;0;0;1
-*nicolaerts;1;0;0;0;0;0;0;0;0
-*usuratonkatchi;0;0;0;0;0;0;0;0;1
-*__danab__;0;0;0;0;0;0;0;0;1
-*le_bric_a_brac_de_pep_et_chouk;1;0;0;0;0;0;0;0;0
*i_0372;0;1;0;0;0;2;4;5;17
-*redlineradio_ch;0;0;0;0;0;1;0;1;3
-*lstehle;0;0;0;0;0;0;0;0;3
-*_j_o_s_h_u_a___;0;0;0;0;0;0;0;1;1
-*regisdonze;0;0;0;0;0;0;0;0;1
-*n_schrnz;0;0;0;0;0;0;0;0;0
-*y4nis_ict;0;1;0;0;0;0;0;0;0
-*brunolepalud;0;0;0;0;0;0;0;0;1
-*j_j_marty;0;0;0;0;0;0;0;1;0
*i_0373;2;1;0;0;0;4;1;0;1
-*the_private_diary1;2;0;0;0;0;0;0;0;0
-*rituels_beaute_geneve;0;0;0;0;0;1;0;0;0
-*la_guintsette;0;0;0;0;0;1;0;0;0
-*imfamily5;0;0;0;0;0;1;0;0;0
*i_0374;1;6;0;0;1;2;5;7;1
-*vynce_12;0;1;0;0;0;0;0;1;0
-*kaziwaraim;0;0;0;0;0;0;0;1;0
-*baptisteserre;0;0;0;0;0;0;0;1;0
-*alainp183;0;0;0;0;0;0;0;1;0
-*waowemrah;0;1;0;0;0;0;0;0;0
-*jlfreymond;0;1;0;0;0;0;1;0;0
-*jorischauvy;0;0;0;0;0;1;0;2;0
*i_0375;0;0;0;0;0;2;11;2;3
-*emilyturrettini;0;0;0;0;0;0;0;2;2
-*laetitiajardin__;0;0;0;0;0;0;1;0;0
-*promethee3000;0;0;0;0;0;0;2;0;0
*i_0376;1;9;33;0;4;36;30;51;5
*postComments_237;1;9;33;0;4;36;30;51;5
*commentLikes_219;0;0;0;0;0;0;1;1;0
-*severine_pancotti;0;0;0;0;0;0;0;1;0
-*damienbeauverd;0;0;0;0;0;1;0;0;0
-*michel_augustin74;0;0;0;0;0;1;0;2;1
-*cantin_ch;0;0;1;0;0;1;0;2;0
-*sylvainpillet;0;0;0;0;0;0;1;0;0
-*mathieu_kolly;0;0;0;0;0;0;0;1;0
-*noah_chevalley;0;0;0;0;0;1;0;2;0
-*rosa_magali_pauchard;0;0;0;0;0;3;0;0;0
-*frattinimonique;0;0;0;0;0;1;0;0;0
-*alex_basilico1;0;0;0;0;0;0;0;1;0
-*juan_7barrera;0;0;0;0;0;3;1;0;0
-*monkey_d_momsy;0;0;0;0;0;1;0;0;0
-*cassellapatrick;0;0;0;0;0;1;0;0;0
-*charly2_025;0;0;0;0;0;1;0;0;0
-*euskalmarathon;0;1;0;0;0;0;0;0;0
-*matteo_prsd;0;0;0;0;0;0;0;1;1
-*psf_spf;0;0;1;0;0;0;0;0;0
*i_0377;0;0;1;1;0;4;5;4;2
-*valerie_zonca;0;0;0;0;0;0;0;0;1
*i_0378;4;16;2;0;1;9;4;25;27
*postLikes_9000;4;16;2;0;1;9;4;25;27
*postComments_104;4;16;2;0;1;9;4;25;27
*postDate_8-11-2025;12;47;35;26;3;150;111;47;41
-*daniel_benito_n;0;0;0;0;0;0;0;1;0
-*autocarslayer;0;0;0;0;0;1;0;0;0
-*lop_hair;0;0;0;0;0;0;0;2;0
-*jerlehockeyeur;0;1;0;0;0;0;0;0;0
-*johnson_hyll;0;0;0;0;0;0;0;0;1
-*n0ef_0;0;0;0;0;0;0;0;0;1
-*memes_aoc;0;0;0;0;0;0;0;0;2
-*lillia_la_ferrovipathe;0;1;0;0;0;0;0;0;1
-*rheanemesis;0;0;0;0;0;1;0;0;0
-*jeremiemeury;0;0;0;0;0;0;1;3;0
-*mr_da_costa;0;0;0;0;1;2;0;0;0
-*daher_sh_moussa;0;1;0;0;0;0;0;0;0
-*evereichenvater;0;0;0;0;0;0;0;0;0
-*nicoldmbiamonte;0;0;0;0;0;0;0;0;1
-*adrien_ebhd;0;0;0;0;0;0;1;0;0
*commentLikes_461;0;0;0;0;0;0;0;1;0
-*morganbdq;0;0;0;0;0;0;0;1;0
-*saintvoys;0;1;0;0;0;0;0;0;0
-*pipocaguarana;0;0;0;0;0;0;0;0;3
-*dylan_guenot;0;0;0;0;0;0;0;0;1
-*_syl_vie;0;1;0;0;0;0;0;0;0
-*nao_adtt;0;0;0;0;0;0;0;1;0
-*helene_franzini;0;1;0;0;0;0;0;0;1
-*_so_solan__;0;0;0;0;0;0;0;1;0
-*nooo0ooniiiii;1;0;0;0;0;0;0;0;0
-*pierre_michelet_realestate;0;0;0;0;0;1;0;0;0
-*dian_chek;0;0;0;0;0;0;0;0;1
*i_0379;1;4;5;9;1;41;15;4;0
*postReposts_208;4;4;8;9;1;75;29;5;1
-*myriam_schwab;0;0;0;0;0;1;0;0;0
-*misaki_intercultural;0;0;0;1;0;0;0;0;0
-*momo_sonko123;0;0;0;0;0;1;0;0;0
*i_0380;2;1;0;0;0;3;0;2;0
-*boginya;0;1;0;0;0;0;0;0;0
-*isa_tonna;0;0;0;0;0;1;0;0;0
*i_0381;0;0;0;0;0;1;3;2;1
*i_0382;0;0;0;0;0;1;1;0;2
*i_0383;0;1;0;0;0;0;0;0;0
*i_0384;1;2;0;0;0;3;2;3;5
-*__psvcho_gvcci__;0;0;0;0;0;0;0;0;1
*i_0385;1;1;0;0;0;3;1;0;0
-*instayan_vai;0;0;0;0;0;0;1;0;0
*i_0386;0;11;4;1;0;10;11;4;1
-*mich__514;0;0;0;0;0;0;2;0;0
-*aless_io____;0;0;1;0;0;0;0;0;1
-*mauricemivelaz;0;0;1;0;0;0;0;0;0
-*roddusserre;0;1;0;0;0;0;0;0;0
-*maximedelvecchio;0;1;0;0;0;0;0;0;0
-*saner_nathan;0;0;0;0;0;0;0;1;0
-*veschnee;0;0;0;0;0;1;0;0;0
-*ben9_3r;0;0;0;0;0;1;0;0;0
-*x_njammer;0;0;0;0;0;0;1;0;0
-*elisabethbersier;0;1;0;0;0;0;0;0;0
-*nrjweber;0;0;0;0;0;0;0;0;0
-*schwappcathy;0;0;0;0;0;1;0;0;0
-*fanky_82;0;0;0;0;0;1;0;0;0
-*jio_no_ryuji;0;0;0;0;0;0;1;0;0
-*l1nstant_des_sisyphes;0;0;0;0;0;0;0;0;0
-*totof429;0;1;0;0;0;0;0;0;1
-*bakerbilbonelcamino1028;0;0;0;0;0;0;0;0;0
-*jimmy_38cricket;0;0;0;0;0;0;1;0;0
-*albano7707;0;1;0;0;0;0;0;0;0
-*bertrand_muller1973;0;0;0;0;0;1;0;0;0
-*davidboraley;0;0;0;0;0;0;1;0;0
-*thierryrichardinc;0;0;0;0;0;0;0;0;0
*i_0387;3;11;24;16;1;79;74;7;5
*postComments_259;3;11;24;16;1;79;74;7;5
-*driton_shehu_14;1;0;0;0;0;0;0;0;0
-*aude_mlz;0;0;0;1;0;0;0;0;0
-*elo_gva;0;0;0;0;0;7;0;0;0
-*manu_mgrd;0;0;1;0;0;0;0;0;0
-*st__bastian;0;0;0;0;0;0;3;0;0
*commentLikes_478;0;0;0;0;0;0;1;0;0
-*antho_dom;0;0;1;0;0;0;3;0;0
-*lespinguin98;0;0;0;0;0;1;0;1;0
-*the_quiet_force;0;0;0;0;0;1;0;0;0
-*clem_j;0;0;0;1;0;0;0;0;1
-*thibaud___gyz;0;0;0;0;0;0;2;0;0
-*jayqwelsofficiel;0;1;0;0;0;2;0;0;0
-*jeremie_rbt_72;0;0;0;0;0;0;1;0;0
-*samuel_vanmeulen;0;0;0;0;0;1;0;0;0
-*edu_canin;0;0;0;0;0;1;0;0;0
-*_nathy_romero;0;0;0;0;0;8;1;0;0
-*axel_clxret;0;0;1;1;0;1;0;0;0
-*willy_wrld_;0;1;0;0;0;0;0;0;0
-*pizzatomato06;0;0;0;0;0;0;1;0;0
-*clint_watters;0;0;0;0;0;2;5;0;0
-*rawleo_leo;0;0;1;0;0;0;0;0;0
-*musicbymanz;0;0;1;0;0;0;0;0;0
-*jaquetsarah;0;0;0;0;0;0;1;0;0
-*arthur_ch_ge;0;0;0;1;0;0;0;0;1
-*ernesto_forenza;0;0;0;0;0;0;0;0;1
-*rossetloic;0;0;0;0;0;0;1;0;0
-*seryukousa;0;0;1;0;0;0;0;0;0
-*itsterence0509;0;0;1;0;0;0;0;0;0
-*elie_blls;0;1;0;0;0;0;0;0;0
-*marie_betrisey;0;0;0;0;0;0;1;0;0
-*sandra_chd;0;0;0;0;0;0;0;0;0
-*mamacita_saa;1;0;0;0;0;0;0;0;0
-*adelrigolo;0;0;0;0;0;1;0;0;0
-*oesnat;0;0;0;0;0;0;1;0;0
-*tralal_art;0;0;0;0;0;1;0;0;0
-*sylvain__dc;0;1;0;0;0;0;0;0;0
-*noemiknobel_ch;0;0;0;0;0;0;1;1;0
-*thiagoferreira6979;0;0;1;0;0;0;0;0;0
-*faninonounion;0;0;0;0;0;2;0;0;0
-*rakaj1lletracker;0;1;0;0;0;0;0;0;0
*i_0388;0;0;0;0;0;4;9;1;1
*postDate_9-11-2025;12;26;20;2;4;30;50;15;39
-*opierrehenri;0;0;0;0;0;1;0;0;0
*i_0389;2;3;0;0;0;4;5;5;22
-*jenniphercarther;1;0;0;0;0;0;0;0;0
-*simplyzouzou;0;1;0;0;0;0;0;0;0
-*elgaahmad_off;0;0;0;0;0;0;0;0;1
-*leuenbergertacchini;0;0;0;0;0;1;0;0;0
-*marcio_folly;0;0;0;0;0;0;0;0;1
-*sandra_hinze_;0;0;0;0;0;0;0;0;1
-*casadoarrozal;0;0;0;0;0;0;0;0;1
-*sambalet;0;0;0;0;0;0;0;0;1
-*amorperfectoch;1;0;0;0;0;0;0;0;0
*i_0390;0;1;0;0;0;1;0;0;0
-*itrealsheng;0;1;0;0;0;0;0;0;0
-*adelecanotal;0;0;0;0;0;1;0;0;0
*i_0391;3;0;0;0;0;1;1;0;1
*postLikes_18500;3;0;0;0;0;1;1;0;1
-*gigi0207;1;0;0;0;0;0;0;0;0
-*carla_bonanno;1;0;0;0;0;0;0;0;0
-*jennyebermann_brainbreak_ch;0;0;0;0;0;0;1;0;0
*i_0392;1;10;2;1;4;5;10;4;4
-*lordguzi;0;0;0;0;0;0;0;1;0
-*allexis745;0;0;0;0;0;1;1;0;0
-*mariechariatte;0;0;1;0;0;0;1;0;0
*i_0393;3;9;2;1;0;6;15;2;6
*postLikes_11300;3;9;2;1;0;6;15;2;6
*postReposts_98;3;9;2;1;0;6;15;2;6
-*lulolu_2000;0;1;1;0;0;0;0;0;0
-*pretapretapretinhaaa;0;1;0;0;0;0;0;0;0
-*marcrezende;0;0;0;0;0;1;0;0;0
-*frenchimontanaofficial;0;0;0;0;0;1;0;0;0
-*reginasantos2312;0;0;0;0;0;0;1;0;0
-*rotex59;0;0;0;0;0;0;1;0;0
-*helen_fenker;0;1;0;0;0;0;0;0;0
-*surnameuser;0;0;0;0;0;0;0;1;0
-*allko_k;1;0;0;0;0;0;0;0;0
-*giscalzo;0;1;0;0;0;0;0;0;0
-*mendesciclista;0;0;0;0;0;0;0;0;1
-*borgo89;0;1;0;0;0;0;0;1;0
-*elie_mrn_gnv;0;0;0;0;0;0;0;0;0
*i_0394;2;1;16;0;0;6;5;1;0
-*g_nvao;1;0;0;0;0;0;0;0;0
-*vamvnv;0;0;1;0;0;0;0;0;0
-*azad_jojan;0;0;1;0;0;0;0;0;0
-*luis_cotocuanda_33;0;0;0;0;0;0;0;0;0
-*titoune_128;0;0;1;0;0;0;0;0;0
-*yafettewolde;0;0;1;0;0;0;0;0;0
-*sa9r_____;0;0;1;0;0;1;0;0;0
-*hertman2024;0;0;1;0;0;0;0;0;0
*i_0395;0;2;0;0;0;2;5;2;5
-*anthony_lapalu;0;0;0;0;0;0;0;1;0
-*wtf_mathers;0;0;0;0;0;0;2;0;0
-*thibovgl;0;0;0;0;0;0;1;0;0
*i_0396;1;0;0;0;0;1;0;0;0
*i_0397;2;18;13;7;0;35;20;18;6
*postComments_155;2;18;13;7;0;35;20;18;6
*postDate_10-11-2025;26;117;51;21;4;449;193;331;100
*commentLikes_679;0;0;0;0;0;1;0;0;0
-*nati051175;0;2;0;0;0;0;1;1;0
-*robinsacrusoe1;0;1;0;0;0;0;0;0;0
-*un_sot_lent;0;0;0;0;0;1;0;1;0
-*flav_jea;0;0;0;0;0;0;1;0;0
-*mehdi_kh_1981_rocancourt;0;0;0;0;0;1;0;0;0
-*cheretclo;0;0;0;0;0;1;0;0;0
-*_davidpax;0;0;0;0;0;0;1;0;0
-*k_blch_;0;0;0;0;0;0;0;0;0
-*jolara_coach;0;0;2;1;0;3;1;0;0
-*lefendeurmasque;0;0;1;0;0;2;1;0;0
-*majestik_collective;0;0;0;0;0;1;0;0;0
-*izamiot;0;0;0;0;0;0;2;0;0
-*cyril_rffr;0;0;1;0;0;1;0;0;0
-*duperie07;0;2;0;0;0;0;0;0;0
-*_papemalick_;0;0;1;0;0;0;0;0;0
-*shitpostecolomontagnon;0;0;0;0;0;0;0;1;0
-*flawless__b;0;0;0;0;0;0;1;0;0
-*vplabs__;0;0;0;0;0;0;1;0;0
-*antho__hz;0;0;0;0;0;0;1;0;0
-*ee_n_m75;0;0;0;0;0;0;0;0;0
-*elkenz16;0;0;0;1;0;0;0;0;0
-*winch_221268;0;0;0;0;0;2;0;2;0
-*vi_taly593;0;0;0;0;0;1;0;0;0
-*fabienneg95;0;0;0;0;0;0;1;0;0
-*lecce_puglia_salento;0;0;0;1;0;0;0;0;0
-*hedidonc;0;0;0;0;0;0;0;0;1
-*lucden19;0;0;0;0;0;0;0;1;0
-*alce_manado_swiss_;0;0;0;0;0;0;0;0;0
-*4secondstofeel;0;0;0;0;0;1;3;2;0
-*maria_henriques64;0;1;0;0;0;0;0;0;0
-*rositabouje;0;0;0;0;0;0;0;0;1
-*matheosacco;0;1;0;0;0;0;0;0;0
-*feellangeloni;0;0;0;0;0;1;0;0;0
-*mademoiselle_sepe;0;1;0;0;0;0;0;0;0
-*isa_von_dach_a;0;0;0;0;0;0;0;0;1
-*eskaytray23;0;1;0;0;0;0;0;1;0
-*goncaloitsme;0;0;0;0;0;1;0;0;0
*i_0398;0;0;0;0;0;0;1;0;0
*i_0399;1;7;10;3;0;15;12;26;2
*postComments_98;1;16;10;3;0;25;19;68;24
-*ar_armin_;0;0;0;0;0;0;0;0;0
-*ersin_cnr1;0;0;1;0;0;0;0;0;0
-*don_anak;0;0;2;0;0;2;4;0;0
-*miraculous_del_sol;0;0;0;0;0;1;1;3;0
-*crmntarch;0;1;0;0;0;0;0;0;0
-*paul_dlmgn;0;0;0;0;0;0;0;1;0
-*maverick_srs;0;0;0;0;0;0;1;0;0
-*laurent_lsl_events;0;0;0;0;0;0;0;1;0
-*mademoiisellegray;1;0;0;0;0;0;0;0;0
*i_0400;2;31;10;2;0;49;48;96;14
-*ginandttoni;0;0;0;0;0;1;0;0;0
*commentLikes_606;0;0;0;0;0;0;1;1;0
-*cathy_schnydrig;0;1;0;0;0;0;1;0;0
-*phil_scheurer78;0;0;0;0;0;0;0;0;0
-*freezeld;0;0;0;0;0;0;2;2;0
-*marionnetttee;0;0;0;0;0;1;0;0;0
-*tiniwin5;0;0;0;0;0;0;0;0;0
-*wywern1012;0;1;0;0;0;0;0;0;0
-*b_i_b_i_t_o;0;0;0;0;0;0;0;1;0
*commentLikes_369;0;0;0;0;0;0;0;1;0
-*marcela_mcw;0;0;0;0;0;0;1;0;0
-*carojac1809;0;0;0;0;0;1;0;0;0
-*auroremeier;0;0;0;0;0;0;0;1;0
-*cospaw;0;0;0;0;0;1;0;0;0
-*romeozahno;0;1;0;0;0;0;0;1;0
-*facosta971;0;1;0;0;0;0;0;0;0
-*qazimshabani_;0;0;0;0;0;0;1;0;0
-*poggiopascal;0;0;0;0;0;0;1;0;0
-*spyros_harala;0;0;0;0;0;1;0;0;0
-*aswissgone;0;0;0;0;0;0;0;1;0
-*____wildchild____;0;0;0;0;0;0;0;1;0
-*petra_bvd;0;0;0;0;0;0;1;0;0
-*jpl_respiration_active;0;0;0;0;0;0;1;1;0
-*ange__s__;0;0;0;0;0;0;0;0;1
-*stephane_liard;0;0;0;0;0;0;0;1;0
-*nathanloriginal;0;0;0;0;0;0;0;1;0
-*valerie_paumier_;0;1;0;0;0;0;0;0;0
-*wolf_interior;0;0;0;0;0;0;0;2;0
-*francois_nbl;0;0;0;0;0;0;0;1;0
-*le_neuchatelois;0;0;1;0;0;0;0;0;0
-*_radng;0;0;0;0;0;0;0;1;0
-*thchhuussslosperdidos;0;0;1;0;0;0;0;2;0
-*juraglagla;0;0;0;0;0;0;0;1;0
-*superpininfarina;0;0;0;0;0;0;1;0;0
-*valeria_blondroast;0;1;0;0;0;0;0;0;0
-*nicdim1936;0;0;0;0;0;1;0;0;0
-*carolinelevelupinfashion;0;0;0;0;0;0;1;0;0
-*catheco_marlene;0;0;0;0;0;2;0;0;0
-*myshoebox_elena;0;0;0;0;0;0;0;0;0
-*horace_de_mendez;0;0;0;0;0;0;0;1;0
-*anouchka_schwok_mezzo;0;0;0;0;0;1;0;0;0
-*sandrine_may_;0;0;0;0;0;1;0;1;0
-*david825868;0;0;0;0;0;0;0;0;0
-*bareillejm;0;1;0;0;0;0;0;0;0
-*sgmsylviagabriel;0;0;1;0;0;0;0;0;1
-*marianosamudio;0;0;0;0;1;0;0;1;0
-*pierreyvescollard;0;0;0;0;0;0;1;0;0
-*mimoza4829;0;0;0;0;0;0;0;1;0
-*valfortis;0;0;0;0;0;1;0;0;0
-*c1vetta;0;0;0;0;0;0;0;1;0
*i_0401;0;0;0;0;0;2;5;1;0
-*jfkbali_;0;0;0;0;0;0;1;1;0
*i_0402;12;2;0;1;1;13;2;5;8
*postReposts_181;12;2;0;1;1;13;2;5;8
-*david__gomesh;1;0;0;0;0;0;0;0;0
-*alicina1357;1;0;0;0;0;0;0;0;0
-*sab0uh;1;0;0;0;0;0;0;0;0
-*nattydogs_academy;1;0;0;0;0;6;0;0;0
-*lisacarlos13;0;0;0;0;0;0;0;0;0
-*mammacala27;1;0;0;0;0;0;0;0;0
-*ausendaleitao;0;0;0;0;0;0;0;1;0
-*sarah_mrgn;0;0;0;0;0;1;0;0;0
-*marisavilas_boas;0;0;0;0;0;0;0;0;1
-*alexpiq_1860;0;0;0;0;0;0;0;0;1
-*joaomanuelbernardo77;0;0;0;0;0;1;0;0;0
-*lamaisonenlumiere;1;0;0;0;0;0;0;0;0
-*claudiasofiavalais;0;0;0;0;0;0;0;1;0
-*travel_with_gracia;0;0;0;0;0;0;0;1;1
*i_0403;1;11;12;7;1;19;40;14;8
*postComments_192;1;11;12;7;1;19;40;14;8
-*tomca_tl;0;0;1;0;0;0;0;0;0
*commentLikes_284;0;0;0;0;0;0;1;0;0
-*mehdignxxvnx;0;0;0;0;0;1;2;0;0
-*mtlf_armend;0;0;0;0;0;0;0;1;0
-*ad_riano5316;0;1;1;0;1;0;2;0;0
-*vhr1324;0;1;0;0;0;0;0;0;0
-*_mahcf_sa;0;0;0;0;0;0;1;0;0
-*sc6ut_420;0;0;0;0;0;0;1;0;0
-*camcam1311;0;0;0;0;0;0;0;2;0
-*gallardo_michael_;0;0;0;0;0;0;0;1;0
-*sha_ya_yan;0;0;0;0;0;0;0;1;0
-*karakaya_yusuf67;0;0;0;0;0;0;0;1;0
-*aldrin_kastratiii;0;0;1;0;0;0;0;0;0
-*zaidetrois;0;0;0;0;0;0;0;0;0
-*leo_lapeyre;0;0;0;0;0;0;0;1;0
-*corine_jaquin;0;0;0;0;0;0;0;0;1
-*mc_cacciapaglia;0;0;0;0;0;0;1;0;0
-*bentonabendo_;0;0;1;0;0;0;0;0;0
-*3615gordon;0;0;0;0;0;0;0;0;0
-*sebou971;0;0;1;0;0;0;0;0;0
-*leofabriziophotography;0;0;0;0;0;1;0;0;0
-*jo_sfc;0;0;0;0;0;1;0;0;0
-*ericbenoist;0;1;0;0;0;1;0;0;1
-*psittacula_eupatria_;0;0;0;1;0;0;0;0;0
-*legabstagram;0;0;0;0;0;2;0;0;1
-*anto6_363;0;0;0;0;0;0;1;0;0
-*benoitcharles668;0;0;0;0;0;0;1;0;0
-*nicolas_cad;0;0;1;0;0;0;0;0;1
-*kerim_3000;0;0;0;1;0;0;0;0;0
-*cesar_loga;0;0;0;0;0;0;0;0;0
-*thicia05;0;0;0;0;0;0;0;0;0
-*gaelleyy;0;0;0;0;0;0;0;1;0
*i_0404;3;15;1;1;0;109;20;129;13
*postComments_298;3;15;1;1;0;109;20;129;13
*commentLikes_328;0;0;0;0;0;4;0;0;0
-*red_shoelace;0;0;0;0;0;0;1;0;0
-*j_mi_c;0;0;0;0;0;1;0;1;0
-*sna_rzi;0;0;0;0;0;0;0;1;0
*commentLikes_1,227;0;0;0;0;0;0;0;1;0
-*wollerz_2_back;0;0;0;0;0;1;0;0;0
-*heja_noah_zarya_karzan;2;0;0;0;0;0;0;0;0
-*moehrgane;0;0;0;0;0;2;0;1;0
-*karoprcss;0;0;0;0;0;0;0;1;0
*commentLikes_236;0;0;0;0;0;3;0;2;1
-*gabrielacarvalheira86;0;0;0;0;0;2;0;0;0
-*reverdin_art_geneva;0;0;0;0;0;0;0;2;0
-*mariechapp;0;1;0;0;0;0;0;0;0
-*filipaap;0;0;0;0;0;3;0;2;0
-*fondationegalitedegenre;0;0;0;0;0;3;0;0;0
-*___aries___97;0;0;0;0;0;13;4;9;8
-*isabaala;0;0;0;0;0;0;0;1;0
*commentLikes_602;0;0;0;0;0;0;0;1;0
-*mehdingue;0;0;0;0;0;0;1;0;0
-*anyani10;0;1;0;0;0;0;0;0;0
-*vinc_c_cniv;0;0;0;0;0;0;0;1;0
-*valentina_carrrasco;0;0;0;0;0;1;0;1;0
-*charlongrabon;0;0;0;0;0;1;0;0;0
-*lore_salt_23;0;0;0;0;0;0;1;1;0
-*maki_cycling;0;0;0;0;0;0;0;1;0
-*malina_sbr;0;0;0;0;0;0;0;2;0
-*aurelienanchen;0;0;0;0;0;0;0;1;0
-*rafael_chaljos;0;0;0;0;0;0;0;1;0
-*instagiiu;0;0;0;0;0;1;0;0;0
-*sylvainmento7;0;0;0;0;0;0;1;0;0
-*rebeccasantoscahill;0;1;0;0;0;0;0;0;0
-*jeremydefriend;0;0;0;0;0;0;0;1;0
-*plan_kid;0;0;0;0;0;1;2;0;0
-*natchy5g;0;0;0;0;0;0;0;1;0
-*mr_giovix;0;0;0;0;0;1;0;0;0
-*dragonne_35;0;0;0;0;0;1;0;0;0
-*manonfresard;0;0;0;0;0;1;0;0;0
-*blanchecheblan;0;0;0;0;0;1;0;1;0
-*algevullioud;0;0;0;0;0;0;0;1;0
-*sylvie_bes;0;0;0;0;0;1;0;0;0
-*veracannelle;0;0;0;0;0;2;0;1;1
-*bee_peps;0;0;0;0;0;4;0;0;0
-*fortuna_laurallee;0;0;0;1;0;4;0;1;0
-*edumesso;0;0;0;0;0;1;0;0;0
-*medhi_nery;0;0;0;0;0;0;0;1;0
-*cathy_luna_d;0;0;0;0;0;0;0;1;0
-*moussascbn;0;0;0;0;0;0;0;1;0
-*fredivertherapeute;0;0;0;0;0;0;0;1;0
-*vodoc_xeno;0;0;0;0;0;1;0;0;0
-*gabriel_hantwurcel;0;0;0;0;0;0;0;1;0
-*dilailu;0;0;0;0;0;0;0;1;0
-*manouchka_z;0;0;0;0;0;0;0;1;0
-*mi_chele_22;1;0;0;0;0;1;0;1;1
-*ericsxm_1982;0;0;0;0;0;0;0;0;0
-*virginiechassat_;0;0;0;0;0;1;0;0;0
-*sophiesfve;0;0;0;0;0;0;0;1;1
-*alex_schlatter;0;0;0;0;0;1;0;1;0
-*amortmk;0;0;0;0;0;0;0;1;0
-*carlotta___gp_h;0;0;0;0;0;0;1;0;0
-*noeliaclerc;0;0;0;0;0;0;0;1;0
-*edi_nvg;0;0;0;0;0;0;0;1;0
-*elanv_v;0;1;0;0;0;0;0;0;0
-*marion_656;0;0;0;0;0;0;0;1;0
-*epif_s;0;0;0;0;0;0;0;1;0
-*del_ine_08;0;0;0;0;0;1;0;0;0
-*guigui_acelerra_malamen;0;1;0;0;0;0;0;0;0
-*artmartin_ch;0;0;0;0;0;0;0;1;0
-*aureliemel;0;0;0;0;0;1;0;1;0
-*giboin_gan;0;0;0;0;0;1;0;3;0
-*virginie_kdo;0;0;0;0;0;0;0;1;0
-*gogogeiger;0;0;0;0;0;0;0;1;0
-*daless94;0;0;0;0;0;0;1;0;0
*i_0405;1;3;1;0;0;3;6;3;5
*postLikes_8800;1;3;1;0;0;3;6;3;5
-*pauletjohanna;0;0;0;0;0;0;0;0;0
-*n_i_t_i__;0;1;0;0;0;0;0;0;0
-*naturculturlich;0;0;0;0;0;1;0;0;0
-*kokoabdo88;0;0;0;0;0;0;0;0;1
-*raf4el_ch;0;0;0;0;0;0;0;0;1
-*g4briel_g2;0;0;1;0;0;0;0;0;0
-*greg_stso;0;0;0;0;0;0;0;0;1
-*nicolas10_95_;0;0;0;0;0;0;0;1;0
*i_0406;1;1;0;0;0;2;1;1;0
-*vicente_eduardo_balog;1;0;0;0;0;0;0;0;0
-*gavial12;0;0;0;0;0;0;1;0;0
-*thierry_a_g;0;0;0;0;0;1;0;0;0
*i_0407;3;29;4;0;2;200;38;38;44
*postComments_353;3;29;4;0;2;200;38;38;44
*postReposts_127;3;29;4;0;2;200;38;38;44
*commentLikes_1,313;0;0;0;0;0;1;0;0;0
-*romedca;0;0;0;0;0;2;0;0;0
-*1dorota4;0;0;1;0;0;0;0;0;0
-*valerie_besson;0;0;0;0;0;1;0;0;0
-*olistone;0;0;0;0;0;0;0;0;1
-*romzbeul;0;0;0;0;0;1;3;1;0
-*sarah_elody_;0;0;0;0;0;0;0;1;0
-*justem_powered;0;0;0;0;0;4;0;2;0
-*sofy_pinkyy;0;0;0;0;0;0;1;0;0
-*jenny_en_vadrouille;0;1;0;0;0;3;0;0;0
*commentLikes_200;0;0;0;0;0;0;1;1;0
-*tim_schers;0;1;0;0;0;0;0;0;0
-*le_dragon_de_pandora;0;0;0;0;0;1;0;0;0
-*mrsadeline;0;0;0;0;0;6;3;2;0
-*g4spardsavoureux;0;0;0;0;0;1;0;0;0
*commentLikes_467;0;0;0;0;0;0;0;1;0
-*chalumeaumatheo;0;0;0;0;0;1;2;1;1
-*jana_s_world;0;0;0;0;0;1;0;2;1
-*alexandra__sa__;0;0;0;0;0;2;0;0;3
-*amira_sengan;0;0;0;0;0;1;0;0;0
-*laurencetavolibapst;0;0;0;0;0;0;0;0;1
-*lorecnd;0;0;0;0;0;1;0;0;0
-*guillaumelefebvre;0;0;0;0;0;1;0;0;0
-*loki_le_boubou;0;0;0;0;0;1;0;0;0
*commentLikes_740;0;0;0;0;0;2;0;0;0
-*la_banane_psy;0;0;0;0;0;4;0;0;2
-*divers_gens;0;0;0;0;0;3;0;1;0
-*destefanoshirley;0;0;0;0;0;3;0;0;0
-*evans_bdr;0;0;0;0;0;1;0;0;0
-*dia_sanaa;0;0;0;0;0;1;0;0;0
-*mariannesidler1;0;1;0;0;0;0;0;0;0
-*kbaerandtribe;0;0;0;0;0;1;0;0;0
-*allyn_morel_10;0;0;0;0;0;1;0;0;0
-*lapaceeverde;0;1;0;0;0;0;0;0;0
-*_leah6_;0;0;0;0;0;1;0;0;0
-*johannariand89;0;0;0;0;0;2;0;0;0
-*arielle_gachet;0;0;0;0;0;1;0;0;0
-*romain__dc;0;0;0;0;0;1;0;0;0
-*sandralepori;0;0;0;0;0;1;0;0;0
-*dln_o237;0;0;0;0;0;1;0;0;1
-*tricia_mas;0;1;0;0;0;0;0;0;0
-*___solarboy___;0;0;0;0;0;1;0;0;0
-*val_8_28_9;0;0;0;0;0;1;0;1;0
-*chris_aebischer;0;0;0;0;0;1;0;0;0
-*annelisegejui;0;0;0;0;0;0;0;1;0
-*manelbenabdallah_zayani;0;0;0;0;0;2;0;0;0
-*thesevenhills;0;0;0;0;0;0;0;1;0
-*justine_ruffieux;0;0;1;0;0;0;0;0;0
-*samkrbzz;0;0;0;0;0;1;1;0;0
-*khalil_moha_95;0;0;0;0;0;0;0;0;1
-*_cind_s;0;1;0;0;0;1;0;0;0
-*murielle_g01;0;1;0;0;0;0;0;0;0
-*liana_0108;0;1;0;0;0;0;0;0;0
-*quinette63;0;0;0;0;0;1;0;0;0
-*jenn_2599;0;0;0;0;0;2;0;0;0
-*sandralottirumo;0;0;0;0;0;1;0;0;0
-*amandine_hashani;0;0;0;0;0;0;0;1;0
-*amandinelangel;0;0;0;0;0;1;0;0;0
-*skppd;0;0;0;0;0;0;1;0;0
-*samirjalaly1010;0;0;0;0;0;1;0;0;0
-*dutalus;0;0;0;0;0;0;1;0;0
-*lolo_gabrielle;0;0;0;0;0;1;0;0;0
-*sophielesbonstuyaux;0;0;0;0;0;1;0;1;0
-*floriane_web_family;0;0;0;0;0;0;0;0;1
-*shaa_im;1;0;0;0;0;1;0;0;0
-*elsa_mgy09;0;0;0;0;0;1;0;0;0
-*_le_mephistopheles;0;0;0;0;0;0;0;1;0
-*sa_03_20__;0;0;0;0;0;1;0;0;0
-*felix_weber;0;0;0;0;0;1;0;0;0
-*jennifergiddey;0;0;0;0;1;0;0;0;0
*i_0408;0;0;0;0;0;2;0;0;0
*i_0409;1;1;0;1;0;11;13;3;27
*postDate_11-11-2025;66;32;54;1;0;203;93;172;138
-*catiavanessafreitas;1;0;0;0;0;0;0;0;3
-*fouinettelou;0;0;0;1;0;2;4;0;6
-*laura_dprx;0;0;0;0;0;1;0;0;0
-*dkfma_eyam;0;0;0;0;0;1;1;0;1
-*pierrekeller;0;0;0;0;0;0;0;0;2
-*steviewondeur;0;0;0;0;0;0;1;0;0
-*andreadelpras83;0;0;0;0;0;1;0;0;4
*i_0410;1;0;0;0;0;0;1;0;0
-*augustinbussac_herpingphoto;0;0;0;0;0;0;1;0;0
-*farino_ch;1;0;0;0;0;0;0;0;0
*i_0411;1;0;1;0;0;3;2;0;2
-*tetee_sereine_belle_croissance;0;0;0;0;0;1;1;0;0
-*infuzia_ch;1;0;0;0;0;0;0;0;0
-*salty_chloe;0;0;0;0;0;1;0;0;0
-*gyl_moon;0;0;0;0;0;0;0;0;1
*i_0412;0;9;0;0;0;10;7;42;22
-*valero_sp;0;1;0;0;0;0;0;1;0
-*oberkvlt;0;0;0;0;0;0;1;0;0
-*montchristiane;1;0;0;0;0;0;0;1;0
-*sach_the_zimmi;0;0;0;0;0;0;0;1;0
-*mathysdhs;0;0;0;0;0;0;0;1;0
-*aucoeurducrochet;0;0;0;0;0;0;0;1;0
-*greg_goumaz;0;0;0;0;0;0;0;1;0
-*theogau8;0;0;0;0;0;0;0;1;0
-*marco_s2k;0;0;0;0;0;0;0;1;0
-*sgcdm;0;1;0;0;0;0;1;0;0
-*p_hooortus;0;0;0;0;0;0;0;1;0
-*pascalk74;0;2;0;0;0;0;0;0;0
-*theyluvamaya__;0;0;0;0;0;0;0;1;0
-*polobwt;0;0;0;0;0;0;0;1;0
-*gmgsuperg;0;0;0;0;0;0;0;0;1
-*mad_k_9;0;1;0;0;0;0;0;0;0
-*lesliequayz;0;1;0;0;0;0;0;0;0
-*xxjoe_bxx;0;0;0;0;0;0;0;1;0
*i_0413;2;11;49;0;0;76;35;62;14
*postComments_354;2;11;49;0;0;76;35;62;14
-*ruiz_anna;1;0;0;0;0;0;0;0;0
-*riennadir;0;1;2;0;0;3;0;0;0
-*f_rbbbb;0;0;0;0;0;0;0;0;0
-*karlito_el_chico;0;0;0;0;0;2;0;0;0
-*ant_vdl;0;0;0;0;0;0;0;1;0
-*simon_bielmann;0;0;0;0;0;1;0;0;0
*commentLikes_472;0;1;0;0;0;0;0;0;0
-*vonlanthencedric99;0;0;0;0;0;0;0;0;0
-*7_232323;0;0;1;0;0;1;1;0;0
-*daxetdirklab;0;0;0;0;0;0;1;0;0
-*bessa_k44;0;0;0;0;0;0;0;1;0
-*oleg_mkx;0;0;1;0;0;1;0;0;0
-*raf_12o5;0;0;1;0;0;0;0;1;0
-*___bnynr;0;0;0;0;0;0;1;0;0
-*jerxm_goth;0;0;0;0;0;0;0;1;0
-*fr4n6__;0;0;1;0;0;0;0;1;0
-*victory734624;0;0;0;0;0;0;0;1;0
-*vincentctrz;0;0;1;0;0;0;1;0;0
-*jean_michel_basquia;0;0;0;0;0;1;0;0;0
-*444boyyyy;0;0;1;0;0;0;0;0;0
-*noe_gottraux;0;0;0;0;0;0;0;1;0
-*kyllian_maire;0;0;0;0;0;1;0;1;0
-*gregijacks;0;0;0;0;0;1;0;0;0
-*whoslauranne;0;0;0;0;0;0;1;1;1
-*leleagris2024;0;0;0;0;0;1;0;0;0
-*lulastrale;0;0;0;0;0;0;1;0;0
-*melov_87;0;0;0;0;0;1;0;0;0
-*elzamadaleno;0;0;0;0;0;1;0;0;0
*i_0414;3;5;1;0;0;32;12;20;35
-*boykaboi;0;0;0;0;0;0;0;1;0
-*nat_pera;0;0;0;0;0;1;0;2;0
-*chrlott;0;0;0;0;0;0;1;0;0
-*2mains82;0;0;0;0;0;0;0;1;1
-*m_pucci_peinture;0;0;1;0;0;0;2;0;1
-*cat_deuria;0;0;0;0;0;0;0;1;1
-*sugusmagus;0;0;0;0;0;0;0;1;0
*i_0415;54;1;0;0;0;5;0;4;0
-*og__boubs29;1;0;0;0;0;0;0;0;0
-*rojo_nk;0;0;0;0;0;0;0;0;0
-*gayson_art;1;0;0;0;0;0;0;0;0
*commentLikes_237;1;0;0;0;0;0;0;0;0
-*mouhamed_obs667;1;0;0;0;0;0;0;0;0
-*seny_traore__10;1;0;0;0;0;0;0;0;0
-*bounene_32;1;0;0;0;0;0;0;0;0
-*elhaje_fall221;1;0;0;0;0;0;0;0;0
-*mansourgueye903;1;0;0;0;0;0;0;0;0
-*mamebayekebe;1;0;0;0;0;0;0;0;0
-*khodarsankariste;1;0;0;0;0;0;0;0;0
-*born_under_saturn;1;0;0;0;0;0;0;0;0
-*sanedeze82;1;0;0;0;0;0;0;0;0
-*p_m_b8;1;0;0;0;0;0;0;0;0
-*collectiondavidhbrolliet;1;0;0;0;0;0;0;0;0
-*th_zer;0;0;0;0;0;0;0;0;0
-*pogalsen221;1;0;0;0;0;0;0;0;0
-*its_maclever;1;0;0;0;0;0;0;0;0
-*serigne_ndiiaye;1;0;0;0;0;0;0;0;0
-*badou5010;2;0;0;0;0;0;0;0;0
-*mboyozer_leuh;1;0;0;0;0;0;0;0;0
-*boubs_cisko_4kt;1;0;0;0;0;0;0;0;0
-*87_ghost;1;0;0;0;0;0;0;0;0
-*s3negalaise221;0;1;0;0;0;0;0;0;0
-*blackm0j0;0;0;0;0;0;1;0;0;0
-*_layeo;0;0;0;0;0;0;0;1;0
-*bouba_6650;1;0;0;0;0;0;0;0;0
-*racine7255;2;0;0;0;0;0;0;0;0
-*djiz_carter;1;0;0;0;0;0;0;0;0
-*vincenzo_log;1;0;0;0;0;0;0;0;0
-*cristallaye;0;0;0;0;0;0;0;0;0
-*salif_jonathan_off;1;0;0;0;0;0;0;0;0
-*ousma_ne228;1;0;0;0;0;0;0;0;0
-*kuluubay;0;0;0;0;0;0;0;0;0
-*youssou_013;1;0;0;0;0;0;0;0;0
-*ansermetjeanbaptiste;1;0;0;0;0;0;0;0;0
-*washington15wax;0;0;0;0;0;0;0;0;0
-*khalifa_692z;1;0;0;0;0;0;0;0;0
-*__ibrahima_gueye_45__;1;0;0;0;0;0;0;0;0
-*linoushak;1;0;0;0;0;0;0;1;0
-*baye_mor_telephone;1;0;0;0;0;0;0;0;0
-*bracknjaga;0;0;0;0;0;0;0;1;0
-*1kingmor;0;0;0;0;0;0;0;0;0
-*ousseynoufatigaye;1;0;0;0;0;0;0;0;0
-*funky_in_bo;1;0;0;0;0;0;0;0;0
-*julessene_;1;0;0;0;0;0;0;0;0
-*kolibadiaby;1;0;0;0;0;0;0;0;0
-*darkmind_xx667;1;0;0;0;0;0;0;0;0
-*moussa_gueye;0;0;0;0;0;1;0;0;0
-*defmilka;1;0;0;0;0;0;0;0;0
-*weezy9642;1;0;0;0;0;0;0;0;0
-*koso_darou;1;0;0;0;0;0;0;0;0
-*momo_ndiaye21;1;0;0;0;0;0;0;0;0
-*laurent___gomis;0;0;0;0;0;0;0;0;0
-*2vibes_lamzo;1;0;0;0;0;0;0;0;0
-*youssou3114;1;0;0;0;0;0;0;0;0
-*nldiene;0;0;0;0;0;0;0;0;0
-*amzo___07;0;0;0;0;0;1;0;0;0
-*yorondiaye212;1;0;0;0;0;0;0;0;0
-*go_mec_chill;1;0;0;0;0;0;0;0;0
-*kheusha_csk;1;0;0;0;0;0;0;0;0
-*graziella9728;1;0;0;0;0;0;0;0;0
-*mmmouhamed23;1;0;0;0;0;0;0;0;0
-*ssk__93;1;0;0;0;0;0;0;0;0
-*simul_f1;1;0;0;0;0;0;0;0;0
-*dymax_nd10;1;0;0;0;0;0;0;0;0
-*chilopascale;1;0;0;0;0;0;0;0;0
*i_0416;0;1;0;0;0;30;9;35;36
-*ibraim_shqipe;0;0;0;0;0;2;1;1;0
-*savagedollll;0;0;0;0;0;0;0;4;0
-*clem_cb008;0;0;0;0;0;0;0;3;2
-*moiraa09;0;0;0;0;0;0;0;1;0
-*olarteyeniffer;0;0;0;0;0;0;0;0;1
-*maudetalon;0;0;0;0;0;0;0;1;0
-*lebojo_;0;0;0;0;0;0;1;0;0
-*albanr1m;0;0;0;0;0;1;0;0;0
-*justina1321;0;0;0;0;0;0;0;0;1
-*anajoyeux;0;0;0;0;0;1;0;0;1
-*chiarettimc;0;0;0;0;0;0;0;0;0
-*anthi_markoulidaki;0;0;0;0;0;0;0;1;3
-*xo_katelina;0;0;0;0;0;0;0;0;1
-*jackylo85;0;0;0;0;0;0;0;0;1
-*fred_phatbeat;0;0;0;0;0;1;0;1;0
-*marquinnhos_pjl;0;0;0;0;0;0;0;0;0
-*tout_un_monde;0;0;0;0;0;0;0;1;0
-*the_ginkgosvan;0;0;0;0;0;1;0;0;0
-*monymer28;0;0;0;0;0;0;0;0;1
-*thibaud_mrt08;0;0;0;0;0;3;0;0;0
-*steph_time;0;0;0;0;0;0;1;0;0
-*limejessie;0;0;0;0;0;2;1;3;0
-*stephanie_debossens;0;0;0;0;0;0;1;0;0
-*jetamir__;0;0;0;0;0;1;0;0;0
*i_0417;1;4;0;0;0;2;0;3;1
*postReposts_35;1;4;0;0;0;2;0;3;1
-*chantalfavre99;0;1;0;0;0;0;0;0;0
*i_0418;3;0;3;0;0;34;14;1;1
-*carmenlemmouchi;0;0;0;0;0;1;0;0;0
-*xen_o_max;0;0;0;0;0;1;0;0;0
-*isabelleleynabachoner;0;0;0;0;0;1;1;0;0
-*__eva__natalia__;0;0;1;0;0;0;0;0;0
-*metamorphose_emotionnelle;0;0;0;0;0;2;1;0;0
-*alma_brooklyn79;1;0;0;0;0;0;0;0;0
-*soliskiss;1;0;0;0;0;0;0;0;0
*i_0419;0;0;0;0;0;0;0;2;0
*i_0420;6;13;8;2;0;58;125;10;13
*postComments_306;6;13;8;2;0;58;125;10;13
*postDate_12-11-2025;19;84;35;13;51;395;270;124;70
-*dylanurbanmayor;0;1;1;0;0;0;0;0;1
-*pierrev_595;0;0;0;0;0;0;1;0;0
-*eydanlucas;0;0;0;0;0;0;1;0;0
-*tomas_avf;0;0;0;0;0;0;4;0;0
-*papismgs_;0;0;0;0;0;0;1;0;0
-*gil_dlb;0;0;0;0;0;0;1;0;0
-*svetlana_travlosky837;0;0;0;0;0;1;0;0;0
-*luciasilva_hennia;0;0;0;0;0;0;1;1;0
-*david_clerc2;0;0;0;0;0;1;0;0;0
-*freeworld_j;0;0;0;0;0;0;1;0;0
-*louisphilipona;0;0;0;0;0;0;1;0;0
-*ferri2388;1;0;0;0;0;0;0;0;0
-*savoury_m_s_g;0;0;0;0;0;1;1;0;0
-*vivien_tres_peu__divin;0;0;0;0;0;0;1;0;0
-*kaasfour;0;0;0;0;0;1;0;0;0
-*xapp_m;0;0;0;0;0;0;1;0;0
-*romainprive;0;0;0;0;0;0;1;0;0
-*romain_chaouat;0;1;0;0;0;0;0;0;0
*i_0421;0;0;0;0;0;1;1;1;0
-*tapsynutritionniste;1;0;0;0;0;0;0;0;0
*i_0422;2;0;0;0;0;0;0;0;0
*i_0423;2;19;0;0;0;4;12;4;16
-*cleyamaededois;1;0;0;0;0;0;0;0;0
-*thomas_pai;0;0;0;0;0;0;1;0;0
-*sly__moraes;0;0;0;0;0;0;0;0;0
-*iwasaki_in_bern;0;0;0;0;0;0;0;0;0
-*alain___mg___;0;0;0;0;0;0;0;0;1
-*whocuplikethis;0;0;0;0;0;1;0;0;0
-*abeillevert1;1;0;0;0;0;0;0;0;0
-*grandchampfanny;0;1;0;0;0;0;0;0;0
-*magda_tuid;0;0;0;0;0;0;0;0;1
-*icekimup;0;1;0;0;0;0;0;0;0
*i_0424;0;4;1;0;0;9;29;6;0
-*karel_jgg;0;0;0;0;0;1;1;0;0
-*patricearrandel;0;0;0;0;0;0;1;0;0
-*favre531;0;0;0;0;0;0;0;1;0
-*joellemichaud8441;0;1;0;0;0;0;1;0;0
-*chouchon4;0;0;0;0;0;0;1;0;0
-*lesartsenscenes;0;0;0;0;0;0;1;0;0
-*morelcl43;0;0;0;0;0;1;0;0;0
-*paannen;0;0;0;0;0;0;1;1;0
*i_0425;1;5;0;0;0;3;1;0;3
*postLikes_24300;1;5;0;0;0;3;1;0;3
*postReposts_107;1;6;1;0;0;80;34;28;4
-*narcissikat;0;0;0;0;0;1;0;0;0
-*jay_dpc_;0;0;0;0;0;1;0;0;0
-*thekfamilylife;0;1;0;0;0;0;0;0;0
-*kaskarolas;0;1;0;0;0;0;0;0;0
-*qq_la_pralin;0;0;0;0;0;0;0;0;1
-*delphine_mamie;0;1;0;0;0;0;0;0;0
*i_0426;2;3;0;7;0;41;17;20;23
-*queenbollywood;0;0;0;0;0;0;0;1;0
-*hell_mexicano;0;0;0;0;0;0;0;0;1
-*giuliadabala;0;0;0;0;0;0;0;1;0
-*nolitokz;0;0;0;0;0;0;0;1;0
-*un_journal_du_nord;0;0;0;0;0;0;1;0;0
-*gobet_jonathan;0;0;0;0;0;1;0;0;1
-*uneheure5;0;0;0;0;0;0;0;1;0
-*francoisayer;0;0;0;0;0;0;0;0;1
-*mylene_tbd;0;1;0;0;0;0;0;0;0
*i_0427;1;1;0;0;0;0;0;1;0
-*lucky_man1989;0;0;0;0;0;0;0;1;0
-*kokijaz_g;0;1;0;0;0;0;0;0;0
*i_0428;3;17;4;2;1;245;57;61;7
*postComments_412;3;17;4;2;1;245;57;61;7
*commentLikes_431;0;0;0;0;0;1;0;0;0
-*ilyesdaoud;0;0;0;0;0;3;0;0;0
-*ataf__88;0;0;0;0;0;2;0;0;0
-*degis18;0;1;0;0;0;2;1;1;0
-*elo_cara;0;0;0;0;0;0;0;1;0
-*ka_htrmn;0;0;0;0;0;4;1;1;0
-*pepino_fly;0;0;0;0;0;3;1;0;0
-*__aezerty__;0;0;0;0;0;2;0;0;0
*commentLikes_374;0;0;0;0;0;2;0;2;0
-*benjicab;0;2;0;0;0;12;2;0;0
-*sana_r_;0;0;0;0;0;0;0;1;0
-*psykhe_aletheia;0;0;0;0;0;1;0;0;0
-*seven_thilde;0;0;0;0;0;3;2;1;0
-*amelya_martinez_medium;0;0;0;0;0;3;0;2;0
-*lmf97_2;0;0;0;0;0;1;0;0;0
-*adrien_aeschmann;0;0;0;0;0;1;0;0;0
-*ali_mnn1;0;0;0;0;0;1;0;0;0
-*brinx_mz;0;1;0;0;0;2;0;0;0
-*gedeonbokelo;0;0;0;0;0;2;0;0;0
-*_itzkailu_;0;1;0;0;0;0;0;0;0
-*ruffieux_2;0;0;0;0;0;2;2;0;0
-*laraancraite;0;0;0;0;0;0;0;1;1
-*marion_waterfish;0;0;0;0;0;1;0;0;0
-*eliange___ange;0;0;1;0;0;1;0;0;0
-*aurelie_maret;0;0;0;0;0;2;0;0;0
-*v_7___2;0;1;0;0;0;0;0;0;0
-*clah_u;0;0;0;0;0;0;1;0;0
-*saskia_knbl;0;0;0;0;0;1;0;0;0
-*wioleta_hartmann;0;0;0;0;0;1;0;0;0
-*conceptiongomez;0;1;0;0;0;0;0;0;0
-*alliance_helvetique;0;0;0;0;0;3;0;2;0
-*jai_pas_sommeil;0;0;0;0;0;1;0;0;0
-*jacqueline_300968;0;0;0;0;0;0;0;1;0
-*manonbochud;0;0;0;0;0;3;0;0;0
-*brendan_broccard;0;0;0;0;0;1;0;0;0
-*laetitia_uz;0;0;0;0;0;0;1;0;0
-*_charlotte_levy;0;0;0;0;0;1;0;0;0
-*miss1403;0;0;0;0;0;1;0;1;0
-*bryan_cavin18;0;0;0;0;0;1;0;0;0
*i_0429;0;14;2;1;50;25;20;19;4
-*rana_bassil_;0;0;0;0;1;1;0;0;0
-*a_caterpillar_ate_my_chilli_;0;1;0;0;0;0;0;0;0
-*basile_massaly;0;0;0;0;1;0;0;1;0
-*un_clic_et_deco;0;0;0;0;0;0;0;0;0
-*titishka;0;0;0;0;0;0;0;2;0
-*akhy_bilou;0;0;0;0;0;0;0;1;0
-*india_daddonna;0;0;0;0;0;1;0;0;0
-*ni4sem;0;0;0;0;2;0;1;0;0
-*lp_strosta;0;1;0;0;0;1;2;0;0
-*un_nom_unique;0;0;0;0;0;0;1;0;0
-*para_rs3;0;0;0;0;0;1;0;1;0
-*chris_31h;0;0;0;0;0;0;1;0;0
-*morgane_papeaux_;0;0;0;0;0;0;2;0;0
*i_0430;1;6;1;0;0;2;1;1;1
-*micheleblanchard315;0;0;0;0;0;1;0;0;0
-*castula_laurinda;0;0;0;0;0;0;1;0;0
-*natouchk;0;0;0;0;0;0;0;0;0
-*alex_d9s;0;1;0;0;0;0;0;0;0
-*kappo_v;0;0;1;0;0;0;0;0;0
-*aalban_k;0;1;0;0;0;0;0;0;0
-*messinaalex_;0;1;0;0;0;0;0;0;0
*i_0431;1;2;19;1;0;7;7;1;2
-*bafoutoulenoir;0;0;2;0;0;1;0;0;0
-*defnotrebecca_;0;0;1;0;0;0;0;0;0
-*jeremy_jrd;0;0;1;0;0;0;0;0;0
-*peppa_en_effet;0;0;0;0;0;1;0;0;0
-*manu_m_96;0;1;0;0;0;0;0;1;0
-*de_rouvre;1;0;1;0;0;0;0;0;0
*i_0432;0;0;0;0;0;0;0;0;1
*i_0433;5;14;1;0;0;126;10;7;2
*postComments_156;5;14;1;0;0;126;10;7;2
*postDate_13-11-2025;57;100;55;24;23;251;147;57;43
-*magicfly_officiel;0;0;0;0;0;0;0;0;0
-*bubullebrina;0;0;0;0;0;2;0;0;0
-*culapopp;0;0;0;0;0;3;0;0;0
-*gangsteretgentleman;0;0;0;0;0;1;0;0;0
-*jeannebss;0;0;0;0;0;1;0;0;0
-*dame_shakti;0;0;0;0;0;13;3;6;1
-*wanderlust111213;0;0;0;0;0;1;0;0;0
*commentLikes_232;0;0;0;0;0;4;0;0;0
-*mariebovay;0;0;0;0;0;1;0;0;0
-*sumgodecrab;0;0;0;0;0;3;0;1;0
-*bvdr_tk;0;0;0;0;0;1;0;0;0
-*md__2207;0;0;0;0;0;0;0;0;0
-*luca_cortat;0;1;0;0;0;0;0;0;0
-*aurelienalexander;0;0;0;0;0;0;1;0;0
-*vsn_julien;0;0;0;0;0;3;0;0;0
-*liri_qufaj;0;0;1;0;0;1;0;0;0
-*grafalice08;0;0;0;0;0;1;0;0;0
-*tresormk01;0;0;0;0;0;1;0;0;0
-*mig_el013;0;0;0;0;0;0;0;0;0
-*janekwka;0;0;0;0;0;0;0;1;0
-*belamorfosis;0;1;0;0;0;0;0;0;0
-*cezgg_;1;0;0;0;0;0;0;0;0
-*guismo1707;0;1;0;0;0;0;0;0;0
-*kirkiwi;0;0;0;0;0;1;0;0;0
-*marcande_p;0;0;0;0;0;1;0;0;0
*i_0434;3;6;0;0;13;6;6;1;2
*postLikes_17600;3;6;0;0;13;6;6;1;2
*postReposts_377;3;6;0;0;13;6;6;1;2
-*derya_gul_deniz;0;0;0;0;0;0;0;0;1
-*tassuma1409;0;0;0;0;0;0;0;0;0
-*daysonm;0;0;0;0;0;0;1;0;0
-*loic_schertenleib_;0;0;0;0;0;1;0;0;0
-*adugedukw;0;0;0;0;0;0;0;0;0
-*yann_tenorio;0;0;0;0;1;0;0;0;0
-*sylvie_fasel_bis;0;0;0;0;0;1;0;0;0
-*charlottemowreen;0;1;0;0;0;0;0;0;0
*i_0435;2;9;1;0;0;4;8;1;0
-*nicky_lars;0;0;0;0;0;1;0;0;0
-*hothosiven;0;0;0;0;0;1;0;0;0
-*gremaudchristian;0;0;1;0;0;1;1;0;0
-*hailey_pagan;0;1;0;0;0;0;1;0;0
-*debraslouis;1;0;0;0;0;0;0;0;0
-*flaviop236;0;1;0;0;0;0;0;0;0
*i_0436;1;4;0;0;0;8;5;8;22
-*les_idees_de_mae;0;0;0;0;0;3;0;0;0
-*manon_lecitron;0;0;0;0;0;0;1;0;0
-*nastykof;0;0;0;0;0;0;0;0;4
-*raphiiizz;0;0;0;0;0;0;1;0;0
-*costaelisa2025;0;1;0;0;0;0;0;0;0
-*morganelisa_pedroletti;0;0;0;0;0;0;1;1;1
-*att_varajordisk;0;0;0;0;0;1;0;1;2
-*xooorachelooox;0;0;0;0;0;0;0;0;0
-*sarahjunibacken;0;0;0;0;0;0;0;0;1
-*beatrice_dr;0;0;0;0;0;0;0;1;0
-*gregaubert81;0;0;0;0;0;0;0;0;1
-*audii_muller;0;1;0;0;0;0;0;0;0
-*laurie_bachmann;0;0;0;0;0;0;0;1;1
-*tabitha_bassani;0;1;0;0;0;0;0;1;0
-*evinelvino;0;0;0;0;0;0;1;0;0
-*cathoune6856;0;1;0;0;0;0;0;0;0
-*berrutr;0;0;0;0;0;0;0;1;0
-*laurene_chatelain;1;0;0;0;0;0;0;0;0
*i_0437;2;2;0;0;0;0;1;0;0
-*alex_viquez;1;0;0;0;0;0;0;0;0
-*shalem_jpg;0;0;0;0;0;0;0;0;0
-*pekodjinn;0;1;0;0;0;0;0;0;0
-*selecta_burnout;0;0;0;0;0;0;1;0;0
-*thatcold_t;0;1;0;0;0;0;0;0;0
*i_0438;0;15;4;2;0;17;34;5;2
-*vi_k_2005;0;0;0;0;0;0;1;0;0
-*__a1899;0;1;0;0;0;0;0;0;0
-*melampsorella;0;0;0;0;0;0;1;0;0
-*dyl_lhnn;0;1;0;0;0;0;0;0;0
-*zimmerlimichele;0;1;0;0;0;0;0;0;0
-*blues__w;0;1;0;0;0;0;0;0;0
-*vinchipz;0;0;1;0;0;0;0;0;0
-*poubellerapide_v69;0;0;0;0;0;1;0;0;0
-*jorgemchd;0;0;0;0;0;0;1;0;0
-*jacquetkylie;0;0;0;0;0;1;0;0;0
*i_0439;2;1;1;21;1;15;32;5;2
-*crilibera;1;0;0;0;0;0;0;0;0
*commentLikes_183;0;0;0;0;0;0;1;0;0
-*emile_cor;0;1;0;0;0;0;0;0;0
-*willi888882;0;0;1;0;0;0;0;0;0
-*kaa_b0;0;0;0;1;0;0;0;0;0
-*vincent_hawkeyes;0;0;0;0;0;0;1;0;0
-*costamed_;0;0;0;0;0;0;0;0;0
-*gustavedawson17;0;0;0;1;0;1;0;0;0
-*lynda_naoun;1;0;0;0;0;0;0;0;0
*i_0440;0;0;0;0;0;1;0;3;0
-*brunomiguel_miranda_7;0;0;0;0;0;0;0;1;0
-*rubiiiiiiiik;0;0;0;0;0;1;0;0;0
*i_0441;0;2;2;0;0;2;1;1;0
-*nathan_parigot;0;0;1;0;0;0;0;0;0
-*nskills26_;0;0;0;0;0;0;1;0;0
*i_0442;3;2;0;0;0;20;4;0;0
-*angeliquestehli;0;0;0;0;0;0;0;0;0
-*carlita_weber83;1;0;0;0;0;0;0;0;0
*i_0443;7;0;0;0;0;3;1;0;0
-*al_oha431;1;0;0;0;0;0;0;0;0
-*lanfranchi_catherine;1;0;0;0;0;0;0;0;0
-*yulia_yegorova_gigon;1;0;0;0;0;0;0;0;0
-*sandal24;1;0;0;0;0;0;0;0;0
-*elena_restauration_d_art;1;0;0;0;0;0;0;0;0
*i_0444;3;8;44;1;7;41;34;14;3
*postReposts_573;3;8;44;1;7;41;34;14;3
-*yasmine_m1238;0;0;1;0;0;0;0;0;0
-*presutticristiana;0;0;0;0;0;0;0;1;0
-*tizianopinsonetizz;0;0;0;0;0;1;0;0;0
-*rafailvuka;0;0;0;0;0;0;0;0;0
*commentLikes_234;0;0;2;0;0;0;0;0;0
-*liliumsedunum;0;0;2;0;0;0;0;0;0
-*kimilifestyle;0;1;0;0;0;1;0;0;0
-*hannen1719;0;0;1;0;0;0;0;0;0
-*michel_977;0;0;0;0;1;0;0;1;0
-*ismetsabic74;0;0;1;0;0;0;0;0;0
-*rimdillyrian;0;0;0;0;0;0;0;0;0
-*arno_gva;0;0;0;0;1;0;0;0;0
-*1xaber7;0;1;0;0;0;0;0;0;0
-*faziled;0;0;1;0;0;0;0;0;0
-*catford_94;0;0;0;0;0;1;0;0;0
-*h_david228;0;0;0;0;0;0;1;0;0
-*aldina_k;0;1;2;0;0;0;0;0;0
-*ajla_kudu;0;0;1;0;0;0;0;0;0
*commentLikes_255;0;0;1;0;0;0;0;0;0
-*lenaig_hb;0;0;1;0;0;0;0;0;0
-*marie_simple_basic;0;0;0;0;0;0;1;0;0
-*nabil_bio30;0;0;1;0;0;0;0;0;0
-*chris_reveries;0;0;0;0;0;0;1;0;0
-*libido_sciendi7;0;0;0;0;0;0;0;1;0
-*khadraouisamy;0;0;0;0;0;0;1;0;0
-*lei_louchka;0;0;0;0;0;1;0;0;0
-*qweakers_fr;0;0;0;0;0;0;1;0;0
-*miriamshaqiri;0;0;0;0;0;1;0;0;0
-*karima_graham_;0;0;0;0;0;1;0;0;0
-*dar_al_manar;0;0;1;0;0;0;0;0;0
-*benjaminbilley777;0;0;0;0;0;0;0;1;0
-*mal_ayou;0;0;0;0;0;1;0;0;0
-*elfannen1;1;0;1;0;0;1;0;0;0
-*ossegorbaby_;1;0;0;0;0;0;0;0;0
-*youssleebouchif;0;0;0;0;0;1;0;0;0
-*alienvirus6;0;0;1;0;0;0;0;0;0
-*hiperaktivno_;2;0;0;0;0;0;0;0;0
-*amranif;0;0;0;0;0;2;0;0;0
-*mhidoozh;0;0;0;0;0;2;0;0;0
-*isabellecerfphoto;0;0;1;0;0;0;0;0;0
-*amon_diaky_civ;0;0;0;0;0;0;0;0;0
-*narjissehd;0;0;0;0;0;1;0;0;0
-*cynthia_alexandra_wider;0;0;0;0;0;1;0;0;0
-*gaudenciokarine;0;0;0;0;0;0;0;0;0
-*sabic_vernes;0;0;1;0;0;0;0;0;0
-*martinemontali;0;0;0;0;0;0;1;0;0
-*greenrent_ch;0;0;0;0;0;0;0;1;0
-*melchi_millenium;0;0;0;0;0;1;0;0;0
-*marionzok;0;0;1;0;0;0;1;0;0
-*liliem77;0;1;0;0;0;0;0;0;0
-*kekem_90;0;0;0;0;0;1;0;0;0
-*rickylarson;0;0;1;0;0;0;0;0;0
-*shalimaria;0;0;0;0;0;0;1;0;0
-*azdakk;0;0;0;0;0;0;0;1;0
-*vuite;0;0;0;0;0;0;1;0;0
-*scil_out;0;0;0;0;0;1;0;0;0
-*mikefpamphile;0;0;0;0;0;0;0;0;1
-*katia_livron;0;0;1;0;0;0;1;0;0
-*sarahdousse;0;0;0;0;0;0;1;0;0
-*nawal_ing;0;0;0;0;0;0;1;0;0
-*valeriepoussebni;0;0;1;0;0;4;0;0;0
-*sr_rockabilly;0;0;0;0;0;1;0;0;0
-*boniday972;0;1;0;0;0;0;0;0;0
-*cricridethoiry;0;0;0;0;0;0;0;0;0
-*meech_lfc;0;0;0;0;0;0;1;0;0
-*saimon3_236;0;0;1;0;0;0;0;0;0
-*_endy78;0;0;1;0;0;0;0;0;0
*i_0445;0;7;0;0;0;3;1;0;3
-*sweety__draw;0;0;0;0;0;0;0;0;1
-*zaalt71;0;1;0;0;0;0;0;0;0
-*kimbabygal;0;1;0;0;0;0;0;0;0
-*rr_fitwar;0;1;0;0;0;0;0;0;0
-*met01sgt;0;1;0;0;0;0;0;0;0
*i_0446;29;30;2;0;2;5;10;12;7
*postComments_206;29;30;2;0;2;5;10;12;7
*postReposts_418;29;30;2;0;2;5;10;12;7
-*sax_appeal_official;1;0;0;0;0;0;0;0;0
-*zak_bance_photography;1;0;0;0;0;0;0;0;0
-*wattevillemauricede;0;1;0;0;0;0;0;0;0
-*algumfelipe;0;0;1;0;0;0;0;0;0
-*mininamg48;0;1;0;0;0;0;0;0;0
-*amauryhorcholle;0;1;0;0;0;0;0;0;1
-*chris__rmr;0;2;0;0;0;0;0;0;0
-*cubatacigars;0;1;0;0;0;0;0;0;0
-*adelacolina;0;0;0;0;0;0;1;1;0
-*laurine_vuniq;0;0;0;0;0;0;0;1;0
-*normangulseren;0;0;0;0;0;0;0;1;1
-*mathieugarcia;0;0;0;0;0;1;0;0;0
-*germain_duchesne;0;0;0;0;0;0;1;0;0
-*robin_s005;0;0;0;0;0;0;1;0;0
-*naluapsycha;0;0;0;0;0;0;1;0;0
-*romain__nrt;1;0;0;0;0;0;0;0;0
-*187_off;0;1;0;0;0;0;0;0;0
-*dgaussen;0;1;0;0;0;0;0;0;0
-*edkv9044;0;1;0;0;0;0;0;0;0
-*shukria_sd;1;0;0;0;0;1;0;0;0
-*corse_jlr;0;0;0;0;0;0;0;0;1
-*tamara_lolski;0;0;0;0;0;0;0;0;0
-*henrilee108;1;0;0;0;0;0;0;0;0
-*duuulaaa;0;1;0;0;0;0;0;0;0
-*noura1705;1;0;0;0;0;0;0;0;0
-*steezy_kaz;0;0;0;0;0;0;0;1;0
-*le_combier;0;0;0;0;0;0;1;0;0
-*tracoalicia;1;0;0;0;0;0;0;0;0
-*cchhll_au;1;0;0;0;0;0;0;0;0
-*therobsontones;0;0;0;0;0;0;0;0;0
-*jorealini;1;0;0;0;0;0;0;0;0
-*taha2chen;0;0;0;0;0;0;0;1;0
-*daisyveron56;1;0;0;0;0;0;0;0;0
-*lilcutetiger;1;0;0;0;0;0;0;0;0
-*lenchanteur_2300;1;0;0;0;0;0;0;0;0
-*12ay12yer;1;0;0;0;0;0;0;0;0
-*actualrectangularbasilisk;0;1;0;0;0;0;0;0;0
-*elisabarth;1;0;0;0;0;0;0;0;0
-*boosterkev;0;0;0;0;0;0;0;1;0
-*martine_pache;0;0;0;0;0;0;1;0;0
-*cylia_voyage;0;0;0;0;0;0;0;1;0
-*adriana_segurola;1;0;0;0;0;0;0;0;0
-*aledjgeneve;1;0;0;0;0;0;0;0;0
-*steph_1740;0;0;0;0;0;1;0;0;0
*i_0447;5;7;18;2;0;32;20;20;6
*postLikes_11700;5;7;18;2;0;32;20;20;6
*postReposts_211;5;7;18;2;0;32;20;20;6
*postDate_14-11-2025;25;68;26;10;3;206;154;173;38
*commentLikes_244;0;0;0;0;0;1;0;0;0
-*luanslens;0;0;0;0;0;1;0;0;0
-*firas_elmr;0;0;1;0;0;0;0;0;0
-*rosekarsifi;0;0;1;0;0;0;0;0;0
-*gig_07;0;0;0;0;0;1;0;0;0
-*warrior_en_talons;0;0;0;0;0;0;0;0;0
-*l_prrt0;0;0;0;0;0;0;1;0;0
-*mohcine_ettazi;0;0;1;0;0;0;0;0;0
-*guytounetlespiedsplats;0;0;0;0;0;1;0;0;0
-*sandrillon_tralala;0;0;0;0;0;0;0;0;0
-*park_kyungzoo;1;0;0;0;0;0;0;0;0
*i_0448;0;0;0;0;0;0;2;0;1
*postLikes_923;0;0;0;0;0;0;2;0;1
*i_0449;6;12;4;1;0;45;32;36;8
*postComments_226;6;12;4;1;0;45;32;36;8
-*sativayiza;0;0;0;0;0;2;0;0;0
-*bounty_crow;0;0;0;0;0;2;3;0;1
-*alexandrefrankjan;0;0;0;0;0;0;0;1;0
-*van_essatracy;0;0;0;0;0;0;0;1;0
-*flo_lita90;0;0;0;0;0;0;0;1;0
*commentLikes_320;0;0;0;0;0;1;0;0;0
-*paris_by_chrissie;0;0;0;0;0;0;1;0;0
-*klypzik;1;2;0;0;0;0;0;0;0
-*nanouche70;0;0;0;0;0;0;1;0;0
-*brunner_paola;0;0;0;0;0;0;0;1;0
-*framboiseriders;0;0;0;0;0;0;0;1;0
-*yeyo_el_rasta_27;0;0;0;0;0;0;1;0;0
-*is_nadiia;0;0;0;0;0;0;0;1;0
-*ecilastz;0;0;0;0;0;0;0;1;0
-*kkdkay;0;0;0;0;0;1;0;0;0
-*katarina17zg;0;0;0;0;0;0;1;0;0
-*flamengoes215;1;0;0;0;0;0;0;0;0
*i_0450;3;10;1;3;0;25;19;14;10
-*667mickael;0;0;0;1;0;0;0;0;0
-*tomm_masson;0;0;0;0;0;0;0;1;0
-*elisabethpfenning;0;0;0;1;0;2;2;1;3
-*yxnn_m1chel;0;0;0;0;0;2;0;0;0
-*calamojoseph;0;0;0;0;0;0;1;0;0
-*anto_mre_74;0;1;0;0;0;0;0;0;0
-*chetniko_;0;0;0;0;0;0;0;0;0
-*m_dbe__;0;0;0;0;0;0;1;1;0
-*instant00;0;0;0;0;0;0;0;0;1
-*cleantech_prestige;0;0;0;0;0;1;0;0;0
-*celui_du_coin;0;0;0;0;0;0;0;1;0
*i_0451;1;3;0;0;0;0;1;0;3
-*angelo_almd;0;0;0;0;0;0;0;0;1
*i_0452;0;1;1;0;0;77;33;28;1
*postComments_249;0;1;1;0;0;77;33;28;1
-*camy_bom62;0;0;0;0;0;2;0;2;0
-*nathandkstr;0;0;0;0;0;2;0;1;0
-*andskyyyy;0;0;0;0;0;8;5;0;0
-*grvsso_12;0;0;0;0;0;1;0;0;0
-*_maabulle_;0;0;0;0;0;0;1;0;0
-*amidsify;0;0;0;0;0;0;0;1;0
-*cheuchanie;0;0;0;0;0;1;0;0;0
-*nat_loytanyt;0;0;0;0;0;1;0;0;0
-*kallymiaou;0;0;0;0;0;1;0;0;0
-*free__mover;0;0;0;0;0;0;1;0;0
-*annisageka;0;0;0;0;0;5;0;3;0
-*gioia_cola;0;0;0;0;0;1;0;0;0
-*sysymic_gva;0;0;0;0;0;1;1;0;0
-*alinegreniervillard;0;0;0;0;0;1;0;0;0
-*jeremyverschaeve;0;0;0;0;0;0;0;0;1
-*airzaggin971;0;0;0;0;0;1;0;0;0
-*delphine_ferrari_46;0;0;0;0;0;0;0;1;0
-*a_wolfdad;0;0;0;0;0;0;0;1;0
-*run_lady_gazelle;0;0;0;0;0;0;0;1;0
*i_0453;8;27;1;3;2;18;28;64;7
*postLikes_9900;8;27;1;3;2;18;28;64;7
*postComments_215;8;27;1;3;2;18;28;64;7
-*tek_life;0;0;0;0;0;0;1;0;0
-*lesdessousdecharlotte;0;0;0;0;0;0;0;1;0
-*djarielstyle14;0;1;0;0;0;0;1;0;0
-*luciano_lge;0;0;0;0;0;0;0;0;0
-*geoffrey_marclay;0;0;0;0;0;0;0;1;0
-*guignolu;0;0;0;1;0;0;0;0;0
-*henryleutwyler;0;1;0;0;0;0;0;0;0
-*davidchampion_11;0;0;0;0;0;1;0;0;0
-*meechkroabier;0;2;0;0;0;0;0;0;0
*commentLikes_407;0;0;0;0;0;0;0;1;0
-*yanickbuschi_;0;0;0;0;0;0;0;1;0
-*a_kouevi;0;0;0;0;0;0;0;1;0
-*irma_naturelover;0;0;0;0;0;1;0;0;0
-*markoasfrzaorj;0;1;0;0;0;0;0;0;0
-*r_javid98;0;0;0;0;0;0;1;0;0
-*hoodgui;1;0;0;0;0;0;0;0;0
-*sajo__ba;0;0;1;0;0;0;0;0;0
-*5gamarra5;0;1;0;0;0;0;0;0;0
-*jacquesantoinemartin;0;0;0;0;0;0;1;1;1
-*manuealmansa;0;0;0;0;0;0;0;3;1
-*_copito21_;0;0;0;0;0;0;1;0;0
-*maxime_dubus;0;0;0;0;0;0;0;0;1
-*miscioscia_antonio;0;0;0;0;0;0;0;1;0
-*marco27172;0;0;0;0;0;0;0;1;0
-*patricefourmont;0;0;0;0;1;1;0;0;0
-*francesca_zs_;0;0;0;0;0;0;0;0;1
-*demart61;0;0;0;0;0;0;0;1;0
-*fabgutk;0;0;0;0;0;0;0;1;0
-*stephsdboys;0;0;0;0;0;0;1;0;0
-*alex_dcld;0;0;0;0;0;0;1;0;0
-*ceciliacecilia4628;0;0;0;0;0;0;1;0;0
-*bollpas;0;0;0;0;0;1;0;0;0
-*evelyne_france_52;0;0;0;0;0;0;0;0;0
-*imenammar;0;0;0;0;0;0;0;1;0
-*walitas17;0;0;0;0;0;0;0;1;0
-*pi4infinity;0;0;0;0;0;0;0;1;0
-*lamyrth;0;0;0;0;0;0;0;2;0
-*me_vinsan;0;1;0;0;0;0;0;0;0
*i_0454;2;4;1;1;1;4;10;2;1
-*piratefinal;1;0;0;0;0;0;0;0;0
-*seelenitaa13;0;0;0;0;0;0;1;0;0
-*ni_k0;0;0;0;0;0;0;1;0;0
-*ankabatter;0;0;0;0;0;0;0;0;0
-*no_zej;0;0;0;0;0;0;0;0;1
-*rafartison;0;0;0;0;0;0;1;0;0
*i_0455;0;4;0;0;0;5;9;9;1
*i_0456;0;0;0;0;0;0;0;2;1
*postDate_15-11-2025;16;59;19;8;8;93;86;106;47
*i_0457;8;17;12;4;3;21;20;45;15
*postComments_186;8;17;12;4;3;21;20;45;15
-*alistairdavidson;0;0;0;0;0;0;1;0;0
-*signatureduregard;0;0;0;0;0;0;1;0;1
-*flotropico;0;0;0;0;0;0;0;1;0
-*niko_kvic;0;0;0;0;0;0;1;0;0
-*maltaesousa;0;0;0;0;0;0;1;0;0
-*azchoren;0;0;1;0;0;0;0;0;0
-*nvswissconsulting;0;0;0;0;0;0;0;2;0
-*felixzutta;0;0;0;0;0;0;0;1;0
-*karuza_shamisen;0;0;0;0;0;0;0;1;0
-*pernoudpatricia;1;0;0;0;0;0;0;0;0
-*doblekings;0;0;0;0;0;0;0;0;0
-*christianleduc12;0;0;0;1;0;0;0;1;0
-*veronike_swiss;0;0;0;0;0;0;1;1;0
-*ftiago03;0;0;0;0;0;2;0;0;0
-*belle_de_crecy;0;0;0;0;0;0;0;0;1
-*hashtagjonywashere;0;0;0;1;0;0;0;0;0
-*cymi25;0;0;0;0;0;0;0;1;0
*i_0458;0;8;0;1;2;12;6;5;5
*postComments_62;0;8;0;1;2;12;6;5;5
-*dams5776;0;0;0;0;0;0;1;0;0
-*cassie_vrgn;0;1;0;0;1;1;0;0;0
-*pauline_h29_;0;0;0;0;0;1;0;0;0
-*gisele_monitrice_aqua_coachfit;0;0;0;0;0;1;0;0;1
-*joeblack1401;0;1;0;0;0;0;0;0;0
-*anoukita;0;0;0;0;0;1;0;0;0
*i_0459;1;0;0;0;0;2;1;1;1
*i_0460;0;3;1;1;0;2;4;24;9
-*raquel_la_maison_des_5_lunes;0;0;0;0;0;0;0;4;0
-*liscamposdiaz;0;0;0;0;0;0;0;1;0
-*x_mxirx_x;0;0;0;0;0;0;0;1;0
-*lionel_nrd;0;0;0;1;0;0;0;0;1
-*philippeloertscher;0;0;0;0;0;0;0;1;0
-*adrien_farquet_;0;1;0;0;0;0;0;0;0
-*domaine_julien_guillon;0;0;0;0;0;0;2;0;0
-*bratheriediyerdza;0;0;0;0;0;0;0;1;0
*i_0461;0;2;0;0;0;1;0;0;3
-*cagdastemell;0;0;0;0;0;0;0;0;1
-*lorindatrx;0;1;0;0;0;0;0;0;0
*i_0462;0;2;1;0;0;1;2;5;5
-*yorickk4;0;0;0;0;0;0;0;0;1
-*piccolo_rs;0;0;0;0;0;0;0;0;0
*i_0463;2;16;4;2;2;43;40;18;8
*postComments_323;2;16;4;2;2;43;40;18;8
-*thierry_stark_;1;0;0;0;0;0;0;0;0
-*jrnorzielus;0;0;0;0;0;0;0;0;0
-*pascal_baihao;0;0;2;1;0;4;8;4;0
-*theonlyreggie1;0;0;0;0;0;1;1;0;1
-*rxmain_arn;0;0;0;0;0;0;0;1;0
-*fed_369;0;0;0;0;0;0;0;0;0
-*balthazar_bd;0;0;0;0;0;1;2;0;0
-*massimooscarcarbone;0;0;0;0;0;1;2;0;1
-*chrys_974_;0;0;0;0;0;1;0;0;0
-*nzr_b_l;0;0;0;0;0;3;3;0;1
-*anasylvania;0;0;0;0;0;0;0;0;0
-*eclats_etc;0;1;0;0;0;1;2;1;0
*commentDate_14-2-2026;0;0;0;0;0;1;0;0;0
-*hollybynight11;0;0;0;0;0;0;0;0;0
-*glla90stera;0;0;1;0;0;1;0;0;0
-*maretjulien;0;0;0;0;0;0;0;0;0
-*eddiete19;0;0;0;0;0;1;1;0;0
-*benoitdelaloye;0;0;0;0;0;0;0;0;0
-*neoschomburg;0;1;0;0;0;0;0;0;0
-*julsy82;0;0;0;0;1;0;0;1;0
-*lacremesoler;0;0;0;0;0;0;0;0;0
-*kyrika;0;0;0;0;0;0;0;0;0
-*akcarotte7_;0;0;0;0;0;0;0;0;1
-*remityesbeau;0;0;0;0;0;0;1;0;0
-*yoni_frn;0;0;0;0;0;0;1;0;0
-*jean_ba_p;0;0;0;0;0;0;0;0;0
-*franklin51281;0;0;0;0;0;1;0;0;0
-*tomgalichet;0;0;0;0;0;0;0;0;1
-*_mrllad;0;0;0;0;0;0;0;0;0
-*lucas_khac;0;0;0;0;0;0;0;2;0
-*smith_of_ardmore;0;0;0;0;0;0;0;0;0
*commentLikes_263;0;0;0;0;0;0;0;0;0
-*okaformidable;0;0;0;0;0;0;0;0;0
-*mr_mamadou_toure;0;1;0;0;0;0;0;0;0
-*marcopopov;0;1;0;0;0;0;0;0;0
-*ar_baa_;0;0;0;0;0;0;0;0;0
-*moumine74;0;0;0;0;0;1;0;0;0
-*arq_oce_paola;0;0;0;0;0;0;0;0;0
-*peronnetguillaume;0;1;0;1;0;0;0;0;0
*commentLikes_321;0;0;0;0;0;0;0;0;0
-*dakrapul;0;0;0;0;0;0;0;2;0
-*mvdp36;0;1;0;0;0;0;0;0;0
-*margot_leyderr;0;0;0;0;0;0;1;1;0
-*simsteler;0;0;0;0;0;0;0;0;0
-*valentin_meurisse;0;0;0;0;0;0;0;0;0
-*richiecrdvr;0;0;0;0;0;3;0;1;0
-*_anthony_frt;0;0;0;0;0;1;0;0;0
-*saindrinsandini;0;0;0;0;0;0;0;0;0
-*afdmcl;0;0;1;0;0;0;0;0;0
-*mathisgr0;0;0;0;0;0;0;0;0;0
-*pop_koch_n;0;0;0;0;0;2;0;0;0
-*sono50918;0;0;0;0;0;0;0;0;0
-*dlvega22;0;0;0;0;0;0;0;0;0
-*anaskargov;0;0;0;0;0;0;0;0;0
-*mat_esseiva;0;0;0;0;0;1;0;0;0
-*gabi_casa92;0;0;0;0;0;2;0;0;0
-*we_st76;0;0;0;0;0;0;0;0;0
-*luca_msrn;0;0;0;0;0;0;0;0;0
-*clems020202;0;0;0;0;0;0;0;0;0
-*alricpalazy;0;0;0;0;0;0;0;0;0
-*keylaam_lf;0;0;0;0;0;0;1;0;0
-*mvy_nk;0;0;0;0;0;0;0;0;0
-*net_surfer99;0;0;0;0;0;0;0;0;0
-*emmanuellopez6492;0;2;0;0;0;0;0;0;0
-*taxidri;0;1;0;0;0;0;0;0;0
-*thomxs_rxemy;0;0;0;0;0;0;1;0;0
-*flo_hgrt;0;0;0;0;0;0;0;0;0
-*le_globecoureur;0;0;0;0;0;1;0;0;0
-*leirbagm63_;0;0;0;0;0;0;0;1;0
-*supercookie163;0;0;0;0;0;0;0;0;0
-*floo_rrch;0;0;0;0;0;0;0;0;0
-*abdel_malikkk;0;0;0;0;0;0;0;0;0
-*floooww17;0;0;0;0;0;1;1;1;0
-*sofiane_lzr;0;0;0;0;0;0;0;0;1
-*bloody_carry;0;0;0;0;0;0;1;1;0
-*blackpanther3171;0;0;0;0;0;0;0;0;0
-*ryan_vrmt;0;0;0;0;0;0;0;0;0
-*assire10;0;0;0;0;0;0;0;0;0
-*justkemu;0;0;0;0;0;0;0;0;0
-*oluwafemiichola;0;0;0;0;0;0;0;0;0
-*__mvlxk;0;0;0;0;0;0;0;0;0
-*ogrmaxi;0;0;0;0;0;0;0;0;0
-*malnoubard;0;0;0;0;0;0;0;0;0
-*greg_your_guide;0;0;0;0;0;1;0;0;0
-*ro_lsfr;0;0;0;0;0;0;0;0;0
-*_mosei;0;0;0;0;0;0;0;0;0
-*guy__safari;0;0;0;0;0;0;0;0;0
-*charlochitta;0;0;0;0;0;1;0;0;0
-*vizionnaire;0;0;0;0;0;1;0;0;0
-*lucio38;0;0;0;0;0;0;0;0;0
-*jeje_rome_;0;0;0;0;0;0;1;0;0
-*louiszmann;0;0;0;0;0;0;0;0;0
-*flovuk;0;0;0;0;0;0;0;0;0
-*nicovou74;0;0;0;0;0;0;0;0;0
-*loulokilokille;0;0;0;0;0;0;0;0;0
-*nicogif;0;0;0;0;0;0;0;0;0
-*m4nchak;0;0;0;0;0;0;0;0;0
-*ananitipam;0;0;0;0;0;0;0;0;0
-*abeldeb7;0;0;0;0;0;0;0;0;0
-*r1goldrush;0;0;0;0;0;0;0;0;0
-*sandrine_yves;0;0;0;0;0;0;0;0;0
-*michaelmchenri;0;0;0;0;0;0;0;0;0
-*k_e_i_s_e_n_s_e_i;0;0;0;0;0;0;0;0;0
-*loic_le426;0;0;0;0;0;1;0;0;0
-*julien_ibrahim_;0;0;0;0;0;0;0;0;0
-*gaelduv;0;0;0;0;0;0;0;0;0
-*lmeuskadi;0;0;0;0;0;0;0;0;0
-*franck_moure;0;0;0;0;0;0;1;0;0
-*julienasinari;0;0;0;0;0;1;0;0;0
-*cedric_mandil;0;0;0;0;0;0;0;0;1
-*negus_tatu_59;0;0;0;0;0;0;1;0;0
-*yogne_lk;0;1;0;0;0;0;0;0;0
-*deucalionzoldig;0;0;0;0;0;1;0;0;0
-*pakhalil1405;0;0;0;0;0;0;0;0;0
-*rafael_lha;0;0;0;0;0;0;0;0;0
-*kylian__moreau;0;0;0;0;0;0;0;0;0
-*compli4tion;0;0;0;0;0;0;1;0;0
-*julien_b966;0;0;0;0;0;0;0;0;0
-*no_dreamshere;0;0;0;0;0;0;1;0;0
-*rezendeofellipe;1;0;0;0;0;0;0;0;0
-*simoncaron57;0;0;0;0;0;0;0;0;0
-*yvesmpt_18;0;0;0;0;0;0;0;0;0
-*ewencordier;0;0;0;0;0;0;0;0;0
-*matheoalves7;0;0;0;0;0;0;0;0;0
-*sebyb13;0;0;0;0;0;0;0;0;0
-*l_amaranthus;0;0;0;0;0;1;0;0;0
-*christophemeylan;0;0;0;0;0;0;0;1;0
-*stephane_breton;0;0;0;0;0;0;0;0;0
-*flavoursbybibi;0;0;0;0;0;0;0;0;0
-*dkonate_13;0;0;0;0;0;1;0;0;0
-*benchikhkhalid;0;0;0;0;0;0;0;0;0
-*ando964;0;0;0;0;0;0;0;0;0
-*samichouaya;0;0;0;0;0;0;0;0;0
-*blanc_coco_du_34;0;0;0;0;0;0;0;0;0
-*pigici;0;0;0;0;0;0;0;0;0
-*sellig602020;0;0;0;0;0;0;0;0;0
-*polo5385;0;0;0;0;0;0;0;0;0
-*amad7ba;0;0;0;0;0;0;0;0;0
-*football_undercover;0;0;0;0;0;0;0;0;0
-*ferrandesolivier;0;0;0;0;0;0;0;0;0
-*thomas_lefebvre_35;0;0;0;0;0;0;0;0;0
-*jeanphidurant2442;0;0;0;0;0;0;0;0;0
-*guillaumepavia;0;0;0;0;0;0;0;1;0
-*iniesteban9967;0;0;0;0;0;0;0;0;0
-*yoann2j;0;0;0;0;0;0;0;0;0
-*blaugrana317;0;1;0;0;0;0;0;0;0
-*chollux;0;0;0;0;0;0;0;0;0
-*cece_ski_97;0;0;0;0;0;0;0;0;0
-*ivanmicello;0;0;0;0;0;0;0;0;0
-*jean_m_1990;0;0;0;0;0;1;0;0;0
-*sndungindungi;0;0;0;0;0;1;0;0;0
-*joak_trist;0;0;0;0;0;0;0;0;0
-*stephan_c_k;0;1;0;0;0;0;0;0;0
-*_yago_777;0;1;0;0;0;0;0;0;0
-*kilian_canal;0;0;0;0;0;1;0;0;0
-*toine_9009;0;0;0;0;0;0;0;0;0
-*pantani68;0;0;0;0;0;0;0;0;0
-*mathis_1871;0;0;0;0;0;0;0;0;0
-*pierre__girard_;0;0;0;0;0;0;0;0;0
-*pilgrimndiaye;0;0;0;0;0;0;1;0;0
-*michy_the_fishy2;0;0;0;0;0;0;0;0;0
*i_0464;1;10;1;0;0;7;11;1;0
*postReposts_52;1;10;1;0;0;7;11;1;0
-*ly_belluleuh;0;0;0;0;0;0;1;0;0
-*georgychistov;0;0;0;0;0;1;0;0;0
-*_attimf__;0;0;0;0;0;0;2;0;0
-*balou_l_ancien;0;0;0;0;0;0;1;0;0
-*davidldofficial;0;0;0;0;0;0;1;0;0
-*saaami_sc;0;0;0;0;0;0;1;0;0
-*andy_cavoto;0;1;0;0;0;0;0;0;0
-*ketronome;0;1;0;0;0;0;0;0;0
*i_0465;4;1;0;0;1;4;2;5;0
-*naok_1023;1;0;0;0;0;0;0;0;0
-*laeder_r_;0;1;0;0;0;0;0;0;0
-*tazbazian;1;0;0;0;0;0;0;0;0
-*lon_sun19;0;0;0;0;0;0;0;0;0
-*kazimandazmat;0;0;0;0;0;0;1;0;0
-*__bebesita__20;1;0;0;0;0;0;0;0;0
-*eron_205;0;0;0;0;0;0;0;0;0
-*leonor_ahmeti06;0;0;0;0;0;1;0;0;0
-*luca_melkamu_;0;0;0;0;0;0;0;1;0
-*yai_f_m;1;0;0;0;0;0;0;0;0
*i_0466;8;3;0;1;1;14;8;21;3
*postReposts_305;8;3;0;1;1;14;8;21;3
*postDate_16-11-2025;43;11;1;1;1;55;27;27;8
-*afriska_ch;1;0;0;0;0;0;0;0;0
-*lbnutrition_ch;0;0;0;0;0;0;0;1;0
-*maialogossou;0;0;0;0;0;0;0;1;0
-*shkendije_emini;0;0;0;0;0;0;0;1;0
-*eddacha;0;0;0;0;0;0;1;0;0
-*oreka_nutrition;0;0;0;0;0;1;0;0;2
-*virgkoller;0;0;0;0;0;0;1;1;0
-*coraliedeleo;0;0;0;0;0;1;1;1;0
-*sophie_elanga;0;0;0;0;0;0;0;1;0
-*baalquiss;0;0;0;0;0;0;1;0;0
-*jss_zr;0;0;0;0;1;0;0;0;0
-*caro_caro_24;0;0;0;0;0;0;0;1;0
-*annelipinto;0;0;0;1;0;0;0;0;0
-*ra_b_z;1;0;0;0;0;0;0;0;0
-*lou_creations_deco;0;0;0;0;0;0;0;0;1
-*grainedesoi;0;0;0;0;0;1;0;0;0
-*aurelie_dubuis;1;0;0;0;0;0;0;0;0
-*garciamarylene;1;0;0;0;0;0;0;0;0
-*tiffclo;0;0;0;0;0;0;1;1;0
-*shawna_mnchi;0;1;0;0;0;0;0;0;0
-*mgrobagomes;1;0;0;0;0;0;0;0;0
-*courgette77;0;0;0;0;0;0;0;1;0
-*marins_deau_douce_portalban;0;0;0;0;0;1;1;0;0
-*manu_mousse;0;0;0;0;0;0;0;2;0
*i_0467;0;3;1;0;0;0;1;3;2
-*jackowheel;0;0;0;0;0;0;0;1;0
-*vafenix;0;0;1;0;0;0;0;0;0
-*celiajournals;0;0;0;0;0;0;0;1;0
*i_0468;14;1;0;0;0;17;1;0;1
*postLikes_11900;14;1;0;0;0;17;1;0;1
*postReposts_218;14;1;0;0;0;17;1;0;1
-*elnaz_nrr;1;0;0;0;0;0;0;0;0
-*sekafrika;0;0;0;0;0;1;0;0;0
-*elaine_r_girard30;0;0;0;0;0;1;0;0;0
-*renata_urzeda;1;0;0;0;0;0;0;0;0
-*telminha_indinha_suisse;1;0;0;0;0;0;0;0;1
-*ameresfraisesdesbois;0;0;0;0;0;1;0;0;0
-*_thatsmynickname;1;0;0;0;0;0;0;0;0
-*xlenitaxr;1;0;0;0;0;0;0;0;0
-*pirenne_tatiana;0;0;0;0;0;2;0;0;0
-*leliymenu;0;0;0;0;0;1;0;0;0
-*dominique_fabien_rimaz;0;0;0;0;0;1;0;0;0
-*heloisedllt_;1;0;0;0;0;0;0;0;0
-*carminatem;1;0;0;0;0;0;0;0;0
-*sandrinebhz;1;0;0;0;0;0;0;0;0
-*vin_2284;1;0;0;0;0;0;0;0;0
-*celine_celine_37;1;0;0;0;0;0;0;0;0
*i_0469;7;2;0;0;0;5;1;0;1
*postLikes_10200;7;2;0;0;0;5;1;0;1
*postReposts_100;7;2;0;0;0;5;1;0;1
-*jean_sandoz;0;0;0;0;0;1;0;0;0
-*friedrich_fernando;0;0;0;0;0;1;0;0;0
-*2dnowak;0;0;0;0;0;0;1;0;0
-*maxh2475;1;0;0;0;0;0;0;0;0
-*daniel_ycn;1;0;0;0;0;0;0;0;0
-*ceekay_1986;0;1;0;0;0;0;0;0;0
-*vy_izi;1;0;0;0;0;0;0;0;0
-*scrappy_d0o;0;0;0;0;0;1;0;0;0
*i_0470;1;1;0;0;0;4;3;0;0
-*bapt_glds;0;0;0;0;0;1;0;0;0
-*gosset_catherine;1;0;0;0;0;0;0;0;0
-*stephvnr;0;0;0;0;0;0;1;0;0
-*patoudeb;0;1;0;0;0;0;0;0;0
-*salvetatgerard;0;0;0;0;0;1;0;0;0
-*lavaguesuivantecinema;0;0;0;0;0;1;0;0;0
*i_0471;0;0;0;0;0;0;0;0;1
*i_0472;11;1;0;0;0;1;1;1;0
-*lucprados_;1;0;0;0;0;0;0;0;0
-*sabrina_cordeiro_bezerra;0;1;0;0;0;0;0;0;0
-*mitchman1977;0;0;0;0;0;0;1;0;0
-*not_so_sporty_moose;0;0;0;0;0;0;0;1;0
-*fabianestifani;1;0;0;0;0;0;0;0;0
-*calozclotilde;0;0;0;0;0;1;0;0;0
-*esvamara;1;0;0;0;0;0;0;0;0
-*vivicleamaia;1;0;0;0;0;0;0;0;0
-*thiago_bahea1981;1;0;0;0;0;0;0;0;0
*i_0473;1;0;0;0;0;0;0;0;0
-*moniquebertholletmontavon;1;0;0;0;0;0;0;0;0
*i_0474;1;0;0;0;0;0;0;0;0
*postLikes_845;1;0;0;0;0;0;0;0;0
*i_0475;0;0;0;0;0;14;12;2;0
-*nicole__1286;0;0;0;0;0;0;0;0;0
-*stephset_namur;0;0;0;0;0;1;0;0;0
*i_0476;1;7;0;1;0;10;6;6;50
*postComments_81;1;7;0;1;0;10;6;6;50
*postReposts_105;1;7;0;1;0;10;6;6;50
*postDate_17-11-2025;10;36;1;2;1;59;56;119;83
-*liardetc;0;1;0;0;0;0;0;0;0
-*vincent_c44;0;0;0;0;0;0;1;0;7
-*dydoug;0;0;0;0;0;1;0;2;3
-*sergiabeites;0;1;0;0;0;0;0;0;0
-*kyanpprisca;0;1;0;0;0;0;0;0;0
-*marivibejarano;0;0;0;0;0;0;0;0;1
-*micgyvr;0;0;0;0;0;0;0;0;2
-*le__6k;0;0;0;0;0;0;0;0;1
-*_ana_dlm;0;0;0;0;0;0;0;0;1
-*khadink;0;0;0;0;0;0;0;0;0
-*mikivgli;0;0;0;0;0;1;1;0;0
-*gg_colnem;0;1;0;0;0;0;0;0;0
-*_thomas_1869_;0;0;0;0;0;0;0;0;1
-*bembika;0;1;0;0;0;0;0;0;0
-*mixbydamien_;0;0;0;0;0;0;0;0;1
*i_0477;0;0;0;0;0;2;1;0;3
-*sandy_mouchantaf;0;0;0;0;0;1;0;0;0
*i_0478;1;5;0;1;0;17;10;5;14
*postReposts_230;1;5;0;1;0;17;10;5;14
-*dimitrikanel;0;0;0;0;0;0;1;0;0
-*faitespaschiermerci;0;0;0;0;0;1;0;0;0
-*maryeveeee;0;0;0;0;0;1;0;0;0
-*marousch;0;0;0;0;0;1;0;0;0
-*fredericheiniger;0;1;0;0;0;0;0;0;0
-*underleaf_sauvage;0;0;0;0;0;0;1;0;0
-*g__e__g__e___;0;0;0;0;0;0;0;1;4
-*commeunsushi;0;0;0;0;0;0;1;0;0
-*mazeevolution;0;0;0;0;0;0;1;0;0
*i_0479;0;2;0;0;1;1;1;11;1
-*ktgms;0;1;0;0;0;0;0;0;0
-*corsykat;0;0;0;0;0;0;0;2;0
-*davidbaoliveira;0;0;0;0;0;0;0;3;0
*i_0480;2;1;1;0;0;2;4;0;1
-*__sara__cristina__;1;0;0;0;0;0;0;0;0
*i_0481;0;0;0;0;0;0;1;0;0
*i_0483;1;14;0;0;0;15;24;95;2
-*belissiness;0;0;0;0;0;0;1;1;0
*commentLikes_504;0;0;0;0;0;0;0;1;0
-*fanny_sk4;0;0;0;0;0;0;0;1;0
-*gimly81;0;0;0;0;0;0;0;1;0
-*jvfamy;0;0;0;0;0;0;0;1;0
*commentLikes_355;0;0;0;0;0;0;0;1;0
-*slika_ch;0;0;0;0;0;0;0;1;0
-*lincoln_ge;0;1;0;0;0;1;0;0;0
-*paul_the_hooman;0;0;0;0;0;0;0;1;0
-*t0m_r3ds;0;0;0;0;0;0;1;0;1
-*gasorli;0;0;0;0;0;0;0;1;0
-*camille_subi26;0;0;0;0;0;0;0;2;0
-*suzanabojovic;0;0;0;0;0;1;0;0;0
-*frastacoquin;0;0;0;0;0;0;0;1;0
-*miletgusarov;0;0;0;0;0;0;0;1;0
-*_aaarmend;0;0;0;0;0;0;0;1;0
-*lmorel_menuiserie_ebenisterie;0;0;0;0;0;0;0;1;0
-*pez_de_la_luna;0;0;0;0;0;0;0;1;0
-*mathieubonvino_;0;0;0;0;0;1;0;0;0
-*mysca1923;0;0;0;0;0;0;0;1;0
-*laureen_mrgt;0;0;0;0;0;0;0;1;0
-*justamoongirl;0;1;0;0;0;0;0;0;0
-*wolff_real;0;0;0;0;0;0;1;0;0
-*sylv_1t1;0;1;0;0;0;0;0;0;0
-*phildius;0;0;0;0;0;0;0;1;0
-*taurusa888;0;0;0;0;0;0;0;2;0
-*martial381;0;0;0;0;0;0;0;1;0
-*ouicestelio;0;0;0;0;0;0;0;1;0
-*s_tevirp;0;0;0;0;0;0;0;1;0
-*nikolovski_vane;0;0;0;0;0;1;0;0;0
-*gab___1217;0;0;0;0;0;0;0;1;0
-*daniel_wjn;0;0;0;0;0;0;0;2;0
-*petit_oursons_2;0;0;0;0;0;0;1;0;0
-*beatricegonzalez;0;0;0;0;0;0;0;1;0
-*zypijpers;0;1;0;0;0;0;0;0;0
-*antonydagostino_;0;0;0;0;0;0;0;1;0
-*surzelie;0;0;0;0;0;1;0;0;0
-*miguellarriagadaa;0;1;0;0;0;0;0;0;0
*i_0484;2;5;0;0;0;4;1;0;7
-*cathysuisse;1;0;0;0;0;0;0;0;0
-*tropicspleen;0;0;0;0;0;1;0;0;0
-*caferestaurantdesvoyageursge;0;1;0;0;0;0;0;0;0
*i_0485;1;0;0;0;0;2;2;0;5
-*anlacx;0;0;0;0;0;0;0;0;0
-*matou_a_louest;0;0;0;0;0;0;0;0;1
-*yann_zhndr;0;0;0;0;0;0;0;0;1
-*sofuane;0;0;0;0;0;0;0;0;1
-*mwgehjukhss45;0;0;0;0;0;0;1;0;0
*i_0486;2;2;0;0;0;6;6;2;0
-*louiseannebouchard;1;0;0;0;0;0;0;0;0
*i_0487;6;18;4;3;0;269;63;89;7
*postComments_435;6;18;4;3;0;269;63;89;7
-*dall_m;0;0;0;0;0;1;0;0;0
-*quentin_auer_3;0;0;0;0;0;3;1;1;0
-*naaatsiiirt;0;0;0;0;0;0;1;0;0
-*chrrlnd;0;0;0;0;0;2;0;0;0
-*vinciane_mrs;0;0;0;0;0;1;1;0;0
*commentLikes_1,256;0;0;0;0;0;3;0;0;0
-*___mc29;0;0;0;0;0;1;1;0;0
-*ju_racine_;0;1;0;0;0;2;1;0;0
-*tanguy_bdt;0;0;0;0;0;3;1;2;0
-*alexandra_fsh;1;0;0;0;0;0;0;1;0
*commentLikes_528;0;0;0;0;0;2;0;1;0
-*rominaxxo;0;1;0;0;0;5;1;0;0
-*oraclesss1201;0;0;1;0;0;0;0;0;0
-*petitlutinmagique;0;0;0;0;0;1;0;0;0
-*anais_n3;0;0;0;0;0;1;0;1;0
-*saida_bent3bslem;0;0;0;0;0;0;0;1;0
-*pri_bgli;0;0;0;0;0;1;0;1;0
-*_math_db;0;0;0;0;0;0;0;1;0
-*stef_l_m;0;0;0;0;0;2;0;1;0
-*meryl_pittet;0;0;0;0;0;2;1;1;0
-*jojawanders;0;0;0;0;0;1;0;0;0
-*jassem2300;0;0;0;0;0;4;0;0;0
-*riiiiiimus;0;0;0;0;0;0;0;2;0
-*dreymanta;0;0;0;0;0;1;0;0;0
-*sam_luv_art;0;1;0;0;0;2;0;0;0
-*kami_kenny_;0;0;0;0;0;1;0;0;0
-*lamaxcarade;0;0;0;1;0;0;0;0;0
-*maceo_walter;0;0;0;0;0;1;0;0;0
-*arnaudcr;0;0;0;0;0;1;0;0;0
-*romain_o_89;0;0;0;0;0;4;2;1;0
-*laribel_s;0;0;0;0;0;1;1;0;0
-*je_te_jure_c_pas_moi_;0;0;0;0;0;1;0;0;0
-*lilou_deb;0;1;0;0;0;0;0;0;0
-*duda_explore;0;0;0;0;0;0;0;1;0
-*alessiy_8;0;0;0;0;0;1;0;0;0
-*saoussen_soussia;0;0;0;0;0;1;0;1;0
-*ivydarker;0;0;0;0;0;0;0;0;0
-*raynaudyan_art;0;0;0;0;0;1;0;0;0
-*jaymoesso;0;0;0;0;0;1;0;0;0
-*berenice_bra_ber;0;0;0;0;0;1;0;0;0
-*maximezarri;0;0;0;0;0;2;1;0;0
-*frz_2016;0;0;0;0;0;1;0;0;0
-*mona_albz;0;0;0;0;0;2;0;1;0
-*alex_b_gnv;0;0;0;0;0;1;0;0;0
-*flowandrisk;0;0;0;0;0;1;0;0;0
-*justine_gnz;0;0;0;0;0;1;0;1;0
-*lolo_mrgd0;0;0;0;0;0;0;1;0;0
-*_90_raph;0;0;0;0;0;1;0;0;0
*i_0488;0;4;2;0;3;14;19;92;4
-*kaalikal;0;0;0;0;0;0;0;2;0
-*l_a_u_r_e_p_c;0;0;0;0;0;0;0;1;0
*commentLikes_213;0;0;0;0;0;0;0;1;0
-*lorikhysenii;0;0;0;0;0;1;0;2;0
-*___231022;0;0;0;0;0;0;0;1;0
*commentLikes_324;0;0;0;0;0;0;0;1;0
-*renzo_bartolini9;0;0;0;0;0;0;1;1;0
-*davidlanderss;0;0;0;0;0;0;1;0;0
-*aurelie_jnt;0;0;0;0;0;0;0;1;0
-*iamymos;0;0;0;0;0;0;0;1;0
-*ca_mille_rt;0;0;0;0;0;0;0;1;0
-*marionglassey;0;0;0;0;0;2;0;0;0
-*cathyjullien;0;0;0;0;0;0;1;0;0
-*sancham_78;0;0;0;0;0;0;1;0;0
-*amaygeoz;0;0;0;0;0;0;0;1;0
-*crocorouge;0;0;0;0;0;0;0;1;0
-*loredanac703;0;0;0;0;0;0;0;2;1
-*celine_r_and_design;0;0;0;0;0;0;0;1;0
-*itsmerae_rae;0;0;0;0;0;0;1;3;0
-*cocoetter;0;0;0;0;0;0;0;1;0
-*noooemier;0;0;0;0;0;0;0;1;0
-*anneclostelli;0;0;0;1;1;3;1;7;1
-*ecampart;0;0;0;0;0;0;0;1;0
*i_0489;2;3;51;2;0;20;13;7;2
-*iamlouiiiise;0;0;2;0;0;0;0;0;0
-*pxllissixr;0;1;7;1;0;4;2;0;0
-*6nems;0;0;1;0;0;0;0;0;0
*i_0490;10;3;0;0;0;9;12;3;1
-*sacha_htor;0;0;0;0;0;0;0;0;0
-*_maxrenaud;0;0;0;0;0;0;1;0;0
-*darkgravity_band;0;0;0;0;0;1;1;0;0
-*hirma_ndayiziga;0;0;0;0;0;3;1;0;0
-*ludic_creation_geneve;0;0;0;0;0;1;0;0;0
-*roxanesmusic;1;0;0;0;0;0;0;0;0
-*emmanuelle_mm;1;0;0;0;0;0;0;0;0
-*christelle_jcctt;1;0;0;0;0;0;0;0;0
-*itsvnvritv;0;0;0;0;0;0;1;0;0
-*elisa_knz;1;0;0;0;0;0;0;0;0
-*slj_music;0;0;0;0;0;0;1;0;0
-*elsa_baumann_;1;0;0;0;0;0;0;0;0
-*loris_rns;0;0;0;0;0;0;1;0;0
-*v_simplee;1;0;0;0;0;0;0;0;0
-*lamsaaaaaaaa;1;0;0;0;0;0;0;0;0
-*rezonov_13;1;0;0;0;0;0;0;0;0
-*jaeger_ds;0;0;0;0;0;0;1;0;0
-*hyalae;1;0;0;0;0;0;0;0;0
-*b_wrd464;0;0;0;0;0;0;0;0;0
-*_alex_blz;0;0;0;0;0;1;0;0;0
-*luca_mauceri;0;0;0;0;0;0;0;0;0
-*timy_montavon;0;2;0;0;0;0;0;0;0
*i_0491;2;3;0;0;3;4;22;1;6
*i_0492;1;4;0;1;0;7;4;1;4
-*salome_gllg_;0;0;0;0;0;1;0;0;0
-*morgane_lixx;0;0;0;0;0;1;0;0;0
-*tamsirlidian;0;0;0;0;0;0;1;0;0
-*quentin_brw;0;0;0;0;0;0;1;0;0
-*maxiem_pro;0;0;0;0;0;1;0;0;0
-*shan_titi__;0;1;0;0;0;0;0;0;0
-*blumyy_18;0;0;0;0;0;0;1;0;0
-*martinou_poy_poy;0;0;0;0;0;0;0;0;0
-*jassmiim;0;0;0;0;0;0;0;0;1
*i_0493;0;16;5;1;0;16;14;92;6
*postComments_241;0;16;5;1;0;16;14;92;6
-*ddisaster;0;0;0;0;0;0;0;1;0
*commentLikes_495;0;0;0;0;0;0;0;1;0
-*martingali;0;1;0;0;0;0;0;0;0
-*romain_vidal;0;0;0;1;0;0;0;1;0
-*m2o_archi;0;1;0;0;0;0;0;0;0
-*laurence_krebs;0;0;0;0;0;0;0;1;0
-*zaztho;0;0;0;0;0;0;0;1;0
-*martelfuel;0;0;0;0;0;1;0;1;0
-*danettequerida;0;0;0;0;0;0;0;1;0
-*annickmokoi;0;0;0;0;0;0;0;1;0
-*rodriguespat35;0;0;0;0;0;0;1;0;0
-*alyssagrvz;0;0;0;0;0;0;0;1;0
*commentLikes_739;0;0;0;0;0;0;0;1;0
-*javierwanderer2020;0;0;0;0;0;0;0;1;0
-*callme_enriquez;0;1;0;0;0;0;0;0;0
-*samklr;0;0;1;0;0;0;0;0;0
-*damianveiga_ch;0;0;0;0;0;0;0;2;0
-*ant0_0n1;0;0;0;0;0;0;0;1;0
-*peru_style_88;0;0;0;0;0;0;1;0;0
-*jacquespitt;0;0;0;0;0;1;0;0;0
-*padizerens;0;0;0;0;0;0;0;1;0
-*mart_cris76;0;0;0;0;0;0;0;1;0
-*cecilegirardet;0;0;0;0;0;1;0;0;0
-*pierrarpin;0;0;0;0;0;0;0;0;1
-*alex25xela;0;0;0;0;0;0;1;0;0
-*n_ando83;0;0;0;0;0;0;1;0;0
-*clement_michaud_;0;0;0;0;0;0;0;0;1
-*forestarthur;0;0;0;0;0;0;0;1;0
-*mullerlorentz_bluewin_ch;0;0;0;0;0;0;0;1;0
-*silverio_tr;0;0;0;0;0;0;0;1;0
-*linsinvest_ch;0;1;0;0;0;0;0;0;0
-*pascal_fuld;0;0;0;0;0;0;0;1;0
-*hr_dv;0;0;0;0;0;1;0;0;0
-*l_u_n_e_s;0;0;0;0;0;0;0;1;0
-*jahk_o;0;0;0;0;0;0;1;0;0
-*syl20fly;0;0;0;0;0;0;0;1;0
-*nadiabersier;0;0;0;0;0;1;0;0;0
*i_0494;2;8;0;2;1;6;4;2;2
-*orelfeu_;1;0;0;0;0;0;0;0;1
-*v1ct_riya;0;0;0;0;0;0;0;0;0
-*adrien408_k;0;1;0;0;0;0;0;0;0
-*rafael_gnv08;0;1;0;0;0;0;0;0;0
-*coeurdepilatescologny;0;0;0;0;0;0;0;1;0
-*chrystel_gnzlz;0;0;0;0;0;0;0;0;0
-*hypernathy;0;1;0;0;0;0;0;0;0
-*axaria_20;0;0;0;0;0;0;0;0;1
-*___edvin___;0;0;0;1;0;0;0;0;0
-*nath2g1196;0;1;0;0;0;0;0;0;0
-*vanessa_dje;0;0;0;0;0;0;0;0;0
*i_0495;0;1;0;1;0;9;6;16;3
-*joachimauron;0;0;0;0;0;0;0;3;0
-*mairekarine__;0;1;0;0;0;0;0;0;0
-*charline_sny;0;0;0;0;0;0;1;0;0
-*immortel_immoral;0;0;0;0;0;1;0;0;0
-*celine_wirz;0;0;0;0;0;0;0;0;1
-*djoh_c;0;0;0;0;0;2;0;2;0
-*alexiavllt;0;0;0;0;0;1;0;0;0
-*alan_p_1260;0;0;0;0;0;0;0;1;0
-*evelinesuisse;0;0;0;1;0;0;0;0;0
*i_0496;0;0;0;1;0;1;2;2;6
-*nicolas_dubler;0;0;0;0;0;0;0;0;1
*i_0497;2;3;1;3;0;22;10;36;2
*postComments_76;2;3;1;3;0;22;10;36;2
*postReposts_119;2;3;1;3;0;22;10;36;2
-*o_o__o_o__o__;1;0;0;0;0;0;0;0;0
-*desogus_luca;0;0;0;0;0;0;0;1;0
-*michelvaudroz;0;0;0;0;0;0;1;0;0
-*matt_vlz;0;0;0;0;0;0;0;1;0
-*s_racaiazza;0;0;0;0;0;0;0;0;1
-*manonzecca;0;0;1;0;0;0;0;0;0
-*passion_costumes_dorane;0;0;0;0;0;0;0;1;0
*i_0498;1;19;2;0;1;27;95;10;4
*postComments_208;1;19;2;0;1;27;95;10;4
*commentLikes_647;0;1;0;0;0;0;0;0;0
-*daillettes;0;0;0;0;0;1;0;0;0
-*alanbosc;0;0;0;0;0;0;2;0;0
*commentLikes_637;0;0;0;0;0;0;1;0;0
-*seb_lsy;0;0;0;0;0;0;1;0;0
-*yannick__schnider;0;0;0;0;0;0;1;0;0
-*bouxy_99;0;0;0;0;0;0;1;0;0
-*orphee_us;0;0;0;0;0;0;0;0;0
-*u_meu;0;0;0;0;0;0;0;1;0
-*b00n_art;0;0;0;0;0;0;1;0;0
-*nidedroite_nidedroite;0;1;0;0;0;0;0;0;0
-*_seventhell;0;0;0;0;0;1;0;0;0
*i_0499;1;3;0;0;0;5;3;1;15
-*andychbr;0;0;0;0;0;0;0;0;1
-*tristan_ug;0;0;0;0;0;0;0;0;1
-*arboressence_ch;0;0;0;0;0;0;0;0;1
-*evert_silva;0;0;0;0;0;0;0;0;1
-*eliasmotard;0;0;0;0;0;0;0;0;1
-*sunrise_ch;0;0;0;0;0;1;0;0;0
*i_0500;0;0;0;1;1;2;1;1;1
-*fontanapetra;0;0;0;0;0;0;0;0;1
-*berhu7;0;0;0;0;0;0;0;1;0
-*floflo1208;0;0;0;0;1;0;0;0;0