emji_visage_riant_aux_larmes;689;6845;166;1626
aller;83;481;433;3675
emji_visage_souriant_avec_yeux_en_forme_de_coeur;2603;98;8;229
emji_coeur_rouge;2547;72;35;457
suisse;138;359;394;3180
voir;108;385;337;3451
emji_applaudissements;1339;75;58;419
parler;79;225;307;2119
emji_se_rouler_par_terre_de_rire;98;1089;32;252
gens;36;125;193;2078
monde;61;95;225;1888
femme;124;77;90;1819
emji_visage_qui_pleure;513;122;86;800
enfant;78;84;232;1691
beau;756;155;45;981
époque;288;260;29;1290
prendre;24;175;152;1511
pays;33;44;434;1264
vie;141;97;59;1530
penser;50;207;93;1489
comprendre;79;134;117;1485
homme;114;72;72;1439
temps;73;121;80;1451
aimer;207;471;57;890
chose;37;107;117;1437
passer;37;135;159;1361
mettre;20;119;145;1371
petit;138;233;64;1171
année;91;179;68;1271
vrai;122;161;134;1165
emji_feu;855;42;33;170
emji_mains_levées;900;42;21;179
grand;138;120;79;1188
vraiment;94;115;86;1216
jour;42;109;83;1133
emji_visage_souriant_avec_une_goutte_de_sueur;74;850;21;282
venir;25;151;122;1056
trouver;32;118;75;1123
emji_visage_souriant_avec_coeurs;722;22;1;99
tellement;364;169;49;711
donner;25;58;98;1101
vivre;41;63;80;1086
rester;30;77;98;1068
payer;5;21;68;1099
problème;6;46;81;1051
français;41;246;31;822
connaître;32;164;80;926
emji_mains_en_prière;664;23;13;199
changer;40;91;46;973
souvenir;553;121;20;395
france;12;171;50;865
fois;23;132;102;835
commentaire;23;112;43;936
seul;12;70;128;890
arrêter;5;39;213;818
demander;8;63;142;847
droit;5;18;354;583
question;9;46;64;896
emji_visage_faisant_un_clin_d_oeil;54;267;44;601
devenir;32;57;51;858
travail;22;29;49;839
emji_visage_avec_bouche_ouverte;232;123;32;283
raison;110;40;77;729
cas;8;51;88;792
jeune;60;68;19;770
sentir;21;67;44;784
emji_visage_qui_pleure_à_chaudes_larmes;61;392;5;66
police;16;6;274;500
exister;24;69;70;679
accord;43;30;197;562
humain;28;9;90;679
arriver;19;64;51;680
utiliser;0;144;96;549
laisser;10;25;78;692
besoin;11;39;61;678
état;4;11;285;447
adorer;387;144;10;250
animal;51;14;15;632
regarder;29;77;34;610
guerre;4;12;488;190
ca;16;86;47;558
coup;7;92;78;564
magnifique;583;14;5;145
argent;2;15;47;643
travailler;8;27;14;640
partir;8;44;72;590
moment;50;43;74;567
vidéo;36;94;42;534
etc;4;40;61;547
riche;9;12;11;621
plutôt;7;70;47;591
place;9;30;64;589
premier;21;86;63;515
mot;23;105;63;464
rendre;11;22;99;552
appeler;7;190;77;399
meilleur;127;69;18;453
jouer;109;76;23;446
école;34;56;18;540
niveau;6;27;15;596
part;8;47;67;545
genre;16;50;34;551
politique;5;5;114;490
palestinien;4;3;573;28
emji_drapeau_suisse;262;32;28;174
sûr;12;62;49;511
israël;1;0;561;30
importer;2;44;55;519
dernier;78;58;67;423
continuer;20;15;154;433
emji_pouce_vers_le_haut;348;32;8;112
famille;41;35;67;464
lire;5;37;36;523
apprendre;12;31;19;530
emji_visage_en_pleine_réflexion;6;80;40;365
exemple;19;19;47;506
compte;6;24;51;505
genève;11;87;27;431
sujet;6;16;26;535
manquer;36;60;18;472
pauvre;9;63;35;466
cause;2;19;96;451
perdre;16;33;45;476
partie;10;54;60;448
histoire;21;35;85;427
sortir;7;57;49;470
fin;21;70;63;425
société;8;6;28;523
entendre;29;111;39;392
idée;18;61;23;473
cher;13;39;12;485
oublier;13;66;67;418
rts;34;28;79;412
manger;5;105;5;405
respect;94;5;47;400
emji_visage_souriant_avec_yeux_rieurs;169;67;12;280
paix;100;11;294;107
permettre;6;18;46;469
malheureusement;10;15;45;481
écrire;7;36;31;459
gros;11;78;24;423
parent;11;51;6;444
revenir;16;45;25;435
finir;11;43;49;431
super;92;92;16;331
côté;6;68;47;415
social;5;4;26;483
emji_visage_roulant_des_yeux;4;163;32;270
population;0;2;122;401
peuple;7;4;255;243
heure;33;49;32;375
gauche;5;25;65;410
espérer;38;35;43;407
palestine;18;1;295;128
mort;7;42;153;290
pareil;29;123;14;351
nom;11;68;47;360
dieu;68;56;16;352
commencer;5;35;85;380
attendre;10;55;63;387
tuer;5;24;215;245
servir;5;73;58;367
faux;2;29;53;416
hamas;1;4;429;16
lieu;0;20;63;415
tête;13;135;22;317
moyen;2;27;71;386
emji_visage_avec_des_étoiles_à_la_place_des_yeux;322;13;0;36
simple;21;25;30;407
violence;2;2;110;331
triste;25;19;24;411
aider;2;5;49;409
simplement;14;12;38;412
classe;35;38;4;386
système;1;8;18;431
prix;4;16;46;377
chat;34;49;4;327
manifestation;0;3;333;99
accent;84;300;1;51
vieux;21;126;22;288
droite;0;8;66;362
public;1;17;57;371
fille;28;78;7;338
montrer;7;19;61;367
ville;9;15;37;367
pire;5;54;49;314
entreprise;0;5;19;387
emji_visage_souriant_aux_yeux_rieurs;54;242;4;110
impôt;0;3;9;402
salaire;0;3;2;405
loi;2;7;95;320
nouveau;9;17;45;366
emji_visage_boudeur;5;50;61;134
créer;7;11;44;368
répondre;5;22;19;381
normal;7;22;19;375
chercher;4;17;37;370
maison;9;73;23;313
seulement;9;29;46;346
retrouver;43;39;24;320
façon;20;25;26;350
article;3;9;47;349
blanc;2;81;34;269
acheter;6;36;25;337
essayer;0;27;40;348
rapport;2;23;42;343
jeu;75;30;13;278
emji_étincelles;237;8;4;52
manifester;1;8;282;95
réponse;15;24;20;343
rappeler;45;57;48;262
propre;2;60;33;309
mauvais;2;20;18;354
gaza;2;2;355;31
armée;2;7;168;213
exactement;30;36;28;317
soutenir;5;2;195;189
préférer;15;61;26;305
poser;3;25;17;356
incroyable;125;51;15;215
respecter;3;3;129;256
service;6;14;23;337
justement;2;14;38;343
eau;3;105;39;227
écouter;29;38;12;315
voiture;8;31;6;328
santé;10;8;9;360
garder;10;32;19;330
journée;25;46;8;301
sembler;3;18;40;331
mois;3;19;14;331
fou;19;55;29;282
ami;36;26;20;294
coeur;96;30;20;235
défendre;1;8;150;214
valoir;19;66;21;275
reportage;137;50;9;188
mdr;3;145;32;203
europe;3;19;107;245
réalité;6;5;36;332
plaisir;43;31;8;299
heureux;48;21;10;294
terre;7;14;107;237
bidet;17;310;0;21
air;17;59;13;285
foutre;5;42;53;274
agir;0;3;85;282
possible;6;17;32;310
manière;5;6;34;324
gagner;4;16;14;321
truc;8;54;13;293
ouvrir;3;20;37;301
trump;5;16;181;154
expliquer;2;28;39;295
oeil;22;30;40;268
canton;2;34;6;293
bas;11;28;37;279
génération;14;36;7;295
protéger;6;9;99;237
interdire;2;10;46;284
honte;4;16;51;280
gouvernement;1;6;197;147
couper;11;44;8;282
situation;0;3;62;288
liberté;11;9;52;259
israélien;2;3;324;10
heureusement;8;88;13;244
avis;4;9;26;307
mec;12;94;20;224
génocide;0;1;314;24
père;17;66;3;254
âge;25;28;4;287
absolument;20;19;29;280
hiver;34;223;0;72
reconnaître;12;39;141;144
imaginer;5;40;16;281
cours;10;29;32;262
rire;33;173;8;112
langue;8;27;7;259
choix;5;12;19;294
également;8;18;36;273
assurance;0;2;3;310
peur;3;21;25;281
équipe;18;15;2;261
terme;1;20;40;255
rue;3;13;59;247
mère;16;61;2;240
génial;208;25;2;94
aide;2;5;73;242
otage;5;4;282;11
solution;3;12;37;257
emji_visage_qui_hurle_de_peur;4;144;8;37
chance;35;17;13;253
archive;121;34;5;161
important;5;6;25;284
base;7;16;23;272
recevoir;8;14;29;258
image;21;11;39;244
main;6;52;29;218
occuper;5;7;50;244
haut;5;48;14;243
argument;3;12;22;264
faute;0;11;19;273
début;10;47;25;228
extrême;0;8;54;235
tomber;11;28;20;246
suivre;7;10;40;248
naître;10;58;22;215
effet;5;19;11;265
étude;0;8;3;283
justice;10;4;150;133
long;9;18;17;255
augmenter;0;5;10;272
étranger;1;5;27;258
partager;61;7;21;211
semaine;7;13;16;252
contraire;4;16;35;244
facile;2;20;18;257
sécurité;0;6;53;231
policier;3;8;89;181
maladie;2;3;1;282
nourrir;8;8;11;256
lausanne;17;33;14;223
raciste;1;11;17;247
dur;4;16;21;246
journaliste;14;27;55;182
mode;8;57;13;204
envie;4;26;7;247
actuel;5;9;23;251
frontalier;1;14;4;247
choisir;4;15;19;243
mériter;22;6;40;212
clairement;2;19;38;223
nombre;1;3;39;229
différence;2;8;18;253
groupe;5;13;90;157
franchement;6;28;14;235
amour;54;12;8;199
train;0;20;30;226
laver;3;230;4;28
suffire;2;15;30;234
effectivement;4;40;25;213
ancien;28;25;13;213
éviter;0;20;23;232
peine;1;12;30;234
emji_visage_avec_des_symboles_dans_la_bouche;0;59;6;46
risque;0;10;17;241
meme;1;34;19;213
emji_visage_retenant_ses_larmes;164;9;2;56
renard;36;6;2;222
bref;1;11;22;243
majorité;1;3;35;236
face;1;19;54;189
battre;2;18;18;225
traiter;2;12;51;206
noir;5;36;24;194
nature;31;7;6;219
intéressant;28;8;6;233
excellent;69;67;6;130
complètement;10;20;33;210
toucher;11;10;16;232
tenir;2;17;41;208
remettre;5;9;17;236
propos;9;4;21;237
joli;66;35;8;152
courage;80;14;26;148
caisse;3;4;5;239
baisser;0;5;2;253
victime;6;4;73;182
nouvelle;18;20;17;211
touchant;206;3;2;60
info;5;21;33;207
plaindre;0;9;15;240
emji_coeur_cartes;149;3;0;12
dimanche;15;53;2;175
voter;4;4;18;231
détruire;0;4;71;186
civil;0;1;193;61
éducation;5;9;8;235
international;3;4;191;57
feu;3;21;116;120
valeur;9;4;33;215
réseau;6;5;23;226
terroriste;0;0;232;10
souhaiter;29;7;17;205
exprimer;16;4;17;211
métier;10;5;2;225
marcher;4;24;30;201
intérêt;1;4;46;198
porter;1;29;13;209
porte;12;30;23;191
pied;5;80;9;150
accepter;3;8;34;209
égalité;2;6;2;226
corps;2;22;37;175
humanité;14;1;70;165
difficile;2;14;15;224
emji_visage_souriant_avec_yeux_plissés;16;132;3;33
type;6;24;17;207
gars;10;70;8;161
vérité;11;17;18;200
profiter;5;9;18;216
preuve;0;7;31;204
mignon;175;9;2;65
libre;6;8;31;201
enfance;127;25;3;95
source;6;5;27;196
logique;3;10;25;207
emji_drapeau_territoires_palestiniens;47;0;37;16
totalement;5;10;20;215
sûrement;3;20;21;202
route;3;12;11;214
franc;6;34;4;179
envoyer;3;21;37;188
culture;3;7;13;218
offrir;10;6;13;208
voler;2;6;52;174
suite;5;23;34;183
initiative;8;2;12;214
but;3;7;43;181
représenter;7;3;38;181
pratique;4;85;12;133
toilette;0;194;5;24
réfléchir;3;3;6;227
noël;46;27;3;147
mourir;9;30;20;169
emji_chat_souriant_aux_yeux_en_coeurs;117;0;0;10
concerner;1;6;21;204
casser;1;12;84;138
grave;6;21;35;174
haine;1;4;73;152
garçon;42;18;0;170
vendre;3;20;25;182
drôle;5;114;9;102
allemand;0;47;10;150
réel;5;9;16;197
racisme;1;4;14;196
obliger;1;21;13;195
européen;1;6;66;151
arme;1;2;122;93
rentrer;0;17;17;194
information;5;10;39;168
discours;5;9;24;191
uniquement;0;3;30;194
emji_visage_envoyant_un_bisou;53;34;14;101
content;14;25;18;170
adulte;5;8;4;207
voisin;7;28;20;171
taxe;2;3;3;197
bonheur;73;20;3;125
résultat;4;1;10;204
ultra;2;8;8;191
emji_mains_en_prière_peau_claire;117;10;3;56
différent;2;17;17;184
poste;1;9;5;195
ia;0;7;2;196
cadeau;12;5;2;183
média;0;2;62;154
fonctionner;1;7;9;201
doute;10;12;18;182
clair;7;21;26;169
citoyen;0;0;50;165
fermer;1;19;20;179
empêcher;0;3;28;186
top;35;52;4;120
sérieux;5;32;12;170
sport;10;14;3;184
froid;14;133;15;51
qualité;3;7;1;205
prochain;7;26;15;169
gentil;29;14;14;154
crime;0;0;178;24
minimum;0;5;11;198
israel;0;1;191;6
naturel;37;3;6;164
fond;5;19;10;180
emji_visage_souriant_avec_une_larme;64;26;6;93
évidemment;2;16;22;175
voix;38;40;23;110
manifestant;1;2;179;24
taxer;0;0;0;193
lol;5;59;16;130
livre;6;5;11;184
chiffre;0;10;18;175
revoir;49;25;12;122
physique;3;2;4;198
perso;0;63;2;149
unir;20;2;82;96
tourner;3;11;6;190
règle;1;12;14;182
entier;2;8;33;169
sauver;3;13;15;173
emji_visage_de_clown;0;21;23;106
mondial;0;5;30;167
habiter;3;38;8;157
emji_coeur_brisé;103;10;19;28
cest;6;26;20;139
photo;14;27;15;148
esprit;8;10;10;176
emji_visage_très_souriant_aux_yeux_rieurs;55;40;6;87
subir;1;3;55;141
produit;0;3;2;185
merveilleux;132;6;1;65
juif;0;1;167;14
blague;3;83;25;94
économie;1;2;3;197
svp;11;33;19;143
milliard;1;5;17;162
cacher;2;11;62;123
national;13;7;15;166
bout;3;28;17;153
bcp;6;18;20;152
étonner;5;15;10;173
produire;0;8;9;183
fortune;0;4;4;182
soir;10;47;9;132
moyenne;0;1;1;185
emji_deux_coeurs;85;3;0;22
économique;0;1;29;164
âme;98;5;7;88
parole;22;8;35;131
emji_biceps_contracté;89;3;9;37
prouver;2;5;27;155
fédéral;0;2;48;141
bosser;0;13;0;179
bonjour;5;20;11;162
personnel;1;5;5;177
emji_ok;85;22;7;63
élève;4;5;0;176
refuser;1;6;47;142
privé;1;7;10;168
italien;9;95;5;71
débat;0;7;14;170
élastique;62;19;1;104
retour;13;25;14;141
emji_visage_qui_fait_un_câlin;72;33;0;69
vivant;12;5;14;159
tirer;2;20;34;136
emji_visage_souriant;38;44;4;99
adorable;125;6;1;59
soutien;17;0;106;68
oser;3;16;19;151
énergie;8;6;2;157
moitié;1;17;13;149
etait;13;21;13;136
chaud;3;123;5;57
arabe;0;13;114;49
soin;8;3;13;162
financer;0;4;47;134
phrase;6;20;7;153
forme;5;9;13;159
démocratie;1;3;103;71
douche;0;124;0;51
nombreux;1;5;21;161
fait;0;2;24;157
emji_renard;106;2;0;23
banque;1;7;14;148
mesure;0;3;27;156
udc;3;11;9;156
total;4;6;47;127
lien;3;5;18;159
couple;5;5;4;154
changement;1;8;6;164
user;1;2;66;117
région;3;26;25;127
retourner;9;13;26;137
responsable;0;1;37;142
général;3;11;11;160
ensemble;8;10;19;148
décider;0;0;29;151
condition;2;1;23;152
endroit;4;8;9;153
beauté;83;9;0;90
origine;3;15;13;151
neige;14;92;2;64
forcément;1;6;6;164
coûter;2;7;3;161
autoriser;0;3;124;50
prison;1;4;109;63
musulman;1;15;126;28
jeunesse;29;20;0;130
compter;5;6;16;153
américain;2;9;36;130
pro;1;7;104;61
millier;0;1;74;102
ordre;2;1;70;104
intéresser;4;7;14;155
gamin;8;27;3;142
capable;1;6;9;161
proposer;3;6;14;150
prime;2;2;7;160
impression;2;8;4;166
final;2;8;7;158
emji_visage_avec_un_léger_sourire;15;16;20;122
dangereux;1;7;15;152
comparer;3;5;17;150
client;0;29;2;138
renseigner;0;8;32;138
proche;8;6;12;149
coût;0;0;3;172
charger;0;2;17;149
marché;1;7;3;160
horreur;1;78;26;69
date;4;20;11;141
chien;2;19;5;139
réussir;2;4;13;156
georges;49;25;2;86
commettre;0;1;131;43
emji_visage_avec_un_sourire_malin;7;47;16;80
imposer;0;4;17;152
évoluer;0;9;1;160
ridicule;1;19;12;137
planète;2;6;12;150
massacre;2;1;104;13
limite;1;9;6;152
film;16;32;6;115
prof;0;31;0;131
participer;2;3;36;130
obligatoire;2;13;6;146
emploi;0;2;0;163
réduire;0;2;6;158
message;6;5;15;143
emji_colombe;120;0;9;13
témoignage;97;1;8;64
titre;4;5;17;142
souci;2;10;10;145
militaire;0;0;61;105
disparaître;5;10;6;144
choquer;1;23;9;135
émission;16;12;1;132
p;13;64;12;72
matin;4;29;2;133
maman;17;31;2;114
internet;2;10;4;150
erreur;0;6;10;149
certainement;3;17;14;133
pleurer;8;48;16;93
fête;48;17;5;91
considérer;1;4;22;139
accueillir;1;4;41;110
sympa;22;21;4;120
italie;5;72;11;78
fils;10;41;5;105
fier;32;18;9;103
téléphone;6;14;0;144
match;6;7;2;146
projet;8;4;10;136
pain;1;20;1;117
calcul;2;6;3;151
mental;2;2;1;154
intelligent;22;0;2;138
expression;4;16;10;130
climatique;0;4;2;149
bientôt;7;13;11;130
attaquer;0;2;61;96
retraite;10;11;1;137
pensée;17;14;5;127
monter;6;16;13;126
justifier;0;0;55;105
déranger;1;10;15;131
apporter;8;7;15;131
opinion;1;2;19;138
copain;21;25;6;101
conscience;2;0;15;141
plaire;8;13;11;126
finalement;6;15;10;129
courir;3;15;7;127
commun;2;16;7;132
fumer;2;27;3;118
etre;5;9;11;131
emji_visage_soulagé;21;31;1;73
emji_notes_de_musique;78;3;0;8
course;2;3;2;141
emji_coeur_blanc;111;3;2;10
rouler;6;19;5;121
prêt;6;21;10;118
courant;1;19;22;113
actuellement;0;5;15;138
emji_yeux;10;77;4;47
emji_visage_avec_une_main_sur_la_bouche;6;98;0;26
compliqué;1;15;13;127
boulot;0;16;7;131
atteindre;2;1;13;139
acte;2;1;66;84
sud;0;10;18;121
responsabilité;4;1;19;129
juger;2;2;24;121
emji_visage_qui_rougit;4;64;8;41
emji_mains_en_prière_peau_moyennement_claire;109;3;0;21
carte;7;21;9;109
assurer;3;2;10;139
violent;1;3;37;114
sacré;27;45;7;74
rêve;23;26;9;94
direct;1;16;19;116
consommation;1;3;1;144
action;5;1;42;100
vacance;6;31;1;112
présenter;2;6;18;127
musique;7;25;3;109
désolé;0;32;11;109
décision;1;1;24;126
critiquer;1;4;18;128
gérer;0;3;16;132
emji_pouce_vers_le_haut_peau_claire;44;35;8;45
bloquer;1;3;31;114
utile;3;14;12;122
ressembler;5;55;10;79
nuit;4;18;13;115
emji_visage_qui_tire_la_langue_et_fait_un_clin_d_oeil;17;83;4;32
danger;0;1;29;117
criminel;0;1;104;39
chrétien;1;3;104;30
manif;0;1;112;30
habitude;4;8;12;126
dépendre;1;11;4;130
vol;0;8;13;123
ps;2;38;15;93
lier;1;1;13;133
inventer;0;47;7;96
employé;0;3;2;143
dépasser;1;5;7;135
assumer;1;9;23;113
lac;9;90;0;30
frais;2;19;7;115
cesser;1;2;105;37
cerveau;1;15;8;119
bête;4;12;5;117
zone;0;5;19;114
quitter;5;6;15;118
enlever;0;21;14;108
effort;0;4;4;140
couleur;5;29;2;109
cool;29;15;6;97
président;7;9;77;49
leçon;41;6;6;92
emji_visage_festif;52;10;3;26
directement;0;4;25;113
critique;0;6;15;123
énorme;7;16;3;119
vélo;2;10;1;116
vote;5;4;15;116
rare;12;10;3;118
raconter;1;11;14;119
papier;2;62;5;70
héritage;2;5;1;130
emji_visage_pensif;16;7;6;102
billet;7;5;2;123
affaire;1;10;22;109
ya;1;25;6;110
sauvage;2;4;7;128
passage;3;24;8;108
foot;3;13;2;117
emji_visage_avec_lunettes_de_soleil;72;14;4;38
doigt;4;19;5;115
vaudois;12;95;1;34
remarquer;2;13;5;123
impossible;1;19;11;113
essentiel;5;4;13;120
cheveu;4;59;4;73
avance;5;10;16;111
principe;0;3;15;124
loyer;0;2;1;136
gosse;6;12;2;120
free;11;4;32;17
scientifique;1;0;0;128
marier;5;43;12;79
découvrir;15;10;6;109
village;6;18;14;100
tour;3;10;15;109
nécessaire;1;3;10;126
conflit;0;0;63;74
augmentation;0;3;2;125
transport;0;4;0;133
post;5;4;11;116
plan;1;11;57;60
inutile;0;2;14;124
emji_visage_souriant_avec_auréole;42;22;3;40
emji_tête_de_fou;9;81;5;31
dénoncer;0;0;70;65
soigner;5;1;16;109
frontière;0;7;28;102
fameux;4;40;17;77
emji_applaudissements_peau_moyennement_claire;53;1;2;11
afrique;0;8;24;100
voie;1;3;7;121
soleil;9;40;4;79
siècle;3;10;22;99
pousser;1;3;9;121
mentalité;10;8;6;113
engager;1;5;10;116
campagne;2;7;3;121
autorité;0;1;76;58
élevé;2;3;1;130
mouvement;2;4;42;82
libérer;1;1;96;34
jean;4;75;0;50
degré;0;47;1;84
conseil;1;10;12;110
bouger;2;11;10;112
appliquer;1;3;15;118
réflexion;7;6;4;118
nourriture;2;4;13;115
gratuit;0;7;4;119
éduquer;4;3;6;117
présent;3;7;10;113
magasin;1;4;2;125
inquiéter;1;11;17;105
emji_applaudissements_peau_claire;50;1;2;21
caissier;0;6;1;116
accès;0;2;10;116
polluer;0;7;4;115
plastique;2;25;0;100
malade;1;9;6;114
emji_trèfle_à_quatre_feuilles;87;2;0;13
emji_singe_ne_rien_voir;5;65;5;15
conséquence;0;0;28;104
chf;1;4;3;107
bizarre;1;23;21;87
apparemment;0;16;8;109
réellement;2;3;15;110
reposer;56;2;10;65
honteux;1;7;40;82
excuser;1;3;24;104
emji_mains_qui_forment_un_coeur;83;5;3;18
condamner;0;2;59;70
supporter;1;8;21;99
adapter;0;3;2;124
supprimer;2;5;3;117
rôle;2;2;22;104
perte;1;2;5;119
peau;2;13;2;105
onu;0;1;100;24
goût;3;22;4;100
genocide;0;1;113;10
gauchiste;1;13;17;97
emji_visage_grimaçant;1;70;2;43
emji_rose;91;0;0;4
emji_coeur_étincelant;65;0;1;12
bande;4;20;81;22
accident;0;1;3;119
sauter;11;16;4;92
sac;2;41;3;75
milieu;5;13;8;98
illégal;0;2;84;36
attaque;0;4;65;58
table;0;13;0;113
sioniste;2;4;107;9
probablement;1;3;10;112
médecin;1;3;9;106
féminin;4;6;1;108
conseiller;0;7;23;95
vaud;3;20;0;100
répéter;1;5;14;102
recherche;2;5;5;114
période;10;20;4;88
hôpital;0;3;21;103
emji_visage_qui_regarde_entre_ses_doigts;5;80;4;25
drogue;0;3;13;109
dos;1;25;8;89
contrôle;0;0;24;98
comportement;0;1;12;113
bain;5;98;1;17
sorte;1;3;11;111
régime;0;1;32;76
paraître;2;6;5;113
jeter;0;10;8;107
informer;0;1;20;101
i;41;26;13;42
gueule;2;43;7;73
chou;86;7;5;28
remplir;9;6;10;97
légal;0;2;44;76
intelligence;15;1;4;103
connaissance;4;4;2;115
confirmer;6;16;15;89
boire;2;42;3;76
unique;2;2;3;115
taux;0;1;1;118
mari;3;25;2;90
jurer;3;62;2;55
futur;3;5;5;111
emji_tête_à_l;6;13;5;94
construire;1;9;17;97
art;4;7;12;90
pur;11;14;4;95
objet;2;5;9;103
climat;0;2;4;112
professionnel;3;3;4;112
notamment;0;4;20;98
méchant;0;5;13;97
frère;3;14;23;81
expérience;8;3;3;107
connerie;1;4;5;111
combat;3;5;17;96
émouvant;100;2;1;17
wesh;1;22;1;84
remplacer;1;8;2;111
parfaire;9;28;3;81
minute;3;9;6;99
détester;3;61;12;42
contrairement;1;7;18;94
centre;0;1;4;111
avancer;3;2;6;107
wow;33;13;6;67
ukraine;4;0;82;26
montagne;10;10;3;95
espèce;1;6;4;105
doux;27;19;2;73
1er;7;27;7;74
voyage;16;3;6;91
style;10;35;2;70
religion;1;2;27;87
local;0;4;6;109
définition;3;5;25;86
café;3;21;2;85
richesse;1;0;5;110
protection;0;2;17;95
poule;5;9;1;102
habiller;1;22;4;86
emji_visage_qui_vomit;0;60;6;36
emji_visage_de_geek;7;37;7;55
bois;13;28;2;71
avion;0;3;2;109
visiblement;0;15;4;99
visage;10;7;41;53
tromper;1;6;9;97
simplicité;51;3;2;60
ligne;2;11;12;91
consommer;0;4;1;112
acteur;39;8;8;58
territoire;0;1;57;53
patron;4;2;3;107
insulter;1;5;6;98
balle;2;15;30;66
avantage;0;3;3;107
anglais;0;14;12;85
étonnant;4;7;15;88
rouge;1;28;7;75
organiser;2;6;50;57
nord;1;26;16;66
langage;5;5;4;97
lancer;1;12;26;75
h;4;15;7;83
complice;2;3;98;9
obtenir;0;0;8;106
neutre;0;3;65;43
ménage;0;10;3;96
innocent;3;4;78;27
hygiène;1;74;0;35
vocabulaire;7;11;3;91
souffrir;0;6;11;95
salle;0;74;1;36
habitant;1;3;13;94
espace;0;1;7;101
développer;1;2;5;103
reprendre;3;10;30;70
quotidien;0;3;11;97
prévoir;1;2;16;91
méthode;0;3;8;90
milliardaire;0;0;4;103
emji_visage_souriant_avec_de_grands_yeux;49;11;1;36
constater;0;2;11;100
statistique;0;2;2;106
relever;2;2;7;100
plaque;4;5;1;92
mentionner;2;0;18;91
largement;2;5;14;91
investir;1;0;4;103
genevois;3;26;3;75
budget;0;2;3;103
vision;2;4;6;98
tristesse;11;4;5;91
taper;1;12;9;87
sagesse;84;2;0;25
octobre;0;3;79;25
jésus;10;15;9;69
installer;3;37;11;56
fromage;5;55;0;42
euro;1;6;2;100
arbre;10;5;5;83
vêtement;1;11;1;89
site;2;5;7;92
immigration;0;3;9;91
dormir;6;32;2;66
chemin;5;4;4;96
chanson;20;25;2;59
énormément;2;3;3;101
socialiste;0;4;9;86
joyeux;55;7;2;40
inviter;1;7;19;81
avenir;3;2;6;96
viser;0;2;20;82
seconde;4;11;13;79
science;0;3;0;97
personnellement;2;8;0;98
pari;2;16;7;80
machine;2;11;4;87
emji_visage_avec_fumée_sortant_des_narines;1;25;5;49
correctement;0;4;4;99
commenter;0;9;6;92
bébé;3;7;11;80
réveiller;2;10;11;84
rigoler;1;36;6;61
nationalité;0;3;3;97
interview;23;11;6;67
décennie;1;1;27;76
chine;1;4;26;73
impact;0;1;4;101
emji_étoile_brillante;59;0;0;7
emji_visage_avec_un_monocle;4;28;8;61
centaine;0;1;36;66
bêtise;0;5;5;92
amuser;14;14;5;73
saison;9;52;4;37
regard;25;3;9;68
politicien;1;3;15;85
féministe;1;8;5;83
frapper;0;2;32;68
dépenser;0;6;3;93
tranquille;2;7;5;89
the;38;11;8;37
soeur;15;12;6;66
saint;7;18;7;51
prisonnier;0;0;92;7
pote;2;27;16;56
membre;1;2;32;62
horrible;0;13;13;77
contrôler;1;2;27;72
confondre;0;2;15;85
confiance;1;1;18;82
terminer;1;13;7;82
ski;10;26;1;62
russie;1;1;87;12
roi;16;26;9;50
priorité;1;2;2;95
job;3;0;4;91
hyper;7;13;2;80
financier;1;0;15;86
déplacer;0;5;8;88
brésil;6;6;24;62
appartenir;2;2;14;82
ajouter;1;7;5;88
activité;1;0;3;94
soudan;1;0;90;8
respectueux;8;3;7;83
obligation;0;1;13;84
matériel;2;0;20;76
lumière;9;3;7;80
humour;7;32;5;55
cul;0;69;5;27
contexte;0;5;12;82
camp;3;8;36;52
bus;1;9;3;85
objectif;0;0;27;72
mener;0;4;19;78
formation;0;0;1;97
fiscal;0;0;0;98
etat;0;1;44;52
enseignant;1;2;1;94
domaine;0;1;4;92
crier;0;1;22;77
commerce;1;0;10;89
training;0;13;0;75
réagir;0;1;11;84
parfaitement;6;4;6;84
papa;12;26;3;58
dingue;4;10;8;77
crise;0;1;11;86
continent;0;1;4;83
autorisation;0;0;67;26
terrain;1;1;10;84
retenir;2;8;14;75
new;5;10;6;72
nan;0;24;6;63
marre;0;6;25;68
inverse;0;3;2;93
chaleur;5;43;0;47
cadre;1;3;15;80
boîte;0;13;0;82
artiste;12;2;0;77
arranger;0;8;9;79
apprentissage;0;4;0;92
âgé;1;7;6;80
viande;0;3;0;89
extrêmement;4;1;4;89
emji_tête_qui_explose;1;28;1;43
emji_mains_qui_forment_un_coeur_peau_claire;55;4;1;20
emji_drapeau_israël;19;2;49;1
berner;1;6;25;63
bel;22;16;12;48
volonté;3;1;17;74
sortie;0;14;11;71
sol;0;4;10;77
romand;2;16;2;75
ramener;3;9;8;76
poche;2;13;4;78
pacifique;0;2;69;22
marque;1;28;1;63
fondue;5;71;0;16
emji_visage_triste_mais_soulagé;16;6;0;38
double;5;7;4;79
champion;13;12;5;63
cash;1;1;0;80
capitalisme;0;6;7;84
apprécier;4;5;3;82
alcool;1;5;2;84
affirmer;0;1;26;68
émotion;21;1;4;70
vide;0;6;1;86
vert;5;18;5;66
travers;1;2;20;73
stop;4;9;17;53
ressource;0;0;16;80
purée;10;52;2;31
organisation;0;0;44;45
logement;0;2;2;84
islamiste;0;0;93;2
fruit;0;6;1;88
emji_visage_rieur;51;6;1;31
discuter;1;4;5;86
confort;0;2;4;88
caméra;0;11;3;73
vérifier;0;4;10;80
vitesse;2;0;6;86
traitement;0;0;21;72
race;4;1;1;79
migros;0;15;0;73
mentir;2;8;13;65
fan;18;20;3;50
emji_visage_nauséeux;1;62;0;6
emji_femme_qui_hausse_les_épaules;0;37;2;55
emji_crâne;1;34;7;50
conduire;2;6;4;80
amérique;0;4;8;77
r;8;19;8;54
hasard;1;8;14;69
emji_visage_épuisé;6;25;3;29
emji_visage_implorant;31;14;2;36
citer;0;2;12;80
vin;3;40;1;39
sourire;33;8;3;47
sale;0;46;4;43
profil;0;9;7;77
moquer;0;9;7;76
humanitaire;1;1;74;16
enquête;0;1;40;47
deja;1;7;7;73
cessez_le_feu;0;0;81;4
avouer;3;26;6;58
réaliser;2;4;4;81
mineur;0;0;14;73
chef;1;3;15;72
amener;0;9;6;74
réjouir;4;6;16;65
riz;3;5;0;78
refaire;8;11;5;66
rappel;8;8;21;54
préparer;2;9;7;71
programme;1;1;9;77
mémoire;9;1;6;75
misère;0;3;3;82
intérieur;2;14;5;66
foyer;0;3;8;78
célestin;50;3;0;36
contribuer;2;0;8;81
catastrophe;0;5;2;83
calme;2;11;12;64
bras;4;14;7;64
bordel;5;20;11;55
sérieusement;0;7;13;70
particulier;0;0;11;78
marrant;2;17;6;65
emji_homme_qui_hausse_les_épaules;2;6;41;29
actualité;9;7;10;61
véritable;8;0;16;63
transformer;0;7;7;74
sanction;0;1;66;21
ressentir;2;2;3;80
relire;2;2;6;79
principal;1;1;16;71
nation;0;0;19;65
fonction;0;4;8;76
flic;0;12;29;47
drone;0;3;65;18
dirigeant;1;0;25;61
corruption;0;3;21;61
communauté;1;2;22;62
ciel;4;16;2;66
chaîne;0;5;7;76
casseur;1;1;79;5
achat;0;2;9;75
évolution;3;5;2;75
écran;2;2;2;78
échange;3;2;7;74
tt;6;13;3;62
tenter;0;5;11;72
précis;0;11;18;58
nostalgie;38;8;1;39
matière;0;6;2;79
liste;1;1;15;64
hahaha;7;43;2;33
formidable;58;4;2;23
entrer;0;1;15;72
emji_visage_avec_les_sourcils_relevés;0;30;6;39
ds;2;6;16;63
danse;6;42;0;34
concept;3;3;2;80
complet;3;10;4;71
compagnie;4;4;1;76
vivement;3;18;13;53
usage;0;6;13;63
terrible;5;10;3;67
raisonnement;0;1;11;71
quartier;5;6;4;66
positif;3;4;2;77
joie;13;5;9;60
individu;0;0;9;77
hériter;0;2;0;81
forcer;1;1;17;65
foi;4;7;9;65
exceptionnel;27;11;2;46
décéder;4;3;2;77
chier;0;17;7;62
casque;2;23;2;52
traverser;4;3;2;71
travailleur;1;0;2;78
surprise;2;10;12;58
supérieur;0;1;5;77
pollution;1;1;0;84
occidental;0;5;39;40
mamie;44;11;3;28
magique;48;4;0;34
ignorer;1;2;9;74
fribourg;5;20;3;51
encourager;1;0;15;70
démontrer;2;1;8;75
cinéma;9;5;6;61
bouteille;1;44;2;35
bombarder;0;0;72;11
belgique;4;52;4;26
étudiant;2;2;2;72
verre;0;15;0;65
ue;1;1;24;48
signer;2;3;45;32
récupérer;1;8;26;48
rip;65;3;2;14
relation;0;0;7;75
professeur;1;5;1;72
oreille;5;11;0;69
mensonge;1;2;45;34
limiter;0;3;3;77
facilement;0;6;2;77
déclarer;0;0;37;41
dizaine;1;3;26;55
diminuer;0;0;2;82
couvrir;0;2;14;66
analyse;4;2;3;73
tres;14;5;1;59
tjs;8;22;5;43
problématique;0;0;2;79
pression;0;1;15;68
morale;1;0;21;61
minorité;0;1;14;65
jugement;0;0;22;61
historique;0;1;15;68
gant;1;69;0;4
féminisme;0;0;1;73
accuser;0;0;42;41
tôt;2;5;6;69
primaire;7;5;0;71
faible;1;1;7;72
autrement;1;7;3;72
égal;0;2;3;73
technique;1;12;1;66
survivre;2;0;8;72
sexe;0;9;0;72
sain;4;5;2;71
réchauffement;0;1;1;76
retirer;0;5;14;60
pub;5;7;2;62
pitié;1;11;8;62
pertinent;3;1;3;75
hypocrisie;1;1;22;58
humilité;45;1;0;35
grandir;4;7;2;68
fabriquer;0;4;5;71
exact;3;12;9;58
environnement;0;1;1;80
emji_visage_qui_fond;9;9;3;51
emji_v_de_la_victoire;33;5;5;19
désir;9;1;3;68
correct;0;5;4;71
club;2;6;3;67
bleu;5;22;6;43
association;3;4;5;69
accompagner;4;4;0;74
us;1;1;14;63
télé;2;11;3;63
tendance;1;3;3;70
mur;1;2;10;65
lutte;2;0;16;61
emji_drapeau_france;9;21;1;13
dégât;0;3;44;33
belge;3;41;6;26
amende;0;5;8;66
soldat;1;0;60;18
soirée;8;11;0;60
rêver;17;6;1;55
prétendre;1;0;14;64
personnage;21;10;1;45
page;4;2;8;64
oeuvre;3;0;3;70
inspirer;9;9;4;56
idem;5;24;1;48
emji_visage_qui_fait_un_salut_militaire;14;2;7;51
désoler;0;6;3;69
départ;0;6;4;70
covid;0;8;2;68
chômage;0;1;0;77
bouche;3;12;5;59
blesser;0;6;19;55
appel;1;7;19;50
scandale;0;2;11;65
repas;4;9;0;63
profit;0;0;5;70
poubelle;3;2;3;66
position;1;2;27;49
forêt;4;3;4;63
emji_tas_de_crotte;1;38;2;21
emji_femme_avec_la_paume_sur_le_visage;1;34;1;19
deuxième;4;10;11;53
confédération;0;0;9;68
brûler;1;8;13;56
bruit;0;3;0;73
balancer;1;3;11;62
arrêt;1;5;25;46
véhicule;0;0;0;75
série;4;8;3;62
soumettre;0;5;14;58
souffrance;1;2;13;61
scolaire;0;4;0;72
réaction;1;2;6;67
putain;5;44;3;25
monnaie;0;0;1;71
masse;0;2;17;58
investissement;1;1;5;66
immense;14;1;2;59
idéologie;0;1;10;66
emji_drapeau_sénégal;41;0;0;2
consommateur;0;0;0;74
chasseur;0;2;1;68
chanter;13;23;6;35
écologique;0;4;2;71
voleur;0;5;10;57
transmettre;6;2;1;66
remercier;6;4;18;48
publication;0;2;10;65
poids;0;1;8;65
pierre;1;28;5;40
nettoyer;2;34;1;37
luxe;1;5;4;66
littéralement;2;6;7;60
impressionnant;34;4;2;37
gruyère;3;50;0;12
fuir;4;2;14;55
emji_chat_qui_pleure_de_joie;4;28;1;4
drapeau;1;5;34;32
difficulté;0;2;5;67
carrément;6;34;2;35
africain;0;3;9;61
tenue;1;11;2;59
pourri;1;7;3;62
posséder;1;2;2;70
pièce;1;11;5;59
passion;16;3;1;55
individuel;0;1;2;72
incapable;1;3;7;64
ignorance;1;5;4;64
fondamental;0;1;36;37
filmer;4;11;3;57
espagne;4;11;6;55
emji_personne_avec_la_paume_sur_le_visage;1;12;1;45
défense;2;2;20;50
débile;0;8;2;65
coller;1;12;3;60
chapeau;26;8;2;39
annoncer;0;1;25;50
texte;2;7;3;63
taille;0;16;2;57
sang;3;6;16;49
rassurer;1;13;1;60
radio;1;9;3;60
quasiment;1;5;6;63
possibilité;0;8;5;62
malheureux;2;3;5;64
joueur;5;9;0;59
génie;8;49;4;12
emji_coeur_violet;39;4;1;5
complexe;1;0;4;70
collègue;1;12;5;57
collectif;1;1;9;64
chocolat;0;24;0;44
bio;1;2;1;71
baser;0;2;2;71
autoroute;0;1;1;66
abuser;0;14;2;59
ubs;0;3;14;53
tjrs;3;13;3;50
silence;5;0;31;36
restaurant;0;8;2;63
rapide;0;6;11;55
préciser;0;1;13;60
pr;1;8;8;46
mr;16;22;3;33
lever;4;6;11;52
extraordinaire;51;2;1;19
ex;2;7;7;57
engagement;10;0;19;45
emji_visage_éméché;2;36;4;18
emji_homme_avec_la_paume_sur_le_visage;1;22;4;30
efficace;0;6;5;62
congo;0;1;64;5
cancer;0;3;4;64
appartement;0;14;1;58
alimentaire;1;0;6;66
événement;0;6;8;58
vache;4;25;0;44
superbe;36;7;3;26
samedi;2;14;9;44
retard;0;7;2;62
lapin;0;7;0;61
intervention;0;1;12;56
former;0;1;6;65
emji_pouce_vers_le_haut_peau_moyennement_claire;43;6;0;12
emji_mains_en_prière_peau_légèrement_mate;31;4;4;12
technologie;0;1;2;67
stade;1;5;1;64
sage;22;5;0;44
pauvreté;0;0;3;68
oiseau;3;7;1;58
mtn;0;12;11;48
maintenir;0;0;5;66
macron;0;5;21;43
lâcher;5;7;11;49
enseigner;0;1;3;67
emji_homme_avec_la_paume_sur_le_visage_peau_claire;0;17;1;41
création;1;3;25;41
coupable;0;0;53;17
coin;1;8;1;61
censé;1;3;17;50
bourgeois;1;8;9;54
améliorer;1;2;1;67
adopter;2;3;5;61
publier;2;2;11;55
placer;0;4;6;61
occasion;0;2;4;65
ménager;0;8;1;58
menace;0;4;37;29
mariage;2;7;3;55
lettre;0;6;6;56
jardin;1;5;1;60
honnêtement;0;7;0;62
fumeur;0;4;0;61
faim;0;3;3;61
emji_visage_aux_yeux_en_spirales;0;42;0;20
diriger;1;0;25;45
concret;0;0;10;61
collège;1;10;0;58
agréable;7;5;0;59
étudier;1;3;5;58
ukrainien;0;0;39;27
tâche;0;5;0;61
tv;2;8;4;54
talent;12;2;2;52
sincère;21;1;6;39
signe;1;7;14;48
scène;7;5;6;51
quantité;0;1;2;66
qualifier;0;2;15;50
pantalon;2;30;1;33
neutralité;0;2;44;21
midi;0;11;0;54
meuf;1;32;2;31
inégalité;0;0;1;67
intervenir;0;1;14;52
gêner;1;1;3;62
générer;0;1;4;65
entièrement;3;5;4;58
emji_drapeau_brésil;34;0;1;5
décrire;1;4;5;58
convaincre;2;4;6;58
chaise;4;24;2;40
aéroport;1;1;2;52
élection;0;0;17;50
rencontrer;9;2;1;56
rapidement;1;3;6;57
paradis;16;2;1;49
norme;1;1;3;61
intégrer;0;3;2;62
intention;0;2;4;62
instagram;0;0;0;69
indépendant;1;3;17;48
fric;0;5;4;57
fournir;0;0;18;50
finance;0;1;32;36
fatiguer;0;3;8;57
empathie;1;3;2;63
culturel;0;2;5;62
contenir;1;0;2;66
apres;0;7;8;53
al;4;0;34;8
absurde;0;2;8;58
version;5;24;7;31
spécial;5;16;3;44
signifier;0;4;5;59
moderne;0;6;8;53
journal;2;1;2;59
insta;1;7;3;57
impliquer;0;0;17;51
honnête;0;4;14;49
félicitation;44;2;5;16
enfer;0;8;7;53
discussion;0;1;3;64
crever;0;7;2;58
congé;1;4;1;54
capitaliste;0;0;6;60
calculer;1;5;1;59
bombe;3;4;51;9
arrivée;2;9;5;51
anniversaire;34;2;1;21
abandonner;0;7;3;57
élire;0;0;45;20
vs;4;9;6;43
stupide;0;4;2;58
secteur;0;1;1;63
secret;3;5;6;48
régler;0;2;5;60
religieux;2;3;23;37
mélanger;0;6;8;53
ministre;0;1;23;39
mdrrr;0;21;3;43
explication;2;5;3;56
emji_homme_qui_hausse_les_épaules_peau_légèrement_mate;0;2;23;30
emji_femme_avec_la_paume_sur_le_visage_peau_claire;1;35;2;12
emji_cornes_avec_les_doigts;31;13;0;9
croiser;4;5;2;56
théorie;0;3;3;60
stp;2;14;3;46
solidarité;4;0;17;43
provoquer;0;1;16;48
médical;0;0;4;59
moche;1;32;3;27
lourd;0;9;4;53
instant;2;1;7;55
inscrire;1;9;5;51
grand_mère;9;18;0;38
geste;5;3;3;55
ennuyer;2;9;0;50
désormais;1;4;7;54
utilisation;0;5;7;52
sexuel;0;0;4;61
schneck;0;52;0;1
rejoindre;8;4;9;44
modèle;5;2;2;55
millionnaire;1;1;0;58
infrastructure;0;0;11;53
habit;2;3;0;57
déchet;0;1;0;56
cuisine;4;4;0;57
colonisation;0;0;52;12
code;1;3;4;55
allemagne;0;7;11;45
échelle;1;1;2;60
week_end;0;7;2;55
tradition;6;1;4;50
sentiment;1;0;2;58
résoudre;0;1;8;54
qqch;1;7;8;46
propriétaire;1;2;2;56
portable;5;6;1;51
piste;1;11;0;51
orient;0;3;46;13
officiel;0;1;6;57
nez;1;9;1;51
lutter;0;0;13;49
lunette;9;26;3;26
hésiter;1;4;7;52
emji_applaudissements_peau_légèrement_mate;26;0;0;5
danser;10;24;3;25
condoléance;36;3;3;22
concours;1;6;3;52
colon;0;3;53;5
ch;0;13;2;48
causer;0;1;16;46
bénéfice;0;1;1;61
bord;0;4;7;52
sincèrement;1;4;1;57
sein;0;3;10;49
punir;0;1;17;43
phénomène;1;4;3;54
ordinateur;0;3;0;57
opposer;0;0;29;34
marquer;7;4;5;47
là_bas;0;3;26;33
fragile;0;4;1;55
fesse;1;51;1;9
emji_visage_blasé;1;10;4;39
emji_coeur_vert;41;0;2;7
douceur;40;0;0;22
descendre;0;4;11;47
célibataire;2;4;0;54
cousin;4;37;0;16
cigarette;3;11;0;46
capacité;1;1;1;60
élément;0;2;5;55
éliminer;0;2;15;44
zéro;0;3;6;51
tort;1;5;6;49
test;0;0;1;60
sensé;2;0;12;48
scandaleux;1;4;28;28
remonter;5;11;1;43
orthographe;0;16;1;45
novembre;0;5;8;49
légende;12;7;0;42
lit;0;11;3;48
hypocrite;0;4;15;42
généralement;1;1;3;56
emji_visage_bâillant;2;6;6;26
emji_pouce_vers_le_bas;22;6;1;14
emji_homme_qui_hausse_les_épaules_peau_claire;0;2;5;51
emji_cotillons;24;3;0;4
don;2;3;11;44
domestique;0;0;0;60
direction;1;4;10;43
digne;5;1;6;49
couteau;1;16;5;39
court;1;8;3;48
comparaison;1;3;5;50
com;5;27;2;27
camion;1;1;6;49
violer;0;0;43;18
taire;3;5;26;27
revanche;0;2;5;54
prétexte;0;1;35;25
populaire;5;2;9;45
parfait;2;3;2;54
négatif;0;0;0;61
nègre;0;14;0;42
nu;0;9;0;50
libéral;0;0;5;53
existence;2;2;10;45
emji_coeur_avec_ruban;33;0;0;4
croix;5;5;8;32
chaussette;0;55;0;5
cff;1;4;0;56
égoïste;2;1;1;56
vente;2;3;3;50
trou;0;22;2;36
shein;0;3;1;54
rapporter;0;3;4;50
profond;0;1;6;53
patrimoine;4;2;1;53
fonds;1;7;4;48
facture;0;1;4;54
donnée;0;0;9;49
destruction;0;0;25;35
argentin;1;20;3;35
application;0;2;5;52
absolu;2;4;13;41
surprendre;0;2;7;50
suffisant;1;5;3;49
reconnaissance;2;0;21;36
ramasser;0;5;5;48
prénom;6;30;1;21
maîtresse;5;6;0;46
hâte;6;16;1;36
horaire;0;2;1;53
hausse;0;1;1;53
garantir;0;1;18;38
figure;6;5;5;43
favoriser;0;0;2;55
exposer;0;3;2;54
epoque;10;24;3;21
entrée;2;3;8;46
entraîner;3;6;4;44
emji_étourdissement;44;1;0;7
emji_coeur_grandissant;30;1;0;4
emji_coeur_bleu;38;1;0;4
effacer;0;0;11;47
co;1;5;3;47
cisjordanie;0;0;59;0
bureau;0;10;4;44
bateau;2;4;7;42
évident;1;2;5;50
électrique;0;6;0;50
écologie;0;1;0;56
turc;0;2;13;30
terrorisme;0;2;48;5
sportif;5;5;2;44
recette;4;3;0;50
pull;3;42;0;12
promettre;1;7;4;46
paquet;2;12;1;41
notion;0;1;4;52
interdiction;0;1;8;48
institution;3;1;16;37
industrie;0;1;2;55
ficher;0;6;11;41
emji_mains_qui_forment_un_coeur_peau_moyennement_claire;41;3;1;10
ect;0;2;2;51
dossier;1;3;12;41
contribuable;0;1;7;48
chute;0;3;7;47
auto;2;6;10;40
approcher;0;1;8;49
agression;0;1;6;50
équilibre;0;2;3;51
wc;0;49;0;4
viol;0;1;20;33
vent;2;14;4;34
tendre;5;4;2;45
team;8;44;2;1
présence;1;2;7;47
précédent;1;0;4;52
production;0;0;1;56
poisson;1;29;1;23
netanyahu;0;0;56;0
naissance;1;3;2;50
my;33;5;1;16
massacrer;0;0;52;5
masculin;1;1;0;54
km;0;4;1;48
julien;30;5;0;20
jet;0;12;3;42
invention;3;24;3;26
immigré;0;2;3;52
gâteau;1;11;2;40
familial;0;0;0;56
extérieur;3;2;3;47
exploser;0;6;5;46
exploiter;0;1;5;49
enrichir;0;1;1;52
emji_signe_de_la_main;17;7;0;27
curieux;0;3;2;52
coucher;0;5;1;48
bâtiment;0;0;10;46
business;0;3;6;44
blessé;0;0;32;22
black;1;3;46;7
avs;1;0;0;55
armer;0;1;42;14
ancêtre;6;9;2;39
pépite;37;7;0;11
pâtisserie;1;13;0;39
précisément;1;3;6;46
pratiquer;1;1;14;38
pneu;0;2;0;47
pigeon;2;2;2;46
observer;2;0;2;52
moto;1;4;0;48
légume;0;3;0;51
gestion;0;0;6;48
estimer;0;2;8;44
emji_visage_qui_tire_la_langue_les_yeux_plissés;6;35;1;6
emji_visage_anxieux_avec_goutte_de_sueur;2;27;0;8
emji_miam;15;30;0;4
emji_femme_avec_la_paume_sur_le_visage_peau_moyennement_claire;1;18;1;19
dépense;0;0;1;53
démocratique;0;0;29;27
contenter;4;3;1;47
communiste;0;4;22;30
clope;2;17;0;37
classique;4;19;4;29
énerver;0;7;1;44
voyager;0;1;0;54
reprocher;0;0;5;49
rajouter;1;6;6;42
près_de;2;9;5;38
poster;4;5;5;40
portugal;7;6;1;38
pomme;0;27;0;24
piscine;1;40;0;12
parcours;12;0;3;38
négocier;0;1;13;40
neuchâtel;5;24;1;25
insupportable;0;11;4;39
harcèlement;0;2;0;50
gaucho;2;2;6;44
flux;0;0;1;52
emji_biceps_contracté_peau_moyennement_claire;31;1;1;8
dent;0;24;3;25
cycle;6;12;0;35
construction;0;0;2;50
compétition;1;7;1;44
carrière;3;2;1;47
bouffer;0;14;4;36
équivalent;0;3;3;48
youtube;4;5;1;43
trafic;0;0;6;46
structure;0;0;2;51
serviette;0;44;0;5
référence;1;3;1;48
récré;12;17;0;24
regretter;2;2;2;47
prononcer;1;22;5;26
planter;2;4;0;48
piéton;0;1;1;46
piquer;0;8;3;43
no;11;12;4;24
moral;0;2;1;51
majeur;1;2;10;39
liban;1;0;49;3
identité;1;2;12;38
hauteur;0;1;2;50
emji_visage_déçu;4;3;1;40
emji_poignée_de_main;6;5;2;10
emji_coeur_enflammé;34;1;1;5
emji_coeur_avec_bandages;36;0;3;7
déni;1;4;14;34
débattre;0;1;1;52
créateur;1;2;2;45
coop;1;7;1;44
constat;1;0;2;51
conscient;6;0;5;43
claudia;45;3;0;4
chasser;1;3;7;42
bénéficier;0;0;7;45
bienvenue;9;13;6;26
bernard;16;10;0;27
ahah;5;31;0;18
actif;0;1;5;47
verser;1;1;9;38
toxique;0;1;2;46
st;1;18;1;31
récréation;26;2;0;24
pétrole;0;0;6;46
puissant;3;2;6;41
puissance;0;0;9;42
plat;1;12;2;36
ouai;0;14;4;32
odeur;2;37;0;13
occident;0;1;29;21
nier;0;0;15;37
netflix;0;16;0;37
multiplication;0;2;0;51
maître;1;3;3;46
football;1;2;3;46
espoir;6;2;5;40
emji_étoile;22;0;1;2
emji_mains_levées_peau_claire;36;4;1;10
emji_doigts_croisés;20;0;1;14
cour;3;5;18;26
compétence;1;0;1;50
commerçant;0;1;6;44
assassiner;0;0;52;1
apparaître;1;4;2;45
alimenter;0;0;5;48
évidence;1;1;6;42
éthique;0;0;5;46
victoire;5;2;6;39
supposer;0;4;7;41
solitude;0;0;0;48
rythme;0;3;1;48
respirer;0;0;1;50
proposition;3;0;3;46
profondément;4;1;4;43
numéro;4;3;1;40
musée;0;3;2;46
maximum;1;2;7;38
malin;0;7;3;42
lecture;0;0;1;50
journalisme;2;0;20;28
gaz;0;0;21;31
foule;0;0;23;28
facteur;1;2;2;47
excuse;0;1;9;42
entourer;4;1;2;44
emji_visage_avec_un_doigt_sur_la_bouche;2;14;4;28
emji_soleil;32;4;0;7
emji_flocon;20;7;1;5
emji_drapeau_algérie;34;0;0;1
drame;1;5;4;41
cracher;0;6;6;40
comporter;0;0;9;43
commercial;0;0;15;37
cochon;7;6;3;33
chinois;0;4;4;43
île;2;5;2;19
torture;0;1;38;9
tonne;0;1;17;30
tit;5;33;0;8
suffisamment;0;0;4;47
sanctionner;0;0;30;20
réserver;1;3;7;40
réfléchi;1;4;3;42
roue;1;6;1;41
ongle;0;10;1;35
légitime;0;0;17;34
jai;1;7;1;38
idéal;2;2;6;39
emji_partition;38;1;0;6
diviser;1;0;11;39
courageux;6;0;7;38
circulation;0;0;2;49
chaos;0;1;35;15
ba;1;6;1;41
asie;0;5;3;42
adresse;0;1;3;44
épisode;9;2;12;25
valable;2;1;6;41
supplémentaire;0;2;2;46
strictement;0;2;8;39
résumé;7;6;1;35
répression;0;0;15;34
repartir;2;0;4;44
prévention;1;0;3;43
opportunité;1;1;4;43
nobel;0;1;37;12
mythique;31;8;2;9
montant;0;1;2;47
industriel;0;0;8;41
importance;2;4;6;38
fleur;3;6;2;38
fantastique;25;6;0;19
extrémiste;0;3;20;25
emji_ok_peau_claire;29;6;1;8
détourner;0;0;20;30
durer;2;1;7;39
douchette;0;48;0;1
documentaire;10;2;2;34
discrimination;0;0;4;42
convenir;1;2;1;45
constitution;0;0;24;24
conclusion;0;1;5;44
cesse;0;0;14;36
abri;0;5;9;31
élu;1;0;8;37
échapper;1;4;11;31
volontaire;0;0;9;39
video;8;4;3;34
trajet;0;0;0;47
tester;2;2;3;42
suicide;0;0;3;45
régulièrement;0;1;6;42
réduction;0;0;1;48
rembourser;0;0;0;48
rater;3;21;2;22
plage;0;33;1;13
philosophie;7;0;0;39
pcq;0;2;6;41
outil;0;1;3;44
nommer;0;5;13;31
moteur;1;8;0;37
mer;0;15;5;28
mdrr;1;13;2;32
lune;0;22;1;22
interroger;1;6;6;36
indiquer;1;1;7;38
grève;1;1;2;37
employer;1;1;12;34
emji_visage_bleu_et_froid;7;26;0;6
emji_biceps_contracté_peau_claire;23;1;0;8
dictature;0;0;32;15
concentrer;0;1;3;45
charge;0;0;0;45
cantonal;0;4;4;40
bizarrement;0;9;18;22
benett;1;44;1;3
attirer;0;2;3;41
accorder;1;1;8;37
équitable;0;1;3;43
église;0;2;9;37
échec;0;1;4;42
visionnaire;28;4;1;15
vif;2;24;1;21
uniforme;0;2;4;40
télévision;4;3;2;39
trouble;0;1;7;39
surveiller;1;2;3;39
satisfaire;1;4;3;39
rarement;0;3;1;44
raclette;7;35;0;3
québec;3;41;0;3
punaise;5;22;2;19
progrès;0;1;0;43
pratiquement;0;1;3;43
pot;1;8;2;37
pluie;5;31;0;10
ouverture;0;3;0;44
omg;11;32;0;5
note;2;1;1;42
normalement;0;6;2;40
net;0;4;0;42
mépris;0;3;2;43
médicament;1;0;0;45
massif;0;0;14;34
lundi;3;22;3;18
juge;0;4;10;32
intime;1;37;0;10
intellectuel;0;1;2;44
injustice;0;1;18;29
influence;0;2;6;38
humble;9;1;0;38
global;1;0;0;44
fonder;0;1;7;39
fifa;1;1;4;42
emji_visage_sans_expression;0;5;0;27
disponible;2;0;1;45
correspondre;0;2;4;41
concert;15;3;1;26
commander;0;2;5;40
chasse;1;6;1;39
biais;1;1;1;42
agresser;0;0;12;36
agent;1;1;12;32
adolescence;11;16;0;21
wallah;0;10;1;36
vieillir;5;7;0;34
tiktok;2;3;1;41
stress;1;2;1;41
somme;1;2;2;42
précieux;12;0;0;35
privilège;0;1;0;41
principalement;0;1;4;42
pointer;0;2;8;36
opération;1;0;16;29
oeuf;0;8;1;37
négociation;0;0;12;34
nettoyage;1;2;24;20
léman;1;24;0;16
jouet;1;4;0;40
hôtel;1;11;2;31
exiger;0;1;10;34
exercice;1;2;6;36
engendrer;1;0;4;41
emji_main_avec_index_pointant_à_droite;3;2;11;14
emji_coeur_bleu_clair;23;3;0;6
emji_cent_points;33;2;0;7
emji_arbre_à_feuilles_caduques;12;0;0;2
décevoir;0;8;1;37
critère;0;3;3;39
craindre;0;5;5;37
corriger;3;4;4;36
bisou;10;1;1;35
barre;0;11;5;31
automobiliste;0;0;0;46
annonce;0;0;10;36
admettre;0;1;3;42
abus;0;1;9;36
électricité;0;0;0;42
écosystème;0;1;1;43
z;2;21;0;21
trottinette;1;7;0;37
tolérance;0;0;16;29
ravir;1;3;4;38
qualifié;0;0;7;38
ptdr;1;18;3;24
psy;0;1;0;45
précision;7;4;2;33
pourcentage;0;0;1;43
poil;0;5;1;40
parisien;1;21;0;23
paire;4;16;1;25
orange;2;8;2;34
nuance;0;0;4;41
modeste;6;2;0;38
jesus;1;2;7;33
it;25;4;5;11
injuste;0;2;5;38
inconnu;1;5;1;39
festival;3;5;6;32
faveur;0;0;15;30
enseignement;2;0;0;42
emji_sapin_de_noël;33;2;0;6
effectuer;0;1;6;38
désirer;1;4;5;35
corde;13;0;0;32
contrat;0;0;6;37
compréhension;0;1;1;44
capital;0;0;0;43
bénir;25;0;2;19
bombardement;0;0;42;2
album;5;9;0;29
agressif;0;3;7;35
accueil;0;0;3;42
élever;2;0;1;41
vague;0;20;2;23
turquie;0;4;14;27
succès;3;0;0;42
sensible;4;2;4;35
réussite;3;1;2;37
of;8;5;2;26
naïf;1;1;5;38
monstre;2;4;25;11
maroc;6;3;8;28
lavette;0;40;0;0
iphone;1;16;0;28
héros;11;0;16;18
george;12;6;1;25
emji_poing_levé;19;6;6;11
cycliste;0;1;0;40
coloniser;0;0;35;6
christ;5;2;6;32
chaussure;2;30;0;13
charme;25;3;1;15
canada;3;12;4;17
asseoir;0;1;4;40
écart;1;0;1;39
voiler;1;6;5;30
urgence;0;0;0;44
trottoir;0;4;1;38
température;1;9;0;33
strict;0;0;4;40
siège;0;2;6;32
similaire;0;4;2;38
salarial;0;0;0;43
récent;0;2;8;34
rose;4;9;1;26
renforcer;0;0;8;35
raccourci;0;1;6;36
québécois;2;40;0;1
qd;0;6;0;38
péter;0;12;3;29
printemps;9;28;1;3
negre;0;24;0;16
modifier;0;2;3;37
maltraiter;0;0;8;36
identifier;1;2;7;34
fil;0;0;2;40
fenêtre;1;1;1;40
emji_visage_neutre;0;2;1;32
emji_femme_qui_hausse_les_épaules_peau_claire;0;5;2;35
emji_drapeau_états;17;0;13;13
déposer;1;1;13;29
déplaire;2;1;8;33
crème;0;11;1;29
couille;0;23;0;21
confortable;0;1;1;40
choquant;0;2;9;31
carton;1;3;3;36
brave;4;5;1;34
aveugle;0;5;9;30
artificiel;0;3;1;39
absence;0;1;14;29
abonnement;0;1;0;40
utilité;1;13;3;26
tecktonik;1;30;0;8
stratégie;0;0;8;35
souligner;0;0;7;36
smartphone;1;1;0;41
salarié;0;1;0;41
réunir;2;0;5;36
procès;0;0;26;16
pathétique;0;3;4;36
marge;0;1;0;41
manipuler;0;1;10;32
honneur;2;3;2;35
folie;0;3;3;36
entrain;0;4;10;29
emji_ok_peau_moyennement_claire;18;6;1;14
dégueulasse;0;23;3;15
définir;0;1;7;34
défaut;0;0;3;40
complicité;4;0;32;7
cheval;0;15;1;26
chambre;0;10;3;30
bienveillance;8;1;1;32
ange;14;3;4;20
and;18;3;3;18
agresseur;0;0;14;27
établir;0;0;7;35
élocution;7;1;1;33
économiser;0;0;1;40
user_;4;5;5;28
systématiquement;0;1;5;36
supermarché;0;0;1;39
second;0;14;2;26
robot;0;2;0;37
prince;4;18;1;18
pk;0;4;1;36
nostalgique;7;8;0;27
moin;0;3;0;39
militant;0;1;17;24
micro;4;8;0;29
maltraitance;0;1;1;40
large;1;2;8;31
kosovo;1;2;26;9
immobilier;0;0;0;39
huile;0;19;1;15
francais;0;13;2;26
fabuleux;27;1;0;14
exploitation;0;1;3;37
espagnol;0;6;3;32
emji_feuille;32;0;3;3
emji_explosion;12;4;1;17
emji_coeur_rose;23;2;0;6
emji_coeur_battant;21;0;0;1
développement;0;1;2;39
doucher;0;17;0;23
distance;0;0;0;41
crèche;0;1;1;38
clé;1;0;3;38
bienveillant;6;2;0;34
ahaha;5;33;0;4
accessible;1;1;0;40
étrange;0;1;6;34
énergétique;0;0;0;39
york;3;1;2;32
surface;0;1;1;39
secte;0;3;1;37
récemment;1;1;14;25
réaliste;2;0;2;37
rigolo;0;18;2;21
reprise;0;0;15;26
prôner;0;0;10;29
plante;2;1;2;35
paiement;0;0;2;35
ouin;0;6;2;10
option;1;1;1;38
nazi;0;1;27;12
mio;0;1;1;33
minimiser;0;0;11;30
merveille;19;2;2;18
menacer;0;1;11;28
maîtriser;0;1;4;36
maternel;0;1;2;37
instituteur;2;0;0;36
gazaouis;0;0;37;3
fossile;0;0;1;36
fortement;0;2;3;36
essence;0;3;1;37
emji_visage_démoralisé_avec_goutte_de_sueur;2;4;2;28
emji_symbole_d_avertissement;0;1;5;27
emji_mains_levées_peau_moyennement_claire;23;2;0;9
emji_drapeau_italie;5;23;0;4
désigner;0;0;5;34
croyance;1;1;2;36
canon;4;3;27;6
bouffe;0;11;1;29
bin;1;7;4;29
avocat;0;3;13;25
attentat;0;2;36;1
visible;0;1;0;38
union;1;0;17;21
trafiquant;0;0;24;13
tcheu;24;7;1;7
sonner;1;21;2;13
solaire;4;2;0;32
radar;1;1;0;37
pénal;0;0;15;23
péjoratif;0;0;2;38
pudeur;9;0;0;31
préserver;2;0;3;35
privilégié;0;1;1;36
paysan;4;6;1;28
parc;1;3;1;32
oral;1;4;0;35
opposé;0;3;5;30
max;0;5;0;35
mai;0;4;10;24
léger;4;12;2;22
jaloux;1;20;1;18
infirmier;1;1;0;35
impunité;1;1;33;5
habituer;3;4;1;32
gratuitement;0;1;0;38
genou;1;18;1;20
geneve;0;14;3;20
fr;0;6;3;30
expert;1;4;4;31
exception;0;1;1;38
ennemi;0;0;13;25
emji_tête_de_mort;5;10;7;6
emji_fleur_de_cerisier;32;0;0;3
emji_couronne;29;0;0;3
détail;2;3;4;31
démocrate;0;2;19;14
délit;0;1;19;18
creuser;0;0;6;34
consulter;0;0;0;40
colère;0;1;8;30
coincer;1;10;6;22
chéri;4;17;4;14
bol;1;9;7;23
aspect;0;0;0;39
aigri;0;15;0;23
équité;0;0;0;36
émettre;0;1;3;34
élevage;0;0;0;39
éclater;3;7;4;25
virer;0;3;2;34
univers;3;2;0;34
toit;1;2;3;33
réclamer;0;2;11;25
reproduire;2;0;1;36
rencontre;3;1;1;34
recommencer;1;2;11;25
privilégier;0;0;4;34
patriarcat;1;2;0;35
particulièrement;1;0;1;37
papi;23;2;1;13
nouvel;0;4;7;28
noter;1;6;5;26
munition;0;0;3;34
mimi;36;0;1;2
masculinisme;0;0;1;37
majoritairement;0;1;6;32
lamentable;0;0;4;35
ironie;1;3;3;32
inflation;0;2;0;36
idiot;1;2;1;35
hab;2;2;4;31
go;10;11;1;14
gentillesse;20;1;1;17
financement;0;0;9;29
exercer;0;0;11;28
ete;1;5;4;26
etais;0;19;0;20
envahir;0;1;22;16
emji_bouton_coché;3;16;5;10
détriment;0;0;6;33
dégager;5;4;6;23
ducoup;0;3;0;36
dose;0;1;0;35
donald;1;2;31;3
contenu;2;0;1;36
commission;0;13;14;12
chauffage;1;2;0;34
champ;0;2;2;35
ceinture;1;4;1;33
brésilien;1;4;16;16
briser;2;1;16;20
brigitte;5;1;1;30
boulangerie;1;8;0;28
bancaire;0;1;8;28
automne;4;32;0;3
attente;0;1;4;34
éternel;4;1;3;30
votation;0;2;4;32
vendeur;1;3;1;30
valaisan;2;32;0;4
statut;0;0;7;31
sketch;0;23;1;14
sion;0;4;9;24
révolution;1;3;4;30
rétablissement;31;0;0;7
résident;0;1;1;32
réfugié;0;0;22;14
rolex;3;3;1;30
remise;0;1;6;31
qqn;1;1;3;32
provenir;0;0;9;29
presse;0;2;8;28
poulet;2;3;0;31
orienter;0;1;2;33
occupation;0;3;32;2
new_wave;7;25;0;2
mélange;1;4;0;33
mystère;1;20;0;16
multiple;0;0;3;35
marketing;0;5;3;30
mandat;0;0;19;18
louper;1;13;3;21
jambe;2;15;1;19
infini;4;1;1;32
indispensable;1;12;0;25
gouverner;0;1;14;22
fumée;0;1;2;35
extermination;0;0;35;3
entretien;1;2;1;34
emji_visage_endormi;3;11;1;20
délire;0;18;3;16
douleur;4;2;7;23
documenter;1;1;13;22
dignité;3;0;7;28
dealer;0;8;1;27
criminalité;0;0;5;32
conducteur;0;0;0;37
cirque;0;1;11;24
circuler;0;0;5;33
charmant;23;4;0;11
blâmer;0;0;3;33
artifice;2;1;4;28
amoureux;9;1;1;26
administration;0;1;1;36
élégance;19;3;0;15
écraser;0;1;5;31
vitrine;0;0;20;17
tribunal;2;0;24;11
transparence;0;0;1;36
temu;0;3;0;32
tarif;0;5;0;31
séparer;1;6;3;26
sucre;0;9;0;28
stopper;0;0;8;27
splendeur;5;3;15;14
soulever;1;2;2;31
révéler;0;1;6;29
russe;0;1;26;8
rayon;2;1;0;34
psychologique;0;0;1;36
prostitution;0;1;0;35
promesse;0;3;9;24
procédure;0;0;11;25
libération;0;1;27;9
inclure;0;0;9;28
ignorant;0;2;1;33
héritier;0;1;1;33
goûter;6;7;0;24
glace;3;18;0;16
faune;0;0;0;36
exigence;2;2;3;28
esclave;1;2;2;32
emji_visage_expirant;1;4;1;28
emji_index_pointant_vers_le_haut;5;7;8;12
emji_homme_avec_la_paume_sur_le_visage_peau_légèrement_mate;0;7;2;8
emji_biceps_contracté_peau_légèrement_mate;18;2;1;3
dépression;0;1;0;36
dinguerie;1;10;1;25
cuisiner;0;4;0;30
condamnation;0;0;16;21
aise;0;1;0;36
évoquer;3;2;6;24
étape;2;2;1;30
you;15;5;4;8
woke;0;1;1;33
walkman;8;26;0;0
vaccin;1;0;4;30
troisième;1;0;2;32
surprenant;1;4;4;27
spécialiste;1;1;2;32
spectacle;0;2;3;30
solide;1;4;0;30
situer;0;1;2;33
serrer;1;2;1;32
semer;0;1;30;4
semblant;0;2;5;29
romance;0;0;0;29
risquer;0;1;8;27
représentant;0;1;9;25
renvoyer;1;0;4;30
recul;1;2;0;33
record;5;8;0;22
percevoir;1;1;2;29
parfum;0;22;0;11
ouiiii;28;3;0;5
officiellement;0;1;20;14
montage;3;1;4;27
min;0;5;1;28
milice;0;0;24;12
meurtre;0;0;13;23
maturité;12;1;0;23
louvre;0;5;1;29
japonais;1;28;0;5
interviewer;0;3;0;33
inquiétant;0;0;1;34
indépendance;1;0;16;19
inadmissible;0;0;11;25
immeuble;2;3;0;29
fake;0;5;1;30
faciliter;0;0;5;31
epstein;0;0;15;17
emji_personne_qui_hausse_les_épaules;1;3;1;30
emji_mains_en_prière_peau_mate;15;0;1;6
emji_coeur_noir;23;2;3;3
déguiser;0;3;9;24
décidément;0;4;12;20
dynamique;0;19;0;17
durée;0;1;7;28
douter;1;3;5;27
dividende;0;0;0;23
connait;0;2;2;32
concurrence;0;1;0;34
co2;0;0;0;36
cliché;0;7;1;28
catégorie;0;1;2;31
boy;1;14;0;21
bot;1;12;4;18
aérien;0;3;7;24
avril;2;24;2;6
assister;0;3;7;25
alternative;0;1;0;35
algérie;2;9;12;13
ados;0;3;2;31
acquérir;0;1;2;33
étoile;3;6;4;22
écriture;5;0;0;30
vomir;0;3;3;29
typique;0;2;4;29
traîner;0;3;2;29
tentative;0;0;5;29
stresser;2;4;0;26
soumission;0;0;4;29
roman;4;5;1;24
racine;0;3;1;30
prévenir;0;1;5;29
phase;0;0;2;32
personnalité;6;0;1;28
passeport;0;1;2;30
parallèle;0;2;5;27
panier;0;0;2;33
nucléaire;0;1;5;29
lait;0;11;0;22
japon;0;6;4;25
idéologique;0;0;6;29
google;1;6;0;28
fêter;1;2;6;25
féliciter;1;1;6;27
fuite;0;3;8;24
exagérer;0;4;0;31
enjeu;0;0;3;32
emmental;1;28;0;3
emji_mains_qui_forment_un_coeur_peau_légèrement_mate;23;0;1;3
emji_coeurs_qui_tournent;23;0;0;3
ego;0;0;0;35
défi;2;5;0;28
domicile;0;0;1;33
divorce;0;1;0;32
corrompre;0;1;28;6
convention;0;1;18;16
compenser;0;1;3;30
comparable;0;1;4;30
colonial;0;0;30;4
censurer;0;0;3;29
catholique;0;3;2;30
cassis;1;0;29;5
camarade;1;5;3;26
bijoux;1;0;0;34
beurre;1;5;0;20
b2;0;1;0;33
ambiance;6;4;1;23
ado;1;5;1;26
administratif;0;0;13;20
aberrant;0;3;3;29
équilibré;0;1;0;33
çà;1;4;3;26
zurich;0;1;0;32
wokisme;0;1;0;31
vendredi;0;21;1;11
valaisans;0;17;0;16
témoigner;5;1;5;22
traumatiser;1;4;1;27
tordre;0;0;1;33
tas;0;1;1;30
syrie;0;0;29;4
sympathique;6;11;1;16
star;11;12;1;10
signaler;0;1;4;28
septembre;0;0;7;25
recommander;1;1;2;30
préféré;12;6;0;16
proportion;1;1;5;27
piège;0;0;2;32
peinture;1;4;0;27
parking;0;1;0;31
office;0;1;1;32
métro;0;3;0;31
mission;2;3;2;27
miracle;2;2;3;26
lorrain;0;23;0;2
larme;10;1;4;19
jaune;3;13;0;18
isolé;0;3;5;26
islam;0;0;15;18
huitante;1;25;0;5
front;0;4;5;24
filer;0;4;0;30
fast_food;0;20;0;12
fasciste;1;0;16;16
extraire;1;1;5;27
empire;0;2;15;14
emmener;1;3;2;28
effondrer;0;1;2;31
effectif;0;0;4;29
draguer;0;1;1;26
document;3;1;9;20
delà;1;1;3;29
cotisation;0;0;0;31
corporel;0;2;1;30
conversation;1;1;0;31
constructif;0;0;0;34
conduite;0;1;0;33
cité;0;1;6;27
cf;0;0;5;29
catastrophique;0;1;2;31
capter;1;10;0;23
bière;0;14;0;20
atmosphère;1;1;0;29
août;2;5;3;24
abe;2;0;1;31
émotionnel;0;1;2;30
élite;0;1;7;25
égypte;0;1;30;0
visite;1;5;5;22
tjr;0;5;0;28
taff;0;0;0;32
sommeil;0;3;2;27
salade;2;20;2;8
résumer;0;1;5;27
réserve;1;2;0;29
régaler;5;23;1;4
réchauffer;1;2;0;30
resto;0;2;0;31
rabaisser;0;2;3;24
qqun;0;3;2;26
processus;0;1;10;22
priver;0;0;1;31
prier;3;5;10;13
patient;0;0;3;28
ouvert;0;1;1;31
nettement;0;1;1;31
mètre;0;5;2;24
maîtrise;0;3;2;28
loup;0;2;3;28
jordanie;0;0;32;1
hallucinant;1;3;4;24
généralité;0;3;1;28
généraliser;0;0;0;33
guy;2;3;3;21
françois;1;19;0;13
factuel;0;0;2;29
etes;6;4;0;21
entourage;2;1;0;30
employeur;0;1;0;31
emji_coeur_jaune;25;1;1;1
déterminer;0;0;4;29
dépendant;0;0;0;31
décembre;0;4;1;27
disposition;1;0;3;28
croissance;0;0;0;33
cornet;0;30;0;1
copier;1;4;3;24
constamment;0;1;6;26
compagnon;2;0;1;28
claque;1;12;1;19
centime;0;2;0;30
caca;0;27;0;6
bénéfique;0;0;0;33
bâton;1;1;1;30
budgétaire;0;1;0;30
brillant;6;5;0;22
bobo;0;5;5;23
best;27;2;0;4
barrière;1;2;0;29
auteur;1;2;3;25
auprès_de;0;2;2;28
alimentation;0;0;0;32
éteindre;0;4;1;25
université;0;1;2;29
trier;0;3;0;27
traumatisme;0;3;2;26
tiers;0;1;5;25
tempête;1;7;2;21
standard;0;2;3;25
so;23;2;1;6
section;0;0;3;28
romands;0;4;0;28
reparler;0;0;3;28
refléter;1;0;5;26
recruter;0;2;7;23
radical;0;0;15;15
purement;0;0;1;31
potentiel;0;2;2;28
portée;0;1;6;25
politiquement;0;0;5;27
plr;0;1;0;31
patte;3;6;0;23
parceque;2;2;4;24
multinationale;0;0;2;28
moix;1;25;0;3
michel;2;17;1;12
masque;0;5;8;19
louis;2;18;2;9
lot;2;2;2;26
kidnapper;1;2;27;1
intégration;0;0;1;31
illusion;0;0;1;31
galer;0;0;0;32
fribourgeois;1;18;1;11
fidèle;2;4;7;19
facilité;0;0;3;28
existant;1;0;2;28
entretenir;0;1;5;26
enterrer;0;1;9;21
emji_soleil_avec_visage;16;5;0;7
emji_fondue;9;17;0;2
déménager;0;2;0;30
découverte;1;5;1;25
disparition;1;2;3;26
diffuser;1;0;1;30
dark;0;0;0;27
coter;0;3;7;21
contredire;0;1;3;28
communication;0;0;3;29
combler;1;0;1;30
cohérent;0;2;5;25
champignon;0;4;0;26
canard;1;5;0;25
calmer;0;3;2;27
boule;0;15;2;15
boiter;0;2;0;29
blond;2;21;0;9
biodiversité;0;0;0;29
bb;9;1;1;20
balcon;2;2;0;28
bac;0;5;0;27
autonome;0;1;1;30
attraper;1;4;2;25
appareil;1;3;1;27
amusant;2;4;2;24
amazon;0;1;0;31
affligeant;0;0;0;32
accusation;0;0;17;15
époux;3;0;1;27
épargner;0;1;4;25
ère;0;2;5;24
xénophobe;0;2;4;24
voyou;1;7;18;5
volontairement;0;0;4;26
visiter;2;1;5;23
vachement;0;2;3;26
usine;0;1;0;27
tunisie;3;19;6;2
troll;0;7;0;24
symbole;0;1;8;21
stats;0;0;0;29
soucier;0;0;2;28
sensibilité;2;1;0;28
râler;0;3;1;27
retraité;0;1;0;29
représentatif;1;1;5;24
relier;0;0;3;28
raser;1;4;7;19
ptn;0;11;1;19
poésie;7;1;0;22
plomb;0;1;1;28
plier;0;8;3;19
pilote;2;3;0;24
pardonner;1;5;3;22
pacifiquement;0;0;22;9
organisme;0;0;7;24
nuisible;2;1;1;27
neurone;0;2;1;28
mécanisme;0;0;1;30
mythe;0;3;1;27
mouton;1;4;1;24
mortel;0;2;0;29
migrant;0;1;5;25
look;5;16;0;10
juridique;0;0;6;24
jalousie;0;0;1;30
issue;0;1;4;26
issu;0;1;1;29
interdit;0;1;19;10
frustration;0;3;3;25
for;19;2;3;7
financièrement;0;0;1;30
fierté;2;0;0;29
fiable;0;1;7;23
ferrari;1;9;0;19
exterminer;0;0;24;7
essuyer;0;21;1;8
emji_visage_fatigué;3;17;0;8
directeur;0;1;0;30
diplôme;0;0;0;30
dater;0;3;2;26
cultiver;0;1;2;28
couverture;0;2;9;19
conviction;1;2;1;27
contact;0;0;2;29
carrie;30;0;0;1
biensur;0;10;3;17
barrage;0;1;3;24
bardot;3;0;1;26
bad;1;4;1;25
au_delà;0;3;2;26
attribuer;0;0;3;28
alpe;1;5;3;21
abattre;0;2;7;22
étouffer;1;0;3;26
établissement;0;0;2;28
épuiser;0;2;2;24
volant;0;3;0;26
vallée;2;14;1;11
subside;0;0;0;29
sec;0;13;2;12
sauce;1;7;3;19
saisir;0;0;3;25
rio;1;1;24;4
revendiquer;0;2;8;20
relayer;0;1;15;14
recycler;0;3;2;25
reconnaissant;3;0;2;25
qualification;0;0;0;28
qq;0;7;1;21
promener;0;3;1;25
pont;0;2;0;27
plateau;1;10;0;18
pilier;0;1;1;25
pc;0;0;0;30
oups;3;18;2;7
occurrence;0;2;3;25
norvège;1;0;2;26
navrer;0;0;0;30
météo;0;4;0;26
mécanique;0;0;0;30
mobiliser;0;0;13;17
lgbt;0;1;5;24
lent;0;0;0;28
lamal;0;1;0;28
is;6;3;4;17
inhumain;0;1;19;10
influencer;0;1;1;27
humoriste;1;0;0;29
grand_père;2;10;0;18
graine;1;1;1;27
genevoise;1;8;0;21
gagnant;0;0;1;28
famine;0;0;23;6
esclavage;0;1;4;25
enfermer;0;0;8;22
emji_visage_étourdi;0;25;1;2
emji_visage_stupéfait;3;10;2;8
emji_visage_effrayé;0;17;0;5
emji_sac_plein_d_argent;0;3;1;16
dénigrer;0;0;4;25
débrouiller;5;1;2;22
douane;0;0;4;26
disposer;0;0;1;29
deviner;0;4;2;24
descente;7;14;1;8
daron;1;23;0;4
croyant;1;0;1;28
cop;0;1;0;27
cibler;0;1;8;21
chauffer;0;7;1;22
censure;0;2;1;27
calculatrice;2;3;0;24
bouclier;0;0;17;12
boucle;3;1;0;26
biologique;0;1;0;29
bienne;5;2;0;21
bien_être;1;0;0;29
arrogance;0;1;1;25
allumer;1;14;2;12
ahhh;5;17;0;8
age;0;5;1;24
admirer;7;1;0;22
équiper;2;5;2;20
édition;2;3;0;22
vulnérable;0;0;4;25
vrm;2;8;5;13
venezuela;4;1;23;1
valide;4;1;1;23
usager;0;0;2;26
transporter;0;3;1;25
trace;0;4;0;22
terrasse;0;2;0;26
séquence;9;8;0;12
soupe;1;20;2;5
sondage;1;3;0;23
secours;0;5;2;22
sdf;0;0;3;26
sarkozy;0;1;26;1
routier;1;0;2;26
rh;0;0;0;27
recyclage;0;2;0;23
qatar;0;1;27;1
q;4;7;2;14
publiquement;0;0;8;19
publicité;1;2;4;22
prédateur;0;0;1;27
précaire;0;0;5;23
promotion;0;2;2;25
polémique;0;0;1;28
physiquement;0;1;0;28
pet;0;16;0;13
persuader;0;0;1;28
payant;0;1;1;27
parer;3;1;1;24
papy;5;6;1;17
panneau;2;1;0;25
offusquer;0;1;0;27
numérique;0;0;0;29
nuage;0;5;0;24
médiatique;0;1;17;11
mini;2;4;0;23
maire;1;1;9;18
like;6;17;0;6
janvier;0;7;2;19
insécurité;0;1;0;27
inde;0;2;7;20
incompétent;0;0;5;24
hygiénique;0;25;0;4
généreux;6;2;1;20
gras;0;5;1;22
fusil;0;2;11;14
fonctionnement;0;0;2;27
fléau;0;1;1;27
fixer;1;4;1;23
exploit;1;3;2;23
excessif;0;0;1;28
encadrer;0;1;5;23
emprisonner;0;1;18;10
emmerder;0;9;1;18
emji_index_pointant_vers_l_utilisateur;6;19;0;2
emji_croix_latine;15;0;3;2
déplacement;0;0;4;25
démarche;0;0;2;27
déjeuner;1;0;0;23
déclaration;0;1;8;20
diversité;0;1;0;26
dessin;4;1;2;21
croissant;0;10;1;16
consigne;0;1;0;25
conservateur;0;2;5;22
combattre;0;2;6;20
colis;0;6;0;21
clavier;0;4;0;24
chantier;0;2;0;27
cedh;0;0;20;2
basique;0;0;1;27
applaudir;0;1;7;21
amitié;7;1;4;17
agriculture;0;2;2;24
afghanistan;0;0;20;8
éloquence;22;0;0;5
éloigner;0;1;2;25
électronique;0;1;0;26
vincent;10;6;0;6
valoriser;1;0;0;26
tsr;6;7;1;13
touriste;0;1;7;19
terreur;0;0;24;4
tendresse;12;1;0;15
sélectif;0;1;11;15
séjour;0;3;0;25
symptôme;0;1;1;26
survie;0;1;2;25
sublime;23;0;0;5
stylé;9;16;0;3
sombre;0;6;0;22
slogan;0;1;9;18
skier;1;6;0;21
seigneur;10;1;1;16
savoie;0;11;0;15
résister;0;3;8;16
république;1;0;16;6
robe;1;5;3;18
ressortir;1;2;4;20
refuge;0;0;2;24
rat;0;2;3;22
racheter;1;3;3;21
queue;0;3;0;25
qi;0;7;1;20
pôle;0;5;1;20
puer;3;8;2;15
proportionnel;0;1;6;21
pq;0;19;2;7
pls;0;22;2;4
pleurnicher;0;1;3;22
parlement;0;0;4;24
ouvrier;0;0;1;25
oppression;0;0;16;11
neuchâtelois;2;23;0;2
nati;6;1;0;19
méditer;11;1;2;14
médian;0;0;1;25
motiver;1;1;2;24
moquerie;0;1;0;24
meurtrier;0;1;19;8
menteur;0;5;11;11
maths;0;3;0;25
masqué;0;0;15;13
manipulation;0;1;6;20
magie;10;2;0;15
mafia;0;0;7;19
lunaire;1;6;2;19
jacques;2;10;0;16
inverser;0;2;6;20
haïr;0;10;7;7
gang;0;2;20;5
fun;8;8;2;10
fiction;0;1;0;27
fascisme;0;1;9;18
exécution;0;0;28;0
excès;0;1;0;27
exclamation;20;0;0;2
etaient;1;2;11;13
entrepreneur;1;1;2;22
emporter;0;2;2;24
empoisonner;0;0;2;25
emji_visage_rouge_et_chaud;5;11;1;6
emji_hibiscus;13;0;1;1
emji_femme_qui_hausse_les_épaules_peau_moyennement_claire;0;3;2;21
détresse;0;0;0;27
dérouler;1;2;9;15
domination;0;0;2;26
distribuer;0;2;2;23
dette;1;0;0;26
cyril;2;26;0;0
crédit;0;3;1;24
croquette;0;1;0;26
couler;2;4;1;20
costume;1;17;2;8
corée;0;2;9;16
contester;0;1;7;20
contacter;0;2;2;24
conjoint;0;0;0;26
concrètement;0;0;2;26
choc;0;2;0;26
chauffeur;0;2;0;23
cercle;1;0;1;25
brutal;0;0;14;13
bouton;0;18;1;9
bouchon;0;3;0;25
botte;0;7;2;19
bernois;0;11;3;13
benetton;0;23;0;2
bein;2;5;0;21
banaliser;0;0;2;25
associer;0;0;1;27
apartheid;0;0;26;2
allié;0;0;18;8
allah;1;1;7;18
aliment;0;0;1;27
adolescent;4;2;1;21
accrocher;0;1;0;27
é;16;3;3;3
we;22;0;0;4
vouvoyer;0;0;0;26
tkt;0;2;1;24
taxé;0;1;0;25
tante;2;13;0;10
substance;0;0;2;24
spécifique;0;1;0;26
soignant;0;0;2;25
socialisme;0;1;3;22
signature;3;0;5;19
romain;1;2;13;10
revendre;0;2;3;22
rempli;0;3;1;22
rechercher;0;1;6;20
rassemblement;0;3;22;2
ras;0;1;8;18
raisin;0;4;0;5
pénurie;0;1;0;25
propriété;0;0;2;24
promouvoir;0;0;5;22
poursuivre;0;0;11;16
poursuite;0;0;2;24
pointe;1;2;1;23
perspective;1;1;1;23
parental;0;0;0;25
palestiniennes;0;0;26;0
ordinaire;2;1;3;21
nécessité;1;0;5;21
mêler;0;2;3;22
missile;0;2;20;4
mine;2;5;3;17
mercredi;0;9;1;16
malsain;1;2;1;22
malhonnête;0;1;5;21
lobby;0;2;0;23
jsp;0;1;5;21
iran;3;1;21;2
ingénieur;0;1;0;26
hérisson;2;0;0;23
hurler;0;4;5;18
guillemet;0;0;12;13
féminicides;0;0;2;25
frs;0;2;0;22
flipper;0;9;1;17
exemplaire;2;0;17;7
exclure;0;0;8;19
examen;0;1;1;25
entité;0;0;25;1
emji_visage_confus;0;2;1;23
emji_trinquer;21;1;0;3
emji_trace_de_rouge_à_lèvres;14;0;0;1
emji_ruban_de_mémoire;7;0;3;1
emji_fleur_fanée;14;0;0;4
emji_drapeau_union_européenne;5;0;1;1
emji_coeur_point_d;20;0;0;1
détenir;0;0;4;22
détendre;0;7;4;16
dégrader;0;0;1;26
dégradation;0;0;15;11
dsl;0;15;0;12
douer;1;2;0;24
différemment;0;3;1;23
description;0;2;3;22
conclure;0;0;6;21
concevoir;0;3;2;22
composer;0;0;2;25
chatgpt;0;7;0;19
chanteur;14;1;0;9
boucher;0;1;10;16
boomers;0;3;2;22
boomer;0;2;0;25
bonhomme;6;6;2;13
bloc;0;1;19;7
bla_bla;0;13;3;9
bille;7;0;0;20
authentique;8;2;1;16
affreux;0;10;4;13
adn;0;1;2;22
aborder;0;0;0;27
évidement;0;2;4;19
éventuellement;1;0;0;24
écolo;1;6;0;19
vital;0;1;2;23
vierge;0;2;0;13
vieillesse;3;2;1;20
témoin;0;0;11;15
tunnel;0;1;22;1
tram;0;2;0;23
ticket;4;1;0;20
thé;1;22;1;2
taf;0;3;0;23
tabac;0;1;0;24
succession;1;0;0;25
sexiste;0;2;0;24
scooter;2;2;1;21
saut;9;1;0;14
salon;2;5;0;19
résistance;0;0;18;8
réprimer;0;0;24;2
rémunérer;0;1;1;24
réguler;0;1;1;24
réf;5;15;1;5
remboursement;0;0;1;23
rejeter;0;0;5;21
redonner;0;2;1;23
recréer;5;7;1;11
ranger;1;6;1;17
préoccuper;0;0;6;20
pov;1;18;2;5
potentiellement;0;0;4;22
portugais;0;5;1;19
pleuvoir;1;11;1;11
pisser;0;7;0;18
piller;0;0;13;13
performance;1;0;2;23
pause;0;1;2;22
organisateur;0;0;18;8
naturellement;1;0;0;25
morceau;2;6;0;17
montreux;2;1;0;23
mdrrrr;0;13;1;12
marrer;1;15;0;10
marathon;2;1;1;19
majoritaire;0;0;1;25
louer;1;3;3;19
lobbys;0;1;3;21
livrer;0;2;7;17
liquide;1;11;0;14
kilomètre;1;3;2;20
jupe;0;10;0;16
jogging;0;7;0;16
interne;0;0;13;13
insulte;0;1;1;24
inoubliable;9;7;0;10
hey;2;3;0;20
franchise;1;2;0;21
fatigue;0;1;0;25
escargot;0;7;0;8
emji_visage_avec_yeux_ouverts_et_main_sur_la_bouche;0;10;2;14
emji_médaille_d;10;0;0;4
emji_globe_tourné_sur_l;2;1;17;2
emji_billet_avec_des_ailes;0;5;0;8
embaucher;0;2;0;24
détenu;0;0;21;4
dérèglement;0;0;0;26
délinquant;0;2;3;21
définitivement;0;5;7;14
dictateur;0;1;15;9
deuil;0;1;2;23
céder;0;0;6;20
crétin;0;25;0;1
constant;1;1;5;19
collaboration;0;1;22;3
citation;1;0;2;19
chialer;3;7;1;14
cheville;0;14;0;11
chalet;1;4;0;21
carnivore;0;1;0;24
boycotter;0;0;5;20
block;0;1;21;4
bitcoin;0;0;1;22
bannir;0;1;2;22
baiser;0;15;0;11
annuel;0;0;0;26
ampleur;0;0;4;22
alsace;0;18;0;4
aisé;0;0;0;25
agence;0;0;1;22
accumuler;0;0;0;26
xd;0;17;0;8
vestimentaire;1;5;0;18
veste;0;15;1;9
verbe;0;0;0;25
tragédie;0;1;10;14
théâtre;0;0;0;25
tache;0;1;0;21
swisscom;0;3;0;20
solidaire;0;0;0;25
savoyard;0;8;1;13
sapin;1;9;0;14
salariales;0;0;0;25
réunion;2;3;5;13
répartition;0;0;0;25
répandre;0;1;6;17
ruine;0;0;5;20
rond;0;4;1;20
roller;10;5;0;10
rigueur;1;1;1;22
restriction;0;0;4;19
restreindre;0;0;7;17
requin;0;2;0;21
rente;1;0;1;22
rage;0;3;5;17
pétrolier;0;0;0;25
précarité;0;0;0;25
profession;0;0;0;24
probleme;0;0;1;23
pesticide;0;0;0;25
perturber;0;5;0;20
out;1;1;0;19
ouiii;16;3;0;6
opprimé;0;0;22;2
opposition;0;2;9;12
ohhh;16;3;0;6
objectivement;0;0;2;23
médecine;1;0;1;23
misogyne;0;0;0;25
malheur;0;2;4;19
lula;0;3;20;2
lucidité;15;0;0;10
lover;11;1;1;10
linge;0;16;0;9
limité;0;0;3;22
lentement;0;7;0;18
lavage;0;6;3;16
jsuis;1;3;0;20
invasion;0;3;11;11
interpréter;0;0;2;22
instaurer;0;0;6;18
innovation;2;1;0;19
inculte;0;3;2;20
hui;0;0;2;22
gâter;0;1;2;21
gentiment;0;3;1;21
fréquenter;0;0;0;24
feuille;0;6;3;16
faillite;0;1;0;24
exécuter;0;0;19;5
er;0;2;7;15
emji_empreintes_d_animaux;12;0;0;3
emji_abeille;14;0;1;2
embêter;1;2;1;21
dégoûter;0;9;1;15
déconnecter;0;2;1;22
divin;3;1;1;19
discret;5;2;0;18
david;4;0;14;6
culte;3;0;2;20
cou;0;11;4;10
coran;0;1;1;23
comédien;7;1;0;16
compassion;1;0;3;21
claudette;23;0;0;2
claude;4;18;0;3
cicr;0;0;12;13
chips;3;19;0;2
centrale;0;0;0;24
caractère;2;0;2;21
capitale;2;0;3;17
boutique;2;2;0;21
boulanger;1;3;0;21
bar;1;2;0;20
bandit;0;1;7;16
aîné;2;1;1;21
automatique;0;0;1;24
atrocité;1;0;14;10
assistant;0;1;0;24
asiatique;0;1;2;22
appart;0;5;1;19
antisémite;0;0;24;1
angoisse;1;2;0;22
albanais;2;2;18;1
affiche;5;2;0;18
accomplir;2;2;0;21
absurdité;0;2;4;18
étage;1;1;1;20
âne;0;2;2;17
xénophobie;0;0;1;23
vegan;0;1;0;23
tupperware;0;8;0;16
trésor;16;2;1;5
tronche;1;6;3;14
tri;0;1;0;22
tolérer;0;0;5;19
thème;1;0;1;20
sélectionner;1;1;1;21
systémique;0;0;0;22
subjectif;0;0;1;23
silencieux;1;1;6;15
signification;0;1;2;21
sauveur;0;0;8;16
sanitaire;0;3;1;19
représentation;1;1;1;19
propagande;0;1;4;19
poussin;1;5;1;16
pompier;0;1;1;22
pile;0;5;3;15
patriarcal;0;1;1;22
parmis;1;1;4;18
parier;0;1;4;19
ouest;3;0;5;16
organe;0;1;8;14
oncle;0;14;2;8
natalité;0;0;0;22
mesurer;1;0;0;23
mars;0;4;0;20
loisir;0;0;0;24
lointain;1;1;1;21
linguistique;0;1;0;22
lidl;0;15;0;9
islamique;0;0;19;4
interpeller;0;1;2;21
insultant;1;0;1;21
instruction;0;0;0;24
imagination;0;0;2;22
humilier;0;0;4;19
home;3;1;1;19
gris;1;14;0;9
glisser;0;2;1;21
gaspillage;1;0;0;22
gain;0;2;0;22
frisson;15;1;1;7
francophone;1;3;0;19
ford;18;3;0;3
fm;0;0;0;20
ems;0;1;0;21
emji_visage_en_colère;0;8;1;6
emji_mains_levées_peau_légèrement_mate;12;3;0;7
ecole;2;1;1;20
dramatique;0;1;3;20
disney;4;5;0;15
culotte;0;18;0;5
cuire;1;7;0;16
cqfd;0;1;6;17
continu;0;0;3;21
conserver;4;2;1;17
confusion;0;2;4;18
complémentaire;0;0;1;23
cognitif;0;1;2;21
classement;0;0;0;24
choco;1;7;0;15
che;10;8;0;1
carbone;0;0;0;24
cambriolage;0;0;2;21
caillou;0;12;1;11
britannique;0;0;11;8
balader;0;3;2;19
babibouchettes;18;1;0;4
attitude;0;1;5;18
asf;0;0;1;22
appuyer;0;5;2;17
apercevoir;1;3;0;20
addiction;2;0;0;22
actionnaire;0;0;1;21
aboutir;0;1;2;21
a2;0;1;0;23
what;7;9;1;4
votations;0;0;1;22
visibilité;0;0;3;20
victimisation;0;2;4;17
universel;0;0;8;15
tribune;0;1;1;19
tranche;0;5;1;16
traduction;0;7;1;14
tir;0;0;9;14
taser;0;0;0;22
synonyme;0;0;4;19
swiss;2;2;2;15
surement;0;0;2;20
surconsommation;1;0;0;22
sueur;0;13;2;8
stériliser;2;0;0;20
station;1;1;0;21
sommet;1;0;10;9
secondaire;0;0;0;23
saccager;0;0;15;8
rivière;2;4;0;15
repos;1;0;0;22
refus;0;0;3;20
rattraper;1;2;2;18
questionner;0;1;1;21
quart;0;4;1;17
préférence;4;2;0;17
propager;0;0;11;12
presser;0;6;0;16
polir;1;0;0;22
plafond;0;0;0;22
piger;0;5;0;18
pfff;0;4;3;16
patois;1;17;0;3
passionner;6;0;1;14
partisan;0;0;8;15
partenaire;1;2;1;19
oooh;8;4;2;9
musk;0;3;0;20
multiplier;0;1;2;20
massivement;0;0;3;20
lycée;1;4;0;18
lucide;0;0;0;23
librement;0;1;3;19
latin;0;3;2;18
lara;15;0;0;7
judiciaire;0;1;16;6
interprétation;2;2;0;19
indignation;0;0;15;7
incompréhensible;1;0;3;19
immédiat;0;2;5;16
illégalement;0;0;14;9
illustre;0;0;2;21
helvétique;2;2;1;18
gâté;0;0;0;21
gille;20;1;0;2
fédération;1;0;11;9
frigo;0;11;0;11
fraude;0;1;2;19
flemme;0;8;0;15
flagrant;0;0;4;19
favela;0;1;14;6
exprès;0;2;2;19
ethnique;0;0;20;3
etats;0;0;19;4
emji_personne_avec_la_paume_sur_le_visage_peau_claire;0;5;0;12
emji_papillon;14;0;0;1
eme;1;4;1;16
effrayant;0;3;1;19
décès;1;0;3;19
douteux;0;0;1;22
dominer;0;0;3;20
discipline;2;1;0;19
dialogue;1;0;2;20
dessiner;1;2;1;19
deal;0;2;5;16
côte;0;0;3;20
couture;0;5;0;17
contraint;0;0;0;23
considération;0;0;2;20
connecter;3;3;1;16
communisme;0;2;5;14
coca;0;10;1;12
clown;0;4;2;17
classer;0;1;3;16
cahier;1;4;0;16
bâle;0;2;0;19
bug;0;1;0;19
briller;5;3;2;13
boss;7;9;1;6
bonnet;1;16;1;5
blessure;0;0;6;17
bdg;7;12;0;4
barrer;2;6;0;14
ballon;1;2;1;19
avancé;1;0;1;21
apéro;0;17;1;5
approprié;0;0;7;16
annemasse;1;3;2;14
alémanique;0;0;0;22
alpage;4;4;0;15
agenda;0;1;3;19
affronter;0;1;3;19
affamer;0;0;22;1
admirable;2;0;1;19
adhérer;0;1;2;20
activement;0;0;8;15
accompagnement;1;2;0;19
acceptable;0;0;4;19
étiquette;0;2;1;19
élégant;5;4;0;13
yverdon;6;14;0;2
wagon;0;0;0;21
vétérinaire;0;0;1;20
traditionnel;0;2;2;18
totalité;0;0;4;18
torturer;0;3;18;1
timbre;1;13;0;6
thune;0;1;0;20
thermique;0;0;0;22
t_shirt;0;11;1;10
séance;0;2;0;19
subventionner;0;0;4;18
subvention;0;0;1;20
slide;1;2;1;17
singe;0;1;0;18
sexisme;0;0;1;21
serafe;1;0;2;19
savon;0;17;0;2
salutation;10;2;2;8
saluer;1;0;4;17
répétition;0;0;1;21
réparer;0;1;2;18
régresser;0;3;0;19
régner;0;1;4;17
récolter;0;0;4;18
rock;4;8;2;7
riponne;0;1;0;21
restant;0;5;2;15
rendez_vous;0;0;0;21
relativement;0;0;0;22
rebelle;0;3;12;7
rapprocher;0;0;0;22
proximité;0;1;1;20
pilule;0;0;2;20
pdg;0;0;0;17
patate;1;11;0;7
passionnant;7;0;1;14
ombre;1;3;1;17
noble;2;6;0;12
nigeria;0;0;21;1
natif;0;2;1;19
médiocre;0;0;1;21
musical;0;7;1;14
motif;0;4;13;5
mixte;3;0;0;19
miss;8;4;0;10
maquiller;1;8;1;12
lynx;1;0;0;17
limitation;0;0;3;18
language;2;2;2;15
journalistique;0;0;7;15
john;12;4;0;6
ironique;0;2;3;17
indécent;0;0;1;21
indien;1;4;1;16
immédiatement;1;1;7;13
identique;1;4;1;16
humaniste;0;1;9;11
hpi;2;7;1;11
hommage;7;0;1;14
homicide;0;0;0;19
habitat;0;0;0;22
gta;0;17;1;2
grands_parents;0;0;2;20
gardien;1;4;5;11
garantie;0;1;4;17
four;1;4;0;17
fondre;5;8;2;7
foncer;0;2;2;18
fer;0;2;0;20
fascinant;2;0;1;19
fantasme;0;1;0;21
explosion;1;3;4;14
erroné;0;0;4;18
emji_visage_souriant_avec_des_cornes;0;6;1;9
emji_tête_qui_parle;9;1;2;5
emji_point_d_exclamation_rouge;1;1;2;6
emji_pierre_précieuse;17;0;0;1
emji_nuage_avec_neige;12;1;0;1
emji_ninja_peau_mate;0;1;20;0
emji_drapeau_cap_vert;9;0;0;0
elon;2;1;1;18
efficacité;1;0;2;19
détention;0;0;20;2
doucement;0;4;1;16
diffamation;0;3;2;16
dessert;0;6;0;15
design;1;3;0;18
dab;0;0;0;17
crédibilité;0;0;10;12
créatif;5;1;0;16
coûteux;0;0;0;22
coucou;3;2;3;14
constituer;0;0;10;12
consister;0;0;2;20
consacrer;1;1;2;18
conjugal;0;0;0;22
collier;3;11;1;7
chanceux;2;2;0;18
certitude;1;2;1;18
cautionner;0;0;15;5
cardinal;17;2;0;1
bronzé;0;10;0;11
batterie;0;2;2;13
barbe;2;8;5;6
avérer;0;1;2;19
automatiquement;0;2;4;16
arrestation;0;0;17;5
arnaque;0;2;1;19
argumenter;0;0;0;22
argumentation;0;3;3;16
architecte;0;0;0;20
apparence;1;0;0;21
anonyme;0;0;2;20
angleterre;0;3;2;17
aldi;1;12;0;8
agriculteur;0;1;1;19
agressivité;0;1;2;19
afrique_et_l;2;1;16;2
2cv;0;12;0;10
émouvoir;10;0;0;11
échouer;0;0;3;17
yes;13;1;1;5
yen;1;6;3;10
wikipedia;2;3;1;15
vrmt;2;6;1;11
vigile;0;0;0;18
veille;2;4;1;14
transpirer;1;12;1;7
tranquillement;0;2;1;18
trafiquer;0;3;5;12
tourisme;0;0;1;20
tete;0;9;2;8
tektonik;1;17;0;3
taxi;0;2;1;17
tabasser;0;0;3;17
sélection;1;1;0;19
socialement;0;0;0;21
slip;2;19;0;0
simpliste;0;0;0;21
scénario;0;3;1;17
schéma;0;0;1;20
réparation;0;1;9;10
régal;11;3;0;7
royaume;1;2;7;11
rentable;0;0;1;20
renoncer;0;0;3;18
reine;8;1;1;8
reculer;0;5;0;16
racial;0;0;5;16
pénible;0;1;1;19
protagoniste;5;2;0;13
projeter;0;0;0;21
producteur;0;1;0;19
pourrir;0;0;2;19
poupée;0;1;0;19
pognon;0;1;1;19
pipi;0;16;2;3
pharmacie;1;5;0;15
peser;0;3;1;17
panne;0;6;1;14
palais;1;1;1;15
ouvrage;0;0;0;18
original;5;4;1;11
onde;0;0;0;20
obsession;0;2;3;16
nocif;0;1;0;19
naturaliser;0;3;0;18
narratif;0;0;9;12
moule;0;1;0;19
mobilité;0;0;0;20
mnt;0;3;0;17
mexique;0;2;7;7
légendaire;15;2;0;4
locataire;0;0;1;18
licencier;0;0;2;19
juriste;0;1;0;17
jo;0;0;0;19
irlande;1;0;0;18
informatique;0;0;0;21
inacceptable;0;0;8;13
halluciner;0;7;0;14
haineux;0;0;5;16
gênant;0;3;0;18
géant;0;2;1;18
goat;21;0;0;0
globalement;0;2;2;17
gay;1;0;2;16
fumigène;0;0;0;20
fixe;0;1;0;20
exorbitant;0;0;0;21
envisager;0;0;1;20
ennui;0;6;1;13
enceinte;0;3;0;17
emji_visage_légèrement_mécontent;0;5;2;9
emji_visage_déconcerté;0;5;1;9
emji_main_qui_écrit;5;0;10;0
emji_jeune_pousse;7;1;0;11
emji_doigts_croisés_peau_claire;8;0;1;3
emji_coeur_orange;16;0;0;2
déclencher;0;0;15;5
débarrasser;1;0;5;15
distribution;0;0;1;19
destiner;0;0;2;19
dalle;1;4;1;15
cultivé;0;2;0;19
crâne;0;7;0;14
crainte;0;0;0;20
contrainte;0;0;2;19
congolais;0;7;9;5
confronter;0;0;7;14
compréhensible;0;0;1;20
comm;0;3;0;18
combinaison;3;1;0;17
colonie;1;2;9;9
collaborer;1;0;12;8
coco;2;12;0;7
chimique;0;2;1;18
chaux;1;9;0;11
cellule;0;2;2;15
cassette;0;15;0;5
carré;1;4;2;14
burlington;0;21;0;0
brun;1;18;0;0
bourrer;0;8;0;13
bisounours;0;3;2;16
big;2;4;0;15
banane;0;15;0;6
b1;0;0;0;21
avaler;0;4;1;16
assureur;0;2;0;18
artisan;0;0;0;20
appellation;0;2;2;17
analyser;0;0;0;21
amélioration;1;0;1;19
afghan;0;0;7;13
adresser;1;0;0;20
aberration;1;1;0;19
aaaah;2;19;0;0
2x;0;2;1;18
2h;0;3;1;16
24h;0;2;9;9
égard;0;0;2;18
éducatif;0;0;1;19
éclairer;0;0;2;18
yémen;0;0;19;1
végétal;0;1;0;17
vulgaire;0;1;1;18
virus;0;0;0;19
violeur;0;0;13;5
valider;1;0;1;17
vaisselle;0;7;0;12
uefa;0;0;1;18
transmission;0;0;0;20
traduire;0;3;1;16
terriblement;3;3;0;14
tableau;3;1;2;13
suicider;0;0;1;19
stérilisation;3;0;0;17
structurel;0;0;0;19
stratégique;0;0;6;14
stage;1;3;1;14
spectateur;0;0;2;17
souris;0;1;0;18
sorcier;0;6;1;12
révolu;2;1;1;16
récit;2;0;0;18
rn;0;7;3;10
punk;0;9;0;10
punition;0;1;2;17
prédire;0;6;3;10
productif;0;0;0;20
plonger;0;3;2;15
piéger;0;0;0;20
permanence;0;1;1;18
paysage;2;1;0;17
patriote;0;1;1;18
patience;1;2;2;15
ouchy;3;6;0;10
oubli;1;1;9;9
otan;0;1;13;6
océanie;0;0;0;19
nécessiter;0;1;4;15
not;3;1;9;7
naïveté;3;1;2;14
méchanceté;0;0;2;18
mâle;0;2;0;18
moustique;0;10;0;10
mordre;0;1;9;10
miroir;1;3;0;16
minoritaire;0;0;5;14
menu;0;10;0;10
matelas;0;2;0;16
là_dessus;0;4;2;14
live;0;3;0;16
lingot;0;3;1;16
lfi;0;2;13;4
lavabo;0;16;0;2
lacune;0;2;0;18
intimité;0;5;0;15
insister;0;0;2;18
inexistant;0;1;3;16
inciter;0;0;1;18
importation;0;0;1;18
immonde;0;4;11;4
icône;9;0;1;9
harceler;0;2;0;18
handicap;0;2;0;17
hahahaha;1;14;2;3
guide;0;1;2;16
good;10;1;0;9
gent;2;5;1;11
gaffe;0;6;1;13
freiner;0;1;1;17
fermeture;0;2;0;18
espérance;0;0;0;20
emji_visage_déguisé;2;0;0;16
emji_pop_corn;1;12;1;4
emji_bouquet;13;2;0;3
désastre;0;3;2;15
désagréable;0;3;0;17
définitif;0;0;10;9
déconner;1;14;0;5
dimension;0;1;4;14
dignement;0;0;2;16
descendant;0;4;3;12
denner;1;5;0;13
céréale;0;0;1;18
cuisse;0;16;0;4
cruel;0;0;1;19
cotiser;0;0;0;20
contradiction;0;0;3;17
consentement;0;0;3;17
communiquer;0;0;0;20
collectivité;0;0;1;19
coach;0;2;0;18
chômeur;0;2;0;16
château;1;3;0;15
christian;2;0;4;14
chercheur;0;2;1;16
ce2;0;2;0;16
cauchemar;0;1;1;18
carence;0;0;0;18
cap;7;2;0;10
btc;0;0;0;17
bonbon;1;7;0;12
bilan;0;0;3;16
biaisé;0;1;1;18
bern;0;1;4;15
balayer;0;2;8;8
bagnole;0;3;1;14
aventure;3;3;0;14
autoritaire;0;0;8;12
aujourd;0;0;0;19
attiser;0;0;17;3
attacher;1;0;1;17
arbitraire;0;0;11;8
apparement;1;2;3;14
ahahah;2;12;0;6
activiste;0;0;14;4
2e;0;4;3;13
1ère;0;2;1;17
électoral;0;0;2;16
égo;0;1;2;16
ème;0;1;0;17
wtf;0;17;0;2
vider;1;2;4;12
tunisien;1;14;1;1
trauma;0;0;0;19
transition;0;1;0;17
transaction;0;0;7;12
trans;0;1;0;15
trahir;0;1;4;14
thérèse;3;15;0;1
sécuriser;1;0;2;16
symbolique;0;0;1;18
suède;0;1;1;17
suggérer;0;1;0;18
spécialiser;0;0;0;18
spontané;3;1;1;13
souverain;0;2;7;10
souhait;3;1;1;14
souffle;2;3;0;14
smartphones;0;0;0;19
seum;0;12;0;6
seuil;0;0;0;19
serieux;0;2;3;14
sel;0;0;0;17
schnek;0;18;0;0
sable;0;3;1;15
résolution;1;0;16;1
réforme;0;0;0;19
réflexe;0;0;0;18
rome;0;1;1;16
revendication;1;0;7;11
restauration;0;1;0;18
restaurateur;2;1;2;14
rdv;1;2;0;14
pyjama;2;7;0;9
présentateur;4;7;0;7
protéine;0;0;1;18
propreté;0;8;0;11
progresser;0;0;0;19
procurer;2;1;0;16
prestation;0;0;0;19
postal;0;6;0;13
possession;0;3;1;15
pompe;1;3;1;14
plait;2;0;2;14
pic;0;3;3;13
pffff;0;2;1;16
performant;0;2;1;16
pencher;1;1;1;16
peace;2;1;5;7
passionné;3;0;0;16
passif;0;0;2;17
participant;0;0;7;11
ouvertement;0;0;8;11
ordonner;0;0;10;9
oms;0;1;8;7
ofs;0;0;0;19
neuch;13;1;0;5
netanyahou;0;0;18;0
médaille;1;0;1;17
mouche;1;6;1;10
monopole;0;2;2;15
modification;2;0;0;17
modestie;10;0;0;9
maxi;9;8;0;2
lingette;0;18;0;0
lambda;0;0;1;18
laine;2;7;0;10
jpp;0;13;2;4
jeûne;0;2;0;16
introduire;0;1;1;17
inspiration;4;8;0;7
innocence;4;0;1;14
inaction;0;0;9;9
herbe;1;1;0;16
gâcher;1;3;1;14
guérir;0;0;2;17
guitare;3;8;1;7
grippe;0;2;0;16
gratter;0;4;0;15
gonfler;0;0;1;18
frérot;1;13;1;4
fast;0;4;0;15
faiblesse;0;2;1;16
expulser;0;0;7;11
express;0;2;1;16
exigeant;3;0;0;16
enregistrer;0;3;0;16
enfaite;0;0;3;16
empreinte;1;0;0;18
emji_visage_en_colère_avec_des_cornes;1;11;0;2
emji_père_noël;7;4;0;6
emji_oeil;0;10;0;2
emji_note_de_musique;13;1;0;2
emji_homme_qui_hausse_les_épaules_peau_moyennement_claire;1;5;0;9
emji_croix;0;7;2;5
emji_conifère;9;0;0;3
emji_bouteille_de_champagne;10;3;0;3
emji_arc_en_ciel;13;0;1;5
déverser;0;0;2;17
dériver;0;0;4;15
déplorable;0;1;4;13
dépendance;0;1;0;18
démonstration;1;2;0;16
dédier;2;0;4;13
débloquer;0;9;0;10
doubler;0;3;2;13
di;2;12;0;4
cruellement;1;0;0;18
conséquent;0;0;2;17
conférence;0;0;2;16
condescendant;0;1;1;17
concentration;0;0;2;17
comique;1;2;1;14
collaborateur;0;0;4;15
cm2;0;1;0;17
chaton;0;0;0;19
charité;0;2;0;17
championnat;0;0;0;19
cendre;0;0;1;18
cagoule;0;1;15;2
c2;0;0;0;18
c1;0;1;0;16
bro;2;12;0;5
bretagne;0;1;0;18
bourse;0;0;0;18
benjamin;0;5;13;0
barbarie;0;0;13;6
auprès_des;0;1;5;13
arracher;0;3;3;13
armement;0;0;13;6
annuler;0;1;5;13
amnesty;0;0;15;3
alain;1;14;2;1
ahh;3;4;0;12
affect;0;0;0;19
adaptation;0;0;0;19
accélérer;0;2;1;15
abordable;0;0;0;19
abandon;1;0;1;16
3h;0;1;1;17
étendre;0;1;3;13
ému;7;3;0;8
yodel;1;3;1;11
whatsapp;0;1;6;11
waouh;3;4;0;11
vénézuélien;0;1;12;5
vilain;2;3;2;10
vice;0;1;3;14
ventre;0;1;1;16
vd;0;4;0;14
valise;0;1;0;16
tueur;1;1;13;3
trompeur;0;0;1;17
tournée;1;3;3;11
tesla;0;1;0;15
talentueux;14;0;0;4
sushis;0;18;0;0
stable;0;1;2;15
singapour;1;0;2;14
sexualité;0;0;0;18
réveil;1;2;0;15
régional;0;1;0;17
réciter;2;0;2;14
ruiner;0;0;0;17
roger;7;7;0;4
respectable;0;0;3;15
repousser;0;1;4;13
relâcher;0;1;8;9
relativiser;2;0;1;15
relatif;1;1;2;14
rejet;0;0;4;14
redescendre;0;0;0;18
red;0;1;0;17
reconstruire;0;0;10;8
rassurant;0;5;0;13
raisonner;0;0;1;17
raisonnable;2;1;1;14
quotidiennement;0;1;6;11
pétition;0;0;5;13
pépé;7;8;0;3
pâte;0;5;0;13
ptit;0;7;0;11
préjugé;0;0;0;18
proportionnellement;0;0;0;18
pourvoir;1;0;2;15
port;0;0;0;18
pme;0;0;0;17
plutot;0;1;4;13
plateformes;0;0;0;17
plaisanter;0;2;2;14
pillage;0;0;10;7
pervers;0;0;0;18
perle;13;2;1;2
parvenir;0;1;3;14
ong;0;0;8;10
omettre;0;0;1;17
ohh;7;3;1;7
océan;0;3;2;13
nuire;0;0;5;13
nana;1;3;0;13
métal;0;8;0;9
multi;0;0;0;18
meuble;0;4;0;13
marelle;8;0;0;10
légèrement;0;7;1;9
life;5;10;0;3
licenciement;0;0;0;18
lausannois;2;2;0;14
lacrymo;0;0;15;2
k;0;1;1;15
juin;1;3;3;11
jeudi;0;3;2;13
invité;2;3;1;12
instruire;0;0;1;17
insecte;0;0;0;18
initial;0;1;2;15
inférieur;0;0;2;16
incendie;1;1;4;12
imposition;0;0;0;17
imaginaire;0;1;0;17
ignoble;0;2;4;12
idf;0;2;12;2
habituel;0;1;1;15
h24;0;2;3;12
géopolitique;0;1;4;13
généraliste;0;1;0;16
génocidaire;0;0;18;0
grossesse;0;0;0;18
grimper;0;1;0;17
greta;5;1;5;7
geler;0;14;0;3
gazer;0;0;9;9
garde;0;1;2;15
game;11;0;0;5
férié;0;2;2;13
fée;6;0;0;11
fracasser;0;0;6;12
fisher;18;0;0;0
filtre;0;4;0;13
faillir;1;5;1;10
esthétique;0;0;0;18
errant;0;0;0;18
entraîneur;0;3;0;15
emji_visage_avec_bouche_en_diagonale;0;0;1;17
emji_verre_de_vin;7;8;0;0
emji_v_de_la_victoire_peau_claire;10;0;3;4
emji_trophée;13;0;0;0
emji_pouce_vers_le_bas_peau_claire;0;4;3;5
emji_fusée;12;0;0;1
emji_double_point_d_exclamation;3;1;2;6
emji_bougie;16;0;0;0
dîner;0;12;0;5
dérive;0;0;1;17
démonter;1;2;1;13
dégoûtant;0;10;2;6
défenseur;0;1;5;12
découler;0;0;4;14
déclin;0;0;2;15
drh;0;0;0;17
donneur;1;0;2;15
docteur;2;3;1;11
distinction;0;1;5;12
dissociation;0;0;0;18
dissimuler;0;0;8;9
disque;0;0;3;15
desservir;0;0;2;16
daniel;2;11;0;5
culpabilité;0;0;0;17
coudre;0;3;0;15
convertir;0;0;4;14
contraception;0;11;0;6
continuation;4;0;1;13
composition;1;0;0;17
compatriote;0;0;5;13
collant;0;1;0;17
clou;0;9;0;9
civilisation;0;0;1;16
circonstance;1;1;0;16
cible;0;0;4;14
chemise;0;11;0;7
cdm;0;1;0;15
cave;1;1;1;14
cassé;0;2;4;11
bruyant;0;0;2;16
bronzer;0;3;0;13
branche;0;1;3;14
bonté;9;0;0;9
blaireau;0;0;0;18
be;5;3;3;7
baigner;0;2;2;14
australie;0;0;8;10
audience;0;2;2;14
atroce;1;1;3;13
argumentaire;0;2;2;14
annees;4;4;0;8
alcoolique;0;0;0;18
ajd;0;1;1;16
abusif;0;0;3;15
abolir;0;0;3;15
abeille;2;3;0;12
1ere;1;1;1;15
étrangement;1;0;1;15
étatique;0;0;6;11
éponge;0;16;1;0
épanouir;3;1;1;12
échanger;1;0;2;14
ç;1;3;1;12
végétarien;0;0;0;17
vielle;1;3;1;12
variable;0;1;11;5
urgent;0;1;4;12
tissu;1;4;1;11
tiroir;0;13;2;2
tapis;0;1;2;14
syndrome;5;2;1;8
suspendre;0;0;6;10
surchat;16;0;0;1
story;0;1;3;12
stabilité;0;0;0;17
squat;2;1;0;14
sous_entendre;0;0;6;11
soi_disant;0;0;7;10
satellite;0;1;1;15
salir;0;0;6;11
révolutionnaire;2;3;1;11
républicain;0;1;10;5
rive;1;3;0;11
rendement;0;0;0;15
remplacement;0;4;0;13
remarque;1;2;1;13
redire;1;0;1;15
recrue;0;1;1;15
rassembler;1;2;2;12
rageux;0;5;0;12
puch;13;3;0;1
présentation;1;3;0;13
primordial;0;1;1;15
postuler;0;3;1;13
portrait;4;0;2;11
portant;0;0;7;10
porno;0;3;0;14
poitrine;0;12;0;1
plume;0;1;0;15
pitoyable;0;1;0;16
pib;0;0;1;16
philippe;1;3;1;11
pharma;0;0;0;17
permanent;0;0;0;17
perception;0;3;0;13
participation;0;0;5;12
parasite;0;1;1;15
pacifiste;0;0;14;3
outrance;0;0;0;17
originaire;0;1;11;5
orientation;0;1;0;16
opérer;0;0;2;14
olivier;0;1;2;13
olala;0;5;1;11
objectivité;0;0;2;15
nerveux;0;7;0;10
naturalisation;0;0;0;17
napoléon;0;10;0;5
mouillemerde;0;16;0;1
motivation;1;0;2;14
men;1;2;10;1
mascarade;0;1;3;13
marcel;1;7;0;9
maduro;0;1;15;0
made_in;1;0;0;15
luxembourg;0;1;2;13
lumineux;8;0;0;9
litre;1;8;0;7
ligue;1;0;2;14
lausannoise;1;0;0;15
kebab;0;5;1;10
jurassien;1;9;1;6
judée;0;0;14;0
isoler;0;0;1;16
instit;0;2;0;15
infliger;0;0;10;7
infiniment;3;0;1;13
infiltrer;0;0;8;8
indigne;0;0;2;15
inclusif;0;1;0;15
incident;0;1;0;16
honnêteté;1;0;1;15
hollywood;0;1;3;12
harry;1;0;0;16
hahah;2;13;0;1
graver;7;1;0;9
grand_papa;8;4;0;5
gpt;0;0;0;17
genial;1;14;0;2
gaver;0;0;0;17
frustrer;1;0;1;15
format;2;2;0;13
fondement;0;0;0;17
flotte;1;11;0;5
fendre;1;14;0;2
fabrication;0;1;0;15
exposition;1;0;0;16
entraînement;0;1;2;14
empirer;0;1;2;14
emji_étreinte;12;0;0;0
emji_visage_qui_tire_la_langue;0;10;0;4
emji_visage_faisant_un_bisou_avec_les_yeux_fermés;7;1;0;5
emji_visage_avec_des_valises_sous_les_yeux;2;0;0;7
emji_pouce_vers_le_haut_peau_légèrement_mate;6;1;0;7
emji_paume_contre_paume_doigts_vers_le_haut;6;1;1;0
emji_homme_avec_la_paume_sur_le_visage_peau_moyennement_claire;0;1;0;3
emji_décamper;4;3;0;2
désastreux;0;1;0;16
désarmer;0;0;15;0
déprimer;0;7;1;9
démon;1;2;0;13
délocaliser;0;0;2;15
défaite;0;1;2;13
défaire;2;3;1;10
débuter;1;0;1;15
déborder;0;0;4;13
dollar;0;1;1;14
doc;6;0;1;10
diagnostic;0;0;1;14
deuxièmement;0;0;5;12
destructeur;0;0;0;17
destination;0;0;1;15
debut;1;5;1;10
célibat;0;3;0;14
cyclable;0;0;0;16
cv;1;2;0;14
culot;0;4;5;8
ct;10;1;0;6
cravate;2;11;0;4
cp;0;0;0;15
couche;0;0;1;14
corrompu;0;0;8;8
contraignant;0;0;3;14
contradictoire;0;1;0;16
comité;0;0;6;11
collection;0;12;0;5
challenge;1;1;1;14
cayla;11;2;0;3
cardiaque;0;1;0;16
candidat;0;1;2;14
cage;0;3;3;11
cabine;1;2;0;13
béton;0;3;0;13
brut;0;0;1;15
brosse;0;9;0;6
braquer;0;0;3;14
bracelet;0;2;1;13
bienvenu;0;0;7;10
bagage;0;0;0;17
automobile;0;0;0;16
audace;2;3;0;11
attentif;2;0;0;15
assiette;0;3;0;13
arabie;0;0;13;2
antisémitisme;0;0;14;3
animé;2;1;1;12
amande;0;3;0;14
amalgame;0;0;3;13
am;0;0;1;15
affirmation;0;0;1;15
abo;0;1;0;14
50mio;0;0;0;14
3eme;1;2;0;14
2eme;0;0;6;11
éveiller;3;0;1;11
épreuve;2;0;0;14
épaule;0;2;0;14
zoug;0;0;0;15
wsh;0;11;0;5
world;0;1;3;12
vélomoteur;8;1;0;6
vigueur;0;0;5;11
verbal;0;0;0;15
up;5;4;2;5
typiquement;2;2;0;12
tunis;1;10;0;1
transparent;0;0;0;16
tragique;1;1;2;12
too;13;0;0;2
tolérant;0;1;1;14
tok;1;1;0;12
tik;1;1;0;12
that;8;2;0;6
terrifiant;0;2;2;12
sévère;0;0;1;15
sérénité;3;1;0;12
syndicat;1;1;10;4
surpoids;0;0;0;16
subtilité;1;1;0;14
stupidité;0;1;6;9
stock;0;0;3;13
souveraineté;0;0;3;13
sony;6;9;0;1
solo;2;2;0;12
shoah;0;0;14;0
rétablir;1;1;1;13
résidence;0;0;0;15
réputation;1;4;0;11
régir;0;1;9;6
rompre;0;0;14;2
repenser;0;0;0;15
repasser;1;2;1;12
reconstruction;0;0;11;5
rap;1;8;0;7
rajeunir;2;13;0;1
prostitué;0;0;1;13
posts;1;1;1;13
porc;1;12;0;3
pologne;0;1;3;12
poison;0;0;0;16
plateforme;0;1;2;13
plainte;0;2;0;14
pia;0;0;0;15
peupler;1;1;6;7
perroquet;0;0;2;13
perfection;1;4;0;10
pere;0;1;1;14
perdurer;1;1;2;12
perdant;0;0;1;15
passager;0;0;1;14
originel;1;10;1;3
opposant;0;0;11;5
ons;0;11;0;4
ns;2;0;0;14
nn;1;2;0;13
nationaliste;0;0;8;8
mégot;0;0;1;15
mulet;1;5;0;10
morges;3;1;1;11
morbide;0;1;0;14
moralement;0;0;2;14
moeurs;0;0;0;16
misérable;0;0;1;15
misogynie;0;0;2;14
minet;0;13;0;2
militer;0;0;3;13
milei;0;0;3;10
migration;0;0;1;15
mature;3;0;0;13
marchand;2;2;0;12
malpoli;0;0;0;16
malbouffe;0;3;0;12
malaise;0;1;0;15
maillot;0;11;0;5
mail;0;0;2;14
lécher;0;10;0;6
joint;0;2;0;13
irresponsable;0;0;2;14
instruit;0;1;0;15
ineptie;0;0;2;14
indigner;0;0;8;8
incapacité;0;0;2;14
imiter;0;4;0;12
humiliation;0;1;3;12
hippie;0;2;2;11
génétique;2;0;1;13
généralisé;0;0;3;13
génocidaires;0;0;16;0
griller;0;3;0;13
grandement;0;1;0;15
grain;2;2;1;10
goutte;0;1;0;14
gendarme;0;2;2;12
gaspiller;0;0;0;15
février;1;7;3;5
fréquent;0;3;1;11
fréquence;1;1;0;14
fouiller;0;0;2;13
formule;0;1;0;15
flottille;1;0;11;4
favori;5;0;1;10
evidemment;0;0;2;14
ethnie;0;0;4;12
espion;0;0;2;9
emji_visage_ébahi;2;12;0;2
emji_visage_mécontent;1;2;0;10
emji_tulipe;11;0;0;1
emji_skieur;11;0;0;2
emji_poing_levé_peau_moyennement_claire;5;5;2;2
emji_ok_peau_légèrement_mate;14;0;0;1
emji_femme_qui_hausse_les_épaules_peau_légèrement_mate;0;2;1;9
emji_chat;5;3;0;3
emji_biceps_contracté_peau_mate;8;0;1;0
emji_argent_dans_les_yeux_et_la_bouche;1;1;3;7
embrasser;3;2;0;11
el;6;2;3;4
désert;1;2;1;12
déprimant;0;1;0;15
département;0;1;0;15
délicieux;1;11;0;4
durable;0;0;3;12
droguer;0;1;2;13
dispo;0;8;1;7
didier;1;2;0;13
dictionnaire;2;0;1;12
diction;6;0;0;9
devise;0;4;1;10
dance;4;11;0;1
célèbre;0;0;2;14
curiosité;0;0;0;16
cuba;0;0;9;2
crédible;0;2;3;11
cramer;1;5;1;9
crack;1;2;0;13
couronne;0;3;0;13
cornichon;0;16;0;0
copie;0;1;2;13
contaminer;0;1;1;14
consensus;0;0;0;14
complément;0;1;2;13
complotistes;0;4;0;12
complotiste;0;1;5;10
compliquer;0;1;0;15
combattant;0;0;11;5
cohérence;0;0;1;15
cloche;0;3;0;12
clip;3;1;0;12
chiant;0;6;2;8
charles;1;14;0;1
certificat;1;0;0;15
ce1;0;1;0;14
case;0;0;0;16
calosse;0;16;0;0
cadavre;0;1;9;5
bêtement;0;0;0;16
bonsoir;2;0;0;14
bail;1;0;0;15
bafouer;0;0;10;6
autonomie;0;0;2;14
aujourdhui;0;1;0;15
assaut;0;0;2;14
ardoise;0;0;0;14
aquatique;1;13;0;2
aop;1;13;0;1
aggraver;0;0;1;15
affecter;0;0;1;15
abonné;0;0;4;9
3ème;1;0;9;6
2ème;0;0;1;14
éradiquer;0;0;5;10
électeur;0;1;2;12
égoïsme;1;0;0;14
zizi;1;13;1;0
vintage;1;12;0;2
vestiaire;0;2;0;12
urne;0;1;3;11
urbain;0;1;2;12
unité;0;2;2;11
transformation;0;1;0;14
tou;3;1;0;6
totalitaire;0;0;7;8
tordu;0;8;1;5
temp;1;2;0;12
taxation;0;0;0;15
taliban;0;0;7;7
tablette;0;0;0;15
surveillance;0;1;1;12
sud_américain;0;0;2;11
subtil;0;1;0;14
soulager;0;0;1;14
sosie;0;15;0;0
serpent;0;1;1;12
révolte;0;1;6;8
résilience;1;1;0;12
répartie;0;0;1;14
régie;0;1;0;14
référendum;0;0;2;13
réfugier;0;0;10;5
récompense;3;0;2;10
romandie;1;2;0;11
robert;0;6;2;6
rincer;0;13;0;2
revue;1;1;0;12
retenue;1;2;5;7
ressort;2;3;1;9
renverser;0;1;5;9
remporter;0;0;6;9
remarquable;1;0;1;12
ravager;0;1;1;13
queen;8;1;0;6
pêche;0;1;1;13
pédophilie;0;0;2;12
pédophile;1;2;7;5
puce;0;0;0;15
prêter;0;1;2;12
préalable;0;0;10;5
protester;0;1;7;7
profondeur;2;0;0;13
premièrement;0;0;4;11
pragmatique;0;0;1;14
poussière;0;4;0;11
porteur;0;2;1;12
pondre;0;2;0;13
politesse;1;0;0;14
poignée;0;2;2;10
pleinement;0;0;1;14
play;6;6;0;3
planifier;0;1;3;11
pipe;1;5;0;9
photographe;0;0;0;15
perrot;4;2;0;9
particule;0;3;0;11
parquer;0;2;0;13
parmelin;0;1;2;12
ours;2;0;0;13
oula;0;7;2;6
oppresseur;0;0;10;5
oeuvrer;1;0;0;14
noyer;0;3;1;11
natel;0;6;0;9
mépriser;0;0;0;15
ménopause;0;0;0;15
méfier;1;0;3;11
moselle;0;13;0;0
modération;0;0;1;14
mcdo;0;9;1;5
maternité;0;0;0;15
masquer;0;0;4;11
manuel;2;0;0;12
manifestement;1;1;2;11
lé;0;11;1;3
luc;1;11;0;3
londres;1;1;2;11
logistique;0;0;0;15
lobbies;0;0;0;15
littérature;0;0;0;15
lecteur;1;0;1;13
kiff;2;9;1;3
irrespectueux;0;0;1;14
irak;0;0;13;2
invisible;0;0;2;13
intellectuellement;0;0;2;13
insensé;0;1;2;12
injection;0;0;0;15
influenceurs;0;0;0;15
indéniable;1;0;4;10
inconditionnel;1;0;8;6
incels;0;0;1;14
incarner;0;0;3;12
humeur;0;1;0;14
hormone;0;0;0;15
horlogerie;1;0;0;13
horizon;0;1;3;11
homo;0;3;1;6
historien;0;2;2;10
guyane;0;0;0;5
gratitude;6;0;0;9
grace;2;0;0;13
gloire;3;0;0;12
glacier;0;1;0;14
giec;0;0;1;14
germain;3;4;0;8
gen;1;3;1;10
gag;0;10;0;5
fuck;1;5;0;8
foutage;1;2;2;10
fonctionnaire;0;1;7;7
fasciner;2;1;0;12
fair;0;3;2;9
factuellement;0;0;1;14
extreme;0;1;8;6
ever;12;1;0;2
escalade;0;2;0;12
environnemental;0;0;0;15
env;1;1;2;11
ennuyeux;0;4;0;11
enfoncer;0;2;1;11
emji_visage_avec_masque;0;7;0;0
emji_visage_avec_bouche_fermeture_éclair;0;5;1;8
emji_tête_de_chat;5;2;0;7
emji_signe_appel_téléphonique_avec_les_doigts;5;4;0;3
emji_poing_levé_peau_claire;8;0;0;2
emji_poing_de_face;4;1;3;6
emji_personne_qui_hausse_les_épaules_peau_claire;0;1;1;13
emji_part_de_fromage;12;1;0;2
emji_ogre;0;2;0;7
emji_langue;5;1;0;0
emji_drapeau_île_clipperton;6;2;0;5
emji_cornes_avec_les_doigts_peau_claire;11;0;1;1
emji_chaînons;0;0;0;15
délirer;0;1;2;12
délirant;0;1;1;13
déchirer;2;2;1;9
décalage;0;0;0;15
débarquer;0;1;1;12
dresser;0;2;4;2
drastiquement;0;0;0;15
diplomatie;2;0;2;11
diminution;0;0;0;15
dico;0;7;0;8
dentiste;0;1;0;14
célébrer;2;2;6;5
cygne;2;1;0;12
culpabiliser;0;0;0;15
créature;1;0;0;13
coutume;0;0;2;13
courrier;1;2;0;11
correction;0;0;0;15
cordialement;0;0;0;15
consultation;0;0;0;15
conditionnel;0;0;9;6
commande;0;0;1;14
coluche;3;2;1;9
colonialisme;0;0;9;6
colombie;0;2;2;11
cliquer;0;0;1;13
clairvoyance;11;0;0;4
civilisé;0;2;4;8
chuter;0;0;2;13
cancérigène;0;3;0;11
caddie;0;0;0;13
broyer;0;1;1;9
bolivie;0;0;3;12
blocus;0;0;13;0
bla;0;10;1;3
bfm;1;0;4;10
bennett;1;11;1;1
bataille;0;1;2;10
back;14;0;0;1
avortement;0;0;2;12
avc;2;4;0;9
athée;0;0;1;14
astuce;0;8;0;7
assassin;0;0;11;3
aspirer;1;0;0;14
arbitre;0;1;0;14
approuver;0;1;2;12
apprenti;1;1;0;12
anéantir;0;0;5;10
anne;1;7;1;6
animer;1;1;0;12
algérien;0;2;2;10
alexandre;8;0;1;5
alerter;0;0;3;12
aire;3;3;0;8
ahahaha;2;9;1;3
admiration;6;0;0;9
addition;0;3;0;12
accéder;0;0;3;12
accoucher;0;0;0;15
abstenir;0;0;1;14
abonner;1;2;1;11
émeutier;0;1;6;5
émeute;0;0;6;8
zürich;0;2;1;10
wii;1;1;0;12
w;4;4;1;4
véritablement;1;1;1;11
vitre;0;1;2;11
violet;0;12;0;2
violemment;0;0;5;9
vaste;0;1;4;9
variété;0;0;0;14
universitaire;0;0;0;14
ultime;0;1;0;13
tqt;2;0;1;11
tpg;0;1;0;13
tj;0;5;1;8
tique;0;0;0;11
tension;0;0;5;8
séparation;0;0;3;11
sécheresse;0;1;0;13
systématique;0;0;7;7
surfer;1;5;1;6
suppression;0;0;0;14
stérile;0;0;0;14
stéphane;2;2;0;8
sourd;1;2;0;11
souche;0;0;0;14
sms;0;1;0;12
serré;0;3;0;11
scientifiquement;0;0;0;14
sapiens;0;4;1;4
same;9;1;1;1
saleh;0;0;14;0
sacrifice;0;1;0;12
rédiger;0;0;1;13
routine;0;7;1;6
rhétorique;1;1;1;11
retrait;0;0;5;8
respecté;0;0;6;8
redistribution;0;0;0;13
redevenir;0;0;1;13
rationnel;0;0;0;14
ratio;0;0;4;10
quai;1;1;0;12
putin;2;9;0;3
psychiatrie;0;2;0;11
pré;1;0;1;11
prostituer;0;0;1;13
prompt;5;1;0;8
projection;0;0;0;14
productivité;0;1;0;12
potter;1;0;0;13
pollueur;0;0;0;14
polluant;0;1;1;12
poivre;0;2;12;0
plaie;0;0;0;14
pionnier;5;0;1;7
peter;3;6;0;5
pendule;2;1;1;10
pedo;0;0;0;13
parascolaire;0;1;0;13
paradoxe;0;1;2;11
paradoxal;0;0;0;14
panique;0;4;2;8
panini;1;12;0;1
palmarès;0;2;1;10
paille;0;5;0;9
os;0;2;5;7
ooh;4;2;0;8
off;0;5;0;9
obèse;0;1;0;13
négligeable;0;0;0;14
néfaste;0;0;1;13
noisette;0;2;0;1
noel;0;4;2;8
nickel;0;1;0;13
nice;3;2;2;7
navrant;0;0;0;14
naturalisé;0;0;0;14
nain;0;12;1;0
multitude;0;2;0;12
mont;0;3;1;10
mobilier;0;0;4;10
migrer;0;0;1;13
matériau;0;0;0;14
mat;0;3;0;10
master;0;1;0;12
masculinistes;0;0;0;14
man;3;1;0;9
machado;0;0;14;0
m2;1;1;0;11
lyon;0;1;0;13
low;0;1;1;11
loger;0;0;2;12
libanais;0;1;12;0
lessive;0;5;0;9
laurent;12;0;1;1
king;4;0;1;8
just;0;7;0;7
inversement;0;0;0;14
inutilement;0;0;1;12
intégrité;0;1;0;13
intonation;0;12;0;2
interessant;2;0;11;1
intelligemment;0;0;0;14
instinct;0;0;0;14
installation;1;0;1;12
indifférence;0;0;4;10
importé;0;0;0;14
imbécile;0;0;1;13
iels;0;1;6;5
hétéro;0;1;0;12
homophobe;0;0;0;14
hezbollah;0;1;11;1
heidi;6;4;0;3
harrison;12;1;0;1
handicapé;0;0;0;13
gérard;3;7;0;4
grec;1;1;1;11
gravement;0;1;5;8
grandeur;1;1;0;12
grammaire;0;0;0;14
gauchisme;0;0;2;11
garage;0;0;0;13
frouze;1;0;0;13
frotter;1;9;1;3
french;3;7;0;4
françoise;11;0;0;2
foie;0;1;0;13
fibre;0;0;0;14
fermé;0;0;0;14
favorable;0;0;4;10
fashion;2;2;0;10
fainéant;0;0;0;14
excellence;2;0;0;11
essai;0;1;0;12
envoi;1;3;1;8
entreprendre;0;1;1;12
entendeur;0;1;0;13
emji_tête_de_cochon;3;7;0;2
emji_mains_levées_peau_mate;13;0;0;1
emji_boisson_chaude;0;11;0;0
emji_ballon_de_football;7;0;0;7
emji_balance_à_poids;9;0;2;3
embauche;0;0;0;14
dérégler;0;0;0;14
démuni;0;0;1;13
démissionner;0;0;5;9
découper;0;1;0;12
décor;0;1;0;13
débordement;0;0;9;5
débilité;0;0;0;14
durcir;0;0;1;13
dr;3;1;3;7
dominant;0;0;3;11
do;3;3;2;6
dixit;0;11;0;3
dispositif;0;0;2;11
disparu;0;1;0;13
diplomatique;0;0;7;7
diffusion;0;0;1;13
dead;2;10;1;1
câble;0;4;0;10
cure;0;5;0;9
cst;0;0;9;3
contribution;0;0;0;14
contrer;0;0;4;10
contemporain;0;1;1;12
complot;0;1;3;10
cnews;0;0;2;12
cm;0;7;0;6
clique;1;0;0;13
châtiment;0;0;0;12
chorale;10;2;0;2
chevignon;0;14;0;0
chelou;0;6;0;8
cfc;0;0;0;13
ceo;0;0;0;13
cata;1;3;0;9
canapé;0;2;5;7
camping;0;14;0;0
cambrioler;0;0;0;13
cabane;1;2;1;10
buzz;0;1;1;12
bruxelles;0;1;1;12
bourvil;7;7;0;0
bourreau;0;0;10;3
bob;2;2;0;9
bns;0;0;4;10
bistrot;0;1;1;12
berger;1;3;0;9
bec;0;0;0;14
bavure;0;0;6;8
banquier;0;1;1;12
banc;0;2;1;11
balade;0;1;1;12
avertir;0;0;1;13
autriche;0;4;1;9
associé;0;0;0;14
artistique;0;0;0;14
arreter;0;0;1;13
archi;0;1;0;13
après_des;0;0;0;14
apologie;0;0;6;8
apaiser;0;1;0;12
amplifier;0;0;4;10
alsacien;1;13;0;0
alpha;0;2;0;12
aligner;1;0;7;6
albert;1;2;0;11
alarme;0;1;2;11
affection;0;0;0;14
adéquat;0;1;2;11
7h;0;1;1;10
50m;0;0;0;12
évènement;0;0;2;11
équipement;0;2;0;11
épouser;1;7;0;5
élémentaire;0;0;0;13
écrivain;2;2;0;9
yo;5;0;0;6
waw;6;2;1;4
véridique;0;2;1;10
viable;0;0;0;13
vecu;0;1;1;11
vainqueur;0;4;5;3
vacciner;0;0;1;10
tsahal;0;0;13;0
tricher;0;2;3;8
tournoi;1;0;0;12
tits;1;11;1;0
telephone;0;1;0;11
taré;0;0;2;11
tarte;2;7;0;4
sévir;0;0;7;6
sénégal;11;0;0;2
surnom;0;1;0;11
supposition;0;0;0;13
stressant;0;0;0;13
states;0;1;0;11
spécialement;0;0;0;13
spray;0;0;13;0
soudanais;0;0;12;1
sonore;0;1;0;11
songer;0;1;3;9
sionisme;0;0;10;2
singulier;0;0;0;13
serbe;0;0;13;0
sensibiliser;0;0;0;12
sensation;0;0;0;12
semblable;1;1;2;9
saurer;1;0;3;9
saturer;0;1;0;12
saoudite;0;0;12;1
salamandre;5;0;0;8
résider;0;0;2;11
répartir;0;0;1;12
règlement;0;1;4;8
ruissellement;0;1;1;11
roulant;0;2;0;11
ridiculiser;0;0;1;12
reproduction;0;0;0;13
relancer;0;0;3;10
ref;2;8;0;3
rang;1;2;3;7
ralentir;0;1;0;12
quil;0;0;2;10
quid;0;0;3;10
préparation;0;0;0;12
progressiste;0;0;1;12
preneur;1;2;1;9
poumon;0;1;1;11
poudre;0;5;1;7
potable;0;1;0;12
portefeuille;0;1;0;12
pokémon;0;6;0;7
philosophe;4;0;0;9
persécuter;0;0;6;7
persister;0;1;3;9
perpétrer;0;0;11;1
percer;1;4;0;8
pension;0;0;0;12
paul;2;8;2;1
parlementaire;0;0;3;10
paninari;0;13;0;0
pair;0;1;0;12
ouiiiii;12;0;0;1
ordure;0;1;1;11
optimiste;1;0;0;12
okay;0;2;0;10
nid;0;1;0;12
nicolas;0;0;5;8
médiocrité;0;1;1;11
médiatiser;0;1;5;7
moustachu;0;0;7;6
moustache;0;12;0;1
mouiller;0;7;0;6
mortalité;0;0;0;13
modérer;1;0;0;12
mobilisation;0;0;8;5
mensuel;0;0;0;13
matraque;0;0;3;10
math;0;6;0;7
mascu;0;1;1;11
martin;0;11;0;2
manche;0;9;0;4
maigre;1;1;1;10
mafieux;0;1;6;6
légitimité;0;0;9;4
là_dedans;0;0;2;10
louche;0;1;4;8
longueur;0;1;2;8
livraison;0;0;1;12
liverpool;0;1;1;10
lacrymogène;0;0;11;2
kilo;1;4;0;7
jérusalem;0;0;8;0
juvénile;0;10;0;3
juillet;0;1;1;11
jazz;1;2;0;8
iranien;0;0;9;2
intensité;2;0;3;8
intense;1;0;0;12
instrument;0;4;1;8
insouciance;5;0;0;8
infraction;0;0;6;7
implication;0;1;3;9
impensable;1;8;0;4
impatience;1;5;0;6
humanisme;0;0;6;7
habillement;0;0;0;13
géographie;0;0;1;12
générosité;2;0;0;11
gâchis;1;0;1;10
grossier;0;0;1;12
gratuité;0;0;0;12
gluten;0;0;1;11
glorifier;0;0;0;12
generation;1;3;0;9
gel;0;8;0;5
fâcher;0;1;3;8
frustré;0;5;0;8
fringue;0;13;0;0
fraise;0;8;0;5
fournisseur;1;1;1;10
fossé;0;0;0;11
fortuné;0;0;0;13
fondateur;1;1;1;10
fautif;0;0;5;8
faille;0;0;1;12
fact;0;2;0;10
exportation;0;1;0;12
expo;2;0;1;10
entraider;0;1;1;11
engin;1;0;2;10
enfantin;0;2;0;10
empaillé;0;0;0;12
empailler;0;2;0;10
emji_visage_sans_bouche;0;1;1;10
emji_visage_de_menteur;0;8;1;2
emji_v_de_la_victoire_peau_moyennement_claire;7;2;0;4
emji_tête_secouée_horizontalement;0;8;1;0
emji_main_levée;0;1;2;2
emji_femme_avec_la_paume_sur_le_visage_peau_légèrement_mate;0;0;1;9
emji_canard;5;0;1;3
emji_applaudissements_peau_mate;6;0;0;1
emji_ampoule;3;7;0;3
elton;12;1;0;0
dévier;0;0;1;11
détacher;0;1;1;11
déployer;1;0;7;5
délinquance;0;0;2;10
délai;0;0;6;7
dégénérer;0;0;9;4
déforestation;0;2;3;8
dédicace;4;9;0;0
décrédibiliser;0;0;3;10
décharge;0;1;1;11
décevant;0;0;2;11
dé;1;2;1;9
douchettes;0;11;0;2
dock;6;0;0;6
dissuader;0;0;3;10
disputer;0;1;1;7
discréditer;0;0;7;6
digérer;0;4;1;7
différencier;0;0;1;12
dicter;0;0;3;10
dernièrement;0;2;4;7
demeure;2;0;2;9
dan;6;0;1;2
côtoyer;0;0;0;12
cruauté;1;1;5;6
cri;0;1;3;9
creux;0;1;0;12
craquer;3;8;0;2
crade;0;7;0;6
couvercle;0;9;0;3
couloir;1;2;5;5
coton;0;5;0;8
contraindre;0;0;1;12
constitutionnel;0;0;11;2
connexion;3;0;1;9
comté;0;7;0;5
coms;0;1;0;11
commentateur;2;2;0;9
comble;1;1;6;5
coiffeur;0;4;0;9
claquer;0;5;0;8
christophe;1;1;0;5
chirurgien;2;0;3;8
charbon;0;1;0;12
certe;0;0;1;12
cenovis;13;0;0;0
carouge;3;1;0;9
calculette;0;3;0;10
bâtir;0;1;1;11
bronzage;0;1;0;12
brevet;0;0;0;12
bolsonaro;0;0;9;3
bilatéral;0;0;0;11
bidon;0;2;4;7
bibliothèque;0;1;0;11
banger;7;2;0;4
aviation;0;0;5;8
attachant;8;1;0;4
athlète;2;0;0;10
arrogant;0;0;0;13
armoire;0;5;0;8
ancrer;1;0;1;11
all;2;2;7;1
ais;1;6;0;5
ahhhh;1;8;0;4
affrontement;0;0;12;1
afficher;0;0;3;10
admiratif;5;0;0;8
activer;0;2;3;8
accueillant;0;1;1;11
absent;0;0;6;7
abruti;0;1;0;11
abattoir;1;0;0;12
3x;0;2;1;10
30ans;1;6;0;6
20ans;1;4;0;8
17h;0;0;1;12
10h;0;0;2;11
évolué;0;2;0;10
éternité;1;0;2;9
éleveur;0;1;0;10
économiquement;0;1;0;11
écologiste;0;0;1;11
zoo;0;1;0;11
yann;0;6;0;6
vérification;0;2;1;9
voile;0;0;6;6
vocation;0;4;1;7
violation;0;0;10;2
villa;0;2;1;9
vigneron;1;4;0;7
vigilant;0;0;1;11
vengeance;0;0;8;3
val;2;0;0;9
uruguay;1;0;0;11
tune;0;6;0;6
ts;0;0;1;11
trêve;0;0;10;0
trés;2;2;0;8
troupe;1;1;3;6
trajectoire;0;0;0;12
trait;1;0;1;10
tournure;1;1;1;9
tonton;0;4;3;5
tic;1;1;0;8
thérapie;0;1;0;11
tf;0;0;11;1
terroriser;0;0;7;5
terro;0;0;10;2
temporaire;0;1;1;8
techno;1;3;0;8
tech;0;1;0;10
tdah;0;4;0;8
survivant;0;0;8;4
suer;0;3;0;9
sudan;0;0;8;1
stigmatiser;1;0;0;11
steak;0;1;0;8
statistiquement;0;0;0;12
stationnement;0;0;0;12
sponsoriser;0;5;1;6
souriant;3;1;0;8
sommer;5;7;0;0
soif;0;1;6;5
sirène;0;1;0;11
siffler;0;0;1;11
sensibilisation;0;0;1;11
score;1;0;1;10
saisonnier;0;0;0;12
saisie;0;0;4;7
récompenser;0;0;1;11
râleur;0;2;0;9
rouleau;1;10;0;1
robinet;0;3;0;9
responsabiliser;0;0;0;11
relou;1;6;1;4
reflet;0;1;1;10
redevance;0;0;0;11
recueillir;0;0;3;9
recours;0;0;3;9
quota;0;1;0;10
quils;0;0;3;9
pénaliser;0;0;1;11
psychopathe;0;0;3;9
psychique;0;0;0;12
provocation;0;1;3;8
provenance;0;3;1;7
proportionnalité;0;0;3;9
programmer;0;1;0;11
probable;0;0;1;11
prière;1;0;1;10
privation;0;0;3;9
poêle;0;3;0;9
poétique;1;0;2;9
poutine;0;0;10;2
poli;0;2;0;10
piqûre;1;0;1;10
pertinence;0;0;0;12
pente;1;0;0;11
patrick;1;8;1;2
paresse;0;0;0;11
pape;1;5;3;2
panosse;0;9;0;3
paléo;4;1;0;7
pagani;6;0;4;2
organisé;0;0;6;6
orage;0;1;2;9
oe;0;5;0;7
obéir;0;0;1;10
néant;0;1;1;10
nuisance;0;0;0;12
nuancé;0;0;0;12
nouveauté;0;1;0;11
nombril;0;2;0;10
nokia;0;9;0;3
nestlé;0;0;2;8
nest;0;1;0;11
nes;0;0;7;4
nasse;0;1;9;2
mémé;1;2;0;8
municipal;0;1;1;10
mou;0;8;1;3
motorisé;0;0;0;11
messe;2;5;0;5
mention;2;2;1;7
mensonger;0;0;1;11
mega;0;6;1;5
media;0;0;3;9
maçon;0;2;1;9
mathématique;0;0;2;10
marine;0;1;0;11
marginal;1;0;0;11
mardi;0;9;0;3
marc;2;6;1;3
légalement;0;0;3;9
longévité;0;1;0;11
libéralisme;0;0;0;11
kit;0;4;1;7
keuf;0;0;5;5
justification;0;2;1;9
judicieux;0;0;0;12
inégal;0;0;1;10
inventeur;2;7;0;3
intégralité;1;0;2;9
intermédiaire;0;4;1;7
indice;0;0;1;11
incompréhension;0;1;1;10
incomparable;2;0;1;9
incarné;6;0;2;4
inapproprié;0;0;1;11
impacte;0;0;1;11
immoral;0;0;3;9
ice;1;2;4;5
humide;0;7;1;3
hugo;0;8;3;1
horrifier;0;1;2;8
he;5;1;1;2
happy;8;1;0;2
géométrie;0;1;11;0
géographique;0;0;1;11
générique;3;2;0;7
gène;1;1;0;10
gorge;0;2;0;10
glorieux;1;0;1;10
glauque;0;8;0;4
gamelle;0;1;0;11
fusée;1;0;0;11
fondation;0;0;1;11
foire;1;2;1;8
fièrement;0;1;3;8
fiscalement;0;1;1;9
fesait;2;6;0;4
femelle;0;1;0;11
extinction;0;0;1;11
exclusion;0;0;1;11
escalier;0;1;0;11
envahisseur;1;1;7;3
enft;0;0;0;12
endoctrinement;0;0;0;12
emprunter;0;1;0;11
emji_étoile_filante;5;0;0;2
emji_visage_somnolent;0;3;2;4
emji_visage_qui_bave;6;5;0;0
emji_vague;3;4;0;0
emji_tête_secouée_verticalement;1;0;5;6
emji_téléphone_portable;1;3;0;7
emji_symbole_de_paix;4;0;6;2
emji_singe_ne_rien_dire;0;9;0;2
emji_point_d_interrogation_rouge;0;1;1;5
emji_mémo;11;0;0;0
emji_moai;1;1;0;8
emji_mains_en_prière_peau_foncée;6;1;0;0
emji_index_pointant_vers_le_haut_peau_claire;0;11;0;1
emji_globe_tourné_sur_les_amériques;5;0;4;3
emji_feuille_morte;3;7;0;1
emji_femme_qui_lève_la_main_peau_claire;7;0;1;1
emji_dans_le_mille;5;0;0;7
emji_chat_fatigué;4;3;1;4
emji_cerveau;1;4;0;7
emji_cadeau;8;0;1;2
emji_bras_mécanique;7;0;0;0
emji_bout_des_doigts_joints_peau_claire;0;2;1;5
emballage;0;1;0;11
egypte;0;0;10;2
ecoute;0;0;2;10
démission;0;0;0;12
débarbouillette;0;11;0;0
doré;1;6;0;5
divertissement;0;0;0;12
disproportionné;0;0;3;9
disparaitre;0;0;1;11
dinosaure;0;1;0;11
daube;0;0;0;11
coute;0;0;0;11
corrélation;0;0;1;11
correcteur;0;1;1;10
connotation;0;0;0;12
conjugaison;0;2;0;10
confondu;0;0;1;11
conditionner;0;0;1;11
concession;0;0;3;8
conception;0;0;0;12
compétent;0;0;2;10
compléter;0;1;0;11
comestible;0;5;0;7
colossal;0;0;0;12
climato;0;4;1;6
civique;0;0;0;12
citadin;0;1;0;11
chouiner;0;1;3;8
choper;0;4;0;8
chiner;2;0;0;10
check;0;4;0;7
char;0;4;1;5
champagne;0;6;0;5
castrer;1;0;2;8
cartable;0;8;0;4
carotte;1;4;0;6
cargo;0;2;0;10
caresser;0;1;0;11
caprice;0;2;2;7
cameroun;0;0;7;5
caler;0;1;0;11
buter;0;0;3;9
bullshit;0;0;2;8
bourge;0;11;0;0
bonus;0;1;0;11
boisson;0;1;0;11
boguet;1;5;0;6
blindé;0;1;0;10
blablabla;0;1;3;7
biologie;0;0;0;12
binaire;0;2;5;5
bible;0;0;1;11
beauf;0;11;0;1
barbare;0;0;10;2
baignoire;0;9;0;3
authenticité;1;0;0;11
atomique;0;1;8;2
astronomique;0;0;0;12
asile;1;1;0;10
ascenseur;0;6;0;5
artisanal;0;1;1;9
appui;0;0;3;9
apport;0;0;0;12
appauvrir;0;0;0;12
annexer;0;1;10;1
amender;0;0;3;9
alliance;0;0;6;6
aliou;11;0;0;1
algorithme;0;1;1;10
alala;0;2;1;9
ag;0;0;0;11
affamé;0;1;6;5
affaiblir;0;1;5;6
accro;0;4;0;8
13h;0;0;0;12
étroit;0;0;2;9
étaler;0;3;0;8
énoncé;0;0;0;10
électro;0;1;0;9
zucman;0;0;0;11
zombie;0;1;0;9
zero;0;0;4;7
web;0;0;1;10
vêtir;0;1;3;7
vosges;0;9;0;2
voeu;4;0;1;6
viva;8;1;2;0
virtuel;0;0;0;11
vih;0;0;0;10
vigilance;0;0;0;11
vibrer;4;0;0;7
vi;0;1;1;9
vevey;0;1;0;10
veiller;1;0;4;6
varier;0;2;1;8
vacherin;1;10;0;0
utopie;0;0;0;11
tva;0;0;0;11
tutoyer;0;1;0;10
transférer;0;0;1;10
thomas;1;2;0;8
thaïlande;1;1;0;9
textile;0;2;0;9
testostérone;0;1;0;10
tessin;0;8;0;3
tarder;1;0;2;8
tabou;0;0;1;10
subvenir;0;0;0;11
studio;0;4;0;7
street;0;0;0;10
squatter;0;1;1;8
spoiler;0;0;0;11
spirituel;0;0;0;11
spa;0;2;0;8
soupçonner;0;2;3;5
sorry;0;2;3;6
sobriété;2;1;0;7
skieur;2;4;0;5
sincérité;2;2;1;6
simon;3;6;0;2
sidérer;0;1;0;10
shui;0;0;0;8
short;0;10;0;1
sexy;2;2;0;7
sense;1;2;0;7
selle;0;6;0;5
seine;0;0;1;10
sceptique;0;3;3;5
sarcasme;1;4;0;6
sandale;1;8;0;2
saleté;1;1;1;8
réviser;1;0;4;6
résulter;0;0;1;10
rural;0;0;0;11
rigoureux;0;1;0;10
ride;0;0;0;10
revivre;2;1;1;7
reporter;0;0;1;8
rentabilité;0;0;0;11
renseignement;0;0;0;11
renouveler;2;2;0;7
remède;0;1;1;9
remember;10;0;0;1
recouvrir;0;2;2;7
rapidité;0;2;0;9
quon;0;2;2;7
qques;0;1;2;8
qqchose;0;0;0;11
pyramide;0;0;1;10
publicitaire;0;0;0;11
psychologie;0;1;0;10
préventif;0;0;10;1
préoccupation;0;1;2;8
prélever;0;0;1;10
précurseur;8;0;0;2
prophète;0;0;10;1
promo;1;3;0;6
prolétaire;0;0;0;10
progressivement;0;0;1;10
progressif;0;0;0;11
prioritaire;0;0;0;10
poète;1;2;0;8
poussette;0;0;0;10
populiste;0;0;4;7
ponctuation;0;0;0;10
please;7;0;1;3
planétaire;0;1;0;10
planche;0;1;0;10
placard;0;3;1;6
piloter;0;1;0;9
pharmaceutique;0;0;0;10
perturbateur;0;0;0;11
percher;1;2;0;8
penalty;0;10;0;0
patin;1;7;0;1
partiel;0;0;1;10
paisible;0;0;1;9
pacte;0;1;10;0
oú;1;1;2;6
open;0;0;0;11
one;3;0;1;6
olympique;0;1;0;10
officier;0;0;7;3
nécessairement;0;0;0;11
nyon;1;2;0;8
noctambus;6;0;0;5
next;0;2;0;9
nestle;0;0;0;11
neo;1;1;6;3
nager;0;5;0;5
musicien;1;2;0;8
mossad;0;0;10;1
mondialisation;0;0;0;11
mohamed;0;0;8;3
mo;4;2;1;3
millénaire;1;1;5;4
milan;0;6;0;5
mere;0;6;0;5
merdique;0;0;0;11
manoeuvre;0;1;1;9
mamdani;1;0;1;8
mal_être;0;0;0;10
main_d_oeuvre;0;0;0;10
magnifiquement;6;0;0;5
magazine;2;0;1;8
machin;1;4;1;5
lobbying;0;0;3;8
leman;0;2;1;8
laid;1;4;0;5
ke;0;1;2;7
jte;0;2;0;9
jouir;0;1;2;8
joindre;0;0;4;7
ivano;8;1;0;2
intestin;0;2;1;5
interrompre;0;0;1;10
intercontinental;0;0;0;9
interaction;1;1;0;9
insurger;0;0;2;8
instable;0;0;0;11
inspirant;9;0;0;2
insoutenable;0;0;3;8
injonction;0;0;1;10
induire;0;0;0;11
indirect;0;0;2;9
indicateur;0;0;0;11
inconvénient;0;0;0;11
incohérence;0;0;4;7
inapte;1;0;0;10
impérialiste;0;0;10;1
impressionner;1;1;0;9
impots;0;0;0;11
impossibilité;0;0;0;11
impeccable;0;0;0;11
impartial;0;0;9;2
immatriculation;0;0;0;10
imier;0;9;0;2
iii;0;7;0;4
idole;8;0;0;3
hôte;0;0;11;0
hymne;1;2;0;8
humidité;1;2;0;8
hitler;0;1;6;4
hihi;4;4;0;3
handicaper;0;0;0;11
hamass;0;0;4;0
gym;1;2;0;8
grèce;0;0;2;9
grotte;0;2;0;9
grenade;0;0;6;0
gravité;0;0;1;10
gitan;0;1;0;10
ge;1;5;1;4
froc;0;2;0;9
formuler;0;1;1;9
footballeur;1;0;0;9
focus;0;1;3;7
fleurir;0;0;2;9
fiv;0;0;0;9
fiscalité;0;0;0;11
farine;0;0;0;10
faction;0;0;11;0
facebook;1;0;0;10
expertise;0;0;1;10
exclusivement;0;1;0;10
essoreuse;1;9;0;0
espere;0;0;10;1
entièreté;1;0;1;9
engraisser;0;0;1;10
endormir;0;0;0;11
enchaîner;0;1;1;9
emojis;0;1;2;8
emji_visage_persévérant;1;4;0;5
emji_visage_avec_bandage_autour_de_la_tête;1;1;0;5
emji_poing_levé_peau_légèrement_mate;7;0;1;0
emji_parapluie_avec_gouttes_de_pluie;6;2;0;2
emji_montagne_enneigée;7;0;0;0
emji_lotus;9;0;0;2
emji_escargot;0;5;0;1
emji_confettis;8;0;0;0
emji_coeur_et_flèche;6;0;0;0
emji_chat_qui_sourit_avec_des_yeux_rieurs;5;0;0;1
emji_bout_des_doigts_joints;3;3;0;3
emji_ballon_gonflable;6;0;0;1
emballer;0;3;0;8
electro;0;9;0;0
e_mail;0;0;0;8
détromper;0;0;1;6
détailler;0;0;0;11
désespérant;0;1;0;10
désaccord;0;0;1;10
dérangeant;0;1;1;9
démilitariser;0;0;10;0
déguster;0;8;0;3
déformer;0;0;1;10
défilé;1;0;1;9
déduire;0;1;2;8
drole;1;3;0;7
distinguer;0;2;1;8
diaboliser;0;0;2;9
deteste;0;9;1;0
defaye;1;0;0;10
debile;0;0;0;11
danseur;0;6;0;4
cuisinier;1;0;0;10
cueillir;0;0;0;11
crotte;0;3;0;7
crayon;2;1;0;8
crasse;0;0;2;9
cpi;0;1;9;0
cortège;1;1;0;9
corina;0;0;11;0
coopération;0;0;3;8
convivial;0;1;0;10
conforme;0;0;1;9
compétitivité;0;0;1;10
compétitif;0;0;0;10
compliment;6;0;0;5
col;0;6;2;3
cohésion;0;0;1;9
clore;0;1;0;10
clan;0;0;4;7
citron;0;4;0;7
chiotte;0;7;0;4
childhood;11;0;0;0
chevalier;0;1;0;10
caricature;0;2;4;5
carburant;0;0;2;9
caoutchouc;1;0;5;5
cannabis;0;0;0;10
cagnotte;0;1;1;9
bétail;1;0;1;9
by;3;1;7;0
burn;0;0;0;10
break;1;6;0;4
brasil;8;0;0;3
braquage;1;1;1;8
boycott;0;0;6;4
bourgeoisie;1;3;0;7
bill;0;1;10;0
bilatérales;0;0;1;10
basket;1;2;0;8
baron;8;1;0;2
balai;1;4;0;6
avantageux;0;0;2;9
avancée;1;0;0;10
autruche;0;0;2;9
architecture;0;0;0;11
arabo;0;0;10;1
approprier;0;0;3;8
apaisant;6;0;0;5
antiquité;0;1;1;9
anticiper;0;0;2;9
amérindien;0;0;5;5
amplement;0;0;4;7
ambulancier;0;0;1;10
ambition;0;0;0;11
altitude;0;1;1;9
alpin;0;2;0;9
allure;0;0;0;11
aliénation;0;0;0;11
aisément;0;1;1;9
aiguisé;0;9;1;1
acide;1;2;0;8
abondance;1;0;0;10
abominable;0;1;2;8
abaisser;0;0;0;11
8h;0;1;0;9
4k;0;2;3;6
2ans;0;0;7;4
12h;0;1;3;6
éventuel;0;0;3;7
évacuer;0;0;4;6
été;0;3;0;7
égalitaire;1;0;0;8
écarter;0;1;0;9
ânerie;0;1;1;8
yemen;0;0;10;0
yaourt;1;2;0;7
www;0;1;1;8
wikipédia;0;0;0;9
wait;1;2;1;5
véracité;0;0;6;4
vraisemblablement;0;0;1;9
visuel;0;0;0;10
visiteur;0;1;0;9
virilité;2;0;0;8
vingtaine;0;1;1;8
vieillissement;1;0;1;8
victimiser;0;0;2;8
vicieux;0;0;0;10
verrouiller;0;3;0;7
veau;0;7;0;3
ve;1;1;4;4
vatican;0;4;1;5
vandalisme;0;0;9;0
urss;0;1;4;5
uni;0;0;4;6
ttes;0;0;0;10
tte;1;0;2;7
trinquer;0;0;1;9
trembler;1;0;0;9
traversée;0;6;0;4
trancher;0;1;3;6
tousser;0;2;1;6
tournage;0;0;1;9
tomate;0;5;0;5
tinder;0;3;0;7
this;7;0;0;3
tennis;2;0;0;7
technologique;0;0;0;10
tatouage;0;2;0;8
tartine;6;1;0;3
tag;1;2;1;6
sécher;0;4;0;6
sylvain;0;9;0;1
suédois;0;4;1;5
surpopulation;0;0;0;10
surplus;0;1;0;9
suprême;0;1;6;3
spécifiquement;0;0;1;9
sous_titre;1;0;0;9
soulagement;2;1;1;6
sociétal;0;0;0;10
sociologique;0;1;0;8
smic;0;0;0;10
significatif;0;0;0;10
sida;0;1;0;8
serpillière;0;9;0;1
scrupule;0;1;1;8
sauvetage;1;0;1;8
satisfaction;0;0;0;10
sarcastique;0;3;0;7
sanglier;0;0;0;10
sacrifier;0;0;2;8
régression;1;0;1;8
réglementation;0;3;0;7
réciproque;0;3;1;6
ré;0;0;1;9
rude;0;1;0;9
river;0;1;1;8
risible;0;0;0;10
riposte;0;0;9;0
rigolade;1;3;0;6
ressemblance;0;6;0;4
renens;0;0;1;8
relais;0;1;1;8
rectifier;0;0;0;9
recré;6;1;0;3
recrutement;0;0;0;10
rde;0;0;0;10
rame;0;0;0;9
rager;0;2;1;7
racisé;0;2;1;7
qlq;0;3;1;5
pétard;2;2;0;6
ptdrrr;0;4;1;5
psychologiquement;0;0;0;10
psq;0;1;1;8
psk;0;1;2;6
prévision;0;1;1;7
prématuré;0;0;0;10
préférable;0;0;1;9
pruneau;0;5;0;5
proteger;0;0;2;8
proprement;0;0;2;8
proportionné;0;0;10;0
prolo;0;2;1;7
procéder;0;0;4;6
privatisation;0;0;0;9
poulailler;0;0;0;10
poto;2;1;1;6
po;3;4;0;3
placette;1;8;0;1
pirater;0;0;0;10
perpétuer;0;0;2;8
peluche;1;2;0;7
pdt;0;1;1;8
pavé;0;0;0;10
patrie;0;0;2;8
partiellement;0;0;1;9
parodie;0;9;0;1
parenthèse;0;0;0;10
parcourir;0;0;0;10
parcontre;0;0;0;10
parcequ;0;1;1;8
paquis;2;6;0;2
paf;0;8;0;2
ouïr;0;1;3;6
oulala;0;8;0;2
orgueil;0;1;1;8
orchestrer;0;0;3;6
ohlala;4;3;0;3
ohhhh;9;0;0;1
offenser;1;0;0;9
oeillère;0;0;0;10
oct;0;0;8;2
obésité;0;0;0;10
obséder;0;2;5;3
obligatoirement;0;0;4;6
oas;0;0;2;7
négociateur;0;0;0;10
noblesse;2;0;2;6
nageur;0;1;0;8
nage;0;3;0;7
météorite;0;0;0;9
méritocratie;0;0;0;10
mutuel;1;0;1;8
monstrueux;0;1;1;8
moniteur;0;4;0;6
mobylette;0;3;0;7
miser;0;1;0;8
minuscule;0;0;1;9
millionaires;0;0;0;10
migrantes;0;0;0;10
meule;0;5;0;5
merder;0;0;3;6
merciiii;7;1;0;2
memories;10;0;0;0
mas;0;2;4;4
marseille;0;4;0;6
marin;0;2;0;8
manipulateur;0;0;1;9
management;0;0;1;9
magnus;0;2;0;7
maghrébin;0;0;0;10
macdo;0;8;0;2
législatif;0;0;6;4
lèvre;0;2;1;7
lâcheté;1;0;5;4
loto;0;1;0;8
location;0;0;0;10
liké;0;9;0;1
levier;0;0;0;10
leclerc;0;7;0;3
kiffe;0;10;0;0
kevin;0;6;0;4
jus;0;8;1;1
joseph;4;3;0;3
jme;1;7;0;2
jetable;0;2;0;7
jeffrey;0;5;3;1
irréprochable;0;3;2;5
irrespect;0;1;1;8
invoquer;0;0;2;8
inutilisable;0;0;8;2
intemporel;1;2;0;7
insinuer;0;0;0;10
inquiétude;0;1;1;8
inox;0;0;0;10
inouï;1;0;2;7
inondation;0;0;1;9
infernal;1;0;1;8
incontournable;0;3;0;7
inclusion;0;0;0;10
incel;1;0;0;9
illustrer;0;1;0;8
illustration;0;0;1;9
honorer;1;4;4;1
hiérarchie;0;0;3;7
historiquement;0;0;2;8
hausser;1;0;0;9
harmonie;0;0;3;7
hardy;9;0;0;1
gérant;0;0;0;9
gueuler;0;2;0;8
grillé;0;0;2;8
grenoble;0;0;0;10
gogo;1;4;0;5
girl;2;6;0;2
gilet;0;2;0;8
gen0cide;0;0;7;3
games;5;0;0;4
féminicide;0;0;1;9
félin;1;0;0;9
frouzes;0;4;0;6
frein;0;0;0;10
foulard;0;1;1;8
fonctionnel;0;0;1;9
flinguer;0;4;0;6
flash;2;1;1;6
finale;0;0;0;10
fidélité;1;0;0;9
feng;0;0;0;7
feminicides;0;1;0;9
fatigant;0;0;0;10
farce;0;0;6;4
familier;1;4;0;5
facho;0;1;0;9
f35;0;1;1;8
explicite;1;0;1;8
esquiver;0;3;1;6
era;10;0;0;0
envoler;1;1;0;8
enfreindre;0;0;3;6
endoctriner;1;0;2;7
endocrinien;0;0;0;10
endetter;0;0;0;10
encaisser;0;1;0;9
emji_tête_de_lion;8;0;0;0
emji_rat;0;1;1;3
emji_porte_documents;9;0;0;1
emji_points_d_exclamation_et_d_interrogation;0;2;3;2
emji_main_avec_index_et_pouce_croisés;0;0;4;5
emji_gâteau_d;6;0;0;0
emji_drapeau_belgique;6;2;0;2
emji_doigts_croisés_peau_moyennement_claire;7;0;0;1
emji_chouette;9;0;0;1
emji_billet_en_dollars;1;0;1;5
emji_applaudissements_peau_foncée;1;0;0;2
em;0;0;2;8
elastique;4;5;0;1
dévoiler;0;0;3;7
détermination;1;0;2;7
déstabiliser;0;0;5;5
désolant;0;0;0;10
désarmement;0;0;9;0
dénonciation;0;0;1;9
démesurer;0;0;3;7
délicat;0;1;2;7
défiler;0;0;5;5
déficit;0;0;0;10
décombre;0;0;10;0
décoller;0;1;1;8
décimer;0;0;6;4
décadence;0;0;0;10
drastique;0;0;1;9
donation;0;1;0;9
domestiquer;0;0;0;10
divorcer;0;0;0;10
division;0;0;1;9
discriminer;0;0;1;9
difficilement;0;1;1;8
difference;0;1;1;8
die;1;4;0;4
dictée;0;0;1;9
dictatorial;0;0;6;4
descendance;0;1;0;9
dej;0;6;0;4
day;8;0;0;2
darius;0;8;0;2
cuit;0;1;0;9
cran;2;2;0;6
courbe;0;2;0;7
cote;0;1;0;9
corse;0;5;0;5
cornavin;0;3;0;7
cop30;0;0;3;6
contrepartie;0;0;0;10
contraste;0;0;0;10
consoler;2;0;0;8
confrontation;0;1;0;9
condescendance;0;8;0;2
concurrent;0;0;0;10
comédie;2;1;1;6
compromis;0;1;3;6
composant;0;0;2;8
complexité;0;0;0;10
compartiment;0;0;0;7
come;2;2;1;5
colonisateur;0;1;8;1
cola;0;8;0;2
claquette;0;8;1;1
cissé;8;1;0;1
cis;0;0;1;9
ciné;1;0;1;8
cieux;1;0;1;8
chèque;0;2;2;6
chui;1;3;0;6
chronique;0;1;0;9
christianisme;0;0;3;7
cheffe;0;0;0;10
chauve;0;10;0;0
chaques;0;3;0;7
chant;1;4;0;4
chaleureux;2;0;0;8
chair;3;0;1;6
certifier;0;0;0;10
catherine;1;8;0;1
carter;0;8;0;2
cartel;0;0;6;4
canicule;0;1;0;9
camille;3;4;0;2
cacahuète;0;1;2;7
bûcheron;0;2;0;7
brin;1;2;0;7
bricolage;2;0;0;8
breton;0;7;0;3
bouquin;0;0;0;10
bouillir;0;2;0;8
boue;0;4;1;5
bonnard;10;0;0;0
bibi;0;0;9;1
bha;0;3;0;7
bergamote;0;9;0;1
bercer;0;0;0;10
benet;0;10;0;0
bella;6;1;0;3
beh;0;7;1;2
baver;0;2;0;8
banal;0;0;0;10
baguette;0;0;0;10
bagne;1;3;0;6
avertissement;0;0;0;10
autiste;0;0;4;6
attendrissant;6;0;0;4
atelier;1;0;0;9
assurément;1;0;0;9
assassinat;0;0;9;1
arretez;0;0;3;7
appartenance;0;0;0;9
app;0;1;0;9
anti_démocratique;0;0;5;5
angle;1;0;2;7
andré;1;7;0;2
anarchiste;0;2;5;1
amical;0;0;1;9
amerique;0;3;1;4
ambitieux;1;0;0;9
amateur;0;0;0;10
alzheimer;0;0;0;10
aller_retour;0;1;0;9
albanie;0;1;9;0
agacer;0;2;0;8
affolant;0;0;0;10
adversaire;0;0;1;9
adjectif;0;0;0;10
adhésion;0;0;1;9
adepte;0;2;0;7
accusé;0;0;8;1
accessoirement;0;3;2;5
accessoire;1;0;0;9
abord;0;1;1;8
5h;0;0;2;8
5g;0;0;0;10
1x;0;0;1;9
étre;0;0;0;9
étrangler;0;0;0;9
étonnement;1;1;4;3
équivalence;0;0;1;8
équation;0;0;1;8
éolien;0;2;0;7
émerveiller;2;0;0;7
écolier;0;3;0;6
éclairage;0;0;1;8
á;2;3;2;2
zara;0;1;0;8
wokes;0;1;1;7
with;4;0;0;5
white;0;2;1;6
végane;0;1;0;8
vrille;1;3;0;5
vieillard;0;0;7;2
vieil;1;0;0;8
vexer;0;3;0;6
variation;0;1;0;8
vanter;0;1;1;7
vanne;0;1;4;4
vaincre;2;0;3;3
utilisateur;0;0;1;8
uber;0;0;0;9
twint;0;0;0;9
tuto;0;6;0;3
tuerie;0;2;4;3
tube;5;3;0;1
tristement;1;0;0;8
trentaine;0;1;1;7
transfert;0;0;3;6
tournant;0;0;1;8
torcher;0;8;1;0
tom;0;4;1;3
time;5;0;0;4
thématique;0;0;1;8
terroir;0;1;0;8
terr0ristes;0;1;8;0
sébastien;0;7;0;0
system;0;4;4;1
swissair;2;1;0;6
survêtement;0;3;0;5
sucer;0;5;2;2
stupéfiant;4;0;0;5
stocker;0;0;0;9
stipuler;0;0;4;5
ste;0;2;1;6
ss;0;2;2;5
spectaculaire;3;0;1;5
sous_estimer;0;0;0;9
sombrer;0;0;1;8
soja;0;3;0;6
snap;0;7;0;2
skippy;1;6;0;2
show;1;1;0;7
sex;0;2;0;6
serveur;0;0;0;9
semi;0;0;1;8
scout;0;0;0;9
scolarité;0;0;0;9
saucisson;0;2;0;7
saouler;0;1;2;6
san;0;0;3;6
samarie;0;0;8;0
salvador;0;0;0;4
saigner;1;1;0;7
rösti;0;0;0;9
répercuter;0;0;1;7
réinventer;0;0;0;9
référer;0;0;0;9
récupération;0;0;2;7
rtsioniste;0;0;7;2
roux;0;1;0;8
roland;3;0;0;4
rodéo;0;3;0;6
revisiter;0;3;0;6
retoucher;0;3;0;6
repère;0;2;0;7
représaille;0;0;9;0
renvoi;0;0;3;6
renier;0;0;5;3
rasciste;0;0;0;9
rabattre;2;0;1;6
quarantaine;0;3;1;5
qqs;0;0;0;9
pérou;1;0;8;0
péninsule;0;0;9;0
péché;1;0;1;6
pudique;2;0;0;7
psychologue;0;0;0;9
prétendu;0;0;2;7
précéder;0;1;0;8
près_des;0;1;0;8
protocole;0;0;0;9
protestant;0;2;0;7
propice;0;0;0;9
prolonger;1;0;1;7
professionnalisme;1;0;0;8
procédé;0;1;2;6
priori;0;0;1;8
premiere;1;3;0;5
prefere;0;2;2;5
posture;0;1;2;6
positionner;0;0;2;7
poignant;6;0;3;0
played;8;1;0;0
planquer;0;0;2;7
pion;0;0;2;7
phobie;0;2;0;7
petit_enfant;0;1;0;8
pessimiste;3;0;0;6
perdu;0;0;2;7
peindre;1;0;0;8
pb;0;0;0;9
patineur;1;5;0;3
paternité;0;0;0;9
passant;0;1;1;7
parleur;1;4;0;4
parapluie;0;2;0;6
paramètre;0;0;0;9
ottoman;0;0;7;1
ortie;2;5;1;1
opérateur;0;1;0;8
opter;0;1;0;8
oppresser;0;0;4;4
once;1;0;3;5
omnivore;0;1;0;8
offensive;0;0;8;1
négliger;1;1;0;7
novartis;0;0;1;7
noeud;0;3;0;5
nausée;0;0;4;5
nanti;0;0;0;9
nait;0;0;0;9
mélanome;0;2;0;7
médiateur;0;0;8;1
multimillionnaire;0;0;5;4
msf;0;0;9;0
mp;0;0;0;9
moutre;0;9;0;0
mousse;0;1;1;7
motion;0;0;0;9
monument;0;0;1;8
moine;0;0;0;8
modéré;0;3;0;6
moderniser;1;1;0;7
mobile;0;0;0;9
mmm;1;0;0;8
minuit;0;3;0;5
minable;0;0;3;6
militantisme;0;0;1;8
miette;0;1;1;7
mdrrrrr;0;0;1;8
maximal;0;0;0;9
matraquer;0;0;4;5
matinée;0;3;0;6
martigny;2;5;0;2
marchandise;0;0;1;8
maquillage;1;0;0;8
mandarine;1;5;0;1
magouille;0;0;1;8
mademoiselle;0;1;0;8
machisme;0;0;0;9
législation;0;0;2;7
légaliser;1;0;0;8
lá;1;1;0;7
lucratif;0;0;0;9
louable;0;0;0;8
let;9;0;0;0
laxiste;0;0;1;8
kms;0;0;2;7
jurisprudence;0;0;5;4
jupon;2;0;0;7
joux;1;8;0;0
janeiro;1;1;7;0
insuffisant;0;0;0;9
instructif;0;0;0;9
innombrable;1;0;4;4
ingrat;1;0;0;8
infâme;0;0;1;8
indirectement;0;0;4;5
indemnité;0;0;0;9
incroyablement;2;0;0;7
incitation;0;0;5;4
incarcérer;0;0;8;1
imprimer;0;0;1;8
imposable;0;1;0;8
immunité;0;0;1;8
immigrant;0;3;1;5
immature;0;0;0;9
ile;0;2;0;7
idéaliste;0;2;0;7
hôtesse;0;0;1;7
hug;0;0;0;9
hubert;0;9;0;0
horloger;0;1;0;7
hockey;0;2;0;6
hmmm;0;1;0;8
hip_hop;0;3;1;4
hilarant;1;6;0;2
hermance;0;0;0;9
heritage;0;0;1;8
haïti;0;0;1;2
harcelement;0;0;1;8
hamburger;0;3;0;6
halloween;0;6;1;2
groland;9;0;0;0
grenouille;1;2;0;5
great;9;0;0;0
gouverneur;0;0;8;1
gouttière;1;1;0;7
gourou;0;1;1;7
gourmand;0;3;0;6
god;7;1;0;1
gland;0;5;0;4
gifle;0;2;0;7
garance;0;9;0;0
gamme;0;2;1;6
féminité;1;0;0;8
fraîcheur;1;7;0;1
franchir;0;0;1;8
fragilité;0;0;0;9
fracture;0;2;0;6
fortnite;0;9;0;0
forfait;0;3;0;5
foin;0;2;0;7
flou;0;0;1;8
fleuve;0;0;2;6
fion;0;8;0;1
finesse;6;0;0;3
filtrer;0;1;0;8
filière;0;0;0;9
filet;0;2;0;7
fichier;0;1;0;8
ferroviaire;0;0;1;7
fe;0;0;1;8
fauteuil;0;1;0;8
fantôme;0;0;3;6
fallacieux;0;0;3;6
factuelle;0;0;0;9
exécutif;0;0;2;7
extension;0;0;0;9
explorer;0;0;1;7
exciter;0;0;0;9
example;0;1;0;8
etres;0;0;0;9
essentiellement;0;0;2;7
enthousiasme;1;1;0;7
enregistrement;0;1;0;8
enfanter;0;0;0;7
encyclopédie;0;0;0;9
emouvant;6;0;0;3
emji_voiture;2;0;0;7
emji_visage_secoué;0;0;7;2
emji_visage_dans_les_nuages;0;5;1;3
emji_visage_angoissé;0;5;0;3
emji_v_de_la_victoire_peau_légèrement_mate;6;0;0;0
emji_tête_de_chien;2;3;0;2
emji_seringue;1;2;1;3
emji_requin;1;0;0;2
emji_planche_à_roulettes;2;1;0;0
emji_personne_avec_la_paume_sur_le_visage_peau_légèrement_mate;0;0;1;2
emji_nuage_avec_éclair_et_pluie;4;0;0;0
emji_nuage_avec_pluie;8;1;0;0
emji_gyrophare;2;1;3;3
emji_goutte_de_sang;6;1;0;2
emji_fantôme;0;7;1;1
emji_drapeau_congo_kinshasa;1;0;6;1
emji_danseuse;7;0;0;1
emji_danseur;1;5;0;0
emji_coche;4;1;0;1
emji_casque_de_secouriste;8;0;0;0
emji_carte_du_monde;6;0;1;0
emji_bourgeon;7;0;0;2
emji_bonhomme_de_neige;7;2;0;0
embarquer;0;1;1;7
effacement;0;0;1;8
déséquilibre;0;0;0;9
désordre;0;0;4;5
désactiver;0;0;1;8
dérisoire;0;0;1;8
dépouille;0;0;6;3
dépit;0;0;1;8
dépeindre;0;0;3;5
déontologie;0;0;6;2
démographique;0;0;0;9
démenti;0;0;3;6
dégénéré;0;0;8;1
défoncer;0;0;1;8
déduction;1;0;0;8
déco;1;1;0;7
décent;0;0;1;8
dupe;0;0;7;2
dubaï;0;0;2;7
dubai;0;0;3;6
drôlement;0;6;1;2
doué;2;0;0;7
douloureux;0;0;0;9
doubs;0;9;0;0
doter;0;0;1;8
doser;0;1;0;8
docile;0;0;0;9
distraction;1;0;0;8
distinct;0;1;0;8
discernement;0;0;0;9
directive;0;0;2;7
dialecte;1;2;0;5
diagnostiquer;0;1;0;7
destin;4;0;0;5
densité;0;0;0;8
delphine;1;1;0;7
câlin;0;1;1;7
culotté;1;1;0;7
créativité;2;1;0;6
crucial;0;0;2;7
croître;0;1;1;7
crochet;0;0;0;9
cretin;0;8;0;0
costard;0;2;0;7
cost;0;0;1;8
coquin;0;4;0;5
contrôleur;0;0;0;8
considérable;0;0;1;8
conservation;1;0;0;8
consentir;0;0;5;4
conquérir;1;0;5;3
concitoyen;0;0;2;7
coiffure;0;8;0;1
clientèle;0;0;0;9
cie;0;0;1;7
chèvre;0;9;0;0
chouchou;3;0;4;1
charmey;8;1;0;0
chapitre;1;0;4;4
chahut;1;1;3;4
cercueil;0;0;0;7
cct;0;0;0;9
caverne;0;3;0;5
casquette;0;2;0;7
cantonaux;0;0;3;6
canal;0;2;0;7
canadien;1;8;0;0
caleçon;0;7;0;1
burger;0;5;0;4
boutonneux;0;6;0;3
boursier;0;0;6;3
bouleversant;4;0;0;5
boulet;0;9;0;0
bouffon;0;1;0;8
blick;0;0;3;6
biologiste;0;0;2;7
biaisées;0;0;4;5
bi;2;0;0;6
berset;0;6;0;3
bcbg;0;9;0;0
bbc;1;0;1;5
barbu;0;4;0;5
bagarre;0;1;1;7
axe;0;1;4;4
audio;0;1;1;6
attrister;1;0;0;8
assisté;0;0;0;9
assimiler;0;0;1;8
argot;0;0;0;9
are;3;3;1;2
arc;0;0;1;8
anticipé;0;0;0;9
antan;1;3;0;5
anecdote;2;2;1;4
amont;0;0;0;9
amiante;0;0;0;9
amer;0;1;0;8
alarmant;0;0;1;8
aile;0;1;0;8
agrandir;0;0;0;9
again;4;3;1;1
adoption;0;0;1;8
adooooooore;8;1;0;0
achever;3;4;1;1
accouchement;0;1;1;7
abolition;0;0;0;9
6eme;0;0;0;9
20h;0;0;0;9
évier;0;8;0;0
évaluation;0;0;0;8
équivaloir;0;0;0;8
épique;4;1;0;3
égyptien;0;0;7;1
égaler;0;0;1;7
écharpe;0;1;0;7
échantillon;0;0;0;8
zelensky;0;0;5;2
west;1;0;2;5
weekend;0;2;0;6
wap;0;5;0;3
vulgarité;1;0;0;7
voyageur;1;4;0;3
volaille;0;1;0;7
vignette;0;2;0;5
videos;3;0;0;5
vibration;0;1;1;6
veuf;4;0;0;4
valaisanne;3;5;0;0
unilatéral;0;0;7;1
ueli;2;6;0;0
télétravail;0;0;0;8
triple;0;0;2;6
traumatisant;0;0;2;5
traquer;0;2;3;3
transit;0;5;1;2
tranquillité;1;0;0;7
traire;0;3;0;5
traffic;0;0;1;7
tr;0;0;0;6
tornade;0;2;1;2
toc;0;1;0;7
timide;2;0;0;6
théoriquement;0;0;0;8
thierry;3;0;0;5
thank;6;0;0;1
terrestre;0;2;0;6
terr;0;0;6;0
tank;1;0;5;2
tain;0;2;0;6
tailler;0;2;1;5
taguer;1;2;1;4
synthétique;0;0;1;7
sympathie;2;0;2;4
suv;0;0;0;8
susceptible;0;0;1;7
sursis;1;0;3;4
support;1;0;0;7
superflu;1;0;0;7
superficiel;0;0;0;8
sundhage;0;0;0;8
sui;3;1;0;3
succéder;0;0;3;5
string;1;7;0;0
stabiliser;0;1;0;7
spécialité;1;0;2;5
spot;1;1;0;5
sponsor;0;0;0;8
souper;0;2;0;6
souffler;0;6;0;2
soudainement;0;0;0;8
snowboard;1;6;0;1
snobisme;0;1;0;7
smart;1;6;0;1
simplifier;0;0;1;7
signal;0;0;2;6
serein;0;0;0;8
secouer;0;2;1;5
sebago;0;8;0;0
schnecks;3;4;0;1
schlap;0;8;0;0
savourer;0;1;0;7
savoir_faire;0;0;0;8
savant;0;0;1;7
sarko;2;0;4;2
sandwich;1;2;0;4
sandra;2;5;0;1
sacrément;0;2;0;6
révélation;0;5;0;3
révélateur;0;3;0;5
réducteur;0;0;0;8
récolte;0;0;1;7
réacteur;0;0;0;8
rsa;0;0;0;8
royal;0;0;0;8
roquette;0;0;7;0
rongeur;0;0;0;8
roh;1;2;0;5
rica;1;1;0;1
ressortissant;0;0;1;7
rep;0;0;0;6
renois;0;2;0;5
renaud;4;1;0;3
remake;1;3;1;2
regrouper;0;0;2;6
regrettable;0;0;0;8
regret;1;1;1;5
registre;0;0;0;8
region;0;1;4;3
redistribuer;0;0;0;8
recourir;0;0;0;8
rapelle;0;1;1;6
ramer;0;0;0;6
rallier;0;0;0;8
rafale;0;5;2;1
racket;0;0;6;2
quête;0;1;0;7
qualifs;0;0;0;7
pétillant;4;0;0;4
pénétrer;0;0;0;8
purger;0;0;4;4
pureté;0;0;1;7
puiser;0;0;2;6
psychiatrique;0;0;2;6
psychiatre;0;1;0;6
psg;0;2;0;6
ps5;0;1;1;6
prêtre;0;0;1;7
prêcher;0;0;4;4
prévisible;0;1;1;2
prétentieux;0;0;0;8
prétendant;0;0;1;7
présumer;0;3;2;3
présomption;0;0;1;7
présidentiel;0;3;3;2
précaution;0;0;0;7
préau;0;2;0;6
provisoire;0;0;5;3
protecteur;0;1;3;4
proie;0;0;1;7
profiteur;0;0;0;8
proclamer;0;0;4;4
problems;1;0;3;1
president;0;0;6;2
prescrire;0;0;0;7
pres;0;0;0;8
prairie;0;2;0;6
pp;2;0;0;6
pou;0;1;4;3
pop;1;3;0;4
polo;0;4;0;4
poire;0;5;0;3
poing;0;3;1;4
plancher;0;2;0;6
pizza;1;4;0;3
pistolet;0;1;5;2
piratage;1;1;0;6
pince;0;1;0;7
piaggio;3;5;0;0
pi;0;5;0;3
phrasé;2;1;0;5
phone;0;5;0;3
philosophique;1;0;0;7
people;0;1;1;5
pen;0;1;3;4
pedophiles;1;0;1;6
patrouille;0;1;0;7
pascal;1;3;0;4
partenariat;0;0;0;7
paragraphe;0;1;0;7
papillon;0;0;0;8
palme;0;0;1;4
ouïghours;0;0;7;1
ouragan;0;0;0;6
orphelin;1;1;2;4
ordi;0;0;0;8
optimisation;0;0;0;8
opportuniste;0;0;2;6
olp;0;0;8;0
odieux;0;1;0;7
obsolète;0;1;2;5
observation;0;2;2;4
nuque;0;5;0;3
noyau;0;4;0;4
notoriété;0;0;3;5
normaliser;0;1;1;6
nooon;1;3;1;3
nocturne;0;0;1;6
nivellement;0;0;0;8
nike;0;4;0;3
niche;0;0;0;8
negro;0;0;0;8
naze;0;0;1;7
narcissique;0;0;1;7
météorologique;0;0;0;8
méritant;1;0;1;6
méprisant;0;1;0;7
mémorable;8;0;0;0
méconnaissance;0;0;1;7
musclé;0;4;1;3
municipalité;0;0;0;8
mozart;0;4;0;4
moulin;0;0;0;8
moralisateur;0;0;2;6
ministère;0;0;4;4
minime;0;0;0;8
merciii;6;0;0;2
mentalement;0;0;0;8
matérialiste;1;0;0;7
marron;0;4;0;4
marmotte;0;6;0;2
manquant;0;0;1;7
manager;0;0;0;8
mali;0;0;8;0
mage;0;7;0;1
madeleine;2;2;0;4
mac;0;1;1;6
légèreté;3;1;0;4
léa;3;5;0;0
lustre;2;2;0;4
luire;3;1;0;4
ludique;1;0;0;7
lucerne;0;1;0;7
lsd;1;4;0;3
lourdement;0;0;2;6
ll;1;1;0;6
liquidité;0;0;1;7
lion;4;0;0;2
leysin;2;1;0;4
lapider;0;0;5;3
lanvin;2;6;0;0
lacs;0;6;0;2
kucholl;3;5;0;0
karma;0;5;0;3
jvais;0;2;0;6
justesse;2;0;0;6
jusqu_aux;0;0;5;3
joliment;7;0;0;1
jms;0;0;0;8
jaime;0;6;0;0
jafarawi;0;0;8;0
islande;0;0;4;3
invivable;0;2;1;5
investisseur;0;0;0;8
intègre;0;0;0;8
interminable;0;0;2;6
intensifier;0;0;2;6
ingrédient;0;1;0;7
infime;0;0;1;7
indépendamment;0;0;2;6
individualiste;0;0;0;8
inattention;0;0;0;8
implicite;0;1;1;6
impacté;0;0;0;8
illégalité;0;0;5;3
illogique;0;0;0;8
illimité;0;0;1;7
idiotie;0;1;1;6
hystérique;0;0;2;6
hypothèse;0;0;0;8
humoristique;0;0;0;8
humainement;0;0;0;8
hospice;0;0;0;8
hope;4;0;0;4
honorable;0;0;1;7
homosexuel;0;1;5;2
help;1;1;1;5
hate;0;3;0;5
hahahahaha;2;3;0;3
habitation;0;0;2;6
gén0cide;0;0;8;0
guider;0;0;0;8
gronder;0;0;0;8
greenwashing;0;0;0;8
grandiose;6;1;0;1
graisse;1;4;0;3
gober;0;0;2;6
globales;0;0;0;7
gigantesque;1;0;0;7
gazaoui;0;0;7;1
gaulois;0;1;0;7
gas;1;2;0;5
galérer;0;0;0;8
full;1;6;0;1
frôler;0;1;0;7
froisser;0;0;2;6
friendzone;0;0;0;8
francois;0;4;1;3
fragiliser;0;0;0;8
foutu;0;1;1;6
formulation;0;0;0;8
forever;7;0;0;1
fondamentalement;0;0;1;7
fn;1;1;0;5
flûte;0;6;0;1
fluide;0;0;1;7
floyd;1;4;0;2
flocon;0;7;0;1
flatter;0;0;0;7
flamme;0;0;0;8
first;1;2;1;4
fictif;0;0;2;6
ficelle;0;1;1;6
façonner;0;0;0;8
farfelu;2;0;0;6
fantasmer;0;1;0;7
faisable;0;1;0;7
fade;0;0;0;8
fabricant;0;0;1;7
extrémisme;0;0;1;6
extrait;0;0;1;7
exporter;0;1;0;7
exil;0;0;1;7
exaction;0;0;8;0
escroquerie;0;0;0;7
escale;0;0;0;7
envier;0;2;1;5
entraver;0;0;3;5
enrichissement;0;0;1;7
emprise;0;0;1;7
emoji;0;0;3;5
emmen;0;5;0;0
emji_visage_mécontent_avec_bouche_ouverte;4;0;0;4
emji_visage_inquiet;1;0;0;6
emji_visage_en_pointillés;0;0;1;7
emji_visage_aux_yeux_rieurs_faisant_un_bisou;0;1;0;2
emji_vache;3;1;0;4
emji_snowboardeur;3;2;0;1
emji_singe_ne_rien_entendre;0;6;0;1
emji_père_noël_peau_claire;5;2;0;1
emji_plus;1;0;0;5
emji_plant_de_riz;5;0;0;0
emji_pastèque;0;0;3;2
emji_luminosité_élevée;7;0;0;0
emji_icône_poubelle;0;2;1;4
emji_haute_tension;1;0;0;5
emji_guitare;7;0;0;0
emji_femme_avec_la_paume_sur_le_visage_peau_mate;3;1;0;1
emji_drapeau_soudan;0;0;1;2
emji_chaussure_à_talon_haut;1;1;0;1
emji_chat_avec_sourire_en_coin;8;0;0;0
emji_barre_chocolatée;3;3;0;0
elbit;0;0;7;1
egalité;0;1;0;7
ed;0;0;0;7
ecouter;2;0;0;6
ecolos;0;0;0;8
eco;0;0;0;8
désinformation;0;1;0;7
désespéré;0;1;2;5
dépêcher;0;1;4;3
déportation;0;0;8;0
dénuer;0;0;0;8
démesuré;0;0;0;8
délétère;0;0;1;7
délocalisation;0;1;0;7
défunt;0;1;1;6
déferler;0;6;0;2
décoration;0;2;0;6
déchéance;0;0;1;7
décapiter;0;0;6;2
débiter;0;0;1;7
dureté;0;0;0;8
dragon;0;2;0;6
drag;0;3;0;5
douanier;0;0;1;7
dorénavant;0;1;1;6
dj;3;1;0;4
disproportionner;0;0;1;7
disparités;0;0;0;8
discutable;1;1;0;6
discrétion;3;0;0;5
dir;0;2;0;4
diplômé;0;0;0;8
digital;0;0;0;7
der;2;2;0;4
dentaire;0;0;0;8
denrée;0;0;1;7
defendre;0;0;5;3
davos;0;2;1;5
cédric;0;5;0;3
cute;6;2;0;0
cuir;0;4;0;4
crémation;0;0;0;8
croisière;1;1;5;1
crado;0;7;0;1
costa;0;1;0;2
corne;0;5;0;3
convoquer;0;1;4;3
controversé;0;0;3;5
contre_productif;0;0;0;8
contestation;0;0;2;6
consigner;0;6;0;2
conquête;0;1;3;3
connard;0;0;1;7
connaisseur;3;1;0;4
congelé;0;0;0;8
confrère;0;1;6;1
comptoir;1;3;0;4
compteur;0;0;1;7
complexer;0;1;0;7
compatible;0;0;0;8
communautaire;0;0;0;8
colline;0;0;1;7
coiffer;0;5;0;3
cocaïne;0;1;0;7
cm1;0;0;0;8
climatisation;0;0;0;8
clarté;1;0;2;5
civisme;0;0;0;8
city;0;2;0;6
circuit;0;1;0;7
cinquantaine;0;1;2;5
cimetière;1;0;3;4
cil;0;0;0;8
chêne;0;2;0;6
chopper;0;2;0;6
chimie;0;0;0;8
charia;0;0;2;5
chapuisat;0;8;0;0
chagrin;2;1;0;5
cervelas;0;5;0;3
centrer;0;0;1;7
centenaire;1;0;0;6
celà;1;1;1;5
cc;0;0;1;7
caviar;2;0;2;4
causalité;0;0;0;7
catholicisme;0;0;0;8
catho;0;1;1;6
carnage;0;0;4;4
can;3;0;0;5
cambrioleur;0;1;2;5
calvitie;1;0;0;7
call;0;0;0;8
cagoulé;0;0;8;0
cadence;0;0;0;7
cabinet;0;1;1;6
bénévole;0;0;1;7
bénéficiaire;0;0;1;7
brouillard;0;0;0;8
branler;0;3;0;5
bouffée;1;0;0;7
boucler;0;4;0;4
borne;0;0;0;8
boeuf;0;0;0;8
bodycam;0;0;1;7
body;1;3;0;4
blé;0;0;0;8
bluffer;6;0;0;2
blocage;0;0;6;2
blanchir;0;0;6;2
blabla;0;0;0;8
bizule;0;6;0;2
bise;1;6;0;1
bienfait;0;0;0;8
biche;0;0;0;8
biaiser;0;0;4;4
belle_lurette;0;0;2;6
baume;4;0;0;4
basculer;0;0;0;8
barème;0;0;1;7
barreau;0;1;1;6
barcelone;0;1;0;7
banlieue;0;2;0;6
bamboula;0;0;0;5
bal;0;2;1;5
baffe;0;0;0;8
aïeul;1;4;0;3
autochtone;0;0;5;3
aubépine;3;4;0;1
auberge;0;1;1;6
atlantique;0;0;1;7
asso;0;1;0;7
assigner;0;0;1;7
arménien;0;0;5;3
arafat;0;0;8;0
apte;1;0;0;6
anxiété;0;0;0;8
antifa;1;1;4;2
anormal;0;0;0;8
anodin;0;0;2;6
annee;2;0;0;6
analphabète;0;0;3;5
ambulance;0;0;4;4
ambiant;0;2;1;5
aléatoire;0;0;1;7
allusion;0;1;0;7
allergie;0;1;0;7
alcoolisé;0;0;0;8
albédo;0;0;0;8
ailleur;0;1;1;6
agricole;0;0;2;6
agissement;0;0;8;0
affilier;0;0;2;6
affectueux;0;0;0;8
advenir;0;0;4;4
adultère;0;0;1;4
adoooore;6;2;0;0
additionner;0;0;1;7
additif;0;2;0;6
addicts;0;0;0;8
acquisition;0;0;4;4
acier;0;4;0;4
acharner;0;0;3;5
accentuer;0;0;1;7
abîmer;0;1;1;6
absorber;0;0;0;8
abondant;0;1;0;7
abject;0;0;3;5
6e;0;1;0;6
4x4;0;0;0;8
4h;0;1;0;7
1h;0;1;0;7
15h;0;0;3;5
10k;0;0;0;8
ôter;0;0;1;6
éveil;0;0;1;6
évasion;0;0;0;7
évaluer;0;0;0;7
étymologie;0;0;0;7
étalage;0;1;0;6
épée;0;0;1;6
épuisant;0;0;0;7
énoncer;0;0;1;6
énième;0;0;0;7
émotionnellement;0;0;1;6
éloquent;2;0;0;5
élargir;0;0;2;5
élaborer;0;1;0;6
égarer;0;1;1;5
écrasant;0;0;3;4
écouteur;0;5;0;1
économiste;0;0;0;6
éclat;2;3;1;1
échappement;0;0;0;7
â;0;0;0;7
zélande;0;0;0;7
zoom;3;2;1;1
zhommes;3;0;0;4
your;0;4;1;2
yasser;0;0;7;0
yacht;0;1;0;6
word;0;1;0;6
women;3;0;0;3
wish;1;3;1;2
wifi;0;2;1;4
who;6;0;0;1
washing;0;0;0;7
was;5;2;0;0
vérifiable;0;0;0;7
véhiculer;0;0;0;7
véganes;0;0;0;6
vss;0;0;0;7
volet;0;1;0;6
violon;0;1;0;6
violenter;0;0;1;6
viennoiserie;0;7;0;0
vidy;0;4;0;3
vibe;0;1;0;6
veto;0;0;5;2
vernier;0;0;0;7
vaudoises;2;2;0;3
validation;0;0;1;6
valaisannes;1;6;0;0
vain;0;0;2;5
ustensile;0;3;0;4
una;4;2;0;1
ui;1;1;1;4
u15;0;0;0;7
true;1;1;0;5
trompette;4;0;0;3
trolley;4;1;0;2
trip;0;5;0;1
tricot;0;7;0;0
tribu;0;0;3;4
trentenaire;0;3;0;4
traître;0;0;4;3
transporteur;0;0;0;6
traducteur;0;0;0;7
tracer;0;0;0;7
toustes;0;1;3;2
touristique;0;2;0;5
toujour;0;1;0;6
tondre;0;1;0;6
tokyo;1;1;1;4
tirage;0;0;0;7
timing;0;0;1;6
thérapeutique;0;0;0;6
thunberg;0;0;3;4
temple;1;1;1;4
tax;0;0;0;7
taule;0;0;7;0
tate;0;0;0;7
sévèrement;0;0;5;2
sévices;0;0;5;2
séduisant;0;1;0;6
séduire;0;0;0;7
sécuritaire;0;0;4;3
systeme;0;0;0;6
syrien;0;0;5;2
syntaxe;0;0;0;7
susciter;0;0;1;6
surpasser;0;0;0;7
surment;0;1;0;6
surdoué;0;1;0;5
supériorité;0;0;1;6
suprématie;0;0;2;4
supplément;0;2;0;5
subsister;0;0;0;7
stéréotype;0;1;0;6
stockholm;0;1;1;5
stimuler;0;0;0;7
spéculer;0;0;0;7
spéculation;0;0;0;7
spécificité;0;1;0;6
spectre;0;0;2;5
sourate;0;0;2;5
sorcellerie;0;0;0;6
sncf;0;0;0;7
skate;4;1;0;2
sisi;0;2;0;5
sieste;0;7;0;0
shooter;0;0;0;7
shit;0;4;0;3
servette;0;0;0;7
savoureux;6;1;0;0
satan;0;0;0;7
sanguinaire;0;0;7;0
sam;0;0;6;1
sad;2;0;0;5
rétro;2;0;0;5
réthorique;0;0;2;5
rémunération;0;0;0;7
réintégrer;0;0;3;4
régulier;0;0;3;3
réglementer;0;0;0;7
réconfortant;1;0;1;5
récidive;0;0;1;6
réactionnaire;1;0;1;5
rupture;0;1;0;6
royalement;0;0;0;7
roy;0;7;0;0
rowling;0;0;0;7
ronde;0;3;0;3
romantique;0;1;0;6
rhône;0;1;0;6
retomber;1;0;1;5
restreint;0;1;2;4
restaurer;0;1;0;6
ressusciter;3;0;2;2
ressemblant;0;2;0;5
respiratoire;0;1;0;6
requérir;0;0;0;7
repérer;0;0;0;7
reponse;0;1;2;4
renouvellement;0;0;0;7
renommer;0;1;0;6
remplaçant;0;1;0;6
relater;0;0;2;5
reflexion;0;1;0;5
recre;1;1;0;5
recommandation;0;2;0;5
rassasier;0;1;0;6
raquette;0;3;0;4
rancoeur;0;0;0;7
ralenti;0;0;0;7
raie;0;2;0;5
raide;0;3;0;3
radin;0;0;0;7
radicalement;0;0;0;7
raclettes;0;6;0;1
rac;0;0;0;7
quiétude;0;0;0;7
quelqu;0;0;0;7
quantique;0;0;0;7
péril;0;0;1;6
pédagogie;0;0;0;7
pâquis;1;3;0;2
pâques;2;5;0;0
ptite;0;5;0;2
psycho;1;1;0;5
prévaloir;0;0;4;3
préoccupant;0;0;1;6
prospérité;1;0;0;6
proprio;1;1;0;5
profiler;0;1;4;2
probabilité;0;2;0;5
primitif;0;0;0;7
portail;1;2;0;4
porsche;0;3;0;4
porchet;1;6;0;0
por;2;0;1;4
populariser;0;2;0;5
poliment;0;0;0;7
polaire;0;2;0;5
poignarder;0;1;2;4
plumer;0;0;0;7
plot;0;2;1;3
pli;0;1;0;6
platistes;0;0;0;7
plaisanterie;1;0;0;6
pill;0;0;0;7
piano;1;2;0;4
persécution;0;0;7;0
per;5;0;0;2
pensant;0;2;0;5
pensance;0;0;0;7
pelle;0;2;0;5
peiner;0;0;0;7
pck;0;2;1;4
payement;0;0;0;6
patronat;0;0;0;7
patisserie;0;0;0;6
patiner;0;1;0;6
partial;0;0;5;2
paroxysme;0;1;3;3
parité;0;1;0;6
pareillement;3;0;0;4
paju;5;0;0;2
pack;0;5;0;2
our;2;0;1;4
ouiiiiii;4;2;0;1
oslo;0;0;5;1
opérationnel;0;3;0;4
optimiser;0;0;0;7
old;6;0;0;1
oklm;0;0;0;7
offensant;0;0;0;7
octroyer;0;0;2;5
obéissant;0;0;0;7
négligence;1;1;0;5
négativement;0;0;1;6
ny;0;2;4;1
nutriment;0;0;0;7
now;2;0;0;5
notable;0;0;1;6
norvégien;0;1;1;4
normandie;0;1;0;6
nique;0;1;0;6
never;0;6;0;1
nendaz;0;2;0;5
nazisme;0;0;6;1
mûr;0;1;1;5
métis;1;1;4;0
mémère;3;0;0;3
médiéval;0;0;0;6
mytho;0;2;0;5
mtv;2;0;0;3
ms;0;2;0;5
moutarde;0;6;0;1
mourrir;0;3;0;4
mosquée;0;0;5;1
moralité;0;1;0;6
moqueur;0;0;0;7
monumental;0;1;0;6
monothéiste;0;0;1;6
mondialiste;0;0;1;6
monaco;0;0;0;7
moitié_moitié;0;7;0;0
modernité;1;0;0;6
mn;0;1;0;5
mister;0;5;0;2
misandre;0;1;1;4
mioche;0;0;0;7
minéral;0;0;0;7
migratoire;0;0;1;6
micro_ondes;0;1;0;6
michael;1;4;0;2
mexicain;0;2;4;1
medias;0;1;2;4
mcdonald;0;3;0;3
mc;0;5;0;2
maurice;0;0;1;6
maurer;1;3;1;2
maudit;0;6;0;1
marx;1;0;0;6
martyr;0;0;4;2
marseillais;0;5;0;1
marionnette;0;0;1;6
marginaliser;0;0;1;6
marche;0;1;0;6
manor;2;3;0;2
mamy;3;1;0;3
malveillant;0;0;1;6
maldives;0;1;1;5
malaisant;0;6;0;1
maintien;0;0;3;4
mainstream;0;0;0;7
maigrir;0;1;1;5
maghreb;0;2;2;3
madagascar;1;1;1;4
lâche;0;0;0;7
luge;0;6;0;1
loins;0;0;3;4
logiquement;0;1;3;3
livret;0;1;1;5
lisse;1;1;0;5
limitrophe;0;0;1;6
likes;2;0;0;5
levain;0;0;0;6
lenteur;1;0;0;6
lego;0;0;0;7
leader;0;2;5;0
lavaux;0;3;0;4
lassant;0;1;3;3
laitier;0;1;0;6
labeur;0;0;0;6
kiss;1;5;0;1
kiffé;0;4;0;3
kg;0;2;0;4
karl;1;4;0;2
ka;1;0;0;6
k7;0;6;0;0
judaïsme;0;0;7;0
jonzier;6;0;0;1
israelien;0;0;7;0
islamophobes;0;2;0;5
islamisme;0;0;6;1
inévitablement;0;1;0;6
intégrant;0;1;1;5
intégral;3;1;0;3
intoxiquer;0;1;0;6
intolérance;0;0;0;6
intolérable;0;0;3;3
intifada;0;0;4;2
interdir;0;0;0;7
intensif;0;0;1;6
intact;1;0;1;5
institutionnel;0;0;1;6
instantanément;0;0;1;6
instabilité;0;0;4;3
inonder;1;0;2;4
inné;0;0;1;6
inintéressant;0;1;0;6
inimaginable;0;0;0;7
ingérer;0;0;1;5
ingérence;0;0;4;3
infection;0;1;0;6
inexact;0;0;1;6
indignité;0;0;2;1
incriminer;0;0;0;7
inconscient;0;0;2;5
incomplet;0;0;1;6
incompatible;0;1;2;4
inaccessible;0;0;0;7
impératif;1;0;5;1
impuissant;0;0;2;5
impoli;0;2;0;5
immobiliser;0;0;0;7
ikea;0;4;0;3
ii;0;1;0;6
identification;0;0;1;6
id;0;1;2;4
hype;0;0;0;6
huître;1;4;0;2
htag_;0;6;0;1
hormonal;0;0;0;7
horloge;0;5;0;2
hoo;1;3;0;3
homosexualité;0;0;4;3
homophobie;0;0;0;7
hold_up;0;0;0;7
hm;0;0;1;6
hiérarchiser;0;0;2;5
hiérarchisation;0;0;3;4
hezb;0;0;7;0
haaaa;1;5;0;1
généralisation;0;0;0;7
génèrent;0;0;0;7
guère;0;0;0;7
guimbarde;0;6;0;1
guerrier;0;3;1;3
grêle;0;1;0;6
gramme;0;1;0;5
gothique;0;1;2;4
goal;1;3;0;3
gisement;0;0;4;3
geule;0;1;0;6
gadget;0;0;0;7
gabon;2;0;0;5
ga;1;0;0;6
fâcheux;0;0;0;7
funéraire;0;0;0;6
fuire;0;0;0;7
frr;0;1;0;6
freristes;0;0;7;0
franco_italienne;1;6;0;0
francis;1;0;0;6
foutaise;0;3;1;2
fourrer;0;2;1;4
fouine;0;0;0;7
forza;7;0;0;0
formater;0;0;0;7
fonderie;0;0;5;2
flingue;0;1;2;4
flag;0;1;0;6
fisc;0;0;0;7
figer;0;0;0;7
fertile;0;0;1;6
fermeté;1;0;3;3
feminicide;0;0;0;6
faîtes;0;0;1;6
faudrais;0;0;3;3
fatre;0;7;0;0
fanatique;0;1;1;5
facultatif;0;0;0;7
facturer;0;0;1;6
fac;0;0;0;7
fa;0;1;0;6
extraction;0;0;1;6
externalisée;0;0;0;7
expulsion;0;1;4;2
exponentiel;0;0;0;7
explosif;0;0;3;4
exotique;0;1;0;5
existentiel;0;0;0;7
excessivement;0;1;0;6
etranger;1;0;0;6
estimation;0;0;2;5
esclavagisme;0;0;0;7
equipe;3;0;0;4
enterrement;0;2;0;5
ensemencement;0;0;0;7
ennuyant;0;0;0;7
engueuler;0;1;0;6
engranger;0;0;0;7
enfuir;0;0;0;7
emji_volume_des_enceintes_élevé;5;0;0;1
emji_visage_avec_chapeau_de_cowboy;5;0;0;1
emji_violon;2;0;0;4
emji_téléviseur;6;0;0;1
emji_tournesol;6;0;0;1
emji_sucette;0;2;0;2
emji_ski;4;0;0;3
emji_signe_de_la_main_peau_claire;0;3;0;3
emji_robot;0;0;0;5
emji_pêche;1;5;0;1
emji_pouce_vers_le_haut_peau_foncée;0;0;3;3
emji_poignée_de_main_peau_claire;6;0;0;0
emji_plage_avec_parasol;3;4;0;0
emji_paume_contre_paume_doigts_vers_le_haut_peau_moyennement_claire;0;0;0;3
emji_paume_contre_paume_doigts_vers_le_haut_peau_mate;0;0;2;1
emji_paume_contre_paume_doigts_vers_le_haut_peau_légèrement_mate;3;0;0;0
emji_oreille;0;2;0;2
emji_monstre_japonais;0;6;0;1
emji_licorne;1;2;0;1
emji_gouttes_de_sueur;3;4;0;0
emji_feuille_virevoltante;4;0;0;3
emji_femme_qui_court;2;0;0;1
emji_drapeau_ukraine;3;0;1;0
emji_drapeau_maroc;4;0;0;3
emji_drapeau_australie;4;1;0;2
emji_caméra;1;5;0;1
emji_bébé;5;0;0;2
emji_bout_des_doigts_joints_peau_moyennement_claire;0;7;0;0
emji_billet_en_euros;0;0;2;3
emirats;0;0;6;1
embarrassant;0;0;0;7
einstein;0;1;1;5
egalement;0;0;2;4
effrayer;0;0;3;4
effondrement;0;0;1;6
effarant;0;0;0;7
eczéma;0;0;0;7
easy;0;2;0;5
désuet;2;0;1;4
désespoir;0;0;1;6
dérivé;0;1;0;6
dépôt;0;0;2;5
déplorer;0;0;1;6
déploiement;0;0;3;4
déplacé;0;0;2;5
déménagement;1;0;0;6
démodé;0;1;0;6
délation;0;1;0;6
déja;1;0;2;4
dégradant;0;0;2;5
dégats;0;0;3;3
défouler;1;0;1;5
défensif;0;0;4;3
défavorisé;0;0;0;7
défaillant;0;0;1;6
décrocher;0;1;0;6
déconstruire;1;0;2;4
déception;0;2;0;5
décemment;0;0;0;7
dutout;0;3;1;3
duo;1;3;1;2
dodo;0;0;0;6
djourou;0;0;0;7
djihadiste;0;0;7;0
dissoudre;0;1;1;5
disperser;0;0;2;5
discriminatoire;0;0;0;6
différer;0;0;0;7
diaspora;0;0;6;1
dialoguer;0;0;1;6
derriere;1;1;0;5
debat;0;0;0;7
daesh;0;0;7;0
cuvette;0;6;0;1
cuillère;0;1;0;6
cs;0;1;0;5
cross;1;0;0;6
croisé;0;1;2;4
crasseux;0;7;0;0
coïncidence;0;0;2;5
couscous;1;4;0;1
coureur;1;1;0;4
coupure;0;0;0;7
corp;0;4;0;2
coque;0;0;0;6
coq;0;1;0;5
coordination;1;0;0;6
conversion;0;0;1;6
contourner;0;1;4;1
continental;0;0;1;6
contest;6;0;0;1
consumérisme;0;1;0;6
connaitre;0;2;0;5
conmebol;0;0;0;7
congélateur;0;3;0;4
congrès;0;0;5;1
confisquer;0;0;0;7
confirmation;0;0;0;7
confinement;0;0;1;6
confier;0;0;2;5
condamnable;0;0;0;7
comptabiliser;0;0;1;6
complaisance;0;0;2;5
communiqué;0;0;2;5
communicatif;4;3;0;0
commandant;0;0;0;6
comedy;0;0;0;6
combo;0;1;0;6
collusion;0;0;7;0
clin;0;2;0;5
clef;0;0;0;7
clairvoyant;0;0;0;7
ciseau;0;6;0;1
circulaire;1;0;0;6
cij;0;0;5;1
chérir;0;0;0;7
chlore;0;0;0;7
chirurgie;0;0;0;7
chill;0;0;0;7
chili;0;1;6;0
checker;0;0;1;6
charisme;2;0;0;5
chantage;0;0;0;7
chailly;0;7;0;0
cetait;1;4;0;2
cervelle;0;0;0;7
central;0;2;0;5
cendrier;1;0;0;6
cd;0;6;0;1
catégoriser;0;0;0;7
casting;0;1;0;6
casi;0;0;1;6
carnet;1;1;1;4
cardiovasculaires;0;0;0;7
caraïbe;0;1;0;5
caractéristique;0;0;1;6
capturer;0;1;2;4
cancel;0;0;1;6
calmement;0;0;0;7
cachette;0;3;0;4
bénévolat;0;0;0;7
burqa;0;0;3;3
bulle;0;3;0;4
brûlant;0;0;0;7
brévine;0;0;0;5
bruno;0;2;0;5
brice;2;5;0;0
bresil;4;1;0;1
brandir;0;0;5;2
brancher;0;7;0;0
bousculer;0;0;0;7
bourg;0;1;0;6
bougie;2;5;0;0
bosnie;0;0;7;0
bodycams;0;0;0;5
blues;0;0;0;7
blouse;0;2;0;5
blinde;0;2;0;5
bien_pensant;0;0;0;7
biden;0;0;6;1
beaucoups;2;3;0;2
bashing;0;1;1;5
barbara;0;5;0;2
bangladesh;0;0;0;7
banania;0;1;1;5
bactérie;0;0;0;7
baby;1;0;1;5
babtou;0;0;1;6
baba;0;4;1;2
axer;0;0;1;6
aveugler;0;0;2;5
avant_gardiste;3;0;0;4
autodérision;1;4;0;2
austérité;0;0;1;6
audacieux;1;0;0;6
attester;0;1;2;4
atterrir;0;1;0;6
articuler;1;1;0;5
aromat;0;7;0;0
araignée;0;1;0;6
anxiogène;0;0;0;7
anonymat;0;0;0;7
anarchie;0;0;3;4
aménager;0;0;0;7
amin;4;0;0;0
americain;0;1;4;2
amazonie;0;0;1;6
altérer;0;1;0;6
alternatif;2;1;0;3
allouer;0;0;0;7
allergique;0;1;0;6
alcoolisme;0;0;0;7
aisance;0;0;0;7
aigle;0;0;0;7
agiter;0;0;3;4
affectif;0;0;0;7
adrénaline;0;0;0;7
addictions;0;0;0;7
adam;0;0;0;7
achete;0;0;0;7
accumulation;0;0;0;7
acceptation;0;0;1;6
accaparer;0;0;3;4
abstrait;0;0;2;5
abriter;0;1;3;3
aboyer;0;0;1;6
aaah;1;5;0;1
5k;0;0;1;6
5ans;0;0;0;7
4x;0;0;1;6
3e;0;0;0;7
3a;0;0;0;7
21ème;0;0;4;3
18ans;0;0;1;6
14h;0;0;0;7
évacuation;0;1;1;3
étonnamment;0;0;1;5
épidémie;0;0;1;5
éphémère;0;1;0;5
énervant;1;2;1;2
émirat;0;0;6;0
émetteur;0;0;0;6
émancipation;0;0;0;6
élitiste;0;0;0;6
éliminatoire;0;0;1;5
élan;0;0;0;6
éducateur;0;0;0;6
éditorial;0;0;6;0
écureuil;0;0;0;6
éclairé;0;0;0;6
éclair;0;4;0;2
écho;0;1;0;5
zohran;1;0;0;5
yuka;0;1;0;5
yogourt;1;5;0;0
yavait;0;1;1;4
xix;0;0;1;5
wue;0;0;1;5
why;2;2;0;2
whataboutisme;0;0;2;4
well;1;0;0;3
welcome;2;0;0;4
way;1;0;4;1
watch;0;0;4;2
washington;0;0;4;2
wake;2;1;2;1
vr;0;1;0;5
voui;3;1;1;1
vouer;0;0;0;6
voisinage;0;0;1;5
vivable;0;0;0;6
vitalité;0;0;0;6
visée;0;1;2;3
virulent;0;1;0;5
viral;0;1;0;5
vil;0;2;0;4
viking;0;2;0;4
vietnam;0;0;1;5
vien;0;0;1;5
vertical;0;1;0;4
verrue;0;1;0;5
vermelho;0;0;6;0
velo;0;1;0;5
vasi;0;0;0;6
vape;0;0;0;6
valérie;0;5;0;1
vaisseau;1;1;0;4
unrwa;0;0;5;1
uk;0;1;0;5
truffe;0;3;0;3
troupeau;0;1;1;4
trot;1;0;0;4
tricoter;0;4;0;2
tremper;0;4;1;1
tremblement;0;2;1;3
tortue;3;1;0;2
tite;1;3;0;2
times;2;0;1;3
tigre;1;3;0;2
ti;1;2;0;3
territorial;0;0;1;5
terr0risme;0;0;6;0
terminal;0;0;0;6
temporairement;0;0;0;6
teint;0;5;0;1
tectonique;0;4;0;2
techtonik;1;4;0;1
taxées;0;0;0;6
tardif;0;0;0;6
tapette;0;6;0;0
tampon;0;2;0;4
talon;0;4;0;2
t3rroriste;0;0;6;0
sécu;0;0;0;6
symboliser;0;0;3;3
sweet;6;0;0;0
swatch;0;0;0;4
suva;0;0;0;6
suspect;0;0;3;3
sushi;0;5;0;1
survoler;0;1;3;2
survenir;0;0;0;6
surtt;0;1;0;5
surf;0;5;0;1
surcroît;0;0;0;6
sucré;0;0;0;6
sucette;0;2;0;4
streaming;0;0;1;5
statique;0;0;0;6
stat;0;0;0;6
stan;5;1;0;0
squatteur;0;0;0;6
spécimen;0;5;0;1
spirit;2;0;0;4
sp;0;1;1;4
soviétique;0;0;6;0
soute;0;0;0;6
soustraire;0;0;0;6
soupçon;0;0;3;3
souffrant;0;0;1;5
songeur;0;0;0;6
somalie;0;0;6;0
solliciter;0;0;1;5
solde;0;1;1;4
sobre;0;1;0;5
sniper;0;0;6;0
slim;1;5;0;0
sio;0;1;3;0
simone;3;0;0;3
similitude;0;4;0;1
shop;1;2;0;2
session;0;1;0;5
seringue;0;2;0;4
secu;0;0;0;6
sdb;0;5;0;1
scanner;0;2;0;4
saucisse;0;5;0;1
satanique;0;0;5;1
sangsue;0;1;1;4
salé;0;2;0;4
saloperie;0;0;0;6
safari;0;0;5;1
sadique;0;2;0;4
sachet;0;4;0;2
rôti;1;3;0;2
rêveur;0;0;0;5
réécrire;0;0;1;5
révolter;0;0;1;5
réutiliser;0;0;0;6
rétrograde;0;1;1;4
résonner;0;0;0;5
résiliation;0;0;0;6
réplique;3;0;1;2
répercussion;0;0;0;6
réfuter;0;0;0;6
réformer;0;0;3;3
rédaction;0;0;4;2
récurrent;0;0;0;6
réalisateur;2;4;0;0
réac;0;0;0;6
rumeur;0;0;1;5
rp;0;1;0;5
rox;4;0;1;1
roumanie;0;0;3;3
rond_point;0;0;0;5
romanche;0;4;0;2
rital;0;4;0;2
rimer;0;0;6;0
richard;1;3;0;1
revers;1;1;1;3
restrictif;0;0;3;3
restituer;0;0;2;4
rest;2;0;2;2
reproche;0;1;0;5
replonger;3;0;0;3
rengaine;0;0;1;5
renaître;0;0;0;6
renaissance;0;0;0;6
remuer;0;1;0;5
rein;0;1;0;5
reich;0;0;6;0
regagner;0;1;0;5
refroidir;0;0;0;6
refermer;0;0;0;6
rectification;0;1;3;2
rayer;0;0;5;1
ravage;0;1;3;2
rail;0;0;0;6
rade;0;5;0;1
rachat;0;0;0;6
racaille;0;3;0;3
quoiqu;0;0;2;4
quebec;0;6;0;0
pêcheur;1;4;0;1
pâle;1;2;0;3
puéril;0;0;0;6
punissable;0;0;1;5
ptits;0;0;0;6
préservation;0;0;0;6
prémices;0;1;0;5
prédiction;0;0;0;6
précoce;1;2;0;3
prudent;1;0;0;5
prudence;0;0;0;6
provence;1;0;0;5
proposé;0;0;1;5
pronom;0;0;0;5
prochainement;0;1;1;4
pride;1;0;0;4
prestigieux;0;0;0;6
poulpe;0;0;1;5
possiblement;0;0;0;6
porte_monnaie;0;1;0;5
populisme;0;0;1;5
popo;0;6;0;0
polonais;0;0;0;6
polenta;6;0;0;0
pole;3;0;0;3
poir;0;1;1;4
poilu;1;0;0;5
podcast;0;0;0;5
pluriel;0;0;0;6
pleur;0;0;0;5
plafonner;0;0;0;6
piétiner;0;1;3;2
pirate;0;1;1;4
pink;1;3;0;1
pincette;0;0;2;4
phénoménal;1;0;0;5
physiologique;0;0;0;6
pfffff;0;0;0;5
pfas;2;0;0;3
peuble;0;0;2;4
pessimisme;0;0;0;6
pesant;0;0;0;6
perversion;0;0;0;6
perturbant;0;0;0;6
perplexe;0;1;0;5
permission;0;0;1;5
perdition;0;0;2;4
pendre;0;0;0;6
pelouse;0;0;0;6
peler;1;3;0;2
payeur;0;0;0;6
patriotisme;0;1;0;5
patinoire;1;3;0;2
paternaliste;0;1;0;5
pass;0;3;0;3
particularité;0;1;0;5
paresseux;0;1;0;5
parcque;0;1;0;5
papet;4;1;0;1
pantoufle;0;5;0;1
pakistan;0;0;3;3
overdose;0;0;0;6
outré;0;4;0;2
oue;0;6;0;0
orteil;0;0;1;5
opprimer;0;0;6;0
oignon;1;4;0;1
ohhhhh;4;0;0;2
ofsp;0;0;0;6
obsédé;0;1;1;4
obstiner;0;0;2;4
néo;1;0;2;3
nécessiteux;0;0;0;6
nyc;0;2;1;3
nullement;0;0;1;5
nuancer;0;0;0;6
normalité;0;0;0;6
nope;0;2;0;3
nomination;0;0;6;0
noah;2;3;0;1
niger;0;0;6;0
nico;1;2;1;2
neurologique;0;0;0;6
neuchatel;1;3;0;2
namaste;4;0;0;2
nakba;0;0;5;1
naf;0;3;0;0
métaphore;1;1;0;4
mélodie;0;2;0;4
méfiance;0;0;1;4
méfait;0;0;0;6
mécontentement;0;0;4;2
mécontent;0;0;0;6
mythomane;0;0;1;5
mutilé;0;0;5;1
must;2;1;0;3
muscu;0;2;0;4
mulhouse;0;1;0;3
much;6;0;0;0
mp3;0;5;0;0
motivant;0;2;0;4
monétaire;0;0;0;6
montréal;0;6;0;0
montessori;0;1;0;5
montagnard;0;1;0;4
monopoliser;0;0;0;6
money;1;0;1;2
moisir;0;0;0;5
mocassin;0;6;0;0
mix;0;0;0;6
minimal;0;0;0;6
millionaire;0;0;0;6
migrateur;0;0;0;6
miel;0;1;0;4
microplastiques;0;0;0;6
meyer;0;0;3;3
metro;0;1;0;3
meta;1;0;0;4
merveilleusement;1;2;0;3
mercenaire;0;0;5;1
menstruel;0;1;0;5
menotter;0;0;6;0
menotte;1;2;0;3
memes;0;3;0;3
mbappé;1;3;0;2
matrixé;0;2;1;3
matos;0;2;0;4
mascus;0;0;0;6
masculinité;0;0;0;5
masculiniste;0;0;0;6
marxiste;0;0;4;1
mario;0;0;0;5
maraîcher;0;0;0;6
manie;0;0;0;6
mandataire;0;0;4;2
mama;3;0;0;2
malhonnêteté;0;0;2;4
maladroit;0;0;2;4
majuscule;0;0;0;6
mairie;0;0;1;5
magistrat;0;0;4;1
léguer;0;0;0;6
lulu;0;4;0;2
ls;1;4;0;1
loulou;1;0;0;5
loti;0;1;0;5
loterie;0;0;0;6
logo;0;0;5;1
logiciel;0;1;1;4
liaison;0;1;0;5
leurre;0;0;0;6
leu;0;1;0;4
lentille;0;0;0;6
lecornu;0;3;0;1
lea;0;3;0;3
lcr;0;0;0;6
laxisme;0;0;0;6
larguer;0;0;4;2
lapsus;0;4;0;2
lang;0;6;0;0
land;1;0;2;3
laboratoire;0;1;0;5
kérosène;0;3;0;3
kurde;0;0;6;0
kiosque;1;4;0;1
kick;0;1;0;3
ki;1;5;0;0
khan;0;0;4;0
kes;0;0;4;2
jveux;1;3;0;2
jury;0;0;0;6
juron;0;0;0;6
julesmalbranche;0;0;0;6
joug;0;0;3;3
jordanien;0;0;5;1
jojo;0;1;0;5
jen;1;3;0;2
javel;0;0;0;6
jardinier;1;1;0;4
jambon;0;1;0;5
jadore;6;0;0;0
jacob;0;5;0;1
ja;3;1;0;1
isérables;0;6;0;0
isreal;0;0;6;0
israélo;0;0;6;0
israeliens;0;0;6;0
islamophobie;0;0;2;4
isabelle;0;0;1;5
invitation;0;0;2;4
invendu;0;0;0;5
intérim;0;0;2;4
intégralement;0;0;2;4
introduction;0;0;1;5
intouchable;0;0;4;2
intimider;0;0;1;5
interprète;0;0;0;6
intermittent;0;0;0;6
interieur;0;1;0;5
interet;0;1;0;5
intellect;0;0;3;3
insérer;0;2;1;3
instance;0;0;5;1
insignifiant;0;0;2;4
inquiet;0;0;0;6
inoffensif;0;0;1;5
innover;0;0;0;6
injustifié;0;0;1;5
injure;0;0;1;5
initialement;0;0;0;6
infondé;0;1;0;5
influenceur;0;0;1;5
inexpliqué;0;0;0;6
indigène;0;0;3;2
increvable;1;0;0;5
inconscience;0;0;0;6
incompétence;0;0;0;6
incohérent;0;0;2;4
inclusivité;0;0;0;6
inaperçu;0;1;1;4
ina;0;2;0;4
impuissance;0;0;3;3
imposant;0;1;1;4
imbu;0;0;0;6
illisible;1;0;0;5
illettré;0;0;0;6
ignominie;0;0;2;4
idee;0;0;0;6
hélicoptère;0;0;1;5
hécatombe;0;0;0;6
hostile;0;0;3;3
holocauste;0;0;5;1
hollande;0;0;6;0
heuuu;0;5;0;1
hetero;0;0;0;6
hautement;0;0;1;5
harrisson;6;0;0;0
han;3;2;0;1
haaa;1;2;0;3
génératif;0;0;0;6
gynécologue;0;0;0;6
gymnase;0;0;0;6
guérison;2;0;0;4
gumi;2;1;0;0
guillaume;0;5;0;1
guichet;0;3;1;2
gueguerre;0;0;1;5
gréviste;4;0;0;2
grincheux;1;3;0;2
grimpeur;0;1;0;5
gratos;1;1;1;3
grange;0;0;0;6
grandissant;0;0;0;6
gouvernemental;0;0;4;2
gouffre;0;0;0;6
gims;0;3;0;3
giga;0;1;1;4
gibier;0;0;0;6
germanique;0;4;0;2
gentleman;6;0;0;0
gentillement;0;0;0;6
genocidaire;0;0;5;1
geneva;0;6;0;0
general;0;0;0;6
gazon;0;6;0;0
gaule;0;1;0;4
garer;1;2;0;3
garderie;0;1;0;5
galère;0;2;0;4
gaillard;1;1;0;4
gage;0;0;2;4
funès;5;1;0;0
from;1;0;1;3
frange;0;1;0;5
francaise;0;6;0;0
fourchette;0;4;0;2
fouet;0;1;0;5
formulaire;0;0;0;5
foret;0;1;0;5
forage;0;0;0;6
flèche;0;0;0;6
fluo;0;6;0;0
flow;1;5;0;0
flotille;0;2;4;0
fleurette;4;0;0;2
fixation;0;1;1;4
finaliste;0;0;0;6
fillette;0;2;4;0
figurine;1;4;0;1
fiente;0;0;0;6
fiabilité;0;0;2;4
fesser;1;2;1;2
ferrer;0;1;1;4
feminisme;0;0;0;6
fc;0;1;0;5
façade;0;0;4;2
faudrai;0;0;1;5
fantaisie;0;0;0;6
falsification;0;0;0;6
faiseur;0;1;4;1
exprès_de;0;0;0;6
exode;0;0;0;6
exit;0;1;0;5
exclusif;0;0;0;5
euthanasie;0;1;0;5
estomac;0;0;0;6
escroc;0;1;1;4
envisageable;0;0;4;2
entasser;0;0;0;6
entamer;0;0;2;4
enorme;1;2;0;3
enjamber;0;0;0;6
enfiler;0;2;0;4
endémique;0;0;0;6
encourir;0;0;0;6
encouragement;0;1;1;4
empirique;0;0;0;6
emji_toilettes;0;6;0;0
emji_symbole_recyclage;2;0;0;3
emji_signe_je_t_aime;0;4;0;0
emji_pouce_vers_le_haut_peau_mate;1;0;0;5
emji_pouce_vers_le_bas_peau_moyennement_claire;0;0;1;5
emji_ours;3;1;0;1
emji_mandarine;1;0;2;3
emji_homme_qui_hausse_les_épaules_peau_mate;0;0;1;5
emji_haut_de_forme;4;0;0;2
emji_graphique_en_hausse;1;2;0;3
emji_drapeau_canada;0;4;0;0
emji_drapeau_blanc;4;0;1;1
emji_citrouille;0;4;0;0
emji_chopes_de_bière;4;1;0;1
emji_chope;3;1;0;0
emji_cheval;1;1;0;1
emji_champignon;0;1;0;2
emji_cercueil;0;5;1;0
emji_bébé_ange;2;0;0;1
emji_bulle_de_pensée;4;0;0;2
emji_bombe;2;0;1;3
emji_baguette_magique;4;2;0;0
embêtant;0;2;3;1
embargo;0;0;4;2
eglise;0;1;0;5
education;0;0;0;5
edt;1;1;0;4
economie;0;0;0;6
ecolo;0;5;0;1
dévouement;1;0;0;5
déviance;0;0;0;6
détériorer;0;0;0;6
détour;1;1;0;4
détecter;0;0;0;6
déshydrater;0;0;1;4
dépassement;0;0;0;6
démocratiquement;0;0;5;1
démilitarisé;0;0;4;1
démarrer;0;0;1;5
délivrer;0;1;1;4
dégoût;0;0;4;2
défier;0;0;1;5
défensive;0;0;2;4
décret;0;0;2;4
décomplexé;0;1;0;5
décliner;0;0;0;6
décideur;0;0;0;6
déchiffrer;0;0;0;6
déchetterie;0;0;0;6
déc;0;0;0;6
débutant;0;0;0;5
débourser;0;1;0;5
dysfonctionnement;0;0;0;6
duper;0;0;0;6
dt;1;0;1;4
drônes;0;0;3;3
drogué;0;1;0;5
drama;0;1;0;5
doudoune;0;5;0;1
dou;2;0;0;2
divertir;1;0;1;3
dittli;0;0;0;4
disponibilité;0;0;0;6
disco;1;1;0;2
discipliné;0;0;0;6
diplômer;0;0;0;6
digestion;1;0;0;5
different;1;1;1;3
dicton;0;1;0;5
diarrhée;0;2;1;3
dfae;0;0;6;0
developper;0;0;0;6
designer;0;0;1;5
deshusses;6;0;0;0
densément;0;0;5;0
degats;0;0;2;4
debiles;0;3;0;3
danemark;0;0;4;2
daigner;0;0;0;6
dahmer;0;6;0;0
dada;0;6;0;0
daccord;0;3;0;1
d_aborder;0;0;2;4
cérémonie;0;2;1;3
cérébral;0;0;0;6
célébration;0;0;0;6
céline;0;0;0;6
cynisme;1;0;2;3
curé;0;2;0;4
cupidité;0;0;4;2
culinaire;2;1;0;3
cueillette;0;1;0;5
cts;0;1;0;4
csc;0;2;1;3
cringe;0;0;0;6
coude;0;5;0;1
couchette;0;0;0;5
coréen;0;0;0;6
corrélé;0;0;0;6
correspondance;0;0;0;6
corbeau;1;0;0;4
cops;0;4;0;2
conventionnel;0;0;0;6
conter;0;0;0;4
constatation;0;0;1;5
conjoncture;0;0;2;4
confédérations;0;0;0;5
confiture;1;4;0;1
confederation;0;0;3;3
conditionné;0;0;0;6
concorder;0;1;0;5
concombre;0;2;0;4
compréhensif;2;0;0;4
complotisme;0;2;0;4
completement;0;1;1;4
compatir;0;0;0;6
communal;0;0;0;6
combine;0;0;1;5
colporter;0;0;5;1
coloré;1;4;0;1
colorant;0;1;0;4
collectivement;0;0;0;6
collatéral;0;0;6;0
coke;1;2;0;3
coffre;0;0;0;6
clinton;0;0;6;0
clarifier;0;0;3;3
citoyenneté;0;0;0;6
ciment;0;0;1;5
cigare;0;3;0;3
cia;0;0;4;2
chuis;1;4;0;1
choupette;2;1;0;3
chorégraphie;0;1;0;5
choeur;0;3;0;3
chenapan;1;4;0;1
chauffard;0;3;0;3
charte;0;0;6;0
charlie;0;0;0;6
chanel;0;6;0;0
chancy;0;0;0;5
chahuter;0;0;6;0
chad;0;1;0;5
cession;0;0;0;4
centimètre;0;1;0;5
casserole;0;0;0;6
casier;0;0;0;6
caserne;0;0;0;4
cartouche;0;0;0;6
cartonner;0;3;0;3
carrefour;0;3;0;3
carreau;0;4;0;2
caricatural;0;0;0;6
cardio;0;0;0;6
canva;0;2;0;4
cancre;1;0;0;5
camer;0;3;0;3
calorie;0;2;0;4
calendrier;0;4;0;2
c0n;0;0;1;5
bécasse;0;0;3;2
bureaucratie;0;0;0;6
bureaucrate;0;0;1;5
bunker;0;0;2;3
buffet;0;0;0;6
brute;0;0;0;6
bronze;0;5;0;1
brocante;0;2;0;4
british;1;0;0;4
brebis;0;0;3;3
bravoooo;4;1;0;1
boxe;0;2;0;4
bowling;0;0;0;6
bourre;0;0;0;6
boudin;0;1;0;5
bouder;0;2;0;4
bouc;0;1;1;4
bots;0;0;2;4
bosniaque;0;1;3;2
boris;0;5;0;1
bobet;0;0;1;5
boa;2;0;0;4
bled;0;0;0;6
blatten;2;0;0;4
blasphème;0;0;0;5
biologiquement;0;2;0;4
billag;0;0;5;1
bijou;4;1;0;1
bernex;0;0;0;6
berlin;0;2;1;2
benoît;0;5;0;1
bds;0;0;5;0
battle;0;5;0;1
bataclan;0;3;1;2
basané;0;6;0;0
barragiste;0;0;0;5
bancomat;0;0;0;6
bancal;0;0;0;6
balkans;0;0;2;4
aya;2;0;0;2
aveuglément;0;0;1;5
aveuglement;0;0;0;5
avantager;0;0;0;5
autrichien;0;1;2;3
autocollant;0;2;0;4
attractif;0;0;0;6
attentivement;0;2;1;3
attentas;0;0;6;0
atmosphérique;0;0;0;6
at;3;1;1;1
assorti;0;5;0;1
assembler;0;3;0;3
aspirateur;0;1;0;5
arthur;1;0;3;2
arte;0;0;0;6
arriéré;0;2;0;4
arnaquer;0;0;0;6
aquarium;0;2;0;4
aprem;1;3;0;2
appétit;1;0;0;5
apple;0;1;0;5
anus;0;4;0;2
antivax;1;1;0;4
antisocial;0;0;1;5
annexe;0;1;4;1
animateur;0;4;0;2
angoissant;0;3;0;3
anglophone;0;4;0;2
andrew;0;1;0;5
ancestral;0;0;1;5
amusement;0;0;0;6
amsud;0;0;0;6
alléger;0;0;1;5
allier;0;0;3;3
aisselle;0;3;0;3
aimant;1;0;0;5
aimable;1;2;1;2
ahahahah;1;5;0;0
aha;0;0;1;5
agaçant;0;0;0;4
affûter;0;2;0;4
adéquation;1;0;0;5
adolf;2;0;0;4
acquitter;0;0;4;2
acheteur;0;0;0;6
acharné;0;0;0;6
acharnement;0;0;4;2
abyssal;0;0;0;6
90s;5;0;0;1
8ème;0;0;0;6
8ans;0;2;0;4
80s;6;0;0;0
70ans;0;1;2;3
60h;0;0;0;6
60ans;0;0;0;6
5x;0;1;2;3
5e;0;3;0;3
4ans;0;1;1;4
40ans;0;1;0;5
3d;1;0;0;5
30km;0;0;0;6
2nd;0;3;0;3
22ans;0;4;0;2
19h;0;0;1;5
19e;0;1;0;5
étroitesse;0;0;0;5
étincelle;0;1;1;3
étanche;0;5;0;0
éric;2;0;0;3
équitablement;0;0;0;5
équateur;0;0;2;3
épuisement;0;0;0;5
épicerie;0;0;0;5
épanoui;0;0;0;5
émerger;0;0;1;4
éligible;0;0;2;3
élaboré;0;0;0;5
éjecter;0;0;1;4
égout;0;0;0;5
égorger;0;0;0;5
éditorialiste;0;0;3;1
écusson;0;3;0;2
écrouler;0;0;0;5
échauffement;0;5;0;0
è;4;1;0;0
âpre;0;4;0;1
zweifel;1;4;0;0
zemmour;0;1;0;4
yves;0;3;0;2
yorkais;0;0;2;1
years;2;0;2;1
yanne;0;5;0;0
yaka;0;0;0;5
x2;0;1;0;4
wokistes;0;3;0;2
wiki;0;0;0;5
wealth;0;0;1;3
wars;1;4;0;0
waow;1;4;0;0
waouw;2;0;0;3
waou;0;1;0;4
wah;0;1;0;4
véçu;0;0;0;5
végétalien;0;0;0;5
véganisme;0;0;0;5
vulnérabilité;0;0;1;4
vouvoiement;0;0;0;5
volta;5;0;0;0
volatilité;0;0;0;5
vogue;0;0;0;5
vodka;0;2;0;3
vocal;0;1;0;4
vitamine;0;0;0;4
visionner;0;0;1;4
viril;0;3;0;2
virgule;0;1;0;4
virginité;0;0;0;4
vio;0;4;1;0
vingts;0;1;1;3
vieillissant;0;0;0;5
vice_versa;0;1;0;4
vertueux;0;1;0;4
vertu;0;0;0;5
verticale;0;0;0;4
verso;0;0;0;5
vernis;0;0;0;4
veine;0;3;0;2
vedette;0;0;0;5
vecteur;0;0;0;5
vasy;0;0;2;3
vaseline;0;1;0;4
varié;0;0;2;3
valorisant;0;0;0;5
validé;0;0;0;5
vai;2;2;0;1
vaccination;0;0;0;5
utopique;0;0;0;5
usé;0;1;0;4
usurpation;0;0;0;5
usd;0;0;0;5
urbanisme;0;0;0;4
téléspectateur;0;1;0;4
télécharger;0;0;0;5
twitch;0;4;0;1
twist;1;2;1;1
tupp;0;0;0;5
trouille;1;0;0;4
trouer;0;4;0;1
trott;0;0;0;5
trotinette;0;1;0;4
tropical;0;2;0;3
tripler;0;0;0;5
trimer;0;0;0;5
tps;0;1;0;3
toys;0;4;0;1
toutoune;4;0;0;1
torah;0;1;0;4
topissime;4;0;1;0
tomme;0;4;0;1
tombe;0;0;1;4
toile;0;0;0;5
tip;4;1;0;0
tine;0;0;0;5
tibet;1;0;2;2
théorisé;0;0;0;5
they;2;0;1;2
tendu;0;3;0;2
tempo;5;0;0;0
tease;5;0;0;0
tea;1;2;1;1
tdf;0;1;1;3
tazer;0;0;0;5
taxidermie;0;0;0;5
tatouer;0;3;1;1
tasser;0;0;0;5
tarifaires;0;0;0;5
tal;0;4;0;1
take;0;0;0;5
tact;0;0;0;5
tacle;0;0;0;5
tac;0;0;0;3
tablier;0;1;0;4
sénégalais;1;0;0;4
suspension;0;0;0;5
suspense;1;3;0;1
surréaliste;0;2;0;3
surreprésentation;0;0;1;4
surnommer;0;5;0;0
surgelé;0;2;0;3
surestimer;0;0;0;5
surcharger;0;0;0;5
supplier;1;0;0;4
sumo;0;0;0;5
subversif;0;0;0;5
stylo;0;0;0;5
stream;0;0;0;5
stratosphère;0;0;0;4
stories;0;3;1;0
stand;0;1;0;4
staline;2;0;3;0
stagner;0;0;0;5
staff;0;0;0;5
squid;3;0;0;2
spéculatif;0;0;0;5
spécialisé;0;0;0;5
spotify;0;0;0;5
spontanéité;2;0;0;3
spinoza;3;0;0;2
spatz;0;5;0;0
spatial;1;1;0;3
souder;0;0;0;5
sou;2;0;0;3
sonnerie;0;1;0;4
solitaire;0;1;2;2
soigneusement;0;0;0;5
socio_économique;0;0;0;4
snow;1;3;0;1
smith;0;5;0;0
sme;1;0;0;4
sinistre;0;0;0;4
simplet;0;1;0;4
side;4;0;0;1
sibérie;0;1;0;4
shopping;1;1;0;3
shoot;0;0;0;5
shirt;0;5;0;0
shame;1;0;0;4
serge;0;0;1;4
serbie;0;0;4;0
sensationnel;2;0;1;2
secrétaire;0;0;2;3
seau;0;2;0;3
scroller;0;0;0;5
scoop;0;4;0;1
school;2;1;0;2
schneks;0;5;0;0
schengen;0;0;3;2
scander;0;0;2;3
scandaliser;0;0;2;3
saveur;0;2;0;3
sandrine;1;4;0;0
samy;5;0;0;0
saboter;0;0;3;2
rééquilibrer;0;0;0;5
révoltant;0;0;1;4
résille;1;1;0;3
réservoir;0;0;0;5
répressif;0;0;0;5
rénover;0;1;0;4
réinsertion;0;0;0;5
réincarnation;1;1;0;3
réclamation;0;0;0;5
réception;0;0;0;5
réal;0;0;0;5
ruelle;0;0;1;4
ruben;0;1;0;4
rtsinfo;0;0;1;4
rtsarchives;1;0;0;4
rs;0;0;0;5
rousseau;0;5;0;0
roulette;0;1;1;3
rouage;0;0;0;5
ronaldo;0;5;0;0
romario;1;4;0;0
ringard;0;3;0;2
rihs;2;0;3;0
rigide;0;0;0;4
ricordi;5;0;0;0
revêtir;0;0;1;4
revolver;0;0;1;4
reverser;1;0;0;4
reuf;0;0;0;5
restau;0;0;0;5
resident;0;0;1;4
reset;1;0;0;3
reptile;0;2;1;2
reposant;0;1;0;4
report;0;0;0;5
repondre;0;1;0;4
renouveau;0;0;0;5
renforcement;0;0;1;4
renflouer;0;0;0;5
remédier;0;0;0;5
remy;0;0;4;1
remontée;0;0;0;5
relativisme;0;0;0;5
relationnel;0;0;0;5
regles;0;0;0;5
regime;0;0;2;3
redéfinir;0;0;2;3
reconnaissable;1;2;0;2
raz;0;0;1;4
ras_le_bol;0;0;2;3
rappeur;0;4;0;1
rangée;0;0;0;5
random;0;0;1;4
ramper;0;1;0;4
rambo;0;0;0;5
ramadan;0;2;0;2
rajouterai;0;1;0;4
racoleur;0;0;0;5
racisées;0;0;4;1
racelards;0;0;0;5
rabais;0;0;0;5
qur;0;0;1;4
quelqun;0;0;1;3
qualitatif;0;0;0;5
qie;0;0;1;4
pédocriminels;0;0;1;4
pédo;0;0;0;5
pédagogique;0;0;0;5
pâté;0;1;0;3
pâturage;0;0;0;5
pus;0;0;0;5
punitif;0;0;0;5
puant;0;0;0;5
pti;0;1;1;3
ptdrrrr;0;5;0;0
prévoyance;0;0;0;5
prévalence;0;0;0;5
prélèvement;0;0;0;5
préjudice;0;0;0;5
préfet;0;1;0;4
prédécesseur;0;0;1;4
provocateur;0;0;0;5
province;1;1;1;2
proverbe;0;1;0;4
protestation;0;0;2;3
protectorat;0;5;0;0
prospérer;0;0;0;5
prorata;0;0;0;5
propulser;0;0;0;5
propagation;0;0;0;5
promenade;1;0;0;4
projectile;0;0;2;3
projecteur;0;2;2;1
progression;0;0;0;5
programmation;0;0;0;5
profusion;0;1;0;4
professionnellement;0;0;0;5
prisoniers;0;0;4;0
priser;0;0;0;5
prenom;1;1;0;3
pragmatisme;1;0;0;4
pout;0;4;1;0
positionnement;0;0;2;3
porrentruy;0;4;0;1
poreux;0;0;0;5
politicard;0;0;0;5
pois;0;3;0;2
pogs;0;4;0;0
pog;3;1;0;0
pn;0;0;1;4
pmr;0;1;0;4
pléonasme;0;3;0;2
plouc;0;4;0;1
playstation;1;0;0;4
playlist;0;4;0;1
plaquer;0;0;0;5
plantation;0;2;0;3
planer;0;0;0;4
plainpalais;0;1;0;4
plaine;0;0;0;5
piètre;0;0;1;4
piur;0;1;0;4
piston;3;1;0;1
pin;0;3;0;2
piccard;0;1;0;4
pharmas;0;0;1;4
pharaon;0;0;3;2
peugeot;0;3;0;2
petit_déjeuner;0;0;0;5
pesée;0;0;2;3
persone;0;0;0;5
persan;1;0;0;2
perruque;0;2;0;3
perpétuel;0;0;0;5
pelure;1;1;0;2
peintre;0;0;0;5
pedophilie;0;0;0;5
pedophile;0;0;1;4
paz;1;1;0;3
payerne;0;0;0;5
pay;1;1;0;3
patronal;0;0;0;5
parsque;0;1;0;4
parlant;0;1;0;4
parano;0;0;0;5
paralyser;0;1;1;3
parachute;0;0;1;4
papillote;0;1;0;4
papas;0;0;0;5
paniquer;0;0;0;5
pancarte;0;2;3;0
pallier;0;0;0;5
palette;0;1;0;4
palestinian;3;0;1;1
paisiblement;1;0;0;4
paa;0;0;0;5
p0rno;0;0;0;5
ouïe;2;0;0;3
ouighour;0;0;2;2
orp;0;0;0;5
oreillette;0;1;2;2
oqtf;0;1;4;0
ooooh;4;0;0;1
omniprésent;0;0;0;5
olive;0;4;0;1
obsolescence;0;0;0;5
obsessionnel;0;0;0;5
obscurantisme;0;0;2;3
obscur;1;0;0;4
négociable;1;0;1;3
nève;0;4;0;1
nvidia;0;0;0;5
nutriscore;0;0;4;1
nuremberg;0;0;5;0
nourrisson;0;0;0;5
nourrissant;0;0;0;5
nounou;0;1;1;3
notification;0;0;0;5
nordique;0;0;0;5
noooon;0;5;0;0
noix;0;0;0;5
niveler;0;0;0;5
niquer;0;0;0;5
niquel;1;1;0;3
nina;4;0;0;1
nikola;0;0;0;5
nidwald;0;0;1;4
nb;0;0;0;5
navire;0;0;1;4
nautique;0;0;0;5
nauséabond;0;3;1;1
naturalisent;0;0;0;4
naturalise;0;0;0;5
naturalisations;0;0;0;5
narcoterroristes;0;0;5;0
narcisse;0;0;0;5
nappe;0;0;1;4
môme;3;0;0;2
métabolisme;0;0;0;4
méta;0;0;0;5
méga;0;1;0;4
méditerranéen;0;1;0;4
mèche;0;3;0;2
mutualité;0;0;0;5
muscle;1;1;0;3
mouise;0;1;0;4
mouchoir;0;0;0;5
motard;0;1;1;3
moss;0;0;0;5
more;1;0;0;4
monotone;0;3;0;2
monopoly;0;0;1;4
monoparental;0;0;0;5
mollusque;0;3;0;2
mollah;0;0;4;0
moelle;0;2;2;1
modérateur;0;0;0;5
mobilisations;0;0;3;2
mmmh;0;1;0;4
mmh;0;0;1;3
mirage;0;0;0;5
minou;4;1;0;0
miner;0;0;0;5
middle;1;1;1;2
michellod;0;5;0;0
miche;0;1;0;3
mia;3;0;0;2
mesquin;0;0;0;5
merdier;0;2;1;2
mercure;0;0;0;5
mercedes;0;1;0;4
mercantile;0;0;1;4
menton;0;2;0;3
menstruation;0;1;0;4
melatonine;0;0;0;5
md;1;1;0;3
maudet;0;1;1;3
matth3ews;0;0;0;5
matrice;0;1;0;4
marée;0;0;1;4
martyriser;0;0;4;1
martine;0;2;0;1
maritime;0;0;2;3
marco;3;0;1;1
mao;1;0;4;0
manipulable;0;0;0;5
manier;0;0;0;5
mangue;0;5;0;0
mami;3;1;0;1
malédiction;0;2;1;2
malthusiens;0;0;4;1
malley;0;1;0;4
malfaiteur;0;0;4;1
malentendu;0;0;0;5
maigreur;0;0;1;3
magnon;0;5;0;0
magic;1;1;0;3
machette;0;1;4;0
létal;0;0;3;1
léon;3;1;0;1
légion;0;0;0;5
légiférer;0;0;0;5
légalité;0;0;3;2
léchage;0;4;0;1
lyme;0;0;0;5
lucas;0;3;0;2
lorenzo;5;0;0;0
longuement;0;0;0;5
loge;0;0;1;4
lobbyistes;0;0;0;5
lo;5;0;0;0
lister;0;0;0;5
lisbonne;0;1;0;4
lin;0;4;0;1
likoud;0;0;4;0
liker;0;2;1;2
licorne;0;0;0;5
libye;0;1;4;0
lhomme;0;0;0;4
lgbtq;0;0;0;5
lex;0;0;0;4
lesbien;0;0;0;5
legal;0;0;0;5
learning;0;0;0;4
league;0;0;0;5
lbd;0;0;5;0
lanceur;1;0;1;3
lancement;0;0;3;2
lame;0;0;0;5
lake;0;5;0;0
lady;2;2;0;1
labo;0;0;0;5
kosovare;0;0;4;1
ko;1;1;0;3
kks;0;3;0;2
kirk;0;0;0;5
kiffer;0;0;0;4
kiev;0;0;4;1
kidnapping;0;0;2;3
kid;3;1;0;1
kermesse;1;0;0;4
justicier;0;0;0;5
jumeau;0;3;0;2
jules;0;1;0;4
jugué;5;0;0;0
juego;5;0;0;0
joconde;0;0;0;5
jlai;0;2;0;3
jihadistes;0;0;5;0
jeûner;0;0;0;5
jeannot;0;0;0;5
jcrois;0;2;1;2
jc;0;2;0;3
jazeera;2;0;2;1
javier;0;0;1;4
jane;1;1;0;3
jaafarwi;0;0;5;0
ix;1;0;0;4
ivoire;0;0;1;3
italo;0;4;0;0
italia;2;2;0;1
istanbul;2;0;1;2
israëliens;0;0;5;0
isr;0;0;4;1
irl;0;1;0;4
ipa;0;0;0;5
inévitable;0;0;0;5
involontaire;0;0;1;4
invasif;0;1;0;4
intéressé;0;0;0;5
intuition;0;0;0;5
introuvable;0;0;1;4
intrinsèque;0;0;0;5
intolérant;0;0;2;3
interner;0;0;3;2
interlocuteur;1;0;0;4
interesse;0;1;1;3
institut;0;0;0;5
insipide;0;0;0;5
inoxtag;0;0;0;5
innommable;0;0;5;0
injustifiable;0;0;1;4
injecter;0;0;0;5
initier;0;1;2;2
infrarouge;0;1;0;4
infect;0;1;1;3
infantino;0;2;1;2
infantiliser;0;0;0;5
infantile;0;0;1;3
inerte;0;0;0;5
inefficace;0;0;4;1
indéfendable;0;0;2;3
individuellement;0;0;1;4
incurable;0;0;0;5
inconfortable;0;1;0;4
incommensurable;0;0;1;4
incomber;0;0;0;5
inclu;0;0;1;4
incinération;0;0;0;5
inceste;0;0;0;5
incendier;0;4;1;0
inattendu;0;0;3;2
inarrêtable;0;1;0;3
inadapté;0;0;0;5
impérialisme;0;0;4;1
impunément;0;0;5;0
improviser;0;1;1;3
implanter;0;0;0;5
implacable;0;0;0;5
impartialité;0;0;5;0
imp;0;3;1;1
immortalité;0;0;0;5
imbuvable;0;0;1;4
illuminer;1;4;0;0
ignare;0;0;2;3
ig;0;0;3;2
iel;0;1;0;4
idéaliser;0;0;0;5
ideologie;0;0;2;2
iconique;5;0;0;0
iberia;1;0;1;3
hétérosexuel;0;0;0;5
hésitation;0;3;0;2
hérésie;0;0;0;5
hypothétique;0;0;0;5
hyn;0;0;0;5
hs;0;0;0;5
hp;0;1;0;4
how;2;1;0;2
hot;0;5;0;0
hostilité;0;0;5;0
hopital;0;0;1;4
hooo;4;0;0;1
hongrie;0;0;2;3
homme_femme;0;0;0;4
hobby;0;0;0;5
hihihi;1;4;0;0
high;3;1;0;1
heysel;0;0;0;5
heurter;0;0;1;4
henry;0;0;0;5
henchoz;1;0;1;2
helvète;1;1;0;3
hehe;2;2;0;1
heart;2;0;0;3
hazard;0;3;0;2
haver;3;0;1;1
hautain;0;0;0;5
hasbara;0;1;4;0
hasardeux;0;0;1;4
hache;0;0;0;5
habile;0;0;0;5
géorgie;1;0;2;2
gén0;0;0;5;0
gypaète;0;0;0;5
gva;0;0;1;4
guise;0;1;3;1
guignol;0;5;0;0
gu;0;0;1;4
gré;0;0;2;2
grv;0;4;0;1
groupuscule;0;0;5;0
green;0;0;0;5
gravissime;0;0;3;2
grade;0;2;1;2
gouvernant;0;0;0;5
gonzesse;0;2;0;3
gonflable;0;1;0;4
golf;0;0;1;4
goldorak;0;0;0;4
glutamate;0;5;0;0
glucide;0;0;0;5
globalistes;0;0;1;3
glacial;0;4;0;1
gif;1;3;1;0
gerbe;0;0;0;4
genocides;0;0;4;1
genfersee;0;5;0;0
gaëlle;4;1;0;0
gaston;0;5;0;0
garcons;3;1;0;1
gangster;0;3;0;2
galerie;0;0;0;5
féerique;0;2;0;3
futile;0;2;0;3
fur_et_à_mesure;0;0;0;5
funèbre;0;0;0;5
fumisterie;0;0;4;1
fromagerie;0;4;0;0
frileux;0;1;0;4
friandise;0;1;0;4
frero;2;1;0;2
freedom;0;1;2;1
frayer;0;3;0;2
fraudeur;0;0;0;5
fragment;0;0;0;5
fourche;0;4;1;0
foudre;0;0;1;4
fosse;0;1;2;2
formel;0;0;2;3
formateur;0;0;0;5
forger;0;0;0;5
forestier;0;0;0;5
fonte;0;0;0;5
fontaine;1;0;0;4
foncier;0;0;1;4
foireux;0;1;0;4
foirer;0;1;2;2
foehn;0;3;0;2
focaliser;0;0;3;2
fnsea;0;0;0;4
fluidité;0;0;0;5
flore;0;0;0;5
flexibilité;1;0;0;4
flan;0;0;3;2
finlande;1;3;0;1
financées;0;0;1;4
figurer;0;0;0;5
fichu;0;0;0;5
fervent;0;0;1;4
fermement;0;0;3;2
federer;2;1;0;2
fb;0;0;2;3
fatal;0;0;0;5
fantasy;0;0;0;4
faiblement;0;0;1;4
facette;1;0;0;4
fable;0;0;0;3
extasier;0;1;1;3
explicitement;0;1;3;1
expansion;0;0;1;4
exilé;0;1;0;4
exiler;0;0;3;2
exhaustif;0;0;0;5
esr;1;1;1;2
escient;0;0;0;5
errer;0;1;0;4
epfl;0;0;0;5
envieux;0;0;0;5
envergure;0;0;2;3
entrave;0;0;0;5
entendement;0;0;0;5
enrichissant;0;0;0;5
enquêteur;0;0;1;4
enquêter;0;0;1;4
enneigé;0;1;0;4
enleve;0;0;0;4
engouement;1;1;1;2
enfait;0;3;0;2
energie;0;0;1;3
endommager;0;0;3;1
endiguer;0;0;0;5
encroyable;1;1;0;2
encombrant;0;3;0;2
encercler;0;0;4;1
emplir;0;0;0;5
emji_vélo;1;0;0;4
emji_voiture_de_police_de_face;1;1;1;1
emji_visage_qui_éternue;0;0;1;2
emji_visage_faisant_un_bisou;2;1;0;1
emji_vernis_à_ongles;4;0;0;0
emji_vent_avec_visage;4;0;0;1
emji_tête_de_vache;4;0;0;0
emji_signe_appel_téléphonique_avec_les_doigts_peau_claire;4;0;0;1
emji_sens_interdit;1;0;1;3
emji_sablier;0;1;2;1
emji_ruban;2;0;0;2
emji_rouleau_de_papier;2;2;0;1
emji_poule;0;1;0;3
emji_poing_levé_peau_mate;3;0;0;0
emji_poing_levé_peau_foncée;4;0;0;1
emji_personne_avec_la_paume_sur_le_visage_peau_moyennement_claire;0;0;0;4
emji_perroquet;0;0;3;2
emji_patin_à_roulettes;2;0;0;1
emji_ok_peau_mate;5;0;0;0
emji_micro;5;0;0;0
emji_mains_qui_forment_un_coeur_peau_mate;5;0;0;0
emji_main_avec_index_pointant_à_gauche;0;1;0;4
emji_livres;3;0;0;2
emji_lettre_d_amour;2;0;1;1
emji_index_pointant_vers_le_haut_peau_légèrement_mate;0;3;0;2
emji_flèche_en_haut;5;0;0;0
emji_fleur_de_lys;2;0;1;1
emji_feuille_d_érable;4;0;0;1
emji_femme_qui_lève_la_main;3;0;0;2
emji_drapeau_venezuela;0;0;5;0
emji_drapeau_turquie;2;0;0;1
emji_drapeau_tunisie;2;3;0;0
emji_drapeau_russie;2;0;1;0
emji_drapeau_portugal;2;1;0;2
emji_drapeau_noir;1;1;0;1
emji_drapeau_mexique;5;0;0;0
emji_drapeau_espagne;4;0;0;0
emji_drapeau_chili;0;0;1;2
emji_drapeau_albanie;0;1;4;0
emji_combiné_téléphonique;2;0;0;2
emji_cocktail_tropical;0;1;0;2
emji_chien;4;0;0;1
emji_chat_qui_sourit;3;1;0;1
emji_casque_militaire;4;1;0;0
emji_bouche;0;4;0;1
emji_biceps_contracté_peau_foncée;3;0;0;0
emji_avion;0;4;0;1
emissions;0;0;0;5
embouteillage;0;0;0;5
emblématique;1;0;0;4
email;0;2;0;3
electronique;0;0;0;5
egoiste;0;0;1;3
effréné;0;0;0;5
efforcer;0;0;2;3
economique;0;0;3;2
easyjet;0;0;0;5
dévotion;1;0;0;4
développé;0;0;0;5
dévaster;0;0;1;4
dévaloriser;0;0;0;5
détraquer;0;1;1;3
détracteur;0;0;0;5
détente;1;2;0;2
désillusion;0;0;0;5
déshabiller;0;3;0;2
désengorger;0;0;0;5
désamianté;0;0;0;4
désabonne;0;2;1;2
dépénalisation;0;0;0;5
dépourvu;0;0;0;5
déporter;0;0;2;3
déodorant;0;3;0;2
dénier;0;0;4;1
démographie;0;0;1;4
démanteler;0;0;4;1
démagogie;0;0;0;5
délégation;0;0;1;4
délibérément;0;0;2;3
dégringolade;0;0;0;5
dégradé;0;0;0;5
dégoute;0;1;0;4
dédouaner;0;0;0;5
décroissance;0;1;0;4
décourager;0;0;0;5
décourageant;0;0;0;5
décorer;0;1;0;4
déconcertant;1;0;0;4
décompresser;0;0;0;5
décolonisation;0;0;4;0
déboucher;0;0;0;5
duty;0;0;0;5
durement;0;0;1;4
durablement;0;0;2;3
dubitatif;0;0;0;5
dressage;0;0;1;4
doyen;0;0;0;5
down;1;2;0;2
dope;1;2;0;2
docu;1;0;0;4
doctrine;0;0;2;3
dla;0;3;0;2
divulguer;0;0;5;0
district;0;0;1;4
distributeur;0;0;1;4
dissonance;0;0;0;5
dissocier;0;0;0;5
dissiper;0;0;0;5
discriminant;0;0;1;4
dili;5;0;0;0
digestif;0;1;0;3
diesel;1;1;0;3
dictat;0;0;1;4
diamant;0;0;0;5
developpement;0;0;0;4
detruit;0;0;3;2
detre;0;0;3;2
destinée;1;0;2;2
depardieu;0;1;0;4
delon;1;2;0;2
defend;0;0;2;3
ded;0;2;1;2
dd;4;0;0;1
dcp;0;4;0;1
dbz;3;1;0;1
damoiseau;0;3;0;2
dam;0;1;0;4
cylindrée;0;0;0;5
cyclique;0;0;0;5
cursus;0;0;0;4
curry;0;1;0;4
cumulées;0;0;0;5
cumuler;0;0;0;5
cuivre;0;0;0;4
cuisson;0;2;0;3
crypto;0;0;0;5
crucifier;0;1;0;4
croustillant;0;4;0;1
crouler;0;0;0;5
cro;0;5;0;0
criminaliser;0;0;4;1
cr;1;0;1;3
couturier;0;0;0;4
cout;0;0;0;5
cosmétique;0;0;0;5
cosmique;0;0;0;5
corvée;0;0;0;5
corporation;0;0;3;2
coquille;0;2;0;3
cookie;0;3;1;1
coogros;0;5;0;0
convivialité;0;1;0;4
converser;0;1;0;4
contrée;0;0;0;5
control;0;0;3;2
contraceptif;0;0;2;3
contextualiser;1;0;0;4
contempler;0;1;0;4
conte;1;0;2;2
considérablement;0;0;0;5
consanguinité;0;2;0;3
conjuguer;0;0;0;5
conforter;0;0;0;5
confiserie;0;0;0;5
confiner;0;1;0;4
confession;0;1;2;2
conditionnement;0;0;0;5
comte;0;3;0;2
compensation;0;0;1;4
comparatif;0;0;1;4
communion;0;1;0;4
comms;1;3;0;1
combustion;0;0;0;5
combiner;0;0;0;5
combi;0;4;0;1
colonialiste;0;0;5;0
colombe;4;0;1;0
cologny;0;0;0;5
colo;4;1;0;0
collision;0;0;0;5
collecte;0;0;1;4
collabo;0;0;3;2
cohabiter;0;0;0;5
coercitif;0;0;3;2
cochonnerie;0;2;1;2
clémentine;0;0;0;5
clément;0;2;1;2
clivage;0;0;0;5
clinique;0;0;0;5
clignotant;0;0;0;5
classification;0;0;1;3
clash;0;1;0;4
clandestin;0;1;3;1
cinématographique;0;0;0;5
cilo;3;1;0;1
cigogne;0;0;0;5
cide;0;0;5;0
chypre;0;0;3;2
chuv;0;0;0;5
chrono;0;1;0;4
chouine;0;1;0;4
chipie;0;5;0;0
chevreuil;0;0;0;5
chevelure;2;1;0;2
chere;0;5;0;0
cheminée;0;3;0;2
checking;0;0;0;4
chausson;0;4;0;1
chariot;0;0;0;5
champi;0;2;1;2
chambouler;0;0;0;5
chain;0;0;0;5
chablais;0;0;0;5
cgn;0;0;0;5
ceva;0;0;0;5
cervin;0;0;0;5
cerf;0;0;0;5
centre_ville;0;0;0;4
centraliser;0;0;1;4
celestin;3;0;0;2
cbd;0;1;0;4
cb;0;0;0;5
castor;0;3;0;2
castello;0;5;0;0
casino;0;0;0;4
carrossier;1;3;0;1
carrosserie;0;1;0;4
carlos;0;1;2;2
care;0;0;0;5
captif;0;0;2;3
capitulation;0;0;4;1
cantine;0;1;0;4
canidé;0;0;0;5
campagnard;1;0;0;4
cameraman;0;1;0;4
camaraderie;0;0;0;5
calomnie;0;0;3;1
cafard;0;2;2;1
cachet;0;1;0;4
cacahouète;0;1;1;3
bénichon;1;2;0;2
bâtard;0;0;0;4
butterfly;2;1;0;2
bulletin;0;0;0;5
bulldozer;0;0;5;0
brûlure;0;5;0;0
brèche;0;0;1;3
brushing;0;5;0;0
bruler;0;0;1;4
broncher;0;0;3;2
brochette;0;0;0;5
broche;0;5;0;0
brisé;1;0;3;1
brique;0;0;0;4
bricoler;0;1;1;3
bravoure;1;1;0;3
bravooooo;4;0;1;0
bravooo;3;0;0;1
brassière;0;5;0;0
branleur;0;0;0;5
brandolini;0;1;0;4
bouleverser;0;0;0;5
boug;0;1;0;4
bouddhiste;0;0;0;5
border;0;1;0;4
bordeaux;0;2;0;3
boku;0;4;0;0
bofs;1;0;0;3
blouson;0;5;0;0
blasé;1;1;0;3
blanchiment;0;0;1;4
bla_bla_bla;0;0;1;4
bizzare;0;1;1;3
bile;0;0;0;5
bichette;0;5;0;0
biaisés;0;0;1;4
bettina;1;0;0;4
bellissima;5;0;0;0
bellevue;0;0;0;5
bazar;0;0;2;3
batiments;0;2;1;2
bassesse;0;1;0;4
barragistes;0;0;0;5
barb;1;0;4;0
baptiste;0;5;0;0
ballot;0;0;0;5
ballade;0;4;0;1
ball;0;1;1;3
baignade;0;2;0;1
bahaha;0;2;0;3
bachelier;0;2;0;3
aérodrome;0;0;0;5
aviaire;0;0;0;5
aveu;0;0;1;4
aval;0;0;1;4
av;0;4;0;1
auxiliaire;0;1;0;4
autel;0;1;0;4
aurevoir;0;0;2;3
aulieu;0;0;0;5
attraction;0;0;0;5
attachement;0;0;0;5
att;1;4;0;0
atar;0;0;0;5
associatif;0;0;2;3
assistance;0;0;0;5
assemblée;0;1;0;4
artisanat;0;0;0;5
articulation;0;3;0;2
arrete;0;1;0;4
aristote;0;1;0;4
arf;0;2;0;3
arbitrairement;0;0;3;2
arabique;0;0;5;0
aprés;0;2;0;3
appréhender;0;0;1;4
appropriation;0;2;1;2
approfondi;0;0;1;4
applicable;0;1;2;2
appli;0;0;0;5
appeller;0;0;0;5
appellait;1;4;0;0
appauvrissement;0;1;1;3
apparition;2;1;0;2
apparent;0;0;0;5
apocalypse;0;0;0;5
ap;0;0;1;4
antérieur;1;0;0;4
anomalie;0;0;0;5
annecy;0;1;0;4
animosité;0;0;0;5
animalerie;0;0;0;5
aménagement;0;0;0;5
amo;3;0;0;2
altruisme;0;0;0;5
alpinisme;0;0;0;5
allégeance;0;0;3;2
allumette;0;2;1;2
ali;1;0;1;3
alex;2;1;1;1
alarmiste;0;0;0;5
ajuster;0;0;0;5
ajustement;0;0;0;5
aigu;0;3;0;2
agonie;0;0;0;5
afro;0;0;0;5
affranchir;0;0;0;5
affiner;0;2;0;3
adrien;0;5;0;0
accroître;0;0;0;5
abstraction;0;0;0;5
absinthe;0;1;0;4
ablution;1;4;0;0
abbaye;0;1;1;2
a_priori;0;1;0;4
a1;1;0;0;4
9c;0;0;0;5
6ème;1;0;0;4
5eme;1;0;2;2
50millions;0;0;0;5
4ème;0;0;1;4
4j;0;0;0;4
48h;0;0;0;5
22h;0;1;0;4
20eme;0;1;0;4
20aine;0;0;1;3
1e;0;1;1;3
15ans;0;0;0;5
10x;0;0;1;4
10ans;0;0;0;5
évincer;0;1;1;2
évangélique;0;0;0;3
éthiopien;0;0;4;0
étes;1;1;1;1
éteint;0;4;0;0
érotique;0;0;0;3
érosion;0;0;0;4
ériger;0;0;0;4
éradication;0;0;2;2
éprouver;0;0;0;4
éprouvant;0;0;1;3
épouvantable;0;0;0;4
époustouflant;1;0;0;3
épingle;0;0;1;3
épicéa;0;1;0;3
épicier;0;1;0;3
énergumène;0;0;0;4
émulation;0;0;0;4
émissaire;0;0;1;3
émigrer;0;0;1;3
émergence;0;0;2;2
émaner;0;0;0;3
éléphant;0;0;0;4
élysée;4;0;0;0
éloigné;0;0;0;4
égocentrique;0;1;0;3
égide;0;0;4;0
éduquent;0;0;0;4
éditeur;0;0;0;4
écouler;0;2;0;2
éclipse;1;0;0;3
échéant;0;0;0;4
échappatoire;0;0;0;4
éboulement;0;0;1;3
zèle;0;0;0;4
zurichois;0;0;0;4
zizanie;0;0;4;0
zim;3;0;0;1
zen;0;0;0;4
zalando;0;1;0;3
yoga;0;0;1;3
yitzhak;0;0;4;0
year;4;0;0;0
working;1;0;0;3
woaw;1;2;0;1
were;3;0;0;1
week;0;1;0;3
webcams;0;0;0;4
war;4;0;0;0
wahli;0;4;0;0
végétaliens;0;1;0;3
vx;0;1;0;2
vrac;0;0;0;4
vpn;0;3;0;1
volume;0;0;0;4
volontariat;0;0;0;4
visa;0;0;1;3
vipère;0;2;0;2
vinyle;0;1;0;3
vinci;0;2;0;2
vinaigre;0;4;0;0
vigne;0;2;0;2
victor;0;4;0;0
vichy;0;3;1;0
viagra;0;2;0;2
vhs;2;1;0;1
vespa;1;2;0;1
versoix;0;3;0;1
verset;0;1;0;3
veritable;0;1;1;2
vergogne;0;0;3;1
ventilation;0;0;0;4
vendange;2;1;0;1
velos;0;0;0;4
vapeur;0;0;0;4
vampire;0;0;0;4
valve;0;0;0;4
vagin;0;1;0;3
vacarme;0;0;0;4
vacant;0;0;0;4
usual;0;0;0;4
usb;0;0;0;4
urssaf;0;0;0;4
uriner;0;2;0;2
uri;0;0;0;4
uranus;0;4;0;0
uno;1;0;0;3
unireso;0;0;0;4
unik;0;1;0;3
unifier;0;0;3;1
uniens;0;0;1;3
und;0;3;0;0
unanimité;0;0;0;4
ultrariches;0;0;0;4
uape;0;0;0;3
tôle;0;0;0;4
ténacité;1;0;0;3
téléviseur;0;4;0;0
téléphoner;0;0;0;4
tuyau;0;2;0;2
tuteur;0;0;0;4
tutelle;0;0;2;2
tupperwares;0;4;0;0
tumeur;0;0;0;4
trql;0;0;0;4
trousse;0;2;0;2
trkl;0;0;0;4
triboélectricité;0;0;0;4
tre;0;3;1;0
travails;0;0;0;4
traumatique;0;0;0;4
transmissible;0;0;0;4
tralala;0;1;0;3
tracteur;0;4;0;0
track;0;3;0;1
tp;1;0;0;3
toxicomanie;0;0;0;4
torchon;0;4;0;0
tome;0;1;0;3
tiède;0;4;0;0
tips;0;1;0;3
tin;3;0;0;1
tige;0;1;0;3
tiers_monde;1;0;1;2
théorème;0;0;0;4
thèse;0;1;2;1
thonon;0;0;0;4
thermomix;2;1;0;1
thermodynamique;0;0;0;4
thermes;0;1;0;3
therme;0;1;0;3
there;1;1;0;2
thaïlandais;0;0;1;3
thaï;0;0;0;4
tessinois;1;0;0;3
terrifier;0;0;0;4
tente;0;0;1;3
tenant;0;1;0;3
tempérament;1;0;0;2
templier;0;1;1;2
tema;0;4;0;0
tell;2;1;0;1
teinture;0;0;0;3
tee;0;4;0;0
tectonik;0;2;0;1
technocrate;0;1;0;2
techniquement;0;0;1;3
tds;0;0;0;4
tchaz;0;0;0;4
taïwan;0;0;4;0
taureau;1;0;0;3
taupe;0;0;0;4
tata;4;0;0;0
tasse;0;3;0;1
taquet;2;0;0;2
tanzanie;0;0;3;1
tana;0;1;0;3
tailleur;0;4;0;0
t3rroristes;0;0;4;0
sénat;0;0;3;1
sémantique;0;0;2;2
systémiques;0;0;0;4
surtaxe;0;0;0;4
surreprésentés;0;0;0;4
surfeur;0;0;0;4
supposément;0;0;0;4
superstition;1;1;0;2
superstitieux;1;0;0;3
sucrerie;0;1;0;3
succursale;0;0;0;4
submerger;0;0;0;4
subitement;2;0;0;2
stylistique;0;0;0;4
stv;0;0;0;4
strip;4;0;0;0
stpl;0;1;0;3
stimulant;0;0;0;3
statue;0;0;1;3
starbucks;0;0;1;3
stagnation;0;0;0;4
stadler;1;0;0;3
sst;0;0;2;1
sse;0;0;0;4
srf;0;1;0;3
squelette;0;0;3;1
spéculateur;0;0;0;4
spontanément;0;1;0;3
spirale;0;0;0;4
sphère;0;0;1;3
souterrain;0;0;0;4
sous_vêtement;0;1;0;3
sourcé;0;0;0;3
souplesse;0;2;0;2
souple;0;0;0;4
soucoupe;0;2;0;2
soucieux;0;0;1;3
sottise;0;0;0;4
sos;1;1;0;2
sort;0;1;0;3
sophisme;0;0;3;1
sophie;4;0;0;0
somptueux;0;1;0;3
solomon;0;0;0;4
soixantaine;0;0;0;4
soie;0;0;0;4
sociétales;0;0;0;4
societé;0;0;1;3
socialisation;0;0;0;4
snapchat;0;0;0;4
smash;0;0;0;3
slutshaming;0;0;0;4
slave;1;0;0;3
sjslrybflzjevxneks;0;1;0;3
siéger;0;0;2;2
sirop;0;3;0;1
sin;2;0;0;2
simuler;0;0;2;2
sil;0;0;0;4
signifiant;0;0;2;2
sig;0;1;2;1
siemens;0;0;1;3
sicilien;0;3;0;1
shutdown;0;0;4;0
shnek;0;4;0;0
she;4;0;0;0
sharon;0;0;4;0
sfr;0;0;0;3
sevrage;0;0;0;4
set;0;3;1;0
serment;0;0;4;0
senegal;3;0;0;1
send;1;0;3;0
sempre;4;0;0;0
self;1;0;1;2
securité;0;0;0;4
sectaire;0;0;0;4
secourir;0;0;0;3
seco;0;0;0;4
scotcher;0;0;0;4
schwyz;1;0;0;3
schtroumpf;0;3;0;1
schlinguer;0;3;0;1
sauvegarde;0;0;0;4
sauvabelin;1;3;0;0
sapeur;0;1;0;3
salomon;0;4;0;0
salamé;0;4;0;0
sagement;0;0;1;3
saga;0;0;0;4
safe;0;1;0;3
sabra;0;0;1;2
réélire;0;1;0;3
révolutionner;1;0;0;3
révisionniste;0;0;0;4
rétorquer;0;0;1;3
résurrection;0;0;0;4
résistant;1;0;0;3
résidu;0;0;0;4
répéte;0;0;0;4
répit;1;0;0;3
rénovation;0;0;0;4
réintroduire;0;1;0;3
régulation;0;0;0;4
régulateur;0;0;0;4
réglementaire;0;1;0;3
régionalismes;3;1;0;0
rédactionnel;0;0;0;4
récurer;0;1;0;3
réconfort;0;0;0;4
réconcilier;1;0;0;3
réapprendre;0;0;0;4
réalisme;0;0;0;4
rugby;0;0;0;4
ru;0;1;0;2
rt;0;1;0;3
rougemont;0;0;0;4
rossignol;1;0;0;3
ronger;0;0;1;3
romanens;0;4;0;0
rolls;0;1;0;3
role;0;0;0;3
rochebin;0;4;0;0
roche;0;0;0;4
riviera;0;0;1;3
rivalité;1;1;0;2
rituel;0;0;0;4
risée;0;4;0;0
ristes;0;0;4;0
ricard;0;2;0;2
ricaner;0;0;1;3
ricain;0;2;1;1
rhume;0;3;0;1
rhooo;1;2;0;1
rhabiller;0;3;0;1
reveillez;0;1;1;2
reve;1;2;1;0
reussi;0;0;2;2
retransmettre;1;0;0;3
retrancher;0;0;0;4
retarder;0;1;0;3
restitution;0;0;2;2
ressourcer;0;0;0;4
respiration;0;0;0;4
reseaux;0;0;0;4
rer;0;2;0;2
requis;0;0;2;2
repression;0;0;3;1
repli;0;0;0;4
renseignes;0;0;0;4
renouvelables;0;0;0;4
renommée;0;0;2;2
renommé;0;0;0;4
rek;3;0;0;0
regroupement;0;0;0;4
refouler;0;2;0;2
reformuler;0;0;0;4
reflechir;0;0;0;4
reel;0;0;0;4
reduire;0;0;0;3
redouter;0;3;0;1
redoutable;0;0;2;2
redondant;0;0;0;4
recruteur;0;1;0;3
reconvertir;2;1;0;1
reconversion;0;0;0;4
reconnecter;0;0;1;3
reconnaitre;0;0;2;2
reconnait;0;0;3;1
recharger;0;2;0;2
rebondir;0;0;1;3
rebaptiser;0;0;1;3
real;0;0;1;3
re33;0;3;0;1
rdc;0;1;1;2
rayonner;0;1;0;3
ravaler;0;3;0;1
rattacher;0;0;0;4
rareté;0;1;0;3
raquer;0;0;0;4
rapprochement;0;1;0;3
rapp;1;1;0;2
rapatrier;0;0;2;2
rapace;0;0;0;4
raisonnablement;0;0;0;4
rafraîchissant;3;1;0;0
rafraîchir;0;1;0;3
rael;0;0;3;1
radoter;0;2;0;2
radicalisation;0;0;3;1
racisée;0;0;0;3
raccrocher;0;0;0;4
rabâcher;0;1;0;3
rabaissement;0;0;0;4
quiz;1;1;0;2
questionnement;0;0;0;4
qua;1;0;1;2
pêcher;0;3;0;1
péréquation;0;0;0;4
pérennité;0;0;0;4
pédaler;0;1;0;3
pâtissier;0;1;0;2
pv;0;0;0;4
pulsion;0;0;0;4
ptdrrrrr;0;1;0;3
psa;0;0;0;3
prétendument;0;0;2;2
présider;0;0;2;2
présidence;0;0;4;0
préservatif;0;0;1;3
prune;0;1;0;3
provençal;1;0;0;3
prothèse;0;0;0;4
prospère;0;0;2;2
proportionnels;0;0;0;4
prononciation;0;2;0;2
promoteur;0;0;1;3
promis;0;1;2;1
prometteur;1;0;0;3
promeneur;0;2;0;2
proliférer;0;0;0;4
prodiguer;0;0;2;2
primer;0;0;4;0
presente;0;0;0;4
present;0;0;3;1
prescription;1;0;1;2
prenant;1;0;1;2
premium;0;4;0;0
ppsdm;0;0;0;3
poème;0;2;0;2
power;3;0;0;1
postier;0;0;0;4
portion;0;0;0;3
porcelaine;2;1;0;1
popotin;0;3;0;1
pompeux;0;0;0;4
politiser;0;0;0;4
polente;2;1;0;1
poignet;0;2;0;2
poelvoorde;0;4;0;0
podium;1;1;0;2
pochette;0;3;0;1
pnj;0;1;1;2
pm;0;0;0;4
pléthore;0;0;0;4
plèbe;0;0;0;4
plombier;0;1;0;3
plombe;0;0;0;4
planification;0;0;1;3
plaisant;0;1;0;3
plaid;0;4;0;0
placement;1;0;0;3
pittet;0;0;0;3
piser;0;0;0;4
piquet;0;4;0;0
pipo;0;1;2;1
pinard;0;3;0;1
pillule;0;1;0;3
piece;0;0;0;4
picoler;0;1;0;3
pichon;4;0;0;0
phréatique;0;0;1;3
photographie;0;0;0;4
phare;0;1;0;3
petit_fils;0;1;0;3
petiot;0;0;0;4
perturbation;0;0;0;4
pertinemment;0;0;0;4
persévérance;0;0;0;4
personnaliser;0;0;0;4
person;2;1;0;1
perf;0;1;1;2
perclus;0;4;0;0
perche;0;2;0;2
pendulaires;0;0;0;4
pelice;4;0;0;0
pedocriminels;0;0;2;2
pedocriminel;0;0;0;4
pav;0;0;0;4
paulo;0;0;2;2
paulette;0;3;0;0
pathologies;0;0;0;4
pathologie;0;0;0;4
paternel;0;1;0;3
pastèque;0;0;0;3
passivité;0;0;4;0
passe_droit;0;0;1;3
party;0;1;0;3
partition;0;0;0;3
parterre;0;1;0;3
parkinson;0;0;0;4
paria;0;0;0;4
parenté;0;0;0;4
paranoïa;0;0;0;4
paraguay;0;0;2;2
paradigme;0;0;1;2
parade;2;0;0;2
paninis;0;3;0;1
pandémie;0;3;0;1
palos;0;0;4;0
palier;0;0;0;4
pacotille;1;1;1;1
oxygène;0;2;0;2
ovni;1;0;0;3
overton;0;0;0;4
ouïgours;0;0;3;1
outrer;0;0;0;4
ouii;0;3;0;1
ouff;0;4;0;0
ouaich;0;1;0;3
oreiller;0;1;0;3
optique;0;1;0;3
optimal;0;0;2;2
op;3;0;0;1
onéreux;0;0;0;4
om;0;0;0;4
oke;0;0;0;4
oie;0;0;0;4
ohhhhhh;0;0;4;0
oceanie;0;0;0;4
ocde;0;0;0;4
occurence;0;1;1;2
occupant;0;0;3;1
occulte;0;0;1;3
obus;1;1;1;1
obtention;0;0;0;4
obsèques;0;0;0;4
névrose;0;0;0;4
négligé;0;0;0;4
négation;0;0;1;3
nword;0;1;0;3
nullissime;0;0;0;4
novice;1;0;0;3
nova;0;0;4;0
nourir;0;0;0;4
nounours;0;2;0;2
nouille;0;2;0;2
notoire;0;2;1;1
noooooon;1;2;0;1
nooooon;0;4;0;0
nonne;0;3;0;1
none;0;1;0;3
non_fumeurs;0;0;0;4
nomade;0;2;0;2
nièce;0;0;0;4
nigéria;0;0;3;1
nicotine;0;1;0;3
nicolet;4;0;0;0
new_yorkais;0;0;4;0
neuchâteloise;0;4;0;0
nerf;0;0;0;4
neiger;0;2;0;2
ndoye;4;0;0;0
navette;0;0;0;4
nathalie;0;2;0;2
natation;0;0;0;4
natal;0;0;1;3
nasser;0;1;2;1
narco;0;0;4;0
narcissisme;0;1;0;3
nacelle;0;0;1;3
métissage;0;0;0;4
métallique;1;0;0;3
mémorisation;0;0;0;4
mélancolie;3;0;0;1
médium;0;0;0;4
méditerrané;0;3;0;1
médiatisation;0;0;1;3
médiation;0;0;2;2
myanmar;0;0;2;2
mutuellement;0;0;3;1
mutation;0;0;0;4
mussolini;0;0;2;2
music;1;1;1;1
museum;0;1;0;3
museau;1;0;0;3
mun;0;0;0;4
muet;0;0;2;2
mtnt;0;0;0;3
msc;0;0;0;4
moyennement;0;0;1;3
moyen_âge;0;0;0;4
move;0;2;0;2
mouvance;0;0;4;0
motivants;0;0;0;4
moscou;4;0;0;0
moralisme;0;0;0;3
moraliser;0;0;0;4
mongol;0;0;3;1
mondialisé;0;0;1;3
mondialement;0;0;1;3
monarchie;0;2;1;1
molécule;0;0;0;4
moldavie;0;0;2;2
mohammed;0;0;1;3
modernisme;0;0;0;4
mms;0;2;0;2
mississippi;1;2;0;1
misandres;0;2;0;2
minutie;0;1;0;3
minerai;0;0;2;2
mims;4;0;0;0
mimer;2;0;0;2
militariser;0;0;3;1
mike;0;1;1;2
microsoft;0;0;0;4
microbiote;0;1;0;3
microbe;0;3;0;1
micro_trottoir;0;1;0;3
mickey;0;2;0;2
mesurable;0;0;0;4
merino;0;0;0;4
meringue;0;4;0;0
meneur;0;1;1;2
menaçant;0;0;1;3
meloni;0;1;1;2
melon;0;4;0;0
meine;4;0;0;0
median;0;0;0;4
medecins;0;0;0;4
mechant;0;3;0;1
meadows;0;0;0;4
mazout;0;0;0;4
maximiser;0;0;1;3
matérialisme;1;0;0;3
matche;0;0;0;4
massage;0;1;0;3
mass;0;0;4;0
maría;0;0;4;0
martial;1;0;0;3
marqueur;0;0;0;4
marmite;0;1;0;3
many;4;0;0;0
manu;0;4;0;0
mannequin;0;1;0;3
mandater;0;0;0;4
mammouth;0;3;0;1
malvenu;0;0;0;4
malice;2;0;0;2
maintenance;0;0;0;4
maestro;0;2;0;2
madrid;0;0;2;2
made;3;0;0;1
machiavélique;0;0;1;3
macaron;0;0;0;4
m6;0;1;0;3
lésion;0;0;1;3
légitimer;0;0;3;1
lyonnais;1;0;1;2
lyan;1;1;1;1
loïc;0;0;0;4
loyauté;0;0;0;3
lord;0;2;1;1
loose;0;0;0;4
lon;0;1;1;2
loir;0;0;0;4
localement;0;0;0;4
lobotomisés;0;0;1;3
lobbyiste;0;0;0;4
littéraire;0;0;0;4
litroz;0;0;0;3
litron;0;0;0;4
linux;0;0;1;3
lille;0;4;0;0
lignée;0;1;0;3
licite;0;0;2;2
librairie;0;0;0;4
libertariens;0;0;0;4
libertarien;0;0;2;2
liberalisme;0;0;4;0
leadership;0;2;0;2
laïcité;0;0;0;3
larve;0;1;0;2
largeur;0;0;0;3
larbin;3;0;0;1
lamentablement;0;1;0;3
lalala;0;0;1;3
lai;0;0;0;4
laguna;0;0;0;4
lactose;0;1;0;3
lacoste;0;3;0;1
laa;0;0;0;4
kruger;0;0;0;4
koweït;0;0;3;1
kosovar;0;1;1;2
klaxonner;0;0;0;4
klaxon;0;1;0;3
kitsch;0;1;0;3
killer;0;2;0;2
kaka;0;0;3;1
kabylie;0;0;2;1
juventus;1;0;0;3
justifies;0;0;4;0
juridiquement;0;0;1;3
junior;0;0;0;4
jungle;0;0;0;4
jubiler;0;0;1;3
jpense;0;1;0;3
jouissif;0;1;0;3
josé;1;0;1;2
joke;0;1;0;3
johnny;1;0;0;3
johan;0;0;0;4
joe;0;0;1;3
jmen;0;0;0;4
jm;4;0;0;0
jk;0;0;0;4
jeton;0;1;0;3
jeff;0;1;2;1
jeannette;3;1;0;0
jalouser;0;0;0;4
jais;0;0;0;4
ivresse;0;0;0;3
ivg;0;0;0;4
itinéraire;0;0;1;3
italian;0;1;0;3
israëlien;0;0;4;0
isra;0;0;3;1
isolement;0;0;0;4
islamophobe;0;0;3;1
islamo;0;0;4;0
isl;1;0;2;1
irréversible;0;0;0;4
irréel;0;0;4;0
irritation;0;1;0;3
irremplaçable;1;0;0;3
iptv;0;0;0;4
ip;1;0;0;3
investigation;0;0;0;4
intuitif;0;0;0;4
introspection;0;0;0;4
interviewées;1;0;0;3
intervenant;0;1;0;3
intervalle;0;0;0;4
intentionné;0;0;0;4
intelligible;0;1;0;3
instantané;0;0;0;4
inspecteur;0;1;0;3
inside;2;1;0;0
initiation;0;0;0;4
ingénierie;0;1;0;3
infus;0;0;0;4
informatif;0;0;0;4
influer;0;0;0;3
infester;0;0;0;4
infertile;0;0;0;3
inestimable;0;0;0;4
indéterminé;0;0;1;3
indémodable;1;2;0;1
indonésie;1;0;2;1
indemniser;0;0;0;4
incontrôlé;0;0;0;4
inconsciemment;1;1;0;2
incliner;1;0;0;3
incivilités;0;0;0;4
incidence;0;0;1;3
incessant;0;0;2;2
incertitude;0;0;0;4
impérial;0;1;1;2
impérativement;0;0;0;4
impulsif;0;0;0;4
imprégner;0;1;0;2
improbable;0;2;0;2
implicitement;0;0;2;2
implantation;0;0;0;4
imparfait;0;0;0;4
impacter;1;0;0;3
impactent;0;0;0;4
impactant;0;0;0;4
immortel;0;0;0;4
immiscer;0;0;0;4
immangeable;0;3;0;1
illégitime;0;0;2;2
illicite;0;1;1;2
ich;2;1;0;1
iceberg;0;0;0;4
hôtellerie;0;0;0;4
hérétique;0;2;0;2
héberger;0;0;0;4
hypothermie;0;0;4;0
hygiene;0;4;0;0
hydrater;0;0;0;4
hydrate;0;0;0;4
hunters;0;0;0;4
hunter;0;4;0;0
hummm;4;0;0;0
huissier;0;1;0;3
hostel;0;0;0;4
hospitalier;0;0;0;4
horlogères;0;0;0;4
hopp;4;0;0;0
honoraire;0;0;0;4
hong_kong;0;0;0;4
hms;0;0;4;0
hmm;0;0;0;4
hivernal;0;1;0;3
hispanique;0;0;1;3
hidalgo;0;3;0;1
hibernation;0;0;0;4
hhhhh;0;3;0;1
hexagone;0;0;1;3
heurt;0;0;1;3
hero;1;2;0;1
here;2;0;2;0
her;4;0;0;0
henri;0;1;1;2
helsana;0;0;0;4
hell;0;0;0;4
hectare;0;0;1;3
hd;0;4;0;0
hawaï;1;0;1;2
harmoniser;0;0;0;4
haricot;0;1;0;3
hard;1;2;0;1
hantise;0;1;0;3
hannibal;2;0;2;0
hangar;0;0;0;4
hammas;0;0;4;0
haller;4;0;0;0
hall;0;0;0;4
haie;0;1;0;3
hahahahah;1;0;0;3
haarp;0;1;0;3
géopolitiques;0;0;0;4
géo;0;2;0;2
générées;0;0;0;4
gwer;0;4;0;0
gummitwist;4;0;0;0
guitariste;2;1;0;1
guidon;0;4;0;0
gueux;0;0;0;4
guetter;0;1;0;3
gue;0;0;4;0
gucci;0;1;0;3
guadeloupe;0;0;0;3
gsm;0;0;0;4
grotesque;0;0;1;3
groove;2;2;0;0
groenland;0;0;0;4
grièvement;0;0;1;3
grisélidis;0;0;0;4
grillage;0;0;0;4
grenier;0;1;0;3
grd;0;0;0;4
gratis;0;1;0;3
grassement;0;0;0;4
gran;2;0;0;2
graffiti;0;0;1;3
gr;0;1;0;3
gouvernance;0;0;3;1
gourion;0;0;3;1
gorgée;0;4;0;0
gorgoni;3;0;0;1
gore;0;0;0;4
gogh;3;0;0;1
gobelet;1;1;0;2
glaçon;0;0;0;3
glander;0;0;1;3
glamour;0;0;1;3
glacé;0;1;0;3
giuliani;0;0;1;2
gilbert;0;4;0;0
get;1;1;0;2
gestapo;0;0;0;4
gerard;0;2;0;1
genrée;0;0;0;4
genré;0;1;0;3
gendarmerie;0;0;4;0
gd;1;0;0;3
gaucher;0;0;0;4
gates;0;0;4;0
garant;0;0;3;1
gangrène;0;0;2;2
gangrené;0;0;2;2
galeux;0;0;2;2
galaxie;1;0;0;3
gainsbourg;0;0;0;4
gabriel;1;1;0;2
fêtard;0;0;0;4
fêlé;1;1;0;2
féminiser;0;0;0;4
furtif;0;0;1;3
furieux;0;0;0;4
fréquentation;0;0;0;4
frustrant;0;0;0;4
frontal;0;0;1;3
fromager;0;3;0;1
frite;0;3;0;1
frire;0;4;0;0
frere;1;0;0;3
fraternité;1;2;0;1
francophonie;1;1;0;2
fraicheur;2;0;0;2
fraction;0;1;2;1
foutoir;0;0;0;4
fourmi;0;0;1;3
foundation;0;0;2;2
foster;3;0;0;1
formellement;0;0;1;2
footix;1;2;0;1
footballistique;0;0;0;4
food;0;3;0;1
foncé;0;4;0;0
followers;0;0;0;4
follow;0;1;3;0
fmh;0;0;0;4
flicage;0;1;0;2
flemmard;0;0;0;4
flashback;3;0;0;1
flanc;0;0;0;4
fièvre;0;2;0;2
fissure;0;0;0;4
fischer;4;0;0;0
finement;0;0;1;3
finalité;0;0;0;4
fifi;0;2;0;2
fidji;0;0;0;4
ff;2;0;0;2
fesais;0;3;1;0
fertilité;0;0;0;4
ferry;0;0;0;4
fentanyl;0;0;3;1
feministe;0;1;0;3
feignant;0;2;0;2
faucher;0;2;0;2
farcir;0;3;0;1
faramineux;0;0;0;4
fanfare;1;0;0;3
fanatisme;0;0;0;4
faf;0;2;1;1
faculté;0;0;1;3
facon;0;0;0;4
fachiste;0;0;4;0
facher;0;0;4;0
extraordinairement;1;0;0;3
externe;0;0;0;4
experience;0;0;0;4
expat;1;0;0;3
exonérés;0;0;0;4
exhiber;0;0;2;1
excéder;0;0;0;4
exceptionnellement;0;0;0;4
exagération;0;1;0;3
evil;0;0;0;4
even;3;0;0;1
evelyne;2;1;0;1
eurovision;0;1;0;3
euhhh;0;2;0;2
establishment;0;0;1;3
eso;4;0;0;0
escorter;0;0;1;3
escalator;0;1;0;3
escalader;0;0;4;0
equipes;0;0;0;4
entretuer;0;0;4;0
entre_temps;0;0;0;4
entonnoir;0;1;1;2
ensoleillé;0;0;0;4
engorger;0;0;0;4
english;0;0;1;3
encombrer;0;0;1;3
enclin;0;0;0;4
enclave;1;0;3;0
encadrement;0;0;0;4
emprunt;0;0;0;4
empiler;0;1;1;2
empathique;0;2;0;2
emparer;0;0;2;2
emménager;0;1;0;2
emji_voiture_de_police;0;1;1;1
emji_voilier;1;0;3;0
emji_tête_de_lapin;1;2;0;1
emji_symbole_d_interdiction;0;0;3;1
emji_surfeuse;4;0;0;0
emji_surfeur;1;1;0;2
emji_statue_de_la_liberté;3;0;0;1
emji_signe_je_t_aime_peau_claire;1;1;0;1
emji_signe_appel_téléphonique_avec_les_doigts_peau_légèrement_mate;2;1;0;0
emji_père_noël_peau_moyennement_claire;3;0;0;1
emji_prince;1;1;0;2
emji_pomme_de_terre;1;2;0;1
emji_poignée_de_main_peau_légèrement_mate;4;0;0;0
emji_plume;2;0;0;2
emji_pleine_lune_avec_visage;3;0;0;1
emji_pilule;0;0;0;4
emji_pieuvre;2;1;0;0
emji_personne_qui_hausse_les_épaules_peau_moyennement_claire;0;3;0;1
emji_personne_avec_la_paume_sur_le_visage_peau_mate;1;0;0;2
emji_personnage_féérique;3;0;0;1
emji_ok_peau_foncée;2;1;0;1
emji_main_qui_écrit_peau_claire;1;1;0;1
emji_main_avec_index_et_pouce_croisés_peau_claire;3;0;0;1
emji_jeu_vidéo;0;0;0;4
emji_homme_âgé;1;0;0;3
emji_homme_qui_hausse_les_épaules_peau_foncée;0;0;2;2
emji_groin;2;2;0;0
emji_femmes_avec_des_oreilles_de_lapin;3;1;0;0
emji_femme_âgée_peau_claire;3;1;0;0
emji_femme_qui_hausse_les_épaules_peau_mate;0;0;0;4
emji_femme_paume_vers_le_haut_peau_moyennement_claire;0;0;4;0
emji_drapeau_royaume_uni;0;1;1;1
emji_drapeau_kosovo;0;0;3;1
emji_drapeau_de_golf;2;0;0;2
emji_drapeau_arc_en_ciel;1;0;0;3
emji_drapeau_allemagne;0;4;0;0
emji_croix_orthodoxe;1;0;0;2
emji_cornes_avec_les_doigts_peau_moyennement_claire;3;0;0;1
emji_coeur_gris;4;0;0;0
emji_coccinelle;4;0;0;0
emji_cigarette;0;1;0;3
emji_chat_noir;3;1;0;0
emji_casque;1;1;0;1
emji_bois;3;0;0;1
emji_banque;0;0;0;4
emji_bague;3;1;0;0
emji_alien;2;0;1;1
emji_aile;2;1;0;1
eldorado;0;0;0;4
elastic;4;0;0;0
ehpad;0;0;0;4
efficience;0;0;0;4
efficacement;0;0;2;2
ecrire;0;0;0;4
ecosse;0;0;0;4
east;1;0;1;2
détraqué;0;1;0;3
détournement;0;1;1;2
déterminant;0;0;0;4
déséquilibrer;0;0;0;4
déso;0;0;0;4
déshumaniser;0;0;3;1
déshumanisation;0;0;2;2
dérision;0;0;1;3
déraper;0;0;2;2
déraisonnable;3;0;0;1
dépuis;0;0;1;3
dénominateur;0;0;0;4
dénicher;3;0;1;0
démo;0;4;0;0
déloger;0;0;1;3
délicatesse;1;0;0;3
délaissé;0;0;1;3
déjouer;0;0;2;2
dégueu;0;4;0;0
défini;0;0;1;3
défavorable;0;0;1;3
défaillance;0;0;0;4
décousu;0;0;0;4
découdre;0;0;0;4
déconseiller;0;1;0;3
décomplexée;0;0;0;4
décolleté;0;2;0;2
déchiqueter;0;0;4;0
décence;0;0;0;4
décapitation;0;0;3;1
décadent;0;0;0;4
déblatérer;0;0;1;3
débauche;0;0;0;4
dyslexique;0;4;0;0
dvd;1;1;0;2
dunning;0;0;0;4
dune;0;0;0;4
dun;0;0;0;4
dreyfus;0;0;3;0
drap;0;0;0;4
dramatiser;0;0;0;4
dragueur;0;2;0;2
doudou;0;3;0;1
doublement;0;0;1;3
dorer;0;0;1;3
doo;1;2;0;1
donateur;0;0;0;3
dlc;1;1;0;2
djeuns;0;0;0;4
distraire;0;0;0;4
distorsion;0;0;1;3
distingué;4;0;0;0
dispute;0;3;0;1
diplomate;0;0;1;3
dinde;0;1;0;3
diktat;0;0;0;4
differents;0;0;0;4
diffamatoire;0;0;0;4
diff;0;0;0;3
did;4;0;0;0
diagnostique;0;0;0;4
deutsch;0;2;0;2
despote;0;0;0;4
dernieres;0;1;0;3
dermatologue;0;1;0;3
denis;0;0;0;4
democratie;0;0;3;1
demi_tarif;0;0;0;4
demi_million;0;0;0;4
demi_finale;0;0;0;4
demeurer;0;0;0;4
delocaliser;0;0;0;4
del;2;0;0;2
degeulasse;1;0;0;3
deg;0;2;0;2
definition;0;1;0;3
deferle;0;4;0;0
deep;0;0;0;4
dedieu;4;0;0;0
dca;0;0;2;2
davoir;0;0;0;4
darmanin;0;2;0;2
dangereusement;0;0;0;4
damme;0;2;0;2
cétose;0;0;0;4
cétait;0;1;0;3
césar;0;1;1;1
célébrité;0;0;0;4
cé;0;1;0;2
cyber;0;0;0;3
cuve;0;0;0;4
cumulus;0;0;0;4
culer;0;4;0;0
culasse;1;0;0;3
cucu;0;3;0;1
crêpe;0;2;0;2
crânien;0;0;0;4
cryptomonnaie;0;0;0;4
crs;0;0;1;3
croûte;0;2;0;2
croquer;3;0;0;1
croisement;0;1;0;3
cristo;1;0;0;3
crimée;0;0;4;0
creer;0;0;1;3
craquant;2;1;0;1
crampe;0;4;0;0
covoiturage;0;0;0;4
covering;2;0;0;2
couz;3;0;0;1
courtois;0;0;0;4
couramment;0;0;0;4
couette;0;3;0;1
coté;0;0;0;4
costaud;1;0;0;3
cosmos;0;0;0;4
corsier;0;2;0;1
cornu;0;2;0;2
convenablement;0;0;0;4
convenable;0;0;0;4
contrebande;0;0;1;3
contrarier;0;0;0;4
contracter;0;0;0;4
continuité;1;0;1;2
continuellement;0;0;0;4
contenant;0;0;0;4
contaminant;0;0;0;4
consécutif;0;0;0;4
constance;1;2;0;1
conso;0;0;0;4
consentant;0;1;0;3
conjointement;2;0;0;2
confus;0;0;0;4
confrérie;4;0;0;0
confortablement;0;1;1;2
confirmé;0;0;2;2
confinements;0;0;0;4
concis;0;0;1;3
concierge;0;0;1;3
compère;0;1;0;3
compromettre;0;0;3;1
comportemental;0;0;0;4
complaire;0;0;0;4
commissaire;1;0;0;3
commentes;0;0;0;4
comedie;0;2;0;2
combiné;0;0;0;4
comando;0;0;4;0
colorer;0;2;0;2
colombier;0;3;0;1
collégien;0;1;0;3
collector;4;0;0;0
cogner;0;0;2;2
cocu;0;2;0;2
cocotte;0;0;0;4
cocktail;0;0;0;4
cocher;0;0;0;4
coccinelle;0;0;0;4
cocasse;0;0;0;4
coca_cola;0;0;1;2
coalition;0;0;4;0
cnn;0;1;3;0
clouer;0;0;0;4
clochard;0;0;0;4
climatosceptique;0;1;0;3
climatologues;0;0;0;4
clause;0;0;1;3
claudio;0;4;0;0
clasher;1;0;1;2
clarification;0;0;0;4
clapier;0;2;0;2
cicatrice;0;2;0;2
ciblent;0;0;2;2
christie;0;0;0;4
christiane;0;0;0;4
choupi;0;0;0;4
chocolaterie;0;0;0;4
chiot;1;0;0;3
chiffrer;0;0;1;3
chiffon;0;0;3;0
chicago;0;3;0;1
chiasse;0;3;0;1
chewing_gum;0;0;0;4
chemtrails;0;2;0;2
chavez;0;0;4;0
chauffages;0;0;0;4
charlotte;1;1;0;2
charitable;0;0;0;4
chaire;0;0;0;4
cha;0;1;0;2
cetais;1;2;0;1
celleux;0;0;3;1
cecr;0;0;0;4
caver;0;1;0;3
caucasien;0;2;0;2
catalogue;0;1;0;3
catalan;0;2;0;2
cat;0;1;1;2
castel;0;4;0;0
caste;0;0;1;3
cassation;0;0;3;1
casquer;0;0;0;4
casa;0;0;0;4
caritatif;0;0;2;2
caravane;0;2;0;2
caquelon;1;1;0;2
captivant;1;0;0;3
capitaliser;0;0;1;3
capillaire;2;1;0;1
canular;1;1;0;2
canarder;1;0;1;1
canadair;0;0;2;1
camper;0;1;0;3
camerounais;0;1;0;3
cambodge;0;0;4;0
calimero;0;0;0;4
calibre;0;0;0;4
calaisis;0;0;0;4
cake;0;4;0;0
caillasser;0;0;2;2
cadrer;0;0;1;3
cadran;0;1;0;3
cadet;0;1;0;3
cacao;0;2;0;2
cabanon;0;1;0;3
bêta;0;1;0;3
bz;0;3;0;1
bush;0;1;1;2
burnout;1;0;0;2
bull;0;0;0;4
bulgarie;0;0;1;3
building;0;1;1;2
brouteur;0;2;0;2
brosser;1;1;0;2
brioche;0;1;0;2
bring;4;0;0;0
bridé;0;1;0;3
brider;0;0;0;4
brasser;0;0;0;4
brader;0;0;1;3
boussole;0;0;2;2
bouillie;0;0;0;4
bouffeur;1;2;1;0
bordelais;0;0;0;4
bonnement;0;1;0;3
bondir;0;1;1;2
bonder;0;0;0;4
bombardier;0;2;0;2
bom;1;0;0;3
boguets;0;3;0;1
bocal;0;0;0;4
bobette;0;2;1;1
bobets;0;1;0;3
bo;2;1;0;1
bloomberg;0;0;1;3
blanco;3;0;0;1
blackrock;0;0;1;3
blablater;0;0;0;4
bl;0;0;0;4
bizzarement;0;0;0;4
biya;0;1;2;1
bitume;0;0;0;4
bite;0;1;0;3
bistro;0;2;0;2
bip;0;0;0;3
biel;1;0;0;3
bidule;0;1;0;3
bide;0;2;0;2
biberonner;0;0;0;4
bg;2;1;0;1
bex;0;3;0;1
bestiole;0;0;0;4
bertrand;0;1;0;3
bellerive;0;4;0;0
bebe;0;1;0;3
beauty;0;2;0;2
beacoup;0;2;0;2
beach;0;2;1;1
baumgartner;1;0;0;2
bassin;0;0;3;1
barbies;0;1;0;3
barbie;0;4;0;0
barbecue;0;4;0;0
banquaire;0;0;0;4
bank;0;0;3;1
banditisme;0;0;0;4
bancomats;0;0;0;4
banalisation;0;0;2;2
ban;0;1;0;3
bahahaha;0;4;0;0
bafo;1;2;0;0
bachelor;0;0;0;4
avènement;0;0;0;4
avully;0;0;0;4
avide;0;0;1;3
aventurier;1;0;0;3
avancement;1;0;0;3
avalanche;0;0;0;4
autrice;0;0;0;4
automatisme;0;0;0;4
autisme;0;0;0;4
austerité;0;0;0;4
audiovisuel;0;2;0;2
atypique;0;1;0;3
atténuer;0;0;0;4
attrait;0;0;0;4
atterrer;0;0;1;3
atout;0;0;0;4
athlétisme;0;2;0;2
astérix;0;3;0;1
astreinte;0;0;1;2
assoir;0;0;0;4
assoc;0;0;0;4
asservir;0;0;1;3
asphyxier;0;0;0;4
asie_et_l;0;0;4;0
ascendant;0;2;1;1
artificiellement;0;0;0;4
arpitan;0;0;0;4
armure;0;0;1;2
ariel;0;0;4;0
argentina;1;1;0;2
arabic;2;1;0;1
ara;0;0;1;3
apprêter;1;1;1;1
appréciation;0;1;0;3
appréciable;0;0;0;4
apelle;0;0;1;3
aos;0;0;0;4
antoinette;0;2;0;2
antoine;0;1;0;3
antisemite;0;0;3;1
antique;1;0;0;3
antifas;0;0;4;0
anticipation;0;1;0;3
antibiotique;0;0;0;3
antibio;0;3;0;1
anti_émeute;0;0;3;1
antenne;0;0;2;2
annuaire;0;0;0;4
anniv;0;1;0;3
animalier;0;0;0;4
andorre;0;1;2;1
amériques;0;0;1;3
ampoule;0;0;0;4
ampli;0;0;0;3
amnésie;0;0;0;4
ambulant;0;0;0;4
amazonien;0;0;0;4
amazing;4;0;0;0
amasser;0;0;1;3
always;1;0;2;1
also;4;0;0;0
alor;0;3;0;1
allègrement;0;0;1;3
aliéner;0;0;3;1
aliexpress;0;0;0;4
alarmer;0;0;0;4
ajout;0;0;0;4
aix;0;1;0;3
aiwa;0;4;0;0
aiguille;0;0;0;4
ahhhhhh;2;0;1;1
agilité;0;1;0;3
agglomération;0;1;0;3
agatha;0;0;0;4
after;0;3;0;1
affichage;0;0;0;4
affaiblissement;0;0;0;4
affabulation;0;0;1;3
adorateur;0;0;1;3
adooooore;4;0;0;0
administrateur;0;0;0;4
admin;0;0;0;4
addict;0;1;0;3
adage;0;1;0;3
actionnariat;0;0;0;4
act;0;0;0;4
acronyme;0;0;0;4
acquadro;0;4;0;0
acné;0;2;0;2
acker;0;4;0;0
accru;0;0;0;4
acceuilli;2;0;1;1
acc;0;0;0;4
acab;0;1;0;2
abîme;0;1;0;3
abréviation;0;3;0;1
abrutir;0;0;0;4
about;0;2;1;1
abbé;0;4;0;0
aah;0;4;0;0
9h;0;2;0;2
8eme;0;0;0;4
7ème;0;0;2;1
7k;0;0;0;4
6ans;0;1;0;3
5ème;3;0;0;1
5cm;0;3;0;1
4eme;0;0;0;4
25ans;0;0;2;2
23h;0;0;0;4
20x;0;0;1;3
20e;1;2;1;0
16h;0;0;0;4
13e;0;0;0;4
10e;0;0;0;4
ölbert;0;0;1;2
évitement;0;0;0;3
éventualité;0;0;1;2
éventrer;0;0;0;3
évent;1;0;0;2
étriqué;0;0;0;3
étoilé;0;0;0;3
éthiopie;0;0;3;0
éternellement;0;1;0;2
étendue;0;0;0;3
étayer;0;0;0;3
étau;0;0;2;1
étalon;0;1;0;2
étai;1;2;0;0
épurer;0;0;0;3
época;3;0;0;0
épice;0;0;0;3
épater;0;1;0;2
épatant;1;0;2;0
épanouissement;0;0;0;3
épais;0;1;1;1
énormité;0;0;0;3
émojis;0;1;0;2
élitisme;0;0;1;2
électorat;0;0;0;3
élasticité;0;1;0;2
égocentrisme;0;0;0;3
édito;0;0;1;2
édifice;0;0;0;3
économises;0;0;0;3
écoeurer;0;1;0;2
écocides;0;0;0;3
écervelé;0;0;0;3
éboueur;0;1;0;2
éblouir;0;1;0;2
à_mon_encontre;0;0;1;2
zélé;0;0;0;3
zizou;1;2;0;0
zigzaguer;0;0;0;3
zidane;1;1;0;1
zi;0;1;0;2
zermatt;0;1;0;2
zebra;0;0;0;3
zapper;1;0;0;2
zam;3;0;0;0
yt;0;1;0;2
yoyo;1;0;0;2
young;0;0;0;3
youhouhou;2;1;0;0
yougoslavie;0;0;1;2
yohan;0;0;0;3
yoann;0;0;0;3
yep;0;1;0;2
yanou;1;1;1;0
y2k;1;0;0;2
xxx;0;0;0;3
xxl;0;2;0;1
xvii;0;0;0;3
xuelle;0;0;0;3
wouhao;0;1;0;2
wokiste;0;0;0;3
woah;0;0;1;2
woaaaaaw;0;1;0;2
windows;0;0;1;2
willy;0;3;0;0
will;1;1;0;1
wilders;0;0;0;3
wiesel;0;1;0;2
whaou;0;1;1;1
wef;0;0;2;1
weed;2;0;0;1
watson;0;0;0;3
wankdorf;0;0;0;3
wahou;1;0;0;2
vídeo;1;1;0;1
véreux;0;0;1;2
vénérer;0;0;0;3
vé;0;1;0;2
vw;0;0;0;3
vulgarisation;0;0;0;3
vuitton;0;1;0;2
vtt;1;1;0;1
vré;0;1;0;2
vraiement;1;0;0;2
votres;0;0;0;3
votant;0;1;0;2
von;0;0;1;2
volontier;0;0;0;3
volatil;0;0;0;3
voilé;0;0;1;2
vociférer;0;1;0;2
visé;0;1;1;1
visualiser;0;0;0;3
viscéral;0;0;0;3
virage;0;2;0;1
villeneuve;0;1;1;1
viel;0;1;0;2
vice_président;0;0;2;1
vi0ls;0;0;2;1
vi0leurs;0;0;3;0
vestige;0;0;1;2
versement;0;0;0;3
versailles;0;1;0;2
verlan;0;2;0;1
verité;0;0;0;3
verifier;0;0;1;2
verge;0;1;0;2
ventilateur;1;0;0;2
venoge;0;0;0;3
venin;0;0;1;2
venger;0;0;1;2
vendôme;0;1;0;2
velours;0;1;0;2
vasculaire;0;0;0;3
varsovie;0;0;1;2
variante;1;1;0;1
var;1;0;0;2
vanille;0;1;0;2
vandaliser;0;0;2;1
valse;0;0;0;3
valorisation;0;0;0;3
valeureux;0;1;0;2
vaguement;0;0;0;3
vaginal;0;1;0;2
vagabonder;0;0;0;3
vadrouille;0;3;0;0
vacuité;0;0;0;3
uv;0;0;0;3
utérus;0;0;0;3
uta;0;0;3;0
urine;0;1;0;2
urgentistes;0;2;0;1
urbanisation;0;0;0;3
unwra;0;0;3;0
unilatéralement;0;0;3;0
unesco;0;0;0;3
ul;0;1;1;1
uc;0;0;0;3
télévisé;0;0;0;3
téléphonique;0;1;0;2
tyrannique;0;0;2;1
tyran;0;1;0;2
typer;0;1;0;2
twitter;0;0;0;3
twerk;0;0;0;3
tutoiement;0;0;0;3
turfu;1;1;0;1
ture;1;1;1;0
try;0;2;1;0
truie;0;0;0;3
trotter;0;3;0;0
trotinettes;0;0;0;3
troquer;0;0;0;3
trops;0;0;0;3
tropez;0;1;0;2
tronqué;0;1;0;2
tromperie;0;0;0;3
troinex;0;0;0;3
tro;2;0;0;1
triomphe;0;0;1;2
trio;2;0;0;1
trimestre;0;0;0;3
tricheur;0;0;0;3
trice;0;1;1;1
trend;0;0;1;2
traînée;0;1;0;2
travaillé;0;0;0;3
transposable;0;0;0;3
transphobes;0;0;0;3
transphobe;0;0;0;3
tranquillou;0;1;0;2
tranquil;0;0;0;3
traitre;0;0;2;1
trahison;0;0;1;2
trade;0;0;2;1
tput;0;0;0;3
toxico;0;0;0;3
toxicité;0;1;1;1
toxic;0;1;0;2
tox;0;0;0;3
toupie;0;0;0;3
toto;1;1;0;1
tot;0;0;0;3
torse;0;1;0;2
torrent;0;1;0;2
tornike;2;0;0;1
torche;0;0;2;1
tonneau;0;0;0;3
tondeur;0;1;0;2
tolérable;0;0;0;3
toilettage;0;0;0;3
tofu;0;1;0;2
tocard;0;2;0;1
tktp;0;1;0;2
titulaire;0;0;0;3
titan;1;1;0;1
tisser;0;0;0;3
tinguely;2;0;0;1
timidité;1;0;0;2
tier;0;0;1;2
thérapeute;0;1;0;2
théorique;0;0;0;3
théologie;0;0;0;3
thon;0;1;0;2
then;0;0;0;3
them;3;0;0;0
thc;0;0;0;3
thatcher;0;0;0;3
thai;0;0;0;3
tfacon;0;0;0;3
tf1;0;0;1;2
texture;0;0;0;3
texas;0;0;1;2
teubé;0;0;0;3
tetcheu;1;1;0;1
tertiaire;0;1;0;2
terrier;0;0;2;1
tentant;0;2;0;1
temoin;2;0;0;1
temoignage;2;0;0;1
telegram;0;1;1;1
tecktonick;0;1;0;2
technicien;1;0;0;2
tchaux;1;0;0;2
tbnk;0;1;0;2
taxons;0;0;1;2
taxations;0;0;0;3
tat;1;0;1;1
tardivement;0;0;0;3
tapper;0;0;1;2
tangible;0;0;0;3
tamponner;0;0;1;2
também;3;0;0;0
tahiti;0;0;0;3
tagué;0;0;2;1
tagger;0;2;1;0
sì;1;1;0;1
sévérité;0;0;0;3
séquestrer;0;0;3;0
séparé;0;1;0;2
sémite;0;0;2;1
séisme;0;0;0;3
séducteur;1;2;0;0
sécuritaires;0;0;2;1
synthèse;0;0;0;3
syndic;1;0;0;2
symboliquement;0;0;0;3
sylviculture;0;0;0;3
svt;0;0;0;3
svppp;0;1;0;2
suzanne;2;0;0;1
suspens;0;0;1;2
survet;0;0;0;3
sursauter;0;2;0;1
sursaut;0;0;1;2
surmonter;0;1;0;2
surgir;0;0;1;2
surestiment;0;0;0;3
surdimensionné;0;0;0;3
surcharge;0;0;0;3
supporteur;0;0;2;1
supportable;0;1;0;2
supplice;0;2;0;1
superieur;0;0;0;3
superficie;0;0;1;2
supercherie;0;0;0;3
summer;2;1;0;0
suiveur;0;0;0;3
sugus;0;1;0;2
suggestion;0;1;0;2
suffisance;0;2;0;1
succomber;0;1;0;2
substitution;0;0;0;3
structurelles;0;0;0;3
stockage;0;0;0;3
still;1;1;0;1
stigmatisation;0;0;1;2
step;0;2;0;1
stempel;0;2;0;1
steck;0;0;0;3
steam;0;1;0;2
splendide;1;0;0;2
spice;0;3;0;0
speaker;1;0;0;2
soutif;0;1;0;2
south;2;0;1;0
soustraction;0;0;0;3
sous_entendu;0;0;1;2
sournois;0;0;1;2
souhaitable;0;0;1;2
souchette;0;3;0;0
soros;0;1;0;2
sophrologie;1;0;0;2
sophistiqué;0;1;0;2
sopalin;0;1;0;2
sooo;3;0;0;0
sono;1;2;0;0
sonnette;0;0;0;3
somaliland;0;0;2;1
sologashvili;2;0;0;1
solex;0;0;0;3
soft;0;2;0;1
soda;0;1;0;2
sociéter;0;0;0;3
sociologie;0;0;0;3
socio;0;0;0;3
society;0;0;0;3
societal;0;0;0;3
socialo;0;1;0;2
socialiser;0;0;0;3
social_démocrate;0;0;1;2
sociabiliser;0;0;0;3
snake;1;1;0;1
smotrich;0;0;3;0
smaky;0;1;0;2
skyblog;1;0;0;2
sky;0;1;0;2
skateurs;0;1;0;2
sixième;0;0;0;3
sir;0;1;0;2
siosio;0;0;3;0
singularité;0;0;0;3
sinaï;0;0;3;0
simulateur;0;0;0;3
simplette;0;0;0;3
silhouette;1;0;0;2
signalisation;0;0;0;3
sieur;2;0;1;0
siecle;0;1;1;1
sicile;0;0;0;3
shuffle;0;0;0;3
shot;2;1;0;0
sexualisent;0;1;0;2
sexion;0;0;1;2
setup;1;1;0;1
sest;0;1;0;2
serrure;0;1;0;2
sereinement;0;0;0;3
senteur;0;2;0;1
senior;0;0;0;3
sement;0;0;2;1
scénariste;0;2;0;1
scruter;0;0;0;3
scrupuleux;0;0;1;2
scrolling;0;0;0;3
script;0;2;0;1
scotch;0;1;0;2
scooby;1;1;0;1
scolarisés;0;0;0;3
scier;0;1;0;2
science_fiction;0;1;0;2
schnaps;0;2;0;1
schleck;0;2;0;1
schizophrène;0;0;0;3
scarface;0;1;1;1
scandinave;0;0;0;3
saumure;0;3;0;0
saumon;0;1;0;2
saugrenu;0;1;0;2
satisfaisant;0;0;0;3
sarah;1;1;0;1
saoul;0;2;0;1
santissa;0;0;0;3
sante;1;0;0;2
santana;0;1;0;2
sandal;1;2;0;0
samoa;0;0;0;3
salève;0;1;0;2
saler;0;0;0;3
sainement;0;0;0;3
said;3;0;0;0
sahel;0;0;3;0
sadisme;0;0;1;2
sabrer;0;0;0;3
sabine;0;0;2;1
röstis;0;3;0;0
röstigraben;0;0;0;3
réévaluer;0;0;0;3
rééducation;0;0;0;3
réécouter;0;0;0;3
révision;0;0;0;3
réveillon;0;1;0;2
rétrécissement;0;0;0;3
rétrospective;1;0;0;2
réticence;0;0;0;3
résoud;0;0;0;3
résilier;0;1;0;2
résilient;0;0;0;3
résignation;0;0;0;3
résidentiel;0;0;0;3
répugnant;0;1;0;2
répréhensible;0;0;2;1
réprimander;0;0;0;3
réprimande;0;0;0;3
réorganisation;0;0;0;3
réjouissant;0;1;0;2
réitérer;0;0;0;3
réinsérer;0;0;0;3
régule;0;1;0;2
régulations;0;0;0;3
régularité;0;0;0;3
réfractaire;0;0;0;3
rédacteur;0;0;0;3
récréer;1;0;1;1
réconforter;1;0;0;2
récitation;0;0;0;3
réciprocité;0;0;0;3
récidiver;0;0;0;3
réceptionniste;0;0;0;3
réceptif;0;1;0;2
récepteur;0;0;0;3
réarmement;0;0;2;1
réapproprier;0;0;0;3
réactivité;0;0;0;3
réactif;0;0;1;2
râteau;1;0;0;2
râper;0;3;0;0
russi;3;0;0;0
ruralité;1;0;0;2
ruisseler;0;0;0;3
ruag;0;0;1;2
rts1;0;0;0;3
rte;0;1;0;2
rst;0;0;1;2
royce;0;1;0;2
rotule;0;0;0;3
rotschild;0;0;0;3
roooo;0;0;0;3
roooh;1;2;0;0
romandes;0;0;0;3
roille;0;3;0;0
rohingyas;0;0;3;0
roesti;0;0;0;3
rocky;0;1;0;2
robinson;1;0;0;2
rite;0;1;1;1
risme;0;0;3;0
rinçage;0;1;0;2
rights;0;0;3;0
ridiculement;0;0;0;3
ric;1;0;0;2
rhô;1;2;0;0
rhumatisses;0;3;0;0
rhumatisme;0;0;0;3
rhum;1;1;0;1
rhoooo;1;2;0;0
rhino;1;0;0;2
revolution;0;1;1;1
revente;1;0;0;2
reveille;0;1;0;2
reuters;0;0;1;2
retrousser;0;1;0;2
retravailler;0;1;0;2
retournement;0;1;1;1
retaper;2;0;0;1
retailleau;0;1;1;1
resultat;0;0;0;3
restructuration;0;0;0;3
resserrer;0;0;1;2
respectueusement;2;0;0;1
respectivement;0;1;1;1
resources;0;0;0;3
requérant;0;0;0;3
repu;0;1;0;2
represente;0;0;0;3
repoussant;0;0;1;2
repeuplement;1;0;0;2
repassage;0;2;0;1
rené;0;1;0;2
renouvelable;0;0;0;3
renne;0;1;0;2
renfermer;0;0;0;3
renault;0;0;0;3
remords;0;0;0;3
remerciement;0;0;0;3
relique;0;0;0;3
rejouer;0;0;0;3
refourguer;0;0;0;3
refonte;0;0;0;3
reflex;0;0;0;3
refiler;0;0;0;3
referendum;0;0;0;3
reels;0;0;0;3
redresser;0;0;0;3
redoubler;0;0;0;3
rediscute;0;0;0;3
redford;0;3;0;0
recyclable;0;0;0;3
recueillement;0;0;0;3
recrés;1;0;0;2
recréation;0;1;0;2
recrudescence;0;0;0;3
recommencement;0;0;1;2
recherché;0;1;0;2
recentrer;0;0;0;3
recaler;0;1;0;2
recadrer;0;0;0;3
recadrage;0;0;0;3
rebondissement;0;0;0;3
rebeller;0;0;0;3
realité;0;1;0;2
reaction;0;1;0;2
reacs;0;1;0;2
rd;0;0;2;1
ravoir;0;2;0;1
rave;0;1;0;2
rasoir;0;0;0;3
rapé;0;2;0;1
rapporteur;0;0;2;1
rappeller;0;0;0;3
rappele;1;0;0;2
rappaz;0;1;0;2
ranma;1;1;0;1
ranking;0;0;0;3
rance;0;0;1;2
ramassis;0;1;1;1
ramassage;0;1;0;2
rallumer;0;0;0;3
ralentissement;0;0;0;3
raiffeisen;0;1;0;2
raid;0;0;1;2
raffoler;0;1;0;2
raffaella;0;0;0;3
rafah;0;0;3;0
racketter;0;0;1;2
raccord;0;1;0;2
rabacher;0;0;0;3
ra;0;0;0;3
quo;0;0;1;2
quizz;3;0;0;0
quittance;0;0;0;3
quidam;0;0;0;3
quesque;1;0;0;2
quelq;1;0;0;2
quebecois;0;3;0;0
quatrième;0;0;1;2
qualite;0;0;0;3
qualificatif;0;0;0;3
qand;1;1;0;1
pû;0;1;0;2
pétasse;0;0;0;3
péronisme;0;0;2;1
périphérie;0;1;0;2
pérenniser;0;0;2;1
péremptoire;0;0;0;3
pépère;0;0;0;3
pénalisent;0;0;0;3
pédalo;0;0;0;3
pédale;0;1;0;2
pédal;0;0;0;3
pédagogue;1;0;0;2
pécuniaire;0;0;0;3
pécho;0;2;0;1
péage;0;0;0;3
pâquerette;0;0;0;3
pzs;0;1;0;2
pythagore;0;0;0;3
pulvériser;0;0;3;0
puits;0;0;1;2
puceau;0;1;0;2
ptetre;0;1;0;2
psychotique;0;0;0;3
psychothérapie;1;0;0;2
psychose;0;0;0;3
pss;0;1;0;2
prédilection;0;1;0;2
précédemment;0;0;1;2
précipiter;0;1;0;2
précieusement;1;0;0;2
prussien;0;0;0;3
prude;0;0;0;3
provocant;0;0;0;3
provoc;0;0;0;3
proust;0;1;0;2
prouesse;1;0;0;2
prosélytisme;0;0;0;3
propal;0;0;2;1
prolongé;0;1;0;2
prolifération;1;0;1;1
progressisme;0;0;0;3
proférer;0;0;0;3
profitable;0;0;0;3
procuration;0;0;1;2
problem;0;0;0;3
probant;0;0;0;3
prioriser;0;0;0;3
primark;0;1;0;2
pretty;0;2;0;1
pretexte;0;0;1;2
pret;0;0;0;3
preferent;0;0;0;3
prcq;0;0;0;3
pratt;0;0;0;3
pratiquant;1;0;0;2
praticien;0;0;0;3
pps;0;1;0;2
poutre;0;2;0;1
pourcent;1;0;0;2
poupe;0;0;0;3
pouffer;0;1;0;2
pots_de_vin;0;0;1;2
potos;1;0;1;1
poterie;0;0;1;2
potager;0;0;0;3
postulat;0;0;0;3
porcherie;0;1;0;2
popularité;0;1;0;2
popcorn;0;2;0;1
pop_corn;0;2;0;1
ponctuel;0;0;0;3
ponctionner;0;0;0;3
pomper;0;0;1;2
pommeau;0;3;0;0
pommade;0;0;0;3
polémiquer;0;0;1;2
polyester;0;0;0;3
polluantes;0;1;1;1
policeactivity;0;0;0;3
polarisation;0;0;1;2
poland;2;0;0;1
poker;0;0;0;3
pokemon;0;1;0;2
poirot;0;1;0;2
poid;0;0;0;3
pogrom;0;0;3;0
pmu;0;0;0;3
plongée;1;1;0;1
plongeon;0;2;0;1
plomberie;0;0;0;3
plomber;0;1;0;2
pleureur;0;1;0;2
pleindre;0;0;0;3
play_boy;0;3;0;0
platiste;0;2;0;1
platini;0;0;1;2
plate_forme;0;0;0;3
plastic;0;1;0;2
planning;0;0;0;3
planeur;0;0;0;3
plaignant;0;0;1;2
plaider;0;0;1;2
pkoi;0;1;0;2
pixel;0;0;0;3
pitie;0;1;1;1
pipette;0;3;0;0
pincer;0;0;0;3
pinceau;0;1;0;2
pin_s;1;2;0;0
pif;0;2;0;1
pieuvre;0;0;0;3
pierrot;1;2;0;0
pie;0;1;0;2
pichet;1;0;0;2
photoshop;0;0;0;3
phoenix;0;0;0;3
philo;0;0;0;3
philippin;0;1;0;2
pharmacien;0;0;0;3
pfister;0;0;1;2
peuve;0;0;0;3
pete;1;0;1;1
perspicacité;0;0;0;3
persistant;0;0;0;3
pero;3;0;0;0
pernoud;1;0;0;2
permissif;0;0;1;2
perforer;2;1;0;0
perfectionner;1;0;1;1
perfect;2;0;0;1
percuter;0;0;1;2
perceptible;0;0;0;3
penseur;1;0;0;2
pendulaire;1;0;0;2
pedocriminalité;0;0;0;3
pe;0;1;1;1
pcque;0;1;0;2
pavlovien;0;0;0;3
paume;0;0;0;3
pathogènes;0;0;0;3
passible;0;1;2;0
passation;0;2;0;1
partner;0;0;0;3
park;1;0;0;2
parcqu;0;0;1;2
parasol;0;2;0;1
paraphraser;0;1;1;1
paranoïaque;0;1;0;2
paralysie;0;0;0;3
parage;0;0;0;3
paradise;1;1;0;1
paquebot;0;0;0;3
papé;1;0;0;2
pappé;0;0;2;1
paperasse;0;0;0;3
pap;0;2;0;1
pantin;0;0;1;2
panse;1;1;0;1
panacée;0;0;0;3
panache;0;0;0;3
palmier;0;1;0;2
palestoche;0;0;2;1
pakistanais;0;0;1;2
pagande;0;0;3;0
pacifisme;0;0;2;1
ovomaltine;0;3;0;0
over;0;0;0;3
ouuuu;0;1;0;2
ouuu;0;0;0;3
outfit;1;1;0;1
oulah;0;0;0;3
ouiiiiiii;2;0;0;1
oufff;1;0;0;2
oubliette;0;0;1;2
osseux;0;0;0;3
osselet;1;0;0;2
oseille;0;1;0;2
osef;0;0;0;3
orthographique;0;0;0;3
orthodoxe;0;0;2;1
orphelinat;0;0;0;3
originalité;1;0;0;2
oriental;0;2;1;0
ordis;0;1;1;1
orchestre;0;0;1;2
opératoire;0;0;1;2
opulence;0;0;0;3
opticien;0;0;0;3
ooooooh;1;1;0;1
oooooh;2;0;0;1
ooo;1;0;0;2
onlyfan;0;0;0;3
only;1;1;0;1
oman;0;0;2;1
ols;0;0;1;2
olfactif;0;0;0;3
oleur;0;0;1;2
oldschool;2;0;0;1
ol;0;1;0;2
oisiveté;0;0;0;3
offrande;0;2;0;1
officialiser;0;0;1;2
ode;1;0;0;2
occulter;0;0;1;2
occasionnellement;0;0;0;3
obéissance;0;0;0;3
obtempérer;0;0;1;2
obstacle;0;0;0;3
obscène;0;0;1;2
obama;0;0;3;0
néophyte;0;0;0;3
néologisme;0;0;0;3
nutritionniste;0;0;0;3
nutrition;0;0;0;3
nutritif;0;0;0;3
nuageux;0;0;0;3
nsdap;0;0;1;2
noyauter;0;0;2;1
novateur;0;0;0;3
nourrissage;0;0;0;3
nou;0;1;0;2
notres;0;0;0;3
nostalgia;3;0;0;0
normalisé;0;0;0;3
normalisation;0;0;1;2
nonnn;1;2;0;0
non_sens;0;0;0;3
nombrilisme;0;0;0;3
nobels;0;0;0;3
nneries;0;0;0;3
nicoud;0;1;0;2
nicod;0;0;0;3
niaminacide;0;0;0;3
niais;0;0;0;3
new_waves;0;3;0;0
neutraliser;0;0;0;3
neutral;0;0;3;0
neurotoxique;0;0;0;3
neuro;0;0;0;3
neta;0;0;3;0
nepal;1;0;0;2
neonazis;0;0;1;2
nee;0;1;0;2
necessaire;0;1;0;2
neanderthalensis;0;2;0;1
naviguer;0;0;1;2
nationalisme;0;0;0;3
nathan;0;1;1;1
nassé;0;0;1;2
nasa;0;1;0;2
nada;0;0;0;3
mézières;0;2;0;1
méprendre;0;0;0;3
méninge;0;0;0;3
mémo;0;2;0;1
mélanie;2;0;0;1
méhari;2;1;0;0
méfiant;0;0;0;3
médoc;0;0;0;3
méditation;0;0;0;3
mécréant;0;0;0;3
méconnaissable;0;0;0;3
mécano;0;1;0;2
mâchefers;0;0;0;3
mythologie;0;0;0;3
mysogine;0;0;0;3
myriam;3;0;0;0
myope;0;0;0;3
mutter;0;1;0;2
mutilation;0;0;2;1
musculation;1;0;0;2
musculaire;0;0;0;3
murmurer;1;0;0;2
murat;0;1;0;2
muraille;0;0;0;3
multirécidiviste;0;0;0;3
mullet;0;0;0;3
muito;3;0;0;0
mst;0;1;0;2
moutier;0;0;1;2
mousser;0;0;0;3
mourant;0;0;0;3
moumoute;0;2;0;1
mouillé;0;1;1;1
mouai;0;0;0;3
mortifère;0;0;0;3
morphologie;0;0;0;3
morgue;0;1;0;2
morfler;0;1;0;2
morel;1;1;0;1
mood;1;1;1;0
monétiser;0;0;0;3
montpellier;0;0;0;3
montbenon;0;1;0;2
mont_blanc;1;0;0;2
monologue;0;0;0;3
mono;0;3;0;0
monique;0;1;0;2
mollet;1;2;0;0
module;0;1;0;2
modestement;1;0;0;2
model;0;1;0;2
mod;0;1;0;2
mma;1;0;0;2
mixité;0;0;0;3
mixer;1;1;0;1
miteux;0;0;0;3
mitaine;0;2;0;1
missionnaire;0;0;0;3
miskine;0;1;0;2
miraculeux;0;0;0;3
mini_jupe;0;1;0;2
minage;0;0;0;3
millards;0;0;0;3
militarisation;0;0;0;3
militairement;0;0;2;1
milicien;0;0;2;1
mieu;0;0;0;3
michelle;2;1;0;0
mhh;0;0;3;0
meu;2;1;0;0
metre;0;0;2;1
metier;0;0;0;3
metal;2;1;0;0
messieur;0;0;1;2
messianique;0;0;1;2
messager;0;0;1;2
merry;2;0;1;0
merd;0;0;0;3
merciiiii;1;1;0;1
menuisier;0;0;0;3
menstruées;0;0;0;3
menopause;0;2;0;1
mene;0;0;0;3
mendiant;0;0;0;3
menage;0;1;0;2
melange;0;1;0;2
mein;1;0;1;1
mehdi;1;1;0;1
medecin;0;0;0;3
mea_culpa;0;0;0;3
mdrrrrrr;0;2;0;1
mccartney;0;1;0;2
mazda;0;0;1;2
maxime;0;1;0;2
matrix;0;1;0;2
matraquage;0;0;1;2
masturber;0;1;1;1
masser;0;0;3;0
mascotte;1;1;0;1
martina;2;0;0;1
marteau;0;0;0;3
marrakech;0;0;1;2
marion;1;1;0;1
marino;0;0;2;1
margoulin;0;1;2;0
marchandisation;1;0;0;2
marbre;0;0;0;3
map;1;0;0;2
manzo;0;0;2;1
manteau;1;1;0;1
manquement;0;0;1;2
manivelle;0;1;0;2
mangeur;0;0;0;3
mangeable;0;2;0;1
manga;0;0;0;3
mandela;0;0;1;2
malthusianisme;0;2;0;1
malmö;0;0;0;3
malheuresement;0;0;1;2
malformations;0;0;0;3
major;0;0;1;2
maitrise;0;0;0;3
maitresse;0;0;0;3
maille;0;0;0;3
magnétique;0;0;0;3
magner;0;3;0;0
magicien;1;0;0;2
maggi;2;1;0;0
machiste;0;0;0;3
macgyver;0;0;0;3
m3;0;0;0;3
létalité;0;0;1;2
léser;0;0;0;3
léo;0;0;0;3
légitimement;0;0;0;3
législations;0;0;0;3
légalisation;0;0;1;2
lycéen;0;2;0;1
luter;0;0;0;3
lumpi;0;0;0;3
lubie;0;0;0;3
lpp;0;0;0;3
loyal;0;0;1;2
lourdingue;0;0;0;3
loupe;0;0;0;3
louise;0;0;0;3
loris;0;1;0;2
lollll;0;2;0;1
lolita;2;0;0;1
lola;0;0;0;3
loire;0;1;0;2
locatif;0;0;0;3
lla;0;0;3;0
lituanie;0;0;2;1
linkedin;0;0;0;3
linguiste;0;0;0;3
lingerie;0;1;0;2
line;1;1;0;1
linda;3;0;0;0
limpide;0;0;0;3
limousin;0;0;0;3
limonade;0;0;0;3
limit;0;1;0;2
lieutenant;0;1;0;2
liechtenstein;0;0;2;1
licence;0;0;0;3
libéralisation;0;0;0;3
libido;0;1;0;2
liberte;1;0;1;1
liberer;0;0;2;1
liberale;0;0;0;3
li;0;2;0;1
lgbtqia;0;0;2;1
lexique;0;0;2;1
level;1;0;0;2
leurrer;0;0;1;2
leste;0;0;0;3
lepen;0;0;0;3
leonhard;1;0;0;2
lennon;0;0;0;3
legumes;0;1;0;2
legend;2;1;0;0
lee;0;2;0;1
ledit;0;0;0;3
lead;0;2;0;1
ldc;0;0;0;3
lavoc;0;0;0;3
lave_linge;0;3;0;0
lauréat;0;0;0;3
latte;0;2;0;1
latino;0;0;0;3
lassitude;0;0;0;3
lasser;0;0;0;3
laser;0;0;0;3
laponie;1;1;0;1
lap;0;1;1;1
lao;0;0;1;2
lanusse;0;1;0;2
lancy;1;1;0;1
lampadaire;0;0;1;2
lama;0;0;0;3
ladite;0;0;0;3
lacrymos;0;0;3;0
lacrimo;0;0;1;2
lacher;0;0;0;3
laborieux;0;0;0;3
labite;0;2;0;1
kévin;0;0;0;3
kwh;0;0;1;2
kv;1;0;0;2
kurt;1;0;0;2
ku;0;0;2;1
kratz;0;2;0;1
kosovars;0;0;1;2
kim;0;0;0;3
kills;0;0;0;3
khagn;3;0;0;0
kennedy;0;0;0;3
kate;0;0;0;3
karting;0;0;0;3
kart;0;0;0;3
kamikaze;0;0;2;1
k_way;0;2;0;1
jv;0;1;0;2
jussy;0;0;0;3
jung;0;0;0;3
julot;0;1;0;2
julie;0;0;0;3
jul;0;1;0;2
judge;0;1;0;2
ju;2;0;0;1
joyeuseté;0;0;0;3
joyau;0;0;1;2
journalier;0;0;0;3
josiane;1;2;0;0
jones;0;1;0;2
joncher;0;0;0;3
jodie;2;0;0;1
jimmy;2;0;1;0
jimagine;0;2;0;1
jihad;0;0;3;0
jeunette;0;0;0;3
jennifer;1;1;0;1
jenish;0;0;0;3
jeanne;0;2;1;0
jdis;0;0;0;3
jason;0;0;1;2
jaser;0;0;0;3
jardinage;0;0;0;3
james;0;1;0;2
jamais_vu;0;0;0;3
jajaja;0;2;0;1
ivre;1;0;0;2
isis;0;0;0;3
isf;0;0;0;3
irréparable;0;0;1;2
irréfutable;0;1;0;2
irréaliste;0;0;0;3
irriter;0;1;0;2
irrespirable;0;0;0;3
irrationnel;0;0;0;3
irma;0;0;0;3
iraq;0;1;1;1
iphones;1;0;0;2
inéquitable;0;0;0;3
inéluctable;1;0;0;2
inéduqué;0;0;2;1
inédit;0;0;1;2
inversion;0;0;0;3
inutilité;0;1;0;2
intérioriser;0;0;1;2
intrigue;1;1;0;1
interrogation;0;0;0;3
interpellation;0;0;0;3
intermittence;0;0;0;3
interface;0;0;0;3
interessante;0;0;1;2
intercepter;0;0;2;1
intenable;0;1;0;2
instrumentalisé;0;0;1;2
instrumentaliser;0;0;3;0
instrumentalisation;0;0;1;2
institutionnelles;0;0;1;2
instauration;0;0;1;2
inspi;0;1;0;2
insomnie;0;1;0;2
insolite;0;2;0;1
inscription;0;0;0;3
insatisfait;0;0;0;3
insatisfaction;0;0;1;2
insane;0;1;1;1
inquisition;1;1;0;1
injustement;0;0;2;1
initié;0;0;0;3
inhérent;0;0;0;3
inhumation;0;0;0;3
inhabituel;0;0;0;3
ingéniosité;0;1;1;1
ingénieux;0;1;0;2
ingurgiter;0;0;0;3
ingestion;0;0;0;3
infériorité;0;0;0;3
infructueux;0;0;0;3
influenceuse;0;0;0;3
infarctus;0;1;0;2
infancia;3;0;0;0
infaisable;0;0;0;3
inexplicable;0;0;2;1
inertie;0;0;0;3
indéfiniment;0;0;0;3
indécence;0;0;1;2
industrialisation;0;0;0;3
indu;0;0;0;3
individualisme;0;0;0;3
indiscret;0;0;0;3
indicatif;1;0;0;2
index;0;1;1;1
indemnisation;0;0;0;3
inculquer;0;0;0;3
incorporer;0;1;0;2
inconsolable;0;0;2;1
inconforts;0;0;0;3
inconfort;0;0;0;3
inconcevable;0;0;0;3
incompris;0;1;0;2
incognito;0;2;1;0
inclus;0;1;0;2
incivilité;0;0;0;3
incinérer;0;0;0;3
inchallah;1;0;0;2
incarnation;0;0;2;1
incarcération;0;0;1;2
incalculable;0;0;2;1
inauguration;1;0;0;2
inaudible;0;0;0;3
inadéquat;0;0;1;2
imprévu;0;0;0;3
impraticable;0;1;0;2
imposteur;0;0;1;2
importuner;0;0;0;3
impopulaire;0;0;0;3
implorer;0;0;0;3
implant;0;0;0;3
impatient;0;1;1;1
impardonnable;0;0;2;1
immuable;0;1;0;2
immersion;0;1;0;2
imbecile;0;0;1;2
imbattable;1;0;1;1
imaginable;0;0;0;3
ily;0;0;0;3
illustré;0;0;1;2
illusoire;0;0;0;3
ilan;0;0;2;1
ignazio;0;0;3;0
ifd;0;0;0;3
iech;0;1;1;1
idolâtrer;0;1;0;2
idiome;0;0;0;3
idea;2;1;0;0
ide;1;0;0;2
icekiid;0;0;3;0
iban;0;1;0;2
ib;0;0;3;0
hétérogène;0;0;0;3
hébreu;0;0;2;1
hâtif;0;0;0;3
hypothèque;0;0;0;3
hypnose;0;0;0;3
hypersensible;0;0;0;3
hydrocarbure;1;0;0;2
hydraulique;0;1;0;2
hybride;0;0;0;3
hyacinthe;1;1;0;1
humiliant;0;0;0;3
humblement;1;0;0;2
human;0;0;3;0
huilé;0;1;0;2
htag_génocide;0;0;2;1
hr;0;0;1;2
hpe;0;0;0;3
house;0;1;1;1
hors_la_loi;0;0;0;3
horriblement;0;1;0;2
horde;0;0;2;1
hoooo;1;1;1;0
hooligan;0;0;0;3
hoodie;0;1;0;2
hollywoodien;0;0;0;3
hollandais;0;1;0;2
holcim;0;1;0;2
hof;1;0;0;2
hobbys;0;0;0;3
hiérarchisé;0;0;0;3
hiérarchique;0;0;0;3
his;2;1;0;0
hin;0;0;0;3
high_tech;0;2;0;1
hiberner;0;1;0;2
hh;0;2;0;1
heteros;0;0;0;3
het;0;0;0;3
hermétique;0;1;0;2
heriter;0;0;0;3
herboristerie;0;1;0;2
herboriste;0;1;0;2
helas;0;1;1;1
heheh;1;1;0;1
hebdomadaire;0;0;0;3
healthy;1;0;0;2
haïtien;1;1;0;1
haye;0;0;2;1
has_been;0;2;0;1
haroun;0;1;0;2
harisson;1;1;0;1
hardeux;2;1;0;0
harceleurs;0;0;2;1
hanus;0;2;0;1
hameau;0;1;0;2
hambourg;0;1;1;1
ham;0;1;1;1
halle;1;0;0;2
haleine;0;1;0;2
halal;0;1;0;2
hahahahahah;0;2;0;1
had;3;0;0;0
haché;0;0;0;3
habité;0;0;0;3
habib;0;0;3;0
h0h;0;1;0;2
géothermie;0;0;0;3
géographiquement;0;0;2;1
génocider;0;0;3;0
gén;0;0;3;0
gymnastique;0;0;1;2
gymnaste;2;0;0;1
gueuleton;0;1;1;1
guess;0;0;0;3
gti;0;1;0;2
gt;0;2;0;1
gstaad;0;0;0;3
group;0;0;0;3
grosso_modo;0;0;0;3
grison;0;2;0;1
griselidis;0;0;0;3
grincer;0;0;0;3
grimentz;0;1;0;2
grille;0;1;0;2
grillade;0;1;0;2
griffe;0;0;1;2
greffer;0;0;0;3
greffe;0;0;0;3
greece;2;0;1;0
gre;0;0;0;3
grazie;1;1;0;1
gravier;0;0;0;3
gravats;0;0;3;0
gratin;1;1;0;1
grappe;0;0;0;3
graphistes;0;0;0;3
graphique;0;0;0;3
grammatical;0;0;0;3
gracieusement;0;0;1;2
gps;1;0;0;2
goulag;0;1;1;1
got;0;1;1;1
gonflé;0;0;0;3
golfe;0;0;2;1
gold;0;0;1;2
golan;0;0;3;0
globalité;0;0;0;3
glissant;0;0;0;3
gislaine;0;0;0;3
giratoire;0;0;0;3
ginette;0;0;0;3
giger;1;2;0;0
gibraltar;0;1;2;0
ghetto;0;1;0;2
geôle;0;0;3;0
gex;0;0;0;3
genz;0;2;0;1
gentrification;0;0;0;3
genrées;0;2;0;1
genocidaires;0;0;2;1
geno;0;0;3;0
genius;2;0;0;1
genie;1;0;0;2
geniale;0;1;0;2
gazé;0;0;1;2
gavazzeni;0;0;1;2
gateau;0;1;0;2
gastronomique;0;1;0;2
garnier;1;1;0;1
garagiste;0;0;0;3
gallo;0;1;0;2
galette;0;0;0;3
gale;0;0;0;3
gaieté;2;0;1;0
gabet;0;1;0;2
g3nocide;0;0;3;0
féroce;0;0;1;2
félicité;0;2;0;1
fédéralisme;0;0;1;2
fuyard;0;0;1;2
futé;0;1;1;1
futilité;0;0;0;3
fusion;0;0;0;3
fusillade;0;1;0;2
fureur;1;1;0;1
funky;1;2;0;0
fuiter;0;1;2;0
fu;0;0;0;3
fréquemment;0;0;0;3
frémir;0;0;0;3
fructueux;0;0;0;3
frouz;0;0;0;3
frottement;0;0;0;3
froideur;0;1;0;2
frique;0;0;0;3
friends;1;0;0;2
friedman;0;0;0;3
friday;0;0;1;2
frelon;0;0;0;3
freinage;0;1;0;2
fred;0;1;1;1
frayeur;0;0;0;3
frauder;0;0;0;3
frank;0;1;1;1
fracturer;0;0;0;3
fouteur;0;0;1;2
fourniture;0;0;1;2
fourberie;0;0;1;2
foulle;0;0;2;1
foufoune;0;2;0;1
foufou;0;2;0;1
fouetter;0;0;0;3
fossoyeur;0;0;0;3
forum;0;1;0;2
formalité;0;0;0;3
forer;0;0;0;3
fondant;0;1;0;2
foncièrement;0;0;0;3
folklorique;0;0;0;3
folklore;0;1;0;2
foison;0;0;2;1
flâner;0;0;0;3
flot;0;0;0;3
florissant;0;0;0;3
flon;0;2;0;1
fleurier;0;1;0;2
flegme;0;0;0;3
flaque;0;1;0;2
flambée;0;1;0;2
flamber;0;0;0;3
fivem;0;1;0;2
fitness;0;0;0;3
fiston;0;1;0;2
filon;0;0;0;3
fiji;0;0;0;3
figuré;0;1;0;2
fiel;0;0;0;3
fiat;1;1;0;1
fiancé;0;1;0;2
fevrier;0;1;0;2
feutré;0;0;0;3
feuilleton;1;0;0;2
fete;0;1;0;2
festif;0;0;0;3
fessée;0;1;0;2
ferveur;1;0;0;2
ferraille;0;2;0;1
fernandel;0;0;0;3
fermier;0;0;0;3
fermentation;0;0;0;3
feraille;0;1;1;1
feministes;0;0;1;2
felicitations;1;0;0;2
federal;0;0;0;3
fcpa;0;0;0;3
favre;0;1;0;2
fausser;0;0;1;2
faussement;0;1;0;2
fardeau;0;0;0;3
far;0;1;0;2
fantastico;0;3;0;0
fantasque;0;0;0;3
falsifier;0;0;0;3
factoriel;0;0;0;3
fabrice;0;2;0;1
f18;0;0;0;3
exécrable;0;0;0;3
extrème;0;0;1;2
extravagance;0;0;0;3
extraterrestre;0;0;0;3
extrapoler;0;0;0;3
extorsion;0;0;1;2
exterieur;0;0;0;3
extase;0;0;0;3
expérimenté;0;0;0;3
expérimenter;0;0;0;3
expérimentation;0;0;0;3
expérimental;0;1;0;2
expédier;0;0;0;3
expropriation;0;0;1;2
exploration;0;0;0;3
expirer;0;0;1;2
exorciste;0;0;0;3
existance;0;0;1;2
exigeance;0;0;0;3
exhorter;0;0;2;1
exhibition;1;0;0;2
exemption;0;0;0;3
excédent;0;0;0;3
excrément;0;0;0;3
excellentissime;3;0;0;0
exaspérer;0;1;0;2
exam;0;3;0;0
evo;0;0;0;3
evian;0;1;0;2
everything;3;0;0;0
eveiller;0;0;1;2
euthanasier;0;0;0;3
euses;0;0;0;3
euse;0;1;0;2
euhh;0;2;0;1
eugénie;0;0;0;3
eté;0;0;0;3
etude;0;0;0;3
etrangers;0;0;1;2
etouffe;1;0;0;2
etonne;0;2;0;1
etonnant;0;1;0;2
etiez;0;0;0;3
etienne;1;0;1;1
etcc;0;0;1;2
et_cetera;0;0;0;3
estonie;0;0;3;0
esquive;0;0;0;3
esquisse;0;0;1;2
esperons;0;0;2;1
esclavagiste;0;0;0;3
erratum;0;1;0;2
ero;2;1;0;0
eric;0;2;0;1
ere;0;0;0;3
equateur;0;0;1;2
equalizer;0;1;0;2
epalinges;0;1;0;2
enveloppe;1;0;0;2
envahissant;0;0;0;3
entuber;0;0;0;3
entrainement;2;1;0;0
enter;0;1;0;2
ent;0;0;1;2
enrouler;1;0;0;2
enquiquiner;0;0;0;3
ennio;2;0;0;1
enmerder;0;0;0;3
enlèvement;0;1;2;0
enfumé;0;0;1;2
enflammer;0;0;0;3
enfaîte;0;0;0;3
enerve;0;1;0;2
end;1;0;0;2
enculerie;1;0;0;2
encrer;0;0;0;3
encre;0;0;1;2
encoubler;0;1;0;2
encor;0;1;2;0
encontre;0;0;0;3
enchère;0;1;0;2
enchaînement;0;1;0;2
ena;0;0;0;3
en_catimini;0;0;3;0
emprisonnement;0;1;2;0
empiéter;0;0;0;3
empiriquement;0;0;0;3
emmêler;0;1;0;2
emmerdeur;0;3;0;0
emji_île_déserte;0;2;0;1
emji_urne_électorale;1;0;0;2
emji_tennis;3;0;0;0
emji_souris;0;1;0;2
emji_serpent;1;0;1;1
emji_sauropode;0;0;1;2
emji_raisin;1;1;0;1
emji_radio;1;0;0;2
emji_pomme_rouge;0;0;0;3
emji_pion_d_échec;2;0;1;0
emji_pierre_tombale;1;1;0;1
emji_personne_qui_court;2;0;0;1
emji_ours_en_peluche;0;0;0;3
emji_orang_outan;0;0;0;3
emji_olive;3;0;0;0
emji_oiseau;2;0;1;0
emji_nez;0;1;0;2
emji_montagne;2;0;0;1
emji_microbe;0;1;0;2
emji_maison;1;0;0;2
emji_mains_ouvertes;2;0;1;0
emji_infini;2;1;0;0
emji_index_pointant_vers_le_haut_peau_moyennement_claire;1;0;0;2
emji_index_pointant_vers_l_utilisateur_peau_claire;0;1;0;2
emji_hérisson;1;0;0;2
emji_homme_âgé_peau_claire;0;1;0;2
emji_homme_paume_vers_le_haut_peau_claire;0;0;0;3
emji_hamburger;0;2;0;1
emji_graphique_en_baisse;0;0;0;3
emji_goutte_d_eau;3;0;0;0
emji_fée_peau_claire;2;0;0;1
emji_frites;0;2;0;1
emji_fraise;0;1;0;2
emji_fourchette_et_couteau_avec_assiette;2;0;0;1
emji_flèche_activé;2;1;0;0
emji_drapeau_mali;1;0;2;0
emji_drapeau_liban;2;0;1;0
emji_douche;0;3;0;0
emji_danseur_peau_claire;1;2;0;0
emji_cyclone;2;0;0;1
emji_coq;1;0;0;2
emji_cocktail;1;1;0;1
emji_cochon;1;1;0;1
emji_chat_qui_fait_un_bisou;3;0;0;0
emji_cerises;0;1;0;2
emji_case_cochée;0;0;0;3
emji_carte_bancaire;0;1;1;1
emji_bouée_de_sauvetage;0;1;0;2
emji_bouton_sos;0;0;1;2
emji_bonhomme_de_neige_sans_neige;2;1;0;0
emji_bonbon;0;1;0;2
emji_18_ans_et_plus;0;2;0;1
elysée;0;1;1;1
els;0;0;1;2
ellu;0;0;1;2
ella;0;1;0;2
elisabeth;1;1;0;1
ein;0;0;1;2
ehh;1;0;0;2
egos;0;1;0;2
egal;0;1;0;2
effigie;0;1;0;2
eduquer;0;0;0;3
educ;0;0;0;3
edmond;0;2;0;1
eden;0;1;0;2
eddy;0;1;0;2
ecrit;0;0;0;3
ecologique;0;2;0;1
ebay;0;0;0;3
easyride;0;0;0;3
déviation;0;0;1;2
dévaliser;0;1;0;2
détestation;0;0;1;2
déterrer;0;1;1;1
détendu;0;1;0;2
désolation;0;0;1;2
désirable;0;0;0;3
déshérences;0;0;2;1
désespérément;0;1;1;1
déserter;0;0;0;3
désavantage;0;0;1;2
désamorcer;0;0;1;2
désagrément;0;0;0;3
désaffecté;0;0;0;3
déroutant;0;1;0;2
déroulement;0;1;2;0
déroger;0;1;0;2
déprimé;0;1;0;2
dépressif;0;0;0;3
dépouiller;0;0;1;2
déposséder;0;0;0;3
dépositaire;0;0;3;0
dépité;0;0;0;3
dénudé;0;0;0;3
démoniaque;0;1;0;2
démolir;0;0;0;3
démocratiser;0;0;0;3
démerder;0;0;0;3
démentir;0;0;0;3
démentiel;1;0;0;2
démasquer;0;1;0;2
démantèlement;0;0;1;2
délégué;0;1;0;2
déloyal;0;0;0;3
délocalisent;0;0;2;1
délice;0;0;0;3
déj;0;2;0;1
dégaine;0;1;0;2
défectueux;0;0;1;2
défaveur;0;0;0;3
déesse;0;0;0;3
dédommager;0;0;0;3
dédain;0;0;0;3
décérébrer;0;0;1;2
décénies;0;0;0;3
décèdera;0;1;0;2
décupler;0;0;0;3
déculpabiliser;0;0;0;3
décrédibilise;0;0;0;3
déchèterie;0;1;0;2
déchiré;0;0;1;2
décerner;0;0;2;1
déceler;0;0;0;3
décalé;0;1;0;2
débridé;0;0;1;2
débordant;0;0;0;3
débit;0;0;0;3
débandade;0;1;0;2
dz;1;0;0;2
dys;0;0;0;3
dynastie;0;0;0;3
dutronc;0;3;0;0
dumping;0;0;0;3
duc;0;1;0;2
drop;0;2;0;1
droguerie;0;0;0;3
drive;0;1;0;2
dressing;1;1;0;1
douille;0;0;0;3
doublon;0;0;0;3
doublage;1;1;0;1
doper;0;1;0;2
domino;0;0;1;2
domage;0;1;0;2
doliprane;0;1;0;2
dolby;0;1;0;2
dogmatisme;0;0;0;3
dogmatique;0;0;0;3
documenté;0;0;1;2
doctorat;0;0;0;3
djihadistes;0;0;3;0
djihad;0;0;1;2
divinité;0;0;0;3
diverger;0;0;0;3
divergent;0;0;1;2
distiller;0;0;0;3
dissuasif;0;0;0;3
disproportion;0;0;1;2
dispenser;0;0;0;3
discréditent;0;0;2;1
discrètement;0;0;0;3
discriminent;0;0;0;3
discounter;0;0;0;3
discothèque;0;1;0;2
discorde;0;0;1;2
diplomatiquement;0;0;3;0
dino;0;0;0;3
dilemme;0;2;0;1
dilapider;0;0;0;3
digeste;0;0;0;3
differentes;0;0;0;3
dick;0;0;1;2
diane;3;0;0;0
diabète;0;1;0;2
dgpc;0;0;1;2
deçà;1;0;1;1
dextérité;0;0;0;3
devis;0;1;0;2
deverait;0;0;0;3
deuxieme;1;1;1;0
deuch;0;1;0;2
detruire;0;0;2;1
desir;0;0;0;3
deschamps;0;1;0;2
derangent;0;0;0;3
depression;0;0;0;3
depp;0;0;0;3
deplus;0;0;0;3
dep;1;1;0;1
denver;0;0;0;3
dentition;0;2;0;1
denouveau;0;1;0;2
denier;0;1;0;2
den;1;0;0;2
democrates;0;0;2;1
dela;0;0;1;2
dejas;0;0;0;3
degueulasse;0;0;0;3
degueu;0;2;0;1
defund;0;0;1;2
defense;0;0;0;3
deconner;0;0;0;3
decision;0;0;0;3
das;1;1;0;1
dard;0;0;0;3
dangeureux;0;0;0;3
dangerosité;0;0;1;2
damner;1;1;0;1
damn;1;0;0;2
daech;0;0;2;1
côtoyez;0;0;0;3
céleste;1;0;0;2
cylindre;1;1;0;1
cy;0;0;0;3
cut;1;2;0;0
curieusement;0;0;0;3
cumulée;0;0;0;3
culturellement;0;0;0;3
cultissime;0;3;0;0
cuissage;0;0;2;1
cuck;0;1;0;2
css;0;0;0;3
crête;0;2;0;1
crépu;0;0;0;3
créneau;0;0;0;3
crées;0;1;1;1
créancier;0;0;0;3
croivent;0;1;0;2
croisade;0;0;1;2
crocodile;0;0;1;2
croatie;0;0;1;2
cribler;0;0;2;1
crash;0;0;0;3
crapule;1;0;1;1
crapaud;0;0;1;2
crampon;0;0;0;3
craintif;0;0;0;3
craignos;0;0;0;3
craie;0;1;0;2
cracra;0;2;0;1
cpp;0;0;1;2
cow_boy;0;0;1;2
couté;0;0;0;3
coutera;0;0;0;3
couter;0;0;0;3
coussin;0;2;0;1
couronner;0;0;2;1
country;0;0;1;2
coulisse;0;1;1;1
cotiseront;0;0;0;3
corrélée;0;0;0;3
corroborer;0;0;0;3
coquillage;0;1;0;2
coquetterie;1;1;0;1
coquette;1;0;0;2
coquet;1;0;0;2
convaincant;0;0;0;3
controller;0;0;1;2
contributeurs;0;0;0;3
contrevenant;0;0;1;2
contresens;0;0;1;2
contreproductif;0;0;0;3
contravention;0;0;1;2
contractuel;0;0;0;3
container;0;0;0;3
consomation;0;1;0;2
consolider;0;0;1;2
console;0;1;0;2
consigné;0;0;0;3
consensuel;0;0;0;3
connor;0;1;0;2
congratulation;2;0;0;1
congeler;0;1;0;2
conformité;0;0;1;2
conflict;0;0;1;2
confectionner;0;2;0;1
confection;0;1;0;2
concilier;0;0;0;3
conciliation;0;0;0;3
comtois;0;1;0;2
compétions;0;0;1;2
comptable;0;0;0;3
compresser;0;0;0;3
compositeur;0;0;0;3
comportments;0;0;0;3
complétement;0;0;0;3
complaisant;0;0;1;2
compatibilité;0;0;0;3
communément;0;2;0;1
commode;0;2;0;1
commercialiser;0;0;0;3
commencement;0;0;0;3
commando;1;0;1;1
coming;0;1;0;2
colonne;0;0;0;3
colombien;0;2;1;0
colocataire;0;0;0;3
collectionneur;0;0;0;3
collecter;0;0;1;2
collage;0;0;0;3
collab;0;2;0;1
colibri;0;0;0;3
coaching;0;1;0;2
clôture;0;0;0;3
clémence;1;1;0;1
clouté;0;1;0;2
clochette;0;0;0;3
clivante;0;0;0;3
clim;0;1;0;2
clest;0;1;0;2
classé;0;0;0;3
classifier;0;0;1;2
classic;1;1;0;1
civilité;0;0;1;2
ciste;0;0;1;2
cio;0;2;0;1
cingler;1;0;0;2
cinema;1;1;1;0
chávez;0;0;3;0
chronométrer;0;0;0;3
chris;1;1;0;1
chous;1;1;0;1
choues;3;0;0;0
cholestérol;1;1;0;1
chiite;0;1;1;1
chi;0;1;0;2
chevelu;0;1;0;2
chevaucher;0;2;0;1
cherie;1;0;0;2
cheptel;0;0;0;3
cheffes;0;1;0;2
chauvinisme;0;0;0;3
chauvin;0;0;0;3
chauderon;0;1;1;1
charrette;0;1;0;2
charognard;0;0;0;3
charline;0;0;1;2
charcutier;0;0;0;3
charabia;0;1;1;1
chaqu;0;1;0;2
chao;1;1;0;1
chantal;0;1;0;2
chansonnette;0;2;0;1
chandelle;0;0;0;3
chaines;0;0;0;3
chacunes;0;0;0;3
cessation;0;0;3;0
cerner;0;0;1;2
cern;0;0;0;3
cerise;1;1;0;1
center;0;0;2;1
celte;0;0;0;3
cdlt;0;0;0;3
cauchemardesque;0;1;0;2
catégoriquement;0;1;0;2
catse;1;2;0;0
catastrophistes;0;0;0;3
cataloguer;0;0;0;3
casual;0;2;0;1
castro;0;0;3;0
castration;0;0;0;3
cassos;0;1;1;1
casanier;0;0;0;3
carrousel;0;0;0;3
carrer;0;1;0;2
carpe;0;1;1;1
carnaval;0;2;1;0
carla;0;2;1;0
carel;0;3;0;0
carburer;0;1;1;1
carbu;1;0;0;2
carafe;0;1;0;2
carabine;0;0;0;3
capuche;0;1;0;2
captivité;0;0;1;2
captes;0;0;0;3
capsule;1;0;0;2
capricieux;0;0;0;3
capote;0;1;0;2
capitaine;0;0;0;3
cape;0;0;1;2
cantonner;0;0;0;3
canne;1;1;0;1
caniculaire;0;2;0;1
canette;0;1;0;2
candidature;0;0;0;3
camoufler;0;2;1;0
camionnette;0;1;0;2
camembert;0;2;0;1
cam;0;0;0;3
calédonie;0;0;0;3
called;1;0;2;0
californie;0;0;0;3
caissiere;0;0;0;3
caissette;0;1;0;2
caise;0;0;0;3
cadrage;0;1;0;2
cadmium;0;0;0;3
cadis;0;0;0;3
cac;0;0;0;3
bénédiction;1;0;1;1
bénin;0;0;2;1
bémol;1;0;0;2
bégayer;0;0;0;3
bâcler;0;0;0;3
buste;0;0;1;2
burnouts;0;0;0;3
buggé;1;0;0;2
budé;0;1;0;2
btw;0;0;0;3
brélaz;2;0;0;1
brutalement;0;0;2;1
brouiller;0;0;0;3
brinquei;2;1;0;0
brigade;1;0;1;1
bridechon;0;3;0;0
brics;0;0;1;2
brenets;1;1;0;1
brazil;2;0;0;1
bravoooooo;2;0;0;1
bravissimo;2;0;0;1
bravissima;3;0;0;0
brasserie;0;0;0;3
brand;0;2;0;1
br;0;1;0;2
bousiller;0;0;0;3
bourrage;0;1;0;2
bourgogne;0;1;0;2
bourbines;0;0;0;3
bouquet;0;0;0;3
bouleversement;0;0;0;3
boulette;0;2;0;1
bouille;0;1;1;1
boucoup;1;1;0;1
bouchonner;0;0;0;3
boucherie;0;1;1;1
botter;0;1;0;2
bossi;1;1;0;1
borné;0;1;1;1
booster;0;0;1;2
booba;0;0;0;3
bonvillars;0;0;0;3
boh;0;0;1;2
bodycount;0;1;0;2
board;0;1;0;2
blm;0;0;1;2
bleri;0;0;3;0
blast;0;0;0;3
blancheur;0;0;0;3
bla_bla_bla_bla;0;0;1;2
bjr;0;0;0;3
bizarrerie;0;1;0;2
biz;1;0;1;1
bison;0;0;0;3
birkin;0;1;0;2
biographie;0;0;2;1
binational;0;0;0;3
biganon;0;0;0;3
biensure;0;0;1;2
bienheureux;2;0;0;1
bienfaisance;0;0;0;3
biarritz;1;1;0;1
bh;0;1;1;1
betty;0;1;0;2
betharram;1;2;0;0
betharam;0;2;0;1
bertarelli;0;0;0;3
bernie;1;1;0;1
bergier;0;0;1;2
berceau;0;0;2;1
benêt;1;2;0;0
benisse;1;0;0;2
benef;0;0;0;3
belligérant;0;0;3;0
bellezza;3;0;0;0
beautiful;2;1;0;0
beaulieu;1;0;0;2
beau_père;0;1;0;2
beatles;0;2;0;1
beast;0;1;0;2
bbq;0;1;0;2
bavière;0;2;0;1
baudet;0;2;0;1
batte;0;0;0;3
batard;0;3;0;0
baston;0;1;0;2
bastion;2;0;0;1
bassine;0;0;0;3
basque;0;0;1;2
barquette;0;0;0;3
barbapapa;0;2;0;1
baratin;0;0;1;2
baptiser;1;0;0;2
bannière;0;0;2;1
bandé;0;0;2;1
bandeau;0;1;0;2
bananier;0;0;1;2
banalises;0;0;2;1
bamboulé;0;0;0;3
bambouler;0;0;0;3
bam;0;0;0;3
balfour;0;0;3;0
baladeur;0;2;0;1
bagdad;0;0;2;1
bagarrer;0;0;0;3
babiole;0;0;0;3
b12;0;0;0;3
aïwa;1;2;0;0
aérobic;1;1;0;1
aws;1;0;0;2
aviv;0;0;3;0
avisé;1;0;0;2
aviolat;1;0;0;2
avenue;0;0;1;2
avai;1;1;0;1
avachi;0;0;0;3
autoreverse;1;1;0;1
automatisation;0;0;0;3
austère;0;0;1;2
aussitôt;0;1;0;2
aujd;0;1;1;1
audrey;0;1;0;2
auditeur;0;1;0;2
audios;0;1;0;2
audi;0;1;0;2
aubergine;0;0;1;2
attristant;0;0;1;2
attribut;0;0;0;3
attirance;0;1;0;2
atterrissage;0;0;0;3
attentionné;0;0;0;3
atlas;0;0;0;3
athéisme;0;0;0;3
atf;0;0;3;0
ataf;0;0;0;3
astéroïde;0;1;0;2
astronaute;0;1;0;2
astreindre;0;0;0;3
asthme;0;0;1;2
assistanat;0;1;0;2
assimilation;0;0;0;3
assc;0;0;0;3
assasin;1;0;2;0
asphalte;0;0;1;2
asperger;0;0;0;3
asperge;0;0;0;3
asloca;0;0;0;3
ascension;0;0;1;2
arête;0;0;0;3
artillerie;0;1;2;0
articulaire;0;0;0;3
arroser;0;1;0;2
arrondir;0;0;0;3
arret;0;0;0;3
armurerie;0;0;0;3
armeniens;0;0;2;1
armenia;3;0;0;0
aride;0;0;0;3
archéologique;0;1;1;1
architectural;2;0;0;1
archaïque;0;1;0;2
archamps;0;0;0;3
aqui;2;0;0;1
apôtre;0;0;0;3
après_guerre;0;0;0;3
après_de;0;0;0;3
appétissant;0;1;0;2
appréhension;0;0;0;3
approvisionnement;0;0;0;3
apprivoiser;1;0;0;2
appliqué;0;0;0;3
appenzell;0;0;0;3
aplomb;0;0;0;3
apeller;0;1;0;2
apart;0;0;1;2
apaisement;0;0;0;3
antiraciste;0;0;0;3
anticapitaliste;0;1;0;2
anti_aérien;0;0;0;3
anthropocène;0;0;1;2
anorexie;0;0;0;3
anneau;0;2;0;1
ann;0;1;0;2
animaliste;0;0;0;3
animaleries;0;1;0;2
angélisme;0;0;0;3
anglo_saxon;0;1;1;1
andropause;0;0;0;3
android;0;2;0;1
andalousie;0;0;1;2
ancienneté;0;0;2;1
anciennement;0;1;0;2
anche;2;1;0;0
ananas;0;1;0;2
analogie;0;0;1;2
amsterdam;0;0;0;3
amortir;0;0;0;3
amnésique;0;0;1;2
aminé;0;0;0;3
amina_nour;0;0;0;3
american;0;1;0;2
amendés;0;0;0;3
ambigu;0;1;0;2
ambassadeur;0;0;2;1
ambassade;0;0;1;2
amazone;0;1;0;2
amant;0;0;1;2
alu;0;2;0;1
altruiste;0;1;0;2
alternance;0;0;0;3
altercation;0;0;1;2
alpiniste;0;0;0;3
allumé;0;0;1;2
allumeur;0;0;0;3
allonger;0;0;0;3
allaiter;0;0;0;3
alignement;0;0;1;2
aliens;1;2;0;0
alice;0;1;0;2
algo;0;0;2;1
alger;0;1;0;2
alexandrina;0;0;2;1
aled;0;1;0;2
ale;1;0;0;2
alcohol;0;0;0;3
airpods;0;0;0;3
airlines;1;0;0;2
ahhhhh;1;0;0;2
ahahahahaha;1;1;0;1
ahahahahah;0;3;0;0
agréer;1;0;0;2
agro;0;0;0;3
agresses;0;0;1;2
ago;1;0;1;1
agile;1;1;0;1
aggressions;0;0;2;1
afro_américain;0;0;0;3
africa;1;0;1;1
affront;0;0;0;3
affilé;0;1;0;2
affabulez;0;0;0;3
adoptant;0;0;1;2
adooore;3;0;0;0
admission;1;0;0;2
admirateur;0;0;1;2
adjacent;0;0;2;1
adhérent;1;0;0;2
addor;0;0;0;3
ad;1;0;0;2
actu;0;0;0;3
acrobatique;1;0;0;2
acheminer;0;1;0;2
ace;0;0;2;1
accusateur;0;0;0;3
accoster;0;0;0;3
accomplissement;0;0;1;2
accompli;0;0;0;3
accointance;0;1;0;2
acclamer;0;0;1;2
acabit;0;0;2;1
abstentions;0;1;0;2
abstention;0;0;0;3
aboutissant;0;1;0;2
abonder;0;0;0;3
abnégation;2;0;0;1
ablation;0;1;0;2
abdos;1;1;0;1
abattage;0;0;0;3
abaissement;0;0;0;3
ab;0;0;0;3
aaaaah;2;0;0;1
a_fortiori;0;0;1;2
9e;0;0;0;3
80km;0;0;0;3
80ans;0;0;2;1
7ans;0;0;0;3
70s;1;1;0;1
6h30;1;0;0;2
6b_655;0;0;3;0
5m;0;1;0;2
5j;0;0;0;3
50km;0;0;0;3
50chf;0;0;0;3
500k;0;0;0;3
4l;0;1;0;2
4e;1;0;0;2
400k;0;0;0;3
3m;0;1;0;2
3ans;0;1;0;2
322septies;0;0;0;3
2min;0;1;1;1
25mio;0;0;0;3
21e;0;0;0;3
20ème;0;0;0;3
20km;0;0;0;3
20k;0;0;0;3
200k;0;0;0;3
200frs;1;2;0;0
200chf;0;0;0;3
1re;0;0;0;3
1mio;0;0;0;3
19h30;0;0;1;2
18h;0;1;0;2
15k;0;1;0;2
14ans;0;1;0;2
10ème;1;1;0;1
10km;0;1;0;2
100x;0;0;0;3
100km;0;0;0;3
100k;1;0;0;2
100ans;1;0;0;2
0h0;0;1;0;2