emji_visage_riant_aux_larmes;39;1789;95;33;41;181;136;46;227;228
aller;12;126;260;173;39;708;322;95;695;509
suisse;31;90;182;139;126;1016;254;49;448;437
voir;5;64;214;122;13;352;198;74;724;519
parler;2;27;239;45;105;237;108;70;274;419
pays;10;16;268;45;53;341;125;28;268;244
gens;2;16;104;95;29;283;122;29;469;282
monde;5;30;164;37;8;286;106;39;489;187
emji_applaudissements;298;52;41;30;12;63;29;14;107;69
prendre;3;25;79;49;9;287;156;39;219;263
enfant;2;22;199;26;9;233;73;89;246;114
mettre;1;20;95;48;11;205;155;37;313;168
payer;0;11;31;25;3;766;64;32;30;31
emji_visage_qui_pleure;183;51;61;17;6;75;40;16;130;48
femme;4;4;61;13;3;86;13;433;142;175
comprendre;2;26;71;42;26;138;64;37;233;342
penser;2;26;66;32;10;158;87;41;316;224
passer;1;25;105;46;15;177;118;23;283;147
problème;0;14;42;30;9;187;101;39;175;285
chose;3;14;66;37;10;108;59;34;381;175
temps;4;16;57;25;12;157;95;38;300;124
emji_se_rouler_par_terre_de_rire;3;282;12;15;2;47;23;1;45;34
vraiment;5;37;55;19;5;112;78;25;344;125
droit;1;3;115;180;8;71;23;40;105;187
emji_visage_souriant_avec_yeux_en_forme_de_coeur;393;13;3;0;0;15;17;0;40;12
rester;4;18;59;31;15;208;99;51;166;140
arrêter;0;17;156;46;6;143;86;23;164;133
vie;5;14;42;22;10;258;66;31;204;125
police;5;11;60;403;0;16;24;12;106;85
grand;13;19;55;21;5;246;112;28;157;118
vrai;4;31;81;26;9;107;85;30;144;238
donner;0;10;65;27;12;135;38;36;236;194
emji_coeur_rouge;377;13;26;4;3;25;15;6;87;17
venir;0;19;78;54;15;154;75;14;209;113
travail;9;7;17;51;11;307;53;36;129;91
homme;4;10;41;22;1;42;7;340;80;122
jour;2;15;73;19;10;125;159;30;153;82
trouver;2;12;47;26;7;181;60;32;218;127
état;1;3;196;27;1;173;31;7;68;112
vivre;1;10;49;10;17;154;53;20;240;86
fois;1;15;66;22;13;120;68;23;198;107
commentaire;3;34;27;21;13;27;17;24;144;347
demander;0;8;69;69;14;115;47;31;129;137
emji_mains_levées;306;10;19;6;6;17;15;5;36;30
seul;2;10;86;34;3;119;69;43;128;131
cas;1;7;46;39;4;121;53;36;111;202
année;1;24;54;13;3;245;102;16;91;80
palestinien;5;2;547;6;0;6;0;2;10;18
israël;1;4;541;1;0;7;0;1;8;15
riche;1;10;5;1;1;448;31;2;22;41
question;0;7;39;19;2;78;41;11;54;331
petit;4;16;47;23;7;144;88;11;149;89
france;0;26;21;26;11;224;67;6;93;103
guerre;1;13;393;11;0;33;20;10;46;37
argent;0;14;29;8;1;390;33;7;53;40
emji_feu;240;18;24;6;1;20;16;3;48;16
politique;1;3;60;20;6;71;22;9;59;292
accord;3;14;108;8;9;101;44;14;79;125
laisser;0;5;54;30;4;87;58;11;235;50
partir;1;7;33;26;7;183;49;9;74;133
sentir;3;8;32;14;8;61;43;18;174;161
devenir;0;8;22;23;11;157;61;21;109;115
besoin;5;9;27;32;9;159;47;12;110;103
place;1;2;39;21;7;94;68;12;104;98
palestine;76;3;248;33;3;12;7;1;58;49
hamas;0;5;418;1;0;1;2;0;10;11
travailler;0;8;8;9;10;292;23;15;50;40
français;0;20;17;4;88;136;34;6;77;82
connaître;2;15;36;14;15;50;33;14;99;206
peuple;2;4;175;22;3;71;16;4;56;109
continuer;6;4;121;18;4;93;54;9;82;78
changer;2;9;25;15;0;90;58;13;190;66
raison;1;14;47;24;10;60;43;25;146;92
manifestation;0;4;59;307;0;6;5;3;21;25
arriver;0;11;36;15;12;125;40;6;143;63
etc;0;2;37;12;1;120;85;15;73;63
humain;4;2;66;16;0;32;40;6;182;94
plutôt;0;9;37;14;5;88;39;16;84;152
rendre;2;14;80;19;6;57;43;16;113;85
utiliser;0;4;59;19;0;75;66;6;31;161
gauche;1;18;29;18;2;39;24;4;24;256
sujet;1;7;17;11;3;26;17;15;52;271
moment;2;12;46;29;4;66;27;11;180;45
cause;1;3;62;41;2;60;55;13;69;108
population;0;2;89;25;1;119;35;8;54;82
impôt;0;5;4;2;1;354;4;3;7;12
exemple;1;3;28;16;5;92;57;17;90;96
beau;17;18;11;7;8;51;28;14;218;44
part;0;6;42;23;8;118;23;9;76;107
paix;13;17;242;21;0;11;5;5;47;28
aimer;11;22;22;15;3;43;23;9;200;55
coup;1;10;38;23;5;78;44;21;94;97
emji_visage_souriant_avec_une_goutte_de_sueur;3;189;11;7;3;38;23;6;47;32
entreprise;0;1;8;1;0;290;32;0;15;23
genre;0;11;14;13;2;35;23;18;139;145
droite;0;6;25;9;2;39;12;3;12;272
gaza;3;4;333;9;1;11;4;0;10;11
compte;0;7;32;13;8;80;22;10;105;114
tellement;6;36;18;12;2;35;24;6;210;41
lire;2;12;25;17;6;26;10;11;60;219
ca;1;21;34;12;1;58;29;6;149;55
violence;0;0;36;75;0;6;1;43;69;130
social;0;5;10;9;1;161;15;17;59;105
importer;1;19;33;17;8;34;38;6;119;105
emji_visage_qui_pleure_à_chaudes_larmes;16;154;4;2;0;4;7;1;5;4
société;0;2;16;6;1;100;19;20;74;143
manifester;1;6;63;232;0;13;4;1;23;25
permettre;0;1;25;23;18;99;58;9;62;87
niveau;1;6;4;2;50;76;36;11;62;99
famille;11;6;59;19;6;78;20;26;134;24
système;0;0;6;5;2;184;42;8;47;70
emji_visage_avec_bouche_ouverte;16;4;10;2;0;10;9;3;13;11
article;2;6;32;24;4;36;22;3;21;218
rts;5;8;55;14;3;15;13;0;38;219
salaire;0;6;1;0;0;305;0;13;8;14
idée;3;25;14;5;3;68;29;11;61;150
exister;3;6;55;10;9;50;44;9;59;119
aider;1;7;30;19;0;103;12;7;120;56
sûr;1;26;29;15;2;59;28;10;84;111
loi;0;2;29;69;9;52;18;11;52;113
armée;0;2;124;7;0;46;15;53;56;51
public;0;1;30;43;3;127;30;1;29;90
moyen;0;5;48;15;5;129;36;5;58;53
commencer;1;8;57;22;2;54;20;20;110;58
tuer;0;5;192;9;1;17;25;18;36;38
regarder;0;12;18;15;1;57;36;14;100;93
cher;1;17;8;3;4;183;91;2;15;24
partie;2;4;42;17;5;86;31;12;30;121
soutenir;1;1;127;16;2;50;13;15;43;78
faux;0;10;42;16;1;31;20;7;28;188
premier;2;8;41;13;6;65;41;4;58;106
lieu;0;2;36;16;2;72;39;10;89;85
histoire;4;15;60;6;2;24;7;6;77;144
genève;2;17;12;13;5;107;135;0;23;18
sortir;1;13;32;15;2;60;22;15;146;44
trump;1;13;114;4;1;58;14;4;44;80
génocide;0;2;278;12;0;7;0;0;14;24
défendre;0;8;106;22;1;47;11;8;53;80
israélien;0;3;315;1;0;6;0;0;1;8
perdre;1;4;26;6;1;95;18;7;86;75
prix;0;9;37;2;0;194;53;2;11;17
finir;3;11;36;16;1;74;58;7;79;46
écrire;1;13;22;17;48;8;10;11;66;122
emji_mains_en_prière;145;6;18;0;1;12;6;1;44;16
attendre;5;10;42;13;7;43;20;17;87;79
emji_visage_faisant_un_clin_d_oeil;0;18;13;8;4;31;32;10;136;46
servir;1;4;29;25;2;82;23;20;55;80
mort;0;10;160;8;0;19;21;11;45;31
gouvernement;1;6;141;10;1;44;17;4;37;53
otage;4;4;274;5;0;4;1;0;3;5
montrer;0;3;37;18;2;21;15;13;66;138
emji_visage_en_pleine_réflexion;1;25;26;5;1;36;22;3;66;57
emji_drapeau_suisse;89;12;9;11;4;33;17;3;36;30
jeune;2;4;15;10;0;50;17;31;125;49
nouveau;3;8;27;6;3;68;38;19;83;56
gros;0;9;11;10;2;96;45;9;64;55
côté;0;11;34;15;1;43;42;12;115;38
simplement;2;2;26;13;4;87;31;9;30;104
service;2;1;16;11;2;107;16;51;44;43
meilleur;18;12;9;4;7;55;37;7;62;48
revenir;0;2;13;4;2;176;25;10;20;49
oublier;2;7;54;12;0;73;43;10;45;59
espérer;4;9;24;20;6;41;13;6;145;37
réalité;0;1;26;6;1;39;14;15;45;151
assurance;0;3;0;2;0;267;10;0;0;3
agir;0;1;45;31;2;33;21;9;41;114
créer;0;1;32;14;1;111;33;6;45;47
ville;5;4;16;26;3;38;102;2;37;37
emji_visage_boudeur;8;92;18;10;0;15;6;1;11;8
europe;0;1;59;6;4;43;26;7;51;36
manquer;2;8;16;10;3;59;26;12;98;58
pauvre;2;15;13;10;3;119;20;0;64;29
animal;8;5;8;3;0;13;44;4;152;25
justice;7;2;90;13;1;30;7;9;53;65
fin;1;5;49;8;2;59;18;5;74;64
respecter;0;1;75;43;4;22;37;6;34;53
santé;1;2;5;5;2;167;43;3;21;27
situation;0;2;32;17;1;36;15;11;66;101
protéger;0;1;32;65;0;26;21;23;52;56
justement;0;2;22;13;1;54;15;7;36;128
emji_visage_roulant_des_yeux;0;113;15;7;5;29;17;4;30;29
seulement;0;9;29;20;5;67;50;9;31;54
rapport;0;9;28;8;1;36;16;14;31;123
frontalier;0;7;1;1;4;174;35;1;10;21
appeler;2;11;50;14;2;30;20;2;58;77
augmenter;0;6;6;0;1;176;42;0;9;15
école;0;0;13;2;13;47;33;9;119;23
extrême;0;7;24;10;0;13;6;0;11;182
mot;1;7;48;5;9;9;4;3;53;118
normal;0;6;13;12;11;90;36;5;39;45
heure;2;7;16;26;4;39;89;6;32;24
dernier;0;6;40;15;3;34;29;6;55;71
mois;0;2;8;6;0;167;20;6;18;21
essayer;0;5;29;11;0;37;21;2;100;55
policier;1;0;19;147;1;2;3;3;38;36
chercher;1;5;25;10;0;55;15;9;72;68
gagner;1;0;6;4;2;166;11;4;16;25
malheureusement;2;4;36;7;2;28;21;12;97;50
terroriste;1;0;221;2;0;1;0;1;6;7
solution;0;2;32;7;0;61;30;8;62;43
liberté;2;5;20;24;0;15;10;6;36;116
civil;0;1;173;6;0;14;2;18;16;11
canton;0;6;3;10;6;126;50;1;11;21
étranger;0;2;18;3;17;72;13;6;30;78
pire;0;7;37;5;4;16;51;2;71;33
manière;0;2;16;19;2;37;21;5;36;106
expliquer;0;7;30;10;0;59;17;6;20;94
argument;1;9;15;6;0;23;9;10;26;143
emji_drapeau_territoires_palestiniens;108;0;34;1;0;2;1;0;2;1
aide;0;3;59;11;1;63;13;7;51;33
simple;1;5;18;11;7;63;23;3;49;59
apprendre;0;1;13;4;47;13;11;10;81;53
triste;5;8;20;9;0;20;9;4;144;16
international;1;0;108;39;2;19;15;1;15;32
ouvrir;0;2;24;10;3;38;17;3;85;52
étude;0;2;2;1;4;84;14;8;19;96
honte;0;11;35;15;2;28;7;5;102;26
bas;0;12;18;8;3;94;16;7;33;36
acheter;1;7;13;1;1;62;114;2;18;9
possible;2;3;22;8;3;70;28;7;49;40
propre;0;3;20;7;6;39;21;5;71;61
avis;0;6;11;11;6;15;4;6;57;109
façon;1;7;18;12;1;35;28;10;64;50
voter;3;2;6;2;3;53;8;6;27;111
terre;1;3;92;5;1;22;26;6;41;22
sécurité;0;3;23;47;0;54;15;9;33;42
interdire;0;4;12;30;4;14;65;4;44;35
mauvais;0;4;13;6;2;30;25;10;57;70
voiture;2;7;2;4;0;21;168;1;7;1
super;5;26;8;4;6;56;33;5;42;33
choix;3;2;14;7;0;59;16;41;45;31
initiative;5;3;6;2;6;67;6;11;35;78
égalité;1;5;1;2;0;16;3;128;3;39
respect;8;2;27;15;4;6;4;11;116;24
répondre;0;4;19;4;2;13;21;4;24;121
foutre;3;11;22;17;1;38;10;3;97;18
terme;0;0;30;7;1;24;12;4;38;87
mériter;9;4;28;10;4;55;5;4;49;35
équipe;4;6;0;1;0;15;3;1;31;3
majorité;0;1;17;4;4;62;25;12;24;70
important;0;2;14;10;1;38;18;12;79;44
sembler;0;1;26;11;2;42;23;4;26;80
victime;3;2;66;5;0;14;2;26;49;46
taxe;0;3;2;0;0;172;6;5;2;6
entendre;0;8;31;9;3;20;12;6;81;40
risque;0;5;7;12;0;63;42;4;27;48
classe;3;6;2;1;3;156;7;1;14;13
également;1;1;30;7;5;52;34;8;23;45
israel;0;1;188;1;0;0;1;0;4;2
feu;1;3;95;17;0;6;44;1;31;12
pareil;1;8;9;7;2;39;46;8;45;45
manifestant;1;3;42;149;0;1;1;0;3;6
maladie;1;1;1;0;0;174;13;2;5;8
occuper;0;3;40;6;2;51;17;8;61;16
baisser;0;2;1;1;0;168;21;1;1;5
absolument;2;4;17;6;1;33;9;8;42;86
nombre;0;0;25;16;2;57;35;7;15;27
manger;0;3;2;2;0;25;133;1;12;14
taxer;0;1;0;0;1;163;8;0;3;13
nouvelle;8;13;15;3;0;69;16;5;40;30
effet;0;7;3;11;1;32;59;9;30;46
arme;1;3;87;12;0;20;11;3;29;32
emji_visage_avec_des_symboles_dans_la_bouche;0;58;1;2;0;1;3;0;4;2
crime;0;0;148;5;0;7;1;3;9;19
poser;0;4;11;4;2;26;16;3;21;117
exactement;7;4;19;3;3;32;7;7;49;76
base;2;4;13;7;8;61;10;4;17;78
éviter;0;4;13;4;1;44;33;3;32;66
valoir;4;13;18;4;8;57;19;8;38;32
retrouver;0;2;16;8;1;41;29;8;58;27
suivre;0;4;22;13;0;38;13;2;30;79
parent;1;3;2;5;3;63;11;17;65;22
langue;1;5;1;1;153;6;1;2;6;3
source;1;1;22;2;2;28;19;1;7;107
info;3;13;21;8;0;22;21;2;20;84
citoyen;0;0;13;32;5;33;8;8;39;59
eau;1;3;8;26;1;7;125;1;7;6
train;0;6;19;3;1;33;98;3;19;14
suffire;0;2;17;8;5;48;27;2;38;52
rue;0;2;34;52;2;11;24;4;45;23
jouer;3;3;9;4;2;24;13;9;62;47
garder;0;1;13;8;1;62;23;14;40;32
représenter;2;3;25;4;2;38;19;3;14;65
préférer;0;7;19;5;1;69;13;7;43;34
groupe;0;2;58;22;0;16;9;3;23;41
reconnaître;3;4;90;6;2;9;4;3;30;39
face;0;2;29;14;1;16;6;7;42;71
profiter;0;2;8;6;1;109;14;4;27;20
couper;2;3;4;1;0;53;17;3;32;21
clairement;0;3;22;11;2;25;10;6;54;55
ultra;0;3;4;3;2;117;22;2;9;18
oeil;1;5;31;17;1;9;10;3;101;15
haine;0;2;61;12;3;9;2;5;35;60
média;1;2;35;9;1;8;3;0;12;116
courage;43;11;20;4;2;14;8;9;57;18
réponse;0;7;16;8;1;13;3;1;25;109
peur;0;9;17;10;1;24;12;4;74;36
européen;0;3;36;8;3;27;10;2;27;33
imaginer;1;6;11;3;2;49;25;4;53;35
fortune;0;3;2;2;0;153;4;1;7;7
ia;0;7;3;1;2;29;8;2;17;103
logique;0;5;14;12;8;40;23;2;21;58
journée;2;8;7;0;0;24;16;25;82;18
concerner;0;0;11;2;1;58;16;2;39;53
choisir;0;4;12;4;0;28;14;15;53;49
mdr;0;19;12;14;3;26;13;6;70;17
détruire;0;4;46;21;1;26;24;2;29;28
vidéo;0;4;31;13;1;5;6;1;21;94
peine;0;2;23;3;5;30;11;10;69;29
intérêt;0;1;21;8;2;29;11;2;22;77
information;1;8;29;8;0;10;5;15;20;81
franchement;1;7;6;9;0;35;14;5;86;17
facile;0;2;6;7;6;41;11;9;57;38
casser;0;3;22;101;0;15;17;3;7;13
semaine;0;2;13;4;7;40;49;8;33;16
traiter;0;3;40;9;3;15;7;12;35;54
long;0;3;10;1;2;46;12;4;64;35
économique;0;1;10;1;2;74;22;7;11;42
économie;0;0;1;2;0;123;28;0;3;19
chiffre;0;4;9;6;1;66;12;7;16;53
accepter;0;2;23;9;2;45;10;7;46;30
uniquement;0;1;19;9;1;32;26;8;30;53
toucher;0;6;10;2;0;73;28;4;22;32
fédéral;0;1;13;31;2;48;3;4;12;57
financer;0;2;39;0;0;100;6;0;7;21
démocratie;1;5;34;16;0;6;1;2;13;92
moyenne;0;0;1;0;0;132;18;2;1;10
haut;2;1;8;3;3;60;26;5;34;30
faute;0;6;14;24;5;34;12;3;35;42
rappeler;0;5;17;19;3;20;16;4;34;61
humanité;5;1;58;1;0;14;4;2;58;29
soutien;14;0;78;20;0;15;6;5;15;21
maison;2;3;22;6;3;40;34;9;44;10
dur;0;6;18;1;4;60;25;5;36;16
udc;0;12;6;1;15;13;2;2;5;112
chance;3;8;8;6;0;52;21;8;39;17
tête;0;11;12;6;2;21;13;4;74;30
route;0;4;2;9;0;8;127;1;11;5
marcher;1;5;14;16;3;19;14;4;73;23
lausanne;1;10;4;12;1;15;85;1;27;13
emji_visage_souriant_avec_coeurs;56;5;0;0;0;5;5;0;14;8
contraire;0;2;18;14;3;29;7;6;24;68
voler;1;5;40;7;1;28;17;4;31;28
souhaiter;6;4;15;1;1;40;6;4;61;30
plaindre;1;6;7;12;0;26;8;12;70;25
image;0;0;28;10;1;18;7;3;25;76
valeur;1;3;16;5;0;33;6;5;28;72
truc;0;2;6;8;1;34;10;3;42;60
nom;1;4;40;8;4;19;14;4;33;33
fou;0;5;22;8;1;13;10;3;73;29
fonctionner;0;3;7;6;2;72;22;2;12;40
but;1;3;30;12;2;32;11;4;30;39
main;2;1;28;6;1;31;25;2;45;20
magnifique;91;7;6;3;3;15;14;4;16;10
juif;0;0;143;0;0;0;0;0;3;3
différence;0;0;13;9;2;47;20;14;17;38
offrir;0;2;8;7;4;74;18;2;17;24
minimum;0;1;7;7;16;76;10;3;17;27
user;1;2;36;8;0;53;6;5;19;32
réel;1;6;9;6;0;22;15;6;17;80
propos;0;2;16;3;2;6;1;4;20;112
massacre;0;1;98;0;0;1;1;0;8;4
cours;0;2;19;4;8;28;12;5;44;41
commettre;0;1;115;8;0;3;5;9;6;17
mesure;0;2;10;11;1;41;18;3;11;66
bref;0;4;13;9;3;27;15;5;37;51
blanc;0;5;15;8;2;8;14;8;22;68
autoriser;0;3;7;118;0;8;13;1;5;4
tomber;3;7;14;7;0;26;15;3;56;28
remettre;0;2;12;6;0;21;18;13;30;56
fait;0;0;10;8;1;14;8;3;4;107
milliard;0;4;6;1;0;99;32;0;1;3
coût;0;1;1;2;0;132;10;1;5;7
corps;0;3;36;4;1;11;23;10;38;17
caisse;0;2;0;0;1;133;10;0;0;4
prison;0;3;61;12;1;6;14;6;30;20
preuve;0;7;16;9;1;9;9;1;19;83
vendre;0;3;18;0;1;49;53;3;18;11
tenir;0;6;32;8;1;14;7;7;42;40
produire;0;3;5;3;3;32;80;3;11;14
pro;0;5;81;11;0;12;3;1;13;23
meme;2;1;13;3;4;32;10;2;62;18
totalement;0;1;11;7;0;26;20;3;30;58
physique;0;2;2;0;1;7;57;3;11;69
libre;2;2;19;9;0;23;10;3;64;23
ami;3;4;16;0;6;29;13;5;59;17
écouter;1;5;8;2;1;9;7;5;59;54
recevoir;0;0;21;8;4;49;10;6;21;29
allemand;0;4;5;0;91;8;7;1;7;10
militaire;0;0;43;5;0;25;6;29;14;23
empêcher;0;1;15;18;2;23;11;7;23;48
débat;0;2;8;0;3;10;11;5;37;73
américain;0;3;24;2;0;35;14;1;18;30
accueillir;1;0;29;4;3;41;8;4;47;5
sauver;0;3;13;6;0;62;12;5;33;12
refuser;0;0;31;9;2;43;5;4;17;41
privé;1;1;5;4;2;72;21;2;8;27
mondial;0;3;14;4;0;31;36;3;19;17
culture;0;1;10;1;6;18;7;5;33;63
complètement;1;3;18;8;1;14;14;5;22;62
réfléchir;0;2;5;8;0;23;7;4;62;40
raciste;0;2;8;6;2;5;3;1;13;105
envoyer;0;6;22;6;0;27;18;3;53;10
poste;0;4;4;2;0;83;5;4;16;19
charger;0;1;9;4;0;59;10;20;19;19
cacher;0;4;27;22;0;14;7;3;26;40
banque;1;5;3;1;1;117;5;2;1;0
époque;0;4;14;5;4;15;15;3;58;29
prochain;0;6;7;6;0;18;10;0;83;17
grave;1;2;26;8;2;19;9;2;28;50
emploi;0;1;1;0;0;124;6;2;6;2
type;0;3;9;3;1;23;17;1;17;72
total;2;1;28;11;1;26;23;6;20;28
résultat;1;1;5;8;0;34;16;2;25;45
réseau;0;1;13;6;0;13;16;2;19;74
obliger;0;0;11;9;1;34;14;36;29;13
manif;0;2;27;89;0;3;1;0;10;9
prime;1;1;0;7;0;119;4;1;3;4
actuel;1;0;18;4;2;37;25;9;21;28
énergie;2;1;2;0;0;15;90;0;5;14
porte;0;2;13;12;0;22;13;3;48;28
envie;0;2;5;5;3;29;10;7;65;19
entier;1;3;28;10;3;23;14;1;41;23
subir;0;1;41;9;0;13;11;9;25;29
mec;1;13;6;8;2;10;1;30;53;18
produit;0;0;1;0;0;23;96;0;5;5
personnel;0;0;3;3;0;46;9;8;31;36
millier;0;0;65;10;2;33;11;0;13;6
condition;0;0;17;12;1;59;18;4;11;17
effectivement;0;5;14;5;0;22;13;2;25;55
marché;0;3;3;0;0;71;37;2;12;6
difficile;0;1;13;2;7;26;8;5;37;38
criminel;0;0;78;9;0;5;2;3;20;15
responsable;0;1;24;12;0;29;5;4;16;43
partager;1;1;18;0;0;18;9;11;40;41
emji_coeur_brisé;64;8;14;0;1;4;2;1;8;4
clair;0;5;22;4;2;14;20;3;15;55
arabe;0;4;92;4;3;4;0;0;7;12
étonner;1;5;9;55;0;29;6;3;14;13
imposer;0;1;6;5;3;53;10;14;18;28
acte;0;1;49;15;0;3;6;1;15;45
unir;0;4;42;5;0;36;6;2;12;17
projet;4;4;5;5;1;42;28;1;12;31
photo;4;14;10;6;0;1;5;0;66;29
heureusement;2;11;11;10;0;8;9;2;65;17
emji_étincelles;63;7;3;0;0;1;7;1;12;7
vérité;3;6;12;5;0;9;1;2;28;62
sûrement;0;9;18;5;3;16;11;4;32;34
qualité;0;3;1;1;1;50;43;1;10;14
plaisir;3;7;3;5;2;16;10;3;72;14
musulman;0;3;102;1;0;2;1;1;7;7
justifier;0;0;36;15;0;20;6;5;15;35
journaliste;1;2;44;4;3;11;1;2;21;43
free;71;1;27;3;1;2;3;0;8;3
fermer;0;3;18;10;1;10;19;2;59;13
évidemment;0;4;12;4;3;29;9;1;16;55
sérieux;2;2;9;1;0;15;11;12;47;35
ordre;0;0;17;72;0;7;9;0;8;20
décision;0;3;13;5;0;13;11;4;26;58
réduire;0;1;1;2;0;45;50;5;2;24
obligatoire;0;1;1;4;4;29;13;61;13;3
discours;0;0;16;1;2;6;4;6;17;78
bosser;0;1;1;3;3;82;11;3;16;6
attaquer;0;1;38;22;1;13;10;2;18;24
soin;4;1;9;3;0;68;4;7;18;13
emji_visage_de_clown;0;5;15;6;1;20;2;3;9;26
décider;0;0;21;7;1;31;7;7;40;16
national;0;1;9;0;48;22;5;2;15;24
loyer;0;0;0;0;0;118;7;0;2;1
héritage;0;1;1;0;0;104;0;2;6;10
règle;0;1;4;9;3;22;13;19;24;33
renseigner;0;4;10;10;1;11;5;0;17;70
prouver;0;2;18;4;4;11;7;5;13;59
proposer;1;0;12;2;3;40;21;3;19;23
genocide;0;1;108;2;0;6;0;0;2;5
doute;2;4;15;3;2;13;15;3;24;48
cesser;0;1;103;2;0;8;3;1;4;6
air;1;5;7;5;0;10;32;2;40;25
suite;1;3;24;5;1;23;8;3;41;18
rentrer;0;1;15;10;2;30;36;1;18;15
lien;0;3;11;2;0;18;9;1;21;46
coûter;0;2;2;1;0;86;23;2;2;3
couple;0;2;1;0;0;17;2;58;15;17
content;3;7;11;1;0;19;17;3;40;26
dénoncer;0;0;51;6;0;13;1;4;15;34
blague;2;32;16;2;4;14;10;2;28;19
réussir;0;2;12;5;8;56;3;4;17;16
porter;0;2;3;13;1;11;17;11;48;20
emji_visage_qui_hurle_de_peur;2;41;7;1;0;2;4;0;4;4
coeur;9;4;12;6;0;9;7;1;61;16
bloquer;0;3;14;42;4;11;16;2;14;14
sioniste;1;4;96;1;0;1;2;0;4;10
libérer;1;0;87;1;1;6;9;6;7;4
emji_pouce_vers_le_haut;7;56;7;2;4;4;7;3;8;11
emji_colombe;82;2;9;0;0;2;3;0;7;1
augmentation;0;3;2;0;0;89;8;1;3;10
racisme;1;1;10;3;2;4;2;2;13;78
onu;0;2;91;0;0;3;5;0;9;10
action;1;1;25;11;0;13;11;2;17;40
conflit;0;1;42;6;1;11;3;5;20;31
président;2;6;32;2;2;15;3;2;21;27
participer;1;1;16;10;2;30;2;4;21;34
nombreux;0;0;17;4;0;19;16;1;16;46
limite;0;2;5;1;1;17;19;3;50;20
incroyable;6;13;7;0;2;18;7;0;54;9
danger;0;1;9;40;1;5;14;5;19;26
climatique;0;1;0;1;0;16;56;0;4;37
battre;0;0;11;4;0;19;14;25;27;18
atteindre;0;0;6;10;5;33;19;5;14;26
titre;0;3;13;8;0;11;7;5;15;56
proche;3;1;10;1;0;27;14;2;44;16
intéressant;1;6;3;3;0;25;2;0;16;66
illégal;0;0;16;67;1;7;5;2;7;10
opinion;0;0;8;5;0;3;5;1;7;92
métier;2;2;1;7;1;36;6;2;22;35
mourir;0;3;16;2;0;11;18;14;43;3
directement;0;2;10;6;0;38;23;0;18;22
billet;4;5;2;0;0;56;36;1;7;3
bcp;0;3;15;6;0;24;9;2;38;19
tourner;0;2;3;1;1;54;24;1;19;15
responsabilité;0;1;8;8;0;16;5;9;36;34
général;0;0;5;9;0;31;9;5;11;50
début;0;2;22;1;0;20;8;4;41;19
compter;0;2;10;5;1;43;22;4;14;14
violent;0;2;28;17;0;0;2;28;11;30
emji_biceps_contracté;50;1;6;4;0;5;4;2;6;3
zone;0;2;17;5;0;23;44;1;7;3
souci;0;2;3;6;0;22;8;7;36;29
régime;0;1;19;1;0;4;22;0;3;50
sud;0;1;9;0;0;1;3;0;0;3
gars;3;11;6;1;1;10;7;2;46;22
forcément;1;0;4;3;1;26;11;6;30;31
condamner;0;1;42;5;0;6;1;4;14;40
éducation;0;2;3;6;2;35;3;12;38;11
intéresser;1;3;16;3;1;19;8;6;14;41
final;0;2;5;1;3;36;14;4;21;17
différent;0;1;9;7;2;11;9;3;23;43
autorité;0;0;23;56;0;3;5;3;7;14
assumer;0;3;8;15;1;16;2;8;22;36
mode;0;5;7;3;0;6;21;7;48;14
attaque;0;1;54;6;2;11;5;2;11;19
svp;0;8;10;2;1;14;12;3;11;50
post;0;2;9;2;0;6;4;2;13;68
lier;1;0;7;1;1;31;28;1;5;36
frais;0;1;2;3;1;86;5;0;5;4
forme;0;0;5;4;0;19;12;2;22;45
conseil;0;4;7;3;2;31;1;3;22;37
commun;0;2;2;2;5;19;29;4;29;15
accès;0;1;3;11;1;36;13;10;12;20
ukraine;2;0;59;2;0;19;1;1;5;14
région;0;0;22;0;4;19;27;0;19;11
gérer;0;0;9;9;1;31;6;9;33;12
frontière;0;2;17;0;4;23;36;1;15;13
erreur;0;2;4;2;2;24;9;3;10;49
considérer;0;1;15;4;6;9;6;3;20;46
bout;0;3;11;5;0;15;6;3;64;5
vote;2;0;7;3;6;13;1;2;9;63
voisin;1;2;16;3;1;27;13;0;35;10
message;0;0;7;9;1;5;5;2;22;56
compliqué;0;1;8;4;3;19;16;2;35;17
complice;2;3;86;2;0;5;0;0;3;7
changement;0;0;2;2;0;13;32;2;19;33
franc;0;3;3;1;0;81;8;0;2;0
contrôle;0;0;16;8;0;27;23;2;11;17
assurer;1;0;4;13;2;47;4;10;9;14
appliquer;0;0;10;3;0;22;12;4;9;46
rire;1;26;7;2;3;12;6;2;24;21
retour;2;4;12;3;2;13;44;2;14;11
oser;0;4;12;5;0;11;5;7;46;13
conséquence;0;0;11;14;1;16;7;4;20;35
cest;0;3;14;7;1;13;6;5;37;9
honteux;0;11;10;5;0;12;3;1;51;11
dangereux;0;1;6;11;1;2;24;7;25;25
consommation;0;3;0;1;0;13;59;3;15;12
chf;0;2;2;1;0;68;6;0;1;14
affaire;0;2;5;10;0;24;7;2;22;31
accident;0;1;2;1;0;16;67;0;3;10
vol;0;2;7;1;0;15;30;1;12;32
voie;0;0;2;6;0;9;52;2;11;18
principe;0;0;8;5;1;27;3;4;12;44
naître;2;2;23;1;4;12;2;8;34;13
milliardaire;0;0;3;0;0;82;1;1;1;13
employé;0;0;2;4;2;77;2;0;7;11
apporter;0;2;11;0;1;18;7;1;8;57
nécessaire;0;0;5;11;2;23;16;2;10;35
local;0;2;4;1;6;30;35;2;12;13
engager;0;5;6;3;2;36;2;2;26;18
déranger;0;2;11;4;0;9;8;5;28;36
afrique;0;2;15;0;3;4;15;0;12;7
plan;0;0;49;1;0;10;7;3;14;11
livre;0;5;7;1;0;4;5;2;19;57
transport;0;3;0;2;0;38;55;0;1;5
polluer;0;6;2;0;0;13;66;0;4;6
médecin;1;1;10;2;1;65;3;0;7;5
légal;0;2;8;36;0;18;5;1;5;25
climat;0;2;1;2;1;24;42;0;7;18
bientôt;0;5;7;4;2;16;15;2;40;9
statistique;0;0;0;0;1;16;4;6;2;71
neutre;0;2;14;5;0;6;2;1;3;59
hôpital;0;0;19;1;2;59;3;2;12;4
excellent;12;15;3;0;4;22;9;1;7;25
ensemble;1;1;13;3;2;13;5;8;14;41
critiquer;0;2;8;4;1;6;3;2;17;57
chrétien;0;0;83;1;0;2;0;0;1;7
cadeau;0;1;1;0;1;70;5;0;7;7
territoire;0;1;51;2;0;16;6;0;9;10
soudan;2;0;85;0;0;1;2;1;6;3
réellement;0;1;9;9;2;23;13;1;15;25
monter;0;4;4;10;1;21;12;0;23;23
effort;0;2;4;4;3;27;8;2;33;19
retourner;3;4;21;2;1;11;6;5;40;7
protection;0;2;7;10;0;19;8;23;15;13
prisonnier;0;0;90;0;0;0;2;1;1;2
habiter;0;2;6;4;5;22;30;3;13;9
emji_visage_souriant_avec_yeux_rieurs;5;3;3;0;2;20;7;2;40;7
emji_visage_souriant_aux_yeux_rieurs;1;47;1;3;0;10;4;0;14;11
dépasser;0;0;4;3;1;44;29;0;12;6
conscience;0;0;7;3;0;9;15;2;30;32
âge;0;3;0;6;3;11;5;9;43;15
sport;2;1;2;0;0;17;31;1;31;8
retraite;0;4;0;0;0;81;1;4;6;1
gauchiste;0;5;15;4;4;10;0;0;9;51
drogue;0;0;8;0;1;16;24;3;30;14
direct;0;3;14;0;0;20;20;0;8;30
comparer;0;1;13;2;2;21;16;4;7;24
adulte;0;0;2;3;21;4;2;4;37;23
vieux;0;7;7;6;0;9;15;3;28;20
tirer;0;2;25;18;0;9;11;2;11;18
plaque;0;3;1;1;1;8;29;1;39;6
planète;0;0;6;1;0;23;19;3;35;11
octobre;0;1;77;1;0;4;2;0;4;6
conseiller;0;2;12;1;1;25;6;1;14;34
art;4;2;3;11;2;11;4;0;9;40
training;0;5;0;0;0;3;9;1;65;0
taux;0;1;0;0;0;65;9;5;5;8
quitter;0;4;6;6;1;51;2;3;12;7
présenter;0;0;9;7;0;5;9;2;15;48
perte;0;1;5;2;2;45;14;1;14;10
perso;0;1;1;1;4;22;17;4;33;13
fond;1;2;4;4;1;17;6;2;23;36
enlever;0;2;13;2;0;22;24;2;14;9
endroit;1;3;6;7;2;15;26;1;17;14
emji_drapeau_israël;15;3;38;1;0;3;1;0;3;3
soigner;0;3;16;0;0;39;3;2;18;9
origine;0;1;8;1;9;7;6;3;22;36
moitié;0;1;8;2;3;46;4;4;9;11
mentionner;0;0;11;5;1;12;8;3;6;49
inquiéter;0;3;8;1;1;21;6;2;39;11
fille;1;2;3;5;2;6;5;10;46;12
budget;0;0;2;0;0;72;6;0;3;8
adorer;21;10;5;2;1;9;11;0;21;13
adapter;0;1;0;3;2;27;36;4;13;8
fiscal;0;0;0;0;0;88;1;0;0;4
continent;0;0;4;0;1;2;1;0;4;4
pacifique;0;2;6;71;0;1;2;0;0;7
mouvement;1;1;23;13;0;4;1;2;3;43
etat;0;1;27;0;0;27;3;2;11;19
critique;0;0;9;1;1;4;5;2;8;60
courant;0;4;14;3;2;14;2;0;19;32
consommer;0;0;0;2;1;12;51;5;10;12
chine;0;4;14;0;0;11;45;0;5;8
rôle;0;1;11;10;0;9;6;4;11;40
parole;0;4;29;2;3;2;3;2;22;24
juger;0;1;24;2;0;2;1;2;22;37
investir;0;0;3;0;1;56;12;0;13;4
gratuit;0;3;2;2;0;41;21;3;7;12
actuellement;0;0;10;3;1;35;7;4;18;12
ridicule;0;3;9;2;0;13;7;3;37;15
professionnel;0;1;2;3;0;34;5;4;29;13
pousser;0;2;8;2;0;19;13;0;22;22
joli;0;5;3;3;2;10;29;1;19;14
islamiste;0;1;85;1;0;3;0;0;0;1
innocent;0;0;67;4;0;2;1;1;9;5
habitant;0;0;10;1;2;33;26;0;12;6
génération;0;4;10;0;0;30;1;3;33;9
cessez_le_feu;0;0;81;1;0;0;0;0;0;2
cash;0;3;0;0;0;66;5;0;1;2
avantage;0;0;1;1;3;54;1;2;7;16
politicien;0;0;9;1;2;25;6;0;13;34
informer;0;1;14;8;0;8;9;3;6;39
essentiel;1;2;4;10;1;25;10;2;14;21
vélo;0;3;0;1;0;0;70;0;3;0
viser;0;0;17;5;1;19;2;1;9;33
pied;0;4;7;2;0;13;31;1;22;7
noir;0;3;11;10;0;3;17;3;19;21
jeu;1;3;7;1;0;10;4;3;20;36
immigration;0;0;4;2;1;20;1;1;4;45
humanitaire;0;1;67;0;0;6;2;0;7;6
emji_visage_souriant_avec_une_larme;8;14;1;3;0;7;3;3;35;7
russie;1;0;67;0;0;2;4;0;4;8
richesse;0;0;2;1;1;68;2;1;5;7
patron;0;0;1;3;1;68;2;0;5;8
nationalité;0;0;0;0;20;5;2;1;18;39
expression;0;2;1;5;1;0;0;0;5;72
emji_mains_en_prière_peau_claire;26;7;4;2;0;4;5;0;17;4
capable;0;5;5;4;3;8;2;1;40;17
socialiste;0;4;1;0;0;40;1;1;10;24
scientifique;1;1;0;0;1;6;6;0;4;65
obtenir;0;0;6;4;11;26;5;5;6;24
membre;0;3;17;5;0;12;2;0;28;15
inutile;0;2;6;7;1;18;21;2;9;20
esprit;0;0;4;4;1;2;1;1;43;30
emji_visage_avec_des_étoiles_à_la_place_des_yeux;46;3;0;0;0;1;8;1;10;1
drôle;0;9;5;2;7;5;6;2;26;24
dieu;3;6;22;3;0;7;3;4;26;9
courir;0;3;5;0;0;17;3;2;29;24
casseur;0;0;5;73;0;2;0;0;2;3
autorisation;0;0;3;67;0;0;6;0;2;3
utile;0;1;6;5;2;15;18;0;22;17
notamment;0;0;12;6;0;21;10;3;5;30
mineur;0;0;6;10;0;5;2;7;14;38
enquête;0;3;13;3;1;2;0;0;3;51
emji_visage_festif;17;3;3;1;0;2;6;0;9;3
sorte;0;1;4;6;1;27;8;2;7;27
obligation;0;1;3;7;0;12;6;38;8;8
drone;0;2;43;3;0;13;7;0;10;6
dimanche;0;2;1;1;0;25;23;0;15;11
commerce;0;0;4;9;0;36;22;1;6;6
apparemment;0;7;6;5;1;13;13;4;12;25
organiser;1;0;31;11;0;8;6;0;12;12
etre;1;2;5;5;0;12;5;3;30;21
emji_yeux;3;16;2;1;9;3;5;1;19;10
corruption;0;3;7;0;0;15;0;1;5;48
certainement;0;4;7;7;3;14;5;1;15;28
top;3;4;2;1;0;13;9;3;34;2
recherche;0;0;4;0;2;30;6;1;15;24
prévoir;0;0;10;6;4;27;13;2;11;8
pain;0;2;0;0;0;6;55;0;2;2
objet;0;2;2;8;0;6;10;3;18;30
lol;0;9;11;4;0;11;6;3;14;23
impression;0;1;2;4;5;10;5;0;24;33
horreur;1;4;25;2;0;5;5;3;17;15
habitude;1;2;5;5;0;9;19;2;8;31
exprimer;1;0;3;9;2;0;0;5;18;40
dépenser;0;5;2;0;0;53;15;0;6;1
contrôler;0;2;22;16;0;10;13;2;10;8
centaine;0;0;27;8;0;18;9;0;14;5
capitalisme;0;4;5;1;0;31;4;2;13;24
bouger;0;1;5;6;0;15;5;0;34;17
bombarder;0;0;72;0;0;2;0;1;5;1
berner;1;7;8;35;1;10;11;0;1;6
ps;0;6;12;3;2;18;0;2;15;24
nature;3;3;6;0;1;6;16;2;35;9
mère;1;1;2;1;1;11;2;41;12;7
étonnant;1;8;12;2;0;31;6;1;8;10
vivant;1;2;15;0;0;12;9;1;29;9
supprimer;0;2;3;4;1;29;15;0;5;20
relever;1;0;6;1;0;3;8;3;14;45
finalement;1;3;7;1;0;14;6;3;30;16
emji_visage_avec_fumée_sortant_des_narines;0;35;1;2;0;5;3;0;6;4
crise;0;0;8;1;2;38;15;0;9;7
contrairement;0;5;11;0;6;12;5;3;11;24
centre;0;0;4;1;2;12;21;0;18;19
visage;1;0;7;42;0;1;2;1;7;13
ligne;0;5;9;4;0;10;25;0;6;20
largement;1;0;12;0;4;31;4;4;6;14
lancer;0;3;15;7;0;5;3;1;21;23
film;2;7;2;1;0;6;0;3;16;38
désolé;0;7;4;9;1;11;5;1;12;30
douche;0;2;1;0;0;1;18;2;45;2
brésil;2;2;12;2;0;6;7;0;12;23
amérique;0;1;7;0;0;1;0;0;2;3
présent;3;3;7;3;1;5;7;5;25;18
pleurer;0;9;11;4;2;5;4;6;35;3
plaire;1;3;6;1;0;6;6;2;17;36
organisation;0;0;30;6;0;17;4;0;7;9
hériter;0;3;0;0;0;66;1;1;3;1
heureux;1;5;5;0;1;8;5;18;28;5
financier;0;0;4;1;0;32;1;10;3;21
emji_visage_avec_un_sourire_malin;0;14;10;1;4;21;4;1;6;6
dépendre;0;1;1;2;1;22;32;0;4;11
construire;0;2;9;2;1;28;17;2;8;8
objectif;0;0;15;6;1;14;4;1;7;28
job;1;0;0;3;2;32;2;1;21;12
excuser;1;1;16;7;2;11;0;1;9;30
domaine;1;0;2;0;1;29;4;6;17;15
dirigeant;1;0;19;2;1;27;1;0;5;22
course;1;2;0;3;0;30;15;0;16;10
confondre;0;2;8;6;0;3;12;2;2;41
avancer;1;0;2;4;4;4;6;3;25;26
élevé;0;2;1;0;3;46;12;1;7;3
voix;1;0;7;7;2;0;0;3;10;46
ue;1;2;11;0;2;17;5;2;5;22
répéter;0;1;8;6;1;7;4;1;5;43
froid;0;18;8;5;1;0;27;1;7;8
connerie;0;1;3;2;3;6;3;1;45;8
campagne;0;0;0;1;0;5;17;2;7;40
bande;0;4;61;1;0;2;3;0;5;0
soir;2;7;5;3;1;5;41;0;7;5
ressource;0;0;8;2;0;30;27;1;1;8
probablement;0;1;9;1;3;12;3;1;25;20
priorité;0;1;0;2;1;37;12;3;8;9
nuit;0;2;12;4;0;3;23;1;24;6
noël;24;7;3;0;0;6;16;2;9;4
malade;0;1;4;1;0;33;7;2;16;10
logement;0;0;2;0;0;58;7;0;1;1
impossible;0;3;9;4;4;11;17;0;19;9
impact;0;0;1;4;0;26;24;2;8;12
hiver;0;7;0;0;0;2;58;0;5;1
définition;0;1;17;5;2;5;4;0;8;34
appartenir;0;1;9;1;0;28;5;1;15;14
énorme;0;1;2;1;0;34;16;0;12;8
tour;0;0;8;5;0;7;9;0;8;32
signer;0;0;36;5;0;10;2;0;6;14
sanction;0;1;45;4;0;7;0;0;7;11
pratique;0;0;4;2;3;14;18;5;17;10
new;1;3;7;1;0;6;3;0;1;2
match;1;4;0;2;1;5;3;2;21;6
marre;0;2;19;7;1;13;6;2;15;11
jeter;0;3;4;6;2;2;34;4;14;5
emji_visage_souriant_avec_yeux_plissés;0;11;1;1;6;3;0;2;16;7
contribuer;1;1;7;0;3;33;2;4;5;19
confirmer;2;4;13;2;3;13;5;1;5;27
carte;0;1;6;4;0;30;8;3;8;7
réagir;0;1;7;3;1;2;15;0;13;30
rouler;0;3;2;0;0;8;55;0;2;2
quotidien;0;0;8;0;1;6;14;2;21;22
père;0;2;3;0;1;12;1;37;7;8
prêt;1;3;3;6;2;24;8;0;14;14
phrase;0;1;7;0;4;6;2;2;14;38
nation;0;1;18;0;0;10;6;0;11;9
futur;0;1;2;1;1;20;8;1;31;10
déclarer;0;1;19;7;1;11;4;1;0;23
comportement;0;0;3;6;0;4;7;4;20;30
cadre;0;0;10;9;0;23;2;0;12;19
achat;0;0;5;0;0;48;12;0;1;6
réjouir;0;7;14;1;0;8;2;2;22;18
nourrir;0;2;7;2;2;17;10;0;14;18
mensonge;0;3;33;4;1;6;1;0;4;18
fier;16;5;7;0;2;4;3;3;13;16
décennie;0;1;23;1;0;10;6;2;11;16
combat;1;1;11;1;0;6;1;6;35;12
chômage;0;1;0;0;0;66;0;2;1;2
arranger;0;1;4;2;0;20;4;7;10;23
accuser;0;0;35;3;0;6;5;2;8;13
visiblement;0;0;2;1;0;10;2;2;22;32
terrain;0;1;7;3;2;11;3;0;38;5
site;0;0;4;0;1;24;13;0;9;17
réveiller;0;2;7;3;0;22;6;2;20;11
remplir;0;0;3;3;1;21;17;1;10;15
poche;0;1;1;2;0;51;2;1;7;8
mener;0;0;13;4;1;15;3;3;9;24
espace;0;1;5;11;0;4;25;1;20;4
camp;0;0;30;2;0;4;5;0;14;15
bonjour;0;1;8;2;0;10;5;0;8;37
balle;0;2;20;12;0;11;10;3;6;6
affirmer;0;0;14;3;0;10;5;0;6;33
p;2;1;8;1;1;4;9;5;22;14
milieu;0;5;5;2;1;13;5;2;26;10
fumer;0;3;1;0;0;2;40;1;13;6
fameux;0;4;13;0;1;15;4;0;4;27
emji_drapeau_sénégal;39;0;0;0;0;0;0;0;1;0
disparaître;1;1;4;1;0;19;16;2;16;8
cerveau;0;2;8;0;2;6;4;3;28;16
avenir;0;1;4;0;0;18;5;0;16;26
soldat;1;0;50;1;1;5;1;0;4;7
revoir;1;0;8;3;1;10;4;9;14;18
minorité;0;1;3;7;1;10;1;3;3;38
matin;0;3;3;0;1;4;50;0;4;6
inviter;0;0;11;7;0;11;4;3;6;28
encourager;0;0;11;1;0;15;5;4;18;17
emji_visage_envoyant_un_bisou;1;7;10;1;2;5;3;4;29;6
emji_applaudissements_peau_claire;23;2;1;0;0;4;2;1;6;3
développer;0;0;2;0;0;9;25;0;15;14
communauté;1;0;18;2;3;7;2;0;13;23
chaud;1;4;3;2;0;9;29;2;9;9
boulot;0;2;3;6;1;20;1;4;30;3
ancien;1;0;11;0;0;26;12;2;8;7
volonté;1;1;15;3;1;5;2;0;18;22
vaud;0;1;0;1;1;36;15;1;5;7
travailleur;0;0;0;1;0;53;3;1;3;5
traitement;0;1;15;3;0;10;4;4;13;19
siècle;1;3;14;0;2;4;6;1;14;21
reprendre;0;0;25;3;1;5;4;2;14;16
occidental;0;0;29;0;0;5;3;3;11;17
emji_mains_en_prière_peau_moyennement_claire;45;1;0;0;0;1;4;0;3;2
déplacer;0;1;6;1;0;16;32;1;5;6
dégât;0;1;5;39;0;9;7;0;3;5
degré;0;6;0;1;1;2;16;0;24;13
bizarre;0;3;21;3;1;9;6;1;7;17
us;0;0;10;2;0;27;4;0;11;13
supporter;0;5;10;7;1;12;3;1;29;0
reposer;4;1;10;2;0;10;20;4;8;9
remplacer;0;2;2;0;1;22;25;1;3;13
passage;0;3;5;5;2;9;28;2;3;11
paraître;0;2;3;1;1;6;4;2;19;28
hypocrisie;0;2;21;1;0;5;7;3;12;16
emji_tête_qui_explose;1;19;1;0;0;6;6;3;4;3
discuter;0;0;2;3;1;6;0;4;19;33
cool;1;14;5;1;1;2;14;0;23;7
constater;0;1;1;6;2;5;11;2;6;33
confort;0;0;2;2;0;2;33;1;18;9
chien;0;4;5;2;1;3;7;3;38;3
avance;0;0;6;7;0;4;3;2;33;10
voyage;2;0;2;0;2;13;28;0;11;6
vitesse;0;0;2;1;0;2;50;4;1;7
unique;0;2;3;0;0;42;3;0;6;9
sérieusement;0;5;6;5;2;7;5;0;19;18
profil;0;7;4;0;1;3;1;1;14;37
ménage;0;1;1;2;0;32;3;10;6;7
magasin;0;2;1;3;0;22;33;0;3;3
liste;0;1;8;3;0;9;2;0;6;32
internet;1;3;2;1;1;8;12;0;14;26
individuel;0;0;0;0;0;7;7;1;28;25
h;0;0;6;0;0;4;42;1;6;5
formation;0;0;0;0;0;36;2;3;14;11
fondamental;0;0;3;35;0;7;2;0;6;13
emji_visage_avec_un_léger_sourire;0;2;20;2;2;9;6;0;13;10
emji_homme_qui_hausse_les_épaules;0;3;34;1;0;4;2;0;7;6
doigt;0;3;4;3;0;8;6;0;37;5
avion;0;1;1;0;0;9;49;0;2;1
vêtement;0;0;1;0;0;4;40;0;12;3
tranquille;0;1;3;2;0;2;9;0;46;2
forcer;1;0;15;2;0;8;7;12;11;8
foot;1;5;0;0;1;1;0;0;46;3
couvrir;0;0;5;7;0;28;2;2;11;11
coupable;0;0;22;5;0;3;1;4;12;18
confiance;0;0;12;6;0;7;4;0;3;33
artiste;1;1;0;2;1;11;7;1;20;15
ajouter;0;0;2;3;0;16;14;7;6;15
vacance;0;1;1;0;1;35;16;1;6;2
pression;0;0;9;3;0;18;7;5;17;5
pensée;5;0;4;1;0;5;3;1;27;20
papier;0;0;1;3;4;20;2;7;12;12
morale;1;0;19;0;0;8;7;1;6;23
minute;0;0;3;3;2;3;26;3;13;11
lutte;1;0;12;1;0;5;4;2;9;30
individu;0;0;2;7;0;9;4;0;8;35
frapper;0;0;28;6;0;6;3;2;6;11
fonction;0;1;4;6;2;10;10;1;1;28
flic;0;3;3;44;0;0;2;0;7;5
finance;0;1;19;2;0;21;4;0;10;8
souvenir;3;4;15;1;1;3;3;2;18;13
rip;44;2;2;0;0;1;3;1;10;2
relation;0;0;5;0;0;5;2;12;20;18
précis;0;2;8;7;0;6;3;0;4;34
problématique;0;0;0;2;0;9;5;3;9;32
position;1;1;15;1;0;4;1;0;6;36
nourriture;0;0;8;5;0;16;32;0;2;1
mentalité;1;2;2;1;0;8;2;0;41;7
matériel;0;0;9;10;0;4;23;0;1;16
investissement;0;1;3;0;1;49;2;0;1;3
habiller;0;0;1;3;0;6;5;0;45;1
démontrer;0;0;5;4;3;14;5;0;0;34
dos;0;3;6;3;0;31;4;1;5;9
crier;0;0;16;4;0;5;2;3;26;9
confédération;0;0;6;3;0;34;1;0;3;6
citer;0;0;7;2;0;9;2;1;4;39
énormément;0;0;3;3;0;23;12;1;13;9
ukrainien;0;0;20;1;4;13;1;0;10;12
tenter;0;1;6;4;2;5;3;1;17;25
souffrir;0;1;6;3;0;17;4;0;28;4
retirer;0;0;14;0;2;8;10;1;18;9
raconter;0;4;11;1;2;5;0;1;5;34
etait;0;3;8;4;1;6;7;3;23;3
emji_visage_de_geek;1;44;2;2;0;2;2;1;6;2
congo;0;0;56;0;0;0;2;0;1;0
concret;0;1;5;2;0;11;3;2;8;31
collectif;1;1;4;4;0;9;2;2;13;27
annoncer;0;2;8;26;0;12;1;2;6;7
échange;0;1;7;0;0;18;4;1;14;14
véhicule;0;0;0;1;0;8;43;0;1;7
ubs;0;2;4;4;0;45;0;0;2;2
prétendre;1;0;10;1;5;4;1;1;3;36
parfaire;3;15;0;0;0;11;2;11;10;7
mentir;0;3;7;5;2;7;2;2;4;29
masse;0;0;10;0;1;11;18;1;4;16
installer;1;1;6;1;0;23;10;2;6;10
goût;0;9;3;0;0;2;18;0;23;6
engagement;3;0;19;2;0;6;1;2;17;13
emji_tête_de_fou;1;12;0;2;0;8;3;2;20;3
diminuer;0;0;2;2;1;33;9;0;5;7
commenter;0;2;6;1;2;0;0;0;9;43
étudiant;1;0;1;0;0;44;1;0;3;6
qualifier;0;0;12;2;0;4;1;1;4;9
idéologie;0;1;8;0;1;2;3;1;7;38
foyer;0;0;8;0;0;10;1;22;11;8
faible;0;0;6;0;0;24;15;1;2;8
facilement;0;0;2;1;0;23;6;2;9;18
espèce;0;1;2;0;0;3;13;2;22;15
emji_visage_qui_rougit;2;21;4;1;0;5;3;1;4;0
emji_visage_pensif;2;4;7;19;0;5;1;0;12;0
choquer;0;2;4;12;0;5;3;1;5;25
blesser;0;1;6;25;0;4;5;2;12;5
acteur;3;4;3;2;0;6;2;0;15;25
égal;0;1;3;0;0;14;4;21;7;7
ya;0;2;5;5;0;9;3;1;24;8
usage;0;0;3;20;0;4;14;1;7;8
stop;0;1;16;0;1;6;9;2;9;5
sol;0;0;6;8;0;4;23;1;7;5
scandale;0;0;6;7;0;11;2;2;25;6
réflexion;1;1;2;1;1;4;3;0;11;36
principal;0;0;8;4;1;15;9;1;0;23
neutralité;0;1;21;4;0;1;1;0;7;23
naturel;1;0;2;0;0;9;29;2;12;5
limiter;0;0;2;2;4;13;16;1;3;18
historique;0;0;9;1;1;7;3;0;2;38
gueule;0;10;7;2;0;7;1;4;26;2
emji_tête_à_l_envers;0;1;2;0;0;18;8;1;17;8
emji_coeur_blanc;39;0;1;0;0;0;1;0;7;0
dormir;1;8;1;1;1;6;12;0;23;2
colonisation;0;0;47;0;0;6;1;0;4;2
client;0;0;0;1;0;35;14;1;2;5
chat;1;4;2;0;2;7;7;1;27;3
âme;3;0;22;0;0;5;7;3;10;9
vision;0;0;6;2;0;12;1;2;24;12
téléphone;0;0;0;0;0;7;38;1;8;5
taper;0;1;3;5;0;15;0;2;23;7
secteur;0;0;1;1;0;39;7;1;5;4
reportage;3;3;2;3;0;6;5;0;6;32
remarquer;0;4;3;2;1;8;2;2;12;23
personnellement;1;1;0;1;1;6;8;2;26;14
peau;0;1;2;1;1;2;8;3;28;9
menace;0;1;24;5;0;6;2;1;3;17
maintenir;0;0;2;3;0;25;9;0;8;10
jugement;0;0;15;2;0;1;1;2;12;26
intervention;0;0;2;39;0;4;0;3;0;8
intervenir;0;0;5;17;0;8;4;0;9;14
intelligent;0;0;3;0;0;7;3;0;36;10
gentil;0;0;10;8;1;9;3;0;19;7
fuir;0;1;11;1;1;16;0;0;10;18
correctement;0;0;3;3;6;7;3;4;26;8
connaissance;0;0;3;3;4;7;8;2;2;30
aéroport;0;1;0;0;0;1;43;0;0;1
amener;0;1;5;3;0;5;3;3;21;16
amende;0;0;1;5;0;21;26;0;2;2
élire;0;2;21;2;1;3;0;3;5;20
vérifier;0;0;6;3;0;5;7;0;8;30
surprise;0;3;17;1;1;8;4;2;7;10
souffrance;0;1;12;0;0;5;2;0;26;12
neige;1;10;0;1;0;2;34;0;2;3
ministre;0;1;19;0;1;11;5;2;5;11
infrastructure;0;0;11;0;1;23;21;0;2;1
ignorer;0;0;6;0;2;5;4;5;13;24
emji_visage_avec_un_monocle;0;18;4;2;0;8;4;0;8;9
emji_drapeau_brésil;23;0;1;0;0;1;2;0;1;2
défense;0;2;11;3;1;6;1;0;13;21
drapeau;0;1;22;5;2;1;3;1;5;15
deja;0;0;6;3;0;1;8;3;15;17
colon;0;2;48;0;0;1;0;0;2;2
cisjordanie;0;0;58;0;0;0;0;0;1;0
bêtise;0;1;5;2;3;4;2;2;26;11
bébé;1;1;12;3;0;5;2;9;18;6
bus;0;2;1;0;0;6;47;0;0;0
élection;0;0;6;0;0;7;4;1;10;28
travers;0;0;17;0;0;9;6;0;10;16
terminer;0;2;5;2;2;26;10;1;6;2
relire;0;1;3;3;2;3;0;0;4;42
religion;0;0;27;0;3;6;1;2;4;13
pur;0;2;4;3;1;9;2;1;13;22
positif;1;0;0;0;0;8;11;1;15;21
orient;0;0;38;1;0;3;0;1;8;5
oeuvre;1;0;2;2;0;18;3;0;10;19
nord;0;5;4;0;0;2;2;0;1;2
médical;0;0;2;0;0;38;5;0;5;5
millionnaire;0;1;0;0;0;48;1;0;1;2
machine;1;2;3;1;0;17;12;1;6;14
jean;0;1;0;0;0;1;11;1;36;3
intégrer;0;0;3;1;9;7;5;2;4;25
genevois;1;0;1;1;0;19;25;0;2;4
fournir;0;0;13;1;0;26;5;1;3;9
extrêmement;0;0;6;1;0;17;4;0;17;13
entrer;0;0;12;9;1;6;10;1;13;6
emji_pouce_vers_le_haut_peau_claire;5;19;4;1;0;2;5;2;8;4
emji_applaudissements_peau_moyennement_claire;12;2;4;0;0;2;1;0;4;1
découvrir;0;1;2;3;1;2;10;2;28;9
condoléance;17;1;5;6;0;2;4;0;23;0
arrêt;0;0;16;4;0;5;26;0;3;4
alcool;0;1;0;0;0;5;37;0;7;5
al;0;0;30;2;1;1;0;0;1;1
activité;0;0;2;2;0;19;14;1;8;9
vert;1;2;2;1;0;7;24;0;8;10
sortie;0;3;4;7;0;15;10;1;3;11
rare;0;0;2;0;1;13;8;4;18;9
netanyahu;0;0;56;0;0;0;0;0;0;0
italie;1;1;2;1;1;6;5;1;4;9
inégalité;0;0;0;0;0;22;2;11;2;18
i;5;6;10;2;2;5;4;0;11;6
hasard;1;1;5;10;0;10;4;2;7;16
fabriquer;0;1;1;1;0;10;38;1;1;3
expérience;0;0;0;2;0;6;1;8;19;18
ex;0;0;2;2;0;3;3;8;10;27
départ;0;1;3;2;0;27;9;1;2;11
consommateur;0;0;0;0;0;14;24;2;6;9
conduire;0;1;3;3;0;2;28;1;7;9
capitaliste;0;0;2;1;0;23;3;1;9;16
boire;0;6;1;1;0;2;36;0;5;3
baser;0;0;2;1;1;11;5;0;1;32
anglais;0;1;7;0;26;5;1;1;4;8
analyse;1;1;2;0;0;4;2;0;7;38
1er;1;2;11;1;0;9;7;0;2;19
terrorisme;0;1;42;1;0;0;1;2;1;5
régler;0;3;3;2;0;13;13;4;6;11
récupérer;0;2;22;1;0;8;18;0;0;4
rouge;0;2;3;0;0;3;31;1;4;6
profit;0;0;2;1;0;41;1;0;4;3
monnaie;0;0;0;1;0;45;3;0;1;1
inverse;0;0;2;2;1;13;10;4;4;18
fruit;0;2;0;0;0;15;33;0;3;2
diriger;0;1;17;2;0;7;9;4;9;7
correct;0;0;3;2;2;12;4;0;16;13
autoroute;0;1;0;0;0;3;43;0;3;0
armer;0;0;31;8;1;0;0;2;6;6
éduquer;0;0;4;1;0;5;1;10;29;4
shein;0;1;1;0;0;4;46;0;0;1
scandaleux;0;20;7;2;0;8;4;0;6;7
rêve;2;6;6;0;0;8;2;14;7;8
ressembler;1;3;5;3;1;3;4;1;21;11
remercier;3;3;8;2;1;9;0;0;12;16
publication;0;0;6;0;0;0;1;0;3;45
possibilité;0;0;3;1;1;14;13;4;11;5
pollution;0;0;0;0;0;7;42;0;2;4
opposer;0;0;18;1;0;4;5;0;11;15
musique;1;0;3;0;0;2;6;1;25;8
mental;0;2;0;1;0;22;2;12;7;8
lumière;2;0;5;2;0;2;13;0;24;4
impliquer;0;1;5;1;1;8;8;0;9;21
générer;0;1;3;1;0;24;7;0;5;14
fête;3;3;3;1;2;1;19;1;15;3
féminisme;0;0;2;0;0;1;0;10;4;33
environnement;0;0;0;1;0;16;13;1;15;9
dépense;0;0;1;0;0;42;4;2;1;3
démocratique;0;0;14;5;0;1;2;0;0;33
couleur;1;4;2;1;0;2;5;1;26;11
contenir;0;0;1;0;1;4;16;3;2;27
chef;1;0;10;1;2;13;2;0;14;10
champion;4;13;4;1;0;3;0;0;9;10
absurde;0;1;4;0;1;17;8;0;7;16
événement;0;4;4;2;0;3;5;0;15;20
véritable;1;0;15;3;1;8;6;0;12;7
vivement;0;8;9;1;0;7;8;0;9;12
viande;0;0;0;1;0;3;37;1;2;1
seconde;0;1;10;3;0;3;6;0;17;13
résoudre;0;1;7;2;1;8;5;0;13;16
publier;0;0;9;2;2;1;2;0;1;36
pertinent;0;0;1;2;0;8;2;1;2;38
marque;1;1;0;0;0;2;34;1;7;6
littéralement;0;0;3;3;0;5;3;2;4;32
libéral;0;0;3;0;0;28;0;0;4;16
jurer;1;14;0;3;1;12;6;3;7;4
féministe;0;1;2;3;0;1;2;23;1;18
fric;0;3;3;1;0;8;5;2;22;5
flux;0;0;0;0;0;1;42;0;1;8
fils;4;0;3;3;0;7;4;3;26;1
double;0;1;4;0;0;17;7;1;9;12
dizaine;0;0;26;1;0;9;7;0;4;7
calcul;0;1;2;1;0;36;2;2;2;6
balancer;0;1;6;4;1;7;6;2;5;21
association;1;1;2;0;0;12;5;1;16;15
émission;0;0;0;0;0;3;36;0;2;10
tromper;0;4;6;2;1;7;3;0;15;11
tendance;0;1;2;2;0;5;5;2;5;28
raisonnement;0;0;7;1;0;2;1;1;6;34
pub;0;4;1;1;0;9;3;1;5;27
parfaitement;0;1;1;5;6;5;6;2;3;24
luxe;0;2;4;0;1;20;21;0;1;3
hausse;0;2;1;0;0;36;7;0;1;3
favoriser;0;0;1;0;1;26;5;1;6;10
emji_visage_très_souriant_aux_yeux_rieurs;0;19;2;2;0;9;5;0;5;6
emji_femme_avec_la_paume_sur_le_visage;1;25;0;0;0;2;1;0;3;4
contribuable;0;2;2;1;0;41;1;0;4;0
congé;1;1;1;0;0;13;2;23;3;2
concept;0;0;2;3;1;7;4;0;11;25
cinéma;0;0;3;1;0;2;8;2;2;32
catastrophe;0;0;2;4;0;6;6;1;26;6
café;1;1;1;0;1;4;32;1;2;4
brûler;0;1;8;7;0;2;20;0;9;4
bordel;0;11;2;15;0;2;4;2;14;3
blessé;0;0;26;8;0;10;2;0;3;1
appel;1;0;9;4;1;4;1;1;16;14
amour;1;1;3;1;0;8;1;2;32;4
africain;0;0;5;1;1;3;8;0;3;9
écologique;0;2;1;0;0;12;20;0;7;9
transformer;0;1;7;0;1;5;25;0;5;7
the;2;6;11;0;1;3;1;0;2;15
solidarité;3;0;8;4;0;7;0;0;17;11
réchauffement;0;0;0;0;0;0;22;0;5;21
réaliser;0;1;3;0;0;18;4;0;15;9
retenir;0;0;12;4;0;7;6;2;15;6
rappel;0;1;19;4;0;10;5;0;6;7
rapidement;0;0;3;4;0;8;10;5;14;4
préparer;1;4;3;1;0;4;7;1;22;8
norme;0;0;0;4;0;4;20;1;5;15
matière;0;0;1;1;0;13;24;0;4;8
massacrer;0;0;45;1;0;0;1;0;3;1
là_bas;0;1;10;4;1;4;6;3;15;5
insulter;0;1;3;2;0;2;0;4;4;32
génial;16;5;1;2;0;6;2;0;8;11
garantir;0;0;6;15;0;20;0;0;2;5
facture;0;2;0;2;0;44;1;0;1;1
emji_ok;3;6;2;1;0;7;0;0;1;6
contexte;0;0;9;3;0;6;3;0;4;26
chemin;0;2;0;2;0;5;5;1;30;6
chaîne;0;0;5;3;0;9;14;0;7;12
casque;0;1;1;2;0;1;33;1;3;3
bombe;1;2;40;0;0;1;0;0;6;1
bio;1;0;1;0;2;1;15;1;4;12
accompagner;1;0;0;2;1;7;2;5;26;7
étudier;0;2;4;0;2;1;5;0;14;20
violer;0;0;37;3;0;1;2;3;5;0
série;0;6;1;0;0;6;0;3;14;19
signifier;0;2;0;4;0;14;5;2;3;20
quantité;0;0;1;1;1;8;31;1;2;4
programme;0;2;6;1;2;10;3;0;6;17
posséder;0;0;1;1;1;19;16;1;4;8
pauvreté;0;0;2;0;0;32;1;0;3;12
particulier;0;0;3;8;0;8;8;1;9;12
officiel;0;1;3;2;8;5;6;0;0;25
négocier;0;1;13;0;0;21;2;0;3;9
montagne;1;2;1;2;0;3;24;0;11;7
liban;0;0;49;0;0;0;1;0;0;0
hyper;0;1;1;0;3;7;6;5;16;11
gruyère;2;22;0;0;0;2;8;1;2;2
gosse;0;1;0;1;1;13;3;5;24;2
félicitation;30;2;3;3;0;2;1;0;7;1
frère;2;1;25;1;2;4;0;6;7;3
empathie;0;0;1;0;1;2;1;3;26;16
bénéfice;0;0;1;0;0;32;7;0;2;7
autrement;0;1;0;2;1;14;1;0;19;12
améliorer;0;1;1;0;0;8;3;1;8;28
supérieur;0;0;1;2;2;18;2;1;9;15
ramener;0;0;3;1;0;7;4;5;16;13
pièce;1;1;2;3;0;20;8;1;6;8
page;0;0;7;1;0;3;2;1;2;32
macron;0;3;10;0;2;12;11;0;2;7
indépendant;1;0;13;0;0;15;1;3;1;15
féminin;0;0;0;0;0;1;0;5;34;6
emji_visage_qui_tire_la_langue_et_fait_un_clin_d_oeil;1;15;3;1;0;5;9;0;5;3
emji_singe_ne_rien_voir;0;28;2;0;0;1;1;0;1;1
emji_femme_qui_hausse_les_épaules;0;19;1;0;0;7;6;0;13;4
efficace;0;1;3;2;0;15;12;3;5;8
complexe;0;0;2;0;3;6;2;4;11;22
censé;1;0;8;3;2;3;7;1;5;20
alimentaire;0;1;5;0;0;14;24;0;0;5
vin;0;4;0;0;0;16;19;1;0;0
village;2;0;14;0;0;4;22;0;4;2
sympa;1;1;2;1;0;8;10;0;5;19
structure;0;0;2;0;0;23;8;0;6;8
science;0;0;0;0;0;2;9;0;3;34
sauter;0;2;3;9;0;3;1;0;28;2
prétexte;0;1;22;8;0;7;0;2;4;5
ongle;0;3;1;0;0;3;6;0;30;1
mur;0;0;8;3;0;1;22;1;10;2
italien;0;1;2;1;38;2;1;0;0;1
inventer;0;3;4;2;0;3;1;2;5;28
emji_visage_qui_vomit;1;13;4;2;0;2;2;1;13;5
emji_visage_bâillant;1;13;5;0;0;1;1;0;4;4
emji_mains_qui_forment_un_coeur;29;0;1;2;0;2;1;1;6;2
emji_crâne;0;3;5;2;0;4;17;1;10;5
donnée;0;0;5;0;0;6;4;0;1;30
discussion;0;0;1;1;0;2;5;3;4;33
célibataire;1;1;0;0;0;2;0;36;4;3
constitution;0;0;1;27;1;1;0;2;3;12
causer;0;0;8;9;2;6;9;1;7;6
capacité;0;1;2;0;3;4;8;0;4;27
actif;0;0;5;0;0;15;5;2;11;10
élève;0;0;0;0;1;14;4;0;16;7
vide;0;2;1;2;0;9;5;3;7;17
survivre;0;0;6;0;0;24;5;1;8;4
sang;0;0;22;2;2;4;3;0;7;6
saison;0;10;0;2;0;4;24;0;5;1
répression;0;0;5;19;0;6;3;0;4;10
reconnaissance;0;0;17;1;0;6;3;1;9;9
r;1;2;7;1;1;4;6;1;18;3
pneu;0;2;0;0;0;1;38;0;0;1
novembre;0;2;7;1;0;17;9;2;3;7
lâcher;2;2;6;4;1;2;2;2;16;10
horrible;1;0;13;0;0;7;4;2;20;1
gaucho;1;2;3;5;2;4;1;0;1;28
emji_visage_avec_les_sourcils_relevés;0;12;2;2;0;8;1;2;11;4
emji_personne_avec_la_paume_sur_le_visage;1;13;1;1;0;5;3;0;5;12
emji_homme_avec_la_paume_sur_le_visage;0;10;3;0;0;7;5;0;1;12
don;1;2;10;1;2;8;6;1;6;9
création;0;1;23;1;0;12;2;0;3;4
charge;0;0;0;0;0;40;3;0;1;0
cff;0;2;0;0;0;24;10;0;4;8
bourgeois;1;2;1;4;0;9;1;1;11;18
avs;0;1;0;0;3;32;5;1;0;5
assassiner;0;0;40;0;0;2;0;0;4;1
élément;0;0;2;0;1;3;4;2;3;30
wow;5;7;1;1;1;1;0;0;12;14
viol;0;1;16;0;0;1;1;2;7;14
tristesse;5;15;4;1;0;4;1;1;9;6
trafic;0;0;2;3;1;2;17;0;6;14
style;0;2;1;0;0;3;3;1;34;1
rapporter;0;1;3;2;1;22;2;0;3;11
préciser;0;1;10;3;0;9;3;2;3;16
placer;0;0;4;0;1;10;8;1;8;13
négociation;0;0;10;10;0;11;1;1;8;5
méchant;0;1;9;6;2;7;1;1;11;5
institution;0;0;6;2;0;12;1;1;9;15
fromage;1;26;0;0;1;2;7;1;2;3
emji_v_de_la_victoire;15;4;1;1;0;2;2;0;1;2
emji_applaudissements_peau_légèrement_mate;18;0;0;0;0;1;0;0;3;0
dossier;0;1;7;2;0;9;0;0;5;23
dictature;0;1;8;1;0;2;2;4;17;10
deuxième;1;0;11;0;0;13;1;0;5;16
date;0;0;10;0;0;2;2;1;29;0
culturel;0;0;1;0;1;5;2;0;7;31
complet;0;2;3;2;0;1;15;0;3;21
communiste;0;1;13;0;0;10;0;0;2;20
black;0;1;5;37;0;4;0;0;0;0
application;0;0;3;0;1;10;5;1;5;22
abuser;0;4;1;7;0;6;3;2;18;3
évoluer;0;0;1;0;1;6;2;1;29;4
échelle;0;0;1;0;0;7;21;0;5;10
torture;0;1;32;0;0;1;0;0;4;5
taire;0;1;19;2;0;3;3;1;5;11
silence;0;0;21;3;0;3;0;0;7;9
samedi;0;4;4;10;0;5;10;1;5;3
rigoler;0;6;3;0;1;7;3;0;22;1
période;0;2;2;0;0;11;10;0;20;0
pr;0;2;4;0;0;12;0;3;17;1
poids;0;1;4;2;0;4;5;1;6;22
occasion;0;0;3;2;0;9;8;4;12;7
mémoire;2;1;5;0;2;3;0;0;13;20
mélanger;0;2;3;2;0;4;1;2;13;19
misère;0;1;2;0;0;27;2;0;9;2
marier;0;1;11;3;0;1;0;23;4;3
majeur;1;0;5;4;1;6;13;1;2;11
intérieur;0;1;4;2;0;5;21;1;5;6
horaire;0;0;0;1;0;28;12;0;1;1
honnête;0;2;6;2;1;5;2;2;14;11
gaz;0;0;4;18;0;1;20;0;1;2
former;0;0;2;8;0;18;1;3;11;2
emji_visage_grimaçant;0;19;2;1;0;4;4;1;4;2
emji_drapeau_algérie;31;0;0;0;0;0;0;0;0;0
commerçant;0;0;1;6;0;22;10;0;2;4
chaos;0;0;21;7;0;5;2;0;4;7
avouer;0;6;5;2;0;4;2;0;17;8
appartement;0;0;0;8;0;22;8;1;6;0
alimenter;0;1;5;1;0;9;10;0;3;17
théorie;0;2;1;1;1;7;5;0;5;23
sein;0;0;3;3;0;6;1;2;16;14
sanctionner;0;0;20;6;1;2;8;0;4;3
sacré;1;8;2;0;1;0;2;1;18;10
réduction;0;1;0;1;0;23;12;0;3;5
réaction;0;0;4;2;0;2;0;1;11;23
quartier;0;1;2;0;1;4;10;0;10;14
pitié;0;9;7;1;0;3;1;1;20;3
patrimoine;0;1;1;0;1;23;2;0;4;13
outil;0;0;1;4;0;4;4;1;3;27
méthode;0;0;6;0;1;5;3;1;3;24
immigré;0;3;0;0;13;9;1;3;7;8
habit;0;0;1;1;0;3;25;0;7;6
grève;1;0;0;5;0;11;0;1;8;11
fribourg;1;4;1;0;1;3;21;0;3;5
extrémiste;0;4;13;4;2;0;0;1;0;19
enrichir;0;0;0;0;0;40;1;0;2;0
emji_visage_qui_regarde_entre_ses_doigts;0;23;1;1;0;0;2;0;7;6
déchet;0;1;0;0;0;2;33;0;1;1
commercial;0;0;5;1;0;19;11;1;1;1
chier;0;7;4;3;0;5;12;0;13;1
capital;0;0;0;0;0;32;2;0;1;7
bénéficier;0;0;2;2;0;22;3;6;2;6
bâtiment;0;0;3;8;0;7;17;0;5;4
bras;0;2;3;1;0;7;6;1;14;9
bateau;0;1;7;1;0;6;21;0;2;3
abri;0;4;5;0;0;19;7;1;3;1
uniforme;0;1;1;6;0;11;8;1;12;2
tôt;1;0;4;1;0;3;7;20;1;7
suffisant;0;5;2;2;10;10;2;3;4;6
sexe;0;3;0;0;0;2;0;32;0;6
restaurant;0;3;2;5;0;9;15;1;7;2
recette;0;0;0;0;0;35;6;0;1;1
qqch;1;2;2;2;0;2;3;3;17;11
punir;0;0;10;9;0;6;0;1;8;9
provoquer;0;0;8;12;0;2;10;0;6;5
proposition;2;3;1;0;3;11;0;1;2;19
maman;1;1;0;2;1;2;2;2;31;1
journalisme;1;1;17;0;0;4;1;0;6;12
industrie;0;1;1;0;0;18;15;0;4;5
exploser;0;0;5;1;0;19;11;1;3;4
exploiter;0;0;1;0;0;28;8;1;3;2
explication;0;1;1;2;0;6;3;1;3;26
exact;0;2;3;5;3;7;3;0;5;16
emji_coeur_avec_bandages;31;0;2;1;0;0;1;0;1;2
décrire;0;1;4;0;0;1;4;0;1;30
destruction;0;0;20;4;0;7;1;1;7;4
bombardement;0;0;41;0;0;0;0;0;0;1
bois;0;4;1;0;2;2;25;0;5;2
zéro;1;1;3;2;2;5;3;1;2;20
texte;0;1;2;2;2;1;4;0;0;30
romand;0;2;1;1;14;8;4;0;6;6
retard;0;2;1;0;1;7;18;1;5;6
précisément;0;0;4;2;0;6;5;0;1;25
pote;0;2;11;0;0;2;2;6;4;14
nobel;0;5;28;0;0;5;0;0;1;4
netflix;0;10;0;0;0;22;1;1;5;4
nan;0;0;8;0;0;7;2;3;14;7
massif;0;0;9;2;0;15;12;0;2;3
joyeux;22;0;1;0;0;0;4;0;6;3
immense;1;0;0;5;0;8;9;1;14;4
humour;0;3;2;0;3;0;0;0;15;19
foule;0;0;4;37;0;0;0;0;0;1
emji_femme_avec_la_paume_sur_le_visage_peau_claire;0;4;2;0;0;13;1;0;1;1
effacer;0;0;11;1;0;3;0;2;8;16
débattre;0;1;2;1;0;3;0;0;9;27
difficulté;0;0;2;2;2;15;1;8;5;3
compétence;0;1;0;1;2;14;1;2;4;17
compagnie;0;4;1;0;0;10;17;2;5;2
coller;0;2;2;0;4;1;11;1;11;11
code;0;0;1;0;0;1;9;0;8;22
ciel;1;1;1;1;0;11;15;0;10;2
bonheur;0;4;1;0;0;26;5;1;3;1
allemagne;0;4;7;0;0;2;19;2;1;5
équitable;0;1;2;0;0;10;1;0;2;2
échec;0;0;5;0;0;22;0;1;4;9
verser;0;0;5;1;0;27;2;0;1;2
trajet;0;0;0;0;0;16;24;0;0;0
technologie;0;0;0;1;0;9;17;0;5;8
supplémentaire;0;1;2;0;1;16;6;9;2;4
suicide;0;0;0;1;0;7;2;3;7;21
saint;0;3;8;0;0;1;4;0;9;1
respectueux;5;0;4;4;0;5;3;0;20;1
reprocher;0;0;4;3;2;5;1;1;2;23
rembourser;0;1;0;0;0;36;4;1;0;0
quasiment;0;1;3;3;0;9;9;1;1;13
pétrole;0;0;5;0;0;2;33;0;1;0
prévention;0;0;1;0;0;12;7;0;3;16
promettre;0;2;4;0;0;20;4;0;4;7
production;0;0;0;0;0;13;26;0;1;2
procès;0;0;24;2;0;0;0;0;6;9
pourcentage;0;1;0;0;0;22;5;2;2;4
pari;0;3;5;2;0;6;14;1;3;7
nier;0;0;11;1;0;0;1;0;3;25
jet;0;1;0;6;0;7;25;0;3;0
incapable;0;0;6;5;2;4;1;3;11;8
immobilier;0;0;0;0;0;33;1;0;1;4
honnêtement;0;1;0;0;0;5;4;0;19;10
fatiguer;0;2;6;3;0;3;2;0;8;18
emji_visage_épuisé;0;13;1;1;0;3;3;1;2;6
emji_trèfle_à_quatre_feuilles;28;1;0;0;0;1;2;0;0;0
construction;0;0;0;1;0;11;21;0;2;4
coloniser;0;0;30;0;0;3;2;0;0;4
business;0;1;6;1;2;19;1;0;6;3
éthique;0;0;4;1;0;15;4;0;4;12
voleur;1;3;8;2;1;5;2;0;12;7
vente;0;0;2;0;0;15;17;0;2;3
test;0;0;1;0;18;4;4;1;6;7
soumettre;0;0;3;6;0;11;2;0;2;17
signe;1;1;3;4;0;4;2;0;14;11
renforcer;0;0;7;0;2;7;2;8;3;11
qualifié;0;0;6;0;0;7;2;0;4;3
opportunité;0;0;3;1;1;8;3;17;4;3
mio;0;1;1;0;1;31;1;0;0;0
maximum;0;1;6;0;0;15;8;1;2;4
intelligence;0;0;2;1;1;2;3;0;5;27
injustice;0;1;5;5;0;3;0;2;13;12
gestion;0;0;2;3;0;20;3;2;2;7
gazaouis;0;0;35;0;0;2;0;0;2;1
ficher;0;1;8;3;0;7;1;2;6;13
faim;0;0;2;0;0;11;16;1;4;2
estimer;0;0;5;2;0;12;2;0;7;12
emji_drapeau_france;1;0;0;0;0;7;2;0;0;0
détourner;0;0;14;1;0;6;4;0;7;9
dingue;0;2;4;2;0;5;5;0;14;5
circulation;0;1;0;2;0;11;24;0;0;3
ch;0;0;2;1;0;12;12;2;4;3
bel;1;0;8;1;0;5;2;0;5;18
abonnement;0;1;0;0;0;30;6;0;0;0
île;1;1;0;0;0;1;1;0;1;3
émotion;0;2;2;1;0;0;1;1;5;28
élu;0;0;4;1;0;4;1;0;1;26
écologie;0;0;0;0;0;20;9;0;2;9
âgé;0;0;3;3;0;8;1;10;13;0
utilisation;0;0;3;8;0;5;4;0;1;18
témoignage;12;0;9;0;0;2;1;0;6;9
tolérance;0;0;3;9;0;1;2;0;7;17
scène;1;0;2;3;0;0;3;0;13;16
populaire;0;0;4;1;0;9;2;0;2;20
modèle;0;0;1;0;0;21;8;0;1;9
marrant;0;3;3;2;1;3;0;6;14;8
lutter;0;0;5;2;0;9;5;1;4;14
impunité;1;1;29;1;0;2;1;0;3;2
ignorance;0;1;4;0;0;2;2;0;7;23
hâte;1;10;1;0;1;8;0;1;16;1
hypocrite;0;0;9;0;1;4;2;0;9;12
fonds;0;2;2;0;0;26;2;0;1;7
excuse;0;0;12;0;3;2;1;0;1;21
emji_visage_souriant_avec_auréole;3;5;2;2;0;2;10;0;1;9
emji_visage_souriant;2;1;2;2;1;3;6;6;13;4
démocrate;0;1;3;0;0;0;0;0;2;25
domestique;0;1;0;0;0;2;0;15;6;15
direction;0;3;2;2;0;13;2;1;10;4
crever;0;2;1;0;0;15;12;1;5;4
confortable;0;0;1;1;0;7;8;1;19;1
cancer;0;2;4;0;0;12;11;0;4;4
agresseur;0;0;6;3;1;2;0;8;14;4
week_end;0;1;0;2;0;18;12;0;5;1
vs;1;1;5;0;0;16;4;2;4;2
transmettre;1;1;1;0;1;11;2;0;1;21
tonne;0;0;15;1;0;3;12;0;3;3
suffisamment;0;0;1;3;1;11;3;0;4;16
ski;4;2;0;1;0;2;25;0;2;1
refaire;0;0;2;0;1;5;2;4;17;7
rassurer;0;1;1;0;0;6;5;0;11;14
précédent;0;0;3;3;2;6;2;1;1;19
poubelle;0;1;0;1;1;0;22;0;9;1
plastique;0;0;0;0;0;0;36;0;0;2
phénomène;0;0;1;1;1;2;4;1;2;27
paiement;0;0;2;0;0;29;2;0;0;2
négatif;0;0;0;0;0;11;6;2;7;13
montant;0;0;1;0;0;32;4;0;0;2
moderne;0;0;8;1;0;5;13;0;7;4
marge;0;1;0;0;1;19;5;1;2;6
lit;0;2;3;1;0;6;5;1;13;8
entièrement;0;0;1;1;0;5;12;0;11;7
emji_visage_retenant_ses_larmes;9;5;0;0;0;2;1;0;17;1
emji_pouce_vers_le_bas;1;1;1;0;0;2;0;0;2;0
emji_homme_qui_hausse_les_épaules_peau_légèrement_mate;2;0;25;4;0;5;1;0;2;0
emji_homme_avec_la_paume_sur_le_visage_peau_claire;0;2;0;2;0;8;13;0;5;2
emji_drapeau_états_unis;15;1;6;0;0;8;0;0;4;3
descendre;0;0;10;0;0;5;4;0;6;13
contrat;0;1;2;0;0;21;1;1;5;5
bord;0;0;3;0;1;4;9;0;13;9
agression;0;0;3;1;0;1;1;2;13;18
équité;0;0;0;0;0;2;0;6;6;8
électricité;0;0;0;0;0;14;20;0;0;0
économiser;0;0;1;0;0;21;8;1;6;0
échapper;0;2;13;1;0;4;3;1;7;6
volontaire;0;0;6;2;0;3;4;7;0;15
trouble;0;0;2;5;0;1;4;3;9;13
tres;0;1;1;2;1;3;4;2;19;1
trafiquant;0;0;14;2;0;0;5;1;9;4
sensé;0;0;5;2;0;5;1;2;3;20
réserver;0;1;3;3;0;10;4;2;11;4
repartir;0;0;4;2;0;10;3;3;13;2
présence;0;0;4;5;0;4;6;2;8;4
propriétaire;0;0;2;3;0;20;4;0;5;2
profondément;0;1;3;1;1;5;4;1;9;13
nettoyage;1;0;19;1;0;8;3;0;3;3
munition;0;0;2;1;0;17;2;0;7;7
moral;0;0;0;0;0;7;2;0;12;16
mandat;0;0;13;0;0;7;1;2;4;10
légitime;0;0;7;5;1;7;0;0;4;14
lourd;0;2;2;0;0;6;13;3;6;6
leçon;0;0;3;0;1;2;4;2;13;4
interdiction;0;0;4;4;0;1;18;1;5;5
intention;0;2;2;4;0;0;3;1;3;22
inspirer;0;1;2;0;0;5;3;0;4;22
injuste;0;2;1;2;1;11;1;4;8;6
global;0;0;0;0;0;7;13;2;2;10
fossile;0;0;0;0;0;0;33;0;0;1
foi;1;2;6;1;0;2;5;1;1;19
familial;0;0;0;0;0;17;0;4;9;7
entrée;0;0;7;2;0;9;15;0;3;2
emji_visage_avec_une_main_sur_la_bouche;0;23;0;0;1;3;0;0;2;4
emji_visage_avec_lunettes_de_soleil;2;24;0;2;1;0;0;0;1;2
emji_mains_qui_forment_un_coeur_peau_claire;6;8;2;0;0;0;2;1;12;0
critère;0;1;2;0;7;5;0;1;3;16
copain;1;1;2;1;0;3;0;1;23;3
club;0;2;1;2;3;3;1;3;15;2
bête;0;0;5;2;0;0;6;0;21;4
apres;0;1;7;2;3;5;2;1;14;2
absolu;0;2;4;5;0;12;1;1;2;8
évident;0;0;2;2;2;4;3;1;17;6
vaudois;0;3;0;2;2;6;15;0;4;4
tenue;0;0;2;2;0;5;6;0;18;1
strictement;0;1;2;3;2;6;2;1;1;17
stratégie;0;0;5;1;0;12;1;0;11;7
sexuel;0;0;4;0;0;0;0;8;3;21
scolaire;0;0;0;0;1;9;19;2;3;2
réussite;1;2;0;1;0;25;0;0;1;5
roi;1;9;4;1;0;2;3;0;11;5
revanche;0;0;5;1;1;2;10;3;2;13
reprise;0;0;10;2;0;11;4;0;0;10
rapide;0;0;4;0;1;6;7;0;4;6
pointer;0;0;2;7;0;3;4;0;19;1
pcq;0;0;5;1;2;8;0;1;10;9
opération;0;0;11;0;0;8;0;1;6;10
médicament;0;0;0;0;0;20;9;0;4;2
musée;0;3;0;1;0;1;1;0;5;24
militant;0;0;6;4;0;1;0;1;4;21
midi;0;2;0;0;0;2;25;0;4;0
majoritairement;0;0;3;3;2;11;5;3;1;8
instant;0;1;7;2;0;2;6;1;13;5
insta;0;0;3;3;0;0;1;0;9;21
inscrire;1;2;2;3;0;3;1;4;14;7
hésiter;1;4;4;1;0;7;4;0;7;9
faveur;0;0;14;0;0;3;0;3;3;12
fan;2;5;3;0;1;1;3;0;9;12
extermination;0;0;36;0;0;0;0;0;0;1
exposer;0;0;3;2;0;3;5;0;8;16
exiger;0;0;7;2;5;9;1;0;4;8
employer;0;0;6;1;0;15;0;0;2;12
emji_tas_de_crotte;0;9;2;0;0;2;4;0;1;7
emji_arbre_à_feuilles_caduques;5;0;0;0;0;0;0;0;0;0
détriment;0;0;5;2;0;18;2;1;2;7
discrimination;0;0;4;0;1;1;1;4;3;19
cul;0;2;2;2;0;7;0;0;17;7
criminalité;0;0;1;2;1;6;3;0;8;15
covid;0;1;2;1;0;16;4;1;5;5
convaincre;0;1;3;0;1;10;1;0;12;9
collègue;0;0;4;0;1;13;3;0;13;3
cigarette;0;2;0;0;1;3;26;0;1;1
caméra;0;1;3;1;0;2;13;1;1;11
biais;0;1;0;0;0;5;2;0;0;26
établir;0;0;4;1;1;2;3;2;4;18
éliminer;1;0;13;0;0;5;6;0;0;4
visible;0;0;0;1;0;3;11;1;15;4
transparence;0;0;0;0;0;10;1;0;6;19
talent;6;0;0;0;3;3;0;0;17;5
taille;0;2;1;1;0;8;14;0;7;2
siège;0;1;4;1;0;21;4;0;0;1
rétablissement;29;0;0;1;0;0;2;0;4;0
ramasser;0;1;3;2;0;6;3;0;17;3
raccourci;0;1;0;3;0;2;4;0;5;20
pénal;0;0;5;3;1;1;0;1;3;20
privilégier;0;0;4;0;0;13;6;3;3;6
privilège;0;0;0;1;1;5;0;10;8;5
principalement;0;0;5;0;0;8;8;4;0;11
piste;0;1;0;0;0;2;25;0;2;5
pierre;0;1;3;4;1;5;2;0;15;4
occident;0;1;22;0;1;1;1;2;4;2
numéro;1;3;0;5;0;1;0;2;12;8
moquer;0;0;2;0;0;3;0;1;19;11
menacer;0;2;5;1;0;13;1;1;9;1
masculinisme;0;0;0;0;0;0;0;7;4;24
km;0;0;0;0;0;0;30;0;2;1
importance;1;1;4;1;2;7;3;0;4;13
fortement;0;0;2;0;0;9;5;2;5;12
fonder;0;0;5;1;0;1;2;1;7;18
financement;0;0;8;0;0;21;1;0;0;4
fifa;0;1;1;0;0;5;1;0;6;7
déni;0;1;4;1;0;1;1;0;3;24
délit;0;0;5;4;0;3;0;7;4;12
disponible;0;0;0;1;2;20;4;0;1;7
digne;3;0;9;1;0;11;0;1;7;3
conclusion;0;0;1;0;0;3;0;1;2;28
commander;1;1;5;0;1;4;24;0;0;0
chinois;0;0;1;0;0;16;13;1;1;2
carrément;0;2;2;3;1;7;4;1;13;3
cantonal;0;0;0;8;0;15;1;1;4;7
calme;1;3;6;11;0;3;1;0;5;4
asie;0;0;1;0;0;1;7;1;3;1
apprentissage;0;2;0;0;9;7;0;1;12;5
accorder;0;0;4;2;1;3;1;3;9;10
accessible;0;0;1;0;0;11;10;1;2;9
évidence;1;1;4;0;1;7;1;1;3;15
équivalent;0;0;3;1;2;13;8;1;2;4
union;0;0;6;0;1;6;1;1;12;7
tribunal;2;0;8;12;0;1;0;2;4;5
tradition;1;1;3;0;1;2;7;0;6;9
terrible;2;4;0;2;1;2;3;3;13;5
temu;0;2;0;0;0;3;28;0;0;0
surprendre;0;2;5;2;0;3;3;0;6;14
stp;1;1;2;0;1;1;0;1;8;18
semer;0;0;23;6;0;1;0;0;1;3
salle;0;0;1;0;1;4;15;0;7;6
salarié;0;0;0;0;0;30;1;2;0;1
sain;0;0;4;0;0;1;7;0;15;8
romance;0;0;0;1;1;0;0;1;0;25
rejoindre;1;0;2;2;3;2;7;0;6;12
prôner;0;0;10;0;0;4;0;1;0;18
monstre;0;2;24;0;0;2;0;0;3;1
minimiser;0;0;2;6;2;1;0;0;4;20
milice;0;0;23;0;0;2;0;2;6;2
louvre;0;5;1;1;0;2;3;0;3;18
lac;0;11;0;0;0;1;12;0;8;1
jeunesse;2;1;1;0;0;22;3;0;4;2
identité;0;0;6;5;0;1;2;4;2;13
identifier;0;0;2;8;0;2;1;1;6;15
harcèlement;0;1;0;0;0;3;0;2;18;7
gêner;0;1;1;3;0;0;1;0;18;10
généralement;0;0;3;0;0;5;5;0;6;16
grandir;0;1;2;1;4;2;2;3;13;7
fumeur;0;1;0;1;0;2;23;0;5;0
epstein;0;1;3;1;0;0;0;0;4;20
ds;0;2;17;2;0;4;3;0;4;0
donald;0;1;26;0;0;0;1;0;0;4
diviser;0;0;9;1;0;10;1;1;1;10
constat;0;0;1;1;1;5;4;1;1;21
condamnation;0;0;13;2;0;0;0;3;3;14
complicité;0;0;27;1;0;2;0;0;2;3
chauffage;0;0;0;0;0;1;29;0;1;2
cesse;0;0;11;2;0;5;0;3;9;5
b2;0;1;0;0;28;2;0;0;0;3
attirer;0;1;2;0;3;8;5;2;5;7
attentat;0;0;30;0;0;1;0;1;1;0
accueil;0;0;0;0;0;13;3;2;15;1
abus;0;0;3;5;0;6;0;0;1;19
york;0;0;3;0;0;4;3;0;0;0
vitrine;0;0;7;15;0;5;7;0;0;0
traverser;0;0;0;2;0;3;11;0;14;1
tjrs;0;2;4;2;1;6;1;0;13;2
soleil;0;4;1;0;0;4;17;0;5;3
réfugié;0;0;15;0;0;2;2;1;8;4
rolex;2;4;1;0;0;21;1;0;3;1
religieux;0;1;24;0;0;0;1;0;1;6
radar;0;1;0;0;0;0;26;0;3;2
promesse;0;2;9;0;0;6;3;1;5;6
nuance;0;0;2;2;0;2;3;2;7;16
mari;1;2;1;0;1;2;0;22;2;2
joueur;0;0;0;0;1;7;2;1;15;0
instagram;0;0;0;1;1;0;1;0;2;29
idéologique;0;0;4;2;0;2;1;0;0;25
héritier;0;1;0;0;0;30;0;0;0;1
forêt;1;1;2;2;0;1;14;1;8;2
figure;1;2;3;1;1;3;1;0;14;8
espoir;3;0;0;0;0;3;1;0;12;15
emji_visage_qui_fond;0;2;2;0;0;10;8;1;2;5
emji_visage_qui_fait_un_câlin;0;4;0;1;2;4;2;0;14;2
emji_visage_anxieux_avec_goutte_de_sueur;1;4;0;0;0;1;1;1;2;0
emji_homme_avec_la_paume_sur_le_visage_peau_légèrement_mate;0;6;1;1;0;0;2;0;0;1
emji_femme_avec_la_paume_sur_le_visage_peau_moyennement_claire;1;11;1;0;0;1;0;0;3;1
emji_doigts_croisés;10;0;1;0;0;4;1;1;7;2
cycliste;0;0;0;0;0;0;29;0;1;0
crèche;0;0;1;0;0;26;0;2;3;0
conscient;1;0;3;2;1;2;1;1;10;12
comparaison;0;0;4;1;0;11;7;0;3;6
chute;0;1;4;0;0;8;2;0;15;2
camion;0;0;4;0;0;3;25;0;0;0
bleu;1;0;4;7;1;1;6;0;6;4
bienvenue;3;3;8;1;2;4;1;1;10;1
administratif;0;0;9;4;0;14;1;1;1;1
énergétique;0;0;0;0;0;1;28;0;0;2
électrique;0;0;0;0;0;0;29;1;0;1
valable;0;0;4;1;0;13;1;1;3;9
urgence;0;0;0;1;0;8;7;0;4;13
syrie;0;0;28;0;0;0;1;0;1;2
strict;0;0;1;2;1;3;5;1;5;15
stade;0;6;1;2;0;6;2;0;10;6
salarial;0;0;0;0;0;9;0;13;0;11
résident;0;0;0;0;0;25;0;0;3;1
réclamer;0;1;8;1;1;4;2;2;0;14
regard;0;0;6;1;0;1;5;3;14;2
rajouter;0;1;4;1;0;5;1;3;3;12
purée;0;5;3;0;2;1;1;0;18;2
provenir;0;1;4;1;1;5;9;0;1;11
profond;0;0;4;0;0;1;3;0;11;14
notion;0;0;2;1;1;2;1;0;1;25
légume;0;2;0;0;0;2;26;0;1;1
lune;0;2;0;1;0;0;11;0;8;6
jordanie;0;0;32;0;0;0;0;0;0;0
industriel;0;0;1;0;1;3;18;0;0;2
indiquer;0;0;5;4;0;7;4;0;3;8
facteur;0;0;0;0;0;9;3;4;3;14
emji_biceps_contracté_peau_moyennement_claire;19;0;0;1;0;1;1;0;2;0
désoler;0;0;1;1;0;2;0;2;25;1
drame;0;1;2;1;0;0;0;1;17;11
doucher;0;1;0;0;0;0;2;0;26;2
dividende;0;0;0;0;0;19;1;0;0;0
cracher;0;0;5;0;0;2;0;1;20;5
cotisation;0;0;0;0;0;30;0;0;0;0
convention;0;0;7;7;0;4;0;0;4;11
concentrer;0;1;3;0;0;10;5;0;2;10
colonial;0;0;20;0;0;1;1;0;1;8
budgétaire;0;1;0;0;0;29;0;0;1;0
barre;0;3;4;1;0;7;4;1;5;7
arrivée;0;1;3;1;1;7;3;1;8;5
absence;0;0;10;5;0;2;4;5;3;4
victoire;0;2;6;0;0;2;8;1;3;6
trottinette;0;2;0;0;0;2;25;0;0;2
tort;0;2;1;5;0;1;2;0;5;15
technique;0;1;0;1;0;6;5;0;7;12
tarif;0;3;0;0;0;20;6;0;1;1
systématiquement;0;1;5;1;0;5;1;2;3;13
sincèrement;0;0;1;2;0;3;1;3;19;3
sentiment;0;0;2;0;0;1;1;2;10;15
secret;0;2;3;1;0;14;0;0;8;0
ressentir;0;0;3;1;0;5;1;0;15;6
repas;0;1;0;0;0;1;25;0;2;1
proportion;0;0;2;1;0;14;1;0;4;6
portugal;2;1;0;0;1;3;13;0;3;6
passeport;0;2;2;0;16;4;2;0;3;1
ouai;0;0;3;1;0;2;0;0;2;1
option;1;0;0;0;0;8;12;2;3;6
lettre;0;1;4;1;0;1;3;0;2;16
journal;0;1;2;1;0;3;2;0;1;19
insupportable;0;4;3;1;0;0;9;0;14;0
influence;0;0;5;2;0;1;1;1;7;14
honneur;1;1;1;0;2;3;2;0;16;3
fondue;0;28;0;0;0;2;0;0;0;2
fenêtre;0;2;1;0;0;0;16;1;4;6
engendrer;0;0;0;4;1;14;2;0;0;11
effectif;0;0;4;1;0;11;1;9;0;5
documenter;0;1;12;1;0;1;6;0;2;9
distance;0;0;0;1;0;4;16;2;3;4
dealer;0;4;1;3;0;5;0;0;14;3
conducteur;0;0;0;1;1;0;26;0;1;2
compétition;0;3;1;0;0;8;1;0;7;11
compréhension;0;0;0;2;1;2;1;1;0;25
co;0;2;2;1;0;2;14;0;4;5
cassis;1;1;27;0;0;1;0;0;2;0
calculer;1;3;0;0;0;14;2;1;4;7
brésilien;0;0;4;1;0;0;0;2;5;18
bizarrement;0;2;10;7;0;5;0;0;4;3
avocat;0;1;11;2;0;8;0;0;8;2
aspect;0;0;0;0;0;3;1;6;5;16
alternative;0;0;0;0;0;15;11;0;2;4
agent;0;0;3;8;0;6;0;0;0;14
administration;0;1;1;2;0;22;1;0;3;2
abandonner;0;0;1;0;0;10;5;1;13;1
équilibre;0;1;0;4;0;3;6;1;1;15
émettre;0;1;3;1;0;4;14;0;2;5
égypte;0;0;28;0;0;1;0;0;0;0
écart;0;0;0;0;2;17;2;0;1;3
voyager;0;0;0;0;1;8;14;0;8;0
votation;0;1;2;1;1;13;0;0;1;12
version;2;6;4;1;0;0;1;0;9;6
vent;0;4;2;2;1;0;8;0;9;3
tentative;0;0;3;3;1;2;0;1;4;16
spécial;0;1;0;4;0;6;5;0;8;6
somme;0;1;2;0;0;21;2;0;0;5
sion;0;3;2;4;0;1;18;0;0;2
sac;0;0;1;2;0;2;17;0;9;0
robot;0;1;0;0;0;4;3;3;15;3
psychologique;0;1;1;4;0;0;0;3;4;18
procédure;0;0;3;4;0;3;0;1;1;19
pacifiquement;1;0;1;27;0;0;0;0;1;0
occupation;0;0;29;0;0;0;1;0;0;1
no;0;1;4;2;0;5;0;0;8;2
meurtre;0;0;14;1;0;0;0;4;6;6
maîtriser;0;0;2;2;5;2;2;0;2;16
libération;0;0;21;1;0;0;0;1;3;5
kosovo;0;3;6;0;1;2;0;0;2;4
hygiène;1;0;0;0;0;1;7;1;16;4
génie;1;25;1;0;0;1;1;0;0;1
gouverner;0;0;9;0;1;7;0;0;1;12
exercer;0;0;1;11;0;4;1;1;4;9
emji_visage_blasé;0;4;2;10;0;2;7;1;2;2
emji_homme_qui_hausse_les_épaules_peau_claire;0;0;3;12;0;4;6;0;1;4
développement;0;0;2;0;0;4;13;2;3;7
creuser;0;0;7;0;1;5;1;0;4;13
corriger;1;2;4;2;4;3;1;0;2;12
correspondre;0;0;3;0;6;4;3;1;5;8
coin;0;0;2;0;1;2;12;3;5;6
chou;0;3;3;1;0;0;18;0;3;2
cheveu;0;2;4;0;0;1;0;1;14;7
chaleur;0;1;0;0;0;0;22;0;4;1
carrière;0;0;0;0;0;5;0;11;11;1
bot;1;12;3;0;0;0;0;0;5;10
ba;0;0;2;1;0;2;2;1;21;2
asseoir;0;0;0;6;0;3;4;0;18;0
argentin;0;0;0;0;1;7;2;0;2;12
arbre;1;2;5;0;0;5;12;0;4;2
annonce;0;0;9;0;0;4;4;0;2;12
agresser;0;0;4;7;1;0;0;6;12;1
toxique;0;0;1;0;0;2;6;6;9;4
température;0;1;0;0;0;0;18;0;4;5
solitude;0;0;0;0;0;1;0;12;5;8
soirée;0;5;0;0;1;1;4;0;10;8
russe;0;1;19;1;0;0;1;0;3;4
représentant;0;0;4;2;0;3;2;0;3;12
renvoyer;0;1;1;7;2;1;4;0;0;13
parfait;0;0;1;0;3;3;7;2;3;10
ouverture;0;0;0;0;0;10;5;0;9;5
oiseau;1;1;0;1;0;0;22;0;1;2
nez;0;0;0;2;0;10;8;1;5;3
merveilleux;12;3;0;0;1;1;0;1;7;3
marquer;1;0;4;2;0;1;2;1;6;13
marketing;0;3;3;0;0;9;2;0;1;12
malin;0;3;1;0;0;7;1;0;15;3
lever;0;0;5;4;1;4;6;0;5;5
laver;0;2;2;0;0;0;16;1;6;1
kidnapper;0;1;27;0;0;0;0;0;1;0
juridique;0;0;3;3;0;2;0;0;2;19
intégration;0;1;1;0;15;4;3;0;5;1
inflation;0;1;0;0;0;23;1;0;0;4
inadmissible;0;1;3;7;1;2;1;1;11;3
idéal;0;1;1;2;1;5;6;0;4;8
hauteur;0;0;1;1;0;17;2;1;1;6
hab;0;1;2;1;9;3;2;0;4;7
gamin;0;0;1;4;0;1;5;0;19;0
faciliter;0;0;0;7;1;3;2;2;1;13
euro;0;1;2;0;0;18;1;0;4;1
emji_visage_qui_fait_un_salut_militaire;3;1;0;1;0;1;0;0;1;2
emji_visage_aux_yeux_en_spirales;0;20;0;0;0;3;2;0;0;0
emji_mains_en_prière_peau_légèrement_mate;15;1;5;0;0;1;0;0;1;0
effectuer;0;0;4;3;0;11;1;2;2;6
durée;0;0;7;0;1;10;6;0;5;1
dark;0;0;0;1;0;0;0;1;0;23
croiser;0;1;1;4;0;0;7;0;15;1
cop;0;2;0;0;0;1;19;0;2;4
colère;0;1;3;3;0;4;0;0;10;8
bancaire;0;0;0;2;0;16;1;1;0;2
aveugle;0;1;15;0;0;2;0;0;4;7
attente;0;0;3;0;0;7;2;1;7;9
adopter;0;1;6;1;0;4;1;0;13;3
actualité;0;1;10;0;0;0;0;0;1;16
accusation;0;0;14;0;0;1;0;1;6;8
zurich;0;0;0;1;3;3;20;0;1;0
tâche;0;0;0;0;0;4;2;21;0;0
tt;0;0;3;1;0;4;3;0;13;4
surveiller;0;2;1;0;0;0;5;0;1;18
succès;0;0;0;0;0;10;8;0;3;8
subside;0;0;0;0;0;26;0;0;0;2
statut;0;0;2;2;0;6;0;2;7;8
souligner;0;0;6;2;0;5;2;3;7;4
sarkozy;0;1;14;0;0;4;0;0;3;6
référence;0;1;0;0;0;0;5;4;1;18
réfléchi;0;0;1;2;0;2;0;2;8;13
récent;0;1;7;0;0;5;3;0;3;8
rythme;0;0;1;0;0;3;13;0;7;4
roue;0;1;1;2;0;3;8;0;11;1
raclette;2;24;0;0;0;0;0;0;0;1
qualification;0;0;0;0;0;2;1;0;0;1
publiquement;0;0;7;1;0;1;0;1;2;15
psy;0;0;0;7;0;4;0;1;11;6
près_de;0;0;3;1;0;14;3;0;4;3
presse;0;0;9;0;0;1;0;0;2;17
pourri;0;3;2;0;0;17;0;0;2;4
poil;0;0;1;0;0;8;4;0;12;4
plomb;0;0;0;1;0;0;17;0;8;2
piquer;0;1;0;4;1;8;7;0;5;3
personnage;0;0;1;0;0;0;0;2;9;15
parking;0;0;0;0;0;4;22;0;0;1
pantalon;0;0;0;0;0;6;11;0;8;0
of;0;5;6;1;1;6;0;1;4;1
observer;0;0;2;0;0;4;5;1;6;11
mtn;0;0;8;4;0;4;1;0;12;0
migrant;0;0;1;0;1;5;0;0;7;14
manipuler;0;1;6;0;0;4;2;0;2;14
lamentable;0;1;1;2;0;3;0;0;16;5
juge;0;0;7;0;0;2;2;1;6;11
inhumain;0;1;18;1;0;1;1;0;3;4
impressionnant;1;1;0;0;2;4;4;7;2;6
hahaha;1;3;1;1;0;3;0;2;15;2
filmer;0;2;1;3;0;1;2;2;4;13
fake;0;4;0;0;1;0;0;0;4;7
exception;0;0;0;0;3;4;1;0;0;21
enjeu;0;0;2;1;0;1;7;0;7;11
emji_étourdissement;18;1;0;0;0;0;1;0;1;3
emji_poignée_de_main;2;8;0;0;0;1;0;0;1;0
effondrer;0;0;0;2;0;10;9;1;2;5
ect;0;0;1;0;1;10;6;0;6;4
défaut;0;0;1;2;1;4;2;1;7;11
ducoup;0;1;0;0;0;2;0;0;4;3
court;0;1;3;0;1;3;5;0;11;4
courageux;2;0;3;1;0;2;0;1;16;4
corrompre;0;0;14;0;0;1;0;1;6;6
convenir;0;0;1;0;0;2;2;3;12;7
contenu;0;0;0;2;1;2;1;1;5;17
compenser;0;1;3;0;0;18;4;0;2;0
cibler;0;0;8;0;0;9;2;0;2;8
cf;0;0;1;1;0;15;6;0;3;3
cedh;0;0;0;17;0;0;0;0;0;5
bouclier;0;0;14;1;0;6;2;0;1;4
bouche;0;1;4;0;1;2;4;0;11;6
auto;0;3;6;0;0;3;2;0;5;10
apparaître;0;0;2;0;0;2;8;1;0;15
adresse;0;0;2;1;0;6;4;0;5;10
xénophobe;0;0;1;1;1;1;0;0;1;22
tester;1;1;2;0;0;3;15;0;3;3
tendre;0;1;2;1;0;3;0;0;7;13
supposer;0;0;5;0;0;9;1;0;2;10
stupide;0;0;1;0;1;3;1;3;6;13
situer;0;0;2;0;1;10;7;0;1;6
sincère;4;0;7;2;0;0;1;1;12;0
rh;0;0;0;0;0;24;0;1;0;1
radio;0;0;2;1;0;2;7;0;0;10
race;0;1;0;0;0;0;0;0;6;20
qqn;1;0;1;4;2;2;2;1;9;4
qatar;0;1;26;0;0;0;1;0;0;0
puissant;0;0;2;2;1;7;1;2;5;6
processus;0;2;6;2;0;2;0;0;3;13
privilégié;0;0;0;1;2;4;0;2;6;11
priver;0;1;1;0;0;10;6;0;6;3
poster;0;2;2;1;0;0;3;0;0;19
plr;0;1;0;0;0;5;2;0;4;16
percevoir;0;0;1;0;1;8;1;2;1;12
nu;0;2;0;2;0;1;1;0;20;0
nettoyer;0;1;1;2;1;2;2;2;14;2
naïf;0;1;3;1;0;2;0;0;15;5
nazi;0;0;20;0;0;0;0;0;1;6
mécanisme;0;0;1;0;0;4;2;0;8;13
moto;0;0;0;0;0;0;24;0;1;0
migros;0;3;0;0;0;13;10;0;0;2
lecture;0;1;1;1;0;0;0;1;2;22
lamal;0;1;0;0;1;25;0;0;0;0
isolé;0;1;1;1;0;1;3;1;4;16
ironie;0;0;2;1;1;2;3;2;12;5
inclure;0;0;7;1;0;4;5;0;1;9
geste;0;0;4;0;0;6;6;0;9;3
fragile;0;1;1;0;0;4;1;1;15;4
financièrement;0;0;1;0;1;16;1;3;3;3
fascisme;0;2;1;2;0;1;0;0;3;19
exécution;0;0;27;0;0;0;0;0;0;1
expert;0;4;4;0;0;1;1;0;6;12
existence;0;0;11;0;0;3;3;0;5;4
espagne;1;0;3;0;1;4;4;0;5;9
envahir;0;0;17;1;0;3;3;1;1;2
entrain;0;2;8;1;0;1;2;1;8;5
enfance;0;3;2;1;0;2;2;4;12;2
emji_visage_soulagé;0;4;0;1;0;1;0;0;6;15
emji_visage_expirant;0;20;0;0;0;2;0;0;2;1
emji_femme_qui_hausse_les_épaules_peau_claire;0;0;2;2;2;4;1;5;3;5
emji_chat_qui_pleure_de_joie;1;6;1;2;1;0;0;0;0;6
détester;1;0;5;4;2;2;2;0;7;3
détail;0;1;4;0;1;3;2;0;7;10
déposer;0;0;9;4;0;3;4;1;5;2
décidément;0;2;4;0;0;4;2;0;13;3
débile;0;0;1;2;0;2;1;1;7;13
doux;2;1;0;1;0;1;5;1;14;2
domicile;0;1;1;3;0;13;2;0;2;5
contredire;0;0;1;0;0;0;1;1;2;23
combattre;0;2;4;1;0;2;0;4;6;8
com;3;3;1;1;0;0;0;2;16;0
circuler;0;0;3;2;0;2;13;0;1;7
censurer;0;0;1;0;0;2;0;0;3;17
boîte;0;0;0;0;0;13;2;3;7;1
bijoux;0;7;0;2;0;0;1;0;1;16
autonome;0;1;1;1;0;0;18;1;0;6
artifice;0;0;1;2;0;0;16;0;7;0
apprécier;0;2;2;0;0;3;1;2;11;7
approcher;0;1;4;3;0;1;3;1;4;11
élever;0;0;0;0;0;14;0;5;6;2
venezuela;1;1;7;0;0;1;2;0;1;3
symbole;0;0;5;0;1;3;5;0;4;8
stopper;0;0;5;4;2;5;1;0;5;2
stats;0;0;0;1;0;2;3;0;1;18
socialisme;0;0;0;0;1;15;2;0;1;6
rêver;2;0;1;0;0;7;7;1;7;1
rio;0;0;18;0;0;0;0;0;3;6
ravir;0;0;3;1;0;2;0;0;12;8
prof;0;0;0;0;1;2;0;0;22;2
pot;0;3;1;1;0;17;4;0;0;1
patient;0;1;3;2;0;11;0;0;7;1
parcours;1;0;0;3;0;3;3;2;6;7
palestiniennes;0;0;24;0;0;0;0;0;0;1
neuchâtel;2;7;0;0;0;3;13;0;2;0
naissance;1;0;1;0;4;5;0;2;10;3
mobiliser;0;0;13;1;1;2;2;0;5;3
masculin;0;0;1;0;0;1;1;6;16;2
maire;0;0;7;0;0;2;1;1;1;6
large;0;0;4;0;0;4;3;0;10;5
joie;1;2;8;2;0;1;3;0;8;2
intellectuel;0;2;2;1;2;1;0;0;1;18
infirmier;0;0;0;1;0;15;1;1;5;1
indépendance;0;0;13;0;0;2;2;1;6;3
idem;0;2;1;0;0;10;5;1;5;2
héros;4;0;4;2;0;2;2;1;4;8
exterminer;0;1;24;0;0;0;0;0;2;0
entretien;0;0;0;3;0;11;1;0;10;2
enseignant;0;0;0;0;3;8;0;1;12;1
enfer;0;2;4;0;0;4;1;0;10;5
employeur;0;1;0;1;2;14;0;2;1;5
emji_visage_sans_expression;0;1;0;0;0;4;9;0;0;4
emji_symbole_d_avertissement;0;1;5;0;1;9;1;2;1;3
emji_ruban_de_mémoire;7;0;2;0;0;1;0;0;1;0
emji_mains_levées_peau_claire;14;1;1;0;0;2;2;0;2;5
consulter;0;1;0;0;0;4;2;0;4;16
conduite;0;0;0;1;0;1;13;0;3;9
clé;0;0;2;2;0;6;9;0;4;4
cirque;0;1;4;3;0;2;10;0;7;0
censure;0;1;1;0;0;0;0;0;1;24
canon;0;0;2;21;0;1;0;0;1;1
blâmer;0;0;1;1;0;5;6;0;6;6
beauté;3;2;0;0;1;0;2;0;18;1
apartheid;0;0;23;0;0;3;0;0;0;0
amazon;0;0;0;0;0;2;25;0;0;0
agressif;0;0;4;2;1;0;1;0;8;8
afghanistan;0;0;12;0;0;1;0;4;2;6
épisode;1;0;5;3;0;2;0;1;2;4
virer;0;1;0;0;2;5;0;0;8;9
télé;0;1;2;0;0;0;0;1;8;7
trottoir;0;1;0;1;0;0;23;0;0;0
surface;0;0;1;0;0;2;20;0;1;2
sportif;0;0;0;1;0;6;2;0;10;4
semblant;0;2;3;2;0;1;0;0;13;5
section;0;2;0;1;0;0;1;1;1;18
récemment;0;1;10;2;1;1;2;1;3;5
réaliste;0;0;1;1;2;9;4;0;0;9
rencontrer;0;2;0;1;0;8;2;1;10;1
remonter;0;2;1;0;0;10;3;1;2;4
refléter;0;0;4;0;1;1;1;1;9;9
préserver;0;1;1;3;0;8;0;0;7;6
piéton;0;1;0;1;0;0;19;0;2;0
peinture;0;2;0;1;0;2;7;0;7;4
parc;0;0;1;0;0;3;17;0;2;0
papa;1;0;1;2;0;3;2;0;14;2
orienter;0;0;1;0;0;3;1;1;1;17
oral;0;0;0;0;24;1;0;0;0;1
officiellement;0;0;19;0;0;3;0;1;1;1
odeur;0;22;1;0;0;1;0;0;1;0
nouvel;0;1;4;0;1;1;0;0;2;8
norvège;0;0;0;0;0;21;1;0;0;0
normalement;0;1;1;1;0;8;0;1;4;3
médian;0;0;0;0;0;19;0;0;2;3
multinationale;0;0;2;0;0;17;3;0;1;1
mer;0;2;4;0;0;1;14;0;2;1
mdrrr;0;4;1;2;0;0;4;0;2;13
magique;2;1;1;0;0;5;5;1;8;3
jalousie;0;1;1;1;0;4;1;0;2;15
insécurité;0;0;0;1;0;7;0;2;7;8
ignorant;0;1;0;0;5;2;0;0;1;16
hôtel;0;1;1;0;0;8;12;0;1;1
gagnant;0;1;1;0;0;11;4;1;2;4
féminicides;0;0;1;0;0;3;0;1;1;20
fuite;0;2;4;0;0;1;5;0;4;10
football;0;0;1;1;0;1;3;0;10;4
fasciste;0;0;4;2;0;2;0;0;0;17
factuel;0;0;1;0;0;2;0;1;2;19
facilité;0;0;0;2;5;1;3;4;5;5
extérieur;0;1;3;0;0;6;5;0;10;1
entourer;0;0;2;0;2;0;1;8;10;2
entité;0;0;20;1;0;0;0;0;0;4
encadrer;0;2;0;5;0;3;1;0;3;12
emprisonner;0;0;15;0;0;2;1;1;4;3
emji_visage_souriant_avec_de_grands_yeux;2;7;0;1;1;2;2;1;8;0
emji_cotillons;8;0;0;1;0;1;0;0;0;0
emji_biceps_contracté_peau_légèrement_mate;11;0;0;1;0;0;0;0;2;0
déterminer;0;0;2;2;1;1;1;1;4;13
détenu;0;0;19;0;0;1;1;0;0;4
dépression;0;0;0;0;0;7;11;1;4;3
déplaire;1;0;1;1;0;0;1;3;3;16
déguiser;0;0;3;3;0;9;1;1;3;6
déclaration;0;0;6;2;0;7;1;0;3;7
douane;0;0;1;1;0;17;6;0;0;1
disposition;0;0;0;5;1;5;4;0;1;9
comporter;0;0;4;4;0;1;2;1;8;6
choquant;0;0;1;14;0;1;2;0;3;3
bénéfique;0;0;0;0;0;12;2;3;2;7
bitcoin;0;0;1;0;0;14;8;0;0;0
barrage;0;0;0;1;0;1;1;0;1;0
automobiliste;0;0;0;1;0;0;20;0;2;3
auteur;1;0;0;1;0;0;0;1;1;20
amuser;0;1;1;2;0;3;3;1;11;4
évolution;1;1;1;0;0;4;1;1;13;1
étrange;0;1;1;1;1;2;3;1;2;13
wokisme;0;0;0;0;0;0;0;0;1;22
vulnérable;0;0;2;0;0;3;3;6;6;5
usager;0;0;0;0;0;0;20;0;2;2
typique;0;1;4;0;0;0;1;1;5;13
tv;0;1;3;0;0;4;2;0;5;5
taxé;0;1;0;0;0;23;0;0;0;0
taff;0;0;0;2;1;1;1;1;13;4
surprenant;0;1;3;1;0;1;4;0;6;9
signature;1;1;5;1;0;2;1;0;1;11
sale;0;1;14;2;0;1;1;0;4;2
révéler;0;1;5;0;0;3;3;2;1;9
réprimer;0;0;2;20;0;0;1;0;1;1
régulièrement;0;0;5;0;0;4;6;2;3;5
risquer;0;1;2;0;0;6;5;0;9;2
respirer;0;1;0;1;4;1;3;0;8;6
reparler;0;0;3;0;0;2;0;13;5;0
relier;0;0;3;0;0;3;15;0;0;4
relayer;0;1;7;4;0;1;0;0;1;10
recommencer;0;1;9;5;1;5;0;0;4;0
péter;0;5;1;1;0;1;3;0;12;2
pénurie;0;0;0;0;0;17;4;0;1;1
purement;0;0;2;0;1;2;3;0;3;13
prévenir;0;1;5;2;0;3;2;0;5;7
politiquement;0;0;3;0;0;0;1;0;4;17
parallèle;0;1;5;0;0;12;2;0;1;3
ouvrier;0;0;0;0;0;20;2;0;1;0
ouvert;0;0;0;0;0;10;5;1;6;3
opprimé;0;0;20;0;0;1;0;0;1;2
office;0;0;0;0;0;6;2;3;1;11
nucléaire;0;1;6;0;0;0;11;1;5;1
nommer;0;0;14;0;0;3;3;1;2;2
net;0;1;0;0;1;16;0;0;1;5
navrer;0;0;0;1;0;2;1;5;5;11
métro;0;1;0;0;0;2;20;0;1;1
mélange;1;1;0;1;0;4;3;0;8;6
médiatique;0;1;11;0;0;3;2;0;5;3
masqué;0;1;0;17;0;0;0;1;2;4
manipulation;0;1;5;0;0;3;0;0;3;12
lula;0;2;1;0;0;1;2;0;2;16
interne;0;0;2;6;0;3;1;0;6;7
interdit;0;0;4;17;0;0;0;0;2;1
guillemet;0;0;9;0;0;0;0;0;0;14
féliciter;0;0;5;1;0;0;1;1;13;4
fiction;0;0;0;0;0;0;1;2;4;18
famine;0;0;22;0;0;1;0;0;0;1
exploitation;0;0;3;0;0;11;6;0;1;3
existant;0;0;2;0;0;3;5;2;1;11
exigence;0;1;0;2;12;4;0;0;2;1
enfermer;0;1;10;1;0;0;0;1;8;3
emji_visage_éméché;0;8;5;0;1;1;1;0;4;1
emji_visage_triste_mais_soulagé;12;0;0;1;0;2;1;0;2;1
emji_visage_déçu;12;2;0;0;1;2;1;0;4;0
emji_sapin_de_noël;17;1;0;0;0;1;0;0;1;1
emji_sac_plein_d_argent;0;0;0;1;0;7;0;0;4;2
emji_drapeau_union_européenne;2;0;0;0;0;2;1;0;0;0
emji_cornes_avec_les_doigts;6;10;0;0;0;1;0;0;0;0
désir;1;0;1;0;0;2;1;3;4;13
dérèglement;0;0;0;0;0;0;14;0;0;11
dictateur;0;1;6;0;0;2;0;0;2;12
couverture;0;0;3;3;0;4;5;0;6;3
coter;0;0;4;1;1;5;1;0;10;2
concrètement;0;0;1;0;1;4;0;2;5;12
concours;1;0;1;0;0;2;1;0;15;4
communication;0;0;2;0;1;1;2;1;1;17
chocolat;0;7;0;0;0;6;4;0;0;0
chantier;0;0;0;1;5;6;5;0;7;1
catégorie;0;0;1;2;0;3;5;0;0;13
bureau;0;1;1;0;0;20;2;0;0;1
brigitte;3;0;0;0;0;0;0;1;14;6
boycotter;1;1;3;0;1;12;5;0;1;1
block;0;0;3;18;0;2;1;0;1;0
bardot;0;0;0;0;0;0;0;1;17;6
assister;0;2;4;1;0;2;2;1;7;6
applaudir;0;1;6;0;0;1;6;0;4;7
antisémite;0;0;24;0;0;0;0;0;0;1
admettre;0;0;3;0;0;11;3;0;2;6
aberrant;0;1;0;3;0;7;4;0;3;6
émotionnel;0;1;1;0;0;0;0;2;6;14
woke;0;0;0;0;0;0;0;3;6;13
vouvoyer;0;0;0;0;20;0;0;0;0;4
vache;0;3;0;1;1;6;6;0;4;3
turquie;0;0;10;0;1;6;0;0;3;3
touriste;0;0;4;0;1;14;3;0;2;0
toilette;0;3;0;8;1;0;5;0;4;2
substance;0;0;1;0;0;0;11;1;1;9
spécialiste;0;0;2;0;0;11;2;0;1;8
sondage;1;2;0;0;0;2;1;3;4;8
sensible;0;0;1;0;0;1;0;1;10;9
réunir;0;0;2;14;0;1;5;0;1;0
requin;0;1;1;0;0;2;17;0;0;1
rassemblement;0;0;3;19;0;0;0;0;0;2
puissance;0;0;7;0;0;1;4;3;1;4
précaire;0;0;4;0;1;13;1;0;0;4
progrès;0;0;0;1;0;4;11;0;2;1
poursuivre;0;0;9;5;0;3;0;2;4;1
poursuite;0;0;0;2;0;12;1;0;0;6
pomme;0;1;0;0;0;6;9;1;1;2
polémique;0;1;1;0;0;3;0;0;3;15
pleurnicher;0;1;3;0;0;4;3;1;1;8
pathétique;0;0;3;0;0;3;0;1;12;3
oppression;0;0;12;1;0;0;0;0;4;6
note;0;0;0;1;0;4;1;0;3;13
multiple;0;0;3;0;0;1;0;1;3;14
mr;1;2;3;1;0;0;3;0;3;10
mortel;0;1;0;1;0;8;7;1;2;4
meurtrier;0;0;17;0;0;0;2;1;1;3
masque;0;0;2;14;0;0;1;1;5;1
humoriste;0;0;0;0;11;0;1;0;9;3
fusil;0;0;6;1;0;6;3;1;4;0
fumée;0;0;0;0;0;1;17;0;5;1
festival;0;0;5;1;3;5;2;0;5;3
exécuter;0;0;18;1;0;0;0;0;2;2
examen;0;1;1;0;12;3;5;0;1;1
espagnol;0;1;2;0;13;1;4;0;3;0
entraîner;0;2;3;0;0;4;4;0;4;5
enseigner;0;1;0;0;1;7;4;0;9;2
empire;0;0;13;0;0;3;1;0;1;4
emji_poing_levé;4;6;5;5;0;0;0;1;1;1
dégradation;0;1;5;11;0;1;0;0;3;2
définir;0;1;5;2;0;0;1;0;6;9
décéder;0;1;2;8;0;4;1;2;4;2
durer;0;1;5;1;0;7;2;0;3;4
couteau;0;1;5;10;0;1;1;0;3;3
constructif;0;0;0;0;0;0;0;0;18;5
collaboration;0;1;9;0;0;0;1;2;4;0
cohérent;0;1;4;0;0;1;4;0;6;8
cicr;0;0;9;0;0;7;1;0;6;1
chambre;0;0;1;3;0;1;4;0;7;8
cambriolage;0;0;0;0;0;2;1;1;1;18
biologique;0;0;0;0;0;1;9;7;0;7
bin;0;1;0;6;0;0;2;1;9;4
bienne;2;1;0;0;0;0;10;0;7;2
abe;0;0;0;2;0;5;2;1;10;3
équilibré;0;0;0;0;0;3;9;0;4;4
église;0;0;10;0;0;4;1;1;3;4
verre;1;0;0;1;0;1;15;3;1;1
université;0;0;0;0;0;7;1;0;7;8
toit;1;0;3;0;0;4;6;1;7;1
terreur;0;0;22;1;0;0;0;0;0;0
tempête;0;3;2;0;0;0;1;1;10;6
taser;0;0;0;22;0;0;0;0;0;0
tas;0;0;0;3;3;3;2;2;6;2
sélectif;0;1;5;1;0;0;0;0;8;7
stress;0;0;0;1;0;7;2;2;9;1
spectacle;0;1;0;1;1;1;7;0;10;1
sourire;2;2;2;0;7;4;0;0;5;1
soucier;0;0;1;4;0;3;0;0;1;12
soeur;0;0;9;0;0;2;0;3;2;4
salariales;0;0;0;0;0;16;0;2;0;5
résumer;0;0;1;1;2;5;2;0;0;12
république;0;0;11;0;0;1;0;1;1;4
remise;0;0;3;1;0;0;0;0;3;16
recycler;0;0;2;0;0;1;18;0;0;1
rater;0;4;0;4;1;1;1;6;2;2
pratiquer;0;1;10;2;0;3;0;0;1;5
pratiquement;0;0;0;4;0;6;7;0;3;2
potentiel;0;0;0;0;0;3;3;2;2;12
portée;0;1;1;7;0;2;1;0;1;10
pilier;0;0;0;2;0;17;0;1;0;1
parlement;0;0;2;1;0;4;0;0;1;15
paquet;0;3;0;0;0;2;3;0;13;2
panier;0;0;1;0;0;4;6;0;10;2
occurrence;0;1;0;0;0;1;4;1;0;16
moin;0;0;0;1;0;6;5;2;7;2
modifier;0;1;1;0;0;4;5;0;4;7
mission;0;1;2;3;0;4;0;0;9;4
massivement;0;0;1;1;0;6;9;1;1;4
mafia;0;0;3;0;0;15;0;0;0;3
lobby;0;1;0;1;1;5;1;0;2;10
interroger;0;1;4;2;0;3;1;0;0;12
incompétent;0;1;3;0;0;5;1;0;9;4
folie;0;0;3;1;0;3;2;0;11;1
favela;0;0;5;1;0;1;0;0;12;2
essence;0;0;1;0;0;7;9;0;2;4
entrepreneur;0;0;1;0;1;19;0;0;1;0
emji_personne_qui_hausse_les_épaules;0;2;0;0;0;8;3;0;5;2
emji_deux_coeurs;12;1;0;0;0;0;0;1;3;0
détenir;0;1;3;0;0;10;0;0;1;7
désormais;0;0;4;1;1;1;1;0;1;14
déplacement;0;0;3;1;0;6;11;0;0;1
déménager;0;0;0;1;0;17;2;0;2;0
disposer;0;0;1;1;0;7;4;2;3;5
dignité;0;0;4;2;0;1;0;0;12;4
céder;0;0;3;2;0;10;3;0;0;4
croissant;0;7;0;0;0;9;3;0;0;2
coucher;0;0;1;1;0;1;3;2;14;0
contester;0;0;0;2;0;8;1;0;2;9
constamment;0;1;3;1;0;10;0;0;3;5
conservateur;0;0;0;0;0;0;2;0;1;19
citation;1;0;0;0;0;0;0;0;0;18
bruit;0;1;0;0;0;0;2;0;16;2
bouchon;0;1;0;0;0;2;20;0;0;0
bol;0;0;2;13;0;2;1;1;1;3
bloc;0;0;3;18;0;2;0;0;0;0
attribuer;0;0;1;0;0;6;3;4;1;5
atrocité;0;0;13;0;0;0;1;0;4;5
asf;0;3;0;1;0;0;0;0;18;0
annuel;0;0;0;0;0;20;2;0;0;1
adn;0;1;2;1;1;3;1;2;3;7
activement;0;0;5;3;0;8;0;1;5;1
étape;0;0;1;0;0;2;1;0;13;5
écriture;0;0;0;0;6;1;0;0;4;3
you;4;0;6;3;0;0;0;0;7;0
volontairement;0;0;3;1;0;1;8;2;1;5
visiter;0;1;3;0;0;4;5;0;2;6
trou;0;2;1;1;0;9;4;1;2;2
troll;0;2;0;0;2;1;0;0;3;14
tjs;0;0;0;0;1;2;4;0;7;5
swisscom;0;3;0;0;0;13;2;0;1;1
succession;0;0;0;0;0;20;2;0;0;0
subventionner;0;0;3;0;0;17;2;0;0;0
st;0;3;0;0;0;0;17;0;1;0
splendeur;0;2;11;0;0;4;0;1;3;1
soulever;0;0;2;1;0;2;3;0;0;14
sommeil;0;0;2;0;0;0;5;0;8;7
solide;0;1;1;0;0;9;7;0;0;3
slogan;0;0;5;3;0;1;1;0;1;11
similaire;0;0;2;0;0;5;0;0;1;13
signaler;0;0;1;9;0;3;0;2;3;3
serrer;0;0;1;0;0;2;9;0;8;2
serafe;1;1;1;0;0;2;0;0;1;16
satisfaire;0;0;2;1;0;7;1;0;1;8
routier;0;0;0;2;0;1;15;0;1;3
romands;0;1;0;0;11;5;4;0;1;0
revendiquer;0;1;4;2;0;1;0;2;0;12
restreindre;0;0;0;7;1;4;1;0;2;6
recruter;0;1;6;0;0;15;0;0;0;0
putain;0;2;2;1;0;5;1;0;2;0
précieux;2;0;0;0;0;5;0;1;12;2
proportionnel;0;1;5;1;0;7;0;0;1;3
pk;0;0;0;1;0;1;0;2;15;2
piller;0;0;13;0;1;4;0;0;1;3
parfum;0;10;1;0;0;2;3;0;2;1
orthographe;0;7;1;0;2;0;0;1;5;6
organisme;0;0;6;1;0;1;11;0;1;2
organisateur;0;0;1;15;0;1;0;0;1;3
objectivement;0;0;2;0;0;0;0;0;1;18
nigeria;0;0;19;0;0;1;0;0;1;0
mépris;0;0;1;0;0;6;0;0;11;4
missile;0;1;17;0;0;1;1;0;1;0
maltraiter;0;0;4;2;1;1;2;4;7;1
maltraitance;0;0;1;0;0;0;0;0;14;6
malhonnête;0;0;0;3;4;2;1;0;1;11
malheureux;0;1;3;1;0;2;2;7;4;1
lent;0;0;0;0;0;2;7;1;4;6
lara;15;1;0;0;0;0;0;1;3;1
judiciaire;0;0;6;1;0;3;0;0;1;11
japon;0;1;0;1;0;0;12;2;2;1
jai;0;2;1;0;0;3;3;0;9;1
is;0;4;2;1;0;0;1;0;9;3
illusion;0;0;1;0;2;2;4;0;9;4
homicide;0;0;0;0;0;1;0;0;1;17
go;7;0;0;1;0;0;1;0;1;8
garçon;0;0;0;1;0;0;1;2;18;0
gang;0;0;17;0;0;0;0;0;3;1
galer;0;1;0;0;0;10;0;3;8;0
frs;0;1;0;0;0;17;1;0;0;0
exceptionnel;2;2;0;1;0;4;6;1;2;4
esclave;0;2;1;1;0;3;4;4;1;5
emji_étoile_brillante;14;0;0;0;0;0;0;1;3;0
emji_visage_démoralisé_avec_goutte_de_sueur;0;7;0;1;0;2;1;0;7;0
emji_visage_avec_un_doigt_sur_la_bouche;0;7;4;0;0;4;2;0;3;2
emji_ninja_peau_mate;0;1;19;0;0;0;0;0;0;0
emji_drapeau_cap_vert;9;0;0;0;0;0;0;0;0;0
détresse;0;0;0;10;0;0;0;0;5;6
détention;0;0;19;1;0;0;0;0;1;1
dérouler;0;0;2;8;0;1;1;0;3;6
dégager;0;2;7;0;4;3;0;5;0;1
dose;0;0;0;0;0;1;12;0;3;4
domination;0;0;1;0;0;0;0;1;7;11
document;2;0;3;5;1;0;0;0;1;8
distribuer;0;0;0;1;0;10;5;0;1;4
diplôme;0;0;0;1;1;16;0;0;1;2
copier;0;1;1;0;1;7;2;1;1;7
conviction;0;0;1;0;0;1;1;2;7;10
constant;1;0;3;1;0;8;4;0;2;3
communisme;0;1;1;0;0;5;0;0;0;10
commission;0;0;7;0;0;4;0;0;0;4
combler;0;0;0;0;0;13;1;0;5;3
co2;0;0;0;0;0;3;18;0;0;1
carbone;0;0;0;0;0;0;19;0;1;1
boulangerie;0;3;0;0;0;2;15;0;0;0
botte;0;3;2;0;1;1;0;0;15;0
bien_être;0;0;0;0;0;6;1;0;7;7
auprès_de;0;0;2;0;0;4;3;0;2;10
atmosphère;0;0;0;0;0;1;15;0;0;4
artificiel;0;0;1;0;0;0;9;0;0;11
annemasse;0;4;1;0;0;1;12;0;0;1
ampleur;0;0;1;1;0;2;5;0;1;12
allié;0;0;13;0;0;0;0;0;5;2
alimentation;0;0;0;0;0;5;13;0;0;3
agence;0;0;1;0;0;15;1;0;1;2
affamer;0;0;21;0;0;1;0;0;0;0
acquérir;0;0;0;1;1;9;2;1;1;7
accumuler;0;0;0;0;0;18;3;0;0;1
a2;0;1;0;0;20;0;0;0;1;0
éventuellement;1;0;0;0;0;3;5;1;6;4
étouffer;0;1;1;3;0;5;1;0;1;9
épargner;0;1;2;0;0;11;1;0;1;4
élite;0;1;2;1;0;5;1;0;1;10
électronique;0;0;0;1;0;5;9;0;5;0
écran;0;0;0;1;0;2;0;0;3;14
vital;0;0;2;0;0;14;2;0;1;2
visibilité;0;0;3;0;1;3;2;0;11;1
troisième;0;0;1;0;0;3;5;0;2;7
tram;0;0;0;1;0;1;17;0;1;0
tragédie;0;1;9;1;0;1;1;1;5;2
théâtre;0;0;0;0;0;3;2;0;7;9
thermique;0;0;0;0;0;1;18;0;0;2
terrasse;0;0;0;0;0;1;16;0;2;0
superbe;3;2;1;0;0;1;11;0;1;2
septembre;0;0;9;0;0;2;2;0;3;5
résumé;1;2;0;0;0;3;1;1;3;10
répartition;0;0;0;0;0;7;2;6;1;4
rémunérer;0;0;1;0;0;14;1;2;1;2
ruine;0;0;7;0;0;8;4;0;1;0
riponne;0;1;0;0;0;0;7;0;8;5
radical;0;0;15;0;1;1;1;0;1;2
qqun;0;0;1;1;1;2;0;2;8;4
publicité;0;0;2;0;0;6;1;1;3;8
propriété;0;0;2;2;0;5;0;2;0;8
promouvoir;0;0;1;1;0;3;1;1;2;11
probleme;0;0;1;0;0;3;9;1;6;0
poule;0;0;0;0;0;2;1;0;1;2
potentiellement;0;0;2;1;0;8;1;0;1;8
plante;0;0;3;1;0;3;10;0;3;1
pdg;0;0;0;1;0;15;0;0;0;0
passion;1;0;0;0;0;1;3;0;11;5
parental;0;0;0;0;0;1;1;12;0;5
oeuf;0;2;0;1;0;0;7;0;1;7
nécessité;0;0;1;5;0;2;6;0;2;5
natalité;0;0;0;0;0;15;0;0;2;1
narratif;0;0;9;0;0;1;0;0;0;11
menteur;0;5;9;0;0;0;0;0;2;3
maîtrise;0;0;2;0;12;3;0;0;0;4
max;0;0;0;0;1;8;6;0;3;2
librement;0;1;1;4;0;3;2;1;5;4
lait;0;2;0;0;0;6;7;1;2;1
juriste;0;1;0;0;2;0;0;0;0;15
jardin;0;0;0;0;0;0;12;1;6;1
interview;0;0;7;1;2;1;0;0;6;4
instaurer;0;0;5;3;0;8;1;0;2;1
illégalement;0;0;7;7;0;1;1;0;5;0
geneve;0;2;1;2;1;2;10;0;1;0
fumigène;0;0;0;20;0;0;0;0;0;0
front;0;0;0;4;0;7;0;1;9;0
fonctionnement;0;0;2;2;1;6;2;0;0;8
fil;0;0;1;0;0;1;5;1;3;10
exemplaire;1;1;3;9;0;0;0;1;3;3
excessif;0;0;0;1;1;8;1;0;4;6
ennemi;0;0;7;0;0;2;0;0;7;4
emji_visage_endormi;0;15;1;0;0;2;0;0;1;1
emji_pouce_vers_le_haut_peau_moyennement_claire;14;0;0;0;1;1;0;0;2;1
emji_index_pointant_vers_l_utilisateur;4;15;0;0;0;0;1;0;1;0
emji_biceps_contracté_peau_claire;11;0;0;1;0;0;0;0;1;0
démarche;0;0;3;0;0;0;0;1;8;9
dégrader;0;0;1;2;0;5;0;1;1;11
douleur;1;2;5;0;0;2;0;2;8;1
divorce;0;0;0;0;0;3;0;8;0;7
diffamation;0;2;1;0;0;0;1;0;0;16
dette;0;0;0;0;0;11;3;0;3;3
description;0;0;1;1;0;0;1;0;1;17
delà;0;0;1;1;0;7;1;1;3;7
deal;0;1;5;0;0;6;7;0;1;1
curieux;0;0;0;3;0;1;1;0;11;4
crédibilité;0;1;8;1;0;1;0;0;5;5
créateur;1;0;2;0;0;9;2;0;4;2
croix;0;2;9;0;0;0;2;0;2;4
croissance;0;0;0;0;0;17;2;0;0;2
craindre;0;1;1;2;0;3;1;5;2;4
cour;0;0;18;1;0;0;0;0;1;1
contacter;0;3;1;0;0;5;2;0;9;1
conjoint;0;1;0;0;0;2;0;11;0;5
conclure;0;0;4;1;0;1;1;0;1;11
collaborer;0;0;9;2;0;3;1;1;2;3
cognitif;0;1;1;0;0;0;1;0;0;18
cliché;0;0;1;1;0;2;1;1;7;6
clavier;0;2;0;1;0;3;1;0;12;1
classique;0;0;2;1;0;3;3;0;1;10
chauffer;0;2;0;1;0;0;17;0;1;0
catastrophique;0;0;0;0;0;10;1;0;1;9
capitale;1;0;1;6;0;1;3;0;3;3
calmer;0;1;1;5;0;1;1;0;6;6
biodiversité;0;0;0;1;0;0;9;0;0;8
bernois;0;4;1;11;0;2;1;0;0;1
bernard;0;1;0;1;0;17;0;0;1;0
bb;3;1;1;0;0;1;0;0;13;1
basique;0;1;1;0;1;2;1;0;6;8
bannir;0;1;2;0;0;0;9;0;1;8
bandit;0;0;4;1;0;2;0;0;10;3
balcon;0;0;0;16;0;1;3;0;1;0
b1;0;0;0;0;19;0;0;0;1;1
arrestation;0;0;10;5;0;0;2;0;1;3
and;1;3;6;0;1;1;1;0;0;5
alémanique;0;0;0;0;3;8;2;0;5;2
agriculture;0;0;1;0;0;3;15;0;1;0
aborder;0;0;0;0;0;1;1;5;8;6
épuiser;0;0;0;0;0;6;8;0;1;3
énerver;0;1;0;2;0;2;1;0;11;1
écosystème;0;0;1;0;0;2;12;0;3;2
yémen;0;0;19;0;0;0;0;0;0;1
vrm;0;4;6;0;0;1;1;0;7;0
voiler;0;1;4;0;0;5;2;0;1;5
vif;0;2;1;0;0;0;13;1;3;0
tunnel;0;0;15;1;0;0;0;0;0;1
tjr;0;1;0;1;0;6;0;1;4;7
timbre;0;15;0;0;0;0;1;0;2;0
tiers;0;0;1;1;0;2;3;2;10;0
thune;0;1;0;0;0;12;1;0;3;2
systémique;0;0;0;0;0;3;1;1;0;13
supermarché;0;0;1;0;0;4;14;0;0;0
soignant;0;0;1;2;0;14;0;0;2;1
slide;1;3;1;0;0;1;1;0;2;9
sdf;0;0;2;1;0;14;2;0;1;0
sapin;0;1;0;0;0;0;17;0;0;1
saisir;0;0;4;0;0;6;0;0;2;8
résister;0;0;6;1;0;5;2;0;0;5
réserve;1;1;0;0;0;16;2;0;0;0
représentatif;1;0;2;2;0;2;1;0;0;12
rejeter;0;0;4;0;0;1;5;0;0;10
refus;0;1;3;1;0;1;2;1;9;2
rechercher;0;0;2;3;0;2;0;0;2;11
raser;1;1;8;0;0;3;0;0;7;0
ras;0;0;3;11;0;3;1;0;0;2
rarement;0;1;0;1;1;3;5;0;3;6
pétrolier;0;0;0;0;0;1;19;0;0;0
précision;3;0;2;1;1;2;0;0;1;10
propager;0;0;8;2;0;1;1;0;0;8
promotion;0;0;1;0;1;2;1;4;3;7
plat;0;2;0;1;1;0;5;1;6;4
pc;0;0;0;1;0;5;1;11;1;0
partisan;0;0;4;0;0;0;0;0;0;16
paradis;0;0;0;0;0;13;1;0;3;2
montage;0;1;3;0;0;3;1;0;0;11
mariage;0;0;0;0;0;2;1;11;0;6
lobbys;0;0;2;0;0;10;3;0;2;1
lingot;0;3;1;0;0;13;1;1;1;0
lgbt;0;0;4;0;1;1;0;0;1;13
jsp;0;1;2;1;0;2;2;1;11;0
journalistique;0;0;2;2;0;0;2;0;1;13
jogging;0;0;0;0;0;0;4;0;11;0
issue;0;0;2;7;0;1;2;0;2;6
islamique;0;0;14;1;0;0;0;1;0;3
interpréter;0;0;1;1;0;2;0;0;0;14
inquiétant;0;0;0;1;0;2;0;0;1;16
influencer;0;0;1;0;0;2;0;0;4;12
inde;0;0;1;1;0;0;8;0;5;4
importation;0;0;0;0;1;7;11;0;0;0
illustre;0;0;0;2;0;2;1;0;1;14
humaniste;0;1;5;1;0;1;0;3;5;3
hallucinant;0;4;3;2;0;1;1;0;7;2
gratuitement;0;1;0;0;1;10;3;1;0;4
goûter;2;7;0;0;0;3;5;0;2;1
frustration;0;2;1;0;1;0;1;1;2;12
fr;0;1;2;0;0;8;6;0;1;1
fiable;0;0;6;0;0;2;1;0;6;5
exploit;0;1;1;0;0;1;0;0;12;3
ethnique;0;0;19;0;0;0;0;0;0;1
entourage;0;1;1;0;0;7;2;0;2;7
emji_visage_bleu_et_froid;0;12;0;0;0;0;0;1;0;0
emji_fleur_fanée;11;0;0;0;1;1;0;0;0;1
emji_coeur_vert;11;0;1;0;0;1;2;0;1;2
emji_coeur_bleu;13;1;0;0;0;0;0;1;0;0
déclencher;0;0;12;0;0;0;0;0;1;6
décevoir;0;11;1;0;0;1;3;0;3;0
douter;0;1;5;0;3;0;1;0;3;6
dent;0;1;1;2;0;5;2;0;3;2
corée;0;2;2;0;0;0;2;0;1;2
contradiction;0;0;1;2;1;1;0;0;2;13
connait;0;1;1;0;2;1;0;0;9;6
concurrence;0;0;0;2;0;13;4;0;1;0
complémentaire;0;0;0;0;0;10;1;0;0;8
chips;4;14;0;0;0;0;0;0;1;0
cautionner;0;0;14;0;0;1;0;0;1;2
btc;0;0;0;0;0;15;0;0;1;1
britannique;0;0;6;0;2;1;0;0;1;5
bla_bla;0;2;2;1;0;1;1;0;1;1
au_delà;0;0;0;0;1;7;0;1;2;8
attiser;0;0;15;0;0;0;1;0;2;2
argumenter;0;0;0;0;0;4;0;0;4;12
algérie;2;0;14;0;0;2;1;0;0;0
aisé;0;0;0;1;1;14;2;0;0;1
afghan;0;0;4;1;1;0;1;7;2;3
addiction;2;0;0;1;0;6;8;1;1;1
accompagnement;0;1;0;0;0;2;3;3;6;3
évoquer;0;0;4;0;0;6;4;0;0;5
écraser;0;0;2;1;0;3;5;0;1;6
échouer;0;0;3;3;2;1;0;0;2;7
youtube;0;0;0;2;0;1;0;0;0;14
voyou;0;2;14;1;0;0;0;0;1;1
vomir;0;0;2;0;0;1;1;2;13;0
vendeur;0;0;1;0;0;6;7;0;2;1
valoriser;0;0;0;0;1;7;2;1;4;3
vague;0;4;1;1;0;1;8;0;2;2
utilité;0;1;2;1;0;9;1;0;2;3
usine;0;0;0;0;0;8;7;1;1;0
tordre;0;0;1;1;0;1;2;0;1;13
table;0;0;0;2;0;2;3;0;9;3
subvention;0;1;0;0;0;13;2;0;1;1
subjectif;0;0;0;0;0;0;0;0;11;8
structurel;0;0;0;0;0;0;4;0;1;13
spécifique;0;0;0;0;0;6;5;0;0;8
sauvage;0;0;3;9;0;1;1;0;4;1
saccager;0;0;2;13;0;1;0;0;1;2
rigueur;0;0;1;1;0;1;3;0;2;11
restriction;0;0;1;5;0;5;3;0;0;3
remboursement;0;0;1;0;0;16;1;0;0;0
rattraper;1;0;1;1;0;9;1;0;2;1
rabaisser;0;0;0;0;1;1;0;0;5;9
précarité;0;0;0;0;0;13;2;0;1;3
prononcer;0;0;4;0;5;0;0;0;2;8
pont;0;0;0;1;0;2;11;0;4;0
plier;0;2;0;0;0;7;2;4;0;3
phase;0;0;2;0;0;4;2;1;3;2
parier;0;1;2;1;2;4;0;0;7;1
opposé;0;1;4;1;0;0;0;1;4;7
noter;0;2;4;4;0;1;4;0;1;2
neurone;0;0;2;0;0;0;0;0;14;3
nettement;0;0;1;0;0;12;5;0;1;0
natif;0;0;1;0;17;0;0;0;0;0
mêler;0;2;1;1;0;0;0;0;11;3
mythe;0;0;1;0;0;7;4;1;0;6
miracle;1;0;2;0;0;4;2;0;10;0
mdrr;0;1;0;2;1;1;1;1;9;2
maître;0;0;2;0;1;3;1;0;11;1
mai;0;0;9;2;0;1;2;0;1;3
limitation;0;0;0;3;0;2;13;0;0;0
inverser;0;0;6;1;0;1;1;0;1;8
innovation;0;2;0;0;0;7;5;0;2;0
ingénieur;0;0;0;0;0;13;3;0;1;2
indécent;0;0;0;0;0;12;2;0;0;5
inconnu;0;0;1;1;0;0;0;1;8;8
inaction;0;0;6;1;0;0;2;1;2;6
inacceptable;0;0;3;4;0;3;0;0;5;4
géant;0;0;1;0;0;11;5;0;0;2
gaspillage;0;1;0;0;0;5;10;0;2;0
gain;0;0;1;1;0;11;2;0;2;2
fléau;0;1;1;0;0;1;2;0;11;2
fixer;0;0;1;1;0;11;2;0;1;3
excès;0;1;0;0;1;1;13;0;1;2
etats;0;0;15;0;0;1;0;0;1;2
entretenir;0;0;2;0;0;9;1;1;6;0
ennuyer;0;3;0;0;0;0;0;0;9;7
emporter;0;2;2;0;0;1;1;0;5;8
emji_étoile;9;0;1;0;0;0;0;0;0;0
emji_visage_implorant;9;0;1;0;0;3;0;1;1;2
emji_mains_qui_forment_un_coeur_peau_moyennement_claire;10;1;1;0;0;0;2;1;3;0
emji_mains_levées_peau_moyennement_claire;9;2;0;0;0;0;0;0;2;2
emji_mains_en_prière_peau_mate;5;2;0;1;0;2;0;0;4;0
embaucher;0;0;0;0;0;16;1;0;2;0
ego;0;0;1;1;0;0;0;0;2;15
délire;0;5;1;1;1;2;0;1;7;1
décembre;0;0;1;0;0;7;10;0;0;1
disparition;0;1;2;0;0;0;4;1;2;8
dab;0;0;0;0;0;2;10;0;1;1
croyance;0;0;3;0;0;1;0;1;2;12
contraint;0;0;0;1;0;1;3;6;4;3
constituer;0;0;9;0;0;3;0;1;2;4
conjugal;0;0;0;0;0;0;0;14;2;3
comparable;0;1;4;0;0;0;10;1;0;3
collectivité;0;0;0;1;0;9;1;0;6;1
cochon;0;2;1;1;0;2;0;0;7;2
classement;0;1;0;0;1;1;1;0;2;3
chatgpt;0;5;0;0;0;0;0;0;8;5
chapeau;0;0;0;0;0;4;0;0;1;8
chanter;2;0;6;0;7;0;0;0;2;2
cercle;0;1;1;0;0;2;1;0;5;8
caissier;0;0;0;0;0;7;0;0;1;4
c2;0;1;0;0;17;0;0;0;0;0
briser;0;0;13;1;0;2;2;0;1;0
bouffer;0;0;3;1;0;3;10;0;2;0
biaisé;0;1;0;0;0;0;0;0;0;18
bern;0;1;0;8;0;4;6;0;0;0
banaliser;0;0;2;1;0;1;1;2;2;10
assureur;0;0;0;0;0;16;0;0;0;2
armement;0;0;5;0;0;10;1;0;0;3
ancêtre;0;0;1;0;0;9;2;0;7;0
amnesty;0;0;13;1;0;0;0;0;0;4
aise;0;0;0;0;1;0;4;0;13;1
affiche;4;1;0;0;1;0;1;0;6;6
affect;0;0;0;0;0;1;1;0;0;17
activiste;0;0;6;1;0;0;0;1;5;4
actionnaire;0;0;0;0;0;16;1;0;0;0
équiper;0;0;1;7;0;1;6;0;1;1
élevage;0;0;0;0;1;2;13;0;1;1
égoïste;0;0;0;0;0;1;1;0;12;4
yodel;0;1;1;0;3;0;0;0;10;1
vénézuélien;0;1;6;0;0;1;0;0;1;8
votations;0;0;1;0;2;1;0;0;0;14
vegan;0;3;0;0;0;0;2;0;0;11
témoin;0;0;4;2;0;1;0;0;6;5
transporter;0;0;1;0;0;3;13;0;1;0
transaction;0;0;1;0;0;9;2;0;0;0
sélection;1;0;0;0;1;1;1;0;5;5
séjour;0;0;0;0;6;4;0;2;4;2
solidaire;0;0;0;0;0;6;0;0;2;10
socialement;0;0;0;0;0;4;0;1;4;9
sketch;0;7;0;0;0;2;1;1;0;7
silencieux;0;0;6;0;0;0;0;8;2;1
seuil;0;0;1;0;0;15;1;0;0;1
résistance;0;0;12;2;0;0;0;0;0;4
réparation;0;1;7;0;0;6;2;0;2;0
représentation;0;0;0;0;1;4;0;0;1;11
reproduire;1;0;1;0;0;1;2;0;10;3
rente;0;0;1;0;0;9;1;2;3;2
reconstruire;0;1;10;0;0;1;0;1;4;1
recommander;0;1;0;0;0;1;3;0;3;10
pull;0;0;0;0;0;1;10;0;4;1
préoccuper;0;1;5;3;0;2;5;0;0;2
proportionnellement;0;0;0;0;0;16;0;0;2;0
prince;0;0;1;0;1;1;2;10;0;1
poisson;0;0;0;1;0;1;9;0;5;1
pme;0;0;0;0;0;16;0;0;0;1
planter;0;0;0;1;0;3;10;0;2;2
participant;0;0;0;10;0;0;2;0;0;3
parer;3;0;0;0;1;5;0;0;8;1
organe;0;0;11;0;0;0;1;0;1;4
ofs;0;0;0;0;0;2;2;2;0;12
netanyahou;0;0;16;0;0;0;0;0;0;1
mètre;0;0;2;2;0;0;10;1;0;0
montreux;0;1;0;0;6;0;7;0;2;2
moche;0;0;2;0;0;0;4;0;11;0
min;0;1;0;1;1;2;9;0;2;1
majoritaire;0;0;1;0;0;4;0;3;1;9
limité;0;0;2;0;0;9;4;0;0;2
licencier;0;0;0;0;0;14;3;0;0;0
langage;0;0;2;1;0;0;0;0;6;9
irlande;1;0;0;0;0;8;0;0;0;6
indignation;0;0;4;3;0;1;1;0;3;5
imposition;0;0;0;0;0;17;0;0;0;0
immédiat;0;3;4;0;0;0;2;0;0;8
hurler;0;0;3;1;0;2;0;1;6;5
généreux;1;4;1;1;0;1;1;2;5;1
génocidaire;0;0;17;0;0;0;0;0;0;1
gazer;0;0;0;13;0;0;1;0;1;2
garantie;0;0;2;3;0;9;0;1;0;1
fêter;0;1;5;0;0;4;4;0;4;0
franchise;0;2;0;0;0;14;0;0;0;0
fm;0;0;0;0;0;0;13;0;0;1
expulser;0;0;6;0;6;1;1;0;3;0
emji_visage_en_colère;0;6;1;0;0;1;0;0;1;0
emji_feuille;15;0;1;0;0;0;0;0;0;2
emji_explosion;3;2;0;0;0;3;4;0;2;0
emji_croix_latine;6;0;3;0;0;0;0;0;0;0
emji_coeur_violet;14;0;0;2;0;0;0;0;1;0
emji_coeur_enflammé;2;0;1;0;0;0;0;0;0;0
emji_coeur_bleu_clair;7;3;0;0;0;0;0;0;2;0
emji_bouton_coché;2;0;2;1;0;6;2;0;0;1
déconnecter;0;1;1;0;0;1;1;0;4;10
dsl;0;9;0;1;0;1;2;0;4;1
diversité;0;0;0;0;0;3;1;0;6;7
dinguerie;0;3;1;0;0;3;1;0;7;2
diffuser;0;0;0;0;0;1;0;0;2;15
coûteux;0;0;0;0;0;9;3;0;2;4
contrainte;0;0;1;2;0;0;2;8;4;1
contenter;0;0;0;0;0;0;0;0;7;10
consacrer;0;0;1;3;1;1;0;3;8;1
concevoir;0;0;2;0;0;2;3;3;7;1
concert;2;1;0;4;0;1;3;0;1;3
coincer;0;0;2;5;0;3;2;1;5;0
centrale;0;0;0;0;0;3;8;1;3;0
centime;0;0;0;0;0;15;1;0;0;1
cagoule;0;0;1;16;0;0;0;0;0;0
c1;0;1;0;0;13;1;0;0;0;1
boucher;0;0;1;0;0;5;6;0;0;0
beurre;0;1;0;0;0;5;0;1;3;1
benjamin;0;3;11;0;0;1;0;0;1;0
bain;0;0;2;0;0;3;1;0;10;1
autoritaire;0;0;5;1;0;0;0;0;1;11
assistant;0;1;0;1;0;3;0;3;10;0
architecte;0;0;0;0;0;11;0;0;6;0
appart;0;0;2;5;0;6;4;0;0;1
alpe;0;1;1;0;1;1;7;0;4;1
éteindre;0;1;0;0;0;0;1;0;8;5
éclater;0;0;6;1;0;1;1;1;6;0
éclairer;0;0;1;0;0;1;1;0;1;13
wikipedia;1;2;1;0;0;0;0;0;0;13
volant;0;0;0;1;0;1;9;0;4;1
violeur;0;0;13;0;0;0;0;1;1;0
urgent;0;1;2;0;0;6;3;0;2;3
tourisme;0;0;0;0;0;3;10;1;1;2
totalité;0;0;4;0;0;5;1;0;5;0
tolérer;0;0;2;2;0;0;4;0;4;5
symbolique;0;0;1;1;0;1;1;2;1;10
suède;0;0;1;0;0;5;3;0;3;1
sueur;0;7;2;0;0;5;2;0;1;0
sommet;0;0;6;0;1;1;2;0;1;3
solaire;0;1;0;0;0;1;11;0;4;0
singapour;0;0;1;0;0;5;2;0;1;4
scénario;0;2;1;0;0;2;0;0;6;6
républicain;0;1;2;0;0;0;0;0;0;13
réforme;0;0;0;0;0;8;2;0;3;4
récolter;0;0;4;1;0;4;1;0;1;6
réchauffer;0;0;0;0;0;1;13;0;1;2
retraité;0;0;0;0;0;11;2;1;1;2
rentable;0;0;0;0;0;4;11;0;0;2
relâcher;0;0;7;0;0;1;3;0;5;1
rat;0;1;3;0;0;3;1;0;7;0
protéine;0;0;0;0;0;0;13;0;4;0
promener;0;1;0;4;0;1;5;0;5;1
profession;0;0;0;0;2;9;0;0;1;4
prestation;0;0;0;0;1;13;0;0;2;1
portugais;0;2;0;1;6;6;0;0;1;0
pompier;0;0;1;12;0;0;0;0;3;1
piscine;0;2;0;0;0;0;6;1;6;1
pause;0;0;2;0;0;5;3;1;4;2
pacifiste;0;0;1;14;0;0;0;0;0;2
ouvertement;0;0;4;0;0;0;1;0;2;10
oups;0;6;0;0;0;0;2;0;2;7
opposition;0;0;6;1;0;0;0;0;1;7
ong;0;0;4;0;0;5;1;0;0;7
oms;0;1;3;0;0;2;6;0;1;1
objectivité;0;1;0;1;0;1;0;0;0;13
naturaliser;0;1;0;0;16;0;0;0;0;0
météo;0;1;0;0;0;0;11;0;2;3
musk;0;1;0;0;0;3;2;0;0;11
mordre;0;0;3;5;0;2;0;0;3;4
mobilité;0;0;0;0;0;3;11;0;0;2
mascarade;0;0;1;1;0;11;1;0;2;1
maduro;0;0;15;0;0;0;0;0;1;0
louper;0;4;4;0;0;1;2;0;1;0
loisir;0;0;0;1;0;1;11;1;2;1
lambda;0;0;0;2;0;3;2;1;8;1
lacrymo;0;0;0;16;0;0;0;0;0;0
jaloux;0;8;1;1;0;2;0;0;3;2
issu;0;0;1;0;0;5;7;0;0;4
interpeller;0;1;2;1;0;0;0;0;1;12
infiltrer;0;0;2;6;0;0;1;1;2;4
idf;0;0;13;0;0;0;0;0;1;1
habituer;2;0;1;0;0;0;3;1;3;7
géopolitique;0;1;3;2;0;1;1;0;2;7
gras;0;2;0;6;1;0;5;0;1;1
gentiment;0;0;0;1;0;4;3;0;9;0
fédération;1;0;4;0;0;0;0;1;1;2
for;2;0;9;1;0;2;0;0;2;0
flagrant;0;0;4;0;0;3;1;0;5;4
filer;0;4;0;0;1;4;4;0;4;0
explosion;1;1;4;0;0;1;7;0;3;0
exorbitant;0;0;0;0;0;16;1;0;0;0
exagérer;0;0;0;0;5;3;1;0;6;2
enfaite;0;0;2;0;0;6;0;7;2;0
emmener;0;0;1;8;0;2;6;0;0;0
emji_visage_qui_tire_la_langue_les_yeux_plissés;0;7;0;0;0;0;0;0;4;1
emji_visage_neutre;0;0;1;1;0;2;0;0;2;2
emji_visage_avec_des_valises_sous_les_yeux;2;10;0;0;0;1;2;0;1;0
emji_pop_corn;1;10;1;0;0;1;0;1;0;0
emji_ok_peau_claire;2;12;0;0;0;0;0;0;0;0
elon;2;0;0;0;0;5;2;0;0;8
efficacité;0;0;1;1;0;3;2;0;0;10
dépendant;0;0;0;0;0;6;1;0;4;4
dénigrer;0;1;0;2;1;0;0;1;5;7
délocaliser;0;1;0;1;0;12;2;0;1;0
délinquant;0;0;3;5;0;0;0;0;3;6
dégueulasse;0;1;3;0;0;2;6;0;1;2
drh;0;0;0;0;0;16;0;0;0;0
douteux;0;0;1;0;1;2;3;1;1;8
distribution;0;0;0;1;0;11;3;0;0;1
deviner;0;0;2;0;0;5;1;0;4;5
design;1;0;0;0;0;0;7;0;4;4
cuisine;0;0;0;0;2;0;8;2;5;0
continu;0;0;4;0;0;1;12;0;0;0
contact;0;0;2;0;0;1;4;2;1;7
confronter;0;0;2;4;0;1;0;0;2;8
concentration;0;0;2;1;0;5;7;0;0;2
composer;0;0;2;1;0;2;3;3;2;4
cible;0;0;3;1;0;3;0;0;0;10
choc;0;0;0;2;0;0;6;1;5;3
chasser;0;2;8;0;0;1;1;0;1;3
champ;0;0;2;0;0;0;5;0;4;6
cellule;0;0;2;2;0;1;1;0;5;3
carence;0;0;0;0;0;1;5;0;0;9
bug;0;0;0;0;0;8;3;0;2;1
brillant;0;2;0;0;0;1;4;0;8;2
bisounours;0;4;1;1;0;0;0;0;11;0
bisou;0;0;0;1;0;2;2;0;4;8
aérien;0;1;6;0;0;3;7;0;0;0
annuler;0;0;4;0;0;4;6;0;1;1
agréable;0;0;0;0;0;2;2;0;6;7
absurdité;0;0;3;1;0;5;1;0;1;6
50mio;0;0;0;0;0;14;0;0;0;0
2x;0;2;0;0;0;3;4;5;3;0
évidement;0;0;0;2;0;2;1;1;4;6
électoral;0;0;1;0;0;4;6;0;1;3
z;0;9;0;0;0;1;0;0;2;3
végétarien;0;2;0;0;0;0;10;0;0;3
visite;0;3;6;0;0;3;2;1;1;0
turc;0;2;1;0;3;0;1;0;0;3
traîner;0;0;1;2;0;1;1;0;10;0
torturer;0;1;15;0;0;0;0;0;0;0
tiktok;0;1;1;0;0;0;0;1;1;12
ticket;0;1;0;0;0;1;10;0;1;1
symptôme;0;0;1;0;0;4;1;1;2;7
swiss;1;1;0;0;0;2;10;0;0;1
survie;0;0;1;0;0;5;5;0;0;5
standard;0;0;2;1;0;6;2;0;0;4
spécialiser;0;0;0;1;0;9;1;0;3;1
souverain;0;0;6;2;1;1;0;0;5;0
soumission;0;0;1;5;0;2;0;1;0;6
sauveur;0;1;6;0;0;2;0;0;4;2
sauce;0;0;1;1;0;4;0;0;3;7
sanitaire;0;0;1;0;0;7;5;0;2;1
résolution;0;0;14;0;0;0;0;1;0;0
répétition;0;1;1;2;0;5;0;3;3;1
réparer;0;0;1;0;0;4;2;0;4;4
râler;0;2;1;0;1;6;3;0;1;2
rond;0;1;0;0;0;1;1;0;11;2
rompre;0;0;12;0;0;0;0;0;2;2
romain;0;0;7;0;0;1;2;0;4;2
resto;0;0;0;1;0;4;8;0;1;2
ressortir;0;0;3;3;0;3;3;0;2;2
redonner;0;1;0;0;0;4;1;1;8;1
reconstruction;0;0;10;0;0;1;2;0;3;0
reconnaissant;0;0;1;0;1;2;1;0;9;2
racial;0;0;4;0;0;0;0;0;1;11
queue;0;0;0;0;0;9;3;0;1;3
questionner;0;1;0;1;0;4;2;0;0;8
ptdr;0;0;1;2;0;1;1;1;4;5
professeur;0;0;1;0;0;3;2;0;8;2
plafond;0;0;0;0;0;9;3;2;1;0
pia;0;0;0;0;0;0;0;0;15;0
pesticide;0;1;0;0;0;2;12;0;0;1
peser;0;0;1;0;0;7;4;0;2;2
persuader;0;0;0;0;0;6;0;0;3;7
personnalité;0;0;0;0;1;1;2;0;6;5
pencher;0;0;0;0;0;1;0;0;5;10
payant;0;1;0;0;0;14;1;0;0;0
patriarcat;0;0;0;0;0;0;0;6;0;9
ordinaire;0;1;2;1;0;4;0;0;7;1
orange;0;1;2;0;0;2;1;0;0;1
opposant;0;0;6;2;0;1;1;1;0;5
omettre;0;0;1;1;0;3;2;1;0;8
numérique;0;0;0;0;0;13;1;0;0;2
nuire;0;0;4;4;0;1;1;0;6;0
not;0;2;6;0;0;0;0;1;0;6
motiver;0;0;0;2;0;3;3;1;2;4
minoritaire;0;0;2;0;0;3;0;0;1;9
milei;0;0;0;0;0;2;0;0;0;11
mesurer;0;0;0;0;0;2;5;1;1;7
matelas;0;1;0;8;0;1;0;0;4;0
malpoli;0;0;0;0;16;0;0;0;0;0
lunette;0;3;0;3;0;0;0;0;10;0
louer;1;0;0;0;0;2;10;2;0;1
judée;0;0;13;0;0;0;0;0;0;0
janvier;0;1;2;0;0;6;3;0;2;2
inciter;0;0;1;0;0;3;4;2;1;5
immédiatement;0;0;7;2;0;1;1;0;0;5
humilier;0;0;3;0;0;1;0;1;7;3
hollywood;0;0;0;0;0;0;0;0;2;13
génocidaires;0;0;14;0;0;0;1;0;0;1
guy;0;4;3;0;1;6;0;0;1;1
grossesse;0;0;0;0;0;4;0;12;0;0
fracasser;0;0;2;3;0;0;1;1;9;0
formidable;5;0;1;0;0;1;0;0;8;0
flottille;0;0;9;2;0;1;0;0;2;2
fixe;0;1;0;0;0;12;0;0;1;2
fierté;0;0;0;0;0;7;0;1;6;2
etes;1;1;0;1;0;1;0;0;11;0
ete;0;1;4;0;0;0;2;0;5;2
espion;0;0;2;0;0;0;0;0;3;5
enterrer;0;0;10;1;0;2;2;1;0;0
empreinte;0;0;0;0;0;0;12;0;2;1
emmental;0;1;2;0;0;0;9;0;2;0
emji_main_qui_écrit;4;0;8;0;0;0;0;0;0;0
emji_index_pointant_vers_le_haut;1;2;2;0;5;0;3;1;0;1
emji_billet_avec_des_ailes;0;3;0;0;0;4;0;0;1;1
embêter;0;0;0;0;0;1;1;0;12;2
dérive;0;0;2;0;0;0;0;1;2;10
définitif;0;0;8;1;0;2;2;0;0;3
défi;0;2;0;0;0;4;2;0;6;0
défenseur;0;1;4;0;0;3;0;0;1;7
décès;0;0;3;3;0;1;0;0;1;8
débarrasser;0;0;3;0;0;1;1;0;4;6
directeur;0;0;0;0;0;9;0;0;3;4
dialogue;0;0;1;3;0;2;0;0;3;7
destiner;0;0;2;0;0;9;1;2;0;2
cultiver;0;0;4;0;0;1;1;0;6;4
culpabilité;0;1;0;0;0;1;0;0;1;12
cuba;0;0;3;0;0;1;0;0;1;1
crème;0;0;1;0;0;0;8;0;3;3
cqfd;0;0;5;0;0;2;4;0;0;4
couler;0;0;1;0;0;11;2;0;1;0
cotiser;0;0;0;0;0;15;1;0;0;0
coop;0;0;0;1;0;2;12;0;1;0
contraignant;0;1;1;0;0;2;4;0;6;2
conséquent;0;0;2;1;0;9;2;0;0;2
compatriote;0;0;3;0;1;4;0;0;8;0
collaborateur;0;0;1;0;1;10;0;0;2;2
coca;0;0;0;0;0;5;3;0;0;7
clown;0;1;1;2;0;0;1;1;2;7
classer;0;0;2;1;0;3;0;0;2;6
cité;0;0;4;1;0;2;2;0;3;3
chômeur;0;1;0;0;0;12;0;0;0;1
chimique;0;1;1;0;0;0;12;0;0;2
chaussure;0;0;0;0;0;1;3;0;12;0
catholique;0;0;2;1;0;2;1;0;0;10
carton;0;2;3;0;0;0;9;1;0;1
bâle;0;1;0;0;0;1;12;0;0;0
bilan;0;0;2;0;0;1;9;0;1;2
biensur;0;1;2;3;1;2;1;0;2;3
barbarie;0;0;11;1;0;1;0;0;2;1
avérer;0;1;2;1;0;0;3;1;0;8
avancé;0;0;0;0;0;0;2;3;6;5
associer;0;0;1;0;0;3;6;0;0;6
asiatique;0;0;0;0;0;4;3;0;0;4
artisan;0;0;0;2;0;8;2;0;1;2
argumentation;0;1;2;1;0;1;1;2;3;5
arbitraire;0;0;12;0;1;1;0;0;0;2
appuyer;0;1;2;0;1;1;1;0;2;7
antisémitisme;0;0;14;0;0;0;0;0;0;2
anonyme;0;0;2;0;0;0;0;0;10;4
amélioration;0;0;0;0;0;6;4;1;5;0
aliment;0;1;0;0;0;0;12;0;3;0
affronter;0;1;1;2;0;0;0;1;9;2
adhérer;0;0;2;0;0;1;0;0;3;7
adaptation;0;0;0;0;0;3;9;0;2;2
abo;0;1;0;0;0;11;2;0;0;0
étatique;0;0;4;0;0;5;0;0;3;3
établissement;0;0;1;1;0;6;4;0;3;0
ère;0;0;2;1;0;7;2;0;0;3
çà;0;1;0;1;10;2;0;0;1;0
zoug;0;0;0;0;0;13;0;0;0;1
xénophobie;0;0;1;0;1;1;2;0;6;4
vigueur;0;0;5;1;4;3;0;0;0;2
vachement;0;0;1;1;0;6;0;3;2;2
user_;1;1;6;1;0;0;1;0;1;4
universel;0;0;6;0;1;4;0;0;0;4
témoigner;0;0;2;7;0;2;0;0;4;0
tir;0;0;6;2;0;0;0;0;7;0
tesla;0;1;0;0;0;0;12;0;0;0
taxation;0;0;0;0;0;14;0;0;0;1
taf;0;1;0;1;0;1;1;1;8;2
tabac;0;1;0;0;1;6;4;0;0;2
séparer;0;0;3;0;1;2;1;0;2;6
sélectionner;1;0;1;1;0;1;1;0;6;3
surement;0;0;1;2;0;1;0;1;6;4
stratégique;0;0;4;0;0;3;3;0;2;3
station;0;0;0;0;0;1;12;0;0;2
soi_disant;0;0;7;0;1;0;0;0;4;3
shoah;0;0;13;0;0;0;0;0;0;0
scooter;0;1;1;0;0;0;13;0;0;0
saluer;0;0;4;0;0;2;0;0;7;2
révolution;0;0;3;0;0;0;0;1;2;8
résidence;0;0;0;0;3;7;0;0;0;4
réguler;0;0;1;0;0;4;1;0;1;8
récit;0;0;0;2;0;2;1;0;1;9
rose;0;1;1;0;0;2;6;0;4;1
rigolo;0;2;0;0;1;2;1;1;5;3
revendre;0;0;3;0;0;8;4;0;0;0
restauration;0;1;0;0;3;5;2;0;1;3
restant;0;1;2;1;0;6;0;1;1;3
repousser;0;0;2;0;0;7;1;0;2;3
regretter;0;1;1;1;1;0;1;1;7;2
refuge;0;1;2;0;0;9;2;0;1;0
pédophilie;0;0;2;0;0;0;1;0;0;11
puer;0;4;1;1;0;0;0;0;6;3
ptn;0;4;0;0;0;0;0;1;6;4
préalable;0;0;4;8;0;1;0;0;0;2
producteur;0;0;1;0;0;1;8;0;2;1
prier;0;2;4;1;0;0;0;2;4;1
pourvoir;0;0;1;0;0;11;0;0;2;0
poupée;0;1;0;1;0;1;8;1;1;1
poulet;0;0;0;0;0;3;11;0;0;0
pls;0;10;1;0;1;2;0;0;1;0
plateformes;0;0;0;1;0;2;2;0;2;7
pib;0;0;1;0;0;10;2;0;0;2
pffff;0;1;1;1;1;1;1;0;4;0
perturber;0;0;0;1;0;0;7;1;1;5
peace;1;3;3;0;0;0;0;0;0;0
partenaire;0;0;0;0;0;2;0;9;2;2
parmis;0;0;2;0;0;5;1;0;1;6
panneau;0;1;0;1;0;1;10;0;1;0
out;0;0;0;0;0;7;2;0;2;0
ouin;0;0;1;1;0;0;0;0;0;5
oreille;0;0;1;0;0;0;0;0;13;0
nécessiter;0;0;1;2;0;0;6;2;3;1
naturalisation;0;0;0;0;13;0;0;0;0;2
nationaliste;0;0;5;0;0;0;0;0;3;7
multi;0;0;0;0;0;11;0;0;1;3
moquerie;0;0;0;0;0;1;1;1;9;1
monopole;0;1;1;0;0;2;2;0;2;7
mini;0;0;0;1;0;3;3;0;1;7
mexique;0;0;0;0;0;0;1;0;1;5
maternité;0;0;0;0;0;4;0;11;0;0
léman;0;1;0;0;0;0;14;0;0;0
loup;0;1;6;1;0;0;2;0;5;0
linguistique;0;0;0;0;9;0;0;2;3;1
licenciement;0;0;0;0;0;8;0;0;2;5
lausannoise;0;0;0;10;0;0;0;0;3;1
jambe;0;0;0;2;0;4;6;0;1;1
invention;0;1;0;0;0;1;3;0;2;8
inexistant;0;1;2;0;1;2;2;1;1;4
inculte;0;1;2;0;3;1;0;0;3;5
incompréhensible;0;0;2;0;0;4;3;1;5;0
incendie;0;1;2;3;0;0;2;1;2;4
horlogerie;0;0;0;0;0;7;2;0;5;0
guyane;0;0;0;0;0;0;4;0;0;0
google;0;0;1;0;0;3;5;0;0;6
genevoise;0;0;0;2;0;5;1;0;4;3
fréquenter;0;0;0;2;1;3;5;0;3;0
freiner;0;0;1;0;0;3;8;1;1;0
fraude;0;1;1;0;0;10;1;0;0;2
francais;0;0;1;0;2;5;3;0;1;2
fidèle;0;0;5;0;0;0;0;0;4;6
fantasme;0;0;0;0;0;1;1;0;1;11
faillite;0;0;0;0;0;15;0;0;0;0
exclure;0;1;1;0;0;3;0;0;0;10
erroné;0;0;2;1;1;1;0;0;1;9
er;0;0;7;1;0;4;1;0;1;0
envisager;0;1;0;1;0;11;0;0;0;2
emji_tête_de_mort;0;1;1;0;0;0;10;0;0;0
emji_pouce_vers_le_haut_peau_légèrement_mate;7;0;0;1;0;0;1;0;0;3
emji_main_avec_index_pointant_à_droite;0;2;2;2;0;2;0;2;2;1
emji_langue;4;0;0;0;1;0;1;0;0;0
emji_femme_qui_hausse_les_épaules_peau_moyennement_claire;0;0;1;0;0;9;2;0;1;0
emji_coeur_noir;11;0;1;1;0;0;1;0;1;0
eme;1;0;1;0;0;1;1;2;4;0
désarmer;0;0;12;0;0;0;0;1;0;0
dépendance;0;1;0;0;0;0;5;2;4;3
dégoûter;0;0;0;1;0;1;1;0;12;0
découverte;0;3;1;0;0;1;0;1;2;7
dominer;0;0;2;0;0;4;0;0;3;6
dollar;0;0;0;0;0;11;2;0;0;1
dignement;0;0;1;1;0;10;1;0;0;0
diagnostic;0;0;0;1;0;2;3;0;0;7
desservir;0;0;1;0;0;3;10;0;0;1
cyclable;0;1;0;0;0;0;12;0;0;1
cousin;1;1;1;0;1;1;1;1;5;2
corporel;0;0;1;0;0;0;4;1;6;2
conversation;0;0;0;0;3;2;1;1;6;1
consister;0;0;2;0;0;2;1;0;2;8
consentement;0;0;3;1;0;0;0;0;5;6
confusion;0;0;1;2;0;1;1;0;0;10
compassion;0;0;3;0;0;1;1;0;4;6
communiquer;0;0;0;0;4;1;0;0;5;5
combattant;0;0;7;0;0;2;2;1;3;0
champignon;0;1;0;0;0;1;5;0;7;1
carnivore;0;2;0;0;0;1;2;0;0;9
caillou;0;8;1;0;0;0;2;0;2;2
bâton;0;0;1;0;0;3;0;0;11;0
brutal;0;0;11;0;0;2;0;0;2;0
bracelet;0;1;1;1;0;1;0;0;10;0
bourse;0;0;0;0;0;14;0;0;0;0
boule;0;4;0;0;0;4;2;0;1;1
bolivie;0;0;1;0;0;1;1;0;0;0
boiter;0;0;0;0;0;12;1;1;0;0
blocus;0;0;11;1;0;1;0;0;0;0
blessure;0;0;3;1;0;1;1;4;4;1
bein;1;2;0;2;0;1;2;0;6;0
barrer;0;2;0;0;0;11;0;0;0;0
bagage;0;1;0;0;1;0;5;0;8;0
bafouer;0;0;6;9;0;0;0;0;0;0
avril;1;0;8;0;0;2;1;0;1;2
automatiquement;0;0;1;5;0;4;0;0;1;3
assaut;0;1;2;3;0;0;0;0;6;3
arabie;0;1;11;0;0;0;0;0;0;0
amitié;0;0;2;0;0;3;3;0;5;2
albanais;0;2;1;0;9;1;0;0;0;0
ahah;1;3;0;0;0;0;1;1;9;0
agenda;0;0;0;2;0;1;1;0;3;8
affligeant;0;1;0;0;1;1;1;1;9;1
ados;0;0;1;0;0;0;0;1;12;1
accomplir;1;0;0;0;0;3;0;2;6;3
acceptable;0;0;2;0;1;4;2;1;2;3
aberration;0;0;0;0;1;6;5;0;0;2
3h;0;1;0;1;0;1;4;0;7;1
égard;0;0;2;0;0;2;1;0;2;7
édition;1;1;0;0;0;1;2;0;3;3
vieillir;0;0;1;0;0;2;1;0;0;0
vider;0;1;1;1;0;7;3;0;0;0
vestiaire;0;0;0;0;0;0;3;1;9;0
valide;0;1;1;0;2;1;1;0;1;7
tri;0;1;0;0;0;3;5;0;3;2
trafiquer;0;1;4;0;0;1;1;0;1;5
taxi;0;0;1;0;0;1;11;0;0;0
tabasser;0;0;0;11;0;0;0;0;1;2
sucre;0;0;0;0;0;4;9;0;1;0
stabilité;0;0;0;0;0;10;2;0;1;1
souveraineté;0;0;3;0;0;3;0;0;0;8
simpliste;0;0;0;0;0;3;0;0;1;10
second;0;0;1;0;1;2;1;0;0;5
schéma;0;0;1;0;0;4;0;0;2;7
saleh;0;0;14;0;0;0;0;0;0;0
régner;0;0;3;0;0;1;0;0;6;4
régie;0;0;0;1;0;10;1;0;0;2
ruiner;0;0;0;1;1;3;5;1;1;0
royaume;0;1;6;0;0;6;0;0;1;0
revendication;1;0;4;2;0;0;0;1;6;0
restaurateur;0;0;0;2;0;3;8;0;1;0
renoncer;0;0;2;0;0;4;2;0;3;3
remporter;0;0;4;0;0;2;0;0;0;3
relativiser;0;0;1;1;0;3;0;0;2;7
relativement;0;0;0;0;0;3;2;0;3;4
ratio;0;0;4;0;0;8;2;0;0;0
rage;0;0;3;0;0;1;1;0;3;5
racine;0;0;1;0;0;2;0;1;7;3
quotidiennement;0;0;4;1;0;0;1;0;2;6
quart;0;0;1;0;0;2;3;0;1;0
q;0;1;2;0;0;5;2;0;2;1
pétition;0;0;1;1;0;0;7;1;1;3
proximité;0;0;0;1;0;7;4;0;2;0
productivité;0;1;0;0;0;10;1;0;0;1
productif;0;0;0;0;0;8;0;0;4;2
portable;0;0;1;0;0;0;11;0;2;0
pollueur;0;0;0;0;0;8;6;0;0;0
pluie;1;5;0;0;0;0;5;0;2;0
plateforme;0;1;2;0;0;2;1;0;2;6
plainte;0;0;0;1;0;1;1;9;0;2
pillage;0;0;3;0;0;4;0;0;0;6
physiquement;0;1;0;0;0;0;5;5;2;1
perdant;0;0;1;0;0;11;1;0;0;0
patriarcal;0;0;1;1;0;1;0;1;0;9
passif;0;0;3;0;0;2;2;0;6;1
participation;0;0;4;1;0;1;0;2;0;6
parmelin;0;2;0;0;3;8;0;0;0;1
parascolaire;0;1;0;0;0;13;0;0;0;0
otan;0;0;8;0;0;1;1;0;2;2
originaire;0;0;10;0;0;0;2;0;1;1
obsession;0;1;2;1;0;1;2;0;0;6
médecine;0;0;0;0;1;4;0;0;5;4
motif;0;0;7;6;0;1;0;0;0;0
modification;0;1;0;0;0;2;1;0;3;7
mobilier;0;0;0;10;0;2;1;0;1;0
militer;0;0;1;0;0;1;2;0;7;3
maths;0;0;0;1;0;3;0;3;1;3
machado;0;0;13;0;0;0;0;0;1;0
là_dessus;0;1;1;1;0;0;1;0;5;5
kilomètre;0;1;2;0;0;3;7;0;1;0
jésus;1;1;7;0;0;0;0;0;2;3
it;0;2;5;0;0;1;1;1;4;0
ironique;0;0;2;1;0;2;1;1;6;1
iran;0;0;14;0;0;0;0;0;0;0
irak;0;0;12;0;0;0;0;0;1;0
invasion;0;1;8;0;0;3;0;0;2;0
intimité;0;0;0;0;0;1;1;1;10;1
insensé;0;0;2;0;0;4;0;1;5;2
inférieur;0;0;0;2;0;3;4;3;0;1
infliger;0;0;7;0;0;0;0;3;3;1
infini;0;0;1;1;0;5;5;0;2;0
indispensable;0;0;0;0;0;2;2;1;2;7
inclusif;0;1;0;0;1;1;0;0;1;3
incels;0;0;0;0;0;0;0;1;2;11
immeuble;0;0;0;0;0;2;9;0;2;0
iels;0;0;2;0;0;1;0;0;2;6
hommage;0;0;2;0;0;1;0;0;11;0
helvétique;0;0;1;0;1;4;2;0;5;1
généraliste;0;0;0;0;0;11;0;0;0;2
gta;1;9;1;0;0;0;0;0;0;1
glacier;0;0;0;0;0;1;11;0;1;0
fun;0;8;1;2;0;1;0;0;2;0
foutage;0;2;2;0;0;3;0;4;3;0
fondement;0;0;0;0;0;1;1;0;1;11
flemme;0;0;0;0;0;3;0;0;4;7
fast;0;1;0;2;0;0;8;0;2;1
faiblesse;0;1;0;0;0;1;1;0;7;4
extreme;0;0;1;0;0;0;0;0;1;12
exprès;0;0;1;8;1;0;2;1;1;0
express;0;2;0;0;0;3;9;0;0;0
exercice;0;0;1;5;0;3;0;0;4;0
etaient;0;0;5;3;0;1;0;0;2;2
emji_notes_de_musique;0;1;0;0;0;6;0;0;1;0
emji_mains_qui_forment_un_coeur_peau_légèrement_mate;8;0;0;0;0;0;0;0;1;0
emji_coeur_cartes;10;0;0;0;0;0;0;0;2;0
emji_bougie;11;0;0;0;0;0;0;0;1;0
désirer;0;1;5;1;0;2;0;3;2;0
dériver;0;0;4;0;0;0;0;0;0;10
démonstration;0;0;0;1;0;1;0;0;1;11
démissionner;0;0;4;1;0;1;4;0;1;3
déjeuner;0;0;0;0;0;1;9;0;0;0
définitivement;0;1;5;0;0;6;1;0;0;0
dédier;0;0;4;0;0;3;5;1;1;0
découler;0;0;2;1;0;2;2;1;2;4
disque;0;0;3;0;0;1;7;0;2;1
différemment;0;0;0;3;0;2;1;1;4;3
deuxièmement;0;0;1;1;0;4;5;0;2;1
david;0;1;9;0;1;0;1;0;0;1
cst;0;0;0;9;0;0;0;0;0;3
couronne;0;10;0;0;0;0;0;0;1;2
couche;0;0;1;0;0;1;4;0;1;6
contribution;0;0;0;0;0;5;0;0;2;7
contrer;0;0;1;1;0;2;0;0;4;5
considération;0;0;3;0;0;1;0;1;4;5
conférence;0;0;1;0;0;2;1;0;1;9
conditionnel;0;0;3;1;0;0;0;1;0;9
compréhensible;0;1;0;0;0;4;2;0;0;7
comm;0;1;1;0;0;3;0;2;2;2
colonialisme;0;0;7;0;0;0;1;1;1;4
clope;0;0;0;1;0;0;9;0;0;3
chialer;0;0;0;1;0;4;0;0;8;0
cheval;0;0;1;0;0;2;1;0;7;2
chauffeur;0;0;0;0;0;4;8;0;1;0
chanson;0;3;1;0;0;0;0;0;7;2
cfc;0;0;0;0;0;13;0;0;0;0
capter;0;3;0;1;1;2;4;0;0;3
braquer;0;0;3;0;0;1;1;0;7;2
bourreau;0;0;10;0;0;1;1;1;0;0
boulanger;1;0;0;0;0;5;8;0;0;0
bouffe;0;0;0;0;0;5;7;0;1;0
boss;3;1;0;0;0;6;1;0;3;0
bobo;0;3;3;1;0;1;0;0;0;5
bavure;0;0;0;12;0;0;0;0;2;0
automne;0;12;0;0;0;0;1;0;1;0
auprès_des;0;0;1;6;0;2;0;0;2;3
arnaque;0;1;1;0;0;3;1;0;4;1
après_des;0;0;0;4;0;8;0;0;1;1
approprié;0;0;7;0;0;1;1;0;4;1
apparement;0;0;2;0;0;2;1;0;1;8
appareil;0;0;2;0;0;5;2;0;5;0
anniversaire;1;1;1;0;0;6;0;0;2;1
aggraver;0;0;0;0;0;0;5;0;0;9
aboutir;0;1;1;1;0;1;0;0;3;7
abonné;0;0;0;0;2;3;0;3;1;2
abolir;0;0;0;6;0;4;1;1;1;1
50m;0;0;0;0;0;10;1;0;0;1
24h;0;0;9;0;0;1;2;0;0;1
étiquette;0;0;0;0;0;2;6;0;1;4
éternel;0;1;1;0;0;1;0;0;1;9
émeutier;0;0;0;11;0;0;0;0;0;0
électeur;0;1;0;0;0;0;0;0;2;10
é;9;0;3;0;0;0;0;0;0;0
whatsapp;0;0;1;6;0;1;1;0;1;3
vrmt;0;3;0;0;0;2;2;1;1;4
vocabulaire;0;0;3;0;1;0;0;0;2;6
virus;0;0;0;0;0;1;8;0;0;3
violemment;0;0;2;8;0;0;1;0;0;2
vincent;4;2;0;0;0;0;1;0;1;0
vestimentaire;0;0;0;0;0;0;0;0;9;3
variable;0;1;9;0;0;2;1;0;0;0
valise;0;1;0;0;0;2;5;0;4;0
valider;0;0;0;0;1;1;2;0;0;8
valaisans;0;1;0;2;0;0;3;0;4;3
tsahal;0;0;13;0;0;0;0;0;0;0
trompeur;0;0;0;0;0;0;5;0;1;7
transition;0;0;0;0;0;6;5;0;1;0
trans;0;0;0;0;0;0;0;2;0;8
tranche;0;1;1;0;0;1;0;1;1;7
trahir;0;0;2;0;1;1;0;0;1;8
traditionnel;0;0;1;0;0;0;1;1;3;7
totalitaire;0;0;0;1;0;1;2;0;0;9
tension;0;0;4;0;0;6;0;0;0;2
team;1;9;2;0;0;0;0;1;0;0
tapis;0;0;0;0;1;2;2;0;4;4
séance;0;0;0;1;0;0;2;4;5;0
systématique;0;0;4;0;0;0;0;0;1;8
synonyme;0;0;3;0;0;0;1;0;0;9
surconsommation;0;0;0;0;0;0;13;0;0;0
suicider;0;0;1;2;0;0;0;1;9;0
suggérer;0;0;0;0;0;0;0;0;0;13
stock;0;0;2;0;0;9;0;0;0;2
states;0;0;0;0;0;3;2;0;4;3
stable;0;1;1;0;0;7;1;0;2;1
soudanais;0;0;10;0;0;0;1;0;2;0
sionisme;0;0;10;0;0;0;0;0;0;2
sexiste;0;0;0;0;0;0;0;0;2;11
sensibilité;0;1;0;0;0;0;0;0;10;2
secours;0;1;0;4;0;0;2;0;4;2
secondaire;0;0;0;0;0;3;8;0;2;0
saoudite;0;1;11;0;0;0;0;0;0;0
salir;0;0;5;2;0;0;1;0;4;1
sage;0;3;0;0;0;3;5;0;2;0
répandre;0;0;5;0;1;1;0;1;0;5
régir;0;0;1;6;0;3;1;0;0;2
référendum;0;0;1;0;1;0;2;0;1;8
réflexe;0;0;0;0;0;0;2;0;0;10
ruissellement;0;0;0;0;0;5;6;0;0;2
roman;0;1;1;0;0;1;0;0;2;7
repenser;0;0;0;0;0;5;0;0;5;2
rendez_vous;1;0;0;0;0;2;0;1;2;6
rendement;0;0;0;0;0;5;5;0;0;1
rencontre;0;0;0;0;0;3;1;1;6;1
rempli;0;4;1;0;0;2;0;1;3;1
redistribution;0;0;0;0;0;11;0;0;0;1
red;0;0;0;0;0;1;0;0;1;11
recyclage;0;2;0;0;0;1;8;0;0;1
record;0;1;0;0;0;5;5;1;1;0
rayon;0;1;0;0;0;0;9;0;0;3
raisonner;0;0;1;5;0;1;1;0;2;3
raisonnable;0;0;1;0;0;7;1;0;0;4
quid;0;0;2;1;0;2;3;0;0;5
préférence;1;1;0;0;0;2;3;0;1;4
protester;0;0;4;0;0;3;2;0;2;2
prompt;5;1;0;1;0;0;0;0;1;5
potable;0;1;0;0;0;0;11;0;0;1
pleuvoir;0;2;0;1;0;2;4;0;1;0
plateau;0;1;0;0;0;1;0;0;7;3
pilote;0;1;0;1;0;1;3;5;1;1
photographe;0;0;0;0;0;6;1;0;1;5
pharma;0;0;0;0;0;9;2;0;1;1
pfff;0;6;3;0;0;1;2;0;1;0
perroquet;0;0;2;0;0;1;2;0;4;3
permanence;0;1;0;0;0;0;4;0;3;5
pension;0;0;0;0;0;9;0;2;0;1
patience;0;0;1;3;0;2;0;0;7;0
parceque;0;0;6;1;1;1;0;0;4;0
panne;0;4;1;0;0;3;4;0;1;0
palais;0;0;1;9;0;0;0;0;0;0
oppresseur;0;0;7;0;0;1;0;0;1;4
océan;0;1;0;0;0;1;10;0;0;1
naturellement;0;0;0;0;0;1;4;1;6;1
métal;0;2;0;0;0;4;5;0;1;0
médaille;0;6;2;0;0;0;1;0;2;2
mécanique;0;0;0;0;0;1;11;0;0;1
my;1;2;0;0;0;0;0;0;2;8
moteur;0;0;0;0;0;0;8;0;0;5
moralement;0;0;1;0;0;1;1;3;2;5
modeste;0;0;0;0;0;9;1;0;0;2
mobilisation;0;0;8;0;0;3;0;0;0;2
migration;0;0;0;1;3;3;3;0;1;2
meuf;0;0;1;1;0;0;1;0;0;10
merveille;3;3;1;0;0;6;0;0;0;0
masculinistes;0;0;0;0;0;0;1;5;1;6
malsain;0;0;0;0;0;1;1;2;8;1
mail;0;0;0;5;0;4;0;0;1;3
made_in;1;0;0;0;0;0;11;0;0;1
légitimité;0;0;6;3;1;1;0;0;0;2
léger;0;0;2;0;0;0;2;0;0;9
légende;1;0;0;0;1;1;1;0;6;0
luxembourg;0;1;0;0;0;9;0;0;0;1
logistique;0;0;0;0;1;5;5;0;2;0
loger;0;0;1;0;0;11;0;0;0;1
locataire;0;0;1;0;0;11;0;0;0;0
livrer;0;0;8;0;0;1;2;0;1;1
libanais;0;0;12;0;0;0;0;0;0;0
lacrymogène;0;0;0;12;0;1;0;0;0;0
k;0;1;0;0;0;2;0;0;4;3
jérusalem;0;0;8;0;0;0;0;0;0;0
islam;0;0;11;0;0;0;0;0;2;0
interprétation;0;0;0;0;0;0;0;0;2;11
initial;0;0;1;1;0;3;1;0;1;6
infraction;0;0;3;0;0;0;4;1;1;4
incapacité;0;0;0;0;0;4;1;1;0;7
importé;0;0;0;0;0;1;11;0;1;0
immonde;0;1;9;0;0;2;0;0;1;0
idiot;0;0;1;1;0;1;1;0;5;4
harceler;0;0;0;0;0;0;0;2;10;1
haineux;0;0;2;0;1;0;0;0;0;10
habituel;0;1;0;5;0;1;1;0;0;4
généraliser;0;0;0;1;1;2;0;6;2;1
gauchisme;0;1;2;0;0;4;0;0;0;5
gaspiller;0;0;0;0;0;9;3;0;0;0
gaffe;0;1;0;0;0;1;0;0;0;9
fribourgeois;0;4;0;0;0;7;0;0;1;1
fortuné;0;0;0;0;0;13;0;0;0;0
format;0;1;0;0;0;2;0;0;5;3
flipper;0;5;0;0;0;0;0;1;2;5
feuille;0;2;2;0;0;2;4;0;1;2
favorable;0;0;3;0;0;3;1;0;0;6
fatigue;0;0;0;0;0;2;4;1;4;1
fantastique;1;4;0;0;0;1;0;1;6;0
etais;0;0;1;0;0;0;0;0;11;1
empoisonner;0;0;2;0;0;5;4;0;0;1
emji_visage_fatigué;3;1;1;0;0;1;3;0;0;1
emji_visage_effrayé;0;1;0;0;0;1;0;0;0;2
emji_soleil_avec_visage;2;9;0;0;0;0;0;0;1;0
emji_pouce_vers_le_bas_peau_claire;0;6;0;0;0;1;0;0;0;1
emji_point_d_exclamation_rouge;0;1;3;0;0;0;0;0;0;1
emji_globe_tourné_sur_l_afrique_et_l_europe;2;0;4;0;2;2;0;0;3;0
emji_femme_qui_hausse_les_épaules_peau_légèrement_mate;0;0;0;0;0;2;0;2;3;2
emji_coeur_étincelant;11;0;0;0;0;1;0;0;1;0
emji_biceps_contracté_peau_mate;6;0;0;0;0;1;0;0;0;0
emji_balance_à_poids;9;0;2;0;0;0;0;0;2;0
déplorable;0;1;0;4;0;1;0;0;3;3
débordement;0;0;0;10;0;1;0;0;1;1
durcir;0;0;1;0;12;0;0;0;0;0
droguer;0;0;1;0;0;2;1;3;6;0
drastiquement;0;0;0;2;0;5;2;0;2;1
dramatique;0;0;4;0;0;2;0;0;0;6
dominant;0;0;1;0;0;3;0;0;0;8
distinction;0;0;5;0;0;1;1;2;0;4
dissimuler;0;0;4;7;0;1;0;0;0;0
diplomatique;0;0;4;1;0;4;3;0;0;1
diplomatie;2;0;1;0;3;1;1;0;2;3
diminution;0;0;0;0;0;6;5;0;0;2
didier;0;0;0;0;0;0;0;0;4;9
dicter;0;0;3;0;0;4;0;0;1;5
dessiner;0;1;1;1;0;1;0;0;7;2
descendant;0;0;9;0;0;2;0;0;0;1
célibat;0;1;0;0;0;0;0;1;4;5
culot;0;0;6;0;1;0;0;2;3;0
crédit;0;0;0;0;0;8;0;0;0;5
crédible;0;0;2;0;0;0;0;0;1;10
crainte;0;0;0;0;0;1;2;1;2;7
corrompu;0;0;0;0;0;1;0;0;10;1
consultation;0;0;0;0;0;12;0;0;1;0
constitutionnel;0;0;1;11;0;0;0;0;0;1
commande;0;0;0;0;0;3;8;0;0;2
chuter;0;0;1;2;0;2;2;0;5;1
ceo;0;0;0;0;0;11;1;0;0;0
cassé;0;0;0;3;0;8;0;0;1;0
cadavre;0;0;8;1;0;1;1;0;1;0
cabine;0;0;0;0;0;0;1;0;10;2
brut;0;0;1;0;0;11;0;0;0;0
bolsonaro;0;0;0;0;0;2;0;0;3;7
bns;0;1;1;0;0;11;0;0;0;0
bienvenu;0;0;6;0;0;1;0;0;4;2
bad;0;2;0;0;0;1;0;0;1;9
attraper;0;0;1;1;0;0;2;0;1;8
allumer;1;6;1;0;0;0;2;0;2;0
album;0;1;0;0;0;0;0;1;8;1
affrontement;0;0;1;11;0;0;0;0;0;1
affreux;0;1;7;0;0;0;1;0;4;0
affecter;0;0;0;1;0;6;0;2;1;3
adresser;0;0;0;0;2;0;0;1;3;7
adolescent;0;0;1;0;0;0;0;1;8;3
accélérer;0;0;1;0;0;2;10;0;0;0
accrocher;0;0;0;0;0;0;9;0;1;3
abordable;0;0;0;0;0;9;4;0;0;0
abattre;0;0;6;0;0;1;4;0;1;1
3ème;0;1;8;0;0;2;1;1;0;0
étoile;2;0;3;0;0;0;2;0;1;0
étendre;0;0;2;1;0;2;1;4;1;0
étage;0;0;1;1;0;3;4;0;0;3
éducatif;0;0;1;0;1;4;0;2;3;1
yes;6;1;0;0;0;0;0;0;1;2
wtf;0;6;1;1;0;2;1;0;1;0
world;0;0;3;0;0;5;0;1;1;1
what;1;5;1;0;0;0;2;0;0;0
vétérinaire;0;0;1;0;0;4;0;0;7;0
violation;0;0;10;0;0;0;0;0;2;0
universitaire;0;0;0;0;3;6;0;0;1;2
télévision;0;0;2;1;0;1;0;0;2;6
trêve;0;0;10;0;0;0;0;0;0;0
trier;0;0;0;0;1;0;3;0;0;7
traumatisme;0;1;2;0;0;0;6;1;1;1
tranquillement;0;0;1;3;0;2;2;1;1;2
tournée;1;0;2;1;2;0;0;0;4;2
terro;0;0;9;0;0;0;0;0;1;0
taliban;0;0;1;0;0;1;1;2;3;3
t_shirt;0;5;0;0;0;0;4;0;3;0
sécuriser;0;0;1;3;0;3;4;0;1;0
sympathique;1;1;1;0;0;3;1;0;3;0
suspendre;0;1;2;0;0;3;2;0;2;1
suppression;0;0;0;0;0;10;2;0;0;0
sudan;3;0;7;1;0;0;0;0;0;1
steak;0;0;0;0;0;2;5;0;2;0
statistiquement;0;0;0;0;0;0;1;1;1;7
stationnement;0;0;0;2;0;0;8;0;2;0
spray;0;0;0;12;0;0;0;0;0;0
sexisme;0;0;1;0;0;0;0;0;2;9
serieux;0;1;1;3;1;1;0;0;2;3
sec;0;0;2;0;4;0;6;0;0;0
réunion;0;0;0;4;1;0;4;0;0;2
rétablir;1;0;0;1;0;2;2;3;1;1
résider;0;0;1;0;1;4;1;0;0;5
réfugier;0;0;9;1;0;0;0;0;0;2
rhétorique;0;1;1;0;0;1;0;0;0;9
redescendre;0;0;0;1;0;0;2;0;7;2
recul;0;0;0;1;0;0;1;0;0;10
racheter;0;1;3;0;0;3;2;0;0;3
pénaliser;0;0;0;0;1;9;1;0;0;0
pyjama;0;3;0;0;0;0;0;0;8;0
proportionnalité;0;0;1;3;0;0;0;1;2;5
progresser;0;0;0;0;0;2;1;1;1;4
poutine;0;0;8;0;0;0;2;0;1;1
poussin;0;1;1;0;1;5;0;0;4;0
pourrir;0;0;0;1;0;3;4;0;1;3
postuler;0;1;0;0;0;9;0;0;1;1
posts;0;1;1;0;0;1;0;1;7;1
pologne;0;0;2;1;0;0;1;0;4;1
pognon;0;2;0;0;0;6;1;1;0;2
plutot;0;0;2;0;0;1;3;0;2;3
pleinement;0;0;0;1;0;0;1;0;4;6
planifier;0;0;3;0;0;6;3;0;0;0
pilule;0;0;2;0;0;3;1;2;4;0
pile;0;0;1;1;1;0;4;0;1;4
pic;0;0;1;0;0;5;4;0;1;1
perspective;0;0;1;0;0;2;0;0;6;2
perpétrer;0;0;10;0;0;0;0;0;0;1
performance;1;0;0;0;0;4;1;0;4;2
pedo;0;0;0;1;0;0;0;2;4;4
parvenir;0;0;2;1;0;3;0;0;3;3
parlementaire;0;0;1;0;0;6;1;0;0;4
pair;0;1;0;0;0;2;0;0;1;8
pagani;6;1;2;0;0;0;0;0;1;2
ons;0;6;0;0;0;2;0;1;1;0
ombre;0;0;1;0;1;0;0;0;10;0
nuisance;0;0;0;0;0;0;10;0;0;2
nocif;0;0;0;0;0;1;8;0;2;1
nasse;0;1;0;7;0;0;0;0;2;0
médiocrité;0;0;0;1;2;0;0;0;2;7
morceau;0;2;0;0;0;1;4;1;0;3
men;0;0;8;0;0;0;0;0;0;1
maternel;0;0;1;0;7;2;0;0;0;2
master;0;0;0;0;0;5;1;0;1;4
masquer;0;0;0;5;0;0;0;0;2;5
maroc;0;0;6;1;0;1;0;0;1;1
marathon;0;5;0;0;0;1;0;0;3;0
malheur;0;1;2;1;0;0;1;0;7;0
mafieux;0;1;2;0;0;7;0;0;0;1
lunaire;0;0;1;0;0;0;0;0;2;9
louche;0;1;3;0;0;1;0;0;7;0
lot;0;3;1;0;0;1;1;0;5;1
lobbies;0;0;0;0;0;2;3;0;0;7
ligue;0;0;2;0;0;1;0;0;1;0
libéralisme;0;0;0;0;1;7;1;0;1;1
lecteur;1;0;1;0;0;1;0;0;0;9
lacune;0;0;0;0;0;6;1;0;1;4
iranien;0;0;7;0;0;0;1;0;1;1
inégal;0;0;1;0;0;4;1;5;0;0
intellectuellement;0;0;2;0;0;0;0;0;2;8
insulte;0;1;0;1;0;0;0;0;7;3
insultant;0;0;1;0;0;0;0;0;3;7
insister;0;0;2;0;0;4;1;4;0;1
ineptie;0;0;2;0;7;2;1;0;0;0
indigner;0;0;5;0;0;0;0;0;5;2
incarner;0;0;1;1;1;1;0;0;5;3
imagination;0;0;1;0;0;1;0;0;4;6
icône;0;0;0;0;0;0;0;1;8;2
honnêteté;0;0;0;1;0;0;0;0;0;10
hezbollah;0;0;11;0;0;0;0;0;0;0
génétique;0;1;0;0;0;1;2;1;4;3
généralité;0;0;0;1;0;0;0;1;1;3
gris;1;1;0;0;0;0;9;0;1;0
grimper;0;0;0;0;0;3;2;1;2;4
gratter;0;1;0;0;0;9;1;0;1;0
grandement;0;0;0;1;1;1;2;0;5;1
goutte;0;0;0;0;0;5;5;0;0;1
globalement;0;0;1;0;0;2;0;3;5;0
foncer;0;0;0;7;0;1;0;1;2;1
fautif;0;0;4;0;0;2;1;1;2;2
factuellement;0;0;1;0;0;3;1;0;0;4
esclavage;0;0;2;0;0;0;6;0;0;4
entreprendre;0;0;1;0;0;7;2;0;1;1
emji_signe_de_la_main;1;4;0;0;0;0;0;0;6;0
emji_part_de_fromage;4;8;0;0;0;0;0;0;0;0
emji_coeurs_qui_tournent;5;1;0;0;0;0;0;1;1;0
emji_cent_points;4;0;0;0;0;0;0;0;8;0
emji_bouteille_de_champagne;4;5;0;0;0;0;0;0;0;0
emji_argent_dans_les_yeux_et_la_bouche;0;0;5;0;0;1;0;0;0;2
egypte;0;0;10;0;0;0;0;0;2;0
dérégler;0;0;0;0;0;0;8;0;3;1
démuni;0;1;1;0;0;5;0;0;4;1
démonter;0;0;1;0;0;1;1;2;1;4
dégénérer;0;0;1;9;0;0;0;0;1;1
débloquer;0;0;0;0;0;9;2;0;0;1
durable;0;0;3;0;0;2;5;0;0;2
donneur;0;0;1;0;0;1;1;0;0;0
disproportionné;0;0;0;5;0;1;0;0;1;5
dimension;0;0;3;1;0;0;0;1;3;3
côte;0;0;1;1;0;0;2;0;2;2
cycle;0;0;0;0;1;1;4;0;3;3
couille;0;0;0;0;0;9;0;0;2;1
coucou;0;2;2;1;1;1;0;5;0;0
complotiste;0;0;1;0;0;0;0;0;0;6
compliquer;0;0;0;0;0;0;2;1;7;2
colossal;0;0;0;0;0;6;5;0;1;0
coach;0;5;0;0;0;0;1;1;4;0
chéri;0;1;1;0;0;0;0;0;3;0
chercheur;0;0;1;0;0;2;0;0;2;6
chasse;0;1;1;4;0;0;5;0;0;0
chaise;0;0;2;4;0;0;2;0;4;0
cenovis;7;3;1;0;0;0;0;0;1;0
case;0;0;0;0;0;0;4;1;6;1
cap;1;4;0;0;0;1;0;0;0;5
candidat;0;0;1;0;4;0;0;0;1;5
canada;0;0;1;1;1;2;0;0;0;2
cambrioler;0;0;0;4;0;0;0;0;6;1
cage;0;0;2;2;0;1;0;0;6;1
briller;1;1;2;0;0;0;0;0;0;8
branche;0;0;3;0;0;5;3;0;0;1
boutique;0;0;0;1;0;3;8;0;0;0
belgique;0;0;1;0;0;2;8;0;0;0
bataille;0;0;2;0;0;0;2;0;4;2
autriche;0;1;3;0;0;2;5;0;0;1
arrogance;0;0;1;0;0;1;1;0;5;4
argumentaire;0;1;0;0;1;1;0;0;0;9
approuver;0;0;1;0;0;1;3;0;1;6
anéantir;0;0;4;0;0;1;1;0;5;1
amplifier;0;0;2;1;0;0;1;0;0;8
aliou;11;0;0;0;0;1;0;0;0;0
agressivité;0;0;1;1;0;0;0;2;4;3
ag;0;1;0;0;0;8;2;0;0;0
affirmation;0;0;1;0;1;0;0;0;1;8
adéquat;0;0;2;0;0;1;1;0;8;0
accéder;0;0;0;7;1;1;0;0;0;1
abusif;0;0;0;4;0;4;1;0;3;0
2h;0;0;0;1;1;1;4;0;4;0
10h;0;0;0;2;0;4;1;0;5;0
éloigner;0;0;1;2;0;1;2;1;1;3
économiquement;0;0;0;0;0;4;1;0;0;6
écolo;0;0;0;0;0;1;6;0;0;4
zucman;0;0;0;0;0;10;0;0;0;1
vice;0;0;1;0;1;1;0;1;3;4
viable;0;0;0;0;0;7;2;0;1;1
unité;0;1;2;3;1;1;0;1;0;2
tva;0;0;0;0;0;11;0;0;0;0
trace;0;0;0;0;0;1;0;1;2;6
tolérant;0;0;1;1;0;0;0;0;2;7
tkt;0;0;0;7;0;1;0;0;2;1
thé;0;5;1;0;0;0;5;0;0;0
that;0;4;3;0;0;1;0;1;1;1
tf;0;0;1;9;0;0;0;0;0;1
syndrome;0;9;0;0;0;1;0;0;0;0
syndicat;0;1;0;3;0;4;1;0;0;2
supposition;0;0;0;0;0;0;1;0;0;10
spectateur;0;0;1;0;0;2;1;0;6;1
souche;0;0;0;0;0;0;0;0;1;8
sel;0;0;0;0;0;3;5;0;0;1
savoyard;0;1;0;0;3;0;2;0;0;2
salon;1;0;0;0;0;0;1;0;7;2
résilience;1;0;0;0;0;0;1;0;3;5
rédiger;0;0;0;0;3;0;0;0;1;7
retrait;0;0;5;0;0;2;4;0;0;0
reporter;0;0;2;1;0;3;2;0;1;1
renverser;0;1;4;0;0;0;0;0;4;2
pénible;0;0;0;1;0;5;2;0;1;2
pédophile;0;0;9;0;0;1;0;0;0;1
punaise;0;1;1;0;0;0;0;3;5;1
prédateur;0;0;1;0;0;1;7;0;1;1
prolétaire;0;0;0;0;0;10;0;0;0;0
progressiste;0;0;1;0;0;0;0;1;9;0
primordial;0;1;0;0;0;0;3;0;6;1
pov;0;1;0;0;0;1;2;3;2;2
poudre;0;1;1;0;0;4;3;0;0;1
poivre;0;0;1;10;0;0;0;0;0;0
pointe;0;0;1;0;0;3;4;0;0;3
plonger;0;1;2;0;0;2;2;0;0;4
piège;0;0;1;0;0;2;0;0;2;6
permanent;0;0;0;0;0;5;3;0;3;0
performant;0;3;1;0;0;3;1;0;0;1
patte;0;1;0;0;0;5;0;0;4;1
patriote;0;0;1;0;0;0;0;0;4;6
passager;0;0;1;0;0;2;8;0;0;0
parisien;0;2;0;0;1;1;1;0;3;3
paradoxe;0;0;0;1;0;2;3;0;0;5
ouest;0;0;5;0;0;4;0;0;0;2
orientation;0;0;0;0;1;0;1;1;1;7
ordonner;0;0;8;1;0;0;0;0;1;1
omg;1;10;0;0;0;0;0;0;0;0
nécessairement;0;0;0;1;0;2;2;0;1;5
noyer;0;1;1;0;0;1;0;0;2;6
noble;0;1;0;1;0;0;0;2;5;1
nes;0;0;4;4;0;0;1;0;1;0
naïveté;0;0;2;0;0;7;0;0;1;1
naturalisé;0;0;0;0;1;1;0;0;5;4
nati;3;0;0;0;0;0;0;0;8;0
moule;0;0;0;0;0;0;8;0;1;1
mouche;1;1;1;0;0;0;0;0;7;0
motorisé;0;0;0;0;0;0;8;0;1;1
mossad;0;0;2;0;0;0;0;0;1;2
morges;0;0;0;1;0;1;1;2;4;2
modérer;0;0;0;0;0;4;0;1;0;2
modération;0;0;1;1;0;0;1;0;1;7
mignon;0;3;0;0;1;0;2;0;5;0
mensuel;0;0;0;0;0;11;0;0;0;0
mdrrrr;0;0;0;0;0;0;0;0;10;1
maçon;0;0;1;0;0;8;0;0;1;1
manifestement;0;0;0;1;0;1;0;0;6;3
mamdani;1;0;1;0;2;2;0;0;0;3
main_d_oeuvre;0;0;0;0;0;3;5;0;0;2
maigre;0;0;1;0;0;2;0;0;7;1
légalement;0;0;1;1;0;8;0;0;0;1
lécher;0;4;0;0;0;2;0;0;5;0
là_dedans;0;0;1;0;0;3;2;2;1;1
lausannois;1;0;0;1;0;3;0;0;6;0
judicieux;0;0;0;0;0;2;1;0;1;7
joindre;0;0;3;1;1;2;0;1;3;0
invisible;0;0;2;0;0;1;6;0;2;0
intégrité;0;0;0;0;0;0;1;0;1;9
introduire;0;0;1;0;0;5;0;0;2;3
intercontinental;0;0;0;0;0;2;3;0;0;0
injection;0;0;0;0;0;6;1;0;4;0
informatique;0;0;0;0;1;8;0;0;0;2
indifférence;0;0;3;0;0;0;0;0;1;7
incohérence;0;0;0;3;0;0;0;1;2;5
impartial;0;0;8;1;0;0;0;0;0;2
immoral;0;0;2;2;0;2;0;0;2;3
immatriculation;0;0;0;2;0;1;6;0;1;0
identique;0;0;0;0;0;0;1;1;0;8
hôte;0;0;10;0;0;0;0;0;0;1
humble;0;0;0;0;0;2;1;0;8;0
homophobe;0;0;0;0;0;0;0;0;0;9
hey;0;0;0;0;0;1;0;0;0;10
haïr;0;0;5;1;0;1;0;1;1;1
handicap;0;1;0;0;0;3;1;0;3;2
hamass;1;0;7;0;0;0;0;0;0;0
halluciner;0;1;0;0;0;1;0;0;7;2
h24;0;0;2;0;0;2;4;0;0;2
gênant;0;0;0;0;0;0;1;0;7;3
gâteau;0;0;0;0;0;9;1;0;1;0
grippe;0;0;0;1;0;2;1;1;2;3
gravement;0;0;3;3;0;0;2;0;2;1
gratuité;0;0;0;0;0;9;1;0;0;0
gpt;0;1;0;0;1;3;0;0;2;4
glace;0;1;0;0;0;0;4;0;1;5
frérot;1;7;1;0;0;0;0;0;1;1
fréquent;0;1;0;1;0;1;2;0;0;5
francophone;0;0;0;0;6;0;0;0;0;5
fossé;0;0;0;1;0;0;0;0;0;8
formuler;0;0;0;1;0;0;0;1;0;9
fondation;0;0;1;0;0;8;2;0;0;0
fonctionnaire;0;0;2;0;0;6;0;0;1;2
fiv;0;0;0;0;0;4;0;5;0;0
fiscalité;0;0;0;0;0;10;0;0;0;1
fiscalement;0;0;0;0;0;4;0;0;1;5
faillir;0;3;1;0;0;1;1;0;3;1
faction;0;0;10;1;0;0;0;0;0;0
fabrication;0;1;0;0;0;2;6;0;0;1
exposition;0;0;1;0;0;2;3;0;2;3
exportation;0;0;0;0;0;8;2;0;0;0
exclusion;0;0;0;0;0;1;1;0;1;8
evidemment;0;0;1;1;0;1;0;0;4;4
espérance;0;0;0;0;0;9;1;0;0;1
escalade;0;2;0;1;0;1;2;0;2;2
environnemental;0;0;0;0;0;6;4;0;0;1
env;0;0;3;0;0;5;0;0;2;1
emojis;0;0;0;1;0;0;0;0;7;3
emji_trinquer;3;6;0;0;0;0;0;0;0;0
emji_soleil;2;4;0;0;0;0;1;0;1;0
emji_ok_peau_moyennement_claire;0;3;0;0;0;2;1;0;4;1
emji_mains_levées_peau_légèrement_mate;3;1;0;0;0;2;0;0;3;0
emji_bras_mécanique;6;0;0;0;0;0;0;0;0;0
emji_applaudissements_peau_mate;4;0;0;0;0;0;0;0;0;1
effrayant;0;1;0;0;0;0;0;0;9;1
dévier;0;0;1;0;0;4;1;0;0;4
détendre;0;2;3;1;0;0;0;0;1;0
désigner;0;0;4;0;0;1;1;0;1;4
département;0;0;0;0;0;1;3;0;4;3
démilitariser;0;0;10;0;0;0;0;0;0;0
découper;0;0;0;0;0;1;9;0;0;0
déconner;0;1;0;0;0;3;0;0;0;0
déclin;0;0;0;1;0;3;4;0;0;3
décevant;0;0;1;1;0;3;0;0;5;1
déborder;0;0;2;2;0;3;1;0;1;2
dynamique;0;0;0;0;0;2;1;1;1;5
dispositif;0;0;1;2;0;3;3;0;0;1
discréditer;0;0;1;7;0;2;0;0;0;1
destination;0;0;1;0;0;1;6;0;1;1
dessin;0;1;3;0;0;0;1;1;2;3
descente;2;2;1;0;0;1;0;0;3;2
danser;0;0;5;0;1;0;0;0;4;1
dalle;1;0;0;0;1;6;2;0;0;1
cruellement;0;0;0;1;0;0;0;0;7;3
cpi;0;0;10;0;0;0;0;0;0;0
corrélation;0;0;0;0;0;2;0;0;0;9
corina;0;0;11;0;0;0;0;0;0;0
copie;0;1;2;0;0;1;1;0;1;5
coopération;0;0;2;0;0;6;2;0;0;1
contradictoire;0;0;0;0;0;0;0;2;1;8
compétitivité;0;0;0;0;0;3;4;0;1;1
compétent;0;0;2;1;0;0;1;3;2;2
comique;0;4;0;0;0;0;0;0;4;3
colonie;0;1;9;0;0;1;0;0;0;0
colombie;0;1;1;0;0;1;0;1;1;0
christ;1;0;10;0;0;0;0;0;0;0
chaton;0;0;0;0;7;0;0;0;0;4
charité;0;0;0;0;0;2;0;0;6;3
chalet;0;4;0;0;0;2;5;0;0;0
cardiaque;0;0;0;0;0;1;7;0;1;2
canapé;0;1;3;2;0;0;0;0;2;3
cagnotte;0;1;1;0;0;0;0;0;9;0
buzz;0;1;2;0;1;0;0;0;3;4
bruyant;0;0;0;1;0;0;4;1;1;4
boucle;0;0;0;0;0;0;0;1;2;8
bilatérales;0;0;1;0;0;4;2;0;0;4
bilatéral;0;0;0;0;0;7;0;0;1;2
bail;0;0;0;1;1;8;0;0;0;1
avortement;0;0;0;0;0;0;0;8;1;1
avantageux;0;0;2;0;0;7;2;0;0;0
audience;0;0;2;0;0;0;3;0;3;3
attitude;0;0;3;0;0;0;0;0;5;3
asile;0;1;0;0;0;1;0;3;2;4
appauvrir;0;0;0;0;0;11;0;0;0;0
apologie;0;0;5;0;0;0;0;1;2;3
août;0;0;0;3;0;0;1;0;0;7
aop;0;9;0;0;0;0;1;0;0;0
angleterre;0;0;0;1;0;3;2;0;4;0
analyser;0;0;0;1;0;1;1;0;1;7
amusant;0;0;1;0;0;0;3;0;2;4
alerter;0;0;0;2;0;0;0;1;3;5
aigri;0;1;0;0;0;1;1;0;6;2
affaiblir;0;1;4;0;0;2;1;0;0;3
ado;0;0;0;1;0;0;3;0;6;1
accent;0;0;1;0;0;0;0;0;9;1
absent;0;0;1;2;0;2;1;2;1;1
abandon;0;0;0;0;1;0;2;0;3;4
3eme;1;0;0;0;0;7;2;0;0;0
2ème;0;0;1;0;0;5;0;0;2;2
2e;0;0;1;0;0;2;5;0;0;2
13h;0;0;0;0;0;6;5;0;0;0
éradiquer;0;0;5;0;0;0;0;0;5;0
égo;0;2;0;1;0;1;0;0;0;6
zürich;0;0;0;1;2;0;5;0;0;1
zoo;0;0;0;2;0;0;2;0;5;1
yen;0;1;1;1;0;5;0;0;1;0
yemen;0;0;10;0;0;0;0;0;0;0
wikipédia;0;0;0;0;0;1;0;0;0;8
végétal;0;0;0;0;0;0;8;0;1;1
visuel;0;0;0;0;0;0;1;0;6;3
victimisation;0;0;6;0;0;0;0;1;2;1
verbal;0;0;0;1;1;1;0;0;3;3
vengeance;0;0;7;0;0;0;0;0;1;1
vaste;0;0;4;0;0;2;0;0;1;3
vandalisme;0;0;0;7;0;0;0;0;0;2
vallée;1;4;0;0;0;0;4;0;0;0
urne;0;0;1;0;0;4;2;0;1;2
transparent;0;0;0;0;0;5;0;0;1;4
trajectoire;0;0;0;0;0;0;3;0;1;6
tragique;0;0;0;2;0;0;1;0;3;4
tpg;0;1;0;0;0;2;7;0;0;0
temporaire;0;0;1;0;0;2;3;0;1;1
tech;0;0;0;0;0;3;5;0;0;1
talentueux;1;0;0;0;0;0;0;0;7;2
sénégal;8;0;0;0;0;0;1;0;1;0
stérile;0;0;0;0;0;0;0;0;0;10
stupidité;0;1;5;0;0;1;1;1;0;1
stage;0;1;0;0;0;8;1;0;0;0
sponsoriser;0;3;0;0;0;4;2;0;0;0
soulager;0;0;1;0;0;1;1;0;4;3
sensibilisation;0;0;0;1;0;0;1;2;4;2
salutation;7;0;1;0;0;0;0;0;0;2
sable;0;2;1;0;0;0;3;0;0;4
récompense;1;0;3;0;0;3;1;0;0;1
romandie;0;0;0;0;1;2;2;0;1;4
rock;0;0;0;0;0;0;0;0;8;0
rn;0;1;0;1;0;0;0;0;1;7
riposte;0;0;9;0;0;0;0;0;0;0
responsabiliser;0;0;0;0;0;1;4;1;2;0
respectable;0;0;2;0;0;1;0;1;4;2
rejet;0;0;4;0;0;0;0;1;1;4
redire;0;0;0;0;0;0;0;1;6;3
reculer;0;0;0;1;0;2;0;0;7;0
recrue;0;0;1;0;0;1;0;3;5;0
recours;0;0;0;1;0;2;0;0;0;7
rdv;0;0;0;0;0;2;0;0;3;4
rationnel;0;0;0;1;0;0;0;0;2;7
rassurant;0;6;0;0;0;0;2;0;1;1
rassembler;0;1;0;3;1;0;1;0;4;0
pôle;0;2;0;0;0;0;5;0;0;3
pyramide;0;0;1;1;0;1;0;0;1;5
punition;0;2;2;1;0;2;1;1;1;0
psychique;0;0;0;0;0;1;0;0;3;6
préventif;0;0;5;0;0;1;0;1;1;2
provenance;0;1;0;0;0;0;5;0;0;1
proportionné;0;0;0;9;0;0;0;0;0;1
programmer;0;0;0;0;1;1;7;0;0;1
procéder;0;0;0;7;0;0;0;0;2;1
probable;0;0;1;0;0;2;0;2;3;2
primaire;0;0;0;0;0;0;0;0;10;0
premièrement;0;0;2;0;0;6;0;0;0;2
pragmatique;0;0;1;0;0;0;0;0;0;9
pq;0;0;1;0;0;0;0;0;0;4
poumon;0;1;0;1;0;0;7;0;1;0
possession;0;1;1;1;0;0;1;0;1;5
portant;0;0;5;2;0;2;0;0;1;0
port;0;0;0;1;0;2;6;0;0;1
populiste;0;0;3;0;0;0;0;0;0;7
pondre;0;2;0;0;0;1;0;0;0;6
plaie;0;0;0;1;0;5;0;0;3;1
pirater;0;0;0;0;0;3;1;0;2;4
pharmacie;0;0;0;0;0;5;2;1;1;1
pharmaceutique;0;0;0;0;0;6;1;0;1;1
peupler;0;0;5;0;0;3;1;0;0;0
paysan;0;1;0;0;0;1;2;0;2;2
partiel;0;0;1;0;0;3;0;5;0;1
particulièrement;1;0;1;0;0;2;2;0;2;2
paire;1;1;1;0;0;5;1;0;1;0
paille;0;0;0;0;0;2;3;1;0;4
pacte;0;0;3;2;0;1;1;0;0;3
ours;0;0;0;1;0;0;1;1;6;1
oubli;0;0;9;0;0;0;0;0;0;1
original;4;0;0;0;1;1;0;0;4;0
organisé;0;0;5;1;0;1;2;0;0;1
okay;0;0;0;0;0;1;2;0;5;0
ohhh;5;0;1;0;0;0;1;0;2;0
oeuvrer;1;0;0;1;1;3;0;0;2;2
négociateur;0;0;0;6;0;1;0;0;2;1
nuancé;0;0;0;0;0;1;0;1;0;8
neuch;0;8;0;0;0;1;0;0;0;1
méritocratie;0;1;0;0;0;3;0;0;0;6
ménager;0;0;1;0;0;0;1;7;0;0
méfier;0;0;4;1;0;0;1;1;2;1
médiocre;0;0;0;2;0;0;1;0;4;2
médiatiser;0;0;2;2;0;1;0;0;1;4
multiplier;0;0;2;0;0;6;2;0;0;0
motivation;0;0;1;1;0;4;0;0;0;4
misérable;0;0;1;0;0;3;3;0;1;1
misogyne;0;0;1;0;0;0;0;0;2;6
miroir;0;1;0;0;0;0;1;1;2;5
millionaires;0;0;0;0;0;10;0;0;0;0
migrantes;0;0;0;0;0;0;1;3;0;6
matraque;0;1;0;8;0;0;0;0;0;1
mars;0;1;0;0;1;4;0;0;1;3
management;0;0;1;0;0;7;0;0;1;1
magnus;0;1;0;0;0;0;0;0;5;3
lundi;0;1;4;0;0;0;4;0;0;0
lucide;0;0;0;0;0;3;1;1;1;4
low;0;0;0;0;0;1;5;0;1;1
lobbying;0;0;1;0;0;2;1;0;0;6
like;0;3;0;0;0;0;0;0;1;6
levier;0;0;0;0;0;8;2;0;0;0
king;1;1;2;0;0;0;0;0;2;1
justification;0;1;1;0;0;2;0;0;3;3
jsuis;0;0;0;0;0;4;0;1;5;0
jouet;0;0;0;0;0;0;1;0;9;0
irresponsable;0;0;1;1;0;1;0;3;1;3
inversement;0;0;0;0;0;2;0;3;1;4
influenceurs;0;0;0;0;0;0;0;3;3;4
indéniable;1;0;3;1;0;1;1;0;2;1
inconditionnel;0;0;6;0;0;1;1;0;1;1
incident;0;1;0;3;0;0;3;0;2;1
impérialiste;0;0;6;0;0;0;0;1;1;2
implication;0;1;2;2;0;0;1;0;0;4
illustration;0;0;1;0;0;0;0;2;2;5
ignoble;0;1;4;0;0;0;1;2;2;0
horizon;0;1;2;0;0;3;1;1;0;2
guérir;0;0;2;0;0;0;0;0;7;1
guide;0;0;1;1;0;2;0;0;6;0
grenade;0;0;2;1;0;1;0;0;0;1
grandeur;0;0;0;0;0;2;6;0;0;2
grace;1;0;0;0;0;7;0;0;2;0
glisser;0;0;0;2;0;1;2;0;0;5
gitan;0;0;0;0;9;0;0;0;1;0
genou;0;0;0;0;0;9;0;0;1;0
gen0cide;0;0;6;1;0;0;0;0;3;0
gaver;0;0;0;0;0;9;0;0;1;0
garde;0;0;1;0;0;4;1;1;2;1
garage;0;0;0;0;0;0;6;0;3;0
féminicide;0;0;1;1;0;0;0;0;3;5
frouze;0;0;0;0;8;0;1;0;0;1
frotter;1;1;1;0;0;0;4;0;2;1
frigo;0;2;0;0;0;0;6;0;1;0
four;0;3;0;0;0;0;6;0;0;0
formule;0;0;0;0;0;1;1;0;4;4
feminicides;0;3;0;1;0;0;0;1;1;4
faune;0;0;0;0;0;2;6;0;1;0
farine;0;1;0;0;0;2;6;0;0;0
fair;0;1;1;0;0;0;0;1;4;2
faille;0;0;1;0;0;3;2;0;2;2
enfreindre;0;0;2;1;0;1;1;0;1;3
enchaîner;0;0;1;0;4;1;2;0;1;1
enceinte;0;0;0;0;0;4;3;0;3;0
emji_visage_souriant_avec_des_cornes;1;3;0;0;0;0;0;1;0;1
emji_visage_somnolent;0;3;1;0;0;1;0;0;0;2
emji_visage_rieur;0;8;0;0;0;0;0;0;0;0
emji_visage_déguisé;0;1;0;0;0;4;1;0;0;1
emji_visage_de_menteur;0;7;1;0;0;0;0;0;0;0
emji_visage_confus;0;1;0;0;1;0;0;0;0;8
emji_visage_avec_yeux_ouverts_et_main_sur_la_bouche;0;5;0;0;0;0;4;0;0;1
emji_skieur;7;0;0;0;0;0;1;0;0;0
emji_point_d_interrogation_rouge;0;0;1;1;0;1;0;0;1;2
emji_poing_levé_peau_moyennement_claire;5;0;2;0;0;1;0;0;0;0
emji_miam;1;6;0;0;0;0;0;0;0;0
emji_mains_en_prière_peau_foncée;3;1;0;0;0;0;0;0;1;0
emji_fusée;6;0;0;0;0;0;0;0;0;0
emji_fondue;0;10;0;0;0;0;0;0;0;0
emji_flocon;0;5;0;0;0;0;0;0;1;0
emji_femme_avec_la_paume_sur_le_visage_peau_légèrement_mate;0;0;1;0;0;0;0;0;0;2
emji_décamper;2;0;0;0;0;0;2;0;0;0
emji_coeur_jaune;9;0;0;0;0;0;0;0;0;0
em;0;0;0;2;0;4;2;0;0;2
désastreux;0;0;0;0;0;1;4;0;2;3
désastre;0;2;2;0;0;1;0;1;2;2
désarmement;0;0;9;0;0;0;0;0;0;0
démesurer;0;0;1;3;0;2;0;1;2;1
délai;0;0;2;0;0;1;0;0;1;6
déformer;0;0;0;0;0;1;1;1;1;6
déduire;0;1;0;1;0;6;0;0;0;2
décrédibiliser;0;0;1;1;0;0;0;1;0;7
décharge;0;0;0;1;0;1;6;0;0;2
débilité;0;1;0;0;0;1;0;0;2;1
douer;0;0;0;1;0;1;1;0;1;6
doubler;0;0;1;0;0;5;2;0;0;1
donation;0;0;0;0;0;9;0;0;1;0
documentaire;0;0;1;0;0;1;1;0;1;6
dissuader;0;0;1;4;0;1;0;0;4;0
dinosaure;0;0;0;0;0;0;8;0;1;1
dictatorial;0;0;3;0;0;0;0;0;0;7
dessert;0;0;0;1;0;0;4;0;5;0
célébrer;1;0;6;0;0;0;1;0;0;2
câble;0;4;0;1;0;0;0;0;4;1
culpabiliser;0;0;0;0;0;5;3;0;0;2
cuisiner;0;0;0;0;1;3;4;1;1;0
cruel;0;0;1;0;0;2;0;0;4;3
coute;0;0;0;0;0;2;5;0;1;1
courrier;0;2;0;0;0;5;2;0;0;0
cordialement;0;0;0;0;0;0;0;0;3;7
cop30;0;0;0;0;0;1;4;0;0;3
contrepartie;0;0;0;0;0;8;0;1;0;1
consensus;0;0;0;0;0;1;1;0;0;7
connexion;0;0;0;0;0;1;2;3;3;1
connecter;0;2;2;0;0;1;0;0;3;2
confondu;0;0;1;0;0;0;2;1;1;5
concession;0;0;0;1;0;4;0;1;2;1
compétitif;0;0;0;0;1;5;0;0;1;0
complément;0;0;1;0;0;3;5;0;0;1
complot;0;0;2;0;1;0;0;0;3;4
comité;0;0;5;0;0;1;0;0;2;2
cohérence;0;0;1;0;0;1;1;1;2;4
clan;0;0;6;0;0;1;1;0;0;2
cis;0;0;0;0;0;0;0;9;0;1
champagne;0;0;0;0;0;1;7;0;0;0
cauchemar;0;1;0;0;0;0;0;0;7;2
cancérigène;0;2;0;0;0;0;8;0;0;0
bro;3;5;0;0;0;1;0;0;1;0
brave;0;1;0;6;0;1;1;0;0;0
boycott;1;0;6;0;0;1;1;0;1;0
bouton;0;2;1;0;0;0;1;0;4;1
bourrer;0;1;0;0;0;0;2;0;1;0
bla;0;2;1;0;0;0;0;0;0;0
bière;0;1;0;0;1;0;7;0;0;1
biologie;0;0;0;0;0;0;6;1;1;2
big;0;0;0;0;0;5;5;0;0;0
bienveillance;0;0;1;1;0;0;1;2;4;1
belge;0;2;1;0;0;1;3;0;2;1
batterie;0;0;2;0;0;0;4;0;1;0
balayer;0;0;2;6;0;0;0;0;1;0
balade;0;1;1;0;3;1;1;0;2;1
automobile;0;0;0;0;0;2;8;0;0;0
australie;0;1;0;0;0;0;6;0;0;1
arreter;0;1;0;0;0;1;3;1;1;3
appui;0;0;2;1;0;0;1;0;0;6
anti_démocratique;0;0;1;3;0;1;0;0;0;5
annexer;0;0;10;0;0;0;0;0;0;0
ange;0;1;6;0;0;1;0;0;1;0
amérindien;0;0;1;0;2;0;0;0;1;3
amplement;0;0;4;0;0;3;1;0;2;0
amerique;0;3;1;0;0;0;0;0;0;0
amender;0;1;0;1;0;1;6;0;0;1
ambiance;0;5;1;0;0;0;1;0;1;2
amande;0;0;0;0;0;1;8;1;0;0
alpin;0;2;0;0;0;2;6;0;0;0
allah;0;0;5;1;0;0;0;4;0;0
aligner;0;0;1;1;0;0;0;0;0;8
algérien;0;1;4;0;0;1;1;0;1;2
algorithme;0;0;1;0;0;0;0;0;0;9
ahhh;0;1;0;0;0;0;0;1;0;8
adhésion;0;0;0;0;1;2;0;0;0;7
activer;0;0;2;1;0;3;2;0;1;1
accusé;0;0;8;0;0;0;0;0;0;1
accoucher;0;0;0;0;0;1;0;3;5;1
abstenir;0;0;1;3;0;0;0;0;4;2
3x;0;0;0;0;0;3;7;0;0;0
2eme;0;0;2;0;0;3;3;0;0;0
2ans;0;0;5;1;0;1;1;0;2;0
1ère;0;0;1;0;0;3;2;1;0;1
éventuel;0;0;0;3;0;5;0;0;1;0
émeute;0;0;1;7;0;0;1;0;0;0
égalitaire;0;0;0;0;0;0;1;2;3;2
ç;0;1;1;0;1;1;0;0;1;4
zero;0;0;3;0;0;0;0;0;5;0
yverdon;0;3;0;0;0;0;0;0;2;2
wc;0;6;0;0;0;2;0;0;1;0
véracité;0;0;2;0;0;0;0;0;0;7
vigneron;0;4;0;0;0;4;1;0;0;0
video;0;0;6;0;0;0;1;0;0;2
veste;0;0;1;0;0;1;1;0;3;3
vd;0;1;0;0;0;1;6;0;0;0
urbain;0;0;0;4;0;2;0;0;1;1
uni;0;1;3;0;0;2;0;0;1;1
tune;0;4;0;0;0;1;1;0;3;0
tueur;0;0;8;0;1;0;0;0;0;0
troupe;0;0;3;0;0;4;1;0;0;0
tronche;0;1;2;0;0;5;0;0;0;1
trinquer;0;1;1;0;0;6;0;0;0;1
traversée;0;7;0;0;0;0;2;0;0;0
traumatiser;0;1;1;0;0;2;2;0;2;1
transférer;0;0;1;0;0;7;1;0;0;0
transformation;0;0;0;0;0;0;3;0;2;4
transfert;0;0;2;0;0;5;0;0;0;2
trancher;0;0;2;0;0;1;1;0;1;3
traduire;0;0;1;0;2;0;0;1;3;2
touchant;1;0;1;0;0;1;1;0;3;2
thème;0;0;1;0;0;0;0;0;0;8
terroriser;0;0;6;2;0;1;0;0;0;0
terr0ristes;0;0;9;0;0;0;0;0;0;0
tcheu;7;1;0;0;1;0;0;0;0;0
tarder;0;1;0;0;0;3;1;1;0;3
séparation;0;0;1;0;0;1;0;1;2;4
surveillance;0;0;0;0;0;3;2;0;0;4
surplus;0;0;0;0;0;4;2;0;0;2
subvenir;0;1;0;0;0;6;0;0;2;0
stylé;0;0;0;1;0;0;1;1;1;0
sous_entendre;0;0;5;0;0;1;0;0;1;2
souris;0;0;1;0;0;0;0;1;6;0
sonner;0;0;1;1;2;0;0;1;1;3
songer;0;0;1;1;0;1;1;0;2;3
sombre;0;0;0;0;0;0;2;0;5;2
solo;0;0;0;0;2;2;0;5;0;0
serré;0;1;0;0;0;1;1;0;6;0
scientifiquement;0;1;0;0;0;1;2;0;0;5
savoie;0;0;0;0;1;3;3;0;0;2
saturer;0;1;0;0;0;3;5;0;0;0
résulter;0;0;1;0;0;2;1;1;0;4
répartir;0;0;1;0;0;3;5;0;0;0
règlement;0;0;0;4;0;0;0;0;2;2
rtsioniste;0;0;8;0;0;1;0;0;0;0
rivière;0;3;0;1;0;0;1;0;1;2
rive;0;0;0;0;0;0;8;0;0;0
respecté;0;0;2;3;0;1;0;1;0;2
représaille;0;0;7;1;0;0;0;0;0;1
repos;0;0;0;0;0;8;1;0;0;0
recrutement;0;0;0;0;0;4;1;1;1;2
ravager;0;0;1;0;0;1;1;0;5;1
rageux;0;3;0;0;0;0;0;0;3;3
quota;0;0;0;0;0;2;2;0;1;2
quils;0;0;2;1;1;0;4;0;1;0
quil;0;0;1;1;0;0;1;0;5;0
qq;0;1;3;0;0;2;1;0;1;1
qi;0;0;0;0;0;0;2;0;0;3
prénom;0;0;3;0;0;0;0;0;5;1
prélever;0;0;2;0;0;6;0;1;0;0
préjugé;0;0;0;0;0;0;0;0;1;8
préféré;0;1;0;0;0;0;7;0;0;1
préférable;0;1;1;0;0;2;0;1;4;0
projeter;0;0;0;0;0;0;1;0;0;8
progressif;0;0;0;0;0;7;0;0;1;1
privatisation;0;0;0;0;0;7;0;0;0;1
portefeuille;0;0;0;0;0;8;0;0;0;1
piger;0;0;0;0;4;4;0;0;1;0
philosophie;0;0;0;0;0;0;0;0;7;2
paysage;0;0;0;0;0;3;2;0;1;3
passionnant;0;0;0;0;0;0;1;0;1;7
pardonner;1;0;2;0;0;0;0;0;4;2
parasite;0;0;1;2;0;1;1;0;4;0
ouvrage;0;0;0;0;0;0;0;0;0;8
ottoman;0;0;6;0;0;0;1;0;0;1
opérer;0;0;1;3;0;2;1;0;2;0
oppresser;0;0;2;1;0;1;0;0;2;2
offusquer;0;0;0;1;0;2;1;4;0;1
offensive;0;0;8;0;0;1;0;0;0;0
oct;0;0;8;1;0;0;0;0;0;0
néfaste;0;0;1;0;0;0;1;1;2;4
novartis;0;0;1;0;0;7;0;0;0;0
nouveauté;0;0;0;0;0;2;3;0;0;4
nestlé;0;0;1;0;0;5;0;0;0;1
nestle;0;0;0;0;0;7;1;0;1;0
navrant;0;0;0;0;0;1;1;0;6;1
météorite;1;0;0;0;0;0;6;0;1;0
mépriser;0;0;0;0;0;0;0;0;0;9
multimillionnaire;0;0;1;0;0;1;0;0;1;4
msf;0;0;6;0;0;0;0;0;2;1
moustachu;0;1;5;0;0;0;0;1;1;1
motion;0;0;0;0;6;0;0;0;0;3
mnt;0;1;0;0;0;1;3;1;0;1
minuscule;0;0;1;1;0;2;0;1;2;2
militantisme;0;0;1;0;0;0;0;0;1;7
migrer;0;0;0;1;3;2;0;0;0;1
menu;0;0;0;0;0;1;8;0;0;0
mega;0;1;0;1;0;1;4;0;2;0
matériau;0;0;0;0;0;1;7;0;0;1
marginal;1;0;0;0;0;1;1;0;2;4
législatif;0;0;3;1;0;1;1;0;0;3
lé;1;2;1;2;0;0;0;0;3;0
lointain;0;0;1;0;1;0;1;0;5;1
livraison;0;0;1;0;0;1;6;0;0;1
live;0;0;0;0;0;1;1;4;0;2
littérature;0;0;0;0;0;0;0;1;0;8
litre;0;0;0;0;0;0;7;0;0;1
liquide;0;0;0;0;0;7;1;0;1;0
lfi;0;2;1;0;0;1;1;0;0;4
lavage;0;0;3;0;0;0;5;0;1;0
kebab;0;1;0;0;0;1;0;0;3;3
jurisprudence;0;0;3;0;1;0;0;0;0;5
joint;0;0;0;0;0;0;5;0;2;0
inutilisable;0;0;8;0;0;1;0;0;0;0
inutilement;0;0;1;0;0;1;2;0;0;4
intensité;0;0;1;2;0;0;1;0;5;0
instruction;0;0;0;0;1;1;1;1;5;0
instable;0;0;0;3;0;1;0;1;2;2
insoutenable;0;1;1;1;0;4;0;0;1;1
inox;0;0;0;0;0;0;7;0;1;1
inondation;0;0;1;0;0;0;3;0;4;1
innocence;0;0;0;0;0;0;0;0;1;8
indirect;0;0;2;0;0;4;0;1;1;1
indemnité;0;0;0;0;0;9;0;0;0;0
incompréhension;0;0;1;0;0;0;0;1;0;7
inapte;0;0;0;0;0;0;0;8;1;0
impots;0;0;0;0;0;9;0;0;0;0
ice;0;3;1;0;0;0;1;1;0;2
humanisme;0;0;3;0;0;0;0;0;6;0
hug;0;0;0;0;0;5;3;0;1;0
horrifier;0;0;2;0;0;0;0;1;2;3
historien;0;1;2;0;3;0;0;0;0;2
hermance;0;0;0;0;0;1;8;0;0;0
hahahaha;1;3;3;0;0;1;0;0;0;1
géométrie;0;1;8;0;0;0;0;0;0;0
géographie;0;0;1;0;0;1;0;0;4;1
gravité;0;0;1;0;0;0;2;0;3;3
good;0;1;0;0;1;0;0;0;1;4
goat;9;0;0;0;0;0;0;0;0;0
gluten;1;1;0;0;0;0;7;0;0;0
gardien;0;0;0;3;0;0;0;0;2;2
fouiller;0;0;2;1;0;0;0;0;5;0
foie;0;1;0;0;1;0;4;0;1;2
fleur;0;0;0;1;0;0;0;0;4;4
ferroviaire;0;0;1;0;0;3;3;0;1;0
fermeture;0;0;0;0;0;7;1;0;0;1
farce;0;0;5;0;0;1;1;1;0;0
fact;0;0;0;4;0;1;0;0;0;3
extraordinaire;1;3;0;0;0;0;3;0;2;0
extraire;0;0;1;1;0;3;4;0;0;0
expertise;0;1;0;0;0;2;1;0;0;5
esthétique;0;1;0;0;0;0;2;0;5;1
essai;0;0;0;0;0;1;1;0;5;1
enseignement;0;0;0;0;0;5;0;0;3;1
enregistrer;0;0;0;2;0;1;0;0;2;4
enfoncer;0;0;2;1;0;1;1;0;2;1
ems;0;0;0;0;0;1;0;6;1;0
empirer;0;0;0;1;1;0;1;0;3;3
emji_visage_étourdi;0;8;0;0;0;0;0;0;0;0
emji_visage_rouge_et_chaud;0;1;0;0;0;1;0;0;2;0
emji_visage_qui_tire_la_langue;0;5;0;0;0;0;1;0;0;1
emji_v_de_la_victoire_peau_claire;4;0;3;0;0;0;0;0;0;1
emji_requin;1;0;0;0;0;0;1;0;0;1
emji_porte_documents;8;0;0;0;0;1;0;0;0;0
emji_points_d_exclamation_et_d_interrogation;0;3;2;0;0;0;1;0;0;0
emji_personne_avec_la_paume_sur_le_visage_peau_claire;0;1;0;0;1;3;0;0;2;0
emji_empreintes_d_animaux;4;1;0;0;0;0;0;0;2;0
emji_croix;0;0;1;1;0;3;2;0;0;0
emji_cornes_avec_les_doigts_peau_claire;7;0;0;0;0;0;0;0;0;0
emji_coeur_grandissant;7;0;0;0;0;1;0;0;1;0
ecoute;0;0;1;0;0;0;0;2;5;0
désert;0;0;0;1;0;1;4;0;1;1
déontologie;0;0;0;1;0;0;0;0;2;5
dénonciation;0;0;0;0;0;0;1;1;2;5
délirer;0;0;1;0;0;5;0;1;0;0
délirant;0;0;1;0;0;1;4;0;0;3
délinquance;0;0;0;2;0;2;0;0;0;4
dégoûtant;0;0;0;0;0;1;0;0;4;4
déforestation;0;0;1;0;0;1;2;0;1;4
défaite;0;0;2;0;0;0;1;0;1;0
décombre;0;0;9;0;0;0;0;0;0;0
débuter;0;0;1;0;0;0;1;0;4;3
débrouiller;0;0;1;0;5;3;0;0;0;0
dupe;0;0;5;0;0;0;0;1;2;1
dr;1;0;4;0;0;0;0;0;3;1
doucement;0;1;1;0;0;1;1;0;0;5
divertissement;0;0;0;0;0;1;1;0;5;2
disputer;0;0;0;0;0;1;0;0;2;0
discipline;0;0;0;0;0;0;0;0;8;0
différencier;0;0;0;1;0;2;2;0;0;4
destructeur;0;0;0;0;0;1;0;2;0;6
dernièrement;0;0;4;2;0;0;2;0;1;0
dater;0;1;1;0;0;4;3;0;0;0
céréale;0;1;0;1;0;0;4;0;2;1
célèbre;0;0;1;0;0;2;0;0;2;4
cv;0;0;1;0;3;1;0;0;1;3
crucial;0;0;1;2;0;5;0;0;1;0
crack;0;1;0;0;0;3;5;0;0;0
costume;0;3;2;0;0;0;0;0;2;2
convertir;0;0;4;0;0;1;2;0;1;0
considérable;0;0;1;0;0;5;2;0;0;1
conserver;0;0;1;0;0;6;2;0;0;0
conservation;0;0;0;0;0;1;2;0;1;5
congolais;0;0;7;0;0;1;0;0;1;0
condescendant;0;0;0;0;0;0;0;0;2;7
composant;0;0;0;2;0;2;3;0;0;1
compagnon;0;0;0;1;0;0;1;2;2;2
comestible;0;6;0;0;0;0;3;0;0;0
civilisé;0;1;0;2;0;0;0;0;4;1
civilisation;0;0;1;0;1;0;2;0;0;5
cissé;8;0;0;0;0;1;0;0;0;0
chouiner;0;0;0;2;0;2;0;1;3;1
chirurgien;0;0;2;2;0;1;0;0;3;1
check;0;1;0;1;1;0;0;0;1;2
charbon;0;0;0;0;0;1;8;0;0;0
certitude;0;0;1;0;0;0;0;0;1;7
certificat;1;0;0;0;1;5;0;0;1;1
carré;0;0;1;6;0;0;1;0;1;0
cargo;0;0;0;0;0;2;7;0;0;0
carburant;0;0;2;0;0;1;6;0;0;0
caractère;0;0;1;1;0;2;0;0;4;1
cantonaux;0;0;0;3;0;6;0;0;0;0
cameroun;0;0;1;0;0;2;0;0;5;0
camarade;1;1;2;0;0;0;0;1;2;2
caca;0;1;0;0;0;1;1;0;2;3
bêtement;0;0;0;0;0;1;1;0;2;5
béton;0;0;0;0;0;0;8;0;0;0
bâtir;0;0;1;0;0;7;0;0;0;1
bullshit;0;0;0;1;0;1;0;0;2;2
braquage;0;5;1;1;0;0;0;0;1;1
boursier;0;0;0;0;0;1;0;0;1;1
blick;0;0;3;0;0;1;0;0;2;2
blaireau;0;0;0;1;0;0;5;0;2;1
bibi;0;0;7;0;0;0;0;0;1;1
biaisées;0;0;4;0;0;0;0;0;1;4
best;6;0;0;0;0;1;0;0;1;1
be;0;2;1;0;0;1;0;0;2;3
bar;0;0;0;0;0;1;2;4;0;1
banc;0;0;1;0;0;1;3;0;2;1
balader;0;1;1;0;0;0;0;0;5;2
aîné;0;0;0;0;0;2;0;0;4;0
avaler;0;1;1;0;0;1;1;0;4;1
autruche;0;0;1;0;1;0;0;0;5;2
attentif;0;0;0;1;0;0;2;0;3;2
attacher;0;0;1;2;0;2;2;0;1;1
atroce;0;0;3;0;0;0;1;1;4;0
astronomique;0;0;0;0;0;9;0;0;0;0
assassinat;0;0;6;0;0;0;0;0;1;2
assassin;0;1;7;0;0;0;0;0;0;0
artistique;0;0;0;0;0;4;0;0;4;1
arracher;0;0;3;0;0;0;0;0;1;5
archi;0;0;0;0;0;0;0;0;7;2
arabo;0;0;9;0;0;0;0;0;0;0
anticiper;0;0;0;4;0;1;2;0;1;1
amiante;0;0;0;0;0;0;8;0;1;0
ambulancier;0;0;1;7;0;0;0;0;0;1
altitude;0;1;0;0;0;0;7;0;0;0
all;0;0;7;0;0;0;0;0;1;0
agriculteur;0;1;1;0;0;5;0;0;1;1
afficher;0;0;3;0;0;1;0;1;2;2
affamé;0;0;7;0;0;1;1;0;0;0
adolescence;0;2;0;0;0;1;0;1;5;0
accouchement;0;1;1;0;0;1;0;4;0;2
abonner;0;1;1;0;0;1;0;0;1;5
7h;0;0;0;1;0;1;6;0;0;1
1x;0;0;0;0;0;2;5;0;2;0
étre;0;0;0;0;1;1;0;1;3;1
étrangement;0;0;0;1;0;1;0;0;2;4
épreuve;1;0;0;0;0;2;0;0;5;0
égyptien;0;0;8;0;0;0;0;0;0;0
zara;0;0;0;0;0;0;8;0;0;0
wokes;0;0;1;0;0;0;0;0;0;7
with;0;3;0;0;0;1;1;1;0;1
vérification;0;0;1;0;0;1;0;0;0;6
vraisemblablement;0;0;1;0;0;1;0;0;1;4
vitre;0;0;1;0;0;1;4;0;2;0
verrouiller;0;2;0;1;0;0;1;0;3;1
ventre;0;0;0;0;0;0;0;0;7;1
vendredi;0;1;0;0;0;1;6;0;0;0
veille;1;1;1;1;0;1;0;1;2;0
ve;0;0;2;0;0;1;1;0;3;0
vainqueur;0;1;4;0;0;1;0;0;0;0
urss;0;0;4;0;0;0;0;0;0;4
up;0;0;1;0;0;0;0;0;3;1
univers;0;0;0;0;2;0;0;2;4;0
twint;0;0;0;0;0;6;2;0;0;0
tuerie;0;0;5;0;0;0;1;0;1;1
triple;0;0;2;1;0;2;0;1;2;0
tribune;0;0;0;0;0;0;0;1;0;6
trauma;0;0;0;0;0;1;0;0;7;0
traffic;0;0;1;1;0;2;2;0;0;2
traduction;0;0;0;0;0;1;0;0;0;6
tqt;2;0;0;0;0;4;0;0;1;1
tournoi;0;0;0;0;0;0;1;0;4;1
tonton;0;1;3;0;0;0;0;2;0;2
tit;0;0;0;0;0;0;1;0;5;1
thaïlande;0;0;1;0;3;0;1;0;3;0
textile;0;0;0;0;0;0;8;0;0;0
terr;0;0;6;0;0;0;0;0;0;0
temp;0;1;0;0;0;1;0;1;2;3
tante;0;0;0;0;0;2;0;0;3;1
tache;0;0;6;0;0;1;0;1;0;0
survivant;0;0;7;0;0;0;0;0;0;0
sursis;0;0;3;0;0;4;1;0;0;0
sundhage;0;0;0;0;0;0;0;0;8;0
stresser;0;0;1;0;0;3;1;1;1;0
stipuler;0;0;4;0;0;0;0;0;1;3
spécialité;0;0;2;0;0;5;1;0;0;0
sourd;0;0;4;0;0;0;0;0;1;3
souffle;1;0;0;0;0;1;0;0;6;0
sociologique;0;0;0;0;0;0;0;0;0;7
smartphone;0;0;0;0;0;2;2;0;0;4
serpent;0;0;1;0;0;2;0;0;0;4
serbe;0;0;5;0;1;0;0;0;2;0
saurer;0;0;2;1;0;2;0;0;1;2
satellite;0;0;0;0;0;2;1;0;0;4
samarie;0;0;7;0;0;0;0;0;0;0
saisie;0;0;4;0;0;1;0;1;1;1
rösti;0;0;0;4;0;0;2;0;2;0
révolutionnaire;0;2;0;0;0;1;1;0;2;2
révolte;0;0;2;0;0;1;0;0;1;4
réveil;0;0;0;0;0;1;6;0;1;0
récompenser;0;0;1;0;0;4;0;0;1;2
rural;0;0;0;0;0;1;3;0;0;4
roulant;0;0;0;0;0;1;2;4;1;0
roquette;0;0;6;0;0;1;0;0;0;0
roller;1;7;0;0;0;0;0;0;0;0
rigoureux;0;0;0;0;0;1;1;0;0;6
ridiculiser;0;0;1;0;0;1;0;0;2;4
renier;0;0;0;1;0;0;0;0;1;5
renens;0;0;1;0;0;0;6;0;0;0
remplacement;0;0;0;0;1;4;0;1;0;2
remarquable;2;1;0;0;0;1;0;0;3;1
relatif;0;0;0;2;0;6;0;0;0;0
redistribuer;0;0;0;0;0;7;0;0;0;1
rectifier;0;0;0;0;0;1;0;0;5;1
rebelle;0;0;3;1;0;0;0;0;1;3
rapprocher;0;0;0;0;0;0;0;0;2;6
rap;0;7;0;0;0;0;0;0;1;0
rame;0;0;0;0;0;1;6;0;0;0
ralentir;0;1;0;0;0;1;2;1;1;2
racket;0;0;1;0;0;0;5;0;0;2
racisé;0;1;0;1;0;0;0;0;2;4
pénétrer;0;0;0;6;0;0;1;0;0;1
psychopathe;0;0;4;0;0;0;0;0;0;4
présomption;0;0;0;0;0;0;0;0;0;8
présentation;0;0;0;1;0;0;1;0;3;3
préparation;0;0;0;0;0;2;1;0;2;3
provocation;0;0;1;2;0;0;0;0;0;5
proteger;0;0;1;1;0;1;0;0;2;3
propice;0;0;0;0;1;3;0;0;4;0
prolo;0;0;1;0;0;5;0;0;1;1
procurer;0;1;0;0;0;5;1;1;0;0
problems;1;0;3;0;0;0;0;0;0;1
poussière;0;0;0;0;0;1;6;0;1;0
porno;0;0;0;0;0;0;0;3;4;1
pompe;0;0;1;0;0;2;2;0;2;1
politesse;0;0;0;0;0;0;0;0;6;2
polir;0;0;0;0;0;0;0;0;7;1
planétaire;0;0;0;0;0;0;7;0;1;0
planche;0;0;0;0;0;0;8;0;0;0
plait;0;0;1;0;0;2;1;0;1;3
piéger;0;0;0;5;0;0;0;0;1;2
pisser;0;0;0;0;0;4;2;0;2;0
piratage;1;1;0;0;0;1;1;0;1;3
pion;0;0;1;0;0;3;0;0;0;4
pigeon;0;2;3;0;0;1;0;0;2;0
pet;0;0;0;0;0;0;5;0;1;1
persécuter;0;0;3;2;0;0;0;0;0;2
perpétuer;0;0;0;0;0;0;1;1;6;0
perdurer;0;0;2;0;0;1;0;0;1;4
perdu;0;0;1;0;0;2;0;1;1;2
perception;0;0;0;0;0;0;0;0;0;7
pente;1;0;0;0;0;1;2;0;4;0
patrie;0;0;2;0;0;2;0;0;2;2
paternité;0;0;0;0;0;3;0;4;0;1
parquer;0;0;0;0;0;0;7;0;0;1
paresse;0;0;0;1;0;1;0;0;0;5
paradoxal;0;0;0;1;0;1;0;1;0;5
ouïghours;0;0;7;0;0;0;0;0;1;0
outrance;0;0;0;0;0;5;1;0;1;1
ouragan;0;0;0;0;0;0;1;0;4;1
ouiii;5;0;0;0;0;2;0;0;0;1
orchestrer;0;0;4;0;0;0;1;1;0;0
optimisation;0;0;0;0;0;5;2;0;0;1
olp;0;0;8;0;0;0;0;0;0;0
off;0;0;0;0;0;1;3;0;1;2
oeillère;0;0;0;0;0;0;0;0;5;3
négligeable;0;0;0;0;0;3;5;0;0;0
nuage;0;4;0;0;0;0;0;0;3;1
notoriété;0;0;3;0;0;0;0;1;4;0
nn;1;0;0;0;0;1;0;1;4;1
nid;0;0;0;1;0;3;4;0;0;0
nicolas;0;0;2;0;0;3;1;0;0;2
nickel;0;0;0;0;0;0;5;0;1;2
nerveux;0;1;0;0;0;1;1;1;1;2
neo;0;0;1;0;0;0;0;0;0;7
médiateur;0;0;8;0;0;0;0;0;0;0
mâle;0;1;0;0;0;0;0;2;4;1
musical;0;0;1;0;0;0;0;0;6;1
municipal;0;0;0;0;0;2;2;0;1;3
moustique;0;1;0;0;0;4;2;0;0;1
miss;0;2;0;0;0;0;0;1;5;0
miser;0;0;0;0;0;4;3;0;0;0
ministère;0;0;4;0;0;4;0;0;0;0
michel;0;0;0;0;1;0;1;0;1;1
meuble;0;1;0;0;0;1;4;0;1;1
mensonger;0;0;1;0;0;0;0;0;0;7
media;0;1;3;0;0;0;2;0;0;2
marrer;0;1;0;1;0;0;0;0;1;5
marchand;0;1;0;0;0;0;3;0;4;0
manoeuvre;0;0;1;0;1;3;1;0;2;0
mal_être;0;0;0;0;0;0;0;0;7;0
magouille;0;1;1;0;0;2;0;0;3;1
législation;0;0;0;4;0;1;1;0;0;2
lâcheté;0;0;5;0;0;0;0;0;2;1
lyon;0;0;0;0;0;0;8;0;0;0
lumineux;0;0;0;0;0;1;4;0;0;3
lucratif;0;0;0;0;0;8;0;0;0;0
lover;0;1;0;0;0;1;1;0;1;0
lourdement;0;0;1;2;0;2;0;0;0;3
louis;0;1;0;1;0;0;0;0;6;0
londres;0;1;0;0;0;2;1;0;1;1
liquidité;0;0;1;0;0;7;0;0;0;0
laxiste;0;0;1;0;0;2;0;0;1;4
latin;0;0;2;0;0;0;0;0;2;3
lapider;0;0;5;0;0;1;0;0;1;1
kms;0;0;4;0;0;0;3;0;0;1
jpp;0;3;1;2;1;0;0;0;1;0
jesus;0;2;4;0;0;0;0;0;1;1
jafarawi;0;0;8;0;0;0;0;0;0;0
islande;0;0;1;0;0;1;0;0;0;2
irrespectueux;0;0;3;0;0;1;0;1;3;0
invoquer;0;0;1;0;0;0;0;0;0;7
intermédiaire;0;0;1;0;0;6;0;0;0;1
intensifier;0;0;2;0;0;2;3;0;1;0
intelligemment;0;0;0;0;0;1;3;1;2;1
installation;0;0;1;0;0;3;4;0;0;0
inspiration;0;5;0;0;0;1;0;0;1;1
insinuer;0;0;0;0;0;1;2;0;0;3
inquiétude;0;1;2;0;1;0;0;0;3;1
injonction;0;0;1;0;0;0;0;0;5;2
infiniment;1;0;1;0;0;2;0;0;1;3
indépendamment;0;0;0;1;1;0;1;3;1;1
indirectement;0;0;3;0;0;5;0;0;0;0
indigne;0;0;1;0;1;1;0;0;3;2
indicateur;0;0;0;0;0;5;2;0;0;1
inclusion;0;0;0;0;0;0;0;0;0;8
incitation;0;0;4;1;0;0;0;1;0;2
incarcérer;0;0;8;0;0;0;0;0;0;0
imposable;0;1;0;0;0;7;0;0;0;0
impacte;0;0;1;0;0;1;0;0;5;1
imaginaire;0;1;0;0;0;1;1;1;0;2
idéaliste;0;2;0;0;0;0;0;0;0;6
hétéro;0;0;0;0;0;1;0;7;0;0
humiliation;0;0;5;0;0;1;1;0;1;0
huile;0;0;0;1;0;1;2;0;0;4
handicaper;0;0;0;0;0;1;3;1;0;2
habillement;0;0;0;0;0;0;0;0;8;0
gén0cide;0;0;8;0;0;0;0;0;0;0
gâcher;1;0;1;4;0;1;1;0;0;0
grotte;0;0;0;0;0;1;6;0;1;0
grossier;0;0;0;0;0;0;0;0;2;6
griller;0;0;0;0;0;0;7;0;1;0
grands_parents;0;0;4;0;0;0;0;0;2;2
gonfler;0;0;0;1;0;3;2;1;1;0
gazaoui;0;0;4;0;0;3;0;0;1;0
gant;0;1;0;0;0;0;6;0;0;0
gamme;0;0;0;0;0;0;7;0;0;1
galérer;0;1;0;0;1;4;0;0;0;2
fée;0;0;0;0;0;1;1;0;5;0
fusée;0;0;0;0;0;1;7;0;0;0
fuck;1;1;0;1;0;0;4;0;0;0
fréquence;1;0;0;0;0;1;5;0;1;0
frustrer;0;0;0;1;0;0;0;1;2;4
froc;0;1;0;0;0;7;0;0;0;0
frein;0;0;0;0;0;0;5;2;0;1
franchir;0;0;0;0;0;3;2;0;2;1
fracture;0;0;0;0;0;0;3;0;0;4
fondre;1;0;1;0;0;0;4;1;1;0
fashion;0;0;0;0;0;0;8;0;0;0
fabricant;0;1;1;0;0;4;1;0;0;1
exécutif;0;0;1;2;0;0;0;0;0;4
exporter;0;0;0;0;0;2;4;0;0;1
explicite;0;0;0;0;0;0;0;0;0;8
exil;0;0;1;0;0;4;0;0;0;3
excellence;0;0;0;0;3;0;1;0;0;3
exaction;0;0;7;0;0;0;0;0;0;1
essuyer;0;0;3;0;0;4;0;0;0;1
essentiellement;0;0;2;0;0;5;0;0;0;1
esquiver;0;0;1;0;0;2;0;0;1;4
escale;0;0;0;0;0;0;5;0;2;0
epoque;1;0;1;0;0;1;0;3;1;0
envoler;0;1;0;0;0;2;5;0;0;0
envahisseur;0;0;7;0;0;0;0;0;0;1
entraîneur;0;6;0;0;0;1;0;1;0;0
entièreté;0;0;1;0;0;1;1;0;0;5
entendeur;0;1;0;2;0;1;1;1;1;0
engraisser;0;0;0;0;0;6;1;0;1;0
enft;0;1;0;0;0;0;0;0;3;4
endetter;0;0;0;0;0;8;0;0;0;0
emoji;0;0;2;0;1;1;1;0;1;2
emji_visage_avec_bouche_fermeture_éclair;0;2;1;0;0;2;0;1;0;1
emji_v_de_la_victoire_peau_moyennement_claire;4;0;0;0;0;0;1;1;1;1
emji_tête_de_lion;6;0;0;0;0;0;0;0;0;0
emji_rose;7;0;0;0;0;0;0;0;0;0
emji_personne_qui_hausse_les_épaules_peau_claire;0;0;1;0;0;0;0;1;0;6
emji_pastèque;1;0;2;1;0;0;1;0;0;1
emji_ok_peau_légèrement_mate;6;0;0;0;0;0;0;0;1;0
emji_oeil;0;0;0;0;2;1;0;0;1;1
emji_mémo;8;0;0;0;0;0;0;0;0;0
emji_feuille_morte;0;8;0;0;0;0;0;0;0;0
emji_drapeau_soudan;5;0;1;0;0;1;0;0;1;0
emji_double_point_d_exclamation;0;1;1;1;0;0;1;2;0;0
emji_couronne;0;6;0;0;0;0;1;0;0;0
emji_carte_du_monde;6;0;0;0;0;0;0;0;0;0
emji_arc_en_ciel;4;0;0;0;0;0;0;0;2;2
elbit;0;0;3;0;0;5;0;0;0;0
détromper;0;0;0;0;0;2;0;0;4;0
détailler;0;0;0;0;0;0;0;0;0;8
déstabiliser;0;0;2;0;0;1;0;0;2;3
désespérant;0;6;0;0;0;0;0;0;1;1
désagréable;0;1;0;0;0;0;0;0;6;1
dérangeant;0;1;0;0;0;0;0;4;1;2
déprimant;0;1;0;0;0;0;2;0;4;1
déportation;0;0;8;0;0;0;0;0;0;0
déployer;0;0;2;3;0;2;0;0;1;0
démographique;0;0;0;0;0;5;2;0;0;1
démission;0;0;0;0;0;4;0;0;0;1
délocalisation;0;0;0;0;0;8;0;0;0;0
déficit;0;0;0;0;0;5;3;0;0;0
défaire;0;0;1;0;0;1;0;0;2;3
décimer;0;0;5;0;0;0;0;0;3;0
débarquer;0;0;2;1;0;0;1;0;2;1
dresser;0;2;1;3;0;1;0;0;1;0
drastique;0;0;0;0;0;2;0;0;1;5
douanier;0;0;0;0;0;6;2;0;0;0
dixit;0;5;1;0;0;1;0;0;0;1
divin;0;0;2;2;0;0;1;0;3;0
distinguer;0;0;1;0;0;0;1;0;0;6
disproportionner;0;0;0;1;0;4;1;0;1;1
dispo;0;0;1;0;0;2;0;0;0;1
diffusion;0;0;3;0;0;0;4;0;0;1
dictionnaire;1;0;0;1;0;0;0;0;0;6
dico;0;4;1;0;0;0;0;0;2;1
diagnostiquer;0;0;0;0;0;0;0;0;0;7
dentiste;0;0;0;0;0;7;1;0;0;0
demeure;0;0;0;1;0;4;0;1;1;1
curiosité;0;0;0;0;0;2;0;0;0;5
cultivé;0;2;0;0;0;1;2;1;1;0
cuire;0;1;0;0;0;1;4;0;1;1
cran;1;6;0;0;0;0;0;0;0;1
cp;0;0;0;0;0;4;0;0;0;3
coutume;0;0;1;0;0;0;0;0;2;5
cou;0;1;1;5;0;0;0;0;1;0
contraindre;0;0;2;1;0;0;0;0;0;5
contaminer;0;0;0;0;1;1;5;0;0;1
consentir;0;0;5;0;0;1;0;0;0;2
confrère;0;1;6;0;0;0;0;0;1;0
concitoyen;0;0;1;0;0;2;0;0;2;2
comédien;0;0;0;0;0;0;0;0;7;0
comédie;0;1;2;0;0;0;0;0;5;0
compromis;0;0;2;0;0;1;1;0;0;4
composition;0;0;0;0;0;0;5;0;1;2
compartiment;0;0;0;0;0;6;0;0;0;0
comble;1;0;4;0;0;0;1;0;0;1
colonisateur;0;0;7;0;0;0;0;0;0;1
collège;0;0;0;0;0;1;2;1;3;0
coco;0;1;1;0;0;1;0;0;5;0
circonstance;0;0;0;0;1;0;1;0;0;6
chiner;1;0;0;0;0;0;7;0;0;0
chiant;0;2;0;2;0;0;0;0;3;1
chaussette;0;1;0;0;0;0;2;1;4;0
chahut;0;1;1;1;0;0;0;0;0;4
ceinture;0;0;1;0;0;1;5;0;1;0
cct;0;0;0;0;0;7;0;0;1;0
causalité;0;0;0;0;0;1;1;0;0;5
cartel;0;0;2;0;0;1;0;0;2;3
cambrioleur;0;1;0;6;0;0;0;0;0;1
call;0;1;0;1;0;2;1;0;2;1
cagoulé;0;0;2;6;0;0;0;0;0;0
cacahuète;0;0;0;6;0;1;0;1;0;0
by;0;0;8;0;0;0;0;0;0;0
buter;0;0;2;1;0;2;2;0;1;0
burn;0;0;0;0;0;5;1;0;1;0
bonus;0;1;0;0;0;4;0;0;2;0
bodycam;0;0;1;5;1;0;0;0;1;0
blond;0;1;0;0;1;0;0;1;5;0
blindé;0;1;0;1;0;2;3;0;0;0
blanchir;0;0;5;0;0;2;0;0;0;0
blablabla;0;0;2;0;0;2;0;0;0;2
bidon;0;0;4;0;0;1;0;0;2;1
bfm;0;0;2;0;0;0;0;0;6;0
barrière;0;0;0;4;0;1;0;0;1;2
barbare;0;0;8;0;0;0;0;0;0;0
banquier;0;0;0;0;0;6;1;0;1;0
ballon;0;3;0;0;0;0;4;0;1;0
bagnole;0;0;0;0;0;1;5;0;2;0
axe;0;0;2;2;0;0;4;0;0;0
aviation;0;0;3;0;0;0;5;0;0;0
avertir;0;0;0;5;0;1;0;0;0;2
aventure;0;1;0;1;0;0;1;0;2;2
autonomie;0;0;1;0;0;1;0;1;1;4
audace;0;2;0;0;0;1;0;1;0;3
associé;0;0;0;1;0;2;3;0;0;2
assiette;0;0;0;0;0;3;5;0;0;0
aspirer;0;0;0;0;0;4;2;0;0;2
artisanal;0;0;0;0;0;2;5;0;0;0
arrogant;0;0;0;0;0;0;0;0;5;3
arretez;0;0;3;0;0;1;3;0;1;0
arafat;0;0;8;0;0;0;0;0;0;0
apéro;0;0;0;0;0;0;4;0;4;0
approprier;0;0;3;0;0;1;0;0;1;3
apport;0;0;0;0;0;2;1;1;0;4
appartenance;0;0;0;0;0;0;0;0;1;6
antifa;1;1;2;2;0;0;0;0;1;1
animé;0;0;3;0;0;0;2;0;1;2
ancrer;0;0;1;0;0;0;1;1;1;4
amateur;0;0;0;0;0;0;0;3;1;3
alcoolisé;0;0;0;0;0;0;0;0;2;6
albédo;0;0;0;0;0;0;7;0;0;1
ahh;0;0;0;0;0;1;1;0;4;0
ahahah;0;3;0;1;0;0;0;0;4;0
age;0;0;1;1;0;2;0;0;3;1
admirer;1;0;0;0;0;0;0;0;2;5
admiration;0;0;0;0;0;2;0;0;6;0
acquisition;0;0;2;0;0;1;1;0;3;1
abeille;0;7;0;0;0;0;0;0;0;0
5g;0;0;0;0;0;3;5;0;0;0
15h;0;0;1;1;0;1;0;0;1;2
12h;0;0;1;1;0;1;1;0;0;0
évacuer;0;0;3;0;0;1;1;0;1;1
étroit;0;0;0;0;0;1;1;0;2;2
étonnement;0;1;4;0;0;1;0;0;0;1
équivalence;0;0;0;1;1;3;0;0;0;2
équipement;0;0;0;0;0;2;5;0;0;0
émotionnellement;0;0;0;1;0;1;0;0;1;4
écrasant;0;0;2;0;0;1;0;0;1;3
économiste;0;0;0;0;0;3;1;0;0;2
écologiste;0;0;1;0;0;1;1;0;0;4
éclairage;0;0;1;0;0;0;4;0;0;2
échanger;0;0;1;4;0;1;0;0;0;1
ème;0;0;0;0;0;1;0;0;1;5
zélande;0;0;0;0;0;5;0;0;0;0
zhommes;1;0;0;0;0;0;0;3;0;1
zelensky;0;0;4;0;0;2;0;0;0;0
yo;0;0;1;0;0;0;2;0;1;0
yasser;0;0;7;0;0;0;0;0;0;0
xd;0;3;0;0;0;0;1;0;1;2
weekend;0;2;0;0;1;0;0;0;2;2
wait;1;0;1;0;0;1;0;1;3;0
wagon;0;0;0;0;0;2;4;0;1;0
vêtir;0;0;0;3;0;0;0;0;4;0
vérifiable;0;0;0;0;1;0;0;0;0;5
véridique;0;1;1;0;0;1;0;0;2;2
véganes;0;0;0;0;0;0;4;0;0;2
végane;0;0;0;0;0;0;2;0;0;4
voile;0;0;1;0;0;0;0;2;3;1
virtuel;0;0;0;0;0;1;0;1;2;1
villa;0;0;0;0;0;2;5;0;0;0
vilain;0;4;0;1;0;0;1;0;0;1
vieillissement;0;0;0;0;0;1;2;1;1;2
victimiser;0;0;2;0;0;0;0;1;4;0
vi;0;0;1;0;0;0;0;1;3;2
vernier;0;1;0;0;0;1;5;0;0;0
varier;0;0;0;1;0;0;2;0;2;1
valaisan;0;4;0;0;0;1;1;0;0;1
unilatéral;0;0;7;0;0;0;0;0;0;0
ultime;0;1;0;0;0;0;0;0;2;3
tunisie;0;0;7;0;0;0;0;0;0;0
traître;0;0;2;2;0;0;0;0;1;2
tournure;0;0;1;0;2;0;0;0;1;3
tordu;0;5;1;0;0;0;0;1;0;0
tj;0;0;0;0;0;1;1;0;5;0
tinder;0;1;0;0;0;0;0;4;1;0
thérapie;0;0;0;0;0;1;2;0;0;4
thématique;0;0;0;1;0;0;0;0;0;6
tdah;0;1;0;0;0;0;0;0;2;4
tax;0;0;0;0;0;6;0;0;0;1
sévère;0;1;0;0;1;1;2;0;1;1
sévir;0;0;5;0;0;0;1;0;0;1
systeme;0;0;0;0;0;3;2;0;1;0
syrien;0;0;4;0;0;1;0;0;2;0
sympathie;0;0;3;0;0;1;1;0;1;1
suv;0;0;0;0;0;0;7;0;0;0
surpoids;0;0;0;0;1;0;0;0;5;1
surfer;0;5;1;0;0;0;0;1;0;0
suprême;0;0;5;0;0;0;0;0;1;1
story;0;0;3;0;0;0;0;0;0;4
stocker;0;0;0;0;0;3;2;0;0;2
stigmatiser;0;0;0;0;0;0;0;0;0;7
star;2;2;0;0;1;0;1;0;1;0
spécifiquement;0;0;1;0;0;0;1;0;0;5
spécialement;0;0;0;2;0;1;2;0;0;2
spoiler;0;0;0;0;0;5;0;0;1;1
soupçonner;0;0;3;0;0;0;0;1;1;1
soupe;0;0;0;0;0;2;0;1;2;2
sorry;0;1;4;0;0;1;0;0;0;1
sombrer;0;0;1;0;0;0;0;0;5;1
soif;0;1;4;1;0;0;0;0;0;1
sociétal;0;0;0;0;0;2;0;0;3;2
so;0;1;0;1;0;0;1;0;1;3
smartphones;0;0;0;0;0;1;5;0;0;0
simplifier;0;0;0;0;0;1;0;0;1;5
sidérer;0;0;0;0;0;2;0;3;2;0
sensibiliser;0;0;0;0;0;0;0;0;6;1
sense;0;1;0;0;0;2;0;1;2;0
sauvetage;1;0;1;0;0;1;0;1;0;3
satisfaction;0;0;0;0;0;0;0;0;1;6
sarcastique;0;3;0;0;0;0;0;0;0;4
sanguinaire;0;0;6;0;0;1;0;0;0;0
saisonnier;0;0;0;0;0;2;0;0;2;3
réviser;0;0;1;0;0;1;0;0;0;5
réputation;0;0;0;0;0;0;1;0;0;6
répercuter;0;0;1;0;0;5;0;0;0;0
réinventer;0;0;0;0;1;0;4;0;0;2
régaler;1;6;0;0;0;0;0;0;0;0
récupération;0;0;2;0;0;0;0;0;1;4
rowling;0;0;0;0;0;1;0;0;2;4
risible;0;0;0;0;0;3;0;1;1;1
revue;0;0;0;0;0;1;1;0;0;5
ressort;2;0;0;1;0;1;0;0;0;3
renvoi;0;0;0;4;0;1;1;0;0;1
renouveler;0;0;0;0;0;0;3;0;3;0
relancer;0;0;1;0;0;2;2;0;2;0
relais;0;1;1;0;0;1;0;2;2;0
regrouper;0;0;2;0;0;1;1;0;1;2
reflexion;0;3;0;0;0;0;1;0;0;2
reflet;0;0;0;0;0;1;0;1;1;4
redevenir;0;0;1;0;0;1;0;0;5;0
recréer;0;2;1;0;0;1;0;1;2;0
rde;0;0;0;0;2;0;1;0;1;3
ranger;0;0;1;0;0;0;1;0;5;0
rallier;0;1;0;0;0;1;2;0;2;1
raide;0;1;0;0;0;0;1;0;4;0
quai;0;1;0;1;0;2;3;0;0;0
pêche;0;0;1;0;0;5;1;0;0;0
péninsule;0;0;7;0;0;0;0;0;0;0
ptit;0;3;0;1;0;0;0;0;2;1
psychologue;0;0;0;4;0;1;0;0;1;1
psq;0;0;1;1;0;0;1;0;1;3
psk;0;0;1;0;0;0;1;0;4;0
prêter;0;1;1;0;0;0;0;0;1;4
prétendu;0;0;1;1;0;1;1;0;0;3
présidentiel;0;2;2;0;0;0;0;0;1;2
provisoire;0;0;5;0;0;0;0;0;1;1
protocole;0;0;0;0;0;1;0;0;1;5
propagande;0;0;5;0;0;0;0;0;2;0
prolonger;0;0;0;0;0;3;2;0;2;0
profondeur;0;0;0;0;0;1;0;0;0;6
profiteur;0;0;0;0;0;7;0;0;0;0
proclamer;0;0;5;0;0;0;0;0;1;1
prière;0;0;1;0;0;1;0;2;3;0
presser;0;0;0;0;0;6;1;0;0;0
president;0;0;1;2;0;0;0;0;4;0
poêle;0;0;0;0;0;0;4;0;0;3
poussette;0;0;0;0;0;0;4;2;1;0
portrait;0;0;2;0;0;0;0;0;0;5
porc;0;4;0;0;0;1;0;1;0;1
ponctuation;0;0;0;0;0;0;1;0;2;3
polluant;0;0;0;0;0;0;7;0;0;0
poison;0;0;0;0;0;1;3;0;0;3
poignée;0;0;1;0;0;4;0;0;2;0
plage;0;0;1;0;0;1;2;0;1;0
piqûre;0;0;1;0;0;1;2;1;1;1
persécution;0;0;7;0;0;0;0;0;0;0
persister;0;0;3;0;0;0;2;0;2;0
percer;1;0;0;0;0;1;0;0;1;4
pedophiles;0;0;1;0;0;0;0;0;1;5
pavé;0;0;0;0;1;0;2;2;1;1
partiellement;0;0;1;1;0;4;1;0;0;0
partial;0;0;5;0;0;0;0;0;0;2
parcequ;0;0;0;0;0;0;1;1;3;1
paramètre;0;0;0;0;0;2;3;0;0;2
paragraphe;0;0;0;0;0;0;0;0;1;6
panique;0;0;0;1;0;0;5;0;0;1
oslo;0;0;5;0;0;1;0;0;0;0
os;0;0;5;0;0;1;1;0;0;0
orphelin;1;0;2;0;0;1;0;1;2;0
open;0;0;0;0;0;1;1;2;0;3
oooh;0;1;1;1;0;2;0;1;0;1
one;0;0;1;0;0;0;0;0;1;4
onde;0;0;0;0;0;1;4;0;1;1
oncle;0;0;0;0;0;4;0;0;3;0
officier;0;0;1;0;0;2;0;0;0;3
offenser;0;0;0;0;0;0;0;0;0;7
obéir;0;0;0;4;0;0;2;0;0;0
obséder;0;0;4;0;0;0;0;1;1;1
oas;0;0;3;0;0;0;0;0;1;2
niche;0;0;0;0;0;6;1;0;0;0
nausée;0;0;1;1;0;0;0;0;5;0
méritant;0;0;0;0;0;3;0;0;0;1
mégot;0;0;0;0;0;0;6;0;0;0
mtv;1;0;0;0;0;0;0;0;3;1
mortalité;0;1;0;0;0;4;1;0;1;0
mont;0;0;1;0;0;0;5;0;1;0
monaco;0;0;0;0;0;7;0;0;0;0
mohamed;0;0;6;0;0;0;1;0;0;0
mo;4;0;0;0;0;1;0;0;1;1
misogynie;0;0;0;0;0;0;0;4;0;3
minuit;0;0;0;0;0;0;6;0;0;0
millénaire;0;0;5;0;0;0;1;0;0;1
migratoire;0;0;0;0;0;2;1;0;1;3
micro;0;0;0;0;0;0;0;0;0;6
medias;0;1;2;0;0;0;0;0;1;3
matraquer;0;0;0;5;0;2;0;0;0;0
mascu;0;2;1;0;0;0;0;0;0;4
marginaliser;0;0;1;0;0;2;0;0;2;2
manipulateur;0;1;0;0;0;0;0;0;3;3
mali;0;0;7;0;0;0;0;0;0;0
magie;4;0;0;0;0;2;0;0;0;1
lá;1;0;0;0;0;2;0;0;1;3
longévité;0;0;0;1;0;0;2;0;3;1
longueur;0;0;2;0;0;0;0;0;2;3
location;0;0;0;0;0;5;2;0;0;0
leman;0;0;0;0;0;3;3;0;0;0
just;0;0;0;0;0;0;0;0;5;0
juin;0;0;2;0;0;1;2;1;0;1
jazz;0;1;0;0;0;0;2;0;4;0
japonais;0;2;0;0;1;0;0;0;2;1
janeiro;0;0;7;0;0;0;0;0;0;0
israelien;0;0;7;0;0;0;0;0;0;0
isoler;0;0;0;0;0;0;1;0;3;3
islamisme;0;0;4;0;0;0;0;0;0;3
investisseur;0;0;0;0;0;6;0;0;0;1
intifada;0;0;4;0;0;0;0;0;1;1
interessant;0;1;6;0;0;0;0;0;0;0
interaction;0;1;0;1;0;0;2;1;1;1
intense;0;1;0;0;0;0;2;0;3;1
institutionnel;0;0;1;0;0;0;0;0;1;5
instabilité;0;0;2;0;0;2;2;0;1;0
innombrable;0;0;2;0;0;1;0;0;3;1
ingrédient;0;0;0;0;0;0;6;0;0;1
inexact;0;0;1;0;0;0;1;0;0;5
induire;0;0;0;0;0;1;4;0;1;1
indice;0;0;1;0;0;0;0;0;2;4
inconvénient;0;0;0;0;0;2;1;0;2;2
incel;1;0;0;0;0;0;0;0;0;6
inattention;0;0;0;0;0;1;6;0;0;0
inapproprié;0;0;1;2;0;0;0;0;2;2
imprimer;0;0;1;0;0;6;0;0;0;0
implicite;0;1;0;0;2;0;0;0;2;2
impatience;0;0;0;0;0;1;1;0;4;0
impacté;0;0;0;0;0;3;0;1;3;0
immunité;0;1;0;2;1;0;0;0;1;2
immobiliser;0;0;0;5;0;0;0;0;1;1
imiter;0;0;0;0;0;0;0;0;7;0
imbécile;0;0;0;0;0;0;0;0;0;7
illégalité;0;0;1;3;0;1;0;0;1;1
identification;0;0;0;2;0;0;0;0;0;5
hystérique;0;0;1;0;0;0;0;3;2;0
hypothèse;0;0;0;0;0;1;0;0;0;6
homosexuel;0;1;3;0;0;0;0;2;0;1
homophobie;0;0;0;0;0;0;0;0;0;7
hiérarchiser;0;0;1;0;1;0;0;0;2;3
hiérarchisation;0;0;2;0;0;0;0;0;2;3
hiérarchie;0;0;1;2;0;0;0;0;0;4
hitler;0;0;4;0;0;1;0;0;1;1
historiquement;0;0;2;0;0;0;0;0;0;5
hip_hop;0;2;1;0;0;0;0;0;2;1
hezb;0;0;7;0;0;0;0;0;0;0
heritage;0;0;2;0;0;4;0;0;1;0
herbe;0;1;0;0;0;1;0;0;4;0
géographique;0;0;1;0;0;1;3;0;1;0
généralisé;0;0;0;0;0;2;3;0;0;2
gâter;0;0;2;0;0;5;0;0;0;0
greta;0;5;0;0;0;0;1;0;1;0
greenwashing;0;0;0;1;0;0;3;0;0;3
grain;1;2;1;0;0;0;2;0;0;1
gouverneur;0;0;5;1;0;0;0;0;0;1
glorifier;0;0;0;0;0;1;0;0;0;6
gisement;0;0;2;0;0;0;3;0;1;1
gilet;0;0;0;0;0;0;6;0;1;0
gigantesque;0;1;0;0;0;0;5;0;0;1
gent;0;0;1;0;0;1;2;1;1;1
gay;0;0;2;0;0;0;0;1;1;2
gag;0;3;0;0;0;2;1;0;0;1
férié;0;0;1;1;0;0;5;0;0;0
frôler;0;0;0;0;0;3;3;0;0;1
freristes;0;0;7;0;0;0;0;0;0;0
forza;7;0;0;0;0;0;0;0;0;0
fonderie;0;1;0;0;0;4;0;0;0;0
focus;0;0;2;1;0;0;0;0;0;4
flash;0;0;0;1;0;0;1;0;2;0
fièrement;0;0;3;1;0;1;1;0;0;1
fisc;0;0;0;0;0;6;0;0;0;1
filtre;0;1;0;0;0;2;3;0;0;1
filet;0;0;0;0;0;1;1;0;0;5
feminicide;0;0;0;0;0;0;0;1;0;3
fe;0;0;1;1;0;1;0;0;1;3
fascinant;0;0;0;1;0;0;1;0;1;4
fallacieux;0;0;1;0;0;0;0;0;0;5
fainéant;0;0;0;0;0;6;0;0;0;1
facultatif;0;0;0;0;0;0;0;5;2;0
factuelle;0;0;0;0;0;0;0;0;0;7
facebook;0;0;0;0;0;0;0;0;5;2
fabuleux;3;0;0;0;0;1;2;0;1;0
f35;0;0;0;0;0;6;1;0;0;0
externalisée;0;0;0;0;0;0;6;0;0;0
explosif;0;0;4;0;0;0;0;0;2;1
exciter;0;0;0;0;0;0;0;0;4;3
example;0;0;0;0;0;1;2;0;1;3
espere;0;0;6;1;0;0;0;0;0;0
envoi;0;0;1;0;0;5;0;0;0;0
entraînement;0;0;1;0;0;1;1;1;3;0
entraver;0;0;0;6;0;0;0;0;0;1
enrichissement;0;0;0;0;0;4;0;0;1;2
ennui;0;2;1;0;0;3;1;0;0;0
engranger;0;0;0;0;0;7;0;0;0;0
engin;0;0;1;2;0;0;4;0;0;0
enfantin;0;1;0;0;0;0;0;0;5;1
emprunter;0;0;0;0;0;2;2;0;1;2
emji_visage_secoué;0;4;0;1;0;1;0;0;0;1
emji_visage_persévérant;0;2;0;0;0;1;3;0;0;0
emji_visage_en_pointillés;0;0;0;2;0;1;0;0;0;4
emji_visage_déconcerté;0;5;0;0;0;0;1;0;0;0
emji_visage_avec_bouche_en_diagonale;0;1;1;1;0;0;4;0;0;0
emji_v_de_la_victoire_peau_légèrement_mate;4;0;1;0;0;0;0;0;0;0
emji_pierre_précieuse;4;0;0;0;0;1;0;0;1;0
emji_paume_contre_paume_doigts_vers_le_haut_peau_mate;0;0;1;1;0;0;0;0;1;0
emji_mains_levées_peau_mate;7;0;0;0;0;0;0;0;0;0
emji_main_avec_index_et_pouce_croisés;0;0;4;0;0;0;0;0;2;0
emji_drapeau_île_clipperton;1;0;0;0;2;0;0;0;0;2
emji_drapeau_congo_kinshasa;0;0;5;0;0;1;0;0;0;0
emji_dans_le_mille;0;0;1;0;0;0;0;0;4;2
emji_conifère;2;0;0;0;0;1;1;0;1;0
emji_coche;0;4;0;0;0;0;0;0;0;0
emji_casque_de_secouriste;6;0;0;0;0;0;0;0;0;0
emji_billet_en_dollars;0;1;1;0;0;1;0;0;1;1
emirats;0;0;7;0;0;0;0;0;0;0
el;0;0;3;0;0;0;2;0;0;2
egalité;0;0;0;0;0;0;0;5;0;2
effondrement;0;0;2;0;0;3;1;0;0;1
détacher;0;0;0;0;0;0;3;0;3;1
désolant;0;0;0;0;0;0;0;0;7;0
dérisoire;0;0;1;0;0;4;0;0;1;1
déprimer;0;0;1;1;0;1;1;0;1;2
dépouille;0;0;7;0;0;0;0;0;0;0
dépeindre;0;0;3;0;0;0;0;0;0;3
démenti;0;0;4;0;0;2;0;0;0;1
délicat;0;0;1;0;0;1;0;1;3;1
dégradant;0;0;2;0;0;1;1;1;1;1
dégats;0;0;1;3;0;2;0;0;0;0
défensif;0;0;4;0;0;0;0;0;1;1
défavorisé;0;0;0;0;0;1;0;1;4;1
déduction;0;0;0;0;0;6;0;0;0;1
décalage;0;0;0;0;0;2;3;0;1;1
dubaï;0;0;2;0;0;4;0;0;0;1
dubai;0;0;3;0;0;1;1;0;1;1
douceur;0;1;0;0;0;0;0;0;1;5
do;0;3;0;0;0;0;0;0;0;4
djihadiste;0;0;7;0;0;0;0;0;0;0
disparités;0;0;0;0;0;5;0;1;0;1
disparaitre;0;0;1;0;0;5;0;0;0;1
discriminer;0;0;0;0;1;0;0;1;0;5
discret;1;1;0;0;0;0;1;0;4;0
discernement;0;0;0;0;0;1;1;0;0;4
digital;0;0;0;0;0;1;1;0;0;4
difficilement;0;0;1;0;1;2;1;0;1;1
diaspora;0;0;5;0;0;2;0;0;0;0
diaboliser;0;0;0;0;0;1;1;0;0;4
di;0;0;0;0;0;2;0;1;0;0
deuil;0;0;2;0;0;0;0;0;5;0
dentaire;0;0;0;0;0;3;2;0;1;1
densité;0;0;0;0;0;0;5;0;1;1
defendre;0;0;5;0;0;1;0;0;0;1
debut;0;0;0;0;0;0;1;0;0;6
daube;0;3;0;0;0;2;2;0;0;0
danse;1;1;0;0;0;0;0;0;1;4
daesh;0;0;7;0;0;0;0;0;0;0
culte;0;0;2;1;1;1;0;0;1;1
créativité;0;0;0;0;0;2;1;0;2;0
créatif;0;1;0;0;0;0;1;0;0;5
crâne;0;0;0;0;0;0;1;0;1;4
cruauté;0;0;6;0;0;0;0;0;0;1
croisière;0;2;1;1;0;2;0;0;1;0
crochet;0;0;0;0;0;6;0;0;1;0
cri;0;0;5;0;0;0;0;0;1;1
couloir;0;1;5;0;0;0;0;0;1;0
costard;0;0;0;0;0;2;0;0;5;0
cortège;0;0;0;7;0;0;0;0;0;0
cornavin;0;3;0;0;0;0;4;0;0;0
coran;0;0;2;1;0;0;0;4;0;0
controversé;0;0;1;2;0;0;0;0;0;4
contre_productif;0;0;0;0;0;0;0;0;0;7
continuation;0;0;1;0;0;0;0;0;0;6
contestation;0;0;0;1;0;0;0;0;0;6
conforme;0;0;0;2;0;0;3;0;0;2
compteur;0;0;1;0;0;2;4;0;0;0
complotistes;0;0;0;0;0;0;2;0;0;5
communiqué;0;0;2;1;0;0;0;0;1;3
comedy;0;0;0;0;6;0;0;0;0;0
collant;0;0;6;0;0;0;1;0;0;0
colis;0;0;0;0;0;3;4;0;0;0
cohésion;0;0;0;1;0;0;0;1;4;0
cnews;0;0;1;0;0;0;0;0;4;2
clore;0;0;0;0;0;0;1;1;3;2
clientèle;0;0;0;0;0;4;3;0;0;0
claque;0;2;0;1;0;0;0;0;3;1
civisme;0;0;0;0;0;0;2;0;2;2
ciné;0;0;0;1;0;0;3;0;2;1
cij;0;0;5;0;0;0;1;0;0;0
chèque;0;0;2;0;0;4;0;0;0;1
chronique;0;0;0;1;0;4;0;0;1;1
charia;0;1;2;0;0;0;0;0;2;1
chaques;0;1;0;0;0;2;1;0;1;0
centrer;0;0;0;0;0;0;0;0;0;7
cave;0;0;1;0;0;0;1;0;3;2
caricature;0;0;0;0;0;0;0;0;0;4
caprice;0;4;0;1;0;0;0;0;1;1
caoutchouc;0;0;0;6;0;0;1;0;0;0
camille;2;3;0;0;0;0;0;0;1;0
bétail;0;0;0;0;2;1;1;0;2;1
bénéficiaire;0;1;1;0;0;5;0;0;0;0
bénir;0;0;2;0;1;0;1;0;0;1
burqa;0;0;1;3;0;0;0;0;1;1
brûlant;0;0;0;0;0;0;2;0;5;0
brevet;0;0;0;0;0;6;0;0;0;0
brandir;0;0;2;2;0;0;0;0;0;3
bouquin;0;0;0;1;0;0;0;0;0;6
boisson;0;0;0;0;0;0;4;0;3;0
bodycams;0;0;0;1;0;0;0;0;0;4
blocage;0;0;0;5;1;1;0;0;0;0
biden;0;0;5;0;0;0;1;0;0;1
bibliothèque;0;1;0;0;0;0;0;0;0;6
biaiser;0;0;4;0;0;0;0;0;0;3
berger;0;0;0;0;1;1;1;0;0;3
barème;0;0;1;0;0;5;1;0;0;0
baiser;0;0;0;0;0;5;0;1;0;1
aveugler;0;0;2;0;0;0;0;0;1;4
avancée;0;0;0;0;0;0;0;1;6;0
automatique;0;0;0;0;0;3;2;0;0;2
autochtone;0;0;3;0;0;0;0;0;1;3
assimiler;0;0;0;1;0;0;0;0;3;3
aromat;5;1;0;0;0;0;1;0;0;0
architecture;0;0;0;0;0;2;3;0;0;2
apprenti;1;1;0;0;0;4;0;0;0;1
apparence;0;0;0;0;0;0;0;1;1;5
app;0;0;0;0;0;1;1;0;0;4
apercevoir;0;1;0;0;0;2;1;0;1;1
antiquité;0;4;1;0;0;0;0;0;1;1
anticipé;0;0;0;0;0;7;0;0;0;0
anarchiste;0;0;3;0;0;0;0;0;0;2
amoureux;0;0;1;0;0;0;0;0;6;0
amont;0;0;0;0;0;4;1;0;0;2
ambulance;0;0;1;5;0;0;0;0;0;1
amalgame;0;0;2;0;0;1;0;0;0;4
aléatoire;0;0;0;0;0;1;3;0;2;1
alliance;0;0;2;0;0;0;0;0;0;5
allergie;0;0;0;0;0;0;7;0;0;0
aller_retour;0;0;0;0;0;2;5;0;0;0
alarme;0;0;0;0;0;1;5;0;1;0
ajd;0;0;0;1;0;0;0;1;0;4
aire;0;0;0;0;0;0;2;0;2;2
aile;0;1;0;0;0;1;1;0;3;1
ahaha;0;4;0;0;0;1;0;0;1;1
agrandir;0;0;0;0;0;3;2;0;1;0
agissement;0;0;2;4;0;1;0;0;0;0
affilier;0;0;1;0;0;3;0;0;0;2
adoption;0;0;1;0;3;1;0;0;1;1
adjectif;0;1;0;0;1;0;0;0;1;4
addictions;0;0;0;0;0;0;0;2;2;3
acide;0;0;0;0;0;0;5;0;1;0
accueillant;0;0;1;0;0;1;0;0;4;1
accentuer;0;0;0;1;0;0;1;1;1;3
absorber;0;0;0;0;1;1;5;0;0;0
abriter;0;1;2;0;0;1;0;0;2;1
abord;0;0;1;0;0;2;4;0;0;0
abject;0;0;3;0;0;0;0;0;3;1
4x;0;0;1;0;0;4;2;0;0;0
4k;0;0;3;0;0;1;1;0;0;2
3a;0;0;0;0;0;7;0;0;0;0
évènement;0;0;1;0;0;2;1;0;2;0
éveiller;0;0;0;0;0;0;1;0;0;4
évasion;0;0;0;0;0;6;0;0;0;0
épuisant;0;0;0;1;0;1;0;0;2;1
épaule;0;0;0;0;0;0;0;0;6;0
émirat;0;0;5;0;0;1;0;0;0;0
éliminatoire;0;0;1;0;0;1;0;0;0;1
écrivain;0;1;0;0;3;0;0;0;0;1
écharpe;0;0;0;0;0;0;6;0;0;0
ânerie;0;0;1;2;0;2;0;0;0;1
zombie;0;0;0;0;0;1;2;0;2;0
zohran;1;0;0;0;2;1;0;0;0;2
yann;0;1;0;0;0;0;0;2;3;0
women;1;2;0;0;0;0;0;0;1;1
whataboutisme;0;0;2;0;0;0;1;0;0;3
web;0;0;0;1;0;1;1;0;1;2
watch;0;0;4;0;0;0;1;0;0;1
véhiculer;0;0;0;0;0;0;0;0;1;5
vulgaire;0;0;0;0;0;0;0;0;5;1
vss;0;0;0;0;0;1;1;2;1;1
vivable;0;0;0;0;0;2;4;0;0;0
viva;5;0;1;0;0;0;0;0;0;0
visiteur;0;0;0;0;0;0;5;0;1;0
violenter;0;0;1;1;0;0;0;2;1;1
vieillard;0;0;5;0;0;1;0;0;0;0
vevey;0;0;0;0;0;1;1;0;4;0
veto;0;0;4;0;0;0;1;1;0;0
vermelho;0;0;4;0;0;1;0;0;0;1
veiller;0;0;0;5;0;0;0;0;1;0
vecu;0;2;0;0;0;0;1;2;1;0
vasi;0;0;0;0;0;0;0;0;6;0
vape;0;0;0;0;0;0;5;0;0;1
vaincre;2;0;2;0;0;0;1;0;0;0
vain;0;0;1;1;0;0;0;1;1;2
utopie;0;0;0;1;0;2;0;0;2;1
utilisateur;0;0;0;1;0;0;0;0;0;5
unrwa;0;0;5;0;0;0;0;0;1;0
ueli;1;0;0;0;0;0;0;0;2;0
tte;0;0;2;0;0;0;0;0;1;2
ts;0;0;1;0;0;0;0;3;2;0
toustes;0;0;0;2;0;0;0;0;2;1
tou;0;1;0;0;0;0;0;1;2;1
tomate;0;0;1;0;0;0;4;0;1;0
tissu;0;0;1;0;0;1;3;0;1;0
tiroir;0;1;4;0;0;0;0;0;0;1
théoriquement;0;0;0;0;0;2;2;0;1;1
terriblement;0;0;0;0;0;3;2;0;0;1
terr0risme;0;0;6;0;0;0;0;0;0;0
telephone;0;0;0;0;0;0;1;0;4;0
taxées;0;0;0;0;0;6;0;0;0;0
taule;0;0;0;5;0;0;0;0;0;0
tate;0;0;0;0;0;0;0;4;1;1
tank;0;0;5;0;0;0;0;0;0;1
tag;0;1;0;1;0;0;1;0;1;0
tableau;0;0;1;0;0;1;3;0;1;0
t3rroriste;0;0;6;0;0;0;0;0;0;0
sécheresse;0;1;0;0;0;0;5;0;0;0
sécher;0;0;0;0;0;1;1;1;3;0
system;0;0;1;0;0;4;1;0;0;0
synthétique;0;0;1;0;0;0;4;0;1;0
suspect;0;0;3;1;0;0;0;0;1;1
survêtement;0;0;0;0;0;0;2;0;3;0
surpopulation;0;0;0;0;0;4;2;0;0;0
supériorité;0;0;2;0;0;0;0;0;0;4
suprématie;0;0;1;0;0;0;0;0;0;4
succéder;0;0;2;0;1;1;0;1;0;0
stressant;0;0;0;0;0;2;2;0;1;1
statique;0;0;0;4;0;0;1;0;0;1
stat;0;0;0;0;0;0;1;1;1;3
stan;3;0;0;0;0;0;0;0;3;0
stabiliser;0;0;0;0;0;5;0;0;0;1
spéculer;0;0;0;0;0;3;0;1;0;2
spéculation;0;0;0;0;0;6;0;0;0;0
spa;0;0;0;0;0;5;0;0;0;0
soustraire;0;0;0;0;0;4;0;0;1;0
sous_estimer;0;0;0;0;0;0;1;0;1;1
soudainement;0;0;0;0;0;3;2;0;0;1
somalie;0;0;6;0;0;0;0;0;0;0
sobriété;0;0;0;0;0;0;0;0;0;5
skier;0;0;0;0;0;1;5;0;0;0
sirène;0;0;0;0;0;0;0;0;1;5
sio;0;1;2;0;0;0;0;0;0;1
singulier;0;0;0;0;0;1;0;0;0;5
singe;0;1;0;0;0;2;0;0;1;1
signification;0;0;2;0;0;1;0;0;1;2
significatif;0;0;0;0;0;3;0;0;0;2
signal;0;0;0;0;0;1;2;0;2;1
show;0;4;0;0;0;0;0;0;2;0
shooter;0;0;0;1;0;0;0;1;4;0
sexualité;0;0;0;0;0;0;0;0;4;2
serveur;0;0;0;0;2;1;1;0;0;2
servette;0;0;0;0;0;4;0;0;2;0
seringue;0;2;0;0;0;0;0;0;4;0
semblable;0;0;0;0;0;1;0;0;4;1
secte;0;0;0;0;0;0;0;0;1;5
sceptique;0;2;0;0;0;1;1;0;0;1
savon;0;0;0;0;0;0;4;0;0;0
savoir_faire;0;0;0;0;0;3;2;0;0;1
saut;0;1;0;0;0;0;5;0;0;0
sarko;1;1;1;0;1;0;0;0;0;2
sarcasme;0;3;0;0;0;0;0;0;2;1
safari;0;0;5;0;0;1;0;0;0;0
sacrifice;0;0;0;0;0;4;1;0;1;0
résiliation;0;0;0;0;0;6;0;0;0;0
rémunération;0;0;0;0;0;3;0;1;1;1
réintégrer;0;0;0;1;0;2;0;1;0;2
régulier;0;0;2;0;0;0;1;0;2;0
réglementer;0;0;0;0;0;1;3;0;2;0
réglementation;0;0;0;0;0;3;3;0;0;0
régal;1;4;0;0;0;0;0;0;0;1
réformer;0;0;0;1;0;1;1;0;1;2
réf;1;1;0;0;0;0;0;0;4;0
récolte;0;0;0;0;0;2;1;0;0;3
récidive;0;0;0;1;0;0;0;0;0;2
réactionnaire;0;0;0;0;0;0;0;1;3;2
royalement;0;0;0;0;0;4;0;0;1;1
royal;0;0;0;0;0;0;1;1;4;0
robinet;0;0;0;0;0;0;6;0;0;0
restrictif;0;0;0;3;0;0;1;1;0;1
restreint;0;1;0;5;0;0;0;0;0;0
rest;0;3;0;0;0;0;0;0;0;1
ressortissant;0;0;0;0;2;2;0;0;1;1
requérir;0;0;0;0;1;2;1;0;1;1
reproduction;0;0;0;0;0;2;0;0;0;3
repasser;0;0;0;0;0;1;0;0;1;4
rentabilité;0;0;0;0;0;1;1;0;4;0
renseignement;0;0;0;0;0;2;1;0;2;1
relater;0;0;2;0;0;0;0;0;0;4
reich;0;0;6;0;0;0;0;0;0;0
regrettable;0;0;0;0;0;0;1;0;1;4
registre;0;0;0;0;1;4;0;0;0;1
redevance;0;0;0;0;0;4;0;0;0;0
recouvrir;0;0;2;0;0;0;2;0;2;0
recourir;0;0;0;1;0;1;0;1;3;0
rang;0;0;3;0;0;0;0;1;1;1
raisin;0;0;0;0;0;0;5;0;0;0
rager;0;1;0;0;0;0;0;1;2;1
rade;0;5;0;0;0;0;1;0;0;0
rachat;0;0;0;0;0;5;0;0;0;1
rabattre;0;0;0;1;0;0;4;0;0;1
quon;0;0;0;0;0;2;0;0;4;0
qd;0;0;0;0;0;0;0;1;2;2
pâte;0;0;0;0;0;4;2;0;0;0
puéril;0;0;0;0;0;0;0;0;1;4
purger;0;0;4;0;0;0;1;0;1;0
punk;0;0;0;1;0;0;0;0;5;0
psychologie;0;0;0;0;0;0;0;0;0;6
psycho;1;1;0;0;0;0;0;0;1;3
psychiatrie;0;0;0;0;0;0;0;0;0;5
prêcher;0;1;4;0;0;0;0;0;0;1
prévisible;0;4;1;0;0;1;0;0;0;0
prévaloir;0;0;0;4;0;2;0;0;0;0
préoccupation;0;0;2;0;0;2;0;0;0;2
préoccupant;0;0;0;3;0;1;0;0;0;2
prématuré;0;0;0;0;0;0;1;0;5;0
prospérité;0;0;0;0;0;4;1;0;1;0
proposé;0;0;1;0;0;1;1;0;1;2
projection;0;0;0;0;0;0;0;1;0;5
probabilité;0;1;0;0;0;2;3;0;0;0
prescrire;0;0;0;0;0;4;1;0;0;0
preneur;0;0;1;0;0;2;1;0;1;1
posture;0;0;1;0;0;0;0;0;0;5
positionner;0;0;1;0;0;0;0;0;0;5
porte_monnaie;0;1;0;0;0;0;3;0;0;2
populisme;0;0;1;0;0;1;0;0;0;4
polaire;0;0;0;0;0;0;6;0;0;0
please;3;0;1;0;0;0;0;0;2;0
plancher;0;1;0;0;0;1;3;0;1;0
plafonner;0;0;0;0;0;6;0;0;0;0
piloter;0;0;0;0;0;0;0;5;0;0
pill;0;0;0;0;0;0;0;0;1;5
philippe;0;0;1;0;1;0;0;0;3;1
peiner;0;0;0;0;0;3;0;1;1;1
payeur;0;0;0;0;0;6;0;0;0;0
payement;0;0;0;0;0;2;1;0;1;1
patrouille;0;2;0;2;0;0;0;0;2;0
patronat;0;0;0;0;0;6;0;0;0;0
passionné;0;0;0;0;0;0;2;0;1;3
oula;0;3;1;0;0;1;0;0;1;0
ouiiii;0;0;0;0;0;2;0;0;1;0
ouchy;5;0;0;0;0;1;0;0;0;0
orgueil;0;0;0;0;0;0;1;0;3;2
ordure;0;0;4;0;0;0;1;0;1;0
orage;0;0;2;0;0;0;0;0;0;4
opérateur;0;0;0;0;0;4;0;1;0;1
optimiste;0;0;0;0;1;3;0;0;1;1
optimiser;0;0;0;0;0;4;2;0;0;0
opter;0;0;0;1;0;2;1;0;2;0
opprimer;0;0;6;0;0;0;0;0;0;0
ooh;0;1;0;0;0;1;0;1;3;0
omnivore;0;1;0;0;0;0;4;0;0;1
olivier;0;0;2;0;0;0;0;0;1;1
obsolète;0;0;1;1;0;1;2;0;0;1
négligence;1;0;1;1;0;0;0;0;0;3
nombril;0;0;0;0;0;0;0;1;5;0
niger;0;0;6;0;0;0;0;0;0;0
next;0;1;0;0;0;0;0;0;2;3
neurologique;0;0;0;0;0;0;0;0;1;5
nazisme;0;0;4;0;0;0;1;0;0;1
nanti;0;0;0;0;0;5;0;1;0;0
nana;0;1;0;0;1;0;0;1;3;0
nakba;0;0;6;0;0;0;0;0;0;0
méditer;0;0;5;0;0;0;0;0;0;1
méconnaissance;0;0;1;0;0;0;0;0;0;5
méchanceté;0;0;0;0;0;0;0;0;3;3
mythomane;0;0;3;0;0;0;0;0;1;2
mutilé;0;0;5;0;0;0;0;0;0;1
municipalité;0;0;0;0;0;2;2;0;0;2
multitude;0;0;0;0;0;3;0;1;1;1
mulhouse;0;0;0;0;0;0;3;0;0;1
moulin;0;0;0;0;1;1;2;0;0;2
monétaire;0;0;0;0;0;5;0;0;0;1
monument;0;0;1;0;0;0;1;0;3;1
monstrueux;0;0;1;0;0;2;0;0;1;0
mondialisation;0;0;0;0;0;2;1;0;2;1
moderniser;0;1;0;0;0;2;2;0;1;0
mioche;0;0;0;0;0;4;1;0;1;0
minime;0;0;0;0;0;2;1;2;0;1
minimal;0;0;0;0;0;5;1;0;0;0
mine;0;0;2;0;0;1;2;0;0;1
minable;0;0;1;1;0;0;0;0;2;2
miette;0;0;1;0;0;2;1;0;0;2
mexicain;0;1;4;0;0;0;0;0;1;0
meta;1;0;0;0;0;0;2;0;1;1
merdique;0;0;0;0;0;0;0;0;2;4
mercredi;0;0;0;2;0;0;0;1;2;1
mention;0;1;1;0;0;0;2;0;1;1
menotter;0;0;0;6;0;0;0;0;0;0
mcdo;0;1;1;0;0;2;2;0;0;0
maximal;0;0;0;0;0;1;4;0;0;1
mathématique;0;0;0;0;0;1;0;0;1;4
masculiniste;0;0;0;0;0;0;0;0;0;6
mas;0;1;1;0;0;3;0;0;0;1
martyr;0;0;5;0;0;0;0;0;1;0
martin;0;4;0;0;0;0;0;0;1;1
marin;0;2;0;0;0;0;4;0;0;0
mardi;0;0;0;0;0;1;4;0;1;0
marche;0;1;2;0;0;2;0;0;1;0
marc;0;0;2;0;0;0;1;0;1;0
maquiller;0;0;1;0;0;0;0;0;5;0
manquant;0;0;1;2;0;1;0;0;0;2
mandataire;0;0;4;0;0;2;0;0;0;0
manager;0;0;0;0;0;0;0;0;6;0
man;1;0;0;0;0;0;1;0;2;2
malhonnêteté;0;1;0;1;2;1;0;0;0;1
malaise;0;0;0;1;0;0;0;0;5;0
maintien;0;0;1;1;0;3;1;0;0;0
mainstream;0;0;0;0;0;0;0;0;0;6
magistrat;0;0;0;0;0;1;0;0;0;4
machisme;0;0;0;0;0;0;0;0;0;4
légèrement;0;1;0;0;0;1;1;0;0;1
léguer;0;0;0;0;0;5;0;1;0;0
légaliser;0;0;0;0;0;1;0;3;2;0
luc;0;1;0;0;0;0;0;0;0;2
louable;0;0;0;0;0;1;0;0;1;4
limitrophe;0;0;1;0;1;0;3;0;0;1
life;0;3;0;0;0;1;1;0;1;0
levain;0;0;0;0;0;0;5;0;0;0
lessive;0;0;0;0;0;1;1;2;2;0
lentement;0;0;0;0;0;0;4;0;1;1
lecornu;0;3;0;0;0;0;0;0;1;0
larme;0;0;5;0;0;0;0;0;1;0
land;2;0;1;0;0;1;2;0;0;0
laine;0;0;0;0;0;0;5;0;0;1
kurde;0;0;5;0;0;0;0;0;0;1
kit;0;0;1;5;0;0;0;0;0;0
kilo;0;1;0;0;0;0;1;0;3;1
ke;0;0;2;0;1;1;1;0;0;0
jouir;0;0;0;0;0;1;0;0;1;4
jordanien;0;0;6;0;0;0;0;0;0;0
jeudi;0;0;2;0;0;0;1;0;1;2
jaune;1;1;0;0;0;0;3;0;1;0
isreal;0;0;5;0;0;0;0;0;1;0
israélo;0;0;6;0;0;0;0;0;0;0
israeliens;0;0;5;0;0;1;0;0;0;0
islamophobes;0;3;0;0;0;0;0;0;0;3
inévitablement;0;1;0;1;0;2;1;0;0;1
intérim;0;0;2;0;0;4;0;0;0;0
intégrant;0;0;0;3;0;0;0;1;0;2
intoxiquer;0;1;0;0;0;0;5;0;0;0
intolérable;0;1;3;0;0;1;0;0;0;0
intime;0;0;0;0;0;1;0;2;2;1
intestin;0;0;0;1;0;0;4;0;0;0
interrompre;0;0;1;0;0;0;1;1;3;0
interdir;0;0;0;0;0;1;1;0;2;2
intensif;0;0;1;0;0;0;4;0;0;1
insuffisant;0;0;0;0;1;1;0;1;3;0
instance;0;0;4;1;0;0;1;0;0;0
insignifiant;0;0;2;0;0;2;1;0;0;1
insecte;0;0;0;0;0;0;6;0;0;0
inonder;0;0;1;3;0;0;0;0;1;1
injustifié;0;0;0;1;0;3;0;0;0;2
ingérence;0;0;3;0;0;1;1;0;0;1
infâme;0;0;1;1;0;0;0;0;1;3
infime;0;0;1;0;0;1;2;0;2;0
indigène;0;0;3;0;0;0;0;0;2;0
incomplet;0;0;1;0;0;0;0;0;1;4
inaccessible;0;0;0;0;0;1;1;0;0;4
illustrer;0;0;0;0;0;1;1;1;2;0
illimité;0;0;1;0;0;1;4;0;0;0
ile;0;0;0;2;0;0;0;1;1;0
ikea;1;1;1;0;0;1;2;0;0;0
hype;0;0;0;0;0;4;0;0;0;1
humilité;0;0;0;0;0;0;0;0;0;6
humidité;0;0;0;0;0;0;4;0;0;1
hugo;0;0;2;0;0;1;1;0;0;2
hospice;0;0;0;0;0;6;0;0;0;0
hormone;0;0;0;0;0;0;5;0;1;0
honorer;0;0;2;1;0;0;0;0;1;2
homosexualité;0;0;1;0;0;0;0;1;0;4
home;1;0;2;0;0;0;1;1;1;0
holocauste;0;0;5;0;0;0;0;0;0;1
hold_up;0;0;1;0;0;2;0;0;2;1
hetero;0;0;0;0;0;0;0;6;0;0
he;0;3;0;1;0;0;0;0;0;0
hausser;0;0;0;0;0;6;0;0;0;0
harry;0;0;0;0;0;1;1;1;2;1
handicapé;0;0;0;0;0;2;0;1;3;0
halloween;0;2;0;1;0;0;1;0;0;1
hahah;0;6;0;0;0;0;0;0;0;0
habitation;0;0;2;0;0;0;0;0;3;1
gérant;0;0;0;0;0;1;0;0;2;3
génératif;0;0;0;0;0;1;0;0;0;5
génèrent;0;0;0;0;0;3;3;0;0;0
gâchis;0;0;0;0;0;1;4;0;1;0
grèce;0;0;0;1;0;3;0;0;0;1
grimpeur;0;0;0;0;0;0;0;0;4;2
gratitude;0;0;0;0;0;0;1;0;4;1
grand_mère;0;1;0;0;0;0;0;0;5;0
grammaire;0;0;0;0;1;0;0;0;2;3
graine;0;0;1;0;1;1;3;0;0;0
gouvernemental;0;0;2;0;0;0;0;0;0;4
glorieux;0;0;2;0;0;1;1;0;2;0
girl;1;0;1;0;0;0;0;0;0;4
gims;0;3;0;1;0;0;0;0;1;1
genocidaire;0;0;4;0;0;2;0;0;0;0
genial;1;5;0;0;0;0;0;0;0;0
ge;0;0;1;0;0;1;4;0;0;0
février;0;0;4;0;0;1;0;0;0;1
fâcher;0;0;2;1;0;0;0;0;1;1
funéraire;0;0;0;0;0;4;0;0;1;0
fuire;0;0;0;0;0;5;1;0;0;0
frr;0;1;0;0;0;1;0;0;2;2
fragiliser;0;0;0;1;0;2;0;0;0;3
fournisseur;0;0;1;0;0;4;1;0;0;0
formulation;0;0;0;0;0;1;1;0;1;3
forage;0;0;0;0;0;1;4;0;0;1
fonctionnel;0;0;1;0;0;2;0;0;2;1
flou;0;0;1;0;0;0;0;0;0;5
flotille;0;5;1;0;0;0;0;0;0;0
fleurir;0;0;2;0;0;4;0;0;0;0
filtrer;0;0;0;0;0;0;4;0;0;2
fictif;0;0;2;0;1;1;0;0;1;1
fichier;0;0;0;0;0;0;0;0;0;5
fer;0;0;0;0;0;0;1;0;2;3
feminisme;0;0;0;0;0;0;0;1;0;5
fauteuil;0;0;0;0;0;0;0;4;2;0
falsification;0;0;0;0;0;0;1;0;1;4
faisable;0;0;0;0;0;1;1;0;2;2
facturer;0;0;0;0;0;4;1;0;1;0
extrémisme;0;0;3;0;0;0;0;0;1;1
extension;0;0;0;1;0;0;1;0;4;0
expulsion;0;0;4;0;0;1;0;0;1;0
explorer;0;1;1;0;0;1;0;0;1;1
exotique;0;0;0;0;0;1;2;0;1;1
exode;0;0;0;0;0;6;0;0;0;0
exigeant;0;0;0;0;1;1;2;0;0;2
etranger;0;1;0;0;0;1;1;0;1;2
ethnie;0;0;3;0;1;0;0;0;0;2
estimation;0;0;2;0;0;1;1;0;0;2
escalier;0;0;0;4;0;0;2;0;0;0
equipe;1;0;0;0;0;1;1;0;1;1
envisageable;0;0;5;0;0;0;0;0;0;1
entraider;0;0;1;0;0;2;0;1;2;0
entamer;0;0;2;0;0;3;0;0;0;1
enregistrement;0;0;0;2;0;0;0;0;2;2
enfanter;0;0;0;0;0;0;1;4;0;0
endormir;0;0;0;0;0;3;1;0;2;0
endoctriner;0;0;5;0;0;0;0;0;0;1
encourir;0;0;0;0;0;1;0;1;1;3
encouragement;0;1;1;0;0;1;0;0;1;2
encaisser;0;1;0;0;0;3;2;0;0;0
emprise;0;0;0;0;0;1;2;0;2;1
empirique;0;0;0;0;0;1;1;0;0;4
emmerder;0;1;0;2;0;0;0;0;3;0
emmen;0;4;0;0;0;0;0;0;0;0
emji_étreinte;3;0;0;0;0;0;0;0;0;0
emji_volume_des_enceintes_élevé;5;0;0;0;0;0;0;0;0;0
emji_visage_stupéfait;0;4;0;0;0;1;0;0;0;1
emji_visage_sans_bouche;1;0;1;0;0;3;1;0;0;0
emji_visage_mécontent_avec_bouche_ouverte;2;4;0;0;0;0;0;0;0;0
emji_visage_légèrement_mécontent;0;0;0;1;0;0;1;0;2;0
emji_symbole_de_paix;0;0;5;0;0;0;0;1;0;0
emji_symbole_de_colère;0;5;0;0;0;0;0;0;0;0
emji_signe_appel_téléphonique_avec_les_doigts;0;4;0;0;0;0;0;0;0;0
emji_robot;0;5;0;0;0;0;0;0;1;0
emji_rat;0;4;0;0;0;0;0;0;0;0
emji_ours;2;1;0;0;0;0;1;0;1;0
emji_index_pointant_vers_le_haut_peau_claire;0;6;0;0;0;0;0;0;0;0
emji_gyrophare;2;0;0;0;0;0;2;0;2;0
emji_fantôme;0;5;0;1;0;0;0;0;0;0
emji_drapeau_ukraine;2;0;1;0;0;0;0;0;0;0
emji_drapeau_blanc;4;0;1;0;0;0;0;0;0;1
emji_coeur_battant;1;0;0;0;0;0;0;0;1;2
emji_citrouille;0;4;0;0;0;0;0;0;0;0
emji_chat_qui_sourit_avec_des_yeux_rieurs;1;0;0;0;0;0;0;0;2;0
emji_chat_fatigué;1;0;1;1;0;0;1;0;1;0
emji_cerveau;0;1;0;0;0;0;1;0;4;0
emji_ampoule;0;4;0;0;0;1;1;0;0;0
embarquer;0;0;0;1;0;0;4;0;0;1
embargo;0;0;3;0;0;2;0;0;0;1
egalement;0;0;2;0;0;1;2;0;0;0
effrayer;0;0;1;2;0;0;1;0;2;0
eczéma;0;0;0;0;0;2;4;0;0;0
dîner;0;1;0;0;0;0;4;0;1;0
dévoiler;0;0;1;0;0;0;0;0;1;4
déverser;0;0;1;0;1;0;1;0;2;1
désespéré;0;0;2;0;0;3;0;0;1;0
désaccord;0;0;0;0;0;1;0;0;0;5
dépêcher;0;0;4;1;0;0;1;0;0;0
déploiement;0;0;1;2;0;0;1;0;1;0
dénuer;0;0;0;0;0;1;1;0;0;4
démocratiquement;0;0;5;0;0;0;0;0;0;1
démilitarisé;0;0;4;0;0;0;0;0;1;0
démesuré;0;0;0;0;0;2;1;0;1;2
défoncer;0;0;0;4;0;1;0;0;0;1
défilé;0;0;0;3;0;0;2;0;1;0
défaillant;0;0;0;1;0;3;0;0;0;2
décideur;0;0;0;0;0;0;1;0;4;1
déchirer;2;0;1;0;0;0;0;0;2;0
décent;0;0;1;0;0;5;0;0;0;0
décapiter;0;0;5;0;0;1;0;0;0;0
dé;0;0;2;0;0;2;1;0;0;1
duper;0;0;0;0;0;2;0;0;3;1
drônes;0;0;2;0;0;3;0;0;0;1
drole;0;4;0;0;0;0;0;0;1;0
dittli;0;2;0;0;0;4;0;0;0;0
dissoudre;0;1;1;0;0;3;0;0;0;1
disponibilité;0;0;0;0;0;2;1;0;0;3
disperser;0;0;0;3;0;1;2;0;0;0
disparu;0;0;3;0;0;1;0;0;2;0
discutable;1;0;0;1;0;1;0;0;0;2
directive;0;0;2;1;0;2;0;0;0;1
dir;0;2;0;0;0;1;0;0;0;2
difference;0;1;0;0;0;1;1;0;0;2
dialoguer;0;0;0;4;2;0;0;0;0;0
dfae;0;0;1;1;0;1;0;0;1;2
developper;0;0;0;0;0;1;0;0;2;3
densément;0;0;5;0;0;0;0;0;0;0
dead;0;4;1;0;0;1;0;0;0;0
danemark;0;0;0;0;0;2;1;0;1;0
dan;5;0;0;0;0;0;0;0;0;1
d_aborder;0;0;1;1;0;0;0;0;1;3
cure;0;0;0;1;0;1;0;0;2;2
culotte;0;2;0;0;0;1;2;0;1;0
cravate;1;1;0;0;0;0;1;0;2;1
crasse;0;0;1;0;0;0;0;0;1;4
courbe;0;0;0;0;0;2;1;0;1;2
coupure;0;0;0;0;0;4;1;0;0;0
couchette;0;0;0;0;0;4;1;0;0;0
cote;0;0;0;0;0;2;1;0;2;1
cost;0;0;0;0;0;1;3;0;0;1
coréen;0;0;0;0;0;0;5;0;0;1
corrélé;0;0;0;0;0;5;1;0;0;0
contraste;0;0;0;0;0;0;3;0;0;3
contourner;0;0;1;0;1;1;0;0;0;2
conquête;0;1;1;0;0;0;0;0;0;2
conquérir;0;0;6;0;0;0;0;0;0;0
conjoncture;0;0;1;1;0;2;0;0;0;2
congrès;0;0;3;0;0;1;0;0;0;1
confederation;0;0;1;0;0;4;0;0;1;0
conditionner;0;0;0;1;0;2;1;0;0;2
conception;0;0;0;0;0;1;2;0;3;0
comptabiliser;0;0;1;0;0;2;1;0;0;2
compléter;0;0;0;0;0;2;3;0;0;1
complexité;0;0;0;0;0;0;0;0;3;3
commandant;0;2;0;2;0;0;0;0;0;1
collectivement;0;0;0;0;0;3;1;0;1;1
collatéral;0;0;4;2;0;0;0;0;0;0
coffre;0;0;0;0;0;4;1;0;1;0
cm;0;1;0;0;0;0;1;0;1;1
clarifier;0;0;1;1;0;0;0;0;0;4
citron;0;0;0;0;0;4;2;0;0;0
cinquantaine;0;0;0;6;0;0;0;0;0;0
cie;0;0;1;0;0;2;0;0;0;2
cia;0;0;1;0;0;3;0;0;0;0
choper;0;0;0;0;0;2;1;0;1;2
cheville;0;1;0;2;0;0;0;1;2;0
chelou;0;1;0;0;0;1;1;1;2;0
checker;0;0;1;1;0;0;0;0;0;4
charte;0;0;6;0;0;0;0;0;0;0
char;0;0;2;0;0;1;1;0;0;0
chantage;0;0;0;0;0;2;0;0;1;3
chancy;0;0;0;0;0;0;5;0;0;0
challenge;0;4;0;0;0;0;0;0;1;0
chahuter;0;0;3;0;0;1;0;0;1;1
cession;0;0;0;0;0;1;1;0;1;1
certe;0;0;0;0;0;1;4;0;0;1
catégoriser;0;0;0;0;0;0;0;0;1;5
casier;0;0;0;0;0;0;0;0;1;2
carouge;0;0;0;0;0;1;5;0;0;0
cardiovasculaires;0;0;0;0;0;0;6;0;0;0
canva;0;0;0;0;0;0;0;0;2;1
canard;0;5;0;0;1;0;0;0;0;0
canal;0;1;0;0;0;2;0;0;1;2
can;1;0;0;0;1;0;0;0;0;2
calvitie;1;1;0;0;0;0;0;2;2;0
cahier;0;0;0;0;0;3;2;0;0;0
bénévolat;0;0;0;0;0;0;0;0;6;0
bureaucratie;0;0;0;0;0;5;1;0;0;0
bureaucrate;0;0;0;0;0;0;1;0;5;0
buffet;0;0;0;0;0;0;2;4;0;0
broyer;0;0;2;0;0;0;1;0;2;1
brouillard;0;0;0;0;0;0;3;0;2;1
bots;0;0;2;0;0;0;0;0;0;4
bosniaque;0;1;1;0;1;0;0;1;0;1
borne;0;1;0;0;4;0;0;0;0;1
boomer;0;4;0;0;0;0;0;0;2;0
bonsoir;0;0;0;0;0;3;2;0;0;1
bonnet;0;0;0;1;0;0;5;0;0;0
bob;0;0;1;0;1;0;0;0;4;0
blé;0;0;0;0;0;2;3;0;1;0
blasphème;0;0;0;0;3;0;0;0;0;2
binaire;0;0;6;0;0;0;0;0;0;0
bill;0;0;5;0;0;0;0;0;0;1
bienfait;0;0;0;0;0;2;0;0;1;3
bernex;0;0;0;0;0;0;5;0;0;0
bec;0;0;0;0;0;1;3;0;0;2
beaucoups;1;4;0;0;0;1;0;0;0;0
bds;0;0;5;0;0;0;0;0;0;0
bangladesh;0;0;0;0;0;0;5;0;0;0
baguette;0;0;0;0;0;1;1;1;3;0
axer;0;0;1;0;0;4;0;0;0;1
avantager;0;0;0;0;2;0;0;1;0;2
authentique;0;0;1;0;0;0;0;0;4;1
attrister;0;0;0;0;0;2;1;1;1;0
attractif;0;0;0;0;0;2;0;1;2;1
attester;0;0;1;0;0;0;0;0;3;2
attentas;0;0;6;0;0;0;0;0;0;0
assurément;1;0;0;0;0;1;0;0;0;1
assembler;0;3;0;0;0;2;0;0;0;1
antisocial;0;0;0;0;0;2;0;0;1;3
anormal;0;0;0;0;0;0;4;0;0;2
anonymat;0;0;0;1;0;0;0;0;4;1
angoisse;0;0;0;0;0;2;0;0;0;4
angle;0;0;1;1;0;1;0;0;1;2
anarchie;0;0;3;2;0;0;0;0;0;1
aménager;0;0;1;0;0;2;2;0;1;0
americain;0;1;1;0;0;1;0;0;0;1
ambition;0;0;0;0;0;0;1;0;4;1
ambitieux;0;0;0;0;0;1;0;0;2;3
ambiant;0;0;1;0;0;0;2;0;3;0
amazonie;0;0;1;0;0;0;5;0;0;0
alzheimer;0;0;0;0;0;2;0;0;1;3
aliénation;0;0;0;0;0;0;0;0;0;6
aisément;0;0;0;0;0;1;0;0;1;4
ailleur;0;2;0;1;0;2;0;0;1;0
agiter;0;0;3;0;0;0;1;0;0;2
again;1;5;0;0;0;0;0;0;0;0
adversaire;0;0;1;0;0;3;0;0;1;0
adorable;0;0;1;0;0;0;0;0;5;0
adepte;0;0;0;0;0;0;4;0;0;1
additionner;0;0;0;0;0;1;4;0;0;1
addicts;0;0;0;0;0;2;0;1;2;1
acquitter;0;0;4;0;1;0;0;1;0;0
acharné;0;0;0;0;0;3;0;0;2;1
acharner;0;0;2;1;0;0;0;0;1;2
accumulation;0;0;0;0;0;3;2;0;1;0
accro;0;3;0;0;0;0;0;0;3;0
accaparer;0;0;3;0;0;3;0;0;0;0
abyssal;0;0;0;0;0;1;0;0;4;0
abominable;0;0;2;0;0;0;1;0;2;1
abolition;0;0;0;0;0;3;0;1;1;1
8h;0;0;0;0;0;0;4;1;0;0
60h;0;0;0;0;5;1;0;0;0;0
5k;0;0;1;0;0;2;0;0;2;1
5h;0;0;1;2;0;0;2;0;1;0
21ème;0;0;4;0;0;0;0;0;1;1
20h;0;0;0;4;0;0;2;0;0;0
étrangler;0;0;0;0;0;4;0;0;1;0
épée;0;0;0;0;0;0;1;0;0;4
épanouir;0;0;0;0;0;0;0;1;4;0
émerger;0;0;1;0;0;0;0;0;3;1
élitiste;0;0;0;0;1;0;2;0;0;2
éligible;0;0;2;0;0;2;1;0;0;0
élargir;0;0;2;0;1;0;2;0;0;0
éjecter;0;0;1;0;0;0;0;0;4;0
égoïsme;0;0;0;0;0;0;0;0;4;1
égaler;0;0;1;0;0;1;1;0;1;1
éditorialiste;0;0;0;0;0;0;0;0;0;4
éditorial;0;0;5;0;0;0;0;0;0;0
écrouler;0;0;0;0;0;3;1;0;0;1
éclairé;0;0;0;0;0;1;1;0;1;2
échappement;0;0;0;0;0;0;5;0;0;0
zweifel;5;0;0;0;0;0;0;0;0;0
yuka;0;0;0;0;0;0;5;0;0;0
yacht;0;0;0;0;0;1;4;0;0;0
wue;0;0;1;0;0;2;0;0;1;1
wiki;0;0;0;0;0;0;0;0;0;5
wifi;0;0;0;0;0;1;4;0;0;0
well;1;0;0;0;0;1;0;0;1;0
washington;0;0;1;0;0;0;0;0;0;4
washing;0;0;0;0;0;2;1;0;1;1
véritablement;0;0;0;0;0;1;0;0;0;4
végétalien;0;0;0;0;0;0;5;0;0;0
véganisme;0;0;0;0;0;0;0;0;1;4
vulnérabilité;0;0;1;0;0;0;0;0;1;3
vrille;0;0;0;0;0;3;0;0;1;1
vr;0;1;0;0;0;1;2;0;0;1
voyageur;0;1;0;0;0;2;1;0;1;0
volatilité;0;0;0;0;0;5;0;0;0;0
voeu;2;0;1;0;0;0;0;0;1;1
visée;0;1;2;0;0;0;0;0;0;2
vingtaine;0;0;1;0;0;2;1;0;1;0
vietnam;0;0;1;0;0;1;1;0;0;2
vieillissant;0;0;0;0;0;5;0;0;0;0
vernis;0;0;0;0;0;0;3;0;0;1
verbe;0;0;1;0;0;0;0;0;1;3
variété;0;0;0;0;0;0;5;0;0;0
validé;0;0;0;0;0;1;0;0;0;4
validation;0;0;0;0;0;0;0;0;1;4
vacherin;0;3;0;0;0;0;0;0;0;0
vaccin;0;0;0;0;0;2;3;0;0;0
usurpation;0;0;0;0;0;0;0;0;2;2
usd;0;0;0;0;0;5;0;0;0;0
uber;0;0;0;0;0;0;4;1;0;0
télétravail;0;0;0;0;0;2;0;0;1;1
trotinette;0;1;0;0;0;0;4;0;0;0
trot;0;0;0;0;0;0;4;0;0;0
tricher;0;0;0;2;0;0;0;0;2;1
transpirer;0;0;1;0;0;1;0;0;3;0
traducteur;0;0;0;0;1;0;0;0;1;2
tousser;0;0;0;3;0;0;0;0;1;1
tournant;0;0;1;1;0;0;0;0;0;2
touristique;0;1;0;0;0;0;4;0;0;0
timing;0;0;0;0;0;1;0;0;2;2
thérapeutique;0;0;0;0;0;1;1;0;1;1
thomas;1;0;0;0;2;0;0;0;0;1
thank;1;0;1;1;0;0;0;0;1;0
tessin;0;0;0;0;1;1;1;0;0;1
terrifiant;0;0;1;0;0;1;0;2;0;1
temporairement;0;0;0;0;0;3;0;0;2;0
tazer;0;0;0;5;0;0;0;0;0;0
tarifaires;0;0;0;0;0;4;1;0;0;0
tardif;0;0;0;0;0;0;2;0;1;2
tabou;0;0;0;0;0;1;1;1;2;0
sévices;0;0;4;0;0;1;0;0;0;0
sérénité;0;1;0;0;0;0;0;0;3;1
sécuritaire;0;0;3;0;0;0;1;0;1;0
sécu;0;0;0;0;0;5;0;0;0;0
suva;0;0;0;0;0;3;1;0;0;1
susciter;0;0;1;0;1;0;0;1;0;2
survenir;0;0;0;1;0;1;0;0;2;1
surpasser;0;0;0;0;0;1;0;2;2;0
supplément;0;0;0;0;0;2;3;0;0;0
sui;0;3;0;0;0;1;0;0;0;0
sucer;0;2;2;0;0;1;0;0;0;0
sublime;3;0;0;1;0;0;1;0;0;0
studio;0;1;0;0;0;3;0;0;1;0
streaming;0;0;0;3;0;1;0;0;0;1
stockholm;0;4;0;0;0;1;0;0;0;0
staline;2;0;3;0;0;0;0;0;0;0
stagner;0;0;0;0;0;4;1;0;0;0
spéculatif;0;0;0;0;0;4;1;0;0;0
spontané;0;0;0;2;0;0;1;0;0;1
spectre;0;0;2;0;0;0;0;0;1;2
spectaculaire;0;0;1;0;0;0;0;0;1;3
soulagement;1;1;1;0;0;1;0;0;1;0
sorcier;0;0;1;0;0;2;1;0;0;0
socio_économique;0;0;0;0;0;3;0;1;0;0
sniper;0;0;5;0;0;0;0;0;0;0
sncf;0;0;0;0;0;1;1;0;2;1
short;0;0;0;0;0;0;5;0;0;0
sexy;0;0;0;0;0;0;2;0;1;2
seum;0;2;0;0;0;2;0;0;1;0
semi;0;0;0;0;0;0;3;0;1;1
seigneur;0;0;1;0;0;0;0;0;2;0
schengen;0;0;0;0;0;0;1;0;4;0
scander;0;0;2;0;0;1;0;0;0;2
scandaliser;0;0;0;0;1;0;1;0;1;2
saleté;0;1;0;0;0;2;2;0;0;0
sacrifier;0;0;1;0;0;1;0;0;2;1
révolter;0;0;0;1;0;1;1;0;2;0
révoltant;0;0;1;1;0;1;0;0;1;1
réthorique;0;0;1;0;0;1;0;0;2;1
répercussion;0;0;0;0;0;1;1;0;0;3
répartie;0;0;0;1;0;1;0;0;2;0
régression;1;0;1;0;0;1;0;0;1;1
régresser;0;0;0;0;0;0;0;0;4;1
référer;0;0;0;0;0;1;0;0;0;4
rédaction;0;0;4;0;0;0;0;0;1;0
ré;0;0;0;3;0;1;0;0;1;0
rupture;0;0;0;0;0;4;0;0;0;0
rumeur;0;0;1;0;0;1;0;0;0;3
rp;0;0;1;0;0;1;3;0;0;0
roumanie;0;0;2;0;0;2;0;0;1;0
rouage;0;0;0;0;0;1;3;0;0;1
rond_point;0;0;0;0;0;0;4;0;0;0
rome;0;0;1;0;1;1;1;0;0;1
romanche;0;0;0;0;5;0;0;0;0;0
roh;1;0;0;0;0;0;0;0;4;0
robert;0;0;1;0;0;1;0;0;0;2
river;0;0;1;0;0;0;2;0;0;1
rimer;0;0;2;0;0;1;0;0;1;1
ride;0;0;0;0;0;3;0;0;2;0
retomber;0;0;0;0;0;3;0;0;2;0
restituer;0;0;5;0;0;0;0;0;0;0
respiratoire;0;0;0;0;0;1;4;0;0;0
report;0;0;0;1;0;3;0;0;0;1
renois;0;0;1;0;0;1;0;0;1;1
renaître;0;0;0;0;0;2;0;0;1;0
remédier;0;0;0;1;0;1;2;0;1;0
remède;0;0;1;0;0;3;0;0;1;0
remy;0;0;2;1;0;0;1;0;1;0
relativisme;0;0;0;0;0;0;3;0;1;1
reine;0;1;1;0;0;0;1;1;0;0
recueillir;0;0;1;1;0;0;0;0;1;2
rectification;0;1;2;1;0;0;1;0;0;0
recommandation;0;0;0;0;0;1;2;0;1;1
rayer;0;0;5;0;0;0;0;0;0;0
ras_le_bol;0;0;2;0;0;0;1;0;1;1
random;0;0;0;3;0;0;0;0;0;2
ramer;0;0;0;0;0;1;0;0;4;0
rail;0;0;0;0;0;1;1;0;2;1
rafale;0;3;1;0;0;0;1;0;0;0
radicalement;0;0;0;0;0;0;0;0;0;5
qur;0;0;1;0;0;0;0;0;4;0
quelqu;0;0;0;0;0;0;0;0;2;3
qques;0;0;1;0;0;3;1;0;0;0
qlq;0;0;1;0;0;0;0;0;1;2
pédocriminels;0;0;5;0;0;0;0;0;0;0
puiser;0;0;2;0;0;2;0;0;0;1
publicitaire;0;0;0;0;0;1;1;1;0;2
psychologiquement;0;0;0;2;0;1;1;0;1;0
psychiatrique;0;0;0;0;0;1;0;2;1;1
prévoyance;0;0;0;0;0;5;0;0;0;0
présumer;0;1;2;0;0;1;0;0;1;0
préservation;0;0;0;0;0;1;3;0;1;0
présentateur;0;0;0;0;0;0;0;0;1;2
prélèvement;0;0;0;0;0;5;0;0;0;0
préjudice;0;0;0;0;0;0;0;0;5;0
précéder;0;0;0;0;0;2;0;0;0;3
pré;0;0;1;0;0;0;1;0;2;1
près_des;0;0;0;0;0;1;4;0;0;0
prudence;0;0;0;1;0;0;1;0;2;1
protestation;0;0;2;2;0;0;0;0;0;1
protestant;0;1;0;0;0;1;0;1;0;2
protecteur;0;0;3;0;0;0;0;1;0;1
prostitution;0;0;0;0;0;1;0;1;1;0
prorata;0;0;0;0;0;3;0;0;0;1
proprement;0;0;1;0;0;2;1;1;0;0
propagation;0;0;0;0;0;0;3;0;0;2
progressivement;0;0;1;0;0;1;0;0;0;3
professionnalisme;0;0;0;1;0;0;0;0;2;1
procédé;0;0;0;1;0;0;3;0;0;0
prochainement;0;0;0;0;0;0;1;0;2;2
privation;0;0;2;1;0;0;0;0;0;2
prisoniers;0;0;4;0;0;0;0;0;0;0
priori;0;0;0;0;0;3;0;1;1;0
printemps;0;0;1;0;0;1;2;0;0;0
prestigieux;0;0;0;0;0;4;0;0;0;0
prefere;0;0;2;0;0;2;1;0;0;0
poto;0;0;1;0;1;0;0;0;0;2
poreux;0;0;0;0;0;0;1;0;1;3
por;1;0;0;0;0;3;0;0;1;0
pop;0;0;0;0;0;0;0;0;2;2
polonais;0;0;0;0;0;0;0;1;3;1
pmr;0;0;0;0;0;4;0;0;0;0
plumer;0;0;0;0;0;3;2;0;0;0
plaquer;0;0;0;3;0;0;1;0;0;1
plaisanter;0;0;1;0;0;0;1;0;2;1
piétiner;0;0;1;1;0;0;0;0;2;1
pitoyable;0;0;0;0;0;1;1;0;2;1
pirate;0;1;0;0;0;1;1;0;0;2
pincette;0;0;2;0;0;0;0;0;1;2
physiologique;0;0;0;0;0;0;2;0;1;2
peter;0;0;0;0;0;1;0;0;4;0
pessimisme;0;0;0;0;0;0;1;0;0;4
pertinence;0;1;0;0;0;0;1;0;0;2
permission;0;0;0;0;0;0;0;0;1;4
perle;1;0;0;1;0;0;1;0;1;1
penalty;0;5;0;0;0;0;0;0;0;0
peindre;0;1;0;0;0;1;0;0;1;2
pedophilie;0;0;0;0;0;0;0;0;0;5
pdt;0;0;0;0;0;3;1;0;0;1
patronal;0;0;0;0;0;4;0;0;0;1
patriotisme;0;0;0;0;0;1;0;0;1;3
patrick;0;3;1;0;0;0;0;0;1;0
passionner;0;0;0;0;0;0;0;0;1;4
parachute;0;0;1;0;0;2;1;0;1;0
pape;2;0;1;0;0;1;0;0;0;1
pancarte;0;1;3;0;0;0;1;0;0;0
palestinian;0;0;5;0;0;0;0;0;0;0
pakistan;0;0;3;0;0;0;2;0;0;0
paf;0;4;0;0;0;0;0;0;0;1
paa;0;0;0;0;0;1;1;0;2;1
oú;0;0;1;0;0;0;0;0;3;1
overdose;0;0;0;0;0;0;0;1;2;2
oulala;0;3;0;0;0;0;0;0;1;1
ouighour;0;0;2;0;0;1;1;0;0;0
oscar;0;1;0;0;0;0;0;0;0;2
orp;0;0;0;0;0;3;0;0;2;0
ordinateur;0;0;0;0;0;0;4;0;1;0
ordi;0;0;0;0;0;3;2;0;0;0
opportuniste;0;0;1;1;0;3;0;0;0;0
once;0;1;2;1;0;1;0;0;0;0
octroyer;0;0;0;0;0;2;0;0;1;2
obèse;0;0;0;0;0;1;1;0;2;1
obsolescence;0;0;0;0;0;0;5;0;0;0
obscurantisme;0;0;2;0;0;0;0;0;2;1
obligatoirement;0;0;3;0;0;0;1;0;0;1
négociable;0;0;0;1;0;4;0;0;0;0
négativement;0;0;1;0;0;2;1;0;0;1
néant;0;0;1;0;0;2;2;0;0;0
nyc;0;0;1;0;0;1;0;0;1;2
nvidia;0;0;0;0;0;3;0;0;0;2
nuremberg;0;0;5;0;0;0;0;0;0;0
notable;0;0;0;0;0;1;0;0;1;1
nostalgique;2;1;0;0;0;0;0;0;0;2
norvégien;0;0;1;0;0;1;0;0;0;2
normalité;0;0;0;0;0;0;0;0;4;1
normaliser;0;0;1;0;0;1;0;0;1;2
nope;0;1;0;0;0;2;0;0;0;2
nooon;1;1;0;1;0;1;0;0;1;0
nivellement;0;0;0;0;0;4;0;0;0;1
nikola;0;0;0;0;0;0;5;0;0;0
nidwald;0;0;0;0;0;3;0;0;1;1
nice;0;3;1;0;0;0;1;0;0;0
nest;0;0;0;1;1;1;0;0;2;0
navire;0;0;1;0;0;3;1;0;0;0
naturalisent;0;0;0;0;2;2;0;0;0;0
naturalise;0;0;0;0;1;2;0;0;2;0
naturalisations;0;0;0;0;1;2;0;0;2;0
narcoterroristes;0;0;5;0;0;0;0;0;0;0
narcissique;0;0;1;0;0;0;0;1;1;2
namaste;3;0;0;0;0;0;0;0;2;0
mécontentement;0;0;0;1;0;0;0;0;0;4
mécontent;0;0;0;1;0;0;1;0;2;1
mytho;0;1;0;0;0;0;0;0;0;4
mutuel;0;0;0;1;0;2;1;0;1;0
musicien;0;2;0;1;0;0;0;0;1;1
mousse;0;0;1;0;0;0;4;0;0;0
mouise;0;1;0;0;0;4;0;0;0;0
mouiller;0;0;0;0;0;0;3;0;1;1
moss;0;0;0;0;0;0;5;0;0;0
mosquée;0;0;4;0;0;0;0;0;0;0
moralité;0;0;0;0;0;1;3;0;1;0
moralisateur;0;0;0;0;0;0;0;0;0;5
monopoly;0;0;1;0;0;4;0;0;0;0
monoparental;0;0;0;0;0;4;0;1;0;0
money;0;0;0;0;0;1;0;0;2;0
mollah;0;0;4;0;0;0;0;0;0;0
moelle;0;1;2;0;0;0;1;1;0;0
modéré;0;0;0;0;0;2;1;0;0;2
modérateur;0;0;0;0;0;0;0;0;1;4
mobilisations;0;0;2;0;0;0;0;0;1;2
mmm;2;0;0;0;0;1;1;0;1;0
miner;0;0;0;0;0;0;5;0;0;0
millionaire;0;0;0;0;0;5;0;0;0;0
milan;0;1;0;0;0;0;3;0;1;0
middle;1;1;2;0;0;0;0;0;1;0
metro;0;0;0;0;0;0;2;0;1;0
mercure;0;0;0;0;0;0;5;0;0;0
mercenaire;0;0;4;0;1;0;0;0;0;0
melatonine;0;0;0;0;0;1;0;0;0;4
math;0;2;0;0;0;1;1;0;0;1
mascus;0;0;0;0;0;0;0;1;3;1
masculinité;0;0;0;0;0;0;0;2;0;2
marée;0;0;1;0;0;0;2;0;1;1
marxiste;0;0;3;0;0;0;0;0;0;1
marx;0;0;0;0;0;0;0;0;0;5
manche;0;0;0;0;0;1;0;1;1;2
malveillant;0;0;0;0;0;0;1;0;3;1
malfaiteur;0;0;1;0;0;0;0;0;2;2
maldives;0;1;1;0;0;0;2;0;0;0
malbouffe;0;1;0;0;0;0;4;0;0;0
maillot;0;0;0;0;0;1;0;0;4;0
maigrir;0;0;0;0;0;0;0;0;5;0
maigreur;0;0;0;0;0;0;4;0;0;0
machin;1;0;1;0;0;0;0;0;2;1
m2;0;0;0;0;0;0;4;0;0;1
létal;0;0;0;3;0;0;0;0;1;0
légiférer;0;0;0;0;0;0;0;0;1;4
légalité;0;0;0;4;0;0;0;0;1;0
léchage;0;4;0;0;0;0;0;0;1;0
lèvre;0;0;0;0;4;0;0;0;1;0
lâche;0;0;0;2;0;0;0;0;2;1
loins;0;0;2;0;0;2;1;0;0;0
logo;0;2;2;0;0;0;1;0;0;0
logiquement;0;0;1;0;1;0;2;0;0;0
ll;0;1;0;1;0;0;1;0;1;1
linge;0;0;0;0;0;1;3;0;1;0
likoud;0;0;4;0;0;0;0;0;0;0
likes;0;2;0;0;0;0;0;1;0;2
lex;0;0;0;0;0;2;0;0;0;2
leurre;0;0;0;0;0;3;0;1;0;1
lentille;0;0;0;0;0;0;5;0;0;0
learning;0;0;0;0;0;0;0;0;0;4
league;0;0;0;0;0;0;0;0;2;1
leader;0;0;2;0;0;1;0;0;0;2
lcr;0;0;0;0;0;0;5;0;0;0
lbd;0;0;0;5;0;0;0;0;0;0
lapin;0;0;0;0;0;0;0;0;3;1
language;0;0;1;0;0;0;0;0;2;2
laboratoire;0;0;0;0;0;1;1;0;2;1
labeur;0;0;0;0;0;4;0;0;0;0
kosovare;0;0;4;0;0;0;0;0;1;0
kks;0;4;0;0;0;1;0;0;0;0
kirk;0;0;5;0;0;0;0;0;0;0
khan;0;0;2;0;0;1;0;0;0;0
kevin;0;1;0;0;0;4;0;0;0;0
keuf;0;0;0;1;0;0;0;0;4;0
justicier;0;0;0;0;0;0;0;0;1;4
juron;0;0;0;0;0;0;0;0;0;4
jurassien;0;0;0;0;1;2;1;0;1;0
juillet;0;0;1;0;0;0;2;0;2;0
judaïsme;0;0;5;0;0;0;0;0;0;0
jte;0;0;0;0;0;2;0;1;1;1
john;0;0;0;0;0;1;0;0;2;2
jo;0;5;0;0;0;0;0;0;0;0
jms;0;0;0;0;0;4;0;1;0;0
jme;1;4;0;0;0;0;0;0;0;0
jihadistes;0;0;5;0;0;0;0;0;0;0
jeûne;0;0;0;0;0;0;1;0;0;4
jeffrey;0;0;1;0;0;0;0;0;0;3
jazeera;0;0;5;0;0;0;0;0;0;0
javier;0;0;0;0;0;0;0;1;0;4
jaafarwi;0;0;5;0;0;0;0;0;0;0
israëliens;0;0;5;0;0;0;0;0;0;0
islamophobie;0;0;2;0;0;0;0;0;1;2
irréprochable;0;0;0;0;0;0;1;0;3;1
irrespect;0;0;1;0;0;0;1;0;1;2
ipa;0;0;0;0;0;3;2;0;0;0
involontaire;0;0;1;0;0;0;0;2;1;1
invivable;0;0;1;0;0;4;0;0;0;0
invité;0;0;0;0;1;0;0;1;3;0
intégralement;0;0;2;1;0;1;1;0;0;0
intègre;0;0;0;0;2;0;0;0;0;3
intouchable;0;0;4;0;0;0;1;0;0;0
interet;0;0;0;0;0;3;1;0;1;0
instruit;0;0;0;0;1;0;0;0;2;2
instantanément;0;0;1;0;0;0;0;0;1;3
inoxtag;0;0;0;0;0;0;0;0;1;4
inoffensif;0;0;1;0;0;0;0;0;2;2
innommable;0;0;5;0;0;0;0;0;0;0
injure;0;0;0;0;0;0;0;0;0;5
initier;0;0;0;0;0;2;1;1;1;0
inintéressant;0;0;0;0;0;0;0;0;3;2
ingérer;0;0;1;0;0;0;2;0;0;1
influenceur;0;0;0;1;0;1;0;0;0;3
inefficace;0;0;2;1;0;1;0;0;0;1
individuellement;0;0;0;1;0;2;1;0;0;1
incomparable;0;1;1;0;0;0;2;0;0;1
incohérent;0;0;1;1;0;0;0;0;2;1
inclusivité;0;0;0;0;0;0;0;1;0;3
inceste;0;0;0;0;0;0;0;0;4;1
impérialisme;0;0;4;0;0;0;0;0;0;1
impunément;0;0;5;0;0;0;0;0;0;0
impuissance;0;0;1;0;0;0;0;0;2;2
implacable;0;0;0;0;0;1;0;0;0;4
impartialité;0;0;3;0;0;0;0;0;1;1
immigrant;0;1;1;0;0;1;0;1;0;1
illogique;0;0;0;0;0;2;1;0;0;1
hygiénique;0;0;0;0;0;2;0;1;2;0
humeur;0;0;0;0;1;0;0;0;4;0
hui;0;0;1;0;0;0;1;0;2;1
htag_;0;5;0;0;0;0;0;0;0;0
hostile;0;0;1;3;0;0;0;0;1;0
hormonal;0;0;0;0;0;0;3;0;1;1
horloger;0;1;0;0;0;1;0;0;0;1
homme_femme;0;0;0;0;0;0;0;4;0;0
hm;0;0;0;1;0;0;2;0;2;0
hasbara;0;1;4;0;0;0;0;0;0;0
habitat;0;0;0;0;0;2;2;0;1;0
gén0;0;0;4;1;0;0;0;0;0;0
gym;0;0;0;0;0;0;1;0;4;0
guérison;2;0;0;0;0;2;0;1;0;0
guerrier;0;3;0;0;0;0;1;0;1;0
gueguerre;0;0;1;1;0;0;1;0;2;0
gu;0;0;2;1;0;1;0;1;0;0
gréviste;3;0;0;0;0;1;0;1;0;0
gré;0;0;2;0;0;0;1;0;0;1
grandissant;0;1;0;0;0;4;0;0;0;0
gourmand;0;0;0;0;0;2;3;0;0;0
gouffre;0;0;0;0;0;0;1;4;0;0
goal;0;2;0;0;0;1;0;0;0;0
glutamate;0;5;0;0;0;0;0;0;0;0
glucide;0;0;0;0;0;0;4;0;0;1
giec;0;0;0;0;0;0;2;0;0;3
genocides;0;0;4;0;0;0;0;0;1;0
gen;0;3;1;0;0;1;0;0;0;0
gel;0;0;0;0;0;2;3;0;0;0
game;0;0;0;0;0;0;1;0;0;4
galère;0;1;0;0;0;1;0;0;0;3
gage;0;0;2;0;1;0;0;0;0;1
gadget;0;0;0;0;0;2;2;0;1;0
fumisterie;0;0;4;0;0;1;0;0;0;0
full;0;0;0;0;0;1;3;0;0;1
from;0;0;1;0;0;0;0;0;0;2
frisson;0;0;2;0;0;1;0;0;0;2
frileux;0;0;0;1;0;1;1;1;1;0
french;0;1;0;0;0;3;0;0;1;0
françois;0;0;0;0;0;0;0;0;1;4
foutu;0;0;1;1;0;0;0;0;2;1
footballeur;0;0;0;0;0;4;0;0;1;0
fonte;0;0;0;0;0;0;5;0;0;0
foireux;0;1;0;0;0;0;0;0;0;4
focaliser;0;0;0;1;0;1;1;0;1;1
flocon;0;5;0;0;0;0;0;0;0;0
fleuve;0;0;2;0;0;1;0;0;0;0
flamme;0;0;0;0;0;0;0;0;4;1
financées;0;0;1;0;0;0;1;0;0;3
filière;0;0;0;0;0;1;1;0;0;2
fibre;0;0;0;0;0;0;5;0;0;0
fiabilité;0;0;2;0;0;1;0;0;0;2
fesse;0;0;0;0;0;0;0;0;2;3
fermeté;1;0;2;0;0;1;0;0;0;1
femelle;0;0;0;0;0;1;0;1;0;2
façonner;0;0;0;0;0;1;1;0;0;3
façade;0;0;2;0;0;0;1;0;0;2
fatigant;0;0;2;1;0;0;0;0;0;2
fantôme;0;0;3;0;0;0;2;0;0;0
fanatique;0;0;2;0;0;1;0;1;1;0
faiseur;0;0;3;1;0;0;0;0;0;1
faiblement;0;0;0;1;0;2;1;0;0;1
extraction;0;0;0;0;0;0;5;0;0;0
expo;0;0;1;0;0;4;0;0;0;0
exit;0;0;0;0;0;4;0;0;0;1
exiler;0;0;3;0;0;2;0;0;0;0
exclusivement;0;1;0;0;0;0;1;1;2;0
etres;0;0;0;0;0;0;0;1;3;1
escroquerie;0;0;0;1;0;2;0;0;0;1
esclavagisme;0;0;0;0;0;2;3;0;0;0
enquêteur;0;0;1;0;1;0;0;0;2;1
enquêter;0;0;1;0;0;0;0;0;0;4
enjamber;0;0;0;5;0;0;0;0;0;0
energie;0;0;0;0;0;1;2;0;1;0
endommager;0;0;0;3;0;0;1;0;0;0
endiguer;0;0;0;0;0;3;2;0;0;0
encyclopédie;0;0;0;0;0;0;0;0;0;3
encercler;0;0;0;4;0;0;1;0;0;0
emji_tête_qui_parle;0;2;2;0;0;1;0;0;0;0
emji_trophée;3;1;0;0;0;0;0;0;0;0
emji_singe_ne_rien_dire;0;4;0;0;0;0;0;0;0;0
emji_poing_levé_peau_légèrement_mate;1;0;4;0;0;0;0;0;0;0
emji_poing_de_face;2;0;1;0;0;0;2;0;0;0
emji_patin_à_roulettes;2;0;0;0;0;0;0;0;0;1
emji_médaille_d_or;4;0;0;0;0;0;0;0;0;0
emji_monstre_japonais;0;4;0;0;0;0;0;0;0;1
emji_moai;1;0;0;0;0;0;1;0;1;1
emji_homme_qui_hausse_les_épaules_peau_mate;0;0;0;1;0;1;0;0;1;2
emji_goutte_de_sang;4;0;0;0;0;0;0;1;0;0
emji_drapeau_venezuela;0;0;4;0;0;0;0;0;0;1
emji_drapeau_russie;1;0;2;0;0;0;0;0;0;0
emji_drapeau_portugal;2;1;0;0;0;1;0;0;0;1
emji_coeur_rose;2;1;0;0;0;0;0;0;1;1
emji_coeur_orange;3;0;0;0;0;0;0;0;1;1
emji_chien;2;1;0;0;0;1;0;0;1;0
emji_bébé;2;0;1;0;0;0;0;0;0;2
emji_bout_des_doigts_joints_peau_moyennement_claire;0;5;0;0;0;0;0;0;0;0
emji_bout_des_doigts_joints_peau_claire;0;0;0;0;0;0;1;0;2;0
emji_boisson_chaude;0;5;0;0;0;0;0;0;0;0
emji_biceps_contracté_peau_foncée;2;0;0;0;0;0;0;0;1;0
emji_ballon_de_football;5;0;0;0;0;0;0;0;0;0
emissions;0;0;0;0;0;0;5;0;0;0
embouteillage;0;0;0;0;0;0;5;0;0;0
embauche;0;0;0;0;0;2;1;0;1;1
email;0;3;0;0;0;0;0;0;0;2
economique;0;0;1;0;0;4;0;0;0;0
economie;0;0;0;0;0;3;1;0;0;1
easyjet;0;0;0;0;0;0;4;0;1;0
easy;0;0;0;0;0;3;1;0;1;0
dévouement;0;0;0;0;0;0;0;0;4;1
détériorer;0;0;0;1;0;3;1;0;0;0
détermination;0;0;1;0;0;0;0;0;3;1
désinformation;0;0;4;0;0;0;0;0;0;1
désengorger;0;0;0;0;0;0;5;0;0;0
désamianté;0;0;0;0;0;0;3;0;1;0
dépôt;0;0;2;1;0;2;0;0;0;0
déplorer;0;0;1;0;0;0;0;1;2;1
déplacé;0;0;2;0;0;0;3;0;0;0
dépassement;0;0;0;0;0;1;2;0;0;2
déménagement;0;0;0;0;0;4;0;0;1;0
démon;0;1;0;0;0;1;0;0;2;0
démagogie;0;0;0;0;0;4;0;0;1;0
délégation;0;0;1;0;0;4;0;0;0;0
défunt;0;0;0;0;0;2;0;0;2;1
défiler;0;0;0;2;0;0;1;1;0;1
défensive;0;0;2;1;0;0;0;0;2;0
décoration;0;0;0;0;0;0;4;0;1;0
décor;0;0;0;0;0;1;1;0;0;3
décompresser;0;0;0;0;0;1;3;0;0;0
décolonisation;0;0;4;0;0;0;0;0;0;0
déchéance;0;0;0;0;0;0;4;0;1;0
déchetterie;0;0;0;0;0;0;5;0;0;0
déc;0;0;0;0;0;2;0;0;1;1
débiter;0;0;1;1;0;1;0;0;1;0
dysfonctionnement;0;0;0;0;0;0;0;0;4;1
duty;0;0;0;1;0;2;0;0;1;1
durablement;0;0;1;1;0;0;1;0;1;1
dt;1;0;2;0;0;0;0;0;2;0
douloureux;0;0;0;0;0;0;0;5;0;0
dodo;0;0;0;0;0;2;0;0;1;1
divulguer;0;0;1;0;0;0;0;0;1;3
divorcer;0;0;0;0;0;0;0;5;0;0
dissiper;0;0;0;0;0;0;3;0;0;2
disney;0;0;0;0;0;1;0;0;0;4
discriminatoire;0;0;0;0;0;0;0;0;2;2
discriminant;0;0;0;0;0;0;0;2;1;2
diplômé;0;0;0;0;0;4;0;0;0;1
diplômer;0;0;0;0;0;5;0;0;0;0
différer;0;0;0;0;1;3;0;0;0;1
devise;0;0;1;1;0;1;0;0;0;1
denrée;0;0;1;0;0;1;3;0;0;0
delphine;1;1;0;0;2;0;0;0;0;1
defend;0;0;0;0;0;0;1;0;1;2
cynisme;0;0;4;0;0;0;0;0;1;0
cumulées;0;0;0;0;0;2;2;0;0;1
cuivre;0;0;0;0;0;3;1;0;0;0
créature;0;0;1;0;0;1;0;0;3;0
crypto;0;0;0;0;0;4;1;0;0;0
croître;0;1;1;0;0;1;1;0;0;1
criminaliser;0;0;2;2;0;0;0;0;0;1
creux;0;0;0;0;0;1;1;0;1;1
correcteur;0;0;0;0;0;0;0;0;3;1
corporation;0;0;0;0;0;1;0;0;1;3
corne;0;2;0;1;0;0;0;0;0;2
corde;0;0;0;2;0;0;0;0;2;1
conversion;0;0;1;0;0;0;2;0;0;2
contrôleur;0;0;0;0;0;1;2;0;1;0
control;0;0;2;0;0;0;1;0;1;1
conter;0;0;0;0;0;1;2;0;0;0
contemporain;0;0;2;0;0;1;0;0;0;2
confier;0;0;2;0;0;1;0;1;1;0
condamnable;0;0;0;0;0;0;0;0;0;5
compliment;0;1;0;0;0;0;0;0;0;4
complaisance;0;0;3;0;0;1;0;0;0;1
communautaire;0;0;0;0;0;1;1;1;1;1
come;0;0;1;0;0;1;0;0;1;0
colonialiste;0;0;4;0;0;0;1;0;0;0
collection;0;1;0;0;0;4;0;0;0;0
cola;0;1;0;0;0;1;0;0;0;2
coiffeur;0;0;0;0;0;3;1;0;1;0
cliquer;0;0;2;0;0;0;0;0;2;1
clinton;0;0;4;0;0;0;0;0;0;1
climato;0;3;0;0;0;0;1;0;0;1
climatisation;0;0;0;0;0;0;5;0;0;0
clandestin;0;0;4;0;0;0;0;0;1;0
civique;0;0;0;1;1;0;0;0;2;1
citoyenneté;0;0;0;0;1;2;0;0;1;1
ciment;0;0;1;0;0;0;4;0;0;0
cil;0;0;0;0;0;0;0;0;4;1
cigogne;0;0;0;0;0;0;4;0;0;1
cide;0;0;4;1;0;0;0;0;0;0
château;0;0;0;0;0;0;4;0;0;0
chuv;0;0;0;0;0;5;0;0;0;0
chui;1;0;0;0;0;3;0;0;1;0
christian;0;0;4;0;0;0;0;0;0;1
chevalier;0;0;0;0;0;0;0;0;0;5
checking;0;0;0;2;0;0;0;0;0;2
chaux;0;2;0;0;0;1;1;0;1;0
chauffard;0;2;0;1;0;0;1;0;0;1
charme;0;0;0;0;0;0;2;0;3;0
charlie;0;0;5;0;0;0;0;0;0;0
chapitre;0;0;3;0;0;1;0;0;0;1
chanceux;0;0;0;0;0;0;0;0;4;1
chain;0;0;0;0;0;3;1;0;1;0
ceva;0;0;0;0;0;0;5;0;0;0
cervin;0;1;0;0;0;0;0;0;2;2
centre_ville;0;0;0;0;0;0;4;0;0;0
centraliser;0;0;0;0;0;3;0;0;0;2
cc;0;0;0;1;0;0;0;0;0;4
caviar;1;3;0;0;0;0;0;0;0;1
caverne;0;0;0;0;0;0;0;2;2;0
cata;0;0;0;0;0;2;3;0;0;0
cartouche;0;0;0;0;0;0;0;0;5;0
carnage;0;0;3;1;0;1;0;0;0;0
capitulation;0;0;4;0;0;0;0;0;0;1
cannabis;0;0;0;0;0;0;5;0;0;0
canicule;0;0;0;0;0;1;2;0;2;0
cancel;0;0;0;1;0;0;0;0;0;3
calmement;0;0;0;0;0;0;0;0;0;5
bénévole;0;0;1;0;0;2;1;0;0;1
bulletin;0;0;0;0;1;0;0;1;1;1
bulldozer;0;0;5;0;0;0;0;0;0;0
brévine;0;0;0;0;0;0;4;0;0;0
brèche;0;0;1;0;0;1;0;0;2;0
bruxelles;0;0;1;0;0;2;0;0;0;2
brin;0;0;0;0;0;0;0;0;1;4
bretagne;0;0;0;0;0;4;0;0;0;1
bravoure;0;1;0;0;0;1;0;0;2;1
bravooo;1;1;0;0;0;0;1;0;1;0
brasil;1;1;1;1;0;0;1;0;0;0
brandolini;0;1;0;0;1;0;0;0;0;3
boy;1;0;0;1;0;0;0;0;0;3
bousculer;0;0;0;0;0;0;0;1;2;2
bouillir;0;1;0;0;1;0;2;0;1;0
boucler;0;0;0;0;1;3;0;0;0;1
body;0;0;0;0;0;1;0;0;3;0
bled;0;0;0;0;0;5;0;0;0;0
blatten;0;0;0;0;0;0;0;0;5;0
blanchiment;0;0;0;0;0;5;0;0;0;0
biologiquement;0;3;0;0;0;1;0;0;0;1
billag;0;0;5;0;0;0;0;0;0;0
bienveillant;0;0;0;1;0;0;0;0;1;3
biaisés;0;0;0;0;0;0;0;0;1;3
berlin;0;0;0;1;0;0;3;0;0;0
bercer;0;0;0;0;0;1;0;0;4;0
bellevue;0;0;0;0;0;0;5;0;0;0
bazar;0;0;1;1;0;1;1;0;1;0
baver;0;0;0;1;0;1;0;0;2;1
basket;0;0;0;0;0;0;4;0;1;0
barb;1;0;3;0;0;0;0;0;0;1
bancomat;0;0;0;0;0;5;0;0;0;0
bancal;0;0;0;0;3;0;0;0;1;1
banal;0;0;0;0;0;1;1;0;0;3
ballot;0;0;0;0;2;1;0;0;0;2
aya;0;0;0;0;0;0;1;0;2;0
avertissement;0;0;0;0;0;0;2;0;1;2
autiste;0;0;4;0;0;0;0;0;1;0
authenticité;0;0;0;0;0;0;1;0;1;3
austérité;0;0;1;0;0;4;0;0;0;0
auberge;0;0;2;1;0;0;0;0;1;1
attachement;0;0;0;0;0;0;1;1;1;2
atomique;0;1;3;0;0;0;0;0;0;0
athlète;0;0;0;0;0;1;3;0;1;0
atelier;1;0;0;1;0;1;0;0;1;1
assisté;0;0;0;0;0;4;0;1;0;0
arnaquer;0;0;0;0;0;3;1;0;0;1
arabique;0;0;5;0;0;0;0;0;0;0
apte;0;0;0;0;0;0;0;1;1;3
appellation;0;0;2;0;0;0;1;1;1;0
apocalypse;0;0;2;0;0;2;1;0;0;0
apaiser;0;0;0;0;1;1;0;1;1;1
annexe;0;1;3;0;0;0;0;0;1;0
andrew;0;0;0;0;0;0;0;4;1;0
analphabète;0;0;3;0;0;0;0;0;1;1
aménagement;0;0;0;0;0;3;1;0;1;0
amer;0;0;0;0;0;1;1;0;2;1
alternatif;0;0;0;1;0;0;0;0;3;0
alpinisme;0;0;0;0;0;0;0;0;1;4
alléger;0;0;0;0;0;2;0;1;1;1
allégeance;0;0;3;0;0;0;0;0;0;2
allouer;0;0;0;0;0;5;0;0;0;0
allier;0;0;1;0;0;1;0;0;2;1
allergique;0;4;0;0;0;0;1;0;0;0
alarmant;0;0;0;0;0;1;2;0;1;1
alala;0;0;0;1;0;1;1;0;0;2
aigle;0;0;0;0;0;0;5;0;0;0
ahahaha;0;1;0;1;0;0;0;0;2;1
agricole;0;0;1;0;0;1;3;0;0;0
agacer;0;1;0;0;0;1;0;0;0;3
affectif;0;0;0;0;0;0;0;2;2;1
advenir;0;0;5;0;0;0;0;0;0;0
additif;0;1;0;0;0;0;4;0;0;0
acier;0;0;0;0;0;0;5;0;0;0
acheteur;0;0;0;0;0;3;1;0;0;1
acharnement;0;0;3;0;0;0;0;0;0;2
acceptation;0;0;1;0;0;0;0;0;3;1
abondance;0;0;0;0;0;0;2;0;2;1
abaisser;0;0;0;0;0;0;2;0;1;2
aaaah;0;4;0;0;0;0;0;0;0;0
5eme;0;0;3;0;0;0;1;0;1;0
50millions;0;0;0;0;0;5;0;0;0;0
4j;0;0;0;0;0;0;0;0;0;4
1h;0;0;0;0;0;1;1;0;2;1
1ere;0;0;0;0;0;0;1;1;2;1
18ans;0;0;1;0;0;1;3;0;0;0
17h;0;0;0;1;0;0;3;0;1;0
10k;0;0;0;0;0;4;1;0;0;0
ôter;0;0;1;0;0;0;2;0;1;0
éveil;0;0;0;0;0;0;0;0;2;2
évaluer;0;0;0;1;0;1;1;0;0;1
étonnamment;0;0;0;1;0;1;1;0;1;0
éthiopien;0;0;4;0;0;0;0;0;0;0
étalage;0;0;0;0;0;2;0;0;0;2
érotique;0;0;0;0;0;0;0;0;0;3
équitablement;0;0;0;0;0;1;0;0;1;1
épuisement;0;0;0;0;0;0;0;0;1;3
époux;1;0;0;0;0;0;0;2;1;0
épingle;0;0;0;1;0;1;1;0;0;1
éolien;0;0;0;0;0;3;1;0;0;0
énoncé;0;0;0;0;0;0;0;0;1;3
énième;0;0;0;0;1;3;0;0;0;0
émissaire;0;0;1;0;0;0;0;0;1;2
émetteur;0;0;0;0;0;0;3;0;0;1
émancipation;0;0;0;0;0;0;0;0;1;3
élégance;0;0;0;0;0;3;0;0;1;0
élan;0;0;0;0;0;2;0;0;0;2
élaborer;0;1;0;0;0;1;1;0;0;1
égout;0;0;0;0;0;0;1;0;1;2
égorger;0;0;0;0;0;0;0;0;3;1
égide;0;0;4;0;0;0;0;0;0;0
égarer;0;0;0;0;0;0;1;0;0;2
éducateur;0;0;0;1;0;2;1;0;0;0
écolier;0;0;0;0;1;1;0;0;0;2
échéant;0;0;0;0;0;0;0;1;0;3
échappatoire;0;0;0;0;0;0;1;1;0;2
écarter;0;0;0;1;0;1;0;0;1;1
âne;0;0;0;0;0;0;2;0;1;1
zurichois;0;0;0;0;0;1;3;0;0;0
zizanie;0;0;4;0;0;0;0;0;0;0
yitzhak;0;0;4;0;0;0;0;0;0;0
yaourt;0;0;0;0;0;0;1;0;1;2
yaka;0;0;0;0;0;3;1;0;0;0
wish;0;3;0;0;0;0;1;0;0;0
white;0;1;1;0;0;0;0;1;0;1
west;0;0;3;0;0;0;0;0;0;0
welcome;2;0;0;0;0;1;0;0;1;0
webcams;0;0;0;0;0;1;3;0;0;0
wealth;0;0;0;0;0;3;0;0;0;0
we;1;0;0;0;0;1;0;0;2;0
waouh;0;2;0;0;0;0;0;0;2;0
w;1;0;1;0;0;0;0;0;2;0
végétaliens;0;0;1;0;0;0;0;0;0;3
vpn;0;0;0;0;2;2;0;0;0;0
vouer;0;0;0;0;0;2;2;0;0;0
volontariat;0;0;0;0;0;0;0;4;0;0
vodka;0;3;0;0;0;0;1;0;0;0
visionnaire;0;0;0;0;0;0;1;0;2;0
vigne;0;3;0;0;0;1;0;0;0;0
vigilant;0;0;1;0;0;1;0;0;2;0
vigilance;0;0;0;0;0;0;1;0;1;2
vicieux;0;0;0;0;0;0;0;0;3;1
vexer;0;1;0;0;0;0;0;0;1;2
velo;0;0;0;1;0;0;1;0;1;1
vaseline;0;0;0;0;0;4;0;0;0;0
vanter;0;0;1;1;0;0;0;0;1;1
valve;0;0;0;0;0;4;0;0;0;0
vai;1;3;0;0;0;0;0;0;0;0
vaccination;0;0;0;0;0;0;0;0;1;3
usual;0;0;0;1;0;1;0;0;1;1
uri;0;0;0;0;0;4;0;0;0;0
unireso;0;0;0;0;0;1;2;0;1;0
unifier;0;0;2;0;0;1;0;0;0;1
uniens;0;0;1;0;0;1;1;0;0;1
ultrariches;0;0;0;0;0;4;0;0;0;0
uape;0;0;0;0;0;1;0;0;2;0
tôle;0;0;0;0;0;0;1;0;3;0
télécharger;0;0;0;0;0;0;0;0;0;4
typiquement;0;0;0;0;0;0;0;0;1;3
tumeur;0;0;0;0;0;3;0;0;1;0
tsr;0;0;1;0;0;0;0;0;1;2
trouer;0;0;0;0;0;3;0;0;1;0
tripler;0;1;0;0;0;2;1;0;0;0
trimer;0;0;0;0;0;3;0;1;0;0
tribu;0;0;0;0;0;0;0;0;1;2
triboélectricité;0;0;0;0;0;0;3;0;0;1
trembler;0;0;0;0;0;4;0;0;0;0
travails;0;0;0;0;0;2;0;0;0;1
traumatisant;0;0;1;1;0;0;0;0;1;0
traquer;0;1;0;0;0;0;0;0;2;1
transmission;0;0;0;0;0;4;0;0;0;0
tp;0;1;0;0;0;2;1;0;0;0
toxicomanie;0;0;0;0;0;1;1;0;1;1
tombe;0;0;3;0;0;1;0;0;0;0
tokyo;0;0;1;0;0;1;2;0;0;0
tiers_monde;0;0;0;0;0;1;1;0;1;1
tibet;1;0;1;0;0;0;1;0;0;1
thonon;0;0;0;0;0;2;2;0;0;0
thermodynamique;0;0;0;0;0;0;4;0;0;0
thaïlandais;0;0;1;0;2;0;0;0;1;0
thaï;0;0;0;0;3;0;0;0;1;0
tete;0;0;3;0;0;1;0;0;0;0
terroir;0;0;0;0;0;3;1;0;0;0
territorial;0;0;1;0;0;0;1;0;0;1
tente;0;0;1;0;0;0;1;0;1;1
temple;0;1;1;0;0;0;1;0;0;1
teinture;0;0;0;0;0;1;1;0;1;0
technologique;0;0;0;0;0;1;0;1;1;1
tea;0;4;0;0;0;0;0;0;0;0
tdf;0;0;0;0;1;1;0;0;1;1
taïwan;0;0;0;0;0;0;1;0;0;3
taupe;0;0;0;0;0;0;0;0;4;0
tasser;0;0;0;0;0;3;0;0;0;1
taré;0;0;0;0;0;0;0;0;3;1
tanzanie;0;0;0;0;0;2;1;0;0;1
tana;0;1;0;0;1;0;0;0;1;1
take;0;0;0;0;0;2;0;0;2;0
tain;0;0;0;0;0;0;2;0;1;0
t3rroristes;0;0;4;0;0;0;0;0;0;0
sévèrement;0;0;1;1;0;1;0;0;0;1
sénégalais;1;0;0;0;0;1;0;0;2;0
systémiques;0;0;0;0;0;1;1;0;2;0
symboliser;0;0;2;0;0;0;0;0;1;1
suédois;0;0;2;0;0;1;0;0;1;0
susceptible;0;0;1;0;0;0;0;0;1;2
surtaxe;0;0;0;0;0;4;0;0;0;0
surreprésentés;0;0;0;0;0;0;0;0;0;4
surreprésentation;0;0;1;0;0;0;0;1;0;2
surf;0;4;0;0;0;0;0;0;0;0
surestimer;0;0;0;1;0;0;1;0;0;2
supplier;1;1;0;0;0;0;0;0;1;1
sucré;0;0;0;0;0;0;3;0;1;0
sucette;0;0;0;1;0;0;0;0;3;0
stylistique;0;0;0;0;2;0;0;0;1;1
stupéfiant;0;0;0;2;0;0;0;0;1;1
stream;0;0;0;0;0;0;2;0;0;1
stpl;0;3;0;0;0;0;1;0;0;0
ste;0;0;4;0;0;0;0;0;0;0
starbucks;0;0;1;0;0;0;2;0;0;1
stand;0;0;0;0;0;0;1;0;2;1
stagnation;0;0;0;0;0;1;3;0;0;0
sst;0;0;1;0;0;0;0;0;1;1
sse;0;0;0;0;0;1;1;2;0;0
ss;0;0;1;0;0;0;0;0;0;3
spécialisé;0;0;0;1;0;2;0;0;1;0
spot;0;1;0;0;0;1;0;0;0;2
sponsor;0;0;0;2;0;0;0;0;0;2
spirale;0;0;0;0;0;1;3;0;0;0
sphère;0;0;0;0;0;1;0;0;1;2
soviétique;0;0;3;0;0;0;0;0;0;1
souterrain;0;0;0;0;0;0;4;0;0;0
soute;0;0;0;0;0;1;0;0;3;0
soupçon;0;0;1;0;1;0;1;0;0;1
souffrant;0;0;0;1;0;0;0;0;1;2
solliciter;0;0;1;0;0;0;0;1;1;1
snapchat;0;0;0;0;0;3;0;0;0;1
snap;0;4;0;0;0;0;0;0;0;0
slutshaming;0;0;0;0;0;0;0;0;4;0
skieur;0;0;0;0;0;0;4;0;0;0
sinistre;0;0;0;0;0;3;0;0;0;0
simplet;0;1;0;0;0;0;0;0;0;3
sig;0;2;0;1;0;0;0;0;0;1
siemens;0;0;1;0;0;0;0;0;1;1
shutdown;0;0;0;0;0;0;0;0;0;4
sharon;0;0;4;0;0;0;0;0;0;0
shame;1;0;0;1;0;0;0;0;2;0
sex;0;0;0;0;0;0;1;0;2;0
session;0;1;0;0;1;0;0;0;1;1
serviette;0;0;0;0;0;1;1;0;2;0
serment;0;0;0;2;0;0;0;0;1;1
sensation;0;0;0;0;0;0;1;0;2;1
secrétaire;0;0;2;0;0;1;0;0;0;1
seco;0;0;0;0;0;2;1;0;0;1
scrupule;0;0;1;0;0;3;0;0;0;0
scoop;0;4;0;0;0;0;0;0;0;0
schwyz;0;0;0;0;0;4;0;0;0;0
saouler;0;0;2;0;0;0;0;0;2;0
sandra;0;4;0;0;0;0;0;0;0;0
salade;0;0;1;0;0;0;3;0;0;0
saigner;0;0;0;0;0;4;0;0;0;0
sagesse;0;0;1;0;0;1;0;0;1;1
sabra;0;0;3;0;0;0;0;0;0;0
saboter;0;0;0;2;0;0;1;0;0;1
rééquilibrer;0;0;0;0;0;2;0;2;0;0
révélateur;0;0;0;0;0;0;0;1;1;2
réservoir;0;0;0;0;0;1;3;0;0;0
répéte;0;0;0;0;0;0;0;0;3;0
répressif;0;0;0;1;0;1;0;0;0;2
répit;1;0;0;0;2;0;1;0;0;0
réinsertion;0;0;0;0;0;3;0;0;1;0
régional;0;0;1;0;0;0;3;0;0;0
rédactionnel;0;0;0;0;2;0;0;0;1;1
récurrent;0;0;0;0;0;1;1;0;1;1
réclamation;0;0;0;0;0;0;0;0;3;1
réciproque;0;1;1;0;0;1;0;0;1;0
réception;0;0;0;0;0;2;0;0;0;2
réalisme;0;0;0;0;0;1;1;0;0;2
râleur;0;1;0;0;0;1;1;0;0;1
rude;0;0;0;0;0;2;1;0;1;0
rtsinfo;0;0;1;0;0;0;0;0;0;3
routine;0;0;1;0;0;1;0;0;1;1
ronger;0;0;1;0;0;1;0;0;2;0
ronde;0;1;0;0;0;0;0;1;0;1
roche;0;0;0;0;0;1;3;0;0;0
robe;0;0;0;0;0;0;1;0;1;1
riviera;0;0;2;0;0;1;1;0;0;0
ristes;0;0;4;0;0;0;0;0;0;0
rhône;0;1;0;0;0;1;0;0;1;1
revêtir;0;0;0;0;0;0;1;0;0;3
revivre;0;0;1;0;0;1;1;0;1;0
retrancher;0;0;0;2;0;0;0;0;1;1
retoucher;0;0;0;0;0;0;2;0;0;2
retenue;0;0;4;0;0;0;0;0;0;0
restitution;0;0;2;0;0;0;0;0;0;2
restaurer;0;0;0;0;0;0;0;0;2;2
repère;0;1;0;0;0;0;0;0;2;1
repli;0;0;0;0;0;1;0;1;0;2
renouvelables;0;0;0;0;0;0;4;0;0;0
renouveau;0;0;0;0;0;1;0;0;1;2
rengaine;0;0;1;0;0;0;0;1;0;2
renforcement;0;0;0;0;0;3;1;0;0;0
renflouer;0;0;0;0;0;2;2;0;0;0
remarque;0;0;1;0;0;0;1;0;0;2
remake;0;0;1;0;0;0;0;0;0;2
rek;3;0;0;0;0;0;0;0;0;0
region;0;0;4;0;0;0;0;0;0;0
regime;0;0;0;0;0;2;1;0;0;1
regagner;0;1;0;0;0;0;0;0;2;1
reformuler;0;0;0;1;0;0;0;0;0;3
ref;3;0;0;0;0;0;0;0;0;1
redéfinir;0;0;1;0;0;0;0;1;0;2
reduire;0;0;0;0;0;1;1;0;0;1
reconversion;0;0;0;0;0;3;1;0;0;0
reconnecter;0;0;0;0;0;0;0;0;4;0
reconnait;0;0;3;0;0;0;0;0;0;1
re33;0;3;0;0;0;0;1;0;0;0
ravage;0;0;3;0;0;0;1;0;0;0
rapatrier;0;0;2;0;0;1;0;0;0;1
rapace;0;0;0;0;0;1;3;0;0;0
ramper;0;0;0;0;0;0;0;1;1;2
rambo;0;2;0;0;0;0;0;0;1;1
ralenti;0;0;0;0;0;0;0;0;4;0
radin;0;0;0;0;0;3;1;0;0;0
radicalisation;0;0;3;0;0;0;0;0;0;1
racoleur;0;0;0;1;0;1;0;0;0;2
racisées;0;0;3;0;0;0;0;0;1;0
racisée;0;0;0;0;0;0;0;0;1;2
quête;0;1;0;0;0;0;0;0;2;1
quoiqu;0;0;1;1;0;0;0;1;1;0
questionnement;0;0;0;0;0;1;0;0;1;2
quarantaine;0;0;2;0;0;2;0;0;0;0
qqchose;0;0;0;0;0;0;1;0;2;1
péril;0;0;0;1;0;1;2;0;0;0
pépite;0;0;0;0;0;0;0;0;1;2
putin;0;0;0;0;0;0;0;0;3;1
pudeur;0;0;0;0;0;0;0;0;3;1
puce;0;0;0;0;0;0;0;0;4;0
puant;0;1;0;0;0;1;0;1;0;1
ptits;0;0;0;0;0;1;2;0;1;0
ptdrrr;0;0;1;0;0;1;0;0;2;0
prêtre;0;0;2;0;0;0;0;0;0;2
prévalence;0;0;0;0;0;0;0;0;0;4
prétendant;0;0;0;1;0;0;0;0;0;3
présider;0;0;1;0;0;1;0;0;1;1
présidence;0;0;1;1;1;0;0;0;0;1
précaution;0;0;0;0;0;0;0;0;0;4
provocateur;0;0;0;0;0;0;0;0;1;3
prothèse;0;0;0;0;0;2;0;0;1;1
protagoniste;0;0;0;0;0;0;0;0;1;2
prospère;0;0;2;0;0;1;0;0;1;0
proprio;1;0;0;0;0;1;0;0;1;1
propreté;0;0;0;0;0;1;1;0;1;1
pronom;0;0;0;0;0;0;0;0;1;2
promoteur;0;0;1;0;0;2;1;0;0;0
promo;0;0;0;0;0;1;0;0;1;1
promis;0;1;2;0;0;0;0;0;0;1
projectile;0;0;0;4;0;0;0;0;0;0
proie;0;0;0;0;0;0;1;1;2;0
programmation;0;0;0;0;3;0;0;0;1;0
profiler;0;1;2;0;0;0;0;0;0;1
priser;0;0;0;0;0;0;0;1;2;1
primitif;0;0;0;0;0;0;0;0;2;1
primer;0;0;0;4;0;0;0;0;0;0
ppsdm;0;0;0;0;0;1;0;0;0;2
poulpe;0;0;1;0;0;1;1;0;1;0
pou;0;0;2;0;0;0;0;0;2;0
potter;0;0;0;0;0;1;1;0;1;1
postal;0;0;0;0;0;2;1;0;0;1
possiblement;0;0;0;0;0;0;1;0;1;2
porteur;0;0;0;0;0;0;0;0;0;4
porrentruy;0;2;0;0;0;0;1;0;1;0
populariser;0;0;1;0;0;1;1;0;0;1
polo;0;0;0;0;0;1;2;0;1;0
poliment;0;0;0;0;0;0;0;0;0;4
poli;0;0;0;1;0;1;0;0;1;1
poir;0;0;0;1;0;1;0;0;0;2
poignarder;0;0;0;0;0;1;0;0;1;2
poignant;1;0;2;0;0;0;0;0;0;1
po;0;0;1;0;0;0;0;0;2;1
pm;0;0;0;0;0;1;3;0;0;0
plume;0;0;0;0;0;0;1;0;3;0
pli;0;1;0;1;0;2;0;0;0;0
platistes;0;0;0;0;0;0;0;0;1;3
planer;0;0;1;0;0;0;1;0;1;0
plaisanterie;0;1;0;0;0;0;1;0;0;1
pizza;0;2;0;0;0;0;1;0;0;1
pipi;0;0;3;1;0;0;0;0;0;0
pipe;1;2;0;0;0;1;0;0;0;0
phénoménal;0;0;0;0;0;1;0;2;0;0
pharmas;0;0;0;0;0;4;0;0;0;0
pfas;0;0;0;0;0;1;0;0;0;2
pessimiste;0;3;0;0;0;1;0;0;0;0
pesant;0;0;0;0;0;1;0;1;1;1
perversion;0;0;0;0;0;0;0;0;3;1
pervers;0;0;0;0;0;2;0;0;1;1
perturbateur;0;0;0;0;0;0;4;0;0;0
perfection;0;0;0;0;1;1;0;0;1;1
percher;0;0;0;0;0;0;0;0;0;3
pendule;0;0;0;0;0;0;4;0;0;0
pendulaires;0;0;0;0;0;1;3;0;0;0
pelle;0;0;0;0;0;2;1;1;0;0
pelice;4;0;0;0;0;0;0;0;0;0
pedocriminels;0;0;0;4;0;0;0;0;0;0
paz;1;1;0;0;0;1;0;0;1;0
pay;0;1;0;0;0;0;0;1;1;1
patin;0;4;0;0;0;0;0;0;0;0
passivité;0;0;3;1;0;0;0;0;0;0
passe_droit;0;0;0;0;1;1;0;0;0;2
passant;0;0;0;1;0;2;1;0;0;0
pass;0;4;0;0;0;0;0;0;0;0
paroxysme;0;0;3;0;0;0;0;0;1;0
parkinson;0;0;0;0;0;2;1;0;0;1
paresseux;0;0;0;0;0;1;0;0;0;3
parenthèse;0;0;0;0;0;0;0;0;3;1
parcontre;0;0;0;0;0;0;4;0;0;0
papy;0;0;0;1;0;0;0;0;1;2
paniquer;0;0;0;0;0;0;0;0;2;2
palos;0;0;4;0;0;0;0;0;0;0
palme;0;0;1;0;1;0;1;0;0;1
pacotille;0;0;1;0;0;0;1;0;2;0
p0rno;0;0;0;0;0;0;0;1;1;1
oxygène;0;3;0;0;0;0;1;0;0;0
overton;0;0;0;0;0;0;0;0;0;4
ouïr;0;1;1;0;0;0;0;0;0;2
ouïgours;0;0;2;1;0;0;0;0;0;1
originel;0;0;1;0;0;1;1;0;0;1
oreillette;0;0;0;0;0;1;2;0;0;0
oqtf;0;0;1;0;0;0;1;0;1;1
olala;0;0;3;0;0;0;0;0;1;0
oke;0;0;0;1;0;1;1;0;0;1
ohh;0;0;2;0;0;0;0;0;1;1
ofsp;0;0;0;0;0;4;0;0;0;0
oe;0;0;0;0;0;1;2;0;1;0
occupant;0;0;3;0;0;1;0;0;0;0
obus;1;0;1;0;0;0;0;0;0;1
obstiner;0;0;2;0;0;0;0;0;1;1
observation;0;0;2;0;0;0;0;0;0;2
néo;0;0;2;0;0;0;0;0;0;2
négliger;1;1;0;0;0;1;0;0;0;1
nyon;0;1;0;0;0;0;2;0;1;0
nuque;0;1;0;0;0;2;1;0;0;0
nullement;0;0;0;0;0;1;0;0;0;3
nuisible;0;0;0;0;1;2;0;0;0;1
nuancer;0;0;0;0;0;1;0;0;1;2
nova;0;0;4;0;0;0;0;0;0;0
nordique;0;0;0;0;0;4;0;0;0;0
noooooon;1;2;0;0;0;0;0;0;0;1
nominer;0;2;0;0;0;0;0;0;0;2
noeud;0;0;0;0;0;1;0;0;1;2
noblesse;0;0;0;1;0;2;0;0;0;1
noah;2;0;0;0;0;0;0;1;1;0
niveler;0;0;0;0;1;3;0;0;0;0
niquel;1;1;0;0;0;0;1;0;0;1
nike;0;0;0;0;0;0;1;0;2;0
nigéria;0;0;3;0;0;0;0;0;0;0
nico;1;0;0;0;0;1;1;0;1;0
new_yorkais;0;0;1;0;0;1;0;0;1;1
neuchâtelois;0;0;0;0;0;1;0;0;1;1
ndoye;4;0;0;0;0;0;0;0;0;0
naze;0;0;0;0;0;1;2;0;0;1
natel;0;0;0;1;0;1;1;0;1;0
natal;0;1;1;0;1;0;0;0;0;1
nasser;0;0;3;0;0;0;0;1;0;0
narco;0;0;2;0;0;1;0;0;0;1
nait;0;0;0;0;0;2;0;0;2;0
nacelle;0;0;0;0;0;0;4;0;0;0
mûr;0;0;0;0;0;1;2;0;1;0
météorologique;0;0;0;0;0;1;1;0;0;2
méta;0;0;0;0;0;0;0;1;1;2
méfiance;0;0;1;0;0;1;0;0;0;1
médiéval;0;0;0;0;0;1;1;0;0;1
médiation;0;0;2;0;0;0;0;0;0;2
myanmar;0;0;2;0;0;1;1;0;0;0
mutuellement;0;0;2;0;0;1;0;0;0;1
mutualité;0;0;0;0;0;2;1;0;0;1
mussolini;0;0;2;0;0;0;0;0;1;0
mun;0;0;0;0;0;4;0;0;0;0
msc;0;0;0;0;0;4;0;0;0;0
mp;0;0;0;0;0;1;0;0;2;1
moyennement;0;0;1;0;1;0;1;0;0;1
moyen_âge;0;0;0;0;0;0;1;0;3;0
mouvance;0;0;4;0;0;0;0;0;0;0
moutarde;0;1;0;0;0;0;1;0;1;1
mourrir;0;1;0;1;0;1;1;0;0;0
motivant;0;2;0;0;0;0;0;0;2;0
more;0;0;0;0;0;0;0;0;0;4
moralisme;0;0;0;0;0;0;2;0;0;1
moraliser;0;0;0;0;0;0;1;0;1;2
monumental;0;0;0;0;0;0;0;0;3;0
montessori;0;1;0;0;0;0;1;0;2;0
moitié_moitié;0;4;0;0;0;0;0;0;0;0
moine;0;0;0;0;0;1;2;0;0;1
mohammed;0;0;1;0;0;1;1;0;0;1
mobile;0;0;0;1;0;2;0;0;1;0
mixte;0;1;0;1;0;1;0;1;0;0
minerai;0;0;2;0;0;0;1;0;1;0
mimi;1;0;1;0;0;1;0;0;0;0
militariser;0;0;3;0;0;0;0;0;1;0
migrateur;0;0;0;0;0;0;4;0;0;0
mesurable;0;0;0;0;0;0;0;0;0;4
merveilleusement;1;1;0;0;0;0;0;0;2;0
merite;0;0;2;0;0;0;1;0;0;0
merino;0;0;0;0;0;1;2;0;1;0
mere;0;0;0;0;0;2;1;0;1;0
merdier;0;1;1;0;0;0;0;0;1;1
merder;0;0;1;0;0;0;0;0;0;2
merciiii;0;2;0;0;0;0;1;0;1;0
menotte;0;1;0;0;0;0;0;0;3;0
menaçant;0;0;1;0;0;2;0;0;0;1
median;0;0;0;0;0;2;0;0;0;2
maximiser;0;0;1;0;0;2;0;0;1;0
maudit;0;4;0;0;0;0;0;0;0;0
maudet;0;0;1;0;0;0;1;0;2;0
maturité;0;0;0;0;0;0;0;0;4;0
maría;0;0;4;0;0;0;0;0;0;0
martyriser;0;0;4;0;0;0;0;0;0;0
martigny;0;2;0;0;0;0;2;0;0;0
marron;0;0;0;0;0;0;3;0;1;0
maritime;0;0;2;0;0;0;2;0;0;0
marionnette;0;0;2;0;0;0;0;0;2;0
marco;2;0;1;0;0;0;0;0;0;1
marchandise;0;0;1;0;0;0;2;0;0;1
mao;0;0;3;0;0;0;0;0;0;1
manipulable;0;0;0;0;0;1;0;0;0;3
magnifiquement;1;1;0;0;0;0;0;0;1;1
maghrébin;0;0;0;0;0;2;0;0;1;1
mage;0;3;0;0;0;0;0;0;0;1
machiavélique;0;0;1;0;0;0;1;0;0;2
machette;0;0;3;0;0;0;0;0;1;0
macaron;0;0;0;0;0;0;0;0;4;0
lésion;0;0;1;0;0;0;1;0;0;2
léon;2;1;0;0;0;0;0;0;0;1
légèreté;0;2;0;0;0;0;0;1;0;1
légendaire;1;0;0;1;0;0;0;0;1;1
luisier;0;4;0;0;0;0;0;0;0;0
lucidité;0;0;0;0;0;0;0;0;1;3
loti;0;0;0;0;0;1;0;0;1;2
loterie;0;0;0;0;0;4;0;0;0;0
look;0;0;0;0;0;0;0;0;4;0
longuement;0;0;0;0;0;0;2;2;0;0
logiciel;0;0;1;0;0;0;0;0;1;2
loge;0;0;0;0;0;2;0;0;1;1
lobbyiste;0;0;0;0;0;1;1;0;1;1
linux;0;0;1;0;0;1;0;0;0;2
liker;0;2;1;0;0;0;0;0;1;0
licite;0;0;0;3;0;0;0;0;0;1
libye;0;0;4;0;0;0;0;0;0;0
librairie;0;0;0;0;0;0;2;0;1;1
liberalisme;0;0;0;0;0;2;0;0;1;1
liaison;0;0;0;0;0;0;4;0;0;0
lgbtq;0;0;0;0;0;0;0;2;1;1
let;4;0;0;0;0;0;0;0;0;0
leclerc;2;0;0;0;0;0;1;0;1;0
laxisme;0;0;0;0;0;1;0;0;1;2
lassant;0;0;1;0;0;1;0;0;1;1
larguer;0;0;3;0;0;1;0;0;0;0
lancement;0;0;3;0;0;1;0;0;0;0
laitier;0;0;0;0;0;0;4;0;0;0
lai;0;0;0;0;0;0;2;0;2;0
lactose;0;1;0;0;0;0;3;0;0;0
laa;0;0;0;0;0;4;0;0;0;0
kérosène;0;2;0;0;0;1;1;0;0;0
kruger;0;0;0;0;0;0;0;0;0;4
kiev;0;0;0;0;3;0;0;0;0;1
ki;3;1;0;0;0;0;0;0;0;0
kg;0;1;0;0;0;0;2;0;0;0
kermesse;0;0;0;0;0;0;4;0;0;0
kaka;0;0;3;0;0;0;0;0;0;1
kabylie;0;0;1;0;0;0;0;0;0;2
ka;0;0;0;0;0;1;2;0;0;1
justifies;0;0;4;0;0;0;0;0;0;0
jusqu_aux;0;0;0;1;0;0;1;0;0;1
jus;0;0;1;0;0;0;3;0;0;0
juridiquement;0;0;1;0;0;0;0;0;0;3
jk;0;0;0;0;0;1;0;0;0;3
istanbul;2;0;1;0;0;1;0;0;0;0
israëlien;0;0;4;0;0;0;0;0;0;0
isr;0;0;3;0;0;0;0;0;1;0
islamophobe;0;0;2;0;0;0;0;0;0;2
islamo;0;0;4;0;0;0;0;0;0;0
isabelle;0;0;1;0;0;0;0;0;3;0
irréversible;0;0;0;0;0;0;2;0;0;2
iptv;0;0;0;0;0;4;0;0;0;0
iphone;0;0;0;0;0;0;4;0;0;0
inévitable;0;0;0;0;0;2;0;0;0;2
invasif;0;0;0;0;0;0;1;0;1;2
intégralité;0;0;2;1;0;0;0;1;0;0
intuition;0;0;0;0;0;0;0;0;0;4
intolérant;0;0;1;0;0;0;1;0;0;2
intimider;0;0;1;1;0;0;0;0;1;1
interprète;0;0;0;0;3;0;0;0;0;1
intermittent;0;0;0;0;0;0;1;0;0;3
interminable;0;0;2;0;1;0;0;1;0;0
interlocuteur;0;0;0;0;0;0;0;1;0;3
intellect;0;0;0;1;1;0;0;0;0;2
insurger;0;0;1;1;0;0;0;0;0;2
instruire;0;0;0;0;0;0;0;0;2;2
instinct;0;0;0;0;0;0;0;0;1;3
instantané;0;0;0;1;0;0;2;0;0;1
ingénierie;0;1;0;0;0;0;0;0;0;3
influer;0;0;0;0;1;1;0;0;1;0
indéterminé;0;0;1;0;0;0;0;0;1;2
individualiste;0;0;0;0;0;1;0;0;2;1
indemniser;0;0;0;1;0;2;0;0;1;0
incontrôlé;0;0;0;0;0;1;2;0;0;1
inconfortable;0;0;0;0;0;0;3;0;0;1
incompétence;0;0;0;0;0;1;0;0;0;3
incompatible;0;0;0;2;0;0;2;0;0;0
incomber;0;0;0;0;0;0;0;1;0;3
incivilités;0;1;0;0;0;1;1;0;0;1
incarné;0;0;1;0;0;0;0;1;1;1
impérativement;0;0;0;0;0;2;1;0;0;1
impératif;0;0;3;0;0;0;0;0;1;0
impulsif;0;0;0;0;0;0;0;0;0;4
impuissant;0;0;3;0;0;0;0;0;1;0
implanter;0;0;0;0;0;3;0;0;0;1
implantation;0;0;0;0;0;0;2;1;1;0
impacter;1;0;0;0;0;2;1;0;0;0
impactent;0;0;0;0;0;3;1;0;0;0
impactant;0;0;0;0;0;1;2;0;1;0
imp;0;2;0;1;0;0;0;0;1;0
immortalité;0;0;0;0;0;3;0;0;1;0
ignominie;0;0;3;0;0;1;0;0;0;0
id;0;0;4;0;0;0;0;0;0;0
iberia;0;1;1;0;0;0;0;0;1;1
hétérosexuel;0;0;0;0;0;0;0;0;0;4
hélicoptère;0;0;1;0;0;1;1;0;1;0
héberger;0;0;0;1;0;1;1;0;0;1
hypothétique;0;0;0;0;0;1;0;0;3;0
hypothermie;0;0;1;3;0;0;0;0;0;0
hymne;0;0;0;0;4;0;0;0;0;0
hunters;0;0;0;0;0;0;0;1;1;2
hs;0;1;1;0;0;0;2;0;0;0
hostilité;0;0;3;0;0;0;0;0;1;0
hostel;0;0;0;0;0;0;0;0;0;4
hope;2;0;0;0;0;0;1;0;0;1
honoraire;0;0;0;0;0;4;0;0;0;0
hong_kong;0;0;0;0;0;1;3;0;0;0
hobby;0;2;0;1;0;0;0;0;0;1
hms;0;0;4;0;0;0;0;0;0;0
hivernal;0;1;0;0;0;0;2;0;0;1
heurter;0;0;1;0;0;0;0;0;2;1
helvète;1;0;0;0;0;0;2;1;0;0
helsana;0;0;0;0;0;4;0;0;0;0
help;0;1;0;1;0;0;0;0;0;2
hautement;0;0;0;0;0;0;1;0;0;3
hate;0;4;0;0;0;0;0;0;0;0
hasardeux;0;0;0;0;1;2;0;0;1;0
harcelement;0;0;0;0;0;0;0;0;3;1
happy;1;1;0;0;0;0;0;0;0;1
hammas;1;0;3;0;0;0;0;0;0;0
géopolitiques;0;0;0;0;0;1;3;0;0;0
générique;0;0;0;0;0;0;4;0;0;0
généralisation;0;0;0;0;0;1;0;1;0;2
gène;0;0;0;0;0;0;0;0;0;4
gynécologue;0;0;0;0;0;4;0;0;0;0
gymnase;0;0;0;0;0;0;3;0;1;0
gva;0;0;0;0;0;2;2;0;0;0
guise;0;0;2;1;0;0;0;0;0;1
guider;0;0;0;0;0;0;0;0;1;3
gue;0;0;4;0;0;0;0;0;0;0
groupuscule;0;0;2;2;0;0;0;0;0;0
grièvement;0;0;1;0;0;1;2;0;0;0
grillé;0;0;3;0;0;0;1;0;0;0
grenoble;0;0;0;2;0;0;1;0;0;1
gravissime;0;0;1;0;0;0;0;0;1;2
graver;0;0;0;0;0;0;0;0;0;4
graffiti;0;0;0;1;0;0;2;0;1;0
gouvernance;0;0;1;0;0;1;0;0;0;2
gourion;0;0;3;0;0;0;0;0;0;1
gorge;0;0;0;0;0;0;1;0;3;0
gogh;3;0;0;0;0;0;0;0;1;0
gober;0;0;1;1;0;0;0;0;0;2
globalistes;0;0;1;0;0;0;0;0;0;2
globales;0;0;0;0;0;0;4;0;0;0
geule;0;1;0;1;0;0;1;0;0;1
gentillement;0;0;0;1;0;0;0;0;1;2
geler;0;0;0;0;0;2;2;0;0;0
gas;0;1;0;0;0;1;0;0;2;0
garer;0;1;0;0;0;0;2;0;1;0
garderie;0;1;0;0;0;1;0;0;2;0
garant;0;0;2;1;0;1;0;0;0;0
galerie;0;0;0;0;0;0;4;0;0;0
fur_et_à_mesure;0;0;0;0;0;0;1;0;2;1
froisser;0;0;2;0;0;1;0;0;0;0
freedom;0;0;2;0;0;0;0;0;1;0
fraudeur;0;0;0;0;0;0;4;0;0;0
fragment;0;0;0;0;0;0;0;0;0;4
fragilité;0;0;0;0;0;1;1;0;1;1
fraction;0;0;2;1;0;0;1;0;0;0
foundation;0;0;2;0;0;1;0;0;1;0
foudre;0;0;1;0;0;0;0;0;0;3
fortnite;0;2;0;0;0;1;0;0;1;0
formateur;0;0;0;0;0;2;0;1;1;0
fondamentalement;0;0;0;0;0;0;0;1;0;3
foncier;0;0;1;0;0;2;0;0;0;1
foire;1;1;1;0;0;0;1;0;0;0
fn;0;0;0;0;0;1;0;0;0;2
fmh;0;0;0;0;0;2;0;0;0;2
flûte;0;0;0;0;0;0;2;0;0;1
flèche;0;1;0;0;0;1;1;0;1;0
fluide;0;0;1;0;1;0;2;0;0;0
flotte;0;0;0;1;0;0;3;0;0;0
flexibilité;0;0;0;0;0;1;1;0;1;1
flan;0;0;3;0;0;0;0;0;0;1
first;0;0;1;0;0;1;1;0;1;0
figurer;0;0;0;0;0;2;0;1;1;0
ficelle;1;0;1;0;0;0;0;0;2;0
fervent;0;0;0;0;0;0;0;0;0;4
fertilité;0;0;0;0;0;1;1;0;0;2
fertile;0;0;1;0;0;1;1;0;0;1
fermé;0;0;0;0;0;0;0;1;3;0
fermement;0;0;3;0;0;0;1;0;0;0
fendre;0;4;0;0;0;0;0;0;0;0
faîtes;0;0;1;0;0;1;0;0;2;0
faudrais;0;0;2;0;0;1;1;0;0;0
faudrai;0;0;1;0;0;2;0;0;1;0
faramineux;0;0;0;0;0;4;0;0;0;0
facon;0;0;0;0;0;0;4;0;0;0
facher;0;0;4;0;0;0;0;0;0;0
fa;0;0;0;0;0;0;0;4;0;0
extinction;0;0;0;0;0;0;0;0;4;0
explicitement;0;0;3;0;0;0;0;0;0;1
expat;0;0;0;0;0;3;0;0;0;1
expansion;0;0;2;0;0;0;1;0;0;0
exhaustif;0;0;0;0;0;0;0;0;0;4
excessivement;0;0;0;0;0;2;1;0;0;1
establishment;0;0;0;0;0;0;0;0;2;2
escroc;0;2;0;0;0;0;0;0;2;0
escalader;0;0;0;4;0;0;0;0;0;0
errant;0;0;0;0;0;1;0;0;3;0
epfl;0;0;0;0;1;0;0;0;0;3
envier;0;0;1;0;0;1;0;0;0;2
entrave;0;0;0;0;0;1;1;0;1;1
ennuyant;0;0;0;0;0;0;0;0;4;0
english;0;0;1;0;1;0;0;0;0;1
endocrinien;0;0;0;0;0;0;4;0;0;0
encombrer;0;0;1;0;0;1;1;0;1;0
enclave;1;0;3;0;0;0;0;0;0;0
emji_vélo;0;2;0;0;0;0;2;0;0;0
emji_visage_ébahi;3;1;0;0;0;0;0;0;0;0
emji_visage_qui_bave;1;1;1;0;0;0;0;0;0;1
emji_visage_faisant_un_bisou_avec_les_yeux_fermés;0;0;0;0;0;0;1;0;1;1
emji_visage_dans_les_nuages;0;3;1;0;0;0;0;0;0;0
emji_visage_avec_masque;0;0;1;0;0;1;0;1;1;0
emji_tête_de_chien;0;2;0;0;0;0;1;0;0;1
emji_surfeur;1;1;0;0;0;0;1;0;0;1
emji_signe_de_la_main_peau_claire;0;0;0;0;0;0;0;0;1;2
emji_seringue;0;1;0;0;0;0;0;0;1;1
emji_père_noël_peau_claire;4;0;0;0;0;0;0;0;0;0
emji_pouce_vers_le_bas_peau_moyennement_claire;0;0;0;0;0;1;1;0;1;0
emji_poing_levé_peau_mate;1;0;1;0;0;1;0;0;0;0
emji_poing_levé_peau_claire;3;0;1;0;0;0;0;0;0;0
emji_pieuvre;2;1;0;0;0;0;0;0;0;0
emji_perroquet;0;0;1;0;0;0;1;0;2;0
emji_paume_contre_paume_doigts_vers_le_haut;1;1;1;0;0;0;0;0;0;0
emji_mains_qui_forment_un_coeur_peau_mate;4;0;0;0;0;0;0;0;0;0
emji_main_levée;0;0;3;0;0;1;0;0;0;0
emji_main_avec_index_pointant_à_gauche;0;3;0;0;0;0;0;0;0;1
emji_icône_poubelle;0;0;1;0;0;0;1;0;1;0
emji_homme_qui_hausse_les_épaules_peau_foncée;0;0;2;0;0;1;0;0;0;1
emji_haute_tension;0;0;0;0;0;1;2;0;0;0
emji_graphique_en_hausse;2;0;0;0;0;1;1;0;0;0
emji_globe_tourné_sur_les_amériques;3;0;0;0;0;1;0;0;0;0
emji_femme_paume_vers_le_haut_peau_moyennement_claire;0;0;4;0;0;0;0;0;0;0
emji_couteau_de_cuisine;1;1;1;1;0;0;0;0;0;0
emji_coeur_avec_ruban;4;0;0;0;0;0;0;0;0;0
emji_chat;1;1;0;0;0;0;0;0;1;0
emji_cadeau;2;1;0;0;0;0;0;0;1;0
emji_bourgeon;3;0;0;0;0;0;0;0;1;0
emji_banque;0;0;0;0;0;3;0;0;0;1
emji_avion;0;3;0;0;0;1;0;0;0;0
emji_alien;3;0;0;1;0;0;0;0;0;0
emballage;0;0;0;0;1;0;3;0;0;0
eldorado;0;0;0;0;0;1;1;0;0;2
einstein;0;0;2;0;0;1;0;0;1;0
efforcer;0;0;2;0;0;1;0;0;1;0
efficience;0;0;0;1;0;3;0;0;0;0
efficacement;0;0;1;0;0;1;1;1;0;0
education;0;0;0;0;0;0;0;1;2;0
edt;0;0;0;0;0;3;1;0;0;0
ed;0;0;1;0;0;0;0;0;0;3
east;1;0;2;0;0;0;0;0;0;0
détracteur;0;0;0;1;0;1;0;0;0;1
détournement;0;1;1;0;0;1;1;0;0;0
détecter;0;0;0;0;0;0;2;0;1;1
désordre;0;0;1;2;0;0;0;0;0;1
déso;0;0;0;0;0;1;0;0;2;0
désillusion;0;0;0;0;0;0;0;0;3;1
déshumaniser;0;0;2;0;0;0;0;1;1;0
déshumanisation;0;0;2;0;0;0;0;0;1;1
désespoir;0;0;1;0;0;0;1;0;1;1
désabonne;0;3;1;0;0;0;0;0;0;0
dépénalisation;0;0;0;0;0;3;1;0;0;0
dépuis;0;0;2;0;0;1;0;0;0;1
dépourvu;0;0;0;0;0;0;0;0;0;4
déodorant;0;2;0;0;0;0;1;0;1;0
dénominateur;0;0;0;0;0;0;0;1;0;3
délivrer;0;1;1;1;0;1;0;0;0;0
délibérément;0;1;1;0;0;0;0;0;0;2
déja;0;0;3;0;0;0;0;0;0;1
dégoute;0;0;0;0;0;1;0;0;2;1
défouler;0;0;0;2;0;0;0;0;2;0
défini;0;0;1;0;0;2;0;0;0;1
défier;0;0;1;1;0;0;0;0;0;2
dédouaner;0;0;0;0;0;0;0;3;1;0
décourageant;0;0;0;0;0;4;0;0;0;0
déconseiller;0;1;0;1;0;0;0;0;1;1
déco;0;0;0;0;0;0;2;0;1;0
décliner;0;0;0;0;0;1;2;0;0;1
déchiqueter;0;0;2;1;0;0;0;0;1;0
déchiffrer;0;0;0;0;0;0;0;0;0;4
décemment;0;0;0;0;0;4;0;0;0;0
débourser;0;0;0;0;0;0;3;0;1;0
déboucher;0;0;0;1;0;1;2;0;0;0
dutout;0;1;1;0;0;0;0;0;1;1
durement;0;0;1;0;0;2;0;0;1;0
dunning;0;0;0;0;0;0;0;0;0;4
drôlement;0;2;1;0;0;0;0;0;0;0
dreyfus;0;0;2;0;0;0;0;0;1;0
drama;0;0;0;0;0;0;1;0;3;0
draguer;0;0;0;0;0;0;0;1;2;1
doudoune;0;0;0;0;0;0;1;1;2;0
doublement;0;1;1;0;0;1;1;0;0;0
doter;0;0;1;0;0;0;0;0;2;1
doser;0;0;0;0;0;2;1;1;0;0
dorénavant;0;0;0;0;3;0;0;0;1;0
donateur;0;0;0;0;0;0;0;0;0;3
doctrine;0;0;1;0;0;2;0;0;0;1
division;0;0;1;0;0;1;0;0;0;2
distraction;0;0;0;0;0;0;4;0;0;0
distorsion;0;0;1;0;0;2;0;0;0;1
distinct;0;0;0;0;1;0;0;0;0;3
dissonance;0;0;0;0;0;0;0;0;0;4
diplomate;0;0;0;0;2;1;0;0;0;1
diesel;0;1;0;0;0;0;3;0;0;0
dictée;0;0;1;0;0;0;0;0;2;1
dictat;0;0;0;0;0;0;0;0;4;0
diagnostique;0;0;0;0;0;0;0;0;3;1
developpement;0;0;0;0;0;2;0;0;0;1
designer;0;0;0;0;0;0;0;0;0;4
descendance;0;0;0;0;0;1;1;0;1;1
dermatologue;0;0;0;0;0;2;2;0;0;0
democratie;0;0;3;0;0;0;0;0;0;1
demi_tarif;0;0;0;0;0;0;4;0;0;0
demi_million;0;0;0;0;0;4;0;0;0;0
delocaliser;0;0;0;0;0;4;0;0;0;0
dej;1;1;0;0;0;0;1;1;0;0
definition;0;1;0;0;0;1;0;0;0;2
deep;0;0;0;0;0;0;0;0;0;3
day;4;0;0;0;0;0;0;0;0;0
davos;0;1;0;0;0;1;0;0;0;2
daigner;0;0;0;0;0;1;1;0;2;0
côtoyer;0;0;0;0;0;0;0;0;4;0
cétose;0;0;0;0;0;0;1;0;1;2
cyber;0;0;0;0;1;0;0;0;1;1
cursus;0;0;0;0;0;1;1;1;0;0
culotté;0;0;0;0;0;0;0;2;0;2
cuir;0;3;0;0;0;0;1;0;0;0
cryptomonnaie;0;0;0;0;0;2;2;0;0;0
crouler;0;0;0;0;0;3;0;1;0;0
croisé;0;0;2;0;0;0;0;0;2;0
crimée;0;0;4;0;0;0;0;0;0;0
cramer;0;0;0;0;0;1;2;0;0;1
cr;0;0;1;0;0;1;0;0;1;1
coïncidence;0;0;0;2;0;0;0;0;0;2
covoiturage;0;0;0;0;0;1;3;0;0;0
covering;0;0;4;0;0;0;0;0;0;0
cout;0;0;0;0;0;4;0;0;0;0
coureur;0;0;0;0;0;2;0;0;1;0
coudre;0;0;0;0;0;0;3;0;1;0
coton;0;0;0;0;0;0;4;0;0;0
cosmétique;0;0;0;0;0;0;4;0;0;0
convenablement;0;0;0;0;1;0;1;0;2;0
contrebande;0;0;1;0;0;1;1;0;1;0
conte;0;0;1;1;0;1;0;0;1;0
consumérisme;0;0;0;0;0;0;4;0;0;0
considérablement;0;0;0;0;0;1;0;0;1;2
connaitre;0;0;0;0;1;0;0;0;2;1
conjugaison;0;0;0;1;1;0;0;1;0;1
congelé;0;0;0;0;0;1;2;0;1;0
confrontation;0;0;0;2;0;0;1;0;0;1
confirmé;0;0;3;0;0;0;0;0;0;1
confirmation;0;0;0;0;0;0;0;0;0;3
concurrent;0;0;0;0;0;1;0;0;1;2
concorder;0;1;2;0;0;0;1;0;0;0
comte;0;1;0;0;0;0;0;0;1;1
coms;0;0;0;1;0;2;1;0;0;0
compromettre;0;0;3;0;0;0;0;0;0;1
complotisme;0;0;0;0;0;0;0;0;1;3
completement;0;0;1;0;0;1;0;0;0;2
compensation;0;0;0;0;0;1;0;0;1;2
compatir;0;0;0;0;0;0;0;0;3;1
comparatif;0;0;1;0;0;1;0;0;1;1
communal;0;0;0;0;0;4;0;0;0;0
commentateur;0;1;0;0;0;1;0;0;1;1
combo;0;0;0;0;0;2;2;0;0;0
combine;0;0;1;0;0;1;1;0;0;1
comando;0;0;3;0;0;0;0;0;0;1
cologny;0;0;0;0;0;0;4;0;0;0
collier;0;0;0;1;0;0;0;2;1;0
collecte;0;0;1;0;0;2;0;0;1;0
collabo;0;0;3;0;0;0;0;0;0;1
col;0;0;3;0;0;1;0;0;0;0
coercitif;0;0;0;2;0;0;0;0;0;2
coalition;0;0;4;0;0;0;0;0;0;0
cnn;0;1;3;0;0;0;0;0;0;0
clinique;0;0;0;0;0;2;0;0;1;1
clin;0;1;0;0;0;0;0;0;0;3
climatosceptique;0;1;0;0;0;1;0;0;0;1
clignotant;0;0;0;0;0;0;4;0;0;0
clef;0;0;0;0;0;2;0;0;2;0
classification;0;0;1;0;0;0;1;0;1;0
city;0;0;3;0;0;0;0;0;0;1
citadin;0;1;0;0;0;0;1;0;0;2
ciblent;0;0;2;0;0;1;0;1;0;0
chêne;0;0;0;0;0;0;3;0;1;0
choupette;0;1;0;0;0;1;0;1;1;0
chouchou;0;0;0;3;0;0;0;0;1;0
chopper;0;0;0;0;0;1;2;0;0;0
chlore;0;0;0;0;0;0;3;0;0;0
chimie;0;0;0;0;0;1;1;0;0;2
chiffrer;0;0;0;1;0;1;0;0;0;2
chiffon;0;0;3;0;0;0;0;0;0;0
cheffe;0;0;0;0;1;1;1;0;1;0
chavez;0;0;4;0;0;0;0;0;0;0
chasseur;0;0;0;1;0;0;0;0;2;1
chablais;0;0;0;0;0;0;4;0;0;0
certifier;0;0;0;0;0;1;0;0;0;3
celà;0;0;0;1;0;2;0;0;0;1
celleux;0;0;0;0;0;1;0;0;1;2
cecr;0;0;0;0;4;0;0;0;0;0
catho;0;1;2;0;0;0;0;0;0;1
castor;0;0;0;0;0;0;1;0;0;2
casting;0;0;0;0;0;1;0;1;1;1
cassation;0;0;1;0;0;0;0;0;0;3
casquer;0;0;0;0;0;2;2;0;0;0
carrossier;1;1;0;0;0;0;1;0;1;0
carrosserie;0;0;0;0;0;0;4;0;0;0
caritatif;0;0;2;0;0;2;0;0;0;0
care;0;0;0;0;0;4;0;0;0;0
caractéristique;0;0;0;0;0;1;1;0;0;2
captif;0;0;2;0;0;1;0;0;0;1
capitaliser;0;0;1;0;0;0;1;1;1;0
canarder;1;0;0;2;0;0;0;0;0;0
canadair;0;0;0;0;0;1;2;0;0;0
camerounais;0;0;0;0;0;0;0;0;4;0
cambodge;0;0;4;0;0;0;0;0;0;0
calorie;0;0;0;0;0;1;2;0;1;0
calomnie;0;0;1;1;0;0;0;0;0;1
cafard;0;1;1;0;0;0;0;0;1;0
bécasse;0;0;1;1;0;0;0;0;1;0
bunker;0;0;3;0;0;0;0;0;0;1
brute;0;0;0;0;0;0;0;0;1;3
broulis;0;2;0;0;0;2;0;0;0;0
broncher;0;0;3;0;0;0;0;0;0;1
brisé;0;0;3;0;0;0;1;0;0;0
brider;0;0;0;0;0;1;2;0;0;1
bravooooo;3;0;0;1;0;0;0;0;0;0
bravoooo;4;0;0;0;0;0;0;0;0;0
brancher;0;2;0;0;0;0;0;0;2;0
bouteille;0;0;0;2;0;0;2;0;0;0
bourgeoisie;0;0;0;0;0;2;0;0;1;1
boue;0;0;1;0;0;0;0;0;3;0
bouder;0;2;0;0;1;1;0;0;0;0
bouc;0;0;1;0;0;0;0;0;1;2
boomers;0;1;0;0;0;1;0;0;1;0
bloomberg;0;0;0;0;0;1;0;0;0;2
blinde;0;0;0;0;0;2;2;0;0;0
blablater;0;0;0;0;4;0;0;0;0;0
blabla;0;1;0;0;0;1;0;0;1;1
bla_bla_bla;0;0;0;2;0;1;0;0;0;1
biya;0;0;1;0;0;1;0;0;1;0
bi;2;0;0;0;0;1;0;1;0;0
bha;0;1;0;0;0;0;1;0;1;1
belle_lurette;0;0;4;0;0;0;0;0;0;0
batiments;0;1;1;0;0;0;2;0;0;0
bataclan;0;0;4;0;0;0;0;0;0;0
bassesse;0;1;1;0;0;1;0;0;0;1
basculer;0;0;0;0;0;1;2;1;0;0
barcelone;0;2;0;0;0;0;0;0;2;0
barbe;0;0;2;0;0;0;0;0;2;0
banquaire;0;0;0;0;0;0;0;0;4;0
banlieue;0;0;0;0;0;0;0;0;1;3
bank;0;0;4;0;0;0;0;0;0;0
bancomats;0;1;1;0;0;1;0;0;0;1
balai;0;0;0;0;0;2;1;0;1;0
bal;0;0;0;0;1;2;1;0;0;0
baigner;0;0;1;0;1;0;1;0;0;1
back;1;1;0;0;0;0;0;0;0;1
bachelor;0;0;0;0;0;2;0;0;1;1
bac;0;0;0;0;0;0;1;0;2;1
baba;0;0;1;0;0;1;0;0;2;0
aérodrome;0;0;0;0;0;0;4;0;0;0
avully;0;0;0;0;0;0;4;0;0;0
aviaire;0;0;0;0;0;0;1;0;2;1
aveuglément;0;0;1;1;0;0;0;0;1;1
aveu;0;0;1;0;0;2;0;0;0;1
autrichien;0;0;3;0;1;0;0;0;0;0
austerité;0;0;0;0;0;0;0;0;0;4
aurevoir;0;0;3;0;0;1;0;0;0;0
aulieu;0;0;0;0;0;1;0;0;1;2
aujourdhui;0;0;0;0;0;2;1;0;0;1
aujourd;0;0;0;0;0;0;1;0;2;1
audio;0;0;1;0;0;0;2;0;0;1
audacieux;0;0;0;0;0;0;0;4;0;0
atlantique;0;0;0;1;0;0;0;0;2;1
astreinte;0;0;1;0;0;0;1;0;1;0
asso;0;0;0;0;0;0;0;1;2;1
assistance;0;0;0;1;0;1;1;0;0;1
asservir;0;0;1;0;0;1;0;0;2;0
artisanat;0;0;0;0;0;1;1;0;0;2
artificiellement;0;0;0;0;0;1;3;0;0;0
arrete;0;0;0;1;1;1;0;0;1;0
ariel;0;0;4;0;0;0;0;0;0;0
are;0;2;1;0;0;0;0;0;1;0
archive;0;0;4;0;0;0;0;0;0;0
arc;0;0;1;0;1;0;1;0;1;0
arbitrairement;0;0;3;0;0;0;0;0;0;1
arabic;0;1;2;0;0;1;0;0;0;0
ara;0;0;1;0;0;0;1;0;0;2
aprem;0;1;0;0;0;0;1;2;0;0
approfondi;0;0;1;0;0;1;0;0;0;2
applicable;0;0;0;2;0;0;1;0;0;1
ap;0;1;1;0;0;1;0;0;0;1
aos;0;0;0;0;0;4;0;0;0;0
antibiotique;0;0;0;0;0;1;1;0;0;1
anti_émeute;0;0;0;4;0;0;0;0;0;0
anodin;0;0;0;2;0;0;0;0;0;2
anne;0;0;2;0;0;1;0;0;0;1
ampli;0;0;0;0;0;0;2;0;0;1
amazonien;0;0;0;0;0;0;1;0;1;2
amasser;0;0;1;0;0;1;1;0;0;1
altérer;0;0;0;0;0;0;2;0;1;1
alpha;0;1;0;0;0;0;0;1;2;0
allure;0;0;0;0;0;0;4;0;0;0
allumette;0;0;0;0;0;0;2;0;1;1
aliexpress;0;0;0;0;0;0;4;0;0;0
ali;0;1;1;0;0;0;1;0;0;1
aldi;0;1;0;0;0;1;2;0;0;0
alcoolisme;0;1;0;0;0;0;0;2;0;1
albert;0;0;0;3;0;0;0;0;0;1
alain;0;0;2;0;0;1;0;0;1;0
ajustement;0;0;0;0;0;3;0;0;0;1
affaiblissement;0;0;0;0;0;0;0;0;0;4
adrénaline;0;0;0;0;0;2;1;0;1;0
adorateur;0;0;1;0;0;0;1;0;0;2
admirable;0;0;1;0;0;0;0;0;3;0
administrateur;0;0;0;0;0;3;0;0;0;1
admin;0;0;0;0;1;1;0;1;1;0
addition;0;0;0;0;0;0;0;0;1;3
actionnariat;0;0;0;0;0;4;0;0;0;0
act;0;0;0;0;0;1;0;1;0;1
accroître;0;0;0;0;0;0;3;0;0;1
acceuilli;2;0;1;0;0;1;0;0;0;0
accessoirement;0;1;1;0;0;0;0;1;0;0
abîmer;0;1;1;1;0;1;0;0;0;0
abstrait;0;0;2;0;2;0;0;0;0;0
abondant;0;0;0;0;0;0;1;0;1;2
abbaye;0;0;0;0;0;0;2;0;0;1
7k;0;0;0;0;0;2;0;0;0;2
5x;0;0;1;0;0;0;3;0;0;0
5ans;0;0;0;0;1;1;0;0;2;0
4h;0;0;0;0;0;0;4;0;0;0
48h;0;0;0;0;0;1;2;0;0;1
3e;0;0;1;0;0;2;0;0;1;0
30km;0;0;0;0;0;0;4;0;0;0
30ans;0;2;0;0;0;1;0;0;0;0
25ans;0;0;2;0;0;0;0;1;1;0
20ans;0;0;0;0;0;1;0;0;1;1
20aine;0;0;1;0;0;1;1;0;0;0
1e;0;0;0;0;0;0;0;0;1;2
19h;0;0;0;0;0;4;0;0;0;0
15ans;0;0;0;0;0;1;2;0;1;0
13e;0;0;1;0;0;2;0;0;1;0
10x;0;0;1;0;0;0;1;0;1;1
10ans;0;0;0;0;0;2;0;0;2;0
ölbert;0;0;0;0;0;0;2;0;0;1
évitement;0;0;0;0;0;0;0;0;0;3
évincer;0;0;0;0;0;0;0;0;1;2
éventualité;0;0;1;0;0;0;0;1;1;0
évaluation;0;0;0;1;0;1;0;0;0;1
étroitesse;0;0;0;0;0;0;0;0;3;0
éthiopie;0;0;3;0;0;0;0;0;0;0
étau;0;0;0;2;0;1;0;0;0;0
étaler;0;0;0;1;0;0;0;0;1;1
équivaloir;0;0;0;1;0;2;0;0;0;0
équation;0;0;1;0;0;2;0;0;0;0
épurer;0;0;0;0;0;0;0;0;1;2
épidémie;0;0;1;0;0;0;0;1;0;1
énormité;0;0;0;0;0;0;0;0;0;3
énoncer;0;0;0;1;0;0;1;0;0;1
émouvoir;0;0;1;0;0;0;0;1;1;0
émigrer;0;0;0;0;0;0;0;0;0;3
éléphant;0;0;0;0;0;0;1;0;2;0
élysée;2;0;0;0;0;1;0;0;0;0
élaboré;0;0;0;0;0;0;1;0;0;2
égocentrisme;0;0;0;0;0;0;0;0;2;1
édito;0;0;1;0;0;0;0;0;0;2
éditeur;0;0;0;0;0;1;1;0;0;1
éclipse;0;0;0;0;0;0;0;0;0;3
écho;0;0;0;0;0;0;0;1;1;1
éboulement;0;0;0;0;0;0;2;0;1;0
à_mon_encontre;0;0;0;0;0;0;0;0;1;2
zoom;0;1;0;1;1;0;0;0;0;0
zigzaguer;0;0;0;0;0;0;2;0;1;0
zebra;0;0;0;0;0;0;3;0;0;0
zalando;0;0;0;0;0;1;2;0;0;0
your;0;0;0;0;0;0;0;0;2;1
yougoslavie;0;0;1;0;0;0;0;0;1;1
yoann;0;0;0;0;1;0;1;0;1;0
years;0;0;3;0;0;0;0;0;0;0
yanou;1;1;1;0;0;0;0;0;0;0
www;0;0;1;0;0;1;0;0;1;0
wouhao;0;1;0;0;0;0;1;0;0;1
windows;0;0;1;0;0;2;0;0;0;0
why;0;1;0;0;0;0;1;1;0;0
who;0;0;2;0;0;0;0;1;0;0
waw;0;1;0;0;0;1;0;0;0;1
was;0;0;2;0;1;0;0;0;0;0
vrac;0;0;0;0;0;2;1;0;0;0
vouvoiement;0;0;0;0;0;0;0;0;0;3
votant;0;1;0;0;0;0;0;0;0;2
volume;0;0;0;0;0;0;2;0;0;1
volatil;0;0;0;0;0;2;1;0;0;0
volaille;0;0;0;0;0;0;1;0;1;1
voisinage;0;0;1;1;0;0;1;0;0;0
voilé;0;0;0;0;0;1;0;0;1;1
vogue;0;0;0;0;0;0;1;0;2;0
visa;0;0;1;0;0;2;0;0;0;0
virulent;0;1;0;0;0;0;1;0;0;1
virgule;0;0;0;0;0;0;0;0;2;1
viral;0;0;0;0;0;0;1;0;0;2
violet;0;0;1;0;0;0;2;0;0;0
vio;0;0;1;0;0;0;0;0;2;0
vintage;0;0;0;0;0;0;1;0;2;0
vien;0;0;1;0;0;1;0;0;1;0
vieil;0;0;0;0;0;0;0;1;1;1
vidy;1;0;0;0;0;0;0;0;1;1
vice_président;0;0;1;0;0;0;0;0;2;0
vibrer;1;0;0;0;0;0;0;0;1;1
vi0ls;0;0;2;0;0;0;0;1;0;0
vi0leurs;0;0;1;0;0;0;0;1;0;1
versement;0;0;0;0;0;3;0;0;0;0
vergogne;0;0;2;0;0;1;0;0;0;0
ventilation;0;0;0;0;0;1;1;0;1;0
vasculaire;0;0;0;0;0;1;2;0;0;0
varsovie;0;0;1;0;0;0;0;0;0;2
varié;0;0;0;1;0;1;0;0;1;0
variation;0;0;0;0;0;1;0;0;0;2
vanne;0;0;2;0;0;0;0;0;1;0
vandaliser;0;0;1;1;0;0;0;0;0;1
valorisant;0;0;0;0;0;1;1;0;1;0
vaisseau;0;0;0;0;0;0;2;0;0;1
utérus;0;0;0;0;0;1;0;1;1;0
utopique;0;0;0;0;0;1;0;0;1;1
uta;0;0;3;0;0;0;0;0;0;0
usb;0;0;0;0;0;2;0;0;1;0
urgentistes;0;2;0;0;0;0;1;0;0;0
unwra;0;0;2;0;0;0;0;0;0;1
unilatéralement;0;0;3;0;0;0;0;0;0;0
unanimité;0;0;0;0;0;2;1;0;0;0
ui;0;0;0;0;0;2;1;0;0;0
uae;1;0;1;0;0;1;0;0;0;0
tuto;0;0;0;0;0;0;0;1;0;2
tutelle;0;0;2;0;0;0;0;0;1;0
ttes;0;0;0;0;0;0;0;2;1;0
trésor;0;0;2;0;0;0;1;0;0;0
trés;0;0;0;0;0;1;0;0;2;0
try;0;2;0;0;0;0;0;0;1;0
trucage;0;0;1;0;0;0;0;0;0;2
troupeau;0;0;1;0;0;0;0;0;1;1
trott;0;0;0;0;0;0;3;0;0;0
tropical;0;0;0;0;0;1;2;0;0;0
tronqué;0;1;0;1;0;0;0;0;0;1
troinex;0;0;0;0;0;0;3;0;0;0
trip;0;0;0;0;0;1;1;0;0;1
trentaine;0;0;1;0;0;0;0;0;2;0
tremblement;0;0;0;0;1;0;2;0;0;0
tre;0;0;0;0;0;0;0;0;1;2
transposable;0;0;0;0;0;0;1;1;0;1
transit;0;0;1;0;0;0;1;0;1;0
trait;0;0;1;0;0;0;0;0;0;2
tr;0;0;0;0;0;1;0;0;1;1
tput;0;0;0;0;0;1;0;0;1;1
toxico;0;0;0;0;0;0;1;0;2;0
tornike;1;0;1;0;0;0;0;0;1;0
torcher;0;0;0;1;0;0;0;0;2;0
torah;0;0;1;0;0;0;0;1;0;1
tolérable;0;0;0;0;1;0;1;0;0;1
tok;0;1;0;0;0;2;0;0;0;0
tik;0;1;0;0;0;2;0;0;0;0
tige;0;0;0;0;0;1;0;0;1;1
tier;0;0;1;0;0;0;0;0;2;0
théorisé;0;0;0;0;0;0;0;0;0;3
théorique;0;0;0;0;0;0;0;0;2;1
thèse;0;0;1;0;0;0;0;0;0;2
thunberg;0;2;0;0;0;0;0;0;1;0
this;1;0;0;0;0;0;1;0;1;0
thc;0;0;0;0;0;1;1;0;0;1
thai;0;0;1;0;2;0;0;0;0;0
tennis;0;0;0;0;0;0;0;0;3;0
tenant;0;0;0;0;0;0;0;0;1;2
temoin;2;0;0;0;0;0;0;0;0;1
taxons;0;0;1;0;0;1;0;0;0;1
taureau;0;0;0;1;0;0;0;0;1;1
tardivement;0;0;0;0;0;0;3;0;0;0
tapper;0;0;1;0;0;0;0;0;1;1
tangible;0;0;0;0;0;1;0;0;0;2
tailler;0;0;1;0;0;1;0;0;1;0
tagué;0;0;2;0;0;0;0;0;1;0
taguer;0;0;1;0;0;0;1;0;1;0
tagger;0;2;0;1;0;0;0;0;0;0
séquestrer;0;0;3;0;0;0;0;0;0;0
sénat;0;0;2;1;0;0;0;0;0;0
séduisant;0;1;0;0;0;1;0;0;0;1
sécuritaires;0;0;2;1;0;0;0;0;0;0
syntaxe;0;1;0;0;0;0;0;0;1;1
symboliquement;0;0;0;0;0;1;1;0;0;1
survet;0;0;0;0;0;0;2;0;1;0
surgelé;0;0;0;0;0;0;3;0;0;0
surfeur;0;0;0;0;0;2;1;0;0;0
surestiment;0;0;0;0;1;1;0;0;0;1
surcharge;0;0;0;0;0;1;1;0;0;1
support;0;0;0;0;0;0;2;0;0;1
superflu;0;0;0;0;0;1;2;0;0;0
superficiel;0;0;0;0;0;2;0;0;1;0
superficie;0;0;0;0;0;2;1;0;0;0
supercherie;0;0;0;0;0;1;0;1;1;0
sumo;0;0;0;0;0;0;1;0;2;0
suer;0;0;0;0;0;0;0;0;2;1
succursale;0;0;0;0;1;2;0;0;0;0
succomber;0;1;0;0;0;0;0;0;1;1
subversif;0;0;0;0;0;0;0;0;2;1
subtilité;0;0;0;0;0;0;0;1;0;2
submerger;0;0;0;0;0;1;0;0;1;1
structurelles;0;0;0;0;0;1;1;0;0;1
stigmatisation;0;0;0;0;0;1;0;0;0;2
squid;0;0;0;0;0;0;0;0;0;3
squelette;0;0;0;0;0;1;1;0;1;0
spécificité;0;0;0;0;0;1;1;0;0;1
spotify;0;0;0;0;0;2;0;0;1;0
souhaitable;0;0;0;0;0;0;0;1;0;2
souhait;0;0;0;0;0;1;0;0;1;1
souffler;0;1;0;0;0;0;1;0;0;1
soucieux;0;0;1;0;0;1;0;0;0;1
sottise;0;0;1;0;0;1;0;0;0;1
soros;0;0;0;0;0;1;0;0;1;1
sonore;0;0;0;0;0;0;3;0;0;0
somaliland;0;0;2;0;0;0;1;0;0;0
sologashvili;1;0;1;0;0;0;0;0;1;0
solde;0;0;1;0;0;0;0;0;1;1
soja;0;1;0;0;0;0;2;0;0;0
soigneusement;0;0;0;0;0;0;1;0;0;2
sociéter;0;0;0;0;0;0;1;0;2;0
sociétales;0;0;0;0;0;1;0;0;2;0
societé;0;0;1;0;0;0;0;0;1;1
society;0;0;0;0;0;1;0;0;1;1
societal;0;0;0;0;0;1;0;0;0;2
socialisation;0;0;0;0;0;2;0;0;0;1
sociabiliser;0;1;0;0;0;1;0;0;0;1
sobre;0;0;0;0;0;0;0;1;2;0
snobisme;0;0;0;0;0;1;0;0;2;0
smotrich;0;0;3;0;0;0;0;0;0;0
slave;0;0;0;0;0;0;0;0;2;1
siéger;0;0;2;0;0;1;0;0;0;0
siosio;0;0;3;0;0;0;0;0;0;0
singularité;0;0;0;0;0;0;0;1;0;2
sincérité;0;0;1;0;0;0;0;0;1;1
sinaï;0;0;3;0;0;0;0;0;0;0
signifiant;0;0;2;0;0;0;1;0;0;0
shoot;0;0;0;0;0;2;1;0;0;0
shirt;0;0;0;0;0;0;1;0;2;0
sexion;0;0;1;0;0;0;0;0;2;0
serein;0;0;0;0;0;1;0;0;2;0
sensationnel;0;0;1;0;0;1;0;0;1;0
sement;0;0;2;0;0;0;0;0;1;0
self;0;0;1;0;0;0;0;0;0;2
securité;0;0;0;0;0;0;0;0;3;0
sectaire;0;0;0;0;0;0;0;0;1;2
secouer;0;0;1;0;0;1;0;0;1;0
scandinave;0;0;0;0;0;1;0;0;0;2
savant;0;0;0;0;0;0;1;0;1;1
sauvegarde;0;0;0;0;0;0;0;0;1;2
saucisse;0;1;0;0;0;0;1;0;1;0
satanique;0;0;3;0;0;0;0;0;0;0
same;0;1;1;0;0;1;0;0;0;0
salé;0;0;0;0;0;3;0;0;0;0
sahel;0;0;3;0;0;0;0;0;0;0
safe;0;0;0;0;0;0;1;1;0;1
sabrer;0;0;0;0;0;2;0;0;1;0
röstigraben;0;0;0;0;1;1;0;0;0;1
réévaluer;0;0;0;0;0;1;0;0;0;2
réécrire;0;0;1;0;0;0;0;0;1;1
révélation;0;0;0;0;0;0;1;0;0;2
rétrécissement;0;0;0;2;0;0;1;0;0;0
rétrograde;0;0;0;0;0;1;0;0;1;1
rétro;0;0;0;0;0;1;2;0;0;0
résoud;0;0;0;0;0;0;1;0;1;1
résistant;0;0;0;0;0;0;1;0;1;1
résilier;0;1;0;0;0;1;0;0;0;1
résilient;0;1;0;0;0;1;0;0;1;0
résidu;0;0;0;0;0;0;2;0;0;1
résidentiel;0;0;0;0;0;2;1;0;0;0
répréhensible;0;0;1;0;0;0;0;0;1;1
réplique;0;0;1;0;0;1;0;0;0;1
réinsérer;0;0;0;0;0;0;0;0;2;1
régulations;0;0;0;0;0;1;0;0;1;1
régulation;0;0;0;0;0;2;0;0;0;1
régularité;0;0;0;1;0;0;0;0;1;1
réfuter;0;0;0;0;0;0;0;0;0;3
réducteur;0;0;0;0;0;3;0;0;0;0
récepteur;0;0;0;0;0;0;3;0;0;0
réarmement;0;0;2;0;0;1;0;0;0;0
réapprendre;0;0;0;0;0;0;0;0;2;1
ruralité;1;0;0;0;0;0;0;0;1;1
ruisseler;0;0;0;0;0;2;0;0;1;0
rugby;0;0;0;0;0;1;0;0;1;1
rst;0;0;0;0;0;1;0;0;2;0
rs;0;0;0;0;0;0;0;0;2;1
rotule;0;0;0;0;0;2;0;0;0;1
romandes;0;0;0;0;0;0;2;0;0;1
rohingyas;0;0;3;0;0;0;0;0;0;0
roesti;0;0;0;0;0;1;1;0;1;0
robinson;0;0;1;0;0;1;1;0;0;0
riz;0;0;0;0;0;1;1;0;0;1
risme;0;0;3;0;0;0;0;0;0;0
rigolade;0;0;0;0;1;0;0;0;2;0
rigide;0;0;0;0;1;0;1;0;1;0
rights;0;0;3;0;0;0;0;0;0;0
ricaner;0;0;1;0;0;0;0;0;0;2
revolver;0;0;1;0;0;0;0;0;2;0
reverser;0;0;0;0;0;2;0;0;0;1
revente;0;0;0;0;0;3;0;0;0;0
reuters;0;0;1;0;0;0;0;0;1;1
reussi;0;0;1;0;0;1;0;0;0;1
respiration;0;0;0;0;0;1;0;0;2;0
rer;0;1;0;0;0;0;2;0;0;0
requis;0;0;0;2;0;1;0;0;0;0
reptile;0;1;1;0;0;0;0;0;1;0
reproche;0;0;0;0;0;0;0;0;1;2
repression;0;0;1;1;0;0;0;0;0;1
reposant;0;1;0;0;0;0;1;0;0;1
reponse;0;0;0;1;0;1;0;0;1;0
repeuplement;1;0;0;0;0;0;1;0;1;0
renouvellement;0;0;0;0;0;3;0;0;0;0
renommée;0;0;2;0;0;0;0;0;0;1
renard;0;0;0;0;0;0;3;0;0;0
remontée;0;0;0;0;0;1;2;0;0;0
relou;0;0;1;0;0;0;0;0;0;2
relationnel;0;0;0;0;0;0;0;0;2;1
regret;0;1;1;0;0;0;0;0;1;0
regles;0;0;0;0;0;1;1;0;1;0
refroidir;0;0;0;0;0;1;1;0;0;1
refonte;0;0;0;0;0;1;1;0;1;0
reflechir;0;0;0;0;0;0;1;0;1;1
refermer;0;0;0;0;0;0;0;0;3;0
referendum;0;0;0;0;1;1;0;0;0;1
redresser;0;0;0;0;0;2;0;0;0;1
redondant;0;0;0;0;0;0;0;0;0;3
recyclable;0;0;0;0;0;0;3;0;0;0
recruteur;0;1;0;0;0;1;0;0;0;1
reconnaitre;0;0;2;0;0;0;0;0;1;0
rebondir;0;0;0;0;0;0;1;0;1;1
rd;0;0;2;0;0;0;1;0;0;0
raquette;0;0;0;0;0;2;0;0;1;0
raquer;0;0;0;0;0;2;0;1;0;0
rapporteur;0;0;2;0;0;0;0;0;0;1
rappeur;0;1;0;0;0;0;0;1;0;1
ranma;1;1;0;0;0;0;0;0;1;0
rance;0;0;1;0;0;0;0;0;1;1
ramassis;0;0;1;0;0;0;0;0;2;0
ralentissement;0;0;0;0;0;1;1;0;0;1
rajouterai;0;0;0;0;0;0;1;0;2;0
raie;0;0;0;0;0;0;3;0;0;0
raffaella;0;0;0;0;2;0;0;0;0;1
rafah;0;0;3;0;0;0;0;0;0;0
rael;0;0;2;0;0;0;0;0;0;1
racelards;0;0;0;0;0;1;0;0;1;1
quo;0;0;1;0;0;0;1;0;0;1
quiétude;0;0;0;0;0;1;0;0;2;0
quittance;0;0;0;1;2;0;0;0;0;0
qand;0;1;0;0;0;0;0;0;2;0
péréquation;0;0;0;0;0;1;0;0;0;2
pérennité;0;0;0;0;0;2;0;0;0;1
pénalisent;0;0;0;0;0;3;0;0;0;0
pédo;0;0;0;0;0;0;1;0;1;1
pécho;0;0;0;0;1;0;1;0;1;0
pâquerette;0;0;0;1;0;2;0;0;0;0
pythagore;0;0;0;0;0;1;0;0;0;2
pus;0;0;0;0;0;1;1;0;1;0
punitif;0;0;0;0;0;2;1;0;0;0
punissable;0;0;0;0;0;0;0;2;1;0
pulsion;0;0;1;0;0;1;0;0;0;1
pti;0;1;1;0;0;0;0;0;1;0
psychotique;0;0;0;0;0;1;0;0;1;1
psychiatre;0;0;0;0;0;1;0;0;2;0
pss;0;1;0;0;0;1;1;0;0;0
prévision;0;0;1;0;0;1;0;0;1;0
prétentieux;0;0;0;0;0;0;0;0;1;2
préfet;0;0;0;0;0;1;1;0;0;1
prédiction;0;0;0;0;0;1;0;0;0;2
prudent;0;0;0;0;0;0;1;0;0;2
provocant;0;0;0;0;0;0;0;0;2;1
province;1;0;1;0;0;0;0;0;0;1
prouesse;1;0;0;0;0;1;0;0;1;0
prospérer;0;0;0;0;0;2;1;0;0;0
propulser;0;0;0;0;0;0;1;0;1;1
propal;0;0;1;1;0;0;0;0;1;0
projecteur;0;0;2;0;0;0;0;0;0;1
progression;0;0;0;0;0;0;0;0;3;0
proférer;0;0;0;0;0;0;0;0;0;3
profitable;0;0;0;0;0;3;0;0;0;0
professionnellement;0;0;0;0;0;1;0;0;2;0
prodiguer;0;0;1;1;0;1;0;0;0;0
problem;0;0;0;0;0;0;1;0;0;2
pretty;0;0;0;0;0;0;0;1;0;2
premium;0;2;0;0;0;1;0;0;0;0
prairie;0;0;0;0;0;2;0;0;1;0
pp;0;1;0;0;0;0;1;0;0;1
poésie;0;0;0;0;0;0;0;1;2;0
pourcent;1;0;0;0;0;0;2;0;0;0
pots_de_vin;0;0;0;0;0;2;0;0;0;1
postulat;0;0;0;0;0;2;0;0;0;1
positionnement;0;0;2;0;0;0;1;0;0;0
popularité;0;1;0;0;0;0;0;0;0;2
popcorn;0;2;0;0;0;0;0;0;1;0
pop_corn;0;2;0;0;0;0;1;0;0;0
ponctuel;0;0;0;0;0;0;1;0;1;1
ponctionner;0;0;0;1;0;2;0;0;0;0
pompeux;0;0;0;0;0;0;0;0;1;2
polémiquer;0;1;0;1;0;0;0;0;1;0
polyester;0;0;0;0;0;0;3;0;0;0
politiser;0;0;0;0;0;0;1;0;0;2
policeactivity;0;0;0;1;0;0;0;0;0;2
pole;1;0;0;0;0;0;0;0;1;1
polarisation;0;0;0;0;0;0;1;0;0;2
poker;0;0;0;0;0;2;0;0;0;1
pois;0;1;0;0;0;0;2;0;0;0
poire;0;0;0;0;0;2;0;1;0;0
poing;0;2;0;0;0;0;0;0;1;0
pogrom;0;0;3;0;0;0;0;0;0;0
podium;1;0;0;0;0;0;0;0;2;0
plèbe;0;0;0;0;0;1;1;0;0;1
pluriel;0;0;0;0;0;0;0;0;0;3
plot;0;1;1;0;0;0;0;0;0;1
plombe;0;1;0;0;0;2;0;0;0;0
playstation;1;1;0;0;0;0;0;0;1;0
plantation;0;0;0;0;0;0;1;0;2;0
planeur;0;0;0;0;0;0;3;0;0;0
plaid;0;1;0;0;0;0;2;0;0;0
placement;0;0;0;0;0;3;0;0;0;0
pistolet;0;0;1;0;0;2;0;0;0;0
pipo;0;0;1;1;0;0;0;0;0;1
pieuvre;0;0;0;0;0;2;0;0;0;1
piece;0;0;0;0;0;1;0;0;1;1
piano;0;0;0;0;1;0;1;0;1;0
photoshop;0;0;0;0;0;0;0;0;0;3
photographie;0;0;0;0;0;0;0;0;1;2
pharaon;1;0;2;0;0;0;0;0;0;0
pfister;0;0;1;0;1;0;0;0;0;1
pesée;0;0;0;2;0;0;0;0;0;1
persone;0;0;0;0;0;0;0;0;2;1
persistant;0;0;0;0;0;1;0;1;1;0
perplexe;0;2;0;0;0;0;0;0;1;0
perf;0;1;1;0;0;0;1;0;0;0
percuter;0;0;1;0;0;0;2;0;0;0
perceptible;0;0;0;0;0;2;0;0;0;1
people;0;0;1;0;0;2;0;0;0;0
pensance;0;0;0;0;0;0;0;0;0;3
pendre;0;0;0;0;1;0;0;0;0;2
pen;0;0;2;0;0;0;0;0;0;1
pedophile;0;0;0;0;0;1;0;0;0;2
pedocriminel;0;0;0;0;0;0;0;0;2;1
pedocriminalité;0;0;0;0;0;0;0;0;0;3
pck;0;0;1;0;0;1;0;0;1;0
patinoire;0;0;0;0;0;1;1;0;1;0
pathologies;0;0;0;0;0;0;1;0;1;1
pathologie;0;0;0;0;0;1;0;1;0;1
patate;0;1;0;0;0;1;0;0;1;0
pastèque;0;0;0;0;0;1;1;0;0;1
passible;0;0;2;0;0;0;0;0;0;1
passation;0;2;0;0;0;0;0;0;1;0
particule;0;0;0;0;0;1;2;0;0;0
parsque;0;0;0;0;0;0;1;0;0;2
parlant;0;0;0;0;0;1;0;1;0;1
parité;0;0;0;0;0;1;0;2;0;0
parenté;0;0;0;0;0;2;0;0;0;1
parcque;0;0;0;1;0;0;1;0;0;1
parcqu;0;0;2;0;0;0;0;0;1;0
parcourir;0;0;0;0;0;0;2;0;0;1
paraphraser;0;1;0;1;0;0;0;0;0;1
paranoïaque;0;1;0;0;0;0;0;0;1;1
paralyser;0;0;1;0;0;0;0;0;1;1
pappé;0;0;2;0;1;0;0;0;0;0
papillon;0;0;0;0;0;0;0;0;3;0
pantoufle;0;0;0;0;0;1;1;0;1;0
pantin;0;0;1;0;0;0;1;0;0;1
paléo;1;1;0;0;0;0;0;0;1;0
pallier;0;0;0;0;0;1;1;0;1;0
palier;0;0;0;0;0;2;1;0;0;0
palestoche;0;0;1;0;0;1;0;0;1;0
pagande;0;0;2;0;0;0;0;0;0;1
pack;0;1;0;0;0;0;0;0;2;0
outré;0;0;0;0;0;0;1;0;1;1
ouiiiiii;2;0;0;0;0;0;0;0;1;0
orthodoxe;0;0;2;0;0;1;0;0;0;0
orteil;0;0;1;0;0;0;1;0;0;1
orphelinat;0;0;0;0;0;1;1;0;1;0
originalité;0;0;0;0;0;1;0;0;1;1
opératoire;0;0;1;0;0;0;0;1;1;0
opticien;0;0;0;0;0;1;0;0;0;2
oman;0;0;2;0;0;1;0;0;0;0
ols;0;0;1;0;0;0;2;0;0;0
olive;0;0;0;0;0;1;2;0;0;0
olfactif;0;0;0;0;0;0;2;0;0;1
oklm;0;0;0;0;0;0;0;0;0;3
ohhhhh;2;0;0;0;0;0;0;0;1;0
offrande;0;2;0;0;0;1;0;0;0;0
odieux;0;0;0;0;0;0;0;0;2;1
ocde;0;0;0;0;0;1;1;0;1;0
occulter;0;0;1;0;0;0;0;0;1;1
obésité;0;0;0;0;0;0;1;0;1;1
obtention;0;0;0;0;0;0;0;1;1;1
obtempérer;0;0;1;0;0;0;0;0;2;0
obsèques;0;0;0;0;0;2;0;0;1;0
obsessionnel;0;0;0;0;0;0;0;0;1;2
obscur;0;0;0;0;0;0;0;0;2;1
obama;0;0;1;0;0;0;0;1;0;1
négligé;0;0;0;0;0;1;0;0;1;1
négation;0;0;1;0;0;0;0;0;0;2
nécessiteux;0;0;0;0;0;2;0;0;0;1
nutriment;0;0;0;0;0;1;2;0;0;0
novice;0;1;0;0;0;0;0;0;1;1
nounou;0;0;1;0;0;2;0;0;0;0
notoire;0;2;0;0;0;0;0;0;1;0
nostalgie;0;0;1;0;0;0;0;0;0;2
non_fumeurs;0;0;0;1;0;0;2;0;0;0
nomade;0;1;0;0;0;0;1;0;1;0
noel;0;0;1;0;0;0;1;0;1;0
nocturne;0;0;1;0;0;0;2;0;0;0
niquer;0;0;0;0;0;2;0;0;1;0
nicotine;0;0;0;0;0;0;2;0;0;1
nicod;0;0;0;0;0;2;0;0;1;0
niaminacide;0;0;0;0;0;0;2;0;1;0
neutraliser;0;0;0;1;0;0;0;0;0;2
neutral;0;0;3;0;0;0;0;0;0;0
neurotoxique;0;0;0;0;0;1;2;0;0;0
neta;0;0;3;0;0;0;0;0;0;0
nerf;0;0;0;0;0;1;0;0;2;0
neonazis;0;0;0;1;0;0;0;0;0;2
navette;0;0;0;0;0;0;3;0;0;0
nationalisme;0;0;0;0;0;0;0;0;1;2
nassé;0;0;0;1;0;0;0;0;2;0
nage;0;0;0;0;0;2;0;0;1;0
métabolisme;0;0;0;0;0;0;2;0;0;1
méprisant;0;0;0;0;0;1;0;0;0;2
mélanie;2;0;0;0;0;0;0;0;1;0
méga;0;0;0;0;0;0;1;0;2;0
méfait;0;0;0;0;0;1;0;0;0;2
médiatisation;0;0;1;0;0;0;1;0;0;1
mysogine;0;0;0;0;0;0;0;0;2;1
mutilation;0;0;2;0;0;0;0;0;0;1
mutation;0;0;0;0;0;0;1;0;0;2
museum;0;1;0;0;0;0;0;0;1;1
muscle;0;0;0;0;0;1;0;1;1;0
multirécidiviste;0;0;0;0;0;0;0;0;2;1
muet;0;0;2;0;0;0;0;0;1;0
move;0;1;0;0;0;0;0;0;1;1
moutier;0;0;1;0;0;1;0;0;1;0
motard;0;1;0;1;0;1;0;0;0;0
monopoliser;0;0;0;0;0;1;1;0;0;1
mondialisé;0;0;0;0;0;2;0;0;0;1
mondialiste;0;0;1;0;0;0;0;0;1;1
mondialement;0;0;0;1;0;1;1;0;0;0
monarchie;0;1;1;0;0;0;0;0;0;1
molécule;0;0;0;0;0;0;3;0;0;0
moeurs;0;0;0;0;0;0;0;0;1;2
mmmh;0;0;0;0;0;0;0;0;0;3
minéral;0;1;0;0;0;0;2;0;0;0
minage;0;0;0;0;0;2;1;0;0;0
millards;0;0;0;0;0;3;0;0;0;0
militarisation;0;0;0;0;0;1;0;1;0;1
militairement;0;0;2;0;0;0;0;0;0;1
milicien;0;0;2;0;0;0;0;0;0;1
mieu;0;0;0;0;0;0;0;0;3;0
microsoft;0;0;0;0;0;1;1;0;0;1
microplastiques;0;0;0;0;0;0;3;0;0;0
microbiote;0;0;0;0;0;1;1;0;0;1
micro_ondes;0;0;0;0;0;0;0;0;1;2
michael;0;0;0;0;0;2;0;0;1;0
mhh;0;0;2;1;0;0;0;0;0;0
metre;0;0;1;1;0;0;0;0;1;0
menstruées;0;0;0;0;0;1;0;1;0;1
menstruel;0;0;0;0;0;1;0;1;1;0
menstruation;0;0;0;0;0;0;1;1;1;0
meneur;0;0;1;0;0;0;0;0;0;2
meloni;0;0;1;0;0;0;1;0;1;0
medecins;0;0;0;0;0;1;0;0;2;0
medecin;0;0;0;0;0;0;1;0;1;1
mea_culpa;0;0;0;0;1;0;1;0;1;0
mdrrrrr;0;0;1;0;0;0;0;1;1;0
mazout;0;0;0;0;0;0;2;0;0;1
matraquage;0;0;0;2;0;0;0;0;1;0
mat;0;0;0;0;0;0;1;1;0;1
masser;0;0;3;0;0;0;0;0;0;0
massage;0;0;0;0;0;0;2;0;1;0
mass;0;0;3;0;0;0;0;0;0;0
marseille;0;0;0;0;0;1;2;0;0;0
mario;0;0;0;0;0;0;1;0;0;2
marine;0;0;0;1;0;0;0;0;1;1
margoulin;0;0;1;1;0;0;0;0;1;0
marcel;0;0;0;0;0;1;1;0;1;0
manzo;0;0;1;0;0;0;0;0;0;2
manquement;0;0;1;0;1;0;0;0;1;0
mannequin;0;0;0;0;0;1;0;0;2;0
manier;0;0;0;0;0;0;0;0;2;1
manie;0;0;0;1;0;0;0;0;2;0
mandela;0;0;1;0;0;0;0;0;1;1
mandater;0;0;0;0;0;3;0;0;0;0
malmö;0;1;0;0;0;0;2;0;0;0
malaisant;0;1;0;0;0;0;0;0;2;0
maladroit;0;0;0;0;0;0;1;1;1;0
mairie;0;0;1;0;0;1;1;0;0;0
maintenance;0;0;0;0;0;3;0;0;0;0
magnon;0;1;0;0;0;0;0;0;2;0
magic;0;2;0;0;0;0;0;0;1;0
maggi;2;1;0;0;0;0;0;0;0;0
magazine;0;0;1;0;0;0;0;0;1;1
madrid;0;0;2;0;0;1;0;0;0;0
made;1;0;0;0;0;1;1;0;0;0
machiste;0;0;0;0;0;0;0;1;2;0
mac;0;0;0;0;0;0;3;0;0;0
létalité;0;0;0;1;0;1;0;0;0;1
léser;0;0;0;0;0;0;1;1;0;1
légitimer;0;0;3;0;0;0;0;0;0;0
légitimement;0;0;0;1;0;1;0;0;0;1
légalisation;0;0;0;1;0;0;0;0;1;1
lyan;1;0;1;0;0;1;0;0;0;0
luter;0;0;0;0;0;2;0;0;1;0
lustre;0;0;0;0;1;0;0;0;0;2
ludique;0;0;0;0;0;0;1;0;1;1
lucerne;0;1;0;0;0;0;1;0;0;1
lubie;0;1;0;0;1;1;0;0;0;0
lsd;0;1;0;0;0;0;0;0;1;1
loyal;0;0;0;0;0;0;1;0;1;1
loris;0;0;0;0;0;0;0;0;1;2
lola;0;0;0;0;0;1;0;1;0;1
localement;0;0;0;0;0;0;3;0;0;0
littéraire;0;0;0;0;0;0;0;0;0;3
lisbonne;0;0;0;1;0;2;0;0;0;0
lion;3;0;0;0;0;0;0;0;0;0
linkedin;0;0;0;0;0;2;0;0;1;0
lin;0;0;0;0;0;0;3;0;0;0
lidl;0;1;0;0;0;0;2;0;0;0
licence;0;0;0;0;0;1;0;0;1;1
libertarien;0;0;1;0;0;1;0;0;0;1
liberer;0;0;2;0;0;0;0;0;0;1
liberale;0;0;0;0;0;1;0;0;0;2
lgbtqia;0;0;1;1;0;0;0;0;0;1
leu;0;0;0;0;0;0;1;0;1;1
leonhard;0;1;0;0;0;0;0;0;0;2
lennon;0;0;0;0;0;0;0;0;0;3
legumes;0;0;0;0;0;0;3;0;0;0
legal;0;0;0;0;0;1;0;0;2;0
lavoc;0;0;0;0;0;0;1;0;0;2
lavabo;0;0;0;0;0;0;3;0;0;0
lauréat;0;0;0;0;0;0;1;0;1;1
lassitude;0;0;0;0;0;0;1;0;0;2
larousse;0;0;0;0;0;0;0;0;0;3
larbin;0;3;0;0;0;0;0;0;0;0
lanceur;0;0;1;0;0;0;0;0;1;1
lampadaire;0;1;1;0;0;0;0;0;0;1
lamentablement;0;0;0;0;2;0;0;0;0;1
lacs;0;1;0;1;0;0;0;0;1;0
lacrymos;0;0;1;2;0;0;0;0;0;0
lacrimo;0;0;0;3;0;0;0;0;0;0
laborieux;0;0;0;0;0;2;0;0;0;1
kévin;0;0;0;0;0;1;0;0;2;0
kv;0;1;0;0;0;1;0;0;1;0
koweït;0;0;3;0;0;0;0;0;0;0
kosovars;0;0;1;0;0;0;1;1;0;0
kosovar;0;1;0;0;1;0;0;0;0;1
ko;1;0;0;1;0;0;0;0;1;0
kiff;0;0;0;1;0;0;0;0;0;2
kidnapping;0;0;1;0;0;0;0;0;0;2
khagn;3;0;0;0;0;0;0;0;0;0
kennedy;0;0;0;0;0;1;0;0;1;1
kate;0;0;0;0;0;0;2;0;0;1
justesse;0;0;0;0;0;0;0;0;2;1
jussy;0;0;0;0;0;1;2;0;0;0
jury;0;0;0;0;0;1;0;0;0;2
jupe;0;0;0;0;0;0;1;0;1;1
jung;0;0;0;0;0;0;0;1;1;1
joyeuseté;0;0;0;0;0;2;1;0;0;0
joug;0;0;3;0;0;0;0;0;0;0
jojo;0;0;0;0;0;1;0;0;1;1
joconde;0;0;0;0;0;0;0;0;0;3
jimmy;1;1;0;0;0;0;0;0;1;0
jihad;0;0;3;0;0;0;0;0;0;0
jenish;0;0;0;0;1;0;0;0;1;1
jambon;0;1;0;0;0;1;0;0;1;0
jamais_vu;0;0;0;1;0;0;1;0;1;0
jalouser;0;0;0;0;0;1;0;1;1;0
ivg;0;0;0;0;0;1;0;0;0;2
isra;0;0;2;0;0;0;0;0;0;1
isolement;0;0;0;0;0;0;1;1;1;0
isl;1;0;1;0;0;0;0;0;0;1
isf;0;0;0;0;0;3;0;0;0;0
irréaliste;0;0;0;0;0;3;0;0;0;0
irrespirable;0;0;0;0;0;1;2;0;0;0
irl;0;1;0;0;0;0;0;0;1;1
iraq;0;0;0;1;0;0;0;1;1;0
ip;0;0;0;0;0;1;0;0;1;1
inéquitable;0;0;0;0;0;1;0;1;1;0
inéduqué;0;0;3;0;0;0;0;0;0;0
inédit;0;0;1;0;0;0;0;0;1;1
invitation;0;0;2;0;0;0;0;1;0;0
investigation;0;0;0;0;0;0;0;0;2;1
intéressé;0;0;0;0;0;1;0;2;0;0
introduction;0;0;0;0;0;1;0;0;0;2
intrinsèque;0;0;0;0;0;1;0;0;0;2
interpellation;0;0;0;1;0;2;0;0;0;0
intermittence;0;0;0;0;0;1;1;0;0;1
interface;0;0;0;0;0;2;0;0;1;0
interesse;0;0;1;0;0;1;0;0;0;1
intercepter;0;0;2;0;0;1;0;0;0;0
instrumentalisé;0;0;0;1;0;0;0;0;0;2
instrumentaliser;0;0;3;0;0;0;0;0;0;0
institutionnelles;0;0;1;0;0;0;0;0;0;2
instauration;0;0;1;0;0;0;0;0;1;1
insipide;0;0;0;0;0;0;1;0;0;2
inscription;0;0;0;0;0;2;0;0;0;1
inquiet;0;0;0;0;0;0;2;0;0;1
inouï;0;0;2;0;0;0;0;0;0;1
innover;0;0;0;1;0;2;0;0;0;0
injustifiable;0;0;1;0;0;0;0;0;1;1
injecter;0;0;0;0;0;1;1;0;1;0
inhérent;0;0;0;0;0;2;0;0;1;0
inhabituel;0;0;0;0;0;0;2;0;1;0
ingrat;0;0;0;0;0;2;0;1;0;0
infructueux;0;0;0;2;0;1;0;0;0;0
informatif;0;0;0;0;0;0;0;0;0;3
infondé;0;1;0;0;0;0;0;0;0;2
infernal;0;0;0;0;0;0;1;0;2;0
infarctus;0;1;0;0;0;0;1;0;1;0
inexpliqué;0;0;0;0;0;1;0;1;0;1
inertie;0;0;0;0;0;1;1;0;0;1
indéfendable;0;0;2;0;0;0;0;0;1;0
indécence;0;0;1;0;0;1;0;0;0;1
indu;0;1;0;0;0;1;0;0;0;1
indien;0;0;1;0;0;0;1;0;0;1
incontournable;1;0;0;0;0;0;0;0;1;1
inconsolable;0;0;2;0;0;0;0;0;0;1
inclu;0;0;1;0;0;2;0;0;0;0
incinération;0;0;0;0;0;0;3;0;0;0
incessant;0;0;2;0;0;1;0;0;0;0
incertitude;0;0;0;0;0;1;1;0;0;1
incendier;0;1;1;0;0;0;0;0;1;0
incarcération;0;0;1;0;0;0;0;2;0;0
incalculable;0;0;2;0;0;0;0;0;0;1
inaperçu;0;0;1;0;0;0;0;0;0;2
inadéquat;0;0;0;1;0;0;0;0;2;0
inadapté;0;0;0;0;0;1;1;0;0;1
imposant;0;0;0;0;0;1;0;0;0;2
impopulaire;0;0;0;0;0;1;0;0;2;0
implicitement;0;0;1;0;0;0;0;0;0;2
impeccable;0;0;0;0;0;0;2;0;1;0
immersion;0;1;0;0;0;1;0;0;0;1
illégitime;0;0;1;0;0;0;0;0;0;2
illustré;0;0;0;0;0;1;0;0;1;1
illusoire;0;0;0;0;0;2;0;1;0;0
ilan;0;0;2;0;1;0;0;0;0;0
iii;0;0;0;0;0;1;0;0;0;2
ii;0;0;0;0;1;0;1;0;0;1
ignazio;0;0;3;0;0;0;0;0;0;0
ig;0;0;0;0;0;0;1;0;0;2
ifd;0;0;0;0;0;3;0;0;0;0
idéaliser;0;0;0;0;0;0;1;0;0;2
idiome;0;0;0;0;2;0;0;1;0;0
idee;0;0;0;0;0;1;2;0;0;0
ide;0;0;0;0;0;1;0;0;2;0
ich;1;0;0;0;1;0;0;0;1;0
iceberg;0;0;0;0;0;2;0;0;0;1
iban;0;1;0;0;0;1;0;0;0;1
ib;0;0;0;3;0;0;0;0;0;0
hôtellerie;0;0;0;0;1;2;0;0;0;0
hérétique;0;0;1;0;0;0;0;0;0;2
hérisson;1;0;0;0;0;0;1;0;1;0
hécatombe;0;0;0;0;0;0;1;0;1;1
hyn;0;0;0;0;0;1;0;0;2;0
hydrocarbure;1;0;0;0;0;1;1;0;0;0
hydrate;0;0;0;0;0;0;3;0;0;0
humide;0;0;0;0;0;0;1;0;0;2
human;0;0;3;0;0;0;0;0;0;0
htag_génocide;0;0;2;0;0;1;0;0;0;0
hr;0;0;1;0;0;1;1;0;0;0
hpi;0;1;0;0;0;1;0;0;1;0
hors_la_loi;0;0;0;1;0;2;0;0;0;0
horlogères;0;1;0;0;0;1;1;0;0;0
hopp;2;0;0;0;0;1;0;0;0;0
hoodie;0;0;0;0;0;0;0;0;3;0
hongrie;0;0;2;0;0;0;0;0;0;1
hollywoodien;0;0;0;0;0;0;0;0;0;3
hollande;0;0;1;0;0;0;1;0;0;1
hispanique;0;0;1;0;0;0;0;0;0;2
his;0;0;2;0;0;0;0;1;0;0
hihi;1;0;0;0;0;0;0;0;1;1
hibernation;0;0;0;0;0;0;0;0;2;1
het;0;0;0;0;0;0;0;2;0;1
here;0;1;1;0;0;0;0;0;0;1
hectare;0;0;1;0;0;0;1;0;1;0
hebdomadaire;0;0;0;0;0;2;1;0;0;0
heart;0;0;0;0;0;0;1;0;1;1
hd;0;0;0;0;0;1;2;0;0;0
haye;0;0;2;0;0;0;0;0;1;0
harmoniser;0;0;0;0;0;2;0;0;1;0
harmonie;0;0;1;0;0;0;1;0;0;1
harceleurs;0;0;0;0;1;0;0;0;1;1
hahahahaha;0;2;0;0;0;0;0;0;0;1
hache;0;0;1;0;0;0;0;1;1;0
habile;0;1;0;0;0;0;0;1;0;1
gérard;0;0;0;0;0;0;1;0;1;1
géothermie;0;0;0;0;0;0;3;0;0;0
géo;0;1;0;0;0;0;0;0;1;1
générées;0;0;0;0;0;0;0;0;0;3
génocider;0;0;2;1;0;0;0;0;0;0
gén;0;0;1;2;0;0;0;0;0;0
gypaète;0;0;0;0;0;2;1;0;0;0
gwer;0;1;0;0;0;0;0;0;2;0
guitare;0;0;0;1;0;0;0;0;2;0
gueux;0;0;0;0;0;1;1;0;1;0
guess;0;0;1;0;0;1;0;0;0;1
gucci;0;1;0;1;0;1;0;0;0;0
groland;0;1;1;0;0;0;1;0;0;0
great;2;0;0;0;0;0;0;0;1;0
gravier;0;1;0;0;0;0;1;0;1;0
gravats;0;0;3;0;0;0;0;0;0;0
gratos;0;0;0;1;0;1;1;0;0;0
grassement;0;0;0;0;0;2;0;0;0;1
graphistes;0;0;0;0;0;3;0;0;0;0
gracieusement;0;0;1;0;0;1;1;0;0;0
gouvernant;0;0;1;1;0;0;0;0;0;1
gourou;0;0;0;0;0;0;0;0;0;3
gore;0;0;0;0;0;0;0;0;1;2
gonflable;0;0;0;0;0;0;2;0;1;0
golfe;0;0;2;0;0;1;0;0;0;0
golf;0;0;1;0;0;0;1;0;0;1
golan;0;0;3;0;0;0;0;0;0;0
gogo;1;0;0;0;0;1;0;1;0;0
glander;0;0;0;1;0;0;1;0;1;0
gland;0;0;0;0;0;1;1;1;0;0
glamour;0;0;1;0;0;1;1;0;0;0
giger;1;2;0;0;0;0;0;0;0;0
gifle;0;0;0;0;0;0;1;0;1;1
geôle;0;0;3;0;0;0;0;0;0;0
gex;0;0;0;1;0;0;2;0;0;0
george;0;0;1;0;0;0;0;1;0;1
gentillesse;0;0;0;0;0;0;0;0;3;0
genocidaires;0;0;0;1;0;0;1;0;0;1
geno;0;0;2;0;0;0;0;0;0;1
generation;0;1;0;0;0;0;0;0;1;1
gendarme;0;0;1;1;0;0;0;0;1;0
gazé;0;0;0;3;0;0;0;0;0;0
gavazzeni;0;0;1;0;1;0;0;0;1;0
gangrène;0;0;2;0;0;1;0;0;0;0
gangrené;0;0;1;0;0;0;1;0;0;1
gamelle;0;0;0;0;0;2;1;0;0;0
g3nocide;0;0;3;0;0;0;0;0;0;0
féminité;0;0;0;0;0;0;1;1;1;0
fédéralisme;0;0;0;0;0;1;0;0;1;1
fâcheux;0;0;0;0;0;0;0;0;2;1
fuyard;0;0;1;1;0;0;1;0;0;0
fuiter;0;1;1;0;0;0;0;0;0;1
frustrant;0;0;0;0;0;1;0;0;1;1
frouzes;0;2;0;0;0;1;0;0;0;0
frottement;0;0;0;0;0;0;3;0;0;0
frique;0;0;0;0;0;1;1;0;1;0
friedman;0;0;0;0;0;1;0;0;1;1
friday;0;0;1;0;0;1;0;0;1;0
frayer;0;0;0;1;0;0;1;0;1;0
fraise;0;0;0;0;0;0;3;0;0;0
foutaise;0;2;1;0;0;0;0;0;0;0
fourche;0;0;0;1;0;0;0;0;1;1
fourberie;0;0;0;0;0;1;1;0;1;0
foulle;0;0;0;3;0;0;0;0;0;0
foulard;0;0;0;1;0;0;0;0;2;0
fouet;0;1;0;0;0;1;0;0;0;1
formel;0;0;2;0;1;0;0;0;0;0
formalité;0;0;0;1;0;1;0;0;0;1
forfait;0;0;0;0;0;1;1;1;0;0
forer;0;0;0;0;0;0;3;0;0;0
fondateur;0;0;0;0;0;1;1;0;0;1
follow;0;0;2;0;0;0;0;0;0;1
foin;0;0;0;0;0;0;1;0;1;1
fluidité;0;0;0;0;0;0;2;0;0;1
floyd;0;1;0;0;0;0;0;0;0;2
flingue;0;0;0;1;0;0;0;0;2;0
flemmard;0;0;0;0;0;1;1;0;0;1
flag;0;0;0;0;0;0;0;1;0;2
fivem;0;0;0;0;0;0;2;1;0;0
finalité;0;0;0;0;0;0;0;0;1;2
fillette;0;0;2;0;0;1;0;0;0;0
festif;0;0;0;0;0;2;0;0;1;0
fesais;0;1;1;0;0;1;0;0;0;0
fentanyl;0;0;2;0;0;1;0;0;0;0
fcpa;0;0;0;0;0;1;0;0;0;2
faucon;0;0;1;0;0;0;1;0;0;1
fatal;0;0;0;1;0;2;0;0;0;0
fast_food;0;1;0;0;0;0;2;0;0;0
falsifier;0;0;0;0;1;0;1;0;0;1
faf;0;1;0;1;0;1;0;0;0;0
faculté;0;0;1;1;0;0;0;0;0;1
fachiste;0;0;0;1;0;0;0;0;0;2
facette;0;0;0;1;0;2;0;0;0;0
extrème;0;0;1;0;0;0;0;0;0;2
extrapoler;0;0;0;0;0;0;0;0;1;2
externe;0;0;0;0;0;1;0;0;0;2
expérimenter;0;0;0;0;0;2;0;0;1;0
expropriation;0;0;1;0;0;2;0;0;0;0
expirer;0;0;1;0;0;1;0;0;1;0
experience;0;0;0;0;0;0;0;0;1;2
exonérés;0;0;0;0;0;3;0;0;0;0
existentiel;0;1;0;0;0;0;1;0;0;1
exhibition;0;0;0;0;0;1;1;0;1;0
excédent;0;0;0;0;0;1;1;0;0;1
exceptionnellement;0;0;0;0;0;0;1;0;1;1
evo;0;0;0;0;0;1;1;0;0;1
ever;1;1;0;0;0;0;0;0;1;0
euses;0;0;0;0;0;2;0;0;1;0
etude;0;0;0;0;0;1;0;1;1;0
etonne;0;2;0;0;0;0;1;0;0;0
esquive;0;0;0;0;0;1;0;0;1;1
esquisse;0;0;0;0;0;0;0;0;1;2
esperons;0;0;1;0;0;0;0;0;0;2
envergure;0;0;1;0;0;1;0;1;0;0
entre_temps;0;0;0;0;0;2;0;0;1;0
entonnoir;0;0;0;1;0;2;0;0;0;0
ent;0;0;1;0;0;0;0;0;1;1
ensoleillé;0;0;1;0;0;0;2;0;0;0
enrichissant;0;0;0;0;0;2;0;0;1;0
ennuyeux;0;0;0;0;0;0;0;0;1;2
engorger;0;0;0;0;0;2;1;0;0;0
enfumé;0;1;1;0;0;1;0;0;0;0
enfuir;0;0;0;2;0;1;0;0;0;0
enflammer;0;0;0;0;0;1;0;0;0;2
endoctrinement;0;0;0;0;0;1;0;0;0;2
encontre;0;0;0;0;0;0;0;0;2;1
enclin;0;0;0;0;0;0;0;1;0;2
encadrement;0;0;0;1;0;2;0;0;0;0
en_catimini;0;0;2;0;0;1;0;0;0;0
emprisonnement;0;0;1;1;0;0;0;0;0;1
emplir;0;0;0;1;0;0;0;0;1;1
empiriquement;0;0;0;0;0;1;0;0;0;2
empiler;0;0;0;1;0;0;1;0;0;1
empathique;0;1;0;0;0;1;0;0;0;1
emji_voiture_de_police_de_face;1;0;0;1;0;0;1;0;0;0
emji_voiture;1;0;0;0;0;0;2;0;0;0
emji_voilier;0;1;1;0;0;0;0;1;0;0
emji_urne_électorale;0;0;0;0;1;0;0;1;1;0
emji_tête_secouée_verticalement;0;0;1;0;0;1;1;0;0;0
emji_sauropode;0;0;1;0;0;0;1;0;0;1
emji_père_noël_peau_moyennement_claire;2;0;0;0;0;0;0;0;1;0
emji_père_noël;2;0;0;0;0;0;0;0;0;1
emji_prince;0;1;0;0;0;0;0;0;2;0
emji_pouce_vers_le_haut_peau_foncée;0;0;2;0;0;0;0;0;0;1
emji_parapluie_avec_gouttes_de_pluie;0;1;0;0;0;0;2;0;0;0
emji_ours_en_peluche;0;0;0;0;0;0;0;0;1;2
emji_olive;3;0;0;0;0;0;0;0;0;0
emji_ok_peau_foncée;0;1;0;0;0;0;0;0;2;0
emji_graphique_en_baisse;0;0;0;0;0;3;0;0;0;0
emji_flèche_en_haut;2;0;0;0;0;0;0;0;0;1
emji_fleur_de_cerisier;3;0;0;0;0;0;0;0;0;0
emji_femme_qui_hausse_les_épaules_peau_mate;0;0;0;0;0;0;1;0;0;2
emji_drapeau_mali;0;1;2;0;0;0;0;0;0;0
emji_drapeau_arc_en_ciel;0;0;0;0;1;0;0;1;1;0
emji_chapiteau;0;0;0;1;0;0;2;0;0;0
emji_bulle_de_pensée;1;0;0;0;0;1;0;0;1;0
emji_bouquet;3;0;0;0;0;0;0;0;0;0
emji_bonhomme_de_neige;1;2;0;0;0;0;0;0;0;0
emji_bombe;0;1;0;0;0;1;0;1;0;0
embêtant;0;0;0;1;0;1;0;0;0;1
emblématique;0;0;0;0;0;1;2;0;0;0
els;0;0;1;0;0;1;0;0;1;0
electronique;0;1;0;0;0;0;1;0;1;0
egos;0;1;0;0;0;0;0;0;2;0
eglise;0;0;0;0;0;0;1;0;0;2
effréné;0;0;0;0;0;1;1;1;0;0
effarant;0;0;0;0;0;2;0;0;1;0
effacement;0;0;1;0;0;0;0;0;0;2
educ;0;0;1;0;0;1;0;0;1;0
ecosse;0;0;0;0;0;1;1;0;1;0
ecole;0;0;0;0;0;0;0;0;3;0
easyride;0;0;0;0;0;1;0;0;1;1
déviation;0;0;0;1;0;0;0;0;0;2
déviance;0;0;0;0;0;0;0;0;0;3
développé;0;0;0;0;0;1;2;0;0;0
dévaster;0;0;0;0;0;1;1;0;1;0
dévaloriser;0;0;0;0;0;1;0;1;1;0
déterminant;0;0;0;0;0;1;0;0;0;2
désuet;0;0;1;0;0;0;0;0;2;0
désespérément;0;1;1;0;0;0;0;0;0;1
désavantage;0;0;0;0;0;0;0;0;0;3
désactiver;0;0;0;0;0;1;0;0;0;2
dérivé;0;0;0;0;0;1;1;0;0;1
dérision;0;0;0;0;0;0;0;0;1;2
déraper;0;0;0;1;0;0;0;0;0;2
dépositaire;0;0;1;0;0;0;0;0;0;2
déporter;0;0;1;0;0;0;1;0;0;1
dépit;0;0;0;0;0;2;0;0;0;1
dénier;0;0;0;2;0;0;0;0;0;1
démolir;0;0;0;0;0;0;0;0;2;1
démentir;0;0;0;0;0;0;0;0;1;2
démentiel;0;0;0;0;0;0;2;0;0;1
démantèlement;0;0;1;0;0;2;0;0;0;0
démanteler;0;0;0;0;0;0;0;0;2;1
délétère;0;0;1;0;0;1;1;0;0;0
déloyal;0;0;0;0;0;2;1;0;0;0
déloger;0;0;1;0;0;0;1;1;0;0
délocalisent;0;0;0;0;0;2;0;0;0;1
dégénéré;0;0;0;1;0;0;0;0;1;1
dégoût;0;0;3;0;0;0;0;0;0;0
défectueux;0;0;0;0;0;0;0;0;0;3
défavorable;0;0;0;1;0;0;0;0;0;2
défaillance;0;1;0;0;0;0;1;0;0;1
déculpabiliser;0;0;0;2;0;0;1;0;0;0
décrocher;0;0;0;0;0;2;0;0;1;0
décourager;0;0;0;0;0;3;0;0;0;0
découdre;0;0;0;2;0;0;0;0;1;0
décorer;0;0;0;0;0;0;2;0;1;0
décerner;0;0;2;0;0;0;0;0;1;0
déception;0;0;0;0;0;0;0;0;1;2
décence;0;0;0;0;0;0;0;1;1;1
décapitation;0;0;2;0;0;1;0;0;0;0
décadence;0;0;0;0;0;0;1;0;0;2
déblatérer;0;0;1;1;0;0;0;0;0;1
dynastie;0;0;0;0;0;0;1;0;1;1
dumping;0;0;0;0;0;2;0;0;0;1
dubitatif;0;0;1;0;0;0;0;0;0;2
dorer;0;0;1;0;0;0;0;0;0;2
documenté;0;0;1;0;0;0;1;0;0;1
docteur;1;0;1;0;0;0;0;0;0;1
docile;0;0;0;0;0;2;0;0;1;0
dlc;1;1;0;0;0;0;1;0;0;0
djihadistes;0;0;3;0;0;0;0;0;0;0
diverger;0;0;0;0;0;0;1;0;0;2
divergent;0;0;0;1;0;0;0;0;1;1
distributeur;0;0;1;0;0;0;0;0;1;1
distiller;0;0;0;0;0;0;0;0;1;2
dispute;0;1;0;0;0;0;1;1;0;0
disproportion;0;0;1;0;0;0;0;0;1;1
discrétion;0;0;0;0;0;0;0;1;1;1
discréditent;0;0;0;3;0;0;0;0;0;0
diplomatiquement;0;0;3;0;0;0;0;0;0;0
dino;0;0;0;0;0;0;2;0;1;0
dilapider;0;0;0;0;0;2;1;0;0;0
diktat;0;0;0;0;0;0;0;0;1;2
digeste;0;1;0;0;0;0;1;0;0;1
differents;0;0;0;0;0;1;0;0;1;1
diffamatoire;0;0;0;0;1;0;0;0;1;1
dicton;0;0;0;0;0;0;0;0;2;1
dick;0;0;1;0;0;1;0;0;0;1
diane;2;0;0;0;0;0;0;0;0;1
diamant;0;0;0;0;0;0;0;0;0;3
dgpc;0;0;0;0;0;1;2;0;0;0
deverait;0;0;0;0;0;0;2;0;1;0
deutsch;0;0;0;0;3;0;0;0;0;0
detruire;0;0;1;1;0;1;0;0;0;0
destinée;0;0;2;0;0;0;0;0;0;1
deplus;0;0;0;0;0;3;0;0;0;0
depardieu;0;0;0;0;0;0;0;0;1;2
denier;0;1;0;0;0;0;0;0;2;0
democrates;0;0;0;0;0;0;0;0;1;2
degats;0;0;0;1;0;1;0;0;0;1
defund;0;0;0;0;0;0;0;0;0;3
decision;0;0;0;0;0;1;1;0;1;0
debiles;0;0;0;0;0;0;0;0;3;0
debile;0;0;0;0;0;0;0;0;0;3
debat;0;0;0;0;0;0;0;0;3;0
davoir;0;0;0;0;1;1;0;0;0;1
daron;0;0;0;0;0;0;0;1;1;1
darius;0;0;0;0;0;0;0;1;2;0
dard;0;0;0;2;0;1;0;0;0;0
daech;0;0;2;0;0;1;0;0;0;0
cérémonie;0;0;0;0;0;0;1;0;1;1
cérébral;0;0;0;0;0;1;1;0;0;1
célébration;0;0;0;0;0;0;2;0;1;0
cyclique;0;0;0;0;0;0;0;0;1;2
cuve;0;0;0;0;0;0;2;0;0;1
cupidité;0;0;1;0;0;0;0;0;1;1
cumuler;0;0;0;0;0;2;0;0;0;1
cuisson;0;0;0;0;0;0;2;0;1;0
cuisinier;0;0;0;0;0;1;0;1;1;0
cueillette;0;0;0;0;0;0;1;0;0;2
css;0;0;0;0;0;3;0;0;0;0
csc;1;0;0;1;1;0;0;0;0;0
cs;0;0;0;0;0;3;0;0;0;0
créancier;0;0;0;0;0;3;0;0;0;0
crânien;0;0;0;0;0;0;1;0;1;1
crs;0;0;0;1;0;1;0;0;1;0
croûte;0;1;0;0;0;1;0;0;1;0
croisade;0;0;1;0;0;0;0;0;1;1
cro;0;1;0;0;0;0;0;0;2;0
cribler;0;0;2;0;0;0;1;0;0;0
creer;0;0;1;0;0;0;1;0;0;1
crayon;0;0;0;0;0;1;0;0;0;2
craquer;0;0;1;0;0;1;0;0;0;1
crampon;0;0;0;0;0;0;0;0;2;1
crade;0;0;0;0;0;0;1;0;1;1
cpp;0;0;1;0;0;0;0;0;0;2
cow_boy;0;0;0;1;0;0;0;0;1;1
coutera;0;0;0;0;0;3;0;0;0;0
courtois;0;0;0;0;0;1;0;0;2;0
couronner;0;0;2;0;0;0;1;0;0;0
cotiseront;0;0;0;0;0;3;0;0;0;0
corrélée;0;0;0;0;0;1;1;0;1;0
correspondance;0;0;0;0;0;1;1;0;0;1
coquille;0;1;0;0;0;0;1;0;0;1
coque;0;0;0;0;0;0;3;0;0;0
coq;0;0;0;0;0;2;1;0;0;0
convoquer;0;0;0;1;0;0;0;0;2;0
convivialité;0;1;0;0;0;0;1;0;1;0
convivial;0;0;0;0;0;2;1;0;0;0
conventionnel;0;0;0;0;0;0;2;0;0;1
convaincant;0;0;0;0;0;1;0;0;1;1
contributeurs;0;0;0;0;0;0;0;0;0;3
contrevenant;0;0;1;0;0;0;0;0;0;2
contreproductif;0;0;0;0;0;0;1;1;0;1
contravention;0;0;0;0;1;0;2;0;0;0
contracter;0;0;0;0;0;0;2;0;1;0
contraceptif;0;0;2;0;0;1;0;0;0;0
contest;1;2;0;0;0;0;0;0;0;0
consolider;0;0;1;0;0;0;0;0;0;2
consoler;0;0;0;0;0;1;1;1;0;0
connor;0;1;0;0;1;0;0;0;1;0
connard;0;0;1;0;0;0;0;1;1;0
conjointement;2;0;0;0;0;1;0;0;0;0
conforter;0;0;0;0;0;0;0;1;2;0
confortablement;0;0;1;0;0;0;1;0;1;0
conformité;0;0;0;0;0;2;0;0;0;1
conflict;0;0;1;0;0;0;0;0;1;1
confisquer;0;0;1;0;0;0;1;0;0;1
conditionné;0;0;0;0;0;0;0;1;0;2
comptoir;0;1;0;0;0;0;0;0;1;1
compréhensif;1;0;0;0;0;0;0;0;1;1
compresser;0;0;0;0;0;1;0;0;0;2
comportments;0;0;0;0;0;0;0;0;0;3
complétement;0;0;0;0;0;0;1;0;1;1
complexer;0;0;0;0;0;0;0;1;1;1
compatible;0;0;1;0;0;0;1;1;0;0
comms;1;1;0;0;0;0;0;0;1;0
commentes;0;0;0;1;0;0;0;0;0;2
combustion;0;0;0;0;0;0;3;0;0;0
combiner;0;0;0;0;0;0;1;0;1;1
combinaison;0;0;0;0;0;0;1;0;2;0
colporter;0;0;2;0;0;0;0;0;0;1
colonne;0;0;0;0;0;0;0;1;1;1
collision;0;0;0;0;0;1;1;0;0;1
colline;0;0;1;0;0;0;2;0;0;0
coke;0;1;0;0;0;1;0;0;1;0
cohabiter;0;0;0;0;0;0;1;0;1;1
cocotte;0;0;0;0;0;0;0;0;2;1
cocaïne;0;0;0;0;0;0;3;0;0;0
cocasse;0;0;0;2;0;1;0;0;0;0
clément;0;0;0;1;0;1;0;0;1;0
clouer;0;0;0;0;0;0;2;0;1;0
cloche;0;0;0;0;0;0;2;0;1;0
clivage;0;0;0;0;0;0;0;2;0;1
clause;0;0;1;0;0;2;0;0;0;0
classé;0;0;0;0;0;0;1;0;0;2
clash;0;0;0;0;0;1;1;0;1;0
clarté;0;0;0;0;0;0;0;0;0;3
claquette;0;1;0;0;1;0;0;0;1;0
claquer;0;0;0;0;0;1;0;0;1;1
circulaire;0;0;0;0;0;0;1;0;0;2
cingler;1;0;0;0;0;0;0;0;1;1
cimetière;0;0;3;0;0;0;0;0;0;0
chèvre;0;1;0;0;0;0;1;0;1;0
chávez;0;0;0;0;0;0;0;0;0;3
christianisme;0;0;2;0;0;0;0;0;0;1
chouine;0;0;0;0;0;0;1;0;1;1
chiotte;0;0;0;0;1;0;1;0;1;0
chiite;0;1;2;0;0;0;0;0;0;0
chemise;0;0;0;0;0;0;0;0;3;0
charline;0;0;0;2;0;0;0;0;1;0
charles;2;0;0;0;0;0;0;0;0;1
chandelle;0;0;0;0;0;2;0;0;0;1
champi;0;0;2;0;0;0;0;0;1;0
chambouler;0;0;0;0;0;1;0;0;1;1
chaleureux;0;0;0;0;0;1;0;0;1;1
chaire;0;0;0;0;0;0;0;0;1;2
chair;0;0;0;0;0;0;0;1;1;1
chaines;0;0;0;0;0;1;1;0;0;1
chagrin;0;0;0;0;0;0;0;0;3;0
chad;0;0;1;0;0;0;0;0;1;1
cgn;0;0;0;0;0;1;2;0;0;0
cessation;0;0;3;0;0;0;0;0;0;0
cervelas;0;1;0;0;0;0;0;0;2;0
centimètre;0;0;0;0;0;0;1;0;1;1
center;0;0;2;0;0;0;1;0;0;0
cbd;0;1;0;0;0;0;0;0;0;2
cb;0;0;0;0;0;3;0;0;0;0
catalogue;0;1;0;0;0;1;0;0;0;1
castro;0;0;1;0;0;0;0;0;0;2
caste;0;0;0;0;0;1;0;0;1;1
casserole;0;0;0;0;0;0;1;0;1;1
casi;0;0;1;0;0;1;0;0;0;1
casanier;0;0;0;0;0;2;0;0;0;1
carlos;0;0;1;0;0;0;0;0;0;2
capturer;0;0;1;0;0;0;0;0;1;1
captivité;0;0;1;0;0;0;0;1;1;0
candidature;0;0;0;0;0;2;0;0;0;1
camping;0;0;0;0;0;2;1;0;0;0
camoufler;0;2;0;1;0;0;0;0;0;0
calimero;0;0;0;0;0;0;1;0;2;0
calibre;0;0;1;0;0;1;1;0;0;0
calculette;0;1;0;0;0;0;1;0;1;0
cadrer;0;0;0;1;0;1;0;0;1;0
cadence;0;0;0;0;0;0;1;1;1;0
cachette;0;1;0;0;0;0;1;0;1;0
cachet;0;1;0;0;0;0;0;0;1;1
cabinet;0;0;1;0;0;2;0;0;0;0
bz;0;0;0;0;0;1;0;0;2;0
buste;0;0;0;0;0;0;1;0;0;2
burnouts;0;0;0;0;0;2;1;0;0;0
bull;0;0;0;0;0;0;0;0;0;3
brélaz;1;0;0;0;0;0;0;0;2;0
brics;0;0;1;0;0;0;0;0;2;0
brice;0;3;0;0;0;0;0;0;0;0
brebis;0;0;1;1;0;0;0;0;1;0
brasser;0;0;0;0;0;0;0;0;3;0
branler;0;0;0;0;0;0;1;0;1;1
bowling;0;0;0;0;0;0;2;0;0;1
boutonneux;0;0;0;0;0;0;1;0;1;1
bourre;0;0;0;0;0;1;0;0;1;1
bourg;0;0;0;0;0;0;2;0;1;0
bouleverser;0;0;0;0;0;0;0;0;2;1
bouillie;0;0;0;0;0;0;0;0;3;0
boug;0;0;0;0;0;0;0;0;2;1
bouchonner;0;1;0;0;0;0;1;0;1;0
bonté;0;0;0;0;0;0;0;2;0;1
bonnement;0;0;0;0;0;1;0;0;0;2
bonhomme;0;1;1;0;0;0;0;0;0;1
bondir;0;0;1;0;1;0;0;0;0;1
bonder;0;0;0;1;0;1;0;0;0;1
bombardier;0;1;0;0;0;1;1;0;0;0
bom;1;0;1;0;0;1;0;0;0;0
bleri;0;0;3;0;0;0;0;0;0;0
blast;0;0;0;0;0;0;0;0;0;3
bizzarement;0;0;0;0;0;2;1;0;0;0
biologiste;0;0;0;0;0;0;3;0;0;0
binational;0;0;0;0;0;2;0;0;0;1
bille;0;0;0;0;0;2;0;0;0;1
bien_pensant;0;0;0;0;0;0;0;0;2;1
biche;0;0;0;0;0;1;0;0;1;1
biarritz;1;1;0;0;0;1;0;0;0;0
bertarelli;0;0;0;0;0;2;0;0;1;0
berset;0;0;0;0;0;1;0;0;2;0
belligérant;0;0;2;0;0;0;0;0;0;1
beauty;0;0;0;0;0;0;1;0;1;1
beach;1;0;1;0;1;0;0;0;0;0
bavière;0;1;0;0;1;1;0;0;0;0
bannière;0;0;0;0;0;0;1;0;0;2
bandé;0;0;1;1;0;0;0;0;1;0
banditisme;0;0;0;0;0;1;0;0;2;0
bananier;0;0;1;0;0;1;0;0;0;1
banane;1;1;0;0;0;0;1;0;0;0
banalises;0;0;2;0;0;0;0;0;1;0
banalisation;0;0;0;0;0;0;0;0;0;3
ban;0;1;0;0;0;0;0;0;0;2
ball;0;0;0;1;0;0;1;0;1;0
balfour;0;0;3;0;0;0;0;0;0;0
babiole;0;0;0;0;0;0;2;0;1;0
b12;0;0;0;0;0;0;2;0;0;1
aws;0;0;0;0;0;0;3;0;0;0
aviv;0;0;1;0;0;1;0;0;0;1
avancement;1;0;0;0;0;2;0;0;0;0
avalanche;0;0;0;0;0;0;3;0;0;0
auxiliaire;0;0;0;0;0;1;0;0;1;1
autisme;0;0;0;0;0;0;1;0;0;2
atténuer;0;0;0;0;0;2;1;0;0;0
attraction;0;0;0;0;0;1;1;0;0;1
atterrir;0;0;0;1;0;1;0;1;0;0
atterrer;0;0;0;0;0;0;0;0;1;2
attentivement;0;0;1;0;0;0;0;0;0;2
atlas;0;0;0;0;0;1;0;0;0;2
atf;0;0;0;3;0;0;0;0;0;0
astéroïde;0;1;0;0;0;0;0;0;1;1
astuce;0;1;0;0;0;0;1;0;0;1
astreindre;0;0;0;0;0;0;0;1;2;0
asthme;0;0;1;0;0;1;0;0;1;0
assigner;0;0;0;0;0;1;0;1;0;1
assemblée;0;0;0;0;0;0;0;0;0;3
assc;0;0;0;0;0;2;0;0;1;0
aspirateur;0;0;0;0;0;0;2;0;1;0
asphyxier;0;0;1;0;0;0;0;0;1;1
asphalte;0;0;0;0;0;0;1;0;2;0
asloca;0;0;0;1;0;1;0;0;1;0
ascension;0;0;1;0;0;0;0;0;1;1
arrondir;0;0;0;0;0;1;0;0;0;2
armurerie;0;0;0;0;0;1;0;0;1;1
armoire;0;0;0;1;0;1;0;0;1;0
arf;0;1;0;0;0;1;0;0;0;1
ardoise;0;0;0;0;0;3;0;0;0;0
aprés;0;0;0;0;0;0;1;0;0;2
appréciation;0;1;0;0;0;0;1;0;1;0
approvisionnement;0;0;0;0;0;1;2;0;0;0
appropriation;0;0;1;0;0;0;1;0;0;1
appliqué;0;0;0;0;0;1;1;0;1;0
apple;0;0;0;0;0;1;1;0;0;1
apart;0;0;1;0;0;0;0;0;1;1
anxiété;0;0;0;0;0;1;0;0;2;0
antérieur;0;0;1;0;0;0;1;0;1;0
antoinette;0;0;1;0;0;0;0;1;0;1
antifas;0;0;1;2;0;0;0;0;0;0
anticipation;0;1;0;0;0;2;0;0;0;0
anti_aérien;0;0;0;0;0;2;0;0;1;0
anorexie;0;0;0;0;0;0;0;0;3;0
anomalie;0;0;0;0;0;0;1;0;0;2
annecy;0;1;0;0;0;0;1;0;1;0
animosité;0;0;0;0;0;0;0;0;3;0
animer;0;0;0;0;0;0;0;0;2;1
animaliste;0;0;0;0;0;0;0;0;1;2
animalier;0;0;0;0;0;1;1;0;0;1
ancestral;0;0;1;0;0;0;1;0;0;1
amsterdam;0;0;0;1;0;0;2;0;0;0
amortir;0;0;0;1;0;1;1;0;0;0
aminé;0;0;0;0;0;0;2;0;1;0
amical;0;0;1;0;0;1;0;0;0;1
ambassade;0;1;0;0;0;1;0;0;0;1
always;0;0;2;0;0;0;1;0;0;0
alpiniste;0;0;0;0;0;0;0;0;2;1
allègrement;0;0;1;1;0;0;0;0;0;1
allumé;0;0;0;1;0;0;1;0;1;0
allaiter;0;0;0;0;0;0;1;0;1;1
aliéner;0;0;3;0;0;0;0;0;0;0
aliens;1;2;0;0;0;0;0;0;0;0
alexandrina;0;0;0;3;0;0;0;0;0;0
alex;1;0;1;1;0;0;0;0;0;0
alcohol;0;1;0;0;0;1;1;0;0;0
alarmer;0;0;0;0;0;0;1;0;1;1
ajuster;0;0;0;0;0;0;0;2;1;0
aisance;0;0;0;0;2;1;0;0;0;0
airlines;1;0;0;0;0;1;1;0;0;0
aiguisé;0;0;2;0;0;0;0;0;1;0
ahhhh;0;1;0;0;0;0;0;0;0;2
aggressions;0;0;2;0;0;0;0;0;0;1
agglomération;0;0;0;1;0;1;1;0;0;0
afro_américain;0;0;0;0;0;0;0;0;1;2
affûter;0;0;0;0;0;0;0;0;2;1
affolant;0;0;0;0;0;0;1;0;0;2
affichage;0;0;0;1;0;1;1;0;0;0
affection;0;0;0;0;0;0;0;0;2;1
affabulez;0;0;0;0;1;0;0;0;0;2
affabulation;0;0;0;1;0;0;0;0;0;2
adéquation;0;0;0;0;0;1;1;0;1;0
admiratif;0;0;0;0;0;0;1;0;1;1
adjacent;0;0;1;1;0;0;0;0;1;0
adhérent;0;0;0;0;0;1;0;0;1;1
addor;0;0;0;0;0;0;0;0;0;3
addict;0;1;0;0;0;0;2;0;0;0
adage;0;1;0;0;0;1;0;0;1;0
actu;0;0;0;0;0;0;0;0;0;3
acné;0;0;0;0;0;0;1;0;2;0
achete;0;0;0;0;0;3;0;0;0;0
ace;0;0;2;0;0;0;1;0;0;0
accusateur;0;0;0;0;0;0;0;0;0;3
accru;0;0;0;0;0;1;1;0;1;0
acc;0;0;0;0;0;0;1;0;2;0
abstentions;0;1;0;0;0;0;0;0;0;2
abruti;0;0;0;0;0;0;0;1;1;1
aboyer;0;0;1;0;0;1;0;0;1;0
aboutissant;0;0;0;0;0;0;0;0;1;2
abnégation;0;0;0;0;0;1;0;0;2;0
abaissement;0;0;0;0;0;0;3;0;0;0
a_priori;0;0;0;0;0;2;0;0;0;1
a1;0;0;0;0;2;0;1;0;0;0
80km;0;0;0;0;0;0;2;0;1;0
6h30;1;0;0;0;0;2;0;0;0;0
6b_655;0;0;0;3;0;0;0;0;0;0
5j;0;0;0;0;0;0;1;0;1;1
500k;0;0;0;0;0;3;0;0;0;0
4ans;0;0;2;0;0;1;0;0;0;0
3d;0;0;0;0;0;0;2;0;1;0
322septies;0;0;0;0;0;0;0;0;0;3
22h;0;0;0;1;0;1;1;0;0;0
20x;0;0;1;0;0;0;2;0;0;0
20km;0;0;0;0;0;0;3;0;0;0
20k;0;0;0;0;0;3;0;0;0;0
200k;0;0;0;0;0;3;0;0;0;0
1mio;0;0;0;0;0;2;0;0;0;1
16h;0;0;0;0;0;2;1;0;0;0
100x;0;0;0;0;0;0;1;0;0;2
100km;0;0;0;0;0;0;3;0;0;0
100k;1;0;0;0;0;2;0;0;0;0