,;215;258;242;271;308;255;161;302;160;117;197;218;157;206;320;109
.;233;290;256;299;331;278;165;320;173;94;211;229;170;199;332;159
emji_main_qui_écrit;9;23;25;29;24;23;11;31;24;62;19;21;6;4;38;208
suisse;33;15;53;76;35;25;22;56;11;7;41;82;32;53;23;15
emji_appareil_photo;7;16;14;18;19;17;12;18;13;113;13;10;1;2;22;162
rts;8;9;19;12;8;14;8;26;16;135;9;12;2;8;25;101
keystone;4;10;2;14;14;11;4;7;3;89;7;6;2;1;3;219
info;7;6;13;8;7;9;5;21;13;122;6;8;1;2;19;97
rtsinfo;6;13;10;21;12;12;10;12;13;17;11;9;4;1;22;118
:;9;9;38;14;19;23;5;30;17;3;9;17;8;20;39;10
emji_drapeau_suisse;42;10;27;33;12;40;10;11;3;0;27;38;31;19;8;2
premier;16;18;12;13;19;27;9;18;3;1;4;19;36;24;27;2
année;17;8;17;39;9;4;14;17;6;1;13;17;11;9;33;4
!;3;0;3;3;0;3;0;2;0;104;2;4;37;24;8;6
mettre;8;9;13;13;19;10;6;24;11;1;14;14;1;9;12;3
ats;2;7;6;8;8;5;0;5;4;4;2;2;2;0;2;72
emji_appareil_photo_avec_flash;0;1;4;6;2;2;0;3;7;2;1;1;2;4;5;64
emji_main_avec_index_pointant_à_droite;6;2;8;1;2;3;1;6;3;80;0;3;3;5;6;18
monde;5;7;9;6;5;1;9;8;3;1;3;8;51;32;14;2
grand;11;4;10;6;15;18;4;6;2;1;12;18;14;14;20;1
dernier;7;17;14;16;16;9;9;5;8;1;7;6;20;19;7;1
afp;1;6;4;3;9;3;4;5;1;13;2;4;0;1;13;7
genève;25;6;4;13;4;11;3;4;11;4;11;23;6;6;9;5
lien;0;1;0;2;1;1;2;1;2;129;0;3;0;3;2;4
également;12;5;8;10;18;8;3;27;9;3;7;8;3;2;17;10
nouveau;12;9;9;18;6;17;8;7;11;4;3;13;1;6;16;0
emji_chaînons;0;1;0;1;0;0;0;2;0;126;0;0;0;0;2;3
rester;7;11;19;10;7;6;0;18;6;3;6;9;6;8;17;9
jour;12;15;11;14;18;8;5;12;1;2;1;14;6;8;10;2
pays;7;16;6;4;27;11;2;10;3;3;8;8;1;26;5;1
notamment;9;14;4;13;13;9;3;20;19;3;6;7;3;4;10;3
emji_caméscope;2;4;8;4;3;2;2;10;4;21;4;8;1;0;11;0
souligner;2;2;18;9;10;8;14;39;6;1;7;10;0;2;7;7
bio;0;0;1;1;0;0;0;1;1;129;0;2;0;2;0;4
conseil;3;2;3;13;12;48;0;5;1;2;16;13;0;1;1;9
permettre;8;4;6;12;10;9;8;21;9;1;12;8;3;5;8;5
annoncer;11;19;2;9;26;19;8;4;0;0;4;3;7;5;6;5
prévoir;17;8;2;25;13;11;5;5;0;1;13;5;1;2;9;11
face;3;9;4;10;11;6;3;9;4;1;10;15;4;24;3;5
public;5;4;3;7;16;19;5;8;2;1;18;3;3;1;23;5
canton;11;1;6;6;2;13;1;6;0;6;6;48;0;0;2;4
place;12;4;3;8;4;7;1;8;2;1;15;9;18;10;2;4
fédéral;2;6;17;13;10;28;5;5;2;2;11;7;0;0;0;6
femme;0;10;37;5;5;6;6;13;6;1;2;7;3;1;6;3
projet;3;3;2;7;9;8;6;4;2;1;23;25;0;0;13;3
novembre;13;9;5;4;6;14;5;2;1;0;13;10;2;3;8;5
viser;2;17;2;9;11;11;7;13;2;2;12;22;0;0;3;4
état;3;15;4;6;30;17;2;10;1;0;1;4;2;8;3;4
prendre;6;10;7;4;9;7;3;18;5;2;11;9;11;3;7;0
américain;2;11;1;6;57;3;4;4;1;1;1;0;8;2;4;0
voir;3;1;8;2;4;9;3;4;3;10;8;11;8;9;17;1
mondial;4;2;2;10;3;1;7;8;1;0;3;1;17;32;15;0
franc;3;4;3;40;3;8;1;3;0;0;19;12;2;0;2;3
président;0;8;0;4;50;25;3;0;1;2;6;0;1;0;2;0
groupe;2;8;3;5;6;13;7;6;0;2;0;2;0;18;16;0
fin;8;9;3;11;21;8;0;6;2;0;4;6;4;9;6;2
cliquer;0;0;0;1;0;0;0;1;0;104;0;0;0;0;0;4
national;3;6;6;10;12;17;3;2;4;0;3;19;0;14;3;1
jeune;0;3;22;7;5;5;6;15;9;0;1;4;2;3;16;2
passer;13;5;11;13;11;6;3;5;2;2;4;3;8;5;7;1
offrir;9;0;7;7;4;1;3;7;6;3;4;15;1;0;17;2
?;2;3;8;1;2;1;0;3;4;2;0;3;5;14;11;2
heure;14;15;2;9;9;6;2;12;4;0;0;4;4;3;2;3
enfant;0;17;16;0;2;2;3;17;9;0;6;3;0;2;7;5
social;3;1;4;6;9;1;3;30;7;6;5;9;1;0;6;2
unir;1;6;1;8;47;0;1;5;0;1;2;0;3;9;9;2
près_de;6;15;6;32;7;3;3;6;5;0;2;1;3;1;6;0
police;1;43;3;4;2;12;1;1;0;1;3;5;0;0;2;5
homme;1;20;13;3;14;7;3;7;4;0;0;0;3;6;3;3
décembre;20;2;1;6;7;2;0;3;0;0;4;4;3;5;13;4
aller;5;3;5;8;12;2;3;4;1;0;15;2;6;11;11;2
service;12;5;5;4;6;2;0;9;2;1;9;20;0;1;3;6
devenir;5;0;2;6;1;11;9;5;3;2;3;7;8;5;20;4
photo;0;2;1;1;1;2;1;0;0;67;0;0;0;0;8;3
équipe;0;2;2;3;1;2;6;8;5;0;3;2;6;44;5;2
nouvelle;8;4;8;2;3;6;2;5;0;2;15;2;2;8;19;2
demander;6;2;3;9;9;18;3;6;1;3;2;14;1;1;0;4
révéler;1;5;9;5;3;4;1;15;20;2;5;1;1;1;16;1
retrouver;2;3;4;1;2;3;3;7;3;15;4;1;3;2;7;4
jeudi;20;13;1;2;12;6;5;2;1;0;4;3;10;3;1;1
ville;10;3;1;5;6;4;3;3;2;4;23;4;2;3;6;1
travail;4;0;6;14;6;1;3;13;0;0;10;17;0;1;6;0
politique;1;5;2;1;21;23;2;8;1;0;6;6;0;1;4;4
partir;8;0;2;7;14;28;1;4;1;0;5;4;2;0;3;5
initiative;2;0;2;5;3;19;4;4;1;4;5;29;0;1;3;5
fois;10;0;8;10;4;3;2;7;2;2;1;5;9;6;10;1
lausanne;25;0;3;3;1;12;6;1;5;1;12;4;1;1;2;2
prochain;6;1;2;9;13;5;1;1;0;2;4;11;3;8;5;4
prix;0;1;0;34;5;0;3;2;0;2;5;2;0;8;8;0
international;3;8;4;3;21;3;2;7;1;1;3;3;2;2;11;2
indiquer;7;14;4;12;5;4;3;12;0;2;9;3;2;1;0;3
santé;0;2;11;3;2;2;3;36;10;2;3;1;0;0;1;2
étude;2;0;14;3;0;2;2;17;28;0;2;0;0;0;7;6
semaine;10;9;1;8;13;3;7;3;1;0;3;7;5;4;2;2
mesure;2;1;4;12;8;5;0;8;1;1;22;8;0;1;0;6
trump;0;6;0;1;64;0;1;1;0;1;0;1;0;0;2;1
sécurité;4;13;8;3;10;10;1;10;0;0;6;6;0;0;2;4
lundi;11;13;1;3;9;7;3;0;1;0;6;4;2;8;5;3
dimanche;9;16;2;2;10;13;2;4;0;0;1;4;5;4;2;1
désormais;9;6;8;4;8;4;8;7;0;0;8;11;1;2;1;1
temps;4;1;4;8;1;4;0;2;3;0;6;8;4;10;10;6
jean;2;0;1;0;1;3;1;2;0;12;1;4;0;1;3;43
situation;4;13;8;5;6;9;1;14;0;5;7;1;0;0;0;4
population;1;8;15;9;0;9;1;7;2;3;4;10;0;0;0;4
noël;5;0;1;6;0;2;3;2;0;0;1;1;6;3;4;4
connaître;4;2;4;4;2;2;5;3;2;0;4;0;10;3;21;0
vie;0;5;6;2;2;2;8;23;9;1;1;0;2;0;11;1
partie;2;6;6;9;12;5;6;3;4;1;0;5;0;8;0;4
ligne;28;3;1;8;4;3;1;5;2;0;2;3;3;0;4;2
octobre;4;18;4;1;7;5;1;2;0;0;3;1;6;9;2;0
expliquer;2;4;8;8;8;1;5;5;13;2;0;3;1;8;3;4
enquête;3;5;7;6;5;11;0;12;1;3;3;1;0;0;1;5
droit;0;3;1;3;16;19;0;10;1;0;3;3;2;1;4;3
couper;3;1;0;1;6;4;1;2;0;0;1;2;26;20;0;3
atteindre;15;3;18;4;3;3;3;4;4;0;2;2;2;2;1;0
rendre;2;3;4;4;11;2;3;5;6;1;0;7;2;8;14;2
français;3;3;0;6;10;4;4;3;0;1;0;1;11;3;10;1
mort;0;28;5;2;11;4;7;3;0;0;0;1;1;3;4;0
marquer;4;0;5;3;5;13;6;1;1;0;1;4;2;9;14;0
déclarer;1;6;4;4;19;7;2;3;0;0;2;2;2;5;9;2
violence;1;11;13;0;1;6;2;16;0;2;1;6;0;1;4;3
mois;5;6;5;9;6;4;3;6;0;0;9;0;2;2;5;3
réseau;5;4;0;7;8;0;1;19;4;1;0;5;3;0;7;1
nombre;1;4;26;12;2;2;0;4;1;1;0;8;2;0;0;3
lancer;2;8;5;3;1;8;0;0;5;1;8;9;4;4;10;0
gouvernement;0;4;2;2;13;20;1;4;0;4;6;2;0;0;3;2
continuer;1;7;4;3;4;5;3;10;0;1;3;4;4;1;13;6
christian;0;1;0;2;0;1;0;2;0;5;1;1;0;0;0;51
gaza;0;52;0;0;5;2;0;3;1;0;0;1;0;0;1;2
victime;0;10;8;1;5;7;1;20;2;0;0;3;2;0;1;2
ouvrir;6;1;0;3;4;7;2;2;4;0;8;1;0;7;7;5
france;9;1;0;4;14;0;1;2;0;0;4;6;1;7;9;0
décision;1;3;1;15;16;6;2;3;1;3;4;4;1;2;2;2
vendredi;12;12;1;6;11;2;4;5;0;1;1;0;3;4;2;1
suite;3;11;0;1;8;9;2;1;3;7;2;1;4;6;5;0
risque;4;1;5;4;5;0;0;22;12;0;3;1;0;0;0;1
cas;1;3;11;13;1;2;2;11;6;1;2;1;1;0;0;4
attendre;13;3;7;2;5;9;1;4;1;0;0;3;2;6;2;3
association;3;1;3;1;7;2;6;17;2;0;9;3;0;5;0;0
suivre;2;0;6;1;5;7;1;6;3;7;7;2;2;7;2;2
européen;3;1;5;5;9;5;1;10;2;1;11;1;1;1;3;1
soutenir;1;9;4;1;10;19;4;2;2;1;3;1;0;0;3;1
rapport;3;3;17;16;1;3;0;9;2;0;4;2;0;0;2;0
ministre;0;15;1;2;18;21;2;3;0;0;2;0;0;0;0;0
mardi;9;11;2;3;8;10;1;1;0;0;5;1;1;6;1;1
lieu;6;8;6;5;6;1;10;2;0;0;2;0;2;5;3;3
effet;5;1;6;4;2;2;0;3;18;0;2;1;2;5;2;4
créer;0;3;3;5;5;2;4;4;1;2;2;4;1;4;15;1
christophe;1;1;0;0;0;1;0;0;0;14;0;1;0;0;0;43
centre;3;9;3;6;4;11;3;6;2;1;8;0;0;4;1;1
toucher;11;8;8;5;4;1;1;10;3;1;1;5;0;0;7;0
samedi;9;14;1;1;7;2;2;4;0;0;2;3;9;3;1;1
pexels;0;0;6;1;2;0;1;6;5;7;4;1;0;0;5;10
montrer;1;3;11;3;6;5;3;4;7;3;3;1;4;0;9;1
donald;0;6;0;0;54;0;0;0;0;1;0;0;0;0;2;1
mercredi;8;5;3;2;9;8;1;6;0;0;0;2;1;8;4;0
israélien;0;46;0;0;1;5;0;0;0;0;0;0;0;0;0;0
autorité;5;25;3;1;3;4;4;9;1;2;2;2;0;0;0;1
région;7;14;1;3;7;1;6;3;4;0;3;7;2;0;2;0
animal;0;0;31;2;1;0;3;3;4;0;1;3;0;0;5;0
nombreux;4;3;12;6;9;2;3;5;1;0;1;4;0;2;3;2
début;7;5;6;6;6;3;0;2;0;0;7;2;7;2;5;0
événement;6;1;2;3;1;7;3;6;1;0;6;1;0;5;8;2
record;8;1;1;9;1;2;1;1;0;0;2;0;16;4;7;1
nuit;27;8;1;0;5;2;0;0;0;0;1;1;1;1;1;1
beutler;0;0;0;1;0;0;0;0;0;5;1;0;0;0;0;49
bally;0;0;0;1;0;1;0;0;2;4;0;0;0;0;0;48
accord;1;15;0;2;23;5;1;1;0;0;2;2;0;0;1;2
trouver;2;3;17;2;5;2;2;1;1;3;7;0;1;2;4;1
succès;2;0;4;1;4;1;3;4;2;0;2;0;11;12;10;0
htag_sportxinfo;0;0;0;0;0;0;0;0;1;0;0;1;1;0;0;2
gaetan;0;0;0;1;0;1;0;0;2;2;0;1;0;0;0;48
estimer;3;4;2;16;4;6;4;3;3;0;6;3;0;0;0;3
appeler;1;5;2;1;10;3;2;10;3;0;3;4;0;3;3;7
ancien;2;3;6;1;8;13;4;1;0;1;0;3;0;5;2;0
sport;0;0;1;1;0;0;0;1;2;0;4;1;4;9;3;1
résultat;0;0;3;2;0;26;0;3;5;1;2;4;7;1;1;2
important;1;11;3;8;12;1;0;5;1;0;0;4;0;4;3;4
etat;2;9;1;4;3;17;0;0;0;2;4;6;0;0;0;2
cours;2;6;4;3;11;6;1;8;4;0;4;2;1;0;0;6
agir;4;4;0;4;1;4;1;2;8;4;11;2;2;0;2;2
victoire;0;0;0;0;6;6;1;1;0;0;1;1;23;15;1;0
plan;1;9;1;3;12;3;2;9;0;0;6;5;0;0;1;0
mener;1;12;2;2;4;3;2;5;8;1;2;3;1;5;1;2
vaudois;1;1;0;2;1;18;7;0;2;0;6;7;3;2;1;1
saison;6;1;3;3;0;0;1;1;0;1;1;0;28;5;1;0
raison;7;4;8;4;5;0;2;3;4;0;7;3;2;2;2;1
organisation;1;2;6;3;2;7;5;16;2;0;5;1;0;2;3;0
niveau;8;2;9;3;0;10;0;5;2;0;0;6;2;4;0;3
communiqué;2;4;6;6;4;7;4;10;0;0;1;1;1;3;3;1
publier;2;1;7;10;5;3;2;5;6;2;4;0;0;2;3;2
importance;0;0;10;2;1;2;6;19;3;2;2;2;0;0;3;3
complet;1;0;0;2;0;3;0;2;1;17;3;1;4;0;0;1
bott;1;0;0;0;0;1;0;0;0;11;0;0;0;0;0;41
utiliser;0;6;1;1;3;0;0;18;6;0;5;1;0;0;8;2
train;38;2;0;1;2;1;0;0;0;1;0;2;0;0;1;2
renforcer;8;1;1;4;5;4;1;9;1;4;6;3;0;0;2;3
proposer;2;1;3;8;3;4;2;6;2;1;3;4;1;2;9;1
local;4;5;3;2;4;4;5;5;0;2;3;0;0;1;12;2
habitant;4;15;3;0;1;1;3;4;2;2;9;3;0;4;0;0
venir;6;0;2;2;4;1;3;1;1;1;2;8;0;7;7;1
seulement;1;1;9;4;1;2;2;6;4;0;0;2;10;5;3;0
seul;1;3;8;8;3;0;2;2;1;0;2;9;2;6;3;3
réduire;8;1;5;7;4;0;0;10;7;2;4;3;0;0;2;1
zurich;9;3;5;1;0;2;1;4;1;0;7;7;2;0;0;1
zone;4;13;6;2;0;0;0;8;2;0;6;2;0;5;1;1
voix;0;1;1;1;2;32;1;1;3;1;0;1;1;0;5;0
revenir;3;0;2;5;2;1;0;3;2;1;5;5;5;6;3;0
retour;6;4;3;3;2;3;1;3;0;1;1;6;7;7;2;1
membre;1;10;3;3;3;8;9;6;1;0;1;1;0;2;0;3
etats;1;2;1;4;26;7;0;1;1;2;1;2;1;0;0;2
armée;0;35;3;0;5;1;0;3;0;0;0;1;0;0;0;1
site;2;2;0;8;3;0;3;7;1;3;7;1;1;2;7;2
juger;0;1;1;10;6;11;0;5;1;0;1;8;0;1;2;1
entreprise;0;0;2;17;4;1;1;4;1;0;2;13;0;0;2;1
emji_caméra;2;2;0;3;3;2;1;2;2;4;1;1;0;1;4;2
directeur;0;2;13;4;2;1;8;5;2;1;0;10;0;0;0;1
attaque;0;35;3;2;4;0;0;3;0;0;1;2;1;0;0;0
titre;0;1;0;3;4;0;3;4;0;0;1;0;14;6;9;0
petit;2;0;10;1;0;2;2;2;7;1;2;0;1;4;3;2
participer;4;2;2;2;6;1;1;1;2;3;13;1;2;5;2;1
lier;2;2;2;4;6;4;1;16;3;0;1;3;1;1;4;0
frapper;3;34;2;0;2;0;3;0;0;0;0;0;2;1;2;1
famille;3;0;2;4;9;1;6;7;0;1;1;6;0;1;3;0
soir;10;7;1;0;6;8;1;2;0;0;0;1;3;4;2;0
poste;0;2;0;23;2;5;1;1;0;0;3;5;0;4;2;0
michael;1;0;0;2;1;2;0;0;0;5;0;3;0;0;2;29
image;2;1;4;1;2;4;0;3;4;5;0;0;0;2;14;0
critique;0;2;3;5;10;3;3;12;1;0;2;2;1;1;2;2
course;2;0;0;2;1;2;0;1;1;0;4;2;24;0;2;1
conseiller;3;3;2;0;0;18;0;6;5;1;2;7;0;0;0;2
confirmer;2;8;3;1;4;8;2;2;2;1;3;4;0;1;4;1
affirmer;0;11;1;2;7;4;4;0;1;1;4;2;0;2;7;2
élevé;9;4;5;8;0;1;0;1;6;2;1;1;0;4;0;1
remporter;0;0;0;0;1;8;0;0;0;0;1;0;25;8;4;0
présenter;3;0;1;1;4;2;3;6;4;1;9;5;2;2;3;1
minute;4;3;2;2;1;2;0;2;1;0;2;0;10;12;4;1
condition;2;1;1;3;0;4;0;12;4;1;12;1;0;1;1;1
commun;0;1;2;3;2;9;2;3;1;3;7;9;0;1;0;3
annonce;3;3;1;11;3;5;1;0;0;1;1;1;4;0;6;1
affaire;0;3;3;2;13;6;2;2;3;0;0;3;0;0;0;1
rencontre;0;0;1;0;17;5;3;2;0;1;2;0;1;8;2;0
mètre;17;0;3;0;1;1;1;1;0;0;3;2;2;0;6;1
manifestation;1;14;1;1;2;11;1;0;1;0;0;4;0;1;3;1
laurent;0;0;0;1;1;1;2;1;2;6;3;0;0;1;0;28
journée;4;2;9;2;8;2;0;0;0;5;1;6;1;0;1;1
israël;0;27;0;0;9;6;0;0;0;1;0;1;1;0;0;0
haut;1;3;2;2;4;1;11;2;0;1;2;2;4;2;3;2
guerre;3;8;1;3;15;1;2;1;0;0;3;1;0;1;5;0
donner;3;1;2;2;7;8;1;2;1;0;1;5;2;4;5;1
compte;1;1;2;7;1;2;1;11;1;1;1;5;1;1;7;3
augmenter;4;0;15;11;0;1;1;3;3;1;1;2;0;0;1;2
ajouter;2;1;3;4;9;4;1;4;1;2;1;1;0;2;9;1
âge;0;0;13;4;5;1;6;4;1;1;2;0;3;2;1;1
professionnel;0;0;5;3;0;2;1;18;2;0;0;1;1;2;5;2
poursuivre;3;2;0;4;2;7;1;7;1;3;4;0;3;3;4;2
meilleur;1;0;2;3;1;0;1;4;0;1;2;2;14;9;4;1
impact;1;3;2;2;1;4;4;12;3;0;4;3;0;0;6;1
proche;3;4;1;2;11;2;0;5;3;1;1;2;1;2;1;0
objectif;1;2;3;1;2;3;1;7;4;0;3;11;0;1;2;3
marché;1;0;3;5;1;0;2;1;1;2;9;5;1;0;7;0
espèce;0;0;31;3;0;0;1;0;1;0;0;1;0;0;3;0
dénoncer;0;9;1;5;11;5;0;4;1;1;1;1;0;0;3;1
campagne;1;1;4;3;2;4;0;2;4;1;3;2;0;6;5;0
assurer;0;5;1;11;4;3;1;6;1;0;1;4;0;2;1;3
ap;0;0;0;0;1;0;0;0;0;4;1;0;0;0;0;6
aide;2;11;2;1;7;5;1;6;3;0;1;2;0;0;0;2
accueillir;6;6;1;4;3;1;11;1;0;0;1;5;1;1;2;1
système;0;4;1;2;1;4;1;2;5;0;11;9;0;0;1;3
réaliser;2;0;8;3;1;2;1;6;0;0;2;1;9;0;7;0
précédent;1;2;5;10;1;3;0;3;2;0;5;2;2;3;4;0
palestinien;0;34;0;0;4;2;0;1;0;0;1;0;0;0;0;0
majeur;3;3;2;2;3;7;4;7;2;0;1;4;0;0;3;1
janvier;3;0;0;1;9;5;2;0;0;0;9;7;2;0;4;1
inscrire;0;0;1;13;4;2;5;1;1;1;2;2;1;8;0;3
humain;1;1;3;1;2;0;0;9;11;0;3;0;0;0;10;1
côté;1;5;0;0;6;3;3;0;0;2;5;1;5;3;5;0
billet;3;3;0;17;1;0;0;0;0;0;0;0;0;12;1;0
émission;0;0;5;2;2;1;1;1;1;2;4;2;0;1;4;2
édition;1;1;1;0;0;2;2;2;0;0;2;0;5;5;14;1
sortir;1;3;1;1;5;5;2;1;1;0;0;0;2;6;10;0
recevoir;0;4;3;1;7;4;2;5;0;1;4;1;2;1;4;0
histoire;0;1;1;0;3;1;7;1;0;1;0;1;9;4;10;0
général;0;5;4;2;6;6;0;5;2;0;0;3;5;1;0;2
di;0;0;0;0;0;3;0;0;0;6;1;0;0;0;1;33
deuxième;2;1;3;0;1;7;0;0;1;0;0;2;17;3;0;1
concerner;4;3;4;13;1;4;0;6;1;1;1;4;0;0;0;1
but;2;1;0;0;1;1;1;0;0;1;0;0;0;29;0;1
éviter;1;2;0;4;3;5;2;12;6;0;0;2;2;1;1;0
économique;0;0;4;9;7;4;4;0;2;2;2;1;0;0;0;3
vert;0;1;0;1;4;18;0;1;0;0;5;3;1;4;2;1
udc;0;0;0;0;0;33;1;0;0;0;0;4;0;0;0;2
secteur;3;1;1;7;4;1;2;7;0;0;6;3;2;0;2;2
produit;0;0;1;2;5;0;0;5;6;1;7;1;0;0;3;1
pari;1;3;0;1;1;0;2;0;2;0;0;1;4;0;2;0
majorité;0;1;2;8;1;18;0;4;2;0;2;2;0;0;2;1
joueur;0;1;0;0;1;0;0;0;0;0;0;1;4;31;3;0
chiffre;2;1;6;14;1;1;0;4;1;1;1;4;2;0;2;1
changement;6;0;2;4;3;4;0;4;5;1;1;5;1;0;2;4
cessez_le_feu;0;34;0;0;4;1;0;0;0;1;0;0;0;0;0;0
accuser;1;17;0;0;15;1;1;0;0;0;0;0;0;0;0;0
romand;5;0;0;10;0;1;2;5;0;3;2;9;2;0;1;1
gauche;0;3;0;1;8;18;1;1;0;0;3;2;2;0;1;1
europe;3;0;2;3;0;1;2;8;0;0;4;4;0;7;1;1
enregistrer;13;1;8;2;1;3;0;4;1;0;3;1;2;0;1;1
comprendre;3;2;3;5;2;2;0;5;8;1;1;1;0;4;1;0
cause;4;1;6;0;1;6;1;8;3;1;2;3;0;1;1;0
tour;0;1;0;0;0;10;5;1;1;0;2;1;6;3;3;1
rappeler;2;1;2;2;1;3;0;10;1;1;2;3;0;1;7;4
phénomène;2;0;5;1;1;0;0;4;6;0;2;2;1;1;7;1
neige;24;0;2;0;0;0;1;1;1;1;0;0;0;4;0;3
match;0;0;0;0;0;0;0;0;0;0;0;0;2;34;0;0
km;14;8;2;0;1;0;0;2;0;2;1;1;1;0;1;0
jouer;0;2;0;2;3;0;2;5;4;0;0;1;0;16;4;1
inclure;4;2;0;4;1;1;2;2;3;0;6;10;0;1;2;2
emji_drapeau_états_unis;0;0;0;0;35;1;2;0;0;0;0;0;0;0;1;0
débat;1;0;0;2;1;6;0;0;1;3;9;1;2;3;3;2
dollar;1;0;0;12;4;0;0;0;0;0;1;0;0;5;8;0
baisser;2;0;11;15;3;1;0;2;0;0;3;1;0;0;0;1
artiste;0;0;0;0;1;0;13;0;0;0;0;1;0;1;18;2
vol;8;3;0;8;0;0;1;4;0;0;0;0;0;0;4;1
vidéo;1;2;1;0;5;0;0;3;1;1;1;0;3;2;18;0
the;0;0;1;0;2;1;12;0;1;0;0;0;3;3;9;0
susciter;0;0;0;3;5;2;0;6;0;0;8;0;1;3;2;1
soutien;0;5;0;5;4;2;4;10;0;1;4;2;0;0;0;1
sexuel;0;2;1;0;11;2;0;8;4;0;0;1;0;0;2;1
saint;7;1;1;1;0;7;0;0;0;1;2;5;7;4;1;1
recherche;1;3;2;0;0;1;2;2;15;0;6;2;0;0;5;0
long;4;2;2;0;2;3;3;3;7;0;1;2;1;1;7;1
justice;0;1;1;3;8;3;0;2;0;0;5;3;0;0;0;0
géant;3;0;1;5;1;0;0;1;0;0;1;2;13;0;6;0
exprimer;0;2;1;2;10;12;3;2;0;0;2;1;1;0;3;0
euses;3;1;4;1;1;2;0;6;4;0;6;3;1;0;3;1
crise;1;6;0;2;5;5;1;7;1;0;7;4;0;0;0;1
considérer;4;3;0;9;1;3;2;6;0;0;0;2;0;1;1;5
climatique;6;1;2;0;4;2;1;7;0;0;2;8;0;0;0;3
cantonal;4;7;0;1;1;11;2;2;0;1;4;6;0;0;0;1
élection;0;0;1;0;3;31;0;0;1;1;0;0;0;0;1;0
école;1;1;3;1;1;1;1;5;0;1;0;16;0;0;2;2
sujet;0;1;1;2;3;3;0;7;1;8;4;0;0;1;4;0
rôle;0;2;0;1;5;1;6;7;6;1;0;0;1;2;6;1
nolfi;0;0;0;0;0;1;0;0;0;6;0;0;0;0;0;32
matin;16;12;0;0;0;2;4;0;1;0;0;0;1;0;0;0
manquer;0;0;0;0;4;1;4;7;3;0;8;0;1;3;2;6
loi;0;0;0;4;11;11;0;2;0;0;5;4;0;0;0;0
imago;0;0;1;0;1;0;0;1;2;0;0;0;1;1;1;6
hiver;8;0;6;5;0;0;0;0;0;0;5;1;4;0;0;1
euro;0;0;0;15;4;1;5;0;0;1;0;0;0;9;1;0
emji_drapeau_france;2;1;0;3;4;3;3;2;0;0;0;2;2;1;2;0
charger;2;2;2;4;3;0;1;8;1;1;3;5;0;0;2;3
causer;9;13;6;1;0;0;0;4;2;0;1;0;0;0;1;0
bâle;13;0;1;4;1;1;1;0;1;2;3;1;2;1;3;2
urgence;5;5;1;2;1;0;1;17;0;0;0;2;0;0;1;0
total;3;1;4;4;0;1;1;1;0;0;4;6;5;2;1;4
salvatore;0;0;0;0;0;1;0;0;0;6;0;0;0;0;0;31
parlement;1;1;0;4;5;10;0;2;0;2;8;2;0;0;0;3
oeuvre;1;0;0;2;1;0;3;2;1;1;1;2;0;0;14;2
fermer;9;3;2;6;1;1;2;2;1;0;1;1;1;1;1;0
expérience;1;0;2;1;1;1;4;5;4;0;0;3;1;0;13;0
epa;0;0;0;2;2;1;1;1;0;2;0;0;0;0;0;3
célèbre;1;2;2;0;0;5;9;0;0;0;0;0;1;4;12;0
augmentation;0;1;2;18;1;2;0;1;5;0;2;2;0;0;1;3
1er;4;4;0;2;3;3;1;0;0;0;7;2;2;2;4;1
officiel;0;6;3;1;2;8;0;1;0;1;1;2;1;1;4;1
milliard;3;0;0;16;2;0;0;1;0;1;3;1;0;0;1;0
imposer;0;0;0;2;3;2;1;3;1;0;4;2;9;6;2;1
cadre;3;5;5;2;2;5;1;3;0;0;1;2;0;0;2;1
besoin;1;1;7;6;1;3;0;4;1;2;3;2;0;0;5;0
vente;4;0;0;10;1;0;0;2;3;0;4;2;0;0;5;0
valoir;3;2;0;2;0;1;1;0;0;1;5;9;2;2;2;1
office;1;3;16;4;1;0;4;0;0;1;3;1;0;0;0;0
obtenir;0;4;2;3;2;10;0;1;0;0;3;2;3;2;3;0
marque;0;1;1;2;6;3;0;0;0;1;0;1;0;3;13;0
emji_ballon_de_football;0;0;0;0;0;0;0;0;0;0;0;0;0;35;0;0
eau;9;4;1;2;0;0;3;7;1;0;3;1;0;0;1;0
champion;0;1;0;0;0;0;0;0;0;0;0;0;18;13;1;0
berner;8;6;1;0;0;1;1;0;0;1;3;9;0;4;0;2
battre;2;0;0;3;3;1;0;0;0;0;0;0;14;7;2;0
étranger;0;2;1;3;6;7;3;1;0;1;1;4;0;0;2;1
week_end;8;0;0;0;2;0;0;1;1;0;2;1;10;2;2;2
vaud;7;0;0;3;1;3;0;1;0;2;2;13;0;0;0;1
sud;2;13;2;0;4;0;0;1;0;0;1;1;0;2;2;1
reconnaître;0;0;2;6;12;0;4;1;2;1;0;0;0;0;3;1
précis;1;1;2;8;2;1;1;4;3;0;4;1;0;2;4;1
maladie;0;0;2;7;0;0;4;6;9;0;1;1;0;0;1;0
identifier;0;2;6;4;1;0;1;9;5;0;2;1;0;0;1;1
hôpital;0;5;4;1;0;1;0;11;2;0;1;8;0;0;1;0
financier;0;0;3;8;5;2;0;4;0;0;6;4;0;0;0;2
espérer;0;0;7;1;2;0;5;0;0;3;0;4;3;1;6;1
décider;1;1;0;2;8;1;1;2;2;0;7;0;1;4;0;1
cff;25;0;1;3;0;0;0;1;0;0;0;0;0;0;0;3
accès;3;4;3;4;1;0;0;10;1;0;5;0;0;1;1;2
économie;0;0;0;8;5;3;1;1;0;0;9;3;0;0;0;1
tuer;0;26;0;0;1;1;1;1;0;0;1;0;0;0;0;0
traitement;0;1;2;1;0;0;1;3;17;0;0;3;0;0;3;0
tenir;1;0;1;0;4;2;0;6;0;1;3;4;4;2;4;1
société;0;0;5;2;3;2;1;1;0;1;6;4;0;0;3;3
scène;1;4;0;0;0;0;2;0;0;1;0;0;0;0;21;1
protection;0;2;11;0;0;1;0;13;0;0;2;1;0;0;0;3
porter;2;2;2;2;9;1;5;1;0;0;1;2;0;1;1;0
particulièrement;5;2;7;3;1;2;1;3;4;0;1;4;0;1;0;0
partager;1;1;2;1;0;1;6;3;2;0;0;2;0;1;11;1
organiser;0;1;0;1;4;4;1;3;0;0;7;3;5;3;0;1
nom;1;0;0;2;6;4;4;4;0;0;0;1;1;5;5;0
neuchâtel;4;0;0;3;0;0;6;1;2;2;0;14;0;0;0;1
musée;1;2;0;3;1;0;11;0;0;1;2;0;0;0;2;0
moment;1;2;1;2;3;1;8;2;2;0;0;1;2;1;4;1
millier;2;13;1;0;5;2;1;2;1;1;0;1;0;1;4;0
militaire;2;10;0;2;16;0;1;0;0;0;0;2;0;0;0;0
intervenir;0;8;1;3;9;4;0;2;1;0;0;1;0;0;1;1
information;1;2;2;0;0;1;0;6;2;1;0;3;0;1;4;5
humanitaire;0;18;0;1;4;2;0;5;1;0;0;0;0;0;0;1
hamas;0;29;0;0;3;0;0;0;0;1;0;0;0;0;0;0
film;0;0;0;0;1;1;0;0;0;1;0;0;0;1;21;0
entraîner;3;2;3;2;2;2;0;1;8;0;4;0;2;3;1;0
contrôle;0;5;3;5;2;1;0;1;0;2;2;3;0;1;0;0
ch;1;0;0;0;0;0;0;2;1;18;1;1;1;0;0;3
buholzer;1;0;0;1;0;0;0;0;0;1;0;1;0;0;0;28
appel;0;3;3;0;1;4;0;1;1;1;1;1;0;0;2;0
action;0;2;1;2;2;0;1;15;0;0;1;4;0;0;2;1
âgé;0;5;9;1;3;0;0;1;2;1;0;0;2;0;4;1
série;1;3;0;3;1;1;2;2;0;0;0;0;0;3;15;0
station;11;0;1;5;0;0;0;0;1;0;5;2;2;0;1;3
réunir;3;3;0;0;5;4;2;1;0;0;5;3;0;2;3;1
reuters;1;5;0;0;2;0;0;0;0;4;0;0;0;1;1;3
problème;0;0;4;2;1;1;0;12;3;0;1;2;0;0;2;4
play;0;0;0;0;0;0;0;1;0;2;0;0;0;3;2;0
nord;7;6;0;0;1;0;4;1;0;0;2;1;0;7;1;2
moyenne;5;1;11;6;2;0;0;0;0;1;0;4;0;0;0;2
martin;2;1;0;0;3;3;0;2;0;2;0;1;0;0;1;4
lumière;1;0;9;0;1;0;0;5;4;0;0;1;0;0;7;1
final;0;0;1;1;1;1;1;0;0;0;0;0;10;13;2;1
fan;0;0;1;0;0;1;4;2;0;0;0;0;0;14;10;0
engager;0;2;5;1;12;1;1;4;0;0;0;4;1;0;1;1
droite;2;0;0;2;6;15;0;0;0;0;1;2;0;1;0;0
civil;1;18;3;1;1;2;0;3;0;0;1;0;0;1;1;0
budget;1;0;0;4;2;10;0;0;0;0;9;2;0;0;1;1
base;0;0;2;5;3;2;1;6;7;0;0;2;0;1;2;1
arriver;7;3;1;2;4;4;0;2;1;0;0;0;3;1;0;2
adapter;0;0;3;4;0;0;0;1;1;0;5;10;0;0;5;2
accident;6;1;6;1;0;1;1;8;2;0;0;1;1;0;0;0
écrire;0;1;3;1;8;5;2;0;0;1;1;1;1;2;4;0
terme;1;0;1;0;3;1;0;11;8;0;1;1;1;0;2;0
température;20;0;1;0;0;0;0;2;2;0;1;1;0;0;0;1
répondre;3;2;3;4;3;3;1;1;0;0;0;4;1;1;1;1
représenter;0;1;8;4;1;1;3;2;0;1;1;1;1;2;5;0
quotidien;1;2;2;1;0;0;4;5;5;0;6;2;0;0;1;1
produire;0;3;1;1;0;2;1;4;3;0;1;1;2;0;9;0
prison;1;1;0;0;3;0;2;2;0;0;0;0;0;0;1;0
part;2;1;2;3;2;0;2;4;2;0;2;3;0;2;2;1
objet;1;8;3;3;0;2;3;2;0;0;0;2;0;0;5;0
média;2;4;0;2;8;1;1;1;1;0;3;1;0;2;4;0
moitié;2;1;13;7;0;0;0;0;1;0;0;0;1;2;0;1
hausse;2;1;9;12;0;0;0;6;0;1;0;0;0;0;0;1
fribourg;6;0;1;0;0;2;0;1;0;1;1;14;2;1;0;1
feu;1;5;0;0;3;4;0;0;0;1;4;3;0;4;3;0
essentiel;0;1;3;0;3;0;3;10;6;0;1;2;0;1;0;0
défi;2;0;1;3;3;0;4;1;0;2;1;6;1;1;6;0
découvrir;1;0;2;0;0;1;4;0;0;4;2;2;1;1;8;0
direct;8;0;2;0;0;1;0;2;1;2;2;4;0;5;1;0
difficile;0;0;3;5;5;1;0;5;3;3;3;1;2;0;0;1
carrière;0;0;3;0;2;0;1;0;1;0;3;1;9;6;4;0
bande;0;18;0;2;0;0;0;1;0;1;0;1;1;1;3;0
ukraine;0;5;0;0;20;0;0;1;0;1;0;0;0;2;0;1
territoire;1;13;0;0;4;2;2;2;1;1;1;1;0;0;0;1
terminer;2;3;0;0;0;1;2;0;0;0;0;0;11;5;1;1
ski;2;1;0;5;1;0;0;1;0;0;3;1;11;1;0;1
responsable;1;5;0;2;10;1;0;2;1;1;0;2;0;0;1;1
question;2;1;2;1;2;1;0;3;5;0;0;4;0;3;3;2
porte;0;3;0;10;0;5;2;1;1;0;0;0;1;2;2;2
peter;0;0;0;0;0;0;0;0;0;1;0;1;0;0;1;21
ouverture;2;0;0;4;0;7;1;0;0;1;1;0;1;1;4;4
martial;0;1;0;1;3;3;0;1;0;6;0;1;2;0;2;11
laisser;0;0;5;2;6;1;1;4;0;0;2;0;0;1;5;2
jeu;1;0;0;0;0;0;3;1;0;0;0;1;4;4;15;0
intervention;1;10;0;1;3;2;0;10;0;0;1;0;0;0;2;0
historique;2;0;1;2;2;3;3;0;1;0;5;1;1;4;4;0
grave;0;5;0;1;4;0;1;9;2;0;0;0;3;0;0;2
emji_drapeau_territoires_palestiniens;0;28;0;0;1;2;0;0;0;0;0;0;0;0;0;0
départ;9;0;5;8;1;1;0;1;0;0;0;0;1;1;1;1
dossier;1;0;0;1;5;6;1;2;0;2;1;1;0;1;0;2
coût;1;0;1;18;2;1;0;1;1;1;0;2;0;0;0;2
art;0;0;0;0;1;0;14;0;1;0;0;0;0;1;9;0
arrivée;7;2;0;0;2;4;1;2;0;0;1;0;8;0;0;1
adopter;1;2;1;5;11;3;0;0;1;0;1;4;0;0;1;0
actuellement;1;1;5;8;4;2;1;3;0;0;3;1;1;0;0;0
acteur;0;0;1;2;4;0;5;0;1;1;1;1;1;2;11;0
vote;1;0;0;1;3;18;0;1;0;1;2;1;0;0;0;1
vivre;0;3;7;0;2;0;6;2;1;0;1;4;0;2;0;0
université;0;1;0;0;0;2;0;2;14;0;0;6;0;0;0;0
scientifique;0;1;1;0;2;0;1;5;11;1;1;0;0;0;6;0
protéger;0;3;8;1;3;1;0;7;2;1;1;1;0;0;0;1
pression;0;2;0;5;4;5;1;6;1;0;0;0;0;2;2;0
paix;0;6;0;0;18;1;0;1;0;0;0;0;0;2;0;0
onu;0;10;0;0;11;3;0;1;0;0;1;2;0;1;0;0
musique;0;0;0;1;0;0;4;0;0;0;0;0;0;0;18;1
maison;0;2;1;5;5;1;2;1;3;0;0;0;0;1;0;1
jurer;5;5;2;2;0;2;0;2;0;1;1;4;0;0;0;2
espace;0;1;3;0;0;0;6;1;3;0;7;1;0;1;3;1
chef;0;4;0;0;8;8;0;1;0;0;3;0;0;0;0;2
actuel;1;1;0;3;3;10;0;1;1;1;3;1;0;1;2;0
établir;1;2;2;6;2;0;2;3;2;0;0;1;1;2;3;1
tête;1;0;2;2;1;4;0;0;1;0;3;2;4;3;0;0
tendance;0;0;9;3;0;1;0;3;5;0;1;2;0;0;4;1
supplémentaire;5;0;1;10;0;2;0;4;1;0;1;2;0;1;1;0
rouge;3;1;6;0;0;0;0;1;2;0;4;0;0;1;4;1
présence;0;1;2;6;1;2;2;2;2;1;1;0;1;0;5;3
privé;2;2;2;7;2;1;1;2;0;2;2;1;0;0;0;3
pratique;1;0;1;6;3;2;0;5;0;1;4;1;0;0;4;0
policier;2;10;1;0;0;7;0;3;0;0;1;1;0;0;3;1
perdre;0;3;1;5;5;3;1;1;0;0;0;0;0;6;2;1
origine;2;1;0;1;1;0;5;5;5;0;1;2;1;1;2;0
nouvel;5;3;0;0;0;1;0;4;3;2;0;0;3;1;4;0
naturel;0;1;10;2;1;0;1;0;7;0;2;2;0;1;2;0
italien;0;0;0;2;1;1;3;0;1;1;3;2;4;5;1;0
h;13;4;0;1;0;0;0;1;1;0;2;0;0;1;0;1
futur;0;1;0;0;4;2;2;2;7;0;1;3;0;3;1;2
forme;0;0;1;1;1;2;2;1;1;0;1;6;2;1;7;1
figure;1;1;2;0;5;4;3;1;0;0;0;1;0;0;8;0
emji_balance_à_poids;0;2;0;0;6;7;0;0;1;0;0;0;0;0;1;0
donnée;2;0;5;2;0;0;1;8;3;0;2;4;0;0;0;2
crime;0;7;0;0;8;2;0;2;1;0;2;3;0;0;0;0
confédération;0;1;0;4;2;5;0;2;0;1;4;4;0;0;0;3
coeur;2;0;0;1;4;1;2;4;1;0;0;1;1;1;6;1
chaîne;0;5;2;1;1;3;0;2;1;2;1;1;0;0;4;1
blesser;1;19;0;1;2;0;0;1;0;0;0;0;1;2;0;0
arrêter;2;6;1;1;9;0;0;2;2;0;0;1;1;0;2;0
évoquer;0;6;2;2;7;2;0;2;0;0;1;1;0;1;2;0
ère;0;3;4;1;1;0;0;2;1;0;7;0;0;0;6;2
source;1;3;0;0;7;0;1;1;1;1;2;0;0;0;1;0
souhaiter;0;0;1;3;5;1;2;0;0;0;6;5;0;0;3;1
skieur;2;1;1;2;0;0;0;2;1;0;1;3;13;0;0;0
saluer;0;1;1;1;3;7;2;2;0;0;1;1;0;0;6;0
principal;1;0;2;0;8;3;2;5;0;0;0;2;1;1;1;0
new;2;0;0;0;11;0;2;1;0;1;0;0;2;0;5;2
mars;3;0;0;2;0;6;1;0;0;1;0;4;3;4;1;0
large;0;0;0;8;1;3;2;0;0;0;0;0;0;2;7;2
fonction;1;0;0;3;3;10;0;1;0;1;1;3;0;0;1;2
expert;1;0;3;1;3;1;1;11;1;1;2;0;0;0;2;0
député;0;0;0;0;2;19;0;0;0;0;0;6;0;0;0;0
découverte;1;1;6;1;0;1;0;1;6;1;0;0;0;0;6;0
conflit;0;10;1;0;8;3;0;3;0;1;0;0;0;0;2;0
chute;9;1;2;0;2;1;1;2;1;0;0;0;6;0;1;1
chercheur;0;1;5;0;1;1;0;0;13;1;2;2;0;0;0;0
auteur;1;2;1;1;2;1;2;3;1;0;2;4;1;0;4;2
application;3;0;0;6;0;1;0;7;0;0;1;1;1;3;0;0
al;0;6;1;0;7;1;2;2;1;2;1;0;0;0;0;0
évolution;2;0;6;2;0;1;0;1;0;0;5;0;0;0;5;3
véhicule;3;9;1;1;1;0;1;0;0;0;2;7;0;0;0;0
village;2;0;2;0;0;0;5;0;1;0;3;0;2;2;1;1
valentin;0;0;1;0;0;2;0;0;0;3;0;0;0;0;1;19
transport;7;0;0;1;0;0;0;1;1;0;8;4;0;0;2;1
réponse;0;4;3;0;2;2;1;7;3;0;0;0;0;2;2;1
quitter;0;5;3;0;4;3;0;1;1;0;0;2;0;4;2;0
provoquer;3;6;2;1;6;3;0;4;1;0;0;0;0;0;0;0
populaire;1;0;1;1;2;2;0;0;0;0;4;7;1;0;5;1
piste;3;5;0;0;0;0;0;3;3;0;4;3;3;0;1;1
opération;2;9;0;1;0;1;0;12;0;0;1;0;0;0;0;0
naître;1;0;1;0;3;0;1;0;2;0;1;3;1;0;7;4
médical;0;7;4;0;0;0;0;13;0;0;0;0;0;0;1;0
milieu;2;1;4;0;3;0;1;5;0;1;0;2;1;4;2;1
garder;0;1;1;1;4;0;0;4;5;0;4;1;0;0;1;0
froid;11;1;3;0;0;0;0;0;1;0;1;2;0;1;0;1
fonds;0;0;0;1;4;2;4;5;3;1;4;0;0;0;0;1
durable;0;3;0;4;5;0;0;3;0;0;5;1;0;1;1;0
choisir;0;0;4;1;5;0;1;3;2;0;0;0;0;1;3;1
article;2;1;1;2;1;1;0;2;1;10;1;1;0;0;2;1
acte;1;3;0;0;11;8;1;0;1;0;0;0;0;1;0;0
unique;1;1;3;1;1;1;2;1;0;0;0;2;2;2;7;0
stratégie;1;0;2;5;0;0;1;1;3;1;4;5;0;0;2;0
siège;1;1;1;2;2;12;0;0;0;0;5;0;0;1;0;0
réussir;0;0;0;1;1;4;1;0;2;0;0;0;7;4;1;0
route;3;3;4;0;3;0;1;4;3;1;2;1;0;0;0;0
reprendre;2;4;0;1;1;0;3;1;0;0;0;2;4;3;3;1
possible;1;2;4;8;6;2;0;0;0;1;0;1;0;0;0;0
position;0;2;0;0;3;9;1;1;1;1;1;0;1;0;1;2
positif;0;0;0;2;1;2;1;1;3;0;3;3;1;2;3;0
participation;0;1;0;1;1;10;0;0;1;1;0;3;4;1;0;1
parler;1;2;2;2;3;2;2;1;4;1;0;0;0;1;2;2
opposition;0;0;0;0;12;7;0;0;0;0;2;4;0;0;0;0
oms;0;2;4;2;0;0;0;18;0;0;0;0;0;0;0;0
netflix;0;0;0;4;1;0;0;2;0;0;0;0;0;0;5;0
mouvement;2;5;1;1;1;4;0;1;0;0;3;2;0;1;2;0
midi;15;2;0;0;0;1;0;2;0;0;0;2;2;0;0;1
instagram;0;0;0;2;1;1;1;1;1;4;2;0;0;0;7;0
inspirer;0;0;0;0;0;2;1;1;2;0;0;1;0;0;11;0
genevois;1;0;1;0;0;4;2;1;1;1;4;0;0;2;5;1
football;0;0;0;0;2;0;0;1;0;0;0;0;2;18;0;0
extrême;0;1;0;4;5;5;0;3;1;0;1;1;0;0;1;0
employé;1;2;3;8;0;1;0;2;0;0;4;3;0;0;0;1
emji_gyrophare;2;6;2;1;1;6;1;3;0;0;1;0;0;0;2;0
degré;16;0;1;0;0;0;0;1;1;0;1;1;0;0;0;0
danger;4;5;4;0;0;0;0;5;4;1;3;0;0;0;0;0
contenir;0;0;0;3;2;0;0;11;3;0;3;1;0;0;0;0
vigueur;5;3;0;5;5;4;0;0;0;0;1;0;0;0;0;2
travers;3;1;2;1;2;0;3;5;0;0;0;0;0;1;6;0
traditionnel;0;0;0;1;0;0;2;2;2;1;2;1;1;1;6;1
texte;0;1;0;1;13;2;1;0;1;1;1;1;0;0;1;1
situer;6;2;2;3;1;0;0;0;1;0;1;1;0;3;1;1
signer;1;1;0;0;11;1;0;0;1;0;0;1;4;3;0;0
réduction;3;0;0;12;2;3;0;1;0;0;1;0;0;1;0;2
reportage;0;1;0;0;0;0;0;1;0;2;0;0;0;0;1;0
rencard;0;0;0;0;0;0;0;0;0;0;0;0;3;0;0;0
rejoindre;5;0;1;0;4;2;2;0;0;1;1;1;0;3;3;1
période;3;0;7;3;0;2;3;0;0;0;1;0;0;1;3;1
promettre;1;1;1;3;3;2;1;2;0;1;0;0;0;0;7;0
négociation;0;1;0;2;15;5;0;0;0;0;0;1;0;0;0;1
nécessaire;2;0;0;2;4;4;1;4;0;1;2;0;1;0;1;3
menacer;2;4;11;0;2;0;1;2;0;0;0;2;0;0;0;0
journaliste;1;9;0;0;0;0;0;6;0;1;1;0;1;1;2;0
inédit;0;1;1;1;2;0;5;0;3;0;0;2;1;0;2;0
installer;5;1;1;2;3;0;4;1;0;0;1;2;0;0;2;0
frontière;2;11;0;0;0;1;1;6;0;0;0;1;0;1;2;0
entrée;1;3;1;1;7;4;1;0;0;1;1;0;1;0;3;1
défense;0;4;0;0;11;0;1;0;0;0;2;3;1;0;0;0
défendre;0;2;0;0;5;2;0;2;2;1;4;1;0;1;4;0
dispositif;4;5;0;4;1;0;2;1;0;0;1;4;0;0;1;1
discussion;0;0;1;0;14;6;0;2;0;1;0;0;0;0;0;1
cyril;0;1;0;0;0;3;2;0;0;2;0;1;0;0;1;15
culturel;0;0;1;1;0;0;12;2;0;0;2;0;0;0;4;1
cour;0;1;0;3;3;4;0;2;0;0;2;1;0;0;0;0
commencer;5;2;4;0;0;0;0;0;0;0;0;0;1;2;7;0
beau;0;0;1;1;0;0;1;2;0;1;2;1;6;7;1;0
alimentaire;0;2;7;1;2;1;0;1;5;0;1;1;0;0;0;0
album;0;0;0;0;0;0;1;0;0;0;0;0;3;0;17;0
activité;0;2;1;1;0;0;2;9;2;0;0;1;0;2;1;1
étendre;4;2;2;1;1;0;1;1;1;3;2;5;0;0;1;0
élire;0;0;0;0;4;17;0;0;0;0;0;0;0;0;2;0
travailleur;2;0;2;6;0;0;0;4;0;0;4;1;0;0;0;1
transformer;0;0;3;0;0;0;4;2;2;0;1;0;1;0;6;0
trafic;15;0;3;0;1;0;1;3;0;0;0;1;0;0;0;0
tiers;1;2;3;9;0;1;0;5;0;1;0;1;0;0;0;0
supporter;1;0;0;1;3;1;0;0;1;0;0;0;0;14;0;0
super;0;1;2;0;0;0;0;0;0;0;0;0;13;3;0;0
solution;0;0;2;0;5;0;1;7;0;1;0;3;0;0;2;1
soin;0;2;5;0;0;2;0;11;0;0;0;1;0;0;0;3
septembre;1;0;3;5;1;6;0;0;1;0;0;0;1;1;2;0
régime;0;1;3;1;6;2;1;3;4;0;0;0;0;0;2;0
réalité;0;1;3;1;2;0;2;4;1;0;0;1;0;1;4;0
riche;0;0;0;7;1;1;1;1;5;0;0;0;0;0;4;1
présent;0;3;0;1;2;2;3;5;1;0;2;1;0;4;0;0
préparer;2;5;2;1;0;0;3;0;1;0;2;1;0;0;3;1
parcours;2;0;1;1;0;0;3;1;1;0;1;0;9;2;0;0
occasion;0;0;4;1;1;0;0;1;0;1;1;1;0;4;6;1
moyen;0;1;0;1;3;1;1;3;0;1;0;0;0;0;7;3
ministère;0;5;0;0;12;4;0;0;0;0;0;0;0;0;0;2
lutte;3;0;1;2;5;0;1;3;0;0;2;5;1;0;0;1
largement;1;1;2;0;3;7;0;1;0;0;1;0;1;1;1;1
interdire;0;1;1;0;1;0;0;10;0;0;5;6;0;0;0;0
impliquer;1;1;1;1;10;2;0;3;0;1;1;1;0;0;0;0
idée;2;1;4;0;0;1;1;0;1;0;0;2;4;0;5;1
fête;1;1;0;4;1;0;1;4;0;0;2;1;1;1;1;1
exposition;1;0;1;0;0;0;18;2;0;1;0;0;0;0;0;0
exemple;2;0;1;1;0;0;2;1;1;0;5;6;0;0;1;1
emji_symbole_d_avertissement;3;5;7;0;0;0;0;4;0;0;0;0;0;0;1;1
emblématique;0;0;0;0;1;0;14;0;0;0;1;0;1;0;4;0
déposer;1;2;1;0;1;6;1;1;0;0;6;3;0;0;0;1
création;0;0;0;0;1;1;5;1;0;0;2;0;0;1;10;2
coup;2;2;0;0;1;2;5;1;1;1;0;1;1;5;0;0
classement;0;0;0;2;0;0;1;2;0;2;0;2;10;2;2;0
clair;0;0;2;1;3;2;1;3;5;0;2;1;0;0;3;0
citoyen;0;0;0;0;1;9;0;0;0;0;0;11;0;0;0;0
carte;0;0;0;5;0;1;3;1;2;1;4;2;0;0;0;2
bernois;1;6;1;2;0;0;0;1;0;0;0;3;0;2;2;1
anthony;0;1;0;0;0;0;0;0;0;2;1;0;1;0;0;19
alessandro;0;0;0;0;0;0;0;0;0;0;1;0;0;0;0;21
zingaro;0;1;0;0;0;3;2;0;0;2;0;0;0;0;0;15
visiteur;3;0;0;3;0;0;4;1;0;1;1;1;0;0;4;1
violent;6;8;0;1;0;0;0;2;0;0;0;0;1;0;3;0
valeur;1;0;0;3;3;2;6;0;1;0;0;1;0;1;3;1
tribunal;0;0;0;0;3;6;1;0;0;0;0;0;0;1;1;0
subir;1;2;1;4;0;1;0;9;0;1;0;0;1;1;0;2
sentir;6;0;2;4;0;1;1;2;0;0;1;1;0;2;1;2
récemment;0;2;2;2;4;1;2;0;1;0;1;4;0;0;2;0
relation;1;0;4;0;8;0;0;5;0;0;0;0;0;0;2;1
pénal;0;1;0;0;0;13;0;1;0;0;0;0;0;0;1;2
production;0;0;0;5;0;1;0;0;5;1;3;1;0;0;4;1
procédure;0;1;0;1;5;6;0;3;0;0;0;3;0;0;1;1
presse;0;2;0;2;8;1;0;2;0;0;0;1;0;1;2;2
pièce;1;0;2;7;0;1;5;1;1;0;0;1;0;0;2;0
personnel;0;1;1;4;3;2;0;7;0;0;2;0;0;0;0;1
ordre;1;8;1;0;4;3;0;2;0;1;3;0;0;0;0;0
nécessiter;0;1;5;5;2;0;0;4;1;1;1;1;0;0;1;1
nommer;2;0;2;1;2;3;0;1;0;0;1;0;0;2;4;0
nicolas;2;0;0;0;3;3;0;0;0;0;1;0;0;0;0;1
médecin;1;1;0;0;0;0;0;15;3;0;0;1;0;0;0;1
modèle;1;0;0;2;0;2;0;4;2;0;2;6;0;2;0;2
manifester;0;10;0;0;1;6;0;1;2;0;0;2;0;0;0;0
juin;3;0;0;1;0;1;2;2;1;0;1;3;0;1;1;1
gagner;0;0;1;1;0;0;1;1;2;0;1;0;5;8;0;0
formation;1;0;3;2;1;1;0;4;0;1;2;2;1;1;1;2
fondation;0;0;1;1;1;1;9;3;0;1;2;1;0;0;1;1
finir;0;2;0;1;1;0;1;2;0;0;0;1;7;4;1;0
emploi;0;0;0;12;0;1;0;1;0;0;0;6;0;0;0;0
emji_urne_électorale;0;0;0;0;1;19;0;0;0;0;0;3;0;0;0;0
emji_globe_tourné_sur_l_afrique_et_l_europe;2;3;1;1;6;1;4;4;0;0;0;0;0;0;1;0
diminuer;0;1;15;0;1;0;0;2;0;1;1;0;0;0;0;1
croissant;1;0;2;5;0;1;0;3;0;0;0;5;0;0;5;1
consommation;0;0;2;3;0;0;0;3;2;0;9;0;0;0;2;1
commission;1;0;0;4;1;8;0;1;1;0;3;0;0;1;0;2
climat;4;0;1;0;5;2;0;5;2;0;1;1;0;0;0;0
chat;1;0;12;0;0;0;0;0;2;0;0;1;0;0;2;0
bilan;0;11;2;1;1;2;0;1;0;0;1;0;0;1;0;1
bas;1;0;2;2;0;1;2;0;1;1;3;2;0;4;2;1
aérien;4;8;0;3;1;0;0;0;0;0;3;1;1;0;1;0
arme;0;7;0;0;6;3;0;1;0;0;2;0;0;0;0;1
anex;0;0;0;0;0;0;0;0;0;2;0;0;0;0;0;21
améliorer;3;0;2;1;0;0;0;9;3;0;1;2;0;0;1;0
adulte;0;0;6;1;0;0;1;8;0;0;3;1;0;0;0;1
accepter;0;4;0;2;3;3;0;1;0;1;2;5;0;0;0;1
étape;0;4;0;0;5;0;0;0;0;1;4;0;2;1;3;0
voiture;1;2;2;1;1;0;1;0;1;0;4;2;0;3;2;0
tôt;4;4;5;1;1;0;0;0;0;0;0;1;2;1;1;1
travailler;0;1;2;1;1;1;3;0;5;1;1;0;0;1;4;0
test;4;0;1;0;2;1;0;1;5;0;0;4;1;0;0;0
tension;1;2;0;1;10;2;0;0;3;0;2;0;0;1;0;0
salaire;0;0;4;7;1;0;0;1;0;1;1;4;0;0;0;1
régional;3;1;0;6;1;0;1;0;1;0;1;4;0;2;2;0
réforme;0;0;0;2;4;4;1;2;0;1;2;3;0;0;0;1
refuser;0;2;0;0;2;5;1;1;0;0;3;4;0;0;0;2
rapporter;0;7;0;6;2;0;0;1;1;0;0;2;0;1;2;0
qualifié;0;5;0;0;2;1;0;0;0;0;3;4;2;2;1;2
podium;0;0;0;1;0;0;0;1;0;0;0;0;18;0;0;0
plateforme;2;0;0;2;5;0;0;0;0;0;3;1;0;1;4;0
obligatoire;1;0;4;4;0;1;0;1;0;0;1;8;0;0;0;2
motion;0;0;0;0;0;8;0;1;0;0;4;8;0;0;0;1
menace;0;4;0;0;3;1;1;5;0;0;2;3;0;0;1;0
manière;2;0;1;1;3;0;1;1;4;0;3;1;1;0;2;0
maintenir;2;1;0;9;2;1;1;0;1;0;1;1;0;0;0;2
limiter;1;1;3;5;2;1;0;3;2;0;1;1;0;0;1;0
kilomètre;1;4;0;0;0;1;0;1;1;1;0;6;1;1;1;0
justifier;0;4;0;3;9;2;0;0;0;1;2;0;0;0;1;0
garantir;0;0;2;2;0;1;1;2;2;1;3;6;0;0;0;2
financer;0;1;1;3;8;1;1;1;0;0;2;3;0;0;0;0
explorer;0;0;1;1;0;0;1;1;1;0;0;1;1;0;12;0
entrer;2;3;1;7;0;1;0;1;3;0;0;1;0;2;0;0
décès;1;5;3;1;0;0;2;7;0;1;0;1;0;0;1;0
date;0;1;0;4;3;1;1;0;0;0;0;5;1;2;2;2
corps;1;2;1;0;1;2;3;4;1;0;1;2;1;0;2;0
conserver;1;0;1;2;2;5;2;2;1;0;1;2;0;0;1;2
argent;0;0;0;2;4;0;2;3;1;0;0;0;1;0;5;0
allemagne;5;0;1;3;1;0;0;2;0;0;1;2;0;5;0;1
aider;0;1;4;0;1;0;0;5;2;0;5;0;0;2;1;1
élève;0;0;5;5;0;0;0;1;0;0;0;8;0;0;0;1
véritable;0;0;1;2;4;0;2;2;1;0;1;1;0;2;2;0
vendre;0;0;0;4;0;0;0;3;0;0;4;1;0;2;4;0
ukrainien;1;7;0;0;11;0;0;0;0;0;0;0;0;0;0;0
trezzini;0;1;0;1;0;1;0;0;0;6;0;1;0;0;0;11
spécial;4;7;0;0;0;0;0;1;0;1;5;0;2;0;0;0
russe;0;9;0;2;7;0;1;0;0;0;0;0;0;0;0;0
rejeter;0;2;0;1;2;5;0;0;0;1;1;5;0;0;1;1
procès;0;0;0;0;4;3;1;0;0;0;0;0;0;0;1;0
peine;1;1;0;0;2;0;2;0;1;0;2;4;2;1;0;0
observer;1;1;5;1;1;0;0;1;7;0;0;2;0;0;1;0
langue;0;0;1;0;0;1;3;2;2;0;1;2;0;0;3;2
klaunzer;0;0;0;0;0;0;0;0;0;1;0;1;0;0;0;18
intérêt;0;0;0;0;3;1;1;7;1;1;4;0;0;0;1;1
interroger;0;2;0;5;2;4;0;4;1;0;1;0;0;1;0;0
interdiction;1;1;0;0;0;5;0;2;1;0;4;5;0;0;0;0
insister;0;3;3;0;0;0;0;10;0;3;0;0;0;0;1;1
ices;2;0;1;6;2;2;0;0;1;0;1;1;0;1;1;1
ia;0;0;0;0;1;0;0;0;0;0;1;1;0;0;10;0
gros;0;0;1;0;0;0;0;0;4;0;1;1;4;3;6;0
gillieron;0;0;0;1;0;0;0;1;0;1;1;0;0;0;0;17
former;0;1;0;1;2;9;1;2;1;1;0;0;0;0;2;0
flauraud;0;0;1;0;0;0;0;0;0;3;0;0;0;0;0;17
faux;0;0;1;4;1;1;1;1;2;1;1;2;2;0;2;0
exceptionnel;3;0;3;1;6;0;0;1;1;0;0;1;0;1;1;0
envato;0;0;0;2;0;1;0;1;4;0;0;0;0;0;1;7
engagement;1;4;4;0;5;1;0;0;0;1;0;0;0;0;5;0
dérouler;1;2;0;0;1;5;1;1;0;0;0;0;2;1;6;0
décéder;1;1;0;0;2;3;10;0;0;0;0;0;0;0;4;0
décrire;1;3;1;0;2;0;2;3;0;0;1;0;0;0;7;0
double;0;1;0;2;0;0;0;4;2;0;0;4;4;1;1;0
dizaine;2;7;2;0;0;2;2;2;0;0;0;0;1;1;1;1
disparaître;0;2;0;1;3;0;0;5;2;0;2;1;0;0;1;0
discours;0;0;0;0;7;3;1;2;1;1;0;1;0;1;1;1
culture;0;0;0;1;1;0;9;3;0;0;0;1;0;0;2;1
couleur;1;0;2;0;1;0;1;0;0;1;0;1;0;2;8;0
comité;0;3;0;0;3;2;4;0;1;0;4;2;0;0;0;1
cinéma;0;0;0;0;0;2;0;0;0;0;0;0;1;1;15;0
chercher;0;1;3;1;0;0;1;7;1;2;0;0;2;0;2;0
changer;7;0;1;1;0;0;2;4;2;0;0;1;1;0;0;0
capitale;2;5;0;2;2;1;4;1;0;0;0;0;1;0;1;0
capacité;3;1;1;1;1;0;2;1;1;0;3;2;0;0;0;4
blessé;1;11;2;0;1;0;0;1;0;1;0;1;0;1;0;1
avenir;0;0;1;0;1;2;1;0;0;1;6;5;0;0;1;0
étudiant;0;0;1;2;1;2;0;2;1;0;0;3;1;0;1;1
trajet;11;0;0;2;0;0;0;0;0;1;2;1;0;1;0;2
traiter;0;0;2;1;0;2;0;12;0;0;0;1;0;0;0;2
tradition;1;0;1;0;0;0;6;0;0;0;0;1;0;0;4;0
taux;0;0;0;1;2;2;0;1;8;1;1;2;0;0;0;0
supprimer;6;0;0;6;2;1;0;1;0;0;1;1;0;0;0;0
réaction;0;2;1;1;2;4;0;2;3;0;1;2;0;1;0;0
russie;1;6;0;0;13;0;0;0;0;0;0;0;0;0;0;0
rue;0;1;0;0;7;4;2;1;0;0;1;1;0;0;0;2
rices;2;0;1;4;0;2;1;3;0;1;1;1;0;0;2;1
retraite;0;0;2;5;2;0;0;2;0;0;0;0;6;0;2;0
remettre;0;1;1;0;0;2;2;7;0;0;1;2;0;2;1;0
relever;1;0;1;0;0;2;2;2;1;1;7;0;0;0;2;0
recommander;1;0;3;1;0;0;0;11;3;0;0;1;0;0;0;0
rapide;0;4;1;0;0;0;0;5;2;0;0;5;0;0;1;1
qualité;0;0;1;1;1;0;2;8;0;1;1;1;0;0;0;2
qualifier;0;5;1;0;5;0;0;0;0;0;1;0;1;6;0;0
prévention;0;1;9;3;0;1;0;0;0;1;0;1;0;1;1;2
programme;0;0;2;2;4;0;4;3;2;0;0;0;1;1;0;0
preuve;1;1;2;0;1;1;0;3;1;0;5;0;1;0;1;1
pilote;0;1;1;0;1;0;0;4;1;1;2;3;0;0;4;0
perte;0;0;6;5;2;1;0;1;3;1;1;0;0;0;0;0
patrimoine;0;0;1;3;0;0;9;1;0;1;0;1;0;0;0;1
patient;0;1;0;1;0;1;0;7;5;1;0;1;0;0;0;2
passage;4;2;1;1;3;0;2;0;0;0;1;0;2;0;3;0
parent;0;1;6;0;1;1;0;0;0;0;0;7;0;0;3;0
message;0;1;0;0;1;0;2;2;2;0;0;1;0;2;2;2
mandat;0;0;0;1;3;7;0;2;0;0;0;1;0;1;0;0
main;0;4;1;1;2;2;4;1;0;0;0;0;0;0;0;0
légende;1;0;0;0;0;0;4;0;0;0;0;0;4;4;3;0
intérieur;2;2;0;0;2;3;0;0;3;0;4;0;0;0;1;0
individu;2;3;0;1;2;0;1;3;2;0;1;1;0;0;1;0
gian;0;0;0;0;0;1;0;0;0;0;0;0;0;0;0;16
fifa;0;0;0;1;4;0;0;0;0;0;0;0;0;12;0;0
ferroviaire;15;0;0;1;0;0;0;0;0;0;1;2;0;0;0;0
ensemble;1;1;0;2;0;4;1;2;2;0;1;2;0;1;0;0
emji_sac_plein_d_argent;0;0;0;6;2;1;0;0;0;0;4;3;0;1;2;0
ehrenzeller;0;0;0;0;0;1;0;0;0;0;0;0;0;0;0;16
dévoiler;1;0;1;1;2;1;1;0;0;0;1;0;1;2;4;0
démocrate;0;0;0;0;18;1;0;0;0;0;0;0;0;0;0;0
décennie;1;1;1;0;1;1;1;1;3;1;2;2;0;0;2;1
direction;7;0;0;2;0;0;0;0;2;0;1;1;1;0;4;1
différence;0;0;6;1;0;0;0;4;3;0;0;1;0;1;0;1
della;0;1;0;0;0;0;0;0;0;0;0;0;0;0;0;18
compétition;0;0;0;1;1;0;0;0;0;0;1;1;5;4;5;0
centaine;0;9;3;2;2;0;0;0;0;0;1;0;0;0;1;0
bénéficier;0;0;0;6;2;3;0;2;0;0;2;1;0;1;2;0
blessure;0;2;0;0;0;0;0;6;0;0;2;1;7;1;0;0
baser;0;3;0;5;0;1;0;8;2;0;0;0;0;0;0;1
accusation;0;3;0;0;11;4;0;1;0;0;0;0;0;0;0;0
accompagner;0;0;0;4;0;0;0;4;0;0;4;2;0;1;4;0
électronique;0;0;0;2;1;1;0;2;0;0;1;6;0;0;1;1
utilisation;0;1;0;0;0;2;0;3;1;0;7;3;0;0;1;1
témoigner;0;0;4;2;0;1;3;5;0;0;0;1;0;1;2;0
troisième;0;0;2;2;0;2;0;1;0;0;0;1;5;2;2;0
tempête;10;1;0;0;0;0;1;1;1;0;0;0;0;2;0;0
structure;0;1;0;0;0;0;3;3;0;0;2;4;0;0;3;1
seconde;0;0;0;0;0;0;0;1;0;0;0;1;12;1;0;0
sauvage;0;0;11;0;0;0;0;1;0;1;0;2;1;0;3;0
retard;8;0;1;1;0;1;0;1;0;1;0;1;5;0;0;0
rare;1;0;3;0;1;0;2;0;4;0;0;0;0;2;2;1
prévenir;0;3;2;0;4;3;0;3;0;1;0;1;0;0;0;0
plateformes;3;0;0;3;1;0;0;0;1;0;2;1;0;0;6;1
placer;1;0;5;0;1;1;0;2;0;0;0;0;1;1;1;0
pierre;0;1;5;1;0;2;0;0;1;0;0;3;0;0;1;5
philippe;0;0;0;0;0;1;0;0;0;0;2;4;0;0;4;4
performance;0;0;1;0;0;0;0;0;3;0;1;0;3;2;6;0
participant;1;2;2;1;0;0;0;1;1;0;1;4;2;1;2;1
organisateur;1;1;0;0;1;3;2;0;1;0;0;1;0;1;6;1
opposer;0;2;0;2;5;5;0;1;0;1;0;3;0;0;0;0
oiseau;0;0;9;1;0;0;0;1;3;0;0;1;0;0;1;0
noir;0;0;2;0;3;0;0;2;0;0;3;1;0;1;4;0
nes;1;9;0;1;0;1;0;0;0;0;0;3;0;0;1;0
marco;0;0;2;0;1;0;0;0;0;0;0;0;11;1;0;0
liaison;15;0;0;2;0;0;0;0;0;0;0;0;0;0;0;1
investissement;0;0;0;9;1;1;2;1;0;1;2;0;0;0;1;0
inquiéter;0;2;1;4;2;1;0;2;0;1;2;1;1;0;0;1
initialement;1;2;0;4;0;0;0;0;0;0;4;0;1;0;6;0
février;2;1;1;1;0;2;1;0;0;0;0;0;5;1;2;0
fille;0;2;0;1;3;0;4;2;2;0;0;0;1;0;3;0
examen;0;1;0;1;3;2;0;5;0;0;1;1;2;0;0;0
environnement;0;1;5;2;3;0;1;3;1;0;0;1;0;0;1;0
encourager;1;0;1;4;0;1;1;4;1;1;1;4;0;0;0;0
emji_flocon;12;0;3;0;0;0;1;1;0;0;0;0;2;0;0;0
dépasser;0;1;1;5;0;0;0;1;0;0;2;1;2;0;2;0
débuter;5;0;0;0;0;4;0;0;0;0;5;0;1;1;2;0
disponible;3;0;0;1;0;0;0;1;0;0;0;1;0;3;7;2
crucial;1;0;3;0;1;0;0;7;2;0;2;1;0;0;2;0
contexte;0;1;0;3;7;2;1;0;1;0;2;0;0;0;1;0
compagnie;6;0;2;4;1;0;0;0;0;0;5;0;0;0;0;0
communauté;1;1;3;0;3;1;1;0;2;0;1;2;0;0;3;0
collectif;0;1;3;1;1;3;0;1;1;1;0;1;0;1;3;1
canada;1;0;0;1;0;0;0;0;0;0;0;1;0;15;1;0
bâtiment;1;3;0;0;0;0;3;1;1;0;6;3;0;0;0;1
artificiel;0;0;0;1;1;0;0;0;1;0;0;0;0;0;0;0
analyse;2;0;0;0;2;2;1;5;0;0;5;0;0;0;2;0
évaluer;1;0;0;5;0;0;0;4;0;0;1;1;0;0;1;3
york;2;0;0;0;9;0;0;0;0;1;0;0;1;0;4;0
voyageur;10;0;2;1;0;0;0;0;0;0;0;0;0;0;0;5
voie;0;1;0;0;2;1;3;0;5;1;2;1;0;1;0;0
visite;1;0;2;0;7;1;1;1;0;0;0;0;0;0;2;0
union;1;0;2;1;4;1;0;3;0;0;5;0;0;0;0;0
traverser;3;0;1;1;0;0;0;2;1;0;1;0;1;1;2;3
théâtre;0;5;0;0;0;0;7;0;1;0;0;1;0;0;1;0
terre;0;5;2;0;1;0;0;0;4;0;1;0;1;0;2;0
suède;2;0;0;0;0;0;0;1;0;0;0;0;1;11;1;0
ssr;0;1;0;8;0;0;1;0;0;0;1;5;0;0;0;0
sportif;1;0;0;0;1;0;0;1;2;0;3;1;5;1;2;1
sommeil;3;0;1;0;0;0;1;2;6;0;0;0;0;0;1;0
sein;1;0;3;1;1;1;0;6;0;1;3;0;0;0;0;1
réel;1;0;1;0;3;0;1;2;1;0;1;0;0;1;5;0
prêt;0;1;0;0;2;2;1;3;3;0;1;2;0;0;1;0
plr;0;0;0;0;0;15;0;0;0;0;0;2;0;0;0;0
physique;0;0;0;1;2;1;0;8;1;0;0;0;1;0;0;1
nécessité;0;5;0;0;0;2;0;5;1;0;1;2;0;0;1;0
nati;0;0;0;0;0;0;0;0;0;0;0;0;0;16;1;0
massif;1;2;1;3;2;1;1;1;1;1;0;3;0;0;1;0
léman;12;0;0;1;0;0;0;0;1;0;0;1;0;1;1;0
limite;3;1;5;2;0;0;0;1;1;0;0;0;0;0;2;1
italie;2;0;0;0;0;0;1;1;1;0;4;0;0;7;1;1
inviter;0;2;1;1;2;1;0;3;0;0;1;0;0;0;3;0
infrastructure;0;5;0;2;1;1;0;3;0;0;3;1;0;0;0;0
incendie;3;7;0;0;0;1;0;2;0;0;0;1;0;1;0;0
féminin;0;0;0;1;0;0;1;0;0;0;0;0;6;8;1;0
fribourgeois;0;1;0;2;0;3;0;1;0;1;0;1;7;1;0;0
espagne;0;0;0;2;1;1;1;1;0;1;0;0;0;10;0;0
emji_drapeau_israël;0;16;0;0;1;1;0;0;0;0;0;0;0;0;0;0
développement;1;0;2;0;1;1;0;1;7;0;1;1;0;0;0;1
détention;0;1;0;0;5;2;0;0;0;0;0;0;0;0;0;0
domicile;1;1;4;0;3;0;0;1;0;0;1;0;0;6;0;0
domaine;2;0;0;0;1;2;0;2;1;1;5;0;0;0;0;2
delémont;11;1;0;1;0;2;0;1;0;0;0;0;0;0;0;0
critiquer;0;0;0;1;6;2;0;0;0;0;3;2;0;1;1;1
craindre;0;0;2;7;2;2;0;0;0;0;4;1;0;0;0;0
contribuer;1;0;1;0;1;0;2;5;0;1;3;1;0;1;2;0
concours;0;0;0;1;0;5;0;0;0;0;2;1;1;1;5;0
conclure;1;0;1;0;6;1;0;0;2;0;0;1;0;3;0;1
comportement;1;0;1;0;2;0;0;4;6;0;0;0;0;0;4;0
collaboration;0;0;0;1;0;0;3;5;0;0;3;0;0;0;4;0
catégorie;0;4;2;1;0;0;0;0;0;0;0;1;0;3;5;0
blanc;1;4;0;0;3;0;1;0;0;1;1;1;1;0;1;1
awards;0;0;0;0;1;0;0;0;0;1;1;0;2;2;6;0
achat;0;1;1;7;1;0;1;1;2;0;0;1;0;0;1;0
accueil;1;1;0;0;0;2;0;6;0;1;1;3;0;0;1;0
accessible;5;0;0;1;0;0;1;1;0;0;2;3;0;2;1;0
énergie;1;0;1;0;1;1;2;1;2;0;4;0;1;1;2;0
échange;0;3;0;0;2;2;3;4;0;0;1;0;0;0;1;0
voter;1;0;1;1;2;6;0;0;0;0;0;5;0;0;0;1
vin;0;0;1;0;0;0;1;0;0;0;1;1;0;1;0;0
valle;0;0;0;0;0;0;0;0;0;0;0;0;0;0;0;16
tenter;0;4;2;0;1;2;0;0;1;0;1;0;1;0;2;0
technique;0;0;0;1;0;0;4;4;1;0;0;0;0;0;2;1
swiss;3;0;1;2;0;0;1;2;2;0;0;1;3;0;0;1
survenir;2;4;0;0;3;3;0;0;0;0;1;0;1;0;0;0
stéphane;0;1;1;0;0;3;0;0;0;0;1;1;1;0;0;0
spécialiste;4;1;0;1;0;0;1;1;7;0;1;0;0;0;1;0
soulever;0;1;0;2;1;2;1;3;5;0;1;0;0;1;0;0
scrutin;0;1;0;0;2;12;0;0;0;0;0;0;0;0;0;0
république;0;4;0;0;3;4;0;0;0;1;0;0;0;3;0;0
référence;1;0;2;1;0;0;2;1;0;0;0;0;2;1;3;0
remonter;3;1;0;0;0;0;1;1;0;0;3;1;4;0;3;0
recours;0;1;0;1;1;5;0;2;2;0;1;2;0;0;0;1
préserver;0;0;1;0;2;0;3;3;3;1;0;1;0;0;1;2
préciser;1;1;2;3;1;1;2;1;0;0;3;0;0;1;1;0
processus;0;0;1;0;4;0;1;1;5;0;0;0;0;0;4;0
pousser;0;2;4;6;1;0;0;1;1;0;0;0;0;1;1;0
plutôt;0;0;0;1;0;2;0;4;0;0;0;2;2;1;3;0
pluie;5;4;1;0;0;0;0;2;1;1;0;0;0;2;0;0
penser;0;0;1;0;4;0;0;1;0;0;0;1;2;1;2;0
ong;0;2;3;0;4;2;0;4;0;0;0;1;0;0;0;0
note;1;1;3;2;2;0;0;1;0;0;0;2;0;0;3;1
nature;1;0;2;0;0;0;2;1;6;0;0;0;1;0;2;0
musical;0;0;0;0;0;1;0;0;0;0;0;0;0;0;12;0
mode;0;0;0;1;0;0;3;8;0;0;0;0;0;0;3;1
mobiliser;0;6;4;0;0;2;0;0;0;1;1;0;0;1;0;1
milan;4;0;0;0;0;1;0;0;5;0;1;0;3;1;0;0
matière;0;1;2;0;1;3;0;3;0;0;1;2;1;0;1;1
livre;1;0;0;5;1;0;0;0;0;0;0;0;0;0;3;0
liste;0;0;8;0;1;3;1;0;0;0;2;1;0;0;1;0
institut;1;0;5;2;0;0;0;1;3;0;0;3;0;0;0;0
générer;0;0;0;4;1;0;1;1;0;0;0;0;0;0;6;0
genevoise;1;6;0;1;1;5;0;0;0;1;0;0;0;1;0;0
faciliter;4;0;1;0;4;1;0;2;0;0;2;1;0;0;0;2
envisager;1;0;1;2;2;2;0;2;0;2;1;0;1;0;1;0
emji_notes_de_musique;1;0;0;0;0;0;6;0;0;0;0;0;1;0;5;0
emji_micro;0;0;0;0;1;1;0;1;0;0;1;0;2;1;6;1
emji_feu;4;5;0;0;0;1;0;0;1;0;0;0;3;1;1;0
emji_clap;0;0;0;0;2;0;2;0;0;0;0;0;1;1;9;0
développer;1;0;0;0;0;0;0;0;7;1;0;5;0;0;2;0
détenu;0;4;0;0;2;2;0;1;0;0;0;0;3;0;4;0
détail;1;2;0;2;2;0;1;1;0;0;0;0;1;0;5;1
département;2;1;0;2;1;1;0;0;0;0;4;4;0;0;1;0
descente;0;0;0;0;0;0;1;0;0;0;1;0;14;0;0;0
cérémonie;0;0;0;0;1;2;1;1;0;0;0;0;2;2;7;1
croissance;0;0;0;4;0;1;0;0;2;0;0;1;0;0;0;1
complexe;0;1;1;0;1;3;1;5;1;0;2;0;0;0;1;0
commerce;0;0;0;6;1;2;1;1;0;0;2;1;0;0;0;1
chine;0;1;1;1;8;0;1;0;1;0;2;0;0;1;1;0
chance;0;0;2;0;1;1;1;1;0;0;0;2;0;6;2;1
bienne;7;0;1;1;0;0;0;0;1;0;1;3;0;0;0;0
bain;13;1;0;0;0;0;0;0;0;0;0;0;0;0;1;0
aéroport;9;1;0;0;2;0;0;0;0;0;1;0;0;0;0;1
arbre;5;1;4;0;0;0;0;0;1;0;1;2;1;0;0;0
apporter;3;3;1;0;0;3;1;0;1;1;1;0;0;0;2;1
annuler;4;1;1;1;3;3;0;0;0;0;0;1;0;1;2;0
allemand;1;0;0;3;2;1;3;0;0;0;0;1;0;2;2;0
agent;0;3;3;1;0;5;0;2;0;0;1;0;0;0;1;1
agence;1;1;1;3;1;1;0;2;0;0;0;0;0;0;2;0
affronter;2;3;0;0;0;0;0;0;1;0;0;0;2;5;1;0
affecter;5;2;0;0;1;0;0;5;0;0;1;3;0;0;0;0
île;0;8;0;0;0;1;0;1;1;0;0;2;0;0;2;0
trêve;0;9;0;0;4;0;0;0;0;0;0;0;1;0;0;0
tirer;1;0;2;1;2;0;1;1;0;1;0;0;0;3;3;1
thomas;0;1;1;0;1;0;2;2;0;0;0;0;0;1;3;2
tester;1;0;0;0;0;0;0;0;5;0;0;8;1;0;1;0
taxe;0;0;0;8;1;3;0;2;0;0;2;0;0;0;0;0
syndicat;0;0;0;4;2;3;0;1;0;0;2;2;0;0;0;1
sortie;0;0;0;0;0;1;1;0;1;0;0;0;0;2;7;0
soirée;1;1;0;1;3;1;2;0;0;0;0;1;0;4;0;0
socialiste;0;0;0;2;2;9;0;0;0;0;0;2;0;0;0;1
sembler;0;1;2;0;1;1;0;4;2;0;0;0;1;3;0;0
science;0;0;3;0;0;0;0;0;5;0;0;1;0;0;3;0
royal;0;0;0;0;8;0;0;2;2;0;0;0;0;2;0;0
refléter;1;0;1;2;0;1;2;0;0;0;0;1;0;0;8;0
qualification;0;0;1;0;0;0;0;0;0;0;0;0;2;11;0;0
père;0;2;1;0;1;0;2;0;4;0;1;0;0;1;1;1
ps;0;0;1;0;0;10;0;0;0;0;1;4;0;0;0;0
propriétaire;0;0;4;5;0;0;4;0;0;0;1;1;0;0;1;0
potentiel;1;1;3;1;2;1;0;0;1;0;0;0;0;1;3;1
poser;0;0;1;1;1;1;0;2;1;0;0;0;0;2;4;0
plaindre;0;0;1;1;2;2;1;2;0;0;3;0;0;0;0;1
peuple;1;1;0;0;2;3;1;0;0;0;1;4;0;0;0;1
personnalité;0;2;1;0;0;4;1;1;0;0;3;1;1;1;0;1
parole;0;3;0;3;1;4;0;1;0;0;0;0;0;0;2;1
parallèle;1;0;1;0;3;1;0;1;1;0;4;1;0;0;2;1
outil;0;0;0;0;0;0;0;10;2;0;1;0;0;0;3;0
officiellement;0;1;1;0;0;7;0;0;1;0;1;1;1;0;1;1
occuper;0;1;1;0;0;8;0;0;0;0;1;1;1;3;0;0
naissance;1;0;8;2;0;0;0;0;1;0;0;1;1;0;1;0
mot;0;0;0;0;1;1;2;1;3;1;0;1;0;1;3;0
libérer;0;3;0;0;4;0;1;1;4;0;0;0;0;1;0;0
liberté;0;0;0;0;2;3;2;2;0;0;0;0;0;0;2;0
kosovo;0;0;0;0;0;2;0;0;1;0;0;0;1;9;0;0
indépendant;0;1;1;1;0;8;1;0;0;1;1;0;1;0;0;1
incident;1;6;2;1;0;0;0;6;0;0;0;0;0;0;0;0
illégal;0;2;0;1;0;0;1;6;1;0;0;0;0;0;0;0
gérer;1;1;2;1;1;1;0;0;4;2;0;2;0;0;1;0
frais;2;1;0;7;1;1;0;0;0;0;0;1;0;1;1;1
forêt;3;0;3;0;1;1;0;2;0;1;0;1;0;0;0;1
financement;1;0;0;2;1;0;0;3;0;0;2;1;0;0;0;1
favoriser;2;0;4;0;0;0;4;1;1;0;0;1;0;0;0;0
exposer;0;0;1;3;0;1;0;3;2;0;0;0;0;0;3;1
exister;0;1;2;0;1;1;0;2;2;0;1;4;0;1;0;0
entier;0;0;1;0;1;1;3;0;0;0;2;3;0;1;2;0
emji_ski;1;0;0;3;0;1;0;0;0;0;4;0;7;0;0;0
dirigeant;0;0;0;1;11;1;0;0;0;0;0;0;0;2;0;0
david;0;0;0;0;1;1;1;1;0;1;0;0;0;2;1;1
conséquence;1;0;5;0;2;0;0;2;1;0;2;0;0;0;1;1
construire;0;0;0;3;1;0;0;1;0;0;6;1;0;1;0;1
compter;0;0;3;0;0;0;1;0;1;0;3;2;1;2;1;1
combat;0;4;1;2;0;0;0;0;0;0;4;0;1;3;1;0
clé;0;0;1;3;3;0;2;5;0;0;1;1;0;0;0;0
club;0;0;0;1;0;0;1;1;0;0;0;0;0;10;1;1
chose;0;0;1;0;0;2;1;2;1;0;1;0;0;6;0;0
choix;0;0;0;3;0;1;1;1;1;0;1;5;0;0;1;0
cancer;1;0;1;0;1;0;0;2;8;0;0;0;0;0;2;1
bureau;1;1;2;4;1;3;0;3;0;0;0;0;0;0;0;1
bulletin;0;0;0;0;1;10;0;1;0;0;0;0;0;0;0;0
budgétaire;0;0;1;1;7;4;0;1;0;0;0;0;0;0;0;2
attribuer;0;1;1;1;2;0;0;3;0;0;0;1;0;0;3;0
arrêt;3;1;1;3;0;2;0;2;0;0;1;2;0;0;0;0
annuel;4;0;0;3;0;1;0;1;0;0;2;2;1;0;0;1
amende;1;1;0;3;0;0;0;0;0;0;6;0;0;0;0;0
alémanique;2;0;0;0;1;0;0;0;0;0;2;6;0;0;5;0
air;5;2;1;1;0;2;0;0;1;0;1;1;0;0;0;1
établissement;2;1;2;4;0;0;0;4;0;0;0;1;0;0;0;0
élu;0;0;0;0;2;7;0;0;0;0;1;0;0;2;0;2
vraiment;0;0;1;0;1;0;0;1;0;1;0;0;2;1;3;0
vivant;1;4;2;1;0;2;4;0;0;0;0;0;1;0;0;0
visible;1;0;5;1;1;1;0;2;1;0;1;0;0;0;1;0
vieux;4;0;1;0;0;0;0;1;0;0;0;1;2;1;0;0
vent;6;6;1;0;0;0;0;0;0;0;0;0;1;0;0;0
valider;0;0;0;0;4;0;0;1;0;0;1;4;0;2;0;2
utilisateur;1;0;0;0;0;0;0;7;0;1;1;1;0;0;3;0
tiktok;0;0;0;1;0;0;0;1;0;0;1;0;1;1;8;0
supérieur;3;0;0;5;0;1;0;2;1;0;0;1;0;0;0;1
suppression;2;0;0;6;0;1;0;0;0;1;0;4;0;0;0;0
statistique;1;1;11;1;0;0;0;0;0;1;0;0;0;0;0;0
star;0;0;0;1;0;1;1;1;0;0;0;0;2;1;5;0
srf;0;0;0;1;1;0;3;1;0;1;0;2;0;0;1;2
secours;5;4;0;0;0;1;2;1;1;0;1;0;0;0;0;0
second;0;1;0;2;2;5;1;0;0;0;0;0;1;0;1;1
score;0;0;0;1;0;4;0;0;0;0;0;0;2;6;0;0
récent;2;2;0;0;0;4;0;1;3;1;0;0;0;0;1;0
risquer;0;0;0;4;3;1;0;2;0;0;0;1;0;1;0;0
ressource;0;0;4;1;0;0;0;5;0;0;1;2;1;0;0;1
représentant;0;0;1;1;9;1;1;1;0;0;0;1;0;0;0;0
reprise;0;8;0;0;0;1;0;0;0;0;1;1;2;0;1;0
renoncer;1;0;0;2;3;1;0;0;0;0;5;1;1;0;0;0
rencontrer;0;0;1;0;3;1;1;1;1;0;3;1;1;1;0;0
quart;1;0;0;7;0;0;0;1;0;0;0;0;0;5;0;0
préoccupation;0;0;0;0;1;1;0;6;0;0;4;0;0;0;1;1
propre;0;2;0;1;1;1;0;0;0;0;0;0;1;0;7;0
prolonger;5;0;0;2;0;1;0;0;1;1;1;1;1;2;0;0
professeur;0;0;0;0;0;1;1;4;8;0;0;1;0;0;0;0
prestigieux;0;0;0;0;0;0;2;0;0;0;1;0;2;7;1;0
poursuite;1;2;0;0;7;0;0;1;0;0;1;0;1;0;0;0
phase;1;3;0;2;1;0;0;0;3;0;1;0;0;2;0;0
partiel;1;1;1;0;1;2;0;3;1;0;0;4;1;0;0;0
partenaire;1;0;2;0;0;1;5;1;0;0;1;0;1;0;0;0
parlementaire;2;1;0;1;2;7;0;0;0;0;0;1;0;0;0;1
otage;0;11;0;0;0;0;0;0;0;1;0;0;0;0;0;0
odermatt;0;0;0;0;0;0;0;0;0;0;0;0;13;0;0;0
ménage;0;0;2;6;0;0;0;0;0;2;0;1;0;0;1;0
montagne;6;0;1;0;0;1;2;0;1;0;0;0;2;0;0;1
minimum;0;0;0;8;0;0;0;0;0;0;0;5;0;1;0;0
mineur;0;0;2;1;3;0;0;3;1;0;2;1;0;0;0;0
mai;0;0;2;0;1;2;1;0;0;0;2;2;1;1;1;0
journal;0;0;0;2;0;0;4;0;0;1;2;1;0;2;0;1
introduire;2;0;1;0;0;0;1;0;0;0;2;5;0;0;2;1
installation;6;2;0;2;0;0;2;0;0;0;0;0;0;0;1;2
innovation;0;0;1;0;0;2;0;0;0;0;1;1;0;0;4;0
influencer;0;0;3;1;1;0;0;0;4;0;2;1;1;0;1;0
hommage;0;0;0;0;2;0;1;0;0;0;0;1;1;2;8;0
hans;0;0;0;0;0;1;1;1;0;0;0;0;1;0;2;4
fuite;0;7;1;0;0;1;0;1;0;0;0;1;0;0;1;1
festival;0;0;0;1;1;0;1;0;0;0;1;0;0;0;7;0
emji_sapin_de_noël;1;0;0;0;0;0;0;0;0;0;1;0;1;0;0;0
emji_bulle_de_parole;0;0;0;0;0;0;3;0;0;0;1;0;3;7;1;0
effort;1;0;2;0;3;2;1;5;0;0;0;0;0;0;1;0
déterminer;4;0;0;1;0;2;0;2;0;2;0;0;0;0;1;3
document;0;0;2;0;9;1;0;0;1;0;0;0;0;0;0;2
disputer;0;0;0;0;1;0;0;0;0;0;0;0;6;8;0;0
disposer;1;0;1;4;1;2;0;1;0;1;0;0;0;2;0;0
différent;0;0;0;1;1;1;1;1;1;0;1;2;2;1;2;0
diffuser;0;1;1;1;4;1;0;0;0;0;1;0;0;1;5;0
courir;1;0;0;1;2;0;1;2;0;0;0;2;2;2;2;0
constater;1;1;2;2;0;3;0;1;2;0;0;1;0;0;1;1
confier;2;0;4;0;1;0;0;2;1;0;1;0;1;1;2;0
condamner;0;1;0;0;2;3;0;0;0;0;0;0;0;0;0;0
compétence;0;0;5;0;1;0;0;2;1;0;4;0;0;0;1;1
commercial;1;1;0;0;8;0;1;0;0;0;1;0;0;0;2;0
circuler;8;0;0;2;0;0;0;1;0;0;0;3;0;0;0;0
championnat;0;0;0;0;0;0;0;0;0;0;0;0;7;8;0;0
chambre;0;0;0;0;7;2;0;0;0;3;0;1;0;0;1;0
candidat;0;0;1;0;0;11;0;0;1;0;0;0;0;0;0;0
caméra;1;0;1;5;0;1;0;1;0;0;0;1;1;0;1;1
cadeau;0;0;1;5;2;0;0;2;0;0;1;0;1;1;0;0
benjamin;6;3;0;0;1;1;0;0;0;0;0;0;1;1;1;0
avril;3;3;0;1;4;2;0;0;0;0;1;0;0;0;0;0
avion;1;0;0;2;1;0;1;1;0;0;4;0;0;0;3;1
avancé;1;1;3;0;0;0;2;2;1;0;1;1;0;0;3;0
australien;0;5;0;0;0;0;0;1;0;0;1;0;2;1;1;0
attirer;1;1;0;2;0;0;0;1;0;0;0;0;0;0;4;0
assurance;0;0;0;7;1;0;0;2;0;0;2;1;0;0;0;1
approcher;1;0;2;1;0;0;1;1;1;2;2;0;0;0;3;1
amateur;3;0;0;0;0;0;2;0;0;0;0;0;2;1;4;0
actif;1;0;0;1;0;0;1;3;3;1;1;3;0;0;0;0
équiper;0;0;2;5;0;0;1;1;3;0;1;0;0;0;1;0
éliminer;0;1;1;0;0;0;0;3;1;0;0;0;1;4;0;1
zoo;0;0;8;0;0;0;0;1;0;0;0;0;0;0;0;1
voisin;1;2;1;0;1;0;2;1;0;0;0;4;0;0;0;1
vd;7;0;0;1;0;1;0;1;0;0;1;0;1;0;0;0
usage;0;0;2;1;1;1;0;1;1;1;2;0;0;0;3;1
trouble;1;1;0;0;0;0;1;4;6;0;0;0;0;0;0;0
tarif;0;0;0;9;0;0;0;0;0;0;0;0;0;3;0;1
sélection;0;0;0;0;0;0;0;0;0;0;0;1;0;10;2;0
stress;0;0;1;0;0;0;0;4;5;0;0;0;0;0;1;1
st;3;0;1;1;1;0;0;0;0;1;0;2;1;2;0;0
sommet;0;0;0;0;6;0;3;0;0;0;0;0;1;1;1;0
sol;0;5;0;1;0;0;0;1;1;0;0;0;3;0;1;0
simple;0;0;1;1;0;0;0;3;5;0;0;0;0;1;1;1
significatif;5;0;0;0;2;1;0;3;1;0;0;1;0;0;0;1
signature;0;1;0;0;2;2;0;1;0;1;1;3;0;0;1;1
servir;0;0;1;1;2;0;0;1;1;0;0;1;0;3;1;2
résidence;0;3;0;1;4;1;1;0;0;1;0;0;0;0;0;0
réserver;0;0;0;5;0;0;0;0;0;0;1;6;0;0;0;1
règle;0;1;1;3;0;1;0;0;0;0;0;4;0;1;0;0
royaume;0;0;0;1;3;0;0;2;0;0;1;0;1;2;4;0
retirer;0;0;1;0;1;1;1;1;1;0;4;0;0;0;1;0
responsabilité;0;0;4;1;1;0;0;1;4;1;0;2;0;0;0;0
rassembler;0;2;0;0;5;0;1;1;0;0;0;1;0;0;3;0
rapidement;1;2;1;1;0;1;0;3;0;1;0;0;1;2;0;0
proposition;0;1;0;2;3;3;0;0;1;0;0;1;0;0;2;1
pro;0;10;0;0;1;1;1;0;0;0;0;1;0;0;0;0
polémique;0;0;0;0;0;2;0;1;0;0;0;1;0;2;4;0
photographe;1;0;0;0;0;0;2;0;0;0;0;0;0;0;7;0
payer;0;0;0;8;2;1;0;1;1;0;0;0;0;0;0;0
olympique;1;0;0;0;0;0;0;0;0;0;0;0;10;1;0;0
obligation;0;0;1;3;0;1;0;2;0;0;1;5;0;0;0;0
numéro;1;0;0;0;1;0;1;1;0;0;1;3;0;4;1;0
numérique;0;0;0;2;0;1;0;3;1;1;1;1;0;0;1;1
municipal;0;3;0;1;1;6;0;0;0;0;3;0;0;0;0;0
montant;0;0;0;9;0;0;0;0;1;0;1;0;0;0;0;1
mission;0;3;0;0;0;1;0;0;0;1;4;0;0;0;5;0
matche;0;0;0;0;0;0;0;0;0;0;0;0;1;12;0;0
magazine;0;0;0;1;1;0;1;0;1;0;1;0;1;1;2;1
lune;0;0;4;0;0;0;0;0;0;0;0;0;0;0;0;0
louvre;0;0;0;3;0;0;1;0;0;0;0;0;0;0;0;1
londres;0;0;0;1;0;0;0;0;0;0;0;0;5;2;5;0
limité;0;0;3;2;0;0;0;2;0;0;2;3;0;0;1;1
judiciaire;0;0;0;0;3;4;0;0;0;0;0;0;0;0;0;1
interne;0;0;0;2;5;1;0;0;1;0;1;1;1;0;0;0
informer;2;0;0;3;0;1;0;1;0;0;2;2;0;1;0;2
idéal;0;0;5;0;0;0;0;0;0;0;0;0;0;1;5;1
helvétique;0;0;0;0;0;1;0;0;1;0;0;1;7;1;1;1
guy;0;0;0;0;1;9;0;1;0;0;0;0;0;0;0;2
gall;4;0;0;0;0;0;0;0;0;0;0;6;0;4;0;0
fêter;0;0;0;0;1;0;1;0;0;0;0;0;4;4;1;0
frontalier;2;5;1;1;0;0;0;1;0;1;0;0;0;0;1;1
fm;0;0;0;5;0;4;0;0;0;0;0;1;0;0;0;0
fermeture;1;1;0;2;1;1;4;1;0;0;0;1;0;1;0;0
explosif;0;11;0;0;0;0;0;1;0;0;0;0;0;0;1;0
exception;2;0;0;2;3;0;0;0;0;1;2;1;0;0;1;2
envoyer;0;3;1;1;0;0;0;3;1;0;0;1;0;1;2;0
entretien;0;0;1;0;5;0;1;1;2;0;0;0;0;1;0;0
emji_train;12;1;0;0;0;0;0;0;0;0;0;1;0;0;0;0
effectuer;6;2;0;2;1;0;0;0;0;0;2;1;0;0;0;0
déployer;1;3;1;0;3;0;1;2;0;0;1;0;0;0;2;0
décrocher;0;0;0;0;0;0;0;0;0;0;0;0;7;3;1;0
durer;1;1;2;1;2;0;1;2;0;0;0;0;2;1;1;0
drone;0;10;0;0;1;0;0;0;0;0;0;1;0;0;0;0
doute;0;2;2;0;2;0;0;2;0;0;0;0;2;0;1;1
don;0;3;2;1;2;0;0;3;0;0;0;0;0;0;0;2
diriger;0;0;0;0;4;0;0;0;1;0;3;2;1;1;2;0
célébrer;0;0;0;0;0;0;0;0;0;0;0;0;5;1;3;0
couvrir;0;0;1;3;1;0;0;1;0;0;1;5;0;0;0;1
courant;2;1;1;1;1;2;1;3;1;0;0;0;0;0;0;0
consommateur;0;0;0;8;0;0;0;2;0;0;0;0;0;0;2;1
conduire;0;7;0;1;1;1;0;0;2;0;1;0;0;0;0;1
coalition;0;0;0;0;1;9;0;0;1;1;0;1;0;0;0;0
cible;0;5;0;0;1;1;4;1;0;0;1;0;0;0;0;0
centrale;2;0;1;0;1;1;1;2;1;0;0;1;0;0;1;1
cardiaque;0;0;0;0;0;1;2;7;2;0;0;0;0;0;1;0
cambriolage;0;0;1;6;1;0;1;0;0;0;1;0;0;0;0;1
cacher;0;0;0;0;4;1;0;0;1;1;1;0;1;0;3;0
bébé;0;0;3;0;0;0;0;0;5;0;1;1;0;0;2;1
britannique;0;1;0;0;2;1;1;1;2;0;0;0;0;1;3;0
bloquer;1;3;1;0;3;2;0;1;0;0;0;0;0;1;1;0
bientôt;1;1;0;2;0;1;0;2;1;0;1;0;0;1;2;0
autoriser;0;7;0;1;4;1;0;0;0;0;0;1;0;0;0;0
au_delà;1;2;0;1;0;1;0;0;1;0;1;1;2;0;3;1
administration;0;0;0;3;5;0;0;3;0;0;0;0;0;0;1;0
3e;0;0;0;0;0;1;0;0;0;0;0;0;10;3;0;0
2e;1;0;0;0;0;0;0;0;0;0;0;0;8;4;0;0
étudier;0;1;2;0;0;1;0;2;3;0;1;1;0;0;0;1
écouter;0;0;0;1;0;2;0;0;0;2;0;0;0;0;6;0
yodel;0;0;0;0;0;0;10;0;0;0;0;0;0;0;0;0
vitesse;6;0;1;0;0;0;0;1;0;0;1;1;3;0;0;0
version;0;0;0;0;0;1;0;1;0;0;1;1;0;1;8;0
univers;0;0;0;0;0;0;2;0;0;0;0;0;0;1;8;0
transférer;0;1;3;1;0;1;0;1;0;0;0;3;0;0;0;2
trace;1;0;5;0;2;0;0;1;1;0;0;0;1;1;0;0
tournée;1;0;0;1;1;2;0;0;0;0;0;0;0;2;5;0
tournoi;0;0;0;0;0;0;0;0;0;0;0;0;8;4;0;0
tenue;1;1;1;0;5;0;1;0;0;0;0;1;1;0;1;0
technologie;2;0;0;1;1;1;1;1;0;0;1;0;0;0;2;0
syrie;0;1;0;0;6;2;3;0;0;0;0;0;0;0;1;0
symbole;0;0;0;0;2;2;3;0;0;0;0;0;2;1;2;1
streaming;0;0;0;2;1;0;0;1;0;0;0;0;0;0;6;0
spectacle;0;0;0;0;0;0;1;2;0;0;1;0;0;1;2;0
soudan;1;6;1;0;2;1;0;2;0;0;0;0;0;0;0;0
sondage;0;0;2;5;0;2;0;0;0;0;0;3;0;0;0;1
signe;0;0;0;0;1;2;0;0;0;1;5;1;1;1;0;0
signaler;2;3;3;0;0;2;0;1;0;1;0;0;0;0;0;0
schneider;0;0;0;0;0;1;0;0;0;0;0;1;4;0;0;7
réserve;1;1;0;0;1;1;0;2;1;0;3;1;1;0;1;0
réjouir;0;0;2;0;1;0;2;0;0;0;0;2;2;1;1;0
romands;2;0;2;0;0;1;0;4;1;1;0;0;0;1;1;0
romain;0;0;0;0;0;0;3;0;2;0;1;1;0;1;3;0
relier;10;0;0;0;0;0;1;0;0;1;0;0;0;0;0;0
relancer;0;2;1;2;3;0;0;0;0;0;0;1;0;0;1;0
recul;1;0;1;8;0;0;0;2;0;0;0;1;0;0;0;0
recueillir;0;1;8;0;0;2;0;0;0;0;0;2;0;0;0;0
recenser;0;2;3;5;0;1;0;1;0;0;0;0;0;0;1;0
radio;0;2;0;3;0;5;0;0;0;1;0;0;0;0;1;0
publication;0;0;3;1;3;3;0;0;0;0;1;1;0;0;1;0
provenir;0;0;2;2;0;0;1;1;0;0;2;2;0;1;0;0
promouvoir;0;0;0;0;0;1;7;0;0;0;0;0;1;0;1;2
producteur;0;0;0;1;1;0;1;0;1;0;1;1;1;0;3;0
printemps;4;0;0;2;0;1;1;0;1;0;0;1;0;1;0;2
principalement;0;0;1;1;0;0;0;8;0;1;2;0;0;0;0;0
potentiellement;0;4;0;0;2;0;0;0;5;0;0;0;0;0;0;1
possibilité;0;0;1;0;3;1;0;0;1;0;2;1;0;0;0;1
percevoir;0;0;2;4;1;0;1;0;1;0;0;2;0;0;0;2
passager;6;0;1;1;0;0;0;1;1;0;1;0;0;0;0;0
of;1;1;0;0;1;0;2;0;0;0;0;0;2;2;2;0
nobel;0;0;0;0;5;0;0;0;0;0;0;0;0;0;0;1
méthode;0;0;0;0;1;0;0;7;0;0;0;0;0;0;3;0
modifier;0;0;1;0;1;1;0;0;4;0;1;2;0;1;1;1
mental;0;0;0;0;0;0;0;7;4;0;0;0;1;0;0;0
matériel;1;3;1;1;2;1;1;1;0;0;0;0;0;0;1;0
matinal;4;2;0;0;0;2;1;0;0;1;1;0;1;0;0;0
magasin;0;0;0;7;0;2;0;0;0;0;0;1;0;0;0;0
lara;0;0;0;0;0;0;0;0;0;0;0;0;12;1;0;0
irlande;0;0;0;0;1;1;0;0;0;0;0;0;0;10;0;0
humanité;0;5;1;0;1;1;1;0;0;1;0;0;0;0;1;1
horaire;9;0;1;2;0;0;0;0;0;0;0;0;0;0;0;1
génération;1;0;2;0;1;0;1;0;0;0;1;0;0;0;6;0
gut;0;0;0;0;0;0;0;0;0;0;0;0;13;0;0;0
grippe;1;0;7;2;0;0;0;1;0;0;1;0;0;0;0;0
gilliéron;0;0;0;0;0;0;0;0;0;5;1;0;0;0;0;7
frère;0;0;0;0;4;1;2;0;0;0;0;0;1;1;3;0
fruit;0;1;3;0;2;0;0;2;0;0;0;1;0;0;2;1
fournir;0;2;1;1;0;1;0;5;0;0;1;0;0;0;0;1
finalement;1;0;1;1;0;1;0;0;0;0;1;1;2;5;0;0
faveur;0;2;0;0;7;3;0;0;0;0;0;0;0;1;0;0
fait;0;2;0;1;2;1;0;3;0;0;1;0;0;0;1;0
facteur;0;0;2;0;0;0;0;8;3;0;0;0;0;0;0;0
exclure;0;0;1;1;0;3;0;0;1;0;0;1;0;1;0;4
entendre;1;2;0;0;0;2;1;1;3;0;0;1;0;0;0;2
enseignant;0;0;3;0;0;0;0;1;0;0;0;7;0;0;1;0
empêcher;0;3;1;0;1;3;0;1;0;0;1;1;1;1;0;0
emji_trophée;0;0;0;0;0;0;0;0;0;0;0;0;4;8;1;0
emji_skieur;1;0;0;0;0;0;0;0;0;0;0;1;11;0;0;0
emji_porte_documents;0;0;1;5;0;1;0;1;1;0;3;1;0;0;0;0
emji_main_qui_écrit_peau_moyennement_claire;0;0;0;2;0;0;3;0;2;1;0;0;0;0;2;0
emji_graphique_en_hausse;1;0;1;5;0;0;0;1;0;0;1;1;0;0;0;0
emji_graphique_en_baisse;1;0;5;3;0;0;0;1;1;0;0;0;0;1;1;0
emji_cerveau;0;0;0;0;0;0;0;4;7;0;0;0;0;0;0;0
déplacement;3;0;0;1;3;0;0;0;0;0;3;0;0;1;0;0
dégât;0;6;2;0;0;0;0;2;0;2;0;0;0;0;0;1
dédier;0;0;0;1;1;0;6;0;0;0;0;0;0;1;2;0
douane;0;2;0;1;8;0;0;0;0;0;0;0;0;0;0;1
distance;0;0;1;2;0;0;1;0;0;0;1;6;0;0;1;0
directement;0;1;0;1;0;0;1;4;1;0;1;1;0;1;1;0
difficulté;0;1;0;2;1;1;0;0;1;0;6;0;0;0;1;0
dangereux;1;3;0;0;0;0;0;5;1;0;0;1;1;0;0;0
criminel;0;0;0;0;3;1;0;5;1;0;0;0;0;0;0;0
contrôler;0;2;1;1;1;0;0;2;0;0;3;2;0;0;0;1
contrat;0;0;0;3;1;0;0;1;0;0;0;3;0;4;0;0
conférence;0;2;0;1;5;0;1;1;0;0;0;2;0;0;0;1
condamnation;0;1;0;0;0;3;1;0;0;0;0;0;0;0;0;0
concevoir;1;0;2;1;1;0;1;0;0;0;0;0;0;0;5;0
composer;0;0;0;1;1;1;1;0;1;0;1;0;0;1;6;0
communal;0;0;0;1;1;4;0;1;0;0;5;0;0;0;1;0
client;1;0;0;6;2;1;1;0;0;0;0;0;0;0;0;1
cibler;0;3;1;0;1;3;0;1;1;1;0;0;0;0;0;0
chinois;0;1;1;1;3;0;0;0;1;0;2;2;0;0;0;0
capable;2;0;0;0;1;0;0;0;4;0;0;0;0;0;5;0
brésil;0;0;1;0;4;0;1;2;0;0;0;1;0;4;0;0
bois;3;0;0;0;0;0;2;0;2;0;1;0;0;0;0;0
behrami;0;0;0;0;0;0;0;0;0;0;0;0;13;0;0;0
automne;5;0;0;0;0;1;2;0;0;0;0;0;0;1;4;0
australie;1;3;2;0;0;0;0;1;0;1;0;0;0;3;0;0
attente;1;0;0;0;0;2;0;4;0;0;3;0;0;0;0;2
assemblée;0;0;0;1;3;8;0;0;0;0;1;0;0;0;0;0
après_des;0;3;1;0;1;3;0;0;0;0;1;2;1;1;0;0
adolescent;1;1;1;0;0;0;0;6;2;0;0;0;0;0;2;0
abus;0;0;0;1;2;1;0;6;0;0;0;0;0;0;0;0
abri;3;1;1;1;0;0;1;3;0;0;1;0;0;0;0;1
abandonner;0;0;6;0;0;0;1;1;0;0;0;2;0;0;1;0
washington;0;0;0;0;6;3;0;0;0;0;0;0;0;2;0;0
vérifier;1;1;0;1;0;0;0;5;0;0;0;1;0;0;2;0
viande;0;0;1;1;0;0;0;3;2;0;1;0;0;0;1;1
uniquement;0;0;1;2;0;1;0;3;0;0;3;0;0;0;0;2
ue;0;1;1;1;0;2;0;4;1;0;2;0;0;0;0;0
télévision;1;1;1;0;0;0;1;0;0;0;1;0;0;0;2;0
tschani;0;2;0;0;2;0;0;1;1;2;0;0;0;0;0;0
transmettre;0;0;4;1;0;0;0;1;0;0;0;0;0;2;0;2
top;0;0;0;0;0;0;1;0;0;0;0;0;6;2;1;0
tomber;5;2;0;1;0;0;0;0;1;0;0;0;0;2;0;0
séduire;0;0;0;0;1;1;1;0;1;0;0;0;1;0;6;0
suspension;0;2;0;1;3;4;0;1;0;0;0;0;0;0;0;0
studio;0;0;0;1;0;0;2;0;0;0;0;0;1;0;5;0
stade;1;0;0;2;0;0;0;1;1;0;0;1;1;3;0;0
soumettre;0;0;0;2;1;1;1;0;0;0;0;3;0;0;2;0
siècle;2;1;0;0;0;0;4;0;0;0;2;2;0;0;0;0
similaire;0;0;0;0;3;1;0;0;0;0;3;1;1;1;0;0
sanction;0;0;0;1;9;0;1;0;0;0;0;1;0;0;0;0
républicain;0;0;0;0;11;1;0;0;0;0;0;0;0;0;0;0
réagir;0;1;1;0;2;0;1;3;1;1;0;0;0;1;0;0
richesse;0;0;0;5;1;1;1;0;1;0;0;1;0;0;0;1
respecter;0;2;0;1;0;0;0;1;0;0;4;0;0;0;0;1
remplacer;1;0;0;2;0;0;0;6;0;0;1;1;0;0;0;0
reconnaissance;0;2;0;0;1;1;0;2;1;1;0;1;0;0;1;0
rang;0;0;1;0;0;1;2;0;0;0;1;0;2;3;1;0
raconter;0;0;0;0;1;0;7;0;0;0;0;0;0;1;2;0
quantité;3;1;0;1;0;0;0;4;0;0;1;1;0;0;1;0
présidentiel;0;1;0;0;2;5;0;0;0;0;0;0;0;0;0;0
proximité;0;0;1;1;4;0;0;1;1;0;1;2;0;0;0;0
prononcer;0;0;0;0;1;4;0;0;1;0;0;2;0;0;1;0
pied;1;4;0;0;1;0;0;0;4;0;0;0;0;1;1;0
perturbation;9;0;0;0;0;0;1;1;0;0;0;0;0;0;0;1
patron;0;0;0;4;2;0;0;1;0;0;1;0;0;0;2;0
parmelin;0;0;0;0;1;9;0;1;0;0;0;0;0;0;0;0
page;0;0;0;0;2;5;0;0;0;1;0;1;1;0;1;0
ordonner;0;3;0;0;3;0;0;0;0;0;1;1;0;0;0;0
négatif;2;0;4;1;0;0;0;1;1;0;0;1;0;0;0;0
médicament;0;0;0;3;0;0;0;0;6;0;0;0;0;0;0;1
mécanisme;0;1;0;1;2;0;0;0;7;1;0;0;0;0;0;0
musk;0;0;0;0;7;2;0;0;0;0;0;0;0;0;1;0
monter;0;0;0;1;1;1;0;2;0;0;0;0;2;0;2;0
malfaiteur;0;1;0;1;0;0;0;1;0;0;0;0;0;0;0;0
lutter;0;1;0;0;1;0;1;4;0;0;5;0;0;0;0;0
logement;1;0;0;2;0;1;0;1;0;0;2;1;0;0;0;0
libération;0;8;1;0;1;0;0;0;0;0;0;0;0;0;0;0
lauréat;0;0;0;0;2;0;1;0;0;0;0;0;0;1;5;1
juillet;0;2;1;1;0;0;0;0;0;0;1;1;1;2;2;0
juge;1;1;0;0;4;0;0;1;0;0;0;0;1;0;0;1
issue;0;0;0;0;1;6;1;0;1;1;0;0;0;0;0;0
investir;0;0;0;6;2;1;0;0;0;0;1;1;0;0;0;0
intense;5;1;0;0;0;0;2;1;0;0;0;0;0;1;2;0
inondation;2;6;1;0;0;0;0;1;1;0;0;0;0;0;0;0
influence;0;0;1;0;2;0;1;4;1;0;0;0;0;1;1;0
immédiat;0;5;0;3;2;0;0;0;0;0;1;0;0;1;0;0
héritage;0;0;0;3;0;1;0;2;1;0;1;0;0;0;2;0
grève;0;0;0;0;4;1;0;0;0;0;2;4;0;0;0;1
gratuit;1;0;0;7;0;1;0;0;0;0;1;1;0;0;1;0
geste;0;0;0;0;1;0;2;3;3;0;0;0;1;0;1;0
gens;0;0;0;0;1;1;3;1;1;0;2;2;0;0;0;0
gaz;0;2;2;1;1;0;0;1;2;1;1;0;0;0;1;0
fédération;0;2;0;1;1;0;0;0;0;0;0;2;4;2;0;0
foyer;0;0;7;1;0;0;0;0;0;0;1;1;0;0;1;1
fortement;2;2;5;0;0;1;0;2;0;0;0;0;0;0;0;0
finance;0;1;0;1;3;3;0;2;0;0;1;0;0;0;0;0
exemplaire;0;0;0;0;0;1;1;0;0;0;0;0;0;0;10;0
esprit;0;0;0;0;1;0;0;1;0;0;1;1;1;2;2;1
espoir;0;0;3;3;0;1;1;1;0;0;0;0;1;0;2;0
enjeu;0;0;2;0;3;0;1;2;2;1;0;0;0;0;0;0
emji_étincelles;0;0;0;0;0;0;0;1;0;0;0;0;2;1;3;0
emji_montagne_enneigée;3;0;0;4;0;0;1;0;0;0;4;0;0;0;0;0
emji_livres;0;0;2;0;2;0;0;0;0;0;0;0;0;2;4;0
emji_billet_avec_des_ailes;0;0;1;6;0;0;0;2;0;0;1;0;0;2;0;0
emji_avion;1;3;0;2;0;0;0;2;0;0;2;1;0;0;1;0
démission;0;0;0;0;2;7;0;1;0;0;0;1;0;0;0;0
durée;2;0;2;2;1;0;0;0;2;0;0;0;1;0;1;0
disparition;0;3;1;0;0;0;0;1;5;0;0;0;0;0;0;0
devancer;0;0;0;0;0;7;0;1;0;0;0;1;2;0;0;1
destiner;2;1;0;6;0;0;0;2;0;0;1;0;0;0;0;0
destination;5;1;0;0;0;0;0;0;1;0;1;1;0;0;0;0
daniel;0;0;0;0;2;1;0;1;0;1;0;0;0;0;0;1
consultation;0;0;2;4;2;1;0;0;0;0;0;0;0;0;1;1
confiance;0;0;0;0;1;2;1;2;0;1;2;1;1;0;0;0
concept;1;0;0;0;0;0;2;0;0;0;0;1;0;1;4;0
concentrer;0;0;0;1;1;0;1;1;1;0;0;1;0;1;2;1
collection;0;0;1;0;0;0;4;0;0;0;0;0;0;0;0;1
chaud;7;0;0;0;0;0;0;0;0;0;1;0;0;0;0;0
brésilien;0;2;0;0;3;0;0;0;0;0;0;0;2;2;0;0
boulens;0;2;0;0;2;0;0;1;1;2;0;0;0;0;0;0
barrage;0;1;0;0;0;0;0;2;0;0;0;0;0;7;0;0
avocat;0;1;0;0;0;4;0;1;1;0;0;0;0;0;0;0
audience;0;0;0;3;1;1;2;0;0;0;0;1;0;0;4;0
artistique;0;1;1;0;0;0;2;0;0;0;0;0;0;0;5;1
archive;0;0;0;1;1;0;1;0;0;1;0;0;1;0;5;0
approuver;1;1;0;1;0;5;0;1;0;0;0;2;0;0;0;1
août;1;0;2;1;1;0;1;0;0;0;1;1;0;0;0;0
andrew;0;0;0;1;6;1;0;0;0;0;0;0;0;0;2;0
alpin;0;0;0;0;0;0;4;0;4;0;0;0;3;0;0;0
alimenter;0;0;1;1;0;0;0;1;2;1;1;1;0;0;1;0
albert;0;0;0;0;2;4;0;0;0;0;0;0;0;1;1;3
agression;1;2;1;0;2;2;0;0;1;0;1;0;0;0;2;0
affiche;1;1;0;0;1;0;0;2;0;0;3;1;0;0;1;1
acquérir;1;0;2;1;0;0;0;0;0;0;1;1;1;0;2;0
accorder;0;0;2;1;3;2;0;0;1;0;1;1;0;1;0;0
abonnement;0;0;0;7;0;0;0;0;0;0;2;0;0;0;0;0
évoluer;0;0;1;1;0;1;1;1;0;1;2;0;1;1;0;0
évacuer;0;9;1;0;0;0;0;0;0;0;0;0;0;0;0;0
épreuve;0;1;0;0;0;0;1;1;0;0;0;1;6;0;0;0
émotion;0;0;0;4;1;0;3;0;0;0;1;0;1;0;1;0
église;3;0;0;2;0;2;1;0;0;0;1;0;0;0;1;0
écran;0;0;2;0;0;0;0;1;1;1;1;0;0;0;4;0
yverdon;9;0;0;0;0;0;0;1;0;0;0;0;0;0;0;0
vétérinaire;0;0;9;0;0;0;0;0;1;0;0;0;0;0;1;0
vision;0;0;0;0;1;0;0;0;0;1;0;0;0;0;7;1
vainqueur;0;0;0;0;0;0;0;0;0;0;0;0;8;2;1;0
vague;4;0;1;0;0;0;0;1;0;0;1;0;0;0;2;0
urs;0;0;0;0;0;0;0;0;0;2;0;0;0;0;1;7
urgent;0;2;6;1;0;1;0;1;0;0;0;0;0;0;0;0
transporter;1;0;0;0;2;0;1;1;1;0;2;1;0;0;1;0
touriste;0;1;1;4;0;0;0;0;0;0;1;2;0;0;0;0
tourisme;0;2;0;2;0;0;0;0;0;1;2;0;0;1;1;1
tirage;0;0;0;0;0;0;0;0;0;0;0;0;0;5;2;0
terroriste;0;8;0;0;1;2;0;0;0;0;0;0;0;0;0;0
terrain;0;2;0;0;2;1;0;0;1;0;0;0;1;2;0;1
tentative;0;5;0;0;0;3;0;0;1;0;0;0;0;0;0;0
sydney;0;6;0;0;0;0;0;1;0;1;0;0;0;3;0;0
suggérer;0;0;1;0;0;0;0;1;1;1;0;0;0;0;6;0
soldat;0;8;0;0;1;0;0;0;0;0;1;1;0;0;0;0
sentiment;0;0;0;1;0;1;1;4;2;0;0;0;0;0;2;0
sensation;1;0;0;0;0;0;0;1;0;0;0;0;0;0;7;0
satellite;1;0;0;0;1;0;0;0;3;0;1;1;0;0;1;0
récompenser;0;1;0;0;2;0;0;0;0;0;0;0;0;1;5;0
réclamer;0;1;0;2;3;2;0;1;1;0;1;0;0;0;0;0
réchauffement;4;1;0;0;0;0;0;4;0;1;0;0;0;0;0;1
roi;0;0;0;1;6;0;1;0;0;1;0;0;0;0;0;0
robert;1;0;0;0;0;1;4;0;1;1;0;0;0;0;1;0
provisoire;1;0;0;0;1;3;0;0;0;0;0;0;0;0;0;0
prouver;0;0;1;0;1;0;1;0;1;0;0;0;1;0;3;0
progrès;0;0;1;0;1;0;0;5;0;1;0;0;0;0;0;0
profiter;4;0;0;1;0;0;0;0;0;0;0;0;1;2;2;0
priorité;1;0;3;0;0;4;0;1;0;0;2;0;0;0;0;0
prime;0;0;2;6;0;0;1;0;0;0;0;1;0;0;0;0
portée;0;0;0;0;1;2;1;0;0;0;0;4;0;1;0;1
plonger;0;0;0;0;1;1;1;1;0;0;0;0;0;0;5;0
plaque;1;0;0;0;0;0;1;0;0;0;1;4;0;0;0;1
pixabay;0;0;1;0;0;0;0;0;2;0;0;0;0;0;0;4
perturber;7;0;0;1;1;0;0;1;1;0;0;0;0;0;0;0
patrick;0;0;0;0;0;0;1;0;0;0;0;0;0;3;0;1
parc;2;1;5;0;0;0;0;0;0;1;0;0;0;0;1;0
ouragan;0;9;0;0;0;0;0;0;0;0;0;1;0;0;0;0
nation;0;0;0;0;3;5;0;0;0;0;0;0;0;3;0;0
météorologique;5;1;1;0;0;0;0;0;1;1;1;0;0;0;0;0
mobilisation;0;0;0;0;3;5;0;0;0;1;0;2;0;0;0;0
milliardaire;0;0;0;5;1;0;1;0;0;0;0;0;0;0;1;0
mauvais;0;0;1;0;0;0;0;4;0;0;4;0;0;0;1;0
mark;0;0;0;0;1;0;0;0;0;1;0;1;0;0;1;1
marge;0;1;0;0;1;1;0;0;0;0;0;4;2;1;0;1
majoritairement;0;1;1;0;0;4;0;2;0;0;1;1;0;0;0;0
lire;0;0;1;1;0;0;0;1;2;2;2;1;0;0;1;0
lever;1;5;0;0;2;0;0;0;0;0;0;0;0;0;0;0
leader;1;0;0;0;1;2;3;0;0;0;0;0;2;1;0;0
lac;7;0;1;0;0;0;0;0;0;0;0;0;0;1;0;1
kefalas;1;0;0;1;0;0;1;0;0;0;1;0;0;0;0;5
japonais;0;2;0;0;1;1;0;0;1;0;0;0;1;2;3;0
japon;0;2;0;0;1;2;0;0;0;0;0;0;0;2;1;0
interview;0;0;1;0;1;0;0;0;0;6;0;0;0;1;0;0
internet;1;0;0;2;3;0;0;1;0;0;1;1;0;0;1;1
institution;0;0;0;0;0;0;2;1;1;0;4;0;0;0;2;1
instant;1;1;0;1;0;1;0;0;0;0;1;2;0;0;0;1
initier;0;1;0;0;2;2;2;1;0;0;1;0;0;0;2;0
impôt;0;0;0;6;0;2;0;0;0;1;0;1;0;0;0;0
impressionnant;0;0;0;1;0;0;0;0;1;0;1;0;3;1;3;0
identité;0;0;1;2;0;0;4;0;0;0;0;2;0;0;1;1
hauteur;4;0;1;0;0;0;0;0;0;0;4;0;0;0;0;0
global;0;0;1;0;0;0;0;4;1;1;1;0;0;0;1;1
glacier;1;0;0;0;0;0;0;2;1;0;1;0;1;0;0;3
georgios;1;0;0;1;0;0;1;0;0;0;1;0;0;0;0;5
genou;0;1;0;0;1;0;0;3;0;0;0;0;5;0;0;0
gagnant;0;0;1;0;0;0;1;0;0;0;0;0;2;3;2;1
fidèle;0;1;0;0;0;1;1;0;0;0;0;0;0;1;7;0
faune;2;0;5;0;0;0;0;0;0;1;0;0;0;0;2;0
faible;0;0;3;0;0;1;0;1;3;0;0;0;0;0;0;3
exploser;0;1;0;0;0;0;1;2;0;0;1;0;2;1;2;0
exiger;0;0;0;1;1;2;0;0;0;0;2;4;0;0;1;0
exercice;0;2;1;0;1;3;0;2;0;0;0;1;0;0;0;0
erreur;0;0;1;1;1;0;3;1;1;0;0;0;1;0;2;0
epstein;0;0;0;0;10;0;0;0;0;0;0;0;0;0;0;0
entraîneur;0;0;0;0;0;0;0;1;0;0;0;0;1;9;0;0
entamer;0;0;1;0;5;1;0;0;0;0;1;0;2;1;0;0
emji_hôpital;0;4;0;0;0;1;0;5;0;0;0;1;0;0;0;0
emji_explosion;1;7;0;0;0;0;0;1;0;0;1;0;0;0;1;0
efficace;1;0;1;0;0;0;0;4;2;0;0;2;0;0;0;0
effectif;0;2;0;3;1;2;0;0;0;0;0;1;0;0;0;2
déplorer;0;4;0;0;2;2;0;1;0;0;0;0;0;0;1;0
déclencher;2;3;1;0;0;2;1;0;1;0;0;0;0;0;1;0
déclaration;0;2;0;0;6;0;0;0;0;0;0;0;0;0;1;0
dpa;0;0;0;0;0;0;0;0;0;0;0;0;0;0;0;3
domestique;0;0;7;0;0;0;0;2;0;0;0;1;0;0;0;1
diversité;0;0;4;0;0;0;1;1;0;0;0;2;0;0;2;0
dialogue;0;1;2;0;1;1;0;1;1;1;0;0;0;0;1;1
cycle;0;0;3;2;0;0;0;1;1;0;0;0;0;0;1;0
coûter;0;1;0;2;1;0;0;1;0;0;2;1;1;1;0;0
contenu;0;2;0;0;1;4;0;1;0;0;0;0;0;0;1;0
contacter;0;3;0;2;1;1;0;1;0;0;0;0;0;0;1;1
contact;1;0;2;0;0;1;0;2;3;0;0;1;1;0;0;0
constituer;0;2;0;0;2;0;1;0;1;0;1;0;1;0;2;0
congrès;1;0;0;1;8;0;0;0;0;0;0;0;0;0;0;0
compléter;1;0;0;0;0;1;0;0;0;0;5;1;0;0;1;1
comparer;0;1;1;2;0;1;0;4;0;0;0;0;0;0;0;1
cher;0;0;0;6;2;0;0;0;0;0;0;0;0;2;1;0
chanteur;0;0;0;0;1;0;4;0;0;0;0;0;0;0;4;1
chanson;0;0;0;1;1;1;0;0;0;0;0;0;3;0;5;0
cellule;0;0;0;0;1;1;0;1;5;0;0;1;0;0;1;0
bord;2;5;0;0;0;0;0;1;0;0;1;1;0;0;0;0
beauté;0;0;2;0;0;0;0;0;0;0;1;0;1;0;6;0
avis;0;0;0;1;3;1;0;3;1;0;0;0;0;1;0;0
auprès_de;0;0;1;1;0;0;0;4;0;0;1;0;0;0;1;2
athlète;0;0;1;0;0;0;0;2;0;0;0;0;6;0;1;0
apprendre;0;0;0;1;0;2;1;1;0;0;0;0;0;0;1;1
analyser;0;0;2;1;0;0;0;3;3;0;0;1;0;0;1;0
alcool;0;0;1;1;0;0;0;2;3;0;0;0;0;0;1;1
ahmed;0;4;0;0;1;1;0;2;0;0;0;0;0;0;0;0
aggraver;0;2;2;1;0;0;0;4;0;1;0;0;0;0;0;1
afrique;1;3;0;0;1;0;0;0;0;0;1;0;0;3;1;0
acheter;0;0;0;5;0;0;0;2;0;0;1;1;0;1;1;0
accélérer;1;0;0;1;0;2;0;3;1;0;0;0;0;0;1;0
absence;1;1;1;0;4;0;0;1;0;0;0;1;0;0;0;1
époux;0;0;0;0;4;1;0;1;0;0;0;0;0;0;0;0
époque;1;0;0;0;0;0;4;0;0;0;1;0;0;1;2;0
émotionnel;0;0;0;0;0;0;4;4;0;0;0;1;0;0;1;0
élément;0;0;1;0;0;1;1;1;1;0;1;1;0;0;3;0
écrivain;0;0;0;0;2;0;6;0;0;0;1;0;0;0;0;0
zelensky;0;3;0;0;7;0;0;0;0;0;0;0;0;0;0;0
xhaka;0;0;0;0;0;0;0;0;0;0;0;0;0;8;0;0
voyage;0;0;0;1;2;0;0;0;0;0;1;2;0;0;4;0
volonté;0;0;0;1;2;2;0;4;0;0;0;0;0;0;0;1
voler;1;0;0;2;0;0;0;1;0;0;0;1;0;0;0;0
violation;0;7;0;0;1;0;0;0;0;1;0;0;0;0;0;1
valaisanne;1;0;0;0;0;1;0;1;0;0;1;2;2;1;0;1
témoin;0;5;0;0;0;0;0;3;2;0;0;0;0;0;0;0
toxique;0;0;2;0;0;0;0;5;0;0;0;0;0;0;1;0
tourner;0;0;1;1;0;0;1;4;0;0;0;0;0;0;1;0
tournant;0;0;0;0;1;0;1;0;0;0;0;1;0;0;4;0
tir;0;5;0;0;2;1;0;1;0;0;0;0;1;0;0;0
tessinoise;0;1;0;0;0;1;0;0;0;0;1;0;7;0;0;0
temporairement;5;0;0;0;1;0;0;0;2;0;0;0;0;1;0;1
talent;0;0;0;0;0;0;1;0;0;0;0;0;0;1;7;0
tabac;0;0;0;1;0;0;0;1;0;0;5;2;0;0;0;0
sûr;0;0;1;1;0;0;0;7;0;0;0;0;0;0;0;0
symptôme;0;0;1;0;0;0;0;5;1;0;0;0;0;0;0;2
suédois;1;0;0;0;0;0;1;1;0;0;0;1;1;4;0;0
surface;3;1;0;0;0;0;3;0;1;0;0;0;0;1;1;0
stabilité;0;2;0;0;1;1;0;0;1;0;0;4;0;0;1;0
spécialiser;0;2;1;0;0;0;2;1;0;0;0;1;1;0;1;0
souffrir;0;0;0;0;0;1;0;7;1;0;0;0;1;0;0;0
solaire;2;0;1;0;0;0;0;3;3;0;0;1;0;0;0;0
slovénie;0;0;0;0;0;0;0;0;0;0;0;0;0;9;0;0
scolaire;0;0;0;0;0;0;0;5;1;0;0;4;0;0;0;0
schuerpf;0;0;0;0;0;0;0;0;0;0;0;0;0;0;0;9
salle;0;1;0;1;0;1;1;0;0;0;0;0;0;0;6;0
routier;2;2;1;1;0;0;0;1;1;0;1;1;0;0;0;0
rose;4;0;0;0;0;0;0;1;0;0;0;0;0;0;1;0
revanche;0;1;0;0;2;1;0;0;2;0;1;2;0;1;0;0
restriction;0;0;0;1;1;3;0;1;1;1;1;1;0;0;0;0
reposer;1;0;3;0;0;0;0;1;1;0;0;0;0;0;2;0
remplir;0;0;0;1;0;5;0;0;0;0;0;3;0;1;0;0
regarder;0;0;0;0;0;0;0;0;1;2;0;0;0;1;6;0
pénurie;0;1;1;1;0;2;0;4;0;0;0;0;0;0;0;1
puissant;0;5;0;0;0;0;0;2;0;0;0;0;0;0;2;0
puissance;1;0;0;1;2;1;0;1;0;0;2;1;0;0;0;0
publicité;0;0;0;2;0;0;0;0;0;0;4;0;0;0;1;0
préparation;0;2;1;0;1;0;0;0;1;1;0;0;0;1;1;2
préférer;0;0;0;2;0;3;0;0;0;0;0;2;1;0;0;0
précipitation;6;2;0;0;0;0;0;0;0;0;0;0;0;0;0;2
province;0;9;0;0;0;0;0;0;0;0;0;0;0;0;0;0
prolongé;1;1;0;1;2;0;2;0;1;0;0;0;0;0;1;0
privilégier;0;0;0;2;0;0;0;4;2;0;1;0;0;0;0;1
prisonnier;1;4;0;0;1;0;0;1;0;0;0;0;0;0;0;0
prestation;0;2;1;2;0;1;0;1;0;0;0;1;0;1;0;0
post;0;0;2;0;2;0;0;0;1;0;1;1;0;1;1;0
pop;0;0;0;0;0;1;0;0;0;0;0;0;1;1;6;0
photographie;0;0;0;0;0;0;1;0;0;0;0;0;0;0;4;0
perspective;0;0;1;0;1;2;0;2;2;0;0;0;0;0;0;2
persister;0;2;0;1;0;0;0;4;0;0;0;1;0;0;0;2
ours;0;2;3;0;0;0;0;1;1;0;0;0;0;0;2;0
organisé;0;0;1;3;2;0;0;0;0;0;0;1;0;3;0;0
ofs;0;0;9;1;0;0;0;0;0;0;0;0;0;0;0;0
oeil;0;0;1;0;0;1;0;0;2;0;0;0;0;3;1;0
notable;2;1;2;0;0;1;0;0;0;0;1;1;0;0;2;0
norme;0;0;1;1;0;0;0;0;0;0;7;0;0;0;0;0
nocturne;6;0;0;0;0;0;0;1;1;0;0;0;1;0;0;0
nationalité;0;0;1;1;0;0;1;1;1;0;0;3;2;0;0;0
mêler;0;0;0;0;0;0;0;0;0;0;0;0;0;0;9;0
météosuisse;10;0;0;0;0;0;0;0;0;0;0;0;0;0;0;0
mère;0;0;1;0;4;0;1;0;0;0;0;0;1;1;1;0
moderne;2;0;0;0;0;0;1;1;0;0;3;0;0;0;1;1
mexique;0;0;0;0;0;0;0;0;0;0;0;0;0;9;1;0
meillard;0;0;0;0;0;0;0;0;0;0;0;0;8;0;0;0
maire;0;0;0;1;6;1;0;0;0;1;0;0;0;0;0;1
législatif;0;0;0;0;0;8;0;0;1;0;0;0;0;0;0;1
lionel;0;0;0;0;0;3;0;0;0;0;0;0;1;0;0;0
licenciement;0;0;0;5;3;2;0;0;0;0;0;0;0;0;0;0
lancement;1;0;0;0;1;0;2;1;0;0;0;0;1;1;1;0
kilo;2;0;0;0;1;0;0;0;1;1;2;0;0;2;0;0
jury;0;0;0;1;1;0;1;0;1;0;0;2;0;0;2;0
jardin;1;0;2;0;0;0;0;0;0;1;0;0;0;0;3;0
intégrer;0;0;1;0;0;0;2;2;1;0;0;0;0;0;2;1
infraction;0;0;1;2;1;4;0;0;1;0;1;0;0;0;0;0
industrie;0;0;0;1;0;0;1;0;1;0;2;2;0;0;2;1
illustrer;0;0;0;1;1;0;1;2;0;0;2;0;0;0;2;0
icône;0;0;0;0;0;1;2;0;0;0;0;0;2;4;0;0
harry;0;0;0;0;0;1;0;0;0;0;0;0;1;5;0;0
gestion;0;0;0;0;0;1;1;5;0;0;1;0;0;1;1;0
fsr;0;7;0;0;3;0;0;0;0;0;0;0;0;0;0;0
fréquenter;2;0;0;1;0;0;0;2;0;0;0;1;0;0;1;0
fréquence;5;0;1;0;0;1;0;0;0;0;1;1;0;0;0;1
fortune;0;0;0;4;0;1;0;0;0;0;0;4;0;0;0;0
forcer;0;5;0;0;0;1;0;1;0;0;0;1;0;1;1;0
fonctionner;1;1;0;1;0;0;0;2;0;0;2;0;0;1;0;2
flueeler;0;0;0;0;0;0;0;0;0;2;0;0;0;0;0;7
facture;0;2;0;3;0;1;0;0;1;0;1;0;0;1;0;1
expression;0;0;0;0;2;3;3;0;0;0;0;0;0;1;1;0
exploiter;1;1;0;0;0;0;0;4;0;0;0;0;0;0;2;1
exploit;0;0;0;0;0;1;0;0;0;0;0;0;6;2;1;0
excessif;0;1;0;1;1;0;0;6;1;0;0;0;0;0;0;0
environnemental;0;0;1;0;2;0;0;1;1;0;2;1;0;0;1;0
endommager;0;4;0;0;0;0;3;0;0;0;0;1;0;0;1;0
emji_voiture;3;0;2;1;0;0;0;0;0;0;3;1;0;0;0;0
emji_visage_avec_des_étoiles_à_la_place_des_yeux;0;0;0;0;0;0;0;0;0;0;0;0;5;4;0;0
emji_téléviseur;0;0;0;1;0;1;1;0;0;0;0;0;0;1;4;0
emji_symbole_d_interdiction;0;0;0;0;1;1;0;2;2;0;1;1;0;0;2;0
emji_stéthoscope;0;1;0;1;0;0;0;5;1;0;0;1;0;0;0;0
emji_drapeau_ukraine;0;4;0;0;6;0;0;0;0;0;0;0;0;0;0;0
emji_drapeau_royaume_uni;0;0;0;0;2;0;2;1;0;0;0;0;0;0;4;0
emji_drapeau_brésil;0;2;0;0;4;0;0;0;0;0;0;0;1;1;0;0
elon;0;0;0;0;7;2;0;0;0;0;0;0;0;0;0;0
dépression;0;0;0;0;0;0;0;4;5;0;0;0;0;0;0;1
diviser;2;0;1;2;2;3;0;0;0;0;0;0;0;0;0;0
distinguer;0;1;2;0;0;0;0;0;0;1;1;1;0;0;3;0
diminution;2;0;6;1;0;0;0;0;0;0;1;0;0;0;0;0
court;1;0;3;0;0;0;2;0;0;0;0;2;0;0;1;1
corée;1;0;0;0;4;0;0;0;0;0;0;0;0;1;2;0
communication;0;3;0;0;0;0;0;0;1;0;1;0;0;0;2;1
code;0;0;0;0;1;5;1;2;0;0;0;0;0;0;0;1
cinquième;0;0;0;2;1;1;2;0;0;0;2;0;1;0;1;0
christof;0;0;0;0;0;0;0;0;0;0;0;0;0;0;0;9
chien;0;0;3;1;0;0;0;0;1;0;1;0;0;0;1;0
cave;0;0;1;1;0;0;0;0;0;0;1;0;0;1;0;0
casque;0;0;0;1;0;0;0;0;0;0;2;2;0;0;3;0
capturer;0;0;1;0;0;0;3;0;1;0;0;0;0;0;4;0
cap;1;0;0;0;0;1;0;0;0;0;0;0;0;7;0;0
café;0;0;0;0;1;0;5;0;0;0;0;0;0;1;1;1
bénévole;2;0;4;0;1;0;0;0;0;0;0;2;0;0;0;0
bonheur;0;3;2;0;0;0;1;1;0;0;0;0;0;0;2;1
bbc;0;0;0;0;3;0;0;4;0;0;0;0;0;0;0;0
banque;0;0;0;7;1;0;0;0;0;0;0;0;0;0;0;0
autriche;0;0;0;1;1;0;0;0;0;0;2;1;3;2;0;0
attaquer;0;3;0;0;0;0;0;0;1;0;0;1;0;5;0;0
assister;0;1;0;0;2;1;1;0;0;0;0;0;0;4;1;0
appliquer;0;0;0;2;1;0;0;1;0;0;3;2;0;0;0;1
apparaître;0;0;0;1;0;0;0;1;0;0;1;0;0;1;4;0
annulation;1;0;0;1;0;3;0;1;0;0;1;0;0;0;2;1
anglais;0;0;0;0;0;0;0;1;0;0;0;0;2;0;7;0
ampleur;0;1;0;2;0;0;0;2;0;0;1;1;0;0;1;1
alternative;2;0;0;2;0;0;0;2;0;0;0;2;0;0;0;2
afficher;2;0;1;2;1;0;0;1;0;0;1;0;1;1;0;0
adversaire;0;0;0;0;0;0;0;0;0;0;1;0;0;7;0;0
accru;0;0;1;4;1;0;0;0;2;0;0;0;0;0;2;0
électoral;0;0;0;0;1;8;0;0;0;0;0;0;0;0;0;0
électeur;1;0;0;0;0;7;0;1;0;0;0;0;0;0;0;0
world;0;0;1;0;1;0;0;1;0;1;0;1;0;2;1;1
voyager;0;0;0;2;1;0;2;0;1;0;2;1;0;0;0;0
votation;0;0;0;0;0;2;0;0;0;4;0;2;0;0;0;1
von;0;0;0;0;0;0;0;1;0;1;0;1;5;0;0;1
virus;0;0;4;0;0;0;0;1;0;0;0;1;0;0;1;0
violer;0;4;0;0;3;0;0;0;0;0;0;0;0;0;2;0
urbain;0;0;1;0;0;0;0;0;1;1;4;0;0;0;1;1
typhon;0;8;0;0;0;0;0;0;0;0;0;0;0;0;1;0
tracer;2;2;0;0;0;0;0;0;1;0;0;0;4;0;0;0
torture;0;0;0;0;0;3;1;1;0;0;0;1;0;0;0;0
til;0;0;0;0;0;0;0;0;0;1;0;0;0;0;0;7
temporaire;3;0;0;3;2;0;0;0;0;0;0;1;0;0;0;0
taille;1;0;3;0;1;0;0;0;0;0;1;1;0;0;1;0
sécuriser;1;2;1;0;0;0;0;1;0;0;4;0;0;0;0;0
syrien;0;2;0;0;3;0;3;0;0;0;0;0;0;0;1;0
suspect;0;3;1;1;2;0;0;0;0;0;0;0;0;0;0;1
succéder;0;0;0;0;1;5;0;0;0;0;0;0;2;1;0;0
stationnement;2;0;0;1;0;0;0;0;0;0;2;1;0;0;0;1
soupçonner;0;2;0;1;2;0;0;0;0;0;0;0;0;0;0;0
slalom;0;0;0;0;0;0;0;0;0;0;0;0;8;0;0;0
session;2;0;0;1;0;0;0;0;0;0;4;0;0;0;0;1
scandale;0;0;0;0;4;2;0;0;0;0;0;0;0;0;0;0
sarah;0;0;0;1;1;0;0;4;2;0;0;0;1;0;0;0
saisir;1;1;0;2;1;2;0;0;0;0;0;0;1;0;0;0
rêve;0;0;0;0;0;0;1;0;0;0;1;0;2;3;2;0
régulièrement;0;1;2;0;1;0;0;3;0;0;0;0;1;0;0;0
régulier;1;1;0;0;2;0;1;2;0;0;0;1;0;1;0;0
récolter;0;0;0;0;1;2;0;1;1;1;0;1;0;0;2;0
ruetschi;0;0;0;0;0;0;0;0;0;1;0;0;0;0;0;3
revoir;0;1;0;2;0;0;0;1;1;0;2;1;0;0;0;1
revendiquer;0;1;0;0;6;0;1;0;0;0;0;0;0;0;0;0
restauration;2;0;0;2;0;0;2;0;0;0;2;0;0;0;1;0
restaurant;1;1;0;1;0;1;1;0;1;1;1;1;0;0;0;0
respectivement;0;0;2;0;0;2;0;0;0;0;0;0;4;0;0;0
respect;0;0;0;0;0;0;0;1;0;0;0;4;0;1;0;1
requin;0;1;0;1;0;0;0;2;0;1;0;0;0;2;0;0
repas;0;0;0;1;0;0;0;2;2;0;0;2;0;0;0;0
rassemblement;0;1;0;0;4;2;0;0;0;1;0;0;0;0;0;0
rappel;0;1;0;0;0;1;0;3;1;0;0;0;1;2;0;0
quartier;0;1;0;0;1;1;0;0;1;0;3;0;0;0;0;1
présidence;0;0;0;0;3;5;0;0;0;0;0;0;0;0;0;1
prudence;1;1;3;0;0;0;0;1;2;0;0;0;0;0;0;1
provenance;4;2;0;0;1;0;0;0;0;0;0;1;0;0;0;1
propos;0;2;0;0;1;2;1;2;0;0;0;0;0;1;0;0
profond;0;0;1;0;1;0;0;1;2;0;0;1;0;1;1;0
pourparlers;0;2;0;0;7;0;0;0;0;0;0;0;0;0;0;0
poupée;0;0;0;0;1;0;0;0;0;0;0;0;1;0;4;0
port;4;1;0;0;0;1;0;0;0;0;2;1;0;0;0;0
pollution;0;0;1;0;0;0;0;6;2;0;0;0;0;0;0;0
pointe;3;0;0;1;1;0;0;0;1;0;0;0;0;0;1;2
planète;1;0;1;0;1;0;2;0;0;0;0;0;0;3;0;1
pic;2;0;2;1;0;0;0;1;2;0;0;0;0;0;0;1
paysage;3;0;0;0;0;2;0;0;0;0;0;0;0;0;4;0
paul;0;0;0;1;1;2;0;0;0;0;1;0;0;1;3;0
particulier;1;0;0;0;3;0;0;0;1;0;2;0;1;0;0;0
ouvrier;2;1;0;0;0;0;0;1;1;0;2;0;0;0;0;0
opposant;0;0;0;0;5;3;0;0;0;0;0;0;0;0;0;1
opportunité;1;0;1;1;0;0;0;0;1;2;0;0;0;0;2;0
obliger;0;0;0;1;2;1;0;2;0;0;0;1;0;1;1;0
nucléaire;0;0;0;0;3;6;0;0;0;0;0;0;0;0;0;0
neuchâtelois;0;1;0;0;0;1;0;0;0;0;1;3;0;0;2;0
mythique;0;0;0;0;0;0;0;0;0;0;0;0;1;3;4;1
montreux;2;0;0;0;0;0;2;0;0;0;0;0;0;0;2;0
militant;0;3;0;0;1;1;0;1;0;0;1;1;0;0;1;0
maurice;0;0;0;1;0;2;0;0;1;0;0;3;0;0;0;0
marin;0;1;0;1;0;0;1;2;0;0;0;0;1;0;0;0
manifestant;0;2;0;0;2;3;0;0;0;0;1;0;0;0;0;0
malade;0;1;5;0;1;0;0;1;0;0;0;0;0;1;0;0
macron;0;0;0;0;5;0;1;1;0;0;0;0;0;0;0;0
luca;0;0;0;0;0;0;1;0;0;1;0;0;2;0;0;2
loyer;0;0;0;4;0;0;0;0;0;0;5;0;0;0;0;0
linguistique;0;0;0;0;0;0;2;0;0;1;2;3;0;0;1;0
leanza;0;0;0;0;0;0;0;0;0;1;0;0;0;0;0;8
julien;1;0;0;0;0;0;0;0;0;0;0;0;4;2;0;0
jeffrey;0;0;0;0;8;0;0;0;0;0;1;0;0;0;0;0
introduction;2;0;0;2;0;1;0;1;0;0;2;0;0;0;0;0
interpeller;0;4;0;0;3;0;0;0;0;0;0;0;0;0;0;0
intensifier;0;5;0;0;2;0;0;0;0;0;1;1;0;0;0;0
instance;0;0;0;1;2;1;0;0;0;0;0;0;0;1;0;0
insecte;0;0;6;0;0;0;0;0;0;0;0;0;0;0;1;0
inscription;0;0;0;0;0;1;4;0;0;1;1;0;0;0;2;0
immédiatement;0;1;0;0;1;0;0;4;0;0;0;0;0;1;0;0
immense;0;1;0;0;0;0;3;0;0;0;0;0;2;0;2;0
hôtel;1;0;0;1;0;1;1;0;0;0;1;0;0;2;1;0
hygiène;0;0;1;0;0;0;0;3;2;0;1;2;0;0;0;0
honorer;0;0;0;0;0;0;0;0;0;0;0;0;1;4;4;0
habitude;2;0;1;3;0;0;0;0;0;0;1;2;0;0;0;0
grimper;0;1;0;0;0;0;0;0;1;0;1;1;3;0;1;0
globe;0;0;0;0;0;0;0;0;0;0;0;0;7;1;0;0
genre;0;0;0;0;0;0;0;1;1;0;0;3;1;0;2;0
gabriel;0;0;0;1;1;1;1;0;0;0;0;0;0;0;1;3
françois;0;0;0;0;0;0;0;2;0;1;0;1;0;0;2;0
foule;1;1;0;1;1;0;0;0;0;1;0;1;1;0;2;0
fonctionnement;1;0;0;1;3;1;0;1;0;0;2;0;0;0;0;0
fils;0;1;0;1;4;0;0;2;0;0;0;0;0;1;0;0
fantastique;1;0;0;0;1;0;4;0;0;0;0;0;1;0;0;0
eurovision;0;0;0;1;1;2;0;0;0;0;1;0;1;1;2;0
esthétique;0;0;0;0;0;0;0;1;1;0;0;0;0;0;5;0
essai;1;0;1;1;2;1;1;0;1;1;0;0;0;0;0;0
entièrement;1;0;0;1;0;0;1;0;0;0;0;0;0;1;1;0
ennio;0;0;0;0;0;0;0;0;0;1;0;0;0;0;0;8
endroit;1;1;1;0;0;0;0;0;1;0;0;0;0;0;1;1
emji_voiture_de_police_de_face;0;5;0;0;0;2;0;0;0;0;0;1;0;0;0;0
emji_tête_qui_parle;0;0;0;1;2;2;0;0;0;0;0;1;0;2;1;0
emji_robot;0;0;0;1;0;0;0;0;0;0;0;1;0;0;1;0
emji_maison;0;0;2;2;0;0;1;1;0;1;1;0;0;0;0;0
efficacité;0;0;1;0;1;0;0;1;0;0;5;0;0;0;0;0
détecter;0;0;0;0;0;1;0;1;5;0;0;0;0;0;2;0
définitif;2;0;0;0;2;2;0;0;1;0;0;1;0;0;0;0
défaite;0;0;0;0;1;0;0;0;0;0;0;0;0;6;0;1
drogue;0;1;0;0;1;0;0;1;0;0;2;0;0;0;2;0
doux;6;0;0;0;0;0;1;1;0;0;0;0;0;0;0;1
disposition;0;0;0;2;1;0;0;1;0;0;1;0;0;1;0;2
discipline;0;0;0;0;0;0;5;0;0;0;0;0;4;0;0;0
diego;0;0;0;1;0;0;4;0;0;0;0;0;0;2;0;0
destruction;0;2;0;1;0;0;0;1;0;0;1;1;0;0;0;0
dater;2;1;2;1;1;0;0;1;0;0;0;1;0;0;0;0
critère;0;0;1;0;1;0;2;0;0;0;0;4;0;0;0;1
convaincre;0;0;0;0;2;1;0;0;0;0;0;1;0;2;1;1
controversé;0;0;0;0;2;4;0;1;0;0;1;0;0;0;1;0
contribution;0;0;0;0;2;0;0;0;0;1;1;4;0;0;0;0
consommer;0;0;0;0;0;0;0;2;1;0;1;1;0;0;4;0
conservateur;0;0;0;0;2;3;1;0;1;0;0;0;0;0;0;0
conjoint;0;6;0;0;0;0;0;1;0;0;1;0;0;0;0;0
concret;0;0;1;1;1;0;0;2;0;0;2;1;0;0;0;0
commettre;0;3;0;0;3;1;1;0;0;0;0;0;1;0;0;0
collaborateur;0;2;0;3;0;0;0;1;1;0;0;0;0;0;0;0
cliché;0;0;0;0;0;0;3;0;0;0;0;0;0;1;4;0
classique;0;0;0;0;0;1;0;0;0;0;0;1;1;0;3;0
cité;1;0;3;1;1;2;0;0;0;0;0;0;0;0;1;0
citer;0;1;1;1;3;0;0;2;1;0;0;0;0;0;0;0
ciel;1;0;2;0;0;0;1;0;0;0;0;0;1;0;1;0
choc;0;1;1;0;0;0;0;3;0;0;0;0;0;1;0;0
charles;0;1;0;0;3;0;0;0;0;0;0;1;1;0;1;1
central;0;2;1;1;0;0;4;1;0;0;0;0;0;0;0;0
centimètre;7;0;0;0;0;0;0;0;0;0;0;0;0;0;0;0
capitaine;0;0;0;0;0;0;0;0;0;0;0;0;1;6;0;0
bus;5;0;0;0;1;0;0;0;0;0;1;0;0;0;1;0
black;0;1;0;4;0;0;0;0;0;0;0;0;1;0;3;0
biodiversité;1;0;4;0;0;0;1;1;1;0;0;0;0;0;0;1
bien_être;0;0;0;1;0;0;0;2;3;0;1;0;0;0;1;0
barcelone;0;0;0;1;0;0;1;0;1;0;0;0;0;4;1;0
aventure;0;0;1;0;0;0;4;0;0;0;0;0;0;2;2;0
armer;0;7;0;0;1;0;0;1;0;0;0;0;0;0;0;0
arabe;0;4;0;0;2;0;0;1;0;0;0;0;0;0;1;0
appartenir;2;1;1;1;0;1;1;0;2;0;0;0;0;0;0;0
appareil;0;0;0;0;0;0;0;0;0;0;2;2;0;0;4;0
animation;0;0;0;0;0;0;0;0;0;0;0;1;0;0;7;0
amour;0;0;0;0;0;0;0;0;0;0;1;0;1;0;6;0
ambition;0;0;0;1;1;0;2;0;0;0;2;0;1;0;2;0
ambitieux;0;0;0;1;0;0;1;0;0;0;2;1;0;0;2;0
ambiance;1;0;1;0;0;0;0;0;1;0;0;0;0;0;4;0
aliment;0;0;1;0;1;0;0;0;7;0;0;0;0;0;0;0
algérien;1;2;0;0;3;0;0;0;0;0;0;1;0;1;0;0
alerter;1;1;1;0;0;0;0;3;2;0;1;0;0;0;0;0
agriculture;0;0;2;0;0;1;0;2;4;0;0;0;0;0;0;0
abordable;0;0;0;1;0;0;0;1;0;0;2;0;0;3;0;0
abandon;0;0;3;1;0;1;0;0;1;0;0;0;0;2;0;1
19h30;2;1;1;1;0;0;0;0;0;1;0;2;0;1;0;0
évaluation;0;0;1;1;0;0;0;3;0;0;1;0;0;0;1;0
équipement;0;0;0;2;0;1;1;2;0;0;1;0;0;0;0;1
épisode;2;1;0;0;0;0;0;0;0;0;0;0;0;1;4;0
électrique;3;1;1;0;0;1;0;0;0;0;2;0;0;0;0;0
égalité;0;0;2;0;0;1;0;2;0;0;0;1;0;0;0;2
éducation;0;0;2;0;0;1;0;3;0;0;0;0;0;0;0;2
échelle;1;1;0;0;1;1;0;1;0;0;0;0;0;0;2;0
écarter;0;0;0;0;5;0;0;0;1;0;1;1;0;0;0;0
zéro;1;0;0;0;1;0;0;3;0;0;0;2;0;0;0;1
youtube;0;0;0;0;0;0;0;0;0;0;0;0;1;0;5;0
yakin;0;0;0;0;0;0;0;0;0;0;0;0;0;7;0;0
vrai;0;0;1;0;0;0;1;2;0;2;0;2;0;0;0;0
volodymyr;0;3;0;0;5;0;0;0;0;0;0;0;0;0;0;0
virtuel;0;1;1;0;0;0;0;0;0;0;0;0;1;0;2;0
vice_président;0;0;0;0;2;2;0;0;0;0;0;1;0;0;2;0
vevey;2;0;0;0;0;2;0;0;0;0;0;0;0;0;0;1
vaste;0;0;0;1;0;2;1;0;1;0;0;0;0;0;1;0
val;1;0;0;0;0;0;0;0;0;0;0;0;7;0;0;0
universitaire;0;0;0;0;0;0;0;4;2;0;0;0;0;0;0;0
transition;0;0;0;1;2;0;1;0;0;0;2;1;0;0;0;1
transfert;0;3;0;2;0;0;0;0;0;0;0;0;0;2;1;0
terrorisme;0;2;0;0;2;1;0;1;0;0;0;0;0;0;0;0
tcs;0;0;1;2;0;0;0;2;0;0;1;0;0;0;0;1
taurisson;0;0;2;0;1;0;0;1;2;0;0;0;0;0;1;0
séisme;0;3;0;0;2;0;0;0;0;1;0;0;0;0;0;1
survivre;0;0;2;0;0;0;2;2;0;0;1;0;1;0;0;0
surprise;0;0;0;0;1;0;0;0;0;0;0;1;3;1;1;0
succession;0;0;0;1;1;1;0;0;0;0;0;3;1;1;0;0
strict;0;1;1;0;0;0;0;0;0;0;1;4;0;0;1;0
spotify;1;0;0;0;0;0;0;1;0;0;0;0;1;0;4;0
spectaculaire;1;1;0;1;0;0;0;0;0;0;0;0;0;1;1;0
somme;0;0;0;3;0;0;0;1;1;0;1;0;0;0;0;1
sexe;0;0;4;0;0;0;0;0;0;0;0;0;1;2;1;0
sekai;0;0;6;0;0;1;0;0;0;0;0;0;0;0;1;0
scénario;1;0;1;0;2;0;0;1;0;0;0;1;0;0;1;0
satisfaction;0;0;0;1;0;0;0;0;0;0;1;0;2;0;2;1
réunion;0;2;0;0;4;0;1;0;0;0;0;0;0;0;0;0
réparation;1;1;0;2;0;0;1;1;1;0;1;0;0;0;0;0
réaffirmer;0;3;0;0;3;0;1;0;0;0;0;0;0;0;0;0
rythme;1;0;0;0;0;0;1;5;0;0;0;0;0;0;0;0
rouvrir;3;1;0;0;1;0;0;0;0;0;1;0;0;1;0;0
roman;0;0;0;0;0;0;3;0;0;1;0;0;0;0;4;0
richard;0;0;1;0;0;0;0;0;1;0;0;0;0;0;5;0
retrait;0;3;0;1;2;1;0;0;0;0;0;0;0;0;0;0
retourner;0;1;4;0;1;1;0;1;0;0;0;0;0;0;0;0
ressentir;1;0;0;0;1;0;0;4;0;0;0;0;0;0;2;0
repartir;2;3;0;0;0;0;0;0;1;0;0;0;0;0;0;1
rendez_vous;1;0;0;0;0;0;1;2;0;0;0;0;1;1;1;0
regard;0;1;0;0;0;0;0;3;0;0;0;0;0;0;2;0
refus;0;1;0;2;2;3;0;0;0;0;0;0;0;0;0;0
refuge;0;0;7;1;0;0;0;0;0;0;0;0;0;0;0;0
rapprocher;0;0;0;0;2;0;1;0;0;0;0;0;2;3;0;0
psa;0;0;6;0;0;0;0;0;0;0;0;0;0;0;0;0
préjudice;0;0;0;3;1;0;0;0;0;0;0;0;0;0;0;1
poisson;0;0;4;0;0;0;0;0;0;0;0;0;0;0;1;0
poids;1;0;0;1;1;0;0;1;2;0;1;1;0;0;0;0
plage;2;3;0;0;0;0;0;0;0;0;0;0;0;1;1;0
pictures;0;0;1;0;0;0;0;0;0;0;0;0;0;0;2;0
phare;1;0;0;0;0;1;0;0;0;0;2;0;0;0;2;0
pause;0;0;0;0;0;1;0;0;0;0;3;1;0;1;2;0
pape;0;0;0;0;1;2;0;2;1;0;0;0;0;0;1;0
paiement;0;0;0;5;0;0;0;0;0;0;0;1;0;0;0;1
oscar;0;0;0;0;1;0;1;0;0;0;0;0;1;0;3;0
original;0;0;0;2;0;0;0;0;0;0;0;0;0;1;4;0
originaire;0;1;0;0;2;2;0;0;0;0;2;1;0;0;0;0
opérer;0;0;0;3;1;0;0;1;0;0;0;0;3;0;0;0
olivier;0;1;0;0;1;1;1;0;0;2;0;0;0;0;0;1
nu;0;0;0;0;1;0;0;0;4;1;0;0;0;0;2;0
nourriture;1;0;1;1;0;0;1;2;0;0;1;0;0;0;1;0
nico;0;0;6;0;0;1;0;0;0;0;0;0;0;0;1;0
mobilité;1;0;1;1;0;0;0;1;0;0;2;1;0;0;0;1
micro;0;0;1;0;0;1;1;1;1;0;0;0;1;0;1;1
mesurer;1;0;1;0;0;0;0;2;1;0;0;0;0;0;1;0
magali;0;0;0;0;0;0;0;1;0;0;0;0;0;0;0;6
machine;0;0;0;3;1;0;0;0;0;0;0;0;0;0;4;0
légèrement;1;1;3;0;0;1;0;0;0;0;0;0;0;0;0;0
léger;0;0;0;1;1;0;0;1;3;0;0;0;0;0;1;1
lucerne;0;0;0;0;0;0;0;0;0;0;0;2;0;5;1;0
loïc;0;0;0;0;0;0;0;0;0;0;0;0;6;0;0;0
louis;0;0;0;0;0;0;3;0;0;0;0;0;0;2;1;0
lettre;0;0;1;1;1;3;0;0;0;0;1;0;0;0;0;0
lausannoise;1;2;0;1;0;2;0;1;0;0;1;0;0;0;0;0
kiev;0;5;0;0;3;0;0;0;0;0;0;0;0;0;0;0
k;0;0;0;0;0;0;1;0;0;0;1;0;0;3;1;0
jimmy;0;0;0;0;1;0;0;0;0;0;0;0;5;0;1;0
jamaïque;0;6;0;0;0;0;0;0;0;0;0;0;0;1;0;0
isolé;0;0;0;5;0;2;0;0;1;0;0;0;0;0;0;0
investigation;0;0;1;0;1;0;0;2;2;0;0;0;0;0;0;1
interrompre;3;1;1;1;0;0;0;1;0;0;0;0;0;1;0;0
innocence;0;0;0;0;3;1;0;1;0;0;0;0;0;0;0;0
initial;0;0;1;1;2;1;0;0;0;0;0;1;0;0;1;1
inférieur;0;0;0;1;0;0;0;0;4;1;0;1;0;0;0;0
incroyable;1;0;0;0;0;1;1;0;0;0;1;0;2;0;2;0
inconnu;0;2;1;0;0;1;2;0;0;0;1;0;0;0;1;0
inciter;0;3;0;0;1;0;0;2;0;1;0;0;0;0;0;0
incarner;0;0;0;0;0;1;1;0;0;0;0;0;0;2;2;0
importation;0;0;0;1;1;1;0;2;0;0;1;1;0;0;0;0
hospitalier;0;1;0;0;0;0;0;2;1;0;1;2;0;0;0;1
harcèlement;0;0;0;0;1;0;0;5;0;0;0;0;0;0;0;0
google;0;0;0;0;0;0;0;2;3;0;1;0;0;0;0;0
gardien;0;1;0;0;0;0;4;0;0;0;0;0;1;2;0;0
freepik;0;0;0;0;0;0;1;1;2;2;0;0;0;0;1;1
foot;0;0;0;0;0;0;0;0;0;0;0;0;1;6;1;0
fonder;0;0;1;0;1;1;1;0;0;0;0;1;0;0;3;0
fonctionnaire;0;0;0;0;5;1;0;0;0;0;0;0;0;0;0;1
foire;2;0;0;1;0;0;1;0;0;0;1;0;0;0;2;0
exécutif;0;0;0;0;1;2;0;0;0;0;2;2;0;0;0;0
examiner;0;0;1;0;1;0;1;1;0;0;1;0;0;0;2;0
ex;0;0;0;0;0;2;0;1;1;0;0;1;1;0;0;0
environnementales;0;0;1;1;0;0;0;4;0;0;0;1;0;0;1;0
engendrer;0;0;1;2;1;0;1;1;0;0;0;1;0;0;0;0
emji_poignée_de_main;0;3;0;0;1;1;0;0;1;0;1;0;0;1;0;0
emji_palette_de_peinture;0;0;0;0;0;0;6;0;0;0;0;0;0;1;1;0
emji_ordinateur_portable;0;0;0;0;1;0;0;1;1;0;1;1;0;0;1;0
emji_monument_classique;0;0;1;1;0;0;3;0;1;0;1;0;0;0;0;0
emji_loupe_orientée_à_gauche;0;0;0;0;1;0;0;2;0;0;2;0;0;0;1;0
emji_drapeau_russie;0;5;0;1;2;0;0;0;0;0;0;0;0;0;0;0
el;0;4;0;0;2;0;0;0;0;0;0;0;0;2;0;0
délai;0;1;0;1;0;3;0;2;0;0;0;0;0;0;0;0
dynamique;0;0;1;1;0;1;0;0;1;0;0;3;0;0;1;0
douleur;0;0;0;0;0;0;1;5;0;0;0;0;0;0;2;0
discuter;0;1;0;2;2;0;0;0;0;0;2;1;0;0;0;0
discrimination;0;0;1;0;0;0;0;3;2;0;1;1;0;0;0;0
dinosaure;0;0;0;0;0;0;1;0;0;1;0;0;0;0;4;0
diffusion;0;0;0;2;0;1;0;1;0;0;0;0;0;0;2;0
daphné;0;0;1;1;0;0;0;0;0;1;0;0;0;0;0;0
danse;0;0;0;0;0;0;1;0;0;0;1;0;0;0;5;0
célébration;0;2;1;0;1;0;0;0;0;0;0;0;0;2;1;0
créateur;0;0;0;0;0;0;1;1;0;0;0;0;0;0;3;0
covid;0;0;0;3;0;0;1;0;1;0;1;0;0;0;1;0
couple;0;0;3;0;1;0;0;1;0;0;1;1;0;0;0;0
convention;1;0;1;2;0;1;0;1;0;0;0;2;0;0;0;0
construction;0;0;0;0;2;1;1;1;0;2;0;1;0;0;0;0
consacrer;0;0;1;0;0;1;2;0;0;0;1;0;0;0;1;1
conforme;1;1;1;0;1;3;0;0;1;0;0;0;0;0;0;0
conducteur;1;0;0;1;0;0;0;2;0;0;2;0;0;1;0;0
compliqué;0;0;0;0;1;0;0;1;2;0;0;0;0;4;0;0
colis;0;0;0;5;1;0;0;0;0;0;0;0;0;0;0;0
clinique;0;1;0;0;0;0;0;3;1;1;0;0;0;0;1;0
cicr;0;1;0;0;2;1;0;1;0;0;2;0;0;0;0;0
chuv;0;1;0;0;0;1;0;1;2;0;0;2;0;0;0;1
champignon;0;0;3;0;0;0;0;3;0;0;0;0;0;0;0;0
chaleur;4;0;0;0;0;0;0;1;1;0;0;1;0;0;0;1
cerveau;0;0;2;0;0;0;1;0;5;0;0;0;0;0;0;0
centième;0;0;0;0;0;0;0;0;0;0;0;0;8;0;0;0
catastrophe;0;1;0;0;1;1;0;0;1;0;2;0;1;0;0;1
caractère;0;2;0;0;1;1;0;0;0;0;0;0;0;0;0;1
camille;0;0;0;0;0;0;0;0;1;0;0;0;6;0;1;0
cabinet;0;1;1;0;0;1;0;2;0;0;0;2;0;0;0;1
buergy;0;0;0;0;0;0;0;0;0;1;0;0;0;0;0;6
brûler;0;1;1;0;0;0;0;4;0;0;0;0;0;0;0;0
brigitte;0;0;0;0;0;0;4;1;0;0;0;0;0;0;0;0
bout;2;0;0;2;0;0;0;1;0;0;1;0;0;2;0;0
boucler;0;2;0;0;1;0;0;0;0;0;1;0;4;0;0;0
bombardement;0;7;0;0;0;0;0;0;0;0;0;0;0;0;1;0
bleu;0;1;0;1;0;0;1;0;1;0;0;0;0;4;0;0
avertir;1;0;0;0;0;0;0;3;0;1;1;0;0;1;0;0
avantage;0;0;0;1;0;0;0;0;1;0;0;1;0;2;2;0
avalanche;4;0;0;0;0;0;1;0;1;0;0;0;0;0;0;0
autrichien;2;0;0;0;0;1;0;0;0;0;1;0;4;0;0;0
autorisation;0;0;0;0;1;5;0;1;1;0;0;0;0;0;0;0
attentat;0;6;1;0;0;0;0;0;0;0;0;0;0;0;0;0
atp;0;0;0;0;0;0;0;0;0;0;0;0;4;0;0;0
atelier;0;0;1;0;0;0;4;0;0;0;1;0;0;0;0;0
ascension;1;0;1;1;1;0;1;0;0;0;0;2;1;0;0;0
artisan;2;0;0;1;0;0;1;1;0;0;1;0;0;0;0;0
arrestation;0;1;0;0;5;0;0;0;0;0;0;0;0;0;0;0
apprêter;0;0;0;1;2;0;2;0;0;0;0;0;0;0;2;0
anticiper;0;0;0;3;0;2;0;1;0;0;0;2;0;0;0;0
andreas;0;0;0;0;0;0;0;0;0;0;0;0;1;0;1;5
ancrer;0;0;1;2;0;0;4;0;0;0;0;0;0;0;0;0
amérique;0;0;0;0;0;0;1;0;0;0;0;0;0;6;0;0
altitude;1;0;2;0;0;0;0;1;0;0;1;1;0;0;1;1
alpe;3;0;1;1;0;0;0;0;0;0;0;0;1;0;0;1
administratif;0;0;0;1;0;1;0;0;1;1;0;1;0;1;0;1
achever;0;1;0;0;1;0;0;0;0;0;0;0;0;0;3;0
évènement;0;2;0;1;0;1;0;1;0;0;0;0;0;2;0;0
éventuel;0;1;0;1;1;1;0;0;0;0;1;0;1;0;0;0
évacuation;0;1;1;0;0;0;0;1;0;0;0;2;0;0;1;0
éthique;0;0;0;0;0;0;0;2;2;0;0;0;0;0;3;0
équilibre;0;0;0;1;1;0;1;1;0;0;1;1;0;0;1;0
émettre;4;2;0;0;0;0;0;1;0;0;0;0;0;0;0;0
éclater;0;5;0;0;1;1;0;0;0;0;0;0;0;0;0;0
écart;0;0;0;0;0;2;1;1;0;0;0;0;1;1;0;0
zohran;0;0;0;0;6;0;0;0;0;1;0;0;0;0;0;0
zermatt;2;0;0;2;0;0;0;0;0;0;2;0;0;0;0;0
wikipédia;0;0;0;0;4;0;0;0;0;0;0;1;0;0;1;0
whatsapp;0;0;0;0;0;5;0;0;0;0;0;1;0;0;0;0
web;0;0;0;1;1;0;0;2;0;0;0;0;2;0;0;0
walter;0;0;0;0;0;0;1;0;0;0;0;0;0;0;2;4
vulnérable;1;0;1;0;0;0;0;4;0;0;1;0;0;0;0;0
volaille;0;0;1;0;0;0;0;4;0;0;1;0;0;0;1;0
visage;0;0;0;0;0;0;0;0;0;0;2;2;1;1;0;0
vif;1;0;0;2;0;0;0;0;0;1;2;0;0;0;0;0
vernier;1;0;0;0;0;5;0;0;0;0;0;0;0;0;0;0
verbier;7;0;0;0;0;0;0;0;0;0;0;0;0;0;0;0
veille;0;1;0;1;1;3;0;0;0;0;0;0;1;0;0;0
varié;0;0;0;0;1;1;1;0;0;0;0;1;0;0;3;0
valve;0;0;0;1;0;0;0;2;0;0;0;0;0;0;3;0
valendas;0;0;0;0;0;0;0;0;0;1;1;0;0;1;1;0
unité;0;3;0;0;0;1;1;0;0;0;1;1;0;0;0;0
unesco;0;1;0;0;0;0;5;0;0;0;0;0;0;0;0;1
ubs;0;0;0;4;1;1;0;0;0;0;0;0;0;0;0;0
témoignage;0;2;0;0;0;0;0;0;0;0;1;0;0;0;1;0
type;1;0;0;0;1;0;0;1;1;1;1;0;0;0;1;0
tribune;0;1;0;0;0;1;0;0;2;0;0;1;0;2;0;0
tragique;0;3;0;0;1;0;0;1;0;0;1;0;0;0;0;0
touristique;0;0;0;0;0;0;1;0;0;1;3;0;0;0;0;0
totalement;1;1;0;1;0;0;0;0;3;0;0;1;0;0;0;0
tonne;2;1;0;0;0;0;0;2;0;0;0;1;0;0;0;0
tokyo;1;0;0;0;0;0;0;0;0;0;0;0;4;1;0;0
toilette;0;0;0;2;1;0;0;0;0;0;1;1;0;0;0;1
thaïlande;0;6;0;0;1;0;0;0;0;0;0;0;0;0;0;0
tchèque;0;0;0;0;0;0;0;0;0;0;0;0;3;4;0;0
sévère;1;0;1;0;0;0;0;3;1;0;0;0;0;0;0;0
séparer;0;1;2;0;1;0;0;0;0;0;1;0;0;0;1;0
sénateur;0;0;0;0;1;4;0;0;0;0;1;0;0;0;0;0
suspendre;0;1;0;0;0;1;0;1;0;0;0;0;1;0;0;2
surveiller;0;1;2;1;0;0;0;2;0;0;1;0;0;0;0;0
surpoids;0;0;3;0;0;0;0;1;2;0;0;0;0;0;0;1
sundhage;0;0;0;0;0;0;0;0;0;0;0;0;0;7;0;0
suffire;0;0;2;1;0;0;0;0;0;0;1;2;0;1;0;0
stratégique;0;0;0;2;3;0;0;0;1;0;0;0;0;0;0;1
stop;0;0;0;0;0;1;0;3;1;0;1;1;0;0;0;0
stimuler;0;0;0;1;0;0;1;0;1;0;0;1;0;0;2;0
steam;0;0;0;0;0;0;0;0;0;0;0;0;0;0;4;0
spécimen;0;0;6;0;0;0;1;0;0;0;0;0;0;0;0;0
spectateur;0;0;0;0;0;0;0;0;0;0;1;1;0;4;1;0
spatial;1;0;1;0;0;0;0;0;0;0;2;0;0;0;1;0
sonore;0;0;3;0;0;0;0;1;1;0;0;0;0;0;2;0
soleil;3;0;0;0;0;0;0;0;0;0;0;1;0;0;2;0
signifier;0;0;2;0;1;0;0;0;0;0;1;0;1;0;1;0
sherpa;0;0;0;0;0;0;6;0;0;0;0;0;0;0;0;0
sensibilisation;0;0;4;0;0;0;0;0;0;1;0;2;0;0;0;0
secret;0;0;0;0;0;1;1;2;0;0;0;1;0;0;2;0
secondaire;1;0;3;0;0;0;0;2;1;0;0;0;0;0;0;0
sam;0;0;0;0;1;0;0;2;0;0;0;0;0;0;3;0
saga;0;0;0;0;0;0;1;0;0;1;0;0;0;1;4;0
révélation;0;0;0;0;2;1;0;0;1;0;1;0;0;0;2;0
rétablir;2;1;1;0;0;0;0;2;0;0;1;0;0;0;0;0
réouverture;1;0;0;0;0;0;4;0;0;1;0;1;0;0;0;0
rénovation;0;0;0;4;0;1;1;0;0;0;1;0;0;0;0;0
rémunération;0;0;1;4;1;0;0;0;0;0;0;0;0;0;0;1
régulation;0;0;0;1;0;0;0;2;4;0;0;0;0;0;0;0
référendum;0;0;0;0;1;2;0;1;0;0;0;2;0;0;0;1
récupération;0;0;1;0;0;0;1;2;0;0;1;0;0;0;1;0
rupture;0;0;1;0;2;1;1;0;0;0;0;0;2;0;0;0
rompre;0;2;1;0;1;0;0;1;1;0;1;0;0;0;0;0
rome;1;0;0;3;0;0;0;2;0;0;1;0;0;0;0;0
rob;0;0;0;0;3;4;0;0;0;0;0;0;0;0;0;0
rive;4;0;0;0;0;0;0;0;0;0;0;1;0;0;1;1
rival;0;2;0;0;1;1;0;0;0;0;0;0;0;1;0;0
riponne;0;0;0;1;0;0;0;0;0;1;4;0;0;0;0;1
renvoyer;0;0;1;0;1;3;0;0;0;0;0;0;0;2;0;0
rente;0;0;0;4;0;0;0;0;0;1;0;0;0;0;0;1
rembourser;0;1;0;2;0;0;0;0;0;0;0;0;0;1;0;2
religieux;1;0;0;1;2;1;0;0;0;0;1;0;0;0;1;0
relayer;1;0;0;0;0;1;0;1;1;1;0;0;0;0;1;0
reine;0;0;0;0;3;0;0;0;0;0;0;0;3;0;0;0
reconstruction;0;1;0;0;0;0;0;1;4;0;1;0;0;0;0;0
rachat;0;0;0;2;1;0;0;0;0;1;0;0;0;0;0;0
qualifs;0;0;0;0;0;0;0;0;0;0;0;0;0;6;0;0
pétrolier;0;1;0;0;5;0;0;0;0;0;0;0;0;0;0;0
prévoyance;0;0;0;5;0;0;0;0;0;0;0;1;0;0;0;1
présumer;0;1;0;0;0;3;0;0;0;0;1;0;0;0;0;0
précoce;1;0;0;0;0;0;0;0;6;0;0;0;0;0;0;0
précaire;1;0;0;0;0;0;0;5;0;0;1;0;0;0;0;0
protester;0;0;0;0;1;3;0;0;0;1;2;0;0;0;0;0
promotion;0;0;1;2;0;0;0;2;0;0;1;0;0;0;1;0
projection;1;0;1;0;0;3;1;0;0;0;0;0;0;0;0;0
progressivement;1;1;0;0;0;1;0;0;0;0;2;0;0;1;1;0
prince;0;0;0;0;3;0;0;0;0;0;0;0;1;0;0;0
press;0;0;0;0;0;0;0;0;0;2;0;0;0;0;0;3
potter;0;0;0;0;0;0;0;0;0;0;0;0;0;4;0;0
posséder;0;0;0;3;0;0;1;0;0;0;0;1;0;1;1;0
positionner;0;1;0;0;0;2;1;0;1;0;0;1;0;0;1;0
portugal;0;0;0;1;0;0;1;0;0;0;0;1;0;1;1;0
pompier;1;3;0;0;0;0;0;1;0;1;0;0;0;0;0;0
pointer;0;1;0;0;1;0;1;1;1;0;0;0;2;0;0;0
plante;0;0;2;0;0;0;0;0;3;0;0;0;0;0;0;0
philippin;0;6;0;0;0;0;0;1;0;0;0;0;0;0;0;0
peau;0;0;0;0;0;0;0;2;2;0;0;1;0;0;1;0
pc;3;0;0;0;0;0;0;0;0;0;0;0;0;0;3;0
patrouille;1;0;0;2;0;0;0;0;0;0;1;0;0;0;0;1
parvenir;0;1;0;0;1;2;1;0;0;0;1;0;0;1;0;0
particule;0;0;0;0;0;0;0;0;7;0;0;0;0;0;0;0
parfaitement;0;0;0;0;0;0;1;0;0;0;0;0;3;3;0;0
ouvert;0;0;0;0;0;0;0;0;0;0;0;3;0;0;3;0
orient;0;0;0;0;2;0;0;1;0;0;0;0;0;0;2;0
oeuf;0;0;2;2;0;0;0;1;0;0;0;0;0;0;0;1
norvégien;0;0;0;0;1;0;0;0;0;0;0;0;5;0;0;0
neutralité;0;0;0;0;2;2;0;0;0;0;1;2;0;0;0;0
netanyahu;0;3;0;0;2;2;0;0;0;0;0;0;0;0;0;0
métal;0;0;0;1;0;0;0;2;1;0;0;0;0;0;1;0
mécanique;1;0;0;2;0;0;0;1;0;0;0;1;0;0;2;0
musicien;0;0;0;0;0;0;0;0;0;0;0;0;0;0;7;0
murat;0;0;0;0;0;0;0;0;0;0;0;0;0;6;0;0
municipalité;0;0;0;0;0;1;0;0;0;1;5;0;0;0;0;0
multiplier;1;2;0;1;1;0;0;2;0;0;0;0;0;0;0;0
motiver;1;1;0;1;1;0;0;1;1;0;0;0;0;0;0;1
moscou;0;3;0;0;3;0;0;0;1;0;0;0;0;0;0;0
moritz;0;0;0;1;0;0;0;0;0;0;0;0;5;1;0;0
modification;0;0;0;0;2;4;0;0;0;0;0;0;0;0;0;1
metal;0;0;0;0;1;0;0;0;0;0;0;0;0;0;4;0
melissa;0;7;0;0;0;0;0;0;0;0;0;0;0;0;0;0
maximal;1;0;2;4;0;0;0;0;0;0;0;0;0;0;0;0
matinée;4;2;0;0;1;0;0;0;0;0;0;0;0;0;0;0
marier;0;0;1;1;2;0;0;0;0;0;1;1;0;0;0;0
marc;0;0;1;0;0;0;1;0;0;0;2;0;0;1;1;0
manger;0;0;0;1;0;0;0;1;0;0;0;0;1;0;1;0
mamdani;0;0;0;0;6;0;0;0;0;1;0;0;0;0;0;0
maman;0;0;2;0;0;0;1;0;0;0;0;0;1;2;1;0
malmö;6;0;0;0;1;0;0;0;0;0;0;0;0;0;0;0
maillot;0;0;0;1;0;0;0;0;0;0;0;0;0;3;1;0
législation;0;0;0;1;2;1;0;1;0;0;2;0;0;0;0;0
légendaire;0;0;0;0;0;0;3;0;0;0;0;0;2;0;2;0
lula;0;0;1;0;4;1;0;0;0;0;0;0;0;0;0;0
lucratif;1;0;0;1;0;0;2;0;0;0;0;0;0;0;3;0
lucas;0;0;0;0;0;0;0;0;0;0;0;0;2;0;1;2
lourd;0;2;0;0;0;0;0;3;0;0;0;0;1;0;0;0
locataire;0;0;0;2;1;1;0;0;0;0;0;0;0;0;0;0
lit;5;0;0;1;0;0;0;0;0;0;1;0;0;0;0;0
ligue;0;0;0;0;0;0;0;0;0;0;0;0;1;6;0;0
ligament;0;0;0;0;2;0;0;1;0;0;0;0;1;0;0;0
libre;0;0;0;0;1;1;0;1;0;0;0;1;1;0;1;0
langage;0;0;0;0;1;0;0;2;1;0;0;0;0;0;2;0
kalmaegi;0;6;0;0;0;0;0;0;0;0;0;0;0;0;1;0
juridique;0;0;0;1;1;1;0;2;0;0;0;0;0;0;1;0
jurassien;0;0;1;0;0;2;0;0;2;0;0;0;0;0;0;2
jordanie;0;2;0;0;0;1;0;0;0;0;0;1;1;2;0;0
jeter;0;0;0;2;0;1;2;0;0;0;1;0;0;0;0;0
internaute;1;0;1;0;1;0;0;0;0;1;0;1;0;1;1;0
instaurer;0;1;0;1;0;0;0;2;0;0;1;2;0;0;0;0
inquiétude;0;1;0;2;1;1;0;0;0;0;1;0;1;0;0;0
indépendance;0;0;2;0;3;1;0;0;0;0;0;0;0;0;0;0
industriel;0;0;0;0;1;0;0;0;0;0;1;0;0;0;0;1
incontournable;0;0;0;1;0;0;2;0;0;0;0;0;0;0;3;0
incertain;0;0;1;0;3;0;0;0;0;1;0;0;0;0;0;2
inattendu;0;0;0;1;0;0;0;0;1;0;0;0;0;1;4;0
impression;0;0;1;0;0;0;0;0;0;0;0;1;0;0;2;0
implication;0;0;0;0;0;4;0;0;0;0;0;2;0;0;1;0
immatériel;0;0;0;0;0;0;4;0;0;1;0;0;0;0;0;1
honneur;0;0;0;1;3;0;0;0;0;0;0;0;1;0;1;0
hollywood;0;0;0;0;3;2;0;0;0;0;0;0;0;0;2;0
hivernal;2;0;2;0;0;0;0;0;1;0;0;0;1;0;1;0
hectare;0;1;2;0;0;0;0;0;0;0;1;0;0;0;1;0
haïti;0;4;0;0;0;1;0;1;0;0;0;0;0;1;0;0
génocide;0;4;0;0;1;1;0;0;0;0;0;1;0;0;0;0
gravement;0;2;1;0;1;0;1;0;0;0;0;0;1;0;0;0
granit;0;0;0;0;0;0;0;0;0;0;0;0;0;5;0;0
grandir;0;0;3;0;0;0;0;1;0;0;0;0;0;1;2;0
galerie;0;1;2;1;0;0;2;0;0;0;0;0;0;0;0;0
fusionner;0;0;0;1;0;0;2;0;0;0;0;0;0;0;4;0
fréquemment;1;0;0;1;0;0;0;2;1;0;0;1;0;0;0;0
fromage;0;0;0;1;0;0;1;0;0;0;2;0;1;1;1;0
fraude;0;0;0;0;0;4;0;0;0;0;0;0;0;0;0;0
franchir;0;0;0;0;1;0;0;0;0;0;1;1;2;2;0;0
fracture;0;0;0;0;0;0;0;4;0;0;0;0;1;0;2;0
fixer;0;0;0;4;2;0;0;0;0;0;0;0;0;1;0;0
fil;0;0;1;0;0;0;1;1;0;0;0;0;2;0;2;0
figurer;0;1;0;0;0;2;0;0;0;0;1;0;1;0;2;0
fedpol;0;1;0;0;0;1;0;3;0;0;0;1;0;0;0;0
fc;0;0;0;0;0;0;0;0;0;0;0;0;0;6;0;0
fascinant;0;0;0;0;0;0;0;0;0;1;0;0;0;0;5;0
familial;1;0;3;1;0;0;0;1;0;0;0;0;0;0;1;0
facilement;0;0;1;0;0;0;0;0;1;0;1;1;0;3;0;0
extrêmement;0;1;0;0;2;0;0;0;0;0;1;0;1;1;0;1
expédition;0;1;1;0;0;0;4;0;1;0;0;0;0;0;0;0
express;5;0;0;0;0;0;0;1;0;0;0;0;0;0;0;0
exploitation;0;0;0;0;2;0;0;1;0;0;2;1;0;0;0;0
exigeant;0;1;0;1;0;0;2;1;0;0;0;0;0;0;2;0
enseignement;0;0;0;1;0;1;0;0;0;0;1;3;0;0;1;0
enquêteur;0;2;1;1;2;0;0;0;0;0;0;0;0;0;0;0
emmanuel;0;0;0;0;6;0;0;0;0;0;0;0;0;0;0;0
emji_pilule;0;1;0;4;0;0;0;1;1;0;0;0;0;0;0;0
emji_applaudissements;0;0;0;0;0;0;0;0;0;0;0;1;1;5;0;0
egypte;0;4;0;0;1;0;0;0;0;0;0;0;0;1;0;0
désigner;0;0;1;0;0;0;2;0;1;0;0;0;0;0;3;0
déplacer;0;4;0;0;1;0;1;1;0;0;0;0;0;0;0;0
démarche;0;0;0;2;1;0;0;0;0;0;0;3;0;0;1;0
délivrer;0;0;0;0;1;0;0;2;0;0;1;1;0;1;1;0
définir;0;1;0;0;0;0;0;1;0;0;2;2;0;0;1;0
déchet;0;0;0;0;0;0;0;4;1;0;1;0;0;0;0;1
décerner;0;0;0;0;1;0;0;0;0;0;0;0;0;6;0;0
durablement;0;1;0;0;0;0;1;0;1;0;0;0;0;0;2;0
drame;0;1;1;0;1;0;0;1;0;0;0;2;0;0;0;1
doubler;0;1;1;2;0;0;0;0;0;0;0;0;0;2;0;0
douanier;1;0;0;2;3;0;0;0;0;0;1;0;0;0;0;0
dominer;0;0;0;0;0;0;0;0;1;0;0;2;2;1;1;0
distinction;0;0;0;0;1;0;0;0;0;0;0;0;0;1;4;0
diagnostic;0;0;0;0;0;0;0;3;2;0;0;0;1;0;0;1
desservir;7;0;0;0;0;0;0;0;0;0;0;0;0;0;0;0
cérébral;0;0;0;0;0;0;0;2;5;0;0;0;0;0;0;0
cure;0;0;0;1;0;0;5;0;0;0;0;0;0;0;0;0
croix;1;1;0;0;0;0;0;1;0;0;4;0;0;0;0;0
cran;5;0;0;0;0;1;0;0;0;1;0;0;0;0;0;0
coupable;0;0;0;0;0;1;0;0;0;1;0;1;0;1;0;1
corruption;0;0;0;0;2;5;0;0;0;0;0;0;0;0;0;0
cop30;0;1;0;0;5;0;0;0;0;0;0;0;0;0;0;1
coopération;0;1;0;0;4;0;0;0;1;0;1;0;0;0;0;0
contester;0;1;0;0;0;5;0;1;0;0;0;0;0;0;0;0
consécutif;0;0;0;0;0;0;0;0;0;0;0;1;1;5;0;0
conquérir;0;0;0;0;0;0;0;0;0;0;0;0;2;0;5;0
connaissance;0;0;0;1;1;0;0;0;1;0;0;0;0;0;4;0
congé;0;0;0;2;0;0;0;0;0;0;1;1;1;0;0;0
confirmé;0;1;1;1;0;2;0;0;1;0;0;0;0;0;0;0
concurrent;1;0;0;1;1;0;0;0;0;0;1;1;0;0;0;0
compréhension;0;0;0;1;1;1;1;0;0;1;0;0;0;0;2;0
compliquer;1;1;1;0;0;0;0;2;0;0;2;0;0;0;0;0
communiste;0;1;0;0;4;1;0;0;0;0;0;1;0;0;0;0
collecter;1;1;0;0;0;0;0;4;0;0;0;0;0;0;0;1
collaborer;0;0;0;1;1;1;1;0;0;0;0;0;0;0;3;0
cohésion;0;0;0;0;0;0;1;0;0;1;2;1;0;0;0;1
coach;0;0;0;0;0;0;0;0;0;0;0;0;0;6;0;0
clientèle;1;0;0;1;0;0;0;2;0;0;1;1;0;0;1;0
clavier;0;0;0;0;0;0;1;0;0;0;0;1;0;0;3;0
classer;1;1;0;0;0;0;1;0;1;0;0;0;1;0;2;0
circulation;2;2;0;1;0;0;0;0;0;0;1;0;0;0;0;0
cigarette;0;0;1;1;0;0;0;2;0;0;1;2;0;0;0;0
chuter;2;0;1;1;0;0;0;0;0;0;1;0;2;0;0;0
chancellerie;0;0;0;0;2;3;0;0;0;0;1;0;0;0;1;0
chaleureux;0;0;0;0;0;0;2;0;0;0;0;0;0;0;4;0
centre_ville;0;0;0;0;0;0;0;0;0;1;3;0;0;0;0;1
carburant;1;1;0;1;0;1;0;2;0;0;0;0;0;0;1;0
bénéfice;0;0;1;2;0;0;2;1;0;0;1;0;0;0;0;0
bras;0;1;0;0;1;0;0;2;2;0;0;0;0;0;1;0
boîte;0;0;0;1;0;0;0;1;0;0;2;0;0;0;3;0
becker;0;0;0;0;0;0;1;0;0;0;0;0;0;0;0;5
bataille;0;0;0;0;0;0;0;0;0;0;0;0;3;3;1;0
barragiste;0;0;0;0;0;0;0;0;0;0;0;0;0;5;0;0
autonome;1;2;0;0;0;1;0;0;0;0;1;1;0;0;0;0
aspect;0;0;0;0;0;0;2;0;0;0;2;0;0;0;2;0
argentin;0;0;0;0;0;2;1;0;0;0;0;0;1;2;0;0
apprécier;0;0;0;1;0;0;0;0;0;0;0;0;0;0;3;0
approvisionnement;0;1;0;0;1;1;0;1;0;1;0;0;0;0;0;1
animé;0;0;0;0;0;1;1;0;0;0;1;1;0;0;2;0
amélioration;1;1;0;1;0;0;0;0;1;0;1;0;0;0;0;0
alliance;0;0;1;0;1;2;0;1;0;0;0;1;0;0;0;0
algérie;0;1;0;0;1;1;0;0;0;0;1;0;1;2;0;0
alex;0;0;0;0;0;1;0;0;0;0;0;0;0;0;1;2
ajustement;0;0;0;4;0;0;0;1;1;0;0;0;0;0;0;1
affrontement;0;4;0;0;1;0;0;0;0;0;0;0;1;1;0;0
adrien;0;0;0;0;0;0;5;0;0;1;0;0;0;0;0;1
adn;0;0;0;0;0;0;1;0;1;0;1;0;0;0;1;0
adaptation;0;0;0;0;0;0;0;0;0;0;3;1;0;0;3;0
actualité;0;0;0;0;0;0;0;1;1;0;0;0;0;1;2;0
accroître;0;0;0;1;2;0;0;1;3;0;0;0;0;0;0;0
académie;0;0;0;0;0;0;1;0;0;0;0;1;0;1;1;0
abriter;1;1;1;0;0;0;0;1;0;0;1;0;0;0;0;0
9e;0;0;0;0;0;0;1;0;0;0;0;0;3;1;2;0
8e;0;0;0;0;0;0;0;0;0;0;0;0;6;0;0;1
11e;0;1;0;1;0;0;1;0;0;0;0;0;2;0;0;0
équivalent;0;0;0;2;0;0;0;0;0;0;1;2;0;0;0;0
élimination;0;0;0;0;0;1;0;2;0;0;0;0;2;1;0;0
élever;1;0;0;2;0;1;0;0;0;1;0;0;0;0;0;0
électricité;0;2;0;0;0;1;0;0;1;0;0;0;0;0;1;0
économiste;0;0;0;2;0;1;0;1;0;0;0;0;0;0;0;0
écologique;0;0;5;0;0;0;0;0;0;0;0;0;0;1;0;0
échantillon;1;0;0;1;0;0;0;2;0;0;0;0;0;0;0;0
wwf;0;0;5;0;0;0;0;0;0;0;0;0;0;0;0;1
vérité;0;0;0;0;4;0;0;0;0;0;0;0;0;0;1;0
vénézuélien;0;0;0;0;6;0;0;0;0;0;0;0;0;0;0;0
volontaire;1;0;0;1;2;0;0;0;0;1;0;0;0;0;0;0
vital;1;1;0;0;0;0;0;3;0;0;0;1;0;0;0;0
viral;0;0;0;0;0;0;0;0;1;0;0;0;0;0;5;0
vide;0;0;0;1;0;0;2;0;0;0;0;0;1;1;1;0
victorieux;0;0;0;0;0;0;1;0;0;1;0;0;2;0;0;0
varier;0;0;0;0;0;1;0;3;0;0;0;2;0;0;0;0
vallée;0;0;0;1;0;0;0;1;1;0;1;1;0;0;0;0
vacance;2;0;0;1;0;0;0;1;0;0;0;1;0;0;0;1
unil;0;0;0;0;1;0;0;0;0;0;0;5;0;0;0;0
tâche;0;0;4;0;0;0;0;1;0;0;0;0;0;0;1;0
twitter;0;0;0;1;2;0;0;0;0;0;0;0;0;0;0;0
turquie;0;3;0;1;1;0;0;0;0;0;0;0;0;1;0;0
trésor;0;0;0;1;4;0;0;0;0;0;0;0;0;0;1;0
trophée;0;0;0;0;0;1;0;0;0;0;0;1;2;2;0;0
trancher;0;0;0;1;1;0;0;0;0;0;3;0;0;0;0;0
touchant;0;0;1;1;0;2;0;1;1;0;0;0;0;0;0;0
ticket;0;0;0;1;0;0;0;0;0;0;0;0;0;3;0;0
théorie;0;0;0;0;0;0;0;1;0;0;0;1;0;0;2;0
tache;0;0;0;0;0;0;0;1;0;0;0;0;0;0;2;0
sölden;0;0;0;0;0;0;0;0;0;0;0;0;5;0;0;0
sénégal;0;0;0;0;0;0;0;1;0;0;0;0;0;5;0;0
sébastien;0;0;0;1;3;1;0;0;0;0;0;1;0;0;0;0
séance;0;0;1;0;0;4;0;0;1;0;0;0;0;0;0;0
systématiquement;1;1;1;1;0;0;0;1;0;0;0;0;0;0;0;1
systématique;0;2;1;0;0;1;0;1;0;0;0;1;0;0;0;0
symbolique;0;0;0;1;2;1;1;0;0;0;0;0;0;0;0;0
susceptible;0;0;0;0;1;0;0;0;3;0;0;0;0;0;0;1
surprendre;0;1;0;0;2;1;1;0;0;0;0;0;0;1;0;0
suicide;0;0;0;0;1;1;0;1;0;0;2;0;0;0;1;0
suffrage;0;0;0;0;0;6;0;0;0;0;0;0;0;0;0;0
style;0;0;1;0;0;0;0;0;0;0;0;1;1;1;2;0
structurel;0;0;1;1;0;0;0;2;0;0;0;1;0;0;0;1
stefan;0;0;0;0;0;1;0;0;0;0;0;0;4;0;0;0
stand;1;1;0;0;0;1;0;0;0;0;0;1;0;0;1;0
souvenir;0;0;0;0;0;0;1;0;1;0;0;0;0;1;3;0
soulager;1;0;0;1;0;0;0;2;0;0;0;2;0;0;0;0
sombre;1;0;1;1;1;0;0;1;0;0;0;0;0;0;0;0
slate;0;0;1;0;0;0;0;2;1;0;0;0;0;0;0;0
sion;0;2;0;2;0;0;0;0;0;0;1;0;0;0;0;1
simon;1;0;0;2;0;0;0;0;0;0;0;0;0;0;1;0
sexiste;0;0;1;0;0;3;0;0;0;0;0;0;0;0;0;0
sensible;0;0;0;0;0;0;0;3;2;0;1;0;0;0;0;0
secrétaire;0;0;0;0;3;2;0;0;0;0;0;0;0;0;0;0
satisfaire;1;0;0;2;0;0;0;0;0;0;0;1;1;0;0;0
saisie;0;3;1;0;0;0;0;0;0;0;0;0;0;0;0;0
rösti;0;0;0;0;1;4;0;0;0;0;0;0;0;0;0;1
résident;0;0;1;2;0;1;1;0;0;0;0;1;0;0;0;0
répéter;0;0;1;0;0;0;1;0;1;0;1;0;0;2;0;0
répression;0;0;0;0;1;2;0;0;0;0;0;0;0;0;0;0
réparer;0;0;0;1;0;0;1;0;1;0;0;2;0;0;1;0
récompense;0;0;0;0;0;0;0;1;0;0;0;0;0;2;1;0
récit;0;0;0;0;0;0;0;1;0;0;0;0;0;0;3;0
réchaud;1;0;0;0;1;0;0;1;1;0;0;0;0;0;0;0
rural;0;0;1;2;1;0;0;0;0;0;1;1;0;0;0;0
rumeur;0;0;1;1;1;0;0;0;1;0;0;1;0;0;0;0
roux;0;0;0;0;0;0;0;0;0;0;0;1;4;0;0;0
romandes;1;1;1;1;0;0;0;1;0;0;0;0;0;1;0;0
revue;0;0;2;0;0;0;0;0;2;0;0;0;0;0;2;0
restant;0;1;1;1;1;0;0;0;0;1;0;0;0;0;1;0
report;0;0;1;1;0;0;0;0;0;0;0;1;0;0;1;2
rentrer;0;2;0;0;1;0;0;1;0;0;0;1;0;0;0;0
renouveler;0;0;0;0;0;0;2;0;0;0;0;2;0;1;0;0
renens;4;0;0;0;0;0;0;0;0;0;0;1;0;0;0;0
rejeté;0;0;0;1;0;2;0;0;0;0;1;2;0;0;0;0
recette;0;0;1;3;0;0;0;0;0;0;0;1;0;0;1;0
real;0;0;0;0;0;0;0;0;0;0;0;0;1;2;0;0
ravager;1;4;0;0;0;0;0;0;0;0;0;0;0;0;0;0
raclette;0;0;0;0;0;0;1;1;0;0;1;0;1;0;0;0
raciste;0;0;0;0;0;5;0;0;0;0;0;0;0;0;0;0
quotidiennement;0;1;0;1;0;0;0;1;1;0;0;1;0;0;1;0
quentin;0;0;0;0;0;1;0;0;0;0;0;0;0;0;2;2
quarantaine;0;1;2;2;0;0;0;1;0;0;0;0;0;0;0;0
qatar;0;3;0;0;0;0;0;0;0;0;0;0;1;2;0;0
pétrole;0;1;0;1;2;0;1;0;0;1;0;0;0;0;0;0
prévision;0;0;1;1;0;0;0;2;1;0;0;0;0;0;0;1
proportion;0;0;2;1;0;1;0;1;0;0;0;0;0;1;0;0
propagation;0;0;3;0;0;0;0;1;1;0;0;1;0;0;0;0
prolongation;1;0;0;0;0;2;0;0;0;1;1;0;0;1;0;0
programmation;0;0;0;0;0;0;1;0;0;0;0;0;0;0;2;0
probablement;0;2;0;0;1;0;0;0;0;0;0;1;0;0;0;1
pristina;0;0;0;0;0;1;0;0;0;0;0;0;0;3;0;0
poutine;0;2;0;0;4;0;0;0;0;0;0;0;0;0;0;0
postulat;0;1;0;0;0;4;0;0;0;0;0;1;0;0;0;0
portrait;0;0;0;0;1;1;2;0;0;0;0;0;0;0;1;0
portant;1;0;3;0;0;0;1;0;0;0;0;1;0;0;0;0
podcast;0;0;0;0;0;0;0;0;0;1;0;0;0;1;3;0
plateau;4;0;0;0;0;0;0;0;0;0;0;0;0;1;1;0
plastique;0;1;0;0;1;0;0;0;2;0;0;0;0;0;0;0
planter;1;1;1;0;0;0;0;0;0;0;1;1;0;1;0;0
plaine;6;0;0;0;0;0;0;0;0;0;0;0;0;0;0;0
pire;0;2;0;0;0;0;0;1;0;0;0;0;1;1;0;0
pia;0;0;0;0;0;0;0;0;0;0;0;0;0;6;0;0
peur;0;0;3;0;0;0;0;1;0;0;0;0;1;0;1;0
personnage;0;0;0;1;0;0;1;0;0;0;0;0;0;0;4;0
perdant;0;0;2;0;0;2;0;0;0;0;0;1;0;0;0;0
pente;1;0;1;0;0;0;1;0;0;0;0;1;0;0;1;0
pauvreté;0;0;0;0;0;0;0;0;0;0;2;2;0;0;0;0
pauvre;0;0;1;1;0;1;0;1;0;0;1;1;0;0;0;0
passionné;1;0;1;0;0;0;1;0;0;0;0;0;0;0;2;0
partisan;0;0;0;0;3;1;0;1;0;0;0;0;0;0;0;1
parcourir;0;0;0;0;0;1;1;0;0;0;1;1;1;0;0;0
parallèlement;0;0;1;0;0;0;0;2;0;0;2;1;0;0;0;0
palestine;0;4;0;0;1;1;0;0;0;0;0;0;0;0;0;0
pain;0;0;1;2;0;0;0;0;0;1;0;0;0;0;0;0
oublier;1;0;0;0;1;0;0;0;1;0;1;0;0;1;1;0
organisme;1;0;0;0;0;0;0;5;0;0;0;0;0;0;0;0
ofsp;0;0;0;3;0;0;1;0;0;1;1;0;0;0;0;0
observation;1;1;4;0;0;0;0;0;0;0;0;0;0;0;0;0
néerlandais;0;0;0;0;0;2;0;0;0;0;0;0;0;1;1;2
norvège;0;0;0;1;0;0;0;0;0;0;0;0;1;4;0;0
normal;2;1;0;0;0;0;0;0;0;0;0;0;0;0;0;0
nord_ouest;4;0;0;0;1;0;0;0;0;0;0;1;0;0;0;0
nidwaldien;0;0;0;0;0;0;0;0;0;0;0;0;5;0;0;0
net;0;0;2;1;0;0;0;0;0;0;1;2;0;0;0;0
météo;4;0;0;0;0;0;0;0;0;0;0;0;0;0;1;1
mélange;0;0;0;0;0;0;2;0;0;0;0;0;0;1;3;0
médiatique;1;0;0;1;0;0;0;0;0;1;0;0;0;0;3;0
médian;0;0;4;0;0;0;0;0;0;0;1;0;0;0;0;0
médaille;0;0;0;0;0;0;0;0;0;0;0;0;4;1;0;0
mâle;0;0;5;0;0;0;0;0;0;0;1;0;0;0;0;0
musulman;0;3;0;0;2;0;0;0;0;0;1;0;0;0;0;0
moteur;0;0;0;0;0;0;0;0;0;0;4;0;0;0;1;0
mortalité;0;0;0;0;0;0;0;2;4;0;0;0;0;0;0;0
morceau;0;0;0;0;0;0;2;0;0;0;0;0;0;0;4;0
mohamed;0;0;0;1;1;1;0;0;0;0;0;1;0;0;0;0
mobile;2;1;0;0;0;0;0;2;0;0;1;0;0;0;0;0
minorité;0;1;0;0;3;1;0;0;0;0;0;1;0;0;0;0
meurtre;0;1;0;0;1;0;1;0;0;0;0;0;0;0;1;0
media;1;0;0;0;0;0;0;0;0;0;1;0;0;0;1;2
matériau;0;0;0;0;1;0;0;0;0;0;0;1;0;0;2;0
maternité;1;1;0;0;0;0;0;0;0;0;0;2;1;0;0;0
marquant;0;0;0;0;0;0;2;0;0;0;0;0;0;1;2;0
marcher;0;0;0;1;1;0;1;0;0;1;0;1;0;0;0;0
maintien;0;1;1;0;0;4;0;0;0;0;0;0;0;0;0;0
luxe;0;0;0;0;1;0;0;0;0;0;2;0;0;0;1;0
lot;0;1;0;0;0;0;0;1;0;0;0;0;0;1;1;0
logiciel;0;0;0;1;0;0;0;4;0;0;0;0;0;0;0;0
lion;0;0;1;0;0;0;0;0;0;0;0;0;0;2;0;0
licence;0;0;1;0;1;0;0;1;1;0;1;1;0;0;0;0
libéral;0;0;0;0;0;6;0;0;0;0;0;0;0;0;0;0
lecornu;0;0;0;0;4;1;0;0;0;0;0;0;0;0;0;0
kit;0;0;3;0;0;0;0;2;0;0;0;0;0;0;0;0
john;0;0;0;0;0;0;1;0;0;1;0;0;0;2;1;1
jeunesse;0;0;0;0;0;2;0;1;1;0;0;1;0;0;0;1
jelassi;0;0;0;1;1;0;0;4;0;0;0;0;0;0;0;0
jan;0;0;0;0;0;1;0;0;0;0;0;0;3;2;0;0
jambe;0;0;0;0;0;0;0;5;0;0;1;0;0;0;0;0
islande;0;0;2;0;0;0;0;0;0;0;0;0;0;2;0;1
islamiste;0;4;0;0;1;1;0;0;0;0;0;0;0;0;0;0
interruption;4;0;0;0;0;1;0;0;0;0;0;1;0;0;0;0
intercontinental;2;0;0;0;0;0;0;0;0;0;0;0;0;4;0;0
insécurité;0;2;1;0;0;0;0;1;1;0;1;0;0;0;0;0
instable;2;1;0;0;1;1;0;0;0;1;0;0;0;0;0;0
individuel;0;0;0;0;1;0;0;4;0;0;0;0;0;1;0;0
indice;0;1;0;1;1;0;0;1;0;1;0;0;0;0;1;0
inceste;0;0;0;0;0;0;0;1;1;0;1;0;0;0;0;0
incertitude;0;0;0;0;2;0;1;0;0;0;1;0;0;0;0;2
inacceptable;0;1;0;1;1;1;0;1;0;0;0;0;0;0;0;1
immunitaire;0;0;0;0;0;0;0;0;6;0;0;0;0;0;0;0
hériter;1;0;0;1;0;0;0;0;1;0;0;0;0;1;2;0
hébergements;1;0;0;1;0;0;0;1;0;0;0;2;0;0;0;0
hybride;0;0;0;0;0;0;1;0;0;0;1;2;0;0;2;0
house;0;0;0;0;1;0;1;0;0;0;0;0;1;1;0;0
helvète;0;0;0;0;0;0;1;0;0;0;0;0;2;2;0;0
haineux;0;0;0;0;1;1;0;2;0;0;0;0;0;0;0;1
habituer;2;0;0;0;0;0;0;2;0;0;0;0;0;1;1;0
grégory;0;0;0;2;1;1;0;0;0;0;0;0;0;0;0;0
gouvernemental;0;1;1;0;1;2;0;1;0;0;0;0;0;0;0;0
gallois;0;0;0;0;0;3;0;0;0;0;0;0;3;0;0;0
front;0;1;0;0;3;0;0;0;0;0;0;0;0;0;1;1
frank;0;0;0;0;1;0;3;0;0;0;0;0;0;0;0;1
francophone;0;0;0;1;1;0;1;0;0;0;1;1;0;0;0;0
fragile;0;3;0;0;2;0;1;0;0;0;0;0;0;0;0;0
fr;4;0;0;1;0;1;0;0;0;0;0;0;0;0;0;0
forum;0;0;1;0;2;1;0;0;0;1;0;0;0;0;0;1
format;1;0;0;0;0;0;0;0;0;1;0;0;1;1;1;0
fléchette;0;0;0;0;0;0;0;0;0;0;0;0;4;0;0;0
floride;0;0;0;0;4;0;0;0;0;0;0;0;0;1;1;0
fischer;0;0;1;0;0;0;0;0;0;0;0;0;1;3;1;0
fiscal;0;0;0;3;1;1;0;0;0;0;1;0;0;0;0;0
fermement;0;0;0;0;3;2;0;0;0;0;0;1;0;0;0;0
faute;0;0;1;1;3;0;0;0;0;0;0;0;0;0;1;0
fameux;0;0;1;0;0;0;0;0;0;0;0;0;3;0;1;0
faillite;0;0;0;1;1;1;0;0;0;0;0;1;0;0;1;0
fabriquer;1;0;0;0;0;0;0;0;0;0;1;1;1;0;0;1
extérieur;0;1;0;0;1;0;1;0;1;0;1;0;0;0;0;1
exportation;1;0;0;0;3;1;0;0;0;0;0;0;0;0;1;0
excuse;0;0;0;0;1;1;1;1;0;0;0;0;0;0;1;1
exclusivement;0;0;1;1;1;0;1;0;0;0;0;1;0;0;1;0
estimation;1;0;0;1;0;0;0;1;1;0;1;1;0;0;0;0
espagnol;0;1;0;1;0;0;0;0;0;0;0;0;0;0;4;0
enregistrement;0;0;1;0;1;0;1;1;0;0;0;0;1;0;1;0
empreinte;0;0;0;0;2;0;0;2;0;0;0;0;0;1;1;0
emji_vague;4;1;0;0;0;0;0;0;0;0;0;0;0;0;1;0
emji_spectacle_vivant;0;0;0;0;0;0;4;0;1;0;0;0;0;1;0;0
emji_projecteur_cinématographique;0;0;0;0;0;0;0;1;0;1;0;0;0;0;1;1
emji_manette_de_jeu;0;0;0;0;0;0;0;1;0;0;0;0;1;0;2;0
emji_journal;1;1;0;1;0;0;0;1;0;0;0;0;0;1;1;0
emji_haut_parleur;0;2;0;0;0;1;0;0;0;0;0;1;0;0;0;0
emji_drapeau_union_européenne;0;0;0;0;1;1;0;2;0;0;2;0;0;0;0;0
emji_drapeau_australie;0;4;1;0;0;0;0;1;0;0;0;0;0;0;0;0
emji_colombe;0;0;0;0;3;0;2;0;0;0;0;0;0;0;0;0
emji_chaînes;0;0;0;0;0;0;0;1;0;3;0;2;0;0;0;0
emji_billet_en_euros;0;0;0;4;0;1;0;0;0;0;0;0;0;1;0;0
détresse;0;1;0;1;0;0;0;1;0;0;0;0;0;0;1;0
détenir;1;0;0;3;0;0;0;0;0;0;1;0;0;0;0;1
dérober;0;1;0;1;2;0;1;0;0;0;0;0;0;0;0;0
déploiement;0;1;0;1;2;1;0;0;0;0;1;0;0;0;0;0
dépense;0;0;0;1;0;0;0;0;0;0;0;4;0;0;0;0
dépendant;0;0;0;0;1;0;0;2;2;0;0;0;0;0;0;0
démocratique;0;0;0;0;1;3;0;0;0;0;0;0;1;0;0;0
dégager;0;3;1;1;0;1;0;0;0;0;0;0;0;0;0;0
déforestation;0;0;2;0;1;0;0;2;0;0;0;0;0;0;0;0
déficit;0;0;0;1;0;3;0;1;0;0;0;1;0;0;0;0
déclin;0;0;1;0;0;0;0;0;0;0;2;1;0;1;0;0
décharge;0;0;0;0;0;1;0;1;0;0;0;3;0;0;0;0
déception;0;1;0;0;2;0;0;0;0;0;0;0;2;0;1;0
douche;3;0;0;1;0;0;0;2;0;0;0;0;0;0;0;0
dormir;1;0;1;0;0;0;0;1;0;0;0;0;0;0;2;0
documentaire;0;0;0;0;1;0;0;0;1;0;0;0;0;1;3;0
division;0;0;0;0;0;2;0;0;0;0;0;0;0;2;0;0
divertissement;0;0;0;0;0;0;0;0;0;0;0;0;0;0;5;0
diversifier;0;0;0;1;0;0;0;1;0;0;2;0;0;0;2;0
distributeur;0;3;0;2;0;0;0;1;0;0;0;0;0;0;0;0
distribuer;0;0;0;1;0;0;0;1;0;0;2;0;0;1;1;0
descendre;0;0;0;0;4;0;0;1;0;0;0;0;0;0;0;1
culte;0;0;0;1;0;0;0;0;0;0;0;0;0;0;5;0
coéquipier;0;0;0;0;0;0;0;0;0;0;0;0;1;5;0;0
convenir;0;3;0;0;1;1;0;0;0;0;0;1;0;0;0;0
controverse;0;0;0;0;0;0;0;1;0;0;2;0;0;0;0;0
contraire;0;0;0;1;1;0;0;0;1;0;1;1;0;0;0;0
contraignant;0;1;0;3;0;0;0;0;0;1;0;0;0;0;0;0
contemporain;0;0;0;0;0;0;2;0;0;0;0;0;0;0;3;1
consulter;0;0;0;0;0;0;0;4;1;0;0;0;0;0;0;1
considérable;0;1;1;1;1;0;0;1;0;0;1;0;0;0;0;0
conscience;0;0;0;0;0;0;0;1;0;0;0;0;0;1;4;0
confort;3;0;1;1;0;0;0;0;0;0;0;0;0;0;1;0
concurrence;0;0;0;2;1;0;0;1;0;0;1;0;1;0;0;0
concert;0;0;0;0;0;0;0;0;0;0;0;0;0;0;6;0
commerçant;0;0;0;0;0;0;0;0;0;0;5;0;0;0;0;0
combiner;0;0;1;0;0;0;0;2;0;0;0;0;1;0;0;0
com;0;0;0;0;0;0;0;1;0;0;0;0;0;1;1;0
colère;0;0;1;0;1;3;0;0;0;0;0;0;0;0;0;1
collègue;0;1;0;1;0;0;2;1;0;0;0;0;0;0;0;1
classe;1;0;0;1;0;0;0;2;0;0;0;1;0;0;0;0
circonstance;0;1;0;0;0;1;0;1;0;0;0;0;0;0;1;2
cinquantaine;0;0;0;0;0;0;4;0;0;0;0;0;0;1;1;0
chf;0;0;0;4;0;0;0;0;0;0;0;0;0;2;0;0
chemin;2;0;0;1;0;0;0;0;0;1;0;0;0;1;1;0
chaux;0;0;0;0;0;1;2;1;1;1;0;0;0;0;0;0
chasse;0;1;0;0;0;0;0;0;4;0;0;0;0;0;1;0
chant;0;0;0;0;0;0;4;0;0;0;0;0;0;0;2;0
cesser;1;1;0;1;0;0;0;1;0;0;2;0;0;0;0;0
carac;4;0;0;0;0;0;0;1;0;0;0;0;0;0;0;0
camp;0;1;0;0;1;1;2;0;0;0;0;1;0;0;0;0
calendrier;0;0;0;1;1;0;0;0;0;0;2;0;0;0;1;0
bulle;0;0;0;1;0;0;0;0;0;0;3;1;0;0;0;0
british;0;0;0;0;0;0;4;0;0;0;0;0;0;0;1;0
briser;0;2;0;1;0;0;0;1;2;0;0;0;0;0;0;0
brigade;0;1;1;0;0;0;1;1;1;0;0;0;0;0;0;0
bpa;0;0;2;1;0;0;0;2;0;0;0;1;0;0;0;0
bns;0;0;0;4;0;0;0;0;0;0;1;0;0;0;0;0
blocus;0;3;0;0;3;0;0;0;0;0;0;0;0;0;0;0
blatten;0;0;0;0;1;0;0;0;1;0;4;0;0;0;0;0
birdlife;0;0;6;0;0;0;0;0;0;0;0;0;0;0;0;0
belgique;1;1;0;0;1;0;0;0;0;0;0;0;0;3;0;0
be;1;1;1;2;0;0;0;0;0;0;0;1;0;0;0;0
bar;1;1;0;0;0;0;2;0;0;0;0;0;0;0;1;0
baptiser;1;0;0;0;0;0;0;0;0;0;0;5;0;0;0;0
balle;0;1;0;0;2;0;0;0;1;0;0;1;0;1;0;0
axer;0;0;1;2;1;0;0;2;0;0;0;0;0;0;0;0
aviation;0;1;1;0;0;0;1;0;0;0;1;0;0;0;2;0
avc;0;0;0;0;0;0;0;2;3;1;0;0;0;0;0;0
avancer;0;0;0;0;2;2;1;0;0;0;1;0;0;0;0;0
autonomie;0;1;1;0;0;1;0;0;0;0;1;2;0;0;0;0
automobiliste;3;0;1;0;0;0;0;0;0;0;1;0;0;1;0;0
automatiquement;0;0;1;2;0;0;0;2;1;0;0;0;0;0;0;0
automatique;1;3;0;0;0;2;0;0;0;0;0;0;0;0;0;0
attirant;0;0;1;1;0;0;1;1;0;0;0;0;1;0;0;0
assureur;0;0;2;2;0;0;0;0;1;0;1;0;0;0;0;0
assumer;0;0;1;0;0;1;1;1;0;1;1;0;0;0;0;0
associé;1;0;2;0;0;0;0;0;2;0;0;0;0;0;1;0
assistant;0;0;1;0;1;0;0;1;0;0;0;0;1;1;0;0
asie;0;1;0;0;3;0;0;0;0;0;0;0;0;2;0;0
arracher;0;0;1;0;1;0;1;0;0;0;1;0;1;1;0;0
architecture;0;0;0;0;0;0;1;0;0;1;0;0;0;0;3;0
approbation;1;0;0;0;0;2;0;2;0;0;0;0;0;0;0;1
apparition;1;0;0;0;0;0;0;1;0;0;0;0;0;0;1;0
anniversaire;0;0;0;0;3;0;1;0;0;0;0;0;0;1;0;0
angleterre;0;1;0;0;0;0;0;0;0;0;0;0;0;4;0;0
amsterdam;3;0;0;0;0;0;1;0;0;0;0;0;0;0;0;0
amener;0;0;2;0;0;0;0;3;1;0;0;0;0;0;0;0
alpiniste;1;0;0;0;0;0;5;0;0;0;0;0;0;0;0;0
alimentation;0;0;0;0;0;0;0;0;6;0;0;0;0;0;0;0
aire;0;0;1;1;0;1;1;0;0;0;0;2;0;0;0;0
aigle;2;0;0;2;0;0;0;0;0;0;1;0;1;0;0;0
afghanistan;0;3;0;0;1;0;0;0;0;0;0;0;0;0;0;1
additionnel;0;0;0;0;3;1;0;0;0;0;0;0;0;2;0;0
accusé;0;0;1;1;1;0;0;1;0;0;0;0;0;0;1;0
abattre;2;2;1;0;0;0;0;1;0;0;0;0;0;0;0;0
étendue;0;0;0;1;0;1;0;1;1;0;0;1;0;0;0;0
équitable;0;0;0;0;0;0;0;1;0;0;0;1;0;1;0;0
épuiser;0;1;0;0;0;0;0;2;1;0;0;0;0;1;0;0
énorme;1;0;0;0;0;0;0;0;0;0;0;0;0;0;3;0
énergétique;0;1;0;0;1;1;0;0;0;0;2;0;0;0;0;0
émerger;0;0;0;1;0;1;0;0;1;0;0;1;0;0;0;0
élite;0;0;0;0;1;0;0;0;0;0;0;0;4;0;0;0
éditeur;0;0;0;1;0;0;1;0;0;0;0;0;0;0;2;0
écraser;0;0;1;0;0;0;0;0;0;0;3;0;1;0;0;0
échapper;2;0;0;2;1;0;0;0;0;0;0;0;0;0;0;0
échanger;0;0;0;1;1;0;2;0;0;0;0;0;0;0;1;0
zweifel;0;0;0;0;0;0;0;0;0;0;0;0;0;0;4;0
zurichois;0;0;1;0;0;0;0;0;0;0;1;1;0;1;1;0
zhaw;0;0;0;0;1;0;0;2;1;0;0;1;0;0;0;0
yves;0;0;0;0;0;1;0;0;1;0;1;0;0;0;1;1
wta;0;0;0;0;0;0;0;0;0;0;0;0;4;0;0;0
wilders;0;0;0;0;0;3;0;0;0;0;0;0;0;0;0;0
vêtement;0;0;0;0;0;0;1;0;0;1;1;1;0;0;0;0
vérification;0;0;0;1;0;0;0;2;0;1;0;0;0;0;0;0
vélo;0;0;0;0;0;0;0;0;0;0;1;3;1;0;0;0
vonn;0;0;0;0;0;0;0;0;0;0;0;0;5;0;0;0
vladimir;0;2;0;0;3;0;0;0;0;0;0;0;0;0;0;0
vitrail;0;0;0;0;0;0;2;0;0;0;0;0;0;0;1;0
visibilité;1;0;1;0;0;0;1;1;1;0;0;0;0;0;0;0
vestiaire;0;0;0;0;0;0;0;1;0;0;0;0;0;4;0;0
venezuela;0;0;0;0;5;0;0;0;0;0;0;0;0;0;0;0
vecteezy;0;0;3;0;0;0;0;0;1;0;1;0;0;0;0;0
vatican;1;0;0;0;0;0;0;0;0;1;0;0;0;0;0;1
valaisan;0;0;0;0;0;1;0;0;0;0;0;2;0;0;1;1
valable;0;0;0;0;2;2;0;0;0;1;0;0;0;0;0;0
user;0;0;0;0;2;0;0;0;0;0;0;0;1;2;0;0
usager;2;0;0;0;0;0;0;0;0;0;3;0;0;0;0;0
universel;0;0;0;2;0;0;0;0;0;0;1;1;0;0;1;0
uni;0;0;0;0;1;4;0;0;0;0;0;0;0;0;0;0
uicn;0;0;3;0;0;0;0;0;0;0;0;0;0;0;0;0
uefa;0;0;0;0;0;0;0;0;0;0;0;0;0;4;0;0
téléphonique;0;1;2;0;0;0;0;0;1;0;0;0;0;0;1;0
téléphone;0;0;0;3;0;0;0;0;0;0;0;1;0;0;0;1
trottinette;1;1;0;0;0;1;0;1;0;0;1;0;0;0;0;0
tripler;0;0;0;0;0;1;0;0;0;0;0;0;2;0;0;0
trentaine;1;2;0;1;0;0;0;0;0;0;0;1;0;0;0;0
travailliste;0;0;0;0;0;3;0;0;0;0;1;0;0;0;0;0
toit;0;2;0;1;0;0;0;0;0;0;0;1;0;0;1;0
time;0;0;0;0;0;0;0;0;0;0;0;0;0;1;1;1
timbre;0;0;0;1;0;0;0;0;0;0;0;0;0;0;3;0
ti;0;1;0;0;0;1;0;0;0;0;0;0;0;0;0;3
thaïlandais;0;4;0;0;1;0;0;0;0;0;0;0;0;0;0;0
textile;0;0;0;0;0;0;1;0;1;0;0;1;0;0;0;0
tennis;0;0;1;0;0;0;0;0;0;0;0;0;1;2;0;0
tendu;0;1;0;0;0;1;0;0;0;0;0;0;0;0;0;2
tendre;1;0;0;0;1;0;0;1;1;0;0;0;0;0;0;0
taxer;0;0;0;0;2;1;0;0;0;0;1;1;0;0;0;0
tataki;0;0;0;0;0;0;0;0;0;1;1;0;0;0;1;0
séoul;1;0;0;2;0;1;0;1;0;0;0;0;0;0;0;0
sylvestre;4;0;0;0;0;0;0;0;0;0;0;0;0;0;0;1
surveillance;0;0;0;1;0;0;0;0;0;0;0;3;0;0;0;0
surpasser;1;0;0;1;0;0;0;1;1;0;0;0;0;0;1;0
surnommé;1;0;1;0;2;0;0;0;0;0;0;0;0;1;0;0
suprême;0;0;0;0;1;3;0;0;0;0;0;0;0;0;0;0
sumo;0;0;0;0;0;0;0;0;0;0;0;0;0;4;0;0
suffisamment;0;0;1;0;0;0;0;1;0;0;3;0;0;0;0;0
sud_ouest;2;2;0;0;0;0;0;0;0;0;0;0;0;0;0;0
stockage;0;0;0;1;0;0;0;2;0;0;0;0;0;0;1;1
stable;0;0;2;2;0;0;0;1;0;0;0;0;0;0;0;0
spécifiquement;0;0;1;0;0;0;0;0;1;0;0;0;0;0;2;1
souhait;0;0;1;0;2;1;0;0;0;0;0;0;0;1;0;0
sonder;0;0;1;3;0;0;0;1;0;0;0;0;0;0;0;0
somalie;0;2;0;0;1;1;0;0;0;0;0;0;0;0;0;0
solliciter;0;0;1;0;0;0;0;0;3;0;0;0;0;0;0;0
solide;0;0;1;0;0;0;0;1;0;0;1;0;0;1;0;0
solidarité;0;1;1;0;0;0;0;0;0;0;0;0;0;0;1;1
soigner;0;0;1;1;0;0;0;0;0;0;0;1;0;0;2;0
simplement;0;1;0;0;2;0;0;0;0;0;0;0;1;1;0;0
set;0;0;0;0;0;0;0;0;0;0;0;0;4;0;1;0
satisfaisant;0;0;0;0;1;0;0;1;1;0;0;0;0;0;0;0
sain;0;1;1;0;0;1;0;2;0;0;0;0;0;0;0;0
réussite;0;0;0;0;0;0;0;0;0;0;0;1;1;3;0;0
résoudre;0;1;1;0;2;0;0;0;1;0;0;0;0;0;0;0
résolution;0;2;0;0;2;0;0;0;1;0;0;0;0;0;0;0
réputation;0;0;0;0;1;0;0;0;0;1;1;0;0;0;0;0
réguler;0;0;0;1;0;0;0;0;0;1;2;0;0;0;0;1
réglementation;0;0;0;0;0;1;0;0;1;0;1;0;0;0;0;2
réfugier;0;3;0;0;0;0;0;2;0;0;0;0;0;0;0;0
réellement;0;0;1;0;0;1;0;0;0;0;0;0;0;0;0;2
routine;0;0;0;0;0;0;0;2;1;0;0;0;0;0;1;0
robot;2;0;0;1;0;0;0;0;2;0;0;0;0;0;0;0
rivière;0;1;1;0;1;0;0;1;0;0;1;0;0;0;0;0
rivers;0;0;0;0;1;0;0;0;0;0;0;0;1;0;3;0
rigoureux;2;0;1;0;0;0;1;0;1;0;0;0;0;0;0;0
retombée;0;0;0;3;0;0;0;0;0;0;0;1;0;0;0;0
retenir;0;3;0;1;0;0;0;0;0;0;0;1;0;0;0;0
ressortissant;0;1;0;0;2;0;0;0;0;1;0;0;0;0;0;0
respiratoire;0;0;2;0;0;0;1;0;1;0;0;0;0;0;0;0
rer;5;0;0;0;0;0;0;0;0;0;0;0;0;0;0;0
repos;0;0;1;0;0;0;0;3;0;0;0;0;0;1;0;0
reporter;0;1;0;0;0;0;0;0;1;0;1;0;0;1;1;0
renforcement;0;0;0;0;0;1;0;0;0;0;1;0;0;0;1;0
remontée;1;0;0;2;0;0;0;0;0;0;0;1;0;0;1;0
remise;0;0;0;0;1;3;0;0;0;0;0;0;0;0;0;0
reléguer;0;0;0;0;1;0;0;0;0;0;1;0;2;1;0;0
reiner;0;0;0;0;3;1;0;0;0;0;0;0;0;0;0;0
rega;0;1;0;0;0;0;0;3;0;0;0;1;0;0;0;0
redonner;0;0;0;0;0;0;1;0;0;1;0;1;0;1;1;0
redevance;0;0;0;2;0;2;0;0;0;0;0;1;0;0;0;0
reculer;1;0;1;0;1;1;0;1;0;0;0;0;0;0;0;0
recrutement;0;0;0;0;1;0;0;0;1;1;1;0;0;0;1;0
recommandation;0;0;1;0;0;0;0;3;0;0;1;0;0;0;0;0
rechercher;0;4;0;0;0;0;0;0;0;0;0;0;0;0;0;1
rast;0;0;0;0;0;0;0;0;0;0;0;0;5;0;0;0
raphaël;0;0;0;0;0;3;0;0;1;0;0;0;0;0;0;0
radical;0;0;0;0;3;2;0;0;0;0;0;0;0;0;0;0
quinzaine;1;0;0;0;1;1;0;0;0;0;0;1;0;0;0;0
quatrième;0;0;1;0;0;1;0;0;0;0;0;0;1;1;1;0
pétition;0;0;0;0;0;1;0;1;0;1;1;1;0;0;0;0
pull;0;0;0;0;0;0;0;1;0;0;0;0;1;0;1;0
psychologique;0;0;3;0;0;1;0;1;0;0;0;0;0;0;0;0
prévalence;0;0;1;0;0;0;0;1;1;0;1;0;0;0;0;1
préoccupant;0;1;3;0;0;0;0;1;0;0;0;0;0;0;0;0
prématuré;0;0;0;1;1;0;0;0;2;0;0;0;1;0;0;0
précieux;1;0;0;1;0;0;0;0;0;0;0;1;0;0;1;0
précarité;2;0;0;2;0;0;0;0;0;0;1;0;0;0;0;0
protéine;0;0;0;0;0;0;0;0;4;0;0;0;0;0;0;0
propager;0;0;0;0;1;0;1;0;0;0;0;0;1;0;0;1
promesse;0;0;0;1;0;1;0;0;1;0;0;1;0;0;0;1
progression;1;0;1;0;0;0;0;0;0;0;0;2;0;0;1;0
progresser;0;0;2;0;0;0;0;1;2;0;0;0;0;0;0;0
profondeur;3;1;0;0;0;0;0;0;0;0;1;0;0;0;0;0
procédé;0;1;0;1;0;0;1;1;0;0;0;0;0;0;0;0
procéder;0;2;0;0;1;1;0;0;0;0;0;0;0;0;0;0
procureur;0;0;0;0;1;3;0;0;0;0;0;0;0;0;0;0
principe;0;2;0;0;0;0;0;0;0;0;0;2;0;0;0;0
pratiquer;0;0;0;0;0;0;1;0;1;0;1;1;1;0;0;0
porrentruy;3;0;0;0;0;1;0;0;0;0;0;0;0;0;0;1
pomme;0;0;0;0;0;0;0;0;1;0;0;1;0;0;2;0
pologne;1;0;0;0;0;0;1;0;0;0;1;0;0;2;0;0
plongée;1;0;0;0;0;0;0;0;0;1;1;0;1;0;0;0
plaisir;1;0;0;0;0;0;2;0;0;0;0;0;0;0;0;0
pilier;0;0;0;3;0;0;0;0;0;0;0;1;0;0;0;0
physiquement;0;1;0;0;0;0;0;0;3;0;0;1;0;0;0;0
pfister;0;1;0;0;1;2;0;0;0;0;0;0;0;0;0;1
petra;0;0;0;0;0;0;0;0;0;0;0;0;0;0;0;5
patience;0;0;0;0;0;0;1;2;0;0;1;0;0;0;1;0
passion;0;0;1;0;0;0;1;0;0;0;0;0;0;1;1;0
partiellement;1;0;0;0;2;0;0;0;0;0;0;0;0;0;1;0
partenariat;0;1;0;0;0;0;2;1;0;0;0;0;0;0;1;0
parfaire;0;0;0;0;0;0;0;1;0;0;0;0;0;1;1;0
paraître;0;0;0;1;0;1;0;0;1;0;0;0;0;1;0;0
papier;0;0;1;1;0;0;0;0;0;0;0;0;0;1;0;0
panne;2;0;1;0;0;0;0;1;0;0;0;0;0;0;0;0
pacifique;0;2;1;0;1;1;0;0;0;0;0;0;0;0;0;0
ouest;0;1;0;0;0;0;0;0;0;0;0;2;0;0;1;0
osav;0;0;4;0;0;0;0;0;1;0;0;0;0;0;0;0
orosz;0;0;0;0;0;0;0;0;0;0;0;0;0;0;0;5
ordonnance;0;1;0;2;0;0;0;0;0;0;0;1;0;0;0;0
ordinaire;0;1;0;2;0;0;0;1;0;0;1;0;0;0;0;0
opérateur;2;0;0;0;1;0;0;0;0;0;0;0;0;0;0;0
option;0;0;1;0;0;0;0;0;0;0;0;2;0;0;0;0
optimiste;1;0;0;0;0;2;0;0;0;1;0;0;0;0;1;0
openai;0;0;0;3;0;0;0;0;0;0;0;0;0;0;1;0
omar;0;1;0;0;1;0;0;0;0;1;0;0;0;0;1;0
océan;1;1;0;0;0;0;0;1;0;0;0;0;0;0;0;0
occidental;0;1;1;1;1;0;0;1;0;0;0;0;0;0;0;0
nyon;2;0;0;0;0;0;2;1;0;0;0;0;0;0;0;0
nouvelliste;0;0;0;0;0;1;0;0;0;0;1;0;1;0;1;0
nomination;0;0;0;0;0;1;0;0;0;1;0;0;1;0;1;0
nier;0;0;0;0;4;1;0;0;0;0;0;0;0;0;0;0
neutre;0;0;0;0;3;1;0;0;0;0;0;1;0;0;0;0
nettoyage;0;1;1;1;0;1;0;0;0;0;1;0;0;0;0;0
nettement;4;0;0;0;0;0;0;0;1;0;0;0;0;0;0;0
mémoire;0;0;0;0;1;0;1;1;0;0;0;1;0;1;0;0
mélanie;1;0;0;0;0;0;2;0;0;0;0;0;0;0;0;0
médecine;0;0;0;0;0;0;0;4;0;0;0;1;0;0;0;0
mâchoire;0;0;0;0;0;0;0;2;0;0;0;0;1;0;1;0
museum;0;0;0;0;0;0;4;0;0;0;0;0;0;0;1;0
mur;0;0;0;0;0;0;1;0;0;0;2;0;2;0;0;0
moutier;2;0;0;0;0;2;0;0;0;0;0;1;0;0;0;0
moustique;0;0;2;0;0;0;0;0;0;0;0;0;0;0;0;1
mourir;1;2;0;0;1;0;0;0;1;0;0;0;0;0;0;0
moral;0;0;0;1;0;1;0;1;0;0;0;0;0;0;0;0
montana;4;0;0;0;0;0;0;0;0;1;0;0;0;0;0;0
moniteur;0;0;0;2;0;0;0;0;0;0;0;0;0;0;0;1
molécule;0;0;0;0;0;0;0;2;2;0;0;0;0;0;0;0
moderniser;0;0;0;4;0;0;0;0;0;0;1;0;0;0;0;0
minimiser;0;0;1;0;1;0;0;1;0;0;0;1;0;0;0;1
migrer;1;0;1;0;0;0;0;0;1;0;0;1;0;0;0;1
mention;0;2;0;0;0;0;0;2;0;0;0;1;0;0;0;0
matthias;0;0;1;0;0;0;0;1;1;0;1;0;0;0;0;1
masculin;0;0;1;0;0;0;0;0;0;0;0;0;1;1;0;0
marseille;2;1;0;0;0;0;0;0;0;0;0;0;0;0;0;0
marathon;1;0;0;0;1;2;0;0;0;0;0;0;1;0;0;0
maps;0;0;0;0;0;0;0;1;3;0;0;0;0;0;0;0
madrid;0;0;0;0;0;0;0;0;0;0;0;0;1;2;0;0
léon;1;0;0;0;1;2;0;0;0;0;0;0;0;0;0;0
légume;0;0;1;0;0;0;0;1;0;0;0;1;1;0;0;0
légal;0;1;0;1;0;0;0;0;1;0;0;1;0;0;0;0
luisier;0;0;0;0;3;2;0;0;0;0;0;0;0;0;0;0
luire;0;0;0;0;1;1;0;0;0;0;0;0;0;0;0;1
loup;0;1;0;0;0;0;1;0;0;0;0;0;0;0;1;0
livrer;0;0;0;1;1;1;0;1;0;0;0;0;0;0;1;0
live;0;0;0;0;0;0;0;0;0;0;0;1;0;1;2;0
lisbonne;0;0;4;0;0;0;0;0;0;0;1;0;0;0;0;0
library;0;0;0;0;0;0;2;0;0;0;0;0;0;0;0;1
lausannois;0;0;0;0;0;0;2;0;0;0;2;1;0;0;0;0
last;0;0;0;0;0;0;1;0;0;0;0;0;2;0;0;0
labubu;0;0;0;0;0;0;0;0;0;0;0;0;0;0;4;0
laboratoire;0;0;1;2;0;0;0;1;0;0;0;1;0;0;0;0
kareem;0;0;0;0;0;0;0;0;0;2;0;0;0;0;0;1
jet;3;0;0;2;0;0;0;0;0;0;0;0;0;0;0;0
isoler;0;0;2;0;0;0;1;0;0;0;1;0;0;0;0;0
isolement;0;0;1;0;1;0;0;2;0;1;0;0;0;0;0;0
islamique;0;3;0;0;0;2;0;0;0;0;0;0;0;0;0;0
irrégularité;0;0;0;0;0;5;0;0;0;0;0;0;0;0;0;0
ir95;4;0;0;0;0;0;0;0;0;1;0;0;0;0;0;0
invoquer;0;1;0;2;0;2;0;0;0;0;0;0;0;0;0;0
intègre;0;0;0;0;0;0;0;0;0;0;0;0;0;0;4;0
intituler;0;0;0;0;1;0;1;0;0;0;0;0;1;1;1;0
intention;0;0;0;0;2;0;0;0;0;0;0;0;0;0;1;0
inoubliable;0;0;0;0;0;0;1;0;0;0;0;0;0;0;4;0
informatique;0;0;0;1;1;0;0;0;0;0;0;2;0;0;1;0
inflation;0;0;0;1;1;1;0;0;0;0;1;0;0;0;0;1
infirmier;0;0;0;0;0;0;0;2;1;0;0;1;0;0;0;0
infection;0;0;3;1;0;0;0;0;1;0;0;0;0;0;0;0
infantino;0;0;0;0;4;0;0;0;0;0;0;0;0;1;0;0
inaugurer;0;0;0;0;0;1;2;0;0;0;1;0;0;0;0;0
impossible;0;0;0;0;0;0;1;0;0;0;1;2;0;0;1;0
immigration;0;0;0;0;1;3;0;0;1;0;0;0;0;0;0;0
ii;0;0;0;0;3;0;0;0;0;0;0;0;0;2;0;0
héros;0;2;0;0;0;0;0;0;0;0;0;0;2;0;1;0
humoriste;0;0;0;0;0;0;3;0;0;0;0;0;0;0;1;0
hug;0;0;0;0;0;0;1;3;1;0;0;0;0;0;0;0
homologue;0;0;0;0;5;0;0;0;0;0;0;0;0;0;0;0
homicide;0;0;0;0;0;2;0;1;0;0;1;0;0;0;0;0
hezbollah;0;5;0;0;0;0;0;0;0;0;0;0;0;0;0;0
hassan;0;0;0;0;0;4;0;0;0;0;0;0;0;0;0;0
hana;0;0;0;0;0;0;0;0;0;2;0;0;0;0;0;1
halle;1;0;0;0;0;0;0;0;0;0;4;0;0;0;0;0
génétique;0;0;0;0;0;0;0;0;5;0;0;0;0;0;0;0
généralement;0;0;1;0;0;0;0;0;0;0;0;4;0;0;0;0
gène;0;0;0;0;0;0;1;0;4;0;0;0;0;0;0;0
guider;0;0;0;0;0;0;1;0;0;0;0;1;0;0;2;1
grotte;0;0;0;2;0;0;0;0;1;0;0;0;0;0;0;0
gravité;0;0;0;0;1;1;0;2;0;0;0;0;0;0;0;1
graffiti;0;0;0;0;0;0;2;0;0;0;0;1;0;0;2;0
golinelli;0;0;0;0;0;0;5;0;0;0;0;0;0;0;0;0
garçon;0;0;0;0;0;0;1;1;0;0;0;0;0;0;2;0
garantie;0;0;0;1;2;1;0;1;0;0;0;0;0;0;0;0
funiculaire;1;0;3;0;0;0;0;0;0;0;0;0;0;0;0;0
fumée;0;1;0;0;0;1;0;0;1;0;0;0;0;0;1;0
franjo;0;0;0;0;0;0;0;0;0;0;0;0;5;0;0;0
fouiller;0;0;0;0;0;0;3;0;1;0;0;1;0;0;0;0
formel;0;0;2;0;1;0;0;2;0;0;0;0;0;0;0;0
for;0;0;0;1;0;0;0;1;0;0;0;0;1;1;0;0
fondamental;0;0;0;0;1;0;0;1;0;0;0;1;0;0;1;1
fond;0;1;0;0;2;0;0;0;0;0;0;0;0;1;0;0
finlandais;0;0;0;0;0;0;0;0;0;0;0;0;3;0;2;0
fier;0;1;1;1;0;0;0;0;0;0;0;0;0;1;1;0
feuille;1;0;1;0;2;0;0;0;0;0;0;0;0;1;0;0
fedak;0;0;2;0;1;0;0;0;0;0;0;0;0;0;0;0
façon;0;0;0;0;1;0;0;1;0;0;0;1;0;0;2;0
favorable;0;0;0;0;1;0;0;0;0;0;2;0;0;0;0;1
exécution;0;3;0;0;0;1;0;0;0;0;0;0;0;0;0;0
explosion;0;2;0;0;0;0;0;0;0;0;1;0;0;0;1;1
existant;1;0;0;1;0;1;0;1;0;0;1;0;0;0;0;0
exigence;0;0;0;1;0;1;1;1;0;0;0;1;0;0;0;0
excellent;0;0;0;0;1;0;0;0;0;0;0;0;2;2;0;0
exact;0;0;0;1;0;0;0;0;1;1;0;0;0;0;0;2
evan;0;0;0;0;2;0;0;0;0;0;0;0;0;0;0;1
escalade;0;0;0;0;0;0;0;0;0;0;0;0;5;0;0;0
entretenir;0;0;0;0;2;0;0;0;1;0;1;0;0;0;1;0
engouement;0;0;0;1;0;0;1;2;0;0;0;0;0;0;0;0
engin;0;4;0;0;0;0;0;0;0;0;1;0;0;0;0;0
enchère;0;0;0;3;0;0;0;0;0;0;1;0;0;0;1;0
encadrer;0;0;1;0;0;0;0;1;2;0;0;0;0;0;0;0
emporter;0;0;1;0;0;1;0;1;1;0;0;0;1;0;0;0
emji_téléphone_portable;0;0;0;0;0;0;0;1;1;0;0;0;0;0;3;0
emji_tornade;2;3;0;0;0;0;0;0;0;0;0;0;0;0;0;0
emji_toque_universitaire;0;1;1;0;0;1;1;0;0;0;0;1;0;0;0;0
emji_tennis;0;0;0;0;0;0;0;0;0;0;0;0;5;0;0;0
emji_poing_levé;0;0;0;0;0;0;0;0;0;0;1;2;0;0;1;0
emji_microscope;0;0;0;0;0;0;0;1;3;0;0;0;0;0;1;0
emji_interdiction_de_fumer;0;0;0;1;0;0;0;1;0;0;2;1;0;0;0;0
emji_immeuble_de_bureaux;0;1;0;3;0;0;0;0;0;0;1;0;0;0;0;0
emji_goutte_d_eau;2;0;0;0;0;0;0;2;0;0;1;0;0;0;0;0
emji_globe_tourné_sur_les_amériques;0;0;1;1;2;0;1;0;0;0;0;0;0;0;0;0
emji_feuille;0;0;1;0;0;0;1;0;0;0;1;0;0;0;1;0
emji_couronne;0;0;0;0;2;0;0;0;0;0;0;0;3;0;0;0
emji_cotillons;0;0;1;0;0;1;0;0;0;0;0;0;0;1;1;1
emji_coeur_rouge;0;0;2;0;0;0;0;2;0;0;0;0;0;0;0;0
emji_bébé;0;0;1;0;0;0;0;0;3;0;0;0;0;1;0;0
emji_bougie;0;2;0;1;0;0;0;0;0;0;0;0;0;0;0;0
effacer;0;0;1;0;1;0;0;0;0;0;0;1;2;0;0;0
détermination;0;1;0;0;2;0;0;0;0;0;0;0;1;0;0;0
dépendre;0;0;1;1;0;0;0;2;0;0;0;0;0;0;1;0
dénonciation;0;0;0;0;0;5;0;0;0;0;0;0;0;0;0;0
démocratie;0;0;0;0;1;2;0;0;0;0;0;1;0;0;0;1
dément;0;3;0;0;1;1;0;0;0;0;0;0;0;0;0;0
délégation;0;0;1;1;2;1;0;0;0;0;0;0;0;0;0;0
dégrader;2;1;1;0;0;0;0;1;0;0;0;0;0;0;0;0
défilé;0;0;0;0;2;0;0;0;1;1;0;1;0;0;0;0
décisif;0;0;0;0;1;0;0;0;0;0;0;0;0;4;0;0
débourser;0;0;0;5;0;0;0;0;0;0;0;0;0;0;0;0
débloquer;0;0;0;0;1;2;1;0;0;0;0;0;0;0;0;1
douceur;2;0;0;0;0;0;1;0;0;0;0;0;0;0;0;0
dominic;0;0;0;0;0;0;0;0;0;0;0;0;2;0;0;3
disparu;0;1;0;0;0;1;1;0;1;0;0;0;0;0;0;0
disney;0;0;0;1;0;0;0;0;0;0;0;0;0;0;2;0
destinée;0;0;0;0;0;0;0;0;0;0;0;2;0;1;2;0
dessiner;0;0;0;0;0;0;0;0;0;1;1;1;0;0;2;0
dessin;0;0;0;0;0;0;4;0;0;0;0;0;0;0;0;0
design;1;0;0;0;0;0;0;0;0;0;0;0;0;0;3;0
demeure;0;0;0;1;1;0;1;1;0;0;0;0;0;0;0;1
côte;1;0;0;0;0;0;0;0;0;0;1;2;0;1;0;0
césar;0;0;0;0;0;0;0;0;0;0;0;0;2;0;1;0
céline;0;1;0;0;0;2;0;1;0;0;0;0;0;0;1;0
croiser;0;0;1;0;2;1;0;0;0;0;0;0;1;0;0;0
cri;1;0;0;0;1;0;0;0;1;0;0;0;0;0;2;0
couverture;0;0;0;0;0;0;0;0;0;0;2;0;0;0;2;0
coulisse;0;0;0;0;1;0;0;0;0;0;1;0;0;0;1;0
coréen;0;0;0;2;0;0;0;1;0;0;0;0;0;0;1;0
correspondre;0;0;4;1;0;0;0;0;0;0;0;0;0;0;0;0
coprésidente;1;0;0;0;0;0;0;0;0;0;1;3;0;0;0;0
copenhague;4;0;0;0;0;0;0;0;0;0;1;0;0;0;0;0
contrôleur;0;0;1;0;0;0;0;2;0;0;0;0;0;0;1;1
contribuable;0;0;0;2;0;2;0;0;0;0;0;1;0;0;0;0
contrairement;0;0;1;1;0;0;0;0;0;0;0;1;0;0;0;0
contraint;0;0;0;0;0;0;1;0;0;0;1;2;0;0;1;0
continent;1;1;0;0;0;0;0;0;0;0;0;0;0;3;0;0
constant;2;0;0;1;0;0;1;0;0;0;1;0;0;0;0;0
considérablement;2;0;1;0;0;0;0;1;1;0;0;0;0;0;0;0
conservation;0;0;2;0;0;0;0;0;0;1;1;0;0;0;0;0
connecter;0;0;1;0;0;0;0;0;1;0;0;1;0;1;0;0
conjugal;0;0;1;0;0;0;0;1;0;1;1;0;0;0;1;0
confusion;0;0;3;0;0;0;0;0;1;0;0;1;0;0;0;0
concession;0;0;0;0;1;3;0;0;0;0;0;0;0;0;0;0
comédie;0;0;0;0;0;0;1;0;4;0;0;0;0;0;0;0
composition;0;0;0;0;0;1;1;0;0;0;0;0;0;0;2;0
communiquer;0;0;1;0;0;0;0;1;1;0;0;0;0;0;1;1
commenter;0;1;0;0;0;1;0;0;0;0;1;0;0;0;0;1
commander;1;0;0;2;0;0;0;1;0;0;1;0;0;0;0;0
commandant;0;2;0;0;0;2;0;0;0;0;0;1;0;0;0;0
comedy;0;0;0;0;0;0;2;0;0;0;0;0;0;0;3;0
colonisation;1;0;0;0;1;1;0;0;1;0;0;0;0;0;0;0
collectivité;0;0;0;3;0;0;0;0;1;0;0;0;0;0;1;0
collecte;0;0;0;0;1;1;0;0;0;0;1;2;0;0;0;0
clairement;1;0;0;0;0;0;0;3;1;0;0;0;0;0;0;0
city;1;1;0;0;0;0;2;0;0;0;0;0;0;1;0;0
circuit;0;0;0;0;0;0;0;0;0;0;0;0;3;1;1;0
cinématographique;0;0;0;0;0;0;0;0;0;0;0;0;0;0;5;0
chômage;0;0;0;0;0;0;0;0;0;0;0;4;0;0;0;0
chronique;0;1;0;0;0;0;0;0;4;0;0;0;0;0;0;0
christelle;0;0;0;0;3;2;0;0;0;0;0;0;0;0;0;0
chavrier;0;0;0;0;0;0;1;1;2;0;0;0;0;0;0;1
chatgpt;1;0;0;1;0;0;0;1;0;0;0;0;0;0;0;0
chareh;0;0;0;0;5;0;0;0;0;0;0;0;0;0;0;0
chanter;0;0;0;0;0;0;2;0;0;0;0;0;0;0;1;0
centriste;0;0;0;0;0;5;0;0;0;0;0;0;0;0;0;0
cathédrale;0;0;1;0;1;1;0;1;0;0;0;0;0;0;1;0
catastrophique;0;2;1;0;0;0;1;1;0;0;0;0;0;0;0;0
cassis;0;0;0;0;1;4;0;0;0;0;0;0;0;0;0;0
carey;0;0;0;0;0;0;1;0;0;0;0;0;4;0;0;0
caraïbe;0;2;0;0;2;0;0;0;0;0;0;0;1;0;0;0
cantonaux;0;0;0;0;1;1;0;1;0;0;0;2;0;0;0;0
canadien;0;0;0;0;1;0;2;0;0;0;0;0;1;0;0;0
cambodgien;0;5;0;0;0;0;0;0;0;0;0;0;0;0;0;0
cambodge;0;5;0;0;0;0;0;0;0;0;0;0;0;0;0;0
calcul;0;0;2;1;0;0;0;0;1;0;0;1;0;0;0;0
caisse;0;1;0;1;0;1;0;0;0;0;2;0;0;0;0;0
cabine;0;0;0;1;0;0;0;1;0;0;1;0;0;0;1;0
bruxelles;3;0;0;0;0;1;0;0;0;0;0;0;0;0;0;0
bruit;1;0;1;0;0;0;0;0;0;0;0;1;1;0;0;0
bondir;0;2;0;0;0;0;0;0;0;0;0;1;0;0;1;0
blocage;1;1;0;0;0;1;0;0;1;0;0;0;0;0;0;0
bison;0;0;1;1;0;0;0;0;0;0;0;2;0;0;0;0
bieri;0;0;0;0;0;0;0;0;0;0;0;0;0;0;0;5
beyoncé;0;0;0;1;0;0;1;0;0;0;0;0;0;1;0;0
berlin;1;0;0;0;0;0;0;1;0;1;1;0;0;0;0;0
bañeza;0;0;0;0;0;0;0;0;0;0;0;0;0;4;0;0
batman;0;0;1;0;0;0;0;1;1;0;0;0;0;0;1;0
bateau;2;1;1;0;0;0;0;0;0;0;0;0;0;0;1;0
bardot;0;0;0;0;0;0;3;0;0;0;0;0;0;0;0;0
barbie;0;0;0;1;0;0;0;0;0;0;0;0;1;1;2;0
bagage;1;0;1;1;0;0;0;1;0;0;0;0;0;0;0;0
bactérie;0;0;0;0;0;0;0;0;3;0;0;0;0;0;0;0
bachar;0;0;0;0;3;0;2;0;0;0;0;0;0;0;0;0
automobile;0;0;0;1;0;0;0;0;0;0;3;0;0;0;1;0
atterrir;0;1;0;0;0;1;0;1;0;0;1;0;0;0;0;0
astronomique;1;0;0;0;0;0;0;0;0;0;0;1;0;3;0;0
assaut;0;3;0;0;1;1;0;0;0;0;0;0;0;0;0;0
assad;0;0;0;0;3;0;2;0;0;0;0;0;0;0;0;0
asile;0;0;0;0;0;1;0;1;0;0;0;3;0;0;0;0
artifice;1;1;0;0;0;0;0;0;0;0;0;2;0;0;0;0
archipel;0;1;1;0;0;0;0;0;0;0;0;0;0;2;0;0
aquatique;2;0;0;0;0;0;0;0;0;0;0;0;0;0;1;0
appuyer;0;1;1;0;0;0;0;2;0;0;0;1;0;0;0;0
applaudissement;0;0;0;0;0;0;1;1;0;0;0;0;0;0;2;1
appellation;0;0;0;1;0;0;0;0;0;0;2;1;0;0;0;0
apparence;0;0;0;0;0;0;0;1;0;0;0;1;0;0;1;0
anxiété;0;0;0;0;0;0;0;0;5;0;0;0;0;0;0;0
antonio;0;1;0;0;0;3;0;0;0;0;0;0;0;0;0;1
antisémite;0;3;0;0;1;1;0;0;0;0;0;0;0;0;0;0
anticipé;0;0;0;2;0;1;0;0;0;0;0;1;0;0;0;1
ami;0;0;0;0;2;0;1;0;0;0;0;1;0;0;1;0
american;0;0;0;0;0;0;0;0;0;0;0;1;0;0;2;0
amazonie;0;0;1;0;3;0;0;1;0;0;0;0;0;0;0;0
alléger;2;0;0;1;0;1;0;0;0;1;0;0;0;0;0;0
allouer;0;1;1;1;0;0;0;0;0;0;1;0;0;0;0;1
allmen;0;0;0;0;0;0;0;0;0;0;0;0;5;0;0;0
alexandre;0;0;0;0;0;1;0;1;0;0;0;1;0;0;0;0
alain;0;0;1;0;0;0;0;0;0;1;0;1;0;0;0;0
aimer;0;0;0;0;1;0;1;0;0;0;0;2;0;0;0;0
agricole;0;0;0;0;1;1;0;1;1;0;0;0;0;0;0;0
agnès;0;0;2;0;1;0;0;0;0;0;0;0;0;0;0;0
affluence;2;0;0;1;0;0;0;0;0;0;1;1;0;0;0;0
adjoint;0;0;1;0;1;0;0;0;0;0;0;1;0;1;0;1
accéder;0;0;0;2;0;0;0;0;0;0;0;0;0;1;2;0
accentuer;1;0;0;1;0;0;0;1;2;0;0;0;0;0;0;0
aboutir;0;0;0;0;0;0;0;0;0;1;1;1;0;0;0;1
abdel;0;0;0;0;0;0;0;0;0;2;0;0;0;0;0;1
abbaye;0;0;0;1;1;3;0;0;0;0;0;0;0;0;0;0
7e;0;0;0;0;0;1;0;0;0;0;0;0;1;1;1;0
6e;0;0;0;0;0;1;0;0;0;0;0;0;3;1;0;0
5e;0;0;0;0;0;0;0;0;0;0;0;0;3;0;0;0
4e;0;0;0;0;0;0;0;1;0;0;1;0;3;0;0;0
12e;0;0;0;0;0;1;0;0;0;0;0;0;2;2;0;0
étroit;0;0;0;0;2;0;0;1;0;0;1;0;0;0;0;0
étoile;0;0;2;0;0;0;0;0;0;0;0;0;0;0;1;0
éteindre;1;0;0;0;1;0;0;0;0;0;0;0;0;0;2;0
érosion;0;0;0;1;0;0;0;0;0;0;1;1;0;0;0;0
éphémère;0;0;0;0;0;0;4;0;0;0;0;0;0;0;0;0
épave;0;0;0;0;0;0;0;0;1;0;1;0;0;0;1;0
éliminatoire;0;0;0;0;0;0;0;0;0;0;0;0;0;4;0;0
élargir;0;0;0;0;0;0;1;0;0;0;0;1;0;0;1;0
égaliser;0;0;0;0;0;0;0;0;0;0;0;0;0;4;0;0
égal;0;0;0;0;0;0;0;0;0;0;0;0;1;2;0;0
écosystème;1;0;1;0;0;0;0;2;0;0;0;0;0;0;0;0
écologiste;0;0;0;0;0;4;0;0;0;0;0;0;0;0;0;0
échouer;0;1;0;0;0;1;0;1;1;0;0;0;0;0;0;0
écharpe;0;0;0;0;1;0;1;0;0;0;0;0;0;1;0;0
zèbre;0;0;2;0;0;0;0;0;1;0;0;0;0;0;0;0
zoug;0;0;0;0;0;1;0;0;0;0;1;1;0;0;0;1
youtubeur;0;0;0;0;0;0;0;0;0;0;0;0;1;1;2;0
xiv;0;0;0;0;1;2;0;0;0;0;0;0;0;0;0;0
xi;0;0;0;0;4;0;0;0;0;0;0;0;0;0;0;0
wong;0;3;0;0;0;0;0;0;0;0;1;0;0;0;0;0
walder;1;0;0;0;0;3;0;0;0;0;0;0;0;0;0;0
vucci;0;0;0;0;2;0;0;0;0;0;0;0;0;0;0;1
vs;1;0;0;2;0;1;0;0;0;0;0;0;0;0;0;0
vreni;0;0;0;0;0;0;0;0;0;0;0;0;4;0;0;0
vraisemblablement;0;3;0;0;0;0;1;0;0;0;0;0;0;0;0;0
volume;0;0;0;2;0;0;1;1;0;0;0;0;0;0;0;0
volcan;0;0;0;0;0;0;1;2;1;0;0;0;0;0;0;0
voile;0;0;0;0;0;0;0;0;0;0;0;3;0;0;0;0
vitrine;1;0;0;2;0;0;0;0;0;0;0;1;0;0;0;0
visuel;0;0;1;0;0;0;0;0;0;0;1;0;0;0;2;0
visiter;0;1;0;0;0;0;0;0;1;0;0;0;0;0;1;0
viol;0;0;0;0;2;0;0;0;0;0;0;0;0;0;1;0
vieillissement;0;0;1;0;0;0;0;1;1;0;0;0;0;0;0;0
vieillesse;0;0;3;0;0;0;0;0;0;0;0;0;0;0;0;0
vidy;2;0;0;0;0;0;2;0;0;0;0;0;0;0;0;0
vibration;0;0;0;0;0;0;0;0;2;0;0;0;0;0;2;0
vertical;0;0;0;0;0;0;0;0;0;0;0;1;1;0;1;0
verser;0;0;0;3;0;0;0;1;0;0;0;0;0;0;0;0
versement;0;0;0;2;0;0;0;0;0;0;1;0;0;0;0;0
vendeur;1;2;0;0;0;0;0;0;0;0;0;1;0;0;0;0
vapko;0;0;0;0;0;0;0;4;0;0;0;0;0;0;0;0
validé;1;0;0;0;0;3;0;0;0;0;0;0;0;0;0;0
unicef;0;0;0;2;0;0;0;1;0;0;0;0;0;0;0;0
unanimité;0;0;0;0;2;2;0;0;0;0;0;0;0;0;0;0
uer;0;0;0;0;1;3;0;0;0;0;0;0;0;0;0;0
tv;0;0;0;1;0;1;0;0;0;0;0;0;1;0;1;0
turc;0;3;1;0;0;0;0;0;0;0;0;0;0;0;0;0
tunnel;2;0;0;0;0;2;0;0;0;0;0;0;0;0;0;0
tromper;0;0;0;0;0;1;1;2;0;0;0;0;0;0;0;0
tristesse;0;0;1;0;1;0;2;0;0;0;0;0;0;0;0;0
triompher;0;0;0;0;0;0;0;0;0;0;0;0;2;1;0;0
trices;0;0;0;1;0;1;0;1;1;0;0;0;0;0;0;0
transparent;0;0;0;0;0;0;1;0;0;0;0;3;0;0;0;0
transformation;0;0;1;0;0;0;0;1;0;0;1;1;0;0;0;0
tom;0;0;0;0;1;0;0;0;0;0;0;0;0;1;2;0
tolérance;0;0;0;0;1;0;0;1;0;0;0;0;0;0;1;1
times;0;0;0;0;3;0;1;0;0;0;0;0;0;0;0;0
thérapie;0;0;1;0;0;0;1;0;1;0;0;0;0;0;0;0
thématique;0;0;1;0;0;0;1;0;0;0;0;0;0;0;1;0
thème;0;0;0;0;0;0;2;0;0;0;1;0;0;0;0;0
texture;0;0;0;0;0;0;0;0;0;0;0;0;0;0;3;0
tessin;1;0;0;0;0;0;0;0;0;1;0;1;0;0;1;0
terrasse;0;0;0;0;0;0;1;0;1;0;0;2;0;0;0;0
tente;0;0;0;0;0;0;1;2;0;0;0;0;0;0;0;0
technologique;0;0;1;1;0;0;0;0;0;0;0;0;0;0;1;0
taïwan;0;2;0;0;2;0;0;0;0;0;0;0;0;0;0;0
taylor;0;0;0;0;0;0;1;0;0;0;0;0;2;1;0;0
taxi;0;0;0;0;0;0;0;0;0;1;2;1;0;0;0;0
tartre;0;0;0;0;0;0;0;1;3;0;0;0;0;0;0;0
tarifaire;0;0;0;1;0;1;0;0;0;0;2;0;0;0;0;0
takaichi;0;0;0;0;2;2;0;0;0;0;0;0;0;0;0;0
table;0;0;0;0;2;0;1;0;0;0;0;0;0;0;0;0
sévir;0;0;0;0;0;0;0;3;0;0;0;1;0;0;0;0
séparation;0;0;1;0;0;0;0;0;1;0;0;1;0;0;0;0
sélectionneur;0;0;0;0;0;0;0;0;0;0;0;0;1;3;0;0
sécuritaire;0;1;0;0;0;1;0;0;1;0;1;0;0;0;0;0
sutter;0;0;0;0;0;4;0;0;0;0;0;0;0;0;0;0
survivant;0;0;1;2;0;0;1;0;0;0;0;0;0;0;0;0
survie;0;0;1;0;0;0;0;0;2;0;1;0;0;0;0;0
supermarché;0;0;1;2;0;0;0;0;0;0;0;1;0;0;0;0
superbe;0;0;0;0;0;0;0;0;0;0;0;0;1;2;0;0
suffisant;0;1;0;0;0;2;0;1;0;0;0;0;0;0;0;0
subvention;0;0;0;1;1;0;0;0;0;1;0;0;0;0;1;0
substance;0;0;0;0;1;0;0;1;1;0;0;0;0;0;1;0
submerger;0;0;1;0;0;0;0;1;0;0;0;0;0;0;2;0
strictement;0;0;1;1;0;0;0;1;1;0;0;0;0;0;0;0
statut;1;0;1;0;0;0;0;1;0;0;0;0;0;0;0;0
start_up;1;0;0;1;1;0;0;0;0;0;0;0;0;0;1;0
spécialement;0;0;1;0;0;0;1;0;0;0;0;0;0;1;0;0
soudanais;0;4;0;0;0;0;0;0;0;0;0;0;0;0;0;0
solidaire;0;0;0;0;0;0;0;0;0;0;0;4;0;0;0;0
slogan;0;0;1;0;2;0;0;0;0;0;0;0;0;0;1;0
sinistre;0;0;0;1;0;0;0;0;1;0;1;1;0;0;0;0
silencieux;0;1;0;0;0;1;0;0;1;0;0;0;0;0;1;0
silence;0;0;0;1;0;0;0;2;0;0;0;1;0;0;0;0
significativement;0;0;3;0;0;0;0;0;1;0;0;0;0;0;0;0
serrer;0;0;1;0;0;0;0;0;2;0;1;0;0;0;0;0
serie;0;0;0;0;0;0;0;0;0;0;0;1;0;2;0;0
serbe;0;0;0;0;0;0;0;0;0;0;1;0;3;0;0;0
sensibiliser;0;0;1;0;0;0;0;1;0;0;0;2;0;0;0;0
semer;0;3;0;0;0;0;0;0;0;0;0;0;0;0;0;0
secouer;1;1;0;0;0;1;0;0;0;0;0;0;0;0;0;0
scott;0;0;0;0;2;1;0;0;0;0;1;0;0;0;0;0
scooter;0;2;0;0;0;0;0;0;0;0;0;0;0;0;1;0
scanner;0;0;1;1;0;0;0;0;1;0;1;0;0;0;0;0
scander;0;1;0;0;2;1;0;0;0;0;0;0;0;0;0;0
saut;0;0;0;1;0;0;0;0;0;0;0;0;2;0;1;0
sang;0;0;1;0;0;0;0;1;0;0;0;0;0;0;2;0
sanctionner;0;0;0;0;0;1;0;0;0;0;1;1;0;0;0;0
salarié;0;0;0;1;1;0;0;0;0;1;1;0;0;0;0;0
sabalenka;0;0;0;0;0;0;0;0;0;0;0;0;1;3;0;0
réviser;0;0;0;0;1;2;0;0;0;0;1;0;0;0;0;0
résistant;0;0;0;0;0;0;0;1;2;1;0;0;0;0;0;0
rénover;0;0;0;1;0;0;2;0;0;0;1;0;0;0;0;0
réintégrer;0;0;0;0;2;1;0;0;1;0;0;0;0;0;0;0
régner;0;0;2;0;1;0;0;0;0;0;0;1;0;0;0;0
régaler;0;0;0;0;0;0;0;0;0;0;0;0;2;2;0;0
réfléchir;0;0;2;1;0;0;0;0;1;0;0;0;0;0;0;0
réflexe;0;0;0;1;0;0;0;0;0;0;0;0;1;0;1;0
rédaction;0;0;0;1;0;0;0;1;0;0;0;1;0;0;0;0
récupérer;0;1;1;0;1;0;0;0;0;0;0;0;0;0;0;0
réalisateur;0;0;0;0;1;0;0;0;0;0;0;0;0;0;3;0
rugby;0;0;0;0;0;0;0;0;0;0;0;0;3;0;1;0
rowling;0;0;0;0;0;0;1;0;0;0;0;0;0;2;0;0
rock;0;0;0;0;0;0;0;0;0;0;0;0;0;0;3;0
rivaliser;0;0;0;1;0;0;0;0;0;0;0;0;0;0;3;0
riposte;0;4;0;0;0;0;0;0;0;0;0;0;0;0;0;0
ricola;0;0;0;0;0;0;1;1;0;0;0;0;0;0;1;0
revente;0;0;0;3;0;0;0;0;0;0;0;0;0;1;0;0
retarder;0;0;1;0;1;0;0;0;0;1;0;0;0;0;0;0
respectueux;2;0;0;0;0;0;0;0;0;0;1;1;0;0;0;0
repérer;0;1;0;0;0;0;0;0;2;0;0;0;0;0;0;0
représentation;0;0;0;0;0;0;0;0;0;0;0;0;0;0;4;0
repousser;0;0;0;1;0;0;0;0;0;0;0;0;1;1;0;0
rentable;0;0;0;2;0;0;0;0;0;0;1;0;0;0;1;0
renommée;0;0;0;0;1;0;0;0;0;0;0;0;1;0;1;0
regrouper;0;1;0;0;2;0;0;0;0;0;1;0;0;0;0;0
registre;0;0;1;0;1;1;0;0;0;0;0;1;0;0;0;0
redouter;0;1;0;0;0;0;0;2;0;1;0;0;0;0;0;0
reconvilier;0;3;0;0;0;0;0;1;0;0;0;0;0;0;0;0
reconnaissant;0;0;0;0;2;2;0;0;0;0;0;0;0;0;0;0
reconduire;1;0;0;0;1;1;0;0;0;0;0;0;0;1;0;0
rebecca;0;0;0;0;0;2;0;0;0;0;0;1;0;0;0;0
rapidité;0;0;0;0;0;0;0;0;0;0;1;2;0;0;0;0
rapace;0;0;3;0;0;0;0;0;0;1;0;0;0;0;0;0
ralentissement;0;0;1;1;0;0;0;1;1;0;0;0;0;0;0;0
racisme;0;0;0;0;0;1;0;0;0;0;1;2;0;0;0;0
r;1;0;0;0;0;0;0;0;0;1;0;0;0;0;1;0
queue;0;0;0;0;0;0;1;0;0;0;0;0;0;0;3;0
pôle;0;0;0;1;0;0;0;1;0;0;1;0;0;0;1;0
publicitaire;0;0;0;2;0;0;0;0;0;0;0;0;0;0;1;0
psychiatrique;0;0;1;1;0;0;0;2;0;0;0;0;0;0;0;0
psychiatre;0;0;2;0;0;0;0;0;1;0;0;0;0;0;0;1
présomption;0;0;0;0;2;1;0;1;0;0;0;0;0;0;0;0
préservation;0;0;0;0;0;0;3;0;0;0;0;0;0;0;1;0
précédemment;0;0;0;0;1;2;0;0;0;0;0;0;1;0;0;0
précaution;1;2;0;0;0;0;0;1;0;0;0;0;0;0;0;0
préalable;1;0;1;0;0;0;1;0;0;0;0;0;0;0;0;0
protestation;0;0;0;0;1;1;0;0;0;0;0;0;1;0;0;1
propagande;0;0;0;0;2;0;0;1;0;0;0;0;0;0;1;0
proie;0;0;0;0;0;0;0;0;2;0;0;1;0;0;0;0
progressiste;0;0;0;0;2;0;0;0;0;0;0;1;0;0;0;0
progressif;1;0;0;0;0;0;0;0;0;1;0;1;0;0;0;0
profondément;0;0;0;0;1;0;1;0;0;0;0;0;0;0;1;0
problématique;0;0;0;1;0;0;0;1;1;0;0;0;0;0;0;0
probable;2;0;0;0;0;0;0;0;1;0;1;0;0;0;0;0
priver;0;1;0;1;0;0;0;1;0;0;0;0;0;0;0;0
primaire;0;0;2;0;0;0;0;0;0;0;0;2;0;0;0;0
prier;0;0;0;0;0;1;0;1;0;1;0;0;0;0;0;0
pratiquant;1;0;0;2;0;0;0;0;0;0;0;0;0;0;1;0
posthume;0;0;0;0;2;0;0;0;0;0;0;0;0;0;1;0
portugais;0;0;1;0;1;0;0;0;0;0;0;1;0;1;0;0
porteur;0;0;2;0;0;0;1;0;0;0;0;0;0;0;0;0
popularité;0;0;0;0;0;0;0;0;1;0;1;0;0;0;2;0
plafond;0;0;0;1;0;0;0;0;0;0;1;0;0;1;0;1
philipp;0;0;0;2;0;0;0;0;0;0;0;0;0;0;0;2
pharmaceutique;0;0;0;2;2;0;0;0;0;0;0;0;0;0;0;0
pesticide;0;0;0;0;0;0;0;2;1;0;1;0;0;0;0;0
peser;0;0;0;2;0;1;0;0;0;0;0;1;0;0;0;0
persistant;0;0;0;2;1;1;0;0;0;0;0;0;0;0;0;0
penalty;0;0;0;0;0;0;0;0;0;0;0;0;0;4;0;0
peinture;1;0;0;1;0;0;0;2;0;0;0;0;0;0;0;0
pcsi;0;0;0;0;0;4;0;0;0;0;0;0;0;0;0;0
payerne;0;0;0;2;0;0;0;0;0;0;0;0;1;0;0;1
passionner;0;0;0;0;0;0;0;0;0;0;0;0;0;0;4;0
passeport;0;0;1;0;0;1;0;0;0;0;0;1;0;0;1;0
paramilitaire;0;4;0;0;0;0;0;0;0;0;0;0;0;0;0;0
panorama;0;0;0;0;1;0;1;0;0;0;0;0;0;0;2;0
pakistanais;0;1;0;0;2;0;0;0;0;0;0;1;0;0;0;0
opérationnel;1;1;0;0;1;0;0;0;0;0;0;1;0;0;0;0
opposé;0;0;0;0;2;1;0;0;0;0;0;1;0;0;0;0
one;0;1;0;0;0;0;0;0;0;0;0;0;1;0;2;0
onde;0;0;0;1;0;0;0;0;0;0;1;0;0;0;0;1
ocde;0;0;1;0;0;0;0;0;1;0;0;1;0;0;0;0
obésité;0;0;1;0;0;0;0;0;3;0;0;0;0;0;0;0
obus;1;1;0;0;0;0;0;1;1;0;0;0;0;0;0;0
népalais;0;0;0;0;0;0;4;0;0;0;0;0;0;0;0;0
négocier;0;2;0;0;2;0;0;0;0;0;0;0;0;0;0;0
nouveauté;2;0;0;1;0;0;0;0;0;0;0;0;0;0;0;0
nourrir;0;0;1;0;0;0;0;0;1;0;0;0;0;0;1;1
noter;0;0;0;0;0;0;0;1;0;0;0;2;0;0;1;0
nippon;0;0;0;0;0;0;0;0;0;0;0;0;1;1;1;0
nick;0;0;0;0;1;0;0;0;0;0;0;0;1;0;1;0
nez;2;0;0;0;0;0;0;0;0;0;0;0;0;0;0;1
new_yorkais;0;0;0;0;4;0;0;0;0;0;0;0;0;0;0;0
neurologique;0;0;0;1;0;0;1;1;1;0;0;0;0;0;0;0
nemo;0;0;0;0;0;2;0;0;0;0;0;0;1;0;1;0
nebel;0;0;0;0;0;0;0;0;0;0;0;1;0;0;0;3
ndoye;0;0;0;0;0;0;0;0;0;0;0;0;0;4;0;0
navire;0;1;0;0;1;0;0;0;0;0;0;0;0;0;1;0
navarro;0;0;0;0;0;0;0;0;0;0;0;0;0;4;0;0
naturellement;0;0;1;0;0;0;0;1;0;0;1;1;0;0;0;0
naturalisation;0;0;1;0;0;2;0;0;0;0;0;0;0;0;0;1
nationaliste;0;0;0;0;0;3;0;0;0;0;0;0;0;0;1;0
métro;1;0;0;1;0;0;0;0;1;0;0;0;0;0;0;1
mélodie;0;0;0;0;0;0;0;0;0;0;0;1;0;0;3;0
mystérieux;0;1;0;0;0;0;0;0;0;0;0;0;0;0;2;0
mystère;0;1;1;0;0;0;1;0;0;0;0;0;0;0;0;0
mutuellement;0;4;0;0;0;0;0;0;0;0;0;0;0;0;0;0
multiple;0;1;0;0;0;2;0;0;0;0;1;0;0;0;0;0
mountain;0;0;0;0;0;0;0;0;0;0;0;0;4;0;0;0
moule;4;0;0;0;0;0;0;0;0;0;0;0;0;0;0;0
moto;0;3;0;0;0;0;1;0;0;0;0;0;0;0;0;0
mortel;0;2;2;0;0;0;0;0;0;0;0;0;0;0;0;0
montage;0;0;0;0;2;0;0;0;0;0;1;0;0;0;0;0
monney;0;0;0;0;0;0;0;0;0;0;0;0;4;0;0;0
moisson;0;1;1;0;0;0;0;1;0;0;0;0;0;0;0;0
modeste;0;0;0;0;0;0;0;0;0;1;0;0;0;2;0;0
modalité;0;0;0;0;1;1;1;0;0;0;1;0;0;0;0;0
minutieux;0;0;1;0;0;1;0;0;0;0;0;0;0;0;1;0
mini;1;1;0;1;0;0;0;0;0;0;1;0;0;0;0;0
minceur;0;0;3;0;0;0;0;0;0;0;0;0;0;0;1;0
mike;0;0;0;0;2;0;1;0;0;0;0;0;0;0;0;0
migros;2;1;0;1;0;0;0;0;0;0;0;0;0;0;0;0
migration;0;0;0;0;0;0;0;3;0;0;0;0;0;0;0;0
microbiome;0;0;0;0;0;0;0;2;1;0;0;0;0;0;0;0
michel;0;0;1;0;0;0;1;0;0;0;0;0;0;0;0;1
mi_octobre;1;0;0;0;0;0;0;0;0;0;0;0;1;2;0;0
meyer;0;0;0;0;0;0;0;1;0;0;1;2;0;0;0;0
meurtrier;0;2;0;0;0;1;0;1;0;0;0;0;0;0;0;0
mettler;0;0;4;0;0;0;0;0;0;0;0;0;0;0;0;0
meta;0;0;0;1;0;0;0;1;0;0;0;0;0;0;2;0
mer;0;1;0;0;0;0;0;0;0;0;0;0;0;0;1;1
mentionner;0;0;1;0;0;1;0;0;0;0;0;2;0;0;0;0
mbappé;0;0;0;0;0;0;0;0;0;0;0;0;0;3;0;0
maîtriser;0;1;0;0;0;1;0;0;0;0;1;0;0;0;1;0
maximum;0;0;0;1;1;1;0;0;0;0;0;0;0;1;0;0
mattea;0;0;0;0;0;0;0;1;0;0;1;2;0;0;0;0
maternel;0;0;0;0;0;0;0;2;2;0;0;0;0;0;0;0
massimo;0;0;0;0;0;0;1;0;0;0;0;0;0;0;0;2
marvel;0;0;0;0;0;0;0;0;0;0;0;0;0;0;4;0
mariah;0;0;0;0;0;0;0;0;0;0;0;0;4;0;0;0
marchandise;0;0;0;1;0;0;0;0;0;0;2;1;0;0;0;0
manoeuvre;0;0;0;0;1;0;0;0;0;0;0;2;0;0;0;1
manche;0;0;0;0;0;0;0;0;0;0;0;0;4;0;0;0
malaisie;0;0;0;0;2;1;0;1;0;0;0;0;0;0;0;0
lâcher;0;0;0;0;0;0;0;0;2;0;0;0;0;1;1;0
lux;0;0;0;0;0;0;0;0;1;0;0;0;0;0;2;0
lunaire;0;0;1;0;0;0;0;0;0;0;0;0;0;1;2;0
lugano;0;1;1;0;0;0;0;0;0;0;0;0;0;2;0;0
licencier;0;0;0;1;1;0;0;1;0;0;0;0;0;0;1;0
librement;0;0;0;0;0;2;0;1;0;0;0;1;0;0;0;0
libanais;0;4;0;0;0;0;0;0;0;0;0;0;0;0;0;0
lehmann;0;0;1;0;0;0;1;0;0;0;0;0;0;1;0;0
lee;0;0;0;0;1;0;0;0;0;1;0;0;0;0;1;0
league;0;0;0;0;0;0;0;0;0;0;0;0;0;4;0;0
lapin;0;0;2;0;0;0;0;0;0;0;1;0;0;0;0;0
lago;0;0;0;0;4;0;0;0;0;0;0;0;0;0;0;0
lacune;0;0;0;2;0;0;0;0;0;0;0;2;0;0;0;0
kyrgios;0;0;0;0;0;0;0;0;0;0;0;0;1;3;0;0
kosovars;0;0;0;0;1;2;0;0;0;0;0;0;0;1;0;0
king;0;0;0;0;2;0;1;0;0;0;0;0;0;1;0;0
kg;0;0;0;1;0;0;1;0;0;0;0;0;0;0;2;0
keller;0;0;0;0;0;4;0;0;0;0;0;0;0;0;0;0
kast;0;0;0;0;0;4;0;0;0;0;0;0;0;0;0;0
karin;0;0;0;0;0;4;0;0;0;0;0;0;0;0;0;0
justin;0;0;0;0;0;0;0;0;0;1;0;0;3;0;0;0
ju;1;0;0;1;0;0;1;0;1;0;0;0;0;0;0;0
josé;0;1;1;0;0;2;0;0;0;0;0;0;0;0;0;0
joseph;0;2;0;0;0;0;0;0;0;0;0;0;0;0;1;0
joie;0;0;1;0;0;0;2;0;0;0;1;0;0;0;0;0
jetten;0;0;0;0;0;4;0;0;0;0;0;0;0;0;0;0
jamaïcain;0;3;0;0;1;0;0;0;0;0;0;0;0;0;0;0
jacqueline;0;1;0;0;1;1;0;0;0;0;0;0;0;0;0;0
jacob;0;0;0;0;2;1;0;0;0;0;0;0;0;0;0;0
istanbul;0;1;1;0;1;0;0;0;0;0;0;0;0;0;1;0
iran;1;0;0;0;0;1;0;0;0;0;0;0;0;2;0;0
ir90;3;0;0;0;0;0;0;0;0;1;0;0;0;0;0;0
inégalité;0;0;0;1;1;0;0;0;0;0;0;1;0;0;0;0
invité;1;0;0;0;1;0;0;0;0;0;1;0;0;0;0;1
inverse;1;0;1;0;0;0;0;0;1;0;1;0;0;0;0;0
intéresser;0;0;0;0;2;0;0;0;0;0;0;0;0;0;1;0
intégration;0;0;0;0;0;0;0;0;1;0;1;2;0;0;0;0
intime;0;0;1;0;0;0;0;0;1;0;0;0;0;0;1;0
intermédiaire;0;0;0;0;1;2;0;0;0;0;0;0;0;0;0;0
interaction;0;0;0;0;0;0;0;1;3;0;0;0;0;0;0;0
insuffisant;0;1;0;0;0;1;0;1;0;0;0;0;0;0;0;1
instruction;0;0;0;0;1;1;0;0;0;1;0;0;0;0;0;1
inquiétant;0;1;0;0;0;0;0;2;0;0;0;0;0;0;0;1
innovantes;0;0;0;1;0;0;0;1;0;0;0;1;0;0;1;0
influent;0;0;0;0;2;0;1;0;0;0;0;0;0;0;1;0
influenceur;0;1;0;0;1;0;0;0;0;0;1;0;0;0;0;0
indonésie;0;2;0;0;0;0;0;1;0;0;0;0;0;1;0;0
inclusif;0;0;0;0;0;0;0;1;0;0;0;0;0;0;2;0
incarné;0;0;0;0;1;0;0;0;0;0;0;0;0;0;3;0
importer;0;0;0;0;0;0;0;1;0;0;0;1;0;0;1;1
impactant;2;0;0;1;0;0;0;0;0;0;0;1;0;0;0;0
immortaliser;1;0;1;0;0;0;0;0;0;0;0;0;0;0;1;0
immobilier;0;0;0;0;0;0;0;0;0;0;3;0;0;0;0;1
immersive;0;0;0;0;0;0;1;0;0;0;0;0;0;0;3;0
immersion;0;0;0;0;0;0;1;1;0;0;0;0;1;0;0;0
ignorer;0;0;1;0;0;1;0;0;0;0;1;0;0;0;0;0
ignazio;0;0;0;0;0;4;0;0;0;0;0;0;0;0;0;0
identification;0;1;0;0;0;0;0;3;0;0;0;0;0;0;0;0
hésiter;0;1;0;1;0;0;1;1;0;0;0;0;0;0;0;0
héberger;0;1;0;0;0;0;0;0;0;0;0;1;0;0;1;1
hypothèse;0;0;0;1;0;0;1;0;0;0;0;0;0;0;1;0
huître;1;0;0;1;0;0;0;0;0;0;1;0;0;0;0;0
hostilité;0;1;0;0;2;1;0;0;0;0;0;0;0;0;0;0
hostile;0;0;0;0;1;2;0;1;0;0;0;0;0;0;0;0
horreur;0;0;0;0;0;0;0;0;0;0;0;0;1;0;2;0
hormone;0;0;0;0;0;0;0;2;2;0;0;0;0;0;0;0
hormonal;0;0;1;0;0;0;0;0;2;0;0;0;0;0;0;0
horizon;0;0;1;1;0;1;0;0;1;0;0;0;0;0;0;0
harris;0;0;0;0;1;1;1;0;0;0;0;0;0;0;0;0
hambourg;2;0;0;0;0;0;0;0;0;0;1;0;0;1;0;0
hall;0;0;0;1;1;0;0;0;0;0;0;0;0;1;1;0
habituel;2;0;0;0;0;0;0;0;0;0;0;0;0;0;1;1
gérardin;0;0;0;0;0;0;0;1;0;0;0;0;1;0;2;0
générationnel;1;0;0;0;0;0;0;0;1;0;0;0;0;0;2;0
généralisé;0;0;0;0;0;0;1;3;0;0;0;0;0;0;0;0
guitariste;0;0;0;0;0;0;2;0;0;0;0;0;0;0;2;0
grèce;0;0;0;0;0;0;0;1;0;0;1;0;2;0;0;0
gruyère;1;0;0;0;0;0;0;1;0;0;0;2;0;0;0;0
grec;1;0;0;0;1;0;0;1;0;0;1;0;0;0;0;0
gratuitement;0;1;0;2;0;0;0;0;0;0;1;0;0;0;0;0
gratitude;0;0;0;0;1;0;1;0;0;0;0;0;0;0;2;0
gouverneur;0;1;0;0;2;1;0;0;0;0;0;0;0;0;0;0
gouvernance;0;0;0;0;1;2;0;0;0;0;0;1;0;0;0;0
gmt;1;1;0;0;0;1;1;0;0;0;0;0;0;0;0;0
globalement;0;0;1;0;0;2;0;0;0;0;0;0;0;1;0;0
glissement;0;1;1;0;1;0;0;0;1;0;0;0;0;0;0;0
gifi;0;0;0;3;0;0;0;0;0;0;0;0;0;0;0;0
ghana;0;0;0;0;0;0;0;1;0;0;0;0;0;2;0;0
gessler;0;1;0;1;0;0;0;1;0;0;1;0;0;0;0;0
george;0;0;0;0;1;0;0;0;0;0;0;0;0;0;2;1
ge;0;1;0;0;0;2;0;0;0;0;0;1;0;0;0;0
galle;0;2;0;0;0;0;0;0;0;0;0;0;0;2;0;0
féminicide;0;0;0;0;0;2;0;1;0;0;1;0;0;0;0;0
fée;0;0;0;2;0;0;1;0;0;0;0;0;0;1;0;0
funéraire;1;0;0;1;0;0;0;0;0;0;0;1;0;0;0;1
friday;0;0;0;4;0;0;0;0;0;0;0;0;0;0;0;0
fred;0;0;0;0;0;2;0;0;0;0;0;0;0;0;2;0
franchise;0;0;0;0;0;0;0;0;0;0;0;0;0;0;4;0
fossé;0;0;0;2;0;0;0;1;0;0;0;0;0;0;0;0
formidable;0;0;0;1;0;0;0;0;0;1;0;0;1;0;0;0
forfait;0;0;0;4;0;0;0;0;0;0;0;0;0;0;0;0
ford;0;0;0;0;0;0;1;0;0;0;0;0;0;1;1;0
forbes;0;0;1;1;0;0;1;0;0;0;0;0;0;0;0;0
fontaine;0;0;0;2;0;0;1;1;0;0;0;0;0;0;0;0
fondue;1;0;0;0;0;0;1;0;1;0;0;0;1;0;0;0
fondateur;2;0;0;0;0;0;1;0;0;0;0;0;0;1;0;0
fléau;0;0;0;0;0;0;1;1;0;0;1;1;0;0;0;0
flottille;0;2;0;0;1;0;0;0;0;0;0;0;0;0;0;1
filmer;1;1;1;0;0;0;0;0;0;0;0;1;0;0;0;0
fervent;0;0;0;0;1;0;1;0;1;0;0;1;0;0;0;0
fer;2;0;0;1;0;1;0;0;0;0;0;0;0;0;0;0
fenêtre;0;0;0;0;0;0;0;1;1;0;0;1;0;0;0;1
femelle;0;0;1;0;0;0;0;0;0;0;1;0;0;0;2;0
façonner;0;0;0;0;0;0;1;0;1;0;0;0;0;0;2;0
favre;0;0;0;0;0;0;0;0;0;0;1;0;0;0;0;3
favori;0;0;0;0;0;1;0;0;0;0;0;0;1;2;0;0
fasciner;0;1;0;0;0;0;0;1;0;0;0;0;0;0;1;0
fact;0;0;0;0;0;0;0;2;0;0;0;0;0;0;2;0
fabricant;0;0;0;0;2;0;0;1;0;0;0;0;0;0;1;0
extinction;0;0;4;0;0;0;0;0;0;0;0;0;0;0;0;0
externe;0;0;0;1;1;0;0;1;0;0;0;1;0;0;0;0
extension;1;0;0;0;0;1;0;0;0;0;1;0;0;0;0;0
expérimenté;0;0;0;0;0;1;1;0;0;0;0;0;0;0;1;0
expulsion;0;1;0;0;1;0;0;1;0;0;0;0;0;0;0;0
expansion;0;0;0;0;0;0;0;1;0;1;0;0;0;0;1;0
exercer;0;0;0;0;1;1;0;2;0;0;0;0;0;0;0;0
excuser;0;0;1;1;0;1;0;0;0;0;0;0;0;0;0;0
exacerber;0;1;0;0;1;0;0;0;0;0;1;0;0;0;1;0
ethnique;0;2;0;0;1;0;1;0;0;0;0;0;0;0;0;0
estival;2;0;0;1;0;0;0;1;0;0;0;0;0;0;0;0
esses;0;0;1;1;0;0;0;0;0;0;0;2;0;0;0;0
erratum;0;0;0;1;1;1;0;0;0;0;0;0;0;0;1;0
epfz;0;0;0;0;0;0;0;1;2;0;0;1;0;0;0;0
envoi;0;0;0;0;1;0;0;1;0;0;0;0;0;0;1;0
entraînement;0;0;0;0;0;0;0;0;0;0;0;0;4;0;0;0
entraver;0;0;0;0;1;1;0;1;1;0;0;0;0;0;0;0
enlèvement;0;2;0;0;1;1;0;0;0;0;0;0;0;0;0;0
enfance;0;0;1;0;0;0;0;0;1;0;1;0;0;0;0;1
enceinte;0;0;1;0;0;0;0;0;1;0;0;1;0;1;0;0
encaisser;0;0;0;0;0;0;0;0;0;0;0;0;1;3;0;0
emprisonner;0;1;0;0;1;1;0;0;0;0;0;0;0;0;0;0
emparer;1;0;0;1;1;0;0;0;0;0;0;0;0;0;0;0
emmental;0;0;0;1;0;0;0;0;0;0;1;1;0;0;0;0
emji_église;0;0;0;0;0;2;1;0;0;0;0;0;0;0;0;0
emji_école;1;0;1;0;0;0;0;0;0;0;0;2;0;0;0;0
emji_visage_avec_lunettes_de_soleil;0;0;0;0;0;0;0;1;0;0;0;0;2;1;0;0
emji_tête_de_chien;0;0;1;1;0;0;0;0;0;0;0;0;0;0;1;0
emji_thermomètre;4;0;0;0;0;0;0;0;0;0;0;0;0;0;0;0
emji_t_rex;0;0;1;0;0;0;1;0;0;0;0;0;0;0;2;0
emji_seringue;0;0;1;0;0;0;0;0;1;0;2;0;0;0;0;0
emji_part_de_fromage;0;0;0;2;0;0;0;0;0;0;1;0;0;1;0;0
emji_pancarte;0;3;0;0;0;1;0;0;0;0;0;0;0;0;0;0
emji_nuage_avec_pluie;2;0;0;0;0;0;0;1;0;0;0;0;0;1;0;0
emji_mage_homme;0;0;0;0;0;0;1;0;0;0;0;0;0;2;1;0
emji_fourchette_et_couteau_avec_assiette;0;0;0;0;0;0;0;0;2;0;0;2;0;0;0;0
emji_drapeau_syrie;0;1;0;0;2;0;1;0;0;0;0;0;0;0;0;0
emji_drapeau_soudan;0;4;0;0;0;0;0;0;0;0;0;0;0;0;0;0
emji_drapeau_italie;0;0;0;4;0;0;0;0;0;0;0;0;0;0;0;0
emji_drapeau_espagne;0;0;0;1;0;0;0;0;0;0;0;0;0;1;1;0
emji_drapeau_corée_du_sud;0;0;0;1;1;1;0;0;0;0;0;0;0;0;1;0
emji_drapeau_chine;0;0;0;0;2;0;0;0;1;0;1;0;0;0;0;0
emji_colis;0;0;0;2;0;0;0;0;0;0;2;0;0;0;0;0
emji_coeur_brisé;0;0;1;0;0;1;0;0;0;0;0;0;0;0;2;0
emji_bouclier;0;0;0;0;0;0;0;0;1;0;2;1;0;0;0;0
emji_arbre_à_feuilles_caduques;1;1;0;0;1;0;0;0;0;0;0;1;0;0;0;0
emji_ampoule;0;0;2;1;0;0;0;0;0;0;0;0;0;0;0;0
emji_adn;0;0;1;0;0;0;0;0;3;0;0;0;0;0;0;0
eliot;0;0;0;0;0;0;0;1;0;0;0;0;0;0;2;0
effraction;0;0;0;4;0;0;0;0;0;0;0;0;0;0;0;0
efforcer;0;0;0;0;1;0;0;0;0;0;0;1;0;0;0;1
effondrer;0;1;1;0;0;1;0;0;0;0;1;0;0;0;0;0
détruire;0;3;0;0;0;0;0;0;1;0;0;0;0;0;0;0
détourner;1;0;0;1;0;0;0;2;0;0;0;0;0;0;0;0
détenteur;0;0;2;1;0;0;0;1;0;0;0;0;0;0;0;0
détacher;0;0;0;0;0;0;1;2;0;0;0;0;1;0;0;0
déséquilibre;0;0;0;0;0;0;0;0;1;0;1;2;0;0;0;0
désescalade;0;0;0;1;0;1;0;0;0;0;0;0;0;0;0;2
désactiver;0;0;0;0;1;0;0;1;0;0;0;0;0;0;2;0
dériver;0;0;0;0;0;0;0;1;0;0;1;0;0;0;1;0
dépenser;1;0;1;1;0;0;0;1;0;0;0;0;0;0;0;0
démontrer;0;0;0;0;0;0;1;0;2;0;0;1;0;0;0;0
démarrer;1;1;0;0;1;0;0;0;0;0;0;1;0;0;0;0
délit;1;0;0;0;2;0;0;0;0;0;1;0;0;0;0;0
délinquant;0;0;1;0;1;0;0;0;2;0;0;0;0;0;0;0
découper;0;0;1;1;0;0;0;0;1;0;0;0;0;0;0;0
décevoir;0;0;0;1;2;0;0;0;0;0;0;0;0;0;1;0
duel;0;0;0;0;0;0;0;0;0;0;0;0;0;4;0;0
doter;0;0;0;0;0;0;0;0;0;0;2;0;0;0;0;2
doré;0;0;1;0;2;0;0;0;0;0;0;0;0;0;1;0
dominique;0;0;0;0;0;0;1;0;0;0;0;0;1;0;0;1
documenter;0;0;0;0;0;0;2;1;0;0;1;0;0;0;0;0
djihadiste;0;0;0;0;3;0;0;1;0;0;0;0;0;0;0;0
district;0;0;0;0;0;4;0;0;0;0;0;0;0;0;0;0
distribution;0;0;0;1;0;0;0;0;0;0;1;1;0;0;1;0
diplomatie;0;2;0;0;1;0;0;0;0;0;0;0;0;0;1;0
dimension;0;0;0;0;1;0;0;1;0;0;0;0;0;0;2;0
différend;1;1;1;1;0;0;0;0;0;0;0;0;0;0;0;0
diffuseur;0;0;0;0;0;1;0;0;0;0;0;0;0;1;2;0
dieu;1;0;0;0;1;0;1;0;0;1;0;0;0;0;0;0
diamètre;1;0;0;1;0;0;0;0;0;0;0;0;0;0;1;0
diagnostiquer;0;0;0;0;0;0;0;1;3;0;0;0;0;0;0;0
diabète;0;0;0;0;0;0;0;0;4;0;0;0;0;0;0;0
diablerets;4;0;0;0;0;0;0;0;0;0;0;0;0;0;0;0
dentaire;0;0;0;0;0;1;0;1;1;0;0;0;0;0;0;0
denis;1;1;0;0;0;0;0;0;0;0;0;0;0;0;0;1
dan;0;0;0;0;0;0;0;0;0;0;0;0;0;4;0;0
daillens;0;0;0;2;0;0;0;1;0;0;1;0;0;0;0;0
câble;2;0;1;0;0;0;0;0;0;0;0;0;0;0;0;0
curieux;0;0;1;0;0;0;1;0;0;0;0;1;0;0;1;0
créature;0;0;0;0;0;0;1;0;1;1;0;0;0;0;1;0
créativité;0;0;0;0;0;0;1;0;0;0;0;0;0;0;2;0
criminalité;0;0;0;0;1;1;0;1;0;0;0;0;0;0;1;0
coûteux;0;0;0;2;0;0;0;0;0;0;0;0;0;0;0;1
courrier;0;0;0;0;0;0;0;1;0;0;3;0;0;0;0;0
cotisation;0;0;0;4;0;0;0;0;0;0;0;0;0;0;0;0
cortina;0;0;0;0;0;0;0;0;0;0;0;0;3;0;1;0
corriger;0;0;0;0;0;0;0;1;2;0;0;0;1;0;0;0
copper;0;0;0;0;0;0;0;0;0;0;0;0;4;0;0;0
coordination;0;0;0;1;0;0;2;0;0;0;0;1;0;0;0;0
contredire;0;0;0;0;0;0;0;1;1;0;0;0;0;0;2;0
conséquent;0;0;2;0;0;0;0;1;0;0;0;0;0;0;0;0
constructeur;1;0;0;0;0;0;0;1;0;0;2;0;0;0;0;0
consensus;0;0;1;0;2;0;0;0;0;0;1;0;0;0;0;0
confronter;0;0;1;0;0;0;0;1;0;0;0;0;1;0;0;1
conduite;0;1;1;1;0;0;0;0;0;0;0;1;0;0;0;0
conclusion;1;0;0;0;0;0;0;2;1;0;0;0;0;0;0;0
compromis;0;0;0;0;2;1;0;0;0;0;1;0;0;0;0;0
comporter;0;0;0;1;0;0;0;1;0;0;0;0;0;0;1;0
compiler;0;0;0;0;0;0;0;1;1;0;0;0;0;0;1;1
compenser;0;0;0;3;0;0;0;0;0;0;1;0;0;0;0;0
comparis;0;0;0;2;0;0;0;0;0;0;1;0;0;0;0;1
comparaison;1;0;0;1;0;1;0;0;0;0;0;0;0;0;0;1
combattre;0;0;0;0;0;0;0;1;0;0;1;2;0;0;0;0
colonie;0;2;0;0;0;1;0;0;0;0;0;0;0;0;0;0
collège;1;0;0;0;0;3;0;0;0;0;0;0;0;0;0;0
collecting;0;0;0;0;0;2;0;0;0;0;0;2;0;0;0;0
cohen;0;0;0;0;0;0;0;0;0;0;0;0;0;0;0;3
clément;1;0;0;0;0;0;0;0;0;0;0;0;1;0;1;0
clin;0;0;0;0;0;0;0;0;0;0;0;0;0;3;0;0
clara;0;0;0;1;0;0;0;1;0;0;0;0;0;0;1;0
cigogne;0;0;0;1;0;0;0;0;0;0;1;2;0;0;0;0
cheffe;0;0;0;0;3;1;0;0;0;0;0;0;0;0;0;0
chauffeur;1;0;0;0;0;0;0;0;0;1;1;0;0;0;0;0
charlie;0;0;1;0;0;0;0;0;0;0;1;0;1;0;0;0
chantier;0;0;0;0;1;1;0;0;0;0;2;0;0;0;0;0
centime;0;0;0;1;0;0;0;1;0;1;0;1;0;0;0;0
catalan;0;0;0;0;0;0;0;0;0;0;0;0;0;3;1;0
carnivore;0;0;0;0;0;0;0;2;2;0;0;0;0;0;0;0
caritas;1;1;0;0;0;0;1;1;0;0;0;0;0;0;0;0
cardiovasculaires;0;0;0;0;0;0;0;1;3;0;0;0;0;0;0;0
candidature;0;0;0;0;1;0;3;0;0;0;0;0;0;0;0;0
calme;0;2;1;0;0;0;0;0;0;0;1;0;0;0;0;0
californie;0;0;0;0;2;0;1;0;0;0;0;0;0;0;0;0
business;0;0;0;0;2;0;0;1;0;0;0;0;0;0;1;0
brouiller;0;0;0;0;1;0;1;0;0;0;0;0;1;0;1;0
branche;0;0;1;0;0;0;1;1;0;0;0;0;0;0;0;1
boy;0;0;0;0;0;0;0;0;0;0;0;0;1;1;2;0
bouger;0;0;0;0;0;1;1;1;0;0;0;0;0;0;1;0
bouchon;0;0;2;0;0;0;0;0;1;0;0;0;0;0;1;0
boseman;0;0;0;0;0;0;0;0;0;0;0;0;0;0;4;0
boréal;1;0;0;0;0;0;0;0;1;0;0;0;0;1;1;0
bonnet;0;0;0;0;0;0;0;0;0;0;0;0;3;0;1;0
bolivie;0;0;0;0;0;1;0;0;0;0;0;0;0;3;0;0
boisson;0;0;0;0;0;0;1;0;1;0;0;0;0;0;1;1
boire;0;0;0;0;0;0;0;1;0;0;0;0;0;0;0;2
bloc;0;1;1;0;0;2;0;0;0;0;0;0;0;0;0;0
blanchiment;0;0;0;1;0;0;0;3;0;0;0;0;0;0;0;0
bern;1;0;0;0;0;0;0;0;0;0;0;2;0;1;0;0
baromètre;0;0;0;4;0;0;0;0;0;0;0;0;0;0;0;0
bail;0;0;0;1;1;0;1;0;0;0;0;0;0;0;0;1
azulejo;0;0;1;0;0;0;1;0;0;0;1;0;0;0;0;0
aya;0;1;1;0;0;0;1;0;0;0;0;0;0;0;1;0
aws;0;0;0;1;0;0;0;1;1;0;0;0;0;0;0;0
avérer;0;0;0;1;1;0;0;0;0;0;1;0;0;1;0;0
avs;0;0;0;2;0;0;0;0;0;0;0;1;0;0;0;0
avit;0;0;0;0;0;1;0;1;0;0;0;0;0;0;0;1
avance;1;0;0;1;0;1;1;0;0;0;0;0;0;0;0;0
aurore;1;0;0;0;0;0;0;0;1;0;0;0;0;1;1;0
atténuer;1;1;0;0;0;0;0;0;1;0;1;0;0;0;0;0
attractivité;0;0;0;2;0;0;0;0;0;1;1;0;0;0;0;0
attentif;0;0;1;0;1;1;0;0;0;0;0;1;0;0;0;0
attacher;0;2;1;0;0;0;0;0;0;0;0;1;0;0;0;0
atmosphérique;2;0;0;0;0;0;0;2;0;0;0;0;0;0;0;0
atlas;0;0;1;0;0;0;0;0;2;0;0;1;0;0;0;0
associer;0;0;1;0;0;0;0;0;0;0;0;1;0;0;1;0
asf;0;0;0;0;0;0;0;0;0;0;0;0;0;3;0;0
arnaud;0;0;1;0;1;0;0;0;0;0;0;0;1;0;0;0
arguer;0;0;0;0;2;0;0;0;0;1;1;0;0;0;0;0
archéologique;0;0;0;0;0;0;1;0;0;0;0;1;0;0;1;0
architecte;0;0;0;1;0;0;2;0;0;0;0;0;0;0;1;0
après_deux;0;3;0;0;0;0;0;0;0;0;0;0;0;1;0;0
apprentissage;0;0;0;0;0;0;0;0;1;0;0;0;0;0;3;0
apprenti;0;0;0;1;0;0;0;0;0;0;1;0;0;0;0;1
appartement;0;1;0;0;0;2;0;0;0;0;0;0;0;0;0;0
anouk;0;0;0;0;0;0;0;0;0;0;0;0;1;0;2;0
androgène;0;0;1;0;0;0;0;0;3;0;0;0;0;0;0;0
and;0;0;0;0;0;0;0;0;0;0;0;0;0;0;4;0
amnesty;0;2;0;0;0;1;0;1;0;0;0;0;0;0;0;0
amazon;1;0;0;1;0;0;0;1;0;0;0;0;0;0;0;0
alpinisme;1;0;1;0;0;0;1;0;0;0;0;0;1;0;0;0
allié;0;2;0;0;2;0;0;0;0;0;0;0;0;0;0;0
alien;1;0;0;0;0;0;0;0;0;0;0;0;0;0;2;0
alexis;0;0;0;0;0;0;0;0;0;0;0;0;4;0;0;0
alarme;1;1;2;0;0;0;0;0;0;0;0;0;0;0;0;0
alarmant;0;0;2;0;0;0;0;2;0;0;0;0;0;0;0;0
agresseur;0;0;0;0;0;0;0;4;0;0;0;0;0;0;0;0
africain;0;0;0;0;0;0;0;0;0;0;0;0;0;3;0;0
afghan;0;1;0;0;1;0;0;0;0;1;0;0;0;0;1;0
afflux;0;0;1;0;0;0;0;1;0;0;0;1;0;0;0;0
adverse;0;1;0;0;0;0;1;0;0;0;0;1;0;0;0;1
adoption;0;1;0;0;1;2;0;0;0;0;0;0;0;0;0;0
adolescence;0;0;2;0;0;0;0;1;1;0;0;0;0;0;0;0
admirer;0;0;1;0;0;1;0;0;0;0;0;0;0;0;1;1
adhérer;0;0;0;0;1;0;0;0;0;0;0;0;0;0;1;2
activement;0;2;0;0;0;0;0;0;1;0;0;0;0;0;0;1
acheminer;0;1;0;0;0;0;0;1;1;0;0;1;0;0;0;0
accumuler;0;0;2;0;0;0;0;0;1;0;0;0;0;0;0;0
accomplir;0;0;0;1;0;0;0;0;0;0;0;1;1;0;0;0
absolu;0;0;0;0;0;2;0;1;0;0;1;0;0;0;0;0
41e;0;0;0;0;0;0;0;0;0;0;1;0;1;1;0;0
24h;0;0;0;0;0;0;0;0;0;0;0;2;0;0;0;1
10e;0;0;0;0;0;0;0;0;0;0;0;0;4;0;0;0
évian;2;0;0;0;0;0;0;0;0;0;1;0;0;0;0;0
équipage;0;1;0;0;0;0;0;0;0;0;2;0;0;0;0;0
épidémie;0;0;1;1;0;0;0;0;0;0;1;0;0;0;0;0
épicentre;0;3;0;0;0;0;0;0;0;0;0;0;0;0;0;0
épargner;1;0;1;1;0;0;0;0;0;0;0;0;0;0;0;0
énormément;0;0;0;0;0;0;2;0;1;0;0;0;0;0;0;0
émaner;0;0;0;0;1;1;0;0;0;0;0;1;0;0;0;0
élevage;0;0;2;0;0;0;0;0;1;0;0;0;0;0;0;0
écosser;0;0;0;0;0;0;0;0;0;0;0;0;0;3;0;0
économiser;0;0;0;3;0;0;0;0;0;0;0;0;0;0;0;0
éboulement;0;0;0;0;1;0;0;0;0;0;2;0;0;0;0;0
zélande;0;0;0;0;0;0;0;0;0;0;0;0;0;3;0;0
zootopie;0;0;0;0;0;0;0;0;0;0;0;0;0;0;3;0
zabystran;0;0;0;0;0;0;0;0;0;0;0;0;3;0;0;0
z;0;0;0;0;0;0;0;1;0;0;0;0;0;1;1;0
yoon;0;1;0;0;1;1;0;0;0;0;0;0;0;0;0;0
yanachaga;0;0;3;0;0;0;0;0;0;0;0;0;0;0;0;0
xxe;0;0;0;0;0;0;3;0;0;0;0;0;0;0;0;0
winterthour;3;0;0;0;0;0;0;0;0;0;0;0;0;0;0;0
wildlife;0;0;0;0;0;0;0;0;0;0;0;0;0;1;2;0
wawrinka;0;0;0;0;0;0;0;0;0;0;0;0;3;0;0;0
végétal;0;0;1;0;0;0;0;0;1;0;0;1;0;0;0;0
vuitton;0;0;0;0;0;0;3;0;0;0;0;0;0;0;0;0
votations;0;0;1;0;0;0;0;0;0;1;0;1;0;0;0;0
viticulture;0;0;0;0;0;1;0;0;0;1;1;0;0;0;0;0
visée;0;1;0;1;0;0;0;0;1;0;0;0;0;0;0;0
vinyle;0;0;0;0;1;0;0;0;0;0;0;0;0;0;2;0
vincent;0;0;0;0;0;0;1;0;0;0;0;0;2;0;0;0
vigilance;1;0;0;0;0;0;0;0;0;0;0;1;0;0;0;1
vietnam;0;2;0;0;0;0;0;0;0;0;0;0;0;0;1;0
vice;0;0;0;0;0;0;0;0;0;0;0;1;1;1;0;0
vibrer;0;0;0;0;0;0;1;0;0;0;0;0;1;1;0;0
vestige;0;0;1;0;0;0;0;0;0;0;1;1;0;0;0;0
verdict;0;0;0;0;1;0;1;0;0;0;0;0;0;0;1;0
vasculaire;0;0;0;0;0;0;0;1;2;0;0;0;0;0;0;0
vandalisme;1;0;0;0;1;1;0;0;0;0;0;0;0;0;0;0
valorisation;0;0;0;0;0;0;0;1;0;0;0;1;0;1;0;0
valaisannes;0;0;0;1;0;0;0;0;0;0;1;1;0;0;0;0
vaisseau;0;0;1;0;0;0;0;0;1;0;1;0;0;0;0;0
vainqueure;0;0;0;0;0;0;0;1;0;0;0;0;2;0;0;0
usb;1;0;0;0;0;0;0;1;0;0;1;0;0;0;0;0
unige;0;0;0;0;0;0;0;0;2;0;0;0;0;0;0;1
ultérieurement;0;0;0;1;1;0;0;0;0;0;0;0;0;0;0;1
uber;1;0;0;0;0;0;0;0;0;1;1;0;0;0;0;0
télé;1;0;0;0;0;0;0;0;0;1;0;0;0;0;1;0
truth;0;1;0;0;2;0;0;0;0;0;0;0;0;0;0;0
tronçon;2;0;0;0;0;0;0;0;0;0;0;0;0;0;0;1
trompeur;0;0;0;0;1;0;0;2;0;0;0;0;0;0;0;0
tri;0;0;0;3;0;0;0;0;0;0;0;0;0;0;0;0
transplantation;0;0;0;0;0;0;0;2;1;0;0;0;0;0;0;0
transmission;0;0;0;1;0;0;0;0;1;0;0;0;0;0;0;1
transaction;0;0;0;1;0;0;0;1;0;0;0;0;0;1;0;0
trait;1;0;0;0;1;0;0;0;0;0;0;0;0;0;1;0
training;1;0;1;0;0;0;0;0;0;0;0;1;0;0;0;0
tragédie;0;0;0;0;1;1;0;0;0;0;0;1;0;0;0;0
traditionnellement;1;0;0;0;0;0;0;0;0;0;1;0;0;0;1;0
tolérer;0;0;0;0;0;0;0;1;0;1;0;1;0;0;0;0
tireur;0;2;0;0;1;0;0;0;0;0;0;0;0;0;0;0
timon;0;0;0;0;0;0;0;0;0;0;1;0;2;0;0;0
tibio;0;2;0;1;0;0;0;0;0;0;0;0;0;0;0;0
thurgovie;1;0;2;0;0;0;0;0;0;0;0;0;0;0;0;0
thoune;1;0;0;0;0;0;0;0;0;0;0;0;1;0;0;1
theurillat;0;0;0;0;0;2;0;0;0;0;0;0;1;0;0;0
tgv;2;1;0;0;0;0;0;0;0;0;0;0;0;0;0;0
tesson;0;0;0;0;0;0;0;0;0;1;0;0;0;0;0;2
telegram;0;1;0;0;1;0;0;0;0;0;0;0;0;0;1;0
tedros;0;1;1;0;0;0;0;0;0;0;0;1;0;0;0;0
taupe;0;0;0;0;0;0;0;0;3;0;0;0;0;0;0;0
tardif;0;0;0;0;0;0;1;1;1;0;0;0;0;0;0;0
tamedia;0;0;0;0;0;0;0;0;0;1;0;1;0;0;0;1
taliban;0;1;1;0;0;0;0;1;0;0;0;0;0;0;0;0
tabagisme;0;0;0;0;0;0;0;1;0;0;2;0;0;0;0;0
séverine;0;0;0;0;0;0;1;0;1;0;0;0;0;0;0;1
sérieux;0;0;0;0;2;0;0;1;0;0;0;0;0;0;0;0
sérieusement;1;0;0;0;0;0;0;1;0;0;0;0;0;1;0;0
sélectionner;0;0;0;1;0;0;1;0;0;0;0;0;0;0;1;0
sécheresse;2;0;0;0;0;0;0;1;0;0;0;0;0;0;0;0
swisscom;0;0;0;2;1;0;0;0;0;0;0;0;0;0;0;0
swift;0;0;0;0;0;0;0;0;0;0;0;0;2;1;0;0
suzane;0;0;0;0;0;1;0;0;0;0;0;0;0;0;2;0
surnommer;1;0;1;0;0;0;0;0;0;0;0;0;1;0;0;0
sunderland;0;0;0;0;0;0;0;0;0;0;0;0;1;2;0;0
sucre;0;0;0;0;0;0;0;0;1;0;0;0;0;0;0;2
successif;0;0;0;0;1;0;0;0;0;0;0;0;1;0;1;0
successeur;0;0;0;0;1;0;0;0;0;0;0;0;0;2;0;0
stèle;0;0;0;0;0;0;3;0;0;0;0;0;0;0;0;0
stone;0;0;0;0;0;0;0;0;0;0;0;0;0;0;2;1
stocker;0;0;0;1;0;0;0;0;1;0;0;0;0;0;1;0
statue;0;0;0;0;0;0;2;0;0;0;0;0;0;0;1;0
starlink;0;0;0;0;1;1;0;0;0;0;1;0;0;0;0;0
standard;0;0;0;0;0;1;0;0;0;0;0;0;0;0;0;2
stage;0;0;1;0;0;0;0;1;0;0;0;0;0;1;0;0
stadler;2;0;0;1;0;0;0;0;0;0;0;0;0;0;0;0
stabiliser;0;0;1;0;0;0;1;0;1;0;0;0;0;0;0;0
spray;0;0;1;0;0;0;0;0;1;0;0;0;0;0;1;0
sponsor;0;0;0;0;0;0;1;1;0;0;0;0;1;0;0;0
spacex;0;0;0;0;1;0;0;0;0;0;2;0;0;0;0;0
sourire;0;0;1;0;1;0;0;0;0;0;0;0;0;1;0;0
souffrance;0;0;0;0;0;0;0;1;0;0;0;0;1;0;1;0
sorte;0;0;0;0;0;0;0;0;2;0;1;0;0;0;0;0
sortant;0;0;0;0;0;3;0;0;0;0;0;0;0;0;0;0
sony;0;0;0;0;0;0;0;0;0;0;0;0;0;0;3;0
somaliland;0;1;0;0;2;0;0;0;0;0;0;0;0;0;0;0
solo;0;0;0;0;0;0;1;0;0;0;0;0;1;0;1;0
solde;0;0;0;1;1;0;0;0;0;0;0;1;0;0;0;0
soeur;0;0;0;0;0;0;0;0;0;0;1;0;0;0;2;0
smith;0;0;0;0;0;0;1;0;0;0;0;0;1;1;0;0
sismique;0;0;0;0;0;0;0;1;2;0;0;0;0;0;0;0
simplifier;0;0;0;0;0;1;0;0;1;0;1;0;0;0;0;0
siess;0;0;0;0;0;2;0;0;0;0;0;0;1;0;0;0
shutdown;0;0;0;0;3;0;0;0;0;0;0;0;0;0;0;0
serveur;0;0;1;1;0;0;0;1;0;0;0;0;0;0;0;0
serré;1;0;0;0;0;1;0;0;0;0;0;0;0;0;1;0
serpent;0;0;0;0;0;0;0;0;2;0;0;0;0;0;1;0
sensoriel;1;0;0;0;0;0;0;0;0;0;1;0;0;0;1;0
semestre;0;0;0;1;0;1;0;0;0;0;0;0;0;0;1;0
section;1;0;0;0;0;1;0;0;0;0;0;1;0;0;0;0
secouriste;1;1;0;0;0;0;0;1;0;0;0;0;0;0;0;0
seco;0;0;1;0;0;0;0;0;0;0;1;1;0;0;0;0
schmidli;0;0;0;0;0;0;0;0;0;0;0;0;0;0;0;3
schertenleib;0;0;0;0;0;0;0;0;0;0;0;0;0;3;0;0
savoir_faire;0;0;0;1;0;0;1;0;0;0;1;0;0;0;0;0
sauvetage;0;0;1;0;0;0;0;1;0;0;0;1;0;0;0;0
sauvegarder;0;0;0;0;0;0;0;1;0;0;0;0;0;0;2;0
sauvegarde;0;0;0;0;0;0;3;0;0;0;0;0;0;0;0;0
sanguin;0;0;0;1;0;0;0;0;2;0;0;0;0;0;0;0
san;0;0;0;0;0;0;0;0;1;0;0;0;1;1;0;0
salon;0;0;0;1;0;0;0;0;0;0;0;1;0;0;1;0
salarial;0;0;1;0;0;0;0;1;0;0;0;0;0;0;0;1
sadurska;1;0;0;0;0;0;1;0;0;0;1;0;0;0;0;0
réticence;0;0;1;0;0;1;0;0;0;0;0;0;0;0;0;1
résulter;0;0;0;0;1;0;0;2;0;0;0;0;0;0;0;0
répartition;0;0;2;0;0;0;0;0;0;0;0;1;0;0;0;0
répandre;0;0;0;0;1;0;0;0;1;0;0;1;0;0;0;0
rémy;0;1;0;0;1;0;0;0;0;1;0;0;0;0;0;0
réinventer;0;0;0;0;0;0;1;0;0;0;1;0;0;0;0;1
règlement;0;0;0;1;0;1;0;0;0;0;0;1;0;0;0;0
ruiz;0;0;0;0;0;2;0;0;0;0;0;1;0;0;0;0
roy;0;0;0;0;0;0;0;0;0;0;0;0;0;1;2;0
rouvraie;2;0;0;0;0;0;0;1;0;0;0;0;0;0;0;0
rosalie;0;0;0;0;0;2;0;0;0;0;0;0;1;0;0;0
ronaldinho;0;0;0;0;0;0;0;0;0;0;0;0;0;3;0;0
romandie;0;0;0;1;0;0;0;0;0;0;0;1;1;0;0;0
rolex;0;0;0;0;2;0;0;0;0;0;0;0;0;0;0;1
rogentin;0;0;0;0;0;0;0;0;0;0;0;0;3;0;0;0
rodrigo;0;0;0;0;0;2;0;0;0;0;0;0;0;0;0;1
ring;0;0;0;0;0;0;0;0;0;0;0;0;2;0;1;0
rigueur;0;0;0;0;0;0;0;0;0;0;0;0;0;0;3;0
reykjavik;1;0;1;0;0;0;0;0;0;0;0;0;0;1;0;0
reversés;0;1;0;0;0;0;1;1;0;0;0;0;0;0;0;0
revendre;0;0;0;2;0;0;0;0;0;0;1;0;0;0;0;0
retrancher;0;2;1;0;0;0;0;0;0;0;0;0;0;0;0;0
restaurateur;0;0;0;0;0;0;2;0;0;0;1;0;0;0;0;0
ressembler;0;0;1;0;0;0;0;0;0;0;1;0;0;1;0;0
requête;0;0;0;0;0;0;0;0;0;0;1;0;0;1;0;1
représaille;0;2;0;0;1;0;0;0;0;0;0;0;0;0;0;0
reproduction;0;0;1;0;0;0;0;0;0;0;0;0;0;0;2;0
renverser;1;0;1;0;0;0;0;0;0;0;0;0;1;0;0;0
renseignement;0;0;1;0;0;0;0;0;0;0;0;1;0;0;1;0
renouvelables;1;0;0;0;0;0;0;0;0;0;1;1;0;0;0;0
renaissance;0;0;0;1;0;0;0;0;0;0;0;0;0;2;0;0
remplacement;2;0;0;1;0;0;0;0;0;0;0;0;0;0;0;0
remarquable;0;0;0;0;0;1;0;1;0;0;0;0;0;0;1;0
relâcher;1;0;0;0;2;0;0;0;0;0;0;0;0;0;0;0
rejet;0;1;0;0;0;2;0;0;0;0;0;0;0;0;0;0
reggaeton;0;0;0;0;0;0;2;0;0;0;0;0;0;0;1;0
recréer;0;0;1;0;1;0;0;0;0;0;0;0;0;0;1;0
recouvrir;2;0;0;0;0;0;0;1;0;0;0;0;0;0;0;0
re33;2;0;0;0;0;0;0;0;0;1;0;0;0;0;0;0
rdc;1;0;0;0;1;1;0;0;0;0;0;0;0;0;0;0
ravir;0;0;0;0;0;0;0;1;0;0;0;0;1;0;1;0
rat;0;0;0;0;0;0;0;0;3;0;0;0;0;0;0;0
ramener;1;1;0;0;0;0;1;0;0;0;0;0;0;0;0;0
rallier;0;0;0;0;0;1;0;0;0;0;0;2;0;0;0;0
rakuten;1;0;0;2;0;0;0;0;0;0;0;0;0;0;0;0
raisonnable;0;0;0;0;0;0;0;0;0;0;2;0;0;0;1;0
rafel;0;0;0;0;0;0;0;0;0;0;0;0;0;3;0;0
rafale;3;0;0;0;0;0;0;0;0;0;0;0;0;0;0;0
rafah;0;3;0;0;0;0;0;0;0;0;0;0;0;0;0;0
race;1;0;1;0;0;0;0;0;0;0;0;0;1;0;0;0
quête;0;0;1;0;0;0;0;0;0;0;0;0;0;0;2;0
quagga;3;0;0;0;0;0;0;0;0;0;0;0;0;0;0;0
quadruple;0;0;0;0;0;0;0;0;0;0;0;0;3;0;0;0
périple;0;0;0;0;1;0;1;0;0;0;0;0;0;1;0;0
péril;0;1;0;0;0;0;0;1;0;0;1;0;0;0;0;0
pvl;0;0;0;0;0;2;0;0;0;0;1;0;0;0;0;0
putzu;0;0;0;0;0;0;0;0;0;0;0;0;0;0;0;3
psychique;0;0;0;0;0;0;0;2;1;0;0;0;0;0;0;0
prôner;0;0;0;0;0;1;0;1;0;0;0;1;0;0;0;0
prétexte;0;2;0;0;1;0;0;0;0;0;0;0;0;0;0;0
prétendre;0;0;1;0;0;0;0;0;0;0;0;0;0;1;1;0
présumé;0;1;0;0;1;0;0;0;0;0;0;1;0;0;0;0
préliminaire;0;0;1;0;0;2;0;0;0;0;0;0;0;0;0;0
prélever;0;0;0;1;0;0;0;1;0;0;0;0;0;1;0;0
préféré;0;0;0;1;0;0;0;0;0;0;1;0;0;0;1;0
prédire;0;0;1;0;0;0;0;0;1;0;0;0;0;0;1;0
précéder;0;0;1;0;1;0;0;0;0;0;0;0;0;0;1;0
précipiter;0;1;0;0;0;0;0;1;0;0;0;1;0;0;0;0
pré;0;0;0;3;0;0;0;0;0;0;0;0;0;0;0;0
prudent;0;0;0;0;0;0;0;1;0;0;1;0;0;0;0;1
prothèse;0;0;0;0;0;0;0;0;0;0;0;1;1;0;0;1
protecteur;0;0;0;0;0;0;1;0;2;0;0;0;0;0;0;0
propulser;1;0;0;0;0;0;0;0;0;0;0;0;0;0;2;0
proposé;1;0;0;0;0;0;0;0;0;0;0;1;0;0;0;1
prolifération;0;0;0;0;0;0;0;0;2;0;0;1;0;0;0;0
profit;0;0;0;0;1;0;0;0;1;0;0;0;0;0;1;0
profil;0;0;0;0;1;0;0;0;1;0;1;0;0;0;0;0
profession;0;0;0;0;0;0;2;0;0;0;0;0;0;1;0;0
pratiquement;1;0;0;0;0;1;0;0;0;0;0;0;0;1;0;0
portable;0;0;0;0;0;0;0;0;0;0;1;1;0;0;1;0
politicien;0;0;0;1;2;0;0;0;0;0;0;0;0;0;0;0
plongeur;0;0;1;0;0;1;0;0;1;0;0;0;0;0;0;0
plantation;0;0;0;0;0;0;1;1;0;0;0;1;0;0;0;0
plaider;0;0;0;1;0;0;0;1;0;0;0;1;0;0;0;0
piéton;1;0;0;0;0;0;0;1;0;0;0;0;0;0;0;1
piéger;0;1;0;0;1;1;0;0;0;0;0;0;0;0;0;0
pillage;0;0;0;0;0;1;1;0;0;0;0;0;0;0;1;0
photographier;0;0;0;0;0;1;0;0;0;0;0;0;0;1;1;0
pharmacie;1;0;0;2;0;0;0;0;0;0;0;0;0;0;0;0
petit_déjeuner;0;0;0;0;0;0;0;1;2;0;0;0;0;0;0;0
perry;0;0;0;0;0;0;3;0;0;0;0;0;0;0;0;0
performant;0;0;0;1;0;0;0;0;1;0;0;0;0;0;1;0
percuter;0;1;0;0;0;0;0;0;1;0;0;0;1;0;0;0
pelosi;0;0;0;0;3;0;0;0;0;0;0;0;0;0;0;0
pelicot;0;0;0;0;1;1;1;0;0;0;0;0;0;0;0;0
peiner;0;0;0;0;0;1;0;1;1;0;0;0;0;0;0;0
patriot;0;0;0;0;1;0;0;0;0;0;0;0;0;0;1;1
passerelle;2;0;0;0;0;0;1;0;0;0;0;0;0;0;0;0
parfait;0;0;1;0;0;0;1;0;0;0;0;0;1;0;0;0
parental;0;0;1;1;0;0;0;0;0;0;0;0;0;0;1;0
paralysie;0;0;0;0;3;0;0;0;0;0;0;0;0;0;0;0
panther;0;0;0;0;0;0;0;0;0;0;0;0;0;0;2;1
pangea;0;0;1;0;0;0;0;0;0;0;0;1;0;0;1;0
paléo;0;1;0;0;0;0;0;0;0;0;0;0;0;0;2;0
palmarès;0;0;0;0;0;0;0;0;0;0;0;0;1;1;1;0
pallier;0;0;0;0;0;1;0;1;0;0;0;1;0;0;0;0
palais;0;1;0;0;1;0;0;0;0;0;0;0;0;1;0;0
p;0;0;0;0;0;0;0;1;0;0;0;0;0;0;0;2
oxygène;0;0;0;1;0;0;0;2;0;0;0;0;0;0;0;0
ouzbékistan;0;0;0;0;0;0;0;0;0;0;0;0;0;3;0;0
oser;0;0;0;0;1;2;0;0;0;0;0;0;0;0;0;0
orphelinat;0;0;1;0;0;0;1;0;0;0;0;1;0;0;0;0
orienter;0;0;0;0;1;0;0;0;0;1;0;0;0;0;0;1
organe;0;0;1;0;1;1;0;0;0;0;0;0;0;0;0;0
opinion;0;0;0;0;1;1;0;1;0;0;0;0;0;0;0;0
ombre;1;0;0;0;2;0;0;0;0;0;0;0;0;0;0;0
offensive;0;3;0;0;0;0;0;0;0;0;0;0;0;0;0;0
oeuvrer;0;0;0;1;2;0;0;0;0;0;0;0;0;0;0;0
octroyer;0;0;0;0;0;1;0;0;0;0;2;0;0;0;0;0
obsèques;0;0;0;2;0;0;0;0;0;0;0;1;0;0;0;0
obstacle;0;0;1;1;0;0;0;1;0;0;0;0;0;0;0;0
nuire;0;0;0;0;0;2;0;0;0;0;0;1;0;0;0;0
novateur;0;0;0;0;0;0;1;0;1;1;0;0;0;0;0;0
nord_est;0;2;0;0;0;0;0;0;0;0;0;0;0;1;0;0
noix;0;0;0;1;0;0;0;0;1;0;0;0;0;0;1;0
no;0;0;0;0;1;1;0;0;0;0;0;0;1;0;0;0
nidwald;0;0;0;0;0;0;0;0;0;0;1;0;0;0;1;1
nid;1;0;0;0;0;0;0;0;1;0;1;0;0;0;0;0
nicotine;0;0;1;0;0;0;0;1;0;0;1;0;0;0;0;0
nice;1;0;1;0;0;0;0;0;0;0;0;0;1;0;0;0
nhc;0;2;1;0;0;0;0;0;0;0;0;0;0;0;0;0
nettoyer;0;0;1;0;0;0;1;1;0;0;0;0;0;0;0;0
nestlé;0;0;0;2;1;0;0;0;0;0;0;0;0;0;0;0
naples;0;0;0;0;0;0;1;0;0;0;0;0;0;2;0;0
nacelle;0;2;0;1;0;0;0;0;0;0;0;0;0;0;0;0
météorite;0;1;0;0;0;0;0;1;1;0;0;0;0;0;0;0
métier;0;1;0;1;0;0;0;1;0;0;0;0;0;0;0;0
métadonnées;0;0;0;0;0;0;0;0;0;0;0;0;0;0;3;0
mériter;0;0;0;0;0;0;0;0;0;0;1;0;0;2;0;0
ménisque;0;0;0;0;1;0;0;1;0;0;0;0;1;0;0;0
médiéval;0;0;0;0;0;0;0;0;1;0;0;0;0;0;2;0
mécontentement;0;0;0;0;0;1;1;0;0;0;0;0;0;0;0;1
mâchefers;0;0;0;0;0;0;0;1;0;0;0;2;0;0;0;0
mutation;0;0;0;0;0;0;0;1;1;0;0;1;0;0;0;0
muséum;0;0;2;0;0;0;0;0;0;0;0;0;0;1;0;0
muscle;0;0;0;0;0;0;0;1;2;0;0;0;0;0;0;0
murisier;0;0;0;0;0;0;0;0;0;0;0;0;3;0;0;0
munition;0;0;0;0;2;1;0;0;0;0;0;0;0;0;0;0
multiplication;0;0;0;1;0;0;0;0;0;0;2;0;0;0;0;0
motif;0;0;0;1;0;0;0;0;0;0;0;0;0;0;2;0
montre_bracelet;0;0;0;2;0;0;0;0;0;0;0;0;0;0;1;0
montgolfière;0;0;0;0;0;0;0;0;0;0;0;0;3;0;0;0
monnet;0;0;0;0;0;0;0;0;0;0;0;0;0;0;0;3
misère;0;0;0;0;0;0;1;1;0;0;0;0;0;0;1;0
misogyne;0;0;1;0;0;1;0;0;1;0;0;0;0;0;0;0
minuscule;0;0;2;0;0;0;1;0;0;0;0;0;0;0;0;0
millimètre;1;1;1;0;0;0;0;0;0;0;0;0;0;0;0;0
milei;0;0;0;0;0;3;0;0;0;0;0;0;0;0;0;0
migrant;0;0;0;0;1;1;0;0;0;0;0;1;0;0;0;0
microscopique;0;0;0;0;0;0;0;0;1;0;0;0;0;0;2;0
michelle;0;0;0;0;0;0;1;0;0;0;1;0;1;0;0;0
miami;0;1;0;0;1;0;0;0;0;0;0;0;0;1;0;0
mexicain;0;0;0;0;2;0;0;0;0;0;0;0;0;0;1;0
meteonews;3;0;0;0;0;0;0;0;0;0;0;0;0;0;0;0
merz;0;0;0;0;0;0;0;0;0;0;0;0;0;0;0;3
merlet;0;0;0;0;0;0;0;0;0;0;0;0;0;0;0;3
meo;0;0;0;0;0;2;0;0;0;0;0;0;0;0;0;1
menu;0;0;0;1;0;0;0;0;1;0;0;0;0;0;1;0
mensuel;0;1;0;0;0;0;0;0;0;0;1;1;0;0;0;0
menaçant;1;1;0;0;0;0;0;0;0;0;0;0;0;0;1;0
maîtrise;0;0;0;0;0;0;1;0;0;0;0;0;0;0;2;0
maîtresse;0;0;0;0;0;0;1;0;0;0;0;0;0;0;2;0
maxi;0;0;0;3;0;0;0;0;0;0;0;0;0;0;0;0
mattia;0;0;1;0;0;0;0;0;1;0;0;0;0;0;0;1
massivement;0;0;1;0;0;0;0;0;0;0;1;1;0;0;0;0
masse;0;0;0;0;0;0;0;0;0;1;0;0;0;0;1;1
masculinisme;0;0;0;0;0;0;0;1;0;0;0;0;0;0;2;0
martin_pêcheur;0;0;3;0;0;0;0;0;0;0;0;0;0;0;0;0
marmotte;0;0;2;0;0;0;0;0;0;0;0;0;0;0;0;1
marketing;0;0;1;0;1;0;0;0;0;0;0;0;0;0;1;0
mariage;0;0;0;1;0;0;0;0;1;0;1;0;0;0;0;0
mari;0;0;0;0;1;0;0;0;1;0;0;0;0;1;0;0
maradona;0;0;0;0;0;0;1;0;0;0;0;0;0;2;0;0
mar;0;0;0;0;3;0;0;0;0;0;0;0;0;0;0;0
manquant;0;1;0;0;0;0;0;1;0;0;0;0;0;0;1;0
mandater;0;1;0;0;0;1;0;0;0;0;0;1;0;0;0;0
malheureux;0;0;0;0;0;1;0;0;0;0;0;0;1;1;0;0
maintenance;1;0;0;0;0;0;0;1;0;0;0;0;0;0;0;1
mail;0;0;0;0;0;0;0;0;1;0;0;0;0;0;2;0
maher;0;0;0;0;0;0;0;0;0;0;0;0;1;0;2;0
mah;0;0;0;0;0;0;1;0;0;0;0;0;0;0;1;1
magnétique;0;0;0;0;0;0;0;0;1;0;0;0;1;0;1;0
magnifique;0;0;0;0;0;0;1;0;0;0;0;0;0;2;0;0
machado;0;0;0;0;3;0;0;0;0;0;0;0;0;0;0;0
lésion;0;0;0;0;0;0;0;2;0;0;0;0;1;0;0;0
léonard;0;0;0;0;0;0;0;0;0;0;1;0;0;2;0;0
lémanique;1;1;0;0;0;1;0;0;0;0;0;0;0;0;0;0
lutteur;0;0;0;0;0;0;0;0;0;0;0;0;0;2;1;0
lourdement;0;0;0;0;0;1;0;0;0;0;0;1;0;1;0;0
loterie;0;0;0;0;0;0;0;0;0;0;0;0;0;3;0;0
los;0;0;0;0;3;0;0;0;0;0;0;0;0;0;0;0
loisir;2;0;0;0;0;1;0;0;0;0;0;0;0;0;0;0
liquide;0;0;0;1;0;0;0;1;0;0;1;0;0;0;0;0
lindsey;0;0;0;0;0;0;0;0;0;0;0;0;3;0;0;0
lice;0;0;0;0;0;1;0;0;0;0;1;0;1;0;0;0
liban;0;3;0;0;0;0;0;0;0;0;0;0;0;0;0;0
lentement;1;0;1;0;0;0;0;0;0;0;0;0;0;0;1;0
lacrymogène;0;2;0;0;1;0;0;0;0;0;0;0;0;0;0;0
l7;3;0;0;0;0;0;0;0;0;0;0;0;0;0;0;0
kurti;0;0;0;0;0;3;0;0;0;0;0;0;0;0;0;0
kremlin;0;1;0;0;2;0;0;0;0;0;0;0;0;0;0;0
klaus;0;0;0;0;0;0;0;0;1;0;0;1;0;0;1;0
kevin;0;0;1;0;0;0;0;0;0;0;0;0;0;1;1;0
kelleher;0;0;0;0;1;2;0;0;0;0;0;0;0;0;0;0
kateryna;1;0;0;0;0;0;1;0;0;0;1;0;0;0;0;0
kanchha;0;0;0;0;0;0;3;0;0;0;0;0;0;0;0;0
kamala;0;0;0;0;1;1;1;0;0;0;0;0;0;0;0;0
justesse;0;0;0;0;0;2;0;0;0;0;0;0;1;0;0;0
justement;0;0;0;0;0;0;0;2;0;0;0;0;1;0;0;0
jurassiennes;0;0;0;0;0;1;0;0;0;0;1;1;0;0;0;0
jurassienne;0;0;0;0;0;0;0;0;0;0;1;1;0;0;1;0
juif;0;2;0;0;0;0;0;1;0;0;0;0;0;0;0;0
joux;0;0;0;0;0;0;0;1;0;0;1;1;0;0;0;0
jonathan;0;0;0;0;2;0;0;0;0;0;1;0;0;0;0;0
joint;0;1;0;0;0;1;0;0;0;0;0;0;0;1;0;0
joindre;0;0;0;1;1;0;0;0;0;0;1;0;0;0;0;0
johan;0;0;0;0;0;0;0;0;0;0;0;0;0;3;0;0
job;0;0;0;1;0;0;0;1;0;0;0;1;0;0;0;0
jens;0;0;0;1;0;0;0;0;0;1;0;0;0;0;0;1
javier;0;0;0;0;0;3;0;0;0;0;0;0;0;0;0;0
jaune;0;1;0;1;0;0;0;0;0;0;0;0;0;0;1;0
isère;0;0;0;0;0;0;0;0;0;0;0;0;3;0;0;0
issu;0;0;0;1;1;0;0;0;1;0;0;0;0;0;0;0
isabelle;0;0;0;1;0;0;0;0;0;0;1;0;0;0;1;0
is;0;0;0;0;0;0;0;0;0;0;0;0;1;1;1;0
ironman;0;0;0;0;0;0;0;0;0;0;0;0;3;0;0;0
irlandais;0;0;0;0;0;0;1;1;0;0;0;0;0;0;1;0
irak;0;1;0;0;0;1;0;0;0;0;0;0;0;1;0;0
ir57;2;0;0;0;0;0;0;0;0;1;0;0;0;0;0;0
ir15;2;0;0;0;0;0;0;0;0;1;0;0;0;0;0;0
ir;2;0;0;0;0;0;0;0;0;1;0;0;0;0;0;0
ipi;0;0;0;2;0;0;0;0;0;0;0;0;0;0;1;0
invisible;0;0;0;0;0;0;0;0;2;0;0;0;0;0;1;0
inverser;0;0;1;1;0;0;0;1;0;0;0;0;0;0;0;0
inventer;1;1;0;0;0;0;0;0;0;0;0;0;0;0;1;0
invalidité;0;0;0;2;0;0;0;1;0;0;0;0;0;0;0;0
intoxication;0;0;0;0;0;0;0;2;0;0;0;0;0;0;0;1
interviewer;1;0;0;0;0;0;0;0;0;1;0;0;0;0;1;0
interpréter;0;0;0;0;0;0;1;1;0;0;0;0;0;0;1;0
interprétation;0;0;1;0;1;0;0;0;0;0;0;0;0;0;1;0
interpellation;0;1;0;0;0;0;0;0;1;0;1;0;0;0;0;0
intempérie;1;1;0;1;0;0;0;0;0;0;0;0;0;0;0;0
inspirant;0;0;0;0;0;0;0;0;0;0;0;0;1;0;2;0
inspection;1;1;0;1;0;0;0;0;0;0;0;0;0;0;0;0
insoumis;0;0;0;1;2;0;0;0;0;0;0;0;0;0;0;0
innovant;1;0;0;0;0;0;1;0;0;0;0;1;0;0;0;0
injustifié;0;1;0;0;0;0;0;0;0;0;0;1;0;0;0;1
inflammation;0;0;0;0;0;0;0;0;3;0;0;0;0;0;0;0
infini;0;0;0;0;0;0;0;0;1;0;0;0;0;0;2;0
ineichen;0;0;0;0;1;2;0;0;0;0;0;0;0;0;0;0
indignation;0;0;0;0;2;0;0;0;0;0;0;1;0;0;0;0
indication;0;0;0;1;0;0;0;0;0;0;0;1;0;0;0;1
indicateur;0;0;0;0;0;0;0;1;0;0;1;0;0;0;1;0
inculper;0;1;0;0;1;1;0;0;0;0;0;0;0;0;0;0
incroyablement;0;0;1;0;0;0;0;0;0;0;0;1;0;0;1;0
inconscient;0;0;0;0;1;0;0;0;1;1;0;0;0;0;0;0
inclusion;0;0;0;0;0;0;1;1;0;0;0;1;0;0;0;0
incapable;1;0;0;0;0;0;0;0;0;0;0;0;0;2;0;0
inadapté;0;0;1;0;0;0;0;1;0;0;0;1;0;0;0;0
inaction;0;0;0;0;1;1;0;1;0;0;0;0;0;0;0;0
implanter;0;0;0;0;0;1;0;0;0;0;1;0;1;0;0;0
imminent;1;0;0;0;1;0;0;0;0;0;0;1;0;0;0;0
immeuble;0;0;0;1;0;0;0;0;0;2;0;0;0;0;0;0
imaginer;0;0;1;0;0;0;0;0;0;0;0;0;0;0;2;0
illustre;0;0;0;0;0;0;1;2;0;0;0;0;0;0;0;0
iii;0;0;0;0;2;0;1;0;0;0;0;0;0;0;0;0
idéologique;0;0;0;0;2;0;0;0;0;0;0;1;0;0;0;0
idéologie;0;1;1;0;0;0;0;1;0;0;0;0;0;0;0;0
iconique;0;0;0;0;0;0;0;0;0;0;0;0;0;0;3;0
ic1;2;0;0;0;0;0;0;0;0;1;0;0;0;0;0;0
i;0;0;0;0;0;0;0;0;0;0;0;0;2;1;0;0
hélène;0;0;0;0;1;0;0;0;1;0;0;0;0;0;1;0
hébreu;0;2;0;0;1;0;0;0;0;0;0;0;0;0;0;0
hébergement;2;0;0;1;0;0;0;0;0;0;0;0;0;0;0;0
hypertension;0;0;0;0;0;0;0;0;2;0;0;0;0;0;0;1
howe;0;0;0;0;0;0;3;0;0;0;0;0;0;0;0;0
hospitaliser;0;0;0;0;0;0;1;2;0;0;0;0;0;0;0;0
hongrie;0;0;0;0;0;0;0;0;0;0;0;1;0;2;0;0
hong_kong;0;2;0;0;0;0;0;1;0;0;0;0;0;0;0;0
hockey;0;0;0;0;0;0;1;0;0;0;0;0;1;1;0;0
historien;1;0;0;0;0;0;1;0;0;0;0;0;0;0;1;0
hisser;0;1;0;0;0;0;1;0;0;0;0;0;1;0;0;0
heurter;0;1;0;0;0;0;0;1;0;0;0;1;0;0;0;0
heureux;1;0;1;0;0;0;0;0;0;0;0;0;0;0;0;1
herzog;0;0;0;0;2;1;0;0;0;0;0;0;0;0;0;0
herbe;0;0;1;0;0;0;1;0;0;0;0;0;0;0;1;0
henri;0;0;0;0;0;2;0;0;0;0;0;0;0;0;1;0
helvetia;0;0;0;3;0;0;0;0;0;0;0;0;0;0;0;0
heavysaurus;0;0;0;0;0;0;0;0;0;0;0;0;0;0;3;0
harvard;0;0;0;0;1;0;0;0;2;0;0;0;0;0;0;0
hadrien;0;1;0;1;0;0;0;0;0;0;1;0;0;0;0;0
géologique;0;0;0;1;0;0;1;1;0;0;0;0;0;0;0;0
guide;0;0;1;1;0;0;0;0;0;0;1;0;0;0;0;0
gueule;0;0;0;0;0;0;2;0;0;0;0;0;0;1;0;0
gstaad;2;0;0;1;0;0;0;0;0;0;0;0;0;0;0;0
gréviste;0;0;0;1;0;0;0;0;0;0;1;1;0;0;0;0
group;0;0;0;2;0;0;0;0;0;0;0;0;0;0;0;1
grokipedia;0;0;0;0;2;1;0;0;0;0;0;0;0;0;0;0
grison;1;0;0;0;0;0;0;0;0;0;0;0;0;1;1;0
grille;0;0;0;0;0;0;0;1;0;0;0;0;0;1;1;0
gressier;0;0;0;0;0;0;0;0;0;0;0;0;3;0;0;0
gratuité;0;0;0;1;0;0;0;0;0;0;0;1;0;0;0;1
graphologique;0;0;0;0;0;3;0;0;0;0;0;0;0;0;0;0
grandeur;0;0;0;0;0;0;1;1;0;0;0;0;1;0;0;0
grammy;0;0;0;0;0;0;0;0;0;0;0;0;2;0;1;0
graine;0;0;2;0;0;0;0;0;0;0;0;0;0;0;1;0
gp;0;0;0;0;0;0;0;1;0;0;0;0;1;0;1;0
goût;0;0;0;0;0;0;0;0;0;0;0;1;0;0;2;0
gouverner;0;1;0;0;1;1;0;0;0;0;0;0;0;0;0;0
glisser;0;0;0;0;0;1;0;0;0;0;0;0;0;0;2;0
glacial;3;0;0;0;0;0;0;0;0;0;0;0;0;0;0;0
glace;0;0;0;0;0;0;2;0;0;0;0;1;0;0;0;0
gisèle;0;0;0;0;1;1;1;0;0;0;0;0;0;0;0;0
girardin;0;0;0;0;0;0;0;0;0;0;0;0;0;0;0;3
ghebreyesus;0;1;1;0;0;0;0;0;0;0;0;1;0;0;0;0
geler;0;0;0;0;2;0;0;0;0;0;0;1;0;0;0;0
gel;0;0;0;0;1;0;0;1;0;0;1;0;0;0;0;0
gehry;0;0;0;0;0;0;3;0;0;0;0;0;0;0;0;0
gaspillage;0;0;0;1;0;0;0;0;2;0;0;0;0;0;0;0
gardena;0;0;0;0;0;0;0;0;0;0;0;0;3;0;0;0
gabriele;0;0;0;0;0;0;0;0;0;0;0;0;0;0;0;3
férié;1;0;1;0;0;0;0;0;0;0;0;1;0;0;0;0
félin;0;0;3;0;0;0;0;0;0;0;0;0;0;0;0;0
féliciter;0;0;0;0;0;0;0;0;0;0;2;1;0;0;0;0
fécondité;0;0;2;0;0;0;0;1;0;0;0;0;0;0;0;0
fusil;0;2;0;0;0;1;0;0;0;0;0;0;0;0;0;0
fung;0;3;0;0;0;0;0;0;0;0;0;0;0;0;0;0
fumeur;0;0;1;0;0;0;0;0;0;0;2;0;0;0;0;0
fumer;0;0;0;0;0;0;0;0;1;0;1;1;0;0;0;0
fse;0;0;0;0;1;0;0;0;0;0;0;0;0;2;0;0
fribourgeoises;0;1;0;0;0;0;0;0;0;0;1;1;0;0;0;0
freiner;1;0;1;0;0;0;0;1;0;0;0;0;0;0;0;0
franck;0;0;0;0;1;0;0;1;0;1;0;0;0;0;0;0
fragiliser;0;0;0;1;0;0;0;0;0;0;1;0;0;0;1;0
foulée;0;0;0;1;0;1;0;0;0;0;0;0;0;0;1;0
fou;0;0;0;0;1;0;0;0;0;0;0;0;1;1;0;0
fossile;0;0;1;0;1;0;0;0;0;0;1;0;0;0;0;0
folklorique;0;0;0;0;0;0;0;0;0;0;0;0;0;0;3;0
folie;0;0;0;0;0;0;0;0;0;0;0;0;1;1;1;0
fluide;0;0;0;0;0;0;0;0;0;0;1;0;1;0;1;0
flossie;0;0;1;0;0;0;0;0;0;0;0;0;0;0;2;0
flexibilité;0;0;1;2;0;0;0;0;0;0;0;0;0;0;0;0
flagrant;0;3;0;0;0;0;0;0;0;0;0;0;0;0;0;0
fièvre;0;0;0;0;1;0;0;1;0;0;0;1;0;0;0;0
financièrement;0;0;1;0;0;0;0;0;0;0;1;1;0;0;0;0
financeurs;0;0;0;0;1;0;1;0;0;0;0;0;0;0;1;0
finaliste;0;0;0;1;0;0;0;0;0;0;0;0;0;1;1;0
finaliser;0;0;0;1;2;0;0;0;0;0;0;0;0;0;0;0
filière;0;0;1;0;0;0;0;1;1;0;0;0;0;0;0;0
fiabilité;0;1;0;0;0;0;1;1;0;0;0;0;0;0;0;0
festivité;1;0;0;0;1;0;1;0;0;0;0;0;0;0;0;0
fermé;0;0;0;0;0;0;0;3;0;0;0;0;0;0;0;0
federer;0;0;0;0;0;0;0;0;0;0;0;1;1;0;1;0
faîtier;0;0;0;0;0;0;1;0;0;0;1;0;0;0;0;1
fatigue;1;0;0;0;0;0;0;1;0;0;1;0;0;0;0;0
fanny;0;0;0;1;0;0;0;0;0;0;0;0;1;0;1;0
facebook;0;0;0;0;1;0;0;1;0;1;0;0;0;0;0;0
fabrication;0;1;0;0;0;0;0;0;0;0;1;1;0;0;0;0
expérimental;0;0;0;0;0;0;1;1;0;0;0;0;0;0;1;0
exil;0;0;0;1;1;1;0;0;0;0;0;0;0;0;0;0
euse;0;0;0;1;0;0;0;1;1;0;0;0;0;0;0;0
essor;0;0;1;1;0;0;0;0;0;0;1;0;0;0;0;0
essayer;0;0;0;0;1;0;0;0;0;0;0;1;0;1;0;0
escroquerie;0;0;0;1;0;0;1;1;0;0;0;0;0;0;0;0
escroc;0;0;0;1;0;0;1;0;0;0;0;1;0;0;0;0
envie;0;0;0;0;0;0;0;0;0;0;0;0;0;3;0;0
entourer;0;0;0;0;0;0;0;0;0;1;0;0;1;0;0;1
encyclopédie;0;0;0;0;3;0;0;0;0;0;0;0;0;0;0;0
encre;0;0;0;0;0;0;0;0;3;0;0;0;0;0;0;0
enchaîner;0;0;0;0;0;0;0;1;0;0;0;0;0;1;1;0
ems;0;0;0;0;0;2;0;1;0;0;0;0;0;0;0;0
employeur;0;0;0;0;1;0;0;0;0;0;1;1;0;0;0;0
empire;0;0;0;0;0;0;1;0;1;0;0;0;0;0;1;0
empereur;0;0;0;0;0;2;0;0;0;0;0;0;0;0;1;0
emji_voilier;0;1;0;0;0;0;0;0;0;0;0;0;1;0;1;0
emji_visage_en_pleine_réflexion;0;0;0;0;0;0;0;0;1;0;0;0;0;2;0;0
emji_ville;0;0;0;1;0;0;0;0;0;0;1;0;0;0;1;0
emji_travaux;1;0;0;0;0;1;0;0;0;0;1;0;0;0;0;0
emji_policier;0;0;1;0;0;1;0;0;0;0;0;1;0;0;0;0
emji_plume;0;0;1;0;0;0;0;0;2;0;0;0;0;0;0;0
emji_plant_de_riz;0;0;1;1;0;1;0;0;0;0;0;0;0;0;0;0
emji_note_de_musique;0;0;0;0;0;0;0;0;1;0;0;0;0;0;2;0
emji_métro;1;0;0;1;0;0;0;0;0;0;0;1;0;0;0;0
emji_médaille_d_or;0;0;0;0;0;0;0;0;0;0;0;0;1;0;2;0
emji_montre;0;0;0;2;0;0;0;0;0;0;0;1;0;0;0;0
emji_marteau_et_clé_à_molette;0;0;0;0;0;0;1;0;0;0;2;0;0;0;0;0
emji_juge_femme;0;0;0;0;2;1;0;0;0;0;0;0;0;0;0;0
emji_jeune_pousse;0;0;0;0;0;0;0;1;0;0;2;0;0;0;0;0
emji_jeu_vidéo;0;0;0;0;0;0;0;0;0;0;0;0;0;0;3;0
emji_hockey_sur_glace;0;0;0;0;0;0;1;0;0;0;0;0;0;2;0;0
emji_haute_tension;0;0;0;0;0;1;0;0;0;0;0;0;0;1;1;0
emji_graphiques_à_barres;0;0;0;0;0;0;0;0;1;1;0;0;0;1;0;0
emji_globe_avec_méridiens;2;0;0;0;0;0;0;1;0;0;0;0;0;0;0;0
emji_femme_qui_court;0;0;0;0;0;0;0;0;2;0;0;0;1;0;0;0
emji_enfant;0;2;0;0;0;0;0;1;0;0;0;0;0;0;0;0
emji_détective;0;0;0;0;0;0;0;0;1;0;1;1;0;0;0;0
emji_drapeau_philippines;0;3;0;0;0;0;0;0;0;0;0;0;0;0;0;0
emji_drapeau_allemagne;0;0;1;1;0;0;0;0;0;0;0;0;0;1;0;0
emji_dent;0;0;0;0;0;1;0;0;1;0;0;0;1;0;0;0
emji_dans_le_mille;0;0;0;0;0;0;0;1;0;0;0;0;1;1;0;0
emji_croix;0;0;0;1;0;0;0;0;0;0;0;1;0;1;0;0
emji_construction_d_un_bâtiment;0;1;0;1;0;0;1;0;0;0;0;0;0;0;0;0
emji_cadeau;0;0;0;1;0;0;0;1;0;0;0;0;0;1;0;0
emji_banque;0;2;0;0;1;0;0;0;0;0;0;0;0;0;0;0
emballage;0;0;0;0;0;0;0;2;1;0;0;0;0;0;0;0
elmiger;0;0;0;0;0;0;1;0;0;0;0;0;0;0;2;0
elisabeth;0;0;0;0;1;1;0;0;0;0;0;1;0;0;0;0
ei;0;1;0;0;1;1;0;0;0;0;0;0;0;0;0;0
ebay;0;0;0;3;0;0;0;0;0;0;0;0;0;0;0;0
détriment;1;0;0;0;0;0;1;1;0;0;0;0;0;0;0;0
détailler;0;0;0;0;1;0;0;1;0;0;0;0;0;0;0;1
désarmer;0;3;0;0;0;0;0;0;0;0;0;0;0;0;0;0
désagrément;0;0;0;0;0;1;0;0;1;0;1;0;0;0;0;0
dépouille;0;3;0;0;0;0;0;0;0;0;0;0;0;0;0;0
dépistage;0;0;0;0;0;0;0;0;3;0;0;0;0;0;0;0
dépendance;0;0;1;0;0;0;0;1;1;0;0;0;0;0;0;0
dénivelé;0;0;0;0;0;0;0;0;0;0;0;2;1;0;0;0
déménagement;0;1;1;0;0;0;0;0;1;0;0;0;0;0;0;0
démonstration;1;0;0;0;1;0;0;0;0;0;0;0;0;0;1;0
démographique;0;0;0;1;0;0;0;0;0;0;1;0;0;0;0;1
démissionner;0;0;0;0;2;1;0;0;0;0;0;0;0;0;0;0
délocalisation;0;0;0;2;1;0;0;0;0;0;0;0;0;0;0;0
délibérément;0;1;1;0;0;0;0;0;0;0;0;0;0;0;1;0
déguster;1;0;0;0;0;0;0;0;0;0;0;1;0;0;1;0
définition;0;0;0;0;0;1;0;0;0;0;0;0;0;0;2;0
décret;0;0;1;0;1;0;0;0;0;0;1;0;0;0;0;0
décliner;0;1;0;0;0;0;0;0;0;0;1;0;0;0;1;0
débris;0;2;1;0;0;0;0;0;0;0;0;0;0;0;0;0
débordement;1;2;0;0;0;0;0;0;0;0;0;0;0;0;0;0
débattre;0;0;0;0;0;0;0;0;1;0;0;2;0;0;0;0
dur;0;0;0;0;0;0;0;1;1;0;0;0;1;0;0;0
dugerdil;0;0;0;0;0;3;0;0;0;0;0;0;0;0;0;0
dresser;0;1;1;0;0;0;0;1;0;0;0;0;0;0;0;0
dr;0;0;0;0;0;0;1;1;0;0;0;0;0;0;1;0
douter;0;1;0;0;0;0;0;0;0;0;1;0;0;0;1;0
dos;0;0;0;0;1;0;0;0;1;0;0;0;0;1;0;0
doha;0;0;0;0;3;0;0;0;0;0;0;0;0;0;0;0
disperser;0;3;0;0;0;0;0;0;0;0;0;0;0;0;0;0
digital;0;0;0;0;0;0;0;1;0;0;0;0;0;1;1;0
dictature;0;0;0;0;0;2;1;0;0;0;0;0;0;0;0;0
diane;0;0;0;0;0;0;1;0;0;0;0;0;0;0;1;1
deutschland;1;0;0;0;0;0;0;1;0;0;0;0;0;1;0;0
dent;0;0;0;0;0;0;0;1;0;0;0;0;1;0;1;0
demi_finale;0;0;0;0;0;0;0;0;0;0;0;0;2;1;0;0
danemark;1;0;0;0;0;0;0;0;0;0;0;0;0;2;0;0
damas;0;0;1;0;1;0;1;0;0;0;0;0;0;0;0;0
dab;0;0;0;1;0;2;0;0;0;0;0;0;0;0;0;0
d_ores_et_déjà;0;1;0;0;0;1;0;0;0;0;0;1;0;0;0;0
célébrité;0;0;0;0;0;0;0;0;0;0;0;1;0;1;1;0
céder;0;0;0;0;2;0;0;0;0;0;0;0;0;1;0;0
cybercriminalité;0;1;0;0;0;0;0;1;0;0;0;0;0;0;1;0
cuba;0;3;0;0;0;0;0;0;0;0;0;0;0;0;0;0
crinari;0;0;0;0;0;0;0;0;0;0;1;0;0;0;0;2
crack;0;0;0;0;0;0;0;0;0;0;3;0;0;0;0;0
courtet;0;0;0;0;0;2;0;0;0;0;0;0;1;0;0;0
courage;0;0;0;1;1;0;0;0;1;0;0;0;0;0;0;0
couchette;1;0;0;1;0;0;0;0;0;0;1;0;0;0;0;0
cou;0;0;0;0;2;0;0;1;0;0;0;0;0;0;0;0
cottin;0;0;0;0;0;0;0;0;0;0;0;0;2;0;1;0
cortège;0;2;0;0;0;0;0;0;0;0;0;1;0;0;0;0
correspondant;1;0;0;0;1;0;0;0;0;0;0;0;0;1;0;0
correspondance;2;0;0;0;0;0;0;0;0;0;0;0;0;0;1;0
cora;0;0;0;0;0;1;0;0;0;0;0;1;0;0;0;1
copie;0;0;0;0;1;0;0;0;0;0;0;1;0;0;1;0
convivial;0;0;0;0;0;0;1;0;0;0;0;0;0;0;1;1
contrer;0;0;0;0;0;0;0;2;1;0;0;0;0;0;0;0
contrepartie;0;0;0;0;2;0;0;1;0;0;0;0;0;0;0;0
contourner;0;0;0;0;0;0;0;0;0;0;0;2;0;0;1;0
continu;0;0;0;1;0;1;0;0;0;0;0;1;0;0;0;0
contestation;0;0;0;0;1;2;0;0;0;0;0;0;0;0;0;0
constructif;0;0;0;0;0;0;0;0;0;1;1;0;0;0;1;0
consister;0;0;0;0;0;0;1;1;0;0;0;0;0;0;1;0
conscient;0;0;0;0;0;0;1;0;1;0;1;0;0;0;0;0
connolly;0;0;0;0;2;1;0;0;0;0;0;0;0;0;0;0
congo;0;0;0;0;1;1;0;0;0;0;0;0;0;1;0;0
confondu;0;0;0;0;0;0;0;0;0;0;0;0;0;0;3;0
confiscation;0;0;0;1;1;0;0;0;0;0;0;1;0;0;0;0
confiant;0;0;0;1;0;1;0;0;0;0;0;0;0;1;0;0
concrétiser;0;0;0;0;2;0;0;0;0;0;0;1;0;0;0;0
concentration;0;0;0;1;0;0;0;0;1;0;0;1;0;0;0;0
compétitivité;0;0;0;0;0;0;0;0;0;1;1;0;0;1;0;0
compromettant;0;0;0;0;1;1;0;0;0;0;0;0;0;0;1;0
complice;0;1;0;0;2;0;0;0;0;0;0;0;0;0;0;0
commotion;0;0;0;0;0;0;0;3;0;0;0;0;0;0;0;0
commando;0;2;0;0;1;0;0;0;0;0;0;0;0;0;0;0
commandement;0;2;0;0;1;0;0;0;0;0;0;0;0;0;0;0
combustible;0;0;0;0;1;0;0;1;0;0;1;0;0;0;0;0
colombie;0;0;0;0;0;0;0;1;0;0;0;0;0;2;0;0
colm;0;0;0;0;1;2;0;0;0;0;0;0;0;0;0;0
collision;0;0;1;0;0;0;0;0;0;0;1;1;0;0;0;0
cognitif;0;0;0;0;0;0;0;2;0;0;0;1;0;0;0;0
co2;0;0;0;0;0;0;0;0;0;0;2;0;0;0;0;1
cloudflare;1;0;1;0;0;0;0;1;0;0;0;0;0;0;0;0
clot;0;0;0;0;0;0;0;2;0;0;0;1;0;0;0;0
clore;0;0;1;0;0;1;1;0;0;0;0;0;0;0;0;0
clip;0;0;0;0;0;0;0;0;0;0;1;0;0;0;2;0
classé;0;0;1;0;0;0;0;0;0;0;0;0;0;1;1;0
clarifier;0;0;0;0;0;2;1;0;0;0;0;0;0;0;0;0
cisjordanie;0;3;0;0;0;0;0;0;0;0;0;0;0;0;0;0
ciblent;0;0;1;1;0;0;0;1;0;0;0;0;0;0;0;0
christoph;0;0;0;0;0;0;0;0;0;0;0;1;0;0;1;1
chips;0;0;0;0;0;0;0;0;0;0;0;0;0;0;3;0
chimique;0;0;0;0;1;0;0;1;0;0;0;0;0;0;1;0
chelem;0;0;0;0;0;0;0;0;0;0;0;0;3;0;0;0
checking;0;0;0;0;0;0;0;1;0;0;0;0;0;0;2;0
chauffer;0;0;0;0;0;0;0;0;1;0;1;1;0;0;0;0
chasseur;0;0;0;0;1;0;0;1;0;0;0;0;0;0;0;1
charge;0;0;0;1;1;0;0;0;0;0;0;1;0;0;0;0
chapitre;0;0;0;0;0;1;0;0;0;0;1;0;0;0;1;0
chapeau;0;0;0;0;0;0;0;0;0;0;0;0;0;1;2;0
chancelier;0;0;0;0;0;2;1;0;0;0;0;0;0;0;0;0
chablais;0;0;1;0;0;1;0;1;0;0;0;0;0;0;0;0
cesse;1;1;0;0;0;0;0;0;0;0;0;0;0;0;0;1
cervical;0;0;0;0;0;0;0;2;0;0;0;0;1;0;0;0
certitude;0;0;0;0;1;0;0;0;0;0;0;0;1;1;0;0
cercle;0;0;0;0;1;2;0;0;0;0;0;0;0;0;0;0
catherine;0;0;0;0;1;1;0;0;0;0;0;0;1;0;0;0
catan;0;0;0;0;0;0;0;0;0;0;0;0;0;0;3;0
cascioli;0;2;0;1;0;0;0;0;0;0;0;0;0;0;0;0
carré;1;0;0;0;0;0;0;1;0;0;0;0;0;0;1;0
carnet;0;0;0;0;0;0;0;1;0;1;0;0;0;1;0;0
carbone;0;0;0;0;0;0;0;2;0;0;0;0;0;1;0;0
caractéristique;0;0;0;0;0;0;0;1;0;0;0;1;0;0;1;0
capsule;0;0;0;2;0;0;0;0;0;0;1;0;0;0;0;0
canon;0;2;0;0;0;0;0;0;0;0;0;1;0;0;0;0
cannabis;0;0;0;0;0;0;0;0;0;0;3;0;0;0;0;0
californien;0;0;0;0;1;0;0;0;2;0;0;0;0;0;0;0
calculer;0;0;0;1;0;0;0;0;0;0;0;2;0;0;0;0
cadieux;0;0;0;0;0;0;0;0;0;0;0;0;1;2;0;0
bâloise;0;0;0;3;0;0;0;0;0;0;0;0;0;0;0;0
bâlois;0;1;0;0;0;0;0;0;0;0;0;0;2;0;0;0
buteur;0;0;0;0;0;0;0;0;0;0;0;0;0;3;0;0
burgy;0;0;0;0;0;0;0;0;1;0;0;0;0;0;2;0
bulgare;0;0;0;1;0;2;0;0;0;0;0;0;0;0;0;0
brutal;1;1;0;0;1;0;0;0;0;0;0;0;0;0;0;0
bruno;0;0;0;0;0;0;0;0;0;2;0;0;0;0;0;1
brun;0;0;1;0;0;0;0;0;0;0;0;1;0;0;0;1
briller;0;0;0;0;0;0;0;0;0;0;0;1;2;0;0;0
briguer;2;0;0;1;0;0;0;0;0;0;0;0;0;0;0;0
bref;0;3;0;0;0;0;0;0;0;0;0;0;0;0;0;0
braathen;0;0;0;0;0;0;0;0;0;0;0;0;3;0;0;0
boycotter;0;0;0;0;0;1;0;0;0;0;0;0;0;1;1;0
box_office;0;0;0;0;0;0;0;0;0;0;0;0;0;0;3;0
bouteille;0;0;0;2;0;0;0;1;0;0;0;0;0;0;0;0
boulangerie;1;0;0;1;0;0;0;0;0;1;0;0;0;0;0;0
bosnie;0;0;0;1;1;0;0;0;0;0;0;0;0;1;0;0
boris;0;0;0;0;0;0;0;1;0;1;0;0;0;0;0;1
bodycams;0;0;0;1;0;1;0;0;0;0;0;1;0;0;0;0
blessant;0;3;0;0;0;0;0;0;0;0;0;0;0;0;0;0
björk;0;0;1;0;0;0;0;0;1;0;0;0;0;0;1;0
biologiste;0;0;2;0;0;0;0;0;0;0;0;1;0;0;0;0
biologique;0;0;0;0;0;0;0;2;1;0;0;0;0;0;0;0
binôme;0;0;0;0;0;0;0;0;0;0;0;1;0;0;0;2
biais;0;0;0;0;2;1;0;0;0;0;0;0;0;0;0;0
beuret;0;0;0;0;0;2;0;0;0;0;0;0;1;0;0;0
bessent;0;0;0;0;2;1;0;0;0;0;0;0;0;0;0;0
bencic;0;0;0;0;0;0;0;0;0;0;0;0;3;0;0;0
belp;0;0;0;0;0;0;0;0;0;0;0;2;0;0;0;1
bella;0;0;0;0;0;0;0;0;0;0;0;0;1;0;0;2
bel;0;0;1;0;0;1;0;0;0;0;0;1;0;0;0;0
bazar;0;0;0;3;0;0;0;0;0;0;0;0;0;0;0;0
basculer;1;0;0;0;0;1;0;0;0;0;0;1;0;0;0;0
barrière;0;2;0;0;0;0;1;0;0;0;0;0;0;0;0;0
barre;1;0;0;0;1;0;0;0;0;0;1;0;0;0;0;0
bangkok;0;1;0;0;1;0;0;0;0;0;0;0;0;1;0;0
banc;0;0;1;0;0;0;0;0;0;0;0;0;0;2;0;0
bamonte;0;0;0;0;0;0;3;0;0;0;0;0;0;0;0;0
baloise;0;0;0;3;0;0;0;0;0;0;0;0;0;0;0;0
balcon;1;2;0;0;0;0;0;0;0;0;0;0;0;0;0;0
avouer;0;0;0;0;0;0;0;0;0;0;1;0;1;1;0;0
aviaire;0;0;3;0;0;0;0;0;0;0;0;0;0;0;0;0
autrement;0;0;0;0;0;1;1;0;0;0;1;0;0;0;0;0
autoroute;2;0;0;0;0;1;0;0;0;0;0;0;0;0;0;0
auprès_des;0;0;0;0;0;0;1;0;0;0;0;0;0;0;2;0
auditeur;0;0;0;2;0;0;0;0;0;0;0;0;0;0;1;0
atmosphère;1;0;0;0;1;0;0;0;0;0;0;0;0;0;1;0
assistance;1;0;0;0;0;1;0;0;0;0;1;0;0;0;0;0
assassiner;0;1;0;0;0;0;0;0;1;0;1;0;0;0;0;0
aspirer;2;0;0;0;0;0;0;0;0;0;0;0;0;0;1;0
artisanal;0;0;0;1;0;0;0;0;0;1;0;0;0;0;1;0
artiflex;0;0;0;2;0;0;0;1;0;0;0;0;0;0;0;0
arnaque;0;0;0;0;0;0;1;1;1;0;0;0;0;0;0;0
argument;0;0;0;0;0;1;0;0;0;0;1;0;0;0;0;1
archéologue;0;0;0;0;0;0;1;0;1;0;1;0;0;0;0;0
arc;1;1;0;0;0;1;0;0;0;0;0;0;0;0;0;0
après_de;1;0;0;0;1;1;0;0;0;0;0;0;0;0;0;0
apnée;1;0;0;0;0;0;1;1;0;0;0;0;0;0;0;0
aop;0;0;0;0;0;0;0;1;0;0;0;2;0;0;0;0
antérieur;0;0;0;0;1;0;0;0;0;0;0;0;1;0;1;0
antoinette;0;0;0;1;0;1;1;0;0;0;0;0;0;0;0;0
antenne;0;0;0;0;1;1;0;0;0;0;1;0;0;0;0;0
annuellement;0;0;0;1;1;0;0;0;0;0;1;0;0;0;0;0
anne;0;0;0;0;0;0;0;0;0;0;2;0;0;0;1;0
anglophone;0;0;0;0;2;0;1;0;0;0;0;0;0;0;0;0
angle;0;0;1;0;0;0;0;0;0;0;0;1;0;0;1;0
angelo;0;0;0;0;1;0;0;0;0;0;0;0;0;0;2;0
angeles;0;0;0;0;3;0;0;0;0;0;0;0;0;0;0;0
andré;0;0;0;0;1;1;0;0;0;0;0;1;0;0;0;0
ancêtre;0;0;0;0;0;0;0;0;1;0;1;1;0;0;0;0
amoureux;0;0;0;0;0;0;0;0;0;0;0;0;0;0;3;0
amical;0;0;0;0;0;0;0;0;0;0;0;0;0;2;1;0
ambassadeur;0;0;2;0;1;0;0;0;0;0;0;0;0;0;0;0
alzheimer;0;0;0;1;0;0;1;1;0;0;0;0;0;0;0;0
altérer;0;0;0;0;0;0;0;1;2;0;0;0;0;0;0;0
allier;0;0;0;1;0;0;0;0;0;0;0;0;0;0;2;0
allain;0;0;0;0;0;1;0;0;0;0;0;1;0;0;1;0
aligner;0;0;0;1;0;1;0;1;0;0;0;0;0;0;0;0
ali;0;2;0;0;0;1;0;0;0;0;0;0;0;0;0;0
alaouites;0;0;0;0;1;2;0;0;0;0;0;0;0;0;0;0
alaouite;0;2;0;0;0;1;0;0;0;0;0;0;0;0;0;0
ajuster;0;0;0;0;0;0;0;1;0;0;1;1;0;0;0;0
ahmad;0;1;0;0;2;0;0;0;0;0;0;0;0;0;0;0
agriculteur;0;1;0;0;0;1;0;0;0;0;1;0;0;0;0;0
adresser;0;0;0;1;0;1;0;0;0;0;1;0;0;0;0;0
administrer;0;0;0;0;0;0;0;1;2;0;0;0;0;0;0;0
administrateur;0;0;0;0;0;0;0;3;0;0;0;0;0;0;0;0
admettre;0;0;0;1;0;0;0;0;0;0;2;0;0;0;0;0
adhésion;0;0;0;0;1;2;0;0;0;0;0;0;0;0;0;0
adhanom;0;1;1;0;0;0;0;0;0;0;0;1;0;0;0;0
activiste;0;0;0;0;1;1;0;0;0;0;0;0;0;0;1;0
accessoire;0;0;0;0;0;0;0;0;0;0;0;1;0;0;2;0
accessibilité;0;0;0;0;0;1;0;0;0;0;1;1;0;0;0;0
acceptation;0;0;0;0;0;1;0;0;0;0;1;0;0;0;1;0
absurde;0;0;0;0;0;0;1;1;0;0;0;0;0;1;0;0
abstentions;0;0;0;0;0;2;0;0;0;1;0;0;0;0;0;0
aborder;0;0;0;0;2;0;0;0;0;0;0;0;0;0;1;0
abonné;0;0;0;1;0;0;0;0;0;0;0;0;0;0;2;0
abaisser;1;0;0;0;1;1;0;0;0;0;0;0;0;0;0;0
74e;0;0;0;0;0;0;0;0;0;0;0;0;1;2;0;0
47e;0;0;0;0;0;0;0;0;0;0;0;0;2;1;0;0
13e;0;0;0;1;0;0;0;0;0;0;0;0;1;1;0;0
101e;0;0;0;0;0;0;0;0;0;0;0;0;3;0;0;0