emji_visage_riant_aux_larmes;575;4576;100;76;49;438;644
emji_visage_souriant_avec_yeux_en_forme_de_coeur;2145;76;20;26;2;63;100
emji_coeur_rouge;2125;56;57;20;6;86;183
emji_applaudissements;919;39;20;14;3;53;108
voir;111;216;140;36;52;429;965
emji_se_rouler_par_terre_de_rire;79;710;14;12;18;62;105
époque;283;151;43;51;36;234;910
aller;52;260;126;28;44;532;593
beau;752;103;63;21;10;153;409
aimer;172;317;100;18;8;140;461
suisse;93;551;38;19;17;263;264
femme;121;50;24;2;12;114;847
emji_visage_qui_pleure;284;69;59;25;14;113;296
parler;73;181;49;9;45;109;680
emji_visage_souriant_avec_coeurs;635;19;16;14;1;20;42
enfant;84;45;22;51;8;98;745
homme;115;31;35;2;8;61;772
vie;141;52;59;10;8;123;651
souvenir;541;83;19;73;14;163;128
petit;130;170;101;26;22;159;403
gens;36;71;79;4;39;160;601
emji_feu;570;25;7;3;2;44;52
année;90;103;43;52;13;304;365
emji_visage_souriant_avec_une_goutte_de_sueur;60;524;30;15;14;72;138
temps;66;62;37;26;9;184;500
tellement;344;103;41;27;8;77;297
emji_mains_levées;566;26;5;3;3;24;59
penser;37;144;60;7;23;104;488
monde;46;47;41;16;19;144;542
emji_mains_en_prière;496;16;17;4;3;32;77
comprendre;70;82;49;11;18;64;528
vrai;124;109;43;12;16;106;397
chose;29;74;45;14;13;97;521
grand;119;85;35;9;7;132;349
passer;34;68;31;33;12;263;293
français;43;304;6;7;26;78;202
prendre;21;117;67;17;16;215;256
connaître;36;102;23;51;27;106;366
jour;35;67;51;37;8;286;198
adorer;313;133;32;32;5;52;126
vraiment;84;68;45;18;7;91;378
emji_visage_faisant_un_clin_d_oeil;50;216;26;18;16;106;225
changer;37;56;31;15;57;95;384
vivre;39;46;37;9;3;94;396
trouver;31;80;47;13;13;115;326
jeune;50;31;11;10;15;87;403
venir;21;126;71;7;18;185;182
emji_visage_avec_bouche_ouverte;159;75;26;13;2;49;102
mettre;15;62;47;24;16;218;201
magnifique;479;7;8;4;1;22;55
donner;28;36;84;15;12;105;242
vidéo;41;57;19;10;10;106;284
france;5;200;27;14;24;106;133
emji_visage_qui_pleure_à_chaudes_larmes;39;200;15;2;5;18;46
emji_pouce_vers_le_haut;293;26;8;6;2;23;29
raison;115;22;44;0;15;51;235
animal;34;2;365;0;0;10;34
exister;24;44;42;13;19;64;262
rester;20;52;49;4;20;118;206
jouer;104;26;4;214;2;48;62
devenir;36;37;35;5;12;96;245
seul;10;40;56;31;9;70;238
fois;18;98;19;12;4;130;163
commentaire;12;45;18;4;17;18;333
accent;75;312;0;1;0;10;26
emji_visage_souriant_avec_yeux_rieurs;178;53;11;14;5;71;101
demander;7;39;20;7;11;98;236
question;7;18;17;6;12;32;329
dieu;62;24;12;5;3;16;274
mot;19;107;9;2;78;39;139
appeler;4;99;24;12;145;39;77
chat;31;22;269;0;2;10;24
école;35;33;3;71;0;54;190
emji_visage_avec_des_étoiles_à_la_place_des_yeux;266;5;2;5;0;12;11
regarder;29;34;18;9;11;115;174
sentir;15;34;17;4;24;49;245
humain;25;5;150;4;1;27;150
utiliser;0;166;14;10;35;45;91
bidet;17;312;0;0;0;6;12
apprendre;12;23;13;32;11;32;234
vieux;21;70;14;4;9;63;175
meilleur;113;48;22;15;5;51;103
fille;22;39;4;35;9;27;222
entendre;28;81;8;3;17;32;187
dernier;78;35;9;4;2;62;166
arriver;13;46;20;16;7;84;171
ca;14;42;30;12;21;43;168
emji_visage_souriant_aux_yeux_rieurs;45;143;11;9;5;38;65
nom;6;30;2;4;106;43;126
manger;5;72;193;1;5;24;27
premier;18;52;14;6;8;83;142
parent;8;34;5;7;4;40;221
respect;80;1;12;4;6;14;207
coup;5;57;21;6;14;122;100
jeu;75;15;4;120;2;35;55
reportage;135;33;6;2;3;50;90
tête;10;31;4;5;160;35;63
archive;117;36;5;3;1;70;82
emji_drapeau_suisse;162;24;2;3;3;21;24
super;83;36;14;13;3;70;84
pays;18;49;8;4;4;135;83
cas;6;38;17;4;13;46;181
problème;6;17;34;6;13;44;174
pareil;26;89;26;6;8;28;123
moment;48;20;10;7;11;49;160
heureux;50;10;25;2;0;30;177
arrêter;4;20;23;10;8;94;133
manquer;33;40;15;0;5;24;176
accord;36;19;15;2;8;30;105
pauvre;9;30;67;3;3;53;126
fin;15;42;5;5;6;115;99
malheureusement;10;9;58;6;7;51;141
emji_visage_en_pleine_réflexion;5;39;16;4;4;37;139
niveau;3;10;7;25;5;47;173
incroyable;113;28;5;5;3;43;83
génial;185;15;4;7;0;26;39
emji_étincelles;161;5;2;2;0;7;21
père;18;49;1;6;2;60;131
besoin;6;30;63;3;4;53;109
renard;34;1;225;0;0;0;2
génération;17;18;5;4;8;13;197
laisser;7;9;35;7;1;53;153
hiver;30;183;8;1;0;21;13
plutôt;3;53;23;7;3;44;133
classe;31;17;1;29;2;24;151
sûr;10;24;17;4;8;39;161
heure;30;26;9;40;3;70;64
coeur;92;19;24;15;1;26;80
touchant;200;0;2;0;0;6;54
etc;3;27;41;12;5;65;84
blanc;2;44;8;1;118;24;37
oublier;9;45;10;7;4;74;103
emji_coeur_cartes;135;2;4;1;0;7;3
maison;6;58;20;26;3;58;68
laver;2;214;0;0;1;7;12
genre;13;19;11;7;8;40;146
âge;27;14;6;5;3;10;182
rendre;7;8;36;3;5;54;129
emji_visage_roulant_des_yeux;5;44;11;5;10;28;115
part;6;39;14;4;2;51;130
mère;14;30;16;4;3;33;140
air;15;35;24;6;2;48;116
plaisir;47;11;26;2;3;16;138
écouter;28;13;0;3;9;24;158
travailler;5;15;7;6;0;87;113
simple;26;15;10;7;4;16;162
triste;18;6;9;3;3;27;174
perdre;8;31;15;8;4;58;113
mignon;169;4;21;1;2;15;28
emji_visage_retenant_ses_larmes;150;4;2;1;0;7;31
travail;13;16;6;2;4;122;62
genève;10;113;5;2;2;63;29
ami;27;19;13;8;6;55;95
rappeler;50;46;7;13;2;74;41
rire;29;117;2;3;4;17;47
importer;1;22;26;12;4;43;119
gros;10;52;9;4;13;52;80
amour;54;9;33;0;4;23;92
revenir;17;28;8;4;1;71;80
famille;14;14;17;6;7;51;112
droit;4;8;9;6;10;49;131
emji_chat_souriant_aux_yeux_en_coeurs;109;0;5;0;0;2;4
sortir;3;37;8;8;9;71;88
histoire;24;25;7;2;10;35;112
côté;5;57;13;7;5;40;95
partie;8;46;17;5;2;35;103
nourrir;9;0;183;0;0;7;11
enfance;131;14;2;16;4;14;41
retrouver;43;19;15;3;4;93;43
réponse;16;15;3;10;5;11;154
fou;16;46;13;4;4;19;113
heureusement;2;44;24;2;3;27;114
toilette;0;188;1;0;0;8;2
répondre;5;9;5;19;5;11;154
espérer;32;14;18;2;0;29;117
écrire;4;16;3;14;6;32;135
garçon;42;6;1;18;2;13;126
lire;2;12;0;5;6;26;156
ancien;28;9;6;2;7;33;124
cher;13;16;29;4;2;97;34
mec;10;39;4;4;8;81;58
préférer;15;36;26;12;6;38;75
payer;4;6;16;1;3;143;25
journée;20;23;7;2;2;83;59
pire;4;21;16;3;6;82;60
naître;8;41;5;20;9;19;101
finir;7;25;32;4;2;55;74
place;10;24;10;4;2;78;74
exactement;23;27;6;2;4;33;106
truc;6;42;14;7;7;64;59
poser;2;15;14;3;4;10;146
mdr;4;126;7;2;2;18;39
eau;5;97;25;1;1;20;38
idée;12;26;15;1;6;41;97
emji_visage_qui_hurle_de_peur;0;89;3;1;0;17;14
garder;10;19;24;7;3;32;99
façon;22;10;6;4;4;17;129
mort;2;20;24;3;3;31;97
début;7;30;3;6;0;88;55
élastique;56;10;4;82;1;17;14
nature;30;3;59;3;0;26;61
compte;6;9;9;2;5;65;88
partir;4;28;11;5;1;58;78
adorable;124;3;27;2;2;6;21
société;8;1;8;5;0;12;150
emji_renard;106;1;15;0;0;2;5
noir;6;15;8;0;119;6;16
servir;4;83;14;11;1;29;39
attendre;2;23;14;7;4;71;61
dimanche;15;12;7;12;2;112;4
bonheur;70;11;8;4;3;16;67
rts;30;34;1;1;2;73;31
acheter;5;23;50;8;5;42;40
valoir;12;68;20;1;6;33;34
mauvais;2;6;19;3;4;29;108
joli;80;25;1;0;3;21;48
mode;5;27;11;4;4;25;94
emji_visage_souriant_avec_yeux_plissés;15;89;1;0;0;16;16
exprimer;19;4;1;0;4;1;140
emji_deux_coeurs;72;3;0;1;0;6;11
merveilleux;120;3;5;3;2;5;36
exemple;19;19;18;0;5;30;85
propre;2;69;6;1;2;22;68
georges;50;14;1;4;2;17;68
cours;8;17;2;29;2;29;81
sembler;4;19;10;5;3;40;91
voiture;4;14;11;1;0;118;11
excellent;54;56;4;2;2;14;40
chercher;4;11;14;2;5;38;93
pied;6;68;2;11;2;38;28
oeil;25;14;5;3;5;49;65
normal;5;12;11;3;5;24;102
simplement;11;10;9;1;5;18;110
couper;9;23;9;5;2;42;72
recevoir;6;9;3;4;2;50;83
pratique;6;88;12;2;0;24;27
partager;71;9;6;3;0;16;56
noël;17;9;3;2;0;59;59
emji_visage_qui_fait_un_câlin;77;22;2;0;3;11;30
ville;5;9;23;3;0;94;15
journaliste;12;15;2;1;1;14;103
gentil;30;9;50;2;3;18;41
emji_visage_envoyant_un_bisou;65;19;1;1;3;14;30
cause;0;8;34;1;2;32;71
beauté;86;4;6;0;3;12;44
sujet;4;14;11;0;6;8;108
permettre;6;16;12;4;3;36;74
naturel;40;3;22;1;1;6;76
emji_visage_très_souriant_aux_yeux_rieurs;48;20;6;8;1;26;29
foutre;3;31;10;2;4;77;25
essayer;0;13;7;4;3;56;69
emji_visage_souriant;37;27;1;4;0;22;50
intéressant;25;2;2;0;1;28;92
battre;1;14;7;2;25;27;66
éducation;5;4;5;0;3;3;125
tuer;3;12;78;1;2;8;41
seulement;8;23;8;5;3;21;82
imaginer;3;28;7;1;6;30;76
gamin;9;12;2;10;7;23;87
continuer;12;6;13;5;6;42;64
faux;3;16;9;4;4;11;103
commencer;4;9;8;6;2;64;53
élève;4;1;1;24;1;9;101
terre;8;6;25;0;1;25;78
main;3;44;9;8;0;50;29
lieu;0;9;13;1;2;67;53
chance;30;5;4;2;3;20;80
tomber;9;10;11;12;2;45;57
jeunesse;29;10;3;5;1;14;82
reconnaître;10;25;2;1;5;67;34
peur;3;9;15;3;3;27;82
italien;6;110;1;0;0;9;8
image;23;4;1;3;2;44;68
guerre;2;8;5;1;1;45;66
prof;2;8;2;12;7;19;85
emji_visage_boudeur;2;10;39;2;1;15;5
emji_ok;94;11;4;0;0;6;19
emji_notes_de_musique;71;3;0;0;0;7;0
raciste;0;2;0;0;91;4;31
drôle;5;72;3;2;1;13;45
rapport;2;13;10;1;10;18;86
envie;3;18;7;3;2;16;90
revoir;54;12;2;3;2;22;45
créer;8;9;17;3;5;24;70
actuel;3;9;2;4;2;19;101
froid;11;96;6;1;0;11;13
âme;83;3;7;1;0;9;36
franc;3;63;8;1;0;23;25
métier;5;3;4;0;3;47;66
effectivement;3;19;5;3;1;34;72
montrer;5;9;3;3;3;29;85
gars;6;38;5;0;3;27;57
voix;36;33;3;2;0;8;53
argent;3;7;9;1;3;76;35
absolument;19;10;7;1;4;12;82
top;41;36;1;3;0;22;28
social;5;0;3;4;2;21;98
haut;4;31;0;9;3;39;46
emji_mains_en_prière_peau_claire;84;2;1;0;0;8;21
possible;2;11;9;6;1;44;57
langue;7;29;0;3;5;7;66
porter;1;15;4;3;3;24;76
faute;0;3;3;5;1;12;103
rue;2;14;19;1;1;71;17
emji_visage_soulagé;19;8;1;1;3;11;20
témoignage;81;1;2;0;1;5;40
lol;6;23;9;4;5;19;64
interdire;2;2;44;10;6;33;30
date;3;16;7;0;3;24;78
adulte;5;5;0;2;1;13;101
évoluer;0;5;12;1;1;10;96
prix;4;7;21;7;0;58;18
paix;81;3;3;1;1;11;23
moyen;2;20;6;1;3;27;68
etait;12;11;4;5;1;14;76
ouvrir;3;11;6;2;3;43;56
emji_visage_souriant_avec_une_larme;54;16;4;3;1;8;22
contraire;4;13;6;1;2;15;85
sauvage;1;3;116;0;0;1;1
bonjour;8;13;3;3;3;80;15
soir;4;11;31;12;3;43;17
nouveau;5;6;4;3;1;45;59
neige;6;56;4;2;8;27;15
maman;16;17;2;3;1;35;47
également;6;17;6;2;1;27;61
mois;2;15;4;4;1;74;17
copain;19;11;2;21;2;25;37
long;6;7;12;0;3;25;67
emji_rose;87;0;1;0;0;0;0
bas;12;13;10;1;2;36;45
manière;4;3;9;2;4;12;88
lausanne;12;20;4;1;1;77;1
complètement;7;14;9;3;6;14;68
honte;4;6;6;0;1;61;38
esprit;8;5;2;1;0;16;83
chaud;1;87;4;1;0;9;14
cadeau;9;1;5;0;0;23;69
émouvant;101;0;0;0;0;2;15
wesh;1;2;1;3;82;3;14
sport;8;6;0;15;0;42;42
fond;5;12;3;1;5;37;49
meme;1;31;3;6;4;11;61
emji_visage_avec_une_main_sur_la_bouche;5;37;4;3;0;13;34
client;0;15;4;0;1;83;8
sympa;19;11;5;4;2;68;9
suite;3;14;4;2;1;38;55
mourir;8;17;45;3;1;15;28
justement;1;10;10;0;9;33;53
expliquer;3;13;5;2;4;8;79
emji_coeur_étincelant;54;0;3;0;0;4;4
dur;2;4;8;1;1;22;74
avis;5;3;2;1;1;12;91
vérité;9;7;1;1;0;3;94
semaine;8;3;13;10;1;74;5
respecter;5;2;15;3;0;12;75
perso;0;42;4;4;7;24;36
état;2;6;14;1;0;40;52
émission;19;6;4;4;0;50;26
voisin;6;18;48;6;0;10;27
simplicité;62;2;1;0;0;10;39
réseau;7;3;3;4;3;12;82
différence;2;10;14;3;5;11;70
difficile;0;9;3;6;2;18;76
caissier;0;2;4;0;3;96;5
base;5;11;10;2;4;13;68
équipe;12;8;2;4;0;69;16
phrase;5;13;5;0;4;12;73
facile;3;21;8;2;0;12;68
sûrement;5;8;7;1;1;19;71
porte;11;19;6;1;5;42;27
lac;8;77;2;0;0;6;4
tenir;2;6;18;10;1;36;37
santé;8;7;16;2;0;31;46
fête;49;9;3;1;2;24;21
fils;7;17;3;4;3;16;58
cheveu;4;25;2;1;3;11;63
bref;0;8;4;4;6;31;58
vivant;10;4;31;1;0;10;53
terme;0;18;6;0;38;12;33
emji_visage_avec_un_léger_sourire;13;40;4;3;1;18;28
choix;3;6;9;0;3;37;52
gagner;2;12;5;3;2;61;20
canton;2;69;2;0;0;20;7
calcul;2;3;0;97;0;0;7
caisse;3;1;7;0;1;88;1
bête;3;8;56;2;5;2;23
table;0;3;2;92;0;3;7
sacré;24;19;8;8;2;34;12
remettre;3;3;2;7;5;16;70
livre;7;0;2;2;6;12;77
italie;3;89;2;4;0;6;6
différent;3;15;4;1;5;11;68
bain;6;87;0;0;0;6;5
aider;1;2;9;4;0;9;72
mental;2;1;0;83;0;5;14
leçon;47;6;3;4;1;5;41
habiter;3;43;12;5;1;25;17
douche;0;97;0;0;0;2;4
choquer;1;11;7;1;9;8;70
chien;1;8;72;0;1;4;12
parole;30;4;2;1;3;6;59
vaudois;10;81;2;0;0;7;4
sagesse;85;1;0;0;0;0;21
emji_visage_avec_lunettes_de_soleil;47;17;4;0;2;14;11
téléphone;5;10;1;12;3;28;43
type;6;19;12;2;3;18;46
racisme;0;4;3;0;61;1;28
propos;9;2;5;0;2;12;75
suivre;9;3;2;1;1;37;51
population;0;2;16;1;1;22;63
soleil;5;26;3;1;1;52;10
occuper;4;3;27;1;3;20;40
intelligent;24;2;13;1;1;2;59
important;5;4;5;1;0;21;63
emji_visage_qui_tire_la_langue_et_fait_un_clin_d_oeil;14;49;7;3;0;8;12
vocabulaire;7;14;1;3;7;2;66
rentrer;0;15;6;6;2;37;33
inventer;0;48;3;1;4;20;23
internet;0;4;3;2;1;49;39
effet;3;6;7;3;4;42;33
cest;7;22;5;1;2;18;37
rêve;18;3;0;1;0;24;51
emji_visage_souriant_avec_auréole;35;9;1;4;2;7;15
choisir;2;10;4;0;4;17;62
sac;2;42;12;5;0;20;9
musique;6;12;3;0;4;54;17
liberté;10;3;4;0;0;21;58
franchement;5;16;7;2;3;31;35
envoyer;2;10;16;1;1;44;25
disparaître;4;10;14;5;0;10;54
content;7;12;6;1;2;19;51
poule;5;2;86;0;0;1;2
matin;3;8;10;5;2;64;4
langage;9;3;1;0;15;1;64
emji_coeur_blanc;70;3;2;0;0;0;3
ressembler;4;39;6;0;2;19;25
pensée;10;7;4;2;4;10;60
p;8;55;1;2;3;7;14
jésus;10;11;2;2;1;12;32
culture;3;8;0;1;2;29;52
corps;0;13;4;0;0;18;57
public;1;8;2;3;1;30;45
plaindre;0;1;8;4;1;31;47
moitié;1;11;1;4;2;9;59
marier;7;23;0;1;0;6;54
impression;1;7;0;2;0;16;70
emji_visage_avec_un_sourire_malin;6;35;3;2;5;10;22
discours;6;5;8;1;0;6;70
chou;82;4;1;0;0;3;5
chanson;22;21;2;6;2;20;19
tirer;2;6;6;3;2;25;50
plastique;1;19;53;1;0;9;6
libre;4;4;4;1;2;18;57
emji_pouce_vers_le_haut_peau_claire;33;23;0;2;1;6;15
valeur;11;3;3;0;1;14;60
svp;9;19;2;4;1;49;10
riche;9;6;2;0;3;13;58
peine;0;7;1;3;1;13;69
horreur;1;57;11;3;0;6;15
emji_visage_qui_rougit;3;13;1;1;0;27;27
emji_visage_nauséeux;1;60;1;0;0;3;3
détester;2;42;3;3;0;17;23
totalement;3;6;7;0;2;11;60
film;8;29;2;0;1;28;24
fier;17;11;1;3;3;6;47
doux;24;13;6;0;1;10;39
couleur;2;12;2;0;25;20;31
village;4;17;15;3;1;36;13
traiter;0;5;20;1;5;13;47
tourner;2;7;3;2;1;46;25
système;1;10;11;1;1;41;23
preuve;0;5;2;1;2;8;70
gosse;5;6;5;0;1;10;63
emji_trèfle_à_quatre_feuilles;55;1;1;1;0;6;5
doute;6;6;5;3;2;15;55
capable;2;0;5;8;1;7;66
bout;5;14;4;4;0;52;10
toucher;13;4;3;1;0;22;48
mari;2;8;3;1;0;8;59
célestin;49;0;1;0;2;1;36
match;4;3;2;2;1;67;8
clairement;2;14;5;0;1;14;52
souhaiter;18;0;5;1;1;9;54
service;1;8;20;2;1;25;30
rare;10;8;4;2;1;10;51
vacance;6;20;3;2;0;48;7
réfléchir;4;2;4;3;1;13;61
riz;2;2;75;0;0;2;1
pleurer;7;12;2;0;4;14;46
origine;1;17;2;2;3;15;46
grave;3;16;3;0;3;7;56
fumer;2;10;4;0;1;55;12
endroit;3;6;7;1;1;43;20
gauche;3;12;3;1;2;39;24
emji_visage_souriant_avec_de_grands_yeux;44;5;3;4;1;6;10
violence;1;1;1;2;0;8;69
retour;11;11;2;2;0;47;13
interview;20;12;1;1;0;10;39
emji_visage_rieur;33;7;1;2;0;15;23
emji_mains_en_prière_peau_moyennement_claire;63;0;4;0;0;2;7
boulot;0;13;4;1;0;52;14
retourner;5;6;4;2;1;35;31
nostalgie;37;7;1;3;0;8;27
marcher;4;8;1;1;2;44;24
maladie;1;2;33;3;0;25;17
intelligence;14;1;3;0;2;4;58
groupe;5;12;3;4;6;35;17
emji_visage_grimaçant;1;38;4;0;1;10;23
ya;1;13;6;2;7;18;35
sérieux;2;27;5;0;3;11;34
remarquer;3;7;1;5;1;10;54
oser;2;7;4;1;3;11;55
mamie;44;9;12;1;0;5;13
hygiène;1;72;0;0;0;2;5
fermer;2;9;8;1;2;50;12
emji_étoile_brillante;42;0;0;0;0;1;5
emji_visage_pensif;13;3;4;2;0;12;46
emji_singe_ne_rien_voir;5;38;2;1;0;3;7
emji_mains_qui_forment_un_coeur;50;2;2;0;1;4;5
découvrir;14;10;3;0;1;35;18
certainement;3;8;6;0;1;15;47
rouler;7;13;1;1;0;53;2
prêt;4;9;4;0;1;41;14
obliger;2;10;8;5;0;24;33
ensemble;8;3;2;5;0;27;36
emji_visage_qui_regarde_entre_ses_doigts;4;28;3;4;2;11;19
emji_biceps_contracté;38;3;2;1;0;6;6
clair;7;12;1;0;1;9;52
aide;3;3;6;3;0;23;41
règle;1;13;0;10;0;22;35
ridicule;1;9;5;0;1;15;47
raconter;3;4;1;0;1;16;56
qualité;3;4;9;2;0;12;51
période;10;11;1;3;1;7;44
bouteille;1;44;19;2;0;9;3
bcp;3;11;4;2;3;8;45
train;0;11;4;2;0;44;19
soeur;15;7;6;3;1;4;42
sauter;7;4;0;54;0;3;7
plaire;9;7;2;1;2;6;53
pain;2;15;49;1;1;3;1
euro;2;31;1;2;0;41;1
emji_applaudissements_peau_moyennement_claire;34;0;0;0;0;2;2
danse;6;27;1;3;1;8;29
course;0;1;1;2;0;50;17
évidemment;1;13;6;0;0;6;54
éduquer;4;3;2;0;2;1;64
suffire;2;13;10;1;0;13;40
papier;1;53;3;2;1;5;10
offrir;10;2;4;1;0;32;29
détruire;0;2;31;1;1;15;28
comparer;3;3;6;1;1;19;46
carte;4;7;2;21;1;25;12
arbre;9;1;23;4;1;16;18
amuser;14;11;0;12;2;2;39
salle;0;61;1;2;0;9;4
réalité;4;0;2;1;0;4;65
jean;3;35;2;2;2;13;16
féminin;3;7;1;1;1;41;17
finalement;3;6;11;0;2;11;46
face;1;16;1;1;1;11;43
courage;27;3;2;1;1;14;28
cool;23;2;2;2;0;20;30
blague;1;39;4;2;3;8;20
humanité;7;0;6;0;1;16;46
foot;2;3;0;11;1;43;11
emji_visage_de_clown;2;10;4;0;3;9;31
accepter;3;1;7;1;6;15;45
résultat;4;1;2;6;0;13;50
protéger;7;4;8;0;0;18;37
forme;5;6;5;4;5;10;41
emji_tête_de_fou;5;53;0;0;1;11;4
doigt;3;12;1;3;1;16;39
cerveau;1;6;3;2;2;9;49
passage;4;22;2;4;0;29;13
méchant;0;2;2;1;2;2;59
intérêt;0;3;3;5;0;17;47
humilité;43;3;0;1;1;2;25
gant;1;65;0;0;0;0;1
europe;5;20;0;2;2;32;14
changement;2;5;2;0;1;14;51
allemand;0;50;2;0;0;12;9
vendre;2;11;10;1;0;46;4
réflexion;5;3;2;2;5;6;51
police;4;1;2;1;1;43;18
planète;2;5;7;2;1;12;43
nuit;2;8;8;1;0;48;6
expression;4;7;1;4;8;2;49
etre;3;7;13;0;2;9;39
emji_visage_implorant;27;3;2;2;0;6;24
bois;11;9;10;1;0;38;4
avance;4;8;3;0;1;8;51
wow;30;9;3;2;0;8;21
voler;1;2;8;1;0;47;12
situation;0;2;4;0;1;8;57
région;3;42;3;1;2;15;8
route;1;5;9;1;0;46;11
papa;10;26;0;1;0;20;16
nombre;1;1;17;1;0;12;37
enseignant;1;3;0;5;0;1;63
chasseur;0;2;63;0;0;2;0
belgique;1;62;1;1;0;4;5
éviter;0;8;10;1;3;40;10
style;9;17;1;0;1;5;38
primaire;7;2;1;41;1;5;16
poste;1;4;10;0;0;42;14
mentalité;8;4;3;0;1;13;43
désolé;1;13;7;1;3;14;33
courir;4;10;2;1;0;16;35
agir;0;4;2;3;1;22;40
regard;31;2;5;1;1;6;26
national;15;4;1;1;1;21;27
frère;1;6;2;3;16;14;27
formidable;53;3;2;1;0;2;11
emji_yeux;6;50;1;0;0;7;3
emji_visage_triste_mais_soulagé;6;1;1;1;2;1;29
dangereux;0;5;10;2;1;25;28
photo;8;7;6;0;1;30;17
peau;2;6;7;0;3;36;13
nourriture;0;4;55;0;0;5;5
jurer;2;53;2;0;3;2;8
emji_visage_avec_des_symboles_dans_la_bouche;0;6;20;0;0;8;2
dépendre;1;17;9;1;3;13;27
but;3;1;9;0;0;28;26
boîte;0;3;19;0;2;24;20
belge;4;45;1;0;0;11;5
énorme;9;17;6;2;0;8;27
sourire;29;3;1;1;1;6;26
oreille;5;10;2;3;4;7;39
montagne;4;9;3;0;0;40;10
loi;1;5;5;0;4;19;35
i;31;9;1;1;0;13;13
emji_visage_qui_vomit;0;43;2;0;0;5;8
emji_coeur_brisé;37;2;4;0;0;4;5
prouver;1;2;5;0;1;8;49
professeur;1;2;0;3;0;1;56
prochain;2;13;3;2;0;30;17
boire;2;23;14;0;0;11;18
apprécier;5;2;2;0;0;16;41
solution;3;8;6;1;0;18;26
siècle;2;7;4;4;1;4;42
sale;0;38;5;0;1;12;12
méthode;2;1;2;5;0;7;41
lapin;1;6;45;0;2;3;7
goût;2;8;5;0;0;10;42
forcément;0;5;6;0;2;7;44
chaleur;2;37;2;2;0;11;13
écran;3;2;4;5;0;15;36
sécurité;0;2;12;0;0;42;7
race;3;0;30;0;6;3;16
ps;1;32;2;0;3;13;15
politique;2;1;0;1;0;19;40
migros;0;2;47;0;0;8;3
magasin;1;4;10;0;1;42;7
impossible;0;11;3;0;2;25;26
habitude;2;4;6;1;5;18;31
fameux;4;40;1;4;1;5;11
degré;1;15;2;2;2;26;16
café;3;11;28;0;5;10;7
roi;11;9;0;0;0;34;10
pur;14;8;9;0;0;1;34
pari;1;16;2;1;2;39;3
mériter;6;1;5;1;0;10;43
joyeux;26;4;1;1;0;11;21
intéresser;1;2;1;2;0;18;36
gueule;1;10;4;2;2;36;10
expérience;9;1;0;0;0;11;44
empêcher;0;1;7;0;1;12;45
connaissance;5;2;3;0;1;11;43
utile;3;12;4;2;1;7;36
tromper;1;2;2;1;2;14;40
tour;3;7;3;8;0;22;22
schneck;0;50;0;0;1;0;1
salaire;0;0;1;0;0;52;10
réel;3;3;3;2;0;9;44
nombreux;1;3;9;2;0;21;29
insulter;1;2;1;0;28;1;29
info;0;10;5;2;6;23;19
général;1;9;2;1;1;19;32
fondue;4;46;0;1;0;6;3
final;1;6;3;2;1;24;26
extraordinaire;46;1;0;0;1;5;11
exceptionnel;21;10;5;1;2;6;20
entier;2;6;5;0;0;18;33
cul;0;55;0;1;1;3;4
bosser;0;6;4;1;2;37;15
actuellement;1;5;5;2;1;14;36
étude;0;2;2;4;0;17;39
étonner;4;7;7;1;0;20;25
tristesse;5;0;0;1;1;2;55
ski;6;20;0;1;0;31;4
reposer;50;0;1;0;0;2;11
produit;0;1;25;2;4;13;15
fromage;2;20;12;2;2;12;8
emji_tête_à_l;7;5;4;2;5;18;20
emji_applaudissements_peau_claire;25;2;1;0;0;3;1
courant;0;17;4;2;3;9;29
bizarre;1;13;3;1;6;6;34
1er;4;20;4;2;0;21;10
évolution;4;0;2;0;1;9;46
supporter;0;2;6;0;1;45;7
subir;1;1;0;1;6;16;37
retraite;6;5;1;2;1;36;10
purée;10;37;2;1;1;5;7
juger;1;0;1;0;1;5;50
décéder;5;2;6;1;0;11;37
dos;1;17;7;1;2;24;9
compter;5;5;4;3;0;13;32
collège;1;6;1;17;5;9;23
argument;0;3;4;0;12;3;35
apprentissage;0;2;2;3;1;9;43
verre;0;11;33;1;0;9;3
tjs;7;15;1;2;3;23;5
saint;5;2;2;14;1;11;21
risque;0;3;12;1;0;24;19
religion;1;2;1;0;6;3;45
logique;1;3;1;1;2;4;47
rigoler;1;21;2;2;3;1;30
pote;3;12;1;1;3;37;2
nègre;0;0;0;0;56;0;0
nouvelle;5;6;0;1;0;12;37
ménager;0;3;2;1;0;8;42
monter;5;7;3;7;2;30;7
message;8;4;0;2;0;9;38
conscience;3;0;7;0;2;6;42
rouge;1;20;3;1;3;25;5
respectueux;1;3;0;1;0;4;50
magique;42;1;3;0;1;7;6
joie;10;1;3;2;0;4;40
grand_mère;9;8;5;2;0;5;30
emji_visage_festif;34;3;0;1;0;4;2
emji_mains_qui_forment_un_coeur_peau_claire;40;1;2;1;0;1;3
campagne;2;7;19;1;0;13;16
bientôt;5;6;1;1;1;31;13
anglais;0;14;0;0;1;31;10
actualité;7;6;33;0;0;2;10
élevé;2;1;2;1;3;14;35
tt;6;12;1;1;4;5;25
science;0;1;1;1;1;2;46
sage;23;3;1;2;2;2;25
parfaire;3;12;6;0;2;6;30
humour;8;17;0;0;3;4;25
hahaha;6;43;0;1;0;1;5
espèce;1;3;35;0;2;1;15
dingue;4;9;0;3;1;9;32
chanter;7;21;1;2;2;3;21
caméra;0;4;1;1;1;33;14
baisser;0;3;3;0;0;8;45
âgé;1;8;6;0;2;6;33
vaud;3;43;1;0;0;6;2
soin;3;2;14;0;0;11;28
sauver;4;8;22;0;1;10;11
paraître;3;6;5;1;0;12;30
ordinateur;0;2;3;1;0;7;41
nord;1;32;0;0;0;12;7
milieu;3;5;4;2;0;10;30
fesse;0;48;0;2;1;3;3
fan;19;7;2;1;0;22;4
chemin;4;3;6;2;0;7;34
chaise;2;8;0;46;0;0;2
unique;2;1;8;1;1;32;10
saison;6;39;1;0;0;4;6
ressentir;2;1;2;0;0;10;41
présenter;2;1;3;1;1;25;23
profiter;5;5;1;0;0;24;21
moquer;0;6;0;2;4;20;24
mondial;1;4;4;4;0;38;4
meuf;1;20;1;2;1;15;13
maîtresse;5;6;2;5;0;2;35
malade;1;4;8;4;1;15;22
lien;2;1;2;1;1;27;21
erreur;0;4;2;1;3;19;26
emji_coeur_violet;24;4;0;1;0;2;1
emji_coeur_avec_ruban;30;0;0;0;0;0;3
désir;9;1;2;1;0;3;40
déranger;2;1;6;0;12;10;23
couple;6;1;2;0;0;0;45
chapeau;26;5;0;0;0;5;20
bel;25;7;2;0;1;3;19
émotion;34;1;3;1;0;3;14
vélo;2;7;0;1;1;39;2
putain;4;28;2;1;1;6;13
proche;1;8;4;1;0;13;28
physique;3;1;1;6;1;6;37
nan;0;15;0;1;0;5;30
minute;3;4;1;0;0;37;7
horrible;0;2;9;0;1;28;16
droite;0;6;2;2;0;37;4
douceur;38;0;0;0;2;1;14
considérer;1;4;15;0;7;5;23
bruit;0;2;4;1;0;40;8
apporter;5;2;6;0;0;8;33
acteur;30;4;1;1;1;6;11
télé;2;11;1;0;0;17;23
présent;0;5;6;0;3;11;30
passion;13;2;0;5;0;19;15
majorité;1;2;3;0;1;11;36
julien;43;2;0;0;1;2;5
emji_visage_de_geek;6;14;3;0;4;5;12
direct;1;13;2;1;0;30;8
calme;2;5;2;1;0;12;32
cacher;2;4;5;1;1;20;21
souci;3;8;3;2;2;20;15
seconde;2;9;2;2;1;16;20
scientifique;0;0;1;0;1;2;40
romand;2;32;0;1;0;9;9
pâtisserie;0;6;2;0;42;0;1
personnel;1;5;6;0;0;5;35
habiller;2;8;0;0;0;9;33
genevois;2;36;0;0;1;8;6
excuser;0;2;0;3;3;11;34
coûter;1;2;2;2;0;38;5
agréable;8;5;1;0;1;9;30
rêver;13;4;3;1;0;3;28
remplir;8;5;5;1;0;18;10
remplacer;1;5;6;3;2;23;13
malheureux;2;1;27;2;1;2;18
idem;4;17;3;5;2;8;12
essentiel;4;4;2;0;0;12;30
décider;0;0;4;1;3;22;20
ds;2;3;2;3;7;26;9
danser;10;10;0;3;1;20;7
critique;0;3;2;0;1;1;44
comportement;0;1;9;0;1;2;39
claudia;44;4;0;0;0;0;3
chaussette;2;39;0;0;3;5;3
casser;2;4;3;1;5;22;16
bouger;0;5;1;3;1;25;17
bande;3;20;1;0;0;16;10
voyage;13;3;1;4;0;21;10
victime;1;1;4;2;9;5;29
traverser;4;3;0;0;0;34;8
the;32;4;0;1;1;3;8
terrible;3;6;5;0;0;4;32
superbe;31;4;3;1;0;4;8
récréation;25;1;0;16;0;2;7
refaire;7;4;2;16;1;10;11
pépite;33;6;0;0;1;3;8
probablement;1;3;3;0;0;11;33
inutile;1;1;4;1;1;7;37
hyper;6;8;0;2;1;13;22
fonctionner;1;3;3;0;0;7;37
emji_visage_épuisé;3;11;1;2;0;6;9
emji_pouce_vers_le_haut_peau_moyennement_claire;29;4;0;2;1;2;4
arabe;0;9;0;1;33;3;3
anniversaire;33;1;1;0;0;3;6
vision;4;2;2;0;0;2;39
taper;0;6;5;1;1;27;11
récré;5;8;3;33;0;0;1
quitter;3;3;4;1;1;10;26
personnage;19;9;1;0;1;7;13
mariage;2;5;0;0;1;5;35
jeter;0;9;16;1;1;18;6
féministe;1;7;0;0;0;0;38
epoque;9;14;2;2;0;4;19
enlever;1;13;1;1;3;24;8
critiquer;1;5;2;1;1;2;39
bouche;5;4;1;1;6;4;29
avion;0;1;4;0;0;43;1
étranger;1;6;3;2;2;17;19
technique;1;7;1;4;0;29;6
souffrir;0;2;7;3;0;11;25
soirée;5;5;3;0;0;25;11
serviette;0;44;0;0;0;0;1
répéter;1;1;0;2;1;7;33
prénom;5;2;0;1;16;4;18
portable;4;3;1;5;0;10;26
mr;14;10;1;1;3;8;12
marrant;4;10;3;1;4;3;25
machine;2;6;1;0;2;10;26
limite;0;6;2;3;2;16;19
jardin;1;2;28;1;1;8;6
futur;1;3;0;0;0;11;34
feu;1;18;12;1;1;7;9
emji_visage_qui_fait_un_salut_militaire;9;3;3;0;0;5;23
emji_partition;38;0;0;0;0;6;0
emji_coeur_grandissant;23;0;1;0;0;1;1
contexte;0;3;0;0;6;3;36
confirmer;5;13;5;0;1;3;20
chocolat;1;6;3;0;25;4;7
vache;3;13;4;2;0;13;13
supprimer;2;4;7;0;1;23;10
réussir;2;1;4;2;1;9;30
proposer;1;4;6;0;0;19;15
participer;1;2;2;2;1;8;33
paradis;16;2;6;0;0;3;22
nettoyer;1;31;2;1;0;5;7
multiplication;1;1;0;46;0;1;0
minimum;0;0;0;3;2;16;28
légende;9;5;1;1;1;5;25
foi;3;3;1;0;1;3;36
emji_visage_éméché;2;8;10;0;0;4;14
emji_chat_qui_pleure_de_joie;2;5;1;0;0;0;0
dépasser;1;3;1;3;1;21;18
douchette;1;47;0;0;0;0;0
dormir;5;8;3;1;1;27;4
concerner;1;5;3;1;8;7;24
combat;1;5;2;0;1;6;33
chrétien;1;2;0;0;2;4;33
bébé;2;7;6;0;0;5;24
benett;2;39;0;0;0;1;6
wc;0;43;0;0;0;0;1
vide;0;3;18;0;0;8;18
titre;3;2;1;0;4;19;18
renseigner;0;5;4;1;0;8;30
québec;4;36;1;3;0;1;2
pigeon;2;0;35;0;0;3;4
personnellement;1;2;2;0;2;6;35
mythique;30;8;2;0;0;3;5
moche;2;25;0;0;0;7;11
lunette;4;5;0;0;0;10;26
installer;1;34;2;1;0;5;3
impressionnant;36;1;0;0;0;2;9
h;4;3;0;2;0;36;0
espagne;1;20;0;5;1;10;11
enseigner;0;0;1;7;0;8;31
emji_visage_qui_fond;7;8;4;1;0;5;17
débile;0;4;1;6;5;4;28
cuisine;4;3;1;0;0;10;30
cousin;3;27;1;1;0;8;3
correctement;0;3;0;0;1;6;37
commun;1;7;4;0;2;15;18
bleu;4;21;2;0;3;5;8
apparemment;0;10;2;0;1;4;30
uniquement;0;0;7;0;0;13;26
sain;3;1;7;1;0;6;29
retenir;1;6;1;1;0;8;30
repas;3;4;10;0;1;26;2
ramener;3;5;1;1;0;16;19
radio;1;13;0;2;0;24;4
pourri;1;2;2;0;0;10;29
parfaitement;7;4;0;1;0;2;33
ménage;1;6;1;0;0;7;32
lumière;7;0;3;0;4;5;27
grandir;3;6;1;2;0;3;31
filmer;4;10;2;1;1;12;17
ennuyer;2;0;2;3;1;16;18
emji_visage_avec_un_monocle;3;14;1;3;0;4;22
désoler;0;4;3;3;1;2;32
consommation;0;1;0;0;0;5;38
bêtise;0;2;3;1;1;4;34
avouer;1;19;2;1;1;1;22
wallah;0;2;0;0;31;2;11
tres;18;4;0;2;0;7;13
source;3;2;4;2;0;7;25
responsable;0;0;6;0;1;8;30
r;6;12;3;3;2;18;1
pousser;0;1;1;1;1;21;20
peuple;3;6;0;0;1;10;25
ordre;0;0;4;1;0;13;26
musulman;1;21;0;0;2;4;15
gâteau;0;8;2;0;30;2;1
emji_miam;6;31;0;0;1;2;1
emji_crâne;0;27;1;0;1;7;8
effort;0;0;1;1;1;10;33
compliqué;1;5;1;2;0;10;27
ciel;2;4;3;7;2;17;10
bras;4;5;4;4;0;15;13
assurer;1;0;2;2;0;16;25
énormément;2;1;4;0;1;7;30
énergie;9;1;2;1;0;15;16
visiblement;0;9;2;0;3;6;25
tv;1;2;1;1;0;30;9
terminer;1;10;0;3;1;24;6
soutenir;1;1;3;0;1;2;36
mémoire;10;3;0;4;0;21;7
misère;0;3;3;0;0;7;30
lavette;0;39;0;0;0;1;0
intérieur;2;6;2;0;1;12;19
forêt;4;2;16;0;1;3;16
emji_signe_de_la_main;18;5;1;0;0;6;9
emji_femme_qui_hausse_les_épaules;0;8;1;0;3;3;28
emji_colombe;32;0;1;0;1;1;1
construire;1;6;5;1;1;1;30
connerie;0;2;2;0;0;24;17
compagnie;4;0;24;0;3;6;7
commenter;0;7;2;0;0;5;30
activité;1;0;8;3;0;16;15
visionnaire;31;4;0;0;1;1;7
vin;2;32;0;0;0;5;3
viande;0;3;41;0;0;0;0
team;10;30;0;0;0;3;0
refuser;1;6;4;0;0;14;19
recherche;3;3;4;1;1;10;22
privé;0;2;1;2;1;7;28
negre;0;2;0;0;37;0;0
my;34;3;0;1;1;3;1
milliard;0;2;2;0;0;30;4
lever;3;4;1;4;0;21;10
information;1;3;3;0;1;16;19
génie;3;24;0;0;1;5;10
constater;0;0;6;1;1;11;25
club;3;4;0;0;1;31;5
balle;2;7;1;8;0;18;6
vêtement;1;7;2;0;1;9;21
vol;0;1;1;1;1;37;1
tit;4;28;1;0;1;1;3
tecktonik;1;14;0;0;0;5;18
soigner;5;0;2;0;0;19;14
reprendre;2;11;1;2;1;9;17
rencontrer;9;1;1;0;0;7;25
québécois;0;41;0;0;0;1;0
produire;0;4;13;1;2;14;9
mtn;0;14;2;0;1;13;11
mouvement;1;1;0;2;1;5;29
marque;0;22;3;1;1;4;10
inverse;0;7;1;0;3;5;26
gratuit;0;3;1;0;0;12;22
employé;0;2;2;0;2;32;5
emji_mains_en_prière_peau_légèrement_mate;16;2;0;0;0;1;8
emji_coeur_vert;29;0;0;0;0;0;3
développer;1;1;4;0;0;7;29
désormais;1;1;7;0;4;3;27
définition;3;5;1;0;5;2;26
double;4;4;0;3;1;19;10
cycle;6;8;5;2;0;1;19
covid;0;6;25;0;1;5;5
bus;1;8;2;0;0;23;7
avancer;2;0;4;1;0;2;32
élocution;6;1;1;0;1;1;32
égoïste;3;0;11;0;0;1;27
turc;0;1;0;0;0;31;3
sincère;13;0;3;0;1;3;20
quartier;4;3;10;1;0;17;4
plage;0;31;1;0;0;5;3
oiseau;2;2;29;0;0;4;3
invention;2;26;1;0;0;2;9
intime;1;38;0;0;0;0;3
inspirer;11;12;1;2;0;4;11
haine;1;2;2;0;2;2;32
george;12;6;1;0;0;1;21
emji_tas_de_crotte;1;27;1;0;1;3;4
emji_flocon;15;4;1;0;0;3;3
emji_cornes_avec_les_doigts;19;10;1;1;0;2;3
condition;2;1;9;0;0;6;21
clope;2;6;4;0;0;26;3
chier;0;7;2;0;4;6;22
champion;4;4;1;1;0;6;25
adopter;1;3;26;0;1;1;10
tâche;0;1;0;1;0;5;30
sorte;1;3;3;1;2;15;15
scolaire;0;0;1;3;0;5;31
pierre;4;4;4;21;1;2;3
pantalon;2;14;0;1;0;16;7
mdrrr;2;17;3;1;0;2;16
joueur;4;6;1;4;0;20;4
iphone;1;3;0;15;0;8;14
instituteur;2;0;2;9;0;2;23
gérer;0;3;1;1;0;18;17
fribourg;4;29;0;0;0;3;3
fleur;3;2;18;0;0;4;13
espace;0;2;7;0;0;15;14
enfer;0;4;2;1;0;21;13
emji_visage_aux_yeux_en_spirales;0;16;2;1;1;15;2
emji_soleil;25;4;1;0;0;4;0
débat;0;4;0;0;1;6;28
corde;8;0;2;25;0;0;5
complet;1;5;4;3;0;20;7
coin;2;9;1;0;0;10;18
carrément;6;22;2;1;0;3;7
video;8;2;1;0;0;8;21
tjrs;3;11;2;2;5;5;10
sud;0;16;0;3;2;10;9
sortie;0;7;0;3;0;22;7
réaliser;1;2;0;3;0;9;25
représenter;4;0;13;1;0;5;16
pull;3;34;0;0;0;2;1
programme;2;0;0;10;0;7;19
poubelle;2;6;22;2;0;3;3
philosophie;7;0;0;0;0;3;27
orthographe;0;3;1;6;0;1;29
opinion;1;1;1;0;0;0;36
objet;1;2;21;1;0;6;9
fruit;1;1;29;0;1;5;3
extrêmement;5;3;3;0;1;2;26
extrême;0;2;2;0;0;22;11
entreprise;0;6;4;0;3;20;7
emji_visage_avec_les_sourcils_relevés;0;21;2;0;0;3;7
emji_drapeau_france;7;19;0;0;0;4;3
documentaire;12;1;1;0;1;10;13
croix;2;0;1;2;1;11;13
contrairement;0;3;7;0;0;6;24
climatique;0;0;1;0;0;2;35
charme;22;4;0;1;0;2;10
centre;0;1;10;1;0;24;2
vert;4;12;7;0;0;15;1
tôt;1;1;1;0;1;11;23
tenue;1;10;1;1;1;13;11
taille;0;5;5;13;1;4;10
stupide;0;0;2;0;1;5;28
stade;0;2;1;1;0;29;5
regretter;2;6;1;2;0;9;17
rappel;8;1;2;3;3;3;19
préparer;1;6;6;1;0;12;12
printemps;9;18;3;1;0;3;2
poisson;0;22;7;1;0;4;2
particulier;0;1;9;1;5;16;7
obligatoire;0;17;4;0;0;14;3
lettre;0;3;2;3;0;23;7
inquiéter;1;6;1;0;1;21;9
frapper;0;0;1;2;1;5;29
européen;1;6;2;2;4;16;6
emji_visage_qui_tire_la_langue_les_yeux_plissés;3;31;1;0;0;0;1
emji_mains_qui_forment_un_coeur_peau_moyennement_claire;27;3;2;0;1;1;3
emji_drapeau_italie;4;25;0;0;0;1;0
emji_coeur_bleu;26;0;0;0;0;1;1
concours;0;5;1;25;0;2;5
bénir;21;0;2;0;0;3;12
alcool;1;4;8;0;1;15;8
ahah;3;8;2;9;2;8;7
adolescence;12;9;0;1;0;4;12
trou;1;14;3;0;0;20;0
travers;1;2;2;1;1;6;25
transmettre;5;0;5;0;0;8;18
total;3;4;1;0;0;6;23
sexe;0;1;5;0;2;1;27
rôle;3;1;1;0;0;8;25
réduire;0;2;6;1;0;10;17
quotidien;0;3;1;1;0;5;27
qd;0;4;6;3;1;7;17
péjoratif;0;0;0;0;38;0;0
piscine;1;25;1;0;0;5;5
new_wave;8;25;0;0;0;1;1
millier;0;2;10;0;0;10;15
lundi;3;3;0;4;0;27;0
juif;0;4;1;0;2;4;11
jesus;1;0;1;0;1;6;24
inviter;1;5;4;2;1;14;11
geste;7;2;3;2;0;6;18
exact;4;8;3;2;18;2;1
couteau;0;9;0;1;2;5;16
coop;1;1;35;0;0;0;0
contenter;5;1;2;0;0;1;28
conduire;2;5;5;0;0;15;10
collègue;1;12;0;2;2;17;4
catastrophe;0;2;5;1;0;6;23
bordel;5;8;4;0;1;10;10
banque;0;3;1;0;0;27;3
article;0;0;5;0;1;26;5
ancêtre;8;14;0;0;1;0;14
affaire;0;7;1;1;2;24;3
visage;11;6;0;2;0;7;11
violent;0;1;3;1;1;3;28
version;1;12;2;1;2;16;3
transformer;0;3;5;1;0;6;22
tranquille;2;3;5;0;0;14;13
spécial;8;11;1;0;0;8;5
soumettre;0;3;0;1;1;2;29
site;1;3;0;0;1;26;2
rapide;0;6;1;16;0;7;7
punaise;5;13;1;1;0;4;13
pitié;0;5;4;0;0;6;22
papi;18;1;1;2;1;3;10
omg;11;13;3;1;0;5;4
nostalgique;5;3;0;0;0;4;25
mystère;1;7;1;0;0;27;0
matériel;2;2;1;0;0;13;17
ligne;2;3;1;0;2;22;6
lier;1;1;4;0;0;11;19
jouet;2;3;4;2;0;5;19
humble;8;1;1;1;0;0;26
hasard;0;2;2;1;2;10;19
gouvernement;0;2;5;0;1;16;13
fantastique;21;4;2;2;0;5;3
enseignement;2;0;0;3;0;1;29
emji_fleur_de_cerisier;29;0;0;0;0;0;3
emji_coeur_rose;21;0;2;0;0;1;2
défendre;0;0;2;0;0;18;15
croiser;4;1;4;0;0;9;18
confiance;2;1;2;1;0;11;19
chef;1;1;0;0;2;29;3
chaîne;0;4;3;0;0;25;5
chasser;0;2;29;0;0;3;3
bienveillant;6;1;3;0;0;2;25
avenir;3;0;0;1;0;5;28
walkman;6;18;0;1;1;1;7
vérifier;0;5;3;0;0;26;1
voleur;0;1;0;0;0;27;2
unir;3;1;1;0;2;26;3
télévision;4;10;1;1;1;15;4
transport;0;1;14;0;0;11;6
supérieur;0;0;3;1;6;4;19
sol;0;3;3;2;1;17;9
remonter;5;6;0;3;2;12;8
rassurer;1;7;0;2;0;4;22
pudeur;22;0;0;0;0;4;10
principe;0;5;3;0;1;4;23
planter;1;5;1;1;0;4;10
paire;3;9;0;1;0;15;7
notamment;1;5;5;0;2;3;19
moteur;1;7;0;1;0;23;1
matière;0;5;2;2;0;2;25
marché;0;0;5;1;1;26;2
journal;2;0;0;0;0;24;6
informer;0;0;6;0;1;3;23
imposer;0;1;0;0;0;9;26
ignorance;2;2;4;0;1;0;25
gentillesse;18;2;2;0;0;1;13
fumeur;0;2;1;0;0;27;3
frais;2;18;4;0;0;7;5
emji_cotillons;15;2;0;0;0;2;2
emji_coeur_enflammé;20;1;0;0;0;2;4
emji_coeur_battant;18;0;0;0;0;0;0
curieux;0;0;1;1;1;4;29
crier;0;2;6;0;3;6;17
chasse;0;3;20;0;0;9;4
charmant;23;1;0;0;0;3;9
calculer;0;2;0;8;0;4;20
bouffer;0;4;27;0;0;3;1
ajouter;1;4;1;2;0;6;22
adapter;0;1;18;0;0;2;14
abandonner;0;7;20;0;0;6;3
énerver;0;5;3;0;1;4;20
youtube;4;3;0;1;0;26;1
véritable;7;0;2;1;5;2;17
voter;0;3;2;1;0;23;5
vote;2;0;0;1;0;15;16
stop;2;5;0;1;0;16;9
smartphone;1;1;0;3;0;11;19
secte;0;0;0;0;30;2;2
secret;6;2;3;0;0;11;10
responsabilité;4;0;3;4;0;12;12
prononcer;1;22;1;0;0;2;9
plan;1;6;7;0;0;10;9
parisien;0;13;0;2;0;17;2
paquet;1;3;9;1;1;16;2
nécessaire;2;3;2;1;2;9;16
mimi;33;0;1;0;0;0;1
micro;4;3;11;0;0;11;5
lancer;0;3;1;2;0;16;13
instagram;1;0;1;0;0;25;7
immense;8;1;3;1;0;2;19
gêner;1;2;1;0;2;1;25
fragile;0;1;11;0;8;1;12
fabuleux;23;1;1;0;0;5;4
entraîner;2;4;2;17;0;3;7
emji_v_de_la_victoire;15;6;0;2;1;4;6
emji_cent_points;24;0;1;1;0;2;2
dent;0;19;1;0;1;3;8
concept;3;4;2;0;0;5;20
classique;3;18;2;0;1;5;6
casque;2;8;0;0;0;23;1
assumer;0;5;2;1;2;14;9
arrivée;1;8;2;0;0;16;8
armée;0;5;2;4;1;9;13
ahaha;3;26;1;0;0;2;3
étonnant;3;2;3;0;1;7;18
égalité;0;0;0;0;0;3;30
talent;7;5;1;0;0;8;13
survivre;2;0;14;0;0;5;13
réveiller;2;8;2;0;0;8;14
raisonnement;0;1;3;0;1;4;22
policier;2;5;0;1;1;19;3
pluie;2;21;0;0;0;4;6
perte;0;1;4;0;0;11;17
nez;1;2;1;2;3;13;10
maître;0;2;3;3;0;1;25
lorrain;0;23;0;0;0;1;1
interviewer;0;1;0;0;0;3;29
incapable;1;1;0;8;0;2;21
huitante;1;29;0;0;0;0;1
huile;0;11;1;0;0;14;0
emji_étoile;13;0;0;0;0;1;1
difficulté;0;0;2;0;0;5;26
deja;1;4;3;1;0;7;16
coucher;0;1;1;0;0;19;11
com;0;21;0;0;3;5;4
christ;5;1;0;0;0;3;13
cancer;0;1;4;0;0;25;4
bureau;0;6;0;0;0;22;5
brave;5;3;5;0;0;3;18
assurance;0;1;0;0;0;25;3
élégance;19;2;0;0;2;2;8
vivement;5;10;0;0;1;14;3
vieillir;6;2;1;0;0;1;22
réaction;1;2;3;0;0;3;22
religieux;2;1;0;0;4;1;24
quasiment;1;5;2;2;1;6;16
pratiquer;0;1;3;14;0;2;12
plat;2;5;11;0;0;5;8
nu;0;3;0;1;0;2;26
modeste;6;3;0;0;0;3;21
midi;0;6;1;3;1;20;1
marquer;5;4;1;0;0;3;20
maroc;5;5;0;23;0;0;0
ia;1;2;1;0;0;10;19
formation;0;1;2;0;0;18;10
existence;2;3;1;1;0;0;25
exercice;1;1;0;14;0;7;9
emji_ok_peau_claire;23;3;1;0;0;1;2
emji_homme_avec_la_paume_sur_le_visage_peau_claire;0;16;2;0;0;3;3
déplacer;0;3;3;0;0;12;15
décennie;1;0;4;2;0;11;15
créateur;0;1;0;0;1;1;26
court;1;7;2;1;0;4;17
cornet;0;28;0;0;0;2;1
convaincre;2;3;3;0;0;2;23
coller;1;5;1;2;1;4;19
cochon;4;6;10;0;0;3;8
cinéma;8;1;2;0;0;9;6
canada;4;16;1;2;0;6;0
bienveillance;8;0;1;0;0;2;21
bernard;22;3;2;0;0;4;2
augmenter;0;1;4;1;0;23;2
atteindre;1;1;1;1;0;13;16
ange;15;1;1;0;0;3;11
album;4;1;0;20;0;4;2
afrique;0;12;0;0;2;4;13
texte;1;5;0;0;1;0;25
sportif;5;5;0;5;0;14;1
sentiment;2;0;2;0;1;6;19
prostitution;0;1;0;0;0;6;24
prime;1;0;1;0;1;28;0
mur;1;3;0;3;0;18;6
moix;1;24;0;0;0;1;3
mentir;1;6;0;0;0;1;19
maturité;13;1;0;0;0;0;18
léman;2;20;1;0;0;1;2
it;25;1;0;0;0;2;3
engager;1;1;2;0;1;16;10
emji_visage_blasé;1;4;1;1;0;14;4
emji_ok_peau_moyennement_claire;15;5;0;1;0;3;4
emji_main_avec_index_pointant_à_droite;7;0;0;0;0;0;0
emji_couronne;24;0;0;0;0;0;1
désirer;1;2;0;0;0;8;20
deuxième;3;4;1;0;1;8;14
cour;2;1;1;26;0;0;1
couille;1;22;0;0;3;2;4
chiffre;1;4;2;2;1;16;2
autrement;0;2;2;1;3;4;20
artiste;11;1;0;0;1;6;12
amener;0;2;7;1;0;5;15
zone;0;4;2;0;0;20;3
voie;1;1;5;0;0;8;16
valaisan;2;23;0;0;0;2;4
vaccin;1;1;24;0;1;2;1
univers;3;2;0;0;0;0;26
tiktok;1;0;0;4;0;4;22
tcheu;19;7;0;0;1;1;2
stp;3;5;1;4;1;5;12
st;2;5;0;2;0;19;2
sonner;1;17;0;0;1;4;5
sincèrement;1;3;3;0;2;2;20
réellement;2;1;3;0;0;7;18
relire;2;1;4;0;2;0;21
professionnel;3;2;3;0;0;13;10
pomme;0;19;1;0;0;5;6
pollution;1;1;9;0;0;10;10
poids;0;0;8;2;0;14;5
parfait;3;1;1;1;1;8;16
organiser;1;3;0;1;1;22;3
largement;0;4;0;1;1;16;9
intention;0;0;7;0;5;0;19
insta;4;3;0;0;0;5;18
gauchiste;0;2;0;0;1;11;13
ferrari;1;4;0;0;0;21;3
fast_food;0;16;4;0;2;1;6
extérieur;3;1;0;0;0;5;20
entièrement;2;4;0;1;0;2;4
emji_homme_qui_hausse_les_épaules_peau_claire;0;1;1;0;3;3;19
dizaine;1;4;3;0;1;4;18
ceinture;1;1;6;0;0;18;5
carrie;29;1;0;0;0;1;0
boy;0;3;0;0;1;23;4
apres;0;4;2;1;1;11;12
amoureux;8;0;4;0;0;0;18
z;3;9;0;0;1;7;9
tort;1;3;10;0;0;4;11
technologie;1;0;3;0;0;2;24
scène;4;2;1;3;0;1;19
réchauffement;0;0;1;0;0;3;24
richesse;1;0;0;0;1;13;14
retard;1;5;2;0;0;17;5
restaurant;0;7;2;0;0;20;0
relever;1;0;1;0;1;9;17
rejoindre;5;5;1;1;5;12;1
ptdr;1;13;0;1;0;6;9
polluer;0;2;2;0;0;22;4
paysan;4;4;6;0;0;6;10
page;4;2;0;0;0;16;8
ouiiii;28;1;1;0;0;0;0
orange;2;2;1;0;0;18;7
naissance;0;1;4;0;0;12;13
mdrr;0;4;0;3;16;0;6
masculin;1;1;0;0;0;20;7
grand_père;1;8;1;1;1;6;12
genou;0;4;0;10;1;7;7
faim;0;2;21;0;0;3;4
entrer;0;0;4;2;0;2;22
emji_étourdissement;27;0;0;0;0;0;1
emji_visage_avec_un_doigt_sur_la_bouche;2;3;1;0;0;5;10
désigner;0;1;0;0;17;4;5
draguer;0;1;0;0;1;4;18
conseiller;1;4;5;0;0;8;11
concert;11;0;0;0;0;17;2
bisou;11;3;2;0;0;2;12
attaquer;0;0;13;0;0;3;12
approcher;0;0;10;0;0;12;8
accompagner;4;1;1;0;0;1;22
ultra;3;3;0;0;0;4;18
tradition;6;2;2;0;0;5;14
tendre;7;1;2;4;0;1;14
signe;0;3;0;1;1;6;18
salade;1;20;3;0;0;2;2
résumé;6;3;1;0;1;12;5
récupérer;1;2;13;0;0;6;6
rose;4;7;1;0;0;1;12
puissance;1;1;1;0;0;14;12
pub;4;2;3;1;0;12;4
prévoir;2;0;2;0;0;19;6
positif;3;0;2;0;0;2;22
particulièrement;0;0;0;0;1;5;23
média;0;0;0;3;2;14;10
moderne;0;6;0;0;1;5;16
maternel;0;2;2;4;0;3;17
japonais;0;26;0;0;0;0;2
jai;1;1;1;1;0;6;17
instant;2;0;0;0;2;7;17
inscrire;0;4;0;0;0;10;14
impact;0;0;14;0;2;4;9
honnêtement;0;4;0;0;0;10;14
féminisme;0;0;0;2;0;1;20
foyer;0;2;5;0;0;7;14
emji_visage_déçu;2;1;3;2;0;1;17
emji_visage_bleu_et_froid;5;17;0;0;0;2;2
emji_tête_qui_explose;2;6;1;0;0;10;8
emji_coeur_bleu_clair;15;0;1;0;0;2;2
ect;0;1;7;0;1;8;10
citer;0;1;3;1;0;7;16
cheval;0;12;0;0;2;11;4
chaussure;3;12;1;1;1;10;1
camp;3;7;1;0;0;17;1
auto;1;7;1;0;0;9;11
argentin;1;27;0;0;0;0;0
aigri;0;6;0;0;0;0;21
action;4;0;3;0;0;4;16
éloquence;22;0;0;0;0;0;5
vs;2;9;0;0;2;8;4
vif;2;18;0;0;0;4;4
tendance;1;0;4;0;1;2;19
taux;0;1;2;0;0;19;5
séquence;9;5;0;0;1;2;10
silence;5;0;2;0;0;15;6
sexuel;0;0;2;0;0;2;24
second;0;2;0;0;2;14;10
rarement;0;3;2;0;0;4;19
principal;1;1;5;0;0;12;9
pr;2;5;0;0;2;4;10
poésie;7;3;0;2;0;0;15
piéton;0;2;5;0;0;16;2
piste;0;9;0;1;1;15;1
pertinent;3;0;1;0;0;0;24
patron;3;2;7;0;0;12;4
parcours;11;0;1;0;0;10;6
neuchâtel;1;22;0;0;0;4;1
mouton;1;3;3;0;1;8;11
moto;1;2;0;1;0;24;0
merveille;15;1;0;0;0;2;10
mener;0;1;2;0;1;13;11
lourd;0;7;5;0;2;7;7
larme;10;1;0;0;1;4;12
jaune;1;9;2;0;6;10;0
françois;1;4;1;1;1;18;1
emji_personne_avec_la_paume_sur_le_visage;0;1;1;5;0;6;5
emji_homme_qui_hausse_les_épaules_peau_légèrement_mate;1;0;0;0;12;0;3
emji_biceps_contracté_peau_claire;8;3;0;0;0;2;6
drogue;0;1;1;0;0;17;9
danger;0;0;1;1;0;13;11
cyril;1;26;1;0;0;0;0
crème;0;6;1;0;0;16;2
croyant;1;0;0;1;0;0;26
crever;0;2;5;2;0;13;5
comparaison;1;2;1;0;1;4;17
chéri;2;0;1;1;2;4;5
charger;0;1;1;0;0;14;10
carton;1;0;13;2;0;7;3
camion;1;0;10;0;1;11;2
calculatrice;1;2;0;21;0;0;3
benetton;0;23;0;0;0;1;1
bac;0;2;1;11;1;3;10
association;1;3;3;0;4;9;8
appartement;0;18;0;0;0;4;6
analyse;1;0;3;0;0;1;21
américain;0;7;2;0;1;13;4
abuser;0;17;1;0;1;3;6
époux;2;0;2;0;0;3;20
volonté;0;0;3;0;0;16;8
vitesse;1;0;0;1;1;20;4
user_;2;2;3;2;0;9;9
tendresse;15;0;0;0;0;5;7
série;6;0;2;4;0;1;13
surprise;2;1;3;0;0;12;8
stresser;2;3;3;0;0;15;2
star;5;5;0;0;0;3;14
sang;2;4;3;0;0;11;6
samedi;1;2;0;14;0;9;1
respirer;0;0;0;1;0;2;24
préciser;0;1;5;0;0;2;19
projet;1;0;1;0;0;21;2
profond;0;2;0;0;0;2;23
poster;3;4;2;0;1;1;16
post;5;1;0;2;1;6;12
odeur;0;7;1;2;0;14;3
obtenir;0;0;1;1;1;7;14
observer;2;0;3;0;2;11;9
nuisible;2;0;22;0;0;1;1
léger;3;14;0;0;0;4;4
look;4;5;0;0;0;1;17
jacques;3;5;0;1;1;16;1
inconnu;1;3;1;1;0;6;15
ignorer;2;0;2;1;0;4;18
hésiter;0;2;1;0;0;7;16
généralement;0;2;4;0;1;1;18
frontière;0;11;2;2;0;9;2
francais;0;17;0;0;0;4;6
former;0;0;1;2;0;4;19
football;1;1;0;1;0;19;4
faune;0;0;25;0;0;0;2
fatiguer;0;1;0;0;0;13;13
environnement;0;1;4;0;0;2;20
emji_visage_neutre;0;0;1;1;1;13;4
décevoir;1;4;1;2;0;2;17
discuter;3;1;2;0;1;7;13
daron;2;22;0;0;0;0;1
cuisiner;0;1;3;1;2;5;13
croquette;0;0;25;0;0;1;0
consigne;0;1;19;0;0;2;2
confort;0;0;2;0;0;2;23
co;0;4;0;2;0;13;6
bouffe;0;7;11;1;1;2;5
art;0;5;1;0;0;4;17
appliquer;1;1;0;0;1;7;17
appel;0;6;0;0;5;10;5
équilibre;0;0;10;2;0;6;7
éliminer;0;3;2;0;0;10;10
écosystème;0;0;22;0;0;0;2
vent;2;6;2;0;1;10;4
vendredi;0;8;0;11;1;4;2
vague;0;17;1;0;0;6;2
usage;0;7;9;1;2;0;6
terrain;1;0;7;1;0;13;3
satisfaire;1;3;2;1;1;0;18
régaler;2;4;3;0;0;15;1
rigolo;0;7;3;0;1;5;10
rencontre;3;3;0;0;2;8;10
rater;7;12;0;0;1;5;1
précision;4;5;0;0;1;4;12
près_de;0;6;6;0;0;10;4
propriétaire;1;1;4;0;1;15;3
priorité;0;1;2;1;0;6;16
pièce;1;9;0;0;0;12;4
ouin;0;2;0;0;6;0;3
oeuf;0;3;12;0;3;3;5
mépris;0;2;0;0;3;1;19
justifier;0;0;3;0;1;4;18
interroger;0;4;1;2;0;0;19
idiot;1;1;1;0;2;2;19
gruyère;0;25;0;0;0;0;0
glace;2;12;0;0;0;11;1
fait;0;0;0;0;1;6;18
exclamation;18;0;1;0;0;0;1
etais;0;7;0;12;0;5;2
entourer;5;0;3;0;0;4;13
emji_visage_avec_fumée_sortant_des_narines;2;1;3;0;0;13;5
emji_mains_levées_peau_claire;19;3;0;0;0;0;1
emji_homme_avec_la_paume_sur_le_visage;1;15;0;0;0;0;3
emji_hibiscus;12;0;1;0;0;0;0
emji_femme_avec_la_paume_sur_le_visage;0;3;9;2;1;1;3
dégueulasse;0;22;2;0;0;0;1
décrire;1;1;1;0;0;4;19
durer;1;0;0;0;0;18;7
digne;2;1;1;0;0;4;17
craindre;0;0;4;0;1;1;20
correct;0;3;1;0;2;0;19
comporter;0;0;2;0;0;7;17
claque;1;2;0;1;0;11;11
cigarette;3;5;0;0;0;17;1
chf;1;2;1;0;0;15;2
canard;1;1;17;1;1;1;3
camarade;0;3;0;5;1;1;16
brûler;1;4;1;0;0;17;3
appartenir;1;1;4;0;3;5;9
éternel;4;0;2;1;0;2;16
électrique;0;5;1;2;0;16;1
église;0;0;0;0;0;13;12
écologique;0;3;12;0;0;4;6
échange;3;0;1;1;0;3;17
week_end;0;2;0;3;0;18;2
utilisation;0;5;4;0;11;1;4
traumatiser;0;4;1;0;0;1;18
traitement;0;0;1;1;0;9;13
so;23;1;0;0;0;1;0
référence;3;2;0;1;4;2;12
réagir;0;0;0;0;0;4;20
puissant;3;1;2;0;0;6;11
préféré;13;3;0;0;0;6;2
précieux;10;0;4;0;0;3;7
profil;0;3;2;0;1;0;19
pratiquement;0;4;1;0;0;7;13
posséder;0;2;1;1;1;2;17
piquer;0;3;4;0;0;11;6
papy;5;4;1;1;1;6;7
occasion;0;2;2;1;0;9;11
notion;0;0;1;0;0;1;22
médecin;0;0;1;0;0;10;13
modèle;6;2;0;0;0;11;6
inoubliable;10;3;0;3;0;1;5
hôpital;0;3;0;1;1;15;5
honteux;0;2;4;0;1;2;15
figure;5;0;0;16;1;0;3
fabriquer;0;2;2;1;0;3;16
extraire;2;0;0;0;0;10;12
escargot;0;7;2;0;1;1;3
emji_tête_de_mort;3;10;0;0;1;2;0
emji_trace_de_rouge_à_lèvres;13;0;0;0;0;0;1
emji_poignée_de_main;9;4;0;0;1;0;0
emji_coeur_point_d;18;0;0;0;0;0;1
dynamique;0;17;0;0;0;2;6
directement;0;9;2;0;1;2;8
crétin;0;23;0;0;0;1;1
conséquence;0;0;3;0;0;4;17
confondre;0;2;2;0;5;4;12
complexe;1;0;2;1;2;1;18
claudette;24;0;0;0;0;1;0
chanteur;5;1;0;1;1;5;7
bord;1;4;3;0;0;9;7
bloquer;0;1;2;0;1;19;2
barrière;1;0;0;4;0;10;9
balancer;0;1;7;1;1;5;9
avantage;0;1;0;0;0;9;14
automne;2;19;1;1;0;1;1
arranger;0;6;3;0;1;2;13
ambiance;4;2;0;2;0;14;2
alsace;0;18;1;0;0;0;2
épisode;11;2;0;0;0;5;5
économie;0;3;2;0;0;19;0
voyager;0;3;2;0;0;6;13
voiler;1;4;1;1;2;3;12
vieillesse;3;0;3;0;0;0;18
utilité;1;10;0;0;1;2;10
tunisie;3;16;0;0;0;2;2
tsr;6;1;0;0;1;13;1
tenter;0;0;0;2;0;12;10
surprendre;0;1;1;0;1;4;16
supposer;0;3;1;0;0;4;16
stress;0;2;6;0;0;10;4
sensé;2;0;3;0;1;1;16
régulièrement;0;0;4;2;0;13;5
robe;1;1;0;2;1;8;11
revanche;0;2;0;0;2;4;16
recul;1;0;2;0;3;1;17
rayon;1;1;3;0;1;17;1
progrès;0;1;0;0;2;1;20
prince;4;13;0;0;0;1;6
poche;2;14;1;0;1;5;1
placer;0;3;2;0;3;2;13
phénomène;2;1;1;1;1;3;14
note;2;2;1;1;1;7;10
nommer;0;3;1;0;0;5;15
neuchâtelois;2;21;0;0;0;0;0
michel;5;1;0;0;0;14;4
lâcher;4;4;1;0;1;9;5
luxe;1;3;5;0;0;10;5
lutter;0;0;1;0;0;9;12
louis;0;14;1;0;0;4;4
limiter;0;1;2;0;0;7;13
lecture;1;0;0;0;0;2;20
jugement;0;0;2;0;1;0;21
job;2;0;0;0;0;17;4
infini;2;1;2;0;1;3;15
indispensable;0;16;0;1;0;1;6
hérisson;1;0;20;0;0;1;0
hygiénique;0;24;0;0;0;0;0
hauteur;1;0;0;4;0;1;17
graine;1;0;7;0;0;0;16
emji_visage_stupéfait;2;9;0;0;0;2;4
emji_feuille;18;0;0;0;0;2;0
emji_femme_avec_la_paume_sur_le_visage_peau_claire;1;14;1;0;0;2;2
emji_explosion;11;1;0;1;0;4;3
efficace;0;3;13;0;1;4;3
descendre;0;2;2;2;0;12;6
création;1;3;1;0;1;3;15
consommer;0;2;5;0;0;12;5
conseil;1;3;2;0;0;13;4
compagnon;2;1;1;0;0;3;16
chute;0;2;0;1;0;8;13
choco;1;1;0;0;21;0;0
carrière;2;2;0;0;0;13;6
cadre;1;2;1;1;0;5;14
caca;0;22;1;0;0;0;1
bourgeois;0;3;1;0;0;6;14
bonhomme;5;3;1;0;4;2;9
blond;1;10;0;0;1;1;11
bière;0;8;2;0;0;7;7
billet;4;0;0;1;0;16;0
bille;2;0;0;20;0;2;0
best;19;2;0;0;1;2;0
babibouchettes;20;1;0;0;0;2;0
apparaître;1;2;2;0;0;9;10
alimentaire;0;0;17;0;3;3;1
africain;0;6;0;0;5;7;6
affirmer;0;2;1;0;1;3;17
ado;1;3;0;0;0;12;6
étudiant;0;0;0;1;1;7;13
étoile;2;3;0;0;0;8;10
we;21;0;0;0;0;0;1
tupperware;0;3;9;1;0;6;4
toxique;0;0;6;0;0;5;10
sucre;0;8;12;0;2;1;0
sublime;20;0;0;0;0;2;1
solaire;5;0;0;0;0;16;0
seigneur;11;1;0;0;0;3;7
révolution;0;1;0;0;1;14;7
rythme;0;1;0;2;0;8;12
record;4;16;0;0;0;2;0
ramasser;0;0;14;2;0;1;5
président;6;1;1;0;1;12;2
précis;0;8;1;1;0;4;9
profit;0;0;2;1;0;17;3
poulet;1;1;14;0;0;3;2
portugal;5;13;0;0;0;1;4
piège;0;0;6;0;2;15;0
patriarcat;0;0;0;0;1;4;18
no;17;3;0;0;0;0;2
new;2;4;0;0;2;14;1
net;0;5;2;0;1;8;6
mesure;0;2;1;1;0;8;11
mer;0;12;1;1;0;2;5
marre;0;3;2;0;0;8;9
légume;0;1;21;0;0;0;0
littéralement;1;2;2;2;0;9;6
lit;0;8;1;0;2;10;2
jupe;0;5;0;4;0;7;7
jambe;2;8;0;11;0;0;1
jaloux;1;9;0;0;0;3;10
insupportable;1;4;0;1;0;3;14
innocent;2;0;2;0;1;2;16
historique;0;1;2;0;1;0;19
habituer;1;1;9;3;1;3;5
ford;19;0;0;0;0;2;2
fonction;0;4;1;0;0;6;12
flic;0;8;5;0;0;6;4
financier;1;0;1;0;1;16;1
fil;0;0;2;0;2;8;9
facilement;0;5;1;0;0;3;14
explication;2;0;0;0;1;1;19
ete;1;4;0;0;1;7;8
essuyer;0;18;0;0;0;1;3
emploi;0;3;0;0;2;8;10
emmerder;0;1;1;0;2;18;0
emji_pouce_vers_le_bas;1;2;0;1;9;0;4
emji_coeurs_qui_tournent;16;0;0;0;0;1;1
emji_coeur_jaune;18;1;0;0;0;0;0
emji_abeille;14;0;1;0;0;0;0
départ;3;6;0;2;1;10;1
compétition;1;2;0;2;0;8;8
claude;4;8;0;2;2;1;6
ch;1;18;0;0;0;4;0
boomers;0;0;0;0;0;7;16
bio;0;0;5;0;0;13;5
bdg;1;2;0;0;0;1;8
autorité;0;0;1;0;0;6;16
août;2;3;0;0;0;18;0
accident;0;0;5;1;1;14;2
éclater;3;5;0;0;0;7;7
sérieusement;0;3;2;0;0;4;13
séparer;1;6;2;0;0;6;6
sympathique;3;9;1;1;0;0;8
supermarché;0;0;13;1;0;6;1
stériliser;2;0;16;0;1;0;2
soupe;1;18;1;0;0;1;0
solitude;0;0;3;0;0;1;18
skier;1;3;0;1;0;15;2
similaire;1;9;0;1;0;5;6
réfléchi;1;5;1;0;2;1;11
roue;1;2;0;0;0;18;1
roman;4;5;0;0;4;1;7
remercier;2;0;2;0;1;6;11
rajouter;0;8;0;0;0;11;3
publication;0;2;1;0;0;4;15
provoquer;0;0;3;2;0;6;11
pro;1;3;1;1;0;6;10
prison;0;2;1;0;1;7;11
pardonner;1;5;0;0;0;0;16
oeuvre;2;0;0;0;0;12;6
objectif;0;2;1;0;0;2;16
négatif;0;0;1;0;1;3;17
normalement;0;3;3;0;2;1;13
méditer;10;0;0;1;0;0;11
monnaie;0;2;1;1;0;18;0
maltraiter;0;0;8;0;0;1;13
malin;0;2;3;0;0;13;4
macron;0;2;16;1;0;2;1
légal;0;0;1;0;0;7;14
lycée;1;1;0;8;0;3;9
immeuble;2;4;2;1;1;11;0
hypocrite;0;3;0;0;1;0;18
honnête;1;2;1;0;0;2;16
habitant;0;4;1;0;0;9;7
festival;9;1;0;1;2;9;0
exposer;0;0;4;0;0;9;9
emji_visage_anxieux_avec_goutte_de_sueur;0;7;3;0;0;6;4
emji_mains_levées_peau_moyennement_claire;15;0;0;0;0;0;2
emji_homme_qui_hausse_les_épaules;1;8;0;0;2;8;2
emji_fondue;8;8;0;0;0;2;0
emji_femme_avec_la_paume_sur_le_visage_peau_moyennement_claire;1;5;0;0;2;8;5
emji_biceps_contracté_peau_moyennement_claire;11;0;1;0;0;4;1
domestique;0;0;15;0;0;2;4
domaine;0;0;0;0;0;3;19
direction;1;1;2;1;0;13;4
diminuer;0;0;4;0;0;13;5
dater;0;1;0;2;1;2;16
culturel;0;2;0;0;1;1;18
croyance;1;1;2;0;0;1;16
courageux;4;0;0;0;0;4;13
colis;0;1;16;0;0;0;3
coincer;0;7;1;2;0;2;9
code;3;1;0;1;0;11;6
champ;0;0;6;0;0;7;9
centaine;0;0;1;0;0;11;10
censé;0;1;4;0;0;10;6
brésil;4;8;0;10;0;0;0
artificiel;0;2;1;0;0;7;12
and;13;2;0;0;1;5;1
alpage;3;0;0;0;0;1;16
allemagne;0;8;3;1;0;8;1
age;0;5;2;0;1;1;13
adresse;0;2;1;0;1;11;5
admirer;3;2;3;1;0;2;11
admettre;0;0;0;0;0;5;16
accès;0;0;0;0;1;4;16
absolu;3;2;1;0;1;7;8
2cv;0;11;0;0;0;9;2
évident;1;1;4;0;3;2;10
élevage;0;0;18;0;1;1;1
égal;0;2;2;0;0;0;16
valaisans;0;12;3;0;0;3;2
turquie;0;2;0;3;1;15;0
trésor;17;1;1;0;0;2;0
théorie;0;3;2;1;0;9;6
tester;0;2;4;0;1;14;0
test;0;0;1;3;0;7;9
tektonik;1;12;0;2;0;1;5
socialiste;0;0;1;0;1;12;3
sensible;5;1;2;0;0;0;13
reproduire;1;0;15;0;0;2;3
raisin;0;4;0;0;1;0;0
racine;0;4;0;0;1;7;8
qq;0;2;0;0;0;9;9
pot;0;2;10;1;0;8;0
populaire;5;1;0;2;0;1;12
pet;0;11;0;0;10;0;0
pauvreté;0;0;1;0;0;3;17
patte;3;3;10;0;0;3;2
patois;1;15;0;0;0;0;3
ouai;0;3;0;0;2;3;12
opposé;0;2;0;0;0;1;17
nuage;0;1;0;2;0;16;2
mélanger;0;9;1;1;0;6;4
moyenne;0;1;1;2;0;12;5
modifier;0;0;2;0;3;2;13
mine;4;1;0;0;2;11;3
mercredi;0;2;2;13;0;3;0
mai;0;3;0;0;0;12;4
magie;5;0;0;0;3;2;10
lynx;1;0;16;0;0;0;0
lucidité;14;0;0;0;0;1;6
louper;1;11;1;1;0;6;1
lidl;1;1;19;0;0;0;0
km;0;0;1;1;0;17;1
islam;0;0;0;1;3;0;16
international;2;2;0;1;0;13;1
intellectuel;0;0;0;1;1;1;17
individu;0;0;4;0;0;1;16
impôt;0;0;3;0;0;16;2
idéal;1;1;2;0;0;1;15
hôtel;0;13;0;1;1;5;1
généralité;0;1;0;0;1;1;18
gâté;1;0;4;0;0;0;14
faible;2;0;1;0;1;1;15
entrée;1;3;1;3;0;12;0
emji_visage_étourdi;0;14;1;0;0;2;3
emji_visage_sans_expression;0;5;1;1;2;1;5
emji_sapin_de_noël;13;0;1;0;0;2;4
emji_poing_levé;13;2;0;0;0;4;0
emji_papillon;13;0;0;0;0;0;0
emji_médaille_d;5;3;0;1;0;1;0
emji_mains_qui_forment_un_coeur_peau_légèrement_mate;14;0;1;0;0;1;1
emji_index_pointant_vers_le_haut;7;8;0;0;0;0;1
emji_coeur_noir;13;1;0;0;0;1;2
emji_bouton_coché;1;11;0;0;0;2;3
ecole;2;1;1;7;0;0;10
dépenser;0;1;2;3;0;10;4
démontrer;2;1;1;0;0;2;15
débrouiller;6;0;1;1;0;0;13
couture;0;3;0;0;0;6;11
convenir;0;1;6;1;0;3;10
consommateur;0;0;6;0;0;5;8
che;9;5;0;0;0;1;0
cassette;0;9;0;1;0;10;0
cardinal;16;3;0;0;0;0;0
burlington;0;21;0;0;0;0;0
boomer;1;1;0;1;1;3;14
avril;1;15;0;0;0;3;0
automobiliste;0;0;0;0;0;20;0
authentique;7;1;1;0;0;1;11
arrêt;0;8;0;1;0;10;1
arme;0;0;1;0;1;4;14
améliorer;1;1;1;1;0;7;10
amusant;2;2;0;13;0;2;2
amende;0;3;3;1;0;12;2
ados;0;2;0;1;0;2;16
élégant;7;2;0;0;1;0;10
âne;0;2;3;2;0;1;9
vigile;0;0;1;0;0;16;0
victoire;3;2;0;0;0;11;4
verbe;0;0;0;0;3;2;15
vallée;1;4;1;0;0;11;2
trier;0;3;2;0;0;8;6
traumatisme;0;1;0;0;0;5;13
sketch;0;16;0;0;0;1;3
saut;3;1;0;14;0;0;0
réf;4;13;0;0;0;2;1
rip;14;2;1;0;1;1;0
relation;0;0;1;0;0;0;18
qqch;0;7;1;1;1;5;4
possibilité;0;5;2;1;0;4;8
plante;3;1;0;0;0;10;5
pk;0;4;1;0;0;6;9
offusquer;0;0;1;0;4;2;12
noter;0;2;1;0;0;11;5
maltraitance;0;0;18;0;0;0;2
lot;0;1;4;0;2;5;8
liste;1;2;0;1;0;10;4
linge;0;10;1;0;2;2;5
interdiction;0;1;2;0;0;14;2
immigration;0;5;0;0;1;1;13
hui;0;0;0;18;0;0;1
harcèlement;0;0;0;0;1;1;18
habit;2;3;0;0;0;5;9
généraliser;0;0;1;0;1;0;18
gratuitement;0;0;2;0;1;8;8
google;1;2;1;0;0;13;3
fr;1;9;0;0;0;6;3
forcer;1;1;0;1;3;8;6
fonds;1;3;2;1;0;12;1
folie;0;1;0;1;0;5;13
emji_nuage_avec_neige;10;2;0;0;0;0;0
déchet;0;0;13;0;0;3;2
contrôler;0;1;4;0;0;5;9
conscient;5;0;0;0;1;0;14
climat;0;0;2;0;0;2;16
cheville;0;2;0;16;0;0;1
ce2;0;0;0;18;0;0;0
capter;1;5;4;0;1;7;2
brun;0;10;0;0;1;4;3
bronzé;0;1;0;0;3;15;0
briser;2;0;4;0;0;2;12
bienvenue;2;14;1;0;0;1;2
ba;0;6;1;1;0;2;9
ahhh;5;7;0;0;0;0;8
événement;0;1;1;0;0;12;5
étudier;1;0;2;3;0;4;8
équivalent;0;5;1;0;0;8;5
çà;1;3;1;9;0;3;2
zéro;0;1;0;1;0;12;5
vente;1;2;2;0;0;12;2
vendeur;1;2;2;1;0;11;0
user;0;1;2;1;0;11;4
témoigner;5;0;1;0;0;5;7
tunisien;1;14;0;0;0;1;1
traîner;0;3;1;0;0;3;12
thérèse;5;11;0;0;0;1;2
tante;2;13;0;0;0;2;2
surveiller;1;1;4;1;0;7;3
stérilisation;3;0;13;0;0;1;2
stylé;14;2;0;0;0;0;3
soumission;0;0;0;0;0;2;16
souffrance;1;1;0;2;0;3;12
sombre;0;5;0;0;7;3;4
slip;2;12;1;0;0;0;4
schnek;0;18;0;0;0;0;0
savoie;0;15;1;0;0;1;0
révolu;2;0;0;0;1;3;13
réunir;2;0;0;3;0;6;8
ressource;1;0;4;0;0;2;12
recréer;6;1;5;5;0;0;0
ravir;1;5;0;0;0;4;9
ranger;1;1;0;0;0;12;4
raclette;2;15;0;0;0;0;1
quantité;0;1;5;0;0;6;7
qi;0;3;0;2;3;0;11
péter;0;5;2;0;0;2;10
punir;0;0;3;0;2;4;9
présence;0;2;1;0;0;9;7
problématique;0;0;1;0;1;3;14
personnalité;7;2;1;0;0;1;8
pathétique;1;3;12;0;0;0;3
patate;1;9;0;0;0;1;5
parceque;2;2;0;0;1;4;10
moin;0;1;10;1;0;4;3
max;0;8;0;0;0;8;3
logement;0;3;2;0;0;12;2
lingette;0;17;0;0;0;1;0
like;8;5;0;0;3;0;3
lentement;0;4;1;0;2;3;9
juge;0;0;0;0;0;4;13
investir;1;0;0;0;0;15;3
indépendant;0;4;0;0;0;7;8
indien;1;0;3;0;2;5;4
identité;1;1;0;1;0;7;9
hâte;3;5;0;1;0;9;1
hpi;2;2;0;6;0;0;8
geneve;0;14;1;0;0;3;0
frisson;15;1;0;2;0;1;0
fribourgeois;1;15;0;0;0;2;0
familial;0;0;0;0;1;6;12
facteur;3;0;4;0;1;6;5
espoir;1;2;0;0;1;3;12
ennemi;0;0;2;1;0;11;3
emmental;0;17;0;0;0;0;0
emji_visage_rouge_et_chaud;3;10;0;0;0;3;2
emji_visage_démoralisé_avec_goutte_de_sueur;0;0;8;0;0;6;4
emji_soleil_avec_visage;4;5;0;0;1;2;3
emji_doigts_croisés;6;0;0;0;0;1;2
délire;0;8;0;0;3;1;6
définir;0;0;0;0;4;0;14
défi;1;1;0;1;0;4;12
décision;0;0;1;0;4;5;9
drame;0;4;0;1;0;9;4
disney;6;2;1;6;0;0;4
discussion;0;0;0;0;1;0;18
dinguerie;1;1;0;1;8;2;6
deuil;1;0;1;0;0;0;17
descente;4;6;1;0;0;6;2
cracher;0;6;5;0;0;0;8
costume;1;9;0;0;1;1;7
corporel;0;2;0;0;0;2;15
conversation;0;1;0;1;0;3;14
constat;1;1;0;0;0;0;17
chambre;1;7;0;0;0;7;4
catholique;0;1;0;0;2;3;11
boucle;4;0;0;4;2;0;9
bonbon;1;3;1;0;6;8;0
bobo;0;2;1;0;0;8;8
baiser;0;6;0;0;1;8;4
aérien;0;2;1;2;0;10;2
autoroute;0;1;0;0;0;17;0
autoriser;0;2;3;1;1;7;4
attraper;2;3;11;0;0;2;1
angoisse;0;2;1;0;1;5;10
agression;0;0;0;0;1;9;8
agressif;0;2;1;0;0;5;11
admirable;2;0;0;0;0;1;15
émouvoir;14;0;0;0;0;0;4
élever;2;0;4;0;1;2;8
écraser;0;0;4;0;1;3;10
économique;0;1;4;0;0;5;8
écologie;0;0;5;0;1;6;5
échelle;1;1;5;0;0;6;5
xd;0;0;16;0;0;1;1
viser;0;2;0;0;2;0;13
vaisselle;1;1;0;0;0;7;8
trottoir;0;1;2;0;0;14;1
trace;0;5;0;0;1;0;10
sushis;0;17;0;0;0;0;1
signification;0;2;0;0;8;3;5
sensibilité;3;0;1;0;0;1;13
sein;0;0;0;1;0;3;13
sec;0;10;1;0;2;3;0
scandale;0;1;1;0;1;10;5
retirer;0;2;1;0;3;5;5
pôle;0;7;0;0;0;8;1
pépé;0;7;0;0;8;1;2
prédateur;0;1;16;0;0;0;0
précédent;0;0;2;0;0;2;13
protection;0;0;6;0;0;8;2
prier;3;2;0;0;1;1;9
pression;0;2;0;0;5;2;9
pq;0;14;1;0;1;0;2
pisser;0;7;1;0;0;4;5
pilote;2;3;0;0;0;11;0
passionner;4;0;1;1;0;2;7
ouverture;0;1;0;0;0;5;12
nationalité;0;7;0;0;0;3;7
morale;0;1;1;2;0;3;10
modestie;6;0;0;0;0;0;12
mixte;1;1;0;3;0;5;8
min;0;1;2;0;0;12;2
maxi;9;8;0;0;0;1;0
marrer;0;11;1;0;0;2;4
marelle;3;0;1;12;0;1;0
loup;0;0;14;1;0;3;0
initiative;1;0;1;0;0;6;10
héros;11;1;0;0;0;3;3
home;3;1;0;0;0;6;8
gâter;0;1;2;0;0;1;13
fédéral;0;1;0;0;1;14;2
fisher;18;0;0;0;0;0;0
exagérer;0;3;1;0;0;4;10
essence;0;2;1;0;1;11;3
espagnol;0;7;0;0;7;1;2
esclavage;0;1;0;0;8;1;8
empathie;1;2;2;0;0;2;11
emji_visage_fatigué;0;7;1;1;0;5;4
déplaire;1;0;0;0;2;2;12
déni;1;3;1;0;0;2;11
drapeau;1;5;0;1;0;8;2
discret;3;0;3;0;0;6;6
dessin;3;0;1;1;0;7;5
denner;1;1;15;0;0;0;0
culte;3;1;0;0;0;13;1
culotte;0;14;1;1;0;0;1
cuisse;0;5;2;7;0;2;2
crise;0;1;2;1;0;8;6
couvrir;0;0;0;0;0;15;1
coran;1;0;0;0;0;1;16
contrôle;0;0;0;0;0;13;5
communauté;0;1;0;0;5;1;11
combinaison;3;1;0;1;0;0;13
collier;2;1;0;0;1;7;7
cm2;0;0;0;16;0;0;1
cité;0;1;1;0;2;6;8
citoyen;0;0;1;0;0;10;6
choquant;0;2;3;0;1;6;5
cesser;1;0;2;0;0;3;11
bâton;1;2;0;0;0;1;2
bouton;0;12;0;0;0;1;5
blesser;0;0;3;0;0;10;5
baser;0;0;1;1;0;3;13
barbe;2;3;2;0;2;3;5
banane;0;8;4;0;0;5;1
bad;1;0;0;0;1;14;2
automatique;0;0;0;1;0;17;0
arrogance;0;1;0;0;0;1;13
appareil;1;1;1;0;0;7;8
allah;1;0;1;0;0;1;14
aldi;1;0;16;0;0;0;0
aise;0;1;0;1;0;7;8
acte;1;0;0;0;0;3;14
abattre;0;1;12;0;0;3;2
évoquer;2;1;2;0;0;5;6
évidence;0;0;1;0;1;0;10
ému;7;1;0;0;0;2;7
éloigner;0;0;3;0;0;3;11
visite;1;1;3;0;0;10;2
valable;1;1;5;0;0;0;10
tete;0;1;0;0;14;0;0
tache;0;1;0;0;0;3;9
squat;2;0;0;0;0;12;3
signifier;0;3;3;0;0;1;9
réjouir;2;1;1;0;0;7;6
régresser;0;2;0;1;0;1;13
roller;6;1;0;0;0;10;0
roger;11;1;0;0;0;1;4
resto;0;3;0;0;0;12;2
rapidement;0;0;0;4;0;7;6
puch;13;4;0;0;0;0;0
publier;3;1;0;0;0;5;8
psy;0;1;1;0;0;14;1
prétendre;1;0;0;1;0;0;15
protagoniste;5;1;0;0;0;6;5
propagande;0;1;0;0;0;10;6
poitrine;0;10;0;0;0;1;2
poil;1;2;0;1;1;0;11
plateau;1;6;0;0;1;6;3
pipi;0;14;0;0;0;0;3
ouiii;11;2;1;0;0;0;2
oncle;0;12;0;1;2;1;1
occident;0;0;0;0;0;6;11
norme;1;1;0;0;0;3;12
naïf;1;0;1;0;0;0;15
nati;3;0;0;1;0;9;2
mécanique;0;0;0;1;0;10;6
mouillemerde;0;16;0;0;0;0;1
manifester;0;5;0;0;0;8;4
légendaire;13;0;0;0;1;1;2
lover;13;0;0;0;0;1;1
liquide;1;13;1;0;0;2;0
lavabo;0;15;0;0;0;0;0
language;2;2;0;0;0;0;12
john;0;1;0;0;0;0;3
instit;0;3;0;1;0;1;12
industriel;0;0;6;0;0;5;6
haïr;0;10;0;0;0;1;3
habitat;0;0;15;0;0;1;1
guy;1;0;2;0;1;0;9
goûter;0;4;1;0;0;12;0
go;1;12;1;0;0;2;1
fêter;1;1;1;0;0;7;6
félicitation;10;2;1;0;0;0;4
fuir;4;2;2;0;0;7;2
filer;0;1;2;0;0;12;2
fidèle;2;3;2;0;0;3;7
ficher;0;4;0;0;0;8;5
exploitation;0;1;2;0;1;4;8
ex;3;4;0;0;0;8;2
etes;2;2;2;0;0;9;1
emmener;0;2;4;1;0;6;4
emji_visage_endormi;4;0;3;0;0;7;1
emji_visage_effrayé;0;7;0;0;1;1;4
emji_visage_confus;0;1;7;0;0;1;7
emji_verre_de_vin;6;5;1;0;0;0;2
emji_tête_qui_parle;9;0;0;1;0;1;1
emji_note_de_musique;11;2;0;0;0;1;0
emji_mains_en_prière_peau_mate;7;0;0;0;0;1;0
emji_bouquet;10;2;0;0;0;1;2
emji_applaudissements_peau_légèrement_mate;3;0;0;0;0;1;5
dégager;6;0;2;0;0;1;7
défense;2;0;0;1;3;4;6
découverte;1;3;0;0;0;5;8
douleur;1;0;0;0;0;0;14
douer;1;0;2;1;0;0;13
dose;0;1;7;1;0;6;1
divin;3;0;0;0;0;0;13
dissociation;0;0;0;0;0;4;13
ct;7;3;1;0;0;1;5
coût;1;0;2;0;0;10;3
cou;0;1;2;10;0;1;3
correspondre;1;2;1;0;2;10;1
contraception;0;7;0;0;0;0;9
condamner;0;0;6;0;0;7;3
comédien;9;1;1;0;2;3;1
commission;0;13;0;0;0;3;1
chanceux;4;0;1;0;0;2;10
champignon;0;3;10;0;0;1;1
cendre;0;0;4;0;1;4;8
cayla;10;2;0;0;0;2;2
cahier;1;3;0;7;0;0;5
bronzer;0;1;0;0;0;12;2
boule;0;2;1;1;4;7;2
boulangerie;0;3;3;0;10;0;1
bonnet;1;12;0;1;0;0;3
bol;1;10;3;0;0;0;3
boiter;0;0;4;0;0;7;4
bizarrement;0;4;0;0;3;5;5
bin;0;13;0;0;0;3;1
beurre;1;0;4;0;9;0;1
apercevoir;1;1;0;1;0;6;8
allumer;0;1;0;0;0;12;3
agresser;0;0;1;0;0;13;3
affligeant;0;0;0;1;1;0;15
étrange;0;1;2;0;4;2;7
ère;0;1;0;1;1;2;11
vomir;0;2;1;0;0;9;4
veste;0;12;0;0;0;3;1
vachement;0;4;2;0;0;3;7
tunis;1;10;0;0;0;0;1
travailleur;0;0;0;0;0;8;7
transpirer;1;3;1;0;0;4;7
transmission;0;0;3;0;0;0;13
toit;0;1;0;0;0;6;9
tkt;0;0;0;1;8;2;5
succès;2;1;3;1;0;2;7
standard;1;2;0;0;0;3;8
souhait;3;1;3;0;0;2;7
somme;1;1;0;0;0;4;9
singe;0;0;4;0;0;1;9
secours;0;2;0;0;1;7;6
savon;0;13;0;0;0;1;1
réciter;2;0;1;2;0;0;11
réchauffer;1;2;1;0;0;2;10
reine;9;0;0;0;0;3;2
recyclage;0;1;3;0;0;6;3
recommander;0;2;2;0;0;6;3
racheter;1;1;1;0;1;12;0
ptn;0;0;0;0;8;4;4
prédire;0;2;5;0;0;1;7
promettre;0;3;0;0;1;10;2
presser;0;2;1;2;0;4;6
pointe;2;1;0;0;0;6;7
phase;0;0;3;0;0;10;3
organisation;1;0;0;0;0;9;6
oooh;9;2;0;0;0;2;3
of;2;2;0;0;0;12;0
occidental;0;6;0;0;1;2;7
obligation;0;0;0;0;0;6;9
numéro;3;0;0;3;1;2;7
mulet;1;4;0;1;0;8;2
moral;0;1;0;0;0;4;11
montage;4;0;1;0;0;7;4
mentionner;0;0;0;0;0;2;13
membre;0;2;2;0;4;4;2
mature;3;0;0;0;0;1;12
maquiller;1;5;0;0;0;4;6
lune;0;13;0;0;0;0;3
lunaire;2;1;0;0;5;5;3
lavage;0;2;3;0;0;1;10
justice;0;1;4;0;0;10;1
jo;0;1;0;0;0;9;4
inquiétant;0;1;0;0;0;5;9
influence;0;3;0;0;1;2;9
indiquer;1;1;0;0;0;6;8
idéologie;0;0;0;1;0;4;10
guitare;3;3;3;1;0;6;0
grand_papa;8;2;0;0;0;5;1
fer;0;1;0;2;0;10;3
enterrer;0;1;10;0;0;2;2
emji_visage_avec_yeux_ouverts_et_main_sur_la_bouche;0;8;0;0;0;3;5
emji_tulipe;11;0;0;0;0;1;0
emji_trinquer;14;0;0;0;0;1;1
emji_père_noël;6;2;0;0;0;3;3
emji_femme_qui_hausse_les_épaules_peau_claire;0;4;0;0;0;2;9
emji_empreintes_d_animaux;6;0;1;0;0;0;1
emji_coeur_orange;12;0;0;0;0;0;1
ego;0;1;0;0;0;0;15
effectuer;0;0;1;0;0;4;10
effacer;0;0;0;0;1;8;7
détendre;0;1;2;0;1;6;6
déposer;1;1;4;0;0;3;7
dépendant;0;0;14;0;0;0;2
douter;2;0;2;0;0;6;5
diviser;1;0;0;3;1;1;10
diction;5;0;0;0;0;0;10
destruction;0;0;4;0;1;6;5
daniel;1;11;1;1;0;1;1
cuire;1;4;9;0;0;1;1
corriger;2;0;0;6;0;3;5
connait;0;2;0;1;0;3;10
conflit;0;1;0;2;0;1;12
concurrence;0;2;1;0;1;9;2
concentrer;0;1;0;0;2;4;9
comparable;0;0;0;0;0;2;14
clou;0;3;0;0;0;12;1
chinois;0;1;1;3;2;8;1
chaux;1;6;2;1;0;6;0
ce1;0;0;0;14;0;0;0
caractère;1;0;2;0;0;2;11
calosse;0;16;0;0;0;0;0
budget;0;0;2;1;0;3;10
brosse;0;4;0;1;3;2;4
brillant;9;1;0;0;0;1;5
bombe;1;2;1;0;0;11;1
bar;1;1;5;1;1;6;0
aîné;1;0;0;0;0;2;13
aujourd;0;0;0;15;0;0;0
attaque;0;1;3;1;1;0;10
aquatique;0;14;2;0;0;0;0
appellation;0;1;0;0;9;1;3
annonce;0;0;0;0;0;3;9
annees;1;1;0;7;1;1;3
algérie;0;8;0;2;1;1;4
alcoolique;0;0;1;0;2;7;5
agent;2;1;7;0;1;4;0
aaaah;2;14;0;0;0;0;0
éteindre;1;1;0;0;1;5;7
établissement;0;0;0;0;0;4;11
éponge;0;15;0;0;0;0;0
élément;0;2;3;0;0;1;9
édition;1;3;0;0;0;3;7
écolo;1;5;0;0;0;8;1
wsh;1;6;0;0;0;3;5
wagon;0;1;0;0;0;13;0
vélomoteur;8;3;0;0;0;1;2
véhicule;0;0;1;0;0;12;2
vincent;0;14;0;0;0;0;0
vielle;1;1;0;0;1;4;8
valide;6;0;1;0;1;3;4
tronche;1;5;0;1;0;7;1
troisième;3;0;1;0;0;10;1
tribune;0;2;0;0;0;10;2
traduction;0;3;0;0;1;5;5
tordre;0;0;1;1;7;0;6
thé;1;6;8;0;0;0;0
thème;1;1;0;0;3;1;7
territoire;0;0;9;1;1;0;4
taire;1;1;0;1;0;7;5
surface;0;1;3;1;0;4;6
suffisant;0;4;1;0;0;7;2
splendeur;7;2;4;0;0;2;0
soulever;0;2;2;2;0;0;8
sorcier;0;0;2;5;0;2;5
sony;2;11;0;0;1;0;1
salon;1;2;1;2;0;8;1
régal;9;2;0;1;1;0;2
récent;0;2;0;0;0;13;0
récemment;0;0;1;0;1;8;5
réaliste;2;0;0;0;1;1;11
râler;0;1;2;0;1;8;3
remise;0;0;1;1;0;6;7
rajeunir;1;11;0;0;0;1;2
q;3;6;0;0;1;0;4
prostitué;0;0;0;0;0;0;13
propreté;0;11;1;0;0;2;1
production;0;0;1;0;0;10;4
pov;0;14;0;0;0;0;1
postal;1;2;1;0;0;11;0
polir;0;0;0;0;0;4;11
physiquement;0;0;0;0;0;6;9
perspective;2;1;0;0;1;0;10
perrot;12;0;0;0;0;1;2
patrimoine;3;0;2;0;0;3;7
ohhh;10;2;0;1;0;0;2
napoléon;0;10;0;0;0;1;2
mètre;0;4;1;0;0;6;4
musée;0;0;0;1;0;11;2
moselle;0;13;0;0;0;0;0
misogyne;0;1;1;0;0;0;13
miracle;3;2;0;0;0;5;4
minet;0;9;2;0;0;1;2
militaire;0;0;0;0;0;13;2
mdrrrr;0;14;0;0;0;1;0
masse;0;2;2;0;0;10;1
lutte;0;0;3;0;0;6;6
lointain;0;1;0;0;0;2;12
latin;0;9;0;0;2;2;2
large;1;3;0;1;0;2;8
jsuis;1;4;0;0;0;0;9
jet;0;14;0;0;0;0;1
instruction;0;0;1;1;0;0;13
hippie;0;1;0;0;0;11;2
hey;2;3;1;2;0;1;5
générer;0;1;1;0;0;10;3
gestion;0;0;1;0;0;8;6
genevoise;2;9;1;0;0;1;2
fric;0;1;2;0;0;8;4
fierté;1;0;0;0;0;4;10
fascinant;1;0;0;0;0;0;14
estimer;0;1;2;0;0;1;10
esclave;1;1;0;0;1;3;9
entrain;0;0;0;0;2;8;5
engendrer;1;0;1;1;1;6;4
encourager;1;0;2;0;0;1;11
ems;0;0;0;0;0;6;8
empoisonner;0;0;14;0;0;1;0
emji_visage_légèrement_mécontent;0;1;1;0;0;1;9
emji_pierre_précieuse;12;0;0;0;0;0;0
déjeuner;1;0;0;0;1;9;3
docteur;1;2;0;0;0;5;6
diriger;1;0;0;0;0;3;11
directeur;0;0;1;1;0;10;1
dignité;5;0;0;0;0;1;9
dance;4;5;0;0;0;6;0
cygne;1;1;13;0;0;0;0
cultiver;0;1;4;0;0;1;9
crédit;0;4;1;0;0;9;1
créatif;5;0;0;0;0;7;3
cornichon;0;14;0;0;0;1;0
contribuer;1;0;1;0;0;6;7
conserver;3;2;6;0;0;0;4
congé;0;2;0;2;0;10;0
commerce;0;0;4;0;0;9;2
clé;0;0;0;0;0;1;14
cliché;0;4;0;0;3;1;7
château;1;2;0;5;0;1;5
christian;2;0;0;0;0;2;2
chemise;0;5;2;0;5;3;0
chalet;2;0;2;0;0;11;0
cesse;0;0;5;2;0;3;5
centime;0;2;2;1;0;10;0
causer;0;3;4;0;0;4;4
business;0;1;3;0;0;1;9
bonté;10;0;1;0;0;0;4
biensur;0;4;1;0;3;5;2
ballon;2;1;0;1;1;9;1
balader;0;3;1;0;0;11;0
asie;0;9;0;1;0;2;3
apéro;0;4;2;3;1;3;2
apparence;2;0;1;0;0;0;12
alexandre;9;0;0;0;1;2;2
alain;1;12;0;0;0;0;1
adolescent;4;2;0;0;0;1;8
accrocher;0;0;1;2;0;9;3
étape;2;2;0;2;0;3;4
é;1;6;0;1;0;0;1
you;9;1;0;0;0;0;2
wii;1;1;0;5;0;5;2
waouh;5;0;0;1;0;0;8
vulgaire;1;0;3;0;1;0;9
trottinette;1;7;0;0;0;5;1
too;13;0;0;0;0;0;0
terriblement;3;1;2;0;0;2;6
température;1;5;0;0;0;3;5
tablette;0;0;0;2;0;1;11
tableau;3;0;1;0;0;3;6
spontané;3;1;0;1;0;0;9
soutien;0;0;0;0;0;2;8
souligner;0;0;1;0;0;2;11
sosie;0;14;0;0;0;0;0
solide;1;1;2;3;0;0;7
solidarité;2;0;0;0;0;0;12
seum;0;8;0;0;0;1;4
serrer;1;1;1;1;0;0;10
savoyard;0;11;0;0;0;1;2
sauce;0;5;4;0;0;3;2
régional;0;1;0;0;0;11;2
russie;0;2;1;2;0;6;3
rome;0;2;0;1;0;9;1
rivière;2;3;0;0;0;1;7
retraité;0;1;0;5;0;2;5
repos;1;0;0;1;0;8;4
rempli;0;1;0;1;0;3;8
reconnaissant;3;0;2;0;0;0;9
recommencer;1;0;0;2;0;2;9
recette;5;3;0;0;4;1;1
rebelle;0;1;1;3;0;4;5
rapprocher;0;0;4;0;0;0;10
rabaisser;0;2;0;0;0;2;9
punk;0;8;0;0;0;1;4
préserver;2;0;5;0;0;0;7
présentateur;4;3;0;0;1;0;6
profondément;4;0;1;0;1;0;8
position;0;1;1;0;1;2;9
politicien;1;1;2;0;0;5;5
play;6;0;0;0;0;8;0
piger;0;6;0;0;0;6;2
pervers;0;0;0;0;0;2;12
performance;0;0;0;2;0;10;2
pere;0;1;0;0;0;2;11
parfum;1;10;0;0;0;1;2
parc;1;2;1;0;0;9;1
panneau;2;0;2;0;1;6;3
panini;1;1;0;12;0;0;0
ouchy;0;0;0;0;1;12;0
oral;2;1;1;8;0;0;2
onde;0;0;12;0;0;1;0
ohh;6;3;0;1;0;2;2
ns;1;0;1;0;1;0;11
novembre;0;2;0;0;0;12;0
nettement;0;1;0;0;0;7;6
nation;0;0;0;0;0;5;9
ménopause;0;0;0;0;0;12;2
méchanceté;1;0;4;0;1;0;8
musical;2;9;0;0;0;1;2
multiple;0;0;0;2;0;12;0
morceau;2;2;7;0;0;2;1
miss;6;2;0;0;0;4;2
mini;3;2;1;0;0;5;3
maths;0;2;0;5;0;1;6
mars;0;2;0;0;0;10;2
marcel;1;2;6;0;1;2;2
marathon;3;1;0;0;0;5;5
manipuler;0;0;0;0;0;1;13
malsain;1;0;3;0;1;0;8
local;0;2;3;0;0;7;1
lait;0;9;3;0;0;1;1
jeûne;0;1;0;0;1;9;2
issu;0;1;0;0;0;3;10
intonation;1;11;0;0;0;0;2
insulte;0;1;0;0;1;1;11
instruire;0;0;0;0;0;1;13
industrie;0;0;1;0;0;11;2
importance;1;1;2;0;1;1;8
héritage;1;1;0;0;1;7;4
harrison;12;0;0;0;0;2;0
grands_parents;0;0;1;0;1;6;6
glisser;0;2;1;0;0;2;9
germain;3;0;0;0;0;11;0
geler;0;11;0;0;0;2;0
gay;1;0;0;1;0;1;10
fun;3;6;0;0;0;2;3
fumée;0;0;0;0;0;14;0
françoise;11;0;0;0;0;1;1
for;12;0;0;0;0;2;0
fondre;4;2;8;0;0;0;0
flipper;0;1;0;1;0;0;12
etaient;0;2;0;0;0;1;7
errant;0;0;14;0;0;0;0
ennui;0;0;0;1;1;3;8
emji_visage_déconcerté;0;3;2;0;0;3;1
emji_symbole_d_avertissement;0;0;7;0;0;0;1
emji_personne_avec_la_paume_sur_le_visage_peau_claire;0;3;1;0;0;1;3
emji_homme_qui_hausse_les_épaules_peau_moyennement_claire;1;3;0;0;1;5;0
embrasser;3;2;0;0;0;1;8
délicieux;1;6;1;0;0;0;6
défaut;0;0;2;0;0;4;8
décembre;1;3;0;0;0;8;1
don;1;1;0;0;0;1;11
doc;5;0;0;0;1;8;0
divorce;0;0;2;1;0;0;11
discipline;0;0;0;2;0;3;9
diffuser;1;1;0;0;0;5;7
crâne;0;6;0;0;1;0;7
coudre;0;0;0;0;0;1;13
contenir;1;1;6;0;1;2;3
contact;0;0;5;0;0;7;2
confédération;0;3;0;0;0;11;0
conclusion;0;1;0;0;3;5;5
compréhension;0;1;0;0;0;0;13
coluche;3;0;1;0;0;2;8
co2;0;0;0;0;1;1;12
clip;3;0;0;0;0;6;5
clairvoyance;10;0;0;0;0;0;4
châtiment;0;0;0;0;0;0;12
chevignon;0;13;0;0;0;0;1
chauffeur;0;0;9;0;0;3;0
capacité;1;0;1;2;0;1;9
canon;4;5;0;1;0;3;1
caddie;0;0;0;1;1;9;1
cabane;2;1;1;0;0;8;2
brigitte;1;0;8;0;0;1;2
bretagne;0;1;0;0;0;2;3
bourvil;2;12;0;0;0;0;0
berner;0;6;0;0;0;7;0
bennett;1;10;0;0;0;1;0
bateau;1;8;1;0;0;4;0
barre;0;6;4;0;0;0;4
baigner;0;0;0;0;1;2;11
aveugle;0;4;1;0;0;0;9
augmentation;0;0;3;0;0;9;1
attirer;0;1;5;1;0;1;5
asseoir;0;1;1;0;0;0;12
amérique;0;6;0;0;2;1;4
amitié;8;0;0;0;0;1;5
affreux;0;3;1;1;0;1;8
acquérir;1;0;2;1;0;1;9
achat;0;3;2;0;0;6;3
accueillir;0;2;0;0;0;4;6
absurde;0;1;2;0;1;1;9
écriture;4;0;0;0;0;1;8
écart;1;0;1;0;0;1;10
zizi;0;13;0;0;0;0;0
yverdon;6;2;5;0;0;0;0
volant;0;1;0;1;0;9;2
virer;0;4;0;0;0;9;0
victimisation;0;1;1;0;1;0;10
veille;1;8;0;0;0;3;1
tok;1;0;0;1;0;0;9
tjr;0;2;0;1;1;1;8
tique;0;0;10;0;0;0;0
tik;1;0;0;1;0;0;9
surnom;0;1;1;0;1;1;8
subtilité;1;1;0;0;0;0;11
subtil;0;1;0;0;0;4;8
stéphane;5;1;0;0;5;0;0
strictement;0;1;6;0;0;1;5
spectacle;0;2;2;1;0;3;5
sms;0;0;0;2;0;9;1
sexiste;0;2;0;0;0;1;10
septembre;0;0;0;0;0;11;0
sanction;0;0;1;0;0;8;4
salamandre;10;0;0;0;0;0;3
réunion;2;1;3;0;1;5;0
réserver;1;2;0;0;0;3;7
réserve;0;3;1;0;0;5;3
rincer;0;12;0;0;0;0;1
reprocher;0;0;0;0;3;1;9
remarque;2;0;1;0;1;8;1
refuge;0;0;10;0;0;1;0
rapporter;0;2;0;0;0;8;1
puer;3;4;0;0;0;1;5
précisément;1;4;1;1;1;3;2
prostituer;0;0;0;0;0;4;9
promener;0;1;0;0;0;7;4
plume;0;0;1;1;1;2;7
pls;0;7;3;0;0;2;1
pleuvoir;1;4;0;0;1;3;4
plaque;1;8;0;0;1;1;2
plaisanter;0;1;1;1;0;3;7
persuader;0;0;0;0;0;3;10
perle;3;3;0;0;0;1;6
payant;0;0;0;0;0;9;4
passionné;3;0;0;0;0;4;6
passionnant;8;0;0;0;0;1;3
paninari;0;13;0;0;0;0;0
palestinien;0;2;0;0;0;2;0
oups;3;5;0;1;0;0;4
ouest;3;0;0;0;9;1;0
olala;0;2;0;2;1;1;7
officiel;0;1;0;0;2;8;2
numérique;0;0;2;0;0;10;1
nouvel;0;4;1;0;0;7;1
nazi;0;1;0;0;1;8;3
naturellement;0;0;4;0;0;1;8
météo;0;3;0;0;0;3;7
mélange;0;3;1;0;0;2;7
multiplier;0;1;4;1;1;2;4
morbide;0;1;5;0;0;1;5
moquerie;0;1;0;0;0;1;10
moeurs;0;0;0;0;0;1;12
minorité;0;0;1;0;4;0;8
manuel;2;0;0;0;0;6;4
malheur;0;1;2;0;1;4;4
légitime;0;0;1;0;1;5;6
lucide;0;0;3;0;0;1;9
livrer;0;0;7;0;0;1;5
laine;2;4;1;0;0;0;6
juvénile;1;6;0;0;0;2;4
japon;0;3;0;0;0;8;2
janvier;0;6;1;0;0;5;1
iran;3;1;0;8;0;1;0
inégalité;0;0;0;0;0;4;9
invité;2;1;1;1;0;5;1
investissement;0;0;2;0;0;10;1
intervention;0;1;0;0;1;4;7
insouciance;5;0;0;0;0;3;5
infirmier;1;0;1;1;2;1;7
impliquer;0;0;3;0;0;5;5
hypocrisie;1;0;0;0;0;5;7
horaire;0;0;0;0;0;13;0
heidi;5;3;0;1;0;0;3
hallucinant;1;1;0;0;0;0;11
graver;8;1;0;0;0;2;1
gent;2;7;1;0;0;1;1
gendarme;0;2;0;0;1;10;0
gardien;1;1;0;0;1;8;2
game;9;1;0;0;0;1;1
front;0;1;0;0;0;6;5
fringue;0;3;0;0;0;4;6
frigo;0;8;1;0;0;1;2
francophone;1;8;0;0;1;1;1
flotte;0;12;1;0;0;0;0
fendre;0;10;1;1;0;0;1
fatigue;0;1;0;0;0;3;9
fasciner;2;0;0;0;0;7;4
exploser;0;6;1;0;0;4;2
exploiter;0;0;0;0;0;7;5
exigeant;3;0;1;3;1;1;4
entretenir;0;1;0;0;0;3;9
entourage;0;0;0;0;0;7;6
empaillé;0;0;10;0;0;0;2
empailler;0;0;10;0;1;0;1
emji_visage_faisant_un_bisou_avec_les_yeux_fermés;8;0;0;0;0;0;1
emji_visage_bâillant;1;1;1;0;0;2;8
emji_tête_de_chat;5;1;6;0;0;0;0
emji_trophée;9;0;0;0;0;0;0
emji_personne_qui_hausse_les_épaules;0;1;0;1;1;1;8
emji_paume_contre_paume_doigts_vers_le_haut;4;1;0;0;0;0;0
emji_mains_levées_peau_légèrement_mate;8;2;0;0;0;0;3
emji_jeune_pousse;4;0;1;0;0;2;4
emji_femme_qui_hausse_les_épaules_peau_moyennement_claire;0;2;1;0;0;1;9
déverser;0;0;2;0;0;3;8
dénigrer;0;0;1;2;0;3;6
dédicace;3;9;0;0;0;1;0
douchettes;0;13;0;0;0;0;0
doucement;0;2;0;0;0;2;8
dock;6;0;0;0;0;6;0
disparition;1;2;10;0;0;0;0
discrimination;0;0;1;0;2;2;8
différemment;0;2;1;0;0;1;9
deviner;1;1;0;1;1;6;3
delà;0;1;0;0;0;3;9
cultivé;0;0;0;0;0;0;12
couvercle;0;1;2;1;1;7;0
consulter;0;0;1;0;0;7;5
construction;0;0;4;0;0;5;4
connecter;4;0;0;0;0;3;6
coco;1;9;1;0;0;0;2
cloche;0;2;0;0;1;4;5
civil;0;0;1;0;0;9;3
chorale;1;9;0;0;0;1;1
chine;0;1;0;3;0;8;1
charles;1;4;1;0;0;0;6
championnat;0;0;0;0;0;10;3
cff;0;1;1;0;0;11;0
certitude;1;1;0;0;0;0;11
catastrophique;0;0;4;0;0;2;7
capitalisme;0;2;5;0;0;3;3
cantonal;0;2;0;0;0;9;0
bénéfice;0;1;2;0;1;8;1
brutal;0;1;0;0;0;3;8
bronzage;0;0;0;1;0;4;8
boutique;2;3;0;0;0;7;1
bein;0;1;0;0;0;5;7
attitude;0;1;0;0;2;3;7
attachant;8;1;0;1;0;1;2
athée;1;0;0;1;0;1;10
ardoise;0;0;0;11;0;0;0
application;0;0;7;0;0;4;1
alpe;0;6;2;0;0;4;1
agriculteur;0;0;7;0;0;0;5
accorder;0;0;2;0;0;2;9
1ere;1;1;0;1;0;5;5
étage;0;2;0;0;0;4;6
épouser;1;5;0;0;0;0;5
épanouir;3;1;0;0;0;1;7
élite;0;1;0;0;0;4;7
ème;0;0;0;1;0;2;8
woke;0;1;0;0;0;2;8
voyou;1;7;0;0;1;3;0
vintage;1;5;0;2;0;3;1
vierge;0;3;0;0;0;1;8
vestimentaire;1;3;0;0;0;1;7
usine;0;0;0;0;1;7;3
us;1;1;0;0;4;5;0
typiquement;2;3;0;3;0;1;3
tonne;0;1;4;1;0;5;0
tiers;0;0;0;0;0;2;9
tic;0;0;0;1;0;2;7
symptôme;0;1;0;0;0;9;2
survie;0;0;5;0;0;2;5
suffisamment;0;0;0;1;0;3;8
spécialiste;1;1;3;0;0;5;2
souriant;4;1;0;0;0;0;7
sommer;6;6;0;0;0;0;0
smartphones;0;0;0;2;0;0;9
signaler;0;0;2;1;0;5;3
sexualité;0;0;0;0;0;1;11
salutation;1;6;0;0;0;5;0
révéler;0;1;0;0;0;3;8
répandre;0;2;1;0;0;0;8
rock;5;4;0;0;0;2;1
revendre;0;2;0;1;0;6;3
ressortir;1;2;0;2;0;3;3
repartir;2;0;1;0;0;7;2
queue;0;5;1;0;0;6;0
qqun;0;3;0;0;1;6;2
pâte;1;4;5;0;0;0;2
prétexte;0;0;2;1;1;5;3
projeter;0;0;1;0;0;3;8
privilégié;0;0;0;0;0;1;11
poussin;1;1;8;0;0;0;1
plier;0;8;1;0;0;0;3
piéger;0;0;0;0;0;11;1
pitoyable;0;0;4;0;1;2;5
pionnier;6;0;1;0;0;3;1
pile;0;0;0;8;0;1;2
philosophe;5;0;0;0;0;0;7
perfection;1;4;1;0;0;0;5
pcq;0;0;0;0;3;4;5
particule;0;2;2;0;0;2;5
panier;0;0;4;1;0;0;7
palmarès;0;6;1;0;0;3;1
ouvrage;1;0;1;0;0;1;7
orienter;0;0;0;0;0;0;12
octobre;0;4;0;0;0;7;0
nuance;0;1;1;0;1;0;7
neutre;0;2;0;0;0;10;0
neurone;0;1;0;0;0;0;11
nana;1;1;0;0;0;1;8
nain;0;7;4;0;0;0;0
mémé;0;0;0;0;10;1;0
médiocre;0;0;0;0;0;0;12
mâle;0;0;5;0;0;0;7
mythe;0;1;1;0;0;6;4
moustique;0;8;2;0;0;2;0
moustache;3;4;5;0;0;0;0
motiver;1;1;0;0;1;3;6
mnt;0;2;1;0;0;0;9
maîtrise;0;4;0;1;0;2;5
maintenir;0;1;0;0;0;0;11
légèrement;0;3;0;0;0;0;8
liverpool;0;2;2;0;0;6;0
life;11;0;0;0;0;1;0
laurent;12;0;0;0;0;0;0
kilomètre;1;1;0;1;3;2;4
kiff;3;8;0;0;0;1;0
jurassien;0;9;0;0;0;1;1
jeudi;0;0;0;3;0;9;0
insultant;1;0;0;0;4;0;5
insecte;0;0;9;0;0;2;1
immigré;0;0;0;0;0;1;11
imagination;0;0;0;1;0;1;10
herbe;1;0;2;1;0;8;0
gris;0;1;0;0;1;9;1
grec;1;0;0;0;0;2;9
gras;0;1;4;1;0;6;0
goat;11;0;0;0;0;0;0
frustré;0;1;0;0;0;0;10
frontalier;1;7;0;0;0;3;1
four;1;1;7;0;0;3;0
fonder;2;0;1;0;1;2;6
fifa;1;0;0;0;0;11;0
feuille;0;1;0;1;0;6;1
fenêtre;2;0;4;0;0;6;0
expert;0;1;1;0;0;6;4
exigence;2;1;0;0;0;0;9
excuse;0;1;0;0;0;0;11
exclure;1;0;1;0;0;1;9
ever;10;0;1;0;0;1;0
enrichir;0;2;0;0;1;1;7
ennuyeux;0;2;0;0;0;3;7
employer;1;2;0;1;1;2;5
emji_visage_ébahi;0;0;2;0;0;1;2
emji_visage_souriant_avec_des_cornes;0;1;3;0;0;3;1
emji_globe_tourné_sur_l;4;1;0;0;0;2;2
emji_conifère;7;0;0;0;0;0;0
emji_chat;6;0;2;0;0;0;0
emji_canard;5;0;2;0;1;0;0
effrayant;0;0;3;0;0;1;8
dîner;0;0;6;2;0;2;1
détail;0;1;0;0;1;3;7
désagréable;0;2;1;1;4;3;1
démon;1;0;0;0;0;1;9
définitivement;0;2;1;0;1;6;2
débarbouillette;0;11;0;0;0;0;0
document;2;0;0;0;0;2;8
disponible;2;0;0;0;0;8;2
di;3;4;0;1;0;3;0
dessert;0;2;6;0;1;1;1
croissance;0;0;0;0;0;5;7
cramer;1;4;1;0;0;6;0
couler;2;2;2;0;1;0;5
connotation;0;0;0;0;10;1;1
congolais;0;6;1;0;0;4;1
commander;0;0;5;0;0;4;2
collection;1;7;0;0;0;1;3
chialer;3;5;1;1;0;1;1
cartable;0;8;0;1;0;0;3
carré;1;3;4;0;1;0;3
bâtiment;0;0;1;0;0;7;4
bourge;0;10;0;0;0;1;0
boguet;1;5;0;0;0;6;0
batterie;0;1;0;3;0;6;0
bagnole;0;3;0;0;0;4;3
aventure;3;0;0;1;0;6;2
avc;1;2;6;0;0;1;2
avaler;0;1;0;0;0;4;7
autorisation;0;0;0;0;0;2;10
aujourdhui;0;0;1;0;0;1;10
atmosphère;2;1;0;0;0;7;1
astuce;0;6;0;1;0;5;0
associer;0;0;1;0;5;3;3
arbitre;0;0;0;0;4;2;6
annoncer;0;0;0;0;0;10;2
animer;1;0;2;1;0;7;0
alsacien;1;10;0;0;0;0;1
aliment;0;0;8;0;1;2;1
ahahah;2;10;0;0;0;0;0
abus;0;1;1;0;0;1;9
île;1;4;0;0;0;0;6
éthique;0;0;9;0;0;2;0
équiper;1;5;0;0;0;4;1
équilibré;0;0;3;0;0;1;7
élémentaire;0;0;0;6;0;0;5
électro;0;0;0;0;0;1;9
élection;0;0;0;0;0;9;2
échapper;1;0;0;0;0;0;10
yen;1;4;2;0;0;3;1
what;5;4;0;0;0;1;1
volontaire;0;2;0;0;0;6;3
violet;0;9;0;0;0;0;2
vilain;1;3;1;0;0;0;5
verser;1;1;1;0;0;7;1
vacciner;0;0;8;0;0;0;2
urgence;0;0;0;1;0;9;1
ubs;0;0;6;0;0;5;0
trump;0;1;0;1;3;6;0
trauma;0;1;0;0;0;0;10
transporter;0;3;8;0;0;0;0
traduire;0;2;0;0;2;3;4
tits;0;11;0;0;0;0;0
tissu;0;3;0;0;0;6;2
tiroir;0;7;0;0;1;1;2
terrifiant;0;0;1;0;0;3;7
tas;0;1;1;0;0;2;7
tarte;1;5;0;0;0;2;3
taf;0;1;0;0;1;9;0
tabac;0;0;0;0;0;9;1
sérénité;5;0;0;0;0;2;4
surprenant;1;7;0;0;0;1;2
strict;0;0;3;0;0;1;7
souris;0;1;5;1;0;2;1
souffle;1;4;0;0;0;5;1
sommeil;0;1;0;0;1;4;4
selle;0;7;1;0;0;3;0
seine;0;0;0;0;0;5;6
scooter;1;1;0;0;0;9;0
same;9;0;0;0;0;0;0
salarial;0;0;0;0;0;2;8
réguler;0;0;10;0;0;0;1
régler;0;0;1;0;0;3;6
romain;1;1;1;0;0;0;7
robot;0;0;0;0;0;7;2
risquer;0;0;2;0;0;5;4
retenue;1;1;2;0;0;1;6
représentatif;0;0;0;0;0;0;11
reculer;0;2;2;4;0;1;2
reconnaissance;1;0;0;0;0;7;3
rat;0;2;7;0;0;1;1
raser;0;5;0;0;0;1;5
rapidité;1;1;0;7;1;0;1
rage;0;2;0;0;0;6;3
radical;0;0;1;0;0;0;8
pétrole;0;1;6;0;0;3;1
puce;0;0;7;0;1;2;1
ptit;0;0;1;0;4;4;2
précurseur;8;0;0;0;0;0;2
procurer;3;0;1;0;1;2;4
privilège;0;0;1;0;0;0;10
principalement;0;0;2;0;0;5;4
poétique;1;0;0;0;0;3;7
porteur;0;1;10;0;0;0;0
pont;0;0;1;0;0;3;7
pompe;1;2;0;0;0;8;0
plait;4;0;0;0;0;1;5
pipe;0;2;0;0;0;7;2
philippe;1;3;0;0;0;2;4
pharmacie;2;5;3;0;0;1;0
paysage;4;1;0;0;0;4;2
parer;0;0;0;2;0;2;7
panosse;0;9;0;0;0;1;1
ouiiiii;11;0;0;0;0;0;0
original;1;5;0;0;4;1;0
ordinaire;3;1;2;0;1;2;2
olivier;0;0;0;0;5;2;4
nokia;0;3;0;6;0;1;1
noel;0;2;0;0;0;0;9
noctambus;3;1;4;0;0;3;0
noble;2;5;0;0;0;0;3
nier;0;0;1;1;1;1;7
natel;0;2;0;0;0;0;5
médicament;1;0;2;0;0;7;1
médecine;1;0;1;0;0;6;3
montant;0;0;2;0;0;5;1
mission;2;1;0;0;0;7;1
messe;2;1;0;0;0;7;1
menu;0;6;1;0;1;1;2
mensonge;1;0;0;0;0;0;10
menace;0;4;2;0;0;2;3
maximum;0;2;3;1;0;3;1
mat;0;1;0;1;0;8;0
malbouffe;0;1;5;1;0;0;3
maillot;0;8;0;0;0;2;1
là_bas;0;0;0;0;0;10;1
loyer;0;0;0;0;0;11;0
live;0;0;0;0;0;9;2
lfi;0;1;1;0;0;4;2
juin;1;2;0;0;0;7;1
jpp;0;8;0;0;0;3;0
issue;0;1;0;0;2;1;7
ironie;1;1;0;0;0;1;8
invasion;0;6;1;0;0;2;2
intégrer;0;4;0;0;2;4;1
instrument;0;5;1;0;0;5;0
instruit;0;2;0;0;0;0;8
institution;3;2;0;1;0;3;2
inspiration;3;5;0;0;0;0;3
impensable;1;3;0;0;0;7;0
imier;0;0;0;11;0;0;0
ignorant;0;0;1;0;0;2;2
identique;1;2;2;1;0;0;5
honneur;1;2;0;1;1;0;6
harry;1;0;0;0;0;1;1
hahahaha;0;7;0;0;1;2;1
hahah;4;5;0;0;0;1;0
gérard;3;5;0;0;0;2;1
généreux;3;0;2;0;0;3;3
gâcher;0;2;0;0;0;3;6
greta;5;0;0;0;0;0;6
good;10;0;0;0;0;0;1
gonfler;0;0;1;0;0;9;1
glauque;0;2;6;0;0;0;0
genial;0;4;0;1;0;0;6
férié;0;1;0;0;0;9;0
frustration;0;0;0;0;0;0;10
fournir;0;0;1;0;0;4;5
fortune;0;1;0;4;0;0;6
filtre;0;1;0;0;0;7;2
fiable;0;1;0;0;0;6;4
fesait;2;6;0;1;0;1;1
fermeture;0;2;0;0;0;7;2
exception;0;1;1;0;0;3;6
essoreuse;0;10;0;0;0;0;0
envahir;0;0;7;0;1;0;3
entretien;2;1;0;0;0;8;0
engagement;3;0;0;1;0;3;4
enceinte;0;2;0;0;0;6;2
emji_étreinte;9;0;0;0;0;0;0
emji_visage_avec_masque;0;2;1;0;0;0;0
emji_visage_avec_bouche_en_diagonale;0;0;0;6;0;1;4
emji_vague;3;3;0;0;0;0;0
emji_poing_levé_peau_claire;1;0;0;2;0;2;1
emji_oeil;0;2;0;0;5;0;0
emji_drapeau_brésil;10;0;0;0;0;0;0
emji_croix_latine;8;0;0;0;0;0;3
emji_coeur_et_flèche;6;0;0;0;0;0;0
emji_biceps_contracté_peau_légèrement_mate;2;3;0;0;0;5;0
emji_arc_en_ciel;10;0;0;0;0;1;0
electro;0;6;0;1;0;0;2
développement;0;1;0;0;0;4;6
dépression;0;1;1;0;0;9;0
dénoncer;0;0;2;0;0;1;8
dégât;0;2;6;0;0;2;1
débattre;0;0;1;0;0;2;8
dramatique;0;1;1;0;0;1;8
dossier;1;1;0;0;0;7;1
donnée;0;0;3;1;0;6;1
diversité;0;0;0;0;0;3;8
devise;0;2;0;0;0;4;1
defaye;1;0;0;0;0;1;1
david;8;0;0;0;0;0;3
danseur;1;1;0;0;0;1;3
côte;0;0;0;3;3;0;1
céréale;0;0;10;0;0;0;0
cycliste;1;1;0;3;0;6;0
criminel;0;1;1;0;0;4;5
cravate;1;3;0;0;2;3;2
copier;1;5;0;0;0;1;4
continuation;5;0;1;0;0;0;5
commettre;0;0;0;0;1;1;9
collectif;0;0;0;0;0;2;9
collant;0;5;1;0;0;5;0
cirque;0;0;5;0;0;1;4
choc;0;0;2;0;3;2;4
childhood;11;0;0;0;0;0;0
challenge;1;0;0;6;0;0;4
cave;1;0;1;0;0;1;7
catégorie;0;0;0;0;0;2;7
castrer;1;0;8;0;0;0;1
carnivore;0;0;11;0;0;0;0
capitaliste;1;0;0;0;0;5;4
camping;0;4;0;0;0;7;0
calmer;0;2;1;0;0;5;3
briller;4;1;0;0;0;1;4
bourrer;0;0;1;0;0;2;8
boulanger;0;5;5;0;0;1;0
blâmer;0;0;4;0;0;1;6
biodiversité;0;0;5;0;0;3;3
big;2;5;0;4;0;0;0
bible;0;0;0;0;0;0;11
biais;1;0;0;0;0;1;8
beauf;0;10;0;0;0;0;1
bb;1;0;1;0;0;1;8
baron;7;2;0;0;0;2;0
balcon;2;1;5;1;0;1;1
back;11;0;0;0;0;0;0
auprès_de;0;1;2;0;0;1;7
au_delà;0;3;0;0;1;3;4
attacher;1;0;2;1;0;2;2
assister;0;0;0;0;1;3;6
ascenseur;0;7;0;0;0;2;1
apaisant;5;0;0;0;0;0;6
anne;0;0;0;0;0;3;3
angleterre;0;2;0;1;0;4;4
alimentation;0;0;8;0;0;1;2
al;1;0;0;0;0;2;6
ajd;0;1;0;1;1;6;2
ais;1;6;0;0;0;0;4
ahh;4;5;0;0;0;0;2
affection;0;0;2;0;0;4;5
addition;1;1;0;5;0;1;3
accueil;0;0;0;0;0;7;4
absence;0;1;3;0;0;0;7
abattoir;1;0;3;0;0;0;7
évolué;0;1;0;0;0;1;8
évidement;0;3;0;0;0;2;3
éveiller;3;0;0;0;0;0;7
éternité;2;0;2;0;0;2;4
épuiser;0;2;0;0;0;2;6
épaule;0;2;0;3;0;0;5
épargner;0;1;1;0;0;6;2
éleveur;0;0;8;0;0;1;0
égoïsme;2;0;4;0;0;1;3
échanger;1;0;0;0;0;4;5
waw;6;1;0;1;0;0;2
w;3;2;0;0;0;2;2
vétérinaire;0;0;2;0;0;2;5
végétal;0;0;6;0;0;0;0
vocation;0;4;0;0;0;2;4
violer;0;0;1;0;1;1;7
viol;0;0;0;0;0;3;7
ventre;0;0;2;0;0;2;6
uefa;0;0;0;0;0;8;1
typique;0;8;0;0;1;0;1
trouble;0;1;0;0;0;5;4
tri;0;0;9;0;0;0;0
tranche;0;5;2;0;0;2;1
tournage;0;0;1;0;0;9;0
ticket;0;2;1;0;0;7;0
techno;1;2;0;0;0;2;3
tartine;5;0;1;0;0;1;3
t_shirt;0;6;1;0;2;1;0
séjour;2;3;0;1;0;4;0
systématiquement;0;0;0;0;0;3;7
synonyme;0;1;0;1;1;0;7
sylvain;0;9;0;0;0;1;0
surconsommation;0;0;0;1;0;1;8
story;2;0;0;0;0;5;2
stopper;0;0;1;0;0;6;3
stage;1;4;0;0;0;4;0
sous_titre;1;2;0;0;1;3;3
sonore;0;1;3;0;0;1;4
simon;5;0;0;0;0;5;0
siffler;0;0;0;0;0;7;3
shui;0;0;0;0;0;2;5
sexisme;0;0;0;0;0;0;10
semblant;0;0;0;0;0;1;9
secondaire;0;0;0;0;0;7;3
sanglier;0;0;8;0;0;2;0
saisir;0;1;0;0;0;1;7
réveil;0;1;1;2;0;3;3
résumer;0;1;1;0;0;1;7
résoudre;0;0;0;1;0;4;5
répartie;0;0;0;2;3;0;5
régime;0;0;5;0;0;1;3
routine;0;1;2;4;0;1;2
rouleau;1;8;0;0;0;1;0
romands;0;8;0;0;0;1;1
robert;0;4;2;0;1;1;2
rn;0;8;0;0;0;1;1
ressemblance;0;1;0;0;0;1;4
repasser;1;0;0;0;1;4;4
remember;10;0;0;0;0;0;0
relatif;1;2;0;0;0;2;5
redonner;1;0;2;3;0;0;4
recré;6;1;0;3;0;0;0
recruter;0;6;0;0;0;0;4
queen;4;0;0;0;0;2;0
qqn;0;1;1;0;0;0;8
pénible;0;1;0;0;0;3;6
putin;0;10;0;0;0;0;0
punition;0;0;0;0;0;2;8
prévenir;0;0;0;0;0;5;5
préférence;2;0;4;0;0;0;4
prophète;0;1;0;0;0;2;7
poulailler;0;0;10;0;0;0;0
potter;1;0;0;0;0;1;1
portrait;4;0;0;0;0;4;2
pointer;0;1;0;0;0;4;5
pilule;0;1;0;0;1;3;5
pfff;0;0;0;1;2;5;2
perturber;0;2;6;0;0;1;1
pendule;1;0;0;7;0;0;2
pc;0;0;0;0;0;6;4
patriarcal;0;0;1;0;0;0;9
parallèle;0;1;0;0;0;1;8
out;1;1;1;0;0;6;1
oubli;1;0;0;0;0;8;1
opération;1;0;1;0;0;7;1
ombre;1;2;3;0;0;3;1
officiellement;0;0;0;0;6;1;3
nucléaire;0;0;0;0;0;8;2
netflix;0;0;0;8;0;1;1
moule;0;1;1;0;0;0;8
monstre;2;2;6;0;0;0;0
moniteur;0;2;0;0;0;5;3
mobylette;0;3;0;0;0;7;0
miroir;3;1;0;0;0;0;6
meuble;0;4;5;0;0;0;0
memories;10;0;0;0;0;0;0
maîtriser;0;0;0;6;0;1;3
malaise;0;1;0;7;0;0;2
louer;0;4;0;0;0;2;4
libérer;0;1;0;0;0;2;7
lgbt;0;0;0;0;2;5;3
lamentable;0;1;7;0;0;1;1
isoler;0;0;3;0;1;0;6
inventeur;2;1;0;6;0;0;1
intervenir;0;1;0;0;0;4;5
interprétation;3;1;0;0;0;0;5
intemporel;2;2;0;0;1;3;2
instinct;0;0;7;0;0;1;1
inspirant;10;0;0;0;0;0;0
innocence;4;0;0;0;0;0;6
informatique;0;0;0;0;0;8;2
influencer;0;0;0;0;1;1;8
inculte;0;2;0;0;1;0;7
imaginaire;0;0;1;0;1;1;7
illusion;0;0;0;0;0;0;10
humeur;0;0;0;0;0;7;3
hardy;9;0;0;0;0;0;1
halluciner;0;4;1;0;0;2;3
gênant;0;1;0;0;0;0;9
générosité;2;0;2;0;0;2;4
guide;0;2;0;0;0;1;6
global;1;0;0;0;0;3;6
giec;0;0;0;0;0;2;8
generation;1;1;0;1;0;0;7
gen;1;0;0;0;6;1;2
games;5;0;0;0;0;4;0
galer;0;0;5;0;0;4;1
février;2;5;0;0;0;1;2
félin;1;0;7;0;0;2;0
féliciter;1;0;1;0;0;0;8
fée;7;0;1;0;0;1;1
fréquenter;0;0;1;0;0;2;7
fraise;0;7;1;1;0;0;1
fondateur;4;0;0;0;0;2;1
foncer;0;0;0;0;2;5;3
fléau;0;1;0;0;1;7;1
fixer;0;6;1;0;0;2;1
fidélité;1;0;3;0;0;4;2
fermé;0;1;0;0;0;8;1
feng;0;0;0;0;0;1;6
faillite;0;1;8;0;0;0;1
exiger;0;0;1;1;0;3;3
ethnie;0;0;0;0;3;0;6
era;10;0;0;0;0;0;0
er;0;0;1;0;0;6;3
entraîneur;0;0;0;0;0;10;0
entraînement;0;0;1;3;0;4;2
enregistrer;0;2;1;0;0;2;5
empire;0;2;0;0;0;5;2
emji_visage_déguisé;6;0;0;0;0;1;1
emji_téléphone_portable;1;1;0;5;0;1;1
emji_poing_de_face;2;1;1;1;0;2;2
emji_lotus;8;0;0;0;0;0;2
emji_escargot;0;2;1;0;0;0;2
emji_double_point_d_exclamation;3;1;0;1;0;1;0
emji_croix;0;7;0;0;0;0;0
emji_coeur_avec_bandages;0;0;3;0;0;1;0
emji_chouette;9;0;0;0;0;1;0
emji_billet_avec_des_ailes;0;2;0;0;0;2;0
emji_ballon_gonflable;6;0;0;0;0;0;0
emji_arbre_à_feuilles_caduques;7;0;0;0;0;0;2
elastique;3;5;0;1;0;0;1
désastre;0;1;1;0;0;2;6
déprimer;0;7;0;0;0;3;0
déguster;0;8;0;0;0;0;2
déguiser;0;1;1;0;0;5;2
dégoûter;0;5;0;0;0;2;3
déclarer;0;0;1;0;0;5;4
ducoup;0;2;0;0;0;7;0
doré;1;5;0;0;0;3;1
distance;0;0;3;0;0;4;3
dirigeant;0;0;0;0;1;0;8
digérer;0;1;2;0;0;4;1
dessiner;1;0;0;0;0;6;3
debut;1;4;0;0;3;1;1
dalle;0;5;2;0;0;1;2
créature;1;0;5;0;0;0;3
cruel;0;0;8;0;0;0;2
craquer;3;4;1;0;0;1;1
crade;0;7;0;0;0;2;1
coucou;3;1;1;0;3;1;1
correction;0;0;0;0;0;1;9
contenu;1;0;0;0;0;2;7
constructif;0;0;0;0;0;0;10
constamment;0;0;1;0;0;0;9
congo;0;3;0;3;0;0;4
condescendant;0;1;0;0;0;1;6
comté;0;10;0;0;0;0;0
compétence;0;0;0;0;0;0;10
composition;1;0;4;0;1;0;4
composer;0;1;3;0;0;4;2
compassion;1;0;1;0;0;0;8
combler;1;0;7;0;0;1;1
colère;0;0;2;0;1;6;1
colonie;1;1;1;1;0;4;2
cliquer;0;0;0;0;0;1;8
claquer;0;2;1;0;1;5;1
circuler;0;0;0;0;0;9;1
circulation;0;0;0;0;0;10;0
circonstance;1;1;0;0;0;1;7
cauchemar;0;1;7;0;0;0;2
carter;0;7;0;0;0;3;0
caresser;0;0;7;0;0;1;1
caler;0;1;0;0;0;1;8
calculette;0;2;0;5;0;1;2
bûcheron;0;2;1;0;0;4;2
bricolage;1;0;0;0;0;3;6
breton;0;7;1;0;0;0;2
break;1;2;0;0;0;7;0
bonsoir;2;0;0;0;0;6;2
bonnard;9;1;0;0;0;0;0
black;1;5;0;0;3;0;1
bistrot;0;1;0;0;2;5;2
bergamote;0;9;0;0;0;1;0
benet;0;10;0;0;0;0;0
balayer;0;1;0;0;3;1;4
baignoire;0;9;0;0;0;1;0
aéroport;1;0;0;0;0;8;1
attendrissant;6;0;1;0;0;1;2
artifice;4;1;0;0;1;1;2
arracher;0;2;0;0;0;4;4
armoire;0;3;0;0;0;7;0
analyser;0;0;1;0;0;0;9
amalgame;0;0;0;0;0;1;8
alpha;0;0;0;0;3;0;7
albert;3;2;0;0;0;4;0
albanais;3;0;0;0;0;5;0
ahhhh;2;5;0;0;0;1;2
ahahaha;4;6;0;0;0;0;0
agressivité;0;1;0;0;0;0;9
admiratif;5;0;0;0;0;0;5
accuser;0;0;0;0;1;3;5
accomplir;1;1;1;0;0;2;5
abruti;0;0;0;0;1;0;8
aboutir;0;1;0;0;0;9;0
aberrant;0;2;1;0;0;1;6
abeille;2;0;7;0;0;1;0
abe;2;0;0;0;0;3;5
1ère;0;1;0;1;0;8;0
étrangement;0;0;0;0;0;1;8
étouffer;0;0;2;0;0;1;6
étiquette;0;2;0;0;1;4;2
émotionnel;0;0;0;0;0;1;8
émerveiller;1;0;0;0;0;0;8
élu;1;0;0;0;0;7;0
égo;0;0;0;0;0;1;8
yes;4;3;0;0;0;1;1
xénophobie;0;1;0;0;4;0;4
wokisme;0;2;0;0;2;2;3
véritablement;1;1;0;0;0;0;7
vrm;1;0;0;0;1;1;2
vosges;0;8;0;0;1;0;0
volontairement;0;0;0;1;1;7;0
visiter;1;0;1;0;1;6;0
virilité;2;0;0;0;0;2;5
vih;0;0;4;0;0;3;1
vd;0;3;1;0;0;5;0
variété;0;0;0;0;0;3;2
valoriser;0;0;1;0;0;1;7
université;0;0;1;2;0;3;3
ukraine;2;0;3;0;0;2;2
udc;0;3;0;0;0;6;0
tutoyer;0;1;0;0;0;0;8
tueur;0;2;6;0;0;0;1
trés;3;2;1;0;0;0;3
troll;0;3;0;0;0;0;6
tranquillement;0;2;0;0;0;4;3
trait;1;0;2;0;0;4;2
traditionnel;0;1;0;0;0;3;5
tou;2;0;0;1;0;0;1
testostérone;0;1;0;0;0;3;5
tempête;1;2;0;0;0;3;2
tatouage;0;1;0;0;0;5;3
taré;0;0;1;0;1;0;7
sévère;0;0;0;0;0;2;7
sélectionner;0;0;4;0;0;0;5
séance;0;0;0;0;0;9;0
surpoids;0;0;1;8;0;0;0
suer;0;1;0;0;0;6;2
statut;0;0;1;0;1;1;6
statistique;0;0;0;0;0;1;8
squatter;0;1;1;0;0;6;0
spirituel;0;0;0;0;0;2;7
spectateur;0;0;0;0;0;7;1
soldat;0;0;0;2;0;2;5
skippy;1;5;0;0;0;1;2
signer;1;1;0;0;0;5;2
sensation;0;0;0;1;0;4;3
sdf;0;0;0;0;0;7;2
satellite;1;0;0;0;0;7;1
sandale;0;8;0;0;0;1;0
sable;0;0;0;3;0;1;5
révolutionnaire;0;3;3;0;0;0;3
réputation;1;3;1;0;0;2;2
rond;0;7;0;0;0;0;2
roland;3;0;0;0;0;4;0
rodéo;0;3;0;0;0;6;0
rendez_vous;0;0;2;0;0;4;3
remplacement;0;2;0;0;1;5;1
relou;1;4;0;0;0;0;4
ref;0;6;0;0;0;0;3
rdv;1;0;0;0;1;6;0
rasciste;0;0;0;0;9;0;0
quart;0;6;0;0;0;1;2
présentation;1;3;0;0;0;5;0
préjugé;0;0;0;1;3;2;3
pré;0;1;1;0;0;0;6
pruneau;0;1;2;0;1;4;1
promotion;0;0;0;0;1;3;5
prioritaire;0;0;0;0;0;7;1
presse;0;1;1;0;0;2;5
poète;1;1;0;0;0;0;7
pourrir;0;0;1;0;1;2;5
potentiel;0;0;0;0;0;2;7
possession;0;2;1;0;0;0;6
portée;0;0;0;0;0;2;7
portugais;1;8;0;0;0;0;0
porno;0;3;0;0;0;0;6
porc;0;8;0;0;0;0;1
poison;0;0;6;0;1;1;1
pognon;0;0;3;1;0;3;2
plonger;0;0;0;1;1;1;6
played;8;0;0;0;0;0;1
placette;0;3;0;0;0;2;0
placard;0;1;1;0;2;1;3
peter;4;5;0;0;0;0;0
pesticide;0;0;8;0;0;1;0
perception;0;1;0;0;0;0;8
peluche;1;2;3;0;0;2;1
pause;0;1;0;0;0;6;1
paul;2;3;1;1;0;0;1
patriote;0;0;0;0;0;2;7
patineur;1;4;0;0;1;0;3
parmis;1;0;7;0;0;0;1
paléo;1;0;0;0;0;7;1
paisible;0;0;0;0;0;2;6
outrance;0;0;0;0;0;0;9
oula;0;3;0;0;0;0;5
organisme;0;0;9;0;0;0;0
option;0;1;1;0;0;1;6
opportunité;1;0;2;0;0;2;4
office;0;0;1;0;0;2;6
obèse;0;0;9;0;0;0;0
nocif;0;0;5;0;1;2;0
nice;2;2;0;0;0;3;2
neutralité;0;2;0;0;0;1;6
neuch;0;3;0;0;0;0;1
nettoyage;0;4;5;0;0;0;0
nerveux;0;5;0;0;1;1;2
naïveté;4;0;0;0;0;3;2
nageur;0;1;0;0;1;0;6
nager;0;3;0;0;0;0;5
métro;0;0;0;0;0;8;1
mélanome;0;1;0;0;2;3;3
mégot;0;0;6;0;0;0;3
moutre;0;9;0;0;0;0;0
misogynie;0;0;0;0;0;0;9
meule;0;1;0;0;0;1;7
mcdo;0;6;1;0;0;1;1
marine;0;0;6;0;1;1;1
m2;1;1;1;0;0;5;0
lumineux;6;0;0;0;1;0;2
luc;0;8;0;0;0;0;1
linguistique;0;3;0;2;0;0;3
laid;1;3;0;0;0;1;3
jupon;2;0;0;0;0;0;7
joux;1;6;0;0;0;2;0
ivano;6;1;0;0;0;2;0
israël;0;0;0;0;0;9;0
inverser;0;0;1;0;0;4;4
instructif;0;0;0;1;0;3;5
inflation;0;0;0;0;0;8;1
infiniment;2;0;3;0;0;1;3
indépendance;1;0;1;0;0;4;3
indigne;0;0;0;0;1;3;5
inde;0;2;1;0;0;6;0
inclure;0;0;0;1;0;5;1
impossibilité;0;0;0;0;0;0;9
imiter;0;6;1;0;0;0;2
identifier;1;1;0;2;0;3;2
hôtesse;0;0;1;0;0;7;0
hurler;0;2;2;0;0;5;0
humide;0;6;0;0;0;1;1
hubert;5;1;0;0;0;1;2
hormone;0;0;2;0;0;3;4
helvétique;1;7;0;0;1;0;0
handicap;0;1;0;0;0;0;8
hab;1;1;0;0;2;2;2
généralisé;0;0;0;0;0;7;2
guérir;0;0;0;0;0;3;6
gratitude;3;0;0;0;0;2;4
grain;1;1;0;0;0;3;3
gouttière;1;0;8;0;0;0;0
god;7;1;0;0;0;0;1
gloire;3;0;0;0;0;2;4
globalement;0;4;0;0;0;0;5
garance;0;8;0;0;0;0;1
gamelle;0;1;5;0;0;2;1
fuite;0;1;1;0;0;4;3
frustrer;1;1;0;1;0;0;6
french;6;2;0;0;0;0;1
foule;0;1;0;0;0;3;5
flemme;0;0;2;1;0;2;4
finesse;5;0;0;0;0;0;4
financer;0;1;2;0;0;5;1
fibre;0;0;0;0;0;9;0
faveur;0;0;0;0;0;4;4
familier;1;3;0;0;5;0;0
exprès;0;1;0;0;0;5;3
exploit;0;2;0;1;0;4;2
excès;0;2;2;0;0;2;3
esthétique;0;0;5;0;0;0;4
espérance;0;0;4;0;0;1;4
endoctrinement;0;0;0;0;0;1;8
emporter;0;0;2;0;1;1;5
emouvant;6;0;0;0;0;1;2
emji_visage_mécontent;1;1;3;0;0;0;4
emji_visage_expirant;0;0;0;0;1;4;4
emji_visage_avec_bandage_autour_de_la_tête;1;1;1;0;1;0;1
emji_v_de_la_victoire_peau_claire;0;5;1;0;0;0;2
emji_tête_secouée_verticalement;1;1;0;0;0;0;4
emji_signe_appel_téléphonique_avec_les_doigts;3;1;0;0;0;0;4
emji_point_d_exclamation_rouge;1;0;0;0;0;1;3
emji_planche_à_roulettes;2;1;0;0;0;0;0
emji_nuage_avec_éclair_et_pluie;4;0;0;0;0;0;0
emji_nuage_avec_pluie;8;1;0;0;0;0;0
emji_montagne_enneigée;4;0;0;0;0;0;0
emji_drapeau_belgique;1;7;0;0;0;0;0
emji_danseur;1;1;0;4;0;0;0
emji_boisson_chaude;0;0;4;0;0;0;2
emji_ballon_de_football;2;0;0;0;0;3;4
embêter;1;1;2;0;0;4;1
embauche;0;0;0;0;0;9;0
el;7;1;0;0;0;0;0
détourner;0;0;0;0;1;0;7
déménager;0;2;6;0;0;0;1
délinquant;0;1;0;0;0;5;3
dégoûtant;0;8;0;0;0;1;0
défaire;2;5;0;1;0;0;1
décor;0;2;4;0;0;0;3
déconner;0;8;0;0;0;1;0
déchirer;0;4;1;1;0;1;2
dsl;1;0;1;0;0;0;7
doucher;0;9;0;0;0;0;0
doubs;0;9;0;0;0;0;0
doubler;0;1;0;0;0;2;6
domestiquer;0;0;8;0;0;1;0
diplôme;1;0;0;0;0;1;7
deteste;0;8;0;0;0;0;0
côtoyer;0;0;1;0;1;0;6
cueillir;0;0;5;0;0;1;3
crotte;0;1;6;0;0;1;0
critère;0;2;1;0;0;1;5
crime;1;0;0;0;0;4;4
creuser;0;0;1;0;0;1;7
cretin;0;7;1;0;0;0;0
cp;0;1;0;5;0;0;2
coton;0;5;0;0;0;2;2
conviction;1;3;1;0;0;0;4
convertir;0;1;0;0;0;1;7
contemporain;0;0;0;0;0;0;9
considération;0;0;0;0;1;0;7
confusion;0;3;0;0;1;0;5
condescendance;0;3;1;1;0;1;3
concevoir;0;5;0;0;0;2;1
coms;0;3;0;0;0;1;3
complotistes;0;4;0;0;0;4;1
communiste;0;0;1;0;0;7;1
commentateur;2;0;0;0;0;4;1
civilisation;0;0;0;1;0;2;5
cieux;1;0;1;0;0;0;6
chauffer;0;2;3;0;0;1;3
charmey;8;1;0;0;0;0;0
cercueil;0;0;0;1;0;5;1
cercle;0;0;0;0;2;1;6
catherine;0;1;1;0;0;7;0
cata;0;1;0;7;0;0;0
canadien;1;8;0;0;0;0;0
caillou;0;1;2;1;0;0;1
bénéficier;0;0;0;0;1;4;4
bruxelles;0;1;1;0;0;6;1
broyer;0;3;1;0;0;0;1
bro;0;1;0;0;0;1;3
boucher;0;0;6;0;0;2;1
boss;8;0;0;0;0;1;0
blaireau;0;0;8;0;0;0;1
beh;0;5;0;0;0;0;4
be;5;0;0;0;4;0;0
bcbg;0;8;0;0;1;0;0
barbu;0;4;0;0;0;0;4
bancaire;0;1;0;0;1;5;2
banaliser;0;0;0;0;1;0;7
avs;1;1;0;0;0;7;0
avocat;0;1;0;0;0;1;7
audace;1;1;0;0;0;1;5
attente;0;0;0;1;0;5;3
atroce;0;2;0;0;0;0;7
assiette;0;0;3;1;0;1;3
asiatique;0;1;1;0;1;5;1
argot;0;0;0;0;2;4;3
approprié;0;0;2;0;1;0;6
apaiser;0;1;0;0;0;1;6
animé;1;0;1;1;0;5;0
andré;2;4;0;0;0;2;1
afrique_et_l;4;1;0;0;0;2;1
adooooooore;8;1;0;0;0;0;0
30ans;0;2;0;0;0;0;7
2h;0;0;0;0;0;9;0
2e;0;4;0;0;0;4;1
20ans;2;2;0;0;0;3;2
été;0;2;1;0;0;2;3
étaler;0;6;0;0;0;0;2
épreuve;1;0;0;0;0;1;6
énergétique;0;0;4;0;0;3;1
émettre;0;0;0;0;1;1;6
élire;0;0;0;0;0;6;2
électricité;0;0;0;0;0;7;1
éducatif;0;0;1;0;0;3;4
ç;1;0;0;1;0;5;1
wap;3;2;0;0;0;3;0
vrmt;2;3;0;0;0;0;2
vigilant;0;0;0;0;0;6;2
vibrer;2;0;0;0;0;5;1
up;4;2;0;1;0;1;0
universel;0;0;0;5;0;0;3
témoin;0;0;0;0;0;2;6
tube;4;2;0;1;0;1;0
tricher;0;2;1;1;0;1;3
tordu;0;0;0;0;0;0;7
tir;0;0;0;1;0;3;4
terrasse;0;0;1;2;0;5;0
talentueux;8;0;0;0;0;0;0
taff;0;0;0;0;0;6;2
sécheresse;0;0;0;0;0;5;3
surement;0;0;0;0;0;1;6
supplémentaire;0;0;0;1;0;7;0
string;1;7;0;0;0;0;0
street;0;0;0;0;2;5;1
station;1;1;0;0;0;5;1
spécifique;0;1;2;1;3;0;1
sous_entendre;0;0;0;0;4;0;4
souper;0;1;0;0;1;4;1
soucier;0;0;0;0;0;1;7
smic;0;0;0;0;0;7;1
siège;0;1;1;0;0;6;0
situer;0;1;0;0;0;4;3
sincérité;2;1;0;0;0;0;5
sida;0;1;3;0;0;2;1
serpillière;0;5;1;0;1;1;0
sel;0;2;2;0;0;2;1
sebago;0;8;0;0;0;0;0
schnecks;2;5;0;0;0;1;0
schlap;0;8;0;0;0;0;0
sauveur;1;0;0;0;1;0;1
sanitaire;0;3;3;0;0;0;1
salarié;0;0;0;0;0;5;3
sacrifice;0;0;0;1;0;1;5
réussite;2;0;0;0;0;1;5
résister;0;3;0;1;0;0;4
résistance;0;0;0;0;0;5;3
régner;0;0;0;0;0;1;7
réacteur;0;0;2;0;0;6;0
râleur;0;0;0;0;0;5;2
rive;0;5;0;0;0;2;0
revue;5;1;0;0;0;0;1
revendiquer;0;0;2;0;0;0;6
ressort;0;4;2;0;0;0;2
respectable;0;0;0;0;0;1;7
relativement;0;0;0;0;0;1;7
rejet;0;0;1;0;0;0;7
rassurant;0;1;1;0;0;1;5
rap;1;4;0;0;0;2;1
rageux;0;3;1;0;0;2;2
raccourci;0;0;0;0;0;1;7
qualifier;0;3;1;0;0;1;3
qqs;0;0;4;0;0;1;3
pêche;0;1;3;0;1;2;1
pétard;2;2;0;0;0;3;1
péché;0;0;1;0;0;0;6
publicité;0;0;1;0;0;7;0
psychiatrie;1;0;0;1;0;2;2
ps5;0;1;0;3;0;0;4
prêter;1;1;0;0;0;2;4
prévention;1;0;0;0;0;6;1
préoccuper;0;0;2;0;0;0;6
préau;0;0;0;1;0;1;6
proximité;0;0;1;0;0;5;2
proposition;0;0;0;0;0;6;2
projection;0;1;0;0;4;1;2
profondeur;3;0;0;0;0;0;5
profession;0;0;0;1;0;1;6
port;0;0;0;0;0;8;0
poli;0;1;0;0;0;1;2
pokémon;0;0;0;6;0;1;1
poignée;0;5;0;0;0;2;0
pneu;0;0;5;1;0;1;0
piaggio;3;5;0;0;0;0;0
performant;0;0;0;1;0;4;3
perdurer;0;0;0;0;3;1;4
percevoir;1;0;0;0;1;1;4
peinture;1;1;0;0;0;2;4
pb;0;1;1;0;0;4;2
pascal;1;2;0;1;0;0;4
partenaire;1;1;0;1;0;1;4
parodie;0;8;0;0;0;0;0
parasite;0;0;6;0;0;0;2
parapluie;3;0;0;0;0;1;4
paquis;3;4;0;1;0;0;0
panne;0;0;0;8;0;0;0
palais;1;1;0;0;0;6;0
ouvert;0;0;0;0;0;6;2
ordonner;0;0;1;0;0;0;7
opérer;0;0;3;0;0;4;0
opposition;0;2;0;0;0;2;4
opposer;0;0;1;0;0;2;5
ooh;6;0;0;0;0;0;2
ohlala;5;0;0;0;0;2;1
ohhhh;8;0;0;0;0;0;0
nn;0;0;0;1;0;0;2
negro;0;0;0;0;8;0;0
mêler;0;0;2;0;0;1;5
médical;0;0;0;0;0;2;6
multitude;0;2;1;0;0;3;2
mouiller;0;5;0;0;0;1;2
mouche;0;6;0;0;0;0;2
mou;0;3;1;0;0;1;3
motif;0;3;1;0;0;4;0
montreux;1;0;1;0;0;5;1
ministre;0;1;0;1;1;1;4
mesurer;1;0;0;0;0;7;0
matérialiste;1;0;0;0;0;0;7
math;0;3;0;4;0;1;0
masque;0;5;1;0;0;1;1
marketing;0;0;0;0;0;3;5
marchand;3;1;1;0;0;3;0
maquillage;1;0;0;0;0;1;6
mandarine;2;0;0;0;0;4;0
manche;0;1;0;0;3;3;1
man;2;2;0;0;0;0;3
majoritaire;0;0;0;0;0;0;8
majeur;0;1;1;0;0;0;6
magazine;4;0;0;0;0;0;4
mademoiselle;4;0;0;4;0;0;0
macdo;0;8;0;0;0;0;0
locataire;0;1;0;0;0;6;0
litre;1;7;0;0;0;0;0
liké;0;6;0;0;0;0;2
leysin;3;1;0;0;0;2;1
lessive;0;2;2;0;0;2;2
lent;0;0;1;0;0;2;5
lanvin;2;5;0;0;0;0;1
lacune;0;0;0;0;0;1;7
kebab;1;1;5;0;0;1;0
juillet;0;1;0;0;0;7;0
journalisme;0;0;0;0;0;0;8
joseph;6;0;0;0;0;1;1
joliment;7;0;0;0;0;0;1
jaime;0;8;0;0;0;0;0
is;7;0;1;0;0;0;0
ironique;0;4;0;0;2;0;2
intégralité;1;1;0;0;0;4;2
introduire;0;0;0;0;0;2;6
insister;0;0;1;0;0;0;7
injuste;0;0;0;0;0;1;7
ingénieur;0;1;0;0;0;3;4
individuel;0;0;0;1;0;2;4
incroyablement;2;0;1;0;0;2;3
incompréhensible;1;0;0;0;0;0;7
incarné;7;0;0;0;0;0;1
impressionner;1;1;0;0;0;1;5
impeccable;0;0;0;0;0;0;7
immature;0;0;0;0;0;0;8
iii;0;8;0;0;0;0;0
ignoble;0;1;7;0;0;0;0
icône;6;0;0;0;0;1;1
humilier;0;0;0;0;1;0;7
humiliation;0;0;0;0;0;0;8
hommage;4;0;0;0;0;1;3
hihi;1;5;0;0;1;1;0
happy;6;0;0;0;0;0;1
handicapé;0;0;3;0;0;4;0
hamburger;0;2;2;0;0;2;2
haineux;0;0;0;0;0;3;5
générique;3;1;0;0;1;2;1
gène;1;0;1;0;0;0;6
gueuler;0;2;1;0;0;2;2
gta;0;0;0;8;0;0;0
grippe;0;1;7;0;0;0;0
griller;0;5;0;0;0;2;1
grammaire;0;0;0;7;0;0;1
gorge;0;3;0;0;0;0;5
gentiment;0;1;0;0;0;0;7
gel;0;7;0;0;0;1;0
garde;0;0;0;5;0;2;1
gag;0;7;0;0;0;0;1
frérot;0;1;0;0;7;0;0
fréquence;0;2;1;0;0;1;4
friendzone;0;0;0;0;0;6;2
fraîcheur;1;4;0;0;0;0;3
fraude;0;0;0;0;0;7;0
franchise;2;0;1;0;0;3;2
forever;7;0;0;0;0;1;0
fondamental;0;1;0;0;1;0;6
fonctionnement;0;0;1;0;0;7;0
foire;0;1;5;0;0;0;2
flinguer;0;2;2;0;1;2;1
fion;0;5;0;0;2;0;1
favori;5;0;0;1;0;0;2
fasciste;1;0;0;0;0;0;7
facture;0;0;0;0;0;8;0
facho;0;0;0;0;5;1;2
extinction;0;0;1;0;1;2;4
expo;3;0;0;0;0;5;0
exercer;0;0;5;0;0;1;2
excessif;0;0;0;0;1;0;7
empirer;0;1;1;0;0;0;6
emji_visage_qui_tire_la_langue;0;2;1;0;0;0;4
emji_visage_qui_bave;3;4;0;0;0;0;0
emji_parapluie_avec_gouttes_de_pluie;5;1;0;0;0;0;1
emji_ok_peau_légèrement_mate;8;0;0;0;0;0;0
emji_index_pointant_vers_l_utilisateur;3;1;0;0;0;0;2
emji_gâteau_d;4;0;0;0;0;0;0
emji_globe_tourné_sur_les_amériques;2;0;0;0;0;2;4
emji_fusée;4;0;0;1;0;2;0
emji_drapeau_île_clipperton;6;1;0;1;0;0;0
emji_doigts_croisés_peau_claire;5;0;0;0;0;0;3
emji_chaussure_à_talon_haut;1;0;0;0;0;0;2
emji_cadeau;5;0;0;0;0;1;1
eme;0;2;0;1;0;1;4
emballage;0;1;6;0;1;0;0
déprimant;0;0;0;4;0;2;2
démocratie;0;1;0;0;0;2;4
démarche;0;0;2;0;0;4;2
déferler;0;6;0;0;0;0;2
défaite;0;0;0;0;0;6;2
décoller;0;1;2;3;0;1;1
décidément;0;2;0;0;1;0;0
décalage;0;0;0;0;0;1;7
débuter;1;0;0;0;0;5;1
doué;2;0;0;3;0;0;3
dominer;0;0;1;0;2;4;1
dispo;0;0;6;1;0;0;1
disparu;0;1;2;0;0;0;5
dimension;0;0;0;0;0;1;7
dictionnaire;1;0;0;1;0;2;4
dialecte;1;4;0;0;1;0;1
destructeur;0;0;1;0;0;0;7
der;1;1;1;2;0;3;0
debile;0;0;1;0;0;0;7
dead;3;5;0;0;0;0;0
cv;1;1;0;0;0;3;3
cute;7;0;0;0;0;0;1
curiosité;0;0;0;0;1;1;6
cure;0;5;0;0;1;1;1
cuit;0;3;4;0;0;1;0
cuisinier;1;0;0;0;0;4;3
crèche;0;2;1;0;0;1;4
cruellement;1;0;2;0;0;0;5
creux;0;0;0;0;0;0;8
crayon;1;1;1;1;0;1;3
crainte;0;0;2;0;0;2;3
cqfd;0;3;1;0;0;2;2
corée;0;0;0;1;0;6;0
corse;0;6;0;0;0;0;2
convivial;0;1;0;4;0;1;2
contaminer;0;2;6;0;0;0;0
consigner;0;5;1;0;0;2;0
conjugaison;0;2;0;6;0;0;0
complicité;5;0;0;0;0;0;3
comique;0;0;1;0;0;3;3
coiffeur;0;3;0;0;0;2;3
cohérent;1;1;4;0;0;0;2
coach;0;0;1;0;0;3;4
cm1;0;0;0;7;0;0;1
cm;0;0;1;3;0;4;0
clavier;0;1;0;0;0;2;4
citadin;0;0;5;0;1;1;1
chiotte;0;5;0;0;1;0;2
chiant;0;4;0;0;0;0;4
chercheur;0;2;0;0;0;2;4
chelou;0;1;1;0;0;1;5
chauve;0;8;0;0;0;0;0
chaton;0;0;5;0;0;2;1
chatgpt;0;2;0;0;0;0;6
charité;0;2;0;0;0;2;4
chapuisat;0;3;0;0;5;0;0
chant;1;0;0;0;0;4;1
carotte;1;1;3;0;0;0;1
cap;3;1;0;0;1;0;3
béton;0;1;2;1;0;3;1
burger;0;1;6;0;0;0;1
boulet;0;8;0;0;0;0;0
bouffon;0;2;0;0;0;1;5
bob;1;6;0;0;0;0;0
bluffer;6;0;0;0;0;0;2
blessure;0;1;0;1;0;2;4
bizule;0;2;5;0;0;0;1
bise;1;4;1;0;0;2;0
bien_être;0;0;3;0;0;0;5
bella;6;1;0;0;0;0;1
bec;0;0;1;0;0;2;5
basique;0;0;0;0;3;0;5
barrer;5;2;0;0;0;0;1
banger;7;1;0;0;0;0;0
bamboula;0;0;0;0;4;0;1
autonomie;0;0;1;0;0;2;5
aubépine;0;3;0;0;0;0;1
attribuer;0;0;0;0;2;0;6
attentif;1;0;0;1;0;1;5
athlète;1;0;0;0;0;5;1
aspect;0;1;0;0;0;1;6
arnaque;0;2;0;0;0;4;2
appuyer;0;1;0;0;0;3;4
apprenti;0;0;1;0;0;6;0
anecdote;2;2;0;0;0;3;1
aire;2;2;0;0;0;1;2
aiguisé;0;3;0;0;1;2;2
agriculture;0;0;1;0;0;5;2
agenda;0;0;0;0;0;7;1
adultère;0;0;0;0;0;0;5
adresser;2;0;0;0;0;0;6
adoooore;3;5;0;0;0;0;0
accessoire;1;0;3;0;0;2;2
acceptable;0;0;0;0;0;0;8
absurdité;0;2;0;0;0;1;4
abandon;1;0;4;0;0;0;3
17h;0;0;0;5;0;3;0
évènement;0;0;0;0;0;6;1
évier;0;7;0;0;0;0;0
énoncé;0;0;0;1;1;0;4
électronique;0;1;0;0;0;6;0
écrivain;1;1;0;0;0;0;5
écouteur;0;5;0;0;0;1;0
â;0;0;0;1;0;3;3
á;1;1;0;2;1;0;2
york;2;0;0;0;0;5;0
www;0;4;0;0;0;1;2
wtf;0;7;0;0;0;0;0
vulgarité;1;0;0;0;0;2;4
votation;0;0;0;0;0;7;0
virus;0;0;4;0;0;1;2
vigilance;0;0;1;0;0;6;0
vice;0;0;4;1;0;2;0
vecu;0;1;0;1;1;0;4
veau;0;1;0;0;0;1;1
vatican;0;5;0;0;0;0;2
valider;1;0;0;0;0;2;4
ustensile;0;2;2;0;1;1;1
ultime;0;0;0;0;0;1;6
ue;0;0;1;0;0;5;1
ttes;0;0;0;0;1;3;3
trolley;1;3;0;0;0;2;1
tricot;1;6;0;0;0;0;0
tranquillité;2;0;2;0;0;2;1
trajet;0;0;1;0;0;6;0
trafiquer;0;2;0;0;0;3;2
trafic;0;0;3;0;0;2;2
tondre;0;1;3;0;0;2;1
tom;1;2;1;0;0;0;2
tolérer;0;0;0;0;1;1;5
tj;1;6;0;0;0;0;0
time;6;0;0;0;0;0;1
this;5;0;0;0;0;0;1
thierry;3;0;0;0;0;1;1
terrestre;0;2;1;0;0;2;2
tennis;1;0;0;0;0;3;2
temp;1;1;0;0;0;4;1
telephone;0;1;0;4;0;0;2
taxi;0;0;7;0;0;0;0
taxe;0;0;0;0;0;6;1
tabasser;0;0;0;0;0;6;0
sécuriser;1;0;0;0;0;4;2
swissair;2;0;1;0;0;1;3
swiss;0;1;0;1;0;4;0
surfer;0;3;0;0;0;1;1
surdoué;0;0;0;2;0;0;3
suicider;0;0;1;0;0;1;5
suicide;0;0;0;0;0;1;6
subsister;0;0;2;0;0;0;5
stressant;0;0;1;0;0;0;6
solo;1;3;0;0;0;1;2
solidaire;0;0;0;0;0;2;5
soignant;0;0;1;0;0;5;1
snowboard;0;6;0;0;0;1;0
skieur;3;3;0;0;0;0;1
skate;3;1;0;0;0;1;2
sion;0;0;0;0;0;7;0
singulier;0;0;1;0;0;0;6
simpliste;0;0;0;0;0;0;7
serpent;0;0;4;0;0;1;2
serieux;0;1;0;0;1;0;1
semblable;1;2;2;0;0;1;1
secteur;0;0;4;0;1;0;2
scout;0;0;0;5;0;1;1
scolarité;0;0;0;1;0;0;6
schéma;0;0;0;0;0;0;7
scandaleux;1;1;1;0;0;2;2
savoureux;2;5;0;0;0;0;0
saucisson;0;1;0;0;0;4;2
saluer;1;0;0;1;0;1;4
révolte;0;0;3;0;0;2;2
russe;0;0;5;0;0;0;1
royaume;1;0;0;0;0;5;1
roux;0;0;5;0;0;1;1
routier;1;0;1;0;0;5;0
rigolade;0;5;0;0;0;1;1
revivre;2;0;0;0;0;3;2
revisiter;2;3;1;0;0;0;1
restant;0;3;0;0;0;0;4
reproduction;0;0;4;0;0;0;3
reparler;0;4;0;0;0;0;3
rep;0;0;0;4;0;0;1
rente;1;0;0;0;0;4;1
renoncer;0;0;0;0;0;1;6
renaud;5;1;1;0;0;0;0
rembourser;0;0;0;0;0;6;0
remboursement;0;0;0;0;0;2;1
remarquable;0;0;3;0;0;4;0
redire;1;1;0;0;0;1;1
redevenir;0;0;0;0;0;1;6
recycler;0;1;0;0;0;6;0
recueillir;0;0;5;0;0;0;2
recrue;0;1;0;1;0;0;5
rechercher;0;0;1;0;0;0;6
rassembler;1;0;0;0;0;2;4
rassasier;0;0;7;0;0;0;0
ras;0;2;0;1;0;2;2
rang;0;2;2;0;0;1;1
questionner;0;0;0;0;0;0;7
quai;1;0;0;0;0;6;0
qqchose;0;0;0;0;0;0;7
pétillant;4;0;1;0;0;0;2
pâquis;1;1;1;0;0;3;0
pâques;0;3;0;0;0;2;0
pyjama;2;5;0;0;0;0;0
pureté;0;0;1;0;0;0;6
purement;0;0;0;0;2;0;5
pudique;1;0;0;0;0;0;6
prévision;0;0;0;0;0;4;2
promo;1;3;1;0;0;1;1
progresser;0;0;0;1;0;1;5
privation;0;0;0;0;0;0;7
preneur;1;0;0;1;0;1;4
premiere;1;0;0;0;0;3;3
poussière;0;5;0;0;0;1;1
portant;0;1;0;0;1;1;4
portail;1;0;0;1;0;5;0
porchet;1;6;0;0;0;0;0
pompier;0;0;0;0;2;3;2
polluant;0;2;2;0;0;2;1
politiquement;0;0;0;0;1;1;5
politesse;1;0;0;0;0;2;4
planquer;0;1;2;0;0;4;0
plafond;0;0;0;0;0;1;6
pince;0;0;0;0;2;5;0
pilier;1;1;0;0;0;4;0
pic;2;3;0;0;0;1;1
phrasé;2;0;0;0;1;1;3
phone;0;0;0;1;0;0;6
phobie;0;3;3;0;0;0;1
petit_enfant;0;0;1;0;0;1;5
perturbateur;0;0;7;0;0;0;0
pertinence;0;0;0;0;0;0;7
permanence;0;0;2;0;0;2;3
percher;1;5;0;0;0;0;1
patrick;0;5;0;0;0;2;0
patiner;0;2;0;0;0;3;2
patin;1;3;0;0;0;1;0
patience;0;0;0;0;0;6;1
parquer;0;3;0;0;0;3;1
parleur;1;4;0;0;0;1;1
parcourir;0;0;1;0;0;2;4
pape;0;3;0;0;0;1;2
panique;0;0;0;1;0;0;6
paju;5;0;0;0;0;1;1
os;0;1;1;0;1;0;4
ortie;0;6;0;1;0;0;0
ordure;0;1;1;0;0;2;3
optimiste;1;0;2;0;0;0;4
offensant;0;0;0;0;7;0;0
occurrence;0;2;1;0;3;0;1
occupation;0;3;0;1;0;1;1
obésité;0;0;1;5;0;1;0
obsession;0;1;1;0;0;0;5
néant;0;0;0;0;1;1;5
nyon;1;2;0;0;0;4;0
nobel;0;0;0;5;0;0;2
nest;0;1;0;0;1;1;4
nage;0;3;1;0;0;1;2
mémorable;7;0;0;0;0;0;0
motivation;1;0;0;1;0;1;4
mortel;0;0;3;0;0;1;0
mont;0;3;0;0;0;4;0
millionnaire;3;0;0;0;0;0;4
mere;0;5;1;0;0;0;1
menteur;0;1;0;0;0;4;2
mentalement;0;0;0;0;0;2;5
matinée;0;0;0;5;0;1;1
massacre;0;1;6;0;0;0;0
martin;0;7;0;0;0;0;0
marseille;0;2;1;0;3;0;1
mamy;3;0;2;0;0;2;0
magnifiquement;3;0;0;0;0;0;4
luire;3;2;0;0;0;1;1
luge;0;4;0;0;0;3;0
loto;0;0;0;1;0;4;2
londres;1;0;2;1;0;2;1
loisir;0;1;1;0;0;5;0
limité;0;0;0;0;0;3;4
libéral;0;0;0;0;0;4;3
lausannois;1;1;0;0;0;5;0
kucholl;0;7;0;0;0;0;0
kilo;1;2;2;1;0;0;0
kiffe;0;3;0;1;0;1;2
keuf;0;0;0;0;1;4;0
k7;0;5;0;0;0;1;0
just;2;1;0;0;0;1;3
jsp;0;0;0;0;0;2;4
jonzier;5;1;0;0;0;1;0
joint;0;2;0;0;0;5;0
jetable;0;1;1;0;0;2;3
irrespectueux;0;0;0;0;0;1;6
interpeller;0;0;0;0;1;1;5
interessant;7;0;0;0;0;0;0
insurger;0;0;3;0;3;0;0
inouï;1;0;0;0;0;0;6
inné;0;0;0;0;0;0;7
injustice;0;0;0;0;0;5;2
inimaginable;0;0;1;0;0;0;6
infernal;1;0;2;0;0;4;0
incontournable;1;0;0;4;0;2;0
incomparable;1;0;4;0;0;2;0
incident;0;1;0;0;1;4;1
immonde;0;2;0;0;0;3;1
imbécile;0;0;0;0;0;1;2
illégal;0;0;0;0;1;6;0
idole;7;0;0;0;0;0;0
hériter;0;1;0;0;0;0;6
hymne;1;1;1;1;0;2;1
huître;1;0;1;5;0;0;0
humoristique;0;0;0;0;0;1;5
hilarant;1;4;1;0;0;1;0
harmonie;0;0;2;0;0;0;5
harceler;0;0;0;0;0;2;5
h24;0;0;0;1;0;1;5
gâchis;0;0;0;1;0;0;5
guère;0;0;1;0;1;0;5
guimbarde;0;2;0;2;0;2;1
grêle;0;1;0;2;0;4;0
gronder;0;0;0;0;0;2;5
gratter;0;2;1;0;0;2;2
gouverner;0;0;0;0;1;4;2
gogo;0;1;1;0;1;4;0
gaver;0;0;2;0;0;3;2
gaulois;0;1;4;0;0;1;1
gaucho;1;0;0;0;0;0;6
garantir;0;1;1;0;0;0;5
gaffe;0;4;0;0;1;2;0
fâcher;0;0;1;0;0;0;6
fuck;0;5;1;0;0;0;1
frouzes;0;3;0;0;0;1;3
francois;0;4;0;0;0;3;0
franco_italienne;0;7;0;0;0;0;0
fournisseur;1;1;2;0;1;2;0
foulard;1;0;0;6;0;0;0
fouine;0;0;7;0;0;0;0
fouiller;0;0;2;0;0;4;1
figer;0;0;3;0;1;0;3
femelle;0;1;4;0;0;0;2
fatre;0;7;0;0;0;0;0
fantasme;0;1;0;0;0;0;6
fake;0;1;0;0;0;6;0
fainéant;0;0;0;0;4;0;3
faillir;3;1;0;0;0;3;0
factuel;0;0;1;0;0;0;5
fac;0;0;0;6;0;0;1
extrait;0;0;0;0;0;1;2
existant;1;1;0;0;0;0;1
etat;0;2;0;0;0;3;2
erroné;0;0;0;0;0;1;5
envoi;1;3;0;0;0;2;1
entraider;0;0;0;0;1;2;4
enthousiasme;1;0;0;0;0;1;5
ensemencement;0;0;0;0;0;7;0
engueuler;0;1;1;0;0;3;2
emji_visage_sans_bouche;0;0;0;4;0;0;2
emji_visage_avec_bouche_fermeture_éclair;0;3;0;0;0;1;3
emji_violon;2;0;1;0;0;1;2
emji_téléviseur;6;0;0;0;0;1;0
emji_snowboardeur;1;3;0;0;0;0;1
emji_singe_ne_rien_dire;0;5;0;0;0;2;0
emji_moai;0;1;0;0;5;0;0
emji_mains_levées_peau_mate;6;0;0;0;0;0;1
emji_luminosité_élevée;6;0;0;0;0;0;0
emji_guitare;6;0;0;0;0;0;0
emji_feuille_virevoltante;3;0;1;0;0;0;3
emji_femme_qui_court;3;0;0;0;0;0;0
emji_décamper;2;0;0;0;1;2;0
emji_drapeau_australie;4;1;0;0;0;2;0
emji_bouteille_de_champagne;5;0;0;0;0;1;1
emji_bout_des_doigts_joints_peau_claire;0;3;0;0;0;2;0
emji_bout_des_doigts_joints;3;2;0;0;0;1;1
emji_barre_chocolatée;4;0;0;0;1;0;0
emji_ampoule;1;2;0;0;4;0;0
embaucher;0;2;2;0;0;2;1
embarrassant;0;0;0;0;0;0;7
eco;0;0;2;0;0;5;0
déterminer;0;0;3;0;0;0;4
déséquilibre;0;0;7;0;0;0;0
désert;0;5;0;0;0;2;0
désastreux;0;1;1;0;0;1;4
démodé;0;0;0;4;0;1;2
décès;1;0;0;0;0;0;6
déconnecter;0;0;1;0;0;1;5
déclin;0;0;0;0;0;1;5
décadence;0;0;0;0;0;0;7
débloquer;0;6;0;1;0;0;0
débarquer;0;1;1;0;1;3;1
dé;1;1;0;0;1;0;4
dresser;0;0;0;0;0;0;3
dragon;0;1;1;0;0;2;3
domicile;0;0;0;0;0;3;4
do;0;4;0;0;0;1;2
disposition;1;1;0;0;0;2;3
disposer;0;0;0;0;0;0;7
die;3;2;0;0;0;0;1
dico;0;3;0;0;4;0;0
dialogue;1;0;0;0;0;1;5
dette;1;0;0;0;0;5;1
descendant;1;4;0;0;1;0;1
dentiste;0;0;0;0;0;6;1
darius;0;7;0;0;0;0;0
dan;0;1;1;0;0;1;0
célèbre;0;1;0;0;0;1;5
cuillère;0;1;0;0;0;6;0
crémation;0;0;0;0;0;5;2
crado;0;7;0;0;0;0;0
crack;1;2;0;0;0;0;4
coutume;0;2;0;0;0;1;4
coter;0;2;0;0;0;5;0
correcteur;0;0;0;0;0;4;3
coquin;0;1;0;0;0;0;6
contrat;0;0;0;0;0;6;1
continu;0;0;0;0;1;5;1
contacter;0;0;0;1;1;2;3
consoler;2;0;0;0;0;4;1
consister;0;0;0;1;0;1;5
conjoint;0;0;0;0;0;3;4
congélateur;0;1;5;0;0;1;0
conduite;0;1;0;0;0;6;0
concret;0;0;0;0;0;1;6
compréhensible;0;0;2;0;0;0;5
communication;0;0;0;0;0;0;7
communicatif;4;3;0;0;0;0;0
commerçant;0;1;0;0;0;5;0
commercial;0;0;1;0;0;6;0
comm;0;0;0;0;0;7;0
comité;0;0;0;0;0;7;0
col;0;5;0;0;0;2;0
coiffure;0;6;0;0;0;1;0
coiffer;0;1;0;0;4;1;1
coca;0;6;0;0;0;0;1
cnews;0;0;0;0;0;2;5
clown;0;3;2;0;0;1;1
climato;0;1;1;0;0;2;2
classer;0;0;2;0;3;1;1
claquette;0;7;0;0;0;0;0
clairvoyant;0;1;0;0;0;0;6
civique;0;0;0;2;0;1;4
circuit;0;0;1;1;0;5;0
christianisme;0;1;0;0;0;0;6
charisme;2;0;0;0;0;0;5
chaleureux;4;0;1;0;0;1;1
chair;4;0;1;0;0;0;2
chailly;0;0;7;0;0;0;0
cetait;2;1;0;2;0;0;2
certificat;0;0;0;4;0;1;2
certe;0;0;0;0;0;0;7
centrale;0;0;0;0;0;4;3
censurer;0;0;0;0;0;0;7
cd;0;5;0;0;0;1;1
casquette;0;2;0;0;0;5;0
carouge;4;1;0;0;0;2;0
caleçon;0;6;0;0;0;0;0
bêtement;0;0;0;0;0;1;6
bénéfique;0;0;0;0;1;1;5
bâle;0;2;0;0;0;5;0
brésilien;0;5;0;0;0;0;2
bruyant;0;0;0;0;0;1;6
bourgeoisie;1;0;0;0;0;6;0
bouleversant;4;0;0;0;0;0;3
bouffée;1;0;0;0;0;4;2
bijoux;1;0;0;0;0;2;4
bfm;0;0;0;0;1;2;4
bernois;0;7;0;0;0;0;0
berger;1;1;0;0;0;2;1
baume;5;0;1;0;0;0;1
barbara;0;3;0;0;0;0;4
banania;0;0;0;0;6;0;1
balai;1;0;0;0;5;0;1
bagarre;0;1;1;0;0;2;3
baffe;0;0;1;0;0;0;6
babtou;0;0;0;0;7;0;0
aïeul;1;4;0;0;0;0;2
avant_gardiste;3;0;0;0;0;1;3
avancé;0;0;0;0;0;1;6
automobile;0;0;0;0;0;4;2
automatiquement;0;2;0;0;0;2;3
autodérision;1;4;0;0;0;1;1
authenticité;4;0;0;0;0;0;3
auteur;0;1;0;0;0;1;5
australie;0;0;0;3;0;3;1
audience;0;2;0;0;0;4;0
atomique;0;0;0;0;0;6;1
assistant;0;1;0;1;0;2;3
aspirer;1;0;0;1;0;0;5
appart;0;2;0;0;0;5;0
antan;1;2;1;0;0;1;2
amin;4;0;0;0;0;0;0
amical;0;0;0;0;0;3;4
amande;0;3;2;0;0;2;0
allusion;0;1;0;0;0;1;5
allure;0;0;1;0;0;0;6
alimenter;0;0;2;0;0;4;1
alarme;0;3;0;0;0;3;1
alala;0;2;0;1;0;0;4
affronter;0;0;1;0;0;2;4
affolant;0;0;2;0;0;1;4
affectueux;0;0;6;0;0;0;1
admiration;4;0;0;0;1;0;2
adhérer;0;1;0;0;0;0;6
adam;0;0;1;1;0;1;4
achever;3;3;0;0;0;1;0
6eme;0;0;0;4;0;0;3
4x4;0;0;0;0;0;6;1
2eme;0;0;0;1;0;5;1
24h;0;1;5;0;0;0;1
étymologie;0;0;0;0;6;0;0
étendre;0;2;1;0;0;2;1
établir;0;0;1;0;0;1;4
équitable;0;0;0;0;0;3;3
équipement;0;2;0;0;0;3;1
équation;0;0;0;0;0;2;4
épique;4;0;0;0;0;1;0
éloquent;2;0;0;0;0;0;4
égard;0;0;4;0;0;1;1
échec;0;1;0;1;0;0;4
échantillon;0;0;0;0;0;1;5
écarter;0;0;0;2;0;0;4
yavait;0;1;0;0;0;1;4
yaourt;0;2;4;0;0;0;0
yann;0;5;0;0;0;1;0
véridique;0;0;0;4;0;1;1
voeu;2;0;0;0;0;3;1
vitre;0;1;1;0;0;2;2
vignette;0;0;0;4;0;1;0
vieil;0;2;1;0;0;0;3
vicieux;0;0;0;0;0;1;5
vibration;0;1;0;0;0;1;4
veuf;6;0;0;0;0;0;0
verrue;0;1;0;0;0;1;4
verbal;0;0;0;0;2;1;3
vegan;0;1;5;0;0;0;0
variation;0;1;0;0;0;0;5
vanne;0;4;0;0;0;2;0
valérie;0;5;0;0;0;1;0
valaisannes;1;3;1;0;0;1;0
valaisanne;3;2;0;0;0;0;1
vacherin;0;6;0;0;0;0;0
urbain;0;0;0;0;0;6;0
una;4;2;0;0;0;0;0
ukrainien;0;0;5;0;0;0;0
tuto;0;6;0;0;0;0;0
tunnel;0;3;0;0;0;2;1
ts;0;0;0;2;0;1;3
trompette;4;0;0;0;0;1;1
tricoter;0;3;0;0;0;1;2
trentaine;0;0;1;0;0;2;3
trembler;1;0;0;0;0;3;2
transporteur;0;0;3;0;0;1;1
transparent;0;1;2;0;0;1;2
transition;0;0;0;0;0;4;2
transformation;0;0;0;0;0;3;3
trans;0;1;1;0;0;0;4
traire;0;3;2;0;0;1;0
trahir;0;3;0;0;0;0;2
tragique;1;1;4;0;0;0;0
tqt;0;0;0;0;0;1;5
tournée;0;2;0;3;0;1;0
torturer;0;0;2;0;1;0;3
tortue;2;1;0;0;0;0;3
torcher;0;6;0;0;0;0;0
tolérance;0;0;0;0;0;0;6
toc;0;0;1;0;0;2;3
timide;2;0;0;0;0;0;4
thomas;0;1;0;0;0;2;3
tessin;0;3;0;0;0;3;0
teint;0;5;0;0;0;1;0
tectonique;0;4;0;0;0;0;2
techtonik;1;2;0;0;0;0;3
technologique;0;0;0;0;0;1;5
tapette;0;3;0;2;0;1;0
tabou;0;0;0;0;0;2;4
sévir;0;0;0;0;0;2;4
séduire;0;0;0;0;0;1;5
syndrome;0;3;0;0;0;1;1
sweet;6;0;0;0;0;0;0
suédois;0;5;0;0;0;0;1
sushi;0;6;0;0;0;0;0
surveillance;0;1;0;0;0;2;2
suggérer;0;1;0;0;1;1;3
sueur;0;5;0;0;0;0;1
stupidité;0;0;4;0;0;0;2
studio;0;3;0;0;0;1;2
stratégie;0;0;0;0;0;6;0
squatteur;0;0;0;0;0;6;0
spécialement;0;0;0;0;0;1;5
spirit;2;0;0;0;4;0;0
sourd;0;0;1;0;0;0;5
sourate;0;0;0;0;0;0;6
sommet;1;0;0;0;0;2;0
soja;0;0;0;0;0;0;4
smart;1;1;0;0;0;0;4
slogan;0;0;0;0;1;4;1
sisi;0;0;0;1;1;1;3
sirène;0;0;0;0;0;3;3
silencieux;1;0;0;1;0;4;0
short;0;4;0;0;0;0;2
shop;1;0;0;0;1;1;2
sexy;2;2;0;0;0;0;2
sensibiliser;0;0;0;0;0;1;4
section;0;1;0;0;0;0;5
sdb;0;6;0;0;0;0;0
scrupule;0;1;0;0;0;3;2
scanner;0;2;0;0;0;4;0
savourer;0;1;0;0;0;2;3
sandwich;1;1;1;1;0;1;0
sanctionner;0;0;1;0;0;3;2
saleté;1;0;5;0;0;0;0
sadique;0;0;4;0;1;0;1
sachet;0;4;1;0;0;1;0
rôti;1;3;1;0;0;0;1
rêveur;0;0;0;0;0;0;5
répétition;0;0;0;1;0;0;5
réparer;0;0;0;0;1;2;3
réflexe;0;0;0;0;0;1;5
réclamer;0;1;1;0;0;0;4
réciproque;0;1;0;0;4;0;1
rude;0;1;1;0;0;0;4
rsa;0;0;1;0;0;4;1
rox;4;0;1;0;0;0;1
rongeur;0;0;6;0;0;0;0
robinet;0;4;0;0;0;0;2
rital;0;4;0;0;0;1;1
rigueur;1;0;0;0;0;0;5
ride;0;0;1;0;1;3;1
richard;1;2;1;0;0;0;1
restriction;0;0;0;0;0;1;5
représentation;1;1;0;0;0;0;4
représentant;0;0;0;0;0;5;1
renvoyer;1;1;0;0;0;1;0
remède;0;0;2;0;0;4;0
relier;0;1;0;1;1;2;1
relancer;0;0;0;0;0;0;6
rejeter;0;0;1;0;0;0;5
refléter;1;0;0;0;0;0;5
redevance;0;0;0;0;0;6;0
redescendre;0;0;0;0;2;2;2
recre;1;0;0;4;0;0;1
ravager;0;1;0;0;0;2;3
radar;1;0;1;0;0;4;0
raclettes;0;0;4;0;0;2;0
quebec;0;6;0;0;0;0;0
qques;0;1;2;0;0;2;1
pédagogie;0;0;2;0;0;1;3
publicitaire;0;0;2;0;1;0;3
ptite;0;2;0;1;0;1;2
ptdrrr;0;4;0;0;0;0;2
psychologique;0;0;0;0;0;1;5
psg;0;3;0;0;0;2;1
prôner;0;0;0;0;0;1;5
précarité;0;0;0;0;0;3;3
provence;0;0;0;0;0;4;2
propriété;0;0;2;0;1;0;3
proportionnel;0;1;2;0;0;2;1
promouvoir;0;0;0;0;0;5;1
progressivement;0;0;1;1;0;4;0
productif;0;0;1;0;0;1;4
producteur;0;0;4;0;0;1;1
procédure;0;0;0;0;0;5;0
primordial;0;0;1;0;0;2;3
poupée;0;0;1;0;0;0;5
polenta;6;0;0;0;0;0;0
po;6;0;0;0;0;0;0
plutot;0;1;0;0;1;4;0
pink;1;0;0;0;0;4;0
pi;0;0;0;0;4;2;0
philosophique;1;0;0;0;0;0;5
peupler;1;1;0;0;1;1;2
persister;0;1;1;0;0;0;4
permanent;0;0;0;0;0;0;6
percer;2;2;0;0;0;2;0
per;4;0;0;1;0;1;0
penalty;2;1;0;0;0;1;1
patisserie;0;0;0;0;2;1;2
patient;0;0;1;0;0;3;2
parvenir;0;0;0;0;0;5;1
partenariat;0;0;0;0;0;5;0
parenthèse;0;0;0;0;0;1;5
parental;0;0;0;0;0;0;6
parcontre;0;0;1;0;1;2;2
paradoxal;0;0;2;0;0;4;0
papet;4;1;0;0;0;1;0
palestine;0;0;0;0;0;3;1
oú;1;1;0;0;0;2;1
ouïr;0;0;0;0;0;0;4
otan;0;0;0;0;0;6;0
orientation;0;0;1;0;0;0;5
orient;0;5;0;0;0;0;1
organe;0;1;2;0;1;0;1
orage;0;1;0;0;0;5;0
olympique;0;3;0;0;0;2;1
off;0;4;0;0;0;0;2
négligeable;0;0;3;0;0;2;1
nécessité;1;0;0;1;0;1;3
noyau;0;3;0;0;0;2;1
nombril;0;1;0;0;0;0;5
noblesse;3;0;0;0;2;0;1
nique;0;1;3;1;1;0;0
nickel;0;1;1;1;0;1;2
nendaz;0;3;0;0;0;0;2
naf;0;2;0;0;0;0;1
mépriser;0;1;0;0;1;0;4
mémère;3;0;1;0;1;0;0
médaille;1;1;0;0;0;3;1
must;1;4;0;0;0;1;0
musk;0;3;0;0;0;3;0
musicien;1;0;0;0;0;4;1
musclé;0;3;0;0;0;1;2
multinationale;0;0;1;0;0;4;1
mp3;0;1;0;0;0;4;0
mozart;0;3;1;0;0;0;2
mortalité;0;0;6;0;0;0;0
montagnard;0;1;1;0;0;1;2
monothéiste;0;0;0;0;0;0;6
mocassin;0;6;0;0;0;0;0
misérable;0;0;0;0;0;3;3
minimiser;0;0;0;0;2;0;3
milliardaire;0;0;0;0;0;6;0
milan;0;6;0;0;0;0;0
mexique;0;1;0;3;0;2;0
merder;0;0;0;0;0;3;3
merciiii;6;0;0;0;0;0;0
merciii;5;0;0;0;0;1;0
mention;3;1;0;0;0;2;0
mdrrrrr;0;0;0;0;0;3;2
mc;0;2;1;0;0;2;1
mathématique;0;0;0;2;0;2;2
mascu;0;2;0;0;0;0;4
mardi;0;1;1;2;0;2;0
marc;1;4;0;0;0;1;0
maghrébin;0;0;0;1;4;0;1
madeleine;2;0;0;1;0;0;3
machin;0;5;0;0;0;1;0
léa;3;2;0;0;1;0;0
lé;0;0;6;0;0;0;0
là_dessus;0;4;0;0;0;2;0
lyon;0;2;0;0;1;1;2
lulu;0;0;0;0;1;4;1
longueur;0;0;1;0;0;1;2
lobbys;0;0;0;0;2;3;1
littérature;0;0;0;0;0;0;6
libération;0;1;0;0;0;3;2
lego;0;0;1;1;0;0;3
leclerc;0;3;0;0;1;2;0
lavaux;0;6;0;0;0;0;0
lang;1;0;1;4;0;0;0
kit;0;2;0;0;0;3;1
kiss;1;5;0;0;0;0;0
kiffé;0;2;0;2;0;1;1
jus;0;5;1;0;0;0;0
jte;0;1;0;0;0;1;4
jogging;1;1;0;0;1;0;3
jazz;0;1;0;0;0;3;0
jardinier;1;1;1;0;0;2;1
jadore;6;0;0;0;0;0;0
isérables;0;6;0;0;0;0;0
isolé;0;0;0;0;0;2;4
irresponsable;0;0;2;0;0;0;4
intégral;3;1;0;0;0;1;1
intolérance;0;0;0;0;0;0;5
intimité;0;6;0;0;0;0;0
interdit;0;2;1;0;0;2;1
intense;1;0;0;1;0;2;2
intelligemment;0;0;0;0;0;0;6
intact;1;0;1;2;0;0;2
installation;1;0;0;0;0;2;3
innovation;0;0;0;2;0;2;2
ingrat;1;0;0;0;3;1;1
infrastructure;0;0;0;0;0;4;1
increvable;1;0;1;0;0;3;1
inconscient;0;0;2;0;0;2;2
incompétent;0;0;0;0;0;3;3
inadmissible;0;0;1;0;0;4;1
ina;0;3;0;0;0;1;2
impoli;0;0;0;0;0;3;3
impatience;1;1;1;1;0;2;0
immédiatement;1;1;0;1;0;1;2
idiotie;0;1;1;0;1;1;2
hétéro;0;1;0;0;0;0;4
humoriste;1;3;1;0;0;0;1
horloge;0;1;0;4;0;0;1
honorable;0;0;0;0;0;2;4
hockey;0;1;0;0;0;4;0
hmmm;0;0;1;0;0;0;5
historien;0;0;0;0;0;0;6
he;3;1;0;0;0;0;1
hausse;0;0;1;0;0;4;0
harrisson;6;0;0;0;0;0;0
gym;1;2;0;0;0;2;1
gumi;2;0;0;0;1;0;0
guillaume;0;2;0;0;0;1;3
grincheux;1;4;0;0;0;0;1
grimper;1;0;1;0;0;4;0
grillé;0;0;0;0;1;1;4
grenouille;0;3;1;0;0;0;2
grenoble;0;0;0;4;0;1;1
great;6;0;0;0;0;0;0
grandiose;5;0;0;0;0;1;0
gramme;0;0;1;2;1;1;0
graisse;1;4;0;0;0;1;0
gpt;0;0;6;0;0;0;0
gourou;0;1;0;0;2;0;3
gothique;0;1;0;0;0;1;4
glorifier;0;0;0;0;0;0;5
glorieux;1;0;0;0;0;3;2
gland;0;4;0;0;1;0;1
gifle;0;1;0;0;0;1;4
gibier;0;0;6;0;0;0;0
germanique;0;5;0;0;0;0;1
gentleman;6;0;0;0;0;0;0
gaz;0;0;4;0;0;1;1
gang;0;2;0;0;1;2;0
féminité;1;0;0;0;0;1;4
fédération;0;0;0;0;0;6;0
funès;0;6;0;0;0;0;0
free;0;2;0;0;0;1;1
francaise;0;6;0;0;0;0;0
formule;0;1;0;0;0;5;0
forfait;0;2;0;0;0;3;0
footballeur;0;0;0;0;3;0;2
foin;0;1;1;0;0;0;4
fm;0;1;0;0;0;1;1
fleurette;4;0;0;0;0;1;1
flagrant;0;0;0;0;0;1;5
fiscal;0;0;0;0;0;5;0
figurine;1;1;0;1;0;2;0
fiente;0;0;5;0;0;0;1
favoriser;0;0;2;0;0;4;0
fashion;2;2;1;0;0;1;0
farfelu;2;0;0;0;0;0;4
fantasmer;0;0;0;0;0;0;6
facilité;0;0;0;0;0;1;5
faciliter;0;0;0;1;0;4;1
fabrication;0;1;0;0;0;1;4
exposition;0;0;0;0;0;5;1
exemplaire;2;0;0;0;0;3;0
exclusivement;0;0;0;3;0;1;2
excellence;2;0;0;0;3;1;0
escalier;0;1;0;0;0;4;1
envisager;0;0;1;0;0;0;5
enterrement;0;0;0;0;1;0;5
entendeur;0;0;0;0;0;1;5
enquête;0;0;0;0;0;4;1
enjeu;0;0;1;0;0;3;2
engin;1;0;0;0;0;4;1
enfoncer;0;1;1;0;1;0;3
enfantin;0;1;0;0;0;4;0
endocrinien;0;0;6;0;0;0;0
employeur;1;0;0;0;1;1;3
emji_étoile_filante;3;0;0;0;1;0;1
emji_voiture;1;0;0;0;0;5;0
emji_visage_en_colère;0;1;1;0;0;3;1
emji_vache;2;0;1;0;0;2;1
emji_tête_de_cochon;2;3;0;0;0;1;0
emji_symbole_de_paix;4;0;1;0;0;0;1
emji_skieur;4;0;0;0;0;0;1
emji_singe_ne_rien_entendre;0;5;0;0;0;0;0
emji_poing_levé_peau_moyennement_claire;0;5;0;0;0;0;1
emji_poing_levé_peau_légèrement_mate;2;0;0;0;0;1;0
emji_plus;1;0;0;0;0;4;0
emji_plant_de_riz;3;0;0;0;0;0;0
emji_plage_avec_parasol;0;6;0;0;0;0;0
emji_ogre;0;0;0;0;0;1;2
emji_index_pointant_vers_le_haut_peau_claire;0;3;0;0;0;2;1
emji_gouttes_de_sueur;1;5;0;0;0;0;0
emji_drapeau_maroc;1;0;0;5;0;0;0
emji_drapeau_canada;0;4;0;0;0;0;0
emji_drapeau_algérie;3;1;0;0;0;0;0
emji_danseuse;5;0;0;0;0;0;1
emji_cornes_avec_les_doigts_peau_claire;2;2;0;0;0;1;0
emji_confettis;6;0;0;0;0;0;0
emji_chopes_de_bière;4;1;0;0;0;0;1
emji_chat_fatigué;1;0;0;0;0;0;2
emji_chat_avec_sourire_en_coin;6;0;0;0;0;0;0
emji_cerveau;4;1;0;0;0;1;0
emji_cercueil;0;5;0;0;0;1;0
emji_bonhomme_de_neige;5;0;0;0;0;1;0
emballer;0;0;3;0;0;1;2
effacement;0;0;0;0;0;6;0
ecouter;3;0;0;1;0;0;1
ecolos;0;0;5;0;0;0;1
détresse;0;0;2;0;0;2;2
détacher;0;0;0;1;0;2;2
désactiver;0;0;0;4;0;1;1
dérouler;1;2;0;1;0;1;1
déplorable;0;0;0;0;0;3;3
déplacement;0;0;0;0;0;6;0
dépit;0;1;0;0;0;3;2
démonter;0;2;0;0;0;4;0
délirer;1;0;0;0;5;0;0
délirant;0;1;3;0;0;0;2
dégénéré;0;0;2;0;0;0;4
dégrader;0;0;2;1;0;1;2
déborder;0;1;0;0;0;2;3
dureté;0;0;0;0;0;0;6
duo;1;1;0;0;0;1;3
douteux;0;0;0;0;1;2;3
donneur;1;0;2;0;0;1;2
domination;0;0;0;0;0;1;5
documenter;1;0;0;0;0;0;4
docile;0;1;1;0;0;0;4
dj;5;1;0;0;0;0;0
dixit;0;3;0;0;1;2;0
division;0;0;0;6;0;0;0
distribuer;0;0;0;0;0;4;2
disco;1;0;1;0;0;1;1
diffusion;0;0;1;0;0;5;0
dictée;0;0;0;3;0;0;3
destination;0;0;1;0;0;5;0
destin;3;0;2;0;0;0;1
deshusses;6;0;0;0;0;0;0
description;1;1;0;0;0;4;0
descendance;0;1;1;0;0;0;4
dej;0;3;1;0;0;1;1
dealer;0;4;0;0;0;1;1
day;4;0;0;0;0;1;1
dada;0;6;0;0;0;0;0
cédric;0;4;0;0;0;1;1
câlin;0;1;2;0;0;0;3
cuvette;0;6;0;0;0;0;0
curé;0;3;1;0;0;1;1
cts;0;0;3;0;0;1;0
cruauté;1;1;4;0;0;0;0
croissant;0;0;4;0;0;1;1
cri;0;1;0;0;0;0;5
crasseux;0;6;0;0;0;0;0
couverture;0;1;0;0;0;4;1
couscous;1;2;0;0;0;1;1
couloir;1;1;0;2;0;1;1
corrompre;0;0;0;0;0;2;4
corp;0;4;0;0;0;0;1
contradictoire;0;1;0;0;0;0;5
conservateur;0;0;2;0;0;3;1
consensus;0;0;0;0;0;1;4
confrontation;0;0;0;0;0;5;1
conducteur;0;0;0;3;0;2;1
condoléance;4;0;0;0;0;1;1
conditionner;0;0;0;0;0;0;6
concurrent;0;0;4;0;0;1;1
conclure;0;0;0;0;0;1;4
conception;0;0;0;0;1;2;3
compléter;0;0;0;1;0;4;1
complément;0;0;1;0;1;1;3
compliment;3;1;0;0;0;1;1
compenser;0;0;4;0;0;0;2
cohérence;0;0;2;0;1;0;3
clique;1;0;2;1;0;2;0
civilisé;0;2;0;0;0;4;0
chômage;0;1;1;0;0;2;2
chérir;0;0;0;0;0;0;6
chèvre;0;1;1;0;0;0;4
chorégraphie;0;0;0;6;0;0;0
choper;0;2;0;0;1;2;1
chirurgie;0;0;4;0;0;1;1
chevalier;0;0;1;0;0;3;1
chenapan;2;3;0;0;1;0;0
cheffe;0;0;0;0;0;6;0
char;0;4;0;0;0;1;1
certifier;0;0;0;2;0;4;0
centenaire;1;0;5;0;0;0;0
catholicisme;0;0;1;0;0;1;4
carnet;1;1;0;0;0;4;0
cardiaque;0;1;3;0;0;1;1
cannabis;0;0;1;0;0;2;2
cancre;1;0;0;0;0;0;5
c0n;0;0;0;0;2;0;4
bug;0;1;0;0;0;1;4
bronze;0;4;0;0;0;1;1
brevet;0;0;0;0;0;1;5
brasil;5;0;0;1;0;0;0
branche;0;1;1;0;0;1;2
boutonneux;0;6;0;0;0;0;0
boue;0;3;0;1;0;2;0
botte;0;3;0;0;0;0;3
blouse;0;0;0;0;0;0;6
biologiste;0;0;6;0;0;0;0
biologique;0;2;0;0;0;0;4
binaire;0;0;3;0;0;0;3
bienne;1;5;0;0;0;0;0
bibliothèque;0;0;0;0;0;1;4
bha;0;2;0;0;3;0;1
berset;0;5;0;0;1;0;0
benoît;0;3;0;0;0;1;2
battle;0;5;0;0;0;0;1
basket;1;1;0;1;0;1;2
bardot;1;0;4;0;0;0;1
banquier;0;2;0;0;0;4;0
bactérie;0;0;3;0;0;0;3
avérer;0;0;0;0;0;4;2
avertir;1;0;0;0;0;5;0
attentat;0;5;0;0;0;0;1
associé;0;0;1;0;1;1;3
assassin;0;0;3;0;0;1;2
articuler;1;1;0;0;0;0;4
arte;0;0;0;0;1;1;4
arménien;0;0;0;0;0;3;3
argumentation;0;1;0;0;0;0;5
argumentaire;0;3;0;0;0;0;3
araignée;0;1;5;0;0;0;0
aquarium;0;2;2;0;0;2;0
apparement;1;1;1;0;0;1;2
annee;2;0;0;0;2;0;2
animateur;0;2;0;1;0;3;0
allié;0;0;0;1;0;0;4
aisé;0;0;0;0;0;2;4
aimant;1;0;0;0;0;0;5
affiche;1;1;2;0;0;1;1
administration;0;0;1;0;0;5;0
accélérer;0;1;0;0;0;0;4
accueillant;0;0;0;0;0;2;4
accro;0;0;1;2;0;2;1
accessoirement;0;2;0;0;0;1;1
accessible;1;0;0;0;0;3;2
abusif;0;0;0;0;0;5;1
aborder;0;0;0;0;1;0;5
abordable;0;0;1;0;0;4;1
abonner;1;0;0;0;0;5;0
abondance;1;0;1;0;0;1;3
aberration;0;1;2;0;0;1;2
abaisser;0;0;1;0;1;0;4
aaah;1;4;0;0;0;0;1
90s;5;0;0;0;0;0;1
8ans;0;0;0;1;0;4;1
80s;6;0;0;0;0;0;0
60ans;0;0;0;0;0;1;5
3eme;0;0;0;1;0;2;3
éventuellement;0;0;1;0;1;1;2
évaluation;0;0;0;3;0;0;2
éric;0;2;0;1;0;0;2
éradiquer;0;0;3;0;0;1;1
équivaloir;0;1;0;0;0;1;3
éphémère;0;0;0;0;0;0;5
éolien;0;2;0;0;0;2;1
émeute;0;1;0;0;0;2;2
écureuil;0;0;4;0;0;0;0
écologiste;0;0;0;0;0;1;3
écolier;0;1;0;0;0;0;4
éclat;2;1;0;0;0;0;2
éclair;0;2;0;0;1;2;0
zurich;0;1;0;0;0;4;0
zombie;0;0;0;0;0;3;2
yogourt;0;4;1;0;0;0;0
word;0;0;0;0;3;1;1
white;0;1;0;0;4;0;0
whatsapp;0;1;0;0;0;3;1
web;0;0;0;0;0;5;0
wars;1;1;0;0;0;0;3
véçu;0;0;0;0;0;3;1
votations;0;0;0;0;0;5;0
volet;0;1;0;0;0;3;1
volaille;0;1;4;0;0;0;0
voile;0;0;1;1;0;0;3
viva;1;4;0;0;0;0;0
vital;0;1;2;0;0;0;2
virginité;0;0;0;0;0;0;4
violon;0;1;4;0;0;0;0
vingtaine;0;1;2;0;1;1;0
villa;0;2;1;0;0;1;1
vil;0;2;0;0;0;1;2
viennoiserie;0;2;2;0;0;0;1
vider;0;0;1;0;0;1;3
videos;0;0;0;0;0;1;4
vibe;0;4;0;0;0;0;1
vexer;0;0;0;0;0;0;5
vevey;0;1;3;0;0;1;0
veiller;1;0;0;0;0;0;4
vedette;1;0;1;0;0;1;2
vaudoises;1;3;0;0;0;0;1
vanter;0;1;1;0;0;2;1
valise;0;1;0;0;0;3;1
vainqueur;0;1;0;0;0;2;0
utopie;0;0;0;0;0;0;5
urne;0;1;0;0;0;4;0
union;1;0;1;0;0;0;2
truffe;0;1;1;0;0;1;2
true;1;0;4;0;0;0;0
trentenaire;0;1;0;0;0;0;4
transit;0;1;2;0;0;0;2
tram;0;3;0;0;0;2;0
tracer;0;0;0;1;0;2;2
tr;0;0;2;0;0;1;0
tps;0;0;1;0;0;1;2
toutoune;4;0;0;0;0;0;1
tousser;0;1;0;0;0;0;3
tournure;1;0;1;0;0;1;2
tournoi;1;0;0;0;0;4;0
totalité;0;1;0;0;0;4;0
torture;0;0;3;0;0;0;2
tomme;0;5;0;0;0;0;0
tolérant;0;0;0;0;0;1;4
tine;0;0;0;0;0;4;1
tigre;1;1;1;0;0;0;1
thérapie;0;2;1;0;0;0;2
that;5;0;0;0;0;0;0
terroir;0;1;1;1;0;1;1
terreur;0;0;0;0;0;0;5
tempo;5;0;0;0;0;0;0
tease;5;0;0;0;0;0;0
tdah;0;3;0;1;0;0;1
taxidermie;0;0;3;0;0;0;2
tarif;0;0;0;0;0;1;4
tampon;0;1;0;0;0;3;1
tailler;0;1;0;0;0;3;1
taguer;5;0;0;0;0;0;0
tacle;0;0;0;0;0;0;5
tac;0;0;0;0;0;1;2
séparation;0;0;0;0;0;2;3
sélectif;0;0;2;0;0;1;1
sébastien;0;4;0;0;0;1;0
syndicat;0;5;0;0;0;0;0
suspendre;0;0;0;0;0;3;2
surtt;0;1;0;0;3;1;0
surnommer;0;0;1;1;0;1;2
surment;0;0;0;0;0;1;4
support;0;0;0;0;0;3;2
superflu;1;0;4;0;0;0;0
superficiel;0;0;0;0;0;0;5
subjectif;0;0;0;0;0;0;5
stupéfiant;3;0;0;0;0;0;2
structure;0;1;1;0;0;2;1
stratégique;0;0;2;0;0;2;1
stimuler;0;0;0;1;0;0;4
stigmatiser;1;0;0;0;1;0;3
ste;0;0;0;0;0;4;0
stable;0;0;0;0;0;3;2
ss;0;0;1;1;0;2;1
spécimen;0;1;0;0;1;1;2
spinoza;3;0;0;0;0;0;2
spatz;0;5;0;0;0;0;0
spa;0;2;2;0;0;0;1
sp;0;1;0;0;0;4;0
soulager;0;0;0;0;0;0;5
soulagement;1;0;0;0;0;3;1
souffler;0;0;0;0;0;2;3
sonnerie;0;1;0;0;0;4;0
songeur;0;0;0;0;0;0;5
sondage;0;0;0;0;0;0;5
soif;0;0;0;0;0;0;5
sobriété;2;1;0;0;0;0;2
snobisme;0;1;3;0;0;0;1
snap;0;1;0;0;0;0;4
slim;1;2;0;0;0;0;2
simone;4;0;0;0;0;0;1
sieste;0;2;0;0;0;1;2
shit;1;0;2;0;1;0;1
shein;0;0;4;0;0;0;1
sex;0;1;3;0;1;0;0
serré;0;0;0;2;0;0;3
serein;0;0;0;0;0;1;4
serbe;0;0;0;0;0;1;2
secouer;0;2;1;0;0;1;1
scientifiquement;0;0;2;0;0;0;3
school;2;1;0;0;0;0;2
schneks;0;5;0;0;0;0;0
sceptique;0;1;0;0;0;2;2
savant;0;0;0;0;0;0;5
saurer;1;0;0;2;0;1;1
sarcasme;0;1;0;0;0;0;4
sapin;0;1;0;0;0;2;0
saouler;0;1;0;0;0;1;3
san;0;1;0;0;0;3;1
samy;4;1;0;0;0;0;0
sam;1;0;1;1;0;1;1
saisonnier;0;0;5;0;0;0;0
saigner;1;1;0;1;0;0;2
sacrifier;0;0;0;0;0;1;4
révélation;0;3;0;0;0;1;1
résille;1;0;0;0;1;0;3
résident;0;1;0;0;0;3;1
république;1;0;1;0;0;2;1
rémunérer;0;0;0;0;0;3;2
réincarnation;1;1;0;0;0;0;3
régression;0;0;0;0;0;0;5
réducteur;0;1;0;0;0;0;4
récompense;2;0;0;0;0;2;1
récolter;0;0;4;0;0;0;1
récit;2;0;0;0;0;0;3
réalisateur;2;1;0;0;0;1;0
ré;0;0;1;0;0;0;4
rtsarchives;1;0;0;0;0;0;4
roy;0;5;0;0;0;0;0
rousseau;0;5;0;0;0;0;0
roulant;0;1;0;0;0;4;0
romario;1;0;0;0;0;1;1
romantique;0;0;0;1;0;0;4
romandie;0;4;0;0;0;0;0
river;0;0;0;1;0;0;4
rihs;5;0;0;0;0;0;0
ridiculiser;0;0;0;0;0;0;5
ricordi;5;0;0;0;0;0;0
revendication;0;0;0;0;0;0;5
retoucher;0;0;0;0;0;1;4
restaurateur;3;0;1;0;0;1;0
ressusciter;3;0;0;0;0;0;2
respecté;0;0;2;0;0;0;3
repérer;0;0;0;0;0;2;3
repère;0;0;1;0;0;3;1
rentabilité;0;0;3;0;0;1;1
renseignement;0;0;0;0;0;4;1
renommer;0;0;0;0;5;0;0
remplaçant;0;1;0;0;0;1;3
relayer;0;0;0;0;0;0;5
rein;0;1;1;0;0;2;1
regret;1;0;2;0;1;0;1
reflet;0;1;0;0;0;1;3
red;0;1;0;1;0;0;3
recouvrir;0;1;0;0;1;1;2
rapelle;0;1;0;0;0;3;1
rancoeur;0;0;0;0;0;0;5
ramadan;0;2;0;0;0;1;1
ralentir;0;0;0;1;0;3;1
raisonner;0;0;0;0;0;0;5
raisonnable;3;0;1;0;0;1;0
racial;0;0;0;0;2;1;2
quon;0;1;0;0;2;0;2
quarantaine;0;0;5;0;0;0;0
quantique;0;0;0;0;0;0;5
qualifié;0;0;1;0;0;2;2
qlq;0;3;0;0;0;1;1
pêcheur;1;3;0;0;0;0;1
pétrolier;0;0;0;0;0;0;5
pédagogique;0;0;0;0;0;0;5
ptdrrrr;0;4;0;0;0;0;1
psychologiquement;0;0;1;0;0;0;4
psychologie;0;0;2;0;0;0;3
psychiatre;0;0;0;0;0;1;3
ps2;2;1;0;0;0;0;2
prétentieux;0;0;0;0;3;0;2
préparation;0;0;0;4;0;0;0
préoccupation;0;0;0;0;0;1;4
prémices;0;1;4;0;0;0;0
précoce;1;2;0;0;0;0;2
précaire;0;0;0;0;0;1;4
proverbe;0;1;1;0;0;0;3
provenir;0;0;0;0;4;1;0
protectorat;0;5;0;0;0;0;0
proprement;0;0;0;0;0;3;2
promenade;0;0;1;0;0;4;0
profusion;0;1;0;0;0;2;2
processus;0;0;0;0;0;2;3
prière;0;0;0;1;0;4;0
priver;0;0;0;1;0;0;4
pres;0;1;0;0;0;2;2
premièrement;0;0;0;0;0;3;1
prairie;0;2;1;0;0;1;1
pragmatique;0;0;0;0;0;0;5
pp;2;0;0;0;0;1;2
poêle;0;0;1;0;1;2;1
poto;2;1;0;0;0;0;2
potentiellement;0;1;1;0;0;1;2
postuler;0;3;0;0;0;0;2
porsche;0;0;0;0;0;5;0
popo;0;5;0;0;0;0;0
pondre;0;0;2;0;0;1;2
polémique;0;0;1;0;3;0;1
poire;0;4;0;0;0;0;1
poing;0;2;1;0;0;0;2
poignant;5;0;0;0;0;0;0
pogs;0;2;0;1;0;1;0
pog;1;1;0;2;0;0;0
plouc;0;1;1;0;0;1;2
pleur;0;0;0;3;0;1;0
please;5;0;0;0;0;0;0
playlist;0;1;1;1;0;2;0
pistolet;1;3;0;0;0;0;1
piqûre;1;0;0;0;0;0;4
piloter;0;1;1;0;0;1;1
piccard;0;1;0;0;0;4;0
peugeot;0;4;0;0;0;1;0
peuble;0;0;0;0;0;0;4
pessimiste;2;0;0;1;0;1;1
peser;0;1;2;0;0;1;1
persécuter;0;1;1;0;1;0;2
persan;1;0;2;0;0;0;0
perpétuel;0;0;0;0;0;1;4
people;2;0;0;0;0;2;0
pensant;0;0;0;0;0;1;4
pen;0;0;5;0;0;0;0
pelure;1;0;0;0;0;3;0
peler;1;3;0;0;0;1;0
pdt;0;1;0;0;0;4;0
paternaliste;0;1;0;0;0;1;3
passif;0;0;0;0;0;4;1
passant;1;0;0;0;0;2;2
passager;0;0;0;0;0;4;0
parlement;0;0;0;0;0;5;0
parking;0;1;0;0;0;4;0
parier;0;0;0;0;0;4;1
pareillement;3;1;0;0;0;0;1
papillote;0;1;0;1;0;2;1
papillon;0;0;3;0;0;1;1
paf;0;0;0;0;3;2;0
ours;0;0;0;0;0;3;2
our;2;0;0;0;0;3;0
oulala;0;5;0;0;0;0;0
oue;0;5;0;0;0;0;0
opérationnel;0;3;0;0;0;0;2
onu;0;0;0;0;0;4;1
old;4;0;0;0;0;0;1
oignon;1;0;0;0;0;2;2
oeuvrer;0;0;2;0;0;1;2
odieux;0;0;0;0;3;0;2
océan;0;2;0;0;0;1;2
obéissant;0;0;0;0;0;0;5
obéir;0;0;0;0;0;1;4
obsédé;0;2;1;0;0;1;1
obligatoirement;0;0;0;0;0;1;4
négliger;0;0;2;0;0;1;2
néfaste;0;0;4;0;0;0;1
nécessiter;0;1;1;1;0;1;1
now;2;0;0;0;1;1;1
noix;0;0;4;0;0;1;0
noeud;0;0;0;0;1;2;1
nocturne;0;0;2;0;0;1;1
nid;0;2;1;0;0;0;2
nicolas;0;0;0;0;0;1;4
next;0;0;0;0;2;1;2
navrer;0;0;0;0;0;1;4
navrant;0;0;0;0;0;3;2
narcisse;0;0;5;0;0;0;0
nait;0;0;0;0;1;0;4
môme;3;0;0;1;0;0;1
métaphore;1;0;1;0;0;0;3
métal;0;2;1;0;0;1;1
méprisant;0;1;0;0;0;1;3
mélodie;0;1;0;0;0;1;3
méfier;1;0;1;0;1;0;2
mutuel;1;0;0;0;0;1;3
muscu;0;0;0;0;0;3;2
ms;0;2;1;0;0;0;2
mp;2;0;0;0;0;3;0
morges;2;1;0;0;0;2;0
moqueur;0;1;0;0;0;0;4
mondialisation;0;0;0;0;0;0;5
moine;0;0;0;0;0;0;4
modification;1;0;0;0;0;4;0
modernité;1;0;0;0;0;0;4
mobile;0;0;0;0;0;0;5
mn;0;1;0;1;0;2;0
mister;0;4;1;0;0;0;0
missile;0;0;2;0;0;2;1
mirage;0;0;0;0;0;5;0
minou;4;1;0;0;0;0;0
mineur;0;0;0;0;0;1;4
militant;0;0;0;0;1;2;2
migrer;0;3;0;0;0;1;1
miel;0;0;3;0;0;1;0
michellod;0;0;1;0;0;4;0
meyer;0;0;0;0;0;0;5
meurtre;0;0;2;0;0;1;2
merdique;0;0;0;0;0;2;3
menacer;0;0;1;0;1;1;2
men;1;4;0;0;0;0;0
mcdonald;0;0;0;0;0;3;1
mbappé;3;1;0;0;0;1;0
maurice;0;0;0;0;0;3;2
matériau;0;0;3;0;0;1;1
matth3ews;0;0;0;0;0;5;0
massif;0;0;0;0;0;5;0
massacrer;0;0;3;0;0;1;1
martigny;2;2;1;0;0;0;0
marseillais;0;4;0;0;0;0;0
marchandise;0;0;1;0;0;2;2
manor;2;1;1;0;0;0;1
mami;3;0;1;0;0;0;1
mama;3;1;0;0;0;0;0
malthusiens;0;0;5;0;0;0;0
malhonnête;0;2;0;0;0;2;1
majuscule;0;0;0;0;0;4;1
maghreb;0;2;0;0;0;2;1
mafia;0;0;0;0;0;5;0
mac;0;2;0;1;0;2;0
lécher;0;5;0;0;0;0;0
lèvre;0;0;2;0;0;1;2
lyme;0;0;5;0;0;0;0
lustre;2;1;0;0;0;2;0
ludique;1;0;0;0;0;0;4
lsd;0;4;0;0;0;1;0
loulou;0;0;0;0;0;0;5
lorenzo;5;0;0;0;0;0;0
longévité;0;0;2;0;0;2;1
livret;0;1;0;3;0;0;1
lisse;1;0;3;0;0;0;1
lion;0;0;4;0;0;0;0
ligue;0;0;0;1;0;3;1
lhomme;0;0;1;0;0;0;3
let;4;1;0;0;0;0;0
lenteur;1;0;0;0;0;0;4
lame;0;0;0;0;0;5;0
lake;0;5;0;0;0;0;0
lady;2;2;0;0;0;1;0
lacs;0;5;0;0;0;0;0
kid;3;1;0;0;0;0;1
kevin;0;5;0;0;0;0;0
ke;0;2;0;0;0;2;1
k;0;0;0;0;0;3;1
jveux;1;0;0;0;0;2;2
justesse;1;0;0;0;0;1;3
jumeau;0;1;4;0;0;0;0
juego;5;0;0;0;0;0;0
jouir;0;0;0;0;0;5;0
jme;0;3;0;0;0;0;2
jeannot;0;0;5;0;0;0;0
jane;0;1;0;0;0;4;0
jalousie;1;0;0;0;0;0;4
ja;2;1;0;0;0;1;0
italo;0;4;0;0;0;0;0
irréprochable;0;2;0;0;0;1;2
irrespect;0;1;0;0;0;0;4
inutilement;0;0;0;0;0;1;4
intestin;0;1;2;0;0;0;0
interrompre;0;0;0;0;0;3;2
interpréter;0;0;0;0;0;0;5
interieur;0;0;3;0;1;0;1
initial;0;1;0;0;0;1;3
influenceurs;0;0;0;0;5;0;0
infection;0;0;5;0;0;0;0
inexistant;0;0;0;0;0;3;2
indéniable;0;0;0;0;0;0;5
indignation;0;0;2;0;0;1;2
indice;0;0;0;0;0;1;4
inconscience;0;0;0;0;0;0;5
inconditionnel;1;0;1;0;0;2;1
inapproprié;0;0;0;0;0;1;4
immédiat;0;0;0;0;0;1;4
imbu;0;1;1;0;0;1;1
humidité;1;2;0;0;0;1;1
humainement;0;0;0;0;0;1;4
horizon;0;0;0;0;0;0;4
hoo;1;0;0;2;0;1;1
honnêteté;0;0;0;0;0;0;5
heysel;0;0;0;0;0;5;0
henchoz;1;0;0;0;0;2;1
hehe;2;3;0;0;0;0;0
harcelement;0;0;0;0;0;1;4
han;3;2;0;0;0;0;0
hahahahaha;1;2;0;0;0;0;2
habituel;0;0;2;0;1;0;2
habillement;0;0;0;0;0;0;5
haaaa;1;3;0;0;0;1;0
haaa;1;2;0;0;0;1;1
géographique;0;1;0;0;0;2;2
guignol;0;1;0;0;0;2;2
grèce;0;2;1;1;1;0;0
grossier;0;0;0;0;0;0;5
grace;1;0;0;0;0;1;3
goldorak;0;0;0;0;0;0;4
genfersee;0;5;0;0;0;0;0
geneva;0;5;0;0;0;0;0
ge;0;5;0;0;0;0;0
gaëlle;4;1;0;0;0;0;0
gazon;0;5;0;0;0;0;0
gaston;0;5;0;0;0;0;0
gaspillage;0;1;1;0;0;1;2
garcons;2;1;0;0;0;0;2
gain;0;2;0;0;0;2;1
fusil;0;2;1;0;0;1;1
fréquent;0;1;0;0;1;2;1
frs;0;2;1;1;0;1;0
freiner;0;1;0;0;0;0;4
francis;0;0;0;0;1;0;3
fragilité;0;0;0;0;1;1;3
fourrer;0;5;0;0;0;0;0
fourchette;0;3;0;0;0;1;1
fortnite;0;0;0;5;0;0;0
fortement;0;2;1;0;0;2;0
formater;0;0;0;0;0;0;5
forestier;0;0;3;0;0;0;2
foie;0;1;4;0;0;0;0
fnsea;0;0;4;0;0;0;0
fluo;0;5;0;0;0;0;0
floyd;1;0;0;0;0;3;0
flow;5;0;0;0;0;0;0
fleurir;0;0;0;0;0;2;3
flatter;0;1;0;0;0;0;3
fièrement;0;1;1;0;0;0;3
fixe;0;1;0;0;0;0;4
finale;0;0;0;0;0;4;1
fesser;1;2;0;0;1;0;1
ferrer;0;0;0;0;0;4;1
fatigant;0;0;0;0;0;1;4
fast;2;2;1;0;0;0;0
famine;0;0;2;0;0;1;2
fair;0;1;0;0;0;0;4
faiblesse;0;1;0;0;0;1;3
fade;0;0;1;0;0;3;1
extrémiste;0;1;0;0;0;0;4
extasier;0;1;0;0;0;1;3
exprès_de;0;0;0;0;0;1;4
express;0;0;5;0;0;0;0
exponentiel;0;0;0;0;0;0;5
explosion;0;2;0;0;0;2;1
evidemment;0;0;1;1;0;1;2
essai;0;1;1;0;0;1;2
entrepreneur;0;0;1;0;0;0;3
enfiler;0;2;0;1;0;2;0
enfermer;0;0;2;0;0;2;1
endormir;0;0;0;0;0;4;1
encroyable;1;2;0;0;0;1;0
emprunter;0;0;0;0;0;1;3
emji_visage_faisant_un_bisou;2;0;0;0;0;2;0
emji_visage_dans_les_nuages;0;4;0;0;0;0;1
emji_visage_angoissé;0;1;0;0;0;0;4
emji_v_de_la_victoire_peau_moyennement_claire;3;0;0;0;0;1;1
emji_tête_de_vache;4;0;0;0;0;0;0
emji_tête_de_chien;1;1;0;0;0;0;1
emji_ski;2;0;0;0;0;3;0
emji_seringue;1;1;1;0;0;1;0
emji_sac_plein_d_argent;0;1;0;0;0;3;1
emji_ruban;1;0;0;0;0;1;2
emji_pêche;0;5;0;0;0;0;0
emji_poule;0;0;4;0;0;0;0
emji_pouce_vers_le_bas_peau_claire;0;1;1;0;0;2;0
emji_micro;5;0;0;0;0;0;0
emji_haut_de_forme;3;0;0;0;0;1;1
emji_drapeau_états;1;0;0;0;1;3;0
emji_drapeau_turquie;2;0;0;0;0;0;1
emji_drapeau_tunisie;2;2;0;0;0;0;1
emji_drapeau_noir;1;0;0;0;0;1;1
emji_drapeau_mexique;5;0;0;0;0;0;0
emji_drapeau_albanie;0;1;0;0;0;4;0
emji_dans_le_mille;5;0;0;0;0;0;0
emji_chope;2;1;0;0;0;0;0
emji_bourgeon;4;0;0;0;0;1;0
elon;0;1;0;0;0;4;0
effondrer;0;0;0;0;0;1;4
efficacité;0;0;5;0;0;0;0
détraquer;0;1;0;0;0;2;2
détermination;3;0;0;0;0;0;2
détente;1;2;0;1;0;0;1
désordre;0;0;1;2;0;1;1
déshydrater;0;0;4;0;0;0;0
désaccord;0;0;0;0;0;0;5
dériver;0;0;0;0;0;3;2
déployer;2;0;0;0;0;3;0
département;0;1;0;0;3;0;1
démonstration;0;1;1;0;0;1;2
délétère;0;0;0;0;0;1;4
défilé;1;0;0;0;0;3;1
défiler;0;0;0;0;0;3;2
dédier;0;0;0;1;0;3;1
décomplexé;0;2;0;0;2;0;1
déco;1;1;1;0;0;2;0
débarrasser;0;0;2;0;0;2;1
drôlement;0;3;0;0;0;0;2
drole;1;1;0;0;1;0;1
dressage;0;0;0;1;0;0;4
dr;3;0;0;0;0;1;1
doter;0;0;0;0;0;1;4
doser;0;1;0;0;0;0;4
docu;0;1;0;0;2;2;0
divorcer;0;0;0;0;0;1;4
distraction;1;0;0;0;0;0;4
distinction;0;0;1;0;0;0;4
distinct;0;2;0;0;0;1;1
dissimuler;0;0;0;0;1;2;2
disparaitre;0;0;0;0;0;0;5
discrétion;3;0;1;0;0;1;0
discipliné;0;0;0;0;0;0;4
dili;5;0;0;0;0;0;0
dignement;0;0;4;0;0;0;1
digestion;1;0;4;0;0;0;0
diarrhée;0;3;0;0;0;0;2
destiner;0;0;5;0;0;0;0
design;0;0;0;0;0;2;1
demeure;2;0;0;0;0;0;3
delon;1;3;0;0;0;0;1
dbz;3;0;0;0;0;2;0
daube;0;1;0;0;0;2;1
célébrer;1;2;0;0;0;1;1
céline;0;0;2;0;0;2;1
culpabiliser;0;0;0;0;0;0;5
culotté;1;3;0;0;0;0;1
cross;1;0;0;0;0;4;0
crasse;0;0;0;0;0;1;4
courrier;1;0;3;0;0;1;0
coupable;0;0;1;0;0;1;3
couillon;0;1;3;0;0;1;0
cosmique;0;0;0;0;0;1;4
cordialement;0;1;0;0;0;0;4
copie;0;0;0;0;0;0;5
coordination;1;0;0;4;0;0;0
coogros;0;5;0;0;0;0;0
convoquer;0;1;0;1;0;2;0
contribuable;0;0;0;0;0;5;0
contraindre;0;0;1;0;0;0;4
continent;0;0;0;0;1;4;0
contextualiser;1;0;0;0;3;1;0
contester;0;1;0;0;0;0;4
contempler;0;0;0;0;0;1;4
constatation;0;0;0;0;1;0;4
consentement;0;0;0;0;0;0;5
connard;0;0;0;0;0;0;5
conférence;0;0;1;0;0;1;2
confiture;1;2;2;0;0;0;0
confiserie;0;0;0;0;5;0;0
confinement;0;0;1;0;0;1;3
conditionnement;0;0;3;1;0;0;1
comptoir;1;3;0;0;0;1;0
complice;1;0;0;0;0;2;2
complexer;0;2;0;0;0;2;1
compatible;0;0;1;0;0;3;1
communiquer;0;0;0;0;0;1;4
communion;0;0;0;0;0;2;3
come;2;2;0;0;0;0;1
comble;0;0;0;0;0;2;3
combi;0;3;0;0;0;2;0
coloré;1;1;0;0;0;0;2
colon;0;1;0;0;1;0;3
colo;2;1;0;1;1;0;0
colline;0;1;1;0;0;2;1
cola;0;5;0;0;0;0;0
cocaïne;0;1;0;0;0;4;0
classement;0;0;1;0;0;2;2
clarté;1;0;0;0;0;0;4
citron;0;2;1;1;0;0;1
cimetière;1;0;0;0;0;3;1
cilo;3;2;0;0;0;0;0
cigare;0;0;0;0;0;5;0
chui;0;3;0;0;0;1;1
christophe;0;1;0;0;0;1;2
chouchou;3;0;0;0;0;0;1
choeur;0;0;0;0;0;0;5
chips;0;0;5;0;0;0;0
chipie;0;5;0;0;0;0;0
chimique;0;1;1;0;0;1;2
chill;0;1;0;0;4;0;0
chevreuil;0;0;2;0;0;2;0
chaos;0;0;0;0;0;0;5
chanel;0;4;0;0;0;0;1
chagrin;1;0;0;0;0;0;4
cf;0;0;0;2;0;2;1
cervelle;0;0;3;0;0;0;2
cervelas;0;4;1;0;0;0;0
cendrier;2;0;0;0;1;1;1
celestin;3;0;0;0;0;0;2
cassé;0;3;0;0;0;1;1
cash;0;0;0;0;0;3;2
caricatural;0;0;2;0;0;0;3
cardio;0;0;0;5;0;0;0
caprice;0;1;1;0;0;0;2
canidé;0;0;5;0;0;0;0
canicule;0;1;1;0;0;1;2
candidat;0;1;0;1;0;1;2
cancérigène;0;1;1;0;0;2;0
cameraman;0;0;0;0;0;4;1
calendrier;0;1;0;0;0;4;0
cage;0;4;1;0;0;0;0
cadence;0;1;2;0;0;0;1
cabinet;0;2;0;0;0;1;2
bénichon;1;0;0;0;0;0;4
butterfly;2;1;0;0;0;0;2
bulle;0;1;0;0;0;4;0
bruno;1;1;1;0;0;1;1
broche;0;4;1;0;0;0;0
brin;1;0;2;0;0;2;0
brassière;0;1;0;0;0;0;4
branleur;0;0;0;0;5;0;0
branler;0;1;0;0;1;2;1
bouillir;0;1;0;0;0;1;3
boudin;0;1;0;0;0;0;4
bouchon;0;1;0;0;0;4;0
bot;0;4;1;0;0;0;0
boku;0;4;0;0;0;0;0
boisson;0;1;3;0;0;0;1
bofs;1;1;0;0;0;1;1
boa;1;0;0;0;0;1;3
blues;0;0;0;3;0;1;1
blouson;0;5;0;0;0;0;0
bill;0;1;1;0;0;2;1
bijou;4;0;0;0;0;0;1
bidon;0;2;0;0;2;0;0
bichette;0;4;0;0;0;0;1
biche;0;0;5;0;0;0;0
bi;0;0;0;0;0;3;1
bellissima;5;0;0;0;0;0;0
baver;0;0;0;0;0;0;5
bashing;0;1;0;0;0;0;4
basané;0;3;0;0;1;0;1
barreau;0;1;0;0;1;0;3
barrage;0;2;0;0;0;1;2
baptiste;0;5;0;0;0;0;0
bannir;0;0;0;0;4;0;1
banc;0;1;0;1;1;2;0
banal;0;0;1;0;0;0;4
bail;0;0;1;0;0;4;0
baby;0;1;0;1;0;1;2
aviation;0;0;1;4;0;0;0
avertissement;0;0;0;0;0;5;0
autiste;0;0;1;1;0;1;2
auprès_des;0;0;0;0;0;0;5
audio;0;1;0;0;0;3;0
atelier;0;0;0;0;0;0;5
atar;0;0;0;0;0;5;0
at;4;0;0;0;0;0;1
assigner;0;0;0;0;0;1;4
assassiner;0;0;1;0;0;3;1
artistique;1;0;0;0;0;3;1
artisan;0;0;3;0;0;2;0
arrogant;0;0;0;0;0;0;5
arriéré;0;1;2;0;0;0;2
aristote;0;1;0;0;0;0;4
are;4;0;0;0;0;0;1
archi;1;1;0;0;1;0;2
arc;0;0;0;0;0;1;4
appellait;1;3;0;0;0;0;1
apparition;1;0;0;0;0;1;2
aop;0;4;0;0;0;0;1
anxiété;0;0;0;0;0;5;0
anus;0;3;0;0;0;1;1
animalerie;0;0;4;0;0;0;1
angoissant;0;0;0;3;0;2;0
anglophone;0;4;0;0;0;0;1
ancrer;0;0;0;0;1;3;1
amélioration;1;0;0;0;0;0;4
ambition;0;0;0;0;0;0;5
amazon;0;1;1;0;0;0;3
alliance;0;0;0;0;0;3;2
aliénation;0;0;0;0;0;1;4
algérien;0;1;0;0;0;0;3
albanie;0;1;0;0;0;1;1
aisément;0;1;0;0;0;2;2
agaçant;0;0;0;0;0;2;1
agacer;0;0;0;0;0;0;5
adrien;0;5;0;0;0;0;0
actionnaire;0;0;0;0;0;5;0
actif;0;0;0;3;0;2;0
accoucher;0;0;0;0;0;3;2
abstenir;0;0;2;0;0;0;3
absinthe;0;1;0;0;0;3;1
abri;0;1;0;0;0;0;4
abominable;0;0;1;3;0;0;1
ablution;1;4;0;0;0;0;0
9c;0;0;0;0;0;5;0
8h;0;0;0;0;0;3;2
7h;0;1;0;2;0;0;0
6e;0;0;0;5;0;0;0
5e;0;0;0;4;0;0;1
2ème;0;0;0;1;0;3;1
étroit;0;0;0;0;0;0;3
étrangler;0;0;3;0;0;1;0
étincelle;0;1;0;0;0;0;3
étanche;0;2;0;0;0;1;1
épicéa;0;1;0;0;0;1;2
épicier;0;1;2;0;0;0;1
épicerie;0;0;1;0;0;2;1
épanoui;0;0;0;0;0;0;4
énoncer;0;0;0;0;1;2;1
énervant;1;0;0;0;0;1;2
écouler;0;0;0;0;0;4;0
économiser;0;1;0;0;0;2;1
échauffement;0;4;0;0;0;0;0
è;3;1;0;0;0;0;0
ânerie;0;1;0;0;1;1;1
zürich;0;2;0;0;0;2;0
zoom;2;0;0;0;0;1;0
zim;3;0;0;0;1;0;0
zemmour;0;1;0;0;0;0;3
your;3;0;0;0;0;1;0
yanne;0;4;0;0;0;0;0
world;0;0;0;1;0;2;1
wikipedia;0;2;0;0;0;2;0
who;2;0;0;0;0;0;1
west;2;1;0;0;0;1;0
were;3;0;0;0;1;0;0
was;4;0;0;0;0;0;0
waow;1;2;0;0;0;0;1
waouw;2;0;0;1;0;0;1
wahli;0;1;0;0;0;3;0
vêtir;0;1;1;0;0;0;2
vérification;0;0;0;3;0;1;0
vulnérable;0;0;0;0;0;0;4
vrille;0;2;0;0;0;1;1
volta;4;0;0;0;0;0;0
vitalité;0;0;2;0;0;2;0
visiteur;0;1;0;0;0;1;2
visible;0;1;1;0;0;1;1
virtuel;0;0;0;0;0;2;2
viril;0;1;0;0;0;3;0
vipère;0;2;1;0;0;1;0
vingts;0;2;0;0;0;1;1
vidy;0;1;0;0;0;3;0
vi;0;3;1;0;0;0;0
vhs;2;0;0;0;0;2;0
vespa;1;2;0;0;0;1;0
verso;0;0;0;1;0;1;2
vaste;0;0;2;0;0;0;2
varier;0;2;0;0;0;0;2
variable;0;0;0;0;0;4;0
vagin;0;1;0;0;0;0;3
usager;0;0;0;0;0;4;0
uranus;0;3;0;0;0;0;1
unité;0;3;0;0;0;0;1
unik;0;1;0;0;0;3;0
uniforme;0;0;0;0;0;1;3
und;2;0;1;0;0;0;0
ui;1;1;0;0;0;1;1
uber;0;0;3;0;0;1;0
téléviseur;0;0;0;0;2;2;0
téléspectateur;0;1;0;0;0;2;1
twist;1;2;0;1;0;0;0
tupperwares;0;1;0;0;0;1;2
tupp;0;0;4;0;0;0;0
tte;0;0;0;0;1;1;2
trousse;0;2;0;0;0;2;0
trouille;1;0;1;0;0;1;1
tristement;1;0;0;0;1;1;1
trip;0;2;0;0;0;0;1
tremper;0;3;0;0;0;0;1
traumatisant;0;0;0;0;0;0;4
traumatique;0;0;0;0;0;1;3
traquer;0;1;1;0;0;1;1
tragédie;0;0;0;0;0;4;0
tpg;0;1;0;0;0;0;3
tournant;0;0;0;0;0;4;0
touriste;0;1;0;0;1;1;1
tourisme;0;0;0;0;0;3;1
toujour;0;0;1;1;1;0;1
torchon;0;2;0;0;0;1;1
tonton;0;4;0;0;0;0;0
tomate;0;3;1;0;0;0;0
tite;1;3;0;0;0;0;0
tip;1;3;0;0;0;0;0
tin;0;4;0;0;0;0;0
ti;1;1;0;1;0;1;0
théâtre;0;0;0;0;0;1;3
thunberg;0;0;0;0;0;0;4
thermomix;1;2;1;0;0;0;0
terroriste;0;2;0;0;0;0;2
terrifier;0;0;0;0;0;4;0
terminal;0;0;0;0;0;3;1
tentative;0;0;0;0;0;4;0
tendu;0;3;0;0;0;0;1
tectonik;0;1;0;0;0;1;1
tds;0;0;0;0;0;0;4
tchaz;0;0;0;0;0;4;0
taxer;0;2;0;0;0;1;1
tatouer;0;3;0;0;0;0;1
tata;3;1;0;0;0;0;0
tapis;0;0;4;0;0;0;0
talon;0;2;0;1;0;1;0
tal;0;3;0;0;0;0;1
tain;0;2;0;0;0;0;2
tag;1;1;0;0;0;0;2
séduisant;1;0;0;0;0;1;2
sécher;0;2;2;0;0;0;0
systémique;0;0;0;0;0;1;3
syntaxe;0;0;0;0;0;0;4
symbole;0;0;0;0;0;1;3
suspense;1;1;0;0;0;2;0
susceptible;0;0;0;0;3;1;0
survivant;0;0;0;0;0;1;2
surpopulation;0;0;4;0;0;0;0
surcroît;0;0;0;0;0;0;4
superstitieux;0;1;0;0;0;1;2
sucer;0;4;0;0;0;0;0
succession;0;0;0;0;0;0;4
stérile;0;1;0;0;0;0;3
stylo;0;0;0;0;0;3;1
strip;4;0;0;0;0;0;0
stratosphère;0;0;1;0;0;2;0
stimulant;0;0;1;0;0;0;2
stats;0;0;0;0;0;0;4
staff;0;0;0;0;0;3;1
spécificité;0;2;0;0;0;0;2
spot;1;0;1;0;0;0;1
spontanéité;2;0;0;0;0;0;2
sponsor;0;0;0;0;0;3;1
spoiler;0;0;3;0;0;0;1
spectaculaire;3;0;0;0;0;1;0
spatial;1;0;0;0;0;0;2
soupçonner;0;2;0;0;0;1;1
souder;0;0;0;0;0;0;4
sorry;0;3;0;0;0;0;1
sophie;4;0;0;0;0;0;0
songer;0;1;0;0;0;1;2
snow;1;2;0;0;0;0;1
smash;0;0;0;0;0;2;1
sjslrybflzjevxneks;0;1;1;0;0;1;1
similitude;0;4;0;0;0;0;0
significatif;0;0;0;0;0;3;1
sidérer;0;0;1;0;1;1;1
sicilien;0;1;0;0;0;1;2
shopping;1;0;0;0;0;2;1
shnek;0;4;0;0;0;0;0
she;4;0;0;0;0;0;0
serge;0;0;0;0;0;3;1
sense;1;1;0;0;0;1;0
send;4;0;0;0;0;0;0
sempre;4;0;0;0;0;0;0
semi;0;0;0;0;1;0;2
secu;0;0;4;0;0;0;0
scénario;0;4;0;0;0;0;0
score;0;0;0;0;0;4;0
sauvabelin;1;2;0;0;0;1;0
saturer;0;0;0;0;0;3;1
sapeur;0;0;0;0;4;0;0
sandrine;0;4;0;0;0;0;0
sandra;3;0;0;0;0;1;0
saloperie;0;0;1;0;0;2;1
salomon;0;4;0;0;0;0;0
salir;0;0;1;0;2;1;0
saisie;0;0;0;0;0;1;2
sad;0;0;4;0;0;0;0
saccager;0;0;1;0;0;2;1
révélateur;0;2;0;0;0;0;2
réviser;1;0;0;0;0;1;2
réutiliser;0;0;3;0;0;1;0
rétro;2;0;0;0;0;2;0
rétablir;0;1;1;0;0;0;2
résilience;0;1;0;1;1;1;0
répartition;0;0;0;0;0;0;4
répartir;0;0;0;0;0;4;0
réglementation;0;0;1;0;1;1;0
régionalismes;3;1;0;0;0;0;0
référer;0;0;0;0;0;1;3
réfugié;0;0;0;0;0;2;2
réduction;0;0;1;0;0;1;2
réconfortant;1;0;0;0;0;1;2
récompenser;0;1;0;0;0;1;2
réal;0;0;0;0;0;1;3
réac;0;0;0;0;0;0;4
règlement;0;1;0;0;0;3;0
ruiner;0;0;1;0;0;2;1
ruine;0;0;2;0;0;1;1
ru;0;2;0;0;1;0;0
rougemont;0;0;0;0;0;4;0
romanens;2;1;0;0;0;1;0
rolls;0;0;0;0;0;1;3
rolex;1;0;0;0;0;3;0
role;0;0;0;0;0;0;3
rivalité;1;2;0;0;0;0;1
rhooo;1;2;0;0;0;0;1
revers;0;2;0;0;0;1;1
reuf;0;0;0;0;0;0;4
restauration;0;0;0;0;0;2;2
ressemblant;0;2;0;0;0;1;1
reset;1;0;0;0;0;2;0
reprise;1;0;0;0;0;1;2
reponse;4;0;0;0;0;0;0
replonger;4;0;0;0;0;0;0
renverser;0;0;1;0;0;3;0
rentable;0;0;2;0;0;1;1
renouvellement;0;0;0;0;0;2;2
renouveler;2;0;0;0;0;1;1
rendement;0;0;1;0;0;2;1
remuer;0;0;1;1;0;0;2
remake;2;1;0;0;0;0;1
relativiser;2;0;0;0;0;1;1
regroupement;0;0;0;0;0;4;0
region;0;1;1;0;1;0;1
reconnaissable;1;1;0;0;0;1;1
ravissant;4;0;0;0;0;0;0
rattraper;0;1;0;0;0;3;0
rationnel;0;0;0;0;0;0;4
raquette;0;4;0;0;0;0;0
rapp;1;1;0;0;0;2;0
raie;0;2;0;0;0;2;0
rager;0;0;0;3;0;1;0
rafraîchissant;3;1;0;0;0;0;0
rafraîchir;0;1;0;0;0;2;1
racaille;0;1;0;0;0;3;0
quête;0;0;0;0;0;1;3
quotidiennement;0;1;1;1;0;1;0
quiétude;2;0;0;0;0;0;2
quil;0;0;0;0;0;0;4
qie;0;0;0;0;0;0;4
pétition;0;0;0;0;0;4;0
pénal;0;0;0;1;0;1;2
pédophile;1;2;0;0;0;1;0
pédaler;0;1;0;0;0;3;0
pâtissier;0;0;0;0;1;1;1
pâle;0;0;0;2;0;1;1
psychopathe;0;0;2;0;1;0;1
psa;0;0;1;0;0;0;2
prêtre;0;0;1;0;1;0;2
prétendant;0;0;0;2;0;0;2
prématuré;0;0;0;1;0;2;1
précéder;0;0;0;0;0;1;3
précaution;0;0;1;0;0;0;2
près_des;0;2;0;0;0;1;1
provocation;0;0;1;0;0;1;2
provençal;1;0;0;0;0;0;3
protestant;0;1;0;0;0;3;0
proie;0;0;4;0;0;0;0
professionnalisme;2;0;0;0;0;1;1
procédé;0;4;0;0;0;0;0
probleme;0;0;2;0;0;0;2
priori;0;0;0;0;0;0;4
pride;1;0;0;0;0;2;1
prenom;1;1;0;0;0;0;2
prefere;0;3;0;0;0;1;0
poussette;0;0;0;0;0;3;0
pourcentage;0;1;1;0;0;1;1
pou;0;3;0;0;0;0;1
posts;0;0;0;0;0;4;0
portefeuille;0;1;0;0;0;3;0
porcelaine;2;1;0;0;0;0;1
popotin;0;3;0;0;0;0;1
ponctuation;0;0;0;0;0;0;4
pologne;0;4;0;0;0;0;0
polo;0;3;0;0;0;0;1
polente;2;1;1;0;0;0;0
poilu;1;0;1;0;0;0;2
poelvoorde;0;4;0;0;0;0;0
pochette;0;4;0;0;0;0;0
plr;0;1;0;0;0;3;0
plot;1;1;0;0;0;0;1
plombier;0;2;0;0;0;2;0
pleurnicher;0;0;0;0;1;0;3
plaisant;0;1;0;0;0;1;2
plaie;0;0;1;0;0;2;1
pizza;2;0;1;0;0;1;0
pittet;0;0;0;0;0;1;2
piston;2;1;0;0;0;1;0
piser;0;0;0;0;0;3;1
piquet;0;0;0;2;0;0;2
piller;0;0;1;0;0;1;2
pillage;0;0;0;0;0;3;1
pichon;4;0;0;0;0;0;0
piano;1;1;0;0;1;1;0
pharma;0;0;0;2;0;1;1
pffff;0;0;0;0;0;4;0
petit_fils;0;1;0;0;1;1;1
petit_déjeuner;0;0;0;0;0;4;0
perturbant;0;0;1;0;0;3;0
perdition;0;0;0;0;0;0;4
perclus;0;3;0;0;0;0;1
pente;0;0;0;0;0;1;3
pensance;0;0;1;0;1;1;1
pelouse;0;0;0;0;0;4;0
peindre;1;0;0;0;0;1;1
peace;0;0;0;0;0;3;1
pck;1;1;0;0;1;1;0
paulette;0;3;0;0;0;0;0
particularité;0;1;0;0;0;0;3
parité;0;0;0;0;0;1;3
paresse;0;0;0;0;0;1;3
paninis;0;0;0;0;0;4;0
paille;0;4;0;0;0;0;0
outil;0;0;0;0;0;0;4
ouiiiiii;2;2;0;0;0;0;0
ouaich;1;1;0;0;0;0;2
orgueil;0;1;0;0;0;0;3
organisateur;0;0;0;0;0;2;2
oppression;0;0;0;0;0;1;3
open;0;0;0;0;0;3;1
ons;0;0;0;0;0;2;2
one;3;0;0;0;0;1;0
once;2;0;0;0;0;0;2
oklm;0;0;0;0;3;1;0
officier;0;0;0;4;0;0;0
observation;0;2;1;0;0;0;1
négocier;0;0;0;0;1;2;1
nève;0;4;0;0;0;0;0
nword;0;0;0;0;4;0;0
nutriment;0;0;4;0;0;0;0
nuque;0;0;0;0;2;0;2
noyer;0;1;0;0;0;1;2
nourrisson;0;0;3;0;0;0;1
nourir;0;0;4;0;0;0;0
nouille;0;1;2;0;0;0;1
not;3;0;0;0;0;1;0
norvège;1;1;0;1;0;1;0
nonne;0;0;0;0;4;0;0
none;0;1;0;0;3;0;0
nina;4;0;0;0;0;0;0
nike;0;1;0;0;0;1;2
nicolet;4;0;0;0;0;0;0
never;3;0;0;0;0;0;1
neuchâteloise;0;3;0;0;0;0;1
neuchatelois;0;3;0;0;0;1;0
naze;0;1;0;0;0;2;1
nautique;0;0;0;0;0;4;0
nauséabond;0;2;0;0;0;1;1
naturaliser;0;2;2;0;0;0;0
nathalie;0;2;0;0;0;0;2
météorologique;0;0;1;0;0;2;1
métis;0;1;0;0;2;0;1
mémorisation;0;0;0;4;0;0;0
mélancolie;3;0;0;0;0;1;0
médium;0;0;0;0;0;0;4
méditerrané;0;3;0;0;0;1;0
médiatique;0;0;0;0;0;3;1
mèche;0;3;0;0;0;1;0
museau;1;0;0;0;0;0;3
municipal;0;0;2;0;0;1;1
much;4;0;0;0;0;0;0
moustachu;0;3;0;0;0;0;1
mousse;0;2;0;0;0;1;1
mouchoir;0;3;0;0;0;1;0
motivants;0;0;0;0;0;0;4
moscou;4;0;0;0;0;0;0
montréal;0;4;0;0;0;0;0
monstrueux;0;0;0;0;0;2;2
monopole;0;1;0;0;0;1;2
mondialiste;0;0;0;0;0;4;0
mollusque;0;1;0;0;0;0;3
mohamed;0;0;0;0;0;3;1
modéré;0;3;0;0;0;0;1
modération;0;0;1;0;0;2;1
mobilité;0;0;2;0;0;2;0
mo;0;2;0;0;0;1;0
mms;0;2;0;0;0;2;0
mmm;0;0;0;0;0;1;3
mix;0;0;0;0;0;4;0
mississippi;1;2;0;1;0;0;0
misandre;0;1;0;0;0;0;2
minéral;0;1;1;0;0;0;2
minoritaire;0;0;0;0;0;0;3
mimer;2;0;0;0;0;1;1
millénaire;1;1;0;0;0;0;2
micro_trottoir;0;3;0;0;0;0;1
micro_ondes;0;0;2;0;0;1;1
michael;1;1;0;0;0;0;2
meurtrier;0;2;1;0;0;0;1
meringue;0;2;0;0;1;1;0
menton;0;1;0;1;0;2;0
mensonger;0;0;1;0;0;2;1
memes;0;2;0;0;0;0;2
meadows;0;0;0;0;0;1;3
md;1;0;0;0;0;1;2
matrice;0;1;1;0;1;0;1
matos;0;1;0;0;0;3;0
matelas;0;4;0;0;0;0;0
mas;0;2;0;0;1;1;0
martial;1;0;0;0;0;3;0
marron;0;1;1;0;0;2;0
marmite;0;3;0;0;0;1;0
marin;0;0;0;0;0;1;2
marge;0;0;1;0;0;1;2
maraîcher;0;0;3;0;0;1;0
manu;0;4;0;0;0;0;0
manifestement;2;2;0;0;0;0;0
manifestation;0;1;0;0;0;3;0
mammouth;0;2;1;0;1;0;0
malice;4;0;0;0;0;0;0
malaisant;0;1;0;0;0;0;3
mage;0;3;0;0;1;0;0
made_in;0;1;1;0;0;0;1
légèreté;2;1;0;0;0;1;0
luxembourg;0;2;0;0;0;0;1
ls;2;1;1;0;0;0;0
low;0;0;0;0;0;3;1
lobby;0;2;0;0;0;1;1
lo;2;0;0;0;0;0;1
livraison;0;0;3;0;0;1;0
litroz;0;0;0;0;0;2;1
litron;0;0;0;0;0;3;1
lille;0;4;0;0;0;0;0
licorne;0;0;0;0;0;0;4
lesbien;0;0;0;0;0;0;4
leman;0;4;0;0;0;0;0
lea;0;3;0;1;0;0;0
laïcité;0;0;1;0;1;0;1
larve;0;0;3;0;0;0;0
lapsus;0;2;0;0;0;0;2
laguna;0;0;0;0;0;4;0
lacoste;0;2;0;0;2;0;0
king;3;0;0;0;0;0;1
killer;0;1;0;0;1;0;2
kes;0;0;0;0;0;0;4
karl;1;3;0;0;0;0;0
juventus;1;0;1;0;0;2;0
jusqu_aux;0;0;0;0;0;2;2
jules;0;1;1;1;0;0;1
jmen;0;0;0;0;4;0;0
jlai;0;2;0;0;0;1;0
jen;4;0;0;0;0;0;0
jeannette;3;1;0;0;0;0;0
ivresse;0;0;0;0;0;1;2
italia;2;2;0;0;0;0;0
islamiste;0;0;0;0;1;1;2
islamique;0;1;0;0;0;0;3
invisible;0;0;0;0;0;0;4
inversement;0;0;0;0;0;0;4
introuvable;0;0;0;1;0;1;2
interner;0;0;0;0;0;3;1
intermédiaire;0;4;0;0;0;0;0
interminable;0;0;0;1;0;2;1
interaction;1;0;0;0;0;0;3
intensité;3;0;0;0;0;0;1
insérer;0;1;0;0;0;1;2
institut;0;0;0;0;0;1;3
instaurer;0;0;2;0;0;1;1
injection;0;0;0;0;0;0;4
initialement;0;0;0;0;2;2;0
inférieur;0;0;0;2;1;0;1
infantile;0;0;1;0;0;1;1
inerte;0;0;0;0;0;1;3
ineptie;0;0;1;0;0;0;3
indémodable;0;3;0;0;0;0;1
induire;0;0;1;0;0;1;2
individualiste;0;0;0;0;0;0;4
indigner;0;0;0;0;0;0;4
incriminer;0;0;0;0;0;0;4
inconvénient;0;0;1;0;0;1;2
inciter;0;0;2;0;0;0;1
incidence;0;0;0;0;2;0;2
inarrêtable;0;0;0;0;0;0;3
imprégner;0;1;0;0;0;2;0
impacte;0;0;2;0;0;0;2
immigrant;0;4;0;0;0;0;0
immangeable;0;3;0;0;0;0;1
illustrer;0;1;0;0;0;1;2
illuminer;1;0;0;0;0;2;1
illettré;0;0;0;0;1;1;2
ii;0;3;0;0;0;0;1
iconique;4;0;0;0;0;0;0
hygiene;0;4;0;0;0;0;0
humanisme;3;0;0;0;0;0;1
huissier;0;1;0;0;0;2;1
horloger;0;0;0;0;0;3;1
hopital;0;1;0;0;0;2;1
hope;2;0;0;0;0;1;1
hooo;3;0;0;0;0;0;1
honorer;0;4;0;0;0;0;0
hitler;0;0;3;0;1;0;0
hihihi;3;1;0;0;0;0;0
hhhhh;0;0;4;0;0;0;0
heuuu;0;3;0;0;0;0;1
hero;1;0;0;0;0;3;0
henri;1;0;0;0;0;1;2
help;1;0;0;0;0;2;1
hautain;0;0;0;0;0;0;4
hausser;1;0;0;0;0;3;0
hate;0;4;0;0;0;0;0
hangar;0;0;1;0;0;2;1
haller;4;0;0;0;0;0;0
gérant;0;0;2;0;0;2;0
géographie;0;1;0;0;0;0;3
génétique;2;0;1;0;0;0;1
généraliste;0;1;0;0;0;0;3
guitariste;3;1;0;0;0;0;0
guider;0;0;0;0;0;2;2
guichet;0;3;0;0;0;1;0
guadeloupe;0;1;0;0;2;0;0
gsm;0;0;0;4;0;0;0
grève;0;1;1;0;0;1;1
grisélidis;0;0;0;0;0;2;2
grange;0;0;1;0;0;2;1
grandeur;1;0;1;0;0;1;1
grandement;0;0;0;0;1;1;2
gran;2;0;0;0;0;1;1
goutte;0;1;0;0;0;1;2
gourmand;0;1;1;0;0;0;2
gorgoni;3;0;0;0;0;0;1
gonzesse;0;1;1;0;0;0;2
gober;0;0;0;0;0;1;3
gobelet;1;1;1;0;0;1;0
gluten;0;0;4;0;0;0;0
globales;0;0;0;0;0;2;1
glacé;0;1;0;0;1;0;2
glacial;0;2;0;0;1;0;1
girl;0;4;0;0;0;0;0
gilbert;0;2;0;0;0;2;0
genrée;0;0;0;0;0;0;4
gendarmerie;0;2;0;0;0;1;1
gd;1;0;1;0;0;0;2
gaucher;0;0;0;0;0;0;4
gas;1;0;0;0;0;2;1
garantie;0;1;1;0;0;1;1
garage;0;0;0;0;0;3;1
gainsbourg;0;0;0;0;0;4;0
gaillard;0;2;0;0;0;1;1
gagnant;0;0;0;4;0;0;0
fâcheux;0;0;0;0;0;0;4
fusée;2;0;0;1;0;1;0
funèbre;0;0;0;0;0;4;0
fréquentation;0;0;0;0;0;0;4
frouze;1;0;0;0;0;0;3
frotter;0;2;0;0;0;2;0
froisser;0;0;1;0;2;0;1
friandise;0;1;1;0;2;0;0
fraternité;2;1;0;0;0;1;0
frange;0;0;1;0;0;2;1
foutaise;0;0;1;0;0;1;1
foster;2;0;0;0;0;0;1
format;1;1;1;0;0;1;0
foret;0;1;0;0;0;0;3
footix;1;0;0;0;0;1;2
fondamentalement;0;0;1;0;1;0;2
foncé;0;1;0;0;2;1;0
fonctionnel;0;0;0;0;0;0;4
fonctionnaire;0;3;1;0;0;0;0
foehn;0;4;0;0;0;0;0
focus;0;1;0;0;0;0;3
fn;0;0;0;0;0;3;1
flûte;2;1;0;0;0;0;1
fluide;0;0;0;0;0;1;3
flingue;0;4;0;0;0;0;0
fleuve;0;0;1;0;0;1;2
flashback;3;0;0;0;0;0;1
flag;0;0;0;0;0;1;3
fixation;0;0;0;0;0;4;0
fischer;4;0;0;0;0;0;0
first;4;0;0;0;0;0;0
filière;0;0;1;0;0;0;3
fifi;0;0;0;0;2;2;0
ficelle;0;0;0;3;0;1;0
ff;2;0;0;0;0;2;0
fc;0;1;0;0;0;3;0
fb;0;0;0;3;0;0;1
fantôme;0;0;0;0;0;1;2
fantasy;0;0;0;0;0;3;0
fantaisie;1;1;0;0;0;1;1
fact;1;1;0;0;0;1;1
facebook;0;0;0;0;0;4;0
exterminer;0;0;2;0;0;0;2
exorbitant;0;0;0;0;0;4;0
existentiel;0;0;0;0;0;0;4
exclusif;0;0;0;0;0;2;1
evelyne;2;0;0;1;0;0;1
euthanasie;0;1;1;0;0;2;0
etres;0;0;3;0;0;0;1
etats;0;0;0;0;0;4;0
estomac;0;0;4;0;0;0;0
espere;0;0;3;0;0;0;1
escalade;0;1;0;0;0;2;1
errer;0;1;0;0;0;1;2
environnemental;0;0;2;0;0;1;1
envieux;0;0;0;0;0;0;4
envier;0;2;0;0;1;0;1
envahisseur;1;1;0;0;0;0;2
env;1;1;0;0;1;0;1
entasser;0;0;0;0;0;4;0
enorme;1;3;0;0;0;0;0
enfuir;0;0;2;1;0;1;0
enft;0;0;0;0;0;0;4
endémique;0;0;4;0;0;0;0
endoctriner;0;0;0;0;0;0;4
encyclopédie;0;0;0;3;0;0;1
encaisser;0;0;0;0;0;3;1
emji_visage_qui_éternue;2;0;0;0;0;1;1
emji_visage_persévérant;0;0;3;1;0;0;0
emji_visage_en_colère_avec_des_cornes;0;0;3;0;0;1;0
emji_vent_avec_visage;4;0;0;0;0;0;0
emji_tournesol;4;0;0;0;0;0;0
emji_toilettes;0;4;0;0;0;0;0
emji_symbole_recyclage;2;0;0;0;0;0;1
emji_père_noël_peau_claire;1;2;0;0;0;1;0
emji_pouce_vers_le_haut_peau_mate;1;0;0;0;0;0;3
emji_pouce_vers_le_haut_peau_foncée;0;0;0;0;1;1;1
emji_ok_peau_mate;4;0;0;0;0;0;0
emji_mémo;2;0;0;0;0;1;0
emji_mandarine;1;0;0;0;0;3;0
emji_livres;3;0;0;0;0;0;1
emji_jeu_vidéo;0;0;0;4;0;0;0
emji_icône_poubelle;0;4;0;0;0;0;0
emji_goutte_de_sang;2;0;0;0;0;1;1
emji_fleur_de_lys;2;0;0;0;0;0;1
emji_feuille_morte;1;1;0;0;0;0;1
emji_femmes_avec_des_oreilles_de_lapin;3;0;0;0;0;1;0
emji_femme_qui_lève_la_main;2;0;0;0;0;1;1
emji_femme_avec_la_paume_sur_le_visage_peau_mate;1;1;0;0;0;1;0
emji_drapeau_espagne;2;1;0;0;0;0;0
emji_drapeau_de_golf;1;0;0;0;0;1;2
emji_combiné_téléphonique;1;1;0;0;0;0;1
emji_coccinelle;4;0;0;0;0;0;0
emji_casque;1;0;0;1;0;1;0
emji_bougie;4;0;0;0;0;0;0
emji_baguette_magique;4;0;0;0;0;0;0
emji_bague;3;1;0;0;0;0;0
emji_argent_dans_les_yeux_et_la_bouche;0;1;0;1;0;1;1
elastic;4;0;0;0;0;0;0
ehpad;0;0;0;0;0;4;0
effarant;0;0;0;0;0;1;3
ed;0;0;1;0;0;1;1
ecolo;0;4;0;0;0;0;0
dévotion;1;0;1;0;0;1;1
dévoiler;0;0;0;0;0;2;2
détraqué;0;1;0;0;0;0;3
détour;1;1;0;0;0;0;2
détenir;0;0;0;0;0;0;4
désuet;2;0;0;0;0;1;1
déshabiller;0;3;0;1;0;0;0
dérivé;0;1;0;0;0;1;2
dépendance;0;0;2;0;0;0;2
démo;0;4;0;0;0;0;0
démission;0;0;0;0;0;3;1
démarrer;0;0;0;2;0;1;0
délit;0;0;0;0;0;0;3
délinquance;0;0;0;0;2;0;2
délicatesse;1;0;0;1;0;0;2
déforestation;0;0;1;0;0;1;2
définitif;0;0;1;0;0;1;1
décrocher;0;0;0;0;0;1;3
décret;0;0;0;0;4;0;0
découler;0;0;0;0;0;1;3
déconstruire;1;0;0;0;0;1;2
déconcertant;1;1;0;2;0;0;0
déception;0;1;0;0;1;0;2
débutant;0;0;0;0;0;1;2
débilité;0;0;0;0;0;0;4
dvd;1;1;0;0;0;2;0
durable;0;0;0;0;0;1;2
drogué;0;0;0;0;0;3;1
douloureux;3;0;0;0;0;1;0
douane;0;2;0;0;0;2;0
dorénavant;0;1;0;0;0;1;2
doo;0;4;0;0;0;0;0
donald;0;1;0;0;1;1;1
divertir;1;0;0;0;0;1;1
distribution;0;0;0;0;0;2;2
dissocier;0;0;0;0;1;1;2
disque;0;0;0;0;0;3;1
disputer;0;0;0;0;0;0;4
digestif;0;0;1;0;1;1;0
différencier;0;1;0;0;0;0;3
different;2;1;0;0;0;0;1
difference;0;0;1;0;0;0;3
did;4;0;0;0;0;0;0
diaboliser;0;0;0;0;0;0;4
derriere;1;1;0;0;0;1;1
dernièrement;0;0;0;0;0;2;2
dernieres;0;1;0;0;0;0;3
delphine;0;0;0;1;0;1;2
deferle;0;3;0;1;0;0;0
debat;0;0;1;0;2;1;0
davos;0;2;0;0;0;2;0
dam;0;1;0;0;0;2;1
cétait;0;1;0;0;0;0;3
célibat;0;1;0;0;0;1;2
câble;0;0;1;0;0;1;2
cumulus;0;0;3;0;0;1;0
culot;0;2;0;0;0;1;1
culinaire;2;0;1;0;1;0;0
cuir;0;0;0;0;0;3;1
cucu;0;3;0;0;0;0;0
cs;0;1;1;0;0;1;0
croître;0;0;0;0;0;2;1
croustillant;0;0;4;0;0;0;0
cringe;0;0;0;0;0;2;2
craquant;2;0;0;0;0;0;2
crampe;0;0;1;0;0;2;1
coûteux;0;0;0;0;1;2;1
courbe;1;1;0;0;0;1;0
coude;0;4;0;0;0;0;0
cotiser;0;1;0;0;0;3;0
cote;0;2;0;0;0;1;1
cortège;1;1;0;0;0;1;1
corruption;0;0;0;0;0;2;2
corrompu;0;0;1;0;0;1;2
corbeau;1;0;0;0;0;0;2
coque;0;0;1;0;0;1;1
coq;0;0;1;0;0;0;2
cops;2;0;0;1;0;1;0
contrôleur;0;0;0;0;0;4;0
contrée;0;1;1;0;0;0;2
contredire;0;0;0;0;0;0;4
contraste;0;0;0;0;0;1;3
contraint;0;0;0;0;0;3;1
contest;3;0;0;0;0;1;0
contenant;0;0;2;0;0;1;1
contaminant;0;0;4;0;0;0;0
constant;0;0;0;0;0;0;4
consanguinité;0;2;1;0;0;1;0
consacrer;0;1;0;0;0;1;2
connaisseur;2;1;0;0;0;1;0
conjuguer;0;1;0;0;0;0;3
congelé;0;0;4;0;0;0;0
confronter;0;0;0;0;0;2;2
confortable;0;2;0;0;0;1;1
conforme;0;0;2;0;0;1;1
confisquer;0;0;0;0;0;4;0
confiner;0;0;1;0;0;0;3
concombre;0;3;0;0;0;0;1
complémentaire;0;0;0;0;0;0;4
complotiste;0;1;0;0;1;1;1
complot;0;0;0;0;0;3;1
compliquer;0;1;0;1;0;0;2
complexité;0;0;0;1;0;0;3
colonisation;0;0;0;0;2;0;2
colombier;0;3;0;0;0;0;1
colombie;0;2;0;1;0;1;0
colombe;4;0;0;0;0;0;0
collégien;0;1;0;0;0;1;2
collector;4;0;0;0;0;0;0
cohésion;0;0;0;0;0;1;3
cochonnerie;0;4;0;0;0;0;0
coccinelle;0;0;0;0;0;4;0
clémentine;0;0;0;0;0;4;0
clore;0;1;0;0;0;1;2
claudio;0;1;0;0;0;0;3
city;0;0;0;3;0;1;0
circulaire;0;0;0;0;0;4;0
cicatrice;0;0;0;2;0;0;2
chômeur;0;2;0;0;0;1;1
chêne;0;2;0;0;0;2;0
chuis;3;0;1;0;0;0;0
christie;0;0;0;0;4;0;0
christiane;0;0;0;0;0;4;0
chopper;0;0;2;0;1;1;0
chirurgien;0;1;1;0;0;0;2
chiner;2;0;1;0;0;0;1
chimie;0;0;1;1;0;0;2
chewing_gum;0;0;0;3;0;0;1
chevelure;1;1;0;0;0;0;2
chemtrails;0;0;0;0;0;4;0
cheminée;0;2;2;0;0;0;0
chausson;0;4;0;0;0;0;0
chauffage;1;1;0;0;0;2;0
charlotte;1;1;1;0;0;1;0
chariot;0;1;0;0;0;2;1
charbon;0;1;0;0;0;2;1
chapitre;1;0;0;1;1;0;1
chantier;0;0;1;0;0;2;1
cha;0;1;1;0;0;1;0
cetais;1;1;0;0;0;0;1
central;0;2;0;0;0;1;1
celà;1;1;1;0;1;0;0
cellule;0;0;1;0;1;2;0
caverne;0;3;0;0;0;0;1
catho;0;0;0;0;0;2;2
castel;0;0;0;0;0;4;0
casi;0;1;0;0;1;1;1
case;0;0;0;0;0;3;1
cartonner;0;3;0;0;0;0;1
carrefour;0;4;0;0;0;0;0
carreau;0;4;0;0;0;0;0
caricature;0;4;0;0;0;0;0
caravane;0;2;1;0;0;0;1
capturer;0;1;0;0;0;1;2
capitale;1;0;0;0;0;2;1
caoutchouc;1;0;0;0;0;2;1
canular;1;1;0;0;0;2;0
campagnard;1;0;1;0;0;0;2
camaraderie;0;0;0;0;0;0;4
cake;0;4;0;0;0;0;0
cachette;0;0;0;0;0;4;0
cabine;2;0;0;0;0;1;0
cabanon;0;0;0;2;0;2;0
bétail;1;0;1;0;0;0;2
bâtir;0;1;0;0;0;1;2
buter;0;0;1;0;0;0;3
brut;0;0;1;0;0;2;1
brushing;0;4;0;0;0;0;0
brocante;0;2;0;0;0;2;0
britannique;0;0;0;1;0;2;0
brioche;0;1;0;0;0;2;0
bring;4;0;0;0;0;0;0
bricoler;0;0;0;0;1;1;2
brice;0;4;0;0;0;0;0
bresil;1;1;1;1;0;0;0
boxe;0;0;0;0;0;2;2
bourse;0;0;1;0;0;2;1
bourg;0;0;0;0;0;4;0
bouddhiste;0;0;0;0;0;0;4
border;0;1;0;0;0;3;0
bordeaux;0;2;0;0;0;1;1
bonus;0;0;0;0;1;1;2
boguets;0;3;0;0;0;1;0
bocal;0;0;3;0;0;1;0
bloc;0;0;1;0;0;1;2
blindé;0;0;0;0;1;1;2
blessé;0;0;0;0;0;3;1
blasé;0;2;0;0;0;0;2
blanco;3;0;0;0;1;0;0
blablabla;0;1;0;0;0;0;3
blabla;0;0;1;0;0;1;2
bistro;0;2;0;0;0;1;1
bisounours;1;0;0;0;1;0;2
bip;0;0;0;0;0;3;0
bile;1;0;1;0;0;0;2
bilan;0;0;2;0;0;2;0
bienvenu;0;0;1;0;0;1;2
bien_pensant;0;0;0;0;0;0;4
bettina;4;0;0;0;0;0;0
bestiole;0;0;4;0;0;0;0
bescherelle;0;0;4;0;0;0;0
bertrand;0;0;1;0;0;2;1
bellerive;0;4;0;0;0;0;0
belle_lurette;0;0;0;0;0;1;2
baumgartner;1;0;0;0;0;1;1
basculer;0;0;0;0;0;1;3
barcelone;0;0;0;0;1;2;1
barbie;0;4;0;0;0;0;0
barbecue;0;4;0;0;0;0;0
barbare;0;0;0;0;0;3;1
banlieue;0;0;0;0;0;0;4
bandit;0;3;0;0;0;1;0
balkans;0;0;0;0;0;1;3
balade;0;1;0;0;0;2;1
bal;0;0;0;0;0;4;0
baignade;1;1;0;0;0;0;1
baguette;0;0;3;0;0;0;1
bafo;1;2;0;0;0;0;0
bachelier;0;0;0;4;0;0;0
avortement;0;0;0;0;0;0;4
aveuglement;0;0;0;0;0;0;3
aventurier;1;1;0;0;0;0;2
avancée;0;0;0;0;0;1;3
autonome;0;0;0;0;0;0;4
autocollant;0;3;0;1;0;0;0
audiovisuel;0;0;0;0;0;4;0
atypique;0;1;0;0;0;0;3
atterrir;0;0;0;1;0;1;2
atmosphérique;0;0;0;0;0;3;1
atlantique;0;0;0;1;0;2;1
assurément;0;0;0;0;0;0;4
assorti;0;4;0;0;0;0;0
asso;0;1;2;0;1;0;0
assisté;0;0;0;0;1;0;3
artisanal;0;0;1;0;0;3;0
arreter;0;0;0;0;0;0;4
architecture;0;0;0;0;0;2;2
architecte;0;0;1;0;0;0;2
arbitraire;0;0;0;0;0;0;3
apport;0;0;2;0;0;2;0
applaudir;0;0;1;0;0;1;2
apparent;0;0;0;0;0;0;4
antivax;1;1;0;0;0;1;1
antiquité;0;0;0;0;0;0;4
anodin;0;0;0;0;1;0;3
annuaire;0;1;0;0;0;1;2
anniv;0;2;0;0;0;0;2
angle;1;0;0;0;0;1;2
amusement;0;0;0;2;0;0;2
ampleur;0;0;0;0;0;2;2
amnésie;0;0;1;0;1;1;1
amer;0;0;1;0;0;1;2
ambitieux;1;0;0;0;0;2;1
alzheimer;0;0;0;4;0;0;0
alternative;0;2;0;0;0;0;2
also;4;0;0;0;0;0;0
all;4;0;0;0;0;0;0
aligner;1;0;0;0;0;0;3
alerter;0;0;0;0;0;2;2
alarmant;0;0;0;0;0;0;4
aix;0;1;0;0;0;2;1
aiwa;0;4;0;0;0;0;0
aisselle;0;0;0;3;0;1;0
aisance;0;0;0;0;0;0;4
aimable;1;0;0;0;0;0;3
aigu;0;3;0;0;0;1;0
ahahahah;1;2;0;0;0;1;0
agence;0;0;0;0;0;3;0
agatha;0;0;0;0;4;0;0
afficher;0;0;1;0;0;0;3
adversaire;0;0;1;1;0;0;2
adooooore;3;0;0;0;0;1;0
adolf;2;0;0;0;1;0;1
adn;0;1;0;0;1;1;1
adepte;0;2;0;1;0;1;0
addiction;0;0;0;1;0;2;1
acker;0;4;0;0;0;0;0
acide;0;4;0;0;0;0;0
achete;0;0;4;0;0;0;0
accumuler;0;0;1;0;0;2;1
acab;1;0;0;0;0;2;0
abîmer;0;0;0;0;0;3;1
aboyer;0;0;1;0;0;0;3
abondant;0;3;0;0;0;1;0
abolir;0;0;2;0;0;2;0
abbé;0;0;0;4;0;0;0
aah;0;1;0;0;0;0;3
70ans;0;1;0;1;0;0;2
5h;0;0;0;0;0;3;1
4k;0;0;0;0;0;4;0
4h;0;0;0;1;0;2;1
40ans;0;0;1;0;0;1;2
3h;0;0;0;0;0;4;0
2x;0;0;0;0;0;3;1
2nd;0;2;0;0;0;1;1
19e;0;0;0;0;0;0;4
ôter;0;0;1;1;0;1;0
éveil;0;0;0;0;0;0;3
évaluer;1;0;0;0;0;0;2
évacuer;0;0;0;1;0;2;0
évacuation;0;1;0;0;0;1;1
étriqué;0;0;0;0;0;1;2
étalon;0;0;0;0;1;0;2
étalage;0;1;0;0;0;2;0
étai;1;2;0;0;0;0;0
ériger;0;0;0;0;0;1;2
éprouver;0;0;0;0;0;1;2
épouvantable;0;0;2;0;0;0;1
época;3;0;0;0;0;0;0
épidémie;0;0;1;0;0;0;2
épice;0;0;1;0;0;1;1
épanouissement;0;0;0;0;0;1;2
énième;0;0;0;0;1;0;2
énergumène;0;0;1;0;0;0;2
émulation;0;0;0;0;0;0;3
émojis;0;1;0;0;0;0;2
électoral;0;0;0;0;0;1;2
élaborer;0;0;1;0;0;1;1
égocentrique;0;1;0;0;0;0;2
égaler;0;2;0;0;0;0;1
éduquent;0;0;0;0;0;0;3
écusson;0;2;0;1;0;0;0
éclairer;0;0;0;0;0;0;3
écho;0;1;1;0;0;1;0
éboueur;0;1;0;0;0;2;0
âpre;0;2;0;0;0;1;0
zen;0;0;0;0;0;1;2
zam;3;0;0;0;0;0;0
yves;0;1;0;0;0;0;2
yt;0;1;0;0;0;2;0
y2k;1;0;0;0;0;0;2
xénophobe;0;1;0;0;0;0;2
xix;0;0;0;0;0;1;2
wish;1;2;0;0;0;0;0
winter;1;2;0;0;0;0;0
willy;0;3;0;0;0;0;0
why;2;0;0;0;0;1;0
whaou;1;0;0;1;0;0;1
wef;0;0;0;0;0;1;2
way;1;0;0;0;0;1;1
waou;0;0;0;1;0;0;2
wankdorf;0;0;0;0;0;3;0
wah;0;1;0;0;0;0;2
vénérer;0;0;0;1;0;0;2
voyageur;0;2;1;0;0;0;0
voisinage;0;1;2;0;0;0;0
vocal;0;1;0;0;0;1;1
vitrine;0;1;0;0;0;2;0
visionner;0;0;0;0;0;1;2
virulent;0;0;0;0;0;1;2
viral;0;0;1;0;0;0;2
violeur;0;0;1;0;0;2;0
vinyle;0;0;0;0;0;1;2
vinci;0;2;0;0;0;0;1
vinaigre;0;2;1;0;0;0;0
villeneuve;0;1;0;0;0;2;0
viking;0;0;0;0;0;0;3
vigneron;0;1;0;0;0;1;1
vien;0;0;1;1;0;0;1
vieillissement;1;0;0;0;0;2;0
vieillard;1;0;0;0;0;1;1
victimiser;0;0;0;0;0;1;2
vichy;0;0;0;0;1;0;2
vice_versa;0;0;3;0;0;0;0
viagra;0;1;0;0;0;1;1
vertueux;0;0;1;0;1;1;0
vertu;0;0;0;0;0;0;3
verticale;1;0;0;0;0;2;0
vertical;0;1;0;0;0;0;2
verset;0;0;0;0;0;0;3
veritable;0;1;0;0;0;1;1
verge;0;1;0;0;0;2;0
venoge;0;0;0;0;0;1;2
vendange;2;1;0;0;0;0;0
velours;0;2;0;0;0;1;0
veine;0;1;1;0;1;0;0
vecteur;0;0;2;0;0;0;1
var;1;1;0;0;0;0;1
vanille;0;1;1;0;0;1;0
vaincre;0;0;0;0;0;1;2
vaginal;0;1;0;0;0;2;0
vagabonder;0;0;1;0;0;1;1
utilisateur;0;1;0;0;0;1;1
usé;1;0;0;0;0;1;1
urssaf;0;0;0;0;0;0;3
uriner;0;2;1;0;0;0;0
unesco;0;0;0;0;0;0;3
uk;0;1;1;0;0;1;0
uc;0;0;0;0;0;1;2
ténacité;0;0;0;0;0;0;3
télévisé;0;0;0;0;0;1;2
télétravail;0;0;0;0;0;2;1
twitch;0;1;0;0;0;2;0
twerk;0;0;0;0;0;0;3
tuteur;0;1;0;1;0;0;1
turfu;1;1;0;0;0;0;1
tune;0;1;0;0;1;1;0
truie;0;0;3;0;0;0;0
troupeau;0;0;2;0;0;0;1
troupe;1;1;0;0;0;1;0
trotter;0;3;0;0;0;0;0
tropez;0;1;0;0;0;2;0
tro;2;0;0;0;0;0;1
triomphe;0;0;0;0;0;1;2
tremblement;0;0;1;0;0;1;1
tranquil;0;0;0;0;0;0;3
tralala;0;1;1;0;0;1;0
training;1;1;0;0;0;1;0
tracteur;0;0;0;0;0;1;2
toys;0;1;1;0;0;0;1
toupie;0;0;0;3;0;0;0
tornade;0;2;0;0;0;1;0
topissime;3;0;0;0;0;0;0
tondeur;0;1;0;0;0;2;0
tokyo;0;1;0;0;0;2;0
toilettage;0;0;0;1;0;1;1
toile;0;1;1;0;0;0;1
titan;1;0;1;0;0;0;1
tips;0;1;0;0;0;1;1
tinguely;2;0;0;0;0;0;1
tinder;0;2;0;0;0;0;1
timidité;2;0;0;0;0;0;1
théologie;0;0;0;0;0;0;3
they;2;0;0;0;1;0;0
there;2;0;0;0;0;0;1
thaïlande;0;1;0;0;0;2;0
thank;3;0;0;0;0;0;0
textile;0;0;0;0;0;2;1
teubé;0;0;0;0;0;1;2
tessinois;0;2;0;0;0;1;0
tesla;0;0;0;0;0;1;2
terroriser;0;0;0;0;1;1;1
tentant;0;1;1;0;0;0;1
temple;1;0;1;0;0;1;0
tee;0;3;0;0;0;0;0
tchaux;1;0;0;0;0;2;0
tasse;0;1;2;0;0;0;0
também;3;0;0;0;0;0;0
tact;0;0;0;0;0;2;1
tablier;0;0;2;0;0;0;1
sévèrement;0;0;0;0;0;1;2
séparé;0;1;0;0;0;1;1
sénégal;0;1;0;1;0;0;1
sémantique;0;0;0;1;0;0;2
sélection;0;0;0;0;0;1;2
séducteur;1;1;0;0;0;0;1
system;0;2;0;0;0;1;0
sylviculture;0;0;2;0;0;0;1
swisscom;0;1;0;0;0;2;0
suspension;0;0;0;0;0;2;1
survêtement;0;1;0;0;0;0;2
survoler;0;0;0;0;0;0;3
surréaliste;0;0;1;0;0;0;2
surcharger;0;0;1;0;0;1;1
suprême;0;1;0;0;0;1;1
superstition;1;0;1;0;1;0;0
summer;2;1;0;0;0;0;0
sui;1;0;0;0;0;0;2
suffisance;0;2;0;0;0;0;1
sucrerie;0;1;1;0;0;1;0
subvention;0;0;1;0;0;1;1
substitution;0;0;0;0;0;2;1
substance;0;0;0;0;0;2;1
stock;0;0;1;0;1;1;0
step;0;2;1;0;0;0;0
stempel;0;2;0;0;0;1;0
steck;0;1;0;0;0;1;1
stabilité;0;0;0;0;0;0;3
srf;0;1;0;0;0;1;1
spécifiquement;0;0;1;0;0;0;2
spécialiser;0;0;0;0;0;0;3
spontanément;0;1;0;0;0;0;2
spice;0;3;0;0;0;0;0
speaker;1;0;0;0;0;1;1
souverain;0;1;0;0;0;0;2
soutif;0;1;0;0;1;0;1
south;2;0;0;0;0;0;1
sous_estimer;0;0;1;1;0;1;0
souchette;0;3;0;0;0;0;0
souche;0;0;0;0;0;0;3
sou;1;0;0;0;0;2;0
sophistiqué;0;1;0;0;0;0;2
sopalin;0;1;0;0;0;1;1
sooo;3;0;0;0;0;0;0
sono;2;1;0;0;0;0;0
sonnette;0;1;0;0;0;1;1
solitaire;0;1;2;0;0;0;0
solex;0;1;0;0;0;2;0
solde;0;1;1;0;0;1;0
soixantaine;0;0;0;0;0;1;2
soie;0;0;0;0;0;0;3
sociétal;0;0;0;0;0;2;1
socialement;0;0;0;0;1;0;2
sobre;0;1;1;0;0;0;1
snake;1;0;0;1;0;1;0
smith;0;2;0;0;0;0;1
smaky;0;1;0;1;0;0;1
skateurs;0;1;0;0;0;2;0
sixième;0;0;0;2;0;0;1
sirop;0;1;0;0;0;2;0
sir;0;1;0;0;0;0;2
sin;2;0;1;0;0;0;0
simulateur;0;0;0;1;0;2;0
signalisation;0;0;0;0;0;3;0
side;1;0;0;0;0;2;0
sicile;0;0;0;2;0;0;1
sibérie;0;1;0;0;0;1;1
shuffle;0;0;0;0;0;1;2
show;0;0;0;0;0;2;1
setup;2;0;0;0;0;1;0
serveur;0;0;0;0;0;2;1
seau;0;1;0;0;0;1;1
scruter;0;0;0;0;0;1;2
scrolling;0;0;0;0;0;1;2
scroller;0;0;0;1;0;2;0
scotcher;0;0;0;0;0;1;2
scotch;0;0;1;0;0;1;1
scooby;0;3;0;0;0;0;0
scier;0;1;0;0;0;0;2
science_fiction;0;1;0;0;0;1;1
schtroumpf;0;2;0;0;0;1;0
schnaps;0;2;0;0;0;1;0
schlinguer;0;2;0;0;0;1;0
schleck;0;2;0;0;1;0;0
scarface;0;2;0;0;0;1;0
saveur;0;1;0;0;0;1;1
sauvetage;0;0;3;0;0;0;0
saumure;0;2;0;0;0;1;0
satanique;0;0;1;0;0;0;2
sarcastique;0;0;0;0;1;0;2
santissa;0;0;0;0;0;3;0
sandal;1;2;0;0;0;0;0
salé;0;2;1;0;0;0;0
salève;0;2;0;0;0;0;1
salamé;0;2;0;0;0;0;1
sadisme;1;0;0;0;0;0;2
sacrément;0;2;0;0;1;0;0
sabre;0;0;0;0;0;0;3
réécrire;0;0;0;0;0;1;2
réécouter;0;0;0;0;1;1;1
révolutionner;1;0;0;0;0;0;2
rétrograde;0;1;0;0;0;1;1
résurrection;0;0;0;0;0;0;3
résonner;0;0;0;0;0;2;1
répugnant;0;1;0;0;0;2;0
réplique;3;0;0;0;0;0;0
rénover;0;0;1;0;0;1;1
régulateur;0;0;2;0;0;1;0
réglementaire;0;0;0;2;1;0;0
régir;0;1;1;0;0;0;1
réfuter;0;0;0;0;0;0;3
réfugier;0;1;0;0;0;1;1
récurer;0;1;0;0;0;0;2
récréer;2;0;0;1;0;0;0
récitation;0;0;0;1;0;0;2
réciprocité;0;0;0;0;0;0;3
râper;0;3;0;0;0;0;0
russi;3;0;0;0;0;0;0
rural;0;0;1;0;0;1;1
ruelle;0;0;0;1;0;2;0
ruben;1;0;0;0;0;1;1
royce;0;0;0;0;0;1;2
roulette;0;0;0;1;0;2;0
rossignol;1;0;0;0;0;0;2
roooo;0;0;0;0;0;1;2
roille;0;3;0;0;0;0;0
roh;0;1;0;0;0;0;2
rituel;0;0;1;0;1;1;0
rite;0;0;1;0;1;0;1
risée;0;1;0;0;0;1;1
risible;0;0;0;0;0;1;2
rio;0;1;0;0;0;1;1
rinçage;0;1;1;0;0;1;0
ringard;0;2;0;0;0;0;1
rigoureux;0;1;0;1;0;0;1
ricard;0;1;1;0;0;1;0
rhône;0;1;0;0;0;2;0
rhô;1;1;0;0;0;1;0
rhume;0;1;2;0;0;0;0
rhumatisses;0;3;0;0;0;0;0
rhumatisme;0;0;2;0;0;0;1
rhino;1;0;0;0;0;1;1
reve;1;2;0;0;0;0;0
retransmettre;1;0;0;0;0;1;1
retrait;1;0;1;0;0;1;0
retailleau;0;1;0;0;0;0;2
restreindre;0;1;1;0;0;0;1
restaurer;0;1;0;0;0;2;0
restau;0;0;0;0;2;1;0
ressourcer;0;0;0;0;0;0;3
respectueusement;2;0;0;0;0;1;0
resident;1;0;0;0;0;2;0
repu;0;1;1;0;0;0;1
reproche;0;1;0;0;0;1;1
repousser;0;2;0;0;0;0;1
repondre;0;0;1;0;0;0;2
repenser;1;0;0;0;0;1;1
repassage;0;1;0;0;0;1;1
renois;0;2;0;0;0;1;0
renforcer;0;0;1;0;0;1;1
relais;0;0;1;0;0;2;0
refus;0;0;0;0;0;1;2
refroidir;0;0;0;0;0;1;2
reflex;0;0;2;0;0;0;1
refermer;0;0;0;0;0;2;1
redouter;1;1;0;0;0;1;0
redoubler;0;0;0;1;0;0;2
redford;0;3;0;0;0;0;0
recrés;1;0;0;0;0;1;1
recréation;1;1;0;1;0;0;0
rebaptiser;0;0;1;0;1;1;0
reaction;0;0;0;0;0;0;3
rde;0;0;0;0;0;1;2
raz;0;0;1;0;0;2;0
rayonner;0;0;0;0;0;2;1
ravaler;0;0;2;0;0;1;0
rassemblement;0;2;0;1;0;0;0
rasoir;0;0;0;0;0;2;1
rareté;1;1;0;0;0;0;1
rapé;1;2;0;0;0;0;0
rapprochement;0;0;0;0;0;3;0
rappele;0;0;0;0;1;0;2
raoul;1;0;0;0;0;0;2
rangée;0;0;0;0;0;3;0
ralenti;0;0;0;0;0;3;0
rafale;0;2;0;0;0;0;1
radin;0;0;1;0;0;1;1
raccrocher;0;0;0;0;0;1;2
rabattre;2;0;0;0;0;0;1
rabais;0;0;1;0;0;1;1
quota;0;1;1;0;0;1;0
quizz;3;0;0;0;0;0;0
quiz;1;0;0;1;0;1;0
quils;0;0;0;0;0;0;3
quelqun;0;0;0;0;0;0;3
quebecois;0;2;0;0;0;0;1
qualitatif;0;0;0;0;0;0;3
qua;1;0;0;0;0;1;1
pû;0;1;1;0;0;1;0
pétasse;0;0;0;0;0;0;3
pérou;1;0;0;0;0;2;0
péril;0;0;0;0;0;1;2
pédagogue;1;0;0;0;0;0;2
pâturage;0;0;0;0;0;1;2
pzs;0;2;0;0;0;0;1
punissable;0;0;0;0;0;0;3
puiser;0;1;0;0;0;1;1
puceau;1;1;0;0;0;1;0
ptdrrrrr;0;1;0;0;0;1;1
psychiatrique;0;0;0;0;0;1;2
psq;0;2;0;0;0;1;0
psk;0;1;1;0;0;1;0
prétendument;0;0;0;0;0;1;2
présumer;0;1;1;1;0;0;0
préservatif;0;0;0;0;0;0;3
prédécesseur;0;0;0;0;0;1;2
prédiction;0;1;0;0;0;2;0
précieusement;1;0;0;0;0;2;0
prussien;0;1;0;0;0;0;2
prudent;1;0;0;0;0;1;1
prude;0;0;0;0;0;0;3
protecteur;0;0;0;1;0;0;2
prosélytisme;0;0;0;0;0;2;1
proprio;0;1;0;0;0;2;0
propager;0;0;0;0;1;0;2
prononciation;0;2;0;0;0;1;0
promesse;0;1;0;0;0;1;1
promeneur;0;2;0;0;0;1;0
profiler;0;0;0;1;0;0;2
privilégier;0;0;1;0;0;0;2
prisonnier;1;0;1;1;0;0;0
primitif;0;1;0;0;0;0;2
pratt;0;0;0;0;0;3;0
pratiquant;1;0;1;0;0;1;0
pragmatisme;1;0;0;0;0;0;2
poème;0;1;0;0;0;0;2
poutre;0;1;0;0;0;1;1
pourvoir;1;0;0;0;0;1;1
poursuivre;0;0;0;1;0;1;1
poursuite;0;0;0;0;0;2;1
poumon;0;0;0;0;0;2;1
pouffer;0;1;0;0;0;0;2
poterie;0;0;0;0;0;2;1
posture;0;0;0;0;0;1;2
postier;0;0;2;0;0;0;1
positionner;0;0;1;0;1;0;1
porcherie;0;1;0;0;0;0;2
populariser;0;0;0;0;0;2;1
pop;1;1;1;0;0;0;0
politicard;0;0;0;0;0;0;3
poliment;0;0;0;0;0;1;2
pole;0;0;0;0;0;3;0
poivre;0;1;0;0;0;1;1
poignet;0;0;0;0;1;0;2
poignarder;0;0;1;0;1;0;1
poid;0;0;0;0;0;2;1
pn;0;0;0;0;0;1;2
pmu;0;0;0;0;0;1;2
pléthore;0;0;0;0;0;1;2
pluriel;0;0;0;0;0;0;3
plongeon;0;2;0;0;0;0;1
pli;0;0;0;0;0;0;3
pleureur;0;1;0;0;0;0;2
pleinement;0;0;0;0;0;0;3
play_boy;0;2;0;0;0;1;0
platistes;0;0;1;0;0;0;2
plateformes;1;0;1;0;0;1;0
planétaire;0;1;0;0;0;1;1
planifier;0;0;0;0;0;2;1
planification;0;0;1;0;0;0;2
plaisanterie;0;0;0;1;0;1;1
plainpalais;0;2;0;0;0;0;1
plaine;0;0;1;1;0;0;1
piètre;0;0;0;0;0;2;1
piur;0;1;0;0;0;0;2
pipette;0;3;0;0;0;0;0
pinard;1;1;1;0;0;0;0
pin;0;2;0;0;0;0;1
pierrot;1;1;0;0;0;0;1
pie;0;1;2;0;0;0;0
pichet;1;0;0;1;0;0;1
philo;0;0;1;0;0;0;2
petiot;0;0;0;0;0;0;3
persévérance;0;0;0;0;0;2;1
perroquet;0;0;0;0;0;0;3
perplexe;0;0;0;1;0;0;2
pero;3;0;0;0;0;0;0
pernoud;1;0;0;0;0;0;2
permissif;0;0;0;0;0;1;2
perfect;2;0;0;0;0;1;0
perche;0;2;0;0;0;0;1
pendre;0;0;0;0;0;0;3
pelle;0;2;0;0;0;1;0
peintre;0;0;0;0;0;1;2
pavé;0;0;0;0;1;0;2
pav;1;0;0;0;0;2;0
patinoire;1;2;0;0;0;0;0
pathogènes;0;0;3;0;0;0;0
paternel;0;1;0;0;0;0;2
passeport;0;0;0;0;0;2;1
party;0;0;1;0;0;1;1
partisan;0;0;0;0;0;1;2
partiellement;0;0;0;0;0;0;3
participation;0;0;0;0;0;1;2
paroxysme;1;1;0;0;0;1;0
parcque;0;1;0;0;0;1;1
parcequ;0;0;0;0;0;0;3
paranoïa;0;0;0;0;0;1;2
parano;0;0;0;0;0;1;2
parage;0;0;1;0;0;0;2
paradoxe;0;1;0;0;0;0;2
parade;2;0;0;0;0;1;0
papé;1;0;0;0;0;1;1
pap;0;2;0;0;0;0;1
pantoufle;0;2;0;0;0;1;0
panache;0;0;0;0;0;1;2
palmier;0;1;0;0;0;1;1
palette;0;0;1;0;0;1;1
paisiblement;1;0;0;0;0;2;0
pacifique;0;0;1;0;0;0;2
ouïe;2;0;0;0;0;0;1
ouvrier;1;0;0;0;0;2;0
outré;0;2;1;0;0;0;0
outfit;1;0;0;0;0;1;1
osselet;1;0;0;1;0;0;1
orthographique;1;0;0;0;0;2;0
orteil;0;0;1;0;0;1;1
originaire;0;1;0;1;0;0;1
oreiller;0;1;0;0;0;2;0
ordi;0;1;0;0;1;0;1
opérateur;0;1;0;0;0;2;0
opulence;0;0;0;0;0;0;3
optique;0;1;0;1;0;1;0
opter;0;1;0;0;0;0;2
opportuniste;0;0;2;0;0;1;0
ooooh;2;0;0;0;0;0;1
onéreux;0;0;0;1;0;0;2
onlyfan;0;0;0;0;0;1;2
only;1;0;0;0;0;2;0
omnivore;0;0;3;0;0;0;0
omniprésent;0;0;1;0;0;1;1
ol;0;1;0;0;0;1;1
okay;0;0;1;0;0;1;1
oie;0;1;2;0;0;0;0
ohhhhh;2;0;0;0;0;0;1
offenser;0;0;0;0;1;0;2
occulte;0;0;0;0;0;2;1
obséder;0;2;0;0;0;0;1
objectivement;0;1;0;0;0;1;1
oas;0;0;3;0;0;0;0
névrose;0;0;0;0;0;0;3
néologisme;0;0;1;0;0;0;2
nécessiteux;0;0;0;0;0;1;2
nouveauté;0;0;0;1;0;0;2
nourrissant;0;0;2;0;0;0;1
nourrissage;0;0;3;0;0;0;0
notification;0;0;0;0;0;1;2
nostalgia;3;0;0;0;0;0;0
normaliser;0;0;1;0;0;0;2
nooooon;0;2;0;0;0;0;1
noooon;0;2;0;0;0;0;1
nooon;0;1;0;0;0;1;1
nonnn;1;2;0;0;0;0;0
nivellement;0;1;0;0;0;0;2
nicoud;0;2;0;0;0;1;0
niais;0;0;0;0;0;1;2
new_waves;0;3;0;0;0;0;0
neuro;0;0;0;0;0;1;2
neuchatel;0;1;0;0;0;1;1
nestlé;0;0;0;0;0;2;1
neo;1;1;0;0;0;0;1
neiger;0;2;0;0;1;0;0
naturalisé;0;1;0;0;0;1;1
natif;0;3;0;0;0;0;0
natation;0;0;0;0;0;0;3
natalité;0;0;0;0;0;2;1
narcissisme;0;1;1;0;0;0;1
narcissique;0;0;0;0;0;0;3
nappe;0;0;1;0;0;1;1
nanti;0;0;0;0;0;1;2
mûr;0;0;0;0;0;2;1
métissage;0;0;0;0;1;0;2
mémo;0;2;0;0;0;0;1
méhari;2;1;0;0;0;0;0
méfiant;0;0;1;0;0;0;2
méfait;0;0;0;0;0;2;1
méditerranéen;0;1;0;0;0;0;2
médiatiser;0;1;0;0;0;1;1
mécanisme;0;0;0;0;0;0;3
mythologie;0;0;0;0;0;1;2
myriam;3;0;0;0;0;0;0
myope;0;0;0;0;0;0;3
mutter;0;1;0;0;0;1;1
music;1;1;0;0;0;1;0
multi;0;0;0;0;0;1;2
mullet;0;1;0;1;0;0;1
muito;3;0;0;0;0;0;0
moutarde;0;2;0;0;0;0;1
mourrir;0;0;1;0;0;1;1
morel;1;1;0;0;0;1;0
mordre;0;1;0;0;0;0;2
moralisateur;0;0;0;0;0;1;2
moralement;0;0;1;0;0;1;1
monumental;0;1;1;0;0;1;0
monument;0;0;0;0;0;0;3
montpellier;0;0;0;0;1;1;1
monotone;0;0;0;0;0;2;1
monopoliser;0;1;2;0;0;0;0
monique;0;1;0;0;1;1;0
mollet;1;0;0;2;0;0;0
moitié_moitié;0;1;1;0;0;0;1
moisir;0;0;1;0;0;1;1
modernisme;0;0;0;0;0;0;3
mobiliser;0;0;1;0;0;1;1
mixité;0;0;0;0;0;0;3
mixer;1;1;0;0;0;1;0
misandres;0;0;0;0;0;0;3
minutie;0;1;0;0;0;1;1
mike;0;1;0;0;0;1;1
migration;0;0;0;0;0;1;2
miette;0;1;0;0;0;1;1
microplastiques;0;0;1;0;0;1;1
microbe;0;3;0;0;0;0;0
mickey;0;1;0;0;0;1;1
mia;3;0;0;0;0;0;0
metal;1;1;0;0;0;1;0
mesquin;0;0;0;0;0;2;1
mercedes;0;0;0;0;0;1;2
mercantile;0;0;1;0;0;0;2
menstruel;0;1;0;0;0;1;1
menopause;0;2;0;0;0;0;1
meine;3;0;0;0;0;0;0
mehdi;1;1;0;0;0;1;0
mega;0;2;1;0;0;0;0
mechant;1;0;0;0;0;1;1
maxime;0;1;0;0;0;1;1
maximal;0;0;0;0;0;2;1
maudit;0;2;0;0;0;0;1
matérialisme;1;0;0;0;0;1;1
matraque;0;0;0;0;1;1;1
masqué;0;0;0;0;2;0;1
masquer;0;0;0;0;0;0;3
masculinisme;0;0;0;0;1;1;1
martine;1;1;0;0;1;0;0
marionnette;0;0;1;0;0;1;1
marginal;0;0;0;0;0;1;2
marchandisation;1;0;0;0;0;1;1
manteau;1;1;0;0;0;0;1
manoeuvre;0;0;0;0;0;0;3
manipulation;0;0;0;0;0;2;1
manipulateur;0;0;0;0;0;0;3
manie;0;0;0;0;0;1;2
mangeable;0;2;1;0;0;0;0
malédiction;0;2;0;0;0;0;1
malthusianisme;0;2;0;0;0;0;1
malley;1;1;1;0;0;0;0
malentendu;0;0;1;0;0;0;2
mairie;0;0;0;0;0;1;2
mail;0;0;0;0;1;2;0
magner;0;0;0;0;0;0;3
maestro;0;0;0;0;0;0;3
madagascar;1;1;0;1;0;0;0
machisme;0;0;0;0;0;1;2
macgyver;0;0;0;0;0;0;3
m6;0;1;0;0;0;1;1
léo;0;0;0;0;0;2;1
légion;0;0;0;0;0;2;1
légaliser;1;0;0;0;0;2;0
lycéen;0;1;0;1;0;1;0
lumpi;0;0;2;0;0;0;1
lucas;0;1;0;0;0;1;1
louise;0;0;0;0;1;0;2
loose;0;0;0;0;0;2;1
loire;0;1;0;0;0;0;2
location;0;0;0;0;0;3;0
lobbyistes;0;0;0;0;0;1;2
lobbies;0;0;1;0;0;1;1
ll;1;1;0;0;0;0;1
lister;0;0;2;0;0;1;0
linda;3;0;0;0;0;0;0
limonade;0;0;1;0;0;1;1
limitation;0;0;0;0;0;3;0
limit;1;0;0;0;0;2;0
lignée;0;2;0;0;0;1;0
licencier;0;1;0;0;0;1;1
licenciement;0;0;0;0;0;2;1
liban;1;0;0;0;0;0;2
lee;0;2;0;0;0;0;1
lecteur;0;0;0;0;0;0;3
lassant;0;1;0;0;0;0;2
laponie;1;1;0;0;0;0;1
lanusse;0;1;0;0;1;0;1
lancy;1;0;0;0;0;1;1
laitier;0;0;2;0;1;0;0
labo;0;0;1;1;0;0;1
labite;0;2;0;0;0;0;1
kurt;1;0;0;0;0;0;2
kratz;1;2;0;0;0;0;0
klaxon;0;1;0;0;0;1;1
kitsch;0;0;0;0;0;1;2
kiffer;0;1;0;0;1;1;0
kg;0;1;0;0;0;1;1
karen;0;0;0;0;1;0;2
ka;1;0;0;0;0;0;2
jvais;0;0;2;0;0;1;0
jv;0;1;0;0;0;2;0
jury;0;0;0;0;0;2;1
junior;0;0;0;0;0;2;1
julot;0;1;0;0;0;1;1
joug;0;0;0;0;0;0;3
josiane;1;2;0;0;0;0;0
jojo;0;1;0;0;0;0;2
johnny;1;0;0;0;0;0;2
joe;0;0;0;0;0;1;2
jms;0;0;0;0;0;1;2
jeunette;0;0;0;0;0;0;3
jdis;0;1;0;0;0;0;2
jc;0;1;0;0;0;1;1
james;0;1;0;0;0;1;1
jambon;0;0;1;0;0;2;0
ix;1;0;0;0;0;2;0
italian;0;0;1;0;1;1;0
irma;0;0;0;0;0;2;1
inéluctable;1;0;0;0;0;1;1
invivable;0;2;0;0;0;0;1
invitation;0;0;0;0;1;1;1
invendu;0;0;2;0;0;1;0
intégrité;0;1;0;0;0;2;0
intègre;0;0;0;0;0;1;2
introduction;0;0;0;0;0;3;0
interviewées;1;0;0;0;0;1;1
intervenant;0;1;0;0;0;0;2
intentionné;0;0;2;0;0;0;1
intelligible;0;1;0;0;0;0;2
intellectuellement;0;0;1;0;0;0;2
insécurité;0;0;0;0;0;1;2
insuffisant;0;0;0;0;0;2;1
inspecteur;0;1;0;0;0;1;1
insomnie;0;1;0;0;0;2;0
insolite;0;1;0;0;0;2;0
insatisfait;0;0;0;0;0;0;3
insatisfaction;0;0;0;0;0;0;3
insane;0;1;0;1;0;0;1
inquiet;0;0;0;0;0;0;3
innover;0;0;0;0;0;0;3
injonction;0;0;0;0;0;1;2
initiation;1;0;1;0;0;0;1
inhumation;0;0;0;0;0;1;2
ingénieux;0;1;0;0;0;1;1
ingestion;0;0;2;0;0;0;1
infâme;0;0;0;0;0;2;1
infus;0;0;0;0;0;0;3
infrarouge;0;1;0;0;0;1;1
infondé;0;1;0;0;0;1;1
infliger;0;0;0;0;0;2;1
infester;0;0;1;0;0;0;2
infect;0;0;1;0;0;1;1
infantiliser;0;0;1;0;0;0;2
infancia;3;0;0;0;0;0;0
inexpliqué;0;0;0;0;0;0;3
inestimable;0;0;0;0;0;0;3
indécent;0;0;1;0;0;2;0
indiscret;0;0;0;0;0;0;3
indifférence;1;0;0;0;0;0;2
indicateur;0;0;0;1;0;0;2
incurable;0;0;0;0;0;2;1
inculquer;0;0;0;0;0;1;2
inconsciemment;1;1;0;0;0;0;1
inconforts;0;0;0;0;0;0;3
inconcevable;0;1;0;0;0;0;2
incompréhension;0;2;0;0;0;1;0
incompris;0;1;0;0;0;1;1
incompatible;0;1;1;0;0;0;1
incommensurable;0;0;0;0;0;1;2
inclusif;0;0;0;0;0;2;1
incliner;1;0;0;0;0;0;2
incendie;1;0;1;0;0;1;0
incel;0;0;0;0;0;0;3
incarner;0;0;1;0;0;1;1
incapacité;0;0;1;0;0;2;0
inaperçu;0;1;0;0;0;1;1
impuissant;0;0;0;0;0;1;2
improviser;0;1;0;0;0;2;0
improbable;0;2;0;0;0;0;1
imposant;0;0;1;0;0;0;2
implication;0;0;0;0;0;1;2
immortel;0;0;0;0;0;0;3
imbuvable;0;0;0;0;0;1;2
imbecile;0;0;0;0;0;1;2
illustre;0;0;1;0;0;0;2
illogique;0;0;0;0;0;0;3
ile;0;2;0;0;0;0;1
iel;0;0;1;0;0;0;2
idea;2;1;0;0;0;0;0
ice;1;0;0;0;0;1;1
hérésie;0;0;1;0;0;0;2
héritier;0;0;0;0;0;1;2
hécatombe;0;0;0;0;0;0;3
hypothèque;0;0;0;0;0;3;0
hydrater;0;0;2;0;0;0;1
hyacinthe;2;0;0;0;0;1;0
humanitaire;0;1;0;0;0;2;0
hp;0;1;0;0;0;0;2
how;1;0;0;0;0;1;1
hospitalier;0;0;1;0;0;0;2
horrifier;0;0;0;0;1;0;2
homophobe;0;0;0;0;1;0;2
hollande;0;1;0;0;0;2;0
hof;2;0;0;1;0;0;0
hmm;0;0;1;0;0;0;2
hiérarchie;0;0;1;0;0;0;2
historiquement;0;0;0;0;1;2;0
high;0;1;0;0;0;1;1
hh;0;3;0;0;0;0;0
herboristerie;0;1;0;0;0;0;2
her;3;0;0;0;0;0;0
healthy;1;0;0;0;0;2;0
haïtien;0;1;0;0;1;0;1
haver;2;1;0;0;0;0;0
haroun;0;1;0;0;0;0;2
harisson;1;0;0;0;0;0;2
haricot;0;1;2;0;0;0;0
hardeux;1;1;0;0;0;1;0
hanus;0;1;0;0;0;1;1
hantise;0;1;0;0;0;1;1
handicaper;0;0;0;0;0;2;1
hameau;0;1;0;0;0;1;1
hambourg;0;1;0;0;0;2;0
halloween;0;2;0;0;0;1;0
haché;0;2;0;0;0;0;1
haarp;0;0;0;0;0;2;1
h0h;0;1;0;0;0;2;0
géorgie;1;0;0;0;0;1;1
géométrie;0;0;0;0;0;3;0
généralisation;0;0;1;0;1;0;1
gymnaste;2;0;0;0;0;0;1
gueuleton;0;0;0;0;0;1;2
gti;1;1;0;0;0;1;0
gt;0;2;0;0;0;1;0
grv;0;3;0;0;0;0;0
grotte;0;2;1;0;0;0;0
groove;2;1;0;0;0;0;0
griselidis;0;0;0;0;0;1;2
grimentz;0;1;0;0;0;1;1
grillage;0;0;1;0;0;1;1
grillade;0;1;0;0;0;2;0
green;0;0;0;0;0;0;3
gre;0;0;0;0;3;0;0
grazie;1;2;0;0;0;0;0
gravement;0;0;1;0;0;1;1
gratos;1;0;1;0;0;0;1
grade;0;2;0;0;0;0;1
gps;1;0;0;0;0;2;0
gorgée;0;2;0;0;0;0;1
gonflé;0;0;0;0;0;1;2
gislaine;2;0;0;0;0;0;1
giratoire;0;0;1;0;0;1;1
ginette;0;0;0;0;1;0;2
gilet;0;2;0;0;0;0;1
giga;0;0;1;0;1;1;0
geule;0;0;0;0;0;2;1
gestapo;0;0;0;0;1;2;0
genré;0;0;1;0;0;2;0
geniale;0;2;0;0;0;0;1
general;0;0;0;0;0;2;1
gaza;0;0;0;0;0;1;2
gaule;0;1;0;0;0;1;1
gates;0;0;1;0;0;1;1
gateau;0;1;0;0;2;0;0
gaspiller;0;0;0;0;0;1;2
gaspard;0;2;0;0;1;0;0
garnier;1;1;0;0;0;0;1
gallo;0;2;0;0;0;1;0
galette;0;0;0;0;0;3;0
galaxie;1;0;0;0;0;0;2
gaieté;2;0;0;0;0;1;0
gabriel;1;1;0;0;0;0;1
gabon;2;0;0;0;0;0;1
gabet;0;0;0;0;2;0;1
ga;1;0;0;0;0;0;2
fêtard;0;0;1;0;0;2;0
fêlé;1;0;0;0;0;0;2
féminiser;0;0;0;0;0;0;3
féerique;0;0;0;0;0;1;2
futile;0;2;0;0;0;0;1
furtif;0;0;0;0;0;1;2
furieux;0;0;0;0;0;2;1
fureur;1;0;1;0;0;1;0
funky;1;2;0;0;0;0;0
full;1;0;1;0;0;1;0
fréquemment;0;0;1;0;0;0;2
froideur;0;2;0;0;0;0;1
froc;0;1;0;0;0;1;1
frite;0;0;2;0;0;1;0
frire;0;1;0;0;1;1;0
frero;0;0;0;0;0;1;2
frere;0;0;0;0;1;0;2
frelon;0;0;1;0;0;2;0
francophonie;1;2;0;0;0;0;0
fraicheur;0;0;0;0;0;0;3
foutu;0;0;0;1;0;1;1
fourmi;0;0;1;0;0;1;1
foufoune;0;2;0;0;1;0;0
fouet;0;0;0;0;0;1;2
fossile;0;0;0;0;0;1;2
fosse;0;0;0;0;0;1;2
forger;0;0;0;0;0;2;1
food;1;1;1;0;0;0;0
fontaine;1;0;0;0;0;1;1
fondement;0;0;0;0;1;0;2
folklorique;0;0;0;0;0;0;3
flou;0;0;0;0;0;1;2
flore;0;0;1;0;0;0;2
flocon;0;0;0;0;0;0;3
flash;2;0;0;0;0;1;0
flanc;0;0;0;0;0;1;2
flamme;0;0;1;0;0;2;0
fiston;0;0;0;1;1;0;1
fissure;0;0;0;0;0;3;0
finlande;1;1;0;0;0;1;0
financièrement;0;1;0;0;0;0;2
financement;0;0;0;0;0;2;1
finance;0;0;1;0;0;0;2
fiel;0;0;3;0;0;0;0
fichu;0;0;0;0;1;0;2
fichier;0;1;0;0;0;2;0
fevrier;0;1;0;0;0;2;0
feuilleton;1;0;0;0;0;1;1
fessée;0;1;0;0;0;0;2
ferveur;1;0;0;0;0;1;1
fertile;0;0;2;0;0;1;0
ferry;0;0;0;0;0;3;0
ferraille;0;1;0;0;0;2;0
fernandel;0;0;0;0;1;0;2
fermier;0;0;1;0;0;1;1
feraille;0;1;1;0;0;1;0
federer;0;1;0;0;0;0;2
faîtes;0;0;0;0;1;0;2
façonner;0;0;0;0;0;0;3
favre;0;1;0;0;0;0;2
fauteuil;0;2;0;1;0;0;0
faussement;0;1;0;0;0;0;2
faucher;0;1;2;0;0;0;0
fantastico;0;3;0;0;0;0;0
fanfare;1;0;0;0;0;2;0
faille;1;0;0;0;0;0;2
factuellement;0;0;0;0;0;1;2
fabrice;0;2;0;0;0;0;1
fa;0;1;0;0;0;0;2
f35;0;1;0;0;0;2;0
f18;0;0;0;0;0;2;1
extase;0;0;0;0;0;0;3
explorer;0;1;0;0;0;0;2
exorciste;0;0;1;0;0;1;1
exilé;0;1;0;0;0;2;0
excellentissime;3;0;0;0;0;0;0
examen;0;1;0;0;0;1;1
exam;1;2;0;0;0;0;0
exagération;0;0;0;1;0;0;2
evil;1;0;0;0;0;2;0
euthanasier;0;0;1;0;0;1;1
ethnique;0;0;0;0;0;1;2
et_cetera;0;0;0;1;0;1;1
esr;1;1;1;0;0;0;0
escroquerie;0;0;0;0;0;2;1
escient;0;0;0;0;1;0;2
escalator;0;0;1;0;0;1;1
ero;2;1;0;0;0;0;0
entrainement;3;0;0;0;0;0;0
entièreté;1;0;1;0;0;1;0
entendement;0;0;0;0;0;2;1
enrouler;1;0;0;1;0;1;0
enregistrement;0;1;0;0;0;2;0
enquiquiner;0;0;0;0;0;2;1
ennuyant;0;0;0;0;0;2;1
ennio;2;0;0;0;0;1;0
enneigé;0;0;0;0;0;2;1
enmerder;0;0;0;0;1;2;0
engraisser;0;0;2;0;0;1;0
engouement;1;1;0;0;0;0;1
enfait;0;1;0;0;0;1;1
encoubler;0;1;0;0;0;2;0
encombrant;0;3;0;0;0;0;0
encadrer;0;0;1;0;0;0;2
emprunt;0;0;1;0;0;1;1
emprisonner;0;0;0;0;0;2;1
empreinte;1;0;0;0;0;0;2
emmerdeur;0;3;0;0;0;0;0
emji_visage_de_menteur;0;1;0;0;0;2;0
emji_tête_de_lapin;1;1;1;0;0;0;0
emji_serpent;1;0;0;0;0;1;1
emji_sens_interdit;1;0;0;0;0;2;0
emji_rouleau_de_papier;0;2;0;0;0;1;0
emji_radio;1;0;0;1;0;1;0
emji_pop_corn;0;1;0;0;0;0;2
emji_pomme_de_terre;0;2;0;0;0;0;1
emji_poing_levé_peau_foncée;1;0;0;0;0;1;1
emji_plume;1;0;0;0;1;0;1
emji_pilule;0;1;0;0;0;1;1
emji_personne_qui_hausse_les_épaules_peau_moyennement_claire;0;1;0;0;0;1;1
emji_personnage_féérique;2;0;0;0;0;1;0
emji_part_de_fromage;1;1;0;0;0;0;1
emji_oreille;0;1;0;0;0;0;2
emji_oiseau;2;0;0;0;0;0;1
emji_nouvelle_lune_avec_visage;0;1;0;0;0;2;0
emji_main_avec_index_et_pouce_croisés;1;0;0;1;0;0;1
emji_hérisson;1;0;2;0;0;0;0
emji_homme_âgé;1;0;0;0;0;0;2
emji_homme_avec_la_paume_sur_le_visage_peau_légèrement_mate;0;1;0;0;0;1;1
emji_hamburger;0;2;0;0;0;0;1
emji_gyrophare;1;0;1;0;0;1;0
emji_goutte_d_eau;3;0;0;0;0;0;0
emji_frites;0;2;0;0;0;0;1
emji_feuille_d_érable;1;0;0;0;0;0;2
emji_femme_âgée_peau_claire;3;0;0;0;0;0;0
emji_femme_qui_hausse_les_épaules_peau_légèrement_mate;0;1;0;1;0;0;1
emji_fantôme;0;0;0;0;0;0;3
emji_drapeau_allemagne;0;3;0;0;0;0;0
emji_doigts_croisés_peau_moyennement_claire;2;0;1;0;0;0;0
emji_danseur_peau_claire;0;3;0;0;0;0;0
emji_cornes_avec_les_doigts_peau_moyennement_claire;3;0;0;0;0;0;0
emji_coq;1;0;2;0;0;0;0
emji_cigarette;0;1;0;0;0;2;0
emji_chat_qui_fait_un_bisou;3;0;0;0;0;0;0
emji_chat_noir;1;0;0;0;0;1;1
emji_caméra;1;1;0;0;0;1;0
emji_bulle_de_pensée;3;0;0;0;0;0;0
emji_bouche;0;0;0;0;3;0;0
emji_bonbon;0;1;0;1;0;1;0
emji_bombe;2;0;0;0;0;1;0
emji_bois;2;0;0;0;0;0;1
embêtant;0;2;0;0;0;0;1
embarquer;0;1;0;1;0;1;0
ellu;0;0;0;0;0;0;3
einstein;0;0;0;0;0;0;3
ehh;1;0;0;0;0;0;2
eglise;0;1;0;0;0;1;1
edmond;0;1;0;0;0;0;2
ecrit;0;0;0;0;1;0;2
ecoute;0;0;0;0;0;1;2
ecologique;0;2;0;1;0;0;0
déviance;0;0;0;0;1;0;2
détailler;0;0;0;0;0;1;2
désolant;0;0;0;0;0;0;3
désinformation;0;1;0;0;0;1;1
déshérences;0;0;0;0;0;3;0
désespérant;0;0;0;0;0;0;3
désespoir;0;0;0;0;0;1;2
désagrément;0;0;0;0;0;2;1
dérangeant;0;0;0;1;1;0;1
déraisonnable;1;0;0;0;0;0;2
déprimé;0;1;0;0;0;0;2
dépressif;0;0;0;0;0;2;1
dénicher;2;1;0;0;0;0;0
démoniaque;0;0;0;0;1;1;1
démographie;0;0;0;0;0;1;2
démerder;0;0;0;0;0;1;2
délicat;0;1;0;0;0;0;2
délaissé;0;0;2;0;0;1;0
délai;0;1;1;0;0;1;0
déja;1;0;0;0;0;1;1
dégueu;0;2;0;0;0;0;1
dégringolade;0;0;0;0;0;0;3
dégradé;0;0;0;0;0;0;3
dégradation;0;0;0;0;0;0;3
dégoût;0;0;0;0;0;2;1
défunt;1;0;0;0;0;2;0
défouler;1;0;0;0;0;1;1
défoncer;0;0;1;0;0;2;0
déesse;0;0;0;0;0;0;3
décèdera;0;1;2;0;0;0;0
décrédibiliser;0;0;0;0;1;0;2
décroissance;0;1;0;0;0;1;1
découper;0;0;2;0;0;0;1
décoration;0;0;1;1;0;1;0
décolleté;0;0;0;0;0;0;3
déclaration;0;2;0;0;0;0;1
déchéance;0;0;1;0;0;0;2
décharge;0;0;1;0;0;1;1
décent;0;0;0;0;1;0;2
décemment;0;0;0;0;0;0;3
dutronc;0;1;0;0;0;2;0
dutout;0;1;1;0;0;1;0
drone;0;1;0;1;0;1;0
droguer;0;1;0;0;0;2;0
dragueur;0;2;0;0;0;0;1
down;1;1;0;0;0;1;0
doudou;0;2;0;0;0;0;1
doublage;0;1;0;0;0;0;2
dope;1;1;0;0;0;0;1
dla;0;1;1;0;0;0;1
divinité;0;0;0;0;0;0;3
dividende;0;0;1;0;0;2;0
divertissement;0;0;1;0;0;1;1
distinguer;0;1;1;0;0;1;0
dissuader;0;0;0;0;0;2;1
dispositif;0;1;0;0;0;2;0
discriminer;0;0;2;0;0;0;1
discounter;0;0;2;0;0;1;0
directive;0;0;0;1;0;2;0
diplômé;0;0;0;0;0;0;3
difficilement;0;1;2;0;0;0;0
didier;0;2;0;0;0;1;0
dicton;0;1;0;0;0;1;1
dextérité;0;0;0;0;0;1;2
deuch;0;2;0;0;0;1;0
detre;0;0;0;0;0;0;3
desservir;0;0;0;0;0;2;1
deschamps;0;1;0;0;0;1;1
derangent;0;0;0;0;0;0;3
dentition;0;1;0;0;0;0;2
denis;0;0;1;0;0;1;1
den;1;0;0;0;0;1;1
del;2;0;0;0;0;0;1
degueu;0;2;0;0;0;0;1
degeulasse;1;0;0;0;1;0;1
degats;0;0;1;0;0;2;0
deg;0;2;0;0;0;1;0
dedieu;1;0;1;0;0;1;0
ded;0;1;0;0;0;0;2
deconner;0;0;1;0;0;0;2
debiles;0;0;0;0;0;3;0
dd;2;1;0;0;0;0;0
dcp;1;0;0;0;0;1;1
dangereusement;0;1;0;0;0;1;1
damoiseau;0;2;0;0;0;0;1
damner;1;1;0;1;0;0;0
damme;0;0;0;0;0;0;3
dab;0;0;0;0;0;2;1
cérémonie;0;1;0;0;0;0;2
cérébral;0;0;0;1;0;1;1
célébrité;0;0;1;0;1;0;1
célébration;0;0;0;0;0;2;1
céder;0;0;0;0;0;2;1
cylindre;1;0;0;0;0;1;1
cy;0;0;0;0;0;3;0
cut;2;0;1;0;0;0;0
curry;0;0;1;0;0;0;2
cupidité;0;0;0;0;0;1;2
cultissime;0;3;0;0;0;0;0
cueillette;0;0;2;0;0;0;1
csc;0;1;1;0;0;1;0
crépu;0;0;0;0;0;0;3
crédible;0;2;0;0;0;1;0
croivent;0;1;0;0;0;1;1
croisé;0;1;0;0;0;0;2
croisement;0;1;0;0;0;1;1
craintif;0;0;2;0;0;0;1
craie;0;0;0;2;0;0;1
coïncidence;0;0;0;0;0;0;3
couté;0;0;0;0;0;3;0
coureur;1;1;0;0;0;1;0
couette;0;3;0;0;0;0;0
costaud;1;0;0;0;0;0;2
cost;0;0;0;0;0;3;0
cosmos;0;0;0;0;0;1;2
corvée;0;0;0;0;0;1;2
correspondance;0;0;0;0;0;2;1
corne;0;0;1;0;0;1;1
cornavin;0;1;0;0;0;2;0
coquetterie;1;1;0;0;0;0;1
coquette;1;0;0;0;0;1;1
coquet;1;0;0;0;1;0;1
cookie;0;1;1;0;0;1;0
converser;0;1;0;0;0;0;2
conventionnel;0;0;0;0;0;1;2
convenable;1;0;0;0;0;1;1
contrarier;0;0;0;0;0;1;2
contrainte;0;0;0;0;0;2;1
conséquent;0;0;0;0;0;0;3
consumérisme;0;1;0;0;0;1;1
constituer;0;1;2;0;0;0;0
constance;0;2;0;0;0;1;0
console;0;1;0;1;0;1;0
consigné;0;0;3;0;0;0;0
conquérir;1;0;0;0;0;2;0
connexion;3;0;0;0;0;0;0
connaitre;1;2;0;0;0;0;0
conjugal;0;0;0;0;0;0;3
confus;0;0;1;0;0;1;1
confirmation;0;0;0;0;0;0;3
confinements;0;0;3;0;0;0;0
confectionner;0;2;0;0;0;0;1
conditionné;0;0;0;0;0;0;3
concrètement;0;0;0;0;0;0;3
concierge;0;0;1;0;0;1;1
comtois;0;2;0;0;0;0;1
compréhensif;1;0;0;0;0;1;1
compositeur;0;0;0;0;0;1;2
compatibilité;0;0;0;0;0;3;0
communément;0;1;1;0;0;0;1
communautaire;0;0;0;0;0;1;2
comestible;0;0;2;0;0;0;1
combo;0;1;1;1;0;0;0
combiné;0;0;0;0;0;2;1
colporter;0;0;0;0;0;1;2
colorant;0;1;1;0;0;1;0
colibri;0;0;0;0;3;0;0
coke;1;0;0;0;0;2;0
cognitif;0;0;0;0;0;1;2
cocu;0;1;0;0;0;2;0
clouté;0;1;0;0;0;2;0
clochette;0;0;0;1;0;2;0
clochard;0;0;0;0;0;1;2
clin;0;0;0;0;1;1;1
climatisation;0;0;0;0;0;3;0
clef;0;1;0;0;0;1;1
citation;0;0;0;0;0;0;3
cio;0;2;0;0;0;1;0
cinématographique;0;0;0;0;0;1;2
ciné;1;0;0;0;0;2;0
cil;0;0;0;0;1;1;1
cie;0;0;1;0;0;2;0
chèque;0;1;0;0;0;2;0
chronométrer;0;0;2;0;0;1;0
chrono;0;1;1;0;0;0;1
chronique;0;1;0;0;0;1;1
chous;1;2;0;0;0;0;0
chouiner;0;1;0;0;0;1;1
choues;3;0;0;0;0;0;0
chocolaterie;0;0;0;0;3;0;0
chevelu;0;2;0;0;0;0;1
cherie;1;0;0;0;1;0;1
charitable;0;0;1;0;0;0;2
charcutier;0;0;0;1;1;0;1
chaques;0;2;0;1;0;0;0
chansonnette;0;2;0;0;0;0;1
chad;1;1;0;0;1;0;0
cerise;0;0;0;0;0;1;2
centimètre;0;1;2;0;0;0;0
censure;0;0;0;0;1;1;1
celte;0;0;1;0;0;1;1
cdlt;0;0;0;0;0;2;1
cc;1;0;0;0;0;0;2
caviar;0;0;0;0;0;2;1
caver;0;1;0;0;1;0;1
caucasien;0;2;0;0;1;0;0
catse;1;2;0;0;0;0;0
catastrophistes;0;0;0;0;0;1;2
cataloguer;0;0;0;0;1;1;1
castration;0;0;1;0;0;0;2
casting;0;0;1;0;0;1;1
cassos;0;1;0;0;0;2;0
cassis;2;0;0;0;0;0;1
casserole;0;0;2;0;0;0;1
caserne;1;0;0;0;1;1;0
carnage;0;0;0;0;1;1;1
cargo;0;1;0;0;0;1;1
carence;0;0;0;0;0;1;2
carel;2;0;0;0;0;0;1
carbu;1;0;0;0;0;2;0
caractéristique;0;0;1;0;0;0;2
captivant;1;0;0;0;0;0;2
capitaine;0;0;0;0;1;0;2
capillaire;1;0;0;0;0;1;1
cantine;0;1;0;1;0;1;0
canapé;0;0;0;2;0;1;0
canal;0;1;0;0;0;2;0
camille;0;1;0;0;0;0;2
camer;0;1;0;0;0;1;1
caissiere;0;0;0;0;0;3;0
caissette;0;1;1;0;0;0;1
cadet;0;1;0;0;0;0;2
cadavre;0;1;1;0;0;0;1
cacao;0;1;0;0;2;0;0
cacahouète;0;1;0;0;0;1;1
bénévole;0;0;1;0;0;2;0
by;1;0;0;0;0;0;2
buzz;0;0;0;1;0;1;1
burn;0;0;1;0;0;2;0
bullshit;0;0;0;0;0;1;2
building;0;1;0;0;0;0;2
bruler;0;0;0;0;0;3;0
brouteur;0;1;0;0;0;0;2
brochette;0;0;0;0;0;2;1
british;1;0;0;0;0;2;0
brinquei;2;1;0;0;0;0;0
bridechon;0;3;0;0;0;0;0
brazil;2;1;0;0;0;0;0
bravissima;3;0;0;0;0;0;0
braquer;0;2;0;0;0;0;1
brand;0;2;0;0;0;0;1
brancher;0;0;0;0;0;0;3
bowling;0;0;0;2;0;1;0
bourre;0;0;0;0;0;2;1
bourrage;0;1;0;0;0;0;2
bouquin;0;0;0;0;1;1;1
bouquet;0;0;1;0;0;1;1
bouille;0;1;0;1;0;1;0
boucoup;1;2;0;0;0;0;0
boucler;0;3;0;0;0;0;0
bossi;1;1;0;0;0;0;1
bonvillars;0;1;0;0;0;2;0
boeuf;0;0;0;0;1;1;1
body;1;1;0;0;0;0;1
bobette;0;2;0;0;0;0;1
board;0;1;0;0;0;2;0
blinde;0;0;0;0;0;3;0
blancheur;0;0;0;0;0;1;2
blackrock;0;0;2;0;0;1;0
bizzare;0;0;0;0;0;2;1
bizarrerie;0;1;0;0;0;1;1
bitume;0;0;0;0;0;2;1
bite;0;1;0;0;0;0;2
birkin;0;0;0;1;0;1;1
biganon;0;0;0;0;0;0;3
bienheureux;2;0;0;0;0;0;1
bienfaisance;0;0;0;0;0;0;3
bidule;0;0;1;0;0;1;1
bide;0;2;1;0;0;0;0
biberonner;0;0;0;0;0;2;1
bex;0;2;1;0;0;0;0
betty;0;1;0;0;0;0;2
betharram;0;3;0;0;0;0;0
betharam;0;1;0;1;0;0;1
bergier;0;0;0;0;0;3;0
benêt;1;2;0;0;0;0;0
benisse;1;0;0;0;0;0;2
bellezza;3;0;0;0;0;0;0
baudet;0;2;0;0;0;0;1
batard;0;2;0;0;0;0;1
bataille;0;0;0;1;0;1;1
bassine;0;0;0;0;0;1;2
barquette;0;0;0;0;0;3;0
barbies;0;0;0;0;0;0;3
barbarie;0;0;0;0;0;0;3
barbapapa;0;2;0;0;0;1;0
baptiser;1;0;0;0;0;1;1
bandeau;0;1;0;0;0;2;0
bamboulé;0;0;1;0;0;1;1
bambouler;0;0;0;0;1;1;1
bam;0;0;1;0;0;1;1
ballade;0;1;0;0;0;1;1
baladeur;0;0;0;0;0;1;2
bahahaha;0;2;0;0;0;0;1
bahaha;0;1;0;0;0;1;1
bagdad;0;0;0;1;0;2;0
aïwa;1;2;0;0;0;0;0
aérobic;1;0;0;0;0;1;1
avènement;0;0;0;0;0;0;3
aviolat;1;0;0;0;0;0;2
avide;0;0;1;0;0;0;2
aval;0;1;0;0;0;1;1
avai;1;0;0;0;0;1;1
avachi;0;0;0;1;0;0;2
autoreverse;1;1;0;0;0;1;0
automatisme;0;0;0;2;0;0;1
autel;0;0;0;0;1;0;2
audios;0;1;0;0;0;1;1
audacieux;1;0;0;0;0;0;2
aubergine;0;1;1;0;0;1;0
auberge;0;1;1;0;0;1;0
attrister;1;0;0;0;0;0;2
attrait;0;0;0;1;0;0;2
attentivement;0;0;0;0;1;0;2
attentionné;0;0;0;0;0;0;3
att;1;1;1;0;0;0;0
atout;0;0;0;0;0;0;3
athéisme;0;0;0;0;0;0;3
athlétisme;1;1;0;0;0;1;0
ataf;0;0;0;0;0;3;0
astronomique;0;0;0;0;0;2;1
associatif;0;0;0;0;1;0;2
aspirateur;0;1;0;0;0;2;0
asperge;0;0;0;0;0;1;2
asie_et_l;0;0;0;0;0;2;1
arête;0;0;0;0;2;1;0
articulation;0;1;1;0;0;0;1
articulaire;0;0;1;0;0;0;2
arthur;1;0;0;0;0;1;1
armenia;3;0;0;0;0;0;0
apôtre;0;0;0;0;0;1;2
apprêter;1;1;0;0;0;0;1
appréhender;0;0;0;0;0;1;2
approuver;0;1;1;0;0;0;1
approprier;0;1;0;0;0;1;1
apprivoiser;1;0;1;0;0;0;1
apple;0;1;1;0;0;0;1
appenzell;0;0;0;0;0;3;0
appauvrissement;0;1;0;0;0;0;2
app;0;0;1;0;0;1;1
apologie;0;0;1;0;0;0;2
apelle;0;0;0;0;1;0;2
antoine;0;1;0;0;0;0;2
antiraciste;0;0;0;0;3;0;0
anthropocène;0;0;0;0;0;2;1
antenne;0;0;0;0;1;1;1
annuel;0;0;0;0;0;3;0
anneau;0;2;0;1;0;0;0
animaleries;0;0;3;0;0;0;0
anglo_saxon;0;1;0;0;0;1;1
andropause;0;0;0;0;0;1;2
andalousie;0;0;0;0;0;1;2
ancestral;0;0;0;0;0;0;3
anarchiste;0;1;1;0;0;1;0
analphabète;0;0;0;1;0;0;2
amo;2;1;0;0;0;0;0
amina_nour;0;0;0;0;0;0;3
amazing;3;0;0;0;0;0;0
altérer;0;1;0;0;0;0;2
altruisme;0;0;0;0;0;1;2
allumeur;0;0;0;0;0;1;2
aller_retour;0;0;0;0;0;1;2
alcoolisme;0;0;0;0;0;1;2
alarmiste;0;0;0;0;0;2;1
airpods;0;0;0;0;0;1;2
agréer;1;0;2;0;0;0;0
agricole;0;0;0;0;0;1;2
agresseur;0;0;0;0;0;1;2
agonie;0;0;0;0;0;3;0
ago;1;0;0;0;0;1;1
agilité;0;0;0;3;0;0;0
again;3;0;0;0;0;0;0
after;0;3;0;0;0;0;0
affûter;0;2;0;0;0;0;1
affranchir;0;0;0;0;0;1;2
affiner;0;1;0;0;0;0;2
affecter;0;0;1;0;0;2;0
affamé;0;0;2;0;0;1;0
adéquation;1;1;0;0;0;0;1
adrénaline;0;0;1;0;0;1;1
adooore;3;0;0;0;0;0;0
adjectif;0;0;0;0;0;0;3
additif;0;0;3;0;0;0;0
adaptation;0;0;0;0;0;2;1
activer;0;1;1;1;0;0;0
acrobatique;1;0;0;0;0;1;1
acier;0;1;0;0;0;2;0
accéder;0;0;0;0;0;1;2
accompli;0;0;0;0;0;1;2
accompagnement;1;2;0;0;0;0;0
abstrait;0;0;0;0;0;0;3
abstraction;0;0;0;0;0;0;3
abréviation;0;1;0;0;2;0;0
about;1;1;0;0;0;0;1
abord;0;0;0;1;0;0;2
abonnement;0;0;0;0;0;1;2
abolition;0;0;0;0;0;1;2
abdos;1;1;0;0;0;0;1
9h;0;0;0;0;0;3;0
9e;0;0;0;0;0;2;1
7ans;0;0;0;0;0;2;1
70s;1;0;0;0;0;2;0
6ème;0;0;0;2;0;0;1
6ans;0;1;1;0;0;0;1
5ans;0;0;0;1;0;0;2
4ème;0;0;0;1;0;2;0
4l;0;1;0;0;0;0;2
4ans;0;1;0;0;0;0;2
3ème;1;0;0;1;0;0;1
3x;0;2;0;0;0;1;0
3e;0;0;1;0;0;1;1
3d;1;0;1;0;0;1;0
23h;0;1;0;1;0;1;0
20h;0;0;1;0;0;1;1
20eme;0;1;0;0;0;1;1
20e;1;1;0;0;0;0;1
1h;0;0;0;1;1;0;1
14h;0;1;0;1;0;1;0
12h;0;0;0;1;0;2;0
10k;0;0;0;0;0;2;1
100ans;0;1;0;1;0;0;1
0h0;0;1;0;0;0;2;0