être;57132;aux
de;48453;pre
avoir;33498;aux
la;32502;art_def
les;31318;art_def
et;30843;con
le;26879;art_def
user_utilisateurice;24349;nr
pas;23298;adv_sup
c;21360;pro_dem
à;20409;pre
ne;19453;adv_sup
des;19430;art_ind
en;19334;pre
l;19209;art_def
que;18961;pro_rel
un;16362;art_ind
pour;15058;pre
d;14693;pre
qui;13865;pro_rel
on;13729;pro_per
je;13188;pro_per
il;12988;pro_per
une;12342;art_ind
emji_visage_riant_aux_larmes;12046;nom
faire;11987;ver_sup
ce;10804;pro_dem
ça;10002;pro_dem
vous;9642;pro_per
mais;9400;con
qu;9102;con
plus;9022;adv_sup
dans;8847;pre
du;8725;art_def
j;7657;pro_per
ils;6748;pro_per
y;6307;pro_per
avec;6152;pre
tout;6083;pro_ind
bien;6007;adv_sup
au;5801;art_def
dire;5752;ver_sup
si;5633;con
sur;5592;pre
se;5492;pro_per
pouvoir;5111;ver_sup
comme;5053;con
aller;5023;ver
tu;4939;pro_per
par;4827;pre
même;4630;pro_ind
ou;4626;con
voir;4493;ver
suisse;4481;adj
s;4121;pro_per
nous;3921;pro_per
elle;3750;pro_per
cette;3547;adj_dem
quand;3450;con
aussi;3431;adv_sup
non;3334;pro_per
ces;3165;adj_dem
bon;3144;ono
falloir;3136;ver_sup
savoir;2956;ver_sup
parler;2882;ver
oui;2863;adv_sup
leur;2849;pro_per
personne;2831;pro_ind
rien;2803;pro_ind
me;2773;pro_per
devoir;2714;ver_sup
vouloir;2711;ver_sup
emji_coeur_rouge;2676;nr
très;2597;adv_sup
gens;2534;nom
moi;2500;pro_per
tous;2482;pro_ind
donc;2436;con
aux;2428;art_def
encore;2375;adv_sup
monde;2361;nom
mon;2340;adj_pos
femme;2328;nom
son;2285;adj_pos
sans;2284;pre
enfant;2271;nom
emji_applaudissements;2231;nom
alors;2228;adv_sup
t;2161;pro_per
emji_visage_souriant_avec_yeux_en_forme_de_coeur;2090;nr
toujours;2082;adv_sup
merci;2039;ono
an;2001;nom_sup
prendre;1929;ver
quoi;1925;pro_rel
beau;1922;adj
époque;1920;nom
pays;1914;nom
penser;1900;ver
juste;1886;adj_sup
vie;1878;nom
homme;1843;nom
comprendre;1841;ver
emji_se_rouler_par_terre_de_rire;1837;nom
trop;1827;adv_sup
où;1820;pro_rel
temps;1808;nom
déjà;1793;ono
sa;1772;adj_pos
aimer;1753;ver
chose;1746;nom
votre;1742;adj_pos
là;1742;ono
moins;1738;adv_sup
passer;1729;ver
autres;1726;pro_ind
mettre;1696;ver
jamais;1689;adv_sup
aujourd_hui;1672;adv_sup
année;1663;nom
petit;1647;adj
peu;1643;nom_sup
vrai;1583;adj
beaucoup;1567;adv_sup
cela;1545;pro_dem
avant;1543;pre
grand;1529;adj
vraiment;1512;adv
emji_visage_qui_pleure;1495;nom
pourquoi;1472;con
m;1465;pro_per
nos;1463;adj_pos
après;1448;pre
jour;1439;nom
car;1428;con
toi;1391;pro_per
autre;1382;pro_ind
trouver;1379;ver
venir;1378;ver
ses;1352;adj_pos
leurs;1348;adj_pos
notre;1343;adj_pos
donner;1333;ver
vivre;1332;ver
mieux;1321;adv_sup
ma;1318;adj_pos
rester;1292;ver
payer;1292;ver
contre;1284;pre
tellement;1272;adv
depuis;1262;pre
problème;1258;nom
parce_que;1257;con
français;1235;nom
quelle;1227;adj_int
connaître;1221;ver
maintenant;1185;adv_sup
quel;1185;adj_int
croire;1183;ver_sup
te;1161;pro_per
changer;1160;ver
lui;1154;pro_per
souvenir;1146;ver
france;1146;nr
fois;1138;nom
commentaire;1136;nom
emji_visage_souriant_avec_une_goutte_de_sueur;1128;nom
arrêter;1117;ver
seul;1115;adj
ceux;1102;pro_dem
demander;1099;ver
chez;1092;pre
droit;1067;nom
question;1055;nom
toute;1050;adj_ind
eux;1045;pro_per
ton;1029;nom_sup
surtout;1015;adv_sup
devenir;1014;ver
mes;1007;adj_pos
2;1005;num
travail;993;nom
comment;992;con
cas;966;nom
entre;962;pre
jeune;957;adj
elles;951;pro_per
raison;949;nom
bravo;945;ono
sentir;944;ver
emji_visage_faisant_un_clin_d_oeil;941;nr
mal;935;adv_sup
toutes;933;pro_ind
ni;908;con
emji_feu;900;nom
deux;898;adj_num
police;874;nom
exister;855;ver
ah;854;ono
humain;847;adj
accord;831;nom
arriver;830;ver
utiliser;829;ver
laisser;825;ver
vos;816;adj_pos
besoin;811;nom
état;804;nom
animal;780;nom
chaque;770;adj_ind
1;767;num
regarder;766;ver
guerre;758;nom
coup;755;nom
emji_mains_en_prière;749;nr
argent;747;nom
travailler;747;ver
tant;746;adv_sup
ca;746;nr
partir;734;ver
moment;733;nom
etc;729;adv
riche;728;adj
place;724;nom
vidéo;723;adj
plutôt;720;adv
certains;711;adj_ind
aucun;704;adj_ind
premier;703;adj
mot;700;nom
rendre;696;ver
appeler;694;ver
école;683;nom
meilleur;682;adj
niveau;682;nom
jouer;682;ver
part;679;nom
magnifique;663;adj
dame;662;ono
genre;662;nom
ici;658;adv_sup
adorer;655;ver
politique;646;nom
palestinien;646;adj
israël;641;nr
sûr;634;adj
sous;630;pre
continuer;628;ver
famille;622;nom
cet;621;adj_dem
emji_mains_levées;619;nr
lire;619;ver
importer;618;ver
apprendre;617;ver
dernier;613;adj
ta;613;adj_pos
3;611;num
exemple;603;nom
monsieur;600;nom_sup
sujet;597;nom
compte;596;nom
genève;590;nr
cause;590;nom
perdre;589;ver
partie;589;nom
manquer;589;ver
histoire;587;nom
société;587;nom
plein;586;pre
sortir;586;ver
point;586;nom_sup
entendre;580;ver
idée;577;nom
fin;577;nom
pauvre;577;adj
emji_visage_souriant_avec_coeurs;574;nr
cher;571;adj
autant;567;adv_sup
aucune;566;adj_ind
pendant;566;pre
oublier;565;ver
rts;557;nr
manger;557;ver
ailleurs;555;adv_sup
permettre;554;ver
emji_visage_en_pleine_réflexion;551;nr
écrire;551;ver
parent;548;nom
malheureusement;546;adv
gros;544;adj
assez;544;adv_sup
côté;543;nom
paix;540;nom
finir;540;ver
social;539;adj
population;538;nom
revenir;537;ver
peuple;536;nom
heure;531;nom
respect;530;nom
espérer;527;ver
gauche;525;nom
peut_être;523;adv_sup
mort;522;nom
attendre;519;ver
nom;519;nom
commencer;518;ver
servir;516;ver
tuer;515;ver
bah;515;ono
hamas;513;nr
emji_visage_avec_bouche_ouverte;510;nom
lieu;510;nom
faux;509;adj
super;504;adj
tête;503;nom
pareil;500;adj
moyen;496;nom
dieu;494;nom
50;492;num
violence;490;nom
pourtant;490;adv_sup
aider;489;ver
10;486;num
simple;484;adj
système;483;nom
dont;483;pro_rel
simplement;480;adv
million;476;nom_sup
classe;475;nom
souvent;475;adv_sup
manifestation;474;nom
droite;472;nom
prix;470;nom
triste;469;adj
public;468;nom
chat;467;nom
vieux;463;adj
montrer;463;ver
ville;462;nom
palestine;462;nr
voilà;460;pre
5;459;num
enfin;458;adv_sup
fille;458;nom
emji_drapeau_suisse;455;nom
entreprise;455;nom
pire;454;adj
emji_visage_roulant_des_yeux;453;nom
impôt;451;nom
4;449;num
salaire;448;nom
loi;448;nom
emji_visage_qui_pleure_à_chaudes_larmes;446;nr
créer;446;ver
nouveau;445;adj
répondre;441;ver
chercher;437;ver
normal;435;adj
maison;431;nom
madame;431;nom_sup
emji_visage_souriant_avec_yeux_rieurs;430;nom
façon;429;nom
seulement;428;adv
retrouver;428;ver
blanc;427;adj
article;426;nom
accent;426;nom
acheter;425;ver
quelques;423;adj_ind
rapport;423;nom
loin;422;adv_sup
jeu;420;nom
essayer;419;ver
réponse;414;nom
propre;413;adj
manifester;413;ver
gaza;413;nr
tes;412;adj_pos
mauvais;412;adj
armée;412;nom
soutenir;410;ver
dommage;409;ono
préférer;409;ver
poser;406;ver
ben;405;nom_sup
respecter;405;ver
puis;405;con
rappeler;404;ver
justement;404;adv
eau;403;nom
voiture;402;nom
service;402;nom
santé;401;nom
écouter;399;ver
garder;397;ver
journée;395;nom
mois;394;nom
oh;394;ono
sembler;394;ver
défendre;390;ver
plusieurs;388;adj_ind
sinon;387;con
réalité;386;nom
ami;385;nom
exactement;385;adv
valoir;385;ver
fou;382;adj
heureux;382;adj
terre;381;nom
fort;380;adv_sup
plaisir;379;nom
agir;379;ver
quelque;378;adj_ind
coeur;377;nom
air;376;nom
reportage;375;nom
possible;374;adj
manière;374;nom
foutre;374;ver
quelqu_un;374;pro_ind
mêmes;372;pro_ind
ouvrir;372;ver
force;372;adj_ind
vite;371;adv_sup
mdr;371;nr
expliquer;371;ver
truc;370;nom
20;370;num
gagner;370;ver
incroyable;368;adj
bidet;367;nom
europe;366;nr
oeil;365;nom
génération;364;nom
canton;364;nom
gouvernement;363;nom
protéger;363;ver
interdire;363;ver
trump;363;nr
bas;362;adj
couper;360;ver
situation;360;nom
heureusement;356;adv
honte;356;nom
israélien;356;adj
avis;354;nom
liberté;353;nom
père;352;nom
génocide;352;nom
partout;350;adv_sup
âge;348;nom
sauf;348;pre
mec;344;nom
absolument;341;adv
imaginer;341;ver
cours;341;nom
choix;341;nom
reconnaître;340;ver
assurance;340;nom
également;339;adv
langue;337;nom
peur;336;nom
terme;335;nom
équipe;335;nom
rue;334;nom
ok;334;adj_sup
rire;333;ver
mère;332;nom
aide;332;nom
emji_visage_souriant_aux_yeux_rieurs;330;nom
hiver;329;nom
otage;327;nom
important;325;adj
solution;325;nom
chance;324;nom
emji_pouce_vers_le_haut;323;nom
recevoir;321;ver
base;320;nom
hein;318;ono
main;318;nom
haut;316;nom
image;315;nom
occuper;315;ver
100;313;num
selon;313;pre
extrême;313;adj
début;312;nom
suivre;311;ver
ainsi;311;adv_sup
faute;310;nom
chacun;310;pro_ind
argument;310;nom
naître;309;ver
étude;308;nom
celui;308;pro_dem
tomber;308;ver
archive;307;nom
effet;307;nom
justice;307;nom
augmenter;307;ver
long;305;adj
étranger;304;nom
longtemps;304;adv_sup
000;302;num
contraire;301;nom
emji_visage_avec_des_étoiles_à_la_place_des_yeux;300;nr
maladie;300;nom
facile;300;adj
sécurité;300;nom
semaine;300;nom
journaliste;298;nom
policier;298;nom
80;297;num
nourrir;297;ver
combien;297;adv_sup
raciste;297;adj
lausanne;296;nr
partager;296;ver
dur;293;adj
6;293;num
certaines;292;adj_ind
choisir;290;ver
envie;290;nom
mode;290;nom
actuel;290;adj
frontalier;289;adj
2025;288;num
emji_visage_boudeur;287;nom
différence;286;nom
mériter;286;ver
ensuite;286;adv_sup
nombre;286;nom
groupe;284;nom
train;284;nom
clairement;283;adv
7;282;num
vive;281;ono
ancien;281;adj
30;281;num
éviter;281;ver
suffire;280;ver
peine;280;nom
franchement;279;adv
risque;279;nom
bref;278;adv
parfois;277;adv_sup
devant;277;pre
effectivement;277;adv
majorité;277;nom
traiter;276;ver
presque;275;adv_sup
génial;275;adj
meme;275;nr
vers;275;pre
laver;275;ver
battre;274;ver
face;274;nom
intéressant;273;adj
amour;273;nom
noir;273;adj
caisse;273;nom
baisser;273;ver
nature;272;nom
propos;272;nom
nouvelle;272;adj
remettre;271;ver
jusqu_à;271;pre
renard;271;nom
toucher;270;ver
victime;270;nom
tenir;270;ver
info;269;nom
civil;268;adj
détruire;268;ver
plaindre;268;ver
éducation;267;nom
international;267;adj
dimanche;266;nom
complètement;266;adv
feu;266;nom
voter;266;ver
réseau;265;nom
valeur;265;nom
exprimer;262;ver
joli;262;adj
souhaiter;262;ver
intérêt;262;nom
terroriste;262;nom
tard;261;adv_sup
marcher;261;ver
accepter;261;ver
métier;260;nom
égalité;260;nom
porter;260;ver
corps;259;nom
difficile;258;adj
porte;257;nom
humanité;257;nom
pied;257;nom
type;254;nom
vérité;253;nom
preuve;252;nom
profiter;252;ver
celle;251;pro_dem
courage;251;nom
source;251;nom
logique;250;adj
envoyer;250;ver
route;250;nom
gars;249;nom
offrir;249;ver
derrière;249;pre
libre;249;adj
voler;248;ver
suite;248;nom
franc;247;adj
culture;247;nom
grâce;246;pre
sûrement;246;adv
totalement;244;adv
touchant;242;adj
but;242;nom
initiative;242;nom
représenter;241;ver
dessus;239;adv_sup
casser;239;ver
réfléchir;239;ver
60;238;num
concerner;238;ver
e;238;nom_sup
pratique;238;adj
toilette;237;nom
dès;236;pre
vendre;235;ver
noël;235;nom
haine;234;nom
mourir;232;ver
allemand;232;adj
arme;232;nom
ouais;231;adv_sup
européen;231;adj
réel;231;adj
obliger;230;ver
discours;230;nom
garçon;229;nom
uniquement;229;adv
rentrer;229;ver
grave;228;adj
excellent;228;adj
information;227;nom
content;227;adj
voisin;227;nom
racisme;227;nom
taxe;226;nom
adulte;225;nom
résultat;225;nom
différent;225;adj
ultra;225;adj
plupart;224;adv_sup
média;223;nom
fonctionner;223;ver
bonheur;223;nom
citoyen;223;nom
ia;223;nr
drôle;222;adj
cadeau;222;nom
poste;222;nom
doute;221;nom
empêcher;221;ver
sérieux;220;adj
crime;220;nom
qualité;219;nom
fermer;219;ver
clair;218;adj
minimum;218;nom
sport;217;nom
enfance;217;nom
prochain;217;adj
froid;216;adj
15;216;num
taxer;216;ver
israel;216;nr
chiffre;215;nom
manifestant;215;nom
évidemment;214;adv
livre;214;nom
tourner;213;ver
fond;213;nom
physique;213;adj
attention;213;ono
70;212;num
mignon;212;adj
voix;212;nom
règle;212;nom
lol;210;nr
habiter;210;ver
sauver;210;ver
perso;209;adj
naturel;209;adj
gentil;209;adj
entier;209;adj
mondial;209;adj
produit;208;nom
esprit;207;nom
subir;207;ver
top;207;nom
économie;207;nom
revoir;206;ver
cacher;205;ver
milliard;205;nom
juif;205;adj
photo;204;nom
blague;204;nom
envers;204;pre
fortune;203;nom
produire;203;ver
bout;202;nom
étonner;202;ver
bcp;202;nr
moyenne;202;nom
svp;201;adv
cest;201;nr
économique;201;adj
emji_visage_retenant_ses_larmes;201;nom
emji_visage_envoyant_un_bisou;200;nom
national;200;adj
2000;200;num
fédéral;200;adj
prouver;200;ver
soir;200;nom
merveilleux;199;adj
hors;198;pre
bosser;198;ver
élève;197;nom
parole;197;nom
personnel;197;adj
privé;197;adj
malgré;196;pre
débat;196;nom
refuser;196;ver
élastique;195;nom
tirer;194;ver
retour;193;nom
90;193;num
vivant;193;adj
bonjour;193;nom
moitié;192;nom
etait;192;nr
italien;192;adj
8;192;num
40;191;num
énergie;191;nom
merde;191;ono
soin;191;nom
arabe;191;nom
oser;190;ver
forme;190;nom
douche;190;nom
démocratie;190;nom
financer;190;ver
phrase;189;nom
nombreux;189;adj
âme;189;nom
fait;189;nom
banque;189;nom
emji_visage_de_clown;188;nom
soutien;188;nom
lien;187;nom
mesure;187;nom
certain;187;adj_ind
chaud;186;adj
changement;186;nom
condition;186;nom
décider;186;ver
région;186;nom
général;186;nom
responsable;185;adj
endroit;185;nom
emji_étincelles;185;nr
total;185;adj
user;185;ver
origine;184;nom
couple;184;nom
forcément;184;adv
autoriser;184;ver
udc;184;nr
compter;183;ver
américain;183;adj
retourner;182;ver
capable;182;adj
millier;182;nom
musulman;182;adj
neige;181;nom
ensemble;181;adv
coûter;181;ver
emji_mains_en_prière_peau_claire;181;nr
pro;181;nom
proposer;180;ver
comparer;180;ver
client;180;nom
0;180;num
impression;180;nom
dangereux;180;adj
prime;180;nom
prison;180;nom
ordre;180;nom
gamin;179;nom
intéresser;179;ver
proche;179;adj
final;179;adj
coût;179;nom
date;178;nom
renseigner;178;ver
charger;178;ver
con;177;pro_per
réussir;177;ver
marché;177;nom
jeunesse;176;nom
commettre;176;ver
imposer;175;ver
évoluer;174;ver
emploi;174;nom
obligatoire;173;adj
massacre;173;nom
participer;172;ver
beauté;172;nom
planète;172;nom
ridicule;172;adj
réduire;172;ver
témoignage;171;nom
lorsque;171;con
chien;171;nom
message;171;nom
militaire;171;adj
limite;171;nom
horreur;170;nom
choquer;170;ver
titre;170;nom
souci;170;nom
disparaître;169;ver
film;169;nom
internet;169;nom
prof;169;nom
erreur;168;nom
considérer;168;ver
émission;168;nom
unir;168;ver
accueillir;168;ver
fils;167;nom
certainement;167;adv
matin;167;nom
téléphone;166;nom
pleurer;165;ver
match;165;nom
italie;164;nr
climatique;164;adj
apporter;164;ver
justifier;164;ver
pensée;163;nom
emji_visage_qui_hurle_de_peur;163;nom
monter;163;ver
projet;163;nom
maman;163;nom
déranger;163;ver
mental;163;adj
expression;163;nom
calcul;163;nom
fier;162;ver
emji_visage_souriant;162;nom
fête;162;nom
conscience;162;nom
pain;162;nom
retraite;162;nom
opinion;162;nom
attaquer;162;ver
courir;161;ver
commun;160;nom
finalement;159;adv
plaire;159;ver
course;159;nom
bientôt;159;adv
copain;158;nom
prêt;158;adj
25;158;num
p;158;nr
courant;158;nom
actuellement;158;adv
intelligent;158;adj
rouler;157;ver
sympa;157;adj
compliqué;157;adj
emji_visage_souriant_avec_yeux_plissés;157;nr
carte;157;nom
tiens;157;ono
hier;156;adv_sup
adorable;156;adj
atteindre;156;ver
responsabilité;156;nom
fumer;156;ver
sud;156;nom
autour;156;adv_sup
acte;156;nom
juger;155;ver
boulot;155;nom
violent;155;adj
lors;155;adv_sup
consommation;155;nom
etre;155;nr
assurer;155;ver
critiquer;154;ver
décision;154;nom
rêve;153;nom
vacance;153;nom
georges;153;nr
présenter;153;ver
gérer;153;ver
action;153;nom
emji_visage_avec_un_léger_sourire;152;nr
direct;152;nom
nuit;152;nom
danger;152;nom
chrétien;152;adj
bloquer;152;ver
emji_visage_avec_un_sourire_malin;151;nom
musique;151;nom
ressembler;151;ver
utile;151;adj
manif;151;nom
lier;150;ver
tel;150;adj_ind
dépendre;150;ver
vol;150;nom
celles;150;pro_dem
dépasser;150;ver
employé;150;nom
criminel;150;nom
effort;149;nom
cerveau;149;nom
habitude;149;nom
cesser;149;ver
couleur;148;nom
inventer;148;ver
enlever;148;ver
or;148;con
quitter;148;ver
zone;148;nom
bête;147;adj
vélo;147;nom
désolé;147;adj
frais;147;adj
critique;147;adj
lac;146;nom
emji_visage_très_souriant_aux_yeux_rieurs;146;nr
raconter;146;ver
assumer;146;ver
affaire;146;nom
président;146;nom
rare;146;adj
directement;146;adv
héritage;146;nom
billet;145;nom
papier;145;nom
passage;145;nom
lorsqu;145;con
vote;145;nom
sauvage;144;adj
doigt;144;nom
foot;144;nom
essentiel;144;nom
loyer;143;nom
cheveu;143;nom
remarquer;143;ver
leçon;143;nom
avance;143;nom
principe;143;nom
puisque;143;con
gosse;142;nom
sacré;142;adj
découvrir;142;ver
nécessaire;141;adj
village;141;nom
énorme;141;adj
augmentation;141;nom
scientifique;141;adj
ya;140;nom
inutile;140;adj
impossible;140;adj
emji_visage_souriant_avec_une_larme;140;nom
conflit;140;nom
ps;140;nr
dénoncer;140;ver
siècle;139;nom
soigner;139;ver
plan;139;nom
post;139;adv
marier;139;ver
fameux;139;adj
transport;139;nom
afrique;139;nr
mentalité;138;nom
tour;138;nom
pousser;138;ver
vaudois;138;adj
soi;138;pro_per
voie;138;nom
campagne;138;nom
autorité;138;nom
frontière;138;nom
emji_visage_qui_tire_la_langue_et_fait_un_clin_d_oeil;137;nr
élevé;137;adj
mouvement;137;nom
appliquer;137;ver
engager;137;ver
réflexion;136;nom
12;136;num
conseil;136;nom
libérer;136;ver
bouger;136;ver
nourriture;135;nom
arrière;135;ono
jean;135;nom
présent;135;nom
éduquer;135;ver
degré;135;nom
caissier;135;nom
magasin;135;nom
accès;135;nom
soleil;134;nom
cool;134;adj
apparemment;134;adv
plastique;134;nom
chf;134;nr
conséquence;134;nom
condamner;133;ver
polluer;133;ver
gratuit;133;adj
réellement;133;adv
excuser;132;ver
adapter;132;ver
rôle;131;nom
malade;131;adj
supporter;131;ver
accident;131;nom
supprimer;131;ver
gauchiste;131;adj
dehors;130;ono
emji_ok;130;nom
peau;130;nom
sauter;130;ver
illégal;130;adj
bizarre;130;adj
milieu;130;nom
inquiéter;130;ver
attaque;130;nom
onu;130;nr
perte;129;nom
probablement;129;adv
conseiller;129;ver
emji_visage_qui_fait_un_câlin;129;nr
table;129;nom
genocide;129;nr
drogue;128;nom
période;128;nom
goût;128;nom
dos;128;nom
honteux;128;adj
répéter;128;ver
comportement;128;nom
recherche;128;nom
hôpital;128;nom
sac;128;nom
médecin;128;nom
féminin;128;adj
contrôle;128;nom
emji_coeur_cartes;127;nr
bain;127;nom
bande;127;nom
régime;127;nom
jeter;126;ver
connaissance;126;nom
légal;126;adj
emji_visage_qui_rougit;126;nom
informer;126;ver
sorte;126;nom
gueule;126;nom
sioniste;126;adj
paraître;125;ver
art;125;nom
emji_visage_pensif;125;nom
construire;125;ver
unique;125;adj
taux;125;nom
vaud;124;nr
mari;124;nom
boire;124;ver
objet;124;nom
remplir;124;ver
intelligence;123;nom
climat;123;nom
expérience;123;nom
futur;123;nom
contrairement;122;adv
minute;122;nom
haha;122;ono
pur;122;adj
combat;122;nom
notamment;122;adv
avancer;122;ver
centre;122;nom
professionnel;122;adj
détester;121;ver
frère;121;nom
connerie;121;nom
emji_visage_soulagé;121;nr
méchant;121;adj
environ;121;adv_sup
espèce;121;nom
1er;120;nr
montagne;120;nom
reposer;120;ver
remplacer;120;ver
définition;120;nom
local;120;adj
bois;119;nom
richesse;119;nom
confirmer;119;ver
parfaire;119;ver
habiller;119;ver
jurer;119;ver
ukraine;119;nr
religion;119;nom
poule;119;nom
avion;118;nom
eh;118;ono
wesh;118;nr
tromper;118;ver
café;118;nom
consommer;118;ver
protection;118;nom
visiblement;118;adv
organiser;117;ver
style;117;nom
trois;117;adj_num
simplicité;117;nom
patron;117;nom
afin;117;adv_sup
avantage;117;nom
visage;117;nom
territoire;117;nom
balle;117;nom
lancer;116;ver
emji_visage_grimaçant;116;nr
voyage;116;nom
nord;116;nom
émouvant;116;adj
anglais;116;nom
ligne;116;nom
étonnant;115;adj
ménage;115;nom
obtenir;115;ver
neutre;115;adj
hygiène;115;nom
vocabulaire;114;nom
espace;114;nom
innocent;114;adj
développer;114;ver
insulter;114;ver
souffrir;114;ver
doux;114;adj
ceci;114;pro_dem
langage;114;nom
200;114;num
complice;114;nom
habitant;113;nom
quotidien;113;adj
méthode;113;nom
rouge;113;adj
constater;113;ver
reprendre;113;ver
milliardaire;113;nom
budget;112;nom
concernant;112;pre
mentionner;112;ver
9;112;num
genevois;112;adj
salle;112;nom
prévoir;112;ver
statistique;112;adj
acteur;112;nom
plaque;112;nom
investir;112;ver
h;111;nr
emji_visage_avec_une_main_sur_la_bouche;111;nom
avenir;111;nom
emji_tête_de_fou;111;nr
emji_singe_ne_rien_voir;111;nom
installer;111;ver
anti;111;adv_sup
immigration;110;nom
emji_tête_à_l_envers;110;nr
site;110;nom
vision;110;nom
largement;110;adv
octobre;110;nom
vêtement;110;nom
relever;110;ver
certes;110;adv_sup
inviter;109;ver
euro;109;nom
différents;109;adj_ind
tristesse;109;nom
arbre;109;nom
durant;109;pre
énormément;109;adv
fromage;109;nom
chemin;109;nom
socialiste;109;adj
viser;108;ver
science;108;nom
taper;108;ver
chou;108;nom
bébé;108;nom
correctement;108;adv
joyeux;107;adj
machine;107;nom
décennie;107;nom
personnellement;107;adv
réveiller;107;ver
dedans;107;adv_sup
commenter;107;ver
nationalité;107;nom
emji_notes_de_musique;106;nom
emji_yeux;106;nom
seconde;106;nom
pari;106;nom
chanson;106;nom
centaine;106;nom
bêtise;106;nom
2023;106;num
2024;106;num
impact;106;nom
politicien;105;nom
regard;105;nom
emji_visage_de_geek;105;nom
féministe;105;adj
dépenser;105;ver
jésus;105;nom
dormir;105;ver
emji_biceps_contracté;105;nr
16;105;num
confiance;104;nom
confondre;104;ver
saint;104;nom
tranquille;104;adj
amuser;104;ver
membre;104;nom
saison;104;nom
contrôler;104;ver
chine;104;nom
emji_crâne;104;nr
prisonnier;104;nom
d_abord;103;adv_sup
interview;103;nom
activité;103;nom
déplacer;103;ver
appartenir;103;ver
ajouter;103;ver
priorité;103;nom
frapper;103;ver
cul;102;nom
lumière;102;nom
pote;102;nom
terminer;102;ver
contexte;102;nom
rigoler;102;ver
matériel;102;nom
financier;102;adj
russie;102;nr
emji_visage_avec_lunettes_de_soleil;101;nom
jusqu_au;101;pre
bus;101;nom
hyper;101;adv
crier;101;ver
enseignant;101;nom
formation;101;nom
wow;101;nr
job;101;nom
commerce;101;nom
etat;101;nr
fiscal;101;adj
brésil;101;nom
camp;100;nom
14;100;num
objectif;100;nom
parfaitement;100;adv
emji_visage_souriant_avec_auréole;100;nr
obligation;100;nom
réagir;100;ver
humour;100;nom
crise;100;nom
mener;100;ver
emji_visage_qui_regarde_entre_ses_doigts;100;nom
domaine;100;nom
training;100;nom
autorisation;100;nom
continent;100;nom
soudan;100;nr
terrain;99;nom
roi;99;nom
boîte;99;nom
respectueux;99;adj
horrible;99;adj
sagesse;99;nom
cadre;99;nom
inverse;99;nom
marre;99;adv
apprentissage;99;nom
âgé;98;adj
viande;98;nom
chaleur;98;nom
alcool;97;nom
double;97;adj
soeur;97;nom
apprécier;97;ver
ski;97;nom
x;97;adj_num
nan;97;nom
ramener;97;ver
poche;97;nom
retenir;97;ver
affirmer;97;ver
certaine;97;adj_ind
sortie;97;nom
arranger;97;ver
sol;97;nom
cash;97;adv
capitalisme;97;nom
artiste;96;nom
emji_visage_qui_vomit;96;nom
discuter;96;ver
quels;96;adj_int
caméra;96;nom
moindre;96;adj_sup
fruit;96;nom
extrêmement;96;adv
volonté;96;nom
emji_visage_avec_un_monocle;96;nom
berner;96;ver
travers;96;nom
organisation;96;nom
pacifique;96;adj
logement;96;nom
confort;96;nom
ressource;96;nom
islamiste;96;adj
purée;95;nom
romand;95;adj
vide;95;adj
vitesse;95;nom
fan;95;nom
telle;95;adj_ind
émotion;95;nom
marque;95;nom
amérique;95;nom
race;95;nom
migros;95;nr
traitement;95;nom
papa;94;nom
conduire;94;ver
champion;94;nom
dingue;94;adj
parmi;94;pre
citer;94;ver
vérifier;94;ver
hasard;93;nom
fondue;93;nom
sale;93;adj
emji_pouce_vers_le_haut_peau_claire;93;nom
deja;93;nr
new;93;adj
laquelle;93;pro_rel
moquer;93;ver
enquête;93;nom
humanitaire;93;adj
cessez_le_feu;93;nom
profil;92;nom
vert;92;adj
mineur;92;adj
1948;92;num
stop;91;nom
calme;91;nom
relire;91;ver
réaliser;91;ver
chef;91;nom
mémoire;91;nom
sourire;91;ver
vin;91;nom
intérieur;91;nom
réjouir;91;ver
préparer;91;ver
contribuer;91;ver
programme;91;nom
mentir;91;ver
misère;91;nom
avouer;90;ver
bras;90;nom
refaire;90;ver
foyer;90;nom
sérieusement;90;adv
bel;90;adj
pardon;90;ono
18;90;num
actualité;90;nom
particulier;90;adj
amener;90;ver
emji_renard;90;nom
marrant;89;adj
flic;89;nom
véritable;89;adj
ressentir;89;ver
compagnie;89;nom
emji_coeur_brisé;89;nr
fonction;89;nom
principal;89;adj
chaîne;89;nom
communauté;89;nom
nation;89;nom
transformer;89;ver
achat;89;nom
drone;89;nom
riz;89;nom
casseur;89;nom
échange;88;nom
ds;88;nr
évolution;88;nom
tenter;88;ver
écran;88;nom
matière;88;nom
entrer;88;ver
ciel;88;nom
danse;88;nom
précis;88;adj
dirigeant;88;nom
liste;88;nom
catastrophe;87;nom
raisonnement;87;nom
concept;87;nom
quartier;87;nom
bordel;87;nom
individu;87;nom
décéder;87;ver
rappel;87;nom
usage;87;nom
i;87;nom
positif;87;adj
corruption;87;nom
hériter;87;ver
sanction;87;nom
travailleur;86;nom
demain;86;adv_sup
vivement;86;adv
célestin;86;nom
chier;86;ver
complet;86;adj
forcer;86;ver
occidental;86;adj
foi;86;nom
pollution;86;nom
démontrer;86;ver
supérieur;86;adj
tt;86;nr
bombarder;86;ver
traverser;86;ver
oreille;85;nom
étudiant;85;nom
relation;85;nom
professeur;85;nom
verre;85;nom
couvrir;85;ver
cinéma;85;nom
ignorer;85;ver
emji_visage_avec_des_symboles_dans_la_bouche;85;nom
diminuer;85;ver
dizaine;85;nom
bouteille;85;nom
belgique;85;nom
casque;85;nom
11;85;num
récupérer;85;ver
déclarer;85;ver
encourager;85;ver
facilement;85;adv
ouf;84;ono
pression;84;nom
fribourg;84;nr
historique;84;adj
morale;84;nom
surprise;84;nom
emji_visage_épuisé;84;nr
jugement;84;nom
joie;84;nom
limiter;84;ver
féminisme;84;nom
minorité;84;nom
problématique;84;adj
analyse;83;nom
faible;83;adj
tôt;83;adv
gant;83;nom
autrement;83;adv
exceptionnel;83;adj
emji_visage_festif;83;nom
gare;83;ono
emji_colombe;83;nom
emji_mains_qui_forment_un_coeur;83;nr
ue;83;nr
primaire;83;adj
accuser;83;ver
signer;83;ver
ha;82;ono
réchauffement;82;nom
chouette;82;ono
association;82;nom
technique;82;adj
égal;82;adj
sain;82;adj
quant;82;nom_sup
désir;82;nom
emji_chat_souriant_aux_yeux_en_coeurs;82;nr
mensonge;82;nom
tjs;82;nr
fabriquer;82;ver
retirer;82;ver
club;82;nom
environnement;82;nom
hypocrisie;81;nom
bleu;81;adj
hahaha;81;nr
mur;81;nom
télé;81;nom
pub;81;nom
tres;81;nr
pitié;81;nom
voire;81;adv_sup
amende;81;nom
grandir;81;ver
tendance;81;nom
dégât;81;nom
sexe;81;nom
accompagner;81;ver
lutte;81;nom
emji_trèfle_à_quatre_feuilles;80;nr
correct;80;adj
oeuvre;80;nom
humilité;80;nom
pertinent;80;adj
survivre;80;ver
soirée;80;nom
emji_deux_coeurs;80;nr
départ;80;nom
covid;80;nr
blesser;80;ver
désoler;80;ver
prétendre;80;ver
emji_visage_rieur;79;nom
us;79;nom
scandale;79;nom
balancer;79;ver
personnage;79;nom
repas;79;nom
appel;79;nom
forêt;79;nom
soldat;79;nom
lequel;79;pro_rel
bruit;79;nom
poubelle;79;nom
bouche;79;nom
confédération;79;nom
inspirer;79;ver
position;79;nom
profit;79;nom
mamie;79;nom
chômage;79;nom
rêver;78;ver
réaction;78;nom
terrible;78;adj
scolaire;78;adj
souffrance;78;nom
série;78;nom
consommateur;78;nom
masse;78;nom
brûler;78;ver
véhicule;78;nom
monnaie;78;nom
chasseur;78;nom
investissement;78;nom
belge;77;adj
difficulté;77;nom
page;77;nom
magique;77;adj
soumettre;77;ver
r;77;nr
écologique;77;adj
publication;77;nom
drapeau;77;nom
formidable;77;adj
idéologie;77;nom
ignorance;77;nom
emji_visage_qui_fond;77;nom
arrêt;77;nom
africain;77;adj
littéralement;77;adv
emji_drapeau_territoires_palestiniens;77;nom
emji_femme_qui_hausse_les_épaules;76;nr
incapable;76;adj
défense;76;nom
immense;76;adj
17;76;num
poids;76;nom
impressionnant;76;adj
transmettre;76;ver
individuel;76;adj
voleur;76;nom
gruyère;76;nom
nettoyer;76;ver
pièce;76;nom
coller;76;ver
annoncer;76;ver
luxe;76;nom
fondamental;76;adj
posséder;76;ver
chanter;75;ver
complexe;75;adj
carrément;75;adv
bio;75;adj
nul;75;adj_ind
pourri;75;adj
chocolat;75;nom
texte;75;nom
autoroute;75;nom
taille;75;nom
près;75;pre
remercier;75;ver
cependant;75;con
possibilité;75;nom
baser;75;ver
sang;75;nom
exact;75;adj
filmer;75;ver
joueur;75;nom
débile;75;adj
collectif;75;nom
deuxième;75;adj
free;75;nr
rassurer;74;ver
pr;74;nr
passion;74;nom
préciser;74;ver
lever;74;ver
quasi;74;adv_sup
pierre;74;nom
quasiment;74;adv
espagne;74;nr
appartement;74;nom
fuir;74;ver
rapide;74;adj
malheureux;74;adj
restaurant;74;nom
alimentaire;74;adj
cancer;74;nom
putain;73;nom
génie;73;nom
13;73;num
intervention;73;nom
silence;73;nom
former;73;ver
collègue;73;nom
tenue;73;nom
retard;73;nom
engagement;73;nom
congo;73;nr
emji_visage_avec_les_sourcils_relevés;72;nr
enseigner;72;ver
radio;72;nom
emji_visage_souriant_avec_de_grands_yeux;72;nom
emji_visage_avec_fumée_sortant_des_narines;72;nr
oiseau;72;nom
idem;72;adv
vache;72;nom
création;72;nom
the;72;nr
coin;72;nom
lapin;72;nom
tjrs;72;nr
stade;72;nom
maintenir;72;ver
améliorer;72;ver
emji_applaudissements_peau_claire;72;nom
censé;72;adj
ubs;72;nr
pauvreté;72;nom
quelles;72;adj_int
événement;72;nom
technologie;72;nom
ex;72;nr
coupable;72;adj
publier;71;ver
mtn;71;nr
extraordinaire;71;adj
suivant;71;pre
menace;71;nom
efficace;71;adj
agréable;71;adj
mariage;71;nom
ménager;71;ver
occasion;71;nom
jardin;71;nom
fumeur;71;nom
samedi;71;nom
diriger;71;ver
collège;71;nom
macron;71;nr
lettre;71;nom
emji_tas_de_crotte;71;nom
concret;71;adj
faim;70;nom
honnêtement;70;adv
quantité;70;nom
signe;70;nom
inégalité;70;nom
tâche;70;nom
abuser;70;ver
tv;70;nr
chaise;70;nom
emji_mains_en_prière_peau_moyennement_claire;70;nr
qualifier;70;ver
lâcher;70;ver
ukrainien;70;nom
aéroport;70;nom
bourgeois;70;nom
midi;70;nom
intervenir;70;ver
via;70;pre
neutralité;70;nom
générer;70;ver
décrire;70;ver
adopter;70;ver
convaincre;70;ver
pantalon;70;nom
étudier;70;ver
ci;69;adv_sup
sage;69;adj
nostalgie;69;nom
sincère;69;adj
empathie;69;nom
gêner;69;ver
contenir;69;ver
instagram;69;nr
norme;69;nom
apres;69;nr
mille;69;adj_num
fatiguer;69;ver
placer;69;ver
fric;69;nom
rencontrer;69;ver
intégrer;69;ver
fournir;69;ver
intention;69;nom
rapidement;69;adv
élection;69;nom
spécial;68;adj
meuf;68;nom
arrivée;68;nom
culturel;68;adj
mr;68;nr
chapeau;68;nom
crever;68;ver
hélas;68;ono
paradis;68;nom
congé;68;nom
abandonner;68;ver
honnête;68;adj
discussion;68;nom
capitaliste;68;adj
indépendant;68;adj
impliquer;68;ver
scène;68;nom
absurde;68;adj
calculer;68;ver
signifier;68;ver
finance;68;nom
croiser;67;ver
explication;67;nom
entièrement;67;adv
élire;67;ver
secret;67;nom
insta;67;nr
emji_coeur_blanc;67;nr
mélanger;67;ver
journal;67;nom
stupide;67;adj
secteur;67;nom
enfer;67;nom
bombe;67;nom
régler;67;ver
talent;66;nom
religieux;66;adj
version;66;nom
mdrrr;66;nr
moderne;66;adj
euh;66;ono
théorie;66;nom
instant;66;nom
désormais;66;adv
solidarité;66;nom
emji_visage_triste_mais_soulagé;66;nr
provoquer;66;ver
ministre;66;nom
médical;66;adj
grand_mère;65;nom
35;65;num
sexuel;65;adj
code;65;nom
déchet;65;nom
utilisation;65;nom
habit;65;nom
lourd;65;adv
jusqu;65;pre
modèle;65;nom
allemagne;65;nom
vs;65;nr
al;65;nr
colonisation;65;nom
infrastructure;65;nom
piste;64;nom
bord;64;nom
lunette;64;nom
cuisine;64;nom
tradition;64;nom
échelle;64;nom
concours;64;nom
portable;64;adj
lutter;64;ver
rejoindre;64;ver
propriétaire;64;nom
bénéfice;64;nom
officiel;64;adj
week_end;64;nom
nez;64;nom
stp;64;nr
hésiter;64;ver
qqch;64;nr
geste;64;nom
causer;64;ver
colon;64;nom
ennuyer;64;ver
millionnaire;64;adj
orient;64;nom
résoudre;64;ver
danser;63;ver
descendre;63;ver
phénomène;63;nom
cigarette;63;nom
marquer;63;ver
moche;63;adj
opposer;63;ver
davantage;63;adv_sup
sincèrement;63;adv
45;63;num
là_bas;63;adv
zéro;63;nom
fragile;63;adj
emji_homme_qui_hausse_les_épaules;63;nr
ordinateur;63;nom
punir;63;ver
sein;63;nom
célibataire;63;adj
court;62;adj
élément;62;nom
couteau;62;nom
lit;62;nom
domestique;62;nom
sentiment;62;nom
ch;62;nr
novembre;62;nom
fesse;62;nom
camion;62;nom
inscrire;62;ver
sensé;62;adj
éliminer;62;ver
dessous;62;nom_sup
généralement;62;adv
capacité;62;nom
hop;61;ono
remonter;61;ver
tort;61;nom
violer;61;ver
existence;61;nom
populaire;61;adj
direction;61;nom
emji_rose;61;nom
absolu;61;adj
don;61;nom
revanche;61;nom
digne;61;adj
libéral;61;adj
négatif;61;adj
hypocrite;61;nom
nègre;61;nom
prétexte;61;nom
orthographe;61;nom
test;61;nom
cousin;60;nom
facture;60;nom
patrimoine;60;nom
pis;60;adv_sup
scandaleux;60;adj
profond;60;adj
superbe;60;adj
chaussette;60;nom
parfait;60;adj
emji_visage_implorant;60;nom
croix;60;nom
19;60;num
cff;60;nr
égoïste;60;adj
effacer;60;ver
destruction;60;nom
comparaison;60;nom
argentin;60;adj
condoléance;60;nom
application;60;nom
donnée;60;nom
vente;60;nom
2026;60;num
shein;60;nr
schneck;60;nr
rapporter;59;ver
légende;59;nom
epoque;59;nr
bateau;59;nom
ramasser;59;ver
nu;59;adj
exposer;59;ver
prénom;59;nom
trou;59;nom
douceur;59;nom
félicitation;59;nom
figure;59;nom
entraîner;59;ver
bureau;59;nom
garantir;59;ver
entrée;59;nom
promettre;59;ver
surprendre;59;ver
favoriser;59;ver
horaire;59;nom
hausse;59;nom
reconnaissance;59;nom
cisjordanie;59;nr
électrique;58;adj
écologie;58;nom
coucher;58;ver
recette;58;nom
agression;58;nom
ect;58;nr
sportif;58;adj
24;58;num
production;58;nom
pseudo;58;nom_sup
fonds;58;nom
industrie;58;nom
maîtresse;58;nom
interdiction;58;nom
taire;58;ver
suffisant;58;adj
notion;58;nom
turc;58;adj
ficher;58;ver
emji_visage_qui_fait_un_salut_militaire;58;nom
vent;57;nom
jet;57;nom
naissance;57;nom
viol;57;nom
co;57;adv
extérieur;57;nom
familial;57;adj
auto;57;nom
curieux;57;adj
masculin;57;adj
wc;57;nr
emji_tête_qui_explose;57;nr
business;57;nom
ancêtre;57;nom
présence;57;nom
institution;57;nom
précédent;57;nom
invention;57;nom
exploser;57;ver
uns;57;pro_ind
paquet;57;nom
avs;57;nr
équilibre;57;nom
approcher;57;ver
emji_mains_qui_forment_un_coeur_peau_claire;57;nr
évident;57;adj
com;57;nom
dossier;57;nom
immigré;57;nom
exploiter;57;ver
chute;57;nom
300;57;num
blessé;57;nom
emji_drapeau_israël;57;nr
terrorisme;57;nom
massacrer;57;ver
armer;57;ver
netanyahu;57;nr
km;56;adv
enrichir;56;ver
tendre;56;ver
moto;56;nom
gestion;56;nom
julien;56;adj
pneu;56;nom
contenter;56;ver
bâtiment;56;nom
pratiquer;56;ver
précisément;56;adv
black;56;adj
communiste;56;adj
pigeon;56;nom
contribuable;56;nom
légume;56;nom
dépense;56;nom
démocratique;56;adj
puisqu;55;con
reprocher;55;ver
emji_visage_éméché;55;nr
harcèlement;55;nom
carrière;55;nom
pépite;55;nom
cycle;55;nom
piquer;55;ver
construction;55;nom
classique;55;adj
voyager;55;ver
clope;55;nom
estimer;55;ver
pull;55;nom
près_de;55;adv
22;55;num
gâteau;55;nom
pâtisserie;55;nom
emji_homme_qui_hausse_les_épaules_peau_légèrement_mate;55;nr
hâte;55;nom
flux;55;nom
observer;55;ver
négocier;55;ver
piscine;54;nom
hauteur;54;nom
poisson;54;nom
débattre;54;ver
piéton;54;nom
bouffer;54;ver
créateur;54;nom
majeur;54;adj
prononcer;54;ver
référence;54;nom
in;54;adj_sup
rajouter;54;ver
structure;54;nom
identité;54;nom
parcours;54;nom
gaucho;54;nom
déni;54;nom
récré;54;nom
serviette;54;nom
pomme;54;nom
équivalent;54;nom
actif;54;adj
bénéficier;54;ver
500;54;num
coop;54;nr
liban;54;nr
espoir;53;nom
compétition;53;nom
maître;53;nom
planter;53;ver
cour;53;nom
moral;53;nom
puissance;53;nom
apparaître;53;ver
v;53;nom_sup
2022;53;num
compétence;53;nom
youtube;53;nr
emji_visage_blasé;53;nr
poster;53;ver
regretter;53;ver
assassiner;53;ver
occident;53;nom
alimenter;53;ver
pétrole;53;nom
verser;53;ver
trafic;53;nom
commerçant;53;nom
neuchâtel;53;nr
nier;53;ver
conscient;53;adj
75;53;num
football;53;nom
récréation;53;nom
toxique;53;adj
constat;53;nom
multiplication;53;nom
musée;52;nom
plat;52;nom
entourer;52;ver
lendemain;52;nom_sup
bernard;52;nr
rythme;52;nom
emji_étoile_brillante;52;nr
facteur;52;nom
mince;52;ono
énerver;52;ver
éthique;52;nom
gaz;52;nom
respirer;52;ver
1000;52;num
comporter;52;ver
odeur;52;nom
ouai;52;nr
st;52;nr
netflix;52;nr
foule;52;nom
commercial;52;adj
chasser;52;ver
portugal;52;nr
eux_mêmes;52;pro_per
puissant;52;adj
maximum;52;nom
lecture;52;nom
drame;52;nom
victoire;51;nom
insupportable;51;adj
anniversaire;51;nom
diviser;51;ver
adresse;51;nom
supposer;51;ver
malin;51;adj
réserver;51;ver
sanctionner;51;ver
suffisamment;51;adv
asie;51;nr
excuse;51;nom
emji_personne_avec_la_paume_sur_le_visage;51;nom
emji_homme_qui_hausse_les_épaules_peau_claire;51;nr
légitime;51;adj
tels;51;adj_ind
chinois;51;nom
cracher;51;ver
profondément;51;adv
réfléchi;51;adj
roue;51;nom
bienvenue;51;nom
dent;51;nom
évidence;51;nom
ongle;51;nom
chaos;51;nom
conclusion;50;nom
numéro;50;nom
mdrr;50;nr
résumé;50;nom
cesse;50;nom
journalisme;50;nom
solitude;50;nom
courageux;50;adj
documentaire;50;nom
industriel;50;adj
proposition;50;nom
durer;50;ver
détourner;50;ver
fleur;50;nom
idéal;50;adj
prévention;50;nom
montant;50;nom
jai;50;nr
supplémentaire;50;adj
circulation;50;nom
discrimination;50;nom
strictement;50;adv
extrémiste;50;nom
valable;50;adj
importance;50;nom
tonne;50;nom
abri;50;nom
convenir;50;ver
nobel;50;nr
répression;50;nom
torture;50;nom
douchette;50;nr
constitution;50;nom
fantastique;49;adj
accorder;49;ver
moteur;49;nom
indiquer;49;ver
cantonal;49;adj
épisode;49;nom
cochon;49;nom
attirer;49;ver
repartir;49;ver
opportunité;49;nom
emji_coeur_étincelant;49;nr
rater;49;ver
volontaire;49;adj
nommer;49;ver
régulièrement;49;adv
trajet;49;nom
élu;49;adj
grève;49;nom
dictature;49;nom
échapper;49;ver
pcq;49;nr
tit;49;nr
ba;49;nr
concentrer;49;ver
réduction;49;nom
o;49;nom_sup
rembourser;49;ver
outil;49;nom
suicide;49;nom
charge;49;nom
tiktok;48;nr
philosophie;48;nom
employer;48;ver
emji_miam;48;nom
satisfaire;48;ver
normalement;48;adv
mer;48;nom
ahah;48;nr
influence;48;nom
mme;48;nom_sup
rarement;48;adv
télévision;48;nom
interroger;48;ver
intime;48;adj
agresser;48;ver
église;48;nom
fonder;48;ver
île;48;nom
équitable;48;adj
mépris;48;nom
bizarrement;48;adv
correspondre;48;ver
plage;48;nom
pratiquement;48;adv
disponible;48;adj
emji_visage_aux_yeux_en_spirales;48;nom
juge;48;nom
intellectuel;48;adj
commander;48;ver
médicament;48;nom
chasse;48;nom
biais;48;nom
échec;48;nom
surveiller;48;ver
trouble;48;nom
global;48;adj
agent;48;nom
injustice;48;nom
massif;48;adj
pot;47;nom
décevoir;47;ver
voici;47;pre
québec;47;nr
note;47;nom
progrès;47;nom
somme;47;nom
mythique;47;adj
ouverture;47;nom
craindre;47;ver
annonce;47;nom
tester;47;ver
opération;47;nom
jesus;47;nr
abus;47;nom
critère;47;nom
hôtel;47;nom
vieillir;47;ver
g;47;nom_sup
emji_visage_qui_tire_la_langue_les_yeux_plissés;47;nr
salut;47;ono
net;47;adj
admettre;47;ver
principalement;47;adv
automobiliste;47;nom
nulle;47;adj_ind
léman;47;nr
jouet;47;nom
fifa;47;nr
exercice;47;nom
privilège;47;nom
uniforme;47;nom
pointer;47;ver
engendrer;47;ver
exiger;47;ver
négociation;47;nom
vôtre;46;pro_pos
orange;46;nom
visionnaire;46;nom
1967;46;num
pluie;46;nom
précision;46;nom
parisien;46;adj
enseignement;46;nom
psy;46;nom
punaise;46;nom
effectuer;46;ver
emji_signe_de_la_main;46;nom
nuance;46;nom
précieux;46;adj
vif;46;adj
poil;46;nom
agressif;46;adj
nettoyage;46;nom
emji_visage_sans_expression;46;nom
désirer;46;ver
paire;46;nom
humble;46;adj
corriger;46;ver
concert;46;nom
accueil;46;nom
trottinette;46;nom
bombardement;46;nom
raclette;46;nom
écosystème;46;nom
tolérance;46;nom
électricité;46;nom
oeuf;46;nom
faveur;46;nom
compréhension;46;nom
qualifié;46;adj
lune;46;nom
corde;46;nom
contrat;46;nom
pourcentage;46;nom
capital;46;nom
benett;46;nr
1970;45;num
réussite;45;nom
f;45;nom_sup
inconnu;45;nom
wallah;45;nr
modeste;45;adj
carton;45;nom
adolescence;45;nom
chaussure;45;nom
emji_visage_nauséeux;45;nr
ptdr;45;nr
festival;45;nom
succès;45;nom
vague;45;nom
album;45;nom
stress;45;nom
élever;45;ver
cycliste;45;nom
christ;45;nom
ravir;45;ver
asseoir;45;ver
lavette;45;nom
urgence;44;nom
turquie;44;nr
rip;44;nr
naïf;44;adj
sensible;44;adj
artificiel;44;adj
maltraiter;44;ver
couille;44;nom
qd;44;nr
fil;44;nom
salarial;44;adj
déplaire;44;ver
team;44;nom
récent;44;adj
video;44;nr
siège;44;nom
similaire;44;adj
déposer;44;ver
renforcer;44;ver
heu;44;ono
lundi;44;nom
barre;44;nom
péter;44;ver
crème;44;nom
monstre;44;nom
température;44;nom
trottoir;44;nom
choquant;44;adj
modifier;44;ver
strict;44;adj
negre;44;nr
canada;44;nom
identifier;44;ver
écart;44;nom
injuste;44;adj
québécois;44;adj
confortable;44;adj
b;44;nom_sup
maroc;44;nr
absence;44;nom
coloniser;44;ver
pathétique;43;adj
tecktonik;43;nr
définir;43;ver
souligner;43;ver
réunir;43;ver
voiler;43;ver
folie;43;nom
bénir;43;ver
cheval;43;nom
chambre;43;nom
fenêtre;43;nom
aveugle;43;adj
complicité;43;nom
défaut;43;nom
entrain;43;nom
honneur;43;nom
bienveillance;43;nom
rose;43;adj
neuf;43;adj_num
agresseur;43;nom
stratégie;43;nom
abonnement;43;nom
manipuler;43;ver
salarié;43;adj
dégueulasse;43;adj
raccourci;43;nom
marge;43;nom
procès;43;nom
moin;42;nr
micro;42;nom
charme;42;nom
emji_coeur_violet;42;nr
george;42;nr
clé;42;nom
élocution;42;nom
systématiquement;42;adv
développement;42;nom
smartphone;42;nr
tandis_que;42;con
z;42;nom
crèche;42;nom
bienveillant;42;adj
demi;42;adj_sup
espagnol;42;nom
accessible;42;adj
francais;42;nr
supermarché;42;nom
maltraitance;42;nom
militant;42;nom
iphone;42;nr
doucher;42;ver
distance;42;nom
économiser;42;ver
établir;42;ver
immobilier;42;adj
nostalgique;41;adj
huile;41;nom
quatre;41;adj_num
second;41;adj
brave;41;adj
large;41;adj
bisou;41;nom
emji_chat_qui_pleure_de_joie;41;nom
plante;41;nom
exploitation;41;nom
emji_visage_bâillant;41;nr
pk;41;nr
utilité;41;nom
croyance;41;nom
reprise;41;nom
étrange;41;adj
maîtriser;41;ver
énergétique;41;adj
récemment;41;adv
désigner;41;ver
maternel;41;adj
surface;41;nom
réaliste;41;adj
minimiser;41;ver
robot;41;nom
york;41;nom
avocat;41;nom
fortement;41;adv
prôner;41;ver
instituteur;41;nom
fossile;41;nom
paiement;41;nom
gazaouis;41;nr
essence;40;nom
léger;40;adj
attentat;40;nom
parc;40;nom
prince;40;nom
péjoratif;40;adj
infirmier;40;nom
bouffe;40;nom
consulter;40;ver
emji_applaudissements_peau_moyennement_claire;40;nom
colère;40;nom
préserver;40;ver
nazi;40;nom
fabuleux;40;adj
n_est_ce_pas;40;adv_sup
aspect;40;nom
emji_partition;40;nom
creuser;40;ver
emji_femme_qui_hausse_les_épaules_peau_claire;40;nr
emji_v_de_la_victoire;40;nom
geneve;40;nr
autrui;40;pro_ind
solaire;40;adj
habituer;40;ver
ennemi;40;nom
radar;40;nom
visible;40;adj
exception;40;nom
privilégié;40;adj
coincer;40;ver
opposé;40;nom
no;40;nr
union;40;nom
genou;40;nom
détail;40;nom
kosovo;40;nr
max;40;nom
option;40;nom
menacer;40;ver
délit;40;nom
démocrate;40;adj
rencontre;39;nom
éclater;39;ver
dégager;39;ver
chéri;39;nom
particulièrement;39;adv
briser;39;ver
paysan;39;nom
aïe;39;ono
1980;39;num
élevage;39;nom
emji_visage_déçu;39;nr
21;39;num
rigolo;39;adj
brésilien;39;nom
champ;39;nom
inflation;39;nom
emji_sapin_de_noël;39;nr
user_;39;nr
ceinture;39;nom
ducoup;39;nr
héros;39;nom
mien;39;pro_pos
mai;39;nom
commission;39;nom
gratuitement;39;adv
virer;39;ver
patriarcat;39;nom
canon;39;nom
pénal;39;adj
bancaire;39;adj
attente;39;nom
emji_main_avec_index_pointant_à_droite;39;nr
recommencer;39;ver
expert;39;nom
of;39;nr
ouin;39;nr
munition;39;nom
lui_même;39;pro_per
400;39;num
donald;39;nr
noter;39;ver
exercer;39;ver
administration;39;nom
lamentable;39;adj
trafiquant;39;nom
ange;39;nom
aigri;39;adj
réclamer;39;ver
envahir;39;ver
masculinisme;39;nr
univers;39;nom
etais;39;nr
oral;39;nom
résident;39;nom
secte;39;nom
détriment;39;nom
privilégier;39;ver
majoritairement;39;adv
équité;39;nom
financement;39;nom
impunité;39;nom
cirque;38;nom
délire;38;nom
ahaha;38;nr
2021;38;num
louper;38;ver
idiot;38;nom
dignité;38;nom
blâmer;38;ver
amoureux;38;adj
fumée;38;nom
entretien;38;nom
ironie;38;nom
multiple;38;adj
dose;38;nom
printemps;38;nom
ete;38;nr
toit;38;nom
nouvel;38;adj
bol;38;nom
votation;38;nr
occupation;38;nom
reproduire;38;ver
indispensable;38;adj
98;38;num
circuler;38;ver
éternel;38;adj
révolution;38;nom
boulangerie;38;nom
émettre;38;ver
provenir;38;ver
gouverner;38;ver
emji_visage_neutre;38;nom
remise;38;nom
poulet;38;nom
statut;38;nom
presse;38;nom
conducteur;38;nom
mystère;38;nom
réfugié;38;nom
documenter;38;ver
dealer;38;ver
artifice;38;nom
infini;38;adj
pudeur;38;nom
orienter;38;ver
chauffage;38;nom
contenu;38;nom
mélange;38;nom
extermination;38;nom
claudia;38;nr
criminalité;38;nom
mio;38;nr
mandat;38;nom
emji_homme_avec_la_paume_sur_le_visage_peau_claire;37;nom
inclure;37;ver
qqn;37;nr
emji_cotillons;37;nom
sucre;37;nom
aise;37;nom
emji_homme_avec_la_paume_sur_le_visage;37;nom
merveille;37;nom
dépression;37;nom
douleur;37;nom
jaloux;37;adj
sonner;37;ver
valaisan;37;nr
cuisiner;37;ver
soulever;37;ver
tcheu;37;nr
fr;37;nr
libération;37;nom
brigitte;37;nr
séparer;37;ver
gentillesse;37;nom
sion;37;nr
emji_mains_qui_forment_un_coeur_peau_moyennement_claire;37;nr
marketing;37;nom
rayon;37;nom
procédure;37;nom
celui_ci;37;pro_dem
ignorant;37;adj
stopper;37;ver
vendeur;37;nom
écraser;37;ver
u;37;nom_sup
temu;37;nr
révéler;37;ver
jambe;37;nom
psychologique;37;adj
tribunal;37;nom
emji_symbole_d_avertissement;37;nom
condamnation;37;nom
exigence;37;nom
tarif;37;nom
vitrine;37;nom
héritier;37;nom
transparence;37;nom
faune;37;nom
prostitution;37;nom
acquérir;36;ver
min;36;nom
interviewer;36;ver
emji_soleil;36;nom
boy;36;nom
situer;36;ver
spécialiste;36;nom
faciliter;36;ver
esclave;36;nom
évoquer;36;ver
glace;36;nom
meurtre;36;nom
avril;36;nom
officiellement;36;adv
emji_visage_avec_un_doigt_sur_la_bouche;36;nom
automne;36;nom
maturité;36;nom
indépendance;36;nom
ados;36;nom
emji_drapeau_france;36;nom
vaccin;36;nom
sketch;36;nom
risquer;36;ver
russe;36;adj
rétablissement;36;nom
spectacle;36;nom
hab;36;nr
étape;36;nom
élégance;36;nom
déguiser;36;ver
splendeur;36;nom
troisième;36;adj
connait;36;nr
renvoyer;36;ver
durée;36;nom
bin;36;nr
douter;36;ver
recul;36;nom
aérien;36;adj
woke;36;nr
dix;36;adj_num
semblant;36;nom
percevoir;36;ver
assister;36;ver
immeuble;36;nom
dividende;36;nom
représentant;36;nom
catégorie;36;nom
milice;36;nom
promesse;36;nom
algérie;36;nr
inquiétant;36;adj
epstein;36;nr
romance;36;nom
emji_femme_avec_la_paume_sur_le_visage;36;nom
semer;36;ver
louvre;36;nr
racine;35;nom
celle_ci;35;pro_dem
beurre;35;nom
stresser;35;ver
parallèle;35;adj
vomir;35;ver
compenser;35;ver
fuite;35;nom
concurrence;35;nom
goûter;35;ver
prévenir;35;ver
personnalité;35;nom
étoile;35;nom
co2;35;nr
abe;35;nr
traîner;35;ver
tentative;35;nom
japon;35;nom
2016;35;num
phase;35;nom
catholique;35;adj
japonais;35;nom
ambiance;35;nom
emji_mains_en_prière_peau_légèrement_mate;35;nr
divorce;35;nom
exagérer;35;ver
féliciter;35;ver
parfum;35;nom
cliché;35;nom
rolex;35;nr
camarade;35;nom
typique;35;adj
colonial;35;adj
serrer;35;ver
censurer;35;ver
décidément;35;adv
lait;35;nom
fêter;35;ver
papi;35;nom
99;35;num
inadmissible;35;adj
corrompre;35;ver
surprenant;35;adj
nucléaire;35;adj
idéologique;35;adj
emji_doigts_croisés;35;nr
emji_personne_qui_hausse_les_épaules;35;nr
enjeu;35;nom
panier;35;nom
soumission;35;nom
solide;35;adj
convention;35;nom
écriture;35;nom
alternative;35;nom
new_wave;35;nom
administratif;35;adj
constructif;34;adj
ego;34;nom
août;34;nom
aberrant;34;adj
bière;34;nom
vendredi;34;nom
catastrophique;34;adj
conversation;34;nom
draguer;34;ver
signaler;34;ver
office;34;nom
cf;34;nr
préféré;34;adj
cassis;34;nom
sympathique;34;adj
extraire;34;ver
emmental;34;nom
septembre;34;nom
équilibré;34;adj
fake;34;nr
françois;34;nr
métro;34;nom
valaisans;34;nr
document;34;nom
charmant;34;adj
resto;34;nom
fasciste;34;adj
parking;34;nom
défi;34;nom
emmener;34;ver
google;34;nr
atmosphère;34;nom
ado;34;nom
cité;34;nom
corporel;34;adj
roman;34;nom
jaune;34;adj
piège;34;nom
front;34;nom
capter;34;ver
passeport;34;nom
bijoux;34;nom
filer;34;ver
comparable;34;adj
39;34;num
bot;34;adj
delà;34;adv
wokisme;34;nr
montage;34;nom
proportion;34;nom
domicile;34;nom
islam;34;nom
conduite;34;nom
isolé;34;adj
cotisation;34;nom
dynamique;34;adj
effondrer;34;ver
effectif;34;nom
syrie;34;nr
boiter;33;ver
nettement;33;adv
régaler;33;ver
emji_poing_levé;33;nr
recommander;33;ver
multinationale;33;nom
bâton;33;nom
mètre;33;nom
larme;33;nom
emji_pouce_vers_le_haut_peau_moyennement_claire;33;nom
tjr;33;nr
auprès_de;33;nr
résumer;33;ver
divers;33;adj_ind
constamment;33;adv
auteur;33;nom
compagnon;33;nom
maîtrise;33;nom
çà;33;adv
généraliser;33;ver
processus;33;nom
entourage;33;nom
tordre;33;ver
taff;33;nr
réchauffer;33;ver
disposition;33;nom
prier;33;ver
ouvert;33;adj
omg;33;nr
peinture;33;nom
walkman;33;nom
empire;33;nom
croissance;33;nom
emji_visage_endormi;33;nom
réserve;33;nom
patient;33;nom
zurich;33;nr
témoigner;33;ver
bénéfique;33;adj
radical;33;adj
factuel;33;adj
généralité;33;nom
rabaisser;33;ver
lot;33;nom
sommeil;33;nom
barrière;33;nom
claque;33;nom
élite;33;nom
dinguerie;33;nom
salade;33;nom
employeur;33;nom
emji_visage_expirant;33;nom
mission;33;nom
tas;33;nom
huitante;33;nr
cornet;33;nom
émotionnel;33;adj
dépendant;33;adj
alimentation;33;nom
lorrain;33;adj
déterminer;33;ver
égypte;33;nr
budgétaire;33;adj
jordanie;33;nr
b2;33;nr
centime;32;nom
ciao;32;ono
découverte;32;nom
ho;32;ono
politiquement;32;adv
michel;32;nr
tiers;32;nom
traumatiser;32;ver
standard;32;adj
bobo;32;nom
facilité;32;nom
appareil;32;nom
hallucinant;32;adj
emji_visage_démoralisé_avec_goutte_de_sueur;32;nr
bac;32;nom
tempête;32;nom
calmer;32;ver
emji_cent_points;32;nom
attraper;32;ver
record;32;nom
mimi;32;nom
portée;32;nom
jalousie;32;nom
galer;32;nom
communication;32;nom
patte;32;nom
champignon;32;nom
cohérent;32;adj
balcon;32;nom
décembre;32;nom
diffuser;32;ver
reparler;32;ver
coter;32;ver
éteindre;32;ver
purement;32;adv
amusant;32;adj
section;32;nom
contredire;32;ver
déménager;32;ver
outre;32;pre
star;32;nom
miracle;32;nom
emji_étourdissement;32;nr
refléter;32;ver
loup;32;nom
entretenir;32;ver
romands;32;nr
potentiel;32;nom
disparition;32;nom
université;32;nom
dark;32;nr
qqun;32;nr
combler;32;ver
amazon;32;nr
copier;32;ver
accusation;32;nom
existant;32;adj
priver;32;ver
illusion;32;nom
autonome;32;adj
biodiversité;32;nom
fast_food;32;nom
vachement;31;adv
traumatisme;31;nom
boule;31;nom
mortel;31;adj
louis;31;nom
fribourgeois;31;nr
abattre;31;ver
parceque;31;nr
retraité;31;adj
issue;31;nom
emji_visage_bleu_et_froid;31;nom
ère;31;nom
dater;31;ver
visite;31;nom
essuyer;31;ver
attribuer;31;ver
cultiver;31;ver
nôtre;31;pro_pos
directeur;31;nom
masque;31;nom
mythe;31;nom
brillant;31;adj
couverture;31;nom
caca;31;adj
etes;31;nr
blond;31;adj
nuisible;31;adj
contact;31;nom
emji_femme_avec_la_paume_sur_le_visage_peau_moyennement_claire;31;nom
épargner;31;ver
soucier;31;ver
volontairement;31;adv
fierté;31;nom
visiter;31;ver
usine;31;nom
fidèle;31;adj
1990;31;num
râler;31;ver
au_delà;31;adv
fiable;31;adj
emji_coeur_rose;31;nr
diplôme;31;nom
emji_cornes_avec_les_doigts;31;nom
trier;31;ver
biensur;31;nr
issu;31;adj
plr;31;nr
recruter;31;ver
époux;31;nom
organisme;31;nom
enterrer;31;ver
sensibilité;31;nom
kidnapper;31;ver
financièrement;31;adv
interdit;31;adj
intégration;31;nom
canard;31;nom
ferrari;31;nr
représentatif;31;adj
exterminer;31;ver
juridique;31;adj
mécanisme;31;nom
xénophobe;31;adj
migrant;31;adj
relier;31;ver
stats;31;nr
symbole;31;nom
pacifiquement;31;adv
my;30;nr
descente;30;nom
pilier;30;nom
pont;30;nom
qq;30;nr
lgbt;30;nr
épuiser;30;ver
go;30;nom
neurone;30;nom
troll;30;nom
emji_mains_levées_peau_claire;30;nr
plier;30;ver
mécanique;30;adj
poésie;30;nom
frustration;30;nom
censure;30;nom
saisir;30;ver
genevoise;30;nr
météo;30;nom
grand_père;30;nom
allumer;30;ver
navrer;30;ver
1987;30;num
arrogance;30;nom
alpe;30;nom
deviner;30;ver
chauffer;30;ver
graine;30;nom
influencer;30;ver
3000;30;num
affligeant;30;adj
établissement;30;nom
occurrence;30;nom
qualification;30;nom
sec;30;adj
cibler;30;ver
étouffer;30;ver
mouton;30;nom
dénigrer;30;ver
barrage;30;nom
revendiquer;30;ver
parer;30;ver
volant;30;nom
douane;30;nom
disposer;30;ver
plomb;30;nom
reconnaissant;30;adj
gagnant;30;nom
humoriste;30;adj
débrouiller;30;ver
lent;30;adj
lamal;30;nr
subside;30;nom
plateau;30;nom
recycler;30;ver
mobiliser;30;ver
bad;30;nr
norvège;30;nr
rio;30;nr
vallée;30;nom
120;30;num
sauce;30;nom
bien_être;30;nom
croyant;30;nom
enfermer;30;ver
biologique;30;adj
famine;30;nom
emji_drapeau_italie;30;nom
pc;30;nom
calculatrice;30;nom
bouclier;30;nom
1947;30;num
bardot;30;nom
inhumain;30;adj
payant;29;adj
amitié;29;nom
emji_coeur_vert;29;nr
déplacement;29;nom
diversité;29;nom
insécurité;29;nom
2008;29;num
physiquement;29;adv
prédateur;29;nom
édition;29;nom
boucle;29;nom
fléau;29;nom
emmerder;29;ver
terrasse;29;nom
raser;29;ver
promener;29;ver
guy;29;nr
encadrer;29;ver
excessif;29;adj
pardonner;29;ver
emji_ok_peau_claire;29;nom
panneau;29;nom
routier;29;adj
emprisonner;29;ver
inde;29;nom
publicité;29;nom
hygiénique;29;adj
équiper;29;ver
persuader;29;ver
séquence;29;nom
trace;29;nom
2018;29;num
55;29;num
volontiers;29;adv_sup
médiatique;29;adj
tien;29;pro_pos
admirer;29;ver
conservateur;29;adj
numérique;29;adj
tkt;29;nr
déclaration;29;nom
voyou;29;nom
esclavage;29;nom
afghanistan;29;nr
offusquer;29;ver
polémique;29;nom
combattre;29;ver
fusil;29;nom
clavier;29;nom
précaire;29;adj
promotion;29;nom
applaudir;29;ver
soupe;29;nom
emji_sac_plein_d_argent;29;nom
savoie;29;nr
chantier;29;nom
fonctionnement;29;nom
sondage;29;nom
généreux;29;adj
agriculture;29;nom
tunisie;29;nr
usager;29;nom
basique;29;adj
nuage;29;nom
transporter;29;ver
relayer;29;ver
démarche;29;nom
exploit;29;nom
vulnérable;29;adj
croissant;29;nom
qatar;29;nr
consigne;29;nom
maire;29;nom
moix;29;nr
rh;29;nr
colis;29;nom
publiquement;29;adv
sarkozy;29;nr
cedh;29;nr
survie;28;nom
ptn;28;nr
recyclage;28;nom
oups;28;nr
daron;28;nom
janvier;28;nom
bb;28;nr
banaliser;28;ver
2005;28;num
boomer;28;nom
ressortir;28;ver
contacter;28;ver
mini;28;adj
tsr;28;nr
dessin;28;nom
racheter;28;ver
dérouler;28;ver
conjoint;28;nom
skier;28;ver
look;28;nom
déjeuner;28;ver
bernois;28;adj
valide;28;adj
détresse;28;nom
moquerie;28;nom
36;28;num
conviction;28;nom
chauffeur;28;nom
domination;28;nom
costume;28;nom
pet;28;nom
emji_explosion;28;nom
entrepreneur;28;nom
botte;28;nom
telles;28;adj_ind
touriste;28;nom
empoisonner;28;ver
gras;28;adj
éloigner;28;ver
terreur;28;nom
malhonnête;28;adj
proportionnel;28;adj
mafia;28;nom
emji_tête_de_mort;28;nr
crédit;28;nom
dette;28;nom
rat;28;nom
robe;28;nom
inverser;28;ver
choc;28;nom
sdf;28;nr
queue;28;nom
pilote;28;nom
contester;28;ver
haïr;28;ver
etaient;28;nr
sombre;28;adj
république;28;nom
and;28;nr
pq;28;nr
motiver;28;ver
associer;28;ver
slogan;28;nom
emporter;28;ver
qi;28;nr
distribuer;28;ver
lunaire;28;adj
valoriser;28;ver
bouchon;28;nom
oppression;28;nom
médian;28;adj
parlement;28;nom
magie;28;nom
pleurnicher;28;ver
symptôme;28;nom
age;28;nom
menteur;28;nom
manipulation;28;nom
soi_même;28;pro_per
fixer;28;ver
pôle;28;nom
800;28;num
sélectif;28;adj
électronique;28;adj
allié;28;nom
corée;28;nr
accrocher;28;ver
masqué;28;adj
bouton;28;nom
concrètement;28;adv
incompétent;28;adj
fiction;28;nom
ouvrier;28;nom
séjour;28;nom
croquette;28;nom
apartheid;28;nom
fascisme;28;nom
exécution;28;nom
seigneur;27;nom
adolescent;27;nom
emji_coeur_bleu;27;nr
détendre;27;ver
extra;27;adj_sup
2006;27;num
tendresse;27;nom
résister;27;ver
aborder;27;ver
éloquence;27;nom
allah;27;nr
romain;27;adj
morceau;27;nom
bille;27;nom
authentique;27;adj
nécessité;27;nom
rempli;27;adj
perspective;27;nom
exclure;27;ver
ranger;27;ver
concevoir;27;ver
250;27;num
stylé;27;adj
jacques;27;nom
dsl;27;nr
emji_index_pointant_vers_le_haut;27;nom
elle_même;27;pro_per
détenir;27;ver
aliment;27;nom
couler;27;ver
meurtrier;27;nom
différemment;27;adv
emji_visage_confus;27;nom
féminicides;27;nr
pointe;27;nom
32;27;num
malsain;27;adj
emji_mains_en_prière_peau_mate;27;nr
conclure;27;ver
excès;27;nom
ingénieur;27;nom
poursuivre;27;ver
aucunement;27;adv_sup
hérisson;27;nom
adn;27;nr
spécifique;27;adj
q;27;nom
jsp;27;nr
promouvoir;27;ver
chatgpt;27;nr
soignant;27;adj
mercredi;27;nom
entité;27;nom
vrm;27;nr
ordinaire;27;adj
bienne;27;nr
lobby;27;nom
poursuite;27;nom
cercle;27;nom
boucher;27;ver
neuchâtelois;27;nr
gang;27;nom
revendre;27;ver
raisin;27;nom
missile;27;nom
dégrader;27;ver
composer;27;ver
guillemet;27;nom
substance;27;nom
propriété;27;nom
rechercher;27;ver
refuge;27;nom
douer;27;ver
pénurie;27;nom
vouvoyer;27;ver
parental;27;adj
rassemblement;27;nom
bloc;27;nom
dégradation;27;nom
bitcoin;27;nr
socialisme;27;nom
cop;27;nom
palestiniennes;27;nr
nati;26;nr
hé;26;ono
lesquels;26;pro_rel
saut;26;nom
kilomètre;26;nom
écolo;26;nom
céder;26;ver
mdrrrr;26;nr
mm;26;nom_sup
chalet;26;nom
brutal;26;adj
liquide;26;nom
insulte;26;nom
vierge;26;adj
franchise;26;nom
description;26;nom
exemplaire;26;adj
papy;26;nom
emji_coeur_grandissant;26;nr
agence;26;nom
résistance;26;nom
emji_biceps_contracté_peau_claire;26;nr
marrer;26;ver
2002;26;num
accomplir;26;ver
louer;26;ver
citation;26;nom
pisser;26;ver
boomers;26;nr
emji_visage_anxieux_avec_goutte_de_sueur;26;nom
pleuvoir;26;ver
vieillesse;26;nom
aisé;26;adj
préoccuper;26;ver
chanteur;26;nom
rémunérer;26;ver
maths;26;nom
tabac;26;nom
secours;26;nom
frs;26;nr
baiser;26;ver
remboursement;26;nom
salon;26;nom
tante;26;nom
vital;26;adj
définitivement;26;adv
pov;26;nr
bannir;26;ver
majoritaire;26;adj
fatigue;26;nom
performance;26;nom
alsace;26;nr
annuel;26;adj
nonante;26;adj_num
examen;26;nom
ticket;26;nom
taf;26;nom
témoin;26;nom
délinquant;26;nom
lobbys;26;nr
escargot;26;nom
cheville;26;nom
succession;26;nom
rond;26;nom
évidement;26;nom
tram;26;nom
bof;26;ono
carrie;26;nr
ras;26;adj
jupe;26;nom
emji_bouton_coché;26;nr
accumuler;26;ver
pause;26;nom
scooter;26;nom
éventuellement;26;adv
rejeter;26;ver
collaboration;26;nom
hurler;26;ver
recréer;26;ver
potentiellement;26;adv
mêler;26;ver
constant;26;adj
ampleur;26;nom
piller;26;ver
dictateur;26;nom
cyril;26;nr
dérèglement;26;nom
embaucher;26;ver
crétin;26;nom
réguler;26;ver
deuil;26;nom
carnivore;26;adj
organisateur;26;nom
signature;26;nom
venezuela;26;nr
jogging;26;nom
block;26;nom
interne;26;adj
réprimer;26;ver
benetton;26;nr
détenu;26;nom
marathon;25;nom
sexiste;25;adj
inculte;25;adj
roller;25;nom
xd;25;nr
malheur;25;nom
aîné;25;adj
bonhomme;25;nom
linge;25;nom
misogyne;25;adj
livrer;25;ver
vincent;25;nr
caractère;25;nom
divin;25;adj
redonner;25;ver
centrale;25;nom
cou;25;nom
rente;25;nom
comédien;25;nom
méditer;25;ver
ouiiii;25;nr
profession;25;nom
fréquenter;25;ver
hey;25;nr
david;25;nr
ahhh;25;nr
1972;25;num
boutique;25;nom
2010;25;num
lentement;25;adv
iran;25;nr
emji_flocon;25;nom
150;25;num
veste;25;nom
exécuter;25;ver
emji_coeur_avec_ruban;25;nr
bar;25;nom
caillou;25;nom
bein;25;nr
restriction;25;nom
puer;25;ver
appart;25;nom
emji_visage_fatigué;25;nr
out;25;adj
boulanger;25;nom
tunnel;25;nom
mine;25;nom
montreux;25;nr
taxé;25;adj
lavage;25;nom
faillite;25;nom
rage;25;nom
asiatique;25;adj
probleme;25;nr
limité;25;adj
absurdité;25;nom
opposition;25;nom
rigueur;25;nom
verbe;25;nom
réunion;25;nom
gâter;25;ver
répartition;25;nom
diable;25;ono
automatique;25;adj
précarité;25;nom
angoisse;25;nom
albanais;25;adj
objectivement;25;adv
salariales;25;nr
affreux;25;adj
perturber;25;ver
boycotter;25;ver
48;25;num
restreindre;25;ver
feuille;25;nom
pesticide;25;nom
embêter;25;ver
hui;25;nom
thé;25;nom
répandre;25;ver
tragédie;25;nom
1960;25;num
flipper;25;ver
chips;25;nom
requin;25;nom
dégoûter;25;ver
tache;25;nom
théâtre;25;nom
naturellement;25;adv
coran;25;nom
bla_bla;25;nom
compassion;25;nom
atrocité;25;nom
instaurer;25;ver
solidaire;25;adj
pétrolier;25;adj
déconnecter;25;ver
interpréter;25;ver
assistant;25;nom
ruine;25;nom
cicr;25;nr
lula;25;nr
opprimé;25;nom
antisémite;25;adj
apercevoir;24;ver
trésor;24;nom
gris;24;adj
72;24;num
savoyard;24;nom
culte;24;nom
you;24;nr
attitude;24;nom
propagande;24;nom
conserver;24;ver
insultant;24;adj
lucidité;24;nom
lointain;24;adj
patriarcal;24;adj
sauveur;24;nom
culotte;24;nom
emji_ok_peau_moyennement_claire;24;nom
dramatique;24;adj
portugais;24;nom
musk;24;nr
2020;24;num
sanitaire;24;adj
réf;24;nom
ecole;24;nr
fm;24;nr
ems;24;nr
er;24;nr
mesurer;24;ver
confusion;24;nom
cqfd;24;nr
emji_fleur_de_cerisier;24;nom
signification;24;nom
addiction;24;nom
silencieux;24;adj
pompier;24;nom
sapin;24;nom
médecine;24;nom
31;24;num
tri;24;nom
fun;24;nom
appuyer;24;ver
étage;24;nom
oncle;24;nom
systémique;24;adj
2015;24;num
ouest;24;nom
actionnaire;24;nom
tolérer;24;ver
choco;24;nr
tronche;24;nom
invasion;24;nom
xénophobie;24;nom
humilier;24;ver
jsuis;24;nr
complémentaire;24;adj
balader;24;ver
vestimentaire;24;adj
innovation;24;nom
imagination;24;nom
représentation;24;nom
emji_pouce_vers_le_bas;24;nom
classement;24;nom
2030;24;num
francophone;24;adj
linguistique;24;nom
pls;24;nr
swisscom;24;nr
âne;24;nom
discret;24;adj
rattraper;24;ver
carbone;24;nom
loisir;24;nom
aboutir;24;ver
emji_coeur_battant;24;nr
parmis;24;nr
interpeller;24;ver
subjectif;24;adj
lesquelles;24;pro_rel
gentiment;24;adv
pile;24;nom
home;24;nom
britannique;24;adj
cahier;24;nom
capitale;24;nom
instruction;24;nom
natalité;24;nom
bandit;24;nom
sélectionner;24;ver
cognitif;24;adj
organe;24;nom
gain;24;nom
islamique;24;adj
poussin;24;nom
cambriolage;24;nom
traduction;23;nom
emji_drapeau_états_unis;23;nr
claude;23;nom
rivière;23;nom
alpage;23;nom
indignation;23;nom
côte;23;nom
affronter;23;ver
repos;23;nom
helvétique;23;adj
thème;23;nom
partisan;23;nom
lucide;23;adj
passionner;23;ver
tribune;23;nom
décès;23;nom
like;23;nr
mi;23;nom_sup
glisser;23;ver
connecter;23;ver
secondaire;23;adj
multiplier;23;ver
illustre;23;adj
librement;23;adv
bâle;23;nr
tranche;23;nom
parier;23;ver
station;23;nom
incompréhensible;23;adj
parce;23;adv_sup
mars;23;nom
adhérer;23;ver
couture;23;nom
effrayant;23;adj
votations;23;nr
fraude;23;nom
tir;23;nom
etats;23;nr
partenaire;23;nom
approprié;23;adj
polir;23;ver
questionner;23;ver
flemme;23;nom
alémanique;23;nr
classer;23;ver
dessiner;23;ver
lycée;23;nom
refus;23;nom
discipline;23;nom
stériliser;23;ver
92;23;num
synonyme;23;adj
apéro;23;nom
ethnique;23;adj
latin;23;nom
victimisation;23;nr
lidl;23;nr
propager;23;ver
continu;23;adj
acceptable;23;adj
exprès;23;adj
considération;23;nom
presser;23;ver
douteux;23;adj
pfff;23;nr
dominer;23;ver
dialogue;23;nom
plafond;23;nom
2004;23;num
au_dessus;23;pre
visibilité;23;nom
a2;23;nr
affiche;23;nom
26;23;num
moi_même;23;pro_per
frigo;23;nom
claudette;23;nr
ballon;23;nom
interprétation;23;nom
disney;23;nr
44;23;num
quart;23;nom
patois;23;nom
htag_cqfd;23;nom_sup
contraint;23;nom
surement;23;nr
autrefois;23;pro_ind
préférence;23;nom
avancé;23;adj
flagrant;23;adj
is;23;nr
blessure;23;nom
gâté;23;adj
surconsommation;23;nom
gaspillage;23;nom
fédération;23;nom
saccager;23;ver
tupperware;23;nr
affamer;23;ver
vegan;23;nr
communisme;23;nom
accompagnement;23;nom
illégalement;23;adv
judiciaire;23;adj
massivement;23;adv
activement;23;adv
favela;23;nom
taser;23;nr
maquiller;22;ver
consacrer;22;ver
frisson;22;nom
identique;22;adj
septante;22;adj_num
emji_fondue;22;nom
créatif;22;adj
chanceux;22;adj
réparer;22;ver
sexisme;22;nom
conjugal;22;adj
sublime;22;adj
totalité;22;nom
saluer;22;ver
barbe;22;nom
babibouchettes;22;nr
inoubliable;22;adj
agriculteur;22;nom
admirable;22;adj
23;22;num
indien;22;adj
bonnet;22;nom
rebelle;22;adj
journalistique;22;adj
néanmoins;22;con
efficacité;22;nom
sept;22;adj_num
répétition;22;nom
fantasme;22;nom
sueur;22;nom
apparence;22;nom
certitude;22;nom
agenda;22;nom
immédiat;22;adj
t_shirt;22;nom
proximité;22;nom
relativement;22;adv
emji_feuille;22;nom
arnaque;22;nom
mienne;22;pro_pos
67;22;num
batterie;22;nom
fer;22;nom
grands_parents;22;nom
piger;22;ver
emji_visage_rouge_et_chaud;22;nom
thermique;22;adj
wagon;22;nom
ironique;22;adj
savon;22;nom
limitation;22;nom
collier;22;nom
c_est_à_dire;22;adv_sup
six;22;adj_num
séance;22;nom
consister;22;ver
torturer;22;ver
médiocre;22;adj
dessert;22;nom
argumentation;22;nom
language;22;nr
bronzé;22;adj
motif;22;nom
humaniste;22;adj
na;22;ono
immédiatement;22;adv
emji_visage_étourdi;22;nr
régner;22;ver
sommet;22;nom
pilule;22;nom
thune;22;nom
mixte;22;adj
erroné;22;adj
restant;22;nom
natif;22;adj
coûteux;22;adj
four;22;nom
cuire;22;ver
vétérinaire;22;nom
architecte;22;nom
universel;22;adj
hommage;22;nom
élégant;22;adj
debout;22;adv_sup
ford;22;nr
habitat;22;nom
ombre;22;nom
timbre;22;nom
eme;22;nr
95;22;num
automatiquement;22;adv
riponne;22;nr
dab;22;nom
chialer;22;ver
design;22;nom
rapprocher;22;ver
bdg;22;nr
traditionnel;22;adj
agressivité;22;nom
deal;22;nom
constituer;22;ver
étiquette;22;nom
récolter;22;ver
indécent;22;adj
avérer;22;ver
subvention;22;nom
argumenter;22;ver
cautionner;22;ver
garantie;22;nom
pdg;22;nr
arrestation;22;nom
crédibilité;22;nom
950;22;num
lynx;22;nom
asf;22;nr
annemasse;22;nr
subventionner;22;ver
homicide;22;nom
serafe;22;nr
détention;22;nom
emji_ninja_peau_mate;22;nom
nigeria;22;nr
24h;21;nr
colonie;21;nom
chaux;21;nom
émouvoir;21;ver
régal;21;nom
patate;21;nom
vrmt;21;nr
veille;21;nom
envisager;21;ver
emji_biceps_contracté_peau_moyennement_claire;21;nr
renoncer;21;ver
régresser;21;ver
carré;21;nom
ouvrage;21;nom
anonyme;21;adj
2h;21;nr
bye;21;ono
schéma;21;nom
bourrer;21;ver
john;21;nr
reculer;21;ver
reine;21;nom
peser;21;ver
cassette;21;nom
projeter;21;ver
noble;21;adj
big;21;nr
rentable;21;adj
comm;21;nr
amélioration;21;nom
for;21;nom
adresser;21;ver
cultivé;21;adj
tranquillement;21;adv
onde;21;nom
socialement;21;adv
protagoniste;21;nom
fascinant;21;adj
pourrir;21;ver
producteur;21;nom
patriote;21;nom
clown;21;nom
briller;21;ver
1999;21;num
600;21;num
débarrasser;21;ver
pénible;21;adj
appellation;21;nom
tete;21;nr
foncer;21;ver
congolais;21;adj
tienne;21;pro_pos
aldi;21;nr
réparation;21;nom
diffamation;21;nom
racial;21;adj
pognon;21;nom
ennui;21;nom
compréhensible;21;adj
destiner;21;ver
crâne;21;nom
mnt;21;nr
hpi;21;nr
it;21;nr
yen;21;nom
wikipedia;21;nr
2x;21;nr
panne;21;nom
exorbitant;21;adj
assureur;21;nom
artisan;21;nom
emji_femme_qui_hausse_les_épaules_peau_moyennement_claire;21;nr
explosion;21;nom
fondre;21;ver
tourisme;21;nom
jo;21;nr
géant;21;adj
distribution;21;nom
trafiquer;21;ver
gardien;21;nom
transpirer;21;ver
taxi;21;nom
angleterre;21;nom
irlande;21;nr
65;21;num
chimique;21;adj
mobilité;21;nom
crainte;21;nom
pipi;21;nom
globalement;21;adv
nocif;21;adj
musical;21;adj
28;21;num
gênant;21;adj
analyser;21;ver
contrainte;21;nom
licencier;21;ver
simpliste;21;adj
haineux;21;adj
tektonik;21;nr
coca;21;nom
combinaison;21;nom
cellule;21;nom
confronter;21;ver
27;21;num
poupée;21;nom
rendez_vous;21;nom
inacceptable;21;adj
informatique;21;nom
afghan;21;adj
aberration;21;nom
vigile;21;nom
palais;21;nom
naturaliser;21;ver
bisounours;21;nr
gta;21;nr
échouer;21;ver
déclencher;21;ver
locataire;21;nom
sélection;21;nom
tabasser;21;ver
2cv;21;nr
collaborer;21;ver
narratif;21;adj
b1;21;nr
juriste;21;nom
fumigène;21;adj
2007;20;num
bagnole;20;nom
singe;20;nom
restauration;20;nom
emji_étoile;20;nr
banane;20;nom
passionnant;20;adj
salutation;20;nom
brun;20;adj
vulgaire;20;adj
terriblement;20;adv
nécessiter;20;ver
vaisselle;20;nom
fermeture;20;nom
mâle;20;nom
violeur;20;nom
1945;20;num
1971;20;num
coach;20;nom
tableau;20;nom
gille;20;nom
insister;20;ver
ouiii;20;nr
cruel;20;adj
attacher;20;ver
balayer;20;ver
enceinte;20;adj
49;20;num
elon;20;nr
méchanceté;20;nom
transmission;20;nom
virus;20;nom
miroir;20;nom
déconner;20;ver
matelas;20;nom
suicider;20;ver
aventure;20;nom
doucement;20;adv
souris;20;nom
intimité;20;nom
otan;20;nr
sorcier;20;nom
1978;20;num
coco;20;nom
là_dessus;20;adv
barrer;20;ver
naïveté;20;nom
freiner;20;ver
punition;20;nom
stage;20;nom
stratégique;20;adj
scénario;20;nom
guide;20;nom
live;20;adj
handicap;20;nom
oubli;20;nom
emji_visage_légèrement_mécontent;20;nr
paysage;20;nom
productif;20;adj
traduire;20;ver
permanence;20;nom
original;20;nom
éducatif;20;adj
moule;20;nom
menu;20;nom
minoritaire;20;adj
plonger;20;ver
quelconque;20;adj_sup
1ère;20;nr
yverdon;20;nr
harceler;20;ver
valider;20;ver
christian;20;nr
légendaire;20;adj
végétal;20;adj
bug;20;nom
5000;20;num
cotiser;20;ver
rock;20;nom
chercheur;20;nom
prédire;20;ver
définitif;20;adj
récit;20;nom
punk;20;nom
avaler;20;ver
communiquer;20;ver
lavabo;20;nom
gaffe;20;nom
bern;20;nr
royaume;20;nom
fixe;20;adj
spectateur;20;nom
dignement;20;adv
aujourd;20;nr
moustique;20;nom
carence;20;nom
désastre;20;nom
bilan;20;nom
collectivité;20;nom
patience;20;nom
emji_coeur_avec_bandages;20;nr
obsession;20;nom
égard;20;nom
mexique;20;nr
ce2;20;nr
rome;20;nr
lacune;20;nom
jusque;20;pre
arbitraire;20;adj
chômeur;20;nom
consentement;20;nom
inciter;20;ver
autoritaire;20;adj
éclairer;20;ver
biaisé;20;adj
piéger;20;ver
désagréable;20;adj
dalle;20;nom
céréale;20;nom
espérance;20;nom
uefa;20;nr
structurel;20;adj
activiste;20;nom
burlington;20;nr
contradiction;20;nom
btc;20;nr
yémen;20;nr
lingot;20;nom
slide;20;nr
attiser;20;ver
importation;20;nom
océanie;20;nr
suède;19;nom
gonfler;19;ver
grippe;19;nom
emji_couronne;19;nom
réflexe;19;nom
rdv;19;nr
révolu;19;adj
auparavant;19;adv_sup
trans;19;adv
cent;19;adj_num
dimension;19;nom
possession;19;nom
condescendant;19;adj
cuisse;19;nom
gâcher;19;ver
postal;19;adj
championnat;19;nom
inspiration;19;nom
égo;19;nr
dépendance;19;nom
sécuriser;19;ver
guitare;19;nom
cendre;19;nom
spécialiser;19;ver
arracher;19;ver
bretagne;19;nr
slip;19;nom
apparement;19;nr
ouchy;19;nr
déverser;19;ver
dériver;19;ver
spontané;19;adj
oooh;19;nr
1968;19;num
gay;19;adj
restaurateur;19;nom
smartphones;19;nr
celui_là;19;pro_dem
abordable;19;adj
présentateur;19;nom
sable;19;nom
miss;19;nom
passif;19;adj
déplorable;19;adj
faiblesse;19;nom
auprès_des;19;nr
cruellement;19;adv
toutefois;19;adv_sup
2019;19;num
74;19;num
cinq;19;adj_num
électoral;19;adj
comique;19;adj
passionné;19;adj
propreté;19;nom
réforme;19;nom
jeûne;19;nom
bonbon;19;nom
rn;19;nr
frérot;19;nom
lambda;19;nom
ème;19;nr
procurer;19;ver
ouvertement;19;adv
serieux;19;nr
amen;19;ono
guérir;19;ver
cauchemar;19;nom
hormis;19;pre
seum;19;nr
37;19;num
prestation;19;nom
progresser;19;ver
suggérer;19;ver
monopole;19;nom
conséquent;19;adj
descendant;19;nom
revendication;19;nom
3h;19;nr
exigeant;19;adj
circonstance;19;nom
dédier;19;ver
enfaite;19;nr
emji_femme_avec_la_paume_sur_le_visage_peau_claire;19;nom
château;19;nom
résolution;19;nom
pharmacie;19;nom
oms;19;nr
cagoule;19;nom
annuler;19;ver
débloquer;19;ver
emji_soleil_avec_visage;19;nom
inexistant;19;adj
modification;19;nom
conférence;19;nom
charité;19;nom
médaille;19;nom
trahir;19;ver
démonstration;19;nom
franco;19;adv_sup
cm2;19;nr
souverain;19;nom
doubler;19;ver
ordonner;19;ver
trauma;19;nom
collaborateur;19;nom
sel;19;nom
concentration;19;nom
57;19;num
bourse;19;nom
700;19;num
transition;19;nom
accélérer;19;ver
symbolique;19;adj
seuil;19;nom
enregistrer;19;ver
introduire;19;ver
immonde;19;adj
stérilisation;19;nom
empreinte;19;nom
schnek;19;nr
adaptation;19;nom
transaction;19;nom
abandon;19;nom
chaton;19;nom
protéine;19;nom
swiss;19;nr
mordre;19;ver
emji_applaudissements_peau_légèrement_mate;19;nr
fast;19;nr
expulser;19;ver
participant;19;nom
tunisien;19;adj
ofs;19;nr
netanyahou;19;nr
armement;19;nom
affect;19;nom
amnesty;19;nr
inaction;19;nom
pffff;18;nr
ahahah;18;nr
perle;18;nom
redescendre;18;ver
rassurant;18;adj
hahah;18;nr
férié;18;adj
océan;18;nom
instruire;18;ver
ptit;18;nr
préjugé;18;nom
annees;18;nr
vice;18;nom
alcoolique;18;adj
daniel;18;nr
lausannois;18;nr
pâte;18;nom
parvenir;18;ver
faillir;18;ver
coudre;18;ver
ému;18;adj
grossesse;18;nom
découler;18;ver
pompe;18;nom
souhait;18;nom
cave;18;nom
repousser;18;ver
pharma;18;nom
sexualité;18;nom
valise;18;nom
nana;18;nom
plaisanter;18;ver
filtre;18;nom
esthétique;18;adj
étendre;18;ver
1985;18;num
emji_visage_effrayé;18;nr
wouah;18;ono
plutot;18;nr
démonter;18;ver
ahh;18;nr
réveil;18;nom
icône;18;nom
fée;18;nom
abeille;18;nom
jeudi;18;nom
composition;18;nom
bruyant;18;adj
distinction;18;nom
continuation;18;nom
emji_visage_avec_yeux_ouverts_et_main_sur_la_bouche;18;nom
dîner;18;ver
geler;18;ver
1992;18;num
chemise;18;nom
collant;18;adj
miens;18;pro_pos
pépé;18;nom
halluciner;18;ver
abolir;18;ver
coucou;18;nom
défenseur;18;nom
dérive;18;nom
gratter;18;ver
olala;18;nr
inférieur;18;adj
sushis;18;nr
pencher;18;ver
tournée;18;nom
port;18;nom
to;18;pro_per
gent;18;nom
emji_coeur_bleu_clair;18;nr
ajd;18;nr
h24;18;nr
régional;18;adj
juin;18;nom
performant;18;adj
bronzer;18;ver
licenciement;18;nom
entraîneur;18;nom
rejet;18;nom
généraliste;18;nom
abusif;18;adj
whatsapp;18;nr
habituel;18;adj
pillage;18;nom
ong;18;nr
2e;18;nr
mouais;18;ono
audience;18;nom
docteur;18;nom
imaginaire;18;adj
ignoble;18;adj
métal;18;nom
emji_mains_qui_forment_un_coeur_peau_légèrement_mate;18;nr
insecte;18;nom
pervers;18;nom
1994;18;num
baigner;18;ver
idf;18;nr
invité;18;nom
souffle;18;nom
mouche;18;nom
initial;18;adj
ruiner;18;ver
pourvoir;18;ver
meuble;18;nom
vous_même;18;pro_per
argumentaire;18;nom
civilisation;18;nom
pétition;18;nom
desservir;18;ver
singapour;18;nr
dissimuler;18;ver
laine;18;nom
benjamin;18;nom
vd;18;nr
diverses;18;adj_ind
cdm;18;nr
marelle;18;nom
légèrement;18;adv
dégoûtant;18;adj
convertir;18;ver
blaireau;18;nom
thérèse;18;nr
multi;18;adv
déclin;18;nom
lfi;18;nr
géopolitique;18;adj
respectable;18;adj
k;18;nom
stable;18;adj
red;18;nr
branche;18;nom
trompeur;18;adj
errant;18;adj
cassé;18;adj
donneur;18;nom
ventre;18;nom
culpabilité;18;nom
tesla;18;nom
relativiser;18;ver
napoléon;18;nom
denner;18;nr
plateformes;18;nr
raisonner;18;ver
fracasser;18;ver
vider;18;ver
réciter;18;ver
auquel;18;pro_rel
quotidiennement;18;adv
lingette;18;nom
dissociation;18;nom
omettre;18;ver
drh;18;nr
nuire;18;ver
relâcher;18;ver
lacrymo;18;nr
emji_index_pointant_vers_l_utilisateur;18;nom
cardinal;18;nom
express;18;adj
pyjama;18;nom
cible;18;nom
proportionnellement;18;adv
imposition;18;nom
pme;18;nr
génocidaire;18;adj
c2;18;nr
reconstruire;18;ver
gazer;18;ver
vénézuélien;18;adj
boss;17;nom
emji_trinquer;17;nom
défaite;17;nom
amande;17;nom
87;17;num
destination;17;nom
herbe;17;nom
grimper;17;ver
ohh;17;nr
hahahaha;17;nr
men;17;nr
emji_poignée_de_main;17;nr
1ere;17;nr
emji_biceps_contracté_peau_légèrement_mate;17;nr
debut;17;nr
amalgame;17;nom
doc;17;nom
challenge;17;nom
animé;17;adj
portrait;17;nom
41;17;num
épanouir;17;ver
jurassien;17;adj
aaaah;17;nr
désastreux;17;adj
philippe;17;nr
fabrication;17;nom
isoler;17;ver
stabilité;17;nom
emji_père_noël;17;nr
bienvenu;17;nom
recrue;17;nom
alain;17;nom
harry;17;nr
remarque;17;nom
remplacement;17;nom
emji_globe_tourné_sur_l_afrique_et_l_europe;17;nr
innocence;17;nom
corrompu;17;adj
culot;17;nom
peace;17;nr
plume;17;nom
pic;17;nom
wtf;17;nr
déprimer;17;ver
entraînement;17;nom
ohhh;17;nr
échanger;17;ver
2014;17;num
béton;17;nom
quoique;17;con
empirer;17;ver
00;17;num
étrangement;17;adv
relatif;17;adj
3eme;17;nr
sous_entendre;17;ver
collection;17;nom
bonsoir;17;nom
participation;17;nom
opérer;17;ver
assiette;17;nom
plait;17;nr
best;17;nom
fondement;17;nom
68;17;num
rageux;17;nr
lumineux;17;adj
indigne;17;adj
salir;17;ver
cap;17;nom
vielle;17;nom
défaire;17;ver
braquer;17;ver
nerveux;17;adj
antisémitisme;17;nom
affirmation;17;nom
débuter;17;ver
2eme;17;nr
tissu;17;nom
célibat;17;nom
ligue;17;nom
diagnostic;17;nom
emji_mains_levées_peau_moyennement_claire;17;nr
présentation;17;nom
51;17;num
étatique;17;adj
gaver;17;ver
kebab;17;nom
deuxièmement;17;adv
naturalisation;17;nom
permanent;17;adj
révolutionnaire;17;adj
neuch;17;nr
29;17;num
cabine;17;nom
tiroir;17;nom
automobile;17;nom
perception;17;nom
am;17;nr
rive;17;nom
10000;17;num
couche;17;nom
tapis;17;nom
rassembler;17;ver
portant;17;adj
brosse;17;nom
comité;17;nom
atroce;17;adj
candidat;17;nom
satellite;17;nom
alerte;17;ono
cyclable;17;adj
variable;17;adj
raisonnable;17;adj
gpt;17;nr
honnêteté;17;nom
disque;17;nom
motivation;17;nom
exposition;17;nom
frustrer;17;ver
orientation;17;nom
démon;17;nom
arabie;17;nr
redire;17;ver
vilain;17;adj
soi_disant;17;adj
barbarie;17;nom
cp;17;nr
originaire;17;adj
déborder;17;ver
instit;17;nom
bagage;17;nom
rendement;17;nom
incendie;17;nom
outrance;17;nom
bonté;17;nom
modestie;17;nom
2500;17;num
dollar;17;nom
destructeur;17;adj
infiniment;17;adv
végétarien;17;adj
contradictoire;17;adj
inclusif;17;nr
garde;17;nom
pib;17;nr
parasite;17;nom
contraignant;17;adj
éponge;17;nom
clou;17;nom
c1;17;nr
suspendre;17;ver
infliger;17;ver
judée;17;nr
bracelet;17;nom
cardiaque;17;adj
abo;17;nr
hollywood;17;nr
lara;17;nr
compatriote;17;nom
républicain;17;adj
50mio;17;nr
délocaliser;17;ver
objectivité;17;nom
rompre;17;ver
urgent;17;adj
mascarade;17;nom
yodel;17;nr
infiltrer;17;ver
maduro;17;nr
pacifiste;17;adj
hippie;16;nom
clip;16;nom
vélomoteur;16;nom
mégot;16;nom
posts;16;nr
célèbre;16;adj
lover;16;ver
bêtement;16;adv
wsh;16;nr
jpp;16;nr
typiquement;16;adv
plainte;16;nom
flotte;16;nom
terrifiant;16;adj
emji_coeur_jaune;16;nr
misogynie;16;nom
généralisé;16;adj
délicieux;16;adj
64;16;num
charles;16;nr
1940;16;num
1950;16;num
épreuve;16;nom
surpoids;16;nom
incident;16;nom
repasser;16;ver
moeurs;16;nom
épaule;16;nom
graver;16;ver
imiter;16;ver
pere;16;nr
52;16;num
grain;16;nom
olivier;16;nom
contaminer;16;ver
didier;16;nr
goutte;16;nom
audace;16;nom
cage;16;nom
malbouffe;16;nr
contraception;16;nom
février;16;nom
evidemment;16;nr
irresponsable;16;adj
cloche;16;nom
waouh;16;nr
fendre;16;ver
litre;16;nom
porno;16;nom
sévère;16;adj
sérénité;16;nom
dictionnaire;16;nom
griller;16;ver
porc;16;nom
ons;16;nr
génétique;16;adj
indigner;16;ver
ethnie;16;nom
misérable;16;adj
tolérant;16;adj
réputation;16;nom
cravate;16;nom
transparent;16;adj
aujourdhui;16;nr
lausannoise;16;nr
humiliation;16;nom
ns;16;nr
cohérence;16;nom
stock;16;nom
militer;16;ver
ineptie;16;nom
combattant;16;nom
grandement;16;adv
perdurer;16;ver
verbal;16;adj
fréquent;16;adj
subtilité;16;nom
made_in;16;adv
gaspiller;16;ver
emji_coeur_orange;16;nr
rap;16;nom
nn;16;nr
mail;16;nom
primordial;16;adj
droguer;16;ver
attentif;16;adj
pitoyable;16;adj
certificat;16;nom
département;16;nom
rétablir;16;ver
affecter;16;ver
formule;16;nom
joint;16;nom
cv;16;nr
passager;16;nom
postuler;16;ver
emji_homme_avec_la_paume_sur_le_visage_peau_légèrement_mate;16;nr
désert;16;nom
déprimant;16;adj
format;16;nom
ç;16;nr
consensus;16;nom
sony;16;nr
plateforme;16;nom
not;16;nom
éveiller;16;ver
copie;16;nom
38;16;num
crédible;16;adj
fouiller;16;ver
luxembourg;16;nr
zoug;16;nr
bro;16;nr
maillot;16;nom
cramer;16;ver
nationaliste;16;adj
poison;16;nom
fréquence;16;nom
syndrome;16;nom
emji_pop_corn;16;nom
malaise;16;nom
désarmer;16;ver
cadavre;16;nom
syndicat;16;nom
durable;16;adj
migration;16;nom
aggraver;16;ver
2ème;16;nr
bail;16;nom
curiosité;16;nom
peupler;16;ver
pologne;16;nr
ce1;16;nr
aop;16;nr
repenser;16;ver
emji_double_point_d_exclamation;16;nom
cornichon;16;nom
prostitué;16;nom
régir;16;ver
souveraineté;16;nom
case;16;nom
autonomie;16;nom
complément;16;nom
incapacité;16;nom
abonné;16;nom
greta;16;nr
world;16;nr
vigueur;16;nom
ardoise;16;nom
perroquet;16;nom
3ème;16;nr
emji_femme_qui_hausse_les_épaules_peau_légèrement_mate;16;nr
compliquer;16;ver
emji_billet_avec_des_ailes;16;nom
assaut;16;nom
brut;16;adj
bafouer;16;ver
minet;16;nom
perdant;16;nom
squat;16;nom
soudain;16;adv_sup
moralement;16;adv
résidence;16;nom
shoah;16;nr
opposant;16;nom
reconstruction;16;nom
cuba;16;nr
espion;16;nom
flottille;16;nom
malpoli;16;adj
génocidaires;16;nr
milei;16;nr
célébrer;15;ver
correction;15;nom
emji_coeur_enflammé;15;nr
34;15;num
historien;15;nom
temp;15;nr
mulet;15;nom
rajeunir;15;ver
maxi;15;adj
urbain;15;adj
clairvoyance;15;nom
alexandre;15;nr
emji_coeur_noir;15;nr
escalade;15;nom
politesse;15;nom
4000;15;num
profondeur;15;nom
irrespectueux;15;adj
ennuyeux;15;adj
mature;15;adj
perfection;15;nom
instruit;15;adj
taliban;15;nom
emji_visage_stupéfait;15;nr
be;15;nr
emji_oeil;15;nr
fonctionnaire;15;nom
morges;15;nr
anne;15;nr
tj;15;nr
surchat;15;nr
avortement;15;nom
pédophile;15;nom
poussière;15;nom
soulager;15;ver
pondre;15;ver
porteur;15;nom
accoucher;15;ver
sosie;15;nom
emji_coeur_point_d_exclamation;15;nr
cordialement;15;adv
rincer;15;ver
las;15;ono
logistique;15;nom
coluche;15;nr
emji_visage_en_colère;15;nr
référendum;15;nom
complotistes;15;nr
réfugier;15;ver
revue;15;nom
life;15;nr
marcel;15;nom
mcdo;15;nr
surveillance;15;nom
aspirer;15;ver
manuel;15;nom
égoïsme;15;nom
arbitre;15;nom
tueur;15;nom
consultation;15;nom
tragique;15;adj
emji_visage_déconcerté;15;nr
devise;15;nom
1995;15;num
injection;15;nom
déchirer;15;ver
fasciner;15;ver
transformation;15;nom
humeur;15;nom
embrasser;15;ver
ours;15;nom
colonialisme;15;nom
répartie;15;nom
débarquer;15;ver
puce;15;nom
pêche;15;nom
stupidité;15;nom
algérien;15;adj
méfier;15;ver
gendarme;15;nom
premièrement;15;adv
enfoncer;15;ver
originel;15;adj
lecteur;15;nom
culpabiliser;15;ver
bataille;15;nom
délirer;15;ver
mépriser;15;ver
poignée;15;nom
emji_visage_avec_bouche_en_diagonale;15;nom
abonner;15;ver
animer;15;ver
décalage;15;nom
hello;15;ono
lobbies;15;nom
invisible;15;adj
1975;15;num
gratitude;15;nom
ravager;15;ver
oppresseur;15;nom
leuser_utilisateurice;15;nr
totalitaire;15;adj
cliquer;15;ver
germain;15;adj
civilisé;15;adj
tordu;15;adj
révolte;15;nom
oeuvrer;15;ver
solo;15;nom
urne;15;nom
irak;15;nr
planifier;15;ver
crack;15;nom
prêter;15;ver
bfm;15;nr
extreme;15;nr
lécher;15;ver
astuce;15;nom
parquer;15;ver
délirant;15;adj
quatre_vingt;15;adj_num
53;15;num
1973;15;num
influenceurs;15;nr
horizon;15;nom
fisher;15;nr
so;15;nr
poitrine;15;nom
particule;15;nom
dispo;15;adj
intellectuellement;15;adv
complotiste;15;nr
addition;15;nom
kiff;15;nr
2001;15;num
coutume;15;nom
cancérigène;15;adj
factuellement;15;nr
alerter;15;ver
modération;15;nom
hormone;15;nom
gloire;15;nom
natel;15;nr
unité;15;nom
éradiquer;15;ver
photographe;15;nom
londres;15;nr
dresser;15;ver
approuver;15;ver
avc;15;nr
goat;15;nr
couronne;15;nom
retenue;15;nom
environnemental;15;adj
apprenti;15;nom
dentiste;15;nom
tablette;15;nom
é;15;adv
littérature;15;nom
protester;15;ver
pleinement;15;adv
insensé;15;adj
résilience;15;nom
incels;15;nr
emji_croix;15;nom
accéder;15;ver
talentueux;15;adj
électeur;15;nom
serpent;15;nom
régie;15;nom
emji_coeurs_qui_tournent;15;nr
abstenir;15;ver
incarner;15;ver
athée;15;nom
fair;15;nr
masquer;15;ver
diminution;15;nom
giec;15;nr
chuter;15;ver
homo;15;adj
assassin;15;nom
robert;15;nom
moselle;15;nr
romandie;15;nr
calosse;15;nr
manifestement;15;adv
créature;15;nom
commande;15;nom
caddie;15;nom
cygne;15;nom
inconditionnel;15;adj
pragmatique;15;adj
anéantir;15;ver
drastiquement;15;adv
vestiaire;15;nom
remporter;15;ver
glacier;15;nom
parmelin;15;nr
tunis;15;nr
conditionnel;15;nom
cayla;15;nr
ménopause;15;nom
diplomatie;15;nom
taxation;15;nom
préalable;15;nom
blocus;15;nom
emji_chaînons;15;nr
maternité;15;nom
horlogerie;15;nom
sud_américain;15;adj
emji_drapeau_sénégal;15;nr
bolivie;15;nr
guyane;15;nr
pia;15;nr
pédophilie;15;nom
avertir;14;ver
cabane;14;nom
berger;14;nom
emji_papillon;14;nom
cure;14;nom
env;14;nr
tik;14;nr
tok;14;nr
noisette;14;nom
plaie;14;nom
grace;14;nr
lessive;14;nom
mat;14;nom
stérile;14;adj
story;14;nr
subtil;14;adj
grand_papa;14;nom
diffusion;14;nom
poivre;14;nom
contemporain;14;adj
variété;14;nom
gag;14;nom
7h;14;nr
emji_homme_qui_hausse_les_épaules_peau_moyennement_claire;14;nr
diction;14;nom
emji_jeune_pousse;14;nom
installation;14;nom
pipe;14;nom
obèse;14;adj
balade;14;nom
démuni;14;nom
routine;14;nom
fibre;14;nom
m2;14;nr
panique;14;nom
foie;14;nom
potter;14;nr
emji_mains_levées_peau_légèrement_mate;14;nr
nain;14;nom
cm;14;nom
85;14;num
indéniable;14;adj
redevenir;14;ver
pendule;14;nom
rhétorique;14;nom
vintage;14;nom
dixit;14;adj
essai;14;nom
fermé;14;adj
séparation;14;nom
apaiser;14;ver
grandeur;14;nom
bistrot;14;nom
camping;14;nom
dead;14;nr
vitre;14;nom
admiration;14;nom
78;14;num
indifférence;14;nom
entendeur;14;nom
1993;14;num
sacrifice;14;nom
genial;14;nr
quai;14;nom
renverser;14;ver
polluant;14;adj
dispositif;14;nom
affection;14;nom
paradoxal;14;adj
décor;14;nom
favorable;14;adj
noyer;14;ver
emji_visage_qui_tire_la_langue;14;nom
bec;14;nom
sms;14;nr
migrer;14;ver
aire;14;nom
emji_croix_latine;14;nom
luc;14;nr
pré;14;nom
récompense;14;nom
tou;14;nr
bruxelles;14;nr
négligeable;14;adj
instinct;14;nom
châtiment;14;nom
associé;14;nom
gauchisme;14;nom
dico;14;nom
tqt;14;nr
chelou;14;nr
embauche;14;nom
projection;14;nom
archi;14;nom
low;14;nr
banc;14;nom
rédiger;14;ver
rationnel;14;adj
frotter;14;ver
nickel;14;adj
game;14;nom
lé;14;nom
entreprendre;14;ver
perrot;14;nr
homophobe;14;adj
hétéro;14;adj
multitude;14;nom
oula;14;nr
fainéant;14;nom
émeute;14;nom
chiant;14;adj
ultime;14;adj
zürich;14;nr
souche;14;nom
véritablement;14;adv
hip;14;ono
2009;14;num
gen;14;nr
émeutier;14;nom
intégrité;14;nom
grec;14;nom
basta;14;ono
sienne;14;pro_pos
queen;14;nr
bns;14;nr
artistique;14;adj
naturalisé;14;adj
disparu;14;nom
mont;14;nom
câble;14;nom
alarme;14;nom
vaste;14;adj
retrait;14;nom
envoi;14;nom
navrant;14;adj
fuck;14;nr
intonation;14;nom
adéquat;14;adj
masculinistes;14;nr
australie;14;nr
inutilement;14;adv
complot;14;nom
clique;14;nom
up;14;nr
hezbollah;14;nr
aligner;14;ver
emji_personne_avec_la_paume_sur_le_visage_peau_claire;14;nom
alsacien;14;adj
respecté;14;adj
impatience;14;nom
2003;14;num
débilité;14;nom
découper;14;ver
violemment;14;adv
courrier;14;nom
nicolas;14;nr
serré;14;adj
canapé;14;nom
favori;14;adj
colombie;14;nr
pedo;14;nr
amplifier;14;ver
scientifiquement;14;adv
inversement;14;adv
charbon;14;nom
marchand;14;nom
autriche;14;nr
paille;14;nom
garage;14;nom
handicapé;14;nom
banquier;14;nom
emji_arc_en_ciel;14;nom
lyon;14;nr
frouze;14;nr
suppression;14;nom
cata;14;nom
dérégler;14;ver
néfaste;14;adj
paradoxe;14;nom
apologie;14;nom
matériau;14;nom
dominant;14;adj
sapiens;14;adj
redistribution;14;nom
grammaire;14;nom
universitaire;14;adj
gravement;14;adv
systématique;14;adj
imbécile;14;nom
prostituer;14;ver
durcir;14;ver
tique;14;nom
morbide;14;adj
chorale;14;nom
aquatique;14;adj
intelligemment;14;adv
prompt;14;adj
cambrioler;14;ver
tension;14;nom
palmarès;14;nom
libanais;14;nom
foutage;14;nr
ceo;14;nr
loger;14;ver
emji_chat;14;nom
importé;14;adj
wii;14;nr
chevignon;14;nr
diplomatique;14;adj
débordement;14;nom
pollueur;14;nom
ceux_ci;14;pro_dem
50m;14;nr
ratio;14;nom
bavure;14;nom
iels;14;nr
productivité;14;nom
contribution;14;nom
bourreau;14;nom
après_des;14;nr
parascolaire;14;adj
contrer;14;ver
cst;14;nr
cfc;14;nr
mobilier;14;nom
démissionner;14;ver
machado;14;nr
emji_langue;14;nom
afficher;13;ver
enfantin;13;adj
sensibiliser;13;ver
médiocrité;13;nom
armoire;13;nom
roger;13;nr
emji_tête_de_chat;13;nr
expo;13;nom
violet;13;adj
ooh;13;nr
30ans;13;nr
répartir;13;ver
dégénérer;13;ver
intensité;13;nom
humanisme;13;nom
remarquable;13;adj
générosité;13;nom
comble;13;nom
certe;13;nr
albert;13;nr
cruauté;13;nom
bibliothèque;13;nom
reproduction;13;nom
spray;13;nom
disputer;13;ver
couloir;13;nom
ais;13;nom
fâcher;13;ver
vacciner;13;ver
ressort;13;nom
délinquance;13;nom
préparation;13;nom
off;13;adj
pionnier;13;nom
1982;13;num
emji_note_de_musique;13;nom
coiffeur;13;nom
tricher;13;ver
douchettes;13;nr
peter;13;nr
chacune;13;pro_ind
contraindre;13;ver
heidi;13;nr
surnom;13;nom
habillement;13;nom
viable;13;adj
détacher;13;ver
yes;13;nr
dissuader;13;ver
optimiste;13;adj
bourvil;13;nr
beurk;13;ono
attachant;13;adj
preneur;13;nom
rang;13;nom
taré;13;nom
stéphane;13;nr
accueillant;13;adj
longueur;13;nom
mafieux;13;nom
instrument;13;nom
fashion;13;nom
vis_à_vis;13;pre
ct;13;nr
fossé;13;nom
ordure;13;nom
emji_verre_de_vin;13;nom
43;13;num
dédicace;13;nom
dernièrement;13;adv
songer;13;ver
emji_décamper;13;nr
coms;13;nr
côtoyer;13;ver
maigre;13;adj
ancrer;13;ver
frustré;13;adj
arreter;13;nr
bidon;13;adj
pokémon;13;nr
singulier;13;adj
équipement;13;nom
abruti;13;nom
progressiste;13;adj
os;13;nom
demeure;13;nom
empailler;13;ver
surfer;13;ver
engin;13;nom
tpg;13;nr
42;13;num
spécialement;13;adv
fondateur;13;nom
relancer;13;ver
fournisseur;13;nom
fraise;13;nom
vecu;13;nr
persister;13;ver
2011;13;num
juillet;13;nom
évènement;13;nom
serbe;13;adj
épouser;13;ver
dé;13;nom
décrédibiliser;13;ver
sévir;13;ver
gérard;13;nr
moustachu;13;adj
roulant;13;adj
cnews;13;nr
matraque;13;nom
nice;13;nom
ridiculiser;13;ver
creux;13;adj
fautif;13;adj
emji_ogre;13;nom
parlementaire;13;adj
3x;13;nr
mortalité;13;nom
dr;13;nr
sensation;13;nom
aviation;13;nom
carouge;13;nr
buzz;13;nr
iranien;13;adj
emji_visage_souriant_avec_des_cornes;13;nom
brevet;13;nom
psychiatrie;13;nom
digérer;13;ver
françoise;13;nr
auxquels;13;pro_rel
mensuel;13;adj
discréditer;13;ver
broyer;13;ver
bob;13;nom
gel;13;nom
17h;13;nr
claquer;13;ver
crade;13;adj
fact;13;nr
saturer;13;ver
déployer;13;ver
manche;13;nom
stressant;13;adj
harrison;13;nr
fringue;13;nom
couvercle;13;nom
sécheresse;13;nom
là_dedans;13;adv
médiatiser;13;ver
poumon;13;nom
vainqueur;13;nom
athlète;13;nom
bronzage;13;nom
glorifier;13;ver
décharge;13;nom
emji_main_qui_écrit;13;nr
entraider;13;ver
sourd;13;adj
à_l_encontre;13;pre
comté;13;nom
alpha;13;nom
keuf;13;nom
faille;13;nom
gratuité;13;nom
bâtir;13;ver
banger;13;nr
persécuter;13;ver
quil;13;nr
telephone;13;nr
percer;13;ver
délai;13;nom
aucunes;13;adj_ind
absent;13;adj
bla;13;nr
intense;13;adj
kilo;13;nom
do;13;nom
exportation;13;nom
sonore;13;adj
différencier;13;ver
coton;13;nom
poudre;13;nom
louche;13;adj
emji_drapeau_île_clipperton;13;nr
activer;13;ver
déforestation;13;nom
grossier;13;adj
tarte;13;nom
pair;13;nom
calculette;13;nom
implication;13;nom
véridique;13;adj
élémentaire;13;adj
livraison;13;nom
géographie;13;nom
pa;13;art_ind
semblable;13;adj
10h;13;nr
nid;13;nom
connexion;13;nom
gluten;13;nom
empaillé;13;adj
abattoir;13;nom
tournoi;13;nom
panini;13;nom
bilatéral;13;adj
décevant;13;adj
paninari;13;nr
arrogant;13;adj
perpétrer;13;ver
résider;13;ver
dévier;13;ver
bennett;13;nr
6000;13;num
master;13;nom
supposition;13;nom
légitimité;13;nom
7000;13;num
fortuné;13;adj
emji_visage_avec_des_valises_sous_les_yeux;13;nom
quid;13;nr
infraction;13;nom
states;13;nr
soudanais;13;nom
sionisme;13;nom
lacrymogène;13;adj
bolsonaro;13;nr
mobilisation;13;nom
pension;13;nom
saoudite;13;adj
dicter;13;ver
affrontement;13;nom
constitutionnel;13;adj
jérusalem;13;nr
saleh;13;nr
foire;12;nom
fesait;12;nr
conditionner;12;ver
puch;12;nr
marine;12;adj
troupe;12;nom
1984;12;num
boguet;12;nom
boisson;12;nom
intégralité;12;nom
éternité;12;nom
we;12;nr
horrifier;12;ver
barbare;12;nom
emji_abeille;12;nom
siffler;12;ver
waw;12;nr
1986;12;num
excellence;12;nom
craquer;12;ver
appui;12;nom
inventeur;12;nom
légalement;12;adv
1969;12;num
inapproprié;12;adj
1991;12;num
écologiste;12;adj
gâchis;12;nom
nuls;12;adj_ind
commentateur;12;nom
mémé;12;nom
cri;12;nom
écrivain;12;nom
elton;12;nr
sponsoriser;12;ver
poétique;12;adj
play;12;adv
emprunter;12;ver
1976;12;num
saisonnier;12;adj
impacte;12;nr
poli;12;adj
moustache;12;nom
privation;12;nom
just;12;nr
tits;12;nr
baignoire;12;nom
incompréhension;12;nom
sien;12;pro_pos
municipal;12;adj
patrick;12;nr
mega;12;nr
christophe;12;nr
générique;12;nom
reflet;12;nom
évolué;12;adj
authenticité;12;nom
compléter;12;ver
accro;12;adj
zoo;12;nom
beauf;12;nom
obéir;12;ver
fiscalement;12;adv
van;12;nom_sup
trait;12;nom
emji_visage_sans_bouche;12;nom
piqûre;12;nom
paléo;12;adv
mardi;12;nom
coute;12;nr
marc;12;nom
nest;12;nr
messe;12;nom
portefeuille;12;nom
judicieux;12;adj
astronomique;12;adj
alliance;12;nom
blindé;12;adj
râleur;12;nom
okay;12;nr
alentour;12;adv_sup
tic;12;nom
temporaire;12;adj
rouleau;12;nom
noel;12;nr
ralentir;12;ver
soif;12;nom
récompenser;12;ver
souriant;12;adj
tune;12;nom
oe;12;nr
quils;12;nr
chouiner;12;ver
connotation;12;nom
néant;12;nom
alala;12;nr
conception;12;nom
géographique;12;adj
gène;12;nom
da;12;ono
emballage;12;nom
citadin;12;nom
appauvrir;12;ver
admiratif;12;adj
choper;12;ver
salamandre;12;nom
saisie;12;nom
mention;12;nom
vocation;12;nom
correcteur;12;nom
emji_point_d_exclamation_rouge;12;nom
gamelle;12;nom
dinosaure;12;nom
robinet;12;nom
provenance;12;nom
char;12;nom
laurent;12;nr
binaire;12;adj
dance;12;nr
emji_hibiscus;12;nom
escalier;12;nom
bonus;12;nom
responsabiliser;12;ver
immoral;12;adj
13h;12;nr
tonton;12;nom
redevance;12;nom
cargo;12;nom
celle_là;12;pro_dem
quota;12;nom
20ans;12;nr
amender;12;ver
insouciance;12;nom
saurer;12;ver
val;12;nom
suer;12;ver
emji_personne_qui_hausse_les_épaules_peau_claire;12;nr
intermédiaire;12;nom
paul;12;nr
jazz;12;nom
orage;12;nom
villa;12;nom
good;12;nr
paresse;12;nom
confondu;12;adj
mouiller;12;ver
concession;12;nom
tech;12;nr
extinction;12;nom
atomique;12;adj
caler;12;ver
humide;12;adj
fusée;12;nom
mensonger;12;adj
géométrie;12;nom
apport;12;nom
endoctrinement;12;nom
voile;12;nom
envahisseur;12;nom
éleveur;12;nom
modérer;12;ver
poêle;12;nom
indice;12;nom
comestible;12;adj
longévité;12;nom
techno;12;adj
artisanal;12;adj
divertissement;12;nom
psychique;12;adj
civique;12;adj
organisé;12;adj
recueillir;12;ver
elles_mêmes;12;pro_per
ascenseur;12;nom
femelle;12;nom
gorge;12;nom
daube;12;nom
buter;12;ver
enft;12;nr
tournure;12;nom
king;12;nr
nombril;12;nom
martin;12;nom
bible;12;nom
terroriser;12;ver
castrer;12;ver
cartable;12;nom
qué;12;nr
sénégal;12;nr
emji_drapeau_brésil;12;nr
citron;12;nom
cameroun;12;nr
carotte;12;nom
thérapie;12;nom
sensibilisation;12;nom
emji_point_d_interrogation_rouge;12;nom
nouveauté;12;nom
annexer;12;ver
panosse;12;nom
sirène;12;nom
ecoute;12;nr
ice;12;nr
fièrement;12;adv
algorithme;12;nom
tdah;12;nr
disparaitre;12;nr
bullshit;12;nr
affaiblir;12;ver
psychopathe;12;nom
justification;12;nom
mathématique;12;adj
programmer;12;ver
pertinence;12;nom
nestlé;12;nr
fondation;12;nom
pente;12;nom
trajectoire;12;nom
probable;12;adj
blablabla;12;nom
biologie;12;nom
débarbouillette;12;nom
champagne;12;nom
shneck;12;nr
motorisé;12;adj
nuancé;12;adj
recours;12;nom
tf;12;nr
score;12;nom
vigilant;12;adj
impensable;12;adj
mouillemerde;12;nr
chirurgien;12;nom
yann;12;nr
trés;12;nr
vengeance;12;nom
affamé;12;adj
corrélation;12;nom
caresser;12;ver
provocation;12;nom
maçon;12;nom
nes;12;nr
liverpool;12;nr
vérification;12;nom
règlement;12;nom
économiquement;12;adv
compétent;12;adj
1864;12;num
exclusion;12;nom
bourge;12;nom
pénaliser;12;ver
disproportionné;12;adj
proportionnalité;12;nom
colossal;12;adj
ag;12;nr
potable;12;adj
egypte;12;nr
statistiquement;12;adv
poutine;12;adj
violation;12;nom
ruissellement;12;nom
tsahal;12;nr
nuisance;12;nom
steak;12;nom
terro;12;nr
inégal;12;adj
trêve;12;nom
nasse;12;nom
stationnement;12;nom
libéralisme;12;nom
gym;11;nom
emji_visage_mécontent;11;nr
selle;11;nom
grèce;11;nr
facebook;11;nr
street;11;nr
prophète;11;nom
impeccable;11;adj
cuisinier;11;nom
sacrifier;11;ver
what;11;nr
doré;11;adj
nager;11;ver
spirituel;11;adj
math;11;nom
ahhhh;11;nr
ambition;11;nom
renouveler;11;ver
pape;11;nom
désaccord;11;nom
sincérité;11;nom
psychologie;11;nom
perturbateur;11;adj
indicateur;11;nom
simon;11;nr
renseignement;11;nom
vigneron;11;nom
poète;11;nom
ride;11;nom
zombie;11;nom
all;11;nr
compliment;11;nom
diaboliser;11;ver
defaye;11;nr
grotte;11;nom
interrompre;11;ver
emji_visage_ébahi;11;nr
thaïlande;11;nr
amplement;11;adv
cohésion;11;nom
vevey;11;nr
col;11;nom
debile;11;nr
vacherin;11;nom
emji_index_pointant_vers_le_haut_peau_claire;11;nom
vingt;11;adj_num
one;11;nr
chiotte;11;nom
étaler;11;ver
incarné;11;adj
danseur;11;nom
hitler;11;nr
crotte;11;nom
olympique;11;adj
vosges;11;nr
skieur;11;nom
emji_symbole_de_paix;11;nom
iii;11;nr
balai;11;nom
publicitaire;11;adj
musicien;11;nom
crayon;11;nom
generation;11;nr
caricature;11;nom
patin;11;nom
piloter;11;ver
kit;11;nom
man;11;nom
satisfaction;11;nom
girl;11;nom
di;11;nr
architecture;11;nom
tabou;11;adj
glorieux;11;adj
e_mail;11;nom
prioritaire;11;adj
short;11;nom
convivial;11;adj
revivre;11;ver
61;11;num
33;11;num
aliénation;11;nom
abominable;11;adj
indirect;11;adj
qqchose;11;nr
cannabis;11;nom
dérangeant;11;adj
déguster;11;ver
placard;11;nom
gravité;11;nom
recouvrir;11;ver
insurger;11;ver
quon;11;nr
abaisser;11;ver
énoncé;11;nom
ref;11;nr
media;11;nom
thomas;11;nom
distinguer;11;ver
stigmatiser;11;ver
900;11;num
mal_être;11;nom
web;11;nom
fleurir;11;ver
acide;11;nom
imier;11;nr
sense;11;nr
planche;11;nom
merdique;11;adj
relou;11;nr
impressionner;11;ver
officier;11;ver
impossibilité;11;nom
partiel;11;adj
défilé;11;nom
impots;11;nr
testostérone;11;nom
8h;11;nr
vih;11;nr
alpin;11;adj
ge;11;nr
86;11;num
bourgeoisie;11;nom
jouir;11;ver
climato;11;nr
saleté;11;nom
burn;11;nr
mohamed;11;nr
aisément;11;adv
zut;11;ono
pharmaceutique;11;adj
emji_visage_avec_bouche_fermeture_éclair;11;nr
qques;11;nr
populiste;11;adj
cheffe;11;nr
oú;11;nr
juvénile;11;adj
aiguisé;11;adj
injonction;11;nom
sandale;11;nom
gourou;11;nom
sarcasme;11;nom
emji_confettis;11;nom
conjugaison;11;nom
veiller;11;ver
emji_téléphone_portable;11;nr
open;11;adj
cortège;11;nom
tag;11;nom
inapte;11;adj
intestin;11;nom
humidité;11;nom
inconvénient;11;nom
progressivement;11;adv
préoccupation;11;nom
tessin;11;nr
froc;11;nom
textile;11;adj
french;11;nom
77;11;num
bill;11;nom
putin;11;nr
subvenir;11;ver
clore;11;ver
ts;11;nr
autruche;11;nom
lobbying;11;nom
altitude;11;nom
utopie;11;nom
leman;11;nr
footballeur;11;nom
remède;11;nom
seine;11;nom
handicaper;11;ver
spoiler;11;nom
vibrer;11;ver
virtuel;11;adj
adieu;11;ono
avancée;11;nom
marginal;11;adj
conforme;11;adj
détromper;11;ver
manoeuvre;11;nom
caprice;11;nom
ceux_là;11;pro_dem
ambulancier;11;nom
prière;11;nom
exclusivement;11;adv
paisible;11;adj
étroit;11;adj
mascu;11;nr
neo;11;nr
chevalier;11;nom
2ans;11;nr
réviser;11;ver
instable;11;adj
rentabilité;11;nom
ponctuation;11;nom
sidérer;11;ver
soupçonner;11;ver
progressif;11;adj
97;11;num
promo;11;nom
interaction;11;nom
that;11;nr
pyramide;11;nom
détailler;11;ver
enchaîner;11;ver
tutoyer;11;ver
rapidité;11;nom
induire;11;ver
varier;11;ver
emji_visage_déguisé;11;nr
bétail;11;nom
abondance;11;nom
mere;11;nr
mondialisation;11;nom
vêtir;11;ver
sobriété;11;nom
emji_empreintes_d_animaux;11;nom
déduire;11;ver
survivant;11;nom
approprier;11;ver
hugo;11;nr
millénaire;11;nom
check;11;nr
planétaire;11;adj
anticiper;11;ver
12h;11;nr
carburant;11;nom
emballer;11;ver
philosophe;11;nom
transférer;11;ver
démission;11;nom
électro;11;nr
electro;11;nr
4k;11;nr
dock;11;nom
chèque;11;nom
essoreuse;11;nom
antiquité;11;nom
crasse;11;nom
nestle;11;nr
zero;11;nr
engraisser;11;ver
spa;11;nom
farine;11;nom
désespérant;11;adj
sommer;11;ver
rigoureux;11;adj
focus;11;nr
poussette;11;nom
vigilance;11;nom
1500;11;num
amérindien;11;adj
espere;11;nr
prélever;11;ver
cueillir;11;ver
caoutchouc;11;nom
glauque;11;adj
résulter;11;ver
déformer;11;ver
rural;11;adj
préventif;11;adj
arabo;11;nr
grenade;11;nom
pacte;11;nom
squatter;11;ver
entièreté;11;nom
gitan;11;nom
compétitif;11;adj
2027;11;num
impérialiste;11;adj
noctambus;11;nr
asile;11;nom
mossad;11;nr
prolétaire;11;nom
fiscalité;11;nom
avantageux;11;adj
joindre;11;ver
incohérence;11;nom
zucman;11;nr
tva;11;nr
nécessairement;11;adv
main_d_oeuvre;11;nom
formuler;11;ver
cagnotte;11;nom
celles_ci;11;pro_dem
démilitariser;11;ver
hôte;11;nom
reporter;11;ver
compétitivité;11;nom
impartial;11;adj
faction;11;nom
emojis;11;nr
cpi;11;nr
corina;11;nr
coopération;11;nom
immatriculation;11;nom
uruguay;11;nr
intercontinental;11;adj
bilatérales;11;nr
fiv;11;nr
chant;10;nom
lèvre;10;nom
nage;10;nom
allure;10;nom
irréprochable;10;adj
moniteur;10;nom
carter;10;ver
sous_titre;10;nom
tennis;10;nom
loto;10;nom
nageur;10;nom
marin;10;nom
chui;10;nr
réciproque;10;adj
pétard;10;nom
amical;10;adj
laid;10;adj
désolant;10;adj
1974;10;num
ouïr;10;ver
précurseur;10;nom
infernal;10;adj
inquiétude;10;nom
ré;10;nom
angle;10;nom
ohlala;10;nr
virilité;10;nom
www;10;nr
peluche;10;nom
bûcheron;10;nom
basket;10;nom
bricolage;10;nom
monstrueux;10;adj
clan;10;nom
cuit;10;adj
confrontation;10;nom
été;10;nom
emji_feuille_morte;10;nom
discriminer;10;ver
partiellement;10;adv
rager;10;ver
emji_bouteille_de_champagne;10;nom
trancher;10;ver
ahahaha;10;nr
scrupule;10;nom
percher;10;ver
endormir;10;ver
machin;10;nom
déficit;10;nom
avertissement;10;nom
veau;10;nom
intemporel;10;adj
parodie;10;nom
condescendance;10;nom
suprême;10;adj
ressemblance;10;nom
emji_nuage_avec_neige;10;nom
réglementation;10;nom
parcourir;10;ver
huit;10;adj_num
incontournable;10;adj
5g;10;nr
joseph;10;nom
tatouage;10;nom
ambitieux;10;adj
rigolade;10;nom
régression;10;nom
grenoble;10;nr
interessant;10;nr
tournage;10;nom
nyon;10;nr
marseille;10;nr
décoller;10;ver
emji_points_d_exclamation_et_d_interrogation;10;nom
inspirant;10;adj
aller_retour;10;nom
bonnard;10;adj
insoutenable;10;adj
catherine;10;nr
renens;10;nr
lauser_utilisateurice;10;nr
proprement;10;adv
adjectif;10;nom
boue;10;nom
mou;10;adj
flinguer;10;ver
jeffrey;10;nr
gueuler;10;ver
certifier;10;ver
cieux;10;nom
risible;10;adj
nokia;10;nr
irrespect;10;nom
descendance;10;nom
voeu;10;nom
liké;10;nr
1989;10;num
emji_trace_de_rouge_à_lèvres;10;nr
divorcer;10;ver
appartenance;10;nom
sauvetage;10;nom
difficilement;10;adv
1998;10;num
leclerc;10;nr
parcontre;10;nr
pavé;10;nom
next;10;nr
yaourt;10;nom
bha;10;nr
historiquement;10;adv
maghrébin;10;adj
noblesse;10;nom
ttes;10;nr
offenser;10;ver
sorry;10;nr
privatisation;10;nom
victimiser;10;nr
emji_bout_des_doigts_joints;10;nom
rde;10;nr
législatif;10;adj
insinuer;10;ver
tte;10;nr
bouquin;10;nom
studio;10;nom
1983;10;num
chiner;10;ver
chaleureux;10;adj
frouzes;10;nr
vingtaine;10;nom
emji_signe_appel_téléphonique_avec_les_doigts;10;nr
détermination;10;nom
brin;10;nom
chronique;10;adj
technologique;10;adj
égalitaire;10;adj
mobylette;10;nom
incomparable;10;adj
sida;10;nom
psq;10;nr
toc;10;adj
albanie;10;nr
jte;10;nr
délicat;10;adj
beh;10;nr
sociétal;10;adj
cacahuète;10;nom
facho;10;nom
placette;10;nom
break;10;nom
serpillière;10;nom
dévoiler;10;ver
tarder;10;ver
véracité;10;nom
significatif;10;adj
mp;10;nr
encaisser;10;ver
location;10;nom
banal;10;adj
rame;10;nom
mutuel;10;adj
endetter;10;ver
hausser;10;ver
macdo;10;nr
merder;10;ver
envoler;10;ver
compromis;10;nom
emji_ampoule;10;nom
baver;10;ver
accessoirement;10;adv
fonctionnel;10;adj
parcequ;10;nr
explicite;10;adj
chair;10;nom
farce;10;nom
bercer;10;ver
décadence;10;nom
flash;10;nom
youpi;10;ono
deteste;10;nr
kiffe;10;nr
pdt;10;nr
psk;10;nr
canicule;10;nom
breton;10;adj
emji_pouce_vers_le_bas_peau_claire;10;nom
recrutement;10;nom
drastique;10;adj
visiteur;10;nom
shui;10;nr
apaisant;10;adj
harmonie;10;nom
rude;10;adj
bagne;10;nom
orgueil;10;nom
tomate;10;nom
sexy;10;adj
vôtres;10;pro_pos
1920;10;num
jetable;10;adj
éventuel;10;adj
claquette;10;nom
miser;10;ver
tousser;10;ver
f35;10;nr
ke;10;nr
déstabiliser;10;ver
cote;10;nom
cran;10;nom
drole;10;nr
smic;10;nr
familier;10;adj
sceptique;10;adj
minuscule;10;adj
spécifiquement;10;adv
autiste;10;adj
assassinat;10;nom
grillé;10;adj
atelier;10;nom
tinder;10;nr
difference;10;nr
inutilisable;10;adj
bouillir;10;ver
pruneau;10;nom
sécher;10;ver
obligatoirement;10;adv
anarchiste;10;adj
inouï;10;adj
ânerie;10;nom
oeillère;10;nom
che;10;nr
défiler;10;ver
lâcheté;10;nom
adepte;10;nom
affolant;10;adj
emji_tête_qui_parle;10;nr
braquage;10;nom
écarter;10;ver
vicieux;10;adj
fidélité;10;nom
jme;10;nr
accessoire;10;nom
christianisme;10;nom
arretez;10;nr
inondation;10;nom
invoquer;10;ver
5h;10;nr
évacuer;10;ver
oct;10;nr
illustrer;10;ver
chaques;10;nr
elastique;10;nr
recré;10;nr
foulard;10;nom
obésité;10;nom
amateur;10;nom
prévision;10;nom
composant;10;nom
manipulateur;10;nom
dénonciation;10;nom
rectifier;10;ver
endocrinien;10;adj
sarcastique;10;adj
consoler;10;ver
emji_argent_dans_les_yeux_et_la_bouche;10;nom
gilet;10;nom
perpétuer;10;ver
contraste;10;nom
jus;10;nom
complexité;10;nom
vatican;10;nr
ciné;10;nom
concurrent;10;nom
2017;10;num
esquiver;10;ver
sociologique;10;adj
inox;10;nom
prolo;10;nom
surpopulation;10;nom
décimer;10;ver
vi;10;nr
endoctriner;10;ver
abord;10;nom
dictée;10;nom
division;10;nom
agacer;10;ver
hiérarchie;10;nom
parenthèse;10;nom
alzheimer;10;nr
inclusion;10;nom
prématuré;10;adj
traversée;10;nom
chut;10;ono
gérant;10;nom
honorer;10;ver
poulailler;10;nom
sanglier;10;nom
domestiquer;10;ver
verrouiller;10;ver
félin;10;nom
décombre;10;nom
skippy;10;nr
milan;10;nom
frein;10;nom
uni;10;adj
vieillissement;10;nom
finale;10;nom
vraisemblablement;10;adv
feng;10;nr
baguette;10;nom
bibi;10;nom
penalty;10;nom
adversaire;10;nom
emji_pêche;10;nr
expertise;10;nom
obséder;10;ver
patrie;10;nom
orchestrer;10;ver
proteger;10;nr
urss;10;nr
préférable;10;adj
trinquer;10;ver
47;10;num
clic;10;ono
1x;10;nr
benet;10;nr
surplus;10;nom
boycott;10;nom
compartiment;10;nom
tandis_qu;10;con
millionaires;10;nr
méritocratie;10;nom
donation;10;nom
illustration;10;nom
levier;10;nom
2045;10;num
féminicide;10;nr
feminicides;10;nr
contrepartie;10;nom
cop30;10;nr
anti_démocratique;10;adj
management;10;nom
em;10;nr
adhésion;10;nom
accusé;10;nom
visuel;10;adj
yemen;10;nr
négociateur;10;nom
enfreindre;10;ver
dictatorial;10;adj
amerique;10;nr
pagani;10;nr
démesurer;10;ver
procéder;10;ver
proportionné;10;adj
cis;10;adj
gen0cide;10;nr
riposte;10;nom
wikipédia;10;nr
désarmement;10;nom
vandalisme;10;nom
hamass;10;nr
cenovis;10;nr
magnus;10;nr
pirater;10;ver
mamdani;10;nr
migrantes;10;nr
aliou;10;nr
fraîcheur;9;nom
gamme;9;nom
saucisson;9;nom
référer;9;ver
1961;9;num
foin;9;nom
emji_poing_levé_peau_moyennement_claire;9;nr
revisiter;9;ver
axe;9;nom
trembler;9;ver
hmmm;9;nr
vrille;9;nom
phobie;9;nom
procédé;9;nom
sex;9;nr
snap;9;nr
emji_chat_qui_sourit_avec_des_yeux_rieurs;9;nom
prefere;9;nr
dialecte;9;nom
bouleversant;9;adj
psychologue;9;nom
incroyablement;9;adv
doter;9;ver
colline;9;nom
distinct;9;adj
1946;9;num
barbu;9;nom
qlq;9;nr
san;9;nr
mademoiselle;9;nom
chauve;9;adj
83;9;num
modéré;9;adj
sébastien;9;nr
terroir;9;nom
noeud;9;nom
bagarre;9;nom
enthousiasme;9;nom
he;9;nr
ste;9;nr
fortnite;9;nr
instructif;9;adj
ever;9;nr
extension;9;nom
machisme;9;nom
quarantaine;9;nom
moine;9;nom
cercueil;9;nom
planquer;9;ver
tuto;9;nr
camille;9;nr
professionnalisme;9;nom
immunité;9;nom
emji_seringue;9;nom
incarcérer;9;ver
posture;9;nom
1965;9;num
douloureux;9;adj
joux;9;nr
protestant;9;adj
1988;9;num
fantôme;9;nom
assurément;9;adv
retoucher;9;ver
culotté;9;adj
etres;9;nr
opérateur;9;nom
84;9;num
bouffon;9;nom
1981;9;num
hihi;9;nr
sylvain;9;nom
défoncer;9;ver
qqs;9;nr
hum;9;ono
dégénéré;9;nom
fatigant;9;adj
lucratif;9;adj
emji_visage_persévérant;9;nr
roux;9;adj
déco;9;adj
burger;9;nom
petit_enfant;9;nom
assisté;9;nom
maquillage;9;nom
54;9;num
martigny;9;nr
caleçon;9;nom
bergamote;9;nom
écolier;9;nom
emji_bouquet;9;nom
louable;9;adj
contrôleur;9;nom
mmm;9;nr
filière;9;nom
spectaculaire;9;adj
abolition;9;nom
dépouille;9;nom
miette;9;nom
prolonger;9;ver
directive;9;nom
casquette;9;nom
relais;9;nom
végane;9;nr
wokes;9;nr
rabattre;9;ver
variation;9;nom
pb;9;nr
sous_estimer;9;ver
69;9;num
attendrissant;9;adj
anticipé;9;adj
flou;9;adj
minable;9;adj
excepté;9;pre
colonisateur;9;nom
mousse;9;nom
rasciste;9;nr
vexer;9;ver
emji_poing_de_face;9;nom
gland;9;nom
fion;9;nom
matraquer;9;ver
suédois;9;nom
renvoi;9;nom
explorer;9;ver
réinventer;9;ver
dc;9;adj_num
canal;9;nom
amer;9;adj
racisé;9;nr
6eme;9;nr
fragilité;9;nom
emoji;9;nr
immature;9;adj
nait;9;nr
argot;9;nom
étonnement;9;nom
gogo;9;nom
magazine;9;nom
cost;9;nr
chic;9;ono
kms;9;nr
horloger;9;nom
magnifiquement;9;adv
décent;9;adj
trentaine;9;nom
encyclopédie;9;nom
berset;9;nr
emouvant;9;nr
with;9;nr
anecdote;9;nom
négliger;9;ver
enfanter;9;ver
1966;9;num
mobile;9;nom
fallacieux;9;adj
scout;9;adj
saigner;9;ver
please;9;adv
maximal;9;adj
emji_parapluie_avec_gouttes_de_pluie;9;nom
2013;9;num
tournant;9;nom
hockey;9;nom
émerveiller;9;ver
paquis;9;nr
météorite;9;nom
féminité;9;nom
bi;9;nom
emji_double_flèche_vers_le_bas;9;nr
cinquante;9;adj_num
équation;9;nom
sucer;9;ver
doubs;9;nr
légaliser;9;ver
poto;9;nr
étrangler;9;ver
cartel;9;nom
destin;9;nom
ile;9;nr
serveur;9;nom
tuerie;9;nom
dépit;9;nom
repère;9;nom
uber;9;nr
fichier;9;nom
swissair;9;nr
tube;9;nom
infâme;9;adj
46;9;num
zizi;9;nom
imprimer;9;ver
enregistrement;9;nom
audio;9;adj
mandarine;9;nom
emji_cadeau;9;nom
passant;9;nom
hardy;9;nr
déduction;9;nom
éclairage;9;nom
costard;9;nom
pion;9;nom
cornavin;9;nr
matinée;9;nom
filet;9;nom
gifle;9;nom
janeiro;9;nr
vanter;9;ver
canadien;9;adj
app;9;nr
1900;9;num
paf;9;adj
56;9;num
andré;9;nr
hamburger;9;nom
monument;9;nom
antan;9;nom
tom;9;nom
scolarité;9;nom
croître;9;ver
exciter;9;ver
ss;9;nr
show;9;nom
près_des;9;nr
torcher;9;ver
conquérir;9;ver
forfait;9;nom
emji_ballon_de_football;9;nom
emji_cornes_avec_les_doigts_peau_claire;9;nom
achever;9;ver
filtrer;9;ver
saouler;9;ver
magouille;9;nom
mélanome;9;nom
comédie;9;nom
arc;9;nom
rösti;9;nr
idéaliste;9;nom
peindre;9;ver
corse;9;adj
mo;9;nr
oas;9;nr
parleur;9;nom
doser;9;ver
ptdrrr;9;nr
79;9;num
vieillard;9;nom
opter;9;ver
désactiver;9;ver
paternité;9;nom
positionner;9;ver
insuffisant;9;adj
alarmant;9;adj
vaincre;9;ver
médiateur;9;nom
mdrrrrr;9;nr
halloween;9;nom
assimiler;9;ver
renier;9;ver
emji_drapeau_congo_kinshasa;9;nom
pérou;9;nom
fracture;9;nom
river;9;ver
franchir;9;ver
fauteuil;9;nom
yo;9;nr
distraction;9;nom
71;9;num
priori;9;nr
répercuter;9;ver
chèvre;9;nom
dérisoire;9;adj
crochet;9;nom
nanti;9;nom
w;9;nom
nausée;9;nom
62;9;num
psychologiquement;9;adv
minuit;9;nom
emji_tulipe;9;nom
câlin;9;nom
étre;9;nr
dubaï;9;nr
attrister;9;ver
éolien;9;nom
pudique;9;adj
zara;9;nr
innombrable;9;adj
stupéfiant;9;adj
dubai;9;nr
emji_billet_en_dollars;9;nom
aile;9;nom
précéder;9;ver
docile;9;adj
consentir;9;ver
wait;9;nr
patineur;9;nom
dan;9;nom
moderniser;9;ver
fe;9;nr
agrandir;9;ver
sombrer;9;ver
kevin;9;nr
coiffure;9;nom
20h;9;nr
hip_hop;9;nom
semi;9;nom
stocker;9;ver
cie;9;nr
paramètre;9;nom
adoption;9;nom
courbe;9;nom
démenti;9;nom
démographique;9;adj
example;9;nr
marchandise;9;nom
récupération;9;nom
heritage;9;nr
discernement;9;nom
imposable;9;adj
diagnostiquer;9;ver
doué;9;adj
drôlement;9;adv
désordre;9;nom
amont;9;nom
fleuve;9;nom
laxiste;9;adj
delphine;9;nr
moutre;9;nr
clientèle;9;nom
hôtesse;9;nom
embarquer;9;ver
protocole;9;nom
cissé;9;nr
déséquilibre;9;nom
indirectement;9;adv
gouttière;9;nom
stipuler;9;ver
omnivore;9;adj
densité;9;nom
essentiellement;9;adv
mas;9;nom
législation;9;nom
péché;9;nom
samarie;9;nr
dépeindre;9;ver
baron;9;nom
factuelle;9;nr
exécutif;9;adj
utilisateur;9;nom
survêtement;9;nom
incitation;9;nom
ve;9;nr
péninsule;9;nom
haïti;9;nr
prétendu;9;adj
dej;9;nr
bbc;9;nr
concitoyen;9;nom
effacement;9;nom
thématique;9;nom
gouverneur;9;nom
102;9;num
twint;9;nr
équivalence;9;nom
cct;9;nr
créativité;9;nom
emji_dans_le_mille;9;nom
bcbg;9;adj
salvador;9;nr
parapluie;9;nom
perdu;9;adj
propice;9;adj
considérable;9;adj
biaisées;9;nr
conservation;9;nom
crucial;9;adj
hermance;9;nr
militantisme;9;nom
hug;9;nr
sudan;9;nr
déontologie;9;nom
boursier;9;adj
transfert;9;nom
représaille;9;nom
novartis;9;nr
ferroviaire;9;adj
terr0ristes;9;nr
motion;9;nom
130;9;num
msf;9;nr
offensive;9;nom
rtsioniste;9;nr
ottoman;9;adj
dupe;9;adj
jurisprudence;9;nom
cantonaux;9;nr
accouchement;9;nom
oppresser;9;ver
multimillionnaire;9;nom
emji_ruban_de_mémoire;9;nr
blick;9;nr
indemnité;9;nom
amiante;9;nom
farfelu;8;adj
hymne;8;nom
emji_voiture;8;nom
ficelle;8;nom
white;8;nr
emji_visage_avec_masque;8;nom
timide;8;adj
façonner;8;ver
coiffer;8;ver
polo;8;nom
nike;8;nr
kucholl;8;nr
traumatisant;8;adj
baffe;8;nom
coquin;8;nom
pince;8;nom
emji_visage_faisant_un_bisou_avec_les_yeux_fermés;8;nr
réducteur;8;adj
humainement;8;adv
belle_lurette;8;nom
phrasé;8;nom
jusqu_aux;8;nr
registre;8;nom
finesse;8;nom
climatisation;8;nom
signal;8;nom
thierry;8;nr
nuque;8;nom
présumer;8;ver
palme;8;nom
connard;8;nom
révélateur;8;adj
francois;8;nr
taguer;8;ver
souffler;8;ver
are;8;nom
pff;8;ono
6e;8;nr
darius;8;nr
envier;8;ver
graisse;8;nom
93;8;num
hubert;8;nr
emji_part_de_fromage;8;nom
assigner;8;ver
prétentieux;8;adj
terrestre;8;adj
égaler;8;ver
observation;8;nom
ed;8;nr
extrait;8;nom
crémation;8;nom
pres;8;nr
protecteur;8;nom
string;8;nom
tristement;8;adv
dénuer;8;ver
ouh;8;ono
ll;8;nr
philosophique;8;adj
1964;8;num
sacrément;8;adv
secouer;8;ver
4x4;8;nr
roland;8;nr
susceptible;8;adj
huître;8;nom
anxiété;8;nom
gas;8;nr
hilarant;8;adj
froisser;8;ver
snobisme;8;nom
prétendant;8;nom
chêne;8;nom
bise;8;nom
madeleine;8;nom
floyd;8;nr
circuit;8;nom
succéder;8;ver
délétère;8;adj
individualiste;8;nom
abject;8;adj
cervelas;8;nom
hystérique;8;adj
tranquillité;8;nom
acier;8;nom
auberge;8;nom
emji_v_de_la_victoire_peau_moyennement_claire;8;nom
prairie;8;nom
pureté;8;nom
honorable;8;adj
greenwashing;8;nr
addicts;8;nr
réacteur;8;nom
1962;8;num
léa;8;nr
chimie;8;nom
escroquerie;8;nom
congelé;8;adj
lacs;8;nom
partenariat;8;nom
additif;8;nom
centrer;8;ver
superflu;8;adj
siens;8;pro_pos
pouce;8;ono
system;8;nr
body;8;nom
cédric;8;nr
annee;8;nr
4h;8;nr
trente;8;adj_num
apte;8;adj
pascal;8;adj
hospice;8;nom
contestation;8;nom
complexer;8;ver
1930;8;num
boucler;8;ver
bamboula;8;nom
contre_productif;8;adj
allusion;8;nom
humoristique;8;adj
negro;8;nom
fragiliser;8;ver
biche;8;nom
anodin;8;adj
emji_médaille_d_or;8;nr
compteur;8;nom
emji_moai;8;nom
prêtre;8;nom
chapitre;8;nom
ailleur;8;nr
cil;8;nom
chopper;8;ver
branler;8;ver
vanne;8;nom
affilier;8;ver
fondamentalement;8;adv
banlieue;8;nom
paragraphe;8;nom
débiter;8;ver
aïeul;8;nom
psychiatrique;8;adj
voyageur;8;nom
barcelone;8;nr
cocaïne;8;nom
prescrire;8;ver
barreau;8;nom
help;8;nr
légèreté;8;nom
justesse;8;nom
emji_cerveau;8;nom
bluffer;8;ver
88;8;num
gigantesque;8;adj
préau;8;nom
ortie;8;nom
ordi;8;nr
diplômé;8;adj
municipalité;8;nom
savourer;8;ver
back;8;nom
impacté;8;nr
méprisant;8;adj
support;8;nom
jvais;8;nr
gronder;8;ver
fluide;8;adj
pan;8;ono
renois;8;nr
rapelle;8;nr
rsa;8;nr
fn;8;nr
emji_singe_ne_rien_dire;8;nom
spot;8;nom
valaisanne;8;nr
blabla;8;nom
10k;8;nr
interminable;8;adj
regrouper;8;ver
théoriquement;8;adv
traire;8;ver
transit;8;nom
chagrin;8;nom
disparités;8;nr
serein;8;adj
récolte;8;nom
gaulois;8;nom
ohhhh;8;nr
moulin;8;nom
flamme;8;nom
sandwich;8;nom
premiere;8;nr
compatible;8;adj
quête;8;nom
pistolet;8;nom
décoration;8;nom
fade;8;adj
region;8;nr
flatter;8;ver
regret;8;nom
intègre;8;adj
immigrant;8;nom
conquête;8;nom
équivaloir;8;ver
nivellement;8;nom
emji_chouette;8;nom
flocon;8;nom
emji_v_de_la_victoire_peau_claire;8;nom
emji_plus;8;nom
abondant;8;adj
rafale;8;nom
stabiliser;8;ver
météorologique;8;adj
same;8;nr
emji_fantôme;8;nr
pou;8;nom
hate;8;nr
ingrat;8;adj
moralisateur;8;nom
borne;8;nom
tailler;8;ver
synthétique;8;adj
phone;8;nom
poire;8;nom
pizza;8;nom
télétravail;8;nom
épique;8;adj
dragon;8;nom
sarko;8;nr
denrée;8;nom
vibration;8;nom
cimetière;8;nom
66;8;num
profiteur;8;nom
recourir;8;ver
basculer;8;ver
atlantique;8;adj
karma;8;nom
160;8;num
illégalité;8;nom
emji_bout_des_doigts_joints_peau_claire;8;nom
guider;8;ver
implicite;8;adj
suv;8;nr
eco;8;nr
sympathie;8;nom
1400;8;num
additionner;8;ver
psychiatre;8;nom
bouffée;8;nom
précaution;8;nom
infime;8;adj
psg;8;nr
désespéré;8;adj
acharner;8;ver
drag;8;nom
arménien;8;adj
dentaire;8;adj
évaluation;8;nom
proclamer;8;ver
boeuf;8;nom
invivable;8;adj
accentuer;8;ver
cm1;8;nr
allo;8;ono
abîmer;8;ver
musclé;8;adj
advenir;8;ver
friendzone;8;nr
tain;8;nom
president;8;nr
gober;8;ver
dorénavant;8;adv
narcissique;8;adj
incel;8;nr
matérialiste;8;adj
soja;8;nom
flûte;8;nom
biaiser;8;ver
come;8;nr
odieux;8;adj
emji_tête_secouée_verticalement;8;nr
mentalement;8;adv
bal;8;nom
affectueux;8;adj
sui;8;nom
méritant;8;adj
emji_main_avec_index_et_pouce_croisés;8;nr
convoquer;8;ver
idiotie;8;nom
pessimiste;8;adj
illogique;8;adj
ecouter;8;nr
unilatéral;8;adj
agissement;8;nom
extrémisme;8;nom
rallier;8;ver
catho;8;nom
aubépine;8;nom
pétillant;8;adj
mac;8;nom
cola;8;nom
foutu;8;adj
celà;8;nr
á;8;nr
meule;8;nom
barème;8;nom
94;8;num
mozart;8;nr
emmen;8;nr
hypothèse;8;nom
emji_visage_secoué;8;nr
lustre;8;nom
bénévole;8;adj
désinformation;8;nom
dureté;8;nom
cadence;8;nom
minime;8;adj
ps5;8;nr
jupon;8;nom
gourmand;8;adj
discrétion;8;nom
démesuré;8;adj
regrettable;8;adj
superficiel;8;adj
bénéficiaire;8;nom
marron;8;adj
fantasmer;8;ver
écharpe;8;nom
vulgarité;8;nom
emji_visage_aux_yeux_rieurs_faisant_un_bisou;8;nom
grenouille;8;nom
brouillard;8;nom
communautaire;8;adj
2050;8;num
purger;8;ver
cuir;8;nom
illimité;8;adj
82;8;num
dj;8;nr
ecolos;8;nr
prévisible;8;adj
tr;8;nr
once;8;nom
manquant;8;adj
déferler;8;ver
coq;8;nom
pop;8;adj
connaisseur;8;nom
by;8;nom
présidentiel;8;adj
formulation;8;nom
charia;8;nom
ambiant;8;adj
blocage;8;nom
inattention;8;nom
agricole;8;adj
globales;8;nr
proie;8;nom
consigner;8;ver
adultère;8;nom
cinquantaine;8;nom
analphabète;8;adj
déchéance;8;nom
révélation;8;nom
fac;8;nom
cabinet;8;nom
carnage;8;nom
rep;8;nom
vieil;8;adj
harcelement;8;nr
décapiter;8;ver
bienfait;8;nom
schnecks;8;nr
souper;8;ver
corne;8;nom
civisme;8;nom
investisseur;8;nom
emprise;8;nom
faisable;8;adj
manager;8;ver
aléatoire;8;adj
obsolète;8;adj
discutable;8;adj
soulagement;8;nom
échantillon;8;nom
allergie;8;nom
boutonneux;8;adj
papillon;8;nom
volaille;8;nom
emji_rat;8;nom
blé;8;nom
rongeur;8;nom
enrichissement;8;nom
nocturne;8;adj
habitation;8;nom
anormal;8;adj
opportuniste;8;adj
lucerne;8;nr
entraver;8;ver
07;8;num
croisière;8;nom
savant;8;nom
absorber;8;ver
catholicisme;8;nom
puiser;8;ver
fictif;8;adj
pedophiles;8;nr
simplifier;8;ver
défunt;8;nom
soudainement;8;adv
prêcher;8;ver
méconnaissance;8;nom
patrouille;8;nom
clarté;8;nom
autochtone;8;adj
defendre;8;nr
ramer;8;ver
games;8;nr
niche;8;nom
ambulance;8;nom
normaliser;8;ver
poing;8;nom
vignette;8;nom
lá;8;nr
évier;8;nom
mali;8;nom
emji_balance_à_poids;8;nr
el;8;nr
ivano;8;nr
gerber;8;ver
costa;8;nr
provisoire;8;adj
frôler;8;ver
plancher;8;ver
chapuisat;8;nr
ressortissant;8;nom
orphelin;8;adj
biologiste;8;nom
ingrédient;8;nom
sebago;8;nr
royal;8;adj
zelensky;8;nr
savoir_faire;8;nom
homosexuel;8;adj
controversé;8;adj
digital;8;adj
htag_sadbuttrue;8;nom_sup
350;8;num
redistribuer;8;ver
liquidité;8;nom
optimisation;8;nom
lourdement;8;adv
causalité;8;nom
disproportionner;8;ver
douanier;8;nom
triple;8;adj
spécialité;8;nom
exporter;8;ver
blanchir;8;ver
galérer;8;ver
déportation;8;nom
terr;8;nr
call;8;nr
acquisition;8;nom
roquette;8;nom
pénétrer;8;ver
alcoolisé;8;adj
notoriété;8;nom
indépendamment;8;adv
elbit;8;nr
ministère;8;nom
problems;8;nr
exaction;8;nom
lapider;8;ver
antifa;8;nr
marmotte;8;nom
intensifier;8;ver
sursis;8;nom
olp;8;nr
égyptien;8;adj
arafat;8;nr
15h;8;nr
cagoulé;8;adj
haïfa;8;nr
gazaoui;8;nr
exil;8;nom
traffic;8;nr
qualifs;8;nr
fabricant;8;nom
ouragan;8;nom
gén0cide;8;nr
aucuns;8;adj_ind
confrère;8;nom
cambrioleur;8;nom
présomption;8;nom
escale;8;nom
racket;8;nom
bodycam;8;nr
islande;8;nr
ouïghours;8;nr
albédo;8;nr
emji_éléphant;8;nr
panama;8;nom
chouchou;7;nom
échappement;7;nom
cross;7;nom
idole;7;nom
existentiel;7;adj
sponsor;7;nom
épée;7;nom
amazonie;7;nr
tokyo;7;nr
happy;7;nr
maudit;7;adj
emji_drapeau_belgique;7;nom
pâques;7;nom
emji_ok_peau_légèrement_mate;7;nr
retomber;7;ver
allô;7;ono
séduire;7;ver
séduisant;7;adj
toi_même;7;pro_per
horloge;7;nom
calmement;7;adv
inintéressant;7;adj
noyau;7;nom
énoncer;7;ver
impuissant;7;adj
alcoolisme;7;nom
spectre;7;nom
corp;7;nr
avant_gardiste;7;adj
haaaa;7;nr
moutarde;7;nom
1979;7;num
poignant;7;adj
1977;7;num
trentenaire;7;adj
marseillais;7;nom
cuvette;7;nom
bousculer;7;ver
fermeté;7;nom
emji_globe_tourné_sur_les_amériques;7;nr
populariser;7;ver
funéraire;7;adj
emji_bonhomme_de_neige;7;nom
der;7;nom
lisse;7;adj
chantage;7;nom
sieste;7;nom
prospérité;7;nom
volet;7;nom
hold_up;7;nom
démodé;7;adj
gramme;7;nom
ressusciter;7;ver
opérationnel;7;adj
leysin;7;nr
psycho;7;adv
clairvoyant;7;adj
désuet;7;adj
easy;7;nr
confinement;7;nom
cervelle;7;nom
contourner;7;ver
luge;7;nom
raquette;7;nom
rhône;7;nr
quelqu;7;nr
péril;7;nom
timing;7;nom
requérir;7;ver
coïncidence;7;nom
5ans;7;nr
enterrement;7;nom
primitif;7;adj
restreint;7;adj
renaud;7;nom
chili;7;nom
mcdonald;7;nr
marionnette;7;nom
quiétude;7;nom
tricot;7;nom
cendrier;7;nom
radicalement;7;adv
parité;7;nom
inné;7;adj
duo;7;nom
repérer;7;ver
baby;7;nom
livret;7;nom
intoxiquer;7;ver
rodéo;7;nom
bourg;7;nom
payement;7;nom
malveillant;7;adj
guimbarde;7;nom
bougie;7;nom
recommandation;7;nom
emji_vache;7;nom
congélateur;7;nom
emji_singe_ne_rien_entendre;7;nom
déconstruire;7;ver
intact;7;adj
touristique;7;adj
austérité;7;nom
moqueur;7;adj
raclettes;7;nr
pensance;7;nr
nique;7;nom
moitié_moitié;7;adv
jonzier;7;nr
mc;7;nr
ouiiiii;7;nr
rupture;7;nom
hoo;7;nr
ludique;7;adj
guère;7;adv
atterrir;7;ver
autodérision;7;nom
baume;7;nom
cetait;7;nr
exponentiel;7;adj
décrocher;7;ver
intolérance;7;nom
lion;7;nom
désespoir;7;nom
59;7;num
esclavagisme;7;nom
vaudoises;7;nr
marche;7;nom
naze;7;adj
casi;7;nr
babtou;7;nr
ustensile;7;nom
pck;7;nr
banania;7;nr
biscuit;7;nom
cancel;7;nom
viennoiserie;7;nom
asso;7;nr
étymologie;7;nom
ptite;7;nr
caraïbe;7;nom
surment;7;nr
laitier;7;nom
bruno;7;nr
patisserie;7;nr
norvégien;7;adj
généralisation;7;nom
rac;7;adj
condamnable;7;adj
pp;7;nr
audacieux;7;adj
renommer;7;ver
pen;7;nr
clef;7;nom
word;7;nr
ptits;7;nr
offensant;7;adj
discriminatoire;7;adj
commandant;7;nom
bien_pensant;7;adj
impoli;7;adj
métis;7;nom
sisi;7;nr
syntaxe;7;nom
likes;7;nr
faîtes;7;nr
inimaginable;7;adj
toujour;7;nr
romantique;7;adj
lsd;7;nom
roy;7;nom
nazisme;7;nom
cretin;7;nr
misandre;7;nr
surdoué;7;nom
dérivé;7;adj
connaitre;7;nr
now;7;nr
articuler;7;ver
élargir;7;ver
infection;7;nom
full;7;nom
01;7;num
89;7;num
stéréotype;7;nom
3e;7;nr
pli;7;nom
ressemblant;7;adj
intégral;7;adj
emji_vague;7;nom
violon;7;nom
bulle;7;nom
roh;7;nr
égarer;7;ver
formater;7;ver
élaborer;7;ver
préoccupant;7;adj
prévaloir;7;ver
â;7;nr
renouvellement;7;nom
éloquent;7;adj
traquer;7;ver
81;7;num
emji_visage_somnolent;7;nom
chailly;7;nr
piaggio;7;nr
kiffé;7;nr
relater;7;ver
skate;7;nom
instantanément;7;adv
emji_drapeau_algérie;7;nr
yacht;7;nom
chirurgie;7;nom
tondre;7;ver
pi;7;nom
maurice;7;nr
vibe;7;nr
comptabiliser;7;ver
pelle;7;nom
lavaux;7;nr
récidive;7;nom
transporteur;7;nom
allouer;7;ver
complaisance;7;nom
mexicain;7;nom
déception;7;nom
cute;7;nr
excessivement;7;adv
mioche;7;nom
cd;7;nr
exotique;7;adj
ciseau;7;nom
casting;7;nom
figer;7;ver
combo;7;nom
effrayer;7;ver
intensif;7;adj
snowboard;7;nr
servette;7;nr
déménagement;7;nom
chérir;7;ver
ralenti;7;nom
checker;7;nr
confisquer;7;ver
nôtres;7;pro_pos
grêle;7;nom
ui;7;nr
supplément;7;nom
emji_boisson_chaude;7;nom
ms;7;nr
quelquefois;7;adv_sup
weekend;7;nr
50000;7;num
tracer;7;ver
comptoir;7;nom
dutout;7;nr
emji_visage_inquiet;7;nom
wifi;7;nr
nendaz;7;nr
14h;7;nr
circulaire;7;adj
ô;7;ono
ensemencement;7;nom
araignée;7;nom
lassant;7;adj
impératif;7;adj
cuillère;7;nom
éveil;7;nom
agiter;7;ver
modernité;7;nom
mn;7;nom
aménager;7;ver
aisance;7;nom
réthorique;7;nr
fourrer;7;ver
extraction;7;nom
mûr;7;adj
brice;7;nr
nutriment;7;nom
croisé;7;adj
fanatique;7;nom
embarrassant;7;adj
remplaçant;7;nom
inter;7;nom_sup
vidy;7;nr
thérapeutique;7;adj
trolley;7;nom
acceptation;7;nom
notable;7;adj
enfuir;7;ver
crado;7;adj
chlore;7;nom
minéral;7;nom
crasseux;7;adj
abstrait;7;adj
respiratoire;7;adj
2100;7;num
eczéma;7;nom
attester;7;ver
mourrir;7;nr
engueuler;7;ver
spécificité;7;nom
défouler;7;ver
confier;7;ver
videos;7;nr
porchet;7;nr
ingérer;7;ver
plot;7;nom
adam;7;nr
raie;7;nom
incompatible;7;adj
effarant;7;adj
faudrais;7;nr
guerrier;7;nom
remake;7;nom
pack;7;nom
vss;7;nr
vain;7;adj
flag;7;nom
différer;7;ver
hm;7;nr
validation;7;nom
frr;7;nr
equipe;7;nr
flingue;7;nom
caverne;7;nom
stimuler;7;ver
21ème;7;nr
ôter;7;ver
sévèrement;7;adv
gabon;7;nr
oscar;7;nom
judaïsme;7;nom
islamophobes;7;nr
monothéiste;7;adj
incriminer;7;ver
négativement;7;adv
énième;7;adj
inaccessible;7;adj
radin;7;adj
manor;7;nr
etranger;7;nr
spéculer;7;ver
capturer;7;ver
sévices;7;nom
recre;7;nr
restaurer;7;ver
mamy;7;nom
portail;7;nom
coordination;7;nom
madagascar;7;nr
boum;7;ono
cachette;7;nom
estimation;7;nom
confirmation;7;nom
délation;7;nom
incomplet;7;adj
emji_visage_de_menteur;7;nom
bénévolat;7;nom
susciter;7;ver
polaire;7;adj
mémorable;7;adj
communicatif;7;adj
homosexualité;7;nom
évaluer;7;ver
porsche;7;nr
1700;7;num
centenaire;7;nom
rancoeur;7;nom
éclat;7;nom
maldives;7;nr
axer;7;ver
jms;7;nr
disperser;7;ver
martyr;7;nom
pensant;7;adj
plaisanterie;7;nom
pill;7;nr
tate;7;nr
first;7;nr
inconscient;7;adj
patiner;7;ver
leader;7;nom
congrès;7;nom
réglementer;7;ver
maigrir;7;ver
06;7;num
davos;7;nr
groland;7;nr
trip;7;nom
réintégrer;7;ver
brévine;7;nr
anxiogène;7;nr
lenteur;7;nom
debleu;7;nr
5k;7;nr
debat;7;nr
1h;7;nr
suprématie;7;nom
négligence;7;nom
épuisant;7;adj
boulet;7;nom
emji_doigts_croisés_peau_claire;7;nr
écouteur;7;nom
wap;7;nr
blinde;7;nom
dir;7;nr
moralité;7;nom
clin;7;nom
ga;7;nr
labeur;7;nom
oulala;7;nr
americain;7;nr
inonder;7;ver
joliment;7;adv
gadget;7;nom
emji_danseur;7;nom
logiquement;7;adv
emji_haute_tension;7;nom
quantique;7;adj
city;7;nom
micro_ondes;7;nom
ronde;7;nom
consumérisme;7;nom
bangladesh;7;nr
subsister;7;ver
tank;7;nom
inévitablement;7;adv
mondialiste;7;nr
accaparer;7;ver
octroyer;7;ver
profiler;7;ver
thunberg;7;nr
washing;7;nr
platistes;7;nr
plumer;7;ver
egalement;7;nr
dépôt;7;nom
ii;7;nr
bashing;7;nr
einstein;7;nr
obéissant;7;adj
baba;7;nom
blouse;7;nom
chahut;7;nom
déplorer;7;ver
aboyer;7;ver
intolérable;7;adj
dissoudre;7;ver
dépêcher;7;ver
accumulation;7;nom
poliment;7;adv
normandie;7;nr
schlap;7;nr
fatre;7;nr
derriere;7;nr
mémère;7;nom
anarchie;7;nom
affectif;7;adj
anonymat;7;nom
caractéristique;7;adj
spéculation;7;nom
conversion;7;nom
étalage;7;nom
dodo;7;nom
altérer;7;ver
probabilité;7;nom
trompette;7;nom
fouine;7;nom
rassasier;7;ver
fertile;7;adj
violenter;7;ver
achete;7;nr
tartine;7;nom
fâcheux;7;adj
mainstream;7;nr
cardiovasculaires;7;nr
ingérence;7;nom
réconfortant;7;adj
kg;7;nr
bactérie;7;nom
shooter;7;ver
veto;7;nom
ennuyant;7;adj
tornade;7;nom
déplacé;7;adj
optimiser;7;ver
alternatif;7;adj
génèrent;7;nr
dominique;7;nr
surpasser;7;ver
tribu;7;nom
temple;7;nom
htag_;7;nr
emji_gyrophare;7;nom
allergique;7;adj
patronat;7;nom
malaisant;7;nr
supériorité;7;nom
coque;7;nom
sourate;7;nom
peiner;7;ver
blues;7;nom
mage;7;nom
indignité;7;nom
déploiement;7;nom
sécuritaire;7;adj
u15;7;nr
dialoguer;7;ver
geule;7;nr
royalement;7;adv
lego;7;nom
limitrophe;7;adj
lâche;7;nom
djourou;7;nr
maghreb;7;nr
proprio;7;nom
gothique;7;adj
toustes;7;nr
médiéval;7;adj
caviar;7;nom
défaillant;7;adj
mosquée;7;nom
levain;7;nom
hype;7;nr
emji_visage_en_colère_avec_des_cornes;7;nr
poignarder;7;ver
sncf;7;nr
véhiculer;7;ver
maintien;7;nom
fuire;7;nr
coupure;7;nom
évasion;7;nom
rica;7;nr
régulier;7;adj
interdir;7;nr
18ans;7;nr
décemment;7;adv
rémunération;7;nom
expulsion;7;nom
réactionnaire;7;adj
franco_italienne;7;adj
west;7;nr
loins;7;nr
brancher;7;ver
coureur;7;nom
taule;7;nom
tirage;7;nom
facturer;7;ver
hormonal;7;adj
501;7;num
catégoriser;7;ver
intégrant;7;adj
trinité;7;nom
calvitie;7;nom
garance;7;adj
écrasant;7;adj
tax;7;nr
4x;7;nr
monaco;7;nr
économiste;7;nom
migratoire;7;adj
dégradant;7;adj
flop;7;ono
emirats;7;nr
raide;7;adj
vernier;7;nom
institutionnel;7;adj
addictions;7;nr
aveugler;7;ver
instabilité;7;nom
traître;7;nom
feminicide;7;nr
effondrement;7;nom
comedy;7;nr
brûlant;7;adj
externalisée;7;nr
engranger;7;ver
vérifiable;7;adj
explosif;7;nom
collusion;7;nom
sanguinaire;7;adj
biden;7;nr
hiérarchisation;7;nom
défavorisé;7;adj
aromat;7;nr
identification;7;nom
compri;7;nr
systeme;7;nr
islamisme;7;nom
hezb;7;nr
diaspora;7;nom
inexact;7;adj
3a;7;nr
hiérarchiser;7;nr
freristes;7;nr
bosnie;7;nr
véganes;7;nr
homophobie;7;nr
émotionnellement;7;adv
fisc;7;nom
intifada;7;nom
burqa;7;nr
zhommes;7;nr
défensif;7;adj
israelien;7;nr
partial;7;adj
syrien;7;adj
dégats;7;nr
emji_pastèque;7;nr
whataboutisme;7;nr
abou;7;nr
cij;7;nr
daesh;7;nr
gisement;7;nom
communiqué;7;nom
piratage;7;nom
brandir;7;ver
reflexion;7;nr
egalité;7;nr
abriter;7;ver
jafarawi;7;nr
oslo;7;nr
ny;7;nr
djihadiste;7;nr
zélande;7;nr
medias;7;nr
persécution;7;nom
yasser;7;nr
marginaliser;7;ver
emji_paume_contre_paume_doigts_vers_le_haut_peau_mate;7;nom
sundhage;7;nr
bodycams;7;nr
immobiliser;7;ver
délocalisation;7;nom
fonderie;7;nom
facultatif;7;adj
conmebol;7;nr
rowling;7;nr
remuer;6;ver
god;6;nr
boris;6;nr
liaison;6;nom
ohhhhh;6;nr
ls;6;nr
emji_fusée;6;nr
jardinier;6;nom
arthur;6;nr
réalisateur;6;nom
jacob;6;nom
aya;6;nom
guillaume;6;nom
emji_drapeau_australie;6;nom
culinaire;6;adj
emji_visage_qui_bave;6;nom
bataclan;6;nom
chuis;6;nr
interet;6;nr
paju;6;nr
charisme;6;nom
daigner;6;ver
brocante;6;nom
possiblement;6;adv
perversion;6;nom
innover;6;ver
inconscience;6;nom
biologiquement;6;adv
sadique;6;nom
déchiffrer;6;ver
cérébral;6;adj
marx;6;nr
démarrer;6;ver
3d;6;nr
résonner;6;ver
attentivement;6;adv
savoureux;6;adj
piano;6;nom
cops;6;nom
drogué;6;nom
antivax;6;nr
tremper;6;ver
bijou;6;nom
bécasse;6;nom
manie;6;nom
animateur;6;nom
emji_visage_angoissé;6;nr
conditionné;6;adj
songeur;6;adj
nyc;6;nr
corbeau;6;nom
emji_feuille_virevoltante;6;nom
pass;6;nr
endémique;6;adj
métaphore;6;nom
22ans;6;nr
cigare;6;nom
adolf;6;nr
aha;6;nr
méfait;6;nom
mocassin;6;nom
barbara;6;nom
éphémère;6;adj
sdb;6;nr
satan;6;nom
interieur;6;nr
souffrant;6;adj
imbu;6;adj
récurrent;6;adj
grandiose;6;adj
guérison;6;nom
sorcellerie;6;nom
verrue;6;nom
provence;6;nr
pleur;6;nom
emji_bourgeon;6;nom
hahahahaha;6;nr
grange;6;nom
valérie;6;nr
pink;6;nom
maladroit;6;adj
joug;6;nom
conventionnel;6;adj
gazon;6;nom
vil;6;adj
basané;6;adj
paternaliste;6;adj
dégoût;6;nom
wish;6;nr
perdition;6;nom
oue;6;nr
chill;6;nr
piétiner;6;ver
miel;6;nom
emji_tête_de_chien;6;nr
education;6;nr
pirate;6;nom
patinoire;6;nom
escroc;6;nom
quoiqu;6;nr
affûter;6;ver
agaçant;6;adj
haaa;6;nr
emji_visage_dans_les_nuages;6;nom
julesmalbrancheuser_utilisateurice;6;nr
formulaire;6;nom
ci_dessous;6;adv_sup
c0n;6;nr
funès;6;nr
polonais;6;nom
nooon;6;nr
émetteur;6;nom
eglise;6;nr
ahahahah;6;nr
chorégraphie;6;nom
shop;6;nr
fouet;6;nom
charlie;6;nr
doudoune;6;nom
poulpe;6;nom
façade;6;nom
prémices;6;nom
swatch;6;nr
smart;6;adj
rôti;6;nom
montagnard;6;nom
autrichien;6;adj
jaime;6;nr
embêtant;6;adj
cs;6;nr
virulent;6;adj
intégralement;6;adv
nullement;6;adv
angoissant;6;adj
suva;6;nr
gaule;6;nom
outré;6;adj
designer;6;nom
bientot;6;nr
soupçon;6;nom
nuancer;6;ver
décomplexé;6;nr
rectification;6;nom
vitalité;6;nom
muscu;6;nr
viking;6;nom
exprès_de;6;nr
déviance;6;nom
surtt;6;nr
constatation;6;nom
aigle;6;nom
curé;6;nom
logo;6;nom
coloré;6;adj
islamophobie;6;nr
visée;6;nom
oklm;6;nr
different;6;nr
décret;6;nom
60ans;6;nr
éclair;6;nom
interprète;6;nom
exclusif;6;adj
allier;6;ver
marxiste;6;adj
pronom;6;nom
91;6;num
injure;6;nom
trot;6;nom
jen;6;nr
gentillement;6;nr
soviétique;6;adj
inquiet;6;adj
debiles;6;nr
coude;6;nom
élan;6;nom
por;6;nr
obsédé;6;nom
entasser;6;ver
réécrire;6;ver
diarrhée;6;nom
battle;6;nr
inexpliqué;6;adj
neuchatel;6;nr
cancre;6;nom
vertical;6;adj
mbappé;6;nr
pride;6;nr
pêcheur;6;nom
emji_applaudissements_peau_mate;6;nom
fesser;6;ver
symboliser;6;ver
balkans;6;nr
pâquis;6;nom
carnet;6;nom
gymnase;6;nom
intouchable;6;adj
miennes;6;pro_pos
people;6;adj
pâle;6;adj
racaille;6;nom
figurine;6;nom
rital;6;nom
bé;6;ono
incompétence;6;nom
emji_trophée;6;nr
mécontentement;6;nom
céline;6;nr
hécatombe;6;nom
luire;6;ver
tite;6;nr
scanner;6;ver
michael;6;nr
arnaquer;6;ver
reproche;6;nom
infondé;6;adj
correspondance;6;nom
billag;6;nr
aimant;6;ver
central;6;adj
calendrier;6;nom
secu;6;nr
fourchette;6;nom
2nd;6;nr
prochainement;6;adv
majuscule;6;adj
parcque;6;nr
caserne;6;nom
veuf;6;adj
salé;6;adj
lcr;6;nr
bouc;6;nom
tampon;6;nom
menstruel;6;adj
berlin;6;nom
rétro;6;adj
grandissant;6;adj
peler;6;ver
chad;6;nr
oignon;6;nom
bella;6;nr
précoce;6;adj
fleurette;6;nom
frange;6;nom
maraîcher;6;nom
han;6;adj
meyer;6;nr
auprès;6;pre
hope;6;nr
40ans;6;nr
lea;6;nr
centimètre;6;nom
galère;6;nom
pelouse;6;nom
laxisme;6;nom
emji_icône_poubelle;6;nr
moisir;6;ver
montréal;6;nr
memes;6;nr
pareillement;6;adv
emji_plage_avec_parasol;6;nom
bronze;6;nom
foudre;6;nom
daccord;6;nr
viva;6;nr
vien;6;nr
rein;6;nom
mélodie;6;nom
faudrai;6;nr
guichet;6;nom
compatir;6;ver
digestion;6;nom
appétit;6;nom
similitude;6;nom
isérables;6;nr
emji_montagne_enneigée;6;nr
pouf;6;ono
couscous;6;nom
saucisse;6;nom
tigre;6;nom
combine;6;nom
karl;6;nr
emji_chat_fatigué;6;nr
fiabilité;6;nom
can;6;nr
lulu;6;nom
atmosphérique;6;adj
déja;6;nr
19e;6;nr
survoler;6;ver
170;6;num
sam;6;nr
obstiner;6;ver
tricoter;6;ver
wake;6;nr
migrateur;6;adj
ecolo;6;nr
sobre;6;adj
estomac;6;nom
emji_pouce_vers_le_haut_peau_foncée;6;nr
idee;6;nr
terminal;6;nom
poir;6;nr
isabelle;6;adj
rêveur;6;nom
normalité;6;nom
podcast;6;nr
clinton;6;nr
washington;6;nr
tortue;6;nom
reponse;6;nr
1996;6;num
divertir;6;ver
kiss;6;nr
tremblement;6;nom
teint;6;nom
viral;6;adj
coke;6;nom
cérémonie;6;nom
valaisannes;6;nr
matos;6;nom
bled;6;nom
103;6;num
sp;6;nr
refroidir;6;ver
exit;6;ver
hollande;6;nom
célébration;6;nom
ferrer;6;ver
5e;6;nr
millionaire;6;nr
loulou;6;nom
euthanasie;6;nom
renaissance;6;nom
sangsue;6;nom
emji_âne;6;nr
revers;6;nom
loterie;6;nom
perturbant;6;adj
gueguerre;6;nr
boudin;6;nom
emji_mains_levées_peau_mate;6;nr
70ans;6;nr
giga;6;adj
spécimen;6;nom
refermer;6;ver
bescherelle;6;nr
matrixé;6;nr
réfuter;6;ver
compréhensif;6;adj
your;6;nr
renaître;6;ver
bancal;6;adj
défensive;6;nom
drama;6;nr
women;6;nr
paresseux;6;adj
rumeur;6;nom
illisible;6;adj
pluriel;6;nom
arriéré;6;nom
citoyenneté;6;nom
hostile;6;adj
sandra;6;nr
casserole;6;nom
completement;6;nr
foret;6;nom
squatteur;6;nom
invendu;6;nom
calorie;6;nom
réplique;6;nom
méfiance;6;nom
pakistan;6;nr
kes;6;nr
défier;6;ver
cardio;6;nr
talon;6;nom
emji_drapeau_maroc;6;nom
ciment;6;nom
zoom;6;nom
enfiler;6;ver
aisselle;6;nom
francaise;6;nr
foutaise;6;nom
initialement;6;adv
patriotisme;6;nom
voui;6;nr
particularité;6;nom
heuuu;6;nr
jury;6;nom
colorant;6;nom
charmey;6;nr
po;6;nr
replonger;6;ver
impuissance;6;nom
ofsp;6;nr
garderie;6;nom
phénoménal;6;adj
mix;6;nr
vaisseau;6;nom
pendre;6;ver
uk;6;nr
pole;6;nom
déshydrater;6;ver
yogourt;6;nom
concombre;6;nom
pantoufle;6;nom
vr;6;nr
yavait;6;nr
general;6;nr
emji_visage_en_pointillés;6;nr
conter;6;ver
orteil;6;nom
invitation;6;nom
paroxysme;6;nom
pfffff;6;nr
ravage;6;nom
ka;6;nom
cartouche;6;nom
nécessiteux;6;nom
edt;6;nr
bahamas;6;nr
continental;6;adj
chanel;6;nr
intimider;6;ver
acheteur;6;nom
fixation;6;nom
débutant;6;nom
andrew;6;nr
masculinité;6;nom
débourser;6;ver
wue;6;nr
énervant;6;adj
nope;6;nom
adéquation;6;nom
délivrer;6;ver
hautement;6;adv
détour;6;nom
emji_tête_de_cochon;6;nr
emji_arbre_à_feuilles_caduques;6;nr
pessimisme;6;nom
prudence;6;nom
monopoliser;6;ver
survenir;6;ver
mécontent;6;adj
4ans;6;nr
bunker;6;nom
2012;6;num
solliciter;6;ver
cts;6;nr
181;6;num
100000;6;num
kérosène;6;nom
bourre;6;nom
fa;6;nom
leu;6;nom
114;6;num
110;6;num
boxe;6;nom
mister;6;nom
disco;6;nom
carreau;6;nom
diplômer;6;ver
kick;6;nom
rétrograde;6;adj
solde;6;nom
douze;6;adj_num
microplastiques;6;nr
pfas;6;nr
réutiliser;6;ver
prédiction;6;nom
aveuglement;6;nom
faiseur;6;nom
imposant;6;adj
satanique;6;adj
gage;6;nom
cupidité;6;nom
colporter;6;ver
intermittent;6;adj
javel;6;nom
restituer;6;ver
punissable;6;adj
ci_dessus;6;adv_sup
gynécologue;6;nom
mascus;6;nr
révolter;6;ver
apple;6;nr
beaucoups;6;nr
8ans;6;nr
discipliné;6;adj
pédagogie;6;nom
traducteur;6;nom
intellect;6;nom
élitiste;6;adj
aveuglément;6;adv
motivant;6;adj
shit;6;nom
épidémie;6;nom
complotisme;6;nr
montessori;6;nr
amusement;6;nom
tardif;6;adj
acharnement;6;nom
aspirateur;6;nom
mairie;6;nom
degats;6;nr
choeur;6;nom
émancipation;6;nom
sachet;6;nom
lucie;6;nr
aprem;6;nr
30km;6;nr
germanique;6;adj
die;6;nom
garer;6;ver
quiconque;6;pro_rel
kiosque;6;nom
sucette;6;nom
loti;6;adj
monumental;6;adj
brute;6;nom
inaperçu;6;adj
bobet;6;nr
évacuation;6;nom
anus;6;nom
francis;6;nr
dada;6;nom
surcroît;6;nom
voisinage;6;nom
écureuil;6;nom
territorial;6;adj
répercussion;6;nom
troupeau;6;nom
vouer;6;ver
illettré;6;adj
fiente;6;nom
truffe;6;nom
gibier;6;nom
flèche;6;nom
incohérent;6;adj
rp;6;nr
peuble;6;nr
5x;6;nr
décliner;6;ver
étonnamment;6;adv
fantaisie;6;nom
bizule;6;nr
aquarium;6;nom
dt;6;nr
communal;6;adj
juron;6;nom
éclairé;6;adj
préservation;6;nom
cueillette;6;nom
lanvin;6;nr
cynisme;6;nom
mario;6;nr
logiciel;6;nom
mytho;6;adv
arte;6;nr
annexe;6;nom
sniper;6;nom
éducateur;6;nom
détecter;6;ver
vietnam;6;nr
bouder;6;ver
finaliste;6;nom
fc;6;nr
tapette;6;nom
ancestral;6;adj
popo;6;nr
introduction;6;nom
emji_toilettes;6;nom
rimer;6;ver
éditorial;6;nom
gouffre;6;nom
alléger;6;ver
rédaction;6;nom
sécu;6;nom
dépassement;6;nom
laboratoire;6;nom
19h;6;nr
influenceur;6;nr
streaming;6;nr
romanche;6;nom
physiologique;6;adj
temporairement;6;adv
détériorer;6;ver
regagner;6;ver
roumanie;6;nr
enjamber;6;ver
rail;6;nom
brebis;6;nom
rengaine;6;nom
prestigieux;6;adj
gratos;6;adv
mp3;6;nr
dévouement;6;nom
gréviste;6;nom
overdose;6;nom
réac;6;adj
stockholm;6;nr
adrénaline;6;nom
larguer;6;ver
hélicoptère;6;nom
1956;6;num
merveilleusement;6;adv
cc;6;nr
dysfonctionnement;6;nom
soute;6;nom
inoffensif;6;adj
bowling;6;nom
pesant;6;adj
sucré;6;adj
lentille;6;nom
rond_point;6;nom
auxquelles;6;pro_rel
assorti;6;adj
mercenaire;6;nom
naf;6;nr
way;6;nr
khan;6;nom
metro;6;nr
velo;6;nr
lesuser_utilisateurice;6;nr
déchetterie;6;nom
bancomat;6;nr
id;6;nr
pincette;6;nom
ignominie;6;nom
inclusivité;6;nr
permission;6;nom
ikea;6;nr
economie;6;nr
acharné;6;adj
vivable;6;adj
payeur;6;nom
60h;6;nr
taxées;6;nr
léguer;6;ver
attractif;6;adj
duper;6;ver
injustifié;6;adj
exode;6;nom
monétaire;6;adj
plafonner;6;ver
génératif;6;adj
canva;6;nr
éliminatoire;6;adj
bureaucrate;6;nom
disponibilité;6;nom
encouragement;6;nom
chancy;6;nr
bernex;6;nr
rade;6;nom
puéril;6;adj
seringue;6;nom
confédérations;6;nr
feminisme;6;nr
emji_femme_avec_la_paume_sur_le_visage_peau_légèrement_mate;6;nr
masculiniste;6;nr
acquitter;6;ver
minimal;6;adj
forage;6;nom
démocratiquement;6;adv
chahuter;6;ver
antisocial;6;adj
porte_monnaie;6;nom
suspect;6;nom
collectivement;6;adv
empirique;6;adj
nomination;6;nom
nakba;6;nr
collatéral;6;adj
emji_fleur_fanée;6;nr
envisageable;6;adj
vasi;6;nr
casier;6;nom
rachat;6;nom
instance;6;nom
malhonnêteté;6;nom
isreal;6;nr
watch;6;nr
mulhouse;6;nr
conjoncture;6;nom
abyssal;6;adj
statique;6;adj
d_aborder;6;nr
entamer;6;ver
avantager;6;ver
populisme;6;nom
mutilé;6;adj
land;6;nom
drônes;6;nr
proposé;6;adj
jordanien;6;nom
somalie;6;nr
genocidaire;6;nr
bosniaque;6;adj
embargo;6;nom
niger;6;nr
danemark;6;nr
décideur;6;nom
falsification;6;nom
cia;6;nr
developper;6;nr
démilitarisé;6;nr
charte;6;nom
holocauste;6;nom
1939;6;num
mandataire;6;nom
terr0risme;6;nr
gouvernemental;6;adj
mythomane;6;adj
reich;6;nom
attentas;6;nr
dfae;6;nr
hetero;6;nr
restrictif;6;adj
assembler;6;ver
vape;6;nom
unrwa;6;nr
intérim;6;nom
flotille;6;nr
stat;6;nom
lecornu;6;nr
20000;6;num
israeliens;6;nr
menotter;6;ver
opprimer;6;ver
israélo;6;nr
neurologique;6;adj
kurde;6;adj
réformer;6;ver
encourir;6;ver
bds;6;nr
confederation;6;nr
clarifier;6;ver
émirat;6;nom
bots;6;nr
bureaucratie;6;nom
gims;6;nr
magistrat;6;nom
moelle;6;nom
coffre;6;nom
insignifiant;6;adj
corrélé;6;nr
blasphème;6;nom
grimpeur;6;nom
rico;6;nr
dominicain;6;nom
t3rroriste;6;nr
densément;6;nr
vermelho;6;nr
caïman;6;nom
emji_om;6;nom
résiliation;6;nom
cession;6;nom
couchette;6;nom
buffet;6;nom
soustraire;6;ver
coréen;6;adj
honduras;6;nr
guatemala;6;nr
jamaïque;6;nr
tobago;6;nr
amsud;6;nr
barragiste;6;nr
dittli;6;nr
toutoune;5;nr
flow;5;nr
imp;5;nr
legal;5;nr
colo;5;nom
autocollant;5;nom
cilo;5;nr
trouille;5;nom
brushing;5;nom
charlotte;5;nom
distributeur;5;nom
ringard;5;adj
hyn;5;nr
ramadan;5;nom
perplexe;5;adj
fatal;5;adj
baignade;5;nom
celestin;5;nr
wah;5;nr
aurevoir;5;nr
attraction;5;nom
parlant;5;adj
jumeau;5;adj
ueli;5;nr
merciii;5;nr
nauséabond;5;adj
coquille;5;nom
serge;5;nom
clinique;5;nom
peintre;5;nom
varié;5;adj
réincarnation;5;nom
fontaine;5;nom
ruelle;5;nom
envergure;5;nom
incommensurable;5;adj
waouw;5;nr
diamant;5;nom
bénichon;5;nr
quelqun;5;nr
fosse;5;nom
paralyser;5;ver
md;5;nr
tombe;5;nom
stand;5;nom
av;5;nr
federer;5;nr
anomalie;5;nom
goldorak;5;nr
rihs;5;nr
absinthe;5;nom
jane;5;nr
pédo;5;nr
échauffement;5;nom
funèbre;5;adj
combustion;5;nom
visionner;5;ver
rtsinfo;5;nr
4ème;5;nr
infantile;5;adj
vogue;5;nom
nourrisson;5;nom
cbd;5;nr
aaah;5;nr
papet;5;nom
hopital;5;nr
rigide;5;adj
dévaster;5;ver
enorme;5;nr
flexibilité;5;nom
perruque;5;nom
1997;5;num
emji_pierre_précieuse;5;nr
profusion;5;nom
emji_chaînes;5;nr
simone;5;nr
dépénalisation;5;nr
aristote;5;nr
promenade;5;nom
remontée;5;nom
dm;5;adj_num
malédiction;5;nom
richard;5;adj
persone;5;nr
ignare;5;adj
subversif;5;adj
gouvernant;5;nom
mmmh;5;nr
emji_doigt_d_honneur;5;nom
benoît;5;adj
gneu;5;nr
emji_skieur;5;nom
emji_signe_je_t_aime;5;nom
aprés;5;nr
forger;5;ver
contrée;5;nom
tectonique;5;adj
épicerie;5;nom
lesbien;5;adj
prudent;5;adj
hésitation;5;nom
gerbe;5;nom
emji_perroquet;5;nom
1955;5;num
peugeot;5;nr
maritime;5;adj
plouc;5;nom
broche;5;nom
propulser;5;ver
ouiiiiii;5;nr
guignol;5;nom
corsier;5;nr
loge;5;nom
virgule;5;nom
écho;5;nom
narcisse;5;nom
spatial;5;adj
emji_poing_levé_peau_claire;5;nr
malley;5;nr
ouïe;5;nom
sumo;5;nom
scoop;5;nom
prédécesseur;5;nom
papas;5;nom
clignotant;5;nom
k7;5;nr
incurable;5;adj
nb;5;nr
emji_main_avec_index_pointant_à_gauche;5;nr
63;5;num
08;5;num
confession;5;nom
guise;5;nom
mèche;5;nom
longuement;5;adv
dahmer;5;nr
incinération;5;nom
dictat;5;nr
kiev;5;nr
must;5;nom
nappe;5;nom
emji_pouce_vers_le_bas_peau_moyennement_claire;5;nom
destinée;5;nom
pâté;5;nom
virginité;5;nom
brochette;5;nom
fluidité;5;nom
combi;5;nom
tac;5;nom
décroissance;5;nom
gaston;5;nr
stories;5;nr
spontanéité;5;nom
forever;5;nr
injecter;5;ver
kiffer;5;nr
valorisant;5;adj
couillon;5;nom
adrien;5;nr
aimable;5;adj
bis;5;adj_sup
day;5;nr
cumuler;5;ver
emji_poing_levé_peau_légèrement_mate;5;nr
jeûner;5;ver
invasif;5;adj
sandrine;5;nr
rousseau;5;nom
camaraderie;5;nom
dressage;5;nom
piètre;5;adj
chambouler;5;ver
dubitatif;5;adj
confiserie;5;nom
appeller;5;nr
heurter;5;ver
20aine;5;nr
dissocier;5;ver
friandise;5;nom
contextualiser;5;ver
sénégalais;5;nom
emji_drapeau_noir;5;nom
waou;5;nr
entendement;5;nom
miche;5;nom
wokistes;5;nr
time;5;nr
docu;5;nr
emji_pouce_vers_le_haut_peau_mate;5;nom
paisiblement;5;adv
dénier;5;ver
veine;5;nom
fichu;5;adj
zemmour;5;nr
restau;5;nom
hypothétique;5;adj
iel;5;nr
insipide;5;adj
pti;5;nr
classification;5;nom
appellait;5;nr
6ème;5;nr
dévotion;5;nom
chouine;5;nr
soigneusement;5;adv
galerie;5;nom
abstraction;5;nom
détracteur;5;nom
sherlock;5;nr
déporter;5;ver
dédouaner;5;ver
liker;5;nr
étroitesse;5;nom
shopping;5;nom
pédagogique;5;adj
ballade;5;nom
solitaire;5;adj
toys;5;nr
09;5;num
champi;5;nom
éric;5;nr
gaëlle;5;nr
projecteur;5;nom
mouchoir;5;nom
paniquer;5;ver
golf;5;nom
cringe;5;nr
emji_personne_avec_la_paume_sur_le_visage_peau_légèrement_mate;5;nr
gaillard;5;nom
chiasse;5;nom
hp;5;nr
futile;5;adj
adooooore;5;nr
lang;5;nr
more;5;adj
étincelle;5;nom
surréaliste;5;adj
brûlure;5;nom
plantation;5;nom
garcons;5;nr
reuf;5;nr
interner;5;ver
vocal;5;adj
secrétaire;5;nom
nulles;5;adj_ind
electronique;5;nr
institut;5;nom
dbz;5;nr
engouement;5;nom
casino;5;nom
80s;5;nr
22h;5;nr
emji_gouttes_de_sueur;5;nom
true;5;nr
martine;5;nr
emji_ballon_gonflable;5;nom
contraceptif;5;nom
interesse;5;nr
hooo;5;nr
tps;5;nr
cacahouète;5;nom
serbie;5;nr
staff;5;nom
emji_visage_qui_éternue;5;nr
entrave;5;nom
expansion;5;nom
incomber;5;ver
lgbtq;5;nr
chenapan;5;nom
racelards;5;nr
apparition;5;nom
doyen;5;nom
quarante;5;adj_num
réservoir;5;nom
branleur;5;nom
mercedes;5;nr
chevelure;5;nom
vio;5;nr
indéfendable;5;adj
rénover;5;ver
comms;5;nr
bricoler;5;ver
colombe;5;nom
quebec;5;nr
pharmas;5;nr
accroître;5;ver
muscle;5;nom
emji_escargot;5;nom
hétérosexuel;5;adj
henry;5;nom
gif;5;nr
appréhender;5;ver
tacle;5;nom
lapsus;5;nom
motard;5;nom
lucas;5;nr
appauvrissement;5;nom
gangster;5;nom
glacial;5;adj
roulette;5;nom
confiner;5;ver
conditionnement;5;nom
gonflable;5;adj
emji_mandarine;5;nom
interlocuteur;5;nom
téléspectateur;5;nom
emji_père_noël_peau_claire;5;nr
menton;5;nom
incendier;5;ver
shoot;5;nom
obsessionnel;5;adj
chevreuil;5;nom
pâturage;5;nom
reconnaissable;5;adj
cafard;5;nom
clément;5;adj
tact;5;nom
damoiseau;5;nom
piccard;5;nr
gva;5;nr
vedette;5;nom
emji_ski;5;nom
plaine;5;nom
plainpalais;5;nr
improviser;5;ver
agonie;5;nom
fluo;5;adj
emji_fleur_de_lys;5;nom
renflouer;5;ver
chariot;5;nom
rambo;5;nr
tropical;5;adj
détraquer;5;ver
oreillette;5;nom
tendu;5;adj
déodorant;5;nom
saloperie;5;nom
sibérie;5;nr
contempler;5;ver
inconfortable;5;adj
croustillant;5;adj
cheminée;5;nom
sonnerie;5;nom
pois;5;nom
finlande;5;nr
affranchir;5;ver
playlist;5;nr
collecte;5;nom
tablier;5;nom
bouddhiste;5;adj
revêtir;5;ver
désabonne;5;nr
bichette;5;nom
antérieur;5;adj
olive;5;nom
wars;5;nr
mercantile;5;adj
bouleverser;5;ver
fb;5;nr
96;5;num
csc;5;nr
saboter;5;ver
cout;5;nr
élaboré;5;adj
lancement;5;nom
20eme;5;nr
stratosphère;5;nom
360;5;num
escient;5;nom
notification;5;nom
district;5;nom
articulation;5;nom
renouveau;5;nom
démographie;5;nom
considérablement;5;adv
scroller;5;nr
payerne;5;nr
chrono;5;nom
aérodrome;5;nom
ix;5;nr
matth3ews;5;nr
dope;5;nom
vouvoiement;5;nom
surf;5;nom
raz;5;nom
nautique;5;adj
développé;5;adj
our;5;nr
vice_versa;5;adv
digestif;5;nom
grincheux;5;adj
illuminer;5;ver
castello;5;nr
allumette;5;nom
dam;5;nom
tease;5;nr
figurer;5;ver
lisbonne;5;nr
inadapté;5;adj
dégoute;5;nr
maudet;5;nr
toutou;5;nom
supplier;5;ver
cuisson;5;nom
méga;5;adj
vaseline;5;nom
bordeaux;5;adj
emji_goutte_de_sang;5;nom
cachet;5;nom
verso;5;nom
cosmétique;5;adj
vertueux;5;adj
1291;5;num
lala;5;ono
125;5;num
spatz;5;nr
foehn;5;nom
cartonner;5;ver
michellod;5;nr
hache;5;nom
fourche;5;nom
piston;5;nom
trott;5;nr
blouson;5;nom
préfet;5;nom
tomme;5;nom
saveur;5;nom
grade;5;nom
machette;5;nom
lame;5;nom
relationnel;5;adj
crouler;5;ver
omniprésent;5;adj
brique;5;nom
légion;5;nom
carrossier;5;nom
tine;5;nom
aval;5;nom
priser;5;ver
diesel;5;nom
prospérer;5;ver
emji_v_de_la_victoire_peau_légèrement_mate;5;nr
jlai;5;nr
cerf;5;nom
formel;5;adj
hostilité;5;nom
emplir;5;ver
inerte;5;adj
cookie;5;nom
cameraman;5;nom
intéressé;5;adj
méta;5;nom
green;5;nom
dcp;5;nr
prenom;5;nr
ajuster;5;ver
never;5;nr
niquer;5;ver
cyclique;5;adj
ramper;5;ver
detre;5;nr
lhomme;5;nr
injustifiable;5;adj
pus;5;adj
corvée;5;nom
féerique;5;adj
perpétuel;5;adj
this;5;nr
altruisme;5;nom
surnommer;5;ver
welcome;5;nr
gonzesse;5;nom
vitamine;5;nom
stylo;5;nom
exilé;5;nom
bruler;5;nr
toile;5;nom
emji_araignée;5;nr
baptiste;5;adj
réception;5;nom
décorer;5;ver
surgelé;5;nom
annecy;5;nr
cosmique;5;adj
racisées;5;nr
théorisé;5;nr
rappeur;5;nom
trouer;5;ver
encroyable;5;nr
bresil;5;nr
équateur;5;nom
brasil;5;nr
afro;5;adj
squid;5;nr
usé;5;adj
combiner;5;ver
fillette;5;nom
couturier;5;nom
ball;5;nr
progression;5;nom
fervent;5;adj
jambon;5;nom
pelure;5;nom
carlos;5;nr
40000;5;num
professionnellement;5;adv
abbaye;5;nom
140;5;num
ig;5;nr
tal;5;nr
licorne;5;nom
concorder;5;ver
aveu;5;nom
inévitable;5;adj
gna_gna;5;ono
associatif;5;nr
adoooore;5;nr
formateur;5;adj
tatouer;5;ver
comparatif;5;adj
captif;5;adj
intolérant;5;adj
ruben;5;nr
durement;5;adv
punitif;5;adj
border;5;ver
insérer;5;ver
papillote;5;nom
frayer;5;ver
clémentine;5;nom
blasé;5;adj
introuvable;5;adj
envieux;5;adj
clivage;5;nom
shirt;5;nr
grand_chose;5;pro_ind
réclamation;5;nom
efforcer;5;ver
hérésie;5;nom
communion;5;nom
foirer;5;ver
souder;5;ver
playstation;5;nr
facette;5;nom
redéfinir;5;ver
trimer;5;ver
épanoui;5;adj
matrice;5;nom
consanguinité;5;nom
bofs;5;nr
gravissime;5;adj
enneigé;5;adj
poilu;5;adj
démanteler;5;ver
merdier;5;nom
globalistes;5;nr
calomnie;5;nom
pesée;5;nom
assemblée;5;nom
snow;5;nr
jc;5;nr
dd;5;nr
rajouterai;5;nr
fromagerie;5;nom
conjuguer;5;ver
écusson;5;nom
genfersee;5;nr
geneva;5;nr
lake;5;nr
broncher;5;ver
parsque;5;nr
pléonasme;5;nom
anglophone;5;adj
jules;5;nom
auxiliaire;5;adj
appli;5;nr
chausson;5;nom
infrarouge;5;nom
ded;5;nr
pay;5;nr
sensationnel;5;adj
tea;5;nr
rabais;5;nom
carrefour;5;nom
take;5;nr
implanter;5;ver
dili;5;nr
forestier;5;adj
apparent;5;adj
qie;5;nr
effréné;5;adj
conforter;5;ver
proverbe;5;nom
qualitatif;5;adj
simplet;5;nom
camer;5;ver
jcrois;5;nr
techtonik;5;nr
hobby;5;nom
noah;5;nr
explicitement;5;adv
ap;5;nr
twitch;5;nr
collabo;5;nom
rs;5;nr
iconique;5;nr
utopique;5;adj
coercitif;5;adj
kidnapping;5;nom
increvable;5;adj
étanche;5;adj
exhaustif;5;adj
tupp;5;nr
errer;5;ver
chere;5;nr
autel;5;nom
reset;5;nom
parano;5;adj
inarrêtable;5;nr
mil;5;adj_num
immortalité;5;nom
collision;5;nom
ideologie;5;nr
developpement;5;nr
aviaire;5;adj
malthusiens;5;nr
curry;5;nom
lobbyistes;5;nr
fnsea;5;nr
néo;5;adv
cro;5;nr
magnon;5;nr
alarmiste;5;adj
confiture;5;nom
malentendu;5;nom
dévaloriser;5;ver
cantine;5;nom
epfl;5;nr
verticale;5;nom
bachelier;5;nom
dégringolade;5;nom
décourager;5;ver
emji_canard;5;nom
repondre;5;nr
flore;5;nom
emji_drapeau_chili;5;nom
manipulable;5;adj
épuisement;5;nom
déconcertant;5;adj
politicard;5;nom
niveler;5;ver
revolver;5;nom
pallier;5;ver
cohabiter;5;ver
surcharger;5;ver
seau;5;nom
schneks;5;nr
chablais;5;nr
shlap;5;nr
petit_déjeuner;5;nom
âpre;5;adj
méditerranéen;5;adj
pin;5;nom
fraudeur;5;nom
leurre;5;nom
infantiliser;5;ver
yaka;5;nr
réal;5;nom
positionnement;5;nom
mirage;5;nom
atar;5;nr
9c;5;nr
ajustement;5;nom
inclu;5;nr
mesquin;5;adj
noix;5;nom
réinsertion;5;nom
karen;5;adj
regles;5;nr
comte;5;nom
mutualité;5;nom
emji_poule;5;nom
clash;5;nom
diagnostique;5;adj
habile;5;adj
porrentruy;5;nr
vecteur;5;nom
canidé;5;nom
nordique;5;adj
niquel;5;nr
enleve;5;nr
rox;5;nr
racoleur;5;adj
pedophile;5;nr
martyriser;5;ver
fermement;5;adv
lyme;5;nr
prévalence;5;nom
urbanisme;5;nom
nourrissant;5;adj
lister;5;ver
cgn;5;nr
convivialité;5;nom
lorenzo;5;nr
emji_conifère;5;nr
oqtf;5;nr
surreprésentation;5;nr
menotte;5;nom
yanne;5;nr
alléluia;5;ono
crucifier;5;ver
aulieu;5;nr
a_priori;5;adv
fragment;5;nom
imbuvable;5;adj
conte;5;nom
labo;5;nom
vertu;5;nom
enrichissant;5;adj
10ans;5;nr
obscur;5;adj
animosité;5;nom
taxidermie;5;nom
sinistre;5;adj
emblématique;5;adj
programmation;5;nom
hot;5;adj
mangue;5;nom
décourageant;5;adj
dégradé;5;adj
dépourvu;5;adj
désillusion;5;nom
chauffard;5;nom
sushi;5;nom
jveux;5;nr
infect;5;adj
campagnard;5;adj
égorger;5;ver
fantasy;5;nr
resident;5;nr
15ans;5;nr
stream;5;nr
irl;5;nr
télécharger;5;ver
heysel;5;nr
projectile;5;nom
1100;5;num
délibérément;5;adv
ina;5;nr
cursus;5;nom
session;5;nom
pragmatisme;5;nom
tasser;5;ver
manier;5;ver
8ème;5;nr
pogs;5;nr
ronaldo;5;nr
hazard;5;nr
pog;5;nr
well;5;nr
ablution;5;nom
déshabiller;5;ver
smith;5;nr
castor;5;nom
encombrant;5;adj
piur;5;nr
boku;5;nr
arrete;5;nr
égout;5;nom
xix;5;nr
rangée;5;nom
menstruation;5;nom
inattendu;5;adj
équitablement;5;adv
brisé;5;adj
contest;5;nr
doctrine;5;nom
kif;5;nom
caricatural;5;adj
hautain;5;adj
maurer;5;nr
intrinsèque;5;adj
idéaliser;5;ver
foncier;5;adj
véçu;5;nr
cologny;5;nr
pn;5;nr
monotone;5;adj
dissonance;5;nom
répressif;5;adj
déboucher;5;ver
assistance;5;nom
care;5;nom
reverser;5;ver
bâtard;5;nom
pharaon;5;nom
persan;5;adj
lanceur;5;nom
10x;5;nr
fur_et_à_mesure;5;nom
egoiste;5;nr
rayer;5;ver
vaccination;5;nom
résille;5;nom
applicable;5;adj
vasy;5;nr
dicton;5;nom
carrosserie;5;nom
emji_voiture_de_police_de_face;5;nom
emji_cheval;5;nom
palette;5;nom
tdf;5;nr
1e;5;nr
gypaète;5;nom
detruit;5;nr
fable;5;nom
protectorat;5;nom
wealth;5;nr
pout;5;nr
italo;5;nr
joconde;5;nr
libye;5;nr
vodka;5;nom
artisanat;5;nom
jeannot;5;nom
animalerie;5;nom
spécialisé;5;adj
reptile;5;nom
48h;5;nr
flan;5;nom
regime;5;nr
batiments;5;nr
reposant;5;adj
deshusses;5;nr
renforcement;5;nom
bla_bla_bla;5;nom
métabolisme;5;nom
provocateur;5;nom
freedom;5;nr
province;5;nom
side;5;nr
groupuscule;5;nom
x2;5;nr
istanbul;5;nr
hasardeux;5;adj
arbitrairement;5;adv
compensation;5;nom
planer;5;ver
torah;5;nr
merite;5;nr
depardieu;5;nr
emji_pouce_vers_le_haut_peau_légèrement_mate;5;nr
rééquilibrer;5;ver
tripler;5;ver
brassière;5;nom
450;5;num
approfondi;5;adj
email;5;nom
exiler;5;ver
50millions;5;nr
nvidia;5;nr
stagner;5;ver
report;5;nom
prélèvement;5;nom
scander;5;ver
biaisés;5;nr
allégeance;5;nom
random;5;nr
pancarte;5;nom
homme_femme;5;nom
namaste;5;nr
protestation;5;nom
learning;5;nr
parachute;5;nom
inceste;5;nom
chuv;5;nr
obscurantisme;5;nom
cide;5;nr
bazar;5;nom
pmr;5;nr
ballot;5;nom
désengorger;5;nr
aménagement;5;nom
ceva;5;nr
bellevue;5;nr
blanchiment;5;nom
mouise;5;nom
remédier;5;ver
endiguer;5;ver
inefficace;5;adj
durablement;5;adv
spéculatif;5;adj
légiférer;5;ver
vulnérabilité;5;nom
innommable;5;adj
nuremberg;5;nr
faiblement;5;adv
discriminant;5;adj
lex;5;nr
implacable;5;adj
éditorialiste;5;nom
economique;5;nr
5eme;5;nr
paa;5;nr
cumulées;5;nr
fumisterie;5;nom
validé;5;adj
4j;5;nr
duty;5;nr
capitulation;5;nom
éligible;5;adj
iluser_utilisateurice;5;nr
impartialité;5;nom
enquêter;5;ver
pédocriminels;5;nr
prorata;5;nom
centraliser;5;ver
embouteillage;5;nom
déc;5;nom
dissiper;5;ver
nikola;5;nr
energie;5;nr
colonialiste;5;nom
négociable;5;adj
prévoyance;5;nom
vieillissant;5;adj
volatilité;5;nom
bulletin;5;nom
naturalise;5;nr
naturalisations;5;nr
naturalisent;5;nr
scandaliser;5;ver
véganisme;5;nr
hasbara;5;nr
attachement;5;nom
patronal;5;adj
brandolini;5;nr
crypto;5;nom
marée;5;nom
javier;5;nr
écrouler;5;ver
gré;5;nom
kirk;5;nr
maigreur;5;nom
moss;5;nr
relativisme;5;nom
likoud;5;nr
control;5;adj
monopoly;5;nom
remy;5;nr
légalité;5;nom
criminaliser;5;ver
décolonisation;5;nom
genocides;5;nr
1938;5;num
cheikh;5;nom
goal;5;nom
mobilisations;5;nr
israëliens;5;nr
obsolescence;5;nom
miner;5;ver
usd;5;nr
chain;5;nr
cuivre;5;nom
emji_drapeau_venezuela;5;nom
impérialisme;5;nom
schengen;5;nr
staline;5;nr
1300;5;num
blatten;5;nr
végétalien;5;adj
émerger;5;ver
involontaire;5;adj
impunément;5;adv
encercler;5;ver
indigène;5;adj
arabique;5;adj
qur;5;nr
individuellement;5;adv
décompresser;5;ver
checking;5;nr
lbd;5;nr
focaliser;5;ver
endommager;5;ver
mollah;5;nom
meta;5;nr
jaafarwi;5;nr
éjecter;5;ver
defend;5;nr
létal;5;adj
gén0;5;nr
malfaiteur;5;nom
divulguer;5;ver
nutriscore;5;nr
modérateur;5;nom
chypre;5;nom
from;5;nr
cervin;5;nr
ras_le_bol;5;nom
glucide;5;nom
mercure;5;nom
révoltant;5;adj
navire;5;nom
centre_ville;5;nom
clandestin;5;adj
propagation;5;nom
enquêteur;5;nom
corporation;5;nom
usurpation;5;nom
trotinette;5;nr
préjudice;5;nom
rouage;5;nom
financées;5;nr
sio;5;nr
nidwald;5;nr
plaquer;5;ver
mtv;5;nr
socio_économique;5;adj
foireux;5;adj
league;5;nr
bulldozer;5;nom
orp;5;nr
brèche;5;nom
emji_citrouille;5;nom
wiki;5;nr
bravoure;5;nom
fonte;5;nom
poreux;5;adj
emji_homme_qui_hausse_les_épaules_peau_mate;5;nr
justicier;5;nom
ouighour;5;nom
alpinisme;5;nom
inoxtag;5;nr
ipa;5;nr
tarifaires;5;nr
easyjet;5;nr
jihadistes;5;nr
démagogie;5;nom
monoparental;5;adj
glutamate;5;nom
zweifel;5;nr
emissions;5;nr
narcoterroristes;5;nr
cigogne;5;nom
frileux;5;adj
kosovare;5;nr
uee;5;nr
zohran;5;nr
yorkais;5;nr
vernis;5;nom
emji_véhicule_utilitaire_sport;5;nr
initier;5;ver
délégation;5;nom
tazer;5;nr
léchage;5;nom
pedophilie;5;nr
yuka;5;nr
désamianté;5;nr
emji_silhouettes_de_bustes;5;nom
safari;5;nom
melatonine;5;nr
barragistes;5;nr
belize;5;nr
nicaragua;5;nr
caïque;5;nom
anguilla;5;nr
antigua;5;nr
barbuda;5;nr
aruba;5;nr
barbade;5;nr
bermudes;5;nr
curaçao;5;nom
porto;5;nom
montserrat;5;nr
niévès;5;nr
grenadine;5;nom
suriname;5;nr
cylindrée;5;nom
réintroduire;4;ver
plaisant;4;adj
acquadro;4;nr
fromager;4;nom
métallique;4;adj
meneur;4;nom
tibet;4;nr
chicago;4;nr
paria;4;nom
unik;4;nr
rhume;4;nom
jungle;4;nom
collégien;4;nom
fêtard;4;nom
cha;4;nr
chemtrails;4;nr
sirop;4;nom
décousu;4;adj
subitement;4;adv
stv;4;nr
spontanément;4;adv
gorgée;4;nom
sophie;4;nom
miam;4;ono
slim;4;nr
loose;4;nr
anniv;4;nom
superstitieux;4;adj
cadet;4;nom
natation;4;nom
6ans;4;nr
dragueur;4;nom
apelle;4;nr
ivresse;4;nom
soite;4;nr
chaire;4;nom
attrait;4;nom
feignant;4;adj
débauche;4;nom
rt;4;nr
exhiber;4;ver
cocktail;4;nom
gainsbourg;4;nr
1800;4;num
délicatesse;4;nom
régulateur;4;nom
écouler;4;ver
heurt;4;nom
pedocriminel;4;nr
éditeur;4;nom
henri;4;nr
emji_bouche;4;nom
viril;4;adj
rivalité;4;nom
défaillance;4;nom
capillaire;4;adj
rolls;4;nr
emprunt;4;nom
acab;4;nr
rochebin;4;nr
emji_luminosité_élevée;4;nr
cabanon;4;nom
reconnaitre;4;nr
boa;4;nom
clochard;4;nom
rtsarchives;4;nr
emji_femme_qui_lève_la_main_peau_claire;4;nr
chauffages;4;nr
mazout;4;nom
emji_femme_âgée_peau_claire;4;nr
doo;4;nr
frite;4;nom
mtnt;4;nr
emji_feuille_d_érable;4;nr
obsèques;4;nom
abîme;4;nom
résidu;4;nom
persévérance;4;nom
confinements;4;nr
contaminant;4;adj
76;4;num
encadrement;4;nom
emji_ruban;4;nom
kitsch;4;adj
médoc;4;nom
manu;4;nr
soixantaine;4;nom
twist;4;nom
crampe;4;nom
flanc;4;nom
emji_pomme_de_terre;4;nom
ravissant;4;adj
genrée;4;nr
bide;4;nom
ivg;4;nr
antique;4;adj
acker;4;nr
promeneur;4;nom
iceberg;4;nom
foutoir;4;nom
british;4;adj
combiné;4;adj
bulgarie;4;nr
aix;4;nr
bettina;4;nr
groove;4;nr
lobotomisés;4;nr
vapeur;4;nom
hehe;4;nr
érosion;4;nom
annuaire;4;nom
bile;4;nom
darmanin;4;nr
emji_drapeau_royaume_uni;4;nom
sort;4;nom
barbecue;4;nom
claudio;4;nr
mike;4;nr
narcissisme;4;nom
soie;4;nom
castel;4;nom
comedie;4;nr
veritable;4;nr
sectaire;4;adj
cents;4;adj_num
téléviseur;4;nom
navette;4;nom
wahli;4;nr
meadows;4;nr
chiot;4;nom
non_fumeurs;4;adj
lon;4;nr
pav;4;nr
marmite;4;nom
culasse;4;nom
antisemite;4;nr
magic;4;nr
bip;4;nom
trousse;4;nom
novice;4;nom
prenant;4;adj
guetter;4;ver
vipère;4;nom
week;4;nr
christiane;4;nr
sou;4;nom
aventurier;4;nom
litron;4;nom
gore;4;adj
croisement;4;nom
emji_vélo;4;nr
somptueux;4;adj
qua;4;nr
old;4;nr
school;4;nr
cosmos;4;nom
lignée;4;nom
nomade;4;nom
yves;4;nr
quiz;4;nom
followers;4;nr
gd;4;nr
1963;4;num
optique;4;adj
inspecteur;4;nom
malice;4;nom
proportionnels;4;nr
micro_trottoir;4;nom
adooooooore;4;nr
récurer;4;ver
emji_drapeau_allemagne;4;nom
mickey;4;nr
acronyme;4;nom
entonnoir;4;nom
chocolaterie;4;nom
mammouth;4;nom
cake;4;nom
agatha;4;nr
christie;4;nr
emji_homme_âgé;4;nr
décomplexée;4;nr
neiger;4;ver
nonne;4;nom
renommé;4;adj
calimero;4;nr
bistro;4;nom
caucasien;4;adj
bite;4;nom
prune;4;nom
meringue;4;nom
rebaptiser;4;ver
none;4;nom
cacao;4;nom
contrarier;4;ver
pâtissier;4;nom
50ans;4;nr
spirit;4;nr
therme;4;nr
thermes;4;nom
caver;4;ver
célébrité;4;nom
guadeloupe;4;nr
sme;4;nr
sucrerie;4;nom
mondialement;4;adv
renseignes;4;nr
bizzare;4;nr
hispanique;4;adj
escorter;4;ver
rabâcher;4;ver
colorer;4;ver
détente;4;nom
sémantique;4;nom
complaire;4;ver
informatif;4;adj
nword;4;nr
métissage;4;nom
supposément;4;adv
clarification;4;nom
tema;4;nr
incidence;4;nom
tips;4;nr
jmen;4;nr
techniquement;4;adv
lalala;4;nr
comportemental;4;adj
paulo;4;nr
gr;4;nr
ivoire;4;nom
dramatiser;4;ver
gabriel;4;nr
party;4;nom
gaspard;4;nom
flemmard;4;nom
scotcher;4;ver
vingts;4;nr
saga;4;nom
itinéraire;4;nom
rapprochement;4;nom
ovni;4;nom
cinématographique;4;adj
joke;4;nr
dla;4;nr
how;4;nr
emji_livres;4;nom
captivant;4;adj
even;4;nr
gilbert;4;nom
pandémie;4;nom
retarder;4;ver
audiovisuel;4;adj
enfait;4;nr
118;4;num
motivants;4;nr
affiner;4;ver
plombier;4;nom
concierge;4;nom
fanfare;4;nom
let;4;adj
fentanyl;4;nr
méditerrané;4;adj
beach;4;nr
cetais;4;nr
90s;4;nr
emji_nuage_avec_pluie;4;nom
camper;4;ver
sad;4;nr
rituel;4;nom
ampoule;4;nom
shame;4;nr
caillasser;4;ver
infertile;4;adj
reel;4;nr
ouah;4;ono
nicolet;4;nr
emji_drapeau_kosovo;4;nom
per;4;nr
kosovar;4;nom
cocotte;4;nom
bitume;4;nom
delémont;4;nr
couz;4;nr
marqueur;4;nom
cé;4;nr
bobets;4;nr
gangrené;4;adj
haie;4;nom
tectonik;4;nr
srf;4;nr
101;4;num
escalator;4;nom
boguets;4;nr
pouah;4;ono
médiatisation;4;nom
zèle;4;nom
bo;4;nr
euhhh;4;nr
décolleté;4;nom
poignet;4;nom
grassement;4;adv
réélire;4;ver
siéger;4;ver
môme;4;nom
cétait;4;nr
emji_mains_en_prière_peau_foncée;4;nr
fourmi;4;nom
bestiole;4;nom
despote;4;nom
furieux;4;adj
m6;4;nr
avènement;4;nom
mama;4;nr
antibio;4;nr
tata;4;nom
rougemont;4;nr
emji_lotus;4;nom
a1;4;nr
occurence;4;nr
lille;4;nr
tee;4;nom
deg;4;nr
hygiene;4;nr
microbiote;4;nr
emji_voiture_de_police;4;nom
ptdrrrr;4;nr
hall;4;nom
frero;4;nr
technocrate;4;nom
pléthore;4;nom
pédaler;4;ver
souple;4;adj
préservatif;4;nom
lamentablement;4;adv
rafraîchissant;4;adj
minou;4;nom
avancement;4;nom
dvd;4;nr
vhs;4;nr
grenier;4;nom
paranoïa;4;nom
grotesque;4;adj
confus;4;adj
barbies;4;nr
barbie;4;nr
submerger;4;ver
clasher;4;nr
emji_bougie;4;nom
ajout;4;nom
taureau;4;nom
glacé;4;adj
compère;4;nom
tintin;4;ono
emji_coccinelle;4;nom
caquelon;4;nom
henchoz;4;nr
atypique;4;adj
imparfait;4;adj
abbé;4;nom
intuitif;4;adj
dedieu;4;nr
décadent;4;adj
hmm;4;nr
bertrand;4;nr
sauvabelin;4;nr
faucher;4;ver
foster;4;nr
converser;4;ver
emji_combiné_téléphonique;4;nr
cadran;4;nom
ptdrrrrr;4;nr
groenland;4;nr
ouff;4;nr
rafraîchir;4;ver
monteur;4;nom
couette;4;nom
catalan;4;nom
hhhhh;4;nr
jm;4;nr
om;4;nr
pastèque;4;nom
émigrer;4;ver
hantise;4;nom
entre_temps;4;adv
taquet;4;nom
acné;4;nom
mms;4;nr
proliférer;4;ver
risée;4;nom
déraisonnable;4;adj
parenté;4;nom
emji_visage_avec_chapeau_de_cowboy;4;nom
occulter;4;ver
jpense;4;nr
thank;4;nr
harrisson;4;nr
fraicheur;4;nr
noooon;4;nr
bouillie;4;nom
emji_cigarette;4;nom
jeton;4;nom
fissure;4;nom
dangereusement;4;adv
ja;4;nr
velos;4;nr
eurovision;4;nr
localement;4;adv
détraqué;4;nom
malvenu;4;adj
at;4;nr
galaxie;4;nom
allègrement;4;adv
suspension;4;nom
antoine;4;nr
radoter;4;ver
assnosfer;4;nr
vrac;4;nom
ru;4;nom
demeurer;4;ver
soucieux;4;adj
hihihi;4;nr
réglementaire;4;adj
furtif;4;adj
redoutable;4;adj
hangar;4;nom
rénovation;4;nom
joe;4;nr
dca;4;nr
emji_drapeau_ukraine;4;nom
diktat;4;nom
antenne;4;nom
incliner;4;ver
médium;4;nom
initiation;4;nom
surfeur;4;nom
hawaï;4;nr
ricard;4;nr
emji_biceps_contracté_peau_mate;4;nr
rayonner;4;ver
brouteur;4;adj
nicotine;4;nom
strip;4;nom
autisme;4;nom
usb;4;nr
02;4;num
vinaigre;4;nom
canular;4;nom
haricot;4;nom
parterre;4;nom
souplesse;4;nom
uno;4;nr
hidalgo;4;nom
martial;4;adj
gates;4;nr
visa;4;nom
uriner;4;ver
tasse;4;nom
téléphoner;4;ver
raquer;4;ver
ensoleillé;4;adj
emji_pilule;4;nom
irritation;4;nom
vendange;4;nom
pinard;4;nom
djeuns;4;nr
torchon;4;nom
bravoooo;4;nr
hard;4;adj
appropriation;4;nom
gaucher;4;adj
delon;4;nr
melon;4;nom
consentant;4;adj
gerard;4;nr
éradication;4;nom
banditisme;4;nom
diffamatoire;4;adj
éléphant;4;nom
emji_chapiteau;4;nom
gorgoni;4;nr
pipo;4;nom
amnésie;4;nom
viagra;4;nom
phare;4;nom
engorger;4;ver
huissier;4;nom
jouissif;4;adj
bush;4;nom
fréquentation;4;nom
tralala;4;nom
vacarme;4;nom
prescription;4;nom
revoilà;4;pre
zen;4;adj
building;4;nom
podium;4;nom
francophonie;4;nom
jackpot;4;nom
gentleman;4;nom
calibre;4;nom
petit_fils;4;nom
emji_étreinte;4;nr
cocher;4;ver
coté;4;adj
att;4;nr
biberonner;4;ver
misandres;4;nr
immortel;4;adj
boug;4;nr
feministe;4;nr
énergumène;4;nom
fdp;4;nr
féminiser;4;ver
cocu;4;nom
renfermer;4;ver
mims;4;nr
snif;4;ono
convenable;4;adj
atout;4;nom
nounours;4;nom
bêta;4;nom
frere;4;nr
mami;4;nr
introspection;4;nom
ricaner;4;ver
diva;4;nom
role;4;nr
secourir;4;ver
égocentrique;4;adj
vagin;4;nom
continuellement;4;adv
drap;4;nom
fêlé;4;nom
sagement;4;adv
koweït;4;nr
emji_voilier;4;nom
inestimable;4;adj
négation;4;nom
rabaissement;4;nom
rétorquer;4;ver
éprouver;4;ver
sottise;4;nom
déraper;4;ver
squelette;4;nom
jadis;4;adv_sup
révolutionner;4;ver
sociétales;4;nr
outrer;4;ver
guidon;4;nom
épicier;4;nom
dinde;4;nom
occulte;4;adj
concis;4;adj
infester;4;ver
déloger;4;ver
romanens;4;nr
statue;4;nom
terrifier;4;ver
mississippi;4;nr
léon;4;nr
hs;4;nr
athlétisme;4;nom
mémorisation;4;nom
recuerdos;4;nr
indonésie;4;nr
piquet;4;nom
again;4;nr
who;4;nr
redouter;4;ver
ohhhhhh;4;nr
partition;4;nom
cicatrice;4;nom
emji_femme_qui_lève_la_main;4;nr
vous_mêmes;4;pro_per
hongrie;4;nr
socialisation;4;nom
sevrage;4;nom
coca_cola;4;nom
aiguille;4;nom
73;4;num
dune;4;nom
bl;4;nr
rhooo;4;nr
gsm;4;nr
agilité;4;nom
largeur;4;nom
bondir;4;ver
costaud;4;adj
4eme;4;nr
agglomération;4;nom
abréviation;4;nom
tracteur;4;nom
850;4;num
névrose;4;nom
molécule;4;nom
ip;4;nr
op;4;nr
9h;4;nr
alex;4;nr
ehpad;4;nr
neuchâteloise;4;nr
arf;4;nr
prodiguer;4;ver
oreiller;4;nom
retransmettre;4;ver
sapeur;4;nom
emji_guitare;4;nom
180;4;num
270;4;num
yoga;4;nom
pertinemment;4;adv
investigation;4;nom
ascendant;4;adj
éprouvant;4;adj
brader;4;ver
postier;4;nom
poème;4;nom
sos;4;nr
16h;4;nr
empathique;4;adj
commissaire;4;nom
pillule;4;nr
hydrater;4;ver
hydrate;4;nom
picoler;4;ver
damme;4;nr
conso;4;nom
brioche;4;nom
implicitement;4;adv
dernieres;4;nr
interviewées;4;nr
bridé;4;adj
éloigné;4;adj
soixante;4;adj_num
matérialisme;4;nom
onéreux;4;adj
avide;4;adj
urssaf;4;nr
exagération;4;nom
appréciation;4;nom
paternel;4;adj
délaissé;4;adj
tiède;4;adj
incessant;4;adj
renommée;4;nom
hexagone;4;nom
societé;4;nr
dun;4;nr
négligé;4;adj
rer;4;nr
intervalle;4;nom
quinze;4;adj_num
tenant;4;nom
oie;4;nom
heart;4;nr
after;4;nr
about;4;nom
coccinelle;4;nom
hi;4;ono
épicéa;4;nom
psa;4;nr
tige;4;nom
caravane;4;nom
dérision;4;nom
élysée;4;nom
confrérie;4;nom
genré;4;nr
astérix;4;nr
maestro;4;nom
waow;4;nr
émulation;4;nom
brasser;4;ver
neuchatelois;4;nr
moit;4;nr
hérétique;4;nom
extasier;4;ver
modernisme;4;nom
gangrène;4;nom
tuteur;4;nom
appréciable;4;adj
sauvegarde;4;nom
émergence;4;nom
minutie;4;nom
nève;4;nr
constance;4;nom
césar;4;nom
péréquation;4;nom
horlogères;4;nr
10e;4;nr
imprégner;4;ver
ecosse;4;nr
frustrant;4;adj
empiler;4;ver
personnaliser;4;ver
couramment;4;adv
bahaha;4;nr
sfr;4;nr
externe;4;adj
emji_robot;4;nom
prometteur;4;adj
mao;4;nom
cumulus;4;nom
05;4;num
dyslexique;4;adj
unanimité;4;nom
sourcé;4;nr
ecrire;4;nr
emji_haut_de_forme;4;nom
high;4;nr
massage;4;nom
dorer;4;ver
presente;4;nr
reconvertir;4;ver
vichy;4;nom
present;4;nr
rossignol;4;nom
bouffeur;4;nom
rugby;4;nom
why;4;nr
démo;4;nr
smash;4;nom
hd;4;nr
casa;4;nom
abrutir;4;ver
bonnement;4;adv
20e;4;nr
killer;4;nom
emji_dent;4;nom
bocal;4;nom
thermomix;4;nr
tupperwares;4;nr
contenant;4;nom
apprêter;4;ver
ventilation;4;nom
planification;4;nom
spéculateur;4;nom
emji_symbole_recyclage;4;nom
déblatérer;4;ver
klaxonner;4;ver
blackrock;4;nr
notoire;4;adj
gueux;4;nom
climatologues;4;nr
phréatique;4;adj
politiser;4;ver
affabulation;4;nom
légitimer;4;ver
éteint;4;adj
sophisme;4;nom
caste;4;nom
alarmer;4;ver
20x;4;nr
cuve;4;nom
vinyle;4;nom
finement;4;adv
emparer;4;ver
ténacité;4;nom
raccrocher;4;ver
denis;4;nr
palier;4;nom
reveillez;4;nr
muet;4;adj
cb;4;nr
refouler;4;ver
infus;4;adj
maya;4;adj
octante;4;adj_num
stimulant;4;nom
théorème;4;nom
perturbation;4;nom
frontal;4;adj
clause;4;nom
illégitime;4;adj
éduquent;4;nr
medecins;4;nr
piser;4;ver
ocde;4;nr
emji_jeu_vidéo;4;nr
automatisme;4;nom
_;4;nr
intervenant;4;nom
loyauté;4;nom
consécutif;4;adj
chewing_gum;4;nom
reflechir;4;nr
emji_porte_documents;4;nom
jojo;4;adj
distraire;4;ver
emji_visage_mécontent_avec_bouche_ouverte;4;nr
shnek;4;nr
tchaz;4;nr
plaid;4;nom
cochonnerie;4;nom
schlinguer;4;ver
réconcilier;4;ver
provençal;4;adj
arpitan;4;nr
pochette;4;nom
lyonnais;4;adj
bassesse;4;nom
courtois;4;adj
diff;4;nr
aliéner;4;ver
real;4;nr
traumatique;4;adj
grisélidis;4;nr
prétendument;4;adv
nièce;4;nom
pulsion;4;nom
libertariens;4;nr
tds;4;nr
émaner;4;ver
ravaler;4;ver
continuité;4;nom
glamour;4;nom
clouer;4;ver
gestapo;4;nom
assoir;4;nr
nounou;4;nom
ban;4;nom
déjouer;4;ver
défavorable;4;adj
hôtellerie;4;nom
trkl;4;nr
gratis;4;adv
bidule;4;nom
jubiler;4;ver
emji_sens_interdit;4;nom
nullissime;4;adj
bombardier;4;nom
verset;4;nom
épouvantable;4;adj
down;4;adj
vx;4;nr
nathalie;4;nr
bobette;4;nr
aigu;4;adj
hahahahahah;4;nr
loïc;4;nr
impérial;4;adj
secretin;4;nr
détestable;4;adj
slave;4;adj
jadore;4;nr
excéder;4;ver
emji_symbole_d_interdiction;4;nom
sénat;4;nom
intentionné;4;adj
nourir;4;nr
immiscer;4;ver
pathologies;4;nr
ouii;4;nr
formellement;4;adv
réconfort;4;nom
grd;4;nr
hibernation;4;nom
htag_j;4;nom_sup
choupi;4;nr
pérennité;4;nom
croquer;4;ver
gendarmerie;4;nom
emji_femme_qui_hausse_les_épaules_peau_mate;4;nr
animalier;4;adj
nouille;4;nom
tempérament;4;nom
doudou;4;nom
étes;4;nr
déséquilibrer;4;ver
commentes;4;nr
portion;4;nom
transmissible;4;adj
régulation;4;nom
cocasse;4;adj
clapier;4;nom
grillage;4;nom
rebondir;4;ver
securité;4;nr
placement;4;nom
volume;4;nom
enclin;4;adj
pêcher;4;ver
perche;4;nom
ambulant;4;adj
bidoum;4;nr
brosser;4;ver
larve;4;nom
emji_paume_contre_paume_doigts_vers_le_haut;4;nom
photographie;4;nom
nico;4;nr
pathologie;4;nom
victor;4;nr
emji_violon;4;nom
crânien;4;adj
résistant;4;adj
foncé;4;adj
jeff;4;nr
templier;4;nom
hospitalier;4;adj
guitariste;4;nom
reussi;4;nr
irréel;4;adj
décapitation;4;nom
crs;4;nr
spotify;4;nr
emji_champignon;4;nom
résurrection;4;nom
xavier;4;nom
degeulasse;4;nr
fifi;4;nom
recharger;4;ver
assoc;4;nr
sil;4;nom
pnj;4;nr
josé;4;nr
microsoft;4;nr
illicite;4;adj
bizzarement;4;nr
ériger;4;ver
rattacher;4;ver
cat;4;nr
jais;4;nom
madrid;4;nr
acc;4;nr
ouaich;4;nr
museum;4;nr
ti;4;nr
litroz;4;nr
hectare;4;nom
meloni;4;nr
raisonnablement;4;adv
fachiste;4;nr
gobelet;4;nom
petiot;4;adj
tome;4;nom
faculté;4;nom
plèbe;4;nom
dégueu;4;adj
immangeable;4;adj
optimal;4;adj
maintenance;4;nom
laguna;4;nr
evil;4;nr
ps2;4;nr
burnout;4;nr
ff;4;nr
dlc;4;nr
mid;4;nr
hannibal;4;nr
addict;4;nr
ferry;4;nom
emji_cocktail_tropical;4;nom
découdre;4;ver
fanatisme;4;nom
harmoniser;4;ver
popotin;4;nom
tailleur;4;nom
differents;4;nr
superstition;4;nom
adage;4;nom
leadership;4;nom
suspense;4;nom
simuler;4;ver
farcir;4;ver
footix;4;nr
8eme;4;nr
klaxon;4;nom
géorgie;4;nr
fièvre;4;nom
romario;4;nr
évincer;4;ver
tre;4;nr
paninis;4;nr
years;4;nr
deutsch;4;nr
johan;4;nr
fesais;4;nr
cucu;4;adj
confortablement;4;adv
rdc;4;nr
microbe;4;nom
thèse;4;nom
monarchie;4;nom
una;4;nr
prout;4;ono
surestimer;4;ver
boussole;4;nom
tuyau;4;nom
bassin;4;nom
antoinette;4;nr
rareté;4;nom
emménager;4;ver
1959;4;num
matche;4;nom
bull;4;nom
vlan;4;ono
signifiant;4;adj
isolement;4;nom
réapprendre;4;ver
junior;4;adj
anticipation;4;nom
oué;4;nr
safe;4;nr
crêpe;4;nom
plombe;4;nom
demi_finale;4;nom
redondant;4;adj
regroupement;4;nom
bordelais;4;adj
loir;4;nom
calaisis;4;nr
vacant;4;adj
mimer;4;ver
incertitude;4;nom
galeux;4;adj
repression;4;nr
accru;4;adj
respiration;4;nom
larbin;4;nom
vinci;4;nr
lin;4;nom
5cm;4;nr
entretuer;4;ver
7ème;4;nr
aiwa;4;nr
affichage;4;nom
catalogue;4;nom
esr;4;nr
charitable;4;adj
époustouflant;4;adj
contracter;4;ver
mutation;4;nom
175;4;num
salamé;4;nr
food;4;nr
requis;4;adj
gwer;4;nr
piece;4;nr
zalando;4;nr
recruteur;4;nom
décence;4;nom
mollusque;4;nom
prononciation;4;nom
faf;4;nom
lacoste;4;nr
intelligible;4;adj
emji_coche;4;nom
marco;4;nr
sicilien;4;nom
reseaux;4;nr
beauty;4;nr
jalouser;4;ver
mandater;4;ver
succursale;4;nom
atterrer;4;ver
unes;4;pro_ind
obtention;4;nom
davoir;4;nr
déterminant;4;adj
tutelle;4;nom
générées;4;nr
banalisation;4;nom
atténuer;4;ver
évangélique;4;adj
hunter;4;nom
mannequin;4;nom
exceptionnellement;4;adv
sjslrybflzjevxneks;4;nr
pompeux;4;adj
armure;4;nom
glaçon;4;nom
nerf;4;nom
exonérés;4;nr
tessinois;4;nr
asphyxier;4;ver
pittet;4;nr
chipie;4;nom
salomon;4;nr
éclipse;4;nom
gucci;4;nr
money;4;nr
glander;4;ver
mondialisé;4;nr
antifas;4;nr
pig;4;nr
bex;4;nr
isra;4;nr
erdogan;4;nr
révisionniste;4;adj
libertarien;4;nr
paradigme;4;nom
mongol;4;adj
conjointement;4;adv
ko;4;nr
manège;4;nom
enchanté;4;adj
versoix;4;nr
vergogne;4;nom
bonder;4;ver
puant;4;adj
creer;4;nr
finalité;4;nom
rael;4;nr
spinoza;4;nr
vampire;4;nom
laïcité;4;nom
éboulement;4;nom
experience;4;nr
emji_poussin_de_face;4;nom
choupette;4;nom
littéraire;4;adj
move;4;nr
avalanche;4;nom
perf;4;nr
sous_vêtement;4;nom
cadrer;4;ver
new_yorkais;4;adj
machiavélique;4;adj
unifier;4;ver
emji_avion;4;nom
merciiii;4;nr
median;4;nr
ultrariches;4;nr
surtaxe;4;nom
msc;4;nr
impacter;4;nr
chiffrer;4;ver
actionnariat;4;nom
doublement;4;adv
dép;4;nr
reformuler;4;ver
prospère;4;adj
deep;4;nr
gogh;4;nr
myanmar;4;nr
siemens;4;nr
reduire;4;nr
8000;4;num
prothèse;4;nom
implantation;4;nom
promis;4;adj
mesurable;4;adj
systémiques;4;nr
juridiquement;4;adv
uri;4;nr
ali;4;nr
teinture;4;nom
merino;4;nr
avully;4;nr
stadler;4;nr
thonon;4;nr
audit;4;pre
souterrain;4;adj
lai;4;adj
expat;4;nr
toxicomanie;4;nom
impulsif;4;adj
médiation;4;nom
échappatoire;4;nom
retrancher;4;ver
emji_bout_des_doigts_joints_peau_moyennement_claire;4;nom
tôle;4;nom
emji_banque;4;nom
lésion;4;nom
efficience;4;nom
lobbyiste;4;nr
celleux;4;nr
surreprésentés;4;nr
tente;4;nom
coalition;4;nom
democratie;4;nr
présidence;4;nom
sig;4;nr
banquaire;4;nr
travails;4;nr
kermesse;4;nom
renouvelables;4;nr
géopolitiques;4;nr
delocaliser;4;nr
maximiser;4;ver
stagnation;4;nom
climatosceptique;4;nr
thermodynamique;4;nom
dunning;4;nr
kruger;4;nr
hivernal;4;adj
nigéria;4;nr
reconnecter;4;ver
gu;4;nr
palestinian;4;nr
impactent;4;nr
amasser;4;ver
mun;4;nr
facon;4;nr
bachelor;4;nr
encombrer;4;ver
sse;4;nr
usual;4;nr
stpl;4;nr
cyber;4;nr
déconseiller;4;ver
infantino;4;nr
rédactionnel;4;adj
solomon;4;nr
fertilité;4;nom
english;4;nr
présider;4;ver
instantané;4;adj
incontrôlé;4;adj
7k;4;nr
16000;4;num
times;4;nr
austerité;4;nr
pm;4;nr
aliexpress;4;nr
p0rno;4;nr
érotique;4;adj
slutshaming;4;nr
librairie;4;nom
confirmé;4;adj
asservir;4;ver
kaka;4;nr
triboélectricité;4;nr
fraction;4;nom
défini;4;adj
admin;4;nr
emji_chien;4;nom
ara;4;nom
rapace;4;adj
webcams;4;nr
diplomate;4;nom
emji_drapeau_portugal;4;nom
cecr;4;nr
stylistique;4;adj
répit;4;nom
pv;4;nr
middle;4;nr
influer;4;ver
natal;4;adj
zurichois;4;nom
irm;4;nr
definition;4;nr
moyen_âge;4;nom
apocalypse;4;nom
cambodge;4;nr
thaïlandais;4;adj
reconnait;4;nr
éthiopien;4;adj
kabylie;4;nr
hypothermie;4;nom
passivité;4;nom
caritatif;4;adj
gouvernance;4;nom
blablater;4;ver
ruser_utilisateurice;4;nr
pacotille;4;nom
acceuilli;4;nr
échéant;4;adj
taïwan;4;nr
crimée;4;nr
dépuis;4;nr
dénominateur;4;nom
economic;4;nr
gourion;4;nr
yitzhak;4;nr
militariser;4;ver
efficacement;4;adv
adorateur;4;nom
nasser;4;nr
serment;4;nom
cr;4;nr
ingénierie;4;nom
starbucks;4;nr
minerai;4;nom
déshumanisation;4;nom
justifies;4;nr
rapatrier;4;ver
garant;4;adj
ristes;4;nr
hms;4;nr
1937;4;num
saraya;4;nr
prisoniers;4;nr
nova;4;nom
occupant;4;nom
capitaliser;4;ver
reconversion;4;nom
enclave;4;nom
jazeera;4;nr
restitution;4;nom
pudding;4;nom
iptv;4;nr
vpn;4;nr
cryptomonnaie;4;nr
chavez;4;nr
maría;4;nr
tiers_monde;4;nom
riviera;4;nom
east;4;nr
biya;4;nr
nominer;4;ver
bebe;4;nr
détournement;4;nom
covoiturage;4;nom
promoteur;4;nom
honoraire;4;adj
emji_femme_paume_vers_le_haut_peau_moyennement_claire;4;nom
incivilités;4;nr
kks;4;nr
menaçant;4;adj
sphère;4;nom
tana;4;nr
repli;4;nom
déshumaniser;4;ver
snapchat;4;nr
macaron;4;nom
licite;4;adj
passe_droit;4;nom
végétaliens;4;nr
chiffon;4;nom
zizanie;4;nom
islamo;4;nr
vigne;4;nom
foundation;4;nr
ouïgours;4;nr
mouvance;4;nom
graffiti;4;nom
indéterminé;4;adj
indemniser;4;ver
gue;4;nr
bancomats;4;nr
pelice;4;nr
convenablement;4;adv
escalader;4;ver
anti_émeute;4;adj
oke;4;nr
canarder;4;ver
israëlien;4;nr
rest;4;nr
laa;4;nr
aos;4;nr
cassation;4;nom
emji_homme_qui_hausse_les_épaules_peau_foncée;4;nr
act;4;nr
mussolini;4;nr
parkinson;4;nom
taupe;4;nom
reggaeton;4;nr
contrebande;4;nom
réalisme;4;nom
emji_signe_de_la_main_peau_claire;4;nom
distorsion;4;nom
ronger;4;ver
impactant;4;nr
impérativement;4;adv
islamophobe;4;nr
déso;4;nr
trql;4;nr
répéte;4;nr
racisée;4;nr
intuition;4;nom
compromettre;4;ver
primer;4;ver
facher;4;nr
brider;4;ver
fmh;4;nr
tumeur;4;nom
palos;4;nr
nacelle;4;nom
iberia;4;nr
sst;4;nr
mutuellement;4;adv
cnn;4;nr
hammas;4;nr
bank;4;nr
mohammed;4;nr
helsana;4;nr
eldorado;4;nom
schwyz;4;nr
seco;4;nr
artificiellement;4;adv
héberger;4;ver
irréversible;4;adj
faramineux;4;adj
2300;4;num
153;4;num
déchiqueter;4;ver
uniens;4;nr
pendulaires;4;nr
affaiblissement;4;nom
htag_caisseunique;4;nom_sup
tp;4;nr
radicalisation;4;nom
dreyfus;4;nr
questionnement;4;nom
ciblent;4;nr
spirale;4;nom
t3rroristes;4;nr
avatar;4;nom
cétose;4;nr
amazonien;4;adj
moralisme;4;nom
casquer;4;ver
moraliser;4;ver
canadair;4;nom
camerounais;4;adj
grièvement;4;adv
égide;4;nom
lactose;4;nom
overton;4;nr
narco;4;nr
comando;4;nr
amériques;4;nr
ppsdm;4;nr
fidji;4;nr
tanzanie;4;nr
administrateur;4;nom
saoudien;4;adj
hong_kong;4;nom
épingle;4;nom
25ans;4;nr
emji_pouce_vers_le_bas_peau_légèrement_mate;4;nr
valve;4;nom
demi_tarif;4;nom
unireso;4;nr
émissaire;4;adj
demi_million;4;nom
donateur;4;nom
giuliani;4;nr
bloomberg;4;nr
703;4;num
establishment;4;nom
liberalisme;4;nr
moyennement;4;adv
roche;4;nom
ariel;4;nr
sharon;4;nr
242;4;num
ampli;4;nom
volontariat;4;nom
re33;4;nr
pedocriminels;4;nr
hunters;4;nr
astreinte;4;nom
uape;4;nr
dermatologue;4;nom
antibiotique;4;nom
13e;4;nr
shutdown;4;nr
thaï;4;adj
hostel;4;nr
linux;4;nr
equipes;4;nr
andorre;4;nr
oceanie;4;nr
moldavie;4;nr
paraguay;4;nr
footballistique;4;adj
jk;4;nr
scientologie;4;nom
broulis;4;nr
craquant;3;adj
joyau;3;nom
bh;3;nr
pétasse;3;nom
twerk;3;nr
bagarrer;3;ver
emji_pomme_rouge;3;nom
emji_doigts_croisés_peau_moyennement_claire;3;nr
hahahahahaha;3;nr
rite;3;nom
kid;3;nom
froideur;3;nom
réconforter;3;ver
solex;3;nom
sonnette;3;nom
droguerie;3;nom
suiveur;3;nom
epalinges;3;nr
budé;3;nr
panacée;3;nom
étalon;3;nom
ecrit;3;nr
haarp;3;nr
rappeller;3;nr
intrigue;3;nom
bravissimo;3;nom
orthographique;3;adj
suggestion;3;nom
aahhh;3;nr
emji_fourchette_et_couteau_avec_assiette;3;nom
santana;3;nr
emji_personne_nageant;3;nom
hahahahah;3;nr
pédagogue;3;nom
3m;3;nr
dalida;3;nr
attristant;3;adj
accoster;3;ver
allumeur;3;nom
existance;3;nr
irrésistible;3;adj
lumpi;3;nr
steck;3;nr
sabine;3;nr
menuisier;3;nom
surmonter;3;ver
vagabonder;3;ver
transphobe;3;nr
poesie;3;nr
réjouissant;3;adj
thérapeute;3;nom
léo;3;nr
limonade;3;nom
commercialiser;3;ver
tinguely;3;nr
edmond;3;nr
après_de;3;nr
moumoute;3;nom
smaky;3;nr
paquebot;3;nom
dépité;3;adj
4l;3;nr
provoc;3;nom
pap;3;nr
haller;3;nr
eclepens;3;nr
1312;3;num
hin;3;nr
maille;3;nom
tamago;3;nr
yoyo;3;nom
culer;3;ver
genius;3;nr
mécano;3;nom
récidiver;3;ver
ackermann;3;nr
poid;3;nr
feuilleton;3;nom
flashback;3;nr
bison;3;nom
emji_bébé;3;nr
étagère;3;nom
fevrier;3;nr
hypnotique;3;adj
birkin;3;nr
discorde;3;nom
sadisme;3;nom
toxicité;3;nom
réticence;3;nom
ab;3;nr
précédemment;3;adv
inhumation;3;nom
emji_signe_appel_téléphonique_avec_les_doigts_peau_légèrement_mate;3;nr
heriter;3;nr
ture;3;nr
exterieur;3;nr
maxime;3;nom
carafe;3;nom
sante;3;nr
impraticable;3;adj
domino;3;nom
drop;3;nom
signalisation;3;nom
repassage;3;nom
1942;3;num
réveillon;3;nom
fantasque;3;adj
élasticité;3;nom
venoge;3;nr
23h;3;nr
indémodable;3;adj
poireau;3;nom
hummm;3;nr
osseux;3;adj
orchestre;3;nom
mythologie;3;nom
jaguar;3;nom
brenets;3;nr
carabine;3;nom
evelyne;3;nr
speaker;3;nom
pratiquant;3;adj
rocky;3;nr
jimagine;3;nr
carnaval;3;nom
pépère;3;adj
entrainement;3;nr
sophistiqué;3;adj
souchette;3;nom
exemption;3;nom
emji_sablier;3;nom
bribe;3;nom
xxe;3;nr
suffisance;3;nom
borné;3;adj
latte;3;nom
alice;3;nr
rené;3;adj
fraternité;3;nom
agile;3;adj
acrobatique;3;adj
inculquer;3;ver
rayonnant;3;adj
ric;3;nr
véreux;3;adj
lepen;3;nr
méhari;3;nom
quesque;3;nr
emji_tête_de_vache;3;nr
emji_cloche;3;nom
refrain;3;nom
clochette;3;nom
emji_tête_de_lapin;3;nr
proust;3;nr
visualiser;3;ver
virage;3;nom
jaser;3;ver
20ème;3;nr
butterfly;3;nr
marchandisation;3;nr
progressisme;3;nom
wahou;3;nr
turfu;3;nr
distingué;3;adj
abonder;3;ver
gratin;3;nom
vanille;3;nom
tondeur;3;nom
emji_hamburger;3;nom
emji_frites;3;nom
emji_oiseau;3;nom
notres;3;nr
épater;3;ver
58;3;num
filon;3;nom
zim;3;nr
perfectionner;3;ver
atterrissage;3;nom
mathieu;3;nr
airpods;3;nr
damner;3;ver
appétissant;3;adj
play_boy;3;nom
réécouter;3;ver
emji_18_ans_et_plus;3;nom
doublage;3;nom
ein;3;nr
scoutisme;3;nom
1952;3;num
bouquet;3;nom
samy;3;nr
martina;3;nr
curieusement;3;adv
leste;3;adj
monthey;3;nr
jdis;3;nr
importuner;3;ver
astronaute;3;nom
évanouir;3;ver
concilier;3;ver
carbu;3;nr
porque;3;nom
bénin;3;adj
sémite;3;nom
porcherie;3;nom
ooooh;3;nr
arc_en_ciel;3;nom
spice;3;nr
museau;3;nom
aviolat;3;nr
à_l_instar;3;pre
édifice;3;nom
oulah;3;nr
morgue;3;nom
folklorique;3;adj
hypothèque;3;nom
limpide;3;adj
alignement;3;nom
impardonnable;3;adj
brasserie;3;nom
fo;3;nr
hyacinthe;3;nom
figuré;3;adj
indiscret;3;adj
imaginable;3;adj
télévisé;3;adj
emji_visage_faisant_un_bisou;3;nom
catastrophistes;3;nr
wef;3;nr
macgyver;3;nr
renault;3;nr
titulaire;3;nom
compositeur;3;nom
affilé;3;adj
aérobic;3;nom
fitness;3;nom
messi;3;nr
émojis;3;nr
inclus;3;adj
recherché;3;adj
dégénérescence;3;nom
josiane;3;nr
inéluctable;3;adj
remerciement;3;nom
woaaaaaw;3;nr
merciiiii;3;nr
heheh;3;nr
trice;3;nr
givré;3;adj
taxations;3;nr
arroser;3;ver
après_deux;3;nr
massy;3;nr
abstention;3;nom
roooo;3;nr
sir;3;nom
haleine;3;nom
méfiant;3;adj
hybride;3;nom
ping;3;nr
indicatif;3;nom
emji_téléviseur;3;nr
emji_radio;3;nom
respectivement;3;adv
capsule;3;nom
andropause;3;nom
cerise;3;nom
emji_cerises;3;nom
rhumatisme;3;nom
joncher;3;ver
cadrage;3;nom
relaxer;3;ver
zermatt;3;nr
emji_poing_levé_peau_mate;3;nr
audi;3;nr
pendulaire;3;adj
enquiquiner;3;ver
probablemente;3;nr
tertiaire;3;adj
velours;3;nom
brutalement;3;adv
incivilité;3;nr
tieu;3;nr
htag_humour;3;nom_sup
fouetter;3;ver
ivoirienne;3;nom
arête;3;nom
prussien;3;adj
cataloguer;3;ver
gre;3;nr
technicien;3;nom
louise;3;nr
délice;3;nom
etouffe;3;nr
qualificatif;3;nom
encrer;3;ver
pleureur;3;adj
verité;3;nr
emji_homme_âgé_peau_claire;3;nr
cherie;3;nr
lord;3;nom
siecle;3;nr
immuable;3;adj
doctorat;3;nom
enmerder;3;nr
dispenser;3;ver
unesco;3;nr
esclavagiste;3;nom
then;3;nr
they;3;nr
officialiser;3;ver
traitre;3;nr
inspi;3;nr
alternance;3;nom
palmier;3;nom
latino;3;nom
captes;3;nr
baptiser;3;ver
colibri;3;nom
antiraciste;3;adj
scruter;3;ver
imbecile;3;nr
apeller;3;nr
emji_personne_avec_la_paume_sur_le_visage_peau_moyennement_claire;3;nom
verlan;3;nom
classifier;3;ver
social_démocrate;3;adj
nsdap;3;nr
gateau;3;nr
normalisé;3;nr
senior;3;adj
emji_pierre_tombale;3;nom
emji_barre_chocolatée;3;nr
craie;3;nom
déroger;3;ver
pédal;3;nom
gonflé;3;adj
philo;3;nom
globalité;3;nom
vendôme;3;nr
pichon;3;nr
dépressif;3;adj
doper;3;ver
avachi;3;adj
salève;3;nr
bagdad;3;nr
dou;3;nr
saoul;3;adj
level;3;nr
emji_oreille;3;nom
volt;3;nom
scier;3;ver
soft;3;adj
gti;3;nr
surgir;3;ver
uc;3;nr
vespa;3;nom
oleur;3;nr
réceptif;3;adj
grey;3;nr
clémence;3;nom
craignos;3;adj
extraordinairement;3;adv
prédilection;3;nom
erratum;3;nom
lacher;3;nr
everything;3;nr
rédacteur;3;nom
tranquillou;3;nr
perspicacité;3;nom
mullet;3;nr
eté;3;nr
poelvoorde;3;nr
charcutier;3;nom
miraculeux;3;adj
rabacher;3;nr
coquette;3;nom
discriminent;3;nr
sugus;3;nr
111;3;num
téléphonique;3;adj
votres;3;nr
tecnologia;3;nr
réorganisation;3;nom
degueulasse;3;nr
socio;3;adv
éboueur;3;nom
emji_téléphone;3;nr
bastion;3;nom
devancer;3;ver
recadrage;3;nr
thermomètre;3;nom
dutronc;3;nr
emji_vent_avec_visage;3;nom
9e;3;nr
chronométrer;3;ver
monétiser;3;nr
crapule;3;nom
penseur;3;nom
journalier;3;adj
mst;3;nr
débandade;3;nom
bouveret;3;nr
over;3;nr
lyan;3;nr
emji_drapeau_albanie;3;nom
obscène;3;adj
vídeo;3;nr
plongée;3;nom
genrées;3;nr
trimestre;3;nom
mixité;3;nom
insatisfait;3;adj
ladite;3;adj
gran;3;nr
merd;3;nr
réfractaire;3;adj
renouvelable;3;adj
mazda;3;nr
sophrologie;3;nr
das;3;nr
opulence;3;nom
oufff;3;nr
playmobil;3;nr
m3;3;nr
crépu;3;adj
blm;3;nr
duc;3;nom
texture;3;nom
boucherie;3;nom
visé;3;adj
viscéral;3;adj
aplomb;3;nom
fouteur;3;nom
ecologique;3;nr
mouai;3;nr
tin;3;nom
inauguration;3;nom
basilique;3;nom
cholestérol;3;nom
limousin;3;nom
neuro;3;nr
frouz;3;nr
ridiculement;3;adv
sus;3;adv_sup
libéralisation;3;nom
pret;3;nr
caise;3;nr
viel;3;nr
bandeau;3;nom
uranus;3;nr
marteau;3;nom
favre;3;nr
urine;3;nom
deuxieme;3;nr
mendiant;3;nom
flâner;3;ver
dégaine;3;nom
bahahaha;3;nr
valse;3;nom
fossoyeur;3;nom
démerder;3;ver
grv;3;nr
couté;3;nr
indemnisation;3;nom
dédommager;3;ver
séisme;3;nom
raoul;3;nr
insolite;3;adj
incognito;3;adv
dénicher;3;ver
grimentz;3;nr
grillade;3;nom
colombier;3;nom
lancy;3;nr
contractuel;3;nom
chi;3;nom
etcc;3;nr
10ème;3;nr
décalé;3;adj
emji_drapeau_canada;3;nom
android;3;nr
voyant;3;nom
pérenniser;3;nr
oubliette;3;nom
magnétique;3;adj
débarras;3;nom
psychose;3;nom
deepfake;3;nr
râteau;3;nom
sabre;3;nom
coquet;3;adj
goulag;3;nom
coquetterie;3;nom
ananas;3;nom
verdure;3;nom
occasionnellement;3;adv
réprimande;3;nom
tropez;3;nr
torse;3;nom
emji_cercueil;3;nom
péage;3;nom
bienheureux;3;adj
plaignant;3;nom
teubé;3;nr
pleindre;3;nr
emji_plume;3;nom
htag_sarcasme;3;nom_sup
supplice;3;nom
accompli;3;adj
interrogation;3;nom
emji_tournesol;3;nom
pû;3;nr
inversion;3;nom
exhorter;3;ver
temoignage;3;nr
dressing;3;nom
tchaux;3;nr
emji_cacahuètes;3;nr
requérant;3;nom
expérimenté;3;adj
batte;3;nom
indéfiniment;3;adv
blancheur;3;nom
montbenon;3;nr
feutré;3;adj
parage;3;nom
geniale;3;nr
barquette;3;nom
emji_personne_qui_hausse_les_épaules_peau_moyennement_claire;3;nr
non_sens;3;nom
jodie;3;nr
hâtif;3;adj
excrément;3;nom
monique;3;nr
pernoud;3;nr
park;3;nr
improbable;3;adj
left;3;nr
bjr;3;nr
étai;3;nom
prefer;3;nr
emji_coeur_et_flèche;3;nr
pcque;3;nr
uv;3;nr
hiberner;3;ver
congeler;3;ver
hh;3;nr
clim;3;nr
laponie;3;nr
supportable;3;adj
person;3;nr
her;3;nr
ventilateur;3;nom
emji_fraise;3;nom
denver;3;nr
outfit;3;nr
intenable;3;adj
nuageux;3;adj
halle;3;nom
chevelu;3;adj
tell;3;nom
beaulieu;3;nr
collecter;3;ver
étriqué;3;adj
cogner;3;ver
retrousser;3;ver
mémo;3;nom
contresens;3;nom
collage;3;nom
tisser;3;ver
fabrice;3;nr
emji_bouton_sos;3;nom
sérac;3;nom
90ans;3;nr
polenta;3;nom
polente;3;nr
têtu;3;adj
bouille;3;nom
frayeur;3;nom
timidité;3;nom
crapaud;3;nom
scrupuleux;3;adj
model;3;nom
italian;3;nr
thon;3;nom
cinglé;3;nom
harisson;3;nr
cinema;3;nr
fischer;3;nr
crush;3;nr
sweet;3;nr
inconsciemment;3;adv
inexplicable;3;adj
féroce;3;adj
pommade;3;nom
ouuu;3;nr
glaude;3;nr
kwh;3;nr
devis;3;nom
précieusement;3;adv
pete;3;nr
panache;3;nom
carburer;3;ver
rhabiller;3;ver
rhumatisses;3;nr
perclus;3;adj
articulaire;3;adj
deconner;3;nr
sicile;3;nr
aride;3;adj
eveiller;3;nr
rumatisses;3;nr
18h;3;nr
boh;3;nr
industrialisation;3;nom
tamponner;3;ver
travaillé;3;adj
simplette;3;nom
chauderon;3;nr
mass;3;nr
f18;3;nr
ooo;3;nr
lieutenant;3;nom
dissuasif;3;adj
pmu;3;nr
versailles;3;nr
confectionner;3;ver
insane;3;adj
hypersensible;3;adj
moa;3;nr
tutoiement;3;nom
croivent;3;nr
naviguer;3;ver
karting;3;nom
basque;3;adj
déroulement;3;nom
bonvillars;3;nr
trend;3;nr
healthy;3;nr
saler;3;ver
mézières;3;nr
gueuleton;3;nom
assimilation;3;nom
maitresse;3;nr
farceur;3;nom
jones;3;nr
deschiens;3;nr
coulisse;3;nom
science_fiction;3;nom
fermier;3;nom
creme;3;nr
apaisement;3;nom
édifiant;3;adj
777;3;num
répugnant;3;adj
encre;3;nom
degueu;3;nr
rinçage;3;nom
décénies;3;nr
represente;3;nr
tan;3;nom
frire;3;ver
nobels;3;nr
parasol;3;nom
fréquemment;3;adv
consigné;3;adj
jeanne;3;nr
villeneuve;3;nr
emji_snowboardeur;3;nom
tox;3;nr
katz;3;nr
gstaad;3;nr
parade;3;nom
marrakech;3;nr
biganon;3;nr
pps;3;nr
yohan;3;nr
fessée;3;nom
prolongé;3;adj
retravailler;3;ver
brigade;3;nom
10km;3;nr
cylindre;3;nom
escrologistes;3;nr
admission;3;nom
permissif;3;adj
mouillé;3;adj
rasoir;3;nom
poutre;3;nom
gp;3;nr
enerve;3;nr
agréer;3;ver
auser_utilisateurice;3;nr
nutritif;3;adj
recueillement;3;nom
implorer;3;ver
emji_coq;3;nom
bouleversement;3;nom
royce;3;nr
tofu;3;nom
dilemme;3;nom
mod;3;nom
nasa;3;nr
beautiful;3;nr
ol;3;nr
tranquil;3;nr
tot;3;nr
map;3;nr
rts1;3;nr
ingestion;3;nom
bémol;3;nom
rappaz;3;nr
weed;3;nr
lasser;3;ver
looser;3;nom
musculation;3;nom
emji_flèche_haut;3;nr
inaudible;3;adj
miteux;3;adj
glissant;3;adj
criard;3;adj
pzs;3;nr
reacs;3;nr
collectionneur;3;nom
tonneau;3;nom
cantonner;3;ver
exécrable;3;adj
partner;3;nom
thatcher;3;nr
niais;3;adj
btw;3;nr
créneau;3;nom
fiancé;3;nom
emji_graphique_en_hausse;3;nom
eduquer;3;nr
woah;3;nr
repoussant;3;adj
cuck;3;nr
premium;3;nom
crées;3;nr
pep;3;nom
reveille;3;nr
tktp;3;nr
déesse;3;nom
divinité;3;nom
irréparable;3;adj
enfaîte;3;nr
effigie;3;nom
tfacon;3;nr
écoeurer;3;ver
attentionné;3;adj
emji_monstre_japonais;3;nom
morphologie;3;nom
bodycount;3;nr
ul;3;nr
sénile;3;adj
21e;3;nr
tromperie;3;nom
attirance;3;nom
svppp;3;nr
rebondissement;3;nom
booster;3;nom
garagiste;3;nom
déchiré;3;adj
100ans;3;nr
poterie;3;nom
réciprocité;3;nom
commencement;3;nom
bienfaisance;3;nom
messieur;3;nr
ivre;3;adj
restructuration;3;nom
bim;3;ono
biensure;3;nr
emji_paume_contre_paume_doigts_vers_le_haut_peau_moyennement_claire;3;nom
archaïque;3;adj
yt;3;nr
derangent;3;nr
coming;3;nr
capricieux;3;adj
analogie;3;nom
emji_main_avec_index_et_pouce_croisés_peau_claire;3;nr
paulette;3;nr
primo;3;adv_sup
peuchère;3;ono
ptetre;3;nr
incompris;3;adj
novateur;3;adj
gastronomique;3;adj
dextérité;3;nom
couter;3;nr
pif;3;nom
magicien;3;nom
démoniaque;3;adj
exorciste;3;nom
inquisition;3;nom
prosélytisme;3;nom
décérébrer;3;ver
emji_homme_paume_vers_le_haut_peau_claire;3;nom
amant;3;nom
monologue;3;nom
baratin;3;nom
galette;3;nom
cuissage;3;nom
james;3;nr
planning;3;nom
réapproprier;3;nr
ciste;3;nom
emji_chaise;3;nom
enrouler;3;ver
extravagance;3;nom
trap;3;nr
emji_femme_avec_la_paume_sur_le_visage_peau_mate;3;nom
moscou;3;nr
dévaliser;3;ver
mollet;3;nom
beacoup;3;nr
recréation;3;nom
anneau;3;nom
paume;3;nom
emji_drapeau_liban;3;nom
récréer;3;ver
nou;3;nr
recrés;3;nr
vénérer;3;ver
rappele;3;nr
sandal;3;nom
70s;3;nr
silhouette;3;nom
etienne;3;nr
et_cetera;3;adv
osselet;3;nom
10mn;3;nr
enchaînement;3;nom
emji_femmes_avec_des_oreilles_de_lapin;3;nom
ann;3;nr
quelq;3;nr
imbattable;3;adj
ahhhhhh;3;nr
line;3;nom
rave;3;nom
socialiser;3;ver
was;3;nr
ale;3;nom
recreation;3;nr
iphones;3;nr
toupie;3;nom
rejouer;3;ver
ferveur;3;nom
booba;3;nr
giratoire;3;adj
ra;3;nom
emji_raisin;3;nom
syndic;3;nom
enter;3;ver
variabilité;3;nom
emji_concombre;3;nom
emji_applaudissements_peau_foncée;3;nr
râper;3;ver
rapé;3;nr
schtroumpf;3;nom
expérimental;3;adj
fureur;3;nom
ella;3;nr
fermentation;3;nom
young;3;nr
cheptel;3;nom
vadrouille;3;nom
tat;3;nr
quatre_vingts;3;adj_num
morel;3;nr
eden;3;nr
ginette;3;nr
grappe;3;nom
ebay;3;nr
quidam;3;nom
track;3;nr
débit;3;nom
fernandel;3;nr
quebecois;3;nr
carpe;3;nom
mene;3;nr
torrent;3;nom
phoenix;3;nom
7ans;3;nr
h0h;3;nr
0h0;3;nr
avenue;3;nom
emji_père_noël_peau_moyennement_claire;3;nr
aah;3;nr
anglo_saxon;3;adj
dédain;3;nom
nimp;3;nr
feministes;3;nr
gallo;3;adj
saumure;3;nom
serrure;3;nom
fondant;3;nom
1600;3;num
vuitton;3;nr
retaper;3;ver
résignation;3;nom
craintif;3;adj
déposséder;3;ver
humblement;3;adv
vestige;3;nom
déchèterie;3;nr
pixel;3;nom
après_guerre;3;nom
néolibéralisme;3;nom
rothschild;3;nr
déroutant;3;adj
alger;3;nr
mélancolie;3;nom
méconnaissable;3;adj
venger;3;ver
gna;3;nr
valorisation;3;nom
déprimé;3;adj
insatisfaction;3;nom
greffe;3;nom
isl;3;nr
cerner;3;ver
primark;3;nr
emji_étoile_filante;3;nr
futilité;3;nom
consomation;3;nr
hypnotiser;3;ver
plomber;3;ver
auditeur;3;nom
1958;3;num
desir;3;nr
ovomaltine;3;nr
chansonnette;3;nom
tiennes;3;pro_pos
désolation;3;nom
grenat;3;adj
clest;3;nr
bousiller;3;ver
diversifier;3;ver
emji_drapeau_de_golf;3;nom
pika;3;nr
kame;3;nr
controller;3;nr
texas;3;nr
puits;3;nom
fusillade;3;nom
déshérences;3;nr
bergier;3;nr
bernier;3;nr
dépouiller;3;ver
acclamer;3;ver
enculerie;3;nom
discrètement;3;adv
épais;3;adj
major;3;nom
refourguer;3;ver
carel;3;nr
poirot;3;nr
soucoupe;3;nom
ancienneté;3;nom
script;3;nom
board;3;nr
chris;3;nr
renne;3;nom
denouveau;3;nr
bridechon;3;nr
sacrilège;3;nom
pinot;3;nom
bourgogne;3;nom
grison;3;nom
ere;3;nr
barbapapa;3;nr
bourrage;3;nom
malheuresement;3;nr
valeureux;3;adj
flegme;3;nom
emji_aigle;3;nom
evian;3;nr
pharmacien;3;nom
cern;3;nr
volontier;3;nr
voltaire;3;nom
hiérarchique;3;adj
instrumentalisation;3;nr
toilettage;3;nom
emji_micro;3;nom
emji_drapeau_espagne;3;nom
music;3;nr
matrix;3;nr
snake;3;nr
graphique;3;nom
implant;3;nom
wiesel;3;nr
audrey;3;nr
julie;3;nr
biel;3;nr
flamber;3;ver
coogros;3;nr
discounter;3;nr
xxl;3;nr
watson;3;nr
géographiquement;3;adv
factoriel;3;nom
cumulée;3;nr
rediscute;3;nr
deschamps;3;nr
gaieté;3;nom
méditation;3;nom
vacuité;3;nom
emji_pleine_lune_avec_visage;3;nom
murmurer;3;ver
triomphe;3;nom
sieur;3;nom
conteur;3;nom
perforer;3;ver
emji_croix_orthodoxe;3;nom
urbanisation;3;nom
emji_bois;3;nom
vraiement;3;nr
liberte;3;nr
shuffle;3;nr
depression;3;nr
crête;3;nom
jul;3;nr
iech;3;nr
american;3;nr
libido;3;nom
tecktonick;3;nr
dentition;3;nom
lead;3;nr
retournement;3;nom
nathan;3;nr
racketter;3;ver
doliprane;3;nr
bam;3;nr
forum;3;nom
house;3;nom
yavais;3;nr
emmêler;3;ver
mixer;3;ver
déterrer;3;ver
pitie;3;nr
discothèque;3;nom
néologisme;3;nom
académie;3;nom
vé;3;nr
respectueusement;3;adv
brand;3;nom
tf1;3;nr
épanouissement;3;nom
15k;3;nr
suspens;3;nom
kim;3;nr
amnésique;3;adj
yep;3;nr
hermétique;3;adj
pipette;3;nom
cracra;3;adj
lady;3;nom
plastic;3;nom
flambée;3;nom
analogique;3;adj
horriblement;3;adv
refiler;3;ver
lave_linge;3;nom
malthusianisme;3;nr
3ans;3;nr
schizophrène;3;adj
trops;3;nr
pakistanais;3;nom
irma;3;nr
2080;3;num
ordis;3;nr
lama;3;nom
florissant;3;adj
sataniste;3;adj
remords;3;nom
irriter;3;ver
group;3;nom
mortifère;3;adj
emji_serpent;3;nom
anthropocène;3;nr
abattage;3;nom
agro;3;nom
rotschild;3;nr
consensuel;3;adj
péremptoire;3;adj
resources;3;nr
cdlt;3;nr
grosso_modo;3;adv
crash;3;nom
maintes;3;adj_ind
neanderthalensis;3;nr
extorsion;3;nom
messianique;3;adj
charrette;3;nom
repu;3;adj
admirateur;3;nom
zélé;3;adj
canette;3;nom
étoilé;3;adj
entuber;3;ver
stockage;3;nom
container;3;nom
soda;3;nom
pomper;3;ver
conteneur;3;nom
ledit;3;adj
emji_globe_tourné_sur_l_asie_et_l_australie;3;nr
emji_femme_qui_hausse_les_épaules_peau_foncée;3;nr
emji_danseuse;3;nom
décupler;3;ver
onlyfan;3;nr
dénudé;3;adj
nicoud;3;nr
lycéen;3;nom
sixième;3;adj
recaler;3;ver
hétérogène;3;adj
dys;3;nr
emji_mémo;3;nr
éblouir;3;ver
svt;3;nr
bla_bla_bla_bla;3;nr
scolarisés;3;nr
buggé;3;nr
réactivité;3;nom
obéissance;3;nom
gnagnagna;3;ono
débordant;3;adj
récitation;3;nom
fiston;3;nom
hpe;3;nr
dangerosité;3;nom
rhum;3;nom
plate_forme;3;nom
quatrième;3;adj
automatisation;3;nom
vulgarisation;3;nom
ée;3;nr
fourniture;3;nom
grammatical;3;adj
dejas;3;nr
agresses;3;nr
reflex;3;nom
pavlovien;3;adj
irremplaçable;3;adj
probant;3;adj
flot;3;nom
depp;3;nr
brouiller;3;ver
fructueux;3;adj
soustraction;3;nom
révision;3;nom
scotch;3;nom
exigeance;3;nr
satisfaisant;3;adj
console;3;nom
expédier;3;ver
ambigu;3;adj
masturber;3;ver
méninge;3;nom
euhh;3;nr
méprendre;3;ver
côtoyez;3;nr
conciliation;3;nom
inconfort;3;nom
bernie;3;nr
schleck;3;nr
aubergine;3;nom
accointance;3;nom
argotique;3;adj
linguiste;3;nom
coussin;3;nom
sopalin;3;nr
roille;3;nr
septente;3;nr
anciennement;3;adv
din;3;nr
schnaps;3;nom
flaque;3;nom
pinceau;3;nom
complaisant;3;adj
stempel;3;nr
menage;3;nr
mechant;3;nr
confection;3;nom
mutter;3;nr
emji_nez;3;nom
loire;3;nr
comtois;3;adj
jaquette;3;nom
1re;3;nr
celte;3;adj
duquel;3;pro_rel
schneider;3;nr
bourbines;3;nr
charabia;3;nom
prioriser;3;nr
réprimander;3;ver
canne;3;nom
clouté;3;adj
saugrenu;3;adj
bassine;3;nom
griselidis;3;nr
sociologie;3;nom
fusion;3;nom
zapper;3;ver
montpellier;3;nr
autrice;3;nr
euse;3;nr
chacunes;3;nr
deçà;3;adv
emji_radioactif;3;nom
emji_danger_biologique;3;nom
colocataire;3;nom
emji_visage_avec_bandage_autour_de_la_tête;3;nr
venin;3;nom
interessante;3;nr
normalisation;3;nom
amendés;3;nr
ferraille;3;nom
pratt;3;nr
kfir;3;nr
compatibilité;3;nom
ataf;3;nr
cy;3;nr
tatie;3;nr
frauder;3;ver
emji_orang_outan;3;nom
tricheur;3;nom
acabit;3;nom
hero;3;nr
loupe;3;nom
cam;3;nr
démasquer;3;ver
sournois;3;adj
caissiere;3;nr
drive;3;nom
metier;3;nr
infaisable;3;adj
cadis;3;nr
réceptionniste;3;nom
typer;3;ver
chipoter;3;ver
whaouu;3;nr
emji_billet_en_euros;3;nom
emji_hérisson;3;nr
déceler;3;ver
douille;3;nom
hameau;3;nom
seize;3;adj_num
capitaine;3;nom
pouffer;3;ver
soutif;3;nom
trotter;3;ver
haïtien;3;adj
ratté;3;nr
lanusse;3;nr
labite;3;nr
morfler;3;ver
chevaucher;3;ver
verge;3;nom
pe;3;nr
ju;3;nr
substitution;3;nom
félicité;3;nom
2min;3;nr
fleurier;3;nr
ablation;3;nom
magner;3;ver
ki;3;nr
infériorité;3;nom
splendide;3;adj
apprivoiser;3;ver
a_fortiori;3;adv
empiéter;3;ver
foncièrement;3;adv
décèdera;3;nr
pie;3;nom
bravooooo;3;nr
fiel;3;nom
tentant;3;adj
xxx;3;nr
charognard;3;nom
resserrer;3;ver
terrier;3;nom
nourrissage;3;nom
précipiter;3;ver
trahison;3;nom
diabète;3;nom
déj;3;nr
reaction;3;nr
envahissant;3;adj
accomplissement;3;nom
pretexte;3;nr
camembert;3;nom
pathogènes;3;nr
piroplasmose;3;nr
périphérie;3;nom
reels;3;nr
gale;3;nom
limace;3;nom
resultat;3;nr
locatif;3;adj
habité;3;adj
pollinisateurs;3;nr
differentes;3;nr
19h30;3;nr
bénédiction;3;nom
cornu;3;adj
praticien;3;nom
johnny;3;nr
youhouhou;3;nr
mascotte;3;nom
asperge;3;nom
necessaire;3;nr
syncope;3;nom
électorat;3;nom
raccord;3;nom
ricain;3;nom
initié;3;nom
bougre;3;ono
sylviculture;3;nom
poupe;3;nom
fardeau;3;nom
moui;3;nr
missionnaire;3;nom
enlèvement;3;nom
fouler;3;ver
metal;3;nr
incarnation;3;nom
betharam;3;nr
démocratiser;3;ver
betharram;3;nr
vaguement;3;adv
kurt;3;nr
botter;3;ver
retailleau;3;nr
synthèse;3;nom
puceau;3;adj
dupont;3;nr
ets;3;nr
caniculaire;3;adj
messager;3;nom
lla;3;nr
ellu;3;nr
armeniens;3;nr
impatient;3;adj
apôtre;3;nom
tbnk;3;nr
hébreu;3;nom
bang;3;ono
pichet;3;nom
herboriste;3;nom
herboristerie;3;nom
santissa;3;nr
prcq;3;nr
moyennant;3;pre
frelon;3;nom
malformations;3;nr
maitrise;3;nr
algo;3;nr
casual;3;nr
appréhension;3;nom
chaqu;3;nr
taxidermiste;3;nom
incinérer;3;ver
irrationnel;3;adj
berceau;3;nom
gentrification;3;nr
peuve;3;nr
flon;3;nr
ruag;3;nr
attribut;3;nom
there;3;nr
déserter;3;ver
inconcevable;3;adj
pénis;3;nom
nada;3;adv
sexualisent;3;nr
impressionant;3;nr
communément;3;adv
délégué;3;nom
haroun;3;nr
ingénieux;3;adj
épice;3;nom
lexique;3;nom
sainement;3;adv
myope;3;adj
gislaine;3;nr
holcim;3;nr
jargon;3;nom
boulette;3;nom
murat;3;nr
fu;3;nr
mangeur;3;nom
truie;3;nom
zi;3;nr
collab;3;nr
ramassage;3;nom
16ans;3;nr
wokiste;3;nr
gameboy;3;nr
pokemon;3;nr
kart;3;nom
set;3;nom
paradise;3;nr
sebastien;3;nr
bg;3;nr
frank;3;nr
laba;3;nr
scrolling;3;nr
greffer;3;ver
influenceuse;3;nr
horde;3;nom
hambourg;3;nr
grille;3;nom
hooligan;3;nom
juventus;3;nr
platini;3;nr
altercation;3;nom
ldc;3;nr
clôture;3;nom
supporteur;3;nom
fracturer;3;ver
mourant;3;adj
sereinement;3;adv
kamikaze;3;nom
hydraulique;3;adj
séparé;3;adj
muraille;3;nom
14ans;3;nr
scénariste;3;nom
potager;3;nom
décrédibilise;3;nr
beau_père;3;nom
pointu;3;adj
jardinage;3;nom
plomberie;3;nom
porcelaine;3;nom
intérioriser;3;ver
gymnastique;3;nom
4e;3;nr
nutrition;3;nom
paperasse;3;nom
redford;3;nr
grincer;3;ver
procuration;3;nom
crocodile;3;nom
artillerie;3;nom
pasque;3;con
carrousel;3;nom
trucage;3;nom
cinéaste;3;nom
simulateur;3;nom
détestation;3;nom
mmh;3;nr
tocard;3;nom
croatie;3;nr
appenzell;3;nr
transphobes;3;nr
index;3;nom
extraterrestre;3;adj
manga;3;nom
redoubler;3;ver
cac;3;nr
individualisme;3;nom
sarah;3;nr
high_tech;3;adj
commode;3;adj
argentina;3;nr
pommeau;3;nom
etonnant;3;nr
emji_main_avec_index_pointant_vers_le_bas;3;nom
emji_douche;3;nom
italia;3;nr
foufoune;3;nom
vaginal;3;adj
détendu;3;adj
andalousie;3;nr
peste;3;ono
biographie;3;nom
torche;3;nom
xvii;3;nr
céleste;3;adj
architectural;3;adj
expérimentation;3;nom
freinage;3;nom
hollandais;3;nom
emji_microbe;3;nom
polluantes;3;nr
incorporer;3;ver
zizou;3;nr
enchère;3;nom
chauvin;3;adj
coquillage;3;nom
senteur;3;nom
philippin;3;nom
module;3;nom
jeunette;3;nom
dispute;3;nom
xuelle;3;nr
hypnose;3;nom
écocides;3;nr
mma;3;nr
bellerive;3;nr
pédalo;3;nom
elysée;3;nr
emmerdeur;3;nom
skateurs;3;nr
traînée;3;nom
rte;3;nr
topissime;3;nr
bamboulé;3;nr
bambouler;3;nr
étayer;3;ver
altruiste;3;adj
socialo;3;nom
von;3;nr
vré;3;nr
colombien;3;adj
écervelé;3;adj
désamorcer;3;ver
damn;3;nr
y2k;3;nr
scooby;3;nr
nutritionnistes;3;nr
réactif;3;nom
évent;3;nom
25mio;3;nr
fete;3;nr
got;3;nr
bâcler;3;ver
haché;3;adj
hiérarchisé;3;adj
mini_jupe;3;nom
avai;3;nr
chantal;3;nr
amazone;3;nom
aled;3;nr
genz;3;nr
rhino;3;nom
désagrément;3;nom
comptable;3;nom
trade;3;nr
désaffecté;3;adj
imprévu;3;nom
manivelle;3;nom
frémir;3;ver
angélisme;3;nom
tyrannique;3;adj
humiliant;3;adj
sous_entendu;3;adj
recrudescence;3;nom
mécréant;3;nom
etrangers;3;nr
realité;3;nr
raffoler;3;ver
éternellement;3;adv
recommencement;3;nom
julot;3;nom
obstacle;3;nom
trotinettes;3;nr
carrer;3;ver
ghetto;3;nom
telegram;3;nr
sursaut;3;nom
garnier;3;nr
baladeur;3;nom
dolby;3;nom
equalizer;3;nr
archéologique;3;adj
mono;3;nom
asperger;3;ver
adoptant;3;adj
preferent;3;nr
isis;3;nr
législations;3;nr
castration;3;nom
raphaël;3;nr
régule;3;nom
prolifération;3;nom
clivante;3;nr
écurie;3;nom
michelle;3;nr
superieur;3;nr
aujd;3;nr
avisé;3;adj
inutilité;3;nom
allonger;3;ver
107;3;num
rééducation;3;nom
eugénie;3;nr
get;3;nr
106;3;num
toxic;3;nr
alu;3;nom
xvi;3;nr
161;3;num
exaspérer;3;ver
sest;3;nr
pincer;3;ver
caissette;3;nom
bégayer;3;ver
civilité;3;nom
aussitôt;3;adv
laser;3;nom
néophyte;3;nom
___;3;nr
__;3;nr
ooooooh;3;nr
melange;3;nr
deuch;3;nr
pim;3;nr
pédale;3;nom
chauvinisme;3;nom
400k;3;nr
lpp;3;nr
working;3;nr
50chf;3;nr
mangeable;3;adj
gabet;3;nr
kills;3;nr
éventrer;3;ver
recentrer;3;ver
macho;3;nom
emji_drapeau_union_européenne;3;nr
nee;3;nr
futé;3;adj
fred;3;nr
ingéniosité;3;nom
doublon;3;nom
animaleries;3;nr
acheminer;3;ver
cauchemardesque;3;adj
5m;3;nr
rallumer;3;ver
surdimensionné;3;adj
rebeller;3;ver
baston;3;nom
emji_silhouette_de_buste;3;nom
sévérité;3;nom
ku;3;nr
griffe;3;nom
paralysie;3;nom
réitérer;3;ver
dela;3;nr
emji_main_qui_écrit_peau_claire;3;nr
leurrer;3;ver
feraille;3;nr
relique;3;nom
ham;3;nr
mousser;3;ver
troquer;3;ver
prank;3;nr
egal;3;nr
strasbourg;3;nr
jason;3;nr
ily;3;nr
80ans;3;nr
culturellement;3;adv
hobbys;3;nr
verifier;3;nr
oisiveté;3;nom
insomnie;3;nom
désirable;3;adj
menopause;3;nr
musculaire;3;adj
qualite;3;nr
inconforts;3;nr
nutritionniste;3;nom
50km;3;nr
débridé;3;adj
has_been;3;nom
pin_s;3;nom
capuche;3;nom
hardeux;3;nr
benêt;3;nom
new_waves;3;nr
californie;3;nom
huilé;3;adj
etiez;3;nr
ravoir;3;ver
ressourcer;3;ver
hell;3;nr
austère;3;adj
tyran;3;nom
délivrance;3;nom
habib;3;nr
wankdorf;3;nr
ambassadeur;3;nom
platiste;3;nr
pécuniaire;3;adj
vw;3;nr
prude;3;adj
carla;3;nr
pacifisme;3;nom
dogmatique;3;adj
dogmatisme;3;nom
épatant;3;adj
camionnette;3;nom
recadrer;3;ver
ingurgiter;3;ver
arret;3;nr
pulvériser;3;ver
amina_nour;3;nr
them;3;nr
athéisme;3;nom
théologie;3;nom
idolâtrer;3;ver
étendue;3;nom
foison;3;nom
corroborer;3;ver
vociférer;3;ver
extase;3;nom
titan;3;nom
djihad;3;nom
255;3;num
scarface;3;nr
mont_blanc;3;nom
beatles;3;nr
russi;3;nr
anticapitaliste;3;adj
sursauter;3;ver
159;3;num
quizz;3;nr
benef;3;nr
plaider;3;ver
200chf;3;nr
290;3;num
lingerie;3;nom
slurp;3;nr
dangeureux;3;nr
esquisse;3;nom
buste;3;nom
épurer;3;ver
democrate;3;nr
kennedy;3;nr
évitement;3;nom
dynastie;3;nom
isf;3;nr
100k;3;nr
iban;3;nr
robinson;3;nom
200k;3;nr
irrespirable;3;adj
1mio;3;nr
beast;3;nr
deplus;3;nr
decision;3;nr
pourcent;3;nom
babiole;3;nom
ifd;3;nr
romandes;3;nr
ren;3;nr
désavantage;3;nom
blast;3;nr
taxons;3;nr
transposable;3;adj
digeste;3;adj
esquive;3;nom
tangible;3;adj
diverger;3;ver
mccartney;3;nr
lennon;3;nr
legumes;3;nr
graphistes;3;nr
hollywoodien;3;adj
régulations;3;nr
réévaluer;3;ver
numerus_clausus;3;nom
assc;3;nr
opératoire;3;adj
defense;3;nr
ayn;3;nr
ilsuser_utilisateurice;3;nr
v2;3;nr
zebra;3;nr
polyester;3;nom
loyal;3;adj
déloyal;3;adj
recyclable;3;adj
aboutissant;3;nom
marbre;3;nom
troinex;3;nr
archamps;3;nr
deverait;3;nr
gex;3;nr
jussy;3;nr
mieu;3;nr
fédéralisme;3;nom
2035;3;num
paz;3;nr
résidentiel;3;adj
toxico;3;nom
thc;3;nr
réinsérer;3;ver
educ;3;nr
medecin;3;nr
burnouts;3;nr
légalisation;3;nom
self;3;nom
esperons;3;nr
énormité;3;nom
disproportion;3;nom
comportments;3;nr
passible;3;adj
emprisonnement;3;nom
forza;3;nr
yoann;3;nr
mea_culpa;3;nom
pécho;3;nr
genocidaires;3;nr
imposteur;3;nom
mélanie;3;nr
falsifier;3;ver
ölbert;3;nr
chai;3;nom
inhumanité;3;nom
vice_président;3;nom
institutionnelles;3;nr
colonne;3;nom
bananier;3;nom
divergent;3;adj
édito;3;nom
impopulaire;3;adj
190;3;num
structurelles;3;nr
coutera;3;nr
intermittence;3;nom
étau;3;nom
inertie;3;nom
localisation;3;nom
tardivement;3;adv
infarctus;3;nom
diplomatiquement;3;adv
liberer;3;nr
ième;3;nr
vasculaire;3;adj
6h30;3;nr
scandinave;3;adj
society;3;nr
euses;3;nr
sx;3;nr
joyeuseté;3;nom
jamais_vu;3;nom
instauration;3;nom
armurerie;3;nom
04;3;num
polarisation;3;nom
chandelle;3;nom
théorique;3;adj
anti_aérien;3;adj
milicien;3;nom
inéquitable;3;adj
kyiv;3;nr
brics;3;nr
superficie;3;nom
allaiter;3;ver
crampon;3;nom
binational;3;nr
harceleurs;3;nr
résilient;3;nr
wouhao;3;nr
addor;3;nr
luter;3;nr
incarcération;3;nom
défaveur;3;nom
disparité;3;nom
popularité;3;nom
infructueux;3;adj
lénine;3;nr
gravier;3;nom
psychothérapie;3;nom
exhibition;3;nom
olfactif;3;adj
camoufler;3;ver
helvète;3;adj
arrondir;3;ver
reuters;3;nr
ruisseler;3;ver
millards;3;nr
bertarelli;3;nr
désespérément;3;adv
refonte;3;nom
popcorn;3;nr
dilapider;3;ver
régularité;3;nom
friday;3;nr
problem;3;nr
banalises;3;nr
tput;3;nr
polémiquer;3;ver
orphelinat;3;nom
frottement;3;nom
dynamo;3;nom
profitable;3;adj
saumon;3;nom
bbq;3;nr
distiller;3;ver
revente;3;nom
orthodoxe;3;adj
surcharge;3;nom
257;3;num
versus;3;pre
économises;3;nr
versement;3;nom
captivité;3;nom
faucon;3;nom
volatil;3;adj
amortir;3;ver
cotiseront;3;nr
surestiment;3;nr
tolérable;3;adj
quittance;3;nom
raffaella;3;nr
referendum;3;nom
100x;3;nr
emji_urne_électorale;3;nr
manquement;3;nom
dumping;3;nom
opticien;3;nom
yougoslavie;3;nr
ignazio;3;nr
tagger;3;nom
idiome;3;nom
lubie;3;nom
mutilation;3;nom
emji_prince;3;nom
rst;3;nr
succomber;3;ver
somaliland;3;nr
icekiid;3;nr
röstigraben;3;nr
jihad;3;nom
convaincant;3;adj
brélaz;3;nr
mysogine;3;nr
rance;3;adj
pieuvre;3;nom
tombeau;3;nom
pâquerette;3;nom
animaliste;3;nr
égocentrisme;3;nom
réarmement;3;nom
décerner;3;ver
kosovars;3;nr
etonne;3;nr
bandé;3;adj
aviv;3;nr
htag_shameonyoutrump;3;nom_sup
lgbtqia;3;nr
terror;3;nr
contrevenant;3;nom
complétement;3;nr
affabulez;3;nr
ols;3;nr
autoritarisme;3;nom
actu;3;nr
anorexie;3;nom
kate;3;nr
militairement;3;adv
apart;3;nr
balfour;3;nr
météore;3;nom
cribler;3;ver
compresser;3;ver
masterclass;3;nr
dino;3;nr
here;3;nr
emji_couteau_de_cuisine;3;nom
extrème;3;nr
center;3;nr
airlines;3;nr
percuter;3;ver
cow_boy;3;nom
nobody;3;nr
denier;3;nom
varsovie;3;nr
alexandrina;3;nr
6b_655;3;nr
ralentissement;3;nom
formalité;3;nom
paraphraser;3;ver
het;3;nr
try;3;nr
hors_la_loi;3;nom
balad;3;nr
safed;3;nr
choucha;3;nr
beit;3;nr
daras;3;nr
sabra;3;nom
jaffer;3;ver
251;3;num
smotrich;3;nr
emji_drapeau_mali;3;nom
aliens;3;nr
giger;3;nr
fivem;3;nr
neta;3;nr
htag_génocide;3;nr
htag_genocide;3;nom_sup
supercherie;3;nom
en_catimini;3;adv
ponctionner;3;ver
interface;3;nom
résilier;3;ver
démentiel;3;adj
approvisionnement;3;nom
minage;3;nom
friedman;3;nr
géothermie;3;nom
adhérent;3;nom
séquestrer;3;ver
g3nocide;3;nr
chávez;3;nr
proférer;3;ver
lauréat;3;nom
couronner;3;ver
hourra;3;ono
obama;3;nr
affront;3;nom
egos;3;nr
pantin;3;nom
ponctuel;3;adj
bouchonner;3;ver
empiriquement;3;adv
lavoc;3;nr
amsterdam;3;nr
abaissement;3;nom
excédent;3;nom
100km;3;nr
rd;3;nr
passation;3;nom
gorafi;3;nr
expirer;3;ver
injustement;3;adv
festif;3;adj
larousse;3;nr
always;3;nr
bz;3;nr
ramassis;3;nom
cessation;3;nom
autodéfense;3;nom
adjacent;3;adj
gazé;3;adj
sahel;3;nr
europeen;3;nr
masser;3;ver
inéduqué;3;nr
human;3;nr
rights;3;nr
rapporteur;3;nom
propal;3;nr
nassé;3;nr
unwra;3;nr
iraq;3;nr
illustré;3;adj
pogrom;3;nom
daech;3;nr
200000;3;num
sécuritaires;3;nr
déviation;3;nom
genoc;3;nr
vi0leurs;3;nr
etude;3;nr
repeuplement;3;nom
sabrer;3;ver
els;3;nr
emji_graphique_en_baisse;3;nom
sociabiliser;3;ver
corrélée;3;nr
alcohol;3;nr
classé;3;adj
societal;3;nr
detruire;3;nr
emji_ours_en_peluche;3;nom
génocider;3;nr
belligérant;3;adj
intercepter;3;ver
discréditent;3;nr
lacrymos;3;nr
vandaliser;3;ver
démolir;3;ver
metre;3;nr
à_mon_encontre;3;adv
soros;3;nr
paranoïaque;3;adj
neonazis;3;nr
planeur;3;nom
licence;3;nom
haye;3;nr
hebdomadaire;3;adj
3600;3;num
67000;3;num
tapper;3;nr
hr;3;nr
arabic;3;nr
indécence;3;nom
pagande;3;nr
lacrimo;3;nr
interpellation;3;nom
conflict;3;nr
immersion;3;nom
siosio;3;nr
mhh;3;nr
echelle;3;nr
appliqué;3;adj
charline;3;nr
croisade;3;nom
tagué;3;nr
baraque;3;nom
instrumentalisé;3;nr
loris;3;nom
quo;3;nr
uae;3;nr
ent;3;nr
emji_drapeau_arc_en_ciel;3;nom
prouesse;3;nom
margoulin;3;nom
multirécidiviste;3;nom
singularité;3;nom
illusoire;3;adj
geôle;3;nom
147;3;num
documenté;3;adj
terrorristes;3;nr
répréhensible;3;adj
ilan;3;nr
pappé;3;nr
emji_drapeau_cap_vert;3;nom
éthiopie;3;nr
dépositaire;3;nom
enflammer;3;ver
lassitude;3;nom
symboliquement;3;adv
kévin;3;nr
casanier;3;adj
aminé;3;adj
emji_symbole_de_colère;3;nr
dick;3;nr
originalité;3;nom
atlas;3;nom
expropriation;3;nom
nneries;3;nr
s3xuel;3;nr
cadmium;3;nom
fausser;3;ver
emji_drapeau_blanc;3;nom
galaxus;3;nr
sexion;3;nr
létalité;3;nom
compétions;3;nr
matraquage;3;nom
defund;3;nr
cpp;3;nr
expérimenter;3;ver
créancier;3;nom
unilatéralement;3;adv
souhaitable;3;adj
atf;3;nr
ib;3;nr
foulle;3;nr
20km;3;nr
fuyard;3;nom
zigzaguer;3;ver
éventualité;3;nom
golan;3;nr
pss;3;nr
extrapoler;3;ver
kv;3;nr
oman;3;nr
consolider;3;ver
rafah;3;nr
obus;3;nom
geno;3;nr
candidature;3;nom
autrichiens;3;pro_ind
evo;3;nr
aws;3;nr
1848;3;num
ecs;3;nr
postulat;3;nom
gracieusement;3;adv
mandela;3;nr
nationalisme;3;nom
pop_corn;3;nom
laborieux;3;adj
manutention;3;nom
chaines;3;nr
ace;3;nom
risme;3;nr
parcqu;3;nr
djihadistes;3;nr
uta;3;nr
contravention;3;nom
inhérent;3;adj
démantèlement;3;nom
trail;3;nr
rotule;3;nom
twitter;3;nr
contributeurs;3;nr
abnégation;3;nom
stan;3;nr
teflon;3;nr
tier;3;nr
obtempérer;3;ver
emji_drapeau_soudan;3;nom
géo;3;nom
pénalisent;3;nr
20k;3;nr
perceptible;3;adj
follow;3;nr
palestoche;3;nr
encontre;3;nr
allumé;3;adj
pretty;3;nr
nicod;3;nr
golfe;3;nom
isr;3;nr
ascension;3;nom
alpiniste;3;nom
défectueux;3;adj
b12;3;nr
pubmed;3;nr
exploration;3;nom
forer;3;ver
lampadaire;3;nom
qand;3;nr
emji_ours;3;nom
132;3;num
noyauter;3;ver
lola;3;nr
moutier;3;nom
emji_champignon_marron;3;nom
croûte;3;nom
redresser;3;ver
péronisme;3;nr
aggressions;3;nr
sement;3;nr
léser;3;ver
dgpc;3;nr
anp;3;nr
millionième;3;adj
luisier;3;nr
légitimement;3;adv
enfumé;3;adj
incalculable;3;adj
linkedin;3;nr
pkus;3;nr
maggi;3;nr
démentir;3;ver
vi0ls;3;nr
gravats;3;nom
neutral;3;nr
temoin;3;nr
mâchefers;3;nr
contreproductif;3;nr
authorisé;3;nr
asthme;3;nom
stigmatisation;3;nr
conformité;3;nom
melissa;3;nr
résoud;3;nr
castro;3;nr
asphalte;3;nom
pots_de_vin;3;nom
neutraliser;3;ver
liberale;3;nr
wilders;3;nr
inscription;3;nom
frique;3;nr
80km;3;nr
isolation;3;nom
federal;3;nr
htag_hypocrisie;3;nom_sup
oxygène;3;nom
indu;3;adj
sociéter;3;nr
instrumentaliser;3;nr
barb;3;nr
inadéquat;3;adj
ambassade;3;nom
cingler;3;ver
inconsolable;3;adj
asloca;3;nr
naef;3;nr
emme;3;nr
bleri;3;nr
rohingyas;3;nr
bannière;3;nom
connor;3;nr
vitia;3;nr
voilé;3;adj
domage;3;nr
easyride;3;nr
fourberie;3;nom
inclusifs;3;nr
délocalisent;3;nr
accusateur;3;nom
fachisme;3;nr
fuiter;3;ver
css;3;nr
emji_citron;3;nom
utérus;3;nom
lao;3;nom
irréaliste;3;adj
rétrécissement;3;nom
thai;3;nr
malmö;3;nr
voiture_lits;3;nr
dard;3;nom
afro_américain;3;adj
democrates;3;nr
ruralité;3;nr
emji_singe;3;nom
chiite;3;nr
astéroïde;3;nom
neurotoxique;3;adj
1200;3;num
pfister;3;nr
élitisme;3;nom
inédit;3;adj
sinaï;3;nr
1949;3;num
1917;3;num
militarisation;3;nom
provocant;3;adj
armee;3;nr
5j;3;nr
machiste;3;adj
manzo;3;nr
photoshop;3;nr
psychotique;3;adj
cristo;3;nr
récepteur;3;nom
vuala;3;nr
pedocriminalité;3;nr
jung;3;nr
astreindre;3;ver
322septies;3;nr
fcpa;3;nr
322;3;num
ide;3;nom
offrande;3;nom
persistant;3;adj
pythagore;3;nr
hoodie;3;nr
survet;3;nr
niaminacide;3;nr
inhabituel;3;adj
khagn;3;nr
rek;3;nr
ndoye;3;nr
bavière;3;nr
poker;3;nom
clap;3;nom
histamine;3;nom
policeactivity;3;nr
déculpabiliser;3;ver
gavazzeni;3;nr
jenish;3;nr
sintés;3;nr
windows;3;nr
liechtenstein;3;nr
ranking;3;nr
estonie;3;nr
marino;3;nr
calédonie;3;nr
lituanie;3;nr
gibraltar;3;nr
equateur;3;nr
fiji;3;nr
tahiti;3;nr
samoa;3;nr
menstruées;3;nr
roesti;3;nr
4500;3;num
décomplexés;2;nr
bouillant;2;adj
hermès;2;nom
peinard;2;adj
réciproquement;2;adv
bravoooooo;2;nr
freud;2;nr
questionnaire;2;nom
hahahahahahahah;2;nr
corbeyrier;2;nr
ropraz;2;nr
veillée;2;nom
pahud;2;nr
valentin;2;nom
customiser;2;ver
503;2;num
tscheu;2;nr
pétrifier;2;ver
paumer;2;ver
darwin;2;nr
sims;2;nr
cow;2;nr
slider;2;nr
bolide;2;nom
mytique;2;nr
damoclès;2;nr
bresilienne;2;nr
pluvieux;2;adj
secousse;2;nom
sous_traitant;2;nom
taguée;2;nr
chiper;2;ver
command;2;nom
jsavais;2;nr
javais;2;nr
emji_drapeau_japon;2;nom
baumgartner;2;nr
auj;2;nr
administrativement;2;adv
ramollir;2;ver
pej;2;nr
amabilité;2;nom
dégustation;2;nom
puzzle;2;nom
kirsch;2;nom
emji_cuillère;2;nr
chichi;2;nom
perspicace;2;adj
immensité;2;nom
barboter;2;ver
envoûter;2;ver
plongeoir;2;nom
marquee;2;nr
capote;2;nom
hhhhhhhh;2;nr
emji_cygne;2;nom
sifflement;2;nom
seduit;2;nr
slow;2;nom
logis;2;nom
appar;2;nr
insouciant;2;adj
prénommer;2;ver
jakob;2;nr
kraft;2;nom
sadek;2;nr
croyable;2;adj
turpitude;2;nom
avignon;2;nr
sextoy;2;nr
euphorie;2;nom
ooohh;2;nr
alfred;2;nr
tâter;2;ver
procréation;2;nom
meurtier;2;nr
grossir;2;ver
ferdinand;2;nr
ramuz;2;nr
landry;2;nr
éditer;2;ver
languir;2;ver
galber;2;ver
platine;2;nom
cuchaule;2;nr
beurré;2;adj
2mn;2;nr
rouille;2;nom
député;2;nom
aran;2;nr
tracassets;2;nr
bichonner;2;ver
vignoble;2;nom
caramel;2;nom
dadame;2;nr
tong;2;nom
amicalement;2;adv
tonique;2;adj
choriste;2;nom
hahahha;2;nr
ehh;2;nr
bêtisiers;2;nr
rapp;2;nr
yeah;2;ono
emji_réveil;2;nr
frimousse;2;nom
semestre;2;nom
emji_maison_avec_jardin;2;nom
patrice;2;nr
dénouement;2;nom
péripétie;2;nom
deçu;2;nr
falais;2;nr
choue;2;nr
dérouter;2;ver
104;2;num
blizzard;2;nom
bizarrerie;2;nom
kiki;2;nom
régle;2;nr
flexion;2;nom
resumé;2;nr
gabin;2;nr
ach;2;nr
contour;2;nom
couver;2;ver
prémonitoire;2;adj
contraction;2;nom
52minutes;2;nr
déontologique;2;adj
pneux;2;nr
plusieures;2;nr
habitacle;2;nom
pare_brise;2;nom
9ans;2;nr
mosses;2;nr
corridor;2;nom
gracier;2;ver
sai;2;nr
nonnnn;2;nr
antant;2;nr
emji_batterie;2;nom
colporteur;2;nom
gosier;2;nom
écluse;2;nom
troubler;2;ver
wim;2;nr
hof;2;nr
chanvre;2;nom
damiens;2;nr
tgv;2;nr
porreaux;2;nr
1943;2;num
tuberculose;2;nom
convalescence;2;nom
snob;2;adj
3cm;2;nr
monnet;2;nr
mermet;2;nr
lolita;2;nom
etoiles;2;nr
mdrrrrrr;2;nr
déguisement;2;nom
thévoz;2;nr
panthère;2;nom
step;2;nr
eduque;2;nr
çela;2;nr
standardiser;2;nr
oriental;2;adj
veil;2;nr
aaaahhh;2;nr
ébranler;2;ver
alias;2;adv_sup
programmateur;2;nom
funiculaire;2;nom
déneigement;2;nom
ferré;2;adj
suicidaire;2;adj
filmographie;2;nom
toupet;2;nom
télévisuel;2;adj
adooore;2;nr
juvet;2;nr
surexposition;2;nom
perfect;2;nr
fortuit;2;adj
pfffffff;2;nr
tattoo;2;nr
nocivité;2;nom
tuches;2;nr
brel;2;nr
dénigrement;2;nom
peigne;2;nom
patrilinéaire;2;adj
géniteur;2;nom
inquisiteur;2;adj
insistant;2;adj
schubling;2;nr
concocter;2;ver
sergent;2;nom
grandjean;2;nr
mob;2;nom
astrologie;2;nom
trempe;2;nom
sète;2;nr
agnès;2;nr
là_haut;2;adv
vega;2;nr
youhou;2;nr
toboggan;2;nom
acouphènes;2;nr
invalidants;2;nr
séducteur;2;nom
uh;2;nr
soso;2;nr
chiotes;2;nr
gala;2;nom
spf;2;nr
couac;2;nom
impro;2;nom
réussi;2;adj
caméléon;2;nom
cointrin;2;nr
emji_pellicule;2;nom
respecteux;2;nr
alpestre;2;adj
v8;2;nr
raffinerie;2;nom
bovard;2;nr
hystérie;2;nom
agité;2;adj
debats;2;nr
lourdingue;2;adj
deranger;2;nr
fumant;2;adj
aérer;2;ver
sevrer;2;ver
enfumer;2;ver
orbe;2;nom
paver;2;ver
oooooh;2;nr
kinder;2;nr
malossi;2;nr
poulie;2;nom
manson;2;nr
encoré;2;nr
majesté;2;nom
inégalable;2;adj
gold;2;adj
frivolité;2;nom
haaaaaaa;2;nr
bassiner;2;ver
emji_bout_des_doigts_joints_peau_légèrement_mate;2;nr
tresse;2;nom
légalisés;2;nr
amanite;2;nom
fabuler;2;ver
cathédrale;2;nom
pourriture;2;nom
congélo;2;nr
pathologique;2;adj
trash;2;nr
gui;2;nom
conservatoire;2;nom
degage;2;nr
pasche;2;nr
untel;2;nom
dann;2;nr
bouillotte;2;nom
péclat;2;nr
choyer;2;ver
liasse;2;nom
funky;2;adj
négativité;2;nom
shadoks;2;nr
wouha;2;nr
nikel;2;nr
alchimie;2;nom
parce_queand;2;nr
intrusives;2;nr
temperatures;2;nr
surexploitation;2;nr
chous;2;nr
summum;2;nom
detieu;2;nr
cyclo;2;nom
emji_homme_qui_lève_la_main_peau_légèrement_mate;2;nr
blackberry;2;nr
3210;2;num
boloss;2;nr
périmé;2;adj
cravache;2;nom
vegas;2;nr
fumette;2;nom
switch;2;nr
décollage;2;nom
13ème;2;nr
emji_cochon;2;nom
oldschool;2;nr
emji_signe_appel_téléphonique_avec_les_doigts_peau_claire;2;nr
bpa;2;nr
plussoie;2;nr
chasselas;2;nom
thistoire;2;nr
conformisme;2;nom
ette;2;nr
casanova;2;nr
diététique;2;adj
prostate;2;nom
stéphanie;2;nr
pilet;2;nr
impayable;2;adj
coordonner;2;ver
maybe;2;nr
jongler;2;ver
irrécupérable;2;adj
onlyfans;2;nr
capitole;2;nom
téléjournal;2;nr
emmaus;2;nr
goujat;2;nom
harald;2;nr
ertl;2;nr
bédos;2;nr
1932;2;num
mesrine;2;nr
maintenances;2;nr
raiffeisen;2;nr
marocain;2;nom
grossièreté;2;nom
journalist;2;nr
madames;2;nr
adidas;2;nr
villars;2;nr
antiracisme;2;nom
eric;2;nr
neg;2;nr
acclimatation;2;nom
rascime;2;nr
appellé;2;nr
grossophobe;2;nr
patrimonial;2;adj
pejoratif;2;nr
rondeur;2;nom
affoler;2;ver
exe;2;nr
kongo;2;nr
etcetcetc;2;nr
négrier;2;adj
pine;2;nom
vendéen;2;adj
indigné;2;adj
offensif;2;adj
toulon;2;nr
dosage;2;nom
aidamalphurs;2;nr
bahahah;2;nr
martiniquais;2;nom
moooh;2;nr
injurieux;2;adj
17eme;2;nr
gouv;2;nr
godwin;2;nr
feed;2;nr
aprèm;2;nom
emji_chat_avec_sourire_en_coin;2;nom
défendeur;2;nom
coline;2;nr
assumes;2;nr
were;2;nr
emji_clé_ancienne;2;nr
relax;2;adj
négritude;2;nom
mâcher;2;ver
clergé;2;nom
discrimine;2;nr
inchangé;2;adj
marraine;2;nom
banalité;2;nom
creation;2;nr
patisseries;2;nr
shot;2;nr
soule;2;adj
redemander;2;ver
négre;2;nr
recevable;2;adj
emm;2;nr
ségrégation;2;nom
imparable;2;adj
irrépressible;2;adj
peac;2;nr
iq;2;nr
1933;2;num
mein;2;nr
kampf;2;nr
pdv;2;nr
discriminés;2;nr
décomplexer;2;nr
malencontreusement;2;adv
foit;2;nr
roumain;2;adj
cheni;2;nr
salive;2;nom
grignoter;2;ver
saillant;2;adj
recontextualiser;2;nr
hispanophone;2;nom
lombardo;2;nom
apéritif;2;nom
morue;2;nom
skyblog;2;nr
wtc;2;nr
apnée;2;nom
ronfleur;2;nom
pulmonaire;2;adj
réson;2;nr
gugusse;2;nom
chef_d_oeuvre;2;nom
visionnage;2;nom
skip;2;nom
argand;2;nr
entrevoir;2;ver
japan;2;nr
gouaille;2;nom
ivan;2;nr
pagode;2;nom
jeep;2;nom
kakou;2;nr
clio;2;nr
romancer;2;ver
15x;2;nr
rooh;2;nr
olée;2;nr
only;2;nr
clairevoyance;2;nr
sû;2;nr
inépuisable;2;adj
wouaw;2;nr
emji_poussin_qui_éclôt;2;nr
start;2;nr
small;2;nr
schnyder;2;nr
starsky;2;nr
hutch;2;nr
poignard;2;nom
rudiment;2;nom
rémission;2;nom
marijuana;2;nom
numérisation;2;nom
light;2;adj
heteros;2;nr
twerker;2;nr
eft;2;nr
hétérosexualité;2;nom
wa;2;nr
ouloulou;2;nr
réminiscence;2;nom
chômages;2;nr
asnières;2;nr
1811;2;num
planque;2;nom
développeur;2;nom
féminisés;2;nr
etudes;2;nr
metiers;2;nr
machiniste;2;nom
piqure;2;nr
pour_cent;2;nom
lemercier;2;nr
den;2;nr
bluff;2;nom
exam;2;nom
chouïa;2;nom
emji_robe;2;nom
albator;2;nr
renfermé;2;adj
13ans;2;nr
bring;2;nr
th;2;nr
catapulte;2;nom
récapitulatif;2;nom
emji_bague;2;nom
arnaqueur;2;nom
encoubler;2;nr
galland;2;nr
téléchargements;2;nr
lothar;2;nr
localité;2;nom
claquement;2;nom
côtelette;2;nom
bosseur;2;nom
féfé;2;nr
br;2;nr
allee;2;nr
melanchon;2;nr
tristan;2;nr
push;2;nr
rex;2;nom
emji_visage_avec_thermomètre;2;nr
vibes;2;nr
emji_roue;2;nom
jneuvois;2;nr
kosova;2;nr
bale;2;nom
vid;2;nr
laïque;2;adj
générera;2;nr
reum;2;nr
naturalisées;2;nr
emji_troll;2;nom
dégenrer;2;nr
cisgenre;2;nr
attarder;2;ver
vallon;2;nom
non_stop;2;adj
météorologue;2;nom
tolochenaz;2;nr
15e;2;nr
naturopathe;2;nom
patienter;2;ver
minimaliste;2;adj
emji_bagage;2;nom
rallye;2;nom
palmashow;2;nr
mehdi;2;nr
émigré;2;nom
clapet;2;nom
retenter;2;ver
cte;2;nr
amg;2;nr
decap;2;nr
sticker;2;nom
blocher;2;nr
confiant;2;adj
empresser;2;ver
écueil;2;nom
sophiste;2;nom
cucul;2;adj
coon;2;nr
fleurer;2;ver
junod;2;nr
gobet;2;nom
sapporo;2;nr
canadienne;2;adj
power;2;nr
rodolphe;2;nr
plafonnement;2;nom
opaque;2;adj
droitard;2;nr
vohtag_leurs;2;nr
ouinouin;2;nr
limit;2;nr
tonte;2;nom
idiocratie;2;nr
règlera;2;nr
concurrentiel;2;adj
chiche;2;ono
2000chf;2;nr
vivacité;2;nom
emji_chat_noir;2;nom
terrien;2;adj
presenter;2;nr
theo;2;nr
sagapo;2;nr
sacre;2;nom
edith;2;nr
rouquin;2;nom
ahahha;2;nr
félix;2;nr
ver;2;nom
igor;2;nr
battant;2;nom
brunner;2;nr
combatif;2;adj
19h00;2;nr
18h00;2;nr
eddy;2;nr
emji_ninja_peau_foncée;2;nr
bock;2;nom
rythmer;2;ver
maitriser;2;nr
perpetuel;2;nr
zinzin;2;adj
quille;2;nom
hectolitre;2;nom
zurkinden;2;nr
vessie;2;nom
déclic;2;nom
parigot;2;adj
credit;2;nr
habilité;2;nom
saladier;2;nom
concrétiser;2;ver
équipage;2;nom
choré;2;nr
goulette;2;nom
corail;2;nom
sydney;2;nr
randonnée;2;nom
regulierement;2;nr
orga;2;nr
shirts;2;nr
lmonde;2;nr
rohhhhh;2;nr
foufourche;2;nr
commando;2;nom
préjent;2;nr
scene;2;nr
modem;2;nom
avant_hier;2;adv
cachot;2;nom
uilles;2;nr
tetcheu;2;nr
rediffusion;2;nom
jacqueline;2;nom
consacré;2;adj
woaw;2;nr
org;2;nr
naurait;2;nr
amander;2;nr
brimer;2;ver
taquiner;2;ver
kleenex;2;nom
biensûr;2;nr
trimbaler;2;ver
cabosser;2;ver
damounais;2;nr
enguirlander;2;ver
courrir;2;nr
fribourgeoises;2;nr
franc_comtois;2;adj
mahmoud;2;nr
coupler;2;ver
magnétophone;2;nom
ieu;2;nr
multimédia;2;adj
steve;2;nr
macroute;2;nr
brouette;2;nom
écoeurant;2;adj
hahhahaha;2;nr
suzanne;2;nr
dépresseurs;2;nr
emji_ananas;2;nom
distinctement;2;adv
nouvelliste;2;nom
tanguy;2;nr
winter;2;nr
cornette;2;nom
lap;2;nom
aqua;2;nr
pillier;2;nr
gâterie;2;nom
jacouille;2;nr
fripouille;2;nom
bling;2;nr
enveloppe;2;nom
caméraman;2;nom
emji_morceau_de_viande;2;nom
ahahhaha;2;nr
florence;2;nom
tremblant;2;adj
amorce;2;nom
haussement;2;nom
autodestruction;2;nom
calibrer;2;ver
bourgoin;2;nr
emji_chaussure_à_talon_haut;2;nr
verbaliser;2;ver
dégourdir;2;ver
dézinguer;2;ver
trépied;2;nom
frangin;2;nom
habibe;2;nr
maiiis;2;nr
13eme;2;nr
featuring;2;nr
lionel;2;nr
montgolfière;2;nom
oex;2;nr
lolll;2;nr
rachel;2;nr
gram;2;nom
fraiseur;2;nom
éclatant;2;adj
déblayer;2;ver
nadia;2;nr
repeupler;2;ver
gabegie;2;nom
bereal;2;nr
boubou;2;nom
bonnevie;2;nr
anthologie;2;nom
interessantes;2;nr
comfort;2;nr
piercing;2;nom
rolala;2;nr
kaamelot;2;nr
sah;2;nr
emji_drapeau_tunisie;2;nom
lentre;2;nr
swipe;2;nr
aout;2;nr
nonnn;2;nr
quatres;2;nr
emji_île_déserte;2;nr
frois;2;nr
jadoooore;2;nr
introverti;2;adj
chacal;2;nom
emji_parasol_sur_le_sol;2;nom
hhh;2;nr
éte;2;nr
figue;2;nom
panse;2;nom
québecoise;2;nr
summer;2;nr
htag_je;2;nom_sup
aussiiiii;2;nr
blue;2;nr
assim;2;nr
_j;2;nr
cailler;2;ver
foudroyer;2;ver
playa;2;nr
degres;2;nr
effaré;2;adj
environnementales;2;nr
pierrot;2;nom
quinquas;2;nr
quarantenaire;2;adj
anemasse;2;nr
aaaaaah;2;nr
emji_bus;2;nom
imitation;2;nom
dand;2;nr
piii;2;nr
rossini;2;nr
jd;2;nr
nius;2;nr
background;2;nom
derniere;2;nr
ericsson;2;nr
kilt;2;nom
djellaba;2;nom
end;2;nr
alcooliser;2;nr
aïkido;2;nom
toulouse;2;nr
spinner;2;nr
slides;2;nr
beyblade;2;nr
averty;2;nr
enfouir;2;ver
merdias;2;nr
nard;2;nom
inusable;2;adj
villeret;2;nr
qvec;2;nr
6mois;2;nr
euuu;2;nr
acadien;2;nom
circonflexe;2;adj
emji_caméra;2;nr
bornet;2;nr
ausculter;2;ver
ideologies;2;nr
aortique;2;adj
err;2;nr
lens;2;nr
blanchissement;2;nom
corvéables;2;nr
bagnard;2;nom
emji_index_pointant_vers_le_haut_peau_moyennement_claire;2;nom
casimir;2;nom
donalds;2;nr
baquet;2;nom
röstis;2;nr
navet;2;nom
nonchalance;2;nom
starwars;2;nr
rhô;2;nom
mark;2;nom
avant_garde;2;nom
lagerfeld;2;nr
charismatique;2;adj
emji_signe_je_t_aime_peau_claire;2;nom
prestance;2;nom
creepy;2;nr
taffer;2;nr
choli;2;nr
flippants;2;nr
emji_main_avec_index_pointant_vers_le_haut_peau_claire;2;nom
orgueilleux;2;adj
perrier;2;nom
scie;2;nom
papé;2;nom
terminus;2;nom
jà;2;adv
epr;2;nr
prototype;2;nom
gnôle;2;nom
aiguiser;2;ver
reposter;2;nr
genie;2;nr
emji_cocktail;2;nom
pichot;2;nr
epi;2;nr
perpignan;2;nom
rhumatisss;2;nr
iodure;2;nom
glaçogènes;2;nr
glaciation;2;nom
gouttelette;2;nom
surfondues;2;nr
grêlon;2;nom
anelfa;2;nr
1951;2;num
sardaigne;2;nr
alberta;2;nr
recenser;2;ver
semi_aride;2;adj
précipitation;2;nom
1898;2;num
spoutnik;2;nom
gps;2;nr
pseudonyme;2;nom
diminutif;2;nom
intentionnellement;2;adv
pirouette;2;nom
indochine;2;nr
zinc;2;nom
modestement;2;adv
dévisser;2;ver
sakelik;2;nr
vendetta;2;nom
assmossfère;2;nr
inhaler;2;ver
braguette;2;nom
gommette;2;nom
dérapage;2;nom
lindt;2;nr
interception;2;nom
positivement;2;adv
colonel;2;nom
heinz;2;nr
pacem;2;nr
suze;2;nr
sauvegarder;2;ver
300km;2;nr
dreamwalk74;2;nr
glaner;2;ver
ratifier;2;ver
htag_nostalgie;2;nom_sup
achille;2;nr
rtb;2;nr
interrogatoire;2;nom
aaaa;2;nr
emji_casque_militaire;2;nom
pochon;2;nom
pipeau;2;nom
cheffes;2;nr
sourcer;2;nr
thoune;2;nr
emji_cornes_avec_les_doigts_peau_moyennement_claire;2;nom
carbon;2;nr
wakesurf;2;nr
emji_case_cochée;2;nr
friends;2;nr
friendly;2;nr
oooo;2;nr
qque;2;nr
jovial;2;adj
danielle;2;nr
jorat;2;nr
evg;2;nr
xiv;2;nr
yaya;2;nr
inabordable;2;adj
collector;2;nom
digitaliser;2;nr
archiviste;2;nom
dégainer;2;ver
cogip;2;nr
pignon;2;nom
archivage;2;nom
palpable;2;adj
bredzon;2;nr
compost;2;nom
compéter;2;ver
zig;2;nom
zag;2;nr
cache_cache;2;nom
sardine;2;nom
123;2;num
typhus;2;nom
marcial;2;nr
autobus;2;nom
ancrage;2;nom
ensuivre;2;ver
neurosciences;2;nr
individualité;2;nom
richoz;2;nr
ruth;2;nr
répugner;2;ver
purifier;2;ver
désinfecter;2;ver
scare;2;nom
emji_tête_de_lion;2;nr
nyonnais;2;nr
berk;2;ono
1min;2;nr
zoomer;2;ver
cio;2;nr
désobligeant;2;adj
ez;2;nr
copinage;2;nom
maxwell;2;nr
betes;2;nr
photosensibilisant;2;nr
jugeote;2;nom
emji_stéthoscope;2;nr
recto;2;nom
cutané;2;adj
psoriasis;2;nom
peit;2;nr
jose;2;nr
rampe;2;nom
k_way;2;nom
senna;2;nr
nino;2;nr
mint;2;nr
kratz;2;nr
bresse;2;nr
clebs;2;nom
catse;2;nr
moineau;2;nom
seven;2;nr
répertorier;2;ver
ésotérique;2;adj
kinésithérapie;2;nom
ancre;2;nom
djeu;2;nr
suffir;2;nr
bénévolement;2;adv
latent;2;adj
miso;2;nr
irréfutable;2;adj
idolâtrie;2;nom
showbiz;2;nom
abomination;2;nom
decennies;2;nr
lumieres;2;nr
chrome;2;nom
courser;2;ver
30000;2;num
gicleur;2;nom
brigand;2;nom
dépravé;2;nom
poney;2;nom
fesaient;2;nr
assourdissant;2;adj
kiri;2;nr
préconiser;2;ver
ev;2;nr
surenchère;2;nom
kalachnikov;2;nr
speech;2;nom
spatule;2;nom
jsais;2;nr
woui;2;nr
piquant;2;nom
abdos;2;nom
chomage;2;nr
relaxation;2;nom
générationnelle;2;nr
noté;2;adj
liégeois;2;adj
formatés;2;nr
illumination;2;nom
gastronomie;2;nom
tlm;2;nr
instituer;2;ver
thanos;2;nr
dixième;2;adj
utopiste;2;nom
quinoa;2;nom
malfaisant;2;adj
poulicier;2;nr
instagrameur;2;nr
emji_nouvelle_lune_avec_visage;2;nom
huicier;2;nr
anesthésier;2;ver
euthanasier;2;nr
rentier;2;nom
exaucer;2;ver
promene;2;nr
passerelle;2;nom
idyllique;2;adj
naturisme;2;nom
régénérer;2;ver
sexualiser;2;ver
emji_fée_peau_claire;2;nr
nudité;2;nom
emji_chenille;2;nom
bouse;2;nom
vapko;2;nr
youpiiiiii;2;nr
melanger;2;nr
documentez;2;nr
cut;2;nr
rod;2;nr
affût;2;nom
papeterie;2;nom
nat;2;nr
virginie;2;nom
iv;2;nr
nauséeux;2;adj
brouillé;2;adj
motel;2;nom
shhhh;2;nr
zonard;2;nom
envahissement;2;nom
isoles;2;nr
emji_cornes_avec_les_doigts_peau_mate;2;nom
naufrage;2;nom
vale;2;nr
emji_lieu_de_culte;2;nom
momi;2;nom
dac;2;nr
cligner;2;ver
psyco;2;nr
complication;2;nom
cloner;2;ver
bulbe;2;nom
mysogines;2;nr
misandrie;2;nr
mysoginie;2;nr
qqu;2;nr
friend;2;nr
constipé;2;adj
jconnais;2;nr
px;2;nr
omggg;2;nr
rebondi;2;adj
panoplie;2;nom
depend;2;nr
heuresement;2;nr
frerot;2;nr
pampers;2;nr
tej;2;nr
rejeté;2;adj
supprimes;2;nr
smr;2;nr
épauler;2;ver
muhammad;2;nr
agneau;2;nom
republier;2;ver
redorer;2;ver
rah;2;nr
réinitialiser;2;ver
react;2;nr
wouaaaaa;2;nr
cos;2;nr
emji_disque_violet;2;nom
déresponsabilise;2;nr
limpression;2;nr
trappe;2;nom
générationnel;2;adj
dissertation;2;nom
attardé;2;nom
enrager;2;ver
approbation;2;nom
uelle;2;nr
raler;2;nr
gab;2;nr
pute;2;nom
technology;2;nr
ancetre;2;nr
élixir;2;nom
jvois;2;nr
gâchette;2;nom
insatiable;2;adj
evangile;2;nr
pouse;2;nr
franc_parler;2;nom
bd;2;nr
condé;2;nom
helps;2;nr
bouddhisme;2;nom
convoiter;2;ver
neveu;2;nom
gap;2;nom
manipulatoire;2;nr
incriminerais;2;nr
1m80;2;nr
mamadou;2;nr
arrieré;2;nr
anachronisme;2;nom
emji_vernis_à_ongles;2;nr
malmener;2;ver
switzerland;2;nr
éplucher;2;ver
crevette;2;nom
difficil;2;nr
séjourner;2;ver
scoubidou;2;nom
ell;2;nr
niaiserie;2;nom
emji_stylo;2;nom
nadine;2;nr
trails;2;nr
walter;2;nom
suspicieux;2;adj
parquet;2;nom
amertume;2;nom
cartomanciens;2;nr
occultisme;2;nom
duck;2;nr
exorcisme;2;nom
ghost;2;nr
gifi;2;nr
khaled;2;nr
compulsif;2;adj
assommer;2;ver
2mois;2;nr
groin;2;nom
gelée;2;nom
choucroute;2;nom
garnir;2;ver
totché;2;nr
baldwin;2;nr
évocateur;2;adj
pékin;2;nom
multiculturelles;2;nr
lingala;2;nom
disant;2;adj
ques;2;nr
hanter;2;ver
rho;2;nom
presqu;2;nr
tanière;2;nom
contagieux;2;adj
emji_jambe;2;nom
gabonais;2;nom
arrondissement;2;nom
multicolore;2;adj
gumi;2;nr
tabouret;2;nom
jessica;2;nr
played;2;nr
niaiseux;2;adj
tél;2;nom
cats;2;nr
temo;2;nr
séminaire;2;nom
mare;2;nom
lollll;2;nr
5min;2;nr
entree;2;nr
arthrose;2;nom
muscler;2;ver
sociable;2;adj
impasse;2;nom
ehhh;2;nr
see;2;nr
languages;2;nr
saying;2;nr
fortiche;2;adj
récrées;2;nr
elastic;2;nr
anées;2;nr
ronsard;2;nr
remember;2;nr
zam;2;nr
commu;2;nr
bicyclette;2;nom
hélène;2;nr
aussie;2;nr
ohlalala;2;nr
lépoque;2;nr
sédentarité;2;nom
pribam;2;nr
vénézuela;2;nr
poteau;2;nom
lo;2;nr
jugué;2;nr
emji_aiguille_à_coudre;2;nr
jump;2;nr
jumper;2;nom
15min;2;nr
whaou;2;nr
tchèque;2;adj
démêler;2;ver
gazelle;2;nom
pressé;2;adj
cellulaire;2;adj
reussir;2;nr
périlleux;2;adj
mary;2;nom
comptine;2;nom
demo;2;nr
untelle;2;nr
replacer;2;ver
tites;2;nr
assasinat;2;nr
presta;2;nr
fully;2;nr
vômir;2;nr
disséminer;2;ver
venice;2;nr
sommeiller;2;ver
um;2;nr
peilz;2;nr
cudrefin;2;nr
chenis;2;nr
barjaquer;2;nr
vallait;2;nr
lutry;2;nr
rarissime;2;adj
fanta;2;nr
affiné;2;adj
osef;2;nr
blind;2;nr
chantant;2;adj
dolto;2;nr
emmenthaler;2;nr
cantal;2;nom
acoustique;2;nom
amplitude;2;nom
critiquable;2;adj
micro_organismes;2;nr
proton;2;nom
observateur;2;nom
miroire;2;nr
sensoriel;2;adj
roquefort;2;nom
troooooop;2;nr
médico;2;nr
emji_vernis_à_ongles_peau_claire;2;nr
emji_plant_de_riz;2;nom
choues;2;nr
meres;2;nr
zouc;2;nr
dégénératives;2;nr
québécoises;2;nr
moreau;2;adj
funes;2;nr
désespérer;2;ver
baraki;2;nr
maintenent;2;nr
emji_boussole;2;nom
mouroirs;2;nr
médicaliser;2;ver
intrusif;2;adj
désarmant;2;adj
emji_lettre_d_amour;2;nom
opus;2;nom
cruise;2;nr
sdis;2;nr
spv;2;nr
annihiler;2;ver
eure;2;nr
ahahahaha;2;nr
détonner;2;ver
punchlines;2;nr
nullité;2;nom
aaaaah;2;nr
bird;2;nr
nibard;2;nom
vehicule;2;nr
emji_coeur_gris;2;nr
libourne;2;nr
emji_nuage;2;nom
boulevard;2;nom
lutin;2;nom
humanoïde;2;adj
vagabond;2;nom
balek;2;nr
whaaaa;2;nr
intrinsèques;2;nr
frer;2;nr
orh;2;nr
cuillerée;2;nom
reboire;2;ver
coma;2;nom
élimination;2;nom
acétaldéhyde;2;nr
oussama;2;nr
amar;2;nr
dyson;2;nr
stagiaire;2;nom
prolongement;2;nom
kelly;2;nr
tampis;2;nr
jourduis;2;nr
débrouillardise;2;nom
dépourvoir;2;ver
abrutissement;2;nom
fessais;2;nr
bienfaiteur;2;nom
comparativement;2;adv
emji_bouée_de_sauvetage;2;nr
voyent;2;nr
économe;2;nom
porche;2;nom
avidité;2;nom
distant;2;adj
prodigue;2;adj
déluge;2;nom
abu;2;nr
tripe;2;nom
dénuement;2;nom
dior;2;nr
audiard;2;nr
materiel;2;nr
mythos;2;nr
consumériste;2;adj
wouahhh;2;nr
pard;2;nr
pére;2;nr
matériellement;2;adv
emji_licorne;2;nom
demandeur;2;nom
raid;2;nom
fataliste;2;adj
dream;2;nr
ahha;2;nr
caramba;2;ono
bedoum;2;nr
finish;2;nom
avoué;2;adj
neuneu;2;adj
malheurement;2;nr
hien;2;nr
manosphere;2;nr
consors;2;nr
déballer;2;ver
extorquer;2;ver
2h30;2;nr
emji_flèche_bas;2;nr
oin;2;nr
préhistoire;2;nom
beug;2;nr
prompteur;2;nom
ogi;2;nr
narine;2;nom
audible;2;adj
aléa;2;nom
immatériel;2;adj
willy;2;nr
carapuce;2;nr
isruser_utilisateurice;2;nr
peanuts;2;nom
calomnier;2;ver
éponyme;2;adj
miraculeusement;2;adv
saborder;2;ver
coulant;2;adj
ahlala;2;nr
emji_poignée_de_main_peau_légèrement_mate;2;nr
démarcheur;2;nom
commercialement;2;adv
paradou;2;nr
simpson;2;nr
doubleur;2;nom
hercule;2;nom
c3po;2;nr
winnie;2;nr
ourson;2;nom
hara;2;nr
méconnaître;2;ver
goupils;2;nr
puff;2;nom
godille;2;nom
peuf;2;nr
engueulade;2;nom
tefal;2;nr
formage;2;nom
britchon;2;nr
arborer;2;ver
laiterie;2;nom
planete;2;nr
emji_boule_de_cristal;2;nom
subjonctif;2;nom
inculquaient;2;nr
anxieux;2;adj
class;2;adj
peus;2;nr
franglais;2;nom
savé;2;nr
trust;2;nom
a4;2;nr
optimisme;2;nom
phosphate;2;nom
taylor;2;nr
swift;2;nr
cuse;2;nr
sacrement;2;nom
anthropologique;2;adj
détachement;2;nom
oxymore;2;nom
diatribe;2;nom
nevois;2;nr
maps;2;nr
heuuuu;2;nr
pives;2;nr
calviniste;2;adj
sportivement;2;adv
querelle;2;nom
clocher;2;ver
qqc;2;nr
sahara;2;nr
lago;2;nr
lémanique;2;nr
chocolatine;2;nr
folklore;2;nom
1815;2;num
1897;2;num
négoce;2;nom
manufacture;2;nom
multiculturel;2;adj
francophobie;2;nom
republique;2;nr
emji_princesse;2;nom
maniaque;2;nom
attouchement;2;nom
lorie;2;nr
alertswiss;2;nr
13h30;2;nr
brazil;2;nr
boxster;2;nr
1250;2;num
motorola;2;nr
stephane;2;nr
saliver;2;ver
lambiel;2;nr
patinage;2;nom
siempre;2;nr
presentation;2;nr
globus;2;nr
fusionner;2;ver
emji_flèche_droite;2;nr
coopérative;2;nom
mi_maigre;2;nr
vietnamien;2;adj
acool;2;nr
dépérir;2;ver
épinard;2;nom
pacha;2;nom
diablox9;2;nr
cheveaux;2;nr
constellation;2;nom
anzère;2;nr
frelaté;2;adj
sommelier;2;nom
roubaix;2;nr
périr;2;ver
emji_pleine_lune;2;nom
c02;2;nr
dûe;2;nr
19eme;2;nr
sornette;2;nom
insalubre;2;adj
voyeur;2;nom
bell;2;nr
gb;2;nr
helas;2;nr
maitre;2;nr
cueilleur;2;nom
frissonner;2;ver
airbnb;2;nr
emji_personnage_féérique;2;nr
cassos;2;nr
gaité;2;nr
emji_chopes_de_bière;2;nr
noys;2;nr
pyrénées;2;nr
bla_bla_bla_bla_bla_bla_bla_bla_bla_bla;2;nr
ermitage;2;nom
emji_voie_lactée;2;nr
ahahahahah;2;nr
vest;2;nr
escrologie;2;nr
sami;2;nr
outalbali;2;nr
touz;2;nr
emji_cage;2;nom
tchouk;2;nr
emo;2;nr
logobi;2;nr
nooooon;2;nr
witcher;2;nr
ptdrr;2;nr
moves;2;nr
ty;2;nr
1an;2;nr
mp4;2;nr
battles;2;nr
10h00;2;nr
hakken;2;nr
mondotek;2;nr
treillis;2;nom
blaze;2;nom
jumpstyle;2;nr
irlandais;2;adj
ouch;2;nr
deferle;2;nr
ventilo;2;nom
cyrilg;2;nr
lard;2;nom
achtung;2;nr
batard;2;nr
vic;2;nr
emmerde;2;nom
jt;2;nr
bastide;2;nom
gestuel;2;adj
brouillon;2;nom
lives;2;nr
journee;2;nr
dancer;2;nr
askip;2;nr
synergie;2;nom
wilde;2;nr
roulé;2;adj
christopher;2;nr
martinique;2;nr
serial;2;nom
banir;2;nr
beurrier;2;nom
rangement;2;nom
dentifrice;2;nom
myriam;2;nr
tip;2;nr
frigidaire;2;nom
patricia;2;nr
dl;2;nr
micro_onde;2;nom
parabole;2;nom
nanoparticules;2;nr
betty;2;nr
tranchant;2;adj
carie;2;nom
sì;2;nr
relargage;2;nr
irréalisable;2;adj
3500;2;num
sot;2;nom
nepal;2;nr
christel;2;nr
empoisonnement;2;nom
think;2;nr
vaudou;2;nom
jajaja;2;nr
faner;2;ver
assener;2;ver
eteint;2;nr
mhmm;2;nr
fada;2;adj
piccand;2;nr
océanographe;2;nom
propagandiste;2;nom
dépopulation;2;nom
decide;2;nr
humanite;2;nr
discount;2;nom
exetera;2;nr
fédéré;2;nom
ey;2;nr
flat;2;adj
nous_même;2;pro_per
diabolique;2;adj
déraciner;2;ver
incertain;2;adj
resultats;2;nr
marionettes;2;nr
chevronné;2;adj
judith;2;nr
ecologie;2;nr
1ers;2;nr
mado_madomad;2;nr
realistes;2;nr
glacière;2;nom
astral;2;adj
stupéfait;2;adj
prophétie;2;nom
malthusien;2;nr
proteines;2;nr
archéologie;2;nom
kant;2;nr
leipzig;2;nr
apparenter;2;ver
felicitations;2;nr
spoil;2;nr
rafler;2;ver
malthus;2;nr
gourer;2;ver
pudiquement;2;adv
1789;2;num
orwell;2;nr
autoproclamés;2;nr
vertue;2;nr
tare;2;nom
eviter;2;nr
habitabilité;2;nom
réalisation;2;nom
energivore;2;nr
wowowowow;2;nr
refondre;2;ver
livreur;2;nom
25chf;2;nr
soude;2;nom
remplissage;2;nom
schindler;2;nr
benne;2;nom
verrerie;2;nom
conjugual;2;nr
blanc_seing;2;nom
passionnel;2;adj
prétention;2;nom
dissuasion;2;nom
olalala;2;nr
péjore;2;nr
renvoit;2;nr
amoindrir;2;ver
bono;2;nr
tron;2;nr
hubaux;2;nr
forster;2;nr
ronald;2;nr
avoirent;2;nr
pat;2;adj
ena;2;nr
freestyle;2;nr
bayrou;2;nr
wech;2;nr
emji_billet_en_yens;2;nom
voi;2;nr
loll;2;nr
pppfff;2;nr
phy;2;nr
oralement;2;adv
maso;2;nom
écorcher;2;ver
quadruple;2;adj
brusque;2;adj
emji_sucette;2;nom
emji_bonbon;2;nom
buvard;2;nom
tdh;2;nr
phaute;2;nr
démissionnaire;2;nom
studieux;2;adj
methode;2;nr
exo;2;nom
soûl;2;adj
insidieux;2;adj
débrouillard;2;adj
scolairement;2;adv
récapituler;2;ver
boscher;2;nr
scolarisé;2;nr
bienséance;2;nom
emji_main_avec_index_pointant_à_droite_peau_mate;2;nr
vaillant;2;adj
assistanat;2;nom
ahurissant;2;adj
tiquer;2;ver
gratifiant;2;adj
maicresse_du_sud;2;nr
médire;2;ver
rejeton;2;nom
arythmetique;2;nr
arithmétique;2;nom
effekt;2;nr
mariko;2;nr
topo;2;nom
topographie;2;nom
5ème;2;nr
lecons;2;nr
décrier;2;ver
exangue;2;nr
bavarder;2;ver
3ieme;2;nr
vivoter;2;ver
blessant;2;adj
tempe;2;nom
11ans;2;nr
emji_page;2;nom
soixante_dix;2;adj_num
lrs;2;nr
croupier;2;nom
repondu;2;nr
bahh;2;nr
innovantes;2;nr
ergonomie;2;nom
environnant;2;adj
malotru;2;nom
xx;2;nr
structuration;2;nr
savoir_vivre;2;nom
mecque;2;nr
diligence;2;nom
quedal;2;nr
schnecke;2;nr
acadie;2;nr
hardcore;2;nr
gougounes;2;nr
clanche;2;nr
juteux;2;adj
mde;2;nr
platt;2;nr
génital;2;adj
vulve;2;nom
eugenie;2;nr
rectangulaire;2;adj
uniformiser;2;ver
emji_chat_qui_sourit;2;nom
gan;2;nom
ramassoir;2;nr
toréer;2;ver
rhin;2;nr
foodtruck;2;nr
ecoutez;2;nr
essuis;2;nr
schpritz;2;nr
dénomination;2;nom
courtoisie;2;nom
belliqueux;2;adj
approximatif;2;adj
katze;2;nr
locle;2;nr
néerlandais;2;adj
betterave;2;nom
montagneux;2;adj
bonard;2;adj
orts;2;nr
raisinet;2;nom
régionalismes;2;nr
germanismes;2;nr
lourdasses;2;nr
feminin;2;nr
décimal;2;adj
celtique;2;adj
catze;2;nr
vater;2;nom
arobase;2;nom
pantoute;2;nr
inclusives;2;nr
mervelier;2;nr
galetas;2;nom
zu;2;nr
eine;2;nr
beignet;2;nom
fatr;2;nr
nop;2;nr
houlala;2;nr
bobonne;2;nom
homonyme;2;nom
séculaire;2;adj
narration;2;nom
emji_officier_de_police;2;nom
respirable;2;adj
zeus;2;nr
scootériste;2;nr
manteau;2;nom
ajrd;2;nr
in_extremis;2;adv
dégeu;2;nr
psychisme;2;nom
tda;2;nr
nelly;2;nr
chapelle;2;nom
343;2;num
self_défense;2;nom
ï;2;nr
bien_pensants;2;nr
dissolution;2;nom
proxénète;2;nom
fokon;2;nr
libertaire;2;adj
emji_savon;2;nom
sidérant;2;adj
insu;2;nom
etudiants;2;nr
muser_utilisateurice;2;nr
virement;2;nom
gun;2;nom
molo;2;nr
postcombustion;2;nom
j79;2;nr
whitney;2;nr
tf30;2;nr
configuration;2;nom
reagisse;2;nr
macadamia;2;nom
100g;2;nr
120g;2;nr
jv;2;nr
1k;2;nr
piegé;2;nr
gigot;2;nom
inventif;2;adj
dissimulation;2;nom
aguerri;2;adj
soûler;2;ver
piègé;2;nr
courgette;2;nom
étiquetage;2;nom
emmerd;2;nr
flicage;2;nom
sacoche;2;nom
dejà;2;nr
brio;2;nom
encombre;2;nom
majoration;2;nom
antivol;2;nom
safran;2;nom
kdo;2;nr
dénoter;2;ver
caissièr;2;nr
sous_payer;2;ver
immensément;2;adv
emji_personne_qui_court;2;nom
fifou;2;nr
génétiquement;2;adv
noëlle;2;nr
brûlebois;2;nr
portier;2;nom
lenoir;2;nr
jérôme;2;nr
kulou;2;nr
yvan;2;nr
eleve;2;nr
ceccon;2;nr
lavit;2;nr
conard;2;nom
turbulent;2;adj
taillefumier;2;nr
meurdesoif;2;nr
hanus;2;nr
aine;2;nom
laurence;2;nr
térreault;2;nr
wallon;2;adj
pauv;2;nr
hété;2;nr
bond;2;nom
répondi;2;nr
mater;2;ver
outrancier;2;adj
ard;2;nr
guinness;2;nr
complexé;2;adj
malou;2;nr
antilles;2;nr
baudet;2;nom
bailleur;2;nom
lab;2;nr
courtecuisse;2;nr
hamster;2;nom
bouée;2;nom
ping_pong;2;nom
bordure;2;nom
abreuvoir;2;nom
yva;2;nr
creee;2;nr
récup;2;nom
assos;2;nr
benisse;2;nr
abreuver;2;ver
sauvagement;2;adv
dément;2;adj
evitera;2;nr
assimilable;2;adj
bétonnage;2;nom
zoonoses;2;nr
inconditionnellement;2;adv
extrapolation;2;nom
tourtereau;2;nom
nutella;2;nr
enclencher;2;ver
rillette;2;nr
miniature;2;nom
tjours;2;nr
instin;2;nr
sin;2;nr
investire;2;nr
renouer;2;ver
emji_plante_en_pot;2;nom
oki;2;nr
teuteus;2;nr
mirabelle;2;nom
degager;2;nr
rouky;2;nr
urinaire;2;adj
maïs;2;nom
cardio_vasculaires;2;nr
indésirable;2;adj
laie;2;nom
obstruer;2;ver
lièvre;2;nom
dait;2;nr
étang;2;nom
grouiller;2;ver
voys;2;nr
reguler;2;nr
ext;2;nr
bruxellois;2;adj
mitrailleur;2;nom
trite;2;nr
razzia;2;nom
salem;2;nr
yaurait;2;nr
cascade;2;nom
putois;2;nom
morsure;2;nom
paon;2;nom
furet;2;nom
canap;2;nr
legalement;2;nr
monoculture;2;nom
contamination;2;nom
boost;2;nr
incruster;2;ver
ecosystème;2;nr
emji_homme_avec_la_paume_sur_le_visage_peau_moyennement_claire;2;nom
flasher;2;ver
reina;2;nr
cernunnos;2;nr
crémier;2;nom
hooooo;2;nr
bidoom;2;nr
zap;2;nr
coffret;2;nom
classic;2;nr
oû;2;nr
réalisable;2;adj
boat;2;nr
technolake;2;nr
ouiiiiiii;2;nr
emji_lunettes_de_vue;2;nom
emji_tornade;2;nom
rétrospective;2;nom
évocation;2;nom
malicieux;2;adj
jumelle;2;nom
ceuillait;2;nr
charpente;2;nom
régénération;2;nom
davy;2;nr
connection;2;nr
emji_micro_de_studio;2;nom
emji_casque;2;nom
gardin;2;nr
déglingué;2;adj
big_bang;2;nom
hostie;2;nom
bénit;2;adj
rêverais;2;nr
fraté;2;nr
bouchitey;2;nr
carole;2;nom
death;2;nr
procrastination;2;nom
zélote;2;nom
ennio;2;nr
abdel;2;nr
emji_index_pointant_vers_l_utilisateur_peau_claire;2;nom
candy;2;nr
teuf;2;nr
poppys;2;nr
orifice;2;nom
biquet;2;nom
whisky;2;nom
musicalement;2;adv
guest;2;nr
trek;2;nom
ashkénaze;2;nom
pal;2;nom
genocider;2;nr
païan;2;nr
usurpateur;2;nom
noé;2;nr
commandement;2;nom
its;2;nr
confirais;2;nr
quintessence;2;nom
kangourou;2;nom
iad;2;nr
acceuil;2;nr
pâque;2;nom
vius;2;nr
terreau;2;nom
lobotomiser;2;ver
pharisien;2;nom
promouvoit;2;nr
reduit;2;nr
retracer;2;ver
criss;2;nr
baveux;2;adj
disante;2;nr
kons;2;nr
renchérir;2;ver
decrivez;2;nr
verbalement;2;adv
nt;2;nr
vegans;2;nr
instructeur;2;nom
médicinal;2;adj
plexus;2;nom
ombrelle;2;nom
urbaniser;2;ver
pmes;2;nr
ravageur;2;adj
guêpe;2;nom
lorenz;2;nr
greve;2;nr
ode;2;nom
maron;2;nr
dep;2;nr
peyrou;2;nr
enthousiaste;2;adj
puriste;2;nom
aldebert;2;nr
puberté;2;nom
clone;2;nom
horror;2;nr
reborn;2;nr
bibelot;2;nom
momifier;2;ver
eb;2;nr
chpenss;2;nr
tapisserie;2;nom
mérou;2;nom
trophée;2;nom
étoffer;2;ver
montreal;2;nr
landecy;2;nr
ideie;2;nr
interprise;2;nr
sprint;2;nom
lande;2;nom
ddps;2;nr
f1;2;nr
monseigneur;2;nom_sup
syngenta;2;nr
qun;2;nr
surpuissant;2;adj
infinité;2;nom
raf;2;nr
chaotique;2;adj
interagissent;2;nr
onanisme;2;nom
nanisme;2;nom
éjaculer;2;ver
inspection;2;nom
patrouiller;2;ver
lisa;2;nr
walden;2;nr
solder;2;ver
plastoc;2;nom
bichon;2;nom
contrefoutre;2;ver
inintelligent;2;adj
mâture;2;nom
mt;2;nr
tenace;2;adj
jeunot;2;nom
clamer;2;ver
dz;2;nr
articulé;2;adj
lourdeur;2;nom
maillon;2;nom
lonza;2;nr
phytosanitaires;2;nr
fulgurant;2;adj
glion;2;nr
donf;2;nr
batue;2;nr
rancunier;2;adj
yannick;2;nr
défoncé;2;adj
questi;2;nr
lavidiere;2;nr
gl;2;nr
bp;2;nr
climatisé;2;adj
dévaluer;2;ver
charcuterie;2;nom
television;2;nr
corpus;2;nom
setup;2;nr
bros;2;nr
ea;2;nr
rétine;2;nom
gate;2;nr
viii;2;nr
téléchargement;2;nom
stone;2;adj
gamer;2;nr
linéaire;2;adj
transe;2;nom
tarzan;2;nom
mongolien;2;adj
jennifer;2;nr
warcraft;2;nr
zelda;2;nr
doom;2;nr
emji_clap;2;nom
cervical;2;adj
juve;2;nr
grazie;2;nr
hooliganisme;2;nr
enragé;2;adj
accoutumer;2;ver
vétuste;2;adj
hillsborough;2;nr
heyzel;2;nr
mans;2;nr
katia;2;nr
genevoix;2;nr
boudu;2;ono
persévérer;2;ver
hindou;2;nom
1m;2;nr
engrais;2;nom
apanage;2;nom
verger;2;nom
luo;2;nr
aujourdh;2;nr
karine;2;nr
menuiserie;2;nom
dany;2;nr
coutaient;2;nr
faussement;2;adv
boniche;2;nom
aubaine;2;nom
emji_pizza;2;nom
comptabilité;2;nom
visionnages;2;nr
emji_signe_de_la_main_peau_mate;2;nom
newman;2;nr
birn;2;nr
folo;2;nr
noirceur;2;nom
tantine;2;nom
dutroux;2;nr
running;2;nom
rafraîchissement;2;nom
formulé;2;adj
ahhhhh;2;nr
salopard;2;nom
dribble;2;nom
remontant;2;nom
hysterie;2;nr
rmc;2;nr
fiesta;2;nom
emji_bras_mécanique;2;nr
remontada;2;nr
etaot;2;nr
tanner;2;ver
héro;2;nom
tireur;2;nom
inespéré;2;adj
amigo;2;nom
8m;2;nr
garcia;2;nr
zidane;2;nr
nonante_huit;2;adj_num
souffleter;2;ver
demeuré;2;nom
emji_carte_joker;2;nom
pokémons;2;nr
duel;2;nom
vigésimal;2;nr
ugent;2;nr
del;2;nr
jlest;2;nr
near;2;nr
fiak;2;nr
volcanique;2;adj
ssatmk;2;nr
cocooning;2;nr
reve;2;nr
américa;2;nr
vir;2;nr
interêt;2;nr
azy;2;nr
emji_rouleau_de_papier;2;nom
lèpre;2;nom
emji_lune_et_étoile;2;nr
factice;2;adj
cordonnier;2;nom
pffffffff;2;nr
erasmus;2;nr
fessier;2;nom
amovible;2;adj
sentire;2;nr
rationner;2;ver
ronfler;2;ver
séville;2;nr
ibérique;2;adj
emji_microscope;2;nom
algèbre;2;nom
ibn;2;nr
averroès;2;nr
astrolabe;2;nom
navigation;2;nom
coupole;2;nom
adduction;2;nom
fortification;2;nom
troubadour;2;nom
irrigation;2;nom
raffinement;2;nom
flexible;2;adj
fiac;2;nr
cra;2;nr
nel;2;nr
dogme;2;nom
australien;2;adj
sourtout;2;nr
frenchy;2;nr
package;2;nom
demenage;2;nr
loool;2;nr
sillon;2;nom
clos;2;adj
canalisation;2;nom
pandant;2;nr
sperme;2;nom
aérosol;2;nom
etui;2;nr
constructeur;2;nom
conquete;2;nr
extensible;2;adj
paper;2;nr
robinetterie;2;nom
li;2;nom
2em;2;nr
allemangne;2;nr
desolé;2;nr
lache;2;nr
reluisant;2;adj
avenant;2;adj
morose;2;adj
emdr;2;nr
variante;2;nom
coaching;2;nr
équilibrer;2;ver
retranscrire;2;ver
nenettes;2;nr
nina;2;nr
aquabike;2;nr
graisser;2;ver
pale;2;nom
defois;2;nr
gymnaste;2;nom
métrage;2;nom
rolling;2;nr
loz;2;nr
downhill;2;nr
crackheads;2;nr
slalomer;2;ver
sphincter;2;nom
persones;2;nr
inline;2;nr
riders;2;nr
magnfique;2;nr
airways;2;nr
festoyer;2;ver
tambour;2;nom
bahn;2;nr
cocorico;2;nom
bambouléééééééé;2;nr
polymère;2;nom
salamin;2;nr
moiry;2;nr
réputer;2;ver
enraciné;2;adj
cousteau;2;nr
cavalier;2;nom
negatives;2;nr
ponctuer;2;ver
abricot;2;nom
reflechis;2;nr
içi;2;nr
save;2;nr
emji_cactus;2;nom
intervieweuse;2;nr
emji_kaaba;2;nom
decathlon;2;nr
toxine;2;nom
avans;2;nr
temporel;2;adj
vonnegut;2;nr
4h30;2;nr
toast;2;nom
bacon;2;nom
redécouvrir;2;ver
diana;2;nr
rechigner;2;ver
657;2;num
affluence;2;nom
buteur;2;nom
miskine;2;nr
garros;2;nr
balon;2;nr
penaltys;2;nr
flirt;2;nom
poireauter;2;ver
batik;2;nom
archiver;2;ver
acceuille;2;nr
convaincu;2;adj
sermon;2;nom
classistes;2;nr
amene;2;nr
spf50;2;nr
châtier;2;ver
tllmt;2;nr
discriminées;2;nr
oulalala;2;nr
grand_tante;2;nom
goulet;2;nom
exploiteur;2;nom
jouissance;2;nom
squattent;2;nr
successif;2;adj
anarchique;2;adj
relogés;2;nr
rodrigo;2;nr
réquisition;2;nom
garde_barrière;2;nom
sonceboz;2;nr
feel;2;nr
finistère;2;nr
toussaint;2;nom
électrification;2;nom
fle;2;nr
carresse;2;nr
egorger;2;nr
desolee;2;nr
plausible;2;adj
calligraphie;2;nom
dre;2;nr
évangile;2;nom
emji_oiseau_noir;2;nom
graphie;2;nom
langagière;2;nr
friperies;2;nr
presenté;2;nr
épaulette;2;nom
délavé;2;adj
madhouse;2;nr
honnetement;2;nr
tobler;2;nr
antichar;2;adj
serviteur;2;nom
amha;2;nr
scott;2;nr
dissuasives;2;nr
zotots;2;nr
decisions;2;nr
périmètre;2;nom
mathys;2;nr
sûreté;2;nom
boombox;2;nr
stéréo;2;nom
auditif;2;adj
shrek;2;nr
flac;2;ono
jeannette;2;nom
autoreverse;2;nr
aïwa;2;nr
monofil;2;nr
graal;2;nom
emji_carte_bancaire;2;nom
sé;2;nr
exploité;2;adj
congénital;2;adj
surpeuplé;2;adj
ames;2;nr
totem;2;nom
goliath;2;nom
steriliser;2;nr
balladent;2;nr
simpsons;2;nr
vorace;2;adj
consistance;2;nom
congénère;2;nom
intuitivement;2;adv
nourricier;2;adj
flopée;2;nom
trainer;2;nr
lr;2;nr
émuler;2;ver
slalom;2;nom
terne;2;adj
mécaniser;2;ver
box;2;nom
sécession;2;nom
revolution;2;nr
impératrice;2;nom
marquant;2;adj
ève;2;nom
pompidou;2;nr
teubés;2;nr
consequances;2;nr
haa;2;nr
onze;2;adj_num
infantilise;2;nr
gériatre;2;nr
jspr;2;nr
eiffel;2;nr
repentir;2;ver
riesen;2;nr
dedant;2;nr
understand;2;nr
bobby;2;nom
vetements;2;nr
emji_balai;2;nom
interchangeable;2;adj
moraliste;2;nom
prominent;2;nr
ajusté;2;adj
ik;2;nr
classiste;2;nr
whala;2;nr
nah;2;nr
gt;2;nr
california;2;nr
cabriolet;2;nom
lusso;2;nr
tn;2;nr
heinnn;2;nr
2c;2;nr
chevrolet;2;nr
rombier;2;nom
hurr;2;nr
stay;2;nr
lowkey;2;nr
calèche;2;nom
remix;2;nom
infecter;2;ver
f40;2;nr
300k;2;nr
600k;2;nr
650;2;num
250k;2;nr
coutait;2;nr
îlot;2;nom
casiment;2;nr
poor;2;nr
lt;2;nr
extincteur;2;nom
saupoudrer;2;ver
quetsche;2;nom
1kg;2;nr
narrateur;2;nom
audios;2;nr
var;2;nom
craquement;2;nom
lee;2;nr
chappi;2;nr
taklleur;2;nr
neuronal;2;adj
lucien;2;nr
chausseur;2;nom
supp;2;nr
braconner;2;ver
itou;2;adv_sup
loufoque;2;adj
macabre;2;adj
sub;2;adv
special;2;nr
blaguer;2;ver
discerner;2;ver
beaute;2;nr
retouche;2;nom
1881;2;num
administrer;2;ver
preferé;2;nr
tulipe;2;nom
vanessa;2;nr
integrale;2;nr
soyeux;2;adj
rivaliser;2;ver
méchamment;2;adv
chirac;2;nr
starlette;2;nom
della;2;nr
léonard;2;adj
immerger;2;ver
sensualité;2;nom
plagier;2;ver
werner;2;nr
amin;2;nr
casta;2;nr
taboo;2;nr
insinuation;2;nom
reproducteur;2;nom
destinataire;2;nom
hyménoptère;2;nom
carnassier;2;nom
accidentellement;2;adv
ruche;2;nom
exsangue;2;adj
apiculteur;2;nom
vraimenr;2;nr
calvaire;2;nom
egard;2;nr
transiter;2;ver
lumiere;2;nr
expédition;2;nom
robotique;2;nom
tétaniser;2;ver
invertébré;2;adj
agréé;2;adj
télégramme;2;nom
72h;2;nr
décollement;2;nom
scrabble;2;nom
tisane;2;nom
benh;2;nr
switzer;2;nr
boston;2;nom
emji_femme_qui_court;2;nom
stratosphérique;2;adj
pitre;2;nom
emji_souris;2;nom
marital;2;adj
grammaticalement;2;adv
sororité;2;nom
piusser;2;nr
atrophier;2;ver
misopède;2;nr
caïd;2;nom
perturbé;2;adj
regle;2;nr
sem;2;nr
broutille;2;nom
permanenter;2;ver
tshirt;2;nr
éleves;2;nr
médisance;2;nom
fiantes;2;nr
hue;2;ono
souiller;2;ver
percutant;2;adj
génome;2;nom
gen0cides;2;nr
ass;2;nr
excitation;2;nom
piaf;2;nom
brunch;2;nom
relâchement;2;nom
astiquer;2;ver
slayes;2;nr
bégayent;2;nr
metteur;2;nom
hambourgère;2;nr
marshall;2;nr
laitage;2;nom
nne;2;nr
boomeuse;2;nr
emji_doigt_d_honneur_peau_claire;2;nom
maraicher;2;nr
process;2;nom
stéroïde;2;adj
dissert;2;nr
fi;2;ono
châtelet;2;nom
hambourguère;2;nr
personnifié;2;adj
artus;2;nr
sitôt;2;adv
hervé;2;nr
a0;2;nr
240;2;num
hébergement;2;nom
zt;2;nr
oestrogène;2;nom
gérable;2;adj
irritabilité;2;nom
incontrôlable;2;adj
ouuuu;2;nr
tessinoise;2;nr
tonalité;2;nom
festin;2;nom
vison;2;nom
fatiguants;2;nr
bastille;2;nom
fauteur;2;nom
sergio;2;nr
tacchini;2;nr
tributaire;2;adj
burlingtons;2;nr
pastille;2;nom
100frs;2;nr
cabrer;2;ver
newwave;2;nr
church;2;nr
girbaud;2;nr
invicta;2;nr
levis;2;nr
barré;2;adj
fiat;2;nom
benetts;2;nr
psychédélique;2;adj
17ans;2;nr
sape;2;nom
weston;2;nr
pistache;2;nom
hardos;2;nr
patch;2;nom
bennet;2;nr
united;2;nr
colt;2;nom
waikiki;2;nr
inlassablement;2;adv
naaaan;2;nr
calmos;2;ono
bike;2;nr
martens;2;nr
loser;2;nom
mbk;2;nr
declin;2;nr
micro_trottoirs;2;nr
amais;2;nr
bomber;2;ver
casuals;2;nr
cyclos;2;nr
bab;2;nr
mitaine;2;nom
pkoi;2;nr
ogm;2;nr
emji_aile;2;nom
fainéantise;2;nom
pedro;2;nr
americans;2;nr
117;2;num
excitant;2;adj
globalisation;2;nom
recent;2;nr
perquisition;2;nom
latino_américain;2;nom
jurassienne;2;nr
grindcore;2;nr
squeal;2;nr
étal;2;nom
brulé;2;nr
embarrasser;2;ver
arménie;2;nr
tacher;2;ver
xamax;2;nr
millieu;2;nr
impuni;2;adj
streller;2;nr
amendable;2;nr
paschoud;2;nr
fourre_tout;2;nom
paternalisme;2;nom
agoniser;2;ver
addictifs;2;nr
volvo;2;nr
inteligente;2;nr
réanimer;2;ver
impertinent;2;adj
soporifique;2;adj
protègera;2;nr
has;2;nr
been;2;nr
choléra;2;nom
degeu;2;nr
douglas;2;nom
frei;2;nr
étouffant;2;adj
réclame;2;nom
tzigane;2;adj
maigret;2;nr
aitai;2;nr
prennais;2;nr
ausssi;2;nr
moult;2;adv
far;2;nom
ferney;2;nr
26ans;2;nr
sexeur;2;nr
agroalimentaire;2;nom
danny;2;nr
polue;2;nr
nuggets;2;nr
examiner;2;ver
oohhh;2;nr
censeur;2;nom
htag_lausanne;2;nom_sup
ices;2;nr
clavicule;2;nom
augustin;2;nom
ar;2;nr
mûsâ;2;nr
moïse;2;nom
prérogative;2;nom
series;2;nr
omar;2;nr
meeting;2;nom
oméga;2;nom
pasteur;2;nom
ríen;2;nr
emji_v_de_la_victoire_peau_foncée;2;nr
sisteme;2;nr
createur;2;nr
gandhi;2;nr
sí;2;nr
jérémie;2;nr
spiritualité;2;nom
boson;2;nr
higgs;2;nr
kepler;2;nr
newton;2;nr
xixe;2;nr
physicien;2;nom
biblique;2;adj
invocation;2;nom
rompu;2;adj
deutéronome;2;nom
emji_livre_ouvert;2;nom
entour;2;nom
emji_baguette_magique;2;nom
testament;2;nom
cnest;2;nr
miséricordieux;2;adj
insects;2;nr
elordi;2;nr
transposer;2;ver
buveur;2;nom
prendrent;2;nr
crépuscule;2;nom
water;2;nom
doing;2;nr
gnognotte;2;nom
collombin;2;nr
mmmm;2;nr
spirou;2;nr
furby;2;nr
séraphina;2;nr
garence;2;nr
détective;2;nom
playmobils;2;nr
1944;2;num
naz;2;nr
equivalent;2;nr
60chf;2;nr
x3;2;nr
merch;2;nr
interactif;2;adj
vtt;2;nr
miami;2;nr
élégence;2;nr
maaanifiiiiiiiiique;2;nr
redécouverte;2;nom
200frs;2;nr
500chf;2;nr
fente;2;nom
emji_employé_de_bureau;2;nr
nemo;2;nr
halal;2;adj
medina;2;nr
fabulation;2;nom
soutirer;2;ver
dérangement;2;nom
nicole;2;nr
paracetamol;2;nr
oeux;2;nr
cidre;2;nom
emji_infini;2;nom
known;2;nr
fifteen;2;nr
terrific;2;nr
said;2;nr
much;2;nr
many;2;nr
younger;2;nr
jet_set;2;nom
énigme;2;nom
fuité;2;nr
revirement;2;nom
degueulasserie;2;nr
bourbier;2;nom
impot;2;nr
50million;2;nr
naitre;2;nr
climatiquement;2;nr
proportionnellemebt;2;nr
500k;2;nr
000chf;2;nr
titanesque;2;adj
flex;2;nr
desquels;2;pro_rel
taxera;2;nr
fructifier;2;ver
20min;2;nr
aur;2;nr
implémenté;2;nr
hégémonie;2;nom
stimulation;2;nom
nebel;2;nr
370;2;num
cumulent;2;nr
incitations;2;nr
buser_utilisateurice;2;nr
valuée;2;nr
assets;2;nr
paillasson;2;nom
icc;2;nr
151;2;num
mios;2;nr
antinomique;2;adj
fucking;2;nr
magouiller;2;ver
garde_fou;2;nom
réaménagement;2;nom
correlation;2;nr
intimement;2;adv
prédisposition;2;nom
converger;2;ver
comprennez;2;nr
elite;2;nr
core;2;nr
penchant;2;nom
raboter;2;ver
endeuillé;2;adj
ignacio;2;nr
syndicaliste;2;nom
800m;2;nr
16500;2;num
coexistence;2;nom
tronc;2;nom
votant;2;nom
flatterie;2;nom
mendicité;2;nom
faitent;2;nr
maturation;2;nom
bâche;2;nom
surconsommer;2;ver
gnia;2;nr
emji_femme_blonde_peau_claire;2;nom
inefficacité;2;nom
exagéré;2;adj
répétitif;2;adj
355chf;2;nr
débecter;2;ver
démocratisation;2;nom
artists;2;nr
perfectible;2;adj
emji_dos_de_main_levée;2;nr
ips;2;nr
spécialisation;2;nom
21h;2;nr
kc;2;nr
greffon;2;nom
cicatrisation;2;nom
indulgent;2;adj
paradoxalement;2;adv
grouper;2;ver
caviarder;2;ver
pelos;2;nr
volik680;2;nr
sky;2;nr
pfizer;2;nr
ppm;2;nr
emji_tête_secouée_horizontalement;2;nr
palézieux;2;nr
gerer;2;nr
thailande;2;nr
alourdir;2;ver
450k;2;nr
dangeureuses;2;nr
réintégration;2;nom
bellinzona;2;nr
enzo;2;nr
protege;2;nr
brigandage;2;nom
tally;2;nr
weijl;2;nr
débâcle;2;nom
imbécilité;2;nr
stoper;2;nr
gén;2;nr
3xl;2;nr
cancérogène;2;adj
nonantemag;2;nr
extrémité;2;nom
tramway;2;nom
1602;2;num
alstom;2;nr
bouchée;2;nom
faisabilité;2;nom
2040;2;num
mouette;2;nom
raccordement;2;nom
gingolph;2;nr
évolutif;2;adj
lemanique;2;nr
assainissement;2;nom
rdes;2;nr
accompagnants;2;nr
letten;2;nr
wacquant;2;nr
sociologue;2;nom
redressement;2;nom
flancher;2;ver
cheminement;2;nom
2balles;2;nr
causal;2;adj
vautour;2;nom
psychotrope;2;nom
attrayant;2;adj
transitoire;2;adj
lobbyisme;2;nr
anticonstitutionnel;2;adj
far_west;2;nom
riverain;2;nom
notallmen;2;nr
victimisme;2;nr
comis;2;nr
déficitaire;2;adj
séquelle;2;nom
laura;2;nr
naaan;2;nr
tutos;2;nr
colorier;2;ver
emji_bébé_ange;2;nr
intêret;2;nr
tremplin;2;nom
marguet;2;nr
recents;2;nr
bigard;2;nr
subliminal;2;adj
emji_dossier_ouvert;2;nom
jews;2;nr
valcambi;2;nr
divergence;2;nom
bit;2;nom
scam;2;nr
positivité;2;nom
oesch;2;nr
muotatal;2;nr
delamuraz;2;nr
signataire;2;nom
abstentions;2;nr
féodal;2;adj
glandeur;2;nom
chuchu;2;nr
sciemment;2;adv
ptet;2;nr
immobilisme;2;nom
indignez;2;nr
emji_pouce_et_index_rapprochés;2;nr
desordre;2;nr
négligent;2;adj
tolerance;2;nr
interets;2;nr
qual;2;nr
ele;2;nr
commémoration;2;nom
piranha;2;nom
clôturer;2;ver
dictadure;2;nr
slava;2;nr
rythmique;2;nom
olympia;2;nr
brasse;2;nom
bardella;2;nr
méthodologie;2;nom
éditorialisme;2;nr
combustible;2;nom
visio;2;nr
nucleaire;2;nr
décarbonée;2;nr
pilotable;2;nr
pétrochimie;2;nom
décarboner;2;nr
cn;2;nr
verite;2;nr
oxfam;2;nr
30k;2;nr
6k;2;nr
rééduquer;2;ver
bourde;2;nom
diététicien;2;nom
ougandais;2;nom
brutalité;2;nom
vulgariser;2;ver
urgentistes;2;nr
ad;2;nr
imbécilités;2;nr
fluctuants;2;nr
trumpiste;2;nr
désinformer;2;ver
emblème;2;nom
bom;2;nr
parcelle;2;nom
joignable;2;adj
pavaner;2;ver
35h;2;nr
heur;2;nom
lunch;2;nom
problemes;2;nr
shadowban;2;nr
repet;2;nr
grader;2;nom
enorment;2;nr
structurer;2;ver
sucide;2;nr
lacunaire;2;adj
2028;2;num
fur;2;nr
tempora;2;nr
attitré;2;adj
conscription;2;nom
réintroduction;2;nr
imminent;2;adj
pof;2;nr
guérilla;2;nom
infuser;2;ver
excelente;2;nr
dissolu;2;adj
troie;2;nr
000km2;2;nr
embrasement;2;nom
désintéresser;2;ver
xxi;2;nr
respectif;2;adj
hammam;2;nom
sauna;2;nom
fsire;2;nr
occasionner;2;ver
corpulence;2;nom
renfermement;2;nom
angoissé;2;adj
evenement;2;nr
operation;2;nr
trading;2;nr
995;2;num
interférer;2;ver
plébisciter;2;ver
elisabeth;2;nr
taiwan;2;nr
unige;2;nr
éthiquement;2;adv
relevé;2;nom
astucieux;2;adj
sterile;2;nr
bfs;2;nr
malentendant;2;adj
corcelles;2;nr
interpretation;2;nr
deformation;2;nr
déformation;2;nom
sophietorga;2;nr
bete;2;nr
451;2;num
ben10;2;nr
mirror;2;nr
jimmy;2;nr
peaky;2;nr
artefact;2;nom
patrimoniale;2;nr
milions;2;nr
nantermod;2;nr
bicarbonate;2;nom
deo;2;nr
reconsidérer;2;ver
enneigement;2;nom
jan;2;nom
ancré;2;adj
vice_présidence;2;nom
técol;2;nr
haver;2;ver
oder;2;nr
histoir;2;nr
honorifique;2;adj
patriotique;2;adj
traditionnellement;2;adv
délaisser;2;ver
profie;2;nr
crétacé;2;nom
emji_sauropode;2;nom
récuser;2;ver
accaparent;2;nr
guillotin;2;nr
appauvrissent;2;nr
asservissement;2;nom
001;2;num
rageant;2;adj
périle;2;nr
550;2;num
incontestable;2;adj
innovent;2;nr
fratelo;2;nr
lys;2;nom
bachet;2;nr
porte_avion;2;nom
pare_balles;2;adj
225;2;num
413;2;num
coffee;2;nr
luca;2;nr
hopp;2;nr
90chf;2;nr
bravooo;2;nr
friand;2;adj
aaa;2;nr
wattpad;2;nr
x100;2;nr
romancé;2;adj
déconstruits;2;nr
merry;2;nr
christmas;2;nom
amortisseur;2;nom
réinvestir;2;ver
room;2;nr
lampe;2;nom
modulation;2;nom
imputer;2;ver
questionnable;2;nr
délimiter;2;ver
copeau;2;nom
acidité;2;nom
333;2;num
déductible;2;adj
stagnants;2;nr
exonéré;2;nr
chihuahua;2;nom
perruche;2;nom
spix;2;nr
effrayé;2;adj
emji_maison;2;nom
emji_globe_avec_méridiens;2;nr
silver;2;nr
controle;2;nr
emji_crème_renversée;2;nr
oseille;2;nom
stratus;2;nom
4g;2;nr
charlatan;2;nom
bilingue;2;nom
atteignable;2;adj
extrêmiste;2;nr
décentraliser;2;ver
locuteurs;2;nr
locuteur;2;nom
argumentative;2;nr
trimballer;2;ver
immaculé;2;adj
grüezi;2;nr
expats;2;nr
communautarisme;2;nr
pifomètre;2;nom
rafaella;2;nr
maitrises;2;nr
gneugneugneu;2;nr
toledo;2;nr
dijon;2;nr
tigrinya;2;nr
dudit;2;pre
prisme;2;nom
rediscuter;2;ver
durcissement;2;nom
plagiat;2;nom
fach;2;nr
antifasciste;2;nom
pretendre;2;nr
ich;2;nr
pondeur;2;nom
égorgement;2;nom
consommable;2;adj
bergues;2;nr
etonnement;2;nr
urgemment;2;adv
réutilisable;2;nr
electrique;2;nr
reduction;2;nr
moyenâgeux;2;adj
mazette;2;ono
sses;2;nr
festivité;2;nom
pêter;2;nr
bananaz;2;nr
renter;2;ver
boicot;2;nr
noif;2;nr
rocket;2;nom
inlines;2;nr
emji_trottinette;2;nom
tl;2;nr
emji_gâteau_d_anniversaire;2;nr
brelaz;2;nr
fascisation;2;nr
6x;2;nr
égoûts;2;nr
dégueuler;2;ver
lenin;2;nr
récidiviste;2;nom
deso;2;nr
monastère;2;nom
souverainiste;2;nr
autodétermination;2;nom
compiler;2;ver
000frs;2;nr
frauduleux;2;adj
concevable;2;adj
examples;2;nr
htag_1;2;nom_sup
freres;2;nr
sabalenka;2;nr
etant;2;nr
kyrgios;2;nr
nadal;2;nr
rroristes;2;nr
hiroshima;2;nr
débarquement;2;nom
htag_freeukraine;2;nom_sup
cerne;2;nom
presidents;2;nr
pleithores;2;nr
tick;2;nr
tock;2;nr
fakes;2;nr
oceans;2;nr
infinitésimal;2;adj
lunosensible;2;nr
lunatique;2;adj
foufou;2;adj
ctrl;2;nr
view;2;nr
tribal;2;adj
expatrié;2;nom
lool;2;nr
trouvable;2;adj
théoriser;2;ver
globe;2;nom
aggressifs;2;nr
pardonnables;2;nr
profilage;2;nom
judéo_chrétien;2;adj
reflexions;2;nr
clivants;2;nr
discrédit;2;nom
autodafé;2;nom
récession;2;nom
preference;2;nr
victimises;2;nr
ectomorphe;2;nr
minceur;2;nom
demon;2;nr
750;2;num
contre_attaquer;2;ver
incorrect;2;adj
confit;2;adj
ramin;2;nr
maia;2;nr
network;2;nr
amas;2;nom
barak;2;nr
ehud;2;nr
integre;2;nr
hospitalité;2;nom
ishmael;2;nr
malinois;2;nom
si0nistes;2;nr
scandinavie;2;nr
israelienne;2;nr
analytique;2;adj
laps;2;nom
cratère;2;nom
emji_comète;2;nr
consumer;2;ver
contrefaçon;2;nom
emphase;2;nom
sàrl;2;nr
fret;2;nom
flashy;2;nr
cinquième;2;adj
maxitype;2;nr
usagé;2;adj
badge;2;nom
enerver;2;nr
jerusalem;2;nr
rediriger;2;ver
north;2;nr
night;2;nr
cheap;2;adj
golmut;2;nr
emji_appareil_photo_avec_flash;2;nom
palmer;2;ver
absenter;2;ver
zionists;2;nr
cojones;2;nr
fascisant;2;nr
quichotte;2;nom
éhonté;2;adj
successeur;2;nom
généreusement;2;adv
goebbels;2;nr
alinéa;2;nom
éclaircir;2;ver
pister;2;ver
psychanalyse;2;nom
biz;2;nr
pidcp;2;nr
dispersion;2;nom
illegal;2;nr
intituler;2;ver
tronqué;2;adj
ngo;2;nr
allégation;2;nom
queer;2;nr
quelques_uns;2;pro_ind
latéral;2;adj
p0lice;2;nr
israél;2;nr
husayniyya;2;nr
khisas;2;nr
younis;2;nr
kafr;2;nr
qasim;2;nr
bureik;2;nr
chatila;2;nr
aqsa;2;nr
tantura;2;nr
ibrahimi;2;nr
deir;2;nr
yasin;2;nr
jénine;2;nr
arabeya;2;nr
ramla;2;nr
yazur;2;nr
tabra;2;nr
tulkarem;2;nr
kabir;2;nr
qalunya;2;nr
nasir;2;nr
tibériade;2;nr
zaytoun;2;nr
caire;2;nr
ordonnance;2;nom
atrocement;2;adv
convergence;2;nom
éperdument;2;adv
sociopathe;2;adj
isrhell;2;nr
emji_drapeau_niger;2;nom
deportation;2;nr
sous_marin;2;adj
acté;2;nr
amerlock;2;nr
emji_alien;2;nom
goats;2;nr
matrixés;2;nr
pol;2;nr
abjection;2;nom
téméraire;2;adj
marquis;2;nom
d_ores_et_déjà;2;adv
aigreur;2;nom
manigancer;2;ver
380;2;num
htag_freepalestine;2;nom_sup
pacifier;2;ver
called;2;nr
emji_pomme_verte;2;nom
époisse;2;nr
cénovis;2;nr
eth;2;nr
epfz;2;nr
stranger;2;nr
things;2;nr
selection;2;nr
rallonge;2;nom
hyp;2;nr
30mn;2;nr
centers;2;nr
troc;2;nom
nigérien;2;adj
milton;2;nr
blackout;2;nr
processeur;2;nom
nft;2;nr
tsunami;2;nom
destituer;2;ver
venezueliens;2;nr
aka;2;nr
a_contrario;2;adv
gringo;2;nom
weiss;2;nr
hottiger;2;nr
kubi;2;nr
jorge;2;nr
daddy;2;nr
encor;2;adv
meriem;2;nr
glamouriser;2;nr
déviant;2;adj
basic;2;nom
barghouti;2;nr
17ème;2;nr
buvable;2;adj
presents;2;nr
cry;2;nr
pélicot;2;nr
pelicot;2;nr
zrh;2;nr
emji_index_pointant_vers_le_haut_peau_légèrement_mate;2;nr
ecublens;2;nr
désengorgeait;2;nr
lane;2;nr
cherry;2;nom
picking;2;nr
mrd;2;nr
fouille;2;nom
entreposer;2;ver
rotation;2;nom
50k;2;nr
40k;2;nr
révoquer;2;ver
dem;2;nr
téléréalité;2;nr
cornut;2;nr
sonam;2;nr
israëlienne;2;nr
vi0ler;2;nr
assasin;2;nr
déchaîner;2;ver
ffs;2;nr
hydrocarbure;2;nom
ouzbékistan;2;nr
consommes;2;nr
criminalise;2;nr
grès;2;nom
érudit;2;nom
sorbon;2;nom
influenceuses;2;nr
ternir;2;ver
identitaire;2;adj
chronologique;2;adj
oleurs;2;nr
imagerie;2;nom
inatteignable;2;adj
chads;2;nr
meritent;2;nr
humilié;2;adj
cristalliser;2;ver
estce;2;nr
haiti;2;nr
evidement;2;nr
bfmtv;2;nr
birmanie;2;nr
aparthide;2;nr
chrétienté;2;nom
ssr;2;nr
isra3l;2;nr
tags;2;nr
7eme;2;nr
démembrer;2;ver
volumineux;2;adj
perorez;2;nr
emji_nuit_étoilée;2;nr
bethléem;2;nr
incendié;2;adj
significativement;2;adv
g3n0c1de;2;nr
karim;2;nr
gazaouie;2;nr
calomnieux;2;adj
hassan;2;nr
guess;2;nr
cassage;2;nom
déambuler;2;ver
scepticisme;2;nom
ambiguïté;2;nom
déprédation;2;nom
rtsionist;2;nr
israhellienne;2;nr
nuser_utilisateurice;2;nr
ravitaillement;2;nom
palastine;2;nr
hotages;2;nr
yanou;2;nr
ivanovic;2;nr
tsoin;2;nr
fatah;2;nr
laïc;2;adj
moue;2;nom
benevolat;2;nr
rigidité;2;nom
planet;2;nr
echec;2;nr
creche;2;nr
internaute;2;nom
maurine;2;nr
diane;2;nom
stigmatise;2;nr
contaminent;2;nr
lancet;2;nr
fund;2;nr
antioxydant;2;nom
htag_lesbeauxparleurs;2;nom_sup
oncologie;2;nom
mrs;2;nr
vsa;2;nr
commodité;2;nom
antithèse;2;nom
377;2;num
coercitifs;2;nr
gesticuler;2;ver
interparlementaire;2;nr
ouïgour;2;nom
munir;2;ver
autruis;2;nr
déambulateur;2;nom
narguer;2;ver
sprayant;2;nr
bronken;2;nr
accablant;2;adj
propalestinien;2;nr
exacerber;2;ver
systems;2;nr
robocops;2;nr
cagoulées;2;nr
rwanda;2;nr
tronçonneur;2;nom
suspecter;2;ver
répressifs;2;nr
démesure;2;nom
nassées;2;nr
combativité;2;nom
536;2;num
meanwhile;2;nr
immobile;2;adj
débris;2;nom
dédommagement;2;nom
dea;2;nr
chao;2;adv
palestiennes;2;nr
potos;2;nom
emji_adn;2;nom
cristallisation;2;nom
tracter;2;ver
avgas;2;nr
100ll;2;nr
eliot;2;nr
radicaliser;2;ver
10800;2;num
salah;2;nr
amélie;2;nr
15h30;2;nr
serrurier;2;nom
filiale;2;nom
inculpation;2;nom
jihadiste;2;nr
sde;2;nr
60000;2;num
libere;2;nr
his;2;nr
covering;2;nr
war;2;nr
dégoutée;2;nr
froidement;2;adv
traitant;2;adj
policiaire;2;nr
rre;2;nr
gvir;2;nr
croupir;2;ver
tor;2;nr
initiateur;2;adj
indefendable;2;nr
malfrat;2;nom
diag;2;nr
autodiagnostics;2;nr
autodiagnostic;2;nr
tiktoks;2;nr
federale;2;nr
tordant;2;adj
titrer;2;ver
devien;2;nr
dépotoir;2;nom
reveillent;2;nr
excusable;2;adj
ehhhh;2;nr
torturé;2;adj
désescalader;2;nr
mals;2;nr
flashball;2;nr
pask;2;nr
fdo;2;nr
discour;2;nr
lâchement;2;adv
internationals;2;nr
déshumanisés;2;nr
informe;2;adj
décolonial;2;nr
collation;2;nom
attrocités;2;nr
délecter;2;ver
batiment;2;nr
naif;2;nr
pénalisant;2;nr
toto;2;nom
f0lle;2;nr
détérioration;2;nom
coool;2;nr
hospitalisation;2;nom
modique;2;adj
éclabousser;2;ver
sponso;2;nr
palmade;2;nr
messire;2;nom
musulmanne;2;nr
océanique;2;adj
généalogique;2;adj
battrent;2;nr
guardian;2;nr
detainees;2;nr
emji_briquette_de_jus;2;nom
tselem;2;nr
malnutrition;2;nom
internacionales;2;nr
genoci;2;nr
inconsidéré;2;adj
emji_poignée_de_main_peau_mate;2;nr
malien;2;nom
1000x;2;nr
palestinasi;2;nr
sea;2;nr
js;2;nr
acts;2;nr
victimizer;2;nr
camomille;2;nom
initiants;2;nr
kalash;2;nr
défendable;2;adj
surinformation;2;nom
paske;2;nr
antisymétrique;2;nr
cdi;2;nr
provisoirement;2;adv
sparadrap;2;nom
pondérer;2;ver
libérateur;2;nom
sonder;2;ver
llm;2;nr
confiscation;2;nom
drosophile;2;nom
emji_bulle_colère_droite;2;nr
fallout;2;nr
suffisament;2;nr
ensevelir;2;ver
isme;2;nom
suzane;2;nr
50fr;2;nr
aurore;2;nom
loft;2;nom
cape;2;nom
iconiques;2;nr
pax;2;nr
rationaliser;2;ver
parasocial;2;nr
grok;2;nr
légumineuses;2;nr
méthylmercure;2;nr
emji_requin;2;nom
roussette;2;nom
ruer;2;ver
vegetal;2;nr
judiciairement;2;nr
egyptiens;2;nr
desolation;2;nr
quatar;2;nr
nic;2;nr
votte;2;nr
revaz;2;nr
3x8;2;nr
basiquement;2;nr
syndical;2;adj
prontos;2;nr
commissariat;2;nom
cue;2;nr
fascist;2;nr
irritant;2;adj
génoc;2;nr
balistique;2;nom
fuser_utilisateurice;2;nr
catégorisées;2;nr
ufc;2;nr
anévrisme;2;nom
exemplarité;2;nom
controlé;2;nr
valeure;2;nr
dessu;2;nr
diego;2;nr
insecure;2;nr
decider;2;nr
fiteuse;2;nr
lautre;2;nr
tabbasant;2;nr
empecher;2;nr
taguent;2;nr
prémédité;2;adj
non_blanches;2;nr
sherpa;2;nom
filtrant;2;adj
emji_bulle_de_pensée;2;nr
faisceau;2;nom
subordination;2;nom
brain;2;nr
compact;2;adj
violante;2;nr
htag_rts;2;nom_sup
authoritaires;2;nr
fé;2;nr
fluorescent;2;adj
illegalement;2;nr
mathématicien;2;nom
aprioris;2;nr
insensible;2;adj
maudire;2;ver
prennez;2;nr
kéké;2;nr
déchirure;2;nom
macula;2;nom
htag_raslescoot;2;nom_sup
25km;2;nr
débrider;2;ver
60km;2;nr
mad;2;nr
eventuellement;2;nr
netanyaou;2;nr
riste;2;nr
appât;2;nom
paramilitaire;2;adj
avi;2;nr
tchécoslovaquie;2;nr
baaah;2;nr
terro_riste;2;nr
suspicion;2;nom
qaida;2;nr
wilsdorf;2;nr
emji_policier;2;nom
détecteur;2;nom
gynéco;2;nom
caracs;2;nr
périnatal;2;nr
lupin;2;nom
googler;2;nr
spécisme;2;nr
empiffrer;2;ver
lethal;2;nr
walder;2;nr
immuniser;2;ver
trumpy;2;nr
coronavirus;2;nr
unien;2;nr
emji_tarte;2;nom
i24;2;nr
ort;2;adj
déformé;2;adj
chouinent;2;nr
cu;2;nr
euuuh;2;nr
mond;2;nr
alor;2;nr
angélique;2;adj
saber;2;nr
subtilement;2;adv
pef;2;nr
btp;2;nr
onusien;2;nr
ofrou;2;nr
ocstat;2;nr
obwald;2;nr
bijouterie;2;nom
cloppes;2;nr
rubrique;2;nom
skyguide;2;nr
poignon;2;nr
comptage;2;nom
9mio;2;nr
allocation;2;nom
45min;2;nr
boeing;2;nr
747;2;num
772;2;num
bolivien;2;adj
angola;2;nr
sayer;2;nr
emji_ok_peau_foncée;2;nr
difforme;2;adj
non_droit;2;nom
cea;2;nr
repeindre;2;ver
20h00;2;nr
slovénie;2;nr
ataque;2;nr
marian;2;nom
cravatte;2;nr
rival;2;nom
matthew;2;nr
déclencheur;2;nom
neuronnes;2;nr
domicilié;2;adj
postulez;2;nr
chiffe;2;nom
englober;2;ver
relent;2;nom
regardantes;2;nr
inadmisdible;2;nr
insertion;2;nom
depenses;2;nr
debunker;2;nr
ressentiment;2;nom
invulnérable;2;adj
gg;2;nr
fourguer;2;ver
raffiné;2;adj
anecdotique;2;adj
disqueuse;2;nr
consterner;2;ver
emji_main_levée;2;nr
dégeulasse;2;nr
50ct;2;nr
htag_primesenfonctiondurevenuetdelafortune;2;nom_sup
intolérances;2;nr
amidon;2;nom
fuseau;2;nom
cybercriminalité;2;nr
ongs;2;nr
ter;2;adv
déconnectées;2;nr
paupérisation;2;nom
piteux;2;adj
probité;2;nom
litanie;2;nom
karcher;2;nr
facilitation;2;nom
won;2;nr
exces;2;nr
260;2;num
instagramm;2;nr
dindon;2;nom
prohibé;2;adj
isère;2;nr
chamois;2;nom
diagonale;2;nom
kmv;2;nr
museler;2;ver
oppressés;2;nr
phephe;2;nr
grokipedia;2;nr
stephen;2;nr
emji_bombe;2;nom
palestiiiine;2;nr
passoire;2;nom
made;2;nr
oise;2;nr
transpalettes;2;nr
inoxydable;2;nom
céramique;2;nom
téflon;2;nom
amorcer;2;ver
thun;2;nr
zelande;2;nr
côme;2;nr
serie;2;nr
nfl;2;nr
impersonnel;2;adj
badaud;2;nom
racis;2;nr
igs;2;nr
around;2;nr
cinoche;2;nom
tornike;2;nr
sologashvili;2;nr
waouhhh;2;nr
pleinte;2;nr
racialisme;2;nr
m0nstres;2;nr
êté;2;nr
unicef;2;nr
impactés;2;nr
10millions;2;nr
vi0l;2;nr
000fr;2;nr
flouté;2;nr
dress;2;nr
présentiel;2;nr
énergivores;2;nr
chromosomique;2;adj
attractivité;2;nr
htag_suisse;2;nom_sup
debunk;2;nr
plus_value;2;nom
exempter;2;ver
secondo;2;nom
bonhome;2;nr
1911;2;num
1941;2;num
autoroutier;2;adj
theranos;2;nr
yaffa;2;nr
notifier;2;ver
deux_points;2;nom
omerta;2;nom
emballement;2;nom
accueillirs;2;nr
single;2;nom
submissive;2;nr
asian;2;nr
endurer;2;ver
rocher;2;ver
falaise;2;nom
milliseconde;2;nom
capteur;2;nom
raccorder;2;ver
fioul;2;nom
incontinence;2;nom
gnan;2;nr
incontinent;2;adj
moitie;2;nr
veganisme;2;nr
physiologie;2;nom
unanime;2;adj
3j;2;nr
carnivorisme;2;nr
réflection;2;nr
genr;2;nr
periode;2;nr
pandémies;2;nr
redbull;2;nr
glencore;2;nr
petrol;2;nr
jancovici;2;nr
cop21;2;nr
defendent;2;nr
hyp0crites;2;nr
circadien;2;adj
réfléchissant;2;adj
vai;2;nr
neuveville;2;nr
joaillier;2;nom
surtaxer;2;ver
finma;2;nr
community;2;nr
oisif;2;adj
muselière;2;nom
chyvy;2;nr
démagogique;2;adj
polariser;2;ver
détaillé;2;adj
biarritz;2;nr
occas;2;nr
surfing;2;nr
s1;2;nr
s2;2;nr
indec;2;nr
t1;2;nr
t2;2;nr
décéléré;2;nr
211;2;num
veur;2;nr
veçu;2;nr
sbire;2;nom
statu_quo;2;nom
héréditaire;2;adj
munich;2;nom
binationaux;2;nr
nouer;2;ver
botanique;2;adj
algerie;2;nr
éroder;2;ver
thrush;2;nr
aircraft;2;nr
s2r;2;nr
t660;2;nr
firebird;2;nr
at802;2;nr
subjuguer;2;ver
regler;2;nr
subsaharien;2;nr
truquer;2;ver
outre_mer;2;adv
deroule;2;nr
secrètement;2;adv
titré;2;adj
jihadhistes;2;nr
nombrilisme;2;nom
frontiere;2;nr
mirobolant;2;adj
prodigieux;2;adj
apatride;2;adj
moulte;2;nr
inchallah;2;nr
terr0riste;2;nr
dirty;2;nr
dancing;2;nom
publi;2;nr
assad;2;nr
mitterand;2;nr
contributeur;2;nom
précarisées;2;nr
too;2;nr
preneureuses;2;nr
batch;2;nr
cooking;2;nr
donbass;2;nr
rémunérée;2;nr
favoritisme;2;nom
rechaud;2;nr
fest;2;nr
verrou;2;nom
rom;2;nom
conspirationnistes;2;nr
spolier;2;ver
menthe;2;nom
bibas;2;nr
determination;2;nr
cijh;2;nr
lieberman;2;nr
uvtd;2;nr
revalorisation;2;nom
mâchefer;2;nom
leonhard;2;nr
commercer;2;ver
453;2;num
tiret;2;nom
placarder;2;ver
forcement;2;nom
trumpistes;2;nr
wokistan;2;nr
groki;2;nr
nocide;2;nr
onte;2;nr
mutiler;2;ver
justifiable;2;adj
meurtrir;2;ver
cancéreux;2;adj
emji_travaux;2;nom
germanier;2;nr
flamboyant;2;adj
reagi;2;nr
darfour;2;nr
rsf;2;nr
freepalestine;2;nr
shell;2;nr
exxon;2;nr
jamaïcain;2;adj
technosolutionnisme;2;nr
effriter;2;ver
ibiza;2;nr
favélas;2;nr
agenouiller;2;ver
anti_drogue;2;nom
narcos;2;nr
lês;2;nr
traficants;2;nr
judge;2;nr
zinho;2;nr
são;2;nr
bolsonaristes;2;nr
ample;2;adj
lê;2;nr
bope;2;nr
felipe;2;nr
rétrécir;2;ver
regies;2;nr
comportementaliste;2;adj
acronymes;2;nr
ja21;2;nr
win;2;nr
everlife;2;nr
insidious;2;nr
prédominant;2;adj
words;2;nr
acces;2;nr
démontable;2;adj
nbr;2;nr
connivence;2;nom
démolition;2;nom
term;2;nr
délocalisations;2;nr
trick;2;nom
50mios;2;nr
sierre;2;nr
830;2;num
2200;2;num
iniative;2;nr
responsabilisation;2;nom
schumacher;2;nr
déshériter;2;ver
monarchique;2;adj
pédos;2;nr
prestige;2;nom
ogive;2;nom
hyperbole;2;nom
1m50;2;nr
sanguin;2;adj
pondéré;2;adj
millième;2;nom
prévoyant;2;adj
lufthansa;2;nr
airport;2;nr
03;2;num
csg;2;nr
abdulaziz;2;nr
alsulaiman;2;nr
jeanbart;2;nr
tanzanien;2;nr
zanzibar;2;nom
parques;2;nr
métropole;2;nom
défigurer;2;ver
électoraliste;2;nr
béchamel;2;nom
cardon;2;nom
sharia;2;nr
sucrer;2;ver
camionneur;2;nom
concurrencer;2;ver
benzène;2;nom
brièvement;2;adv
mortier;2;nom
cétais;2;nr
talion;2;nom
whataboutism;2;nr
emji_carte_d_identité;2;nr
échine;2;nom
speach;2;nr
guser_utilisateurice;2;nr
luné;2;adj
israëliennes;2;nr
robocop;2;nr
boycottons;2;nr
déresponsabiliser;2;nr
caution;2;nom
cashless;2;nr
chronophage;2;nr
cach;2;nr
firme;2;nom
automate;2;nom
emmenthal;2;nom
igp;2;nr
beaufort;2;nr
nombreu;2;nr
rice;2;nr
frommage;2;nr
essouffler;2;ver
degradations;2;nr
mozambique;2;nr
avachir;2;ver
coffrer;2;ver
réajuster;2;ver
irobot;2;nr
cassandra;2;nr
délocalisant;2;nr
will;2;nr
durabilité;2;nom
blaiser;2;ver
emji_drapeau_triangulaire;2;nom
surhumain;2;adj
envoyeur;2;nom
perméabilité;2;nom
terrosime;2;nr
src;2;nr
non_paiement;2;nom
acolyte;2;nom
avarice;2;nom
fairtiq;2;nr
mobilis;2;nr
tarification;2;nom
carpien;2;adj
tactile;2;adj
cliver;2;ver
existentiels;2;nr
xenophobe;2;nr
partisants;2;nr
poles;2;nr
dallah;2;nr
evenements;2;nr
phosphore;2;nom
corentin;2;nr
tactique;2;nom
dettling;2;nr
chatbot;2;nr
hallebarde;2;nom
préhistorique;2;adj
doublette;2;nom
vaaaa;2;nr
survolt;2;nr
pare_chocs;2;nom
irakien;2;adj
cheney;2;nr
fricoter;2;ver
desinformación;2;nr
swissnaturelover1;2;nr
divulgation;2;nom
ragondin;2;nom
sponsoring;2;nom
assujettir;2;ver
lca;2;nr
societe;2;nr
étiqueter;2;ver
marxisme;2;nom
extremes;2;nr
errance;2;nom
dsa;2;nr
cuomo;2;nr
aipac;2;nr
citizens;2;nr
finlandais;2;adj
bmw;2;nr
excel;2;nr
125cc;2;nr
53fr;2;nr
262;2;num
523;2;num
inculper;2;ver
societales;2;nr
interventionnisme;2;nom
democrats;2;nr
amalgamer;2;ver
bergerie;2;nom
consciemment;2;adv
mécaniquement;2;adv
vulgarise;2;nr
hydroélectrique;2;adj
metallikids;2;nr
sharky;2;nr
queens;2;nr
8mia;2;nr
mia;2;nr
htag_arnaque;2;nom_sup
finito;2;nr
rabin;2;nr
benyamin;2;nr
338;2;num
secure;2;nr
flemmardise;2;nom
condenser;2;ver
enemies;2;nr
vulnerable;2;nr
4jours;2;nr
sextoys;2;nr
résolu;2;adj
rapproché;2;adj
expéditeur;2;nom
graphisme;2;nom
sculpture;2;nom
remplaçable;2;adj
_inesapl;2;nr
sauveteur;2;nom
décompensation;2;nom
tss_tss;2;nom
pommier;2;nom
vlog;2;nr
accrocheur;2;adj
annotator;2;nr
hfr;2;nr
simulation;2;nom
apolitique;2;adj
hair;2;nr
etrange;2;nr
1931;2;num
offense;2;nom
pactiser;2;ver
assignation;2;nom
luxueux;2;adj
gén0c1de;2;nr
322octies;2;nr
foreign;2;nr
corrupt;2;nr
practices;2;nr
galopant;2;adj
dvyjons;2;nr
statuer;2;ver
septique;2;adj
courbette;2;nom
compliance;2;nr
terr0;2;nr
rist;2;nr
decadence;2;nr
allaitement;2;nom
horrifiant;2;adj
parentalité;2;nr
procréer;2;ver
infertilité;2;nom
catégoriquement;2;adv
avent;2;nom
assurance_maladie;2;nom
15000;2;num
leure;2;nr
flik;2;nr
flak;2;nr
apprêté;2;adj
pocahontas;2;nr
bretelle;2;nom
hydratant;2;adj
incy;2;nr
compo;2;nom
republic;2;nr
rc;2;nr
corrie;2;nr
auschwitz;2;nr
1h30;2;nr
installateur;2;nom
amo;2;nr
optionnelles;2;nr
13h00;2;nr
gremlins;2;nr
aggravant;2;adj
hays;2;nr
denzel;2;nr
marvels;2;nr
iron;2;nr
inégalitaire;2;nr
squelettique;2;adj
mi_novembre;2;nom
euuh;2;nr
pornographie;2;nom
consommateurices;2;nr
aventage;2;nr
égalitaires;2;nr
marriage;2;nr
nombriliste;2;nom
requestionner;2;nr
salarium;2;nr
maaais;2;nr
dévalorisant;2;adj
hoch;2;nr
mbappe;2;nr
facto;2;nr
harvard;2;nr
qualitatives;2;nr
cla;2;nr
cleenex;2;nr
sédentaire;2;adj
exema;2;nr
micronutritionniste;2;nr
phbalance;2;nr
urée;2;nom
pedos;2;nr
ryan;2;nr
belgrade;2;nr
tribue;2;nr
degoiser;2;nr
honnorent;2;nr
extremiste;2;nr
yéniches;2;nr
manouche;2;nom
clean;2;adj
sparefoot;2;nr
panel;2;nom
ex_femme;2;nom
alterné;2;adj
divorcé;2;adj
contreparties;2;nr
mélatonine;2;nom
insomniaque;2;adj
hémorragie;2;nom
bubba;2;nr
échiquier;2;nom
192;2;num
steam;2;nr
eliminatoires;2;nr
qualifieront;2;nr
ghana;2;nr
demi_finalistes;2;nr
gattuso;2;nr
maldovie;2;nr
qualifieraient;2;nr
slovaquie;2;nr
amnord;2;nr
10etoile;2;nr
qualificative;2;nr
macédoine;2;nom
luxemburgo;2;nr
lettonie;2;nr
féroé;2;nr
bélarus;2;nr
qualificatives;2;nr
islands;2;nr
qualifies;2;nr
qualif;2;nr
ameriques;2;nr
spider;2;nom
holmes;2;nr
gynecos;2;nr
269;2;num
surcotée;2;nr
togo;2;nr
deverse;2;nr
7186;2;num
gla;2;nr
egaux;2;nr
incorporation;2;nom
néon;2;nom
nationaliser;2;ver
securitas;2;nr
grevées;2;nr