emji_visage_riant_aux_larmes;2341;98;334;1201;89;501;856;216;1201
aller;320;50;404;1292;67;194;491;134;1624
voir;481;40;294;813;50;217;698;167;1469
suisse;378;17;347;2032;17;115;480;85;501
parler;263;16;299;499;24;106;800;145;536
emji_coeur_rouge;1804;2;24;38;7;8;18;8;60
gens;169;32;171;520;26;94;324;42;1040
monde;174;14;200;568;17;73;182;79;942
femme;252;15;80;140;7;45;113;1190;244
enfant;281;6;226;259;10;46;125;116;972
emji_applaudissements;979;9;45;79;2;17;42;18;68
emji_visage_souriant_avec_yeux_en_forme_de_coeur;1523;1;2;23;1;1;8;5;21
prendre;105;61;127;579;32;101;258;88;473
beau;1350;3;26;136;8;26;86;36;168
époque;962;9;37;205;8;70;128;50;367
pays;70;11;393;664;9;52;183;53;317
penser;179;13;90;306;23;85;248;87;792
vie;338;13;56;364;14;27;83;76;810
homme;240;6;66;72;17;39;85;969;176
comprendre;180;15;106;260;20;48;517;119;508
emji_se_rouler_par_terre_de_rire;350;24;50;193;13;117;124;36;185
temps;250;10;73;338;20;54;161;60;730
aimer;806;19;50;144;21;49;130;61;276
chose;119;12;100;260;24;60;208;63;830
passer;176;21;148;432;8;63;180;42;602
mettre;96;18;135;556;21;94;225;76;408
année;381;10;63;547;21;57;146;45;323
petit;453;34;80;336;41;78;149;44;342
vrai;293;8;102;292;9;58;224;175;366
grand;332;11;67;503;16;55;132;66;291
vraiment;219;9;81;266;19;64;180;59;561
emji_visage_qui_pleure;396;6;76;184;19;31;78;38;248
jour;141;32;76;319;27;55;85;54;546
trouver;162;26;70;307;16;42;220;82;414
venir;118;11;112;326;32;87;176;50;424
donner;113;4;95;255;41;44;220;59;440
vivre;167;12;75;285;16;23;92;51;540
rester;88;14;93;387;21;38;149;51;415
payer;15;1;55;976;3;7;24;31;78
tellement;677;13;36;130;7;31;92;26;200
problème;18;6;68;378;12;22;176;81;407
français;134;44;34;269;0;93;483;9;62
connaître;187;15;71;159;8;56;285;61;311
changer;124;8;48;208;8;104;65;47;516
souvenir;894;0;14;62;1;12;21;5;57
france;67;43;47;597;11;66;94;23;137
fois;99;50;95;269;5;31;164;35;337
commentaire;77;4;44;54;14;80;687;25;119
emji_visage_souriant_avec_une_goutte_de_sueur;369;20;36;155;17;92;113;25;165
arrêter;38;4;205;302;19;51;155;34;256
seul;83;10;123;271;24;28;132;54;360
demander;56;8;119;258;8;40;167;72;323
droit;25;1;289;202;7;34;146;92;158
question;43;6;55;160;10;23;475;49;183
devenir;109;2;39;320;21;58;117;52;245
travail;59;9;38;418;5;21;86;59;241
cas;48;6;68;254;8;20;157;57;317
jeune;191;4;17;105;8;24;79;65;413
raison;159;3;67;158;17;27;102;145;255
sentir;98;9;44;141;10;44;155;47;363
emji_visage_faisant_un_clin_d_oeil;250;17;30;159;9;46;138;28;188
emji_feu;534;3;25;38;1;3;8;9;40
police;21;0;218;136;0;46;97;26;244
exister;84;16;72;173;7;50;104;51;267
humain;63;0;84;109;40;14;71;43;376
accord;66;4;184;204;8;19;125;40;152
arriver;76;9;50;186;3;41;127;21;291
utiliser;41;69;97;220;7;56;142;29;118
laisser;31;5;75;172;25;26;95;33;335
besoin;43;19;52;244;23;10;82;34;273
état;16;1;264;258;6;12;59;10;119
animal;107;0;12;73;208;16;50;16;225
regarder;110;2;37;130;10;27;157;45;223
guerre;21;0;467;73;1;7;29;13;78
coup;63;4;65;176;10;55;75;31;258
emji_mains_en_prière;491;1;11;20;2;7;13;6;38
travailler;49;3;12;357;0;15;49;31;169
argent;15;1;42;541;1;7;27;13;59
ca;76;10;45;101;13;62;55;20;308
partir;36;2;58;261;4;34;129;23;155
moment;126;2;68;107;5;37;55;26;295
etc;40;4;52;302;5;15;76;37;113
riche;19;0;8;540;0;8;32;6;42
place;29;11;59;309;5;16;75;38;148
vidéo;158;1;38;44;6;30;284;21;110
plutôt;39;6;47;181;8;15;120;36;253
premier;104;3;61;171;3;28;174;28;101
mot;103;3;63;36;1;104;156;28;156
rendre;43;2;99;185;17;14;76;42;201
appeler;109;7;64;70;8;201;56;12;133
école;129;6;15;71;2;9;51;10;341
niveau;38;1;12;204;4;23;200;23;123
meilleur;262;5;17;162;7;15;53;19;117
jouer;358;0;20;91;4;10;46;25;93
part;44;6;59;185;6;19;92;36;216
magnifique;585;0;4;27;3;2;8;10;19
genre;41;1;42;82;6;35;128;65;244
adorer;546;4;8;24;5;5;19;3;27
politique;8;0;88;196;0;10;194;20;97
palestinien;4;0;573;6;0;1;7;3;13
israël;2;0;560;11;0;1;10;0;7
sûr;52;2;49;110;5;22;115;22;239
continuer;53;2;140;184;9;23;53;24;127
famille;114;3;59;101;4;23;25;26;243
lire;19;3;32;44;2;24;406;19;44
emji_mains_levées;365;5;25;55;0;8;31;12;41
importer;22;3;45;125;17;33;82;26;243
apprendre;64;3;17;43;8;18;129;9;275
dernier;160;2;64;112;2;12;71;13;165
exemple;30;6;47;232;10;19;73;42;125
sujet;21;1;24;82;5;19;312;24;90
compte;23;0;49;170;3;11;156;27;140
genève;75;3;23;375;0;10;23;1;35
cause;15;1;94;163;11;11;58;51;161
perdre;53;1;40;173;7;23;54;22;191
partie;45;26;52;198;5;16;78;32;113
manquer;109;14;17;116;9;10;76;24;204
société;26;1;20;163;0;11;59;56;227
histoire;67;3;89;86;3;22;123;22;142
sortir;52;9;47;109;10;25;54;21;247
entendre;140;3;41;47;4;32;106;26;163
pauvre;70;2;32;162;54;30;39;21;145
idée;64;4;18;98;14;32;142;18;174
fin;81;3;58;111;1;44;80;18;171
emji_visage_souriant_avec_coeurs;406;0;0;8;5;0;4;3;15
cher;49;3;12;401;2;7;29;8;30
oublier;82;6;69;148;3;20;44;21;163
rts;81;0;78;60;1;14;272;7;28
manger;89;0;2;115;127;29;33;13;108
permettre;17;8;45;225;5;5;88;21;124
écrire;26;1;31;42;1;31;331;16;41
emji_visage_en_pleine_réflexion;48;3;35;95;7;68;77;21;84
parent;52;10;5;74;1;17;17;19;312
malheureusement;43;3;43;90;13;8;43;31;267
gros;50;13;15;197;5;54;53;29;103
côté;44;17;45;119;8;16;60;29;194
paix;124;2;274;12;1;1;10;8;64
finir;53;1;46;148;3;20;27;16;211
social;11;0;22;193;4;8;102;44;131
population;3;1;111;219;11;11;52;20;97
revenir;61;6;25;250;9;20;40;18;78
peuple;11;0;249;109;0;8;54;4;72
heure;90;2;27;133;3;12;46;9;157
respect;106;0;40;34;3;3;34;43;251
espérer;107;3;45;70;9;25;56;8;199
gauche;13;0;50;129;0;21;253;2;30
mort;35;1;143;83;14;24;48;14;122
nom;77;0;43;44;2;154;50;22;90
attendre;39;3;62;99;5;28;71;23;180
commencer;32;2;73;123;3;13;78;20;155
servir;20;40;60;161;1;18;55;28;100
tuer;21;1;221;52;35;10;22;33;89
hamas;2;0;432;2;0;0;8;1;5
lieu;10;5;55;175;5;15;81;21;125
emji_visage_avec_bouche_ouverte;154;7;26;65;10;22;40;15;81
faux;11;1;50;82;2;10;279;13;43
super;208;11;18;100;10;26;35;11;68
tête;46;4;17;55;1;235;46;8;69
pareil;68;5;12;99;3;75;66;26;132
moyen;12;8;67;240;6;9;35;11;92
dieu;170;3;26;23;5;15;67;21;134
violence;4;0;93;37;0;11;75;88;134
aider;9;0;51;138;6;10;28;32;184
simple;77;4;26;114;3;11;58;18;161
système;3;6;14;301;0;9;32;19;72
simplement;31;4;30;150;4;8;125;31;89
classe;85;0;5;161;2;21;46;14;93
manifestation;1;0;302;42;0;6;26;2;57
droite;5;0;41;82;0;20;266;8;13
prix;13;1;40;353;1;1;11;2;16
triste;92;1;19;42;6;11;23;11;252
public;9;4;53;256;2;10;66;1;43
chat;131;5;8;34;47;29;24;14;110
vieux;165;4;17;59;7;28;45;21;100
montrer;35;0;54;68;0;21;114;31;129
ville;31;2;30;270;11;13;13;6;51
palestine;7;0;389;4;0;0;13;0;22
fille;168;5;13;36;1;23;20;48;118
entreprise;3;5;16;359;1;4;7;2;13
emji_drapeau_suisse;202;0;29;75;2;5;20;1;24
pire;23;3;48;105;3;32;18;11;172
emji_visage_roulant_des_yeux;35;4;23;64;1;209;20;11;36
impôt;1;0;7;379;2;1;10;3;9
salaire;5;0;1;360;0;2;13;20;11
loi;3;4;73;149;4;11;74;16;89
emji_visage_qui_pleure_à_chaudes_larmes;108;1;12;56;7;27;26;13;57
créer;23;1;45;193;6;15;62;18;65
nouveau;39;2;40;174;2;9;59;17;90
répondre;30;1;20;39;3;16;265;6;38
chercher;19;1;37;118;5;17;75;30;124
normal;17;5;16;114;6;18;41;23;176
maison;49;37;25;105;11;19;18;22;117
emji_visage_souriant_avec_yeux_rieurs;304;3;9;29;0;6;18;4;35
façon;58;1;19;78;3;10;53;13;181
seulement;32;7;45;152;7;13;58;21;86
retrouver;104;1;23;105;9;10;37;13;115
blanc;51;2;26;24;0;194;19;8;62
article;7;1;41;92;2;16;223;6;17
accent;329;0;1;18;1;2;18;0;17
acheter;36;8;20;261;5;12;17;6;39
rapport;16;3;39;96;4;11;152;29;63
jeu;224;1;13;42;1;5;25;18;61
essayer;17;2;34;66;3;19;60;11;197
réponse;46;1;21;28;0;12;214;8;65
propre;20;37;36;98;2;12;69;21;107
manifester;3;2;260;44;1;2;17;1;52
gaza;0;0;360;9;0;0;7;1;13
mauvais;19;3;16;72;12;16;78;27;149
armée;2;0;150;83;1;9;32;45;66
soutenir;12;0;178;64;0;6;44;25;62
préférer;66;7;22;84;11;25;39;24;127
poser;14;6;14;51;9;7;198;17;79
respecter;15;1;112;99;8;12;35;10;95
rappeler;145;1;48;81;3;11;37;9;63
justement;11;2;33;86;2;13;90;21;138
eau;25;59;33;156;4;23;18;5;50
voiture;29;1;3;304;3;5;3;2;24
service;8;3;19;182;8;6;35;46;72
santé;26;1;10;242;9;2;26;11;55
écouter;112;0;11;26;1;10;118;18;93
garder;44;4;14;101;10;12;42;20;137
journée;82;13;11;46;3;13;50;15;145
sembler;33;2;37;92;6;17;118;14;68
mois;21;3;14;253;2;8;17;10;38
défendre;3;0;140;77;0;8;60;17;68
réalité;9;0;31;85;2;4;114;29;105
valoir;59;2;18;164;3;20;27;11;72
exactement;46;1;25;51;1;29;159;18;54
ami;84;3;21;48;4;17;61;7;121
heureux;152;1;8;36;7;7;24;28;107
fou;87;3;25;34;4;20;36;14;146
terre;18;0;108;85;6;7;21;17;102
plaisir;176;1;10;47;9;10;36;10;74
agir;3;1;70;115;2;4;57;27;90
coeur;183;0;17;37;11;8;26;4;73
air;91;3;11;65;2;19;38;17;122
reportage;258;6;8;20;0;4;26;7;41
possible;27;1;29;151;2;11;45;11;86
manière;25;1;29;77;2;15;85;24;108
foutre;24;0;50;73;8;83;36;9;86
ouvrir;22;3;33;89;0;13;70;17;114
mdr;43;5;23;48;3;119;37;14;74
expliquer;15;5;36;90;4;13;112;18;65
truc;34;11;18;85;6;28;39;15;129
gagner;14;0;9;260;1;8;22;14;22
incroyable;229;2;14;43;1;7;24;7;38
bidet;36;280;0;4;0;1;5;0;7
europe;9;6;84;147;1;10;34;8;53
oeil;72;3;39;49;2;11;43;10;130
génération;75;0;9;34;1;22;33;12;163
canton;22;0;5;276;1;1;15;1;11
trump;2;0;158;80;1;17;42;1;46
protéger;14;0;82;95;8;5;36;28;81
interdire;8;2;38;155;18;16;18;14;69
gouvernement;1;0;186;73;1;7;27;6;49
bas;42;3;29;149;2;16;33;14;61
situation;4;0;53;70;1;6;50;20;148
couper;49;2;9;181;3;8;25;8;56
israélien;0;0;328;5;0;0;3;0;2
honte;17;0;47;68;5;14;29;115;46
heureusement;38;7;15;44;4;27;31;10;173
avis;14;2;26;29;1;3;119;27;122
liberté;14;1;43;52;2;4;110;27;74
père;149;0;6;47;0;14;33;26;61
génocide;0;0;307;4;0;2;9;1;13
âge;77;0;4;28;4;6;40;15;163
mec;36;2;12;24;0;64;52;37;104
imaginer;25;8;16;115;6;20;36;6;107
cours;44;0;26;53;0;9;42;12;137
choix;17;3;18;97;0;4;29;34;127
absolument;35;1;29;51;5;5;107;18;87
reconnaître;51;0;135;44;0;9;35;5;50
assurance;3;0;1;306;0;0;1;0;3
également;49;1;37;111;5;4;48;19;55
langue;18;3;6;34;0;11;205;0;15
peur;34;1;25;47;8;9;39;19;143
équipe;44;0;3;190;1;7;10;10;29
terme;11;3;39;52;5;20;80;19;85
rue;23;1;52;75;5;15;14;11;125
rire;177;2;8;28;2;18;39;3;39
mère;123;6;4;28;4;14;17;36;81
aide;14;1;66;91;3;5;31;24;85
emji_visage_souriant_aux_yeux_rieurs;187;4;4;35;2;12;23;4;36
hiver;226;0;1;38;4;3;5;2;31
otage;2;3;285;3;0;1;1;0;6
solution;12;6;36;145;2;10;28;8;60
important;19;2;22;87;3;3;37;22;124
chance;80;1;13;99;4;8;14;11;82
emji_pouce_vers_le_haut;214;0;5;19;2;5;17;9;11
recevoir;41;1;26;100;1;20;30;9;78
base;8;6;21;96;2;9;96;21;51
main;34;23;33;84;4;13;23;9;79
haut;38;1;11;111;1;25;50;11;56
occuper;17;0;50;83;5;5;18;16;108
image;50;0;35;50;1;7;77;8;76
extrême;4;0;39;40;0;6;174;4;29
début;41;2;23;54;2;20;81;13;71
suivre;24;1;35;64;3;5;87;10;75
faute;6;1;17;47;3;7;88;38;88
argument;6;0;21;45;3;15;156;14;34
naître;67;3;24;32;0;28;18;14;114
étude;3;0;2;106;1;6;120;15;40
tomber;32;1;17;60;5;21;28;18;118
justice;10;1;144;39;2;4;29;13;52
effet;19;2;11;134;5;14;38;15;57
augmenter;2;0;9;251;0;3;7;0;14
archive;233;0;5;8;2;3;30;3;16
long;24;3;17;70;5;6;25;12;133
étranger;6;0;24;136;1;7;65;6;45
contraire;15;1;30;53;5;11;98;23;61
sécurité;2;0;43;162;4;6;19;10;44
semaine;21;0;14;115;2;14;32;9;78
maladie;7;1;1;226;5;1;8;6;30
facile;20;6;19;71;2;8;68;10;90
emji_visage_avec_des_étoiles_à_la_place_des_yeux;242;0;0;3;0;0;1;0;4
policier;9;0;66;39;1;14;37;10;104
journaliste;51;0;51;22;2;17;65;9;60
raciste;4;0;11;12;0;153;54;8;34
nourrir;30;0;9;37;153;1;17;8;26
partager;99;0;21;46;1;3;43;22;56
lausanne;63;0;9;157;1;9;13;3;29
dur;32;0;19;78;1;12;16;10;114
mode;43;5;9;36;4;17;19;16;128
envie;46;3;9;33;3;17;16;8;148
choisir;23;1;16;62;1;8;48;20;103
actuel;14;3;22;80;1;10;40;12;102
frontalier;3;0;3;230;1;2;19;0;7
emji_visage_boudeur;10;0;33;31;4;73;3;1;17
nombre;6;0;33;133;8;6;24;14;48
mériter;29;0;32;79;0;3;37;14;84
différence;15;2;20;95;3;7;38;32;67
train;12;2;26;175;1;1;17;3;38
groupe;18;0;80;53;1;17;41;3;46
clairement;12;1;29;48;2;10;48;12;115
éviter;7;3;18;108;8;13;38;15;66
ancien;64;2;11;46;1;17;34;6;96
suffire;8;5;25;89;0;10;64;5;72
peine;8;0;28;53;2;13;37;9;123
risque;4;1;17;140;7;5;26;14;50
franchement;24;4;13;44;4;49;37;18;82
bref;16;4;19;70;1;11;59;15;78
majorité;3;0;35;109;1;6;43;28;50
effectivement;39;1;17;59;3;9;51;11;86
traiter;6;1;47;32;3;20;49;41;70
meme;21;5;15;57;1;18;32;4;108
laver;10;202;3;9;0;5;2;4;21
génial;228;4;2;9;2;1;8;4;12
face;10;0;45;37;3;3;27;17;117
battre;11;2;17;50;2;48;30;43;56
noir;30;0;18;25;2;152;13;1;13
intéressant;59;2;7;55;0;8;86;8;47
caisse;6;0;6;228;0;1;3;0;7
baisser;2;3;1;211;1;5;12;3;22
amour;116;3;7;21;5;3;16;18;72
propos;20;0;21;13;1;17;150;10;37
nouvelle;61;1;14;50;3;10;22;8;95
nature;60;0;6;38;22;7;20;14;89
renard;58;0;1;16;174;0;2;1;7
remettre;20;0;16;52;0;10;68;20;79
victime;12;0;82;28;0;15;23;36;67
toucher;31;3;13;110;1;6;35;14;53
tenir;19;1;32;30;9;16;54;11;89
info;11;2;35;55;2;22;122;2;10
plaindre;6;0;11;61;6;5;24;28;118
détruire;3;0;68;71;14;4;21;17;61
civil;0;0;186;28;0;1;8;14;18
éducation;18;1;7;34;1;3;22;19;151
international;4;0;180;41;0;1;13;1;15
voter;4;0;14;111;1;11;54;15;43
feu;20;0;115;52;2;14;11;5;40
dimanche;79;0;6;57;2;16;12;6;63
complètement;18;2;29;45;3;14;39;8;102
valeur;25;0;26;58;0;5;41;11;93
réseau;13;0;25;39;3;3;78;11;87
terroriste;1;0;226;1;0;1;2;1;9
souhaiter;47;1;15;46;3;6;21;10;107
joli;163;1;7;31;0;9;15;4;24
intérêt;7;1;39;66;2;5;83;6;40
exprimer;55;0;7;2;0;5;104;15;59
marcher;13;1;26;63;0;23;29;4;97
accepter;6;0;31;79;2;9;15;15;97
égalité;4;0;1;27;0;2;16;166;16
porter;32;2;8;40;3;9;15;30;110
métier;23;0;2;55;1;6;31;19;104
corps;9;10;35;38;3;8;10;23;98
difficile;23;4;16;46;1;6;45;8;103
porte;28;2;16;48;5;19;26;3;104
pied;30;51;8;59;3;13;15;3;57
humanité;21;0;60;35;1;7;27;6;91
type;18;0;14;59;3;16;58;16;66
vérité;29;2;18;12;0;4;100;13;65
profiter;22;1;15;135;1;5;19;5;43
preuve;6;0;27;29;2;9;117;10;41
source;8;1;26;65;2;3;108;3;17
courage;90;2;23;26;1;8;16;9;71
route;11;0;6;168;3;2;12;2;34
logique;11;1;23;71;1;14;70;8;43
envoyer;17;3;33;56;6;11;58;9;52
offrir;36;0;11;150;0;3;7;3;27
libre;19;0;27;50;0;3;37;13;93
gars;41;2;5;28;2;92;23;8;40
voler;7;0;48;86;2;7;26;4;53
suite;32;3;31;57;2;3;32;7;76
franc;21;0;4;188;0;0;3;0;3
culture;14;1;14;44;0;8;87;14;49
sûrement;28;0;20;41;4;10;24;6;106
totalement;14;1;16;61;2;9;42;13;85
touchant;221;0;1;3;0;0;3;2;12
initiative;15;0;11;104;1;5;41;14;43
but;11;0;41;77;1;9;39;11;45
représenter;12;1;32;99;2;1;35;12;34
réfléchir;9;0;6;43;1;10;73;9;84
casser;8;0;76;54;0;16;16;9;56
pratique;21;59;11;61;4;2;21;12;35
concerner;4;2;17;79;1;10;37;11;69
toilette;37;146;2;15;0;1;1;2;15
vendre;18;1;24;152;1;4;8;4;17
noël;122;0;3;37;0;9;10;1;36
haine;3;1;73;14;3;9;46;22;58
mourir;23;1;21;22;9;10;9;9;114
arme;2;0;113;34;1;4;12;12;39
allemand;19;0;10;40;1;10;122;0;5
réel;12;0;14;59;1;4;40;30;65
européen;1;2;55;99;1;9;25;5;25
obliger;9;1;17;61;4;7;15;33;77
discours;22;0;20;17;1;9;48;21;90
uniquement;2;1;30;87;3;9;30;22;44
rentrer;15;4;20;48;5;9;10;6;107
garçon;136;0;2;7;1;1;11;19;45
grave;18;1;29;39;2;11;25;10;90
excellent;150;1;5;25;2;2;11;7;22
voisin;26;2;19;47;51;10;19;4;45
racisme;3;0;13;11;3;82;44;7;46
information;13;1;38;17;1;3;104;9;33
content;36;3;13;50;5;13;39;9;57
taxe;1;0;2;188;2;1;3;4;3
ultra;4;1;8;154;0;1;15;6;20
résultat;6;0;9;67;1;11;54;8;56
différent;15;3;14;42;1;3;39;8;93
adulte;15;1;3;9;0;4;62;3;120
média;1;0;54;33;1;9;82;3;36
ia;5;0;3;73;0;7;90;1;26
fonctionner;1;2;9;113;1;4;34;12;40
citoyen;1;0;32;78;1;6;35;10;52
bonheur;154;0;1;24;0;0;9;6;23
poste;7;0;5;102;2;4;31;17;36
drôle;67;1;7;15;0;21;44;11;52
cadeau;45;0;1;100;0;2;3;6;42
empêcher;2;0;27;50;0;6;24;22;83
doute;24;0;17;35;2;7;60;12;60
sérieux;16;3;14;29;1;40;54;10;51
crime;1;0;166;9;0;2;7;3;15
qualité;15;0;1;132;1;4;22;6;34
fermer;8;3;21;73;1;11;14;2;84
minimum;1;0;11;91;1;6;41;12;49
clair;13;0;25;47;3;14;73;7;36
sport;33;3;2;44;0;9;8;16;93
prochain;24;1;16;37;1;7;39;3;86
enfance;158;2;3;9;0;2;5;2;30
taxer;0;0;0;179;0;5;3;0;8
israel;0;0;193;1;0;0;0;0;2
froid;127;4;15;25;0;3;8;2;25
manifestant;1;0;163;8;0;2;12;1;17
chiffre;3;0;13;114;3;6;35;6;19
évidemment;4;3;19;52;2;4;72;10;47
livre;16;1;11;20;0;13;103;10;28
tourner;31;1;5;100;0;12;19;4;38
physique;7;0;3;87;1;5;38;12;51
fond;31;1;8;46;1;10;51;6;54
voix;118;0;19;15;1;5;24;4;22
règle;9;9;10;47;1;4;24;19;80
mignon;170;0;0;5;10;2;4;1;17
sauver;15;2;14;75;6;9;14;4;64
lol;22;4;15;24;5;84;23;8;21
habiter;36;5;7;88;7;8;20;4;31
perso;19;7;1;62;0;14;24;6;71
naturel;63;0;6;44;13;2;17;14;42
mondial;6;0;24;146;0;2;9;3;11
gentil;71;0;14;17;14;8;17;21;38
entier;12;4;29;42;1;4;38;7;72
produit;1;0;1;163;0;5;9;0;11
économie;0;2;2;182;0;1;12;2;1
top;105;5;5;37;2;4;6;6;28
subir;4;0;57;36;2;10;15;27;48
esprit;29;0;11;10;2;2;28;6;112
revoir;96;0;10;35;0;2;20;3;37
milliard;2;0;12;160;1;1;5;1;2
juif;0;2;164;4;0;1;5;0;3
cacher;7;0;51;44;1;10;27;9;47
photo;36;1;13;18;4;11;81;4;30
blague;12;0;23;21;3;122;6;1;12
produire;2;2;9;149;1;4;14;5;15
fortune;5;0;4;165;0;1;6;1;8
étonner;9;0;9;48;2;83;11;7;33
moyenne;2;0;1;158;0;0;7;4;13
bout;29;1;16;38;1;12;18;2;81
bcp;19;5;21;51;3;7;8;13;66
économique;0;1;19;141;0;1;7;8;17
svp;34;0;10;25;2;6;111;3;5
emji_visage_retenant_ses_larmes;155;0;0;7;0;0;4;2;3
cest;13;5;16;28;1;27;19;13;59
soir;45;4;9;43;14;23;10;5;44
prouver;2;1;25;31;2;5;56;18;49
national;21;0;15;66;2;2;59;3;29
fédéral;2;0;51;84;0;3;19;9;23
emji_visage_envoyant_un_bisou;93;1;10;16;0;5;29;3;14
merveilleux;181;0;0;2;0;1;2;3;6
bosser;8;0;0;116;1;4;15;6;39
élève;17;0;0;9;0;5;22;2;111
privé;6;2;9;115;2;4;20;4;23
personnel;7;3;5;68;2;0;38;4;59
parole;46;0;32;3;1;4;24;10;72
refuser;3;0;37;76;1;4;26;13;35
débat;6;1;10;27;0;7;85;8;47
élastique;176;0;0;3;0;1;1;0;4
tirer;13;1;35;32;3;19;20;9;59
vivant;28;0;17;34;8;2;13;3;84
retour;37;3;14;62;1;9;24;3;37
bonjour;42;3;12;36;2;4;76;3;12
moitié;10;2;13;49;0;13;53;8;29
italien;41;23;5;25;1;21;45;1;12
etait;56;2;11;13;0;9;15;3;72
énergie;16;0;3;129;0;1;11;2;10
soin;14;0;9;69;7;6;10;11;59
arabe;1;2;121;8;0;19;13;3;7
oser;9;4;18;31;2;8;23;22;69
forme;17;0;11;46;3;13;50;6;40
financer;1;0;46;100;1;3;13;0;20
démocratie;3;2;81;18;1;5;34;5;29
douche;3;125;0;9;0;3;2;1;32
âme;119;0;5;13;2;1;12;2;31
phrase;32;0;7;5;2;9;111;3;16
nombreux;11;0;21;75;0;2;26;8;44
fait;1;1;18;29;2;4;107;6;15
banque;5;0;11;150;0;0;0;3;1
soutien;12;0;102;28;0;2;8;12;22
emji_visage_de_clown;10;2;22;40;1;15;33;3;12
mesure;3;1;24;91;0;3;24;10;29
lien;19;0;14;57;0;2;56;4;33
région;27;1;25;87;2;7;17;0;14
général;5;2;12;62;1;3;33;19;48
décider;3;0;28;54;1;10;8;7;69
condition;4;1;17;99;1;1;11;6;38
chaud;89;2;7;38;0;10;10;3;23
changement;5;0;6;92;1;3;24;2;46
user;0;0;56;69;0;8;21;4;27
total;7;0;45;59;0;5;23;11;32
responsable;1;0;34;65;3;4;17;8;47
endroit;18;3;8;58;2;6;19;3;56
emji_étincelles;127;1;4;6;0;2;5;1;9
udc;5;1;8;22;0;10;118;3;9
origine;9;1;14;27;2;15;79;6;28
forcément;10;1;6;52;2;5;20;18;65
couple;15;1;4;13;1;2;1;90;38
autoriser;1;1;110;36;3;3;7;3;12
compter;11;0;13;78;3;6;21;8;37
américain;5;0;37;97;1;4;15;1;16
retourner;14;1;26;23;1;7;17;7;84
musulman;1;11;130;4;0;1;10;0;12
millier;2;1;73;52;2;5;13;1;28
capable;8;0;9;22;5;6;35;18;68
pro;9;0;104;17;1;4;17;2;16
neige;101;1;2;39;0;13;2;0;11
ensemble;23;0;17;42;0;3;27;11;54
emji_mains_en_prière_peau_claire;115;2;3;6;0;1;7;1;14
coûter;9;1;2;142;0;1;4;4;7
proposer;8;1;15;78;3;2;26;10;29
prison;1;0;92;21;3;5;11;9;33
prime;5;0;7;154;0;2;1;0;1
ordre;2;0;60;37;4;3;25;4;40
impression;19;1;4;23;0;4;41;3;85
dangereux;7;0;10;55;5;7;19;12;60
comparer;16;0;14;58;3;6;20;16;40
client;9;0;1;125;0;6;9;4;14
proche;22;0;11;61;0;6;18;3;53
intéresser;8;1;15;39;1;1;40;16;56
gamin;57;0;2;10;2;8;9;5;81
final;12;1;7;91;4;4;18;4;31
coût;1;1;2;161;0;0;1;4;5
renseigner;4;0;28;31;0;5;78;4;26
date;43;2;10;12;3;7;49;4;43
charger;3;0;14;86;0;1;11;20;33
réussir;11;0;13;73;1;3;28;8;37
marché;7;0;4;138;0;3;6;2;11
jeunesse;96;0;2;27;0;2;10;3;30
commettre;1;0;127;11;0;2;9;15;9
imposer;1;1;13;84;0;4;19;12;39
évoluer;11;2;2;23;2;5;20;9;96
emploi;0;1;2;141;0;3;4;2;13
obligatoire;4;8;3;68;1;1;8;31;43
massacre;3;0;103;3;1;0;0;0;9
réduire;0;2;6;126;1;0;7;7;17
ridicule;16;0;10;27;0;14;47;10;43
planète;11;0;10;53;3;1;10;12;67
participer;6;0;25;49;1;1;18;15;53
beauté;120;0;0;9;0;1;4;8;27
témoignage;129;0;8;2;0;0;9;4;18
militaire;0;0;45;47;0;1;13;27;33
message;13;0;14;13;0;4;86;6;32
limite;8;1;5;58;2;7;14;27;40
chien;21;0;5;19;61;7;9;5;31
titre;12;1;16;31;0;10;73;10;14
souci;10;2;8;43;1;7;12;19;62
horreur;12;4;55;17;7;16;12;3;37
choquer;11;1;6;15;2;40;32;8;52
prof;24;2;1;7;0;17;22;4;79
internet;8;0;4;46;1;4;54;3;46
film;68;0;4;21;3;11;22;7;29
disparaître;16;3;7;53;5;1;13;8;57
émission;52;0;1;49;1;5;20;2;27
unir;5;1;54;59;1;6;8;5;18
erreur;4;1;9;66;1;6;39;7;31
considérer;5;1;19;33;6;11;31;15;45
accueillir;3;0;43;44;1;8;5;7;45
matin;24;5;3;45;2;38;14;4;29
fils;84;1;7;19;0;5;5;7;32
certainement;16;0;13;20;5;8;18;7;77
téléphone;21;0;0;43;0;8;8;2;79
pleurer;62;0;15;20;1;10;11;4;38
match;18;0;0;69;0;5;12;9;46
justifier;0;0;52;41;1;5;23;17;22
italie;20;43;10;53;0;2;17;3;15
climatique;2;0;2;109;0;2;22;0;17
apporter;15;0;13;29;6;1;62;7;29
projet;9;0;10;113;1;0;13;2;8
pensée;49;0;6;14;1;2;31;12;47
monter;28;1;5;67;2;8;17;9;24
mental;15;0;1;22;0;2;12;13;25
maman;75;0;3;14;2;5;7;6;44
expression;11;0;7;4;1;13;103;3;13
emji_visage_qui_hurle_de_peur;24;4;9;17;2;64;2;1;4
déranger;3;2;14;18;4;8;27;13;68
calcul;18;0;3;28;0;3;7;3;5
retraite;23;0;1;105;0;4;3;7;12
pain;23;2;1;86;12;1;5;0;11
opinion;2;0;15;19;0;4;98;4;18
fête;102;0;3;20;0;3;5;2;20
fier;54;2;10;19;2;9;29;1;26
emji_visage_souriant;109;2;4;11;0;1;9;3;18
conscience;7;0;14;26;4;3;18;8;78
attaquer;3;0;56;35;7;2;24;7;23
courir;19;0;7;19;2;2;16;31;56
commun;6;10;5;82;2;6;22;6;17
plaire;23;1;10;12;1;5;47;13;43
finalement;20;0;8;44;2;9;10;6;59
course;11;0;1;59;1;5;11;23;33
bientôt;11;2;11;59;3;8;18;3;42
prêt;15;0;8;81;0;6;15;5;24
p;37;2;9;28;0;19;16;13;26
intelligent;39;0;2;16;3;7;20;2;67
courant;11;6;20;26;4;10;39;8;31
copain;81;0;5;13;0;6;9;4;30
actuellement;9;0;12;55;0;1;21;9;50
sympa;78;1;3;18;1;11;21;4;19
rouler;19;0;2;116;0;1;3;1;7
emji_visage_souriant_avec_yeux_plissés;57;1;3;17;0;12;17;3;20
compliqué;4;1;11;35;2;2;21;4;75
carte;23;3;10;86;0;4;4;3;11
sud;12;1;21;106;0;3;2;0;4
responsabilité;6;0;17;35;1;3;15;12;62
fumer;14;0;2;45;1;5;4;2;71
atteindre;4;0;9;85;1;3;21;6;24
adorable;117;0;1;3;14;2;3;2;12
acte;2;0;62;20;1;2;22;12;31
violent;6;0;31;8;3;0;19;37;51
juger;7;0;24;7;0;3;33;5;68
etre;14;1;8;24;7;6;16;8;68
consommation;1;1;1;98;1;1;5;3;38
boulot;7;3;7;47;1;12;9;6;59
assurer;8;0;12;82;1;3;8;13;25
décision;7;0;20;38;0;5;18;3;61
critiquer;2;0;13;20;1;4;49;4;57
vacance;24;3;0;87;1;2;5;3;23
rêve;77;1;10;24;0;2;6;2;28
présenter;5;0;13;24;1;4;52;10;38
gérer;1;0;16;59;0;2;15;12;46
georges;110;0;0;0;0;0;4;13;12
action;5;0;40;41;1;5;13;5;35
nuit;19;1;13;38;5;7;11;4;50
emji_visage_avec_un_léger_sourire;38;4;19;19;2;3;26;3;31
direct;6;3;14;57;0;8;15;4;42
danger;1;1;22;35;3;5;21;3;55
chrétien;2;0;104;6;0;5;9;2;11
bloquer;1;0;28;59;0;6;26;1;27
utile;5;15;9;43;1;2;11;4;59
ressembler;56;1;8;26;2;5;17;2;29
musique;68;0;3;14;1;8;18;1;27
manif;1;0;97;12;0;2;13;2;17
emji_visage_avec_un_sourire_malin;27;2;11;23;1;9;44;4;9
vol;0;1;8;112;0;2;6;1;14
lier;4;0;8;77;2;0;23;8;26
employé;4;0;3;111;0;4;15;2;9
dépendre;12;0;4;84;1;6;8;6;22
dépasser;5;0;6;78;0;6;15;6;30
criminel;1;0;97;12;0;2;7;5;18
habitude;9;3;12;28;4;4;23;4;60
effort;8;0;5;49;0;4;28;7;48
cesser;3;0;105;15;2;0;6;2;12
cerveau;6;4;8;11;1;7;32;8;64
zone;2;2;19;98;1;0;3;2;10
quitter;14;0;13;62;2;9;8;10;26
inventer;13;16;5;24;2;30;20;8;29
enlever;8;4;14;63;2;8;10;9;24
couleur;31;1;3;14;2;35;24;3;32
vélo;4;2;1;113;1;0;0;2;7
frais;16;4;5;103;0;1;4;0;8
désolé;6;3;7;13;2;11;69;8;24
critique;5;0;14;16;1;0;61;7;39
bête;20;1;4;9;10;11;18;8;53
rare;36;0;2;32;3;1;11;9;48
raconter;14;0;13;18;1;12;52;10;25
président;14;0;69;19;0;6;12;1;20
lac;82;1;0;24;1;2;3;0;13
héritage;5;0;1;115;0;1;1;5;10
emji_visage_très_souriant_aux_yeux_rieurs;75;4;3;20;0;4;7;1;16
directement;2;3;22;67;0;0;15;3;28
assumer;4;0;21;20;1;1;16;47;32
affaire;8;3;18;58;1;1;21;5;27
vote;4;0;12;21;0;6;74;10;11
passage;16;12;5;73;1;4;10;3;18
papier;5;52;4;31;2;2;15;6;21
billet;15;0;1;114;0;0;1;0;5
sauvage;10;0;5;5;112;0;1;0;7
foot;24;1;2;23;1;5;8;44;26
essentiel;10;4;12;49;0;1;17;5;44
doigt;11;2;5;20;4;10;18;4;66
remarquer;13;1;5;18;0;7;70;3;22
principe;2;2;14;56;1;1;23;6;37
loyer;0;0;1;135;0;0;0;0;3
leçon;66;1;5;15;2;8;15;2;23
cheveu;47;1;5;20;1;17;7;8;32
avance;18;0;12;18;0;6;18;6;63
sacré;83;0;2;12;1;7;11;1;20
gosse;23;0;1;15;1;3;7;9;79
découvrir;47;3;4;24;1;4;21;2;34
énorme;19;1;2;83;1;1;8;2;22
village;32;0;13;56;3;9;7;2;16
scientifique;1;0;1;18;1;4;96;0;7
nécessaire;5;0;7;77;1;4;13;4;28
augmentation;0;0;1;114;1;0;6;2;6
ya;13;3;7;19;4;15;10;4;61
ps;18;1;14;29;1;22;25;3;24
inutile;2;0;12;60;1;4;26;6;27
impossible;15;4;12;55;0;4;20;1;29
emji_visage_souriant_avec_une_larme;45;1;5;29;2;2;11;7;23
dénoncer;0;0;63;22;2;3;21;6;18
conflit;0;0;59;16;0;4;18;6;33
transport;2;0;0;128;1;2;2;0;1
soigner;8;0;17;60;1;0;8;3;33
siècle;8;3;22;22;1;3;19;6;50
post;6;0;12;14;0;3;90;2;7
plan;7;0;55;26;1;6;12;4;17
marier;45;1;11;8;0;3;4;54;10
fameux;26;2;18;50;1;8;15;5;12
afrique;3;1;28;84;0;3;6;0;6
vaudois;82;0;1;29;1;3;11;2;7
tour;15;0;15;26;1;9;16;2;50
pousser;4;0;9;43;0;5;28;4;41
mentalité;21;0;5;13;1;15;8;1;73
frontière;1;0;24;84;0;1;9;2;15
campagne;14;2;2;44;5;3;22;2;38
autorité;1;0;52;31;1;1;10;9;29
élevé;9;0;1;83;1;3;10;6;21
voie;3;0;6;76;1;2;13;4;26
mouvement;8;0;33;19;0;5;17;18;31
engager;3;0;10;65;0;4;11;4;34
emji_visage_qui_tire_la_langue_et_fait_un_clin_d_oeil;59;2;3;26;2;6;9;6;7
appliquer;2;0;11;68;0;2;29;5;18
réflexion;14;0;4;10;2;9;63;4;28
libérer;2;0;94;16;0;1;1;5;13
conseil;9;0;10;66;0;0;17;6;22
bouger;15;2;10;19;2;7;6;1;72
éduquer;18;0;5;6;0;4;13;15;69
présent;18;1;9;25;1;5;16;9;48
nourriture;2;1;10;65;24;2;3;0;25
magasin;11;1;2;92;2;2;4;5;13
jean;60;0;1;10;0;2;9;4;41
degré;10;2;1;24;1;56;13;1;22
caissier;0;0;0;77;1;14;10;0;21
accès;2;0;6;77;0;2;9;9;23
soleil;44;0;3;31;2;12;5;2;29
plastique;14;3;0;102;1;1;1;1;4
cool;46;0;6;19;1;10;7;5;39
conséquence;0;0;24;24;0;3;12;8;61
chf;2;1;3;101;0;1;6;0;1
apparemment;4;1;8;32;4;10;25;7;43
réellement;6;1;12;49;1;1;21;4;34
polluer;2;1;4;107;1;2;3;1;5
gratuit;2;1;3;99;0;1;9;6;6
condamner;0;0;55;14;5;9;22;7;19
excuser;4;1;22;18;1;11;35;5;34
adapter;2;1;0;57;6;6;17;4;36
supprimer;4;0;3;54;5;5;28;8;18
supporter;5;0;19;24;3;6;4;10;57
rôle;6;0;20;29;1;3;18;14;39
malade;7;0;5;33;5;6;4;2;63
gauchiste;6;0;18;19;0;7;69;1;7
accident;0;0;3;102;2;1;6;1;7
sauter;53;0;4;13;0;5;13;4;29
peau;10;2;3;19;2;23;16;5;41
onu;0;0;100;10;0;3;6;0;5
milieu;19;0;7;23;1;3;14;5;52
inquiéter;4;0;16;32;2;5;22;2;46
illégal;0;0;72;28;0;1;7;4;10
emji_ok;91;1;5;10;1;2;6;1;6
bizarre;8;4;18;12;2;31;14;8;30
attaque;1;0;60;21;1;2;22;3;17
table;16;0;0;8;1;3;1;1;6
probablement;7;0;8;25;1;4;26;12;42
perte;3;0;5;73;1;2;11;3;27
genocide;0;0;110;5;0;0;3;0;4
emji_visage_qui_fait_un_câlin;81;1;0;12;0;0;7;2;15
conseiller;6;2;26;48;3;5;19;3;13
sac;30;1;2;49;4;1;7;1;24
répéter;3;1;11;16;0;4;51;6;28
recherche;6;0;6;45;3;0;46;4;16
période;33;2;4;25;1;3;2;2;50
médecin;6;0;10;85;0;0;4;0;13
hôpital;3;1;21;74;0;1;11;2;14
honteux;2;1;22;19;2;37;9;9;24
goût;25;0;3;22;1;10;20;2;43
féminin;12;0;1;24;1;5;4;65;5
drogue;0;0;8;65;1;3;10;4;34
dos;15;2;9;46;5;8;7;4;26
contrôle;1;0;22;75;0;1;10;2;11
comportement;1;0;10;16;6;1;9;24;58
régime;1;0;25;22;14;0;29;1;17
emji_coeur_cartes;92;0;0;2;2;0;1;0;2
bande;19;3;82;7;0;3;2;0;6
bain;20;81;1;7;0;1;0;1;9
sorte;6;1;12;45;2;5;9;4;41
sioniste;1;0;105;2;0;0;6;0;4
légal;1;0;26;63;1;2;13;6;10
jeter;9;1;11;72;1;3;7;2;17
informer;1;0;18;20;4;2;41;8;27
gueule;9;0;9;24;0;43;10;4;24
emji_visage_qui_rougit;21;1;8;16;1;52;0;0;1
connaissance;13;0;2;23;2;3;59;6;16
unique;6;0;3;91;0;1;8;4;9
taux;0;0;1;100;1;0;2;6;10
paraître;8;0;4;20;2;9;31;2;47
emji_visage_pensif;40;0;6;12;2;5;3;2;45
construire;3;5;21;43;2;2;15;4;29
art;10;1;12;47;2;6;20;2;14
vaud;10;0;0;103;0;1;3;0;1
remplir;18;2;10;55;3;1;13;2;16
objet;2;2;4;24;5;2;23;7;50
mari;30;0;1;8;0;4;3;59;13
boire;16;1;1;49;5;6;12;5;26
intelligence;22;0;2;3;3;2;84;0;4
futur;7;0;4;35;0;1;11;1;62
expérience;14;0;3;19;0;3;19;8;55
climat;1;0;2;73;0;1;20;1;19
pur;38;0;3;26;1;1;26;5;22
professionnel;7;0;4;61;1;1;10;4;33
notamment;2;2;17;55;1;0;13;12;19
minute;11;0;5;43;0;3;20;4;30
contrairement;3;1;17;32;2;0;35;7;22
combat;10;0;17;7;1;1;8;46;29
centre;2;0;4;69;4;2;12;2;20
avancer;5;0;7;18;0;3;20;10;54
méchant;2;0;10;8;1;11;10;53;18
frère;33;1;23;10;2;6;14;8;22
espèce;5;2;3;18;14;4;13;2;55
emji_visage_soulagé;53;0;4;11;1;7;9;2;9
détester;54;0;11;10;1;8;13;4;16
connerie;4;0;4;13;0;5;43;8;41
reposer;65;0;6;31;0;0;6;4;8
remplacer;7;4;2;75;0;7;11;0;14
montagne;29;0;2;47;1;3;8;1;26
local;3;0;5;79;1;1;13;0;17
définition;8;1;23;14;0;10;46;5;12
1er;24;2;7;27;0;33;11;2;7
ukraine;2;0;75;19;0;0;4;1;9
richesse;3;0;2;89;0;2;12;0;8
religion;0;1;32;10;3;3;27;9;29
poule;18;1;1;14;78;1;0;0;4
parfaire;34;3;3;26;2;3;14;7;26
jurer;37;0;1;40;0;4;16;0;17
habiller;22;0;3;2;0;0;2;3;81
confirmer;11;1;12;23;4;4;35;7;21
bois;43;2;3;36;2;2;9;1;16
wesh;61;0;1;5;0;6;13;0;18
visiblement;5;1;4;14;3;9;62;3;16
tromper;10;0;8;16;0;9;14;11;44
protection;2;0;15;38;2;1;6;10;38
consommer;2;0;1;84;2;0;5;6;17
café;9;0;2;76;0;6;5;2;9
avion;2;0;3;97;1;4;2;0;4
visage;20;1;30;11;1;4;18;4;19
territoire;0;0;56;29;2;2;7;1;14
style;43;1;3;15;0;6;7;3;34
simplicité;99;0;0;6;0;1;1;0;8
patron;9;0;2;94;0;0;6;1;4
organiser;5;0;45;29;1;6;11;1;16
balle;11;1;28;38;0;9;5;5;14
avantage;3;0;1;69;0;1;13;4;21
émouvant;107;0;0;3;0;0;0;0;4
voyage;21;2;4;52;0;1;9;1;22
nord;11;2;21;59;0;3;8;0;5
ligne;4;1;9;60;1;3;21;2;10
lancer;5;0;19;22;1;9;16;2;39
emji_visage_grimaçant;32;1;2;13;4;37;4;1;10
anglais;5;2;14;9;0;9;56;1;12
étonnant;6;0;14;42;2;5;18;6;20
obtenir;1;0;8;59;0;2;22;9;12
neutre;0;0;51;18;0;4;24;1;13
ménage;5;3;2;38;1;2;3;42;14
hygiène;2;72;0;11;0;1;8;1;15
vocabulaire;25;0;3;7;0;6;45;1;22
souffrir;10;0;11;23;3;2;7;7;49
langage;28;0;3;0;0;9;34;3;32
insulter;1;0;7;2;0;22;33;10;32
innocent;6;0;81;1;0;5;1;2;15
espace;0;3;6;68;4;1;7;1;18
développer;2;0;3;52;0;6;9;3;36
doux;74;4;1;11;0;3;6;4;10
complice;2;0;101;3;0;0;0;0;5
rouge;13;0;7;49;2;8;9;1;18
reprendre;8;3;29;14;0;5;18;2;34
quotidien;4;2;8;28;1;2;7;7;52
méthode;4;1;8;13;0;1;23;2;47
milliardaire;0;0;4;90;1;4;2;1;5
habitant;4;0;10;76;0;1;6;0;13
constater;6;0;10;28;2;4;15;4;43
statistique;1;0;1;23;0;1;64;11;9
salle;7;61;1;18;0;2;7;1;8
prévoir;2;1;13;76;0;3;4;1;9
plaque;8;0;1;55;0;4;13;3;18
mentionner;2;0;18;24;1;2;54;6;2
investir;3;1;5;69;1;0;3;7;19
genevois;18;0;2;73;1;2;7;0;3
budget;2;0;3;86;0;1;5;1;10
acteur;54;0;7;19;0;8;7;4;9
installer;9;29;10;32;0;2;10;1;14
h;9;0;5;78;0;2;3;2;6
emji_visage_avec_une_main_sur_la_bouche;29;1;0;15;0;10;26;4;14
emji_tête_de_fou;32;1;2;17;1;38;4;0;6
emji_singe_ne_rien_voir;37;1;6;12;2;2;6;2;6
avenir;5;0;5;40;0;2;10;1;44
vêtement;4;3;1;42;0;3;4;5;40
vision;7;0;6;18;0;1;22;15;40
site;16;0;5;50;0;1;18;2;14
relever;4;1;9;17;0;1;40;6;31
octobre;5;0;78;8;0;1;8;0;6
largement;3;2;14;50;1;1;16;8;14
immigration;1;1;10;32;0;5;42;1;10
emji_tête_à_l_envers;15;0;5;20;1;20;14;4;25
énormément;8;1;3;48;1;4;12;4;28
tristesse;73;0;4;5;1;2;4;4;16
socialiste;0;0;7;64;0;4;14;0;11
inviter;11;0;16;15;0;13;22;4;27
fromage;46;1;1;26;1;3;12;1;9
euro;7;0;2;90;0;0;1;3;4
chemin;19;0;3;21;1;5;7;3;48
arbre;22;0;5;54;1;2;3;3;11
viser;0;0;19;28;0;6;15;11;25
taper;4;1;7;21;6;9;11;10;36
science;3;1;0;13;2;2;74;0;5
correctement;3;1;5;19;0;3;38;8;30
chou;88;0;4;7;0;1;2;1;4
bébé;8;3;12;12;0;2;4;4;55
réveiller;13;0;12;24;1;2;14;4;35
personnellement;6;0;0;21;0;4;13;2;61
nationalité;5;0;3;20;0;1;66;2;6
machine;10;4;4;50;0;4;12;1;18
joyeux;85;0;1;3;0;1;1;0;11
décennie;4;0;27;32;1;3;9;6;23
commenter;4;1;6;2;1;3;81;1;6
seconde;8;0;10;12;1;8;37;2;25
pari;17;0;8;51;2;6;6;2;10
impact;0;0;2;66;2;1;5;10;20
emji_yeux;15;1;6;12;2;1;53;0;8
emji_notes_de_musique;54;0;0;1;0;1;0;0;1
chanson;82;1;2;2;0;2;4;1;8
centaine;2;0;35;41;0;2;7;1;14
bêtise;3;0;4;6;2;4;60;1;21
regard;47;1;11;9;4;1;8;6;18
politicien;3;1;16;59;0;1;10;1;13
jésus;39;0;11;8;2;5;5;2;25
féministe;2;0;4;3;0;3;10;61;11
emji_visage_de_geek;9;0;7;14;0;58;3;0;3
emji_biceps_contracté;31;0;10;14;1;1;5;4;11
dépenser;5;1;2;84;0;1;0;3;6
dormir;20;0;3;13;1;10;9;2;44
tranquille;5;1;4;9;12;4;7;6;55
saison;69;0;2;21;0;2;1;1;3
saint;42;0;7;12;0;2;5;2;13
prisonnier;3;0;93;0;0;0;3;0;0
membre;1;0;22;16;0;8;17;2;30
emji_crâne;9;1;5;17;0;2;3;1;13
contrôler;1;0;26;37;2;2;11;3;20
confondre;4;0;14;16;2;4;41;9;11
confiance;10;0;15;25;1;4;12;3;32
chine;1;1;23;61;0;2;5;0;8
amuser;59;0;4;12;1;3;5;1;19
priorité;5;0;2;53;1;1;9;5;24
interview;59;0;7;2;0;1;15;3;14
frapper;2;0;31;14;1;2;13;6;31
déplacer;0;1;6;63;3;1;13;2;12
appartenir;3;0;15;42;2;4;9;6;18
ajouter;4;1;4;46;0;6;21;7;12
activité;6;0;3;35;2;3;9;4;34
terminer;12;1;6;32;1;4;8;1;35
russie;3;0;85;4;0;0;3;0;5
rigoler;14;0;3;10;1;7;12;3;47
pote;23;2;16;10;0;4;12;11;20
matériel;7;0;21;43;0;0;9;3;15
lumière;16;0;9;19;0;4;3;3;45
financier;2;0;7;67;0;1;4;9;11
cul;5;46;6;8;0;8;8;4;16
contexte;6;0;12;11;0;8;41;3;18
wow;45;2;2;7;0;7;13;2;21
job;2;0;2;48;0;5;15;3;21
hyper;16;3;2;18;0;3;14;5;39
formation;0;0;0;52;1;1;11;5;28
fiscal;0;0;0;96;0;0;1;0;1
etat;1;1;37;39;0;1;8;3;7
enseignant;8;0;1;6;0;0;7;0;69
emji_visage_avec_lunettes_de_soleil;70;1;2;10;0;1;5;1;1
crier;3;1;21;12;5;8;6;2;42
commerce;3;0;10;69;0;1;6;2;9
bus;11;0;3;73;0;2;1;0;7
brésil;9;2;23;34;4;5;9;0;10
training;6;1;0;4;0;0;1;0;76
soudan;0;0;90;2;0;0;1;0;5
réagir;0;0;11;18;0;1;44;0;22
parfaitement;13;2;5;20;0;0;53;1;5
obligation;1;0;11;29;0;0;5;32;18
objectif;3;0;22;28;1;1;23;5;15
mener;2;0;20;44;0;1;4;8;21
humour;19;0;3;3;0;28;20;5;19
emji_visage_souriant_avec_auréole;44;0;4;10;2;4;7;3;6
emji_visage_qui_regarde_entre_ses_doigts;18;1;3;12;0;47;5;1;5
domaine;1;0;3;48;0;2;13;7;22
crise;1;0;12;58;3;3;7;1;13
continent;1;0;4;75;0;1;3;1;3
camp;7;0;37;15;1;2;12;3;19
autorisation;0;0;61;17;0;0;6;4;5
terrain;5;0;10;27;3;2;8;3;38
sagesse;86;0;0;1;0;0;4;5;3
roi;43;0;10;19;1;2;2;3;17
respectueux;21;1;6;10;0;2;9;2;46
marre;4;0;21;23;1;0;10;7;32
inverse;2;0;2;27;0;6;13;12;36
horrible;14;1;13;13;2;2;4;0;50
cadre;1;0;14;45;0;1;16;3;18
boîte;10;2;0;53;2;5;6;6;12
apprentissage;6;0;1;10;0;1;15;1;57
âgé;7;3;6;17;0;3;3;16;39
viande;3;0;0;46;14;5;5;1;18
chaleur;39;1;2;27;1;3;3;4;14
sortie;6;1;10;40;1;4;11;2;19
sol;3;1;9;43;1;3;12;6;13
soeur;43;0;6;6;0;4;6;12;14
ski;37;0;1;29;0;3;5;2;16
retenir;16;0;12;18;0;3;19;2;25
ramener;17;0;8;16;1;3;30;1;18
poche;4;0;5;72;0;2;5;2;7
nan;10;2;8;9;1;5;11;3;41
double;8;1;5;48;0;4;10;5;13
cash;3;0;0;75;0;1;1;1;1
capitalisme;4;0;7;49;0;4;15;4;14
arranger;1;0;6;26;1;3;26;9;22
apprécier;15;2;3;8;0;0;30;3;33
alcool;4;0;2;52;3;5;10;2;14
affirmer;2;1;19;19;0;3;40;5;6
volonté;4;0;16;21;2;1;15;3;28
travers;5;0;21;24;0;1;9;1;35
ressource;2;0;14;65;1;0;5;0;9
pacifique;0;0;65;5;1;1;7;0;13
organisation;2;0;38;25;1;0;7;2;14
logement;0;3;3;73;0;1;2;0;6
islamiste;1;0;93;0;0;0;1;0;0
fruit;4;0;0;75;1;3;3;3;7
extrêmement;7;2;4;24;1;3;22;3;30
emji_visage_qui_vomit;3;8;5;5;2;49;1;2;5
emji_visage_avec_un_monocle;14;2;8;19;0;41;4;0;4
discuter;7;0;4;8;0;1;53;9;14
confort;3;0;4;41;2;1;7;3;33
caméra;5;0;3;26;1;3;4;2;43
berner;5;0;19;53;0;1;7;1;7
artiste;20;0;0;33;0;1;19;1;14
émotion;48;0;4;6;0;0;15;2;20
vitesse;1;0;6;70;0;0;4;4;8
vide;2;2;1;42;3;5;18;2;17
traitement;1;0;18;17;1;4;12;16;24
romand;18;0;2;39;0;4;20;0;10
race;6;0;3;8;0;6;22;3;37
purée;69;0;2;3;0;2;10;1;6
migros;9;0;0;74;0;1;2;1;1
marque;18;0;0;49;1;3;4;2;13
fan;44;3;3;11;1;2;10;2;14
amérique;2;1;8;72;0;2;0;0;4
vérifier;3;0;7;47;0;4;21;2;9
papa;51;0;3;13;1;2;5;2;14
dingue;19;0;8;14;0;5;12;6;27
conduire;6;0;4;50;0;0;9;0;22
citer;1;1;9;27;0;1;37;3;15
champion;27;0;6;18;0;4;20;2;13
sale;1;20;10;16;0;11;14;4;16
new;10;0;3;36;1;7;14;3;13
moquer;8;3;5;11;0;5;13;2;45
humanitaire;1;1;72;8;0;0;1;0;9
hasard;8;0;11;33;0;4;26;4;5
fondue;76;0;0;5;0;0;4;1;2
enquête;1;0;16;15;0;6;40;0;9
emji_pouce_vers_le_haut_peau_claire;43;2;6;8;1;3;10;1;8
deja;7;1;7;10;3;3;8;3;46
cessez_le_feu;0;0;82;0;0;1;2;0;0
vert;15;0;5;48;1;3;14;0;4
profil;2;0;6;4;2;8;58;1;11
mineur;0;0;9;12;0;0;19;16;31
vin;24;0;0;50;0;4;1;1;1
stop;6;2;16;24;0;2;3;2;25
sourire;60;0;4;4;0;2;2;1;16
réjouir;17;0;17;24;0;2;7;1;23
réaliser;8;2;3;28;0;1;15;5;28
relire;3;0;6;3;2;6;68;0;1
préparer;12;0;6;8;3;0;5;4;51
programme;4;0;7;18;0;3;26;1;22
mémoire;25;0;8;17;0;1;11;0;28
misère;2;2;3;42;1;1;9;5;23
mentir;3;0;12;12;0;3;31;4;18
intérieur;8;1;5;31;0;5;3;5;29
contribuer;2;0;8;48;2;1;10;9;11
chef;6;0;13;16;1;3;10;4;36
calme;18;0;9;10;1;1;6;2;41
sérieusement;0;0;8;15;0;10;23;5;29
refaire;20;3;4;12;0;1;29;2;16
particulier;3;0;9;28;2;5;17;4;21
foyer;3;0;8;23;0;0;5;30;19
emji_renard;60;0;0;1;4;0;0;0;6
bras;17;3;7;22;0;5;8;2;24
bel;39;0;12;9;1;4;12;2;11
avouer;27;0;5;15;1;1;8;4;29
amener;5;0;5;18;1;4;11;5;37
actualité;31;0;9;1;2;1;22;2;16
véritable;15;0;15;24;1;2;4;1;25
transformer;5;0;7;42;2;5;7;4;14
riz;4;0;0;5;73;0;0;0;2
ressentir;7;0;3;7;1;0;11;6;52
principal;3;1;13;37;2;0;17;5;11
nation;1;0;23;39;1;1;6;1;12
marrant;9;1;5;7;1;10;43;3;10
fonction;2;1;8;29;1;4;30;2;11
flic;2;0;13;12;0;5;3;1;51
emji_coeur_brisé;30;0;21;5;2;2;1;1;14
drone;1;0;64;13;0;0;3;1;4
compagnie;7;0;1;30;5;5;0;4;34
communauté;4;1;20;17;0;6;15;3;21
chaîne;9;0;8;24;2;0;41;1;3
casseur;1;0;75;2;0;0;4;0;4
achat;2;0;7;70;0;0;4;0;3
évolution;11;0;1;12;3;0;13;6;39
écran;13;0;2;9;2;0;10;1;46
échange;9;0;8;27;0;1;10;5;26
tenter;4;0;11;16;2;3;19;1;32
précis;2;1;13;23;0;4;33;1;9
matière;3;2;3;47;1;0;14;0;14
liste;3;0;10;20;1;4;18;2;22
entrer;3;0;15;25;1;4;6;2;32
ds;11;2;16;14;5;20;5;2;12
dirigeant;0;0;26;30;0;3;9;3;15
danse;56;0;1;3;0;2;4;3;12
ciel;27;1;3;31;1;6;3;1;13
usage;3;2;7;38;0;7;10;2;11
sanction;0;0;60;10;0;2;4;1;9
rappel;15;0;20;23;0;7;4;5;13
raisonnement;2;0;9;6;1;3;32;6;24
quartier;14;0;3;20;3;4;8;1;27
positif;10;0;2;20;0;0;18;1;35
individu;0;0;6;24;1;1;13;6;35
i;20;1;12;11;0;11;10;4;14
hériter;1;0;1;70;0;2;1;2;7
décéder;46;0;4;12;1;1;5;2;15
corruption;1;1;17;55;0;1;2;1;4
concept;10;2;2;21;0;5;29;5;13
catastrophe;3;0;2;28;2;3;7;3;36
bordel;22;1;11;8;2;20;5;1;17
vivement;18;0;14;31;0;4;9;0;10
tt;18;0;3;10;1;7;3;5;35
traverser;7;2;0;40;1;2;6;1;21
travailleur;1;0;2;65;0;1;2;4;6
supérieur;1;0;4;27;0;4;14;1;31
pollution;3;0;0;73;1;0;2;2;5
occidental;0;3;37;11;0;2;6;5;20
forcer;2;0;17;17;0;2;2;12;30
foi;6;0;8;6;1;2;49;4;8
démontrer;3;0;6;25;0;1;36;0;14
célestin;78;0;1;0;0;0;0;1;4
complet;12;3;5;21;3;0;28;2;12
chier;1;2;6;6;1;36;8;3;21
bombarder;0;0;71;2;0;0;2;0;8
étudiant;5;0;2;46;0;0;10;1;15
verre;11;4;0;51;1;0;5;4;4
récupérer;7;0;24;33;3;1;3;0;12
relation;2;0;6;8;0;1;12;36;17
professeur;6;1;1;6;0;1;13;0;48
oreille;20;1;0;2;1;18;8;2;32
ignorer;4;0;10;14;2;1;12;9;32
facilement;0;1;3;45;1;2;15;3;15
encourager;5;0;14;23;1;1;7;9;24
emji_visage_avec_des_symboles_dans_la_bouche;0;0;3;20;1;19;4;1;5
déclarer;0;0;31;27;0;1;11;3;5
dizaine;2;0;26;26;2;1;12;4;11
diminuer;0;0;3;59;2;1;4;3;12
couvrir;3;0;10;33;2;4;6;3;21
cinéma;31;0;5;16;0;2;12;2;10
casque;6;1;1;50;0;5;2;0;12
bouteille;4;28;0;41;0;2;1;1;3
belgique;40;3;4;24;0;1;5;0;8
surprise;8;0;19;12;2;4;8;5;22
problématique;1;0;2;24;0;3;22;6;23
pression;0;0;12;30;0;4;4;6;28
morale;4;0;19;18;1;1;20;2;16
minorité;0;0;11;11;1;4;20;16;17
limiter;0;0;2;46;0;2;15;4;13
jugement;3;0;20;4;0;3;12;6;35
joie;48;0;9;6;1;1;3;1;15
historique;0;1;15;21;0;1;36;1;9
féminisme;0;1;1;2;1;2;8;54;4
fribourg;28;0;2;38;0;1;4;0;4
emji_visage_épuisé;12;2;1;2;2;6;9;3;17
ue;0;0;21;27;1;2;11;0;10
tôt;6;0;5;11;0;3;11;6;40
signer;2;0;42;18;1;1;3;0;12
primaire;30;0;0;2;1;3;5;2;30
gant;42;15;0;8;0;1;1;0;5
faible;3;0;6;44;0;2;10;4;11
exceptionnel;54;0;2;10;0;1;2;4;10
emji_visage_festif;45;0;5;4;0;2;2;0;3
emji_mains_qui_forment_un_coeur;62;1;2;3;1;0;1;1;3
emji_colombe;48;0;9;3;0;1;1;0;4
autrement;2;2;3;28;0;2;12;1;32
analyse;4;0;4;9;1;2;52;2;6
accuser;0;0;40;16;0;1;8;4;12
égal;0;0;3;20;0;1;3;33;18
tjs;19;1;1;10;0;19;9;3;12
technique;6;1;1;53;0;2;7;3;7
sain;17;0;3;18;1;0;2;5;36
réchauffement;1;0;1;48;0;2;17;0;8
retirer;2;2;14;17;1;1;13;4;24
mensonge;1;0;39;8;0;1;15;4;11
fabriquer;6;0;4;61;0;0;3;0;6
environnement;0;1;1;36;1;1;10;8;24
emji_chat_souriant_aux_yeux_en_coeurs;60;0;0;0;0;0;0;0;2
désir;26;0;2;5;0;0;5;17;25
club;22;0;3;12;1;0;4;4;31
association;5;0;4;24;2;8;13;6;18
télé;15;0;2;7;1;1;35;3;15
tres;23;3;2;8;0;1;0;3;36
tendance;2;0;2;15;1;3;17;5;32
sexe;4;0;0;5;3;1;3;57;5
pub;11;0;2;52;1;0;5;3;2
pitié;24;0;8;5;1;9;18;1;15
mur;3;1;8;36;1;2;6;0;21
lutte;4;0;13;13;0;0;20;9;20
hypocrisie;2;0;26;18;1;2;11;4;17
hahaha;35;0;2;8;0;6;8;2;17
grandir;15;0;2;10;0;1;9;6;36
dégât;0;0;32;26;3;1;4;2;11
bleu;24;1;4;16;0;17;9;1;3
amende;1;0;5;70;2;0;0;0;1
accompagner;10;0;0;13;1;1;5;2;49
survivre;4;0;7;27;2;2;3;9;26
soirée;28;0;0;7;0;2;13;1;27
prétendre;1;0;13;11;0;1;30;8;15
pertinent;9;0;4;14;0;1;46;2;4
oeuvre;4;0;2;49;0;1;12;2;6
humilité;57;0;0;2;0;0;5;2;13
emji_trèfle_à_quatre_feuilles;62;0;1;4;0;0;0;0;4
emji_deux_coeurs;53;0;0;3;0;0;1;1;6
désoler;5;2;3;3;1;4;9;6;42
départ;6;0;5;52;0;2;7;0;7
covid;4;2;3;56;1;3;1;2;5
correct;2;0;5;15;0;13;24;1;18
blesser;1;0;11;8;5;2;12;0;41
us;1;0;13;46;0;4;4;1;8
soldat;0;0;57;12;0;1;2;2;4
scandale;0;0;10;19;1;5;10;2;31
repas;9;0;0;11;0;24;4;1;27
profit;0;0;5;62;0;0;2;0;7
poubelle;7;0;2;46;5;0;4;0;10
position;2;1;25;11;3;2;19;3;13
personnage;36;0;1;3;1;1;16;4;14
mamie;65;0;1;1;5;2;1;0;4
inspirer;41;0;4;13;0;2;8;4;4
forêt;17;0;3;21;8;1;0;1;23
emji_visage_rieur;53;0;1;7;1;1;5;1;4
confédération;1;0;8;58;0;0;3;1;6
chômage;0;0;0;73;0;0;0;0;4
bruit;7;0;0;17;1;6;1;1;42
bouche;20;1;4;4;2;10;7;2;28
balancer;2;0;11;11;3;6;21;4;19
appel;6;1;16;17;0;10;20;1;5
véhicule;3;0;0;63;0;0;5;0;4
terrible;11;0;2;7;3;2;2;3;46
série;22;0;3;14;0;5;10;5;18
souffrance;7;0;12;8;0;0;10;3;37
scolaire;4;0;0;21;0;1;4;0;42
rêver;31;1;1;17;0;0;3;3;20
réaction;2;1;6;4;2;3;13;4;41
monnaie;0;0;2;68;1;0;1;0;1
masse;3;0;14;40;0;0;10;4;6
investissement;2;0;4;59;0;0;2;1;5
consommateur;1;0;0;58;0;0;4;4;7
chasseur;3;0;1;2;62;1;1;0;1
brûler;3;1;12;34;1;2;2;4;18
écologique;2;3;3;56;2;0;4;0;6
soumettre;2;0;7;18;0;4;3;26;15
r;17;0;9;14;1;3;9;4;15
publication;5;1;11;4;0;1;52;0;3
page;9;0;8;9;0;9;35;1;4
magique;43;0;1;12;2;1;9;1;8
littéralement;9;1;4;15;2;3;35;3;3
ignorance;4;0;5;9;1;2;31;2;20
idéologie;0;0;10;7;0;0;29;2;28
formidable;58;1;1;7;0;0;4;1;4
emji_visage_qui_fond;26;0;2;17;0;4;5;1;11
emji_drapeau_territoires_palestiniens;8;0;48;1;0;0;0;0;0
drapeau;4;0;30;10;0;2;15;0;11
difficulté;3;1;5;26;1;0;7;0;31
belge;36;0;3;17;0;3;6;0;6
arrêt;3;0;22;31;1;0;4;2;13
africain;4;0;9;41;1;5;5;2;6
voleur;3;0;12;40;0;3;5;0;8
transmettre;13;0;1;17;0;1;18;1;23
posséder;1;1;1;39;0;4;8;5;16
poids;0;0;7;30;2;0;4;6;24
pièce;4;4;5;44;0;3;4;1;10
nettoyer;2;28;1;11;1;1;4;4;20
luxe;3;2;4;56;0;0;5;1;4
individuel;0;4;2;25;0;0;4;4;35
incapable;2;0;6;3;1;1;18;12;27
impressionnant;50;0;2;6;0;1;10;1;6
immense;20;0;3;27;1;2;7;3;12
gruyère;48;0;0;8;0;3;0;1;4
fondamental;0;1;28;20;0;0;12;1;12
emji_femme_qui_hausse_les_épaules;8;1;3;15;0;16;11;0;21
défense;3;0;19;13;1;8;20;3;6
coller;9;0;3;17;0;4;33;2;8
annoncer;1;0;24;20;0;1;12;2;16
texte;8;0;2;9;0;1;48;3;3
taille;11;1;1;36;0;4;4;2;16
sang;6;1;23;14;4;3;8;0;15
remercier;8;0;13;11;2;3;25;3;9
pourri;9;0;4;21;1;3;2;1;33
possibilité;4;5;6;35;0;1;5;4;15
joueur;11;0;1;27;0;0;5;8;21
free;3;0;52;4;0;0;0;0;3
filmer;25;0;2;5;0;3;6;4;29
exact;13;1;5;15;2;8;19;1;9
débile;4;0;2;7;0;6;22;2;30
deuxième;13;0;12;14;0;2;20;3;10
complexe;2;0;3;11;0;2;31;5;20
collectif;5;0;7;29;0;0;6;1;27
chocolat;9;3;0;29;1;18;3;1;3
chanter;54;0;5;0;0;2;5;1;7
carrément;7;0;3;15;4;31;7;1;5
bio;6;0;1;51;1;3;11;0;1
baser;2;0;2;24;0;0;28;4;15
autoroute;0;0;1;58;0;1;1;0;7
restaurant;6;0;2;53;0;2;2;0;7
rassurer;3;1;2;12;0;3;6;5;41
rapide;5;1;4;37;0;2;6;5;7
quasiment;4;0;5;31;2;4;11;4;12
préciser;3;0;14;17;4;2;16;5;13
pr;6;2;8;9;0;8;4;10;16
pierre;18;0;4;29;1;0;5;3;11
passion;32;0;0;11;0;1;6;2;21
malheureux;11;0;5;6;3;0;1;2;43
lever;8;1;8;13;0;15;6;1;19
fuir;1;0;11;22;2;4;17;1;14
espagne;8;8;5;49;0;2;1;0;1
cancer;0;2;4;42;1;2;10;1;8
appartement;0;16;2;33;1;5;3;2;11
alimentaire;1;0;7;39;8;3;5;0;10
tenue;11;0;2;8;1;5;4;1;38
silence;6;0;29;11;2;1;5;1;15
retard;6;1;2;36;3;2;9;3;9
putain;26;1;5;6;1;29;0;1;3
intervention;3;0;6;13;0;6;15;2;24
génie;40;0;3;7;2;3;6;3;7
former;3;1;5;24;0;3;10;3;22
engagement;12;0;16;9;0;0;8;3;25
congo;1;0;63;3;0;1;0;0;1
collègue;6;1;5;24;0;3;3;2;26
événement;1;0;6;25;0;2;10;0;25
vache;31;0;0;10;4;3;12;1;11
ubs;0;0;12;53;0;0;2;0;1
tjrs;13;0;2;12;0;29;3;1;8
the;21;0;11;7;0;6;10;1;10
technologie;2;0;1;42;0;1;4;0;20
stade;2;1;2;21;0;7;6;4;28
radio;5;0;3;22;0;3;34;0;3
pauvreté;2;0;4;47;0;0;10;0;8
oiseau;11;0;1;21;10;4;5;1;16
maintenir;3;1;6;47;0;0;5;2;7
lapin;3;0;0;7;45;3;1;0;8
idem;15;1;1;20;1;4;4;2;20
ex;5;1;5;15;1;3;11;22;7
enseigner;3;0;1;15;0;2;3;2;39
emji_visage_souriant_avec_de_grands_yeux;48;0;0;6;0;2;5;0;5
emji_visage_avec_les_sourcils_relevés;3;0;4;11;1;36;3;1;4
emji_visage_avec_fumée_sortant_des_narines;2;0;4;35;1;8;1;2;7
emji_applaudissements_peau_claire;25;0;1;7;0;0;4;2;4
création;2;1;25;23;0;2;9;2;6
coupable;1;0;52;4;0;1;1;4;7
coin;14;0;1;16;0;3;7;3;27
censé;1;1;15;9;3;3;7;3;28
améliorer;2;0;1;22;1;3;9;1;32
samedi;8;0;8;34;0;5;3;1;8
publier;4;0;9;6;0;1;43;1;6
occasion;9;0;4;19;0;3;4;1;31
ménager;3;0;2;8;1;2;0;41;8
mtn;8;0;11;12;0;30;1;1;7
menace;1;0;29;13;0;5;10;2;9
mariage;9;0;2;5;0;3;9;36;3
macron;1;0;12;19;1;29;3;0;2
lettre;8;0;5;10;1;3;28;1;11
jardin;6;0;2;13;10;7;3;2;24
fumeur;3;0;1;49;0;2;1;0;9
extraordinaire;58;0;1;4;0;1;2;1;3
emji_tas_de_crotte;4;6;2;9;0;30;2;0;1
efficace;1;2;5;37;1;2;6;3;13
diriger;2;0;20;21;0;3;4;6;15
concret;0;0;9;25;0;0;28;1;8
collège;18;0;0;6;0;3;6;0;28
agréable;29;0;0;7;1;4;11;3;16
étudier;1;0;5;9;1;2;26;1;19
ukrainien;2;0;34;14;0;1;6;1;8
tâche;1;0;1;16;0;0;0;44;4
tv;9;1;2;11;0;4;28;1;11
signe;3;1;10;15;0;1;8;2;30
quantité;2;0;2;53;0;1;4;1;6
qualifier;3;0;15;36;0;2;6;2;3
pantalon;21;3;0;8;0;7;0;2;25
neutralité;0;0;34;10;1;1;13;0;7
midi;8;1;0;14;0;12;0;0;30
lâcher;9;0;10;4;1;12;12;2;20
inégalité;0;0;0;35;0;4;5;13;11
intervenir;1;0;13;19;0;1;6;1;27
honnêtement;2;3;0;20;0;1;18;2;22
générer;1;0;4;40;0;0;17;2;6
faim;4;0;3;10;5;1;4;0;39
emji_mains_en_prière_peau_moyennement_claire;50;0;0;6;1;1;6;0;2
décrire;5;0;5;9;0;2;40;4;3
convaincre;3;0;6;18;2;0;9;0;31
chaise;57;0;1;2;0;1;1;0;8
bourgeois;3;0;7;8;0;1;26;4;20
aéroport;5;0;2;46;0;0;1;0;2
adopter;4;1;7;7;10;6;5;1;28
abuser;8;0;3;17;0;13;7;1;21
élection;1;0;10;35;0;3;8;1;9
sincère;41;0;6;3;0;2;3;1;10
sage;60;0;0;2;1;0;1;0;4
rencontrer;18;0;1;12;0;1;3;4;29
rapidement;1;0;5;21;0;1;6;4;23
placer;5;1;6;17;0;5;9;1;25
nostalgie;57;0;0;1;0;0;3;1;6
norme;1;1;3;33;0;1;7;7;13
intégrer;1;4;3;21;0;0;19;3;16
intention;0;1;5;5;5;9;29;4;10
instagram;3;0;0;3;0;3;57;0;3
gêner;2;2;2;5;1;2;10;4;38
fric;1;0;4;37;0;3;5;4;11
fournir;0;0;17;30;1;0;10;3;6
fatiguer;1;1;8;8;2;4;9;1;35
empathie;5;1;2;1;0;2;16;5;37
contenir;1;0;2;32;2;4;16;6;6
apres;2;3;8;13;2;3;8;3;25
spécial;23;0;2;10;0;5;12;0;16
signifier;4;0;5;30;2;1;13;4;9
scène;13;0;8;4;0;0;27;3;11
paradis;31;0;0;16;0;0;4;2;14
mr;39;0;2;5;0;7;5;1;8
meuf;23;0;1;3;0;11;3;8;15
indépendant;3;0;15;26;0;2;8;4;9
impliquer;1;0;14;17;2;0;8;0;26
honnête;5;0;10;13;1;2;10;2;24
finance;0;0;26;26;0;0;6;2;8
discussion;1;0;3;5;0;2;40;8;9
culturel;2;0;4;21;0;2;21;2;16
crever;3;0;2;28;0;2;1;2;29
congé;4;0;1;16;0;4;1;27;7
chapeau;34;0;1;12;0;2;6;0;12
capitaliste;1;0;4;31;0;3;9;4;14
calculer;2;1;0;21;0;2;12;1;18
arrivée;7;2;4;40;0;1;4;1;7
absurde;0;0;7;31;0;3;10;2;14
abandonner;1;5;3;23;8;1;1;1;23
élire;1;0;43;9;0;1;5;1;6
stupide;0;0;3;8;0;2;16;17;18
secteur;0;0;1;55;1;1;3;1;3
secret;7;0;4;31;0;2;6;2;9
régler;1;1;7;26;1;1;9;3;18
mélanger;4;1;7;11;1;2;23;4;14
journal;10;0;4;6;1;4;33;0;5
insta;11;0;3;1;0;4;42;0;6
explication;3;0;2;12;0;6;37;3;3
entièrement;5;4;3;33;0;1;9;2;10
enfer;3;1;6;11;0;0;4;3;38
emji_coeur_blanc;50;0;2;1;0;0;1;0;4
croiser;17;0;1;10;1;4;0;1;33
bombe;5;1;51;2;0;1;1;1;4
version;23;1;5;4;0;1;16;5;10
théorie;1;0;3;14;1;5;26;1;14
talent;17;1;2;15;0;0;17;3;8
solidarité;9;0;11;8;0;0;7;0;29
religieux;2;0;22;3;0;5;13;1;18
provoquer;3;0;14;25;2;0;2;5;14
médical;1;0;4;43;1;0;4;1;9
moderne;3;3;9;18;0;1;13;1;17
ministre;0;0;23;12;0;7;9;1;9
mdrrr;6;0;1;8;2;39;4;2;3
instant;5;0;7;15;0;2;9;5;22
emji_visage_triste_mais_soulagé;10;0;0;4;0;1;0;2;22
désormais;2;0;5;10;0;13;9;4;21
vs;9;1;7;22;0;2;4;6;9
utilisation;0;3;5;21;1;16;12;3;2
sexuel;0;0;3;3;0;1;7;35;16
modèle;6;1;2;45;0;0;7;2;2
lourd;6;0;3;32;1;2;2;3;16
infrastructure;0;0;11;50;0;0;1;1;1
habit;6;0;0;25;0;1;1;2;27
grand_mère;37;3;0;6;1;3;5;1;8
déchet;0;0;0;48;2;0;3;1;3
colonisation;0;0;51;5;0;1;5;1;1
code;1;0;5;20;0;2;21;3;11
allemagne;0;1;8;46;0;0;4;1;3
al;0;0;37;2;0;0;2;0;2
échelle;1;0;2;40;2;1;3;2;13
week_end;6;0;2;39;0;3;3;0;11
tradition;13;0;3;6;2;3;3;2;29
stp;5;0;4;6;1;12;30;2;3
résoudre;0;0;8;28;0;0;7;1;18
rejoindre;15;0;5;14;1;4;12;0;13
qqch;6;0;5;9;0;3;6;7;26
propriétaire;3;1;2;45;2;1;0;1;6
portable;12;2;1;13;0;0;2;1;31
piste;8;0;0;46;0;1;4;0;4
orient;1;3;47;3;0;0;2;0;6
officiel;0;0;6;30;0;2;18;3;5
nez;8;0;1;13;2;12;11;0;15
millionnaire;0;0;0;55;0;1;2;1;0
lutter;4;0;10;31;0;2;3;3;9
lunette;34;0;2;4;0;1;6;1;13
hésiter;7;0;7;11;1;0;21;2;14
geste;15;2;3;21;0;0;1;0;22
ennuyer;11;0;0;2;1;8;8;0;29
cuisine;9;1;0;6;0;5;4;7;32
concours;12;0;2;11;0;5;10;0;20
colon;1;0;56;0;0;2;1;1;0
causer;0;0;15;29;2;1;5;2;9
bénéfice;0;1;0;50;0;1;4;1;6
bord;7;1;8;17;3;1;5;2;19
zéro;3;0;7;17;0;1;17;1;14
sincèrement;4;1;1;3;1;2;13;3;34
sein;1;1;7;14;0;0;6;7;26
punir;3;0;16;13;1;4;10;1;13
phénomène;4;0;2;16;1;0;18;8;13
ordinateur;0;1;0;11;0;7;35;0;5
opposer;0;0;23;15;0;0;10;3;11
moche;24;1;4;10;0;2;4;2;12
marquer;22;0;4;4;1;1;11;3;17
là_bas;1;0;25;14;0;1;5;1;15
fragile;3;0;1;6;6;26;3;3;12
emji_homme_qui_hausse_les_épaules;2;0;28;13;0;3;9;0;7
descendre;4;0;13;14;0;2;2;3;24
danser;34;0;3;4;0;2;1;1;16
célibataire;4;0;0;1;0;1;2;39;13
cigarette;6;0;0;46;0;1;3;1;3
élément;1;1;5;18;0;1;27;3;6
éliminer;2;1;14;35;1;0;1;0;7
sentiment;5;0;2;4;2;1;7;3;35
sensé;4;0;11;7;2;1;23;6;7
novembre;10;0;8;35;0;2;6;0;1
lit;4;1;3;10;0;17;9;2;16
inscrire;3;0;2;10;0;2;8;7;29
généralement;2;0;3;12;0;4;18;6;16
fesse;11;43;1;0;0;1;1;0;4
domestique;0;0;0;8;14;0;5;22;11
couteau;5;8;4;5;1;2;4;1;30
court;8;0;3;6;0;1;5;4;33
ch;12;0;2;37;0;2;3;1;4
capacité;0;0;3;13;0;0;29;1;15
camion;5;0;5;44;1;0;0;0;2
violer;0;0;42;4;0;1;2;6;6
tort;4;0;5;6;0;0;9;5;31
test;0;0;1;16;0;1;30;1;10
revanche;2;0;5;19;0;5;17;4;9
remonter;28;0;1;12;0;4;3;2;9
prétexte;1;0;33;12;1;1;3;2;8
populaire;9;0;8;23;1;1;8;2;9
orthographe;2;0;1;1;0;2;43;2;4
négatif;1;0;0;14;0;1;19;5;21
nègre;2;0;0;0;0;53;0;0;0
libéral;1;0;5;35;0;1;8;2;6
hypocrite;1;0;12;13;0;3;9;7;15
existence;2;1;10;11;0;0;11;4;19
emji_rose;48;0;0;0;0;0;0;0;0
don;4;0;12;11;0;2;14;2;14
direction;3;0;9;26;0;4;3;1;12
digne;7;0;7;14;0;2;7;5;18
absolu;7;0;9;19;0;1;16;3;6
égoïste;9;0;0;4;0;2;0;7;38
vente;4;0;3;44;0;0;3;0;4
superbe;38;0;1;7;2;2;3;1;5
shein;0;0;1;53;0;2;0;1;1
schneck;50;0;0;0;0;1;0;1;0
scandaleux;0;0;28;15;0;7;3;1;5
profond;6;0;6;7;0;1;12;2;26
patrimoine;4;0;1;42;0;1;3;0;9
parfait;3;1;2;19;0;1;15;7;12
facture;0;0;4;52;0;0;0;1;2
emji_visage_implorant;40;1;1;3;2;1;1;0;7
effacer;0;0;13;16;0;2;8;7;13
donnée;0;0;7;25;1;0;22;0;2
destruction;0;0;26;14;1;1;2;3;13
croix;12;0;6;4;0;1;6;1;19
cousin;38;0;0;7;0;1;3;1;5
condoléance;45;0;1;4;0;2;0;2;6
comparaison;4;0;5;22;1;1;10;3;11
chaussette;46;1;0;3;0;2;1;2;3
cff;2;0;0;52;0;1;3;0;2
argentin;3;18;2;23;0;2;7;1;3
application;1;1;5;31;1;2;9;2;7
trou;10;3;2;25;0;3;2;1;12
surprendre;2;0;7;9;0;5;21;1;14
reconnaissance;2;0;22;16;0;1;2;8;8
rapporter;2;0;3;38;0;1;7;2;3
ramasser;1;0;5;23;1;7;2;1;17
prénom;41;1;2;5;0;0;3;1;5
promettre;4;0;4;32;0;0;2;0;16
nu;6;0;1;2;0;1;5;3;39
légende;25;0;0;6;1;3;9;4;10
horaire;0;0;0;42;0;0;1;1;12
hausse;0;0;1;50;0;1;0;1;2
garantir;1;0;18;31;0;0;4;0;4
félicitation;39;0;3;3;0;1;0;2;10
figure;26;0;5;6;1;3;6;1;11
favoriser;0;0;2;40;0;0;4;1;10
exposer;1;1;2;20;3;3;18;1;10
epoque;45;0;3;2;0;1;3;1;3
entrée;7;0;8;30;0;0;4;1;8
entraîner;13;1;3;10;0;0;6;3;18
douceur;47;0;0;1;0;1;1;2;6
cisjordanie;0;0;58;0;0;0;0;0;1
bureau;5;3;1;39;0;1;3;1;4
bateau;5;0;10;36;0;0;3;0;1
électrique;3;0;0;48;0;1;2;2;0
écologie;0;0;0;31;3;1;12;1;9
turc;0;1;12;3;0;3;3;5;18
taire;6;0;26;5;0;0;7;2;12
suffisant;1;3;3;17;0;2;22;6;3
sportif;18;0;1;15;0;0;3;6;13
recette;8;0;0;45;0;2;1;0;1
production;2;0;0;53;0;0;2;0;1
notion;2;0;3;10;0;0;10;5;26
maîtresse;23;0;0;4;0;1;4;2;19
interdiction;2;0;6;37;0;0;5;0;7
industrie;0;0;2;52;0;0;3;1;0
fonds;4;0;3;43;0;2;2;0;4
ficher;2;1;12;14;1;1;8;4;15
emji_visage_qui_fait_un_salut_militaire;22;0;6;6;0;1;6;1;15
ect;0;0;2;25;3;4;2;1;18
coucher;3;0;1;7;0;2;3;12;27
agression;0;0;6;2;0;0;5;19;25
évident;3;0;3;12;2;7;8;1;21
équilibre;2;0;3;22;5;2;6;1;15
wc;4;45;0;2;0;0;1;0;1
viol;0;0;18;4;0;1;7;12;12
vent;12;0;3;18;0;2;12;0;7
terrorisme;1;0;47;0;0;0;2;2;2
présence;3;0;6;19;1;2;6;3;17
précédent;3;0;4;15;1;2;27;1;4
paquet;2;0;1;41;0;1;6;0;4
netanyahu;0;0;56;0;0;0;0;0;0
naissance;13;0;2;9;1;3;5;3;20
massacrer;1;0;49;1;2;0;0;0;4
masculin;1;0;0;8;0;2;4;34;7
jet;1;7;3;42;0;0;0;1;3
invention;11;11;4;10;0;1;10;3;6
institution;2;0;11;16;1;2;6;2;16
immigré;0;0;3;17;0;4;23;2;8
familial;0;0;0;20;0;1;9;9;17
extérieur;6;0;3;11;0;0;3;1;31
exploser;2;0;5;42;0;0;1;2;5
exploiter;1;0;5;40;0;1;0;3;5
emji_tête_qui_explose;5;0;1;18;0;23;2;2;3
emji_mains_qui_forment_un_coeur_peau_claire;35;1;0;4;0;0;4;1;6
emji_drapeau_israël;4;0;45;0;0;0;1;0;0
dossier;3;1;12;13;0;0;23;0;4
curieux;3;0;0;10;0;2;7;0;33
com;11;0;3;4;0;28;2;2;6
co;5;0;2;27;0;4;4;1;12
chute;5;0;8;23;0;1;5;1;12
business;3;0;6;33;0;2;0;1;8
blessé;1;0;30;12;0;2;2;1;6
avs;1;0;0;49;0;0;4;1;1
auto;11;0;8;10;0;3;5;2;18
armer;1;0;38;0;0;2;3;1;12
approcher;1;0;7;5;6;2;9;3;24
ancêtre;10;2;4;5;0;2;2;2;29
tendre;14;0;3;8;0;2;4;0;23
précisément;4;0;5;23;0;0;20;2;2
pratiquer;5;0;13;11;0;0;4;3;12
pneu;1;0;0;46;0;0;1;0;1
pigeon;5;1;3;12;19;0;2;1;9
moto;6;0;0;42;0;3;0;1;1
légume;2;0;0;46;1;0;2;1;2
km;2;0;0;47;0;1;1;0;1
julien;48;0;0;1;0;2;1;0;2
gestion;1;0;6;34;0;0;2;6;5
enrichir;1;0;1;42;0;0;2;0;7
dépense;0;0;1;48;0;0;2;2;1
démocratique;0;0;23;12;1;0;13;1;6
contribuable;0;0;5;45;0;0;0;1;2
contenter;15;0;0;4;0;0;7;2;26
communiste;1;0;20;13;1;3;10;1;7
bâtiment;2;0;11;24;1;4;3;1;9
black;4;0;44;6;0;2;0;0;0
voyager;1;0;0;16;0;0;1;0;37
reprocher;1;0;4;8;0;7;20;3;11
pépite;49;0;0;0;0;0;3;1;1
pâtisserie;9;0;0;2;0;41;1;1;1
pull;38;0;0;4;0;3;2;0;7
près_de;8;1;5;28;3;0;2;0;7
piquer;5;0;3;14;1;15;7;1;9
observer;2;0;2;15;3;1;15;1;16
négocier;1;0;13;29;0;0;5;1;5
hâte;16;1;1;10;0;2;9;1;15
harcèlement;1;0;0;5;0;2;2;8;33
gâteau;3;0;1;5;0;42;0;0;1
flux;0;0;1;47;0;0;4;0;1
estimer;2;0;8;16;1;3;7;12;4
emji_visage_éméché;4;0;4;4;1;23;3;2;4
emji_homme_qui_hausse_les_épaules_peau_légèrement_mate;0;0;19;8;2;4;6;1;5
cycle;20;0;0;13;1;0;2;0;16
construction;0;1;2;33;0;1;5;2;7
clope;10;1;0;25;1;3;4;0;11
classique;11;0;3;19;0;6;6;1;9
carrière;8;0;1;4;0;2;1;12;25
équivalent;1;1;3;34;0;0;8;3;3
structure;0;0;2;40;0;0;2;2;7
serviette;36;6;0;2;0;0;0;1;4
référence;10;0;2;9;0;3;22;2;4
récré;49;0;0;0;0;0;0;0;4
rajouter;1;3;6;16;0;3;4;5;16
prononcer;24;0;5;2;0;2;12;1;8
pomme;11;0;0;23;1;6;3;2;4
poisson;5;0;0;15;2;1;6;0;8
piéton;0;1;1;44;0;0;0;0;2
piscine;12;2;0;32;0;3;0;2;1
parcours;14;0;3;7;0;0;3;2;22
majeur;0;0;9;27;0;0;6;3;6
liban;2;0;51;0;0;0;0;0;1
identité;3;0;14;6;0;1;10;4;15
hauteur;6;0;1;26;0;1;9;5;4
gaucho;1;0;5;4;0;11;24;2;6
déni;1;1;6;4;1;1;30;2;7
débattre;0;0;1;5;0;1;32;4;10
créateur;5;0;2;15;0;2;19;0;7
coop;6;0;0;47;0;0;0;0;0
bénéficier;0;0;7;29;0;2;4;6;4
bouffer;4;0;4;15;20;3;1;0;6
actif;1;0;7;27;0;2;6;1;9
youtube;14;0;1;3;0;0;32;0;2
verser;2;1;8;32;0;1;1;2;2
trafic;0;0;5;28;1;0;9;1;7
toxique;4;0;2;15;0;0;0;23;5
récréation;45;0;0;0;0;0;1;0;5
regretter;9;1;1;9;0;0;5;3;24
pétrole;0;1;5;46;0;0;0;0;0
puissance;3;0;8;25;1;1;8;3;2
poster;4;0;4;1;1;2;35;1;4
planter;6;0;0;27;1;2;4;0;12
occident;1;0;31;3;0;1;3;5;7
nier;0;0;13;7;0;1;22;2;6
neuchâtel;21;0;0;28;0;0;1;0;2
multiplication;7;0;0;1;0;0;1;0;0
moral;4;0;1;17;0;2;8;3;17
maître;4;0;3;4;2;1;7;0;31
football;5;0;2;24;0;1;5;8;7
espoir;14;0;3;7;0;0;4;1;24
emji_visage_blasé;8;0;4;8;1;3;3;14;5
cour;15;0;15;4;0;3;3;0;11
constat;2;0;1;12;0;0;12;1;25
conscient;5;0;5;4;0;1;11;4;23
compétition;5;1;1;21;0;0;6;3;13
compétence;2;0;1;14;0;0;18;4;13
commerçant;2;0;6;37;0;0;0;0;6
assassiner;0;0;47;1;0;1;2;1;1
apparaître;3;1;2;16;0;1;18;5;6
alimenter;0;0;5;27;1;1;8;1;10
éthique;0;0;6;24;0;2;9;0;10
énerver;6;0;2;5;1;1;11;3;19
st;22;0;2;18;0;1;2;1;4
rythme;6;0;0;24;1;0;6;1;13
respirer;10;0;1;3;0;1;9;1;24
puissant;4;1;5;14;2;1;4;5;15
portugal;8;8;1;27;0;0;2;1;3
plat;3;0;1;8;0;2;4;3;29
ouai;3;1;3;8;2;19;4;3;6
odeur;9;4;0;16;0;6;0;1;15
netflix;5;1;0;29;0;1;6;1;9
musée;3;0;1;36;0;1;6;0;4
maximum;2;0;7;30;0;1;1;0;6
lecture;2;0;1;2;0;0;41;1;3
gaz;0;0;14;30;0;1;1;1;5
foule;0;0;23;5;0;0;9;3;11
facteur;4;0;1;20;0;1;7;7;12
entourer;10;0;3;6;1;0;4;9;18
emji_étoile_brillante;32;0;0;1;0;0;0;1;0
drame;6;0;4;6;0;3;5;1;26
comporter;1;0;5;7;2;0;4;12;21
commercial;0;0;6;43;0;0;0;1;2
chasser;2;0;8;4;27;0;3;0;7
bernard;32;0;1;15;0;0;0;0;3
évidence;3;0;4;10;0;2;16;3;11
victoire;9;0;5;32;0;0;0;3;2
supposer;1;0;7;10;0;3;7;4;19
suffisamment;3;0;4;23;0;1;8;3;9
sanctionner;0;0;27;15;0;0;2;0;6
réserver;2;0;5;19;0;1;3;6;15
réfléchi;5;0;2;7;1;3;23;1;8
roue;12;0;1;27;0;2;2;0;5
profondément;6;0;2;9;1;0;12;4;17
ongle;0;5;1;9;0;2;4;0;25
malin;6;0;4;6;8;1;10;3;13
légitime;0;0;15;15;0;1;6;8;6
insupportable;5;0;3;10;0;8;8;0;16
excuse;1;0;9;5;1;1;18;2;14
emji_personne_avec_la_paume_sur_le_visage;2;1;0;19;0;1;15;0;9
emji_homme_qui_hausse_les_épaules_peau_claire;1;1;6;10;1;4;14;0;10
diviser;2;0;11;11;0;1;11;2;12
dent;7;2;3;10;1;20;1;2;2
cracher;6;0;5;6;2;4;8;10;10
chinois;3;1;2;30;2;4;3;1;4
chaos;0;0;30;8;0;1;6;0;6
bienvenue;20;1;4;11;0;1;4;1;8
asie;0;5;3;35;0;0;2;0;5
anniversaire;34;0;1;2;0;2;3;0;8
adresse;5;0;3;17;0;0;17;1;5
valable;2;0;4;17;1;0;4;3;19
torture;0;0;32;2;1;1;3;1;7
tonne;3;0;15;23;0;1;1;0;4
supplémentaire;1;0;2;33;0;1;2;10;1
strictement;0;1;6;13;2;0;22;0;5
solitude;4;0;0;0;1;0;3;7;31
résumé;17;0;1;12;0;1;7;4;7
répression;0;0;13;21;0;0;9;0;6
prévention;2;0;2;30;0;1;3;2;7
proposition;2;0;2;29;0;2;11;2;2
numéro;6;0;0;9;0;0;17;1;13
nobel;2;0;35;7;0;0;3;0;1
montant;0;0;2;41;0;0;2;0;4
mdrr;5;0;3;4;1;1;9;12;14
journalisme;2;0;17;3;0;1;15;2;9
jai;5;1;2;11;1;1;3;0;22
industriel;2;0;2;39;0;1;3;0;2
importance;7;0;5;17;0;0;9;2;10
idéal;4;1;5;17;1;2;7;1;10
fleur;16;0;1;5;1;0;2;6;18
extrémiste;0;0;20;3;0;3;13;3;6
détourner;0;0;19;9;0;2;10;0;10
durer;3;0;5;10;0;2;5;2;22
douchette;1;48;0;0;0;0;0;0;0
documentaire;14;1;2;3;0;2;22;1;3
discrimination;0;0;4;7;0;4;9;11;11
courageux;12;0;12;5;0;1;1;11;8
convenir;1;1;1;4;5;1;6;1;29
constitution;0;0;24;7;0;0;9;2;6
conclusion;0;0;2;9;0;3;34;0;2
circulation;0;0;2;40;0;1;4;0;3
cesse;1;0;12;14;2;1;1;2;17
abri;1;0;9;28;0;0;1;0;6
épisode;16;0;10;6;0;1;2;1;9
élu;3;0;6;12;0;1;9;4;11
échapper;3;0;12;16;0;0;1;1;15
volontaire;3;0;9;16;0;0;2;14;5
trajet;0;0;0;46;0;0;0;0;1
tit;23;0;0;2;0;8;1;0;10
suicide;0;0;3;11;0;1;5;21;7
régulièrement;2;0;6;22;2;0;6;2;7
réduction;0;0;0;46;0;0;0;2;1
repartir;6;0;4;24;0;0;1;1;13
rembourser;0;0;0;47;0;0;0;1;0
rater;18;1;0;5;0;4;2;0;18
pcq;1;0;7;12;0;3;14;3;9
outil;0;1;3;27;1;0;9;0;7
opportunité;1;0;3;18;0;0;3;4;19
nommer;6;0;14;13;0;0;6;4;6
moteur;9;0;0;31;0;0;1;0;5
indiquer;3;0;4;12;0;4;17;2;5
grève;1;0;2;27;0;0;4;1;6
fantastique;33;3;0;6;1;0;1;1;4
emji_coeur_étincelant;38;0;2;2;0;0;0;0;0
dictature;0;0;21;8;0;0;2;1;15
concentrer;0;0;3;20;1;2;13;1;9
cochon;15;2;2;1;2;4;2;1;16
charge;1;0;0;44;0;0;0;0;0
cantonal;1;0;2;33;1;1;5;1;4
ba;1;2;2;4;1;2;5;1;29
attirer;1;0;4;16;3;0;5;9;8
accorder;4;0;8;7;0;3;13;3;9
île;3;0;2;9;0;1;2;0;7
équitable;0;0;3;38;0;0;1;3;2
église;9;0;7;4;0;0;0;1;27
échec;0;0;4;28;0;1;1;1;11
télévision;12;0;2;7;1;1;24;0;1
trouble;3;0;7;9;0;0;5;3;20
tiktok;11;0;1;0;1;0;15;2;18
surveiller;3;0;3;25;0;0;6;2;5
satisfaire;6;0;2;10;1;1;3;9;15
rarement;1;4;1;13;0;1;10;3;15
pratiquement;1;1;2;27;0;1;4;1;10
plage;25;0;1;8;0;4;0;1;6
philosophie;18;0;0;4;0;0;4;3;16
normalement;2;3;2;11;1;0;6;0;23
mépris;3;1;1;7;0;13;6;1;15
médicament;2;0;0;31;0;0;2;2;9
mer;7;0;5;31;2;0;0;0;1
massif;0;0;14;29;0;0;2;0;3
juge;1;0;10;6;0;2;14;3;10
intime;2;39;0;0;0;0;0;2;5
interroger;4;0;6;4;0;0;19;6;7
intellectuel;1;0;2;5;0;2;30;1;4
injustice;1;0;15;10;0;0;1;5;15
influence;2;0;6;7;0;1;19;2;9
global;1;0;0;24;0;0;9;4;6
fonder;4;0;5;6;0;1;22;2;7
employer;1;0;12;14;0;2;8;2;8
emji_visage_aux_yeux_en_spirales;2;0;0;5;2;32;0;0;4
emji_miam;40;0;0;2;0;0;0;0;0
disponible;4;0;1;30;0;0;11;0;0
correspondre;7;0;2;11;1;1;18;1;6
commander;2;0;5;34;0;0;1;0;5
chasse;3;2;1;19;9;4;2;1;6
bizarrement;1;0;9;12;0;7;13;1;4
biais;1;0;1;11;0;2;27;1;1
ahah;19;0;0;2;1;2;6;1;16
agresser;0;0;12;1;0;2;3;5;25
agent;2;0;8;27;0;1;5;1;1
vieillir;24;0;2;9;0;0;1;1;7
uniforme;1;0;4;19;0;0;1;0;20
tester;3;1;3;31;0;1;3;0;5
somme;2;0;2;33;0;3;2;2;3
québec;42;0;0;2;0;0;2;0;0
progrès;0;1;0;20;0;3;3;1;15
privilège;0;0;0;8;0;0;7;10;17
principalement;0;0;4;21;0;0;7;5;10
pot;5;0;1;38;0;1;1;0;1
pointer;1;0;5;12;0;1;1;1;25
ouverture;7;0;0;17;1;1;4;0;16
opération;1;0;11;16;0;0;6;1;11
négociation;1;0;10;15;0;1;3;2;14
note;4;0;1;8;0;2;5;1;24
net;2;1;0;22;1;3;10;0;6
mythique;41;0;0;3;0;0;0;0;3
léman;20;0;0;13;1;1;1;0;5
jouet;6;0;0;5;0;3;0;0;31
jesus;5;0;6;0;0;16;6;1;9
hôtel;5;5;2;26;0;2;3;0;2
fifa;1;0;4;34;0;3;2;2;1
exiger;0;0;9;15;0;0;4;1;15
exercice;2;0;6;12;0;1;5;1;6
engendrer;1;0;4;17;2;0;6;4;12
emji_visage_qui_tire_la_langue_les_yeux_plissés;14;1;1;0;2;19;0;0;2
décevoir;5;0;2;11;0;1;4;1;23
critère;3;0;4;8;0;1;20;3;6
craindre;3;0;5;4;2;2;2;10;19
automobiliste;1;0;0;35;0;1;0;0;9
annonce;2;0;9;14;0;1;8;1;10
admettre;3;0;3;14;0;0;8;2;16
abus;0;0;5;15;0;0;3;2;21
électricité;2;0;0;39;0;0;0;0;1
écosystème;1;0;1;13;16;1;6;0;6
visionnaire;40;0;0;0;0;1;3;0;2
vif;14;1;1;19;0;1;0;0;10
trottinette;2;0;0;38;0;0;0;2;3
tolérance;0;0;13;7;0;0;5;2;18
raclette;35;1;0;4;0;0;2;1;0
qualifié;0;0;7;31;0;0;5;0;2
punaise;18;0;1;4;0;13;1;1;7
psy;2;0;0;4;1;5;9;1;24
précision;6;0;5;7;0;1;27;0;0
précieux;17;0;0;5;1;0;8;2;13
pourcentage;0;0;0;31;0;0;6;2;5
poil;4;1;0;6;0;1;4;0;30
pluie;26;0;1;6;0;1;2;0;8
parisien;11;0;0;3;0;4;12;0;8
paire;33;0;2;4;0;1;1;0;5
orange;22;1;2;7;0;1;4;0;7
oeuf;4;0;0;7;10;6;6;1;11
nuance;0;0;3;7;0;5;20;1;9
nettoyage;1;2;22;14;0;0;3;1;3
lune;3;0;1;6;0;2;4;0;26
humble;20;0;0;4;0;0;4;1;16
faveur;2;0;14;12;0;0;8;5;4
enseignement;9;0;0;5;0;1;1;2;24
emji_visage_sans_expression;2;3;0;10;1;4;1;0;9
emji_signe_de_la_main;15;0;2;4;0;2;16;0;1
effectuer;1;0;6;21;1;1;5;4;6
désirer;7;1;4;7;0;2;1;1;19
corriger;3;0;1;6;0;3;26;0;5
corde;34;0;0;4;0;0;2;2;2
contrat;0;0;3;33;0;0;1;5;1
concert;22;0;1;11;1;0;4;0;4
compréhension;1;0;1;3;0;0;32;2;7
capital;0;0;0;37;0;0;2;1;3
bombardement;0;0;42;0;0;0;1;0;1
benett;41;0;1;2;0;0;0;0;2
agressif;0;0;6;4;2;4;8;5;16
accueil;0;0;2;23;0;2;4;3;11
élever;3;0;1;14;0;1;2;1;22
wallah;18;0;1;1;0;0;15;0;10
vague;15;0;2;21;1;2;1;0;3
succès;13;0;1;21;0;3;3;1;3
stress;1;0;0;11;5;0;1;3;22
réussite;5;0;1;32;0;0;1;2;2
ravir;7;1;2;9;0;1;17;0;8
ptdr;5;1;2;7;0;2;3;2;23
modeste;16;0;0;12;0;0;6;0;11
lavette;29;5;0;2;0;0;1;0;2
inconnu;7;1;2;3;1;1;9;2;19
festival;19;0;6;9;0;3;5;0;3
emji_visage_nauséeux;6;8;0;4;2;18;0;0;1
cycliste;2;0;0;36;0;1;0;0;2
christ;19;0;6;1;0;2;6;0;11
chaussure;25;0;0;5;0;1;3;0;10
carton;4;1;4;20;2;2;2;1;8
asseoir;1;1;4;4;0;3;0;2;30
album;27;0;0;7;0;1;3;0;4
adolescence;29;3;0;1;0;2;1;1;8
écart;1;0;0;34;0;0;2;3;1
video;16;0;2;0;0;3;5;2;16
urgence;0;0;0;27;0;3;1;1;12
turquie;2;2;14;12;0;0;3;2;9
trottoir;0;0;1;39;0;0;1;0;2
température;8;0;0;28;0;0;1;2;4
team;31;1;2;4;0;3;0;1;0
strict;1;0;1;23;3;0;6;0;10
siège;2;1;5;32;0;0;0;0;0
similaire;5;0;2;12;0;0;15;0;10
sensible;5;0;4;4;0;0;8;5;18
salarial;0;0;0;14;0;0;2;26;0
récent;2;1;8;11;0;0;14;2;6
rip;35;0;2;4;0;1;0;0;1
renforcer;0;0;8;18;0;0;5;3;9
québécois;40;0;0;0;0;1;2;0;0
qd;11;0;0;4;3;10;7;1;8
péter;3;0;3;2;0;32;1;1;2
negre;1;0;0;0;0;39;0;0;0
naïf;2;0;5;3;0;1;8;1;24
monstre;4;1;27;1;0;1;2;1;4
modifier;1;0;1;11;1;2;8;3;15
maroc;19;2;8;5;0;3;2;2;3
maltraiter;3;0;7;2;8;0;1;10;13
lundi;13;1;3;12;0;11;0;0;2
injuste;0;0;2;12;0;0;3;6;20
identifier;1;0;8;5;1;0;9;5;15
fil;1;0;2;12;0;2;15;0;9
déposer;7;0;13;11;0;1;4;1;7
déplaire;6;0;4;3;0;1;15;7;8
crème;4;0;1;29;0;2;1;0;5
couille;7;1;0;1;1;27;2;1;3
confortable;1;0;1;12;0;0;0;1;27
coloniser;0;0;34;5;0;0;0;1;0
choquant;1;0;8;5;3;3;5;3;14
canada;6;1;1;13;1;8;4;0;1
barre;4;0;5;9;0;10;4;3;9
artificiel;2;0;1;15;0;1;19;0;5
absence;1;1;14;10;1;0;4;3;10
voiler;6;0;6;8;1;3;6;10;1
tecktonik;31;0;1;1;0;0;2;0;4
stratégie;0;0;7;22;0;1;4;0;9
souligner;1;0;8;13;0;1;9;9;2
salarié;0;0;0;38;0;1;0;2;1
réunir;7;0;5;11;0;0;8;0;12
rose;20;1;1;5;0;2;2;1;7
raccourci;0;0;6;10;0;1;12;1;12
procès;0;0;26;5;0;0;5;0;6
pathétique;3;0;3;7;0;13;4;3;9
marge;0;0;0;36;0;0;4;0;2
manipuler;0;0;12;9;0;0;15;2;5
honneur;6;0;1;5;0;2;11;2;14
folie;5;0;3;11;0;4;2;1;16
fenêtre;2;0;1;22;2;1;4;1;9
entrain;1;0;8;6;0;18;4;2;4
dégueulasse;6;1;1;11;0;1;1;0;7
définir;4;0;7;2;0;3;6;7;12
défaut;1;0;3;11;1;0;20;2;5
complicité;6;0;31;0;0;0;1;1;4
cheval;3;11;1;10;0;1;4;1;11
chambre;9;0;2;18;0;1;2;1;10
bénir;30;0;0;4;1;0;3;0;5
bienveillance;19;0;1;2;1;0;5;3;11
aveugle;0;0;9;2;1;1;22;1;7
agresseur;0;0;13;3;0;0;3;4;18
abonnement;0;0;0;39;0;0;1;0;0
établir;0;0;6;12;0;0;17;2;5
élocution;29;0;1;0;0;0;8;1;3
économiser;2;1;1;25;1;1;1;2;7
z;3;2;0;1;0;26;5;0;3
systématiquement;1;0;6;5;1;0;14;2;12
supermarché;1;0;1;34;1;0;0;0;3
smartphone;9;0;0;5;0;0;11;0;16
moin;0;0;0;18;4;0;4;3;13
militant;1;0;15;9;0;0;12;2;3
micro;8;0;0;19;0;0;4;2;7
maltraitance;1;0;1;1;22;3;5;3;6
iphone;7;0;0;4;0;1;6;1;22
immobilier;0;0;0;36;0;0;1;0;2
george;30;0;1;0;0;1;1;4;4
francais;8;3;3;6;0;1;16;0;4
espagnol;2;1;2;11;1;15;6;1;2
emji_coeur_violet;34;0;1;0;0;0;0;1;1
développement;0;1;2;26;0;0;3;1;9
doucher;0;15;0;2;0;1;3;1;17
distance;1;0;0;25;1;1;4;2;7
crèche;2;0;1;27;0;0;0;2;8
clé;4;0;2;13;0;2;14;0;7
charme;34;0;1;3;0;0;3;0;1
bienveillant;12;0;0;0;2;0;5;3;19
accessible;2;1;0;23;0;1;4;1;10
étrange;2;1;4;5;2;1;18;1;7
énergétique;0;0;0;36;0;0;2;0;1
york;3;0;1;28;0;0;2;1;3
utilité;1;10;3;10;0;1;7;0;9
surface;3;1;1;23;2;1;5;1;4
second;0;0;2;2;1;29;4;0;3
récemment;1;0;14;10;0;1;7;3;5
réaliste;5;0;2;17;0;2;12;1;2
robot;0;0;0;17;0;1;3;1;16
reprise;3;0;13;16;0;2;6;0;1
prôner;0;0;9;10;0;0;8;6;6
plante;6;0;3;17;0;0;2;0;12
pk;1;1;1;4;1;8;3;1;20
paiement;0;0;2;34;0;0;1;0;0
nostalgique;31;0;0;2;0;0;4;0;4
minimiser;0;0;8;5;0;1;12;6;9
maîtriser;1;0;3;4;0;0;21;0;10
maternel;2;0;2;1;2;1;13;1;12
large;2;0;8;13;0;0;3;1;14
instituteur;18;0;0;1;0;1;2;1;12
huile;6;0;1;21;0;3;2;0;1
gazaouis;0;0;37;0;0;1;1;0;1
fossile;0;0;1;35;0;0;0;0;1
fortement;1;0;4;20;1;0;5;5;3
exploitation;1;0;3;25;2;1;0;5;3
emji_visage_bâillant;2;0;5;2;0;18;1;0;2
emji_chat_qui_pleure_de_joie;15;0;3;3;0;0;2;0;0
désigner;0;0;6;6;0;19;4;3;1
croyance;2;1;2;2;0;1;17;5;10
brave;18;0;1;6;0;0;3;5;8
bisou;11;0;1;1;0;2;22;1;2
avocat;0;0;14;11;0;0;8;0;6
visible;1;1;0;16;1;1;3;2;14
union;2;0;12;9;0;1;11;1;3
solaire;9;0;0;25;0;1;2;0;1
radar;1;1;0;37;0;0;0;0;0
péjoratif;0;0;1;0;0;34;4;0;1
préserver;2;0;2;11;1;0;3;1;20
privilégié;2;0;0;9;0;2;12;10;3
prince;21;0;1;5;1;1;1;5;4
parc;2;0;1;31;1;0;0;0;2
option;2;1;0;21;0;1;5;5;4
opposé;2;0;5;1;0;0;14;4;12
no;1;2;3;6;0;4;13;0;8
nazi;0;0;23;5;0;0;6;2;3
menacer;1;0;5;9;0;2;1;3;18
max;2;0;1;27;0;1;4;1;4
léger;15;0;1;5;0;1;2;2;14
kosovo;1;0;27;4;0;0;1;0;3
infirmier;6;0;0;12;1;2;1;2;13
habituer;5;0;1;6;4;1;1;2;20
genou;19;0;1;8;0;2;1;1;8
geneve;5;0;1;28;0;0;1;0;2
fabuleux;30;0;0;4;0;1;0;2;3
exception;1;0;2;9;0;1;17;1;9
essence;0;0;1;25;0;3;4;2;4
ennemi;0;0;12;6;0;0;2;6;12
emji_v_de_la_victoire;14;0;4;6;0;2;7;0;4
emji_partition;33;0;0;1;0;1;0;0;1
emji_femme_qui_hausse_les_épaules_peau_claire;1;2;2;8;0;4;2;2;17
emji_applaudissements_peau_moyennement_claire;9;0;3;2;1;0;8;0;1
détail;5;0;3;7;0;0;17;1;7
démocrate;0;0;18;7;0;3;5;0;2
délit;0;1;16;6;0;1;8;3;3
creuser;0;0;6;10;2;0;20;0;2
consulter;0;0;1;7;1;1;21;2;6
colère;1;0;6;9;3;1;2;0;18
coincer;6;0;5;5;0;6;1;1;15
bouffe;4;0;0;18;3;9;1;0;5
attentat;0;0;36;1;0;0;0;0;1
aspect;0;0;0;4;0;2;9;7;17
équité;0;0;0;17;0;0;2;10;7
élevage;0;0;0;10;8;1;1;0;19
éclater;7;0;4;10;0;3;3;2;10
virer;3;0;2;12;0;2;16;1;3
univers;5;0;0;3;0;0;16;2;13
trafiquant;0;0;17;8;0;0;2;0;9
secte;1;0;1;3;25;1;0;1;6
résident;0;0;1;32;0;0;1;0;1
réclamer;4;0;9;7;0;0;7;8;3
rigolo;12;1;1;3;0;8;5;1;8
rencontre;10;0;0;6;0;2;2;4;15
recommencer;2;0;11;6;0;0;1;1;18
pénal;0;0;12;9;0;1;4;8;3
privilégier;0;0;4;26;0;1;1;3;3
paysan;6;0;0;22;1;2;4;1;2
patriarcat;1;0;0;1;0;2;4;24;6
particulièrement;8;0;2;3;0;1;14;2;9
ouin;0;0;1;0;0;7;4;0;5
oral;3;0;0;2;0;3;26;0;1
of;5;0;6;7;0;17;0;0;0
noter;2;0;6;5;0;11;4;2;7
munition;0;0;2;30;0;0;0;3;2
masculinisme;0;0;0;0;0;2;2;34;0
majoritairement;0;0;6;20;0;1;6;5;1
mai;4;0;12;6;0;0;5;1;8
lamentable;0;0;5;12;2;1;4;1;14
inflation;1;0;0;34;0;0;2;0;1
impunité;1;0;30;3;0;0;1;2;2
héros;7;0;10;6;0;0;3;2;11
gratuitement;1;0;0;26;1;0;5;3;2
financement;0;0;8;24;0;0;4;0;2
expert;2;0;4;3;0;1;24;2;3
exercer;0;0;7;10;0;0;3;10;9
etais;19;0;1;1;0;1;4;1;12
envahir;1;0;24;6;1;0;1;1;5
emji_visage_déçu;19;0;0;4;0;0;0;3;11
emji_sapin_de_noël;33;0;0;1;0;0;0;0;0
emji_main_avec_index_pointant_à_droite;2;0;4;14;0;1;0;1;0
détriment;0;0;6;20;0;0;4;1;8
dégager;10;0;6;6;1;0;2;4;8
ducoup;2;0;0;5;0;2;5;0;7
donald;2;0;27;3;0;0;3;1;1
commission;0;11;8;15;0;0;3;1;1
chéri;22;0;3;0;0;2;1;1;8
champ;1;0;1;10;1;0;4;5;17
ceinture;5;0;1;21;0;0;2;1;8
canon;4;1;19;5;0;2;1;1;5
brésilien;2;0;12;2;0;2;7;1;11
briser;3;0;14;5;2;0;1;4;10
bancaire;0;0;0;34;0;1;0;2;0
attente;1;0;3;21;0;1;3;3;7
ange;25;0;3;1;1;0;1;1;5
aigri;11;0;1;4;0;0;7;1;13
administration;0;1;2;30;0;0;1;0;5
éternel;9;0;4;6;2;1;7;0;9
émettre;1;0;3;19;1;1;8;0;4
votation;0;0;4;23;0;1;4;2;4
toit;3;0;3;8;1;0;1;4;18
statut;2;0;4;7;0;2;9;7;7
révolution;2;0;4;4;0;2;15;4;7
réfugié;0;0;17;6;0;0;2;1;10
reproduire;0;0;2;6;4;1;3;2;20
remise;1;0;6;3;0;1;11;3;12
pudeur;26;0;0;2;0;2;3;2;3
provenir;1;0;8;19;0;1;6;0;3
printemps;34;0;1;0;1;0;0;0;1
presse;3;0;9;3;0;0;19;0;4
poulet;11;0;0;15;5;0;0;1;4
orienter;3;0;3;6;0;0;22;1;1
occupation;1;1;32;2;0;1;0;0;0
nouvel;1;1;5;5;1;2;5;0;18
mélange;6;0;1;7;0;0;8;5;11
mystère;2;1;0;29;1;0;1;0;3
multiple;1;0;3;9;0;2;15;1;2
mio;0;0;1;33;0;0;0;0;0
mandat;0;0;21;6;0;0;2;0;8
louper;14;0;4;0;0;0;1;0;19
ironie;3;0;2;6;1;2;14;1;9
infini;11;0;1;16;0;0;3;1;6
indispensable;2;14;0;7;0;0;6;2;7
idiot;2;1;1;4;0;3;8;0;19
gouverner;1;0;14;8;0;1;8;0;5
fumée;3;0;2;28;1;0;1;0;3
extermination;1;0;34;1;0;0;0;0;2
ete;9;1;3;11;0;2;2;0;7
entretien;3;0;1;10;0;1;8;0;15
emji_visage_neutre;3;0;1;10;0;16;0;0;2
délire;6;0;4;3;0;11;3;1;8
dose;2;0;0;11;1;3;6;0;10
documenter;1;0;11;9;0;0;10;1;4
dignité;10;0;5;2;0;0;0;3;18
dealer;3;0;1;7;0;3;1;1;20
criminalité;0;0;5;14;0;0;14;0;4
contenu;3;0;1;6;0;3;22;2;1
conducteur;0;0;0;33;0;0;1;0;3
claudia;33;0;0;0;0;0;1;1;2
cirque;0;0;11;7;10;0;2;3;4
circuler;1;0;4;28;0;0;5;0;0
chauffage;1;0;0;30;0;0;2;0;3
boulangerie;8;0;0;18;1;5;0;0;4
bol;3;3;3;5;3;2;16;0;3
blâmer;0;0;2;12;2;0;6;1;13
artifice;9;0;3;8;0;3;0;0;12
amoureux;18;0;1;0;2;1;0;4;11
ahaha;23;1;1;4;0;2;3;0;4
écraser;2;0;2;11;3;0;3;2;14
vitrine;1;0;16;13;0;0;0;0;7
vendeur;2;0;1;24;0;4;1;0;1
valaisan;30;0;0;2;1;2;1;0;1
tribunal;0;0;21;3;0;2;1;3;7
transparence;1;0;0;12;0;1;15;2;6
temu;2;0;0;33;0;0;0;0;0
tcheu;33;0;0;0;0;0;0;0;3
tarif;1;0;0;32;0;0;3;0;0
séparer;2;6;3;6;2;0;4;7;6
sucre;1;0;0;24;3;4;0;0;5
stopper;0;0;7;14;2;0;1;1;9
soulever;4;1;2;6;1;1;8;1;10
sonner;11;0;1;3;0;14;4;0;3
sion;4;0;8;21;0;1;1;0;1
révéler;0;0;5;9;1;0;16;0;5
rayon;4;0;0;28;0;0;1;2;2
qqn;2;0;3;4;0;0;6;0;21
psychologique;0;0;1;1;0;1;4;16;14
prostitution;0;1;0;1;0;0;6;26;2
procédure;0;0;8;9;0;0;4;0;15
merveille;17;0;1;4;0;1;1;2;10
marketing;0;0;3;24;0;1;5;0;3
libération;0;0;29;1;0;0;3;2;2
jambe;9;3;1;8;0;12;0;0;3
jaloux;4;1;1;2;2;7;14;1;4
inclure;0;0;11;11;0;0;7;2;6
ignorant;2;0;1;4;0;1;21;1;6
héritier;0;0;1;31;0;1;0;0;2
gentillesse;25;0;1;1;1;0;2;1;6
fr;3;1;3;25;0;2;1;0;1
faune;1;0;0;11;21;0;1;0;2
exigence;3;0;4;10;0;1;10;1;6
emji_symbole_d_avertissement;2;0;5;18;0;0;2;2;1
emji_mains_qui_forment_un_coeur_peau_moyennement_claire;26;0;1;1;1;2;0;2;3
emji_homme_avec_la_paume_sur_le_visage_peau_claire;3;1;0;11;2;0;14;0;3
emji_homme_avec_la_paume_sur_le_visage;1;1;5;18;0;1;8;0;2
emji_cotillons;17;0;0;1;0;1;0;0;0
dépression;1;0;0;20;0;1;1;2;12
douleur;6;0;7;6;0;1;1;5;9
cuisiner;5;0;0;9;2;1;1;8;8
condamnation;0;0;19;2;0;0;9;2;5
brigitte;7;0;0;1;1;4;21;0;1
aise;3;1;0;1;0;0;6;3;22
évoquer;6;0;6;11;0;0;7;1;4
étape;7;0;2;13;0;0;5;0;8
élégance;30;0;0;2;0;0;1;2;1
woke;2;0;1;1;1;1;26;1;2
vaccin;1;0;4;25;0;0;2;0;3
troisième;3;0;2;20;0;1;6;1;2
spécialiste;3;0;2;19;1;0;5;0;5
splendeur;6;0;15;8;1;0;1;0;4
spectacle;10;0;1;10;1;1;2;2;8
sketch;12;0;1;6;0;2;12;1;1
situer;0;0;2;26;0;0;4;1;3
semer;0;0;30;2;0;0;0;1;2
semblant;0;0;6;3;0;2;10;2;13
rétablissement;32;0;0;1;0;0;1;1;1
russe;2;0;23;2;0;0;2;1;4
romance;0;0;0;0;0;0;3;20;6
risquer;1;0;5;25;1;0;1;0;3
représentant;1;0;5;14;0;0;12;0;3
renvoyer;1;0;4;21;0;2;3;0;4
recul;10;0;1;1;0;2;7;2;13
promesse;0;0;9;22;0;1;0;0;3
percevoir;2;0;1;12;0;1;12;0;5
officiellement;1;0;18;3;0;5;3;4;1
min;2;1;1;23;0;1;3;0;3
milice;1;0;23;4;0;0;1;1;6
meurtre;0;0;13;0;1;3;2;8;9
maturité;17;1;0;0;0;1;6;0;10
louvre;3;0;0;29;0;0;1;0;2
interviewer;5;0;0;1;0;2;4;4;19
inquiétant;0;0;1;6;0;0;6;3;19
indépendance;1;0;14;11;0;0;1;3;6
immeuble;3;4;0;26;0;1;0;0;0
hab;3;0;4;8;0;15;3;0;2
glace;16;0;0;10;1;4;0;0;5
faciliter;0;0;4;23;0;0;3;1;4
esclave;3;0;1;8;1;1;1;11;10
epstein;0;0;16;2;0;0;8;0;6
emji_visage_avec_un_doigt_sur_la_bouche;2;0;4;15;0;3;1;0;10
emji_soleil;28;0;0;2;0;0;0;0;1
emji_femme_avec_la_paume_sur_le_visage;2;0;0;2;2;3;2;2;15
emji_drapeau_france;8;5;3;12;0;2;3;0;1
déguiser;3;0;9;12;0;3;1;3;5
durée;0;0;7;21;1;0;2;1;4
douter;5;0;5;4;1;0;18;1;2
dividende;0;0;0;23;0;0;0;0;0
connait;3;0;1;6;0;2;11;7;5
catégorie;0;0;2;11;0;1;9;8;3
boy;10;0;0;2;0;4;0;17;3
bin;3;0;4;14;0;1;4;3;7
aérien;0;0;6;21;0;1;2;0;2
avril;18;0;2;6;0;4;0;0;4
automne;32;0;0;2;1;0;0;0;1
assister;4;0;6;6;0;2;1;2;14
algérie;4;8;18;2;0;0;1;0;3
ados;7;0;2;0;1;0;2;3;20
acquérir;3;0;1;13;1;0;6;7;4
étoile;12;0;4;7;0;0;4;1;7
écriture;6;0;0;1;0;1;17;0;3
vomir;1;1;2;2;1;15;2;2;9
typique;1;0;4;1;1;2;24;0;1
traîner;1;1;3;3;0;2;1;3;20
tentative;0;0;5;6;0;4;11;3;5
surprenant;4;2;4;13;0;1;4;0;7
stresser;6;0;1;5;0;1;0;1;18
soumission;0;0;4;2;0;1;4;5;17
solide;4;1;0;15;0;0;3;7;3
serrer;2;0;1;17;0;1;2;1;11
rolex;2;0;1;29;0;1;0;0;1
racine;1;0;1;5;0;2;1;3;21
prévenir;0;0;5;16;0;0;1;1;12
phase;2;0;3;19;0;1;3;0;6
personnalité;10;0;1;3;1;5;4;6;4
parfum;3;1;0;5;0;21;0;0;2
parallèle;0;0;5;19;0;1;4;1;4
papi;27;0;1;1;0;0;1;3;2
panier;0;0;3;10;0;0;4;0;17
nucléaire;0;0;6;21;0;1;0;2;5
new_wave;30;0;0;0;0;1;1;0;0
lait;6;1;1;12;0;0;7;2;4
japonais;3;24;0;1;0;0;3;0;2
japon;1;1;6;8;0;5;5;1;8
inadmissible;1;0;9;9;1;0;2;2;11
idéologique;0;0;4;7;0;0;24;0;0
goûter;7;0;0;21;1;1;1;0;4
fêter;5;0;6;13;0;2;1;1;6
féliciter;2;1;5;2;1;0;4;2;18
fuite;0;1;8;16;0;1;4;0;5
exagérer;2;1;0;7;0;1;11;1;12
enjeu;0;0;3;16;0;0;6;0;10
emji_personne_qui_hausse_les_épaules;1;0;1;11;0;2;2;7;9
emji_mains_en_prière_peau_légèrement_mate;16;0;4;0;0;0;3;0;4
emji_doigts_croisés;9;0;1;4;0;0;2;0;9
décidément;0;1;8;8;0;4;5;1;8
divorce;0;0;0;4;0;0;5;22;2
corrompre;0;0;28;3;0;0;1;1;2
convention;0;0;15;9;0;0;3;3;5
concurrence;0;0;0;32;0;0;0;1;1
compenser;0;0;3;27;2;0;0;0;2
colonial;0;0;24;6;0;2;1;0;1
co2;0;0;0;30;0;0;2;0;3
cliché;4;0;2;3;0;4;12;0;10
censurer;0;0;2;3;0;0;24;2;1
catholique;1;0;2;2;1;1;6;8;14
camarade;6;0;1;1;0;2;1;4;14
beurre;2;1;0;9;1;11;1;0;1
ambiance;14;0;1;9;0;1;2;0;7
alternative;0;1;0;31;0;0;1;0;2
administratif;0;0;11;18;0;0;2;1;1
abe;4;0;1;13;0;0;3;3;11
équilibré;0;0;0;13;5;0;2;2;12
wokisme;2;0;1;2;1;1;20;1;4
vendredi;4;0;2;8;0;17;0;0;2
valaisans;2;0;0;22;1;1;1;0;6
syrie;0;0;29;1;0;0;2;1;0
sympathique;20;1;0;7;1;0;3;1;1
signaler;1;0;3;8;2;0;2;6;10
septembre;1;0;7;18;0;1;2;0;3
roman;7;0;1;2;0;5;16;1;1
resto;0;2;0;19;0;3;0;1;9
préféré;26;0;0;6;0;0;1;0;1
proportion;1;0;3;24;0;0;4;0;2
piège;1;0;1;13;4;2;2;1;10
passeport;1;0;2;10;0;1;17;0;2
parking;1;0;0;31;0;0;0;0;0
office;2;0;0;16;0;0;10;6;0
métro;2;0;0;31;0;0;0;0;1
montage;4;0;4;6;0;1;18;0;0
jaune;8;0;0;12;1;13;0;0;0
isolé;1;1;2;13;0;1;3;1;12
islam;0;0;13;0;1;1;4;5;9
google;3;0;2;5;2;1;14;1;6
front;2;0;5;5;0;1;2;8;10
françois;28;0;0;2;0;0;3;0;1
filer;0;0;0;19;2;1;4;1;7
fasciste;1;0;13;2;0;1;9;1;6
fake;1;0;0;3;0;1;27;1;0
extraire;7;0;3;6;0;1;5;0;12
emmental;22;0;0;3;0;2;1;1;2
emmener;3;1;2;5;1;1;1;1;19
ego;0;0;0;2;0;1;8;14;9
effondrer;1;0;2;22;0;0;1;1;7
effectif;1;0;4;18;0;0;1;3;6
défi;3;0;0;9;0;0;2;0;20
dynamique;12;0;0;8;0;1;0;1;12
draguer;2;0;1;1;0;2;0;21;1
domicile;0;0;1;24;0;3;1;2;2
document;6;0;10;2;0;2;8;0;5
delà;1;0;3;12;0;1;5;4;8
cotisation;0;0;0;32;0;0;0;0;0
corporel;0;1;0;5;0;0;4;2;21
conversation;6;0;0;2;0;1;13;2;8
constructif;1;0;1;1;0;1;8;1;21
conduite;0;0;0;26;0;2;3;0;3
comparable;1;0;4;21;1;0;2;2;3
cité;5;0;5;6;1;1;13;0;3
charmant;28;0;0;2;0;0;2;0;2
cf;0;0;5;15;0;1;4;0;9
catastrophique;2;0;0;17;2;0;6;1;6
cassis;3;0;28;1;0;1;1;0;0
capter;4;0;0;18;0;2;6;0;4
bot;1;0;6;2;0;3;22;0;0
bière;1;0;1;24;0;0;5;1;2
bijoux;2;0;0;23;0;2;1;1;5
atmosphère;4;1;0;23;0;1;2;0;0
août;4;0;3;4;0;17;3;0;2
ado;4;1;0;4;0;2;0;0;20
aberrant;0;0;4;12;1;1;10;1;5
émotionnel;1;0;2;3;0;0;11;4;12
élite;1;0;6;15;0;1;3;0;7
égypte;0;0;29;1;0;0;0;0;0
çà;11;0;3;6;0;1;2;0;9
zurich;3;0;0;26;0;0;3;0;0
walkman;29;0;0;0;0;0;0;0;1
témoigner;5;0;4;3;1;0;12;3;4
tordre;0;0;1;3;1;1;20;1;5
tjr;2;0;0;6;0;1;3;8;13
tas;1;0;1;9;1;0;8;2;9
taff;0;0;1;7;0;2;2;0;20
sommeil;1;0;3;5;0;1;2;0;20
salade;21;0;2;5;1;0;0;0;3
résumer;1;0;5;6;0;2;12;4;3
réserve;2;0;1;24;0;0;2;0;3
régaler;28;0;1;2;1;0;1;0;0
réchauffer;7;0;0;22;0;1;0;0;3
recommander;4;1;0;12;0;1;15;0;0
radical;1;0;11;6;0;1;3;0;8
rabaisser;0;0;1;3;0;1;6;0;17
processus;0;0;9;17;0;0;4;1;2
prier;7;1;7;0;0;3;3;1;9
peinture;3;0;0;21;0;1;2;0;4
patient;0;0;3;12;1;1;1;0;13
ouvert;0;1;0;23;0;0;3;1;5
omg;17;1;1;4;1;2;2;1;4
nettement;1;0;1;23;0;0;1;1;6
mètre;1;1;3;18;1;1;2;1;2
multinationale;1;0;2;28;0;0;0;0;0
mission;2;0;2;12;0;0;5;0;11
maîtrise;2;0;2;5;0;1;22;0;0
lot;2;0;4;16;0;0;3;0;8
lorrain;30;0;0;0;0;0;1;0;0
larme;26;0;4;0;0;0;1;0;2
jordanie;0;0;32;1;0;0;0;0;0
huitante;21;0;0;5;0;2;1;0;0
généralité;1;0;0;0;0;1;26;1;3
généraliser;1;0;0;3;0;1;2;3;23
factuel;0;0;1;1;0;1;24;2;2
entourage;4;0;1;12;0;0;2;2;12
employeur;0;0;0;20;0;2;1;3;6
empire;0;1;13;8;0;3;2;0;2
emji_visage_expirant;4;0;1;3;0;21;1;0;0
emji_visage_endormi;8;1;1;6;0;10;1;0;4
emji_pouce_vers_le_haut_peau_moyennement_claire;22;0;0;1;0;0;3;0;5
emji_poing_levé;11;0;7;3;0;1;2;0;7
déterminer;1;0;3;5;1;1;13;6;3
dépendant;0;0;0;7;13;0;1;2;8
disposition;1;1;2;17;0;1;4;2;4
dinguerie;11;0;1;6;0;0;5;1;9
croissance;0;0;0;30;0;1;0;1;1
cornet;20;0;0;4;0;2;0;0;5
constamment;0;0;5;14;0;0;3;0;11
compagnon;10;0;1;1;2;2;1;8;6
claque;3;0;1;0;0;22;2;0;5
bénéfique;0;0;0;9;0;0;3;0;21
bâton;2;0;1;26;0;0;0;0;4
budgétaire;0;0;0;30;0;0;0;0;1
boiter;1;0;0;26;0;1;0;1;3
barrière;4;0;0;6;0;4;1;1;15
b2;0;0;0;1;0;0;31;0;1
auteur;2;0;3;2;1;0;12;11;0
auprès_de;2;0;2;12;0;0;8;2;6
alimentation;1;1;0;15;2;1;0;1;11
éteindre;1;0;0;4;0;3;1;0;21
université;0;0;2;11;0;0;5;1;12
traumatiser;3;1;1;4;0;1;0;0;21
tiers;0;0;3;8;0;3;0;3;14
tempête;5;0;2;10;0;1;0;0;13
star;24;0;1;2;0;0;0;2;3
standard;2;0;3;7;0;8;1;0;9
section;0;0;2;1;0;3;19;4;2
romands;2;0;0;18;0;0;9;0;3
reparler;1;0;4;8;0;1;2;11;4
refléter;4;0;5;4;0;0;9;1;9
record;3;0;0;24;0;1;1;0;1
qqun;3;0;2;2;0;3;5;0;15
purement;0;0;1;12;0;3;11;2;3
priver;2;0;1;17;0;0;3;0;8
potentiel;0;0;1;13;0;0;6;3;9
portée;0;0;2;7;1;0;15;1;6
politiquement;1;0;3;3;0;3;17;0;5
patte;5;1;0;6;4;10;2;1;3
miracle;5;0;3;8;0;2;2;0;11
mimi;29;0;1;0;1;0;1;0;0
michel;19;0;1;2;0;0;6;0;4
loup;2;0;4;2;23;0;1;0;0
jalousie;4;0;1;4;0;0;20;1;2
illusion;1;0;1;7;0;0;5;0;18
hallucinant;2;1;3;4;0;1;14;1;6
galer;1;0;0;9;2;0;1;3;15
fast_food;2;0;1;6;0;4;9;0;5
facilité;0;0;1;7;0;2;10;3;8
existant;1;0;2;23;0;0;2;1;2
entretenir;1;0;4;12;0;0;2;2;11
emji_étourdissement;25;0;0;0;0;0;2;0;0
emji_visage_démoralisé_avec_goutte_de_sueur;4;0;0;5;1;14;0;0;6
emji_cent_points;26;0;0;0;0;1;0;1;1
déménager;3;0;1;19;3;1;0;0;5
découverte;8;0;1;2;0;2;9;1;8
décembre;6;0;1;17;0;1;2;0;4
disparition;4;2;4;9;2;0;4;0;7
diffuser;3;0;2;3;0;0;20;1;3
dark;0;0;0;1;0;0;4;21;1
coter;2;0;6;7;0;0;2;1;13
copier;2;1;2;9;0;1;11;2;2
contredire;0;0;2;2;0;2;25;0;1
communication;1;0;2;7;0;0;9;1;12
combler;4;0;0;17;1;0;3;1;6
cohérent;2;0;5;7;1;2;13;1;1
champignon;2;0;0;17;1;2;2;1;5
centime;0;0;0;30;0;0;1;0;0
calmer;2;0;3;7;0;0;7;0;13
bobo;0;0;5;10;0;1;3;0;13
biodiversité;0;0;0;16;1;0;7;2;3
balcon;3;0;0;4;5;6;0;1;13
bac;0;1;0;4;0;4;9;0;5
autonome;3;0;2;22;0;0;1;1;3
attraper;4;1;3;1;4;1;4;1;13
appareil;6;0;1;14;0;0;1;0;10
amusant;17;0;2;4;0;0;4;0;5
amazon;0;1;0;30;0;0;1;0;0
accusation;0;0;16;2;0;0;5;4;5
époux;8;0;1;0;0;2;4;15;1
épargner;1;1;4;18;0;0;2;0;4
ère;2;0;9;7;0;0;2;1;9
xénophobe;1;0;0;1;0;2;18;3;5
volontairement;0;0;3;13;1;0;6;4;3
visiter;4;0;5;13;0;0;4;0;5
visite;5;0;5;10;1;0;0;1;9
vachement;0;0;4;6;0;1;2;2;16
usine;1;0;0;17;0;1;2;2;5
trier;3;0;0;10;1;1;11;0;3
traumatisme;1;0;2;8;0;1;0;15;3
symbole;2;0;6;8;0;2;7;0;5
stats;0;0;0;9;0;0;16;2;2
soucier;0;0;2;13;1;1;5;0;8
sensibilité;11;0;0;1;1;0;2;0;16
râler;4;0;1;14;1;1;4;0;6
retraité;1;0;0;18;0;3;2;2;3
représentatif;2;0;3;2;0;1;22;0;1
relier;0;1;3;23;0;1;1;1;1
recruter;0;0;4;22;0;0;2;0;3
plr;0;0;0;11;0;17;1;0;1
parceque;3;0;2;2;1;3;4;1;15
pacifiquement;0;0;17;2;0;0;8;0;4
organisme;0;0;7;12;0;0;5;2;5
nuisible;7;1;1;2;15;0;2;0;2
mécanisme;0;0;1;8;0;0;12;3;7
mythe;3;0;1;20;0;0;5;2;0
mortel;1;0;0;24;1;0;0;2;3
migrant;0;0;4;17;0;0;4;2;4
masque;0;0;6;3;0;2;2;0;18
louis;18;0;2;4;0;1;3;0;1
kidnapper;0;0;29;0;0;0;0;0;1
juridique;0;0;5;5;0;0;17;2;1
issue;0;1;5;5;0;2;11;3;4
issu;2;0;1;12;0;1;11;0;4
intégration;1;0;1;19;0;0;5;0;5
interdit;1;0;18;2;1;1;2;1;4
fribourgeois;15;1;0;9;0;1;0;0;4
financièrement;0;0;1;9;0;0;2;8;11
fierté;2;0;0;5;0;2;1;2;19
fidèle;4;0;6;2;2;1;6;1;9
fiable;0;0;6;9;0;0;14;1;1
ferrari;11;0;0;17;0;0;0;0;1
exterminer;0;0;26;0;1;0;0;1;3
etes;7;1;0;3;2;2;2;2;10
essuyer;9;11;1;3;0;1;2;0;3
enterrer;1;0;9;9;1;0;0;2;8
emji_visage_bleu_et_froid;17;0;0;6;0;1;1;0;1
emji_femme_avec_la_paume_sur_le_visage_peau_moyennement_claire;2;1;1;5;0;4;4;0;6
emji_cornes_avec_les_doigts;26;0;0;1;0;0;0;0;1
emji_coeur_rose;25;0;0;0;0;0;0;0;0
directeur;4;0;0;20;0;0;2;2;2
diplôme;1;0;0;21;0;1;2;0;5
dater;2;0;1;8;0;0;17;0;3
cultiver;1;0;3;5;0;0;3;2;17
couverture;0;1;8;15;0;2;3;0;1
contact;1;0;2;9;0;0;5;5;9
canard;5;3;0;13;2;0;2;2;2
caca;0;26;0;3;0;0;0;1;1
brillant;10;0;0;8;0;0;10;0;2
boule;4;1;0;12;0;6;2;0;6
blond;24;0;0;2;0;1;2;0;2
biensur;5;0;3;3;0;1;12;1;5
au_delà;0;0;0;13;0;2;11;1;4
attribuer;1;0;2;10;0;0;9;8;1
abattre;2;0;5;11;5;0;0;8;0
étouffer;2;0;3;8;0;6;3;1;7
établissement;0;0;1;19;0;0;2;0;8
épuiser;0;0;2;15;0;1;2;0;7
volant;3;0;1;10;0;2;2;0;11
vallée;18;0;1;7;0;0;0;0;2
troll;0;1;2;1;1;1;22;0;2
subside;0;0;0;28;0;0;0;0;1
sec;9;5;2;9;0;4;0;0;1
sauce;7;0;2;3;2;4;8;0;4
saisir;0;0;4;6;0;1;12;1;4
rio;1;0;25;1;0;0;2;0;1
revendiquer;0;0;8;2;0;1;3;16;0
recycler;1;1;2;25;0;0;1;0;0
reconnaissant;8;0;3;3;0;0;2;1;13
qualification;0;0;0;25;0;0;2;0;1
qq;8;0;1;4;0;1;0;2;13
poésie;16;0;0;0;0;1;5;1;4
pont;1;0;0;14;0;1;3;0;10
plomb;0;0;1;16;0;3;0;2;7
plier;5;0;0;15;1;1;2;2;4
plateau;12;0;0;4;0;1;5;0;7
pilier;2;0;0;23;0;0;1;1;0
pc;1;0;0;8;0;1;2;6;12
parer;4;0;1;4;0;1;3;0;16
occurrence;1;1;3;4;1;2;14;2;2
norvège;1;0;2;25;0;0;0;0;1
neurone;1;0;3;0;0;0;20;1;5
navrer;0;0;0;4;0;0;9;8;9
météo;5;0;0;10;0;2;12;0;1
mécanique;0;0;0;17;2;1;1;3;6
my;11;0;0;1;0;15;1;0;1
mouton;2;0;0;4;2;12;3;0;6
mobiliser;1;0;12;6;1;0;3;0;7
lgbt;0;0;4;1;0;2;6;6;11
lent;0;0;0;11;0;0;0;0;17
lamal;0;0;0;29;0;0;0;0;0
inhumain;0;0;16;1;0;2;3;0;8
influencer;1;0;1;9;0;0;8;1;9
humoriste;2;0;0;13;0;0;13;1;1
grand_père;14;0;0;4;0;2;3;0;7
graine;5;0;1;6;1;1;13;0;3
go;16;0;1;5;3;2;0;0;3
genevoise;8;0;0;14;0;0;3;0;5
gagnant;1;0;1;22;0;0;3;1;1
frustration;2;0;2;1;0;0;11;0;14
famine;0;0;23;2;1;0;1;0;2
enfermer;2;0;2;0;0;0;1;0;25
emji_mains_levées_peau_claire;19;1;1;5;0;0;0;0;4
emji_drapeau_italie;2;16;0;3;0;0;2;0;1
dénigrer;1;0;1;0;1;0;5;4;15
débrouiller;8;0;1;5;0;2;1;7;5
douane;0;0;3;27;0;0;0;0;0
disposer;1;0;1;16;0;0;6;3;3
deviner;4;1;2;7;0;1;13;0;2
descente;21;0;1;3;0;2;1;2;0
croyant;1;0;3;0;0;0;23;1;2
cibler;0;0;8;14;0;1;2;2;3
chauffer;1;0;0;21;0;1;0;0;7
censure;0;0;1;3;0;0;26;0;0
calculatrice;3;0;0;2;0;2;1;0;2
bouclier;0;0;17;10;0;0;0;0;2
biologique;0;1;0;15;0;0;8;5;1
bien_être;3;0;0;5;4;1;4;2;11
barrage;0;1;2;23;0;0;1;0;0
bardot;7;0;0;0;0;0;21;0;1
bad;1;0;0;2;1;10;1;13;2
arrogance;1;0;1;3;0;1;12;1;8
alpe;4;0;2;17;0;1;0;1;4
allumer;6;0;1;6;0;12;1;1;2
affligeant;0;0;0;2;0;3;9;1;15
équiper;1;3;2;16;0;0;2;0;4
édition;3;0;0;14;0;1;2;2;5
vulnérable;0;0;0;9;0;0;1;10;9
voyou;2;0;21;2;0;1;2;0;1
usager;0;0;1;26;0;0;1;0;0
tunisie;5;2;6;1;0;13;1;0;0
transporter;0;2;1;23;2;0;0;0;1
trace;1;1;0;3;1;3;11;2;4
tkt;3;0;0;2;0;7;1;5;11
terrasse;3;0;0;23;1;0;0;0;1
séquence;25;0;0;0;0;0;3;0;1
soupe;20;0;1;3;0;0;2;1;1
sondage;2;0;0;3;0;2;5;6;8
savoie;8;0;0;12;0;2;2;0;3
sarkozy;0;0;25;1;0;0;1;0;1
routier;1;0;2;25;1;0;0;0;0
rh;0;0;0;24;0;0;0;1;2
relayer;0;0;15;2;0;0;7;1;4
raser;4;2;7;2;0;0;0;0;14
qatar;0;0;28;0;0;0;0;0;1
publiquement;0;0;7;4;0;0;11;1;4
publicité;2;0;3;11;0;1;4;1;7
prédateur;0;0;0;8;7;0;0;4;9
précaire;0;0;3;18;0;1;2;1;3
promotion;3;0;2;7;0;0;4;1;12
promener;3;0;0;9;0;0;1;0;14
polémique;0;0;1;5;0;2;15;3;3
physiquement;2;0;0;5;0;3;0;7;12
persuader;0;0;1;9;0;2;10;1;6
payant;1;1;1;22;0;0;0;1;3
pardonner;2;0;3;0;0;6;13;1;4
panneau;2;1;0;12;0;0;3;1;9
offusquer;1;0;0;4;0;2;14;2;5
numérique;1;0;0;21;1;0;2;1;3
nuage;5;0;0;19;0;1;1;1;2
médiatique;2;0;16;6;0;0;2;0;3
moix;25;0;0;0;0;0;0;1;0
maire;1;0;9;10;0;1;7;0;1
insécurité;0;0;0;8;0;3;1;5;11
inde;1;0;6;14;0;0;3;1;4
hygiénique;0;22;0;2;0;0;3;2;0
généreux;9;0;2;8;0;0;1;2;7
guy;4;0;3;4;0;1;0;0;3
fusil;1;0;10;9;1;1;0;0;5
fonctionnement;0;0;2;18;1;0;6;0;2
fléau;0;0;1;16;1;0;2;0;9
exploit;6;0;1;5;0;1;9;0;7
excessif;0;0;0;14;0;3;7;0;5
esclavage;0;0;4;3;0;2;5;8;7
encadrer;0;0;4;6;1;0;6;0;12
emprisonner;1;0;20;3;0;0;1;0;4
emmerder;1;0;0;6;3;3;0;0;15
emji_sac_plein_d_argent;1;0;0;14;0;2;0;0;2
emji_ok_peau_claire;17;1;1;4;0;1;1;0;2
emji_coeur_vert;19;0;1;3;0;0;1;0;1
déplacement;0;0;3;25;0;0;0;0;1
démarche;2;0;2;3;1;0;8;2;11
déclaration;1;0;8;16;0;1;3;0;0
diversité;1;0;1;7;0;3;3;0;13
croissant;0;0;1;23;0;0;2;0;1
consigne;2;0;0;21;0;0;2;0;1
conservateur;2;0;2;5;0;0;16;2;1
combattre;0;0;4;5;0;1;4;10;4
colis;0;0;0;10;4;5;0;0;8
clavier;0;2;0;4;0;1;2;0;19
chantier;1;0;0;16;0;1;6;0;5
cedh;0;0;19;0;0;0;2;0;1
boucle;11;0;0;1;0;3;7;7;0
basique;0;0;1;5;0;0;15;0;7
applaudir;1;0;7;7;2;1;1;3;7
amitié;15;0;3;4;0;0;2;2;3
agriculture;2;0;1;24;0;1;0;0;0
afghanistan;0;0;20;0;0;0;3;4;1
admirer;12;0;0;2;1;0;11;0;3
éloigner;1;1;1;6;1;1;6;2;9
électronique;2;0;0;22;0;0;0;0;3
valoriser;2;0;0;20;0;0;1;0;4
valide;2;0;1;3;0;13;5;1;3
tsr;16;0;1;0;0;2;1;1;4
touriste;0;0;6;14;1;2;2;0;3
terreur;0;0;25;0;0;0;1;0;2
sélectif;1;0;9;7;1;0;5;1;3
séjour;4;0;0;11;0;0;4;3;6
symptôme;0;0;1;16;1;0;2;2;6
survie;0;0;2;10;4;0;3;2;7
sombre;4;0;0;3;0;5;3;0;13
slogan;1;0;9;5;0;1;4;0;8
skier;9;0;0;17;0;0;0;0;2
sdf;0;0;3;20;0;0;1;1;3
république;1;0;11;7;0;0;0;0;4
robe;17;0;3;3;0;0;1;0;3
ressortir;3;0;4;8;0;0;4;1;7
recyclage;2;0;0;20;0;0;2;0;0
rat;0;0;3;2;18;0;4;0;0
racheter;2;0;3;13;0;6;2;0;2
queue;1;0;0;22;1;1;2;0;1
qi;2;0;1;4;0;8;10;1;1
pôle;1;0;0;21;0;0;1;1;2
ptn;3;0;2;2;0;20;0;1;0
proportionnel;0;0;5;17;2;1;1;1;1
pq;1;19;1;1;0;1;1;1;3
pleurnicher;2;0;5;5;0;1;2;1;10
pilote;4;0;0;12;0;3;0;3;5
pet;1;6;0;10;0;7;1;0;3
parlement;0;0;3;9;0;1;9;1;5
ouvrier;1;0;0;20;0;0;0;1;4
oups;4;0;2;2;0;3;12;2;3
oppression;0;0;16;0;0;0;2;2;7
médian;0;0;1;20;0;0;3;1;0
motiver;2;0;2;5;0;4;4;1;10
moquerie;1;0;0;1;0;1;3;2;17
mini;7;0;0;7;1;0;9;1;2
menteur;1;0;15;2;0;0;5;0;4
masqué;0;0;11;0;0;4;9;1;3
manipulation;0;0;6;6;0;0;12;0;3
malhonnête;0;0;3;7;0;2;12;1;3
magie;13;0;0;3;0;5;3;0;3
mafia;0;0;1;18;0;0;3;2;2
lunaire;4;0;1;1;0;19;0;2;1
look;14;0;0;1;0;0;3;0;10
janvier;4;0;1;14;0;3;4;0;1
inverser;0;0;5;6;0;0;5;0;11
incompétent;0;0;3;9;0;2;12;0;2
haïr;9;0;7;1;0;2;1;0;4
gras;0;1;0;11;1;3;11;0;0
fixer;1;2;1;21;0;0;2;0;1
fiction;1;1;0;2;1;0;15;4;3
fascisme;0;0;4;4;0;3;11;1;5
exécution;0;0;28;0;0;0;0;0;0
etaient;4;0;9;2;0;0;2;0;10
entrepreneur;1;0;1;22;0;0;0;0;2
emporter;1;0;2;4;1;2;8;0;10
empoisonner;0;0;2;5;15;0;0;0;5
emji_tête_de_mort;4;0;5;4;0;1;0;0;0
emji_explosion;9;0;0;9;0;1;1;0;4
détresse;2;0;0;1;2;8;2;2;10
dérouler;3;0;6;6;0;0;0;0;12
déjeuner;1;0;0;2;0;6;0;3;11
domination;0;0;2;1;0;0;1;23;1
distribuer;1;0;1;15;0;0;3;0;7
dette;1;0;0;26;0;0;0;0;0
dessin;6;0;1;4;2;3;7;0;4
daron;21;0;1;0;0;0;0;1;3
crédit;0;0;0;24;0;0;3;0;1
croquette;0;0;0;1;24;1;1;0;0
costume;15;1;2;3;0;1;1;2;3
corée;1;0;19;3;0;0;1;0;3
conviction;2;1;1;2;0;0;16;1;5
contester;0;0;4;10;0;1;10;1;2
contacter;1;0;1;8;1;0;6;1;10
conjoint;0;0;0;3;0;0;1;20;2
concrètement;0;0;1;7;0;1;8;3;8
choc;1;0;0;7;2;3;2;2;11
chauffeur;3;0;0;21;0;0;0;0;1
bouton;7;0;1;1;0;16;0;1;2
bouchon;1;0;0;26;0;1;0;0;0
botte;3;0;2;3;0;9;1;0;10
boomer;3;0;0;1;2;0;10;0;11
bernois;5;0;3;4;0;0;7;0;8
bb;14;0;1;0;1;1;3;1;6
banaliser;0;0;2;4;0;3;1;5;12
associer;1;0;1;11;0;2;10;0;3
apartheid;0;0;28;0;0;0;0;0;0
allié;2;0;14;2;0;0;2;2;4
age;5;0;1;3;2;1;3;1;11
accrocher;7;0;0;6;0;4;2;2;7
éloquence;24;0;0;0;0;0;1;0;1
vrm;3;0;7;4;0;3;5;2;3
vouvoyer;2;0;0;0;0;0;24;0;0
tendresse;18;0;0;1;0;0;1;0;7
substance;0;0;1;23;0;0;1;0;1
stylé;24;0;0;0;0;0;0;1;2
spécifique;0;1;0;13;1;2;2;2;5
soignant;2;0;2;18;0;0;1;0;4
socialisme;1;0;0;22;0;0;2;0;1
seigneur;21;0;1;1;0;0;3;0;1
résister;1;0;10;7;0;0;2;1;4
romain;3;1;12;4;1;0;2;0;3
revendre;1;0;3;20;0;0;0;1;2
rempli;6;0;1;4;0;4;2;3;5
refuge;1;0;1;6;2;1;1;0;13
rechercher;0;0;7;1;0;0;4;5;10
rassemblement;1;0;24;2;0;0;0;0;0
ranger;4;1;1;5;0;2;1;7;5
raisin;19;0;0;4;0;0;0;0;1
q;8;3;2;2;1;8;0;0;2
pénurie;0;1;0;23;0;0;0;0;2
propriété;0;0;2;14;0;1;3;2;4
promouvoir;1;0;3;9;0;1;4;6;3
poursuivre;0;0;9;7;0;0;2;6;3
poursuite;0;0;2;18;0;0;3;0;3
pointe;6;0;1;11;0;0;5;1;3
perspective;1;0;0;2;0;2;3;3;15
parental;0;0;0;0;0;0;2;21;2
palestiniennes;0;0;26;0;0;0;0;0;0
ordinaire;4;0;2;11;2;7;1;0;0
nécessité;2;0;5;11;0;1;5;1;1
neuchâtelois;19;0;0;4;0;0;2;0;1
morceau;12;0;1;7;0;1;0;0;5
missile;0;1;19;5;0;0;0;0;1
meurtrier;0;0;19;1;1;0;0;1;5
mercredi;10;0;1;4;0;10;1;0;0
malsain;4;0;1;1;0;0;2;7;11
lobby;1;0;0;6;0;1;10;2;5
jsp;0;0;3;3;0;1;2;4;14
jacques;9;0;0;2;0;1;1;2;12
ingénieur;0;0;0;17;0;2;3;0;5
hérisson;2;0;0;2;19;0;1;0;1
guillemet;0;0;9;1;0;0;15;0;0
gang;2;0;16;1;0;0;1;0;6
féminicides;0;0;2;4;0;0;1;17;3
excès;3;1;0;19;0;0;1;0;3
exclure;0;0;8;5;0;1;4;1;8
entité;0;0;25;1;0;0;0;0;0
emji_visage_confus;3;0;0;2;1;1;13;1;5
emji_mains_en_prière_peau_mate;8;0;0;3;0;2;0;0;2
emji_index_pointant_vers_le_haut;6;0;3;5;0;8;3;0;1
emji_coeur_bleu;22;0;0;0;0;0;0;1;0
détenir;0;0;3;12;1;0;10;0;0
détendre;1;0;3;0;0;7;3;0;13
dégrader;0;0;1;10;0;0;4;2;9
dégradation;0;0;14;6;0;1;1;1;3
dsl;2;0;0;3;1;3;3;7;8
douer;7;0;0;4;0;0;11;0;4
différemment;1;2;0;6;0;1;2;0;15
couler;1;1;1;9;1;6;1;0;6
cop;0;0;0;23;0;0;1;0;1
conclure;0;0;5;2;0;0;9;5;6
concevoir;1;2;2;7;0;0;1;2;12
composer;1;0;2;11;3;0;1;3;6
chatgpt;3;0;0;1;0;1;17;0;3
cercle;2;0;1;4;0;1;7;0;10
boucher;1;0;9;16;0;0;1;0;0
bloc;0;0;20;5;0;0;0;0;2
bitcoin;0;0;1;23;0;0;0;0;0
bille;22;0;0;3;0;1;1;0;0
bienne;9;0;0;11;0;1;3;0;1
authentique;17;0;1;2;0;1;2;1;3
and;1;0;7;3;0;11;3;0;0
allah;3;0;8;0;0;1;2;9;3
aliment;0;0;1;15;1;1;3;0;5
adolescent;6;0;2;1;0;0;7;2;9
adn;0;0;2;6;0;1;14;1;1
aborder;0;0;0;2;0;2;5;6;12
évidement;2;0;2;5;0;1;4;1;10
éventuellement;2;0;0;7;1;1;5;2;7
écolo;3;1;0;10;0;0;8;1;3
vital;2;0;2;18;1;0;2;0;1
vierge;1;0;0;1;0;1;5;5;2
vieillesse;16;0;1;1;1;0;1;1;5
venezuela;1;1;23;0;0;0;0;0;1
témoin;1;0;8;2;0;1;7;3;4
tram;0;0;0;19;0;0;2;1;3
ticket;4;0;0;17;0;1;1;0;1
tante;14;1;0;2;0;1;3;0;3
taf;0;0;0;5;0;12;2;1;6
tabac;0;0;0;19;0;0;2;0;4
succession;1;0;0;18;0;1;0;0;6
signature;2;0;5;3;0;0;1;0;15
secours;1;0;0;2;0;1;0;2;20
scooter;2;0;1;22;0;1;0;0;0
saut;21;0;0;1;0;0;0;0;1
salon;10;0;0;2;1;0;2;1;10
résistance;0;0;16;1;0;1;4;0;4
réprimer;0;0;24;1;0;0;0;0;1
rémunérer;0;0;1;20;0;0;1;2;2
réguler;0;0;1;9;3;0;2;2;9
rond;3;0;1;2;0;5;0;1;14
remboursement;0;0;1;23;0;0;0;0;0
rejeter;0;0;4;7;0;0;7;0;8
recréer;19;0;1;1;1;0;0;1;2
ras;1;0;5;4;1;1;13;0;1
préoccuper;0;0;6;7;1;1;7;1;3
pov;8;0;1;1;0;16;0;0;0
potentiellement;0;0;1;11;0;0;7;0;7
pleuvoir;12;0;0;7;0;0;1;1;3
pisser;1;2;0;9;0;13;0;0;0
piller;0;0;13;7;0;0;1;0;5
performance;3;0;0;12;0;0;2;2;7
pause;0;0;2;9;0;0;1;2;10
papy;14;0;1;5;0;1;2;3;0
organisateur;0;0;11;8;0;0;5;0;2
nati;9;0;0;3;0;1;0;9;2
mêler;2;0;3;1;0;1;8;1;10
mdrrrr;8;0;1;2;0;3;2;1;9
maths;2;0;0;5;0;0;6;2;9
marrer;8;1;0;0;0;1;3;0;12
majoritaire;0;0;1;4;0;0;14;5;2
louer;2;3;4;12;0;0;2;2;1
lobbys;0;0;3;21;0;0;0;0;1
liquide;10;0;0;15;0;1;0;0;0
kilomètre;2;0;2;7;0;0;3;0;11
jupe;13;1;0;2;0;1;1;2;6
jogging;7;0;0;2;0;0;0;1;13
interne;0;0;7;5;0;0;8;1;5
insulte;1;0;1;0;0;2;9;2;11
hurler;5;0;6;3;0;2;2;1;7
frs;1;0;0;21;0;0;0;0;1
franchise;3;0;0;20;0;0;0;1;0
fatigue;1;0;0;8;0;0;4;3;10
exemplaire;2;0;4;4;0;1;3;2;8
examen;0;0;1;7;1;1;13;0;3
escargot;17;0;0;3;0;0;4;0;0
emji_visage_anxieux_avec_goutte_de_sueur;3;0;0;4;2;1;1;3;12
emji_coeur_grandissant;18;0;0;1;0;0;0;0;1
emji_bouton_coché;1;0;5;11;0;1;2;1;0
emji_biceps_contracté_peau_claire;14;0;0;3;0;0;0;1;2
embaucher;1;0;0;21;0;1;2;0;1
détenu;0;0;20;3;0;0;2;0;0
dérèglement;0;0;0;15;0;0;5;0;6
délinquant;0;0;3;2;0;1;6;0;14
définitivement;2;0;3;2;0;13;2;1;3
dictateur;1;0;13;5;0;1;5;0;0
deuil;6;0;2;1;0;0;1;0;16
description;3;0;3;1;0;1;18;0;0
céder;2;0;3;15;2;1;3;0;0
cyril;24;0;0;0;0;2;0;0;0
crétin;25;0;0;0;0;0;0;0;1
constant;1;0;4;14;0;1;2;0;4
collaboration;1;0;10;10;0;0;2;2;1
citation;1;0;2;1;0;0;18;0;0
cheville;19;0;0;2;0;1;0;1;2
chanteur;18;0;0;0;1;0;1;1;0
chalet;7;0;0;17;0;1;0;0;1
carrie;25;0;0;0;0;0;0;0;1
carnivore;0;0;1;1;19;0;3;1;0
brutal;0;0;12;7;1;1;0;1;3
boomers;2;0;2;1;0;2;1;2;15
block;1;0;21;3;0;0;0;0;1
benetton;20;0;0;2;0;0;0;0;1
bannir;1;0;2;5;18;0;0;0;0
baiser;14;0;0;5;0;1;1;1;4
annuel;0;0;0;24;0;0;1;0;1
ampleur;0;0;3;13;0;0;1;1;8
alsace;17;1;0;4;0;1;1;0;1
aisé;1;0;0;19;0;0;2;0;3
agence;0;0;1;21;0;0;1;0;0
accumuler;0;0;0;24;0;0;1;0;1
accomplir;2;0;0;8;0;0;0;3;13
xd;2;15;0;2;0;0;3;1;2
vincent;16;0;0;1;0;1;0;0;1
veste;14;0;1;3;0;0;1;0;6
verbe;3;0;0;0;0;0;12;0;8
tunnel;0;0;22;1;0;0;0;0;0
tragédie;1;0;9;2;0;0;0;1;12
théâtre;0;0;2;5;0;1;9;3;5
thé;19;0;1;4;0;0;0;0;1
taxé;0;0;0;25;0;0;0;0;0
tache;0;1;6;1;0;0;0;13;0
solidaire;3;0;0;6;0;0;4;3;9
sexiste;1;0;0;0;0;1;12;4;7
salariales;0;0;0;19;0;0;0;4;2
réunion;3;0;4;12;0;0;2;0;2
répartition;0;0;1;10;0;0;0;13;1
répandre;1;2;6;5;1;0;4;4;1
ruine;0;0;4;15;0;1;1;0;4
roller;25;0;0;0;0;0;0;0;0
rigueur;2;0;1;3;0;0;13;0;5
restriction;0;0;1;14;0;0;3;0;5
restreindre;0;0;5;12;0;1;4;0;2
requin;1;0;0;13;1;0;8;0;0
rente;1;0;1;16;0;0;0;3;3
redonner;3;0;1;6;0;0;2;2;11
rage;0;0;7;2;0;3;5;0;7
pétrolier;0;0;0;23;0;0;2;0;0
puer;2;1;2;3;0;2;7;0;8
précarité;0;0;0;20;0;0;1;1;3
profession;0;0;0;8;0;0;5;3;7
probleme;0;0;1;10;0;2;1;0;10
pesticide;0;0;0;22;1;0;1;0;1
perturber;0;0;0;8;2;2;7;1;5
out;4;0;0;15;0;1;0;0;1
ouiiii;24;0;0;1;0;0;0;0;0
opprimé;0;0;22;0;0;1;0;0;1
opposition;0;1;9;2;0;0;7;1;2
objectivement;0;0;2;3;0;1;16;1;2
naturellement;2;0;0;6;1;1;1;5;9
méditer;14;0;2;0;0;1;2;2;4
montreux;10;0;0;11;0;0;3;0;1
misogyne;0;0;0;0;1;7;6;8;2
mine;10;0;3;3;0;5;2;0;2
marathon;4;0;0;0;1;0;0;14;3
malheur;0;0;4;1;0;2;2;1;15
lula;0;0;22;2;0;0;0;0;1
livrer;1;0;7;10;0;0;0;4;3
linge;2;12;0;2;0;1;2;2;4
limité;0;0;3;14;0;1;3;1;3
lentement;1;0;0;13;0;0;0;0;11
lavage;0;4;4;4;0;3;0;0;10
iran;3;1;21;0;0;0;0;0;0
interpréter;0;0;2;3;0;0;17;1;1
instaurer;1;0;5;10;0;0;1;0;7
inculte;1;0;2;2;0;0;18;0;2
hui;2;0;2;2;0;0;0;1;0
hey;2;0;0;4;0;1;15;0;2
gâter;4;0;2;3;0;7;0;0;8
fréquenter;1;0;0;14;0;0;0;0;9
flipper;4;0;1;0;0;10;2;1;7
feuille;3;0;2;9;0;0;4;0;7
faillite;1;0;0;24;0;0;0;0;0
exécuter;0;0;18;1;0;0;0;1;4
emji_visage_fatigué;4;0;1;1;2;10;1;1;2
emji_flocon;17;0;1;0;0;0;0;0;2
emji_coeur_avec_ruban;23;0;0;0;0;0;0;0;0
embêter;3;1;1;5;2;0;3;2;8
dégoûter;1;0;1;3;0;9;4;1;6
déconnecter;0;0;1;3;0;5;0;0;16
divin;3;0;1;1;0;1;4;1;13
david;9;0;9;2;0;0;2;1;1
cou;12;1;2;1;2;2;2;0;3
coran;1;0;1;2;0;0;15;5;1
comédien;14;0;0;0;0;1;2;1;6
compassion;1;0;3;3;2;0;6;2;8
cicr;0;0;13;6;0;0;1;0;5
chips;16;0;1;4;0;1;1;0;1
centrale;0;0;0;21;0;0;0;2;1
caractère;8;0;2;2;0;0;3;0;10
caillou;8;0;0;6;1;0;0;0;10
boycotter;0;0;4;19;0;0;1;0;1
boutique;5;0;0;20;0;0;0;0;0
boulanger;4;0;0;20;0;0;1;0;0
bonhomme;16;0;1;0;0;2;2;3;1
bla_bla;0;1;3;3;0;0;0;0;0
bein;2;0;0;4;0;5;2;1;11
bar;4;0;0;15;1;0;0;2;1
aîné;3;0;0;3;0;2;2;0;15
automatique;0;0;0;19;0;0;2;0;3
atrocité;2;0;12;1;0;0;4;0;6
assistant;1;0;0;5;0;1;0;17;1
asiatique;1;0;2;17;0;3;2;0;0
appart;1;1;2;12;0;1;1;0;7
antisémite;0;0;24;0;0;0;1;0;0
angoisse;2;0;0;4;7;1;1;0;10
albanais;5;0;17;0;0;0;0;0;1
ahhh;20;0;0;0;0;0;4;0;1
affreux;4;1;4;0;5;0;0;2;9
absurdité;0;0;5;10;0;0;4;2;3
étage;1;1;3;11;0;0;0;2;6
âne;1;1;0;2;2;1;5;0;9
you;8;0;5;0;0;1;3;0;4
xénophobie;0;0;1;4;0;7;10;1;1
vestimentaire;4;1;0;0;0;2;3;0;13
trésor;19;0;1;2;1;0;0;0;1
tronche;2;0;2;2;0;14;1;0;2
tri;0;0;0;19;1;0;1;0;2
tolérer;0;0;3;6;0;2;4;1;8
sélectionner;1;0;1;5;2;2;6;0;6
systémique;0;0;0;6;0;0;0;6;10
swisscom;0;0;0;22;0;0;0;0;0
subjectif;4;0;1;1;1;0;13;0;4
silencieux;2;0;6;5;0;0;1;2;7
signification;2;0;2;1;0;5;5;1;8
savoyard;7;0;0;12;0;0;0;0;2
sauveur;2;0;8;2;0;1;2;0;9
sapin;7;0;0;12;0;0;2;0;2
sanitaire;0;2;1;16;1;0;1;0;2
réf;19;0;0;0;0;2;2;0;1
représentation;2;0;1;10;0;0;2;2;7
rattraper;1;0;1;20;1;1;0;0;0
propagande;1;0;4;3;1;8;0;1;6
poussin;3;0;1;2;13;0;0;0;4
portugais;1;1;0;7;0;8;2;1;2
pompier;0;0;2;3;0;3;1;0;15
pls;0;0;2;3;2;1;1;0;1
pile;3;0;1;16;0;0;2;0;1
patriarcal;0;0;0;1;0;1;2;20;0
parmis;2;0;6;5;10;0;0;0;1
ouest;3;0;5;2;0;3;7;0;4
organe;0;0;12;2;0;0;4;3;2
oncle;19;1;0;0;0;1;3;0;0
natalité;0;0;1;15;0;0;1;0;5
médecine;2;0;1;9;0;0;5;0;7
musk;1;0;0;10;0;8;5;0;0
mesurer;2;0;0;11;0;0;4;3;4
lucidité;19;0;0;1;0;0;3;0;1
loisir;1;0;0;15;0;0;0;1;7
lointain;7;0;1;10;0;0;0;0;6
linguistique;3;0;0;4;0;0;11;1;3
jsuis;2;0;1;1;0;1;3;3;12
islamique;0;0;20;0;0;0;1;2;0
invasion;0;0;11;6;0;2;1;0;4
interpeller;1;0;1;1;0;1;2;6;12
insultant;2;0;2;1;0;5;13;0;0
instruction;1;0;0;4;0;0;4;0;15
innovation;1;0;0;16;0;0;0;0;4
imagination;0;0;1;0;0;3;16;0;4
humilier;0;0;5;2;0;2;2;2;10
home;15;0;1;3;0;0;0;0;5
gris;8;0;0;9;0;4;0;1;2
gentiment;1;0;1;6;0;2;2;0;12
gain;1;0;0;19;0;1;1;0;2
fun;3;0;4;3;0;10;0;2;2
francophone;1;0;0;2;0;2;17;0;0
fm;2;0;0;18;0;0;0;0;0
er;2;0;7;10;0;0;1;1;2
ems;2;0;0;4;0;0;0;15;1
emji_pouce_vers_le_bas;0;4;1;2;0;3;0;2;4
emji_ok_peau_moyennement_claire;4;1;0;2;0;2;13;0;0
emji_fleur_de_cerisier;19;0;0;0;0;0;0;1;1
emji_coeur_battant;16;0;0;0;0;0;0;0;0
ecole;6;0;1;0;0;0;1;2;13
dramatique;1;0;7;4;0;0;0;1;11
discret;10;0;0;6;1;1;4;0;2
culte;6;0;2;2;0;1;4;2;7
culotte;5;1;0;2;0;12;2;1;0
cqfd;0;0;7;12;0;0;4;0;1
conserver;6;1;1;12;0;1;1;0;2
confusion;1;0;4;2;0;2;12;0;3
complémentaire;1;0;1;11;0;2;7;1;1
cognitif;0;0;2;2;0;1;17;1;1
classement;0;0;0;21;0;0;1;1;1
choco;0;0;0;0;0;23;0;0;0
carbone;1;0;0;23;0;0;0;0;0
capitale;1;0;2;14;0;0;2;0;2
cambriolage;0;0;0;12;0;0;8;0;3
cahier;10;0;0;5;0;0;2;0;2
britannique;0;0;10;4;0;0;3;0;2
bandit;0;0;5;2;0;1;1;0;14
balader;4;0;1;3;1;0;1;1;13
attitude;2;0;5;6;0;2;0;0;9
appuyer;1;0;2;2;0;3;15;0;1
apercevoir;7;0;0;10;0;0;4;0;3
addiction;2;0;0;16;0;0;1;0;4
actionnaire;0;0;0;22;0;0;0;0;0
aboutir;1;0;2;7;1;0;11;0;2
votations;1;0;1;7;0;0;14;0;0
visibilité;0;0;3;11;0;0;2;0;7
victimisation;0;0;4;1;0;3;2;2;8
vegan;1;0;0;1;21;0;0;0;0
tupperware;3;2;0;17;0;1;0;0;0
tribune;0;0;1;2;0;8;7;0;3
tranche;3;0;1;4;1;1;4;1;7
traduction;1;0;1;3;0;0;16;0;1
tir;0;0;8;9;0;0;0;1;5
thème;1;0;1;1;0;2;16;0;0
taser;0;0;0;0;0;21;0;0;1
synonyme;1;0;2;5;0;1;13;0;0
surement;2;0;2;2;0;0;2;2;12
surconsommation;3;0;0;17;0;2;0;0;1
stériliser;3;1;0;3;11;1;0;0;3
station;1;0;0;20;0;0;2;0;0
secondaire;0;1;0;10;0;0;2;0;10
saccager;0;0;11;4;1;0;0;1;6
rivière;5;0;0;10;0;0;0;1;5
repos;3;0;0;13;0;0;1;1;5
refus;0;0;3;7;0;1;1;1;10
questionner;0;0;0;2;0;0;11;0;10
quart;2;0;0;15;0;1;1;0;3
préférence;9;0;0;7;0;0;7;0;0
propager;0;0;9;2;0;1;6;1;4
presser;4;0;0;10;0;3;0;1;4
polir;5;0;0;0;0;0;6;1;11
plafond;1;0;0;14;0;0;2;2;3
pfff;3;0;3;4;0;12;0;0;1
patois;11;1;0;1;0;2;3;0;3
passionner;11;0;1;1;1;0;2;2;4
partisan;0;0;5;1;0;0;13;1;3
partenaire;2;0;0;3;0;0;1;14;3
parier;2;0;4;9;0;1;2;2;3
multiplier;1;0;2;17;0;0;2;1;0
massivement;0;0;2;18;0;0;1;1;1
mars;1;0;2;10;0;4;0;1;3
lycée;4;0;0;1;0;1;0;0;6
lucide;5;0;0;7;1;0;2;1;7
like;9;0;0;0;0;9;2;0;3
lidl;3;0;0;20;0;0;0;0;0
librement;0;0;2;7;0;1;8;2;3
latin;0;2;2;7;0;8;1;0;3
judiciaire;0;0;16;3;0;0;2;0;2
is;2;0;5;4;0;9;1;0;2
interprétation;4;0;0;0;0;0;17;0;1
indignation;0;0;14;5;0;0;1;0;2
incompréhensible;1;0;3;7;0;0;2;4;6
illégalement;0;0;9;8;0;0;0;1;5
illustre;0;0;2;5;0;0;14;0;2
helvétique;5;0;1;14;0;1;1;0;1
gâté;3;0;0;4;0;0;1;0;13
glisser;3;1;1;5;0;9;1;1;2
gaspillage;3;0;0;18;0;0;0;0;1
fédération;1;0;10;4;0;2;1;2;1
frigo;7;1;0;11;0;1;0;0;2
fraude;0;0;2;19;0;0;1;0;0
flemme;1;0;0;5;0;2;13;1;1
flagrant;0;0;3;8;0;0;4;0;8
favela;0;0;5;1;0;1;5;0;9
exprès;1;0;2;2;0;2;14;0;2
ethnique;0;0;19;1;0;0;3;0;0
etats;0;0;16;4;0;0;1;0;2
emji_drapeau_états_unis;2;0;9;10;0;0;1;0;1
effrayant;7;0;0;0;0;2;1;1;12
décès;2;0;3;1;0;3;0;5;9
douteux;0;0;1;4;0;3;13;0;2
dominer;0;0;3;3;1;0;2;5;9
disney;15;0;0;2;1;1;3;1;0
discipline;4;0;0;1;0;0;2;1;13
dialogue;1;0;1;3;0;2;8;2;6
dessiner;6;0;1;2;0;2;4;0;8
côte;2;0;3;13;0;1;1;1;1
couture;10;0;0;2;0;0;3;1;6
contraint;0;0;0;8;0;0;3;4;8
continu;0;0;3;11;0;1;1;2;5
considération;0;0;1;1;0;0;4;3;12
connecter;10;0;2;2;0;0;9;0;0
communisme;1;0;1;10;0;1;7;0;1
claudette;23;0;0;0;0;0;0;0;0
claude;22;0;0;0;0;0;1;0;0
classer;1;0;1;3;1;1;4;0;8
bâle;2;0;0;19;0;0;0;0;0
blessure;3;0;6;1;0;0;1;6;6
ballon;3;0;0;1;0;1;0;5;10
avancé;2;0;1;4;0;0;11;2;3
apéro;3;0;0;11;0;6;0;0;2
approprié;0;0;7;2;1;1;4;1;7
alémanique;0;0;0;13;0;0;4;0;5
alpage;20;0;0;0;0;0;0;0;3
affronter;2;0;3;3;0;0;2;0;13
affiche;7;0;0;10;0;3;2;0;1
affamer;0;0;20;1;1;0;0;1;0
adhérer;2;0;4;3;0;1;4;0;9
activement;0;0;9;10;0;1;1;0;2
accompagnement;5;0;0;4;0;0;1;3;9
acceptable;0;0;3;6;0;1;13;0;0
a2;1;0;0;3;0;1;18;0;0
étiquette;0;0;0;14;0;1;5;0;2
élégant;18;0;0;0;0;0;2;0;2
wagon;1;0;0;19;0;0;0;0;1
vétérinaire;0;0;2;4;1;0;1;0;13
universel;4;0;7;4;0;0;3;3;1
traditionnel;1;0;4;1;0;0;4;4;7
totalité;0;0;4;11;0;0;6;1;0
torturer;3;0;19;0;0;0;0;0;0
timbre;4;2;0;12;0;0;1;0;1
thune;1;0;0;13;0;0;3;0;4
thermique;0;0;0;22;0;0;0;0;0
t_shirt;11;0;0;7;0;0;1;0;3
séance;3;0;0;3;0;0;0;1;13
sueur;3;2;3;7;0;1;0;1;5
subventionner;1;0;2;19;0;0;0;0;0
subvention;0;0;0;21;0;0;0;0;0
sublime;20;0;0;0;0;0;0;1;1
sommet;4;0;7;7;0;0;1;0;0
sexisme;0;0;1;0;0;2;6;11;2
serafe;1;0;2;12;1;0;4;0;2
savon;1;17;0;1;0;0;0;0;0
saluer;2;0;4;1;0;1;6;0;8
répétition;0;0;1;5;0;2;4;2;7
réparer;1;0;1;4;0;2;3;0;10
régner;2;0;3;2;0;0;0;4;11
récolter;0;0;5;10;0;0;2;0;5
riponne;1;0;0;14;0;0;3;0;4
restant;1;0;2;6;0;0;2;2;9
relativement;0;0;0;10;0;0;1;2;9
rebelle;4;0;7;0;1;0;2;1;6
rapprocher;0;0;0;5;2;0;12;1;2
proximité;2;0;1;15;0;0;1;0;3
pilule;1;0;2;5;0;0;3;5;6
piger;2;0;1;7;1;3;2;0;6
pdg;0;0;0;16;0;0;1;0;0
ombre;4;0;1;0;0;0;4;0;13
nigeria;0;0;21;1;0;0;0;0;0
natif;2;0;1;1;0;2;16;0;0
médiocre;0;0;1;3;0;0;15;0;3
motif;2;0;7;2;1;1;4;0;5
mixte;9;0;0;2;0;0;0;6;4
maquiller;5;0;1;2;0;2;0;0;12
lynx;1;0;0;0;16;0;0;0;1
limitation;0;0;2;18;0;0;0;0;1
language;5;0;2;1;0;1;11;0;1
journalistique;0;0;9;2;0;0;10;0;0
ironique;1;0;3;4;0;6;0;1;7
inoubliable;20;0;0;1;0;1;0;0;0
indécent;0;0;1;15;0;0;2;2;2
indien;3;0;1;9;1;1;2;1;0
immédiatement;1;0;6;10;0;1;3;0;1
immédiat;0;0;4;18;0;0;0;0;0
identique;1;0;0;5;0;1;6;2;7
humaniste;1;0;3;1;0;2;13;0;1
hommage;12;0;2;2;0;0;2;1;3
homicide;0;0;0;3;0;1;1;13;1
habitat;0;0;0;7;14;0;0;0;1
grands_parents;0;0;4;3;0;0;1;1;13
garantie;1;1;4;14;0;0;0;2;0
frisson;18;0;1;1;0;1;1;0;0
four;3;0;0;16;0;3;0;0;0
ford;22;0;0;0;0;0;0;0;0
fer;5;0;0;6;0;2;1;0;8
fantasme;0;0;1;3;0;1;1;8;7
erroné;0;0;2;1;0;0;13;3;3
emji_visage_étourdi;3;0;1;2;0;13;0;0;0
emji_visage_rouge_et_chaud;11;0;0;3;0;5;0;0;0
emji_ninja_peau_mate;0;0;21;0;0;0;0;0;0
emji_fondue;21;0;0;0;0;0;1;0;0
emji_feuille;16;0;4;0;0;0;1;0;0
eme;7;0;1;8;0;0;2;0;2
efficacité;1;0;2;14;0;1;1;0;3
détention;0;0;19;0;0;0;0;0;3
dessert;2;0;1;5;0;4;2;0;7
design;6;0;0;12;0;1;1;0;2
deal;1;0;5;15;0;0;0;0;1
dab;1;0;0;13;0;0;1;0;2
cuire;2;0;0;4;9;0;2;1;4
crédibilité;0;0;10;2;0;0;6;0;4
créatif;7;0;0;3;0;3;1;1;7
coûteux;0;0;0;18;0;0;0;0;4
constituer;0;0;10;5;1;0;3;2;1
consister;1;0;2;7;0;0;1;0;11
consacrer;1;0;2;4;0;0;8;5;2
conjugal;0;0;0;2;0;0;2;18;0
collier;7;0;1;0;1;3;0;1;9
chialer;1;0;1;5;0;2;0;1;11
chanceux;9;0;0;0;0;0;2;2;9
certitude;2;1;1;0;0;1;12;1;4
cautionner;0;0;14;2;0;0;2;2;0
bronzé;6;0;0;3;0;12;0;0;0
bonnet;9;0;0;2;0;2;0;1;8
bdg;0;0;0;0;0;0;0;4;0
batterie;1;0;2;14;0;0;0;0;0
barbe;6;0;4;0;4;5;0;0;2
babibouchettes;19;0;0;1;0;0;0;0;1
avérer;0;0;2;6;0;2;10;0;2
automatiquement;1;1;3;11;0;0;4;1;1
asf;0;0;1;1;0;1;2;16;0
arrestation;0;0;16;1;0;0;1;0;4
arnaque;0;0;2;10;0;1;9;0;0
argumenter;0;0;0;5;0;1;15;0;1
argumentation;1;0;3;2;0;0;6;2;8
architecte;0;0;0;10;0;0;0;0;10
apparence;1;0;0;0;0;0;9;0;12
annemasse;0;0;1;16;0;1;1;0;0
agriculteur;0;0;2;10;0;0;0;4;5
agressivité;1;1;2;0;0;0;1;3;14
agenda;1;0;1;3;0;4;12;0;1
admirable;7;0;1;1;0;0;0;12;0
émouvoir;16;0;0;0;0;0;0;0;5
échouer;1;0;3;0;0;2;8;1;5
yen;1;2;2;8;1;3;0;1;1
wikipedia;2;0;2;1;0;1;14;0;0
vrmt;7;0;0;4;0;2;0;2;5
vigile;0;0;0;17;0;0;0;0;1
veille;11;1;0;3;1;0;1;1;2
transpirer;9;1;0;0;1;0;1;1;8
tranquillement;4;1;1;6;0;0;2;1;6
trafiquer;4;0;5;1;0;0;4;1;5
tourisme;0;0;2;17;0;0;0;0;2
tete;0;0;1;1;0;17;0;0;0
tektonik;19;0;0;0;0;0;1;0;0
taxi;3;0;1;16;0;0;0;0;0
tabasser;0;0;1;0;0;0;0;8;11
sélection;1;0;0;5;0;0;5;2;8
socialement;0;0;0;8;0;0;2;6;5
simpliste;1;0;0;3;0;0;14;1;2
schéma;0;0;1;4;0;0;7;3;6
réparation;0;0;10;3;0;0;4;0;3
régresser;1;1;0;1;0;0;2;3;12
régal;19;0;0;0;0;0;2;0;0
rentable;0;0;0;21;0;0;0;0;0
renoncer;0;0;3;13;0;0;1;2;2
rendez_vous;0;0;0;5;0;0;1;2;12
reine;12;0;1;2;0;0;0;1;2
reculer;3;0;0;4;0;2;0;0;12
racial;0;0;5;0;0;1;11;1;3
pénible;3;0;1;6;0;1;3;0;7
protagoniste;14;0;0;1;0;0;0;0;5
projeter;4;0;0;2;0;0;6;3;6
producteur;1;0;0;16;0;0;1;2;0
pourrir;1;1;2;14;0;0;0;0;3
poupée;3;0;1;12;0;0;1;1;2
pognon;1;0;2;12;1;2;1;1;1
pipi;2;12;1;2;0;1;0;0;3
peser;1;0;1;11;0;0;2;0;6
patriote;1;0;0;1;0;1;13;1;4
patate;15;0;0;0;0;1;1;1;0
panne;0;0;1;19;0;0;0;0;1
palais;1;0;1;11;1;0;2;0;2
ouvrage;2;0;0;3;0;0;11;2;0
onde;2;0;0;12;0;1;1;1;3
nocif;0;0;0;14;2;0;0;0;3
noble;1;2;1;0;0;0;2;4;9
naturaliser;1;0;0;0;0;1;17;0;2
narratif;0;0;9;3;0;2;3;1;3
musical;13;0;0;2;0;1;2;0;3
mobilité;0;0;0;19;0;0;1;0;0
mnt;3;0;1;11;0;2;0;0;3
locataire;0;2;1;16;0;0;0;0;0
licencier;1;0;0;19;0;0;0;0;0
juriste;0;0;0;0;0;0;15;0;3
john;14;0;0;3;0;0;2;0;1
jo;7;0;0;1;0;0;0;2;9
it;2;0;7;3;0;2;1;4;2
irlande;2;0;0;16;0;0;0;0;1
informatique;3;0;0;16;0;0;2;0;0
inacceptable;0;0;9;5;0;2;1;1;3
hpi;2;0;0;0;0;0;2;1;11
haineux;0;0;3;3;0;2;12;0;1
gênant;5;0;0;2;0;0;11;0;3
géant;1;0;1;19;0;0;0;0;0
gta;13;0;1;3;0;0;1;0;1
globalement;1;0;2;3;0;1;0;4;10
gardien;3;0;5;2;7;0;0;0;2
fumigène;0;0;0;0;0;20;0;0;0
for;7;0;10;2;0;0;0;0;2
fondre;14;0;1;6;0;0;0;0;0
foncer;2;0;2;12;0;3;0;0;2
fascinant;2;0;0;0;0;3;10;1;4
explosion;2;0;4;12;0;0;1;1;1
exorbitant;1;0;0;20;0;0;0;0;0
envisager;0;0;1;12;0;1;3;2;2
ennui;2;0;1;6;0;0;0;0;10
emji_femme_qui_hausse_les_épaules_peau_moyennement_claire;0;1;2;6;0;1;3;0;8
emji_biceps_contracté_peau_moyennement_claire;11;0;1;1;0;1;1;0;3
déclencher;0;0;13;1;0;0;4;0;2
débarrasser;1;0;4;6;1;0;2;0;7
distribution;1;0;1;16;0;1;0;1;0
diffamation;0;0;2;1;0;1;16;0;0
destiner;0;0;2;8;1;0;6;2;2
cultivé;2;0;1;3;0;0;11;0;4
crâne;1;0;0;5;0;4;4;0;6
crainte;0;0;0;6;1;0;3;5;5
contrainte;0;0;2;6;0;0;2;3;8
congolais;1;0;13;5;0;0;0;0;2
confronter;0;0;4;3;0;0;3;0;11
compréhensible;1;0;1;6;0;0;4;0;9
comm;0;0;0;5;0;3;2;8;3
combinaison;15;1;0;1;0;0;0;2;2
colonie;7;0;8;2;1;1;0;0;2
collaborer;1;0;11;5;0;0;1;1;2
coca;0;0;1;18;0;0;1;0;1
clown;0;0;2;0;5;1;6;0;7
chimique;0;1;1;18;0;0;1;0;0
chaux;7;0;0;13;0;0;0;0;1
cellule;0;0;4;4;0;1;1;0;9
cassette;17;0;0;2;0;0;0;0;1
carré;2;0;3;12;2;0;1;0;1
briller;8;0;2;0;0;1;5;0;5
bourrer;5;0;0;3;1;2;3;0;7
bisounours;3;1;2;3;0;0;1;0;11
big;4;0;0;16;0;0;0;0;1
b1;0;0;0;0;0;2;19;0;0
assureur;0;0;0;19;0;0;1;0;0
artisan;1;0;0;14;0;0;1;1;3
appellation;2;0;4;0;0;13;1;0;1
anonyme;0;0;2;1;0;9;4;0;5
angleterre;1;1;2;16;0;0;0;0;1
analyser;0;0;0;3;1;1;9;0;7
amélioration;1;0;1;10;0;0;3;1;5
aldi;2;0;0;18;0;0;0;0;0
afghan;0;0;7;2;0;0;3;3;5
adresser;1;0;0;0;0;2;3;3;12
aberration;1;1;0;13;0;1;2;1;2
2x;0;0;0;13;0;0;1;2;5
2h;2;0;1;11;0;1;1;1;3
2cv;1;0;0;17;0;0;1;0;2
24h;1;0;8;11;0;0;0;0;0
égard;0;0;2;4;0;0;7;0;7
éducatif;0;0;1;7;0;0;2;2;8
éclairer;0;0;1;3;0;0;16;0;0
yémen;1;0;19;0;0;0;0;0;0
yverdon;16;0;0;2;0;0;0;0;2
végétal;0;0;0;13;0;0;4;0;1
vulgaire;3;0;1;0;3;0;1;9;3
virus;0;1;0;10;0;0;3;0;5
violeur;0;0;8;0;0;0;0;2;8
valider;3;0;1;4;0;1;5;2;3
vaisselle;6;0;0;1;0;0;0;12;0
uefa;0;0;1;18;0;0;0;0;0
transmission;2;0;0;7;1;0;3;0;7
traduire;2;0;1;0;1;2;8;1;5
terriblement;5;1;0;9;0;0;2;0;3
tableau;6;0;2;4;0;0;2;0;5
suicider;0;0;1;1;0;3;1;5;9
structurel;0;0;0;8;0;0;2;7;2
stratégique;0;0;1;15;0;0;1;1;2
stage;4;0;1;3;0;0;0;0;10
spectateur;1;0;2;10;0;0;1;1;4
souris;2;0;1;11;3;0;1;0;1
sorcier;4;0;3;3;0;0;1;0;7
slide;1;0;1;1;1;0;12;1;1
singe;0;0;2;0;0;0;4;9;2
scénario;1;0;1;2;0;1;9;0;6
salutation;14;0;2;1;0;0;3;0;0
récit;3;0;0;3;0;0;5;4;5
royaume;2;0;6;8;0;4;0;0;0
rome;2;0;2;10;0;0;1;0;4
rock;10;0;2;3;0;0;0;0;4
restauration;0;0;0;18;0;0;2;0;0
punk;0;0;0;3;1;0;1;0;14
punition;0;0;2;2;0;1;1;0;14
prédire;0;0;1;1;0;2;6;0;0
productif;0;0;0;12;0;1;3;0;4
plonger;4;0;2;5;0;3;4;1;1
piéger;0;0;0;3;0;14;3;0;0
permanence;0;0;0;6;1;1;5;0;7
paysage;8;0;0;9;0;1;2;0;0
patience;3;0;1;1;0;1;9;0;5
passionnant;11;0;1;2;0;0;4;1;1
ouiii;17;0;0;2;0;0;1;0;0
oubli;1;0;9;3;0;1;2;0;4
otan;0;0;11;3;0;1;2;0;3
original;9;0;0;1;0;8;1;0;1
océanie;0;0;0;19;0;0;0;0;0
obsession;0;0;2;10;0;0;3;1;4
nécessiter;2;0;3;10;0;0;2;0;2
naïveté;7;0;2;7;0;0;2;0;2
méchanceté;0;0;2;1;0;1;1;6;9
mâle;0;0;0;0;2;1;1;12;4
moustique;8;0;0;9;0;0;1;0;2
moule;1;0;0;8;0;0;0;6;4
miroir;5;1;0;0;0;0;0;13;1
minoritaire;0;0;4;3;0;0;5;1;6
mexique;5;0;0;1;0;0;7;0;2
menu;11;0;0;4;0;1;0;0;3
matelas;1;0;0;5;0;2;3;0;7
légendaire;18;0;0;0;0;0;1;0;1
là_dessus;2;0;2;3;0;2;10;0;1
live;3;0;0;3;0;1;2;2;8
lingot;0;0;1;15;0;2;1;0;1
lavabo;6;11;0;0;0;0;0;0;1
lacune;1;0;0;7;0;0;7;0;5
intimité;0;2;0;1;0;2;2;1;12
insister;0;1;2;3;1;1;7;2;3
inciter;0;0;1;9;0;1;2;3;3
importation;0;0;1;18;0;0;1;0;0
harceler;1;0;0;1;1;2;2;1;12
handicap;1;1;0;5;0;0;2;2;8
guide;0;1;1;6;0;0;5;1;5
gille;1;0;0;0;0;1;1;0;0
gaffe;1;0;0;3;13;0;2;0;1
freiner;0;0;1;13;0;0;0;1;4
fixe;0;0;0;19;0;0;0;0;1
fermeture;1;0;0;16;0;1;0;0;2
espérance;0;0;0;1;2;0;0;7;10
enceinte;2;1;1;5;0;1;1;3;5
emji_étoile;8;0;1;1;0;0;0;0;1
emji_visage_légèrement_mécontent;3;0;1;2;0;1;0;0;8
emji_coeur_avec_bandages;11;0;4;1;0;0;1;0;2
elon;0;0;1;11;0;0;8;0;0
désastre;0;1;2;8;0;0;1;1;7
désagréable;0;1;0;4;0;7;4;0;3
définitif;0;0;10;6;0;1;0;0;2
déconner;10;0;0;4;2;4;0;0;0
doucement;1;0;1;1;0;0;3;3;10
dignement;0;0;2;15;0;0;0;1;0
dalle;0;4;1;9;1;1;2;1;1
céréale;1;0;1;3;9;1;0;1;3
cruel;2;0;1;4;0;1;1;0;11
cotiser;0;0;0;20;0;0;0;0;0
contradiction;0;0;3;4;0;1;12;0;0
consentement;0;0;4;1;0;0;1;8;6
communiquer;1;0;0;1;0;0;10;3;5
collectivité;1;0;1;13;0;0;0;0;5
coco;3;1;0;1;0;12;1;0;2
coach;3;0;0;1;0;1;1;7;7
chômeur;2;0;0;14;0;1;1;0;0
christian;11;0;3;3;0;0;3;0;0
chercheur;0;0;2;4;0;0;10;0;3
carence;0;0;0;4;8;0;4;0;2
burlington;20;0;0;0;0;0;0;0;0
bug;0;0;0;15;1;0;1;0;0
btc;0;0;0;16;0;0;0;0;1
brun;15;0;0;0;0;3;0;0;0
bilan;0;0;2;16;0;0;0;1;0
biaisé;0;0;1;3;0;0;16;0;0
bern;0;0;1;19;0;0;0;0;0
barrer;0;0;1;17;0;1;0;0;0
banane;1;0;0;5;0;13;0;0;1
balayer;1;0;3;0;0;1;6;0;7
bagnole;1;0;0;14;0;0;0;0;3
aventure;10;0;0;5;0;1;0;0;4
avaler;2;0;1;3;1;1;11;0;1
autoritaire;0;0;7;1;0;0;7;1;4
aujourd;1;0;1;2;0;0;0;0;0
attiser;0;0;17;1;0;0;0;0;2
attacher;2;0;2;5;1;1;0;0;8
arbitraire;0;0;11;2;0;0;2;2;2
activiste;0;0;9;0;0;0;2;0;7
1ère;5;0;1;8;0;1;1;1;3
électoral;0;0;2;15;0;0;1;0;0
égo;1;0;1;1;0;2;3;7;4
ème;1;0;0;4;0;0;11;0;1
tunisien;1;0;2;0;0;14;0;0;0
trauma;1;0;0;1;0;0;0;2;15
transition;1;0;0;14;0;0;0;0;3
transaction;0;0;1;18;0;0;0;0;0
trans;0;0;0;0;0;1;3;9;3
trahir;0;0;4;5;0;1;4;0;5
sécuriser;1;0;1;14;0;0;0;0;3
symbolique;0;0;1;10;0;0;0;2;6
swiss;3;0;1;13;0;0;0;0;0
suède;1;0;1;14;0;0;0;0;3
suggérer;0;0;0;0;1;3;9;0;6
stérilisation;6;0;0;1;0;0;0;1;11
spécialiser;1;0;0;7;1;0;2;0;7
spontané;5;0;1;2;0;0;4;0;6
souverain;1;0;7;5;0;1;0;1;4
smartphones;1;1;0;6;1;0;2;0;8
slip;5;1;0;0;0;10;2;1;0
seum;1;0;0;2;1;1;11;1;1
seuil;0;0;0;18;0;0;1;0;0
serieux;0;0;2;2;6;3;2;1;3
sel;0;0;0;12;1;1;0;0;3
schnek;18;0;0;0;0;0;0;0;0
sable;3;0;1;8;0;0;7;0;0
révolu;9;0;1;1;0;2;0;0;6
résolution;2;0;13;0;0;0;0;1;1
réforme;0;0;0;12;0;1;3;0;3
réflexe;0;0;0;3;0;0;11;0;4
rn;1;0;4;2;0;12;0;0;0
revendication;2;0;7;0;0;0;0;1;9
restaurateur;3;0;1;14;1;0;0;0;0
rdv;1;0;0;6;0;1;0;0;9
présentateur;15;0;0;0;0;0;2;0;1
protéine;0;0;0;9;2;0;6;0;2
propreté;0;3;0;3;0;0;7;0;5
progresser;0;0;1;5;0;0;2;2;8
procurer;5;0;0;5;1;1;0;0;7
prestation;0;0;0;17;0;0;0;0;2
postal;2;0;1;12;1;1;1;0;1
possession;0;1;1;1;1;0;2;1;12
pharmacie;2;1;0;15;0;1;0;0;0
passionné;10;0;0;3;0;0;4;0;2
passif;0;0;2;9;0;0;3;0;5
participant;0;0;6;9;0;1;0;0;2
ouvertement;0;0;6;0;0;3;5;3;2
ouchy;14;0;0;1;0;0;0;0;3
ordonner;0;0;9;1;0;0;0;3;6
oooh;10;0;2;3;0;0;0;1;3
oms;0;0;3;11;0;1;1;0;0
ofs;0;0;0;7;0;0;9;0;2
netanyahou;0;0;17;0;0;0;1;0;0
médaille;6;0;1;3;0;1;1;0;7
mordre;2;0;5;2;0;0;2;1;7
monopole;0;0;1;6;0;0;8;0;4
modification;3;0;0;7;0;0;8;0;1
miss;13;0;0;1;0;0;0;1;4
lambda;0;0;1;6;0;1;2;8;1
jeûne;2;0;0;0;0;4;3;0;9
introduire;0;0;1;9;0;0;2;0;7
inspiration;12;0;0;1;0;2;3;0;1
inexistant;0;0;3;11;0;0;2;2;1
inaction;0;0;9;4;0;0;1;0;4
immonde;0;0;9;4;0;0;1;1;3
gâcher;1;0;1;2;0;0;3;2;10
guérir;0;0;2;1;0;0;4;0;12
guitare;9;1;1;5;0;0;0;1;2
grippe;0;1;0;12;0;0;0;1;4
gonfler;0;0;1;7;0;0;0;2;9
gay;0;0;2;0;0;0;0;15;0
frérot;4;0;0;3;0;0;0;0;0
fast;2;0;0;14;0;0;1;0;2
faiblesse;0;0;1;6;0;1;1;5;5
expulser;0;0;9;5;0;0;2;0;2
exigeant;9;0;0;3;0;1;3;0;2
enregistrer;6;0;1;6;0;1;0;2;3
enfaite;1;0;3;7;0;0;0;1;7
empreinte;3;0;0;13;0;0;2;0;1
emji_soleil_avec_visage;16;0;0;0;0;0;0;0;1
emji_femme_avec_la_paume_sur_le_visage_peau_claire;2;0;2;6;1;6;1;1;0
emji_couronne;15;0;0;2;0;0;0;0;1
emji_applaudissements_peau_légèrement_mate;1;0;0;1;0;0;0;6;2
déverser;1;0;1;3;1;0;4;4;5
dériver;1;0;4;5;1;0;1;2;5
déplorable;1;0;2;7;0;0;3;1;3
dépendance;1;0;0;8;2;0;2;3;3
démonstration;2;1;0;6;0;2;3;0;5
dédier;3;0;4;10;0;0;1;1;0
débloquer;11;0;1;6;0;0;0;0;1
doubler;1;0;1;10;0;0;4;0;2
dimension;0;0;4;2;0;0;0;7;5
descendant;2;0;12;2;0;1;0;0;2
cuisse;10;0;0;1;0;5;0;1;2
cruellement;1;0;0;1;1;0;1;0;15
conséquent;0;0;2;11;0;1;3;0;2
conférence;0;0;2;6;0;0;8;0;2
condescendant;1;0;1;0;0;0;15;1;1
concentration;1;0;2;14;1;0;1;0;0
comique;1;0;1;1;0;7;5;0;3
collaborateur;0;0;2;16;0;0;1;0;0
cm2;6;0;0;0;0;0;0;0;1
circonstance;4;0;0;1;0;1;11;1;1
château;10;0;0;4;0;0;4;0;0
chaton;1;0;0;2;1;0;7;0;8
charité;1;0;0;5;0;0;9;0;4
championnat;1;0;0;11;0;0;1;2;4
cendre;1;0;1;7;0;0;0;0;9
cauchemar;2;0;1;1;1;3;4;0;6
cagoule;1;0;9;1;0;1;1;1;4
bretagne;2;0;0;15;0;0;1;0;1
bourse;0;0;0;18;0;0;0;0;0
bonbon;9;1;0;4;0;5;0;0;0
auprès_des;0;0;4;4;1;0;1;0;9
arracher;2;0;3;0;0;0;1;1;11
armement;0;0;13;5;0;0;0;0;1
apparement;1;0;2;3;0;1;10;0;2
annuler;0;1;4;14;0;0;0;0;0
amnesty;0;0;13;1;0;0;3;1;0
affect;0;0;0;3;0;0;14;0;2
adaptation;0;0;0;15;0;0;4;0;0
accélérer;1;0;1;16;0;0;0;0;0
abordable;0;0;0;18;0;0;0;0;1
abandon;3;0;0;3;1;0;5;0;6
3h;1;0;1;6;0;0;3;0;7
étendre;1;1;3;5;0;0;0;4;3
ému;17;0;0;1;0;0;0;0;0
whatsapp;0;0;3;2;0;8;2;0;3
vénézuélien;0;0;12;3;0;0;2;0;1
vider;1;0;4;12;0;0;0;0;1
vice;0;0;3;1;0;0;0;3;11
ventre;2;0;0;0;2;1;1;2;10
vd;3;0;1;14;0;0;0;0;0
valise;0;0;0;12;2;1;0;1;1
trompeur;0;0;0;6;0;0;7;0;1
tournée;7;0;2;0;0;0;7;0;2
thérèse;18;0;0;0;0;0;0;0;0
tesla;0;0;0;15;0;0;0;0;1
sushis;18;0;0;0;0;0;0;0;0
stable;0;0;2;10;0;0;1;4;1
souhait;5;0;1;3;0;0;1;0;8
souffle;3;0;0;5;0;0;3;0;7
singapour;1;0;6;7;0;0;1;0;2
sexualité;2;0;0;0;0;0;5;3;8
réveil;2;1;0;6;0;1;0;0;7
régional;0;0;1;4;0;0;1;0;1
réciter;9;0;1;0;1;0;0;0;5
ruiner;0;0;0;11;1;0;0;1;4
respectable;1;0;3;0;0;0;0;4;10
repousser;1;0;2;10;0;2;0;0;3
relâcher;0;1;8;3;1;0;2;0;3
relativiser;2;0;1;1;0;0;4;0;10
rejet;0;0;4;3;0;0;0;1;10
redescendre;3;0;0;3;0;4;1;0;7
red;1;0;0;2;1;1;5;7;1
reconstruire;1;0;10;2;0;1;2;1;1
rassurant;6;0;0;5;0;0;0;0;7
raisonner;1;0;1;1;0;3;0;0;12
quotidiennement;0;1;6;2;1;2;4;0;2
pétition;0;0;3;13;1;0;0;0;1
pépé;16;0;0;0;0;1;0;0;1
pâte;4;0;0;7;2;1;1;1;2
pyjama;2;0;0;3;0;0;0;0;12
ptit;3;0;2;0;1;3;0;0;9
préjugé;0;0;0;1;1;2;9;0;4
proportionnellement;0;0;0;16;0;0;0;0;2
pourvoir;6;0;2;7;0;0;0;1;2
port;1;0;0;10;0;0;1;1;5
pompe;0;1;1;9;0;1;0;0;6
pme;0;0;1;15;0;0;1;0;0
plutot;1;0;3;6;0;0;3;1;4
plateformes;1;0;0;6;0;0;3;5;2
plaisanter;1;1;2;2;0;0;7;2;2
pillage;0;0;3;13;0;0;1;0;0
pharma;0;0;0;17;0;0;0;0;1
pffff;0;0;1;4;0;8;1;0;4
pervers;0;0;0;2;0;0;0;3;13
perle;17;0;1;0;0;0;0;0;0
performant;1;0;1;8;0;0;2;1;5
pencher;2;0;0;0;0;0;7;1;8
parvenir;0;0;1;7;0;0;4;1;5
ong;0;0;5;8;0;0;4;0;1
omettre;0;0;1;7;0;1;7;1;1
olala;3;0;1;1;0;1;3;1;8
océan;1;0;0;11;0;1;2;0;3
nuire;1;0;5;3;0;0;1;0;8
napoléon;3;0;0;1;0;0;0;4;0
nana;1;0;0;0;0;13;1;1;1
métal;6;0;0;10;0;0;0;0;1
multi;0;0;0;12;0;0;4;1;1
mouche;1;0;0;1;4;1;9;0;1
meuble;0;2;0;12;0;0;1;0;2
marelle;16;0;0;1;0;0;0;0;1
légèrement;2;1;0;5;0;0;7;1;1
lingette;0;17;0;0;0;0;0;0;0
licenciement;0;0;0;13;0;0;2;0;3
lfi;2;0;9;2;1;1;2;0;0
lausannois;2;0;0;5;0;2;4;0;4
laine;13;0;0;3;0;0;2;0;0
lacrymo;0;0;15;0;0;0;0;0;2
k;6;0;0;2;0;0;9;0;0
juin;6;0;4;7;0;0;0;1;0
jeudi;2;0;2;7;0;2;1;0;4
invité;9;0;1;2;0;0;0;1;5
instruire;1;0;2;2;0;1;6;1;5
insecte;0;0;0;18;0;0;0;0;0
initial;0;0;1;6;0;1;9;0;1
inférieur;0;0;2;7;0;1;2;3;3
imposition;0;0;0;17;0;0;0;0;0
imaginaire;1;0;0;3;0;0;4;1;9
ignoble;0;0;5;2;0;6;0;1;4
idf;1;0;12;0;0;1;1;0;1
icône;12;0;0;0;0;0;5;0;0
halluciner;3;0;0;1;0;12;1;0;1
hahah;17;0;0;0;0;0;0;0;0
habituel;1;0;2;5;1;0;4;0;4
h24;1;0;2;3;0;0;1;2;8
géopolitique;0;0;3;3;0;0;8;1;3
généraliste;3;0;0;12;0;0;1;0;1
génocidaire;0;0;18;0;0;0;0;0;0
grossesse;0;0;0;2;0;0;1;11;4
gratter;2;2;0;7;1;0;2;0;4
gent;0;2;1;5;0;0;1;7;1
geler;13;0;0;3;0;0;0;0;1
gazer;0;0;10;1;3;1;0;0;3
férié;3;0;1;3;0;1;0;0;8
fée;8;0;0;4;1;1;3;0;0
fracasser;0;0;6;4;1;0;1;2;4
filtre;0;1;0;6;1;0;5;0;4
faillir;4;0;1;3;0;5;2;0;2
express;0;0;1;17;0;0;0;0;0
esthétique;0;0;0;5;0;0;0;0;13
errant;1;0;0;0;14;1;0;0;2
entraîneur;1;0;0;9;0;0;0;2;6
emji_visage_effrayé;2;0;0;2;0;8;2;0;0
emji_visage_avec_yeux_ouverts_et_main_sur_la_bouche;3;0;1;8;0;6;0;0;0
emji_mains_qui_forment_un_coeur_peau_légèrement_mate;11;0;1;1;0;0;1;0;0
emji_index_pointant_vers_l_utilisateur;3;0;3;5;0;2;0;5;0
emji_coeur_bleu_clair;14;0;0;0;0;0;0;0;0
dîner;7;0;0;2;1;7;0;0;0
dérive;0;0;1;2;0;0;8;1;6
démonter;2;1;2;5;0;0;4;1;2
dégoûtant;1;8;1;3;0;0;2;1;2
défenseur;1;0;8;3;0;1;4;0;1
découler;0;0;3;3;0;0;3;1;8
déclin;1;0;1;13;0;0;2;0;0
drh;0;0;0;16;0;0;1;0;0
donneur;3;0;2;9;1;2;1;0;0
docteur;10;0;1;1;0;0;3;0;2
distinction;1;0;5;1;0;2;4;4;1
dissociation;2;0;0;0;4;0;1;11;0
dissimuler;0;0;7;3;1;2;4;0;0
desservir;0;0;2;13;0;0;1;1;1
denner;2;0;0;14;0;0;0;0;0
culpabilité;1;1;2;0;0;0;4;5;4
coudre;7;0;0;5;0;0;0;6;0
coucou;0;0;4;2;0;7;4;0;1
convertir;1;0;3;7;0;0;3;0;4
continuation;7;0;1;0;0;2;8;0;0
composition;4;0;0;7;1;1;4;0;1
collant;3;0;9;2;0;0;2;0;2
civilisation;0;0;1;3;0;0;7;0;6
cible;0;0;3;7;0;1;3;1;3
chemise;10;0;0;2;0;1;0;0;5
cdm;0;0;0;16;0;0;0;0;0
cave;2;0;1;2;0;2;7;1;2
cassé;0;0;2;14;0;0;0;0;1
cardinal;17;0;0;0;0;0;0;0;0
c2;0;0;0;0;0;0;17;0;0
bruyant;1;0;0;6;0;0;6;4;1
bronzer;2;0;0;3;0;8;1;1;1
branche;1;0;4;11;0;1;1;0;0
blaireau;1;0;0;3;7;0;5;0;2
benjamin;1;0;15;0;0;1;0;0;0
baigner;2;0;2;5;0;0;0;0;9
audience;0;0;2;8;0;0;4;0;4
argumentaire;1;0;0;4;0;1;9;2;1
annees;9;0;0;1;0;1;1;0;4
alcoolique;1;0;0;2;0;4;0;0;11
ajd;2;0;0;4;0;1;4;5;2
ahh;10;0;0;2;0;0;3;0;3
ahahah;10;0;0;1;0;1;1;0;5
abusif;0;0;2;9;0;0;1;0;6
abolir;0;0;2;9;0;1;1;0;5
abeille;3;0;0;4;9;0;1;0;0
2e;1;0;3;11;0;1;1;0;1
étrangement;1;0;1;2;0;0;2;0;11
étatique;0;0;6;8;0;0;0;1;2
éponge;15;0;1;1;0;0;0;0;0
épanouir;4;0;0;0;0;1;0;6;6
échanger;5;0;1;1;0;1;2;0;7
yodel;5;0;1;0;0;1;2;0;7
wtf;2;0;1;2;0;11;0;0;0
végétarien;0;0;0;5;10;1;0;0;1
vilain;3;0;2;2;0;2;1;3;2
vielle;4;0;1;1;0;1;2;2;6
variable;0;0;12;4;0;0;0;0;1
urgent;1;0;3;9;0;0;2;0;2
tissu;2;1;1;11;0;0;0;0;2
tiroir;0;12;2;1;0;1;1;0;0
tapis;1;0;2;8;0;0;6;0;0
suspendre;0;0;3;11;0;0;0;0;2
stabilité;0;0;0;15;0;0;0;1;1
sous_entendre;1;0;6;3;0;0;1;6;0
soi_disant;0;0;7;0;0;0;9;0;1
satellite;0;0;1;12;0;0;2;0;1
salir;0;0;6;1;1;2;0;0;7
révolutionnaire;5;0;0;3;1;0;0;0;8
républicain;0;0;11;2;0;2;1;0;0
rompre;0;0;13;1;0;0;2;0;1
rive;4;0;0;10;0;0;1;0;0
rendement;0;0;0;15;0;0;0;0;0
remplacement;2;1;0;12;0;0;1;0;1
remarque;2;0;1;1;3;1;1;0;8
relatif;1;0;2;11;0;0;0;0;3
redire;1;0;0;1;0;1;12;1;1
recrue;1;0;1;2;0;0;3;1;9
rassembler;7;0;1;5;0;1;1;1;1
raisonnable;1;0;3;11;0;0;0;0;2
rageux;1;0;0;2;0;0;5;1;6
présentation;8;0;0;3;0;0;2;1;3
portrait;6;0;2;1;0;1;1;2;4
portant;1;0;7;2;0;0;3;3;1
plume;3;0;1;0;0;0;10;0;2
plait;3;0;2;3;0;0;4;1;3
pic;1;0;1;14;0;0;1;0;0
pib;0;0;1;15;0;0;0;0;1
philippe;12;0;1;0;0;0;2;0;1
permanent;0;0;0;5;0;1;0;0;11
perception;0;0;0;1;0;1;6;2;6
peace;4;0;3;1;0;4;0;0;0
participation;0;0;5;3;0;0;3;4;2
parasite;1;0;1;9;0;0;0;0;6
pacifiste;0;0;14;0;0;0;1;0;2
outrance;0;0;0;8;0;0;1;1;7
originaire;2;0;10;3;0;0;1;0;1
orientation;1;0;0;2;0;1;2;5;6
opérer;0;0;2;1;0;1;2;0;10
ohhh;16;0;0;1;0;0;0;0;0
ohh;10;0;1;1;0;1;0;1;3
objectivité;0;0;1;2;0;1;11;0;2
neuch;13;0;0;2;0;1;1;0;0
nerveux;1;3;0;0;0;2;3;1;7
naturalisation;0;0;0;2;0;0;15;0;0
motivation;3;0;2;5;0;0;2;0;5
modestie;15;0;0;1;0;0;0;0;1
men;4;0;9;0;0;0;1;0;0
mascarade;1;0;3;6;0;0;0;0;7
maduro;2;0;14;0;0;0;0;0;0
lumineux;9;0;0;1;0;1;2;0;4
ligue;1;0;2;11;0;0;2;0;1
lara;13;0;0;1;0;0;1;0;1
kebab;5;0;0;0;1;8;1;0;1
jurassien;1;0;0;7;0;0;7;0;1
judée;0;0;14;0;0;0;0;0;0
isoler;0;0;2;8;1;1;3;1;1
instit;1;0;0;1;0;4;1;0;10
innocence;5;0;0;0;0;0;8;0;4
infliger;0;0;10;1;0;0;0;3;3
infiniment;7;0;1;2;1;0;6;0;0
infiltrer;0;0;6;1;0;0;3;2;4
indigne;0;0;3;2;0;2;5;1;4
inclusif;0;0;0;1;0;2;1;0;1
incendie;1;0;4;5;0;2;1;0;4
honnêteté;2;0;0;2;0;0;6;0;7
hollywood;1;0;3;0;0;0;7;1;4
herbe;2;0;0;3;0;2;0;1;9
harry;2;0;0;13;0;0;2;0;0
hahahaha;3;0;2;3;0;0;1;0;2
grimper;0;0;0;13;0;0;2;0;2
gpt;0;0;0;5;0;8;4;0;0
gaver;0;0;0;9;1;0;0;0;7
garde;1;0;1;7;0;1;1;1;4
frustrer;1;0;1;0;0;0;3;9;2
fondement;0;0;0;2;0;0;8;1;6
fabrication;0;0;0;13;0;0;1;0;2
exposition;3;0;0;7;0;1;4;0;2
entraînement;2;0;2;4;0;0;1;2;5
empirer;1;0;1;1;0;0;2;0;12
emji_trinquer;13;0;0;0;0;0;2;0;0
emji_père_noël;15;0;0;0;0;0;0;0;0
emji_poignée_de_main;2;1;1;2;0;1;0;0;1
emji_mains_levées_peau_moyennement_claire;13;0;0;0;0;0;1;1;1
emji_globe_tourné_sur_l_afrique_et_l_europe;2;1;5;0;0;0;1;0;7
emji_biceps_contracté_peau_légèrement_mate;6;0;2;1;0;0;0;1;1
désastreux;1;0;0;6;0;0;0;0;10
déprimer;8;0;1;3;0;0;1;1;3
démon;1;0;0;0;1;0;4;0;10
délocaliser;0;0;0;16;0;0;0;0;1
défaite;1;0;0;5;0;3;1;1;5
défaire;6;0;1;3;0;0;1;0;5
débuter;1;0;1;5;0;1;0;0;9
déborder;2;0;4;8;0;1;0;0;2
dollar;0;0;1;15;0;0;0;0;0
doc;13;0;0;0;0;0;1;1;2
disque;1;0;3;2;0;4;0;1;6
diagnostic;0;0;0;7;0;0;5;0;2
deuxièmement;0;0;6;8;0;0;1;1;1
destructeur;0;0;0;1;0;0;1;12;3
destination;1;0;1;10;1;0;2;0;1
debut;3;0;0;1;0;4;4;0;4
daniel;15;0;0;0;0;0;2;0;0
célibat;1;0;0;0;0;0;2;7;4
cyclable;1;0;0;15;0;0;0;0;0
culot;2;0;5;0;0;1;6;0;3
cp;1;0;0;7;0;0;1;1;1
couche;0;0;1;3;0;0;4;1;7
corrompu;0;0;1;2;0;0;12;0;1
contraignant;0;0;2;9;0;0;0;0;6
contradictoire;0;0;0;0;0;0;15;1;1
compatriote;1;0;5;4;0;0;2;0;5
comité;0;0;6;4;0;1;0;1;5
collection;11;0;0;4;0;0;0;0;2
clou;6;0;0;2;0;9;0;0;0
challenge;6;0;1;1;0;0;5;0;4
cardiaque;0;0;0;3;6;0;1;0;7
cap;8;0;0;2;0;1;4;0;1
candidat;0;0;2;1;0;2;10;0;1
cabine;3;2;0;2;1;0;0;0;8
c1;0;0;0;2;0;0;14;0;0
béton;3;0;0;12;0;0;0;0;1
brosse;0;1;0;0;0;12;0;0;2
braquer;0;0;3;4;0;0;0;1;9
bracelet;1;0;1;7;1;0;0;0;6
boss;7;0;0;2;0;5;1;0;2
bonté;11;0;0;0;1;0;0;2;3
bonsoir;8;0;0;1;0;0;5;0;3
bienvenu;2;0;7;1;0;0;1;0;6
best;15;0;0;1;0;0;0;0;1
barbarie;0;0;14;1;0;0;0;0;2
bagage;1;0;0;6;6;1;1;0;2
automobile;0;0;0;14;0;0;0;0;2
atroce;2;0;3;0;0;0;1;2;9
assiette;4;0;0;3;0;0;1;0;8
arabie;0;0;13;1;0;0;0;1;0
antisémitisme;0;0;15;0;0;0;2;0;0
animé;2;0;1;4;3;1;4;0;1
amande;0;0;0;16;0;0;0;0;0
amalgame;2;0;3;1;0;1;8;0;1
am;0;0;2;14;0;0;0;0;0
alain;6;0;2;0;0;7;0;0;0
affirmation;0;0;2;0;0;0;14;0;0
abo;0;0;0;14;0;0;0;0;1
aaaah;14;0;1;0;0;1;1;0;0
50mio;0;0;0;14;0;0;0;0;0
3eme;2;0;0;10;0;2;0;0;1
2eme;1;0;5;9;0;0;1;0;1
1ere;1;0;0;4;0;0;8;1;2
éveiller;5;0;2;0;0;1;3;0;4
épreuve;3;0;0;2;0;0;0;3;8
épaule;2;0;0;0;0;1;0;1;11
ç;0;0;1;3;0;1;3;1;7
zoug;0;0;0;15;0;0;0;0;0
wsh;6;0;1;1;0;0;1;4;3
world;1;0;4;9;0;0;0;0;2
waouh;12;0;0;0;0;0;0;0;4
vélomoteur;14;0;0;1;0;0;0;0;0
vigueur;0;0;5;5;0;0;6;0;0
verbal;0;0;0;3;0;1;5;2;4
typiquement;10;0;0;1;0;0;2;0;3
transparent;2;0;0;5;1;0;5;0;3
tolérant;1;0;1;0;0;0;4;2;8
terrifiant;7;0;1;1;0;0;0;3;4
sévère;2;0;0;2;0;2;5;0;5
sérénité;14;0;0;1;0;0;1;0;0
syndrome;0;0;1;6;0;2;0;0;1
syndicat;5;0;1;10;0;0;0;0;0
surpoids;5;0;0;0;0;1;1;2;7
subtilité;5;0;0;0;0;0;11;0;0
stock;0;0;3;10;0;1;2;0;0
squat;5;0;0;7;0;0;0;0;4
souveraineté;0;0;3;8;0;0;2;0;3
sony;16;0;0;0;0;0;0;0;0
shoah;0;0;14;0;0;0;0;0;0
rétablir;1;0;1;7;1;0;1;2;3
résidence;0;0;0;8;0;0;7;0;0
réputation;3;1;0;2;0;0;5;2;3
régir;0;0;1;11;0;0;2;1;1
repenser;2;0;0;5;0;1;1;0;6
repasser;4;0;1;0;0;3;1;1;6
reconstruction;0;0;12;3;0;0;0;0;1
rap;8;0;0;2;0;4;1;0;1
prostitué;0;0;1;1;0;0;1;9;2
primordial;1;0;1;7;0;0;1;0;6
postuler;0;0;0;5;0;1;8;0;2
posts;1;0;1;1;0;9;2;1;1
porno;1;0;0;0;0;0;0;11;4
porc;11;1;0;0;0;1;1;1;1
pologne;2;0;3;5;0;0;1;0;5
poison;0;0;0;3;3;0;5;1;4
plateforme;1;0;2;6;0;1;5;1;0
plainte;1;0;0;2;0;0;3;8;1
pitoyable;2;0;0;4;0;1;8;0;1
peupler;2;0;6;6;0;0;0;0;1
perroquet;0;0;1;3;0;3;3;0;5
pere;7;0;0;3;0;3;2;1;0
perdurer;2;0;2;5;0;2;1;2;2
perdant;0;0;1;10;1;0;1;0;3
passager;0;0;1;14;0;0;0;0;0
opposant;0;0;11;1;0;0;2;2;0
ons;8;0;0;1;0;6;0;0;0
olivier;5;0;2;2;0;1;1;0;5
ns;2;0;0;2;0;8;0;0;4
not;2;0;8;1;0;2;2;1;0
nn;1;0;0;0;0;0;0;2;13
nationaliste;0;0;7;0;0;0;5;4;0
mégot;0;0;1;14;0;0;0;0;1
moralement;0;0;1;7;0;0;1;2;5
moeurs;1;0;0;0;0;0;2;2;11
misérable;0;0;1;6;0;0;0;0;9
misogynie;1;0;1;0;0;0;1;13;0
minet;13;0;0;1;0;1;0;0;0
militer;0;0;2;1;0;2;3;0;8
milei;0;0;2;9;0;0;2;0;0
migration;0;0;0;11;0;0;3;1;1
malpoli;0;0;0;0;0;0;16;0;0
malbouffe;0;0;0;4;0;0;2;0;9
malaise;3;0;0;0;0;1;0;0;12
maillot;2;6;0;3;0;1;1;0;3
mail;0;0;1;6;0;0;8;0;1
made_in;0;0;0;13;0;1;1;0;0
luxembourg;2;0;0;13;0;0;0;0;1
lover;6;0;0;2;0;8;0;0;0
litre;0;3;0;12;0;0;0;0;0
lausannoise;3;0;0;4;0;7;0;0;1
jpp;6;0;2;0;0;2;4;1;0
joint;1;0;0;0;0;1;0;0;13
irresponsable;0;0;2;1;1;0;0;1;11
ineptie;0;0;2;5;0;0;9;0;0
indigner;0;0;7;1;0;0;1;0;7
incident;1;0;0;10;0;0;0;1;4
incapacité;0;0;2;8;0;0;3;0;3
imiter;6;0;0;0;0;1;2;1;6
humiliation;0;0;2;2;0;1;0;0;11
hippie;2;0;4;2;0;0;1;0;6
génétique;2;0;0;4;0;0;6;1;3
généralisé;1;0;2;7;0;0;4;2;0
génocidaires;0;0;16;0;0;0;0;0;0
griller;0;0;0;14;0;2;0;0;0
greta;4;0;10;0;0;0;1;0;1
graver;9;0;0;0;0;0;3;0;4
grandement;0;0;0;4;0;2;4;0;6
grain;2;0;1;5;0;0;0;0;6
goutte;1;0;0;11;0;0;0;0;3
gaspiller;0;0;0;11;1;1;0;0;2
février;6;0;2;4;0;3;0;0;1
fréquent;3;0;0;7;0;2;1;0;2
fréquence;3;0;0;13;0;0;0;0;0
fouiller;0;0;2;6;1;1;0;1;4
formule;3;0;0;4;0;1;5;0;3
format;1;1;0;9;0;1;4;0;0
flottille;1;0;12;1;0;0;2;0;0
flotte;9;1;0;5;0;0;0;0;1
fendre;5;0;0;7;1;0;1;0;1
evidemment;0;0;1;1;0;0;2;2;9
ethnie;0;0;4;0;0;1;8;1;2
espion;0;0;2;0;0;0;9;0;0
emji_pop_corn;2;0;1;0;0;1;4;5;1
emji_homme_avec_la_paume_sur_le_visage_peau_légèrement_mate;0;0;1;3;0;0;1;1;2
emji_femme_qui_hausse_les_épaules_peau_légèrement_mate;0;1;1;1;0;0;0;2;5
emji_double_point_d_exclamation;2;0;2;3;0;0;0;1;1
emji_coeur_orange;12;0;0;0;0;0;1;0;0
emji_coeur_jaune;13;0;0;0;0;0;0;0;0
emji_billet_avec_des_ailes;2;0;0;7;0;0;0;0;0
désert;4;0;1;11;0;0;0;0;0
désarmer;1;0;13;0;0;0;0;0;0
déprimant;5;0;0;1;0;0;0;1;9
département;1;0;0;11;1;0;2;0;1
délicieux;13;0;0;1;0;0;1;1;0
durable;0;0;3;10;0;0;0;0;2
droguer;0;0;2;10;0;0;0;1;3
didier;1;0;0;0;0;6;9;0;0
dictionnaire;3;0;1;0;1;4;5;0;2
célèbre;0;0;2;3;0;0;9;0;2
cv;2;0;0;3;0;3;8;0;0
curiosité;0;0;0;1;0;1;6;1;7
cuba;0;0;9;1;0;0;0;0;1
crédible;2;0;2;2;0;0;8;0;2
cravate;11;0;0;1;0;1;1;1;1
cramer;5;0;1;3;0;1;3;0;3
cornichon;15;0;0;0;0;1;0;0;0
copie;0;0;2;4;0;1;7;0;2
contraception;0;3;0;10;0;0;0;2;0
contaminer;0;2;1;11;0;0;0;0;2
consensus;0;0;0;4;0;0;10;0;0
complément;1;0;2;9;0;0;2;0;2
compliquer;1;0;0;4;0;0;5;1;5
combattant;0;0;11;2;0;0;0;1;2
cohérence;0;0;0;2;0;1;3;0;10
cloche;0;0;0;1;0;10;1;1;2
clip;3;0;0;1;0;2;7;1;2
charles;11;0;1;1;0;1;1;0;0
certificat;1;0;0;7;0;0;6;0;2
case;0;0;0;7;0;1;3;2;3
cage;1;0;3;1;2;0;1;0;8
cadavre;0;0;9;4;1;0;0;0;1
bêtement;0;0;0;2;0;1;6;0;7
brut;1;0;1;12;0;0;0;0;0
bro;5;0;2;2;0;1;5;1;0
bail;0;0;0;13;1;1;0;0;1
bafouer;0;0;11;3;0;0;0;0;2
autonomie;0;0;2;5;1;0;1;4;3
aujourdhui;1;0;0;3;1;0;0;8;3
audace;6;0;0;3;0;2;3;0;1
attentif;2;0;0;4;0;0;5;0;5
assaut;0;0;2;1;0;3;2;0;8
ardoise;5;0;0;1;0;0;0;0;2
aop;9;0;0;3;0;0;2;0;1
aggraver;0;0;1;5;0;0;0;0;10
affecter;0;0;0;8;1;0;1;2;4
abonné;0;0;0;8;0;0;3;0;2
3ème;1;0;8;3;0;0;1;2;0
2ème;0;0;1;11;0;1;1;0;1
éradiquer;0;0;5;1;4;0;1;0;4
électeur;0;0;2;1;0;2;8;0;2
égoïsme;1;0;0;3;0;0;0;1;10
é;10;0;3;1;0;0;0;0;0
vestiaire;0;5;0;1;0;0;0;1;7
urne;0;0;3;8;0;0;0;0;3
urbain;1;0;1;9;0;2;1;0;1
unité;1;0;2;8;0;0;0;0;4
tunis;6;0;0;0;0;4;0;0;1
tueur;0;0;10;1;0;0;1;0;3
transformation;0;1;0;9;0;0;3;0;2
tragique;1;1;2;2;0;1;0;1;7
totalitaire;0;0;2;7;0;0;6;0;0
tordu;1;0;2;1;0;5;2;1;3
tj;5;0;0;1;0;8;0;0;1
temp;2;0;0;1;0;2;1;1;8
taxation;0;0;0;15;0;0;0;0;0
taliban;0;0;7;1;0;0;0;0;6
talentueux;12;0;0;0;0;0;1;0;2
tablette;5;0;0;0;0;0;3;0;7
surveillance;0;0;1;10;0;0;1;0;2
sud_américain;0;0;1;11;0;0;0;1;0
stupidité;1;0;7;3;1;0;1;0;2
soulager;0;0;1;2;0;0;0;1;11
sosie;15;0;0;0;0;0;0;0;0
solo;3;0;0;4;0;0;2;2;4
so;8;0;0;3;0;0;2;2;0
serpent;0;0;1;6;0;0;2;1;4
révolte;0;0;2;2;1;3;3;1;3
résilience;6;0;0;1;0;0;2;0;5
répartie;1;0;1;1;0;3;8;0;1
régie;1;0;0;14;0;0;0;0;0
référendum;0;0;1;3;0;0;9;0;2
réfugier;0;0;10;1;0;1;1;0;2
romandie;2;0;0;10;0;0;1;0;1
robert;6;0;1;1;1;2;1;2;0
rincer;0;14;0;0;0;0;0;0;1
revue;7;0;0;3;0;0;3;0;1
retenue;7;0;5;0;0;0;1;0;2
remporter;0;0;4;11;0;0;0;0;0
ravager;0;0;1;3;0;0;4;0;7
rajeunir;14;0;0;0;0;0;0;0;1
pêche;1;0;1;9;0;0;3;0;1
pédophilie;0;0;2;1;0;0;10;0;1
pédophile;2;0;11;1;0;0;1;0;0
puce;2;0;0;4;1;3;1;0;4
prêter;1;0;3;5;0;0;3;1;1
préalable;0;0;10;3;0;0;1;0;1
protester;1;0;6;3;0;0;2;1;2
profondeur;2;0;0;1;0;0;9;0;3
premièrement;0;0;4;6;0;0;4;0;1
pragmatique;2;0;1;4;1;0;1;0;6
poussière;0;1;0;13;0;0;0;0;1
porteur;1;1;0;5;2;0;2;0;4
pondre;0;0;0;2;6;0;2;2;3
politesse;1;0;0;1;0;3;3;0;7
poitrine;5;0;0;0;0;6;0;0;0
poignée;1;0;1;9;0;1;0;0;2
pleinement;0;0;1;2;0;0;1;6;5
planifier;1;0;3;7;0;0;2;0;2
pia;0;0;0;0;0;0;1;10;3
photographe;0;0;0;8;1;0;5;0;0
perfection;5;0;0;0;0;0;2;1;6
particule;2;0;0;10;0;1;0;0;1
parquer;1;0;0;10;0;0;0;0;4
parmelin;0;0;1;7;0;0;0;0;1
ours;4;0;0;1;1;0;0;2;7
originel;2;0;1;0;0;7;0;1;1
oppresseur;0;0;10;1;0;0;1;0;3
oeuvrer;1;0;1;5;0;0;2;0;6
natel;9;0;0;3;1;0;0;0;2
mépriser;0;1;0;0;0;2;7;0;5
ménopause;0;0;0;6;0;0;0;2;7
méfier;1;0;3;2;1;2;5;0;1
mulet;9;0;0;2;0;1;0;0;3
moselle;7;0;0;2;0;4;0;0;0
morges;4;0;0;4;0;2;3;0;2
modération;1;0;1;3;0;1;7;1;1
mcdo;4;0;1;4;0;0;1;0;4
maxi;12;1;0;1;0;1;0;0;0
mature;6;0;0;0;0;0;0;2;7
maternité;0;0;0;3;0;0;1;11;0
masquer;0;0;4;4;0;0;6;0;1
marcel;1;0;0;2;1;1;0;8;2
manuel;3;0;0;1;0;0;0;0;10
manifestement;1;0;1;1;1;0;11;0;0
lécher;2;0;0;4;0;8;0;0;1
londres;2;0;3;2;2;0;2;0;4
logistique;1;0;0;11;0;0;1;0;2
lobbies;0;0;0;13;0;0;0;0;2
littérature;0;0;0;1;0;0;10;2;2
life;12;0;0;2;0;1;0;0;0
leuser_utilisateurice;0;0;6;3;0;0;0;3;3
lecteur;1;0;2;1;0;0;8;2;1
kiff;9;0;1;1;0;0;2;0;2
irrespectueux;1;0;1;1;0;0;1;4;7
irak;0;0;13;1;0;0;0;0;1
invisible;0;0;2;7;0;0;0;0;6
intellectuellement;0;0;2;0;1;0;6;0;6
instruit;5;0;0;0;0;0;9;0;1
insensé;2;0;2;4;0;0;6;0;0
injection;0;0;0;9;0;0;0;0;6
influenceurs;0;0;0;0;2;1;4;1;7
inconditionnel;1;0;6;5;0;0;1;1;1
incels;0;0;1;0;1;0;0;12;1
incarner;1;0;2;4;0;0;3;1;4
humeur;1;0;0;1;1;0;0;0;12
hormone;0;0;0;7;0;0;1;1;6
horlogerie;1;0;0;8;0;0;2;0;3
horizon;2;0;2;3;0;0;2;5;1
homo;0;0;9;0;0;1;0;0;0
historien;0;0;2;1;0;0;8;0;3
guyane;0;0;0;4;0;1;0;0;0
gratitude;10;0;0;2;0;0;1;0;2
goat;15;0;0;0;0;0;0;0;0
gloire;6;0;0;1;0;0;3;0;5
glacier;0;0;0;14;0;0;1;0;0
giec;0;0;2;8;0;0;5;0;0
germain;11;0;0;3;0;0;1;0;0
gendarme;6;0;1;5;0;1;1;0;1
fonctionnaire;1;0;2;8;0;0;4;0;0
fisher;15;0;0;0;0;0;0;0;0
fasciner;11;0;0;0;0;0;1;2;1
fair;1;2;2;1;0;0;2;1;5
factuellement;0;0;1;12;0;0;2;0;0
extreme;1;0;3;0;0;0;11;0;0
escalade;0;0;0;11;0;0;1;0;2
environnemental;0;0;0;13;0;0;1;1;0
ennuyeux;6;0;0;1;0;0;1;0;7
enfoncer;1;0;1;3;0;5;0;0;4
emji_visage_stupéfait;2;0;1;2;0;1;1;5;2
emji_visage_en_colère;1;1;1;0;6;1;0;1;2
emji_visage_déconcerté;1;0;0;8;1;0;1;0;0
emji_visage_avec_bouche_en_diagonale;1;0;1;1;0;11;1;0;0
emji_oeil;1;0;0;1;0;6;0;0;1
emji_drapeau_sénégal;11;0;0;0;0;0;0;0;1
emji_croix;0;0;2;8;0;1;0;0;0
emji_coeurs_qui_tournent;9;0;0;0;0;0;0;1;2
emji_coeur_point_d_exclamation;11;0;0;0;0;0;0;0;1
emji_coeur_noir;10;0;1;0;0;0;0;0;2
emji_coeur_enflammé;13;0;0;0;0;0;0;0;2
emji_chaînons;0;0;0;15;0;0;0;0;0
embrasser;7;0;0;1;0;1;2;4;0
délirer;2;0;1;3;0;1;2;1;0
délirant;0;0;1;9;1;0;3;0;1
déchirer;3;0;1;5;1;0;0;0;4
décalage;0;0;0;7;0;0;1;0;7
débarquer;0;0;1;4;0;4;0;0;5
dresser;0;1;4;1;0;1;0;0;1
drastiquement;0;0;0;8;0;1;2;0;4
dispo;3;0;1;11;0;0;0;0;0
diplomatie;2;0;2;8;0;0;1;0;2
diminution;0;0;0;11;1;0;0;0;3
devise;0;0;1;11;0;0;1;0;1
dentiste;1;0;0;13;0;0;0;0;1
célébrer;5;0;6;2;0;0;1;0;1
cygne;3;0;0;3;5;1;0;0;3
culpabiliser;0;0;0;8;0;0;2;2;3
créature;4;0;0;2;0;0;1;0;7
crack;1;0;0;11;0;0;1;0;2
coutume;0;0;1;2;0;0;5;1;6
couronne;0;0;0;14;0;0;0;0;1
correction;0;0;0;0;0;0;9;0;2
cordialement;1;0;0;1;0;0;10;0;3
consultation;0;0;0;14;0;0;0;0;1
conditionnel;0;0;6;2;0;0;6;1;0
complotistes;0;0;0;2;0;0;12;0;1
complotiste;0;0;1;0;0;0;3;0;3
commande;0;0;0;13;0;0;2;0;0
coluche;10;0;1;0;0;1;1;1;1
colonialisme;0;0;9;2;0;1;0;1;2
cliquer;0;0;1;0;0;0;13;0;0
clairvoyance;12;0;0;0;0;0;1;0;2
civilisé;0;1;4;3;0;0;0;0;6
chuter;0;0;1;11;0;0;0;0;3
cayla;14;0;0;0;0;0;0;0;0
cancérigène;0;1;0;11;0;0;0;0;2
calosse;15;0;0;0;0;0;0;0;0
caddie;0;0;0;13;0;0;0;0;0
bolivie;0;1;3;11;0;0;0;0;0
blocus;0;0;13;0;0;0;0;0;0
bfm;2;0;2;2;0;1;6;0;2
be;0;0;5;2;0;7;0;0;1
bataille;1;0;2;3;0;0;2;3;2
avortement;0;0;2;0;0;0;1;1;10
avc;6;1;0;4;0;1;0;1;2
athée;2;0;1;0;0;0;11;1;0
astuce;8;0;0;2;0;1;3;0;1
assassin;0;0;11;0;0;1;0;1;1
aspirer;1;0;0;4;0;0;3;4;3
arbitre;2;0;0;0;0;7;2;0;4
approuver;0;0;1;4;0;1;9;0;0
apprenti;0;0;0;12;0;0;1;0;1
anéantir;0;0;5;4;1;0;1;0;4
anne;9;0;1;2;1;1;0;0;1
animer;4;0;0;0;1;0;3;0;6
algérien;1;0;6;2;0;0;5;0;0
alexandre;14;0;0;0;0;0;0;0;0
alerter;0;0;3;7;0;0;1;1;3
addition;1;0;0;0;0;0;7;0;2
accéder;0;0;2;7;0;1;3;0;2
accoucher;0;0;0;1;0;0;0;2;12
abstenir;0;0;1;3;1;0;8;0;2
abonner;1;0;1;2;0;0;9;1;1
émeutier;0;0;5;0;0;0;1;4;2
émeute;0;0;4;4;0;6;0;0;0
zürich;0;0;2;11;0;0;0;0;0
wii;8;0;0;2;0;0;1;0;3
véritablement;1;1;0;3;0;0;7;1;1
vitre;1;0;1;10;0;0;1;0;1
violemment;0;0;5;1;0;0;1;7;0
vintage;12;1;0;0;0;0;0;0;1
vaste;0;0;4;2;0;1;1;3;3
variété;1;0;0;11;0;0;1;0;1
up;10;0;1;1;0;0;0;0;2
universitaire;0;0;0;2;0;0;3;0;9
ultime;3;0;0;1;0;0;4;4;2
tqt;3;0;1;1;0;1;3;1;4
tou;5;0;0;1;0;0;1;0;2
tok;0;0;0;0;0;0;0;0;12
tique;1;0;0;9;0;0;1;0;0
tik;0;0;0;0;0;0;0;0;12
tension;0;0;4;8;0;0;1;0;0
séparation;0;0;2;4;0;0;1;3;4
systématique;0;0;4;2;0;0;6;0;2
suppression;0;0;0;12;1;0;0;0;1
subtil;1;0;0;4;0;0;4;2;3
stérile;0;0;0;0;0;0;8;0;6
story;0;0;2;0;0;1;8;0;2
souche;0;0;0;0;0;1;11;0;2
sms;5;0;0;5;0;0;2;0;1
serré;2;0;0;1;0;0;2;0;9
scientifiquement;0;0;0;5;0;0;6;0;3
sapiens;0;0;8;0;0;1;0;0;0
sacrifice;2;0;0;6;0;0;0;0;5
rédiger;0;0;2;2;0;0;9;0;1
récompense;2;0;2;9;0;0;0;0;1
routine;8;0;1;2;0;0;0;0;3
rhétorique;1;0;1;1;0;0;11;0;0
retrait;1;0;5;4;0;2;0;0;2
respecté;1;0;3;2;0;1;1;1;5
renverser;0;0;5;1;0;0;1;0;7
redistribution;0;0;0;13;0;0;0;0;0
redevenir;0;0;1;1;0;0;0;2;10
rationnel;0;0;0;0;0;0;12;0;2
ratio;0;0;4;8;0;0;0;1;1
queen;12;0;0;0;0;0;1;0;1
quai;3;0;0;8;0;1;0;0;2
pré;2;0;2;0;0;0;0;3;6
prostituer;0;0;1;1;0;0;0;7;5
prompt;6;0;0;0;0;1;5;1;1
projection;0;0;0;1;0;0;12;1;0
productivité;0;0;0;12;0;0;0;0;1
potter;2;0;0;11;0;0;1;0;0
pollueur;0;0;0;14;0;0;0;0;0
polluant;0;1;1;12;0;0;0;0;0
poivre;2;0;10;0;0;1;0;1;0
plaie;1;0;0;10;0;0;0;1;2
pipe;3;0;0;8;0;0;0;0;3
perrot;14;0;0;0;0;0;0;0;0
pendule;3;0;1;2;0;7;1;0;0
pedo;0;0;0;0;1;2;2;0;8
parascolaire;0;0;0;8;0;0;0;0;6
paradoxe;0;0;2;9;0;0;0;1;2
paradoxal;0;0;0;9;0;0;2;2;1
panique;4;0;2;4;0;0;2;0;2
palmarès;0;0;1;9;0;1;2;0;0
paille;1;0;0;10;0;0;3;0;0
oula;0;0;9;1;0;0;3;0;1
obèse;1;0;0;3;5;1;0;0;4
négligeable;0;0;0;14;0;0;0;0;0
néfaste;0;0;1;3;3;0;0;2;5
noyer;2;0;1;1;0;0;8;0;2
noisette;13;0;0;1;0;0;0;0;0
nicolas;1;0;4;5;0;4;0;0;0
nickel;3;0;1;4;0;0;0;4;2
navrant;1;0;0;1;0;1;1;1;9
naturalisé;0;0;0;3;0;0;9;0;2
nain;2;1;2;0;8;0;0;0;0
multitude;3;0;0;4;0;0;0;2;5
morbide;0;0;0;1;0;0;1;0;11
mont;1;0;1;4;0;7;0;0;1
mobilier;0;0;2;7;0;0;0;0;5
migrer;0;0;1;9;0;1;2;1;0
matériau;1;0;0;13;0;0;0;0;0
mat;2;0;0;3;0;0;1;2;5
masculinistes;0;0;0;1;1;0;0;11;1
marchand;2;0;0;8;0;3;0;0;1
machado;0;0;14;0;0;0;0;0;0
m2;2;0;0;10;0;1;0;0;0
lé;0;0;9;3;0;1;0;0;1
lyon;0;1;0;12;0;0;0;1;0
luc;10;1;0;0;0;0;1;1;1
low;0;0;0;10;0;0;2;0;1
loger;0;0;2;8;0;0;0;0;4
libanais;0;0;13;0;0;0;0;0;0
lessive;0;1;0;2;0;3;0;2;6
inversement;0;0;0;4;0;0;1;6;3
inutilement;1;0;1;3;0;0;7;0;1
intégrité;0;0;0;5;0;3;1;1;4
intonation;12;0;0;0;0;0;1;0;1
intelligemment;0;0;0;5;0;0;2;1;6
instinct;0;0;0;1;12;0;0;0;1
installation;1;0;1;11;0;0;0;0;1
indéniable;0;0;4;3;0;0;3;0;4
indifférence;0;0;4;0;0;0;2;0;8
importé;0;0;0;13;0;0;0;0;1
impatience;8;0;0;0;0;1;1;0;3
imbécile;0;0;1;1;0;4;8;0;0
iels;0;0;5;1;1;0;2;0;3
hétéro;0;0;0;0;0;0;1;11;0
homophobe;0;0;0;0;0;10;1;2;1
hezbollah;0;0;12;0;0;0;0;0;1
handicapé;0;0;0;2;0;0;0;4;6
grec;11;0;0;1;0;0;2;0;0
gravement;0;0;4;1;0;0;0;1;8
grandeur;1;0;0;9;0;1;3;0;0
grand_papa;11;0;0;1;0;0;0;0;2
grammaire;1;0;0;0;0;0;3;1;4
grace;2;0;0;5;0;0;1;0;6
genial;13;0;0;0;0;0;0;0;1
gen;0;0;1;1;0;10;1;1;0
gauchisme;0;0;2;6;0;0;3;1;1
garage;0;0;0;11;0;0;0;0;1
game;12;0;0;0;0;0;1;0;0
gag;9;0;0;3;0;0;1;0;1
fuck;3;0;0;7;1;1;0;0;1
frouze;2;0;0;2;0;0;8;0;2
frotter;1;6;1;5;0;0;0;0;1
foutage;0;0;2;5;0;1;0;2;4
foie;1;0;0;10;0;1;2;0;0
fibre;0;0;0;13;0;0;1;0;0
fermé;1;0;0;2;0;0;1;1;9
favori;4;0;1;4;0;0;2;0;3
favorable;0;0;3;4;0;0;5;0;2
fainéant;0;0;0;5;0;8;1;0;0
essai;0;0;0;6;0;0;1;0;6
envoi;2;0;0;6;0;1;0;0;4
env;0;0;2;9;0;1;1;0;1
entreprendre;1;0;1;11;0;0;1;0;0
entendeur;2;0;0;0;0;0;4;0;7
emji_visage_qui_tire_la_langue;4;0;0;3;0;0;1;4;0
emji_personne_avec_la_paume_sur_le_visage_peau_claire;0;0;0;2;0;1;6;0;2
emji_papillon;11;0;0;0;0;0;0;0;1
emji_mains_levées_peau_légèrement_mate;9;0;0;3;0;0;0;0;2
emji_langue;5;0;0;0;0;0;0;0;0
emji_jeune_pousse;5;0;0;1;2;1;0;0;3
emji_homme_qui_hausse_les_épaules_peau_moyennement_claire;0;0;0;5;0;4;1;0;0
emji_croix_latine;7;0;3;0;0;0;1;0;1
emji_chat;9;0;0;0;0;0;0;0;0
emji_arc_en_ciel;11;0;1;0;0;0;2;0;0
embauche;0;0;0;2;0;0;0;0;12
dérégler;0;0;0;8;1;0;0;0;5
démuni;0;0;1;10;0;0;1;0;2
démissionner;0;0;6;0;0;3;0;0;5
découper;0;0;0;11;0;0;1;0;1
décor;3;1;0;7;1;0;1;0;1
débordement;0;0;4;2;0;0;1;0;7
débilité;0;0;0;1;0;1;2;1;6
durcir;0;0;1;5;0;0;7;0;1
dominant;0;0;3;2;0;0;1;5;3
dixit;3;0;0;3;0;8;0;0;0
dispositif;0;0;2;9;0;0;0;0;2
disparu;1;0;1;2;1;1;0;0;8
diplomatique;0;0;6;8;0;0;0;0;0
diffusion;1;0;1;4;0;3;3;0;2
diction;6;0;0;0;0;1;4;0;2
dico;2;0;0;0;0;11;1;0;0
dead;8;0;1;3;0;1;1;0;0
câble;2;0;0;3;1;6;1;0;1
cure;5;0;0;1;0;3;0;0;5
cst;0;0;6;3;0;0;2;0;1
courrier;2;1;0;7;0;0;0;0;3
contribution;0;0;0;11;0;0;0;1;2
contrer;1;0;2;3;0;0;0;0;8
contemporain;4;0;1;1;0;0;3;4;1
complot;0;0;3;0;0;0;8;0;3
colombie;5;0;2;4;0;0;0;1;2
cm;6;0;0;2;2;0;2;0;1
clique;1;0;0;11;0;1;1;0;0
châtiment;0;0;0;0;0;0;1;0;11
chorale;13;0;0;0;0;0;0;0;0
chiant;5;0;2;1;0;0;1;1;4
chevignon;13;0;0;0;0;0;1;0;0
chelou;4;0;0;3;0;0;1;1;5
charbon;0;0;0;13;0;1;0;0;0
cfc;0;0;0;13;0;0;0;0;0
ceo;1;0;0;12;0;0;0;0;0
cata;3;0;0;6;0;0;0;0;3
canapé;2;1;3;0;0;1;1;0;6
camping;10;0;0;3;0;0;0;0;1
cambrioler;0;0;0;4;0;1;1;0;7
cabane;4;0;0;8;0;0;0;0;2
bruxelles;1;0;1;9;0;0;1;0;2
bourreau;0;0;10;1;1;0;0;1;0
bns;1;0;2;11;0;0;0;0;0
bistrot;2;0;0;1;0;4;7;0;0
berger;5;0;0;2;0;0;4;0;2
bec;5;0;0;4;2;0;3;0;0
bavure;0;0;4;0;0;6;1;0;3
banquier;1;0;0;12;0;0;0;0;1
banc;2;0;1;2;0;1;0;0;8
balade;2;0;1;2;0;0;2;0;7
avertir;1;0;0;8;1;0;2;0;2
autriche;0;0;1;11;0;0;1;0;1
australie;0;0;0;11;1;0;0;1;1
associé;0;0;0;7;0;1;2;3;1
artistique;1;0;0;9;0;0;0;0;4
archi;1;1;0;1;0;1;8;0;2
aquatique;1;0;0;2;0;0;0;0;0
après_des;0;0;0;10;0;0;0;1;3
apologie;0;0;6;1;0;0;1;4;2
apaiser;0;0;0;2;0;0;2;0;9
amplifier;0;0;4;1;0;0;3;1;5
alsacien;14;0;0;0;0;0;0;0;0
aligner;1;0;3;0;0;0;6;1;3
alarme;0;0;0;12;0;0;0;0;2
aire;4;1;0;1;0;1;3;1;2
affection;2;0;1;1;1;0;1;0;8
adéquat;0;0;2;3;0;1;0;0;7
admiration;8;0;0;1;0;1;1;0;3
7h;2;0;1;6;0;0;1;0;2
50m;0;0;0;11;0;0;0;0;1
évènement;0;0;2;3;1;0;1;0;6
équipement;2;0;0;11;0;0;0;0;0
épouser;9;0;0;0;0;1;0;2;1
élémentaire;0;0;0;0;0;0;2;0;6
yes;0;0;11;1;0;0;0;0;0
véridique;1;0;1;2;1;0;1;3;2
violet;10;0;1;2;0;0;0;0;0
viable;0;0;0;10;1;0;0;1;1
vecu;2;0;0;1;0;3;1;4;2
vainqueur;1;0;3;4;0;0;0;0;1
vacciner;0;0;1;6;2;0;2;0;0
tricher;1;1;0;5;0;1;2;0;3
tpg;0;0;0;12;0;0;0;0;1
tournoi;3;0;0;8;0;0;1;0;1
telephone;5;0;0;1;0;0;0;1;5
taré;2;0;1;0;0;0;1;0;9
tarte;10;0;0;0;0;0;1;1;1
sévir;1;0;6;3;0;0;1;0;2
sécheresse;0;0;0;13;0;0;0;0;0
surnom;6;0;0;0;0;0;1;0;5
surfer;5;0;1;4;0;1;0;0;1
supposition;0;0;0;1;0;0;12;0;0
stéphane;9;0;0;1;0;0;0;0;1
stressant;0;0;0;4;0;1;0;0;8
states;0;0;0;4;0;1;2;0;5
spécialement;1;0;0;7;0;0;2;1;2
spray;0;0;13;0;0;0;0;0;0
sourd;1;0;0;0;0;0;9;0;3
soudanais;0;0;11;1;0;0;0;0;1
sonore;3;0;0;8;0;0;0;0;1
songer;1;1;4;3;0;0;2;0;2
sionisme;0;0;10;0;0;0;1;0;1
singulier;3;0;0;1;0;0;6;1;2
serbe;0;0;13;0;0;0;0;0;0
sensibiliser;1;0;0;3;0;0;1;0;7
sensation;1;0;0;4;0;0;0;0;7
semblable;3;0;0;1;0;0;0;0;9
saturer;0;1;0;10;0;0;0;1;1
saoudite;0;0;12;1;0;0;0;0;0
saleh;0;0;13;0;0;0;0;0;0
résider;0;0;1;8;0;0;1;0;3
répartir;0;0;1;7;0;0;0;2;3
roulant;0;0;0;6;0;2;0;0;5
roger;11;0;0;0;0;0;1;0;1
ridiculiser;0;0;1;1;0;0;5;1;5
ressort;1;0;2;0;1;1;0;1;7
reproduction;0;0;0;5;2;0;1;2;2
remarquable;3;0;1;0;0;1;2;0;6
relancer;0;0;1;9;0;0;0;0;3
rang;2;0;3;1;0;0;0;2;4
quil;0;0;2;2;0;0;0;0;8
quid;0;0;2;8;0;0;2;0;1
psychiatrie;1;0;0;0;0;0;3;0;7
préparation;0;0;0;3;0;0;2;0;5
progressiste;0;0;1;0;0;0;0;1;11
preneur;8;0;1;3;0;0;1;0;0
poumon;0;0;1;11;0;0;1;0;0
poudre;0;1;1;8;0;0;0;0;2
pokémon;0;5;0;7;0;0;1;0;0
pionnier;5;0;1;5;0;0;0;0;1
peter;3;0;0;2;0;8;0;0;0
persécuter;1;0;6;0;0;0;3;0;3
persister;0;1;3;2;1;0;0;5;1
perpétrer;0;0;11;1;0;0;0;0;0
percer;2;0;0;1;0;1;4;0;5
pension;0;0;0;8;0;0;1;2;1
parlementaire;0;0;2;10;0;1;0;0;0
panini;13;0;0;0;0;0;0;0;0
paninari;11;0;0;1;0;0;0;0;1
pair;0;0;0;1;0;0;11;0;1
os;1;0;4;2;0;1;0;0;5
ordure;1;0;1;3;1;1;0;1;5
optimiste;1;0;0;2;0;0;3;0;7
ooh;6;0;0;0;0;2;0;2;3
off;6;0;0;4;0;1;2;0;0
nid;0;1;0;8;0;0;0;1;3
nice;5;0;5;1;0;0;0;0;2
médiocrité;0;0;1;0;0;1;9;0;2
médiatiser;0;0;6;0;0;0;2;4;1
moustachu;0;0;7;3;0;0;0;1;2
mortalité;0;0;0;8;3;0;1;0;1
mobilisation;0;0;8;4;0;0;1;0;0
mensuel;0;0;0;13;0;0;0;0;0
matraque;0;0;3;0;0;1;3;0;6
master;0;0;0;7;0;0;1;3;1
manche;2;0;0;0;0;5;0;0;5
maigre;1;0;1;5;0;4;1;0;1
mafieux;0;0;6;7;0;0;0;0;0
légitimité;0;0;7;3;0;0;2;0;1
là_dedans;0;0;2;8;0;1;0;1;0
louche;1;0;4;5;0;1;1;0;1
longueur;0;0;2;1;0;6;1;0;1
livraison;1;0;1;11;0;0;0;0;0
lacrymogène;0;0;9;2;0;1;0;1;0
kilo;3;0;0;5;0;0;2;0;1
keuf;0;0;5;3;0;0;0;0;3
jérusalem;0;0;8;0;0;0;0;0;0
juillet;3;0;1;3;0;1;1;0;3
iranien;0;0;7;3;0;0;1;0;0
intensité;2;0;3;1;0;1;6;0;0
intense;6;0;0;1;0;0;1;1;4
instrument;3;1;1;2;0;1;1;0;4
infraction;0;0;6;6;0;0;0;1;0
implication;0;0;3;3;0;0;1;1;5
humanisme;1;0;5;1;0;0;1;0;5
heidi;12;0;0;0;0;0;0;0;0
harrison;13;0;0;0;0;0;0;0;0
habillement;0;0;0;0;0;0;0;1;12
gérard;9;0;0;1;0;0;1;0;2
géographie;0;0;0;2;0;1;1;0;8
générosité;8;0;0;2;1;0;0;0;2
grossier;0;0;1;1;0;0;1;2;7
gratuité;0;0;0;11;0;0;0;1;0
gluten;0;0;2;10;0;0;0;0;1
glorifier;0;0;1;1;0;2;3;0;5
gel;5;0;0;8;0;0;0;0;0
fâcher;1;0;2;0;0;2;7;0;0
frustré;0;1;0;0;0;1;1;9;0
fringue;11;0;0;2;0;0;0;0;0
françoise;10;0;0;0;0;0;0;0;2
fraise;7;0;0;6;0;0;0;0;0
fournisseur;2;0;1;10;0;0;0;0;0
fossé;0;0;0;5;0;0;6;0;0
fortuné;0;0;0;13;0;0;0;0;0
fondateur;9;0;1;2;0;0;0;0;1
fautif;0;0;4;4;0;0;0;1;4
fashion;3;0;0;7;0;1;0;0;2
faille;0;0;1;6;0;0;0;0;6
fact;1;0;0;5;0;3;3;0;0
exportation;1;0;1;11;0;0;0;0;0
expo;7;0;1;4;0;0;1;0;0
entraider;0;0;1;1;0;1;0;2;8
engin;2;0;2;7;0;1;0;0;1
enfantin;0;0;0;2;0;0;2;0;8
empaillé;1;0;0;0;0;2;0;0;9
empailler;3;0;0;0;5;2;0;0;2
emji_visage_souriant_avec_des_cornes;1;0;0;1;3;1;3;0;3
emji_visage_avec_des_valises_sous_les_yeux;0;0;0;11;0;1;0;0;0
emji_verre_de_vin;8;0;0;1;0;1;1;0;1
emji_tête_de_chat;13;0;0;0;0;0;0;0;0
emji_ogre;1;0;0;5;0;1;0;0;0
emji_note_de_musique;10;0;0;0;0;0;0;0;1
emji_main_qui_écrit;1;1;10;0;0;0;0;0;0
emji_décamper;3;0;0;4;0;0;0;0;0
emji_drapeau_île_clipperton;8;0;0;2;0;0;1;0;0
dévier;0;0;1;7;0;1;1;0;1
détacher;2;0;0;6;0;0;1;0;4
déployer;2;0;6;5;0;0;0;0;0
délinquance;0;0;2;3;0;0;6;1;0
délai;0;0;2;4;0;1;2;0;4
dégénérer;0;0;4;2;0;0;1;0;6
déforestation;0;0;3;7;0;0;3;0;0
dédicace;12;0;0;0;0;0;1;0;0
décrédibiliser;0;0;3;0;0;0;8;1;1
décharge;0;0;1;9;0;0;0;0;3
décevant;0;0;2;4;0;0;2;1;3
dé;6;0;1;2;1;1;0;0;2
dr;8;0;2;0;0;0;0;2;1
douchettes;0;13;0;0;0;0;0;0;0
do;2;0;5;4;0;0;1;0;1
dissuader;0;0;2;3;0;0;0;0;8
disputer;2;0;1;4;0;0;0;0;2
discréditer;0;0;6;4;0;0;3;0;0
digérer;2;0;0;0;1;9;0;0;0
différencier;0;0;1;5;0;0;3;1;3
dicter;0;0;3;4;0;1;4;0;1
dernièrement;0;0;4;7;0;0;1;0;1
demeure;2;0;1;6;0;1;1;0;2
côtoyer;1;0;0;0;0;7;0;1;3
ct;8;0;0;1;0;0;0;0;3
cruauté;1;0;5;0;4;0;1;1;1
creux;0;1;0;4;0;1;6;0;1
crade;1;5;0;2;0;0;4;0;1
couvercle;0;1;0;5;0;6;0;0;0
couloir;1;1;6;1;0;3;0;0;1
coton;0;1;0;6;0;4;0;0;2
contraindre;0;0;1;10;0;0;0;1;1
constitutionnel;0;0;11;1;0;0;1;0;0
connexion;3;0;1;2;0;0;0;2;5
comté;6;0;0;4;0;1;0;0;1
coms;0;0;1;1;0;4;0;4;1
comble;1;0;5;3;0;0;4;0;0
coiffeur;3;0;0;7;0;0;0;1;2
cnews;0;0;3;0;0;2;5;0;3
claquer;0;0;0;3;1;5;2;1;1
certe;1;0;1;7;0;0;1;1;2
carouge;5;0;0;7;0;1;0;0;0
calculette;1;0;0;2;0;0;1;0;1
bâtir;0;1;0;7;0;0;0;1;4
buzz;1;0;1;2;0;0;7;0;2
broyer;0;0;1;2;0;2;0;0;4
bronzage;6;0;0;1;0;6;0;0;0
brevet;0;0;0;8;0;0;2;0;2
bourvil;13;0;0;0;0;0;0;0;0
bolsonaro;0;0;9;1;0;0;0;0;2
bob;7;0;0;1;0;2;1;0;1
bilatéral;0;0;0;10;0;0;1;0;0
bidon;1;0;5;3;0;3;1;0;0
bibliothèque;3;0;0;3;0;0;5;1;0
bennett;9;0;1;0;0;1;0;0;1
banger;13;0;0;0;0;0;0;0;0
aviation;0;0;4;9;0;0;0;0;0
attachant;12;0;0;0;0;0;0;0;1
athlète;3;0;0;2;1;0;0;5;1
arrogant;0;0;0;2;0;0;6;0;5
arreter;1;0;1;3;0;1;1;0;6
armoire;2;0;0;1;0;9;0;0;1
ancrer;1;0;1;0;0;3;1;0;6
alpha;1;0;0;0;0;2;0;9;1
albert;9;0;0;2;0;0;0;0;2
ais;1;0;0;0;0;9;2;0;1
affrontement;0;0;10;0;0;1;0;0;2
afficher;0;0;3;1;0;0;6;1;2
activer;1;0;2;4;0;2;2;0;1
accueillant;1;0;0;1;0;1;1;1;8
absent;0;0;4;2;0;0;1;1;5
abruti;1;0;1;0;0;1;3;0;6
abattoir;2;0;0;3;0;1;4;0;3
3x;0;0;0;9;0;0;0;1;3
30ans;6;1;0;1;0;0;1;2;2
17h;0;0;1;3;0;1;0;0;8
10h;0;1;0;6;0;0;0;0;6
évolué;1;0;0;1;0;0;0;2;8
éternité;1;0;2;0;0;0;1;0;8
éleveur;0;0;0;7;0;0;0;0;4
écrivain;3;0;0;0;0;1;7;1;0
économiquement;0;1;0;8;0;0;2;0;1
écologiste;1;0;1;3;0;1;6;0;0
zoo;0;0;2;7;0;0;0;0;3
yann;8;0;0;0;0;1;2;0;1
we;6;0;0;1;0;1;1;1;2
waw;10;0;0;1;0;0;0;0;1
vérification;2;0;1;2;0;0;7;0;0
voile;0;0;3;0;0;0;1;0;8
vocation;0;0;1;1;0;1;0;2;7
violation;0;0;10;0;0;0;0;0;2
villa;0;1;1;10;0;0;0;0;0
vigilant;0;0;1;6;0;0;1;1;2
vengeance;0;0;6;0;1;1;1;0;2
val;10;0;0;0;0;0;0;0;1
tune;1;0;0;8;0;1;1;0;1
tsahal;0;0;12;0;0;0;0;0;0
trêve;0;0;10;0;0;0;0;0;0
trés;6;1;0;1;0;1;0;0;3
troupe;2;0;4;5;0;0;0;0;0
trajectoire;0;0;0;3;0;0;5;0;4
trait;4;0;1;0;0;1;4;0;2
tournure;1;0;1;0;1;1;5;0;3
tonton;4;0;3;2;0;0;1;1;1
tits;2;1;0;7;0;1;0;0;1
tic;3;0;0;1;0;0;0;0;6
thérapie;1;0;0;10;0;0;0;1;0
tf;0;0;9;1;0;0;2;0;0
terroriser;1;0;7;1;0;1;0;0;2
terro;0;0;9;1;0;0;0;0;1
temporaire;0;1;1;3;0;0;1;0;4
techno;3;0;0;3;0;4;0;0;2
tech;0;0;0;10;0;1;0;0;0
tdah;2;0;0;0;0;2;2;0;5
sénégal;10;0;0;0;0;0;1;0;1
suer;4;0;0;5;0;0;0;0;3
steak;2;0;0;7;0;0;0;0;0
statistiquement;0;0;0;5;0;0;3;3;0
stationnement;0;0;0;11;0;1;0;0;0
sponsoriser;1;0;0;11;0;0;0;0;0
souriant;9;1;0;1;0;0;0;0;1
soif;1;0;3;1;0;3;3;0;1
sirène;1;0;0;1;0;3;4;0;3
siffler;0;0;1;1;0;1;0;1;8
shneck;11;0;0;0;0;0;0;0;0
sensibilisation;0;0;0;1;0;0;1;2;8
score;1;0;0;4;0;7;0;0;0
saurer;0;0;2;2;0;0;5;0;2
salamandre;10;0;0;0;0;0;0;0;2
saisonnier;0;0;0;12;0;0;0;0;0
saisie;0;0;4;0;0;0;2;0;5
récompenser;0;0;1;3;1;0;5;0;2
règlement;0;0;4;6;0;0;1;0;1
râleur;2;0;0;2;0;0;6;0;0
ruissellement;0;1;0;9;0;0;2;0;0
rouleau;8;1;0;2;0;0;0;0;0
robinet;0;2;0;1;0;7;1;1;0
responsabiliser;0;0;0;7;0;0;0;1;3
reflet;2;0;1;7;0;0;0;0;2
redevance;0;0;0;11;0;0;0;0;0
recueillir;3;0;1;1;0;0;3;0;4
recours;0;0;3;5;0;0;4;0;0
ralentir;1;0;0;5;0;0;1;1;4
quota;0;0;0;2;0;1;2;0;6
quils;0;0;3;4;0;1;1;0;3
pénaliser;0;0;1;10;0;0;0;0;1
puch;11;0;0;0;0;1;0;0;0
psychopathe;0;0;3;1;1;0;2;1;4
psychique;0;0;0;1;0;0;1;0;10
provocation;1;0;1;0;1;0;9;0;0
provenance;1;0;2;7;0;0;1;0;0
proportionnalité;0;0;3;3;0;0;4;1;1
programmer;0;0;0;6;0;5;0;0;1
probable;0;0;1;2;0;0;2;0;7
privation;2;0;0;0;0;0;0;1;9
poêle;0;0;0;11;0;0;0;0;1
poétique;9;0;0;0;0;0;1;1;1
poutine;0;0;7;1;0;0;1;0;3
potable;0;0;0;6;0;4;1;0;1
portefeuille;0;0;0;12;0;0;0;0;0
poli;6;0;0;0;0;1;1;2;2
play;11;0;0;1;0;0;0;0;0
piqûre;2;0;0;6;0;0;0;0;4
pertinence;2;0;0;2;0;0;7;0;1
pente;2;1;0;4;0;0;0;0;5
paul;10;0;1;1;0;0;0;0;0
patrick;5;0;1;0;1;1;4;0;0
paresse;0;0;0;4;0;0;5;0;2
panosse;1;8;0;0;0;0;1;0;2
paléo;9;0;0;2;0;0;0;0;1
organisé;0;0;6;5;0;0;0;0;1
orage;1;0;2;3;0;0;4;1;1
okay;1;0;0;1;0;5;1;1;2
oe;1;0;0;1;0;5;0;0;0
obéir;0;0;1;3;0;0;0;2;5
néant;0;0;1;5;0;1;4;0;1
nuisance;0;0;0;11;0;0;1;0;0
nuancé;0;0;0;1;0;1;9;1;0
nouveauté;2;0;0;6;0;0;0;2;2
nombril;1;0;0;0;0;0;3;3;5
noel;3;0;1;4;0;1;1;0;2
nestlé;0;0;3;7;0;0;0;0;0
nest;0;1;0;2;0;0;1;3;5
nes;0;0;7;1;0;1;1;0;1
nasse;0;0;4;1;0;0;1;0;4
mémé;9;0;0;1;0;0;1;0;0
municipal;0;0;1;9;0;0;0;0;2
moustache;10;0;1;0;0;0;1;0;0
mouiller;1;3;1;2;0;1;2;0;2
mouillemerde;11;0;0;0;0;0;0;0;1
motorisé;0;0;0;11;0;0;0;0;0
modérer;0;0;0;6;0;1;1;0;1
messe;8;0;0;0;0;0;2;1;1
mention;4;0;1;2;0;0;5;0;0
mensonger;0;0;1;3;0;1;6;1;0
mega;4;0;1;3;0;1;1;0;2
maçon;0;0;1;11;0;0;0;0;0
mathématique;0;0;1;6;0;0;0;0;3
martin;10;0;0;1;0;0;0;0;1
marine;1;0;0;1;1;7;1;0;1
mardi;3;0;0;3;0;5;0;0;1
marc;9;0;1;1;0;1;0;0;0
légalement;0;0;3;8;0;0;0;1;0
longévité;0;0;0;3;0;0;3;2;3
liverpool;0;0;0;8;0;0;2;0;1
libéralisme;0;0;0;9;0;0;2;0;0
laurent;2;0;0;1;0;0;1;0;0
king;2;0;1;0;0;3;4;0;1
justification;0;0;1;4;0;0;5;1;1
just;1;0;1;1;0;1;1;0;7
judicieux;0;0;0;3;1;0;5;0;3
jazz;5;0;0;4;0;0;1;0;0
inégal;0;0;1;4;0;0;0;6;0
inventeur;10;0;0;0;0;0;1;0;1
intégralité;3;0;0;0;0;0;5;3;1
intermédiaire;1;0;1;5;4;0;0;0;1
insouciance;11;0;0;1;0;0;0;0;0
indice;0;0;1;2;0;0;6;0;3
incompréhension;0;1;2;3;0;0;3;1;2
inapproprié;0;0;1;2;0;0;5;3;1
impensable;2;1;0;2;0;0;6;0;1
impacte;0;0;1;1;2;0;2;0;6
immoral;0;0;3;4;0;0;3;0;2
ice;5;0;4;2;0;0;0;0;1
humide;3;3;0;0;0;1;1;1;2
horrifier;1;0;2;0;0;3;1;1;3
géométrie;0;0;12;0;0;0;0;0;0
géographique;0;0;2;7;0;1;0;0;2
générique;5;0;0;2;0;5;0;0;0
gène;2;0;0;0;0;1;3;6;0
gâchis;0;0;1;4;0;0;0;0;5
gorge;6;0;0;1;0;0;0;0;5
good;2;0;0;2;1;0;7;0;0
gamelle;1;0;0;2;7;1;0;0;1
fusée;0;0;0;12;0;0;0;0;0
fondation;0;0;1;11;0;0;0;0;0
foire;4;0;1;2;1;1;1;0;2
fièrement;2;0;3;3;0;0;1;0;3
fiscalement;0;0;2;8;0;0;0;0;1
fesait;12;0;0;0;0;0;0;0;0
femelle;1;0;0;1;4;0;0;5;1
extinction;0;0;1;2;0;0;2;0;7
exclusion;0;0;0;3;0;0;1;1;7
excellence;1;0;0;0;0;0;8;0;2
escalier;1;0;0;4;0;1;0;0;6
envahisseur;1;0;7;1;0;1;1;0;1
enft;0;0;0;0;0;1;0;6;5
endoctrinement;0;0;0;2;0;1;7;1;1
emprunter;1;0;0;7;0;0;1;0;3
emji_visage_sans_bouche;0;0;1;2;0;1;0;0;5
emji_point_d_interrogation_rouge;0;0;0;1;0;1;5;0;0
emji_point_d_exclamation_rouge;0;0;1;1;0;1;5;0;0
emji_personne_qui_hausse_les_épaules_peau_claire;0;0;1;6;0;0;1;1;2
emji_hibiscus;9;0;1;0;0;0;0;0;0
emji_drapeau_brésil;6;0;2;3;0;0;0;0;1
emji_abeille;8;0;0;1;1;0;0;0;0
emballage;1;0;0;8;0;2;0;0;1
elton;12;0;0;0;0;0;0;0;0
egypte;0;0;10;0;0;0;0;0;2
ecoute;0;0;2;0;0;3;1;1;5
débarbouillette;11;0;0;0;0;0;0;0;0
divertissement;1;0;0;3;8;0;0;0;0
disproportionné;0;0;2;2;0;0;7;0;1
disparaitre;0;0;1;6;0;0;0;0;5
dinosaure;4;0;0;6;0;1;0;0;1
daube;0;0;0;2;0;8;0;1;0
dance;12;0;0;0;0;0;0;0;0
cri;3;0;3;0;1;0;2;0;3
craquer;9;0;1;1;0;1;0;0;0
coute;0;0;0;9;0;0;1;1;1
corrélation;0;0;1;3;0;0;7;0;1
correcteur;0;0;1;2;1;1;7;0;0
connotation;0;0;0;0;0;10;0;0;2
confondu;1;0;1;4;0;0;0;2;4
conditionner;0;0;0;4;0;0;2;2;3
concession;0;0;1;4;0;0;1;1;4
conception;0;0;0;2;0;1;0;0;9
compétent;0;0;2;1;0;0;2;1;6
compléter;1;0;0;8;0;0;1;1;0
commentateur;7;0;0;0;0;0;1;0;4
comestible;1;0;0;10;0;0;0;0;1
colossal;0;0;0;11;0;0;0;1;0
civique;1;0;0;0;0;0;10;0;1
citron;5;0;0;7;0;0;0;0;0
citadin;0;0;0;2;4;4;0;0;2
christophe;1;0;1;2;0;0;1;0;1
chouiner;0;0;4;2;0;0;2;1;3
choper;1;0;0;2;0;8;0;0;1
chirurgien;1;0;2;3;0;1;0;0;5
char;0;0;1;8;0;1;0;0;0
champagne;1;0;0;8;0;1;1;0;0
castrer;1;0;2;0;5;0;0;0;3
cartable;6;0;0;2;0;0;0;0;4
carotte;4;0;0;1;2;0;0;0;4
cargo;2;0;0;10;0;0;0;0;0
caresser;6;0;0;0;0;1;4;0;1
cameroun;1;0;4;4;0;0;2;0;1
caler;0;3;0;3;0;1;2;0;3
buter;1;0;2;2;1;0;0;0;6
bullshit;0;0;1;0;0;1;6;0;2
bourge;11;0;0;0;0;0;0;0;0
bonus;0;0;1;8;0;0;1;0;1
boisson;1;0;0;5;0;0;2;0;4
boguet;8;0;0;1;0;0;0;0;3
blindé;0;0;0;4;0;0;1;0;5
blablabla;0;1;3;3;0;0;3;0;1
biologie;0;0;0;2;0;0;4;0;5
binaire;1;0;1;0;1;3;0;6;0
bible;0;0;1;0;0;3;6;0;2
beauf;1;0;0;0;0;2;1;0;0
barbare;0;0;9;1;0;0;0;0;2
baignoire;2;9;0;1;0;0;0;0;0
authenticité;4;0;0;3;0;0;2;2;1
atomique;0;0;11;0;0;0;0;0;0
astronomique;0;0;0;11;0;0;0;0;1
ascenseur;6;0;0;3;0;0;1;0;1
artisanal;2;0;1;8;0;0;0;0;0
appui;0;0;2;1;0;0;9;0;0
apport;0;0;0;7;1;0;2;0;2
appauvrir;0;0;0;10;0;0;1;0;1
annexer;0;0;11;1;0;0;0;0;0
amender;0;0;1;10;0;0;0;0;1
alliance;0;0;4;0;0;0;6;0;2
algorithme;0;0;1;0;0;1;9;0;1
alala;3;0;1;4;0;0;0;0;1
ag;0;0;0;11;0;0;0;0;0
affamé;0;0;7;2;1;0;0;0;2
affaiblir;0;0;4;8;0;0;0;0;0
admiratif;8;0;0;1;0;0;2;0;1
accro;2;0;0;0;0;6;0;0;4
20ans;5;0;0;2;0;3;0;0;2
13h;0;0;0;5;0;1;1;0;5
étroit;0;0;1;3;0;0;4;1;1
étaler;0;3;0;0;0;1;4;0;3
énoncé;0;0;0;0;0;1;7;0;1
électro;6;0;0;0;0;0;1;0;3
zucman;0;0;0;10;0;0;1;0;0
zombie;1;0;0;5;0;0;0;0;4
zero;1;0;4;0;0;4;0;0;2
what;3;0;1;3;0;2;1;0;1
web;1;0;1;8;0;0;1;0;0
vêtir;2;0;2;0;0;2;1;1;3
vosges;8;0;1;1;0;0;0;0;1
virtuel;2;0;0;2;2;0;0;1;4
vih;0;0;0;1;0;1;4;0;4
vigneron;2;0;0;9;0;0;0;0;0
vigilance;1;0;0;9;1;0;0;0;0
vibrer;8;0;0;1;0;0;1;0;1
vevey;1;0;0;6;0;0;1;0;3
veiller;2;0;4;1;0;0;0;0;3
varier;0;0;1;7;0;0;2;0;1
vacherin;11;0;0;0;0;0;0;0;0
utopie;0;0;0;3;0;0;0;1;7
uruguay;0;0;0;9;0;0;2;0;0
tva;0;0;0;11;0;0;0;0;0
tutoyer;0;0;0;1;0;0;0;1;9
ts;1;0;2;0;0;0;0;2;5
transférer;0;0;1;9;0;0;1;0;0
thomas;1;0;0;1;1;0;8;0;0
thaïlande;0;1;1;2;0;0;5;0;2
that;2;0;4;1;0;0;2;1;1
textile;1;1;0;7;0;0;1;0;1
testostérone;0;0;0;3;0;0;0;2;6
tessin;2;0;0;0;2;0;6;0;0
tag;5;0;1;0;0;0;5;0;0
tabou;1;0;1;3;0;0;2;1;3
survivant;0;0;8;0;0;0;0;1;2
subvenir;0;0;0;4;0;0;1;0;6
street;3;0;0;1;0;2;4;0;0
stigmatiser;0;0;0;0;0;0;5;0;6
squatter;0;0;1;7;0;0;0;1;1
spoiler;0;0;0;7;0;0;1;0;3
spirituel;0;0;0;1;0;1;2;0;7
spa;2;0;0;2;5;0;1;0;0
soupçonner;0;0;3;1;0;0;0;4;2
sommer;9;0;0;1;0;0;1;0;0
sobriété;3;0;0;7;0;0;0;0;0
skieur;5;0;0;5;0;0;0;0;1
sincérité;7;0;1;0;0;0;1;0;2
simon;9;0;0;0;0;0;2;0;0
sidérer;0;0;0;2;1;0;0;8;0
short;11;0;0;0;0;0;0;0;0
sense;1;2;0;3;0;3;0;0;1
selle;2;6;0;0;0;1;1;0;1
seine;0;0;0;0;0;0;2;1;7
satisfaction;1;0;0;0;0;1;0;1;8
sarcasme;3;0;0;0;0;1;6;0;1
sandale;8;0;0;0;0;0;0;0;3
saleté;1;0;0;9;1;0;0;0;0
sacrifier;0;0;1;4;0;1;0;0;5
réviser;1;0;3;2;1;0;4;0;0
résulter;0;0;1;5;0;0;0;1;4
rural;0;0;0;6;0;0;1;1;3
rigoureux;0;0;0;3;0;0;5;1;1
ride;2;0;1;4;0;0;0;0;0
revivre;6;0;1;2;0;0;0;0;2
reporter;0;0;1;6;0;1;0;0;2
rentabilité;0;0;0;6;0;0;0;0;5
renseignement;0;0;0;5;0;0;2;0;4
renouveler;3;0;0;4;0;1;0;2;1
remède;1;0;1;4;1;0;0;2;2
relou;4;0;1;0;0;2;1;1;2
ref;9;0;0;0;0;0;2;0;0
recouvrir;0;0;2;7;0;2;0;0;0
rapidité;4;1;0;0;0;0;3;0;1
quon;1;0;2;3;0;1;1;0;3
qques;1;0;1;7;0;1;0;0;1
qqchose;2;0;0;1;0;2;2;0;4
pyramide;1;0;1;2;0;0;1;1;4
putin;7;0;0;0;0;0;1;0;3
publicitaire;2;0;0;7;0;0;1;1;0
psychologie;0;0;0;0;0;1;0;1;9
préventif;0;0;7;3;0;0;0;1;0
préoccupation;2;0;2;3;0;1;3;0;0
prélever;1;0;2;8;0;0;0;0;0
prophète;1;1;8;0;0;0;0;0;1
promo;4;0;0;5;0;0;1;0;0
prolétaire;0;0;0;10;0;0;0;0;0
progressivement;1;0;1;8;0;0;1;0;0
progressif;0;0;0;9;0;0;0;0;2
prière;0;0;1;1;0;0;2;0;7
prioritaire;0;0;0;4;0;0;4;0;2
poète;9;0;0;0;1;0;1;0;0
poussette;0;0;0;7;0;0;0;0;3
populiste;0;0;4;1;0;0;5;0;1
ponctuation;0;0;0;1;0;0;8;0;0
planétaire;0;0;0;10;0;0;0;0;1
planche;0;0;0;9;0;1;0;0;1
placard;1;0;0;5;0;4;0;0;0
piloter;1;0;0;3;0;0;0;6;0
philosophe;7;0;0;0;0;0;1;0;3
pharmaceutique;0;0;0;10;0;0;0;0;0
perturbateur;0;0;0;9;1;0;0;1;0
patin;9;0;0;0;0;0;0;0;0
partiel;0;0;1;3;0;1;1;2;3
pape;5;0;5;0;0;0;0;0;0
paisible;3;0;2;2;0;0;0;0;3
pacte;0;0;9;2;0;0;0;0;0
oú;1;1;2;1;0;0;4;0;1
open;0;0;0;7;0;0;3;0;1
one;3;0;1;0;0;3;2;0;1
olympique;0;1;0;8;0;0;0;1;1
officier;0;0;1;9;0;0;0;0;0
nécessairement;0;0;0;4;0;0;6;0;1
noctambus;9;0;0;1;0;0;0;0;1
nestle;0;0;0;10;0;0;0;0;1
neo;2;0;3;0;0;0;3;1;2
nager;3;0;0;1;0;3;0;1;2
musicien;6;0;0;1;0;0;0;0;4
mossad;0;0;1;1;0;0;1;0;1
mondialisation;0;0;0;3;0;0;1;0;7
mohamed;0;0;7;1;0;0;0;0;3
millénaire;1;0;5;2;0;1;1;1;0
mere;3;1;0;2;0;1;0;1;3
merdique;0;0;0;3;0;0;2;0;6
media;0;0;3;2;0;4;2;0;0
math;1;0;0;2;0;0;1;0;0
mascu;0;0;1;0;0;2;0;8;0
marginal;0;0;0;6;0;0;1;0;4
manoeuvre;0;0;1;7;0;0;1;0;2
man;1;0;0;1;0;8;0;0;0
mal_être;0;0;0;1;0;0;2;0;7
main_d_oeuvre;0;0;0;11;0;0;0;0;0
lobbying;0;0;2;6;0;0;3;0;0
leman;3;0;0;8;0;0;0;0;0
kit;1;0;1;2;0;1;1;3;2
juvénile;7;0;0;1;0;3;0;0;0
jouir;2;0;0;2;0;0;7;0;0
joindre;0;0;4;5;0;0;1;0;1
intestin;1;0;1;5;0;0;0;0;1
interrompre;0;0;1;0;0;0;0;1;9
intercontinental;0;0;0;9;0;0;0;0;0
interaction;1;0;0;2;0;0;0;1;7
insurger;0;0;2;0;3;3;2;0;0
instable;0;0;0;3;0;1;0;3;4
injonction;0;0;1;0;0;0;2;0;8
induire;0;0;0;6;0;0;1;1;3
indirect;0;0;2;6;0;0;1;1;1
indicateur;0;0;0;5;0;0;1;0;4
inconvénient;2;0;0;3;1;0;0;0;5
incohérence;0;0;4;3;0;0;0;0;4
incarné;7;0;1;0;0;0;1;0;2
inapte;1;0;0;0;0;1;0;0;9
impérialiste;0;0;10;0;0;0;0;0;1
impressionner;7;0;0;1;0;0;2;0;1
impots;1;0;0;10;0;0;0;0;0
impossibilité;0;0;0;0;0;0;2;5;4
impeccable;2;0;0;4;0;0;2;0;3
impartial;0;0;9;0;0;0;2;0;0
immatriculation;0;0;0;7;0;0;3;0;0
imier;10;0;0;1;0;0;0;0;0
iii;0;0;0;2;0;0;1;0;1
hôte;0;0;11;0;0;0;0;0;0
humidité;2;0;0;7;0;1;1;0;0
hugo;7;0;3;0;0;0;1;0;0
hitler;0;0;7;1;0;2;1;0;0
handicaper;0;0;0;7;0;0;1;1;2
gym;5;0;0;0;0;0;1;0;5
grèce;1;0;2;6;1;0;0;1;0
grotte;1;0;1;7;1;0;0;0;1
grenade;0;0;6;0;0;0;0;0;0
gravité;0;0;1;3;0;2;0;2;3
gourou;3;0;1;0;4;0;1;1;1
glorieux;1;0;3;3;2;0;1;0;1
glauque;6;0;0;1;0;0;0;0;4
gitan;1;0;0;1;0;1;7;0;1
girl;4;0;0;0;0;5;0;1;0
generation;3;0;0;0;0;2;1;0;5
ge;7;0;1;3;0;0;0;0;0
froc;0;2;0;8;0;0;0;0;1
french;1;0;0;2;0;7;1;0;0
formuler;0;0;0;0;0;0;7;1;3
footballeur;1;0;1;4;0;0;2;0;2
focus;0;0;4;0;0;0;5;1;1
fleurir;0;0;2;6;0;0;1;0;2
fiv;0;0;0;3;0;1;1;3;1
fiscalité;0;0;0;11;0;0;0;0;0
farine;1;0;0;8;0;1;0;0;0
faction;0;0;11;0;0;0;0;0;0
facebook;4;0;0;0;0;2;4;0;1
exclusivement;2;0;0;4;0;0;0;1;4
essoreuse;10;0;0;0;0;0;0;0;0
espere;3;0;8;0;0;0;0;0;0
entièreté;1;0;1;3;0;0;3;1;2
engraisser;0;0;1;7;1;0;0;0;2
enchaîner;0;0;1;3;0;0;6;0;1
emojis;0;0;0;0;0;2;1;0;8
emji_visage_ébahi;9;0;0;0;0;1;0;0;1
emji_visage_mécontent;2;0;0;1;1;0;2;0;5
emji_visage_déguisé;0;0;0;6;0;1;2;1;1
emji_visage_avec_bouche_fermeture_éclair;1;1;1;4;0;1;0;1;2
emji_téléphone_portable;8;0;0;1;0;0;1;0;0
emji_symbole_de_paix;8;0;2;0;0;0;0;1;0
emji_index_pointant_vers_le_haut_peau_claire;2;1;0;5;0;2;0;1;0
emji_empreintes_d_animaux;6;0;0;0;0;1;2;0;0
emji_confettis;8;0;0;0;0;0;0;0;0
emballer;1;1;0;4;0;1;0;2;2
electro;8;0;0;0;0;0;1;0;0
e_mail;0;0;0;8;0;0;0;0;0
détromper;0;0;0;3;0;0;0;0;4
détailler;0;0;0;1;0;1;9;0;0
désespérant;0;1;0;0;0;2;7;0;1
désaccord;0;0;0;0;0;1;7;0;3
dérangeant;2;0;0;0;0;1;2;0;6
démission;0;0;0;6;0;0;4;0;1
démilitariser;0;0;10;0;0;0;0;0;0
déguster;8;0;0;1;0;0;0;1;1
déformer;0;0;2;2;0;0;4;1;2
défilé;1;0;0;1;0;1;1;0;7
déduire;0;0;1;6;0;0;1;0;3
doré;4;0;0;3;1;1;0;0;2
dock;9;0;0;0;0;0;0;0;1
distinguer;2;0;1;2;0;1;4;0;1
diaboliser;1;0;0;1;0;1;4;0;4
di;7;0;0;2;0;0;0;1;1
defaye;9;0;0;0;0;0;1;0;1
debile;0;0;0;0;1;0;3;0;7
danseur;8;0;0;1;0;0;1;0;0
cuisinier;6;0;0;0;0;1;0;1;3
cueillir;5;0;0;0;0;0;2;3;1
crotte;0;1;0;5;0;4;0;0;0
crayon;5;0;0;2;0;3;1;0;0
crasse;0;0;2;1;0;0;8;0;0
cpi;0;0;10;0;0;0;0;0;0
cortège;2;0;1;3;0;0;3;1;1
corina;0;0;11;0;0;0;0;0;0
coopération;0;0;3;6;0;0;0;0;2
convivial;10;0;0;0;0;0;0;0;1
conjugaison;2;0;0;0;0;0;1;0;1
conforme;0;0;1;7;0;0;2;0;1
compétitivité;0;0;1;8;0;0;0;0;2
compétitif;0;0;0;7;0;0;0;1;2
compliment;8;0;0;0;0;1;1;0;1
col;6;0;0;0;0;2;1;0;2
cohésion;2;0;1;2;0;0;0;0;5
clore;0;0;0;3;0;0;1;5;2
climato;0;0;1;4;0;1;4;0;0
chèque;0;0;2;9;0;0;0;0;0
chiotte;0;4;0;0;0;3;1;1;2
chevalier;1;0;0;1;0;1;7;0;1
cheffe;1;0;0;3;0;3;0;1;3
check;2;0;0;6;0;1;1;0;0
caricature;0;0;4;0;0;1;3;1;2
carburant;0;0;2;9;0;0;0;0;0
caprice;4;0;1;0;1;0;1;1;2
caoutchouc;2;0;4;4;0;0;0;0;1
cannabis;1;0;0;8;0;0;1;0;0
cagnotte;1;0;1;3;4;0;0;0;2
bétail;1;0;1;2;1;0;1;0;5
burn;0;0;0;10;0;0;0;0;0
bourgeoisie;5;0;0;2;0;1;1;0;2
bill;2;0;9;0;0;0;0;0;0
bilatérales;0;0;1;7;0;0;2;0;1
balai;1;0;0;4;0;5;0;1;0
avantageux;0;0;2;9;0;0;0;0;0
avancée;1;0;0;0;0;0;1;0;9
autruche;0;0;3;1;0;0;4;0;3
asile;1;0;0;5;0;0;0;0;5
architecture;0;0;0;9;0;0;0;0;2
arabo;0;0;11;0;0;0;0;0;0
approprier;0;0;3;3;0;0;1;1;3
antiquité;0;0;1;0;0;3;6;0;1
anticiper;0;0;1;4;0;2;0;0;4
amérindien;0;0;3;0;0;3;4;0;0
amplement;0;0;2;6;0;0;1;0;2
ambulancier;0;0;1;1;0;0;0;0;9
ambition;0;0;0;1;0;0;1;2;7
altitude;1;0;1;9;0;0;0;0;0
alpin;1;0;0;7;0;0;1;1;1
all;1;0;9;0;0;0;0;0;0
aliénation;0;0;0;0;0;0;8;3;0
aisément;0;1;1;2;0;0;5;0;2
aiguisé;1;8;1;0;0;0;1;0;0
ahhhh;7;0;0;1;0;0;1;1;1
acide;1;0;0;1;0;3;5;0;1
abondance;3;0;0;3;1;0;0;0;4
abominable;2;0;2;2;3;0;0;0;2
abaisser;0;0;0;5;0;0;6;0;0
8h;1;0;0;1;0;0;0;0;8
4k;1;0;3;6;0;0;0;0;1
2ans;0;0;6;2;0;0;0;0;3
12h;0;0;2;4;0;0;0;0;3
éventuel;0;0;2;4;0;0;3;0;1
évacuer;0;0;4;1;0;0;0;0;4
été;3;0;0;1;1;2;1;0;2
égalitaire;1;0;0;2;0;0;1;2;3
écarter;1;0;0;2;0;0;3;0;4
ânerie;2;0;1;3;0;0;3;0;1
yemen;0;0;10;0;0;0;0;0;0
yaourt;1;1;0;7;0;1;0;0;0
www;3;0;1;5;0;0;0;0;1
wikipédia;0;0;0;1;0;0;6;1;1
véracité;0;0;2;0;0;0;8;0;0
vraisemblablement;0;0;1;4;0;0;4;0;1
voeu;7;0;0;1;0;0;2;0;0
visuel;0;0;0;2;0;0;7;0;1
visiteur;2;0;0;6;0;0;0;0;2
virilité;4;0;0;0;0;0;0;2;4
vingtaine;0;0;1;0;2;2;1;0;4
vieillissement;1;0;0;1;0;0;4;0;4
victimiser;0;0;2;0;0;0;2;1;5
vicieux;1;0;0;0;0;4;0;0;5
vi;0;0;1;0;0;0;0;5;4
verrouiller;0;2;0;1;1;0;1;0;5
veau;8;0;0;1;0;0;0;0;1
vatican;0;0;1;7;0;1;1;0;0
vandalisme;0;0;8;1;0;0;0;0;0
urss;1;0;4;4;0;0;1;0;0
uni;0;0;5;4;0;0;1;0;0
ttes;1;0;0;0;0;0;2;5;2
tte;2;0;2;1;0;1;2;0;2
trinquer;0;0;1;7;1;0;1;0;0
traversée;2;0;0;4;0;0;0;0;0
trancher;0;0;2;2;0;0;5;0;1
tousser;1;0;1;2;0;0;0;0;5
tournage;1;0;1;1;2;0;0;0;0
tomate;3;0;0;2;0;0;1;0;4
toc;1;5;0;0;0;0;0;1;3
tinder;1;0;0;0;0;1;4;0;4
tennis;2;0;0;1;0;0;0;6;0
technologique;0;0;0;1;0;0;2;1;6
tatouage;6;0;0;0;2;0;0;1;1
tarder;0;0;0;5;0;0;3;1;1
sécher;0;2;0;2;0;2;0;1;3
surpopulation;0;0;0;6;4;0;0;0;0
surplus;1;0;0;7;0;0;1;0;1
suprême;0;0;3;5;0;0;1;0;1
studio;4;0;0;6;0;0;0;0;0
spécifiquement;0;0;1;3;0;1;2;2;1
sous_titre;1;0;0;3;0;6;0;0;0
sorry;0;0;7;1;0;0;1;0;1
sociétal;0;0;0;3;1;0;5;0;1
sociologique;0;0;0;0;0;0;8;1;0
smic;0;0;0;6;0;0;0;0;3
skippy;8;0;0;0;0;0;2;0;0
significatif;0;0;0;7;0;0;1;1;1
sida;0;2;0;0;0;3;3;0;1
shui;0;0;0;1;0;0;2;0;0
sexy;4;0;0;3;0;0;0;2;1
serpillière;0;5;0;1;0;2;0;0;2
scrupule;3;0;1;5;0;0;0;0;1
sceptique;0;0;2;1;0;0;3;0;1
sauvetage;1;0;1;4;0;0;1;1;2
sarcastique;0;0;0;0;0;6;3;1;0
sanglier;2;0;0;1;5;0;0;0;2
régression;1;0;1;2;0;0;0;0;6
réglementation;1;0;0;9;0;0;0;0;0
réciproque;0;0;1;2;0;1;0;1;5
ré;1;0;1;2;0;0;0;5;1
rude;0;0;0;2;1;0;0;0;7
risible;0;0;0;7;0;1;1;1;0
riposte;0;0;9;0;0;0;0;0;0
rigolade;4;0;0;0;0;0;1;0;5
ressemblance;7;0;0;0;0;0;3;0;0
renens;1;0;1;7;0;0;0;0;0
rectifier;0;0;2;4;0;0;2;0;1
recré;9;0;0;0;0;0;0;0;1
recrutement;0;0;0;5;0;5;0;0;0
rde;0;0;0;1;0;0;9;0;0
rame;0;0;0;8;0;1;0;0;0
rager;1;0;0;1;0;0;3;4;0
pétard;6;0;0;0;0;4;0;0;0
psq;0;0;1;2;0;1;2;2;2
psk;3;0;1;1;0;0;0;0;4
prévision;0;0;1;3;0;0;1;0;4
prématuré;1;0;0;2;0;0;0;1;5
préférable;0;0;1;2;0;0;6;1;0
précurseur;7;0;0;0;0;0;0;0;2
pruneau;2;0;0;1;1;3;0;1;2
proteger;0;0;2;0;0;0;1;4;3
proprement;0;0;2;6;0;0;1;1;0
proportionné;0;0;6;3;0;0;0;0;1
prolo;2;0;0;1;0;7;0;0;0
procéder;0;0;4;0;0;1;0;0;5
privatisation;0;0;0;9;0;0;0;0;0
poulailler;1;0;0;0;9;0;0;0;0
placette;9;0;0;0;0;0;0;0;1
pirater;0;0;0;6;0;1;2;0;1
perpétuer;1;0;2;0;0;0;0;3;4
percher;0;0;0;0;0;0;2;1;1
penalty;5;0;0;2;0;0;0;0;2
peluche;2;0;0;3;1;0;0;0;4
pdt;1;0;1;6;0;0;1;1;0
pavé;0;0;0;1;0;4;3;1;1
patrie;3;0;2;2;0;0;2;1;0
partiellement;0;0;1;5;0;0;0;0;4
parodie;8;0;0;1;0;1;0;0;0
parenthèse;1;0;0;0;0;0;3;0;6
parcourir;0;0;0;1;0;1;1;0;7
parcontre;0;0;0;6;0;3;0;1;0
parcequ;1;0;0;0;0;1;1;6;1
pagani;4;0;5;0;0;0;1;0;0
ouïr;0;0;1;0;1;0;1;0;5
orgueil;1;0;1;1;0;0;1;0;6
orchestrer;1;0;3;1;0;0;1;0;1
ohlala;6;0;0;0;0;0;1;0;3
offenser;1;0;0;0;0;1;7;0;1
oeillère;0;0;0;0;0;0;6;2;2
oct;0;0;9;1;0;0;0;0;0
obésité;3;0;0;0;1;0;1;0;5
obséder;0;0;6;1;0;0;1;1;1
obligatoirement;0;0;4;2;0;0;0;2;2
négociateur;0;0;0;2;0;2;1;0;5
nyon;3;0;0;2;0;0;0;0;3
nokia;9;0;0;0;0;0;1;0;0
noblesse;3;0;0;3;0;2;0;0;2
next;0;0;0;0;0;1;8;0;1
nageur;0;0;0;0;0;1;0;0;8
nage;1;0;0;7;0;1;0;0;1
méritocratie;1;0;0;6;0;0;2;0;1
mutuel;2;0;0;5;0;0;2;1;0
mp;2;0;0;0;0;0;7;0;1
mou;7;0;1;0;0;0;1;0;1
monstrueux;1;0;1;5;1;0;1;1;0
moniteur;5;0;0;0;0;3;0;0;2
mobylette;2;0;0;3;0;0;1;0;4
miser;2;0;0;7;0;0;0;0;0
minuscule;0;0;1;7;0;0;0;0;2
millionaires;0;0;0;9;0;0;0;1;0
milan;4;0;0;4;0;0;0;0;2
migrantes;0;0;0;1;0;0;1;7;1
merder;0;0;3;1;0;1;1;0;3
marseille;1;0;0;7;0;1;0;0;1
marin;0;0;0;9;0;0;0;0;1
manipulateur;0;0;6;0;0;0;1;1;2
management;0;0;1;8;0;0;0;1;0
mamdani;0;0;1;6;0;0;1;0;1
magnus;1;0;0;0;0;0;8;0;0
maghrébin;0;0;2;0;0;1;5;0;2
machin;3;0;1;0;1;1;0;1;3
macdo;4;0;0;1;0;1;1;0;3
législatif;0;0;6;3;0;0;1;0;0
lèvre;1;0;1;0;0;0;1;1;6
lâcheté;1;0;5;0;0;0;1;2;1
loto;3;0;0;4;0;0;0;1;1
location;0;0;0;9;0;0;0;0;1
liké;7;0;0;0;0;1;2;0;0
levier;0;0;0;10;0;0;0;0;0
leclerc;3;0;0;6;0;1;0;0;0
lauser_utilisateurice;1;1;1;5;0;0;1;0;1
laid;6;0;0;1;0;0;0;0;2
kiffe;10;0;0;0;0;0;0;0;0
ke;0;1;2;2;0;1;1;0;2
jus;6;0;1;3;0;0;0;0;0
jte;1;0;0;3;0;0;4;0;2
joseph;7;0;0;1;0;0;0;1;1
jme;3;0;0;0;0;0;0;0;7
jetable;0;1;0;6;0;0;0;0;2
jeffrey;0;0;3;0;0;0;1;0;1
irréprochable;0;1;0;2;0;0;1;0;6
irrespect;0;0;1;2;0;0;1;0;6
invoquer;0;0;1;1;0;0;6;1;1
inutilisable;0;0;8;1;0;0;0;0;1
interessant;0;0;9;0;0;0;0;0;1
intemporel;9;0;0;0;1;0;0;0;0
inspirant;10;0;0;0;0;0;0;0;0
insoutenable;0;0;1;4;0;0;3;0;2
insinuer;0;0;0;3;0;0;7;0;0
inquiétude;1;0;1;0;0;0;5;0;3
inox;0;0;0;8;0;0;1;0;1
inouï;1;0;2;1;0;0;0;1;5
inondation;0;0;0;8;0;0;1;0;1
infernal;1;0;1;4;0;0;0;0;4
incontournable;8;0;0;1;0;0;0;0;1
incomparable;3;0;1;3;0;0;1;1;1
inclusion;0;0;0;0;0;2;2;1;4
illustrer;0;0;0;3;0;1;4;1;0
illustration;0;0;1;3;0;0;6;0;0
honorer;6;0;4;0;0;0;0;0;0
hiérarchie;0;0;2;0;1;0;1;6;0
historiquement;0;0;3;0;0;3;3;1;0
hausser;0;0;1;9;0;0;0;0;0
harmonie;3;0;2;1;0;0;0;0;4
hamass;0;0;7;0;0;0;0;0;0
gérant;2;0;0;5;0;0;1;0;1
gueuler;4;0;0;0;0;0;0;0;6
grillé;0;0;2;2;0;6;0;0;0
grenoble;0;0;0;8;0;0;1;0;1
gilet;2;0;0;7;0;0;0;0;1
gen0cide;0;0;7;0;0;0;0;0;3
féminicide;0;0;1;0;0;0;4;2;3
félin;4;0;0;0;6;0;0;0;0
frouzes;2;0;0;3;0;4;0;0;0
frein;0;0;0;8;0;0;0;1;1
foulard;4;0;1;1;0;0;0;1;3
fonctionnel;0;0;1;2;0;0;0;0;7
flinguer;0;0;0;1;3;3;2;0;1
flash;2;0;0;2;0;4;1;0;1
finale;0;0;0;9;0;0;1;0;0
fidélité;2;0;0;6;0;0;0;1;1
feminicides;0;0;0;2;0;2;3;1;2
farce;0;0;6;3;0;0;0;0;1
familier;2;1;0;0;0;2;3;0;0
facho;0;0;0;1;0;0;2;0;7
f35;0;0;2;8;0;0;0;0;0
explicite;1;0;1;1;0;0;7;0;0
expertise;0;0;0;7;0;0;1;0;2
esquiver;0;1;1;2;0;0;5;0;1
envoler;2;0;0;8;0;0;0;0;0
enfreindre;0;0;3;4;0;0;2;0;0
endormir;1;0;0;4;0;0;0;0;5
endoctriner;2;0;3;0;0;0;4;1;0
endocrinien;0;0;0;10;0;0;0;0;0
endetter;0;0;0;10;0;0;0;0;0
encaisser;1;0;0;7;0;0;1;0;1
emji_tête_qui_parle;4;0;2;0;0;0;1;0;1
emji_trace_de_rouge_à_lèvres;7;0;0;0;0;0;0;0;0
emji_signe_appel_téléphonique_avec_les_doigts;3;0;0;0;0;1;1;0;2
emji_pêche;1;8;0;0;0;1;0;0;0
emji_pouce_vers_le_bas_peau_claire;2;0;0;4;0;0;2;0;1
emji_points_d_exclamation_et_d_interrogation;2;0;5;0;0;0;0;0;0
emji_nuage_avec_neige;6;0;0;1;0;0;0;0;0
emji_feuille_morte;9;0;0;0;0;0;0;0;0
emji_bouteille_de_champagne;5;0;0;0;0;0;4;0;0
emji_bout_des_doigts_joints;4;0;0;2;0;0;1;0;0
emji_argent_dans_les_yeux_et_la_bouche;1;0;0;6;0;0;1;0;0
emji_ampoule;2;0;0;1;0;1;0;0;0
em;0;0;1;5;0;0;1;0;3
elastique;10;0;0;0;0;0;0;0;0
dévoiler;0;0;3;1;0;0;5;0;1
détermination;2;0;1;0;0;0;1;0;6
déstabiliser;1;0;5;1;0;0;2;0;1
désolant;0;0;0;0;0;0;0;0;10
désarmement;0;0;9;0;0;0;0;0;0
dénonciation;0;0;1;3;0;0;1;4;1
démesurer;0;0;2;2;0;0;1;0;5
délicat;1;0;1;1;0;0;2;2;3
défiler;1;0;3;2;0;0;1;1;2
déficit;0;0;0;10;0;0;0;0;0
décombre;0;0;10;0;0;0;0;0;0
décoller;0;0;0;9;0;0;1;0;0
décimer;0;0;6;1;0;1;0;0;2
décadence;1;0;0;2;0;1;0;0;6
drole;4;0;1;0;0;2;1;0;2
drastique;0;0;1;1;1;0;3;0;4
donation;1;0;0;9;0;0;0;0;0
domestiquer;0;0;0;1;7;0;2;0;0
divorcer;1;0;0;4;0;0;0;2;3
division;0;0;1;0;0;0;1;0;4
discriminer;0;0;1;4;0;0;3;1;1
difficilement;0;0;1;6;1;0;1;1;0
difference;1;0;0;6;0;0;2;1;0
dictée;0;0;1;0;0;1;1;1;4
dictatorial;0;0;6;1;0;0;1;0;2
deteste;8;0;1;0;0;0;0;0;0
descendance;4;0;0;2;0;0;0;1;3
cuit;0;0;0;1;1;1;0;0;7
cran;8;0;0;0;0;0;1;1;0
cote;2;1;0;2;0;0;0;1;4
cop30;0;0;3;6;0;0;0;0;0
contrepartie;0;0;0;8;0;0;0;0;2
contraste;1;0;0;6;0;0;2;0;1
consoler;5;0;0;0;0;1;0;1;3
confrontation;0;0;1;5;0;0;3;0;1
condescendance;1;3;0;0;1;0;4;0;1
concurrent;1;0;0;6;0;0;3;0;0
compromis;0;1;2;4;0;0;2;0;1
composant;0;0;2;7;0;0;1;0;0
complexité;0;0;0;0;0;1;8;0;0
compartiment;0;0;0;7;0;0;0;0;0
claquette;9;0;0;0;0;0;0;0;1
clan;0;0;4;1;0;1;4;0;0
cis;0;0;1;0;0;6;0;2;1
ciné;1;0;1;7;0;0;0;0;1
cieux;5;0;2;2;0;0;1;0;0
chui;6;0;0;1;0;0;1;0;2
chronique;0;0;0;9;0;0;1;0;0
christianisme;0;0;2;1;0;0;5;0;2
chiner;0;0;0;10;0;0;0;0;0
che;2;2;0;1;0;0;0;0;1
chaques;1;0;0;7;0;0;0;0;1
chant;6;0;0;1;0;0;1;0;1
chaleureux;2;0;0;6;0;1;0;0;1
chair;5;0;4;0;0;0;1;0;0
certifier;0;0;0;5;0;0;4;0;0
cenovis;10;0;0;0;0;0;0;0;0
catherine;8;0;0;1;0;0;0;1;0
carter;5;1;0;4;0;0;0;0;0
canicule;0;0;0;3;0;0;0;0;7
cacahuète;0;0;1;3;0;1;2;0;3
bûcheron;2;0;0;5;0;0;0;0;2
brin;3;0;1;0;1;0;4;0;1
bricolage;3;0;0;1;0;0;0;5;1
breton;2;1;0;2;0;5;0;0;0
break;7;0;0;0;0;1;0;0;2
braquage;2;0;1;7;0;0;0;0;0
boycott;0;0;6;3;0;1;0;0;0
bouquin;0;0;0;2;0;2;6;0;0
bouillir;2;0;0;2;0;0;5;0;1
boue;2;1;1;0;0;1;0;0;5
bibi;0;0;8;0;0;0;1;0;0
bha;2;0;0;1;0;6;0;0;1
bercer;1;0;0;1;0;2;0;0;6
benet;10;0;0;0;0;0;0;0;0
beh;3;2;1;0;0;1;0;0;3
baver;0;0;0;2;0;1;1;5;1
basket;5;0;0;4;0;0;0;0;1
banal;1;0;0;4;0;0;0;1;4
baguette;0;0;0;5;0;0;2;1;2
bagne;10;0;0;0;0;0;0;0;0
avertissement;0;0;0;4;0;4;1;0;1
autiste;0;0;4;0;0;0;0;0;3
atelier;5;0;0;3;0;0;1;0;1
assassinat;0;0;9;0;0;0;0;0;1
arretez;0;0;5;1;1;0;0;1;2
appartenance;0;0;0;0;1;1;5;0;1
apaisant;10;0;0;0;0;0;0;0;0
anti_démocratique;0;0;4;1;0;0;5;0;0
angle;1;0;1;0;0;2;1;0;5
anarchiste;1;0;4;0;1;0;1;0;1
amical;2;0;1;1;0;0;5;0;1
amerique;0;0;1;7;0;0;0;0;0
ambitieux;2;0;0;4;0;0;0;0;4
amateur;2;0;0;2;0;0;3;2;1
alzheimer;3;0;0;1;0;0;5;0;1
allure;0;0;0;2;3;0;1;1;3
aller_retour;1;0;0;9;0;0;0;0;0
aliou;10;0;0;0;0;0;0;0;0
albanie;0;1;9;0;0;0;0;0;0
ahahaha;6;0;1;0;0;0;1;0;2
agacer;0;0;0;1;0;0;2;0;7
affolant;0;0;0;3;0;0;0;2;5
adversaire;0;0;1;5;0;0;0;0;4
adjectif;0;0;0;0;0;2;8;0;0
adhésion;0;0;0;3;0;1;6;0;0
adepte;0;1;0;5;0;0;1;1;1
accusé;0;0;8;0;0;0;0;0;1
accessoirement;0;1;2;1;0;0;0;0;0
accessoire;1;0;0;2;0;0;0;3;4
abord;1;0;1;4;0;0;0;1;2
5h;0;0;1;2;0;0;0;0;7
5g;0;0;0;10;0;0;0;0;0
1x;0;0;1;5;0;0;1;0;3
étre;1;0;0;1;0;2;2;2;0
étrangler;1;0;0;7;0;0;0;0;1
étonnement;2;0;3;0;1;0;2;0;1
équivalence;0;0;0;7;1;0;1;0;0
équation;0;0;1;4;0;0;1;0;3
éolien;0;0;0;6;0;1;1;0;1
émerveiller;5;0;0;2;0;0;2;0;0
écolier;2;0;0;0;0;0;2;0;5
éclairage;1;0;1;5;0;0;0;0;2
zizi;4;4;1;0;0;0;0;0;0
zara;1;0;0;7;0;1;0;0;0
yo;0;0;0;5;0;0;0;0;2
wokes;1;0;1;0;0;1;6;0;0
with;1;0;2;2;0;3;1;0;0
wait;1;0;1;2;0;0;0;1;2
w;0;1;1;1;0;0;0;0;5
végane;1;0;0;2;5;0;0;0;1
vrille;2;0;0;4;0;0;2;0;1
vieillard;1;0;6;0;0;0;1;0;1
vexer;0;0;0;0;0;0;7;0;2
ve;0;1;3;2;0;0;1;0;2
variation;1;0;0;2;0;0;6;0;0
vanter;1;0;1;2;1;0;3;0;1
vaincre;3;0;2;1;0;0;0;0;2
utilisateur;0;0;1;4;0;0;2;0;2
uber;0;0;0;8;0;0;0;1;0
twint;0;0;0;9;0;0;0;0;0
tuto;4;0;0;0;0;0;4;1;0
tuerie;3;0;4;0;0;0;0;1;1
tube;8;0;0;0;0;0;0;0;0
trentaine;0;0;1;0;1;1;0;0;5
trembler;1;0;0;1;0;3;0;1;3
transfert;0;0;2;7;0;0;0;0;0
tournant;0;0;1;6;0;0;1;0;1
torcher;0;6;1;0;0;0;1;0;1
tom;6;0;1;0;0;0;0;0;1
thématique;1;0;1;3;0;0;0;1;3
terroir;2;0;0;6;0;0;0;0;1
terr0ristes;0;0;9;0;0;0;0;0;0
sébastien;7;0;0;0;0;0;0;0;0
sylvain;9;0;0;0;0;0;0;0;0
swissair;3;0;0;3;0;0;1;0;2
suédois;0;0;5;0;0;3;0;0;1
survêtement;1;1;0;2;0;0;0;0;4
sudan;0;0;9;0;0;0;0;0;0
sucer;4;0;2;1;0;1;1;0;0
stupéfiant;4;0;0;2;0;0;0;0;3
stocker;0;0;0;9;0;0;0;0;0
stipuler;0;0;4;1;1;0;1;0;2
ste;7;0;1;0;0;0;0;0;1
ss;0;0;2;2;0;1;0;0;4
spectaculaire;3;0;1;2;0;0;2;1;0
sous_estimer;0;0;0;5;1;1;0;0;2
sombrer;0;0;1;0;0;0;0;0;8
snap;4;0;0;0;0;1;1;0;1
show;7;0;0;0;0;0;0;1;1
sex;0;1;0;2;0;0;0;5;0
serveur;1;0;0;7;0;0;1;0;0
semi;0;0;0;4;0;0;0;0;5
scolarité;1;0;0;1;0;1;0;1;5
saucisson;0;0;0;2;0;6;0;0;1
saouler;1;0;2;1;0;0;1;2;1
san;2;0;2;4;0;0;0;0;1
samarie;0;0;8;0;0;0;0;0;0
salvador;1;0;0;1;0;0;1;0;1
saigner;1;0;0;2;0;0;0;0;6
rösti;1;0;0;8;0;0;0;0;0
répercuter;0;0;1;6;0;0;1;0;0
réinventer;0;0;1;4;0;0;2;0;1
référer;0;0;0;3;1;0;3;0;1
récupération;0;0;2;4;0;0;1;1;1
rtsioniste;0;0;8;1;0;0;0;0;0
roux;2;0;0;0;7;0;0;0;0
river;0;0;1;1;0;0;2;0;5
revisiter;5;0;0;2;0;0;1;0;1
retoucher;2;0;0;0;0;0;3;0;4
repère;0;0;0;5;0;1;1;0;2
représaille;0;0;8;0;0;0;1;0;0
renvoi;0;0;2;1;0;1;3;1;1
renier;0;0;5;1;0;1;1;0;0
relais;2;0;1;3;0;0;1;0;2
rasciste;0;0;1;0;0;8;0;0;0
racisé;0;0;2;0;0;1;2;2;2
rabattre;2;0;1;4;0;0;1;1;0
quarantaine;1;0;1;1;3;1;0;0;1
qqs;1;0;0;7;0;0;0;0;1
qlq;1;0;1;0;0;0;0;0;6
pérou;1;0;8;0;0;0;0;0;0
péninsule;0;0;9;0;0;0;0;0;0
péché;2;0;1;0;0;0;0;1;4
pudique;2;0;0;0;0;0;1;1;5
ptdrrr;1;0;1;4;0;0;0;1;2
psychologue;0;0;0;1;0;0;0;3;5
psychologiquement;0;0;0;3;1;1;0;0;4
prétendu;0;0;2;2;0;0;5;0;0
précéder;0;0;0;4;0;0;2;0;3
près_des;0;1;0;7;0;0;0;1;0
protocole;0;0;0;4;0;0;0;0;5
protestant;0;0;0;1;0;0;1;2;5
propice;0;0;0;2;0;0;1;0;6
prolonger;1;0;1;2;0;0;0;4;1
professionnalisme;2;0;0;0;0;0;3;0;4
procédé;0;0;2;6;0;1;0;0;0
priori;1;0;0;3;0;0;3;1;1
prefere;1;1;2;3;0;0;0;0;2
poto;1;0;1;0;0;4;2;0;1
posture;1;0;1;0;0;1;3;0;3
positionner;0;0;1;1;0;0;6;0;1
please;7;0;1;0;0;0;0;0;1
planquer;2;0;2;1;0;0;0;1;3
pion;0;0;1;3;0;0;1;0;4
phobie;0;0;0;4;0;5;0;0;0
petit_enfant;0;0;0;1;1;0;1;0;6
perdu;0;0;2;1;0;0;4;1;1
peindre;2;0;0;1;0;1;0;1;4
pb;0;0;0;0;1;0;2;6;0
patineur;8;0;0;0;0;0;0;0;1
paternité;0;0;0;4;0;0;0;5;0
passant;0;0;1;2;0;0;1;0;5
parleur;2;0;0;3;0;1;2;0;1
parapluie;4;0;0;1;0;1;0;1;2
paramètre;0;0;0;6;0;0;2;0;1
paquis;4;3;0;0;0;0;1;0;0
paf;0;0;0;3;1;1;1;0;0
ottoman;0;0;7;1;0;0;0;0;0
opérateur;1;0;0;8;0;0;0;0;0
opter;0;1;0;2;0;0;0;1;5
oppresser;0;0;4;1;0;1;0;0;2
omnivore;0;0;0;3;4;0;1;0;1
offensive;0;0;8;1;0;0;0;0;0
oas;1;0;2;2;0;3;0;0;0
négliger;1;0;0;2;1;0;1;0;4
novartis;0;0;1;7;0;0;0;0;0
noeud;1;0;0;3;0;1;2;0;1
nausée;0;0;4;0;0;5;0;0;0
nanti;0;0;0;8;0;0;1;0;0
nait;1;0;0;1;0;0;0;0;7
météorite;0;0;0;5;0;0;2;0;1
mélanome;2;0;0;2;0;5;0;0;0
médiateur;1;0;8;0;0;0;0;0;0
multimillionnaire;0;0;1;2;0;4;0;0;0
msf;0;0;9;0;0;0;0;0;0
moutre;9;0;0;0;0;0;0;0;0
mousse;0;0;1;7;0;0;0;0;1
motion;0;0;0;2;0;0;7;0;0
monument;0;0;1;2;0;0;1;1;4
moine;1;0;0;1;0;1;0;0;5
modéré;1;0;0;4;0;0;3;0;1
moderniser;1;2;0;6;0;0;0;0;0
mobile;0;0;0;5;0;1;0;0;3
mo;3;0;1;2;0;0;1;0;1
mmm;6;0;0;2;0;0;0;1;0
minuit;1;0;0;7;0;0;0;0;0
minable;0;0;1;1;0;0;1;1;1
militantisme;1;0;1;0;0;1;6;0;0
miette;0;0;1;4;0;0;4;0;0
mdrrrrr;0;0;1;2;0;3;2;1;0
maximal;0;0;0;9;0;0;0;0;0
matraquer;0;0;3;2;0;2;0;1;1
matinée;4;0;0;1;0;0;2;0;2
mas;1;1;2;4;0;1;0;0;0
martigny;7;0;0;2;0;0;0;0;0
marchandise;0;0;1;4;1;1;0;2;0
maquillage;4;0;0;0;0;1;0;4;0
mandarine;6;0;0;0;0;0;0;0;1
magouille;0;0;1;6;0;0;2;0;0
magnifiquement;3;0;0;0;0;0;3;0;3
magazine;2;0;1;0;0;0;3;0;3
mademoiselle;8;0;0;0;0;0;0;0;0
machisme;0;0;0;0;0;0;1;6;0
législation;0;0;2;3;0;0;2;0;2
légaliser;1;0;0;6;0;0;0;1;1
lucratif;0;0;0;8;0;0;1;0;0
louable;0;0;0;1;0;0;3;1;3
laxiste;0;0;1;2;0;0;4;0;2
kms;0;0;2;6;0;0;1;0;0
kevin;0;0;0;2;0;1;0;0;1
jurisprudence;0;0;5;0;0;0;3;0;1
joux;9;0;0;0;0;0;0;0;0
janeiro;1;0;8;0;0;0;0;0;0
insuffisant;0;0;0;4;0;0;1;2;2
instructif;2;0;0;2;0;0;1;0;3
innombrable;1;0;2;2;0;0;1;0;3
infâme;0;0;1;0;0;0;7;0;1
indirectement;0;0;4;5;0;0;0;0;0
indemnité;0;0;0;9;0;0;0;0;0
incroyablement;3;0;0;1;0;2;0;0;3
incitation;0;0;5;0;0;0;3;1;0
incarcérer;1;0;8;0;0;0;0;0;0
imprimer;1;0;1;7;0;0;0;0;0
imposable;0;0;0;8;0;0;0;1;0
immunité;0;0;1;3;0;0;5;0;0
immature;1;0;0;0;0;0;1;6;1
ile;1;0;0;3;0;0;0;5;0
idéaliste;0;0;0;0;0;0;9;0;0
hôtesse;0;0;1;6;0;0;0;0;1
hug;0;0;0;8;0;0;1;0;0
horloger;0;0;0;7;0;1;0;0;0
hockey;1;0;0;0;0;0;3;4;0
hmmm;1;0;0;1;0;5;2;0;0
hip_hop;4;0;0;1;0;0;0;0;3
hihi;9;0;0;0;0;0;0;0;0
hermance;0;0;0;9;0;0;0;0;0
heritage;0;0;1;5;0;0;2;1;0
he;2;0;3;1;0;1;0;0;0
haïti;0;0;0;2;0;1;0;0;0
hardy;9;0;0;0;0;0;0;0;0
hamburger;4;0;0;1;0;0;0;0;4
halloween;0;0;0;8;0;1;0;0;0
gouverneur;0;0;8;0;1;0;0;0;0
gouttière;7;0;0;1;0;0;0;0;1
gogo;3;0;0;5;0;1;0;0;0
gland;0;1;0;4;1;1;0;1;1
gifle;2;0;0;1;0;0;0;0;6
gamme;0;0;0;6;0;0;3;0;0
féminité;5;0;0;1;0;0;0;1;2
fraîcheur;8;0;0;0;0;0;1;0;0
franchir;1;0;1;6;0;0;0;0;1
fragilité;1;0;0;1;0;1;0;0;6
fracture;0;0;0;4;0;0;1;0;3
fortnite;6;0;0;0;0;0;0;0;3
forfait;0;0;0;7;0;0;0;0;0
foin;2;0;0;2;0;0;2;0;3
flou;0;0;1;6;0;0;1;0;1
fleuve;1;0;2;2;0;1;0;0;2
fion;0;6;0;0;0;3;0;0;0
filtrer;0;1;0;2;0;0;6;0;0
filière;0;0;0;2;2;0;3;1;1
filet;2;0;0;1;0;2;1;1;2
fichier;1;0;0;0;0;1;7;0;0
ferroviaire;0;0;1;5;0;0;1;0;1
fe;0;0;1;1;0;0;2;5;0
fauteuil;1;0;0;0;0;1;1;0;6
fatigant;0;0;0;0;0;1;2;0;6
fantôme;0;0;3;4;0;0;0;0;2
fallacieux;0;0;1;3;1;0;4;0;0
factuelle;0;0;0;0;0;0;9;0;0
exécutif;0;0;2;4;0;0;1;0;2
extension;0;0;0;3;0;0;0;0;6
explorer;0;0;1;1;0;1;3;0;2
exciter;0;0;0;1;0;0;2;0;6
example;0;0;1;4;1;0;2;0;1
ever;8;0;0;0;0;0;0;0;1
etres;0;0;0;0;2;0;0;0;7
essentiellement;0;0;2;5;1;0;0;0;1
enthousiasme;2;0;1;0;0;0;3;0;3
enregistrement;2;0;0;0;0;0;7;0;0
enfanter;0;0;0;0;0;0;0;7;0
encyclopédie;1;0;0;0;0;0;8;0;0
emouvant;9;0;0;0;0;0;0;0;0
emoji;0;0;2;2;0;0;2;0;2
emji_visage_persévérant;1;0;0;2;4;0;0;0;0
emji_tulipe;7;0;0;0;0;0;0;0;0
emji_seringue;1;0;0;1;0;2;2;0;1
emji_ruban_de_mémoire;0;0;5;0;0;0;0;0;0
emji_poing_levé_peau_moyennement_claire;2;0;7;0;0;0;0;0;0
emji_poing_de_face;2;0;1;1;0;0;0;0;5
emji_parapluie_avec_gouttes_de_pluie;9;0;0;0;0;0;0;0;0
emji_drapeau_congo_kinshasa;1;0;6;1;0;0;0;0;0
emji_dans_le_mille;1;0;1;0;0;0;2;0;5
emji_cornes_avec_les_doigts_peau_claire;0;0;7;0;0;0;0;0;0
emji_chat_qui_sourit_avec_des_yeux_rieurs;2;0;0;0;0;1;0;0;1
emji_cadeau;8;0;0;0;0;0;0;0;0
emji_bouquet;9;0;0;0;0;0;0;0;0
emji_billet_en_dollars;1;0;1;4;0;0;0;0;0
emji_ballon_de_football;8;0;0;0;0;1;0;0;0
embarquer;0;0;0;4;0;1;0;0;4
effacement;0;0;1;0;0;0;0;0;2
déséquilibre;0;0;0;4;4;0;0;1;0
désordre;0;0;4;0;3;0;0;0;1
désactiver;1;0;1;2;0;0;1;1;3
dérisoire;0;0;1;7;0;0;0;0;1
dépouille;0;0;6;0;0;0;0;0;3
dépit;1;0;0;3;0;0;1;2;2
dépeindre;0;0;3;0;0;1;2;1;1
déontologie;0;0;6;0;0;1;0;0;1
démographique;0;0;0;9;0;0;0;0;0
démenti;0;0;3;1;0;0;4;0;1
dégénéré;2;0;6;0;0;0;0;0;1
défoncer;0;0;2;4;0;0;0;0;3
déduction;0;0;0;8;0;0;1;0;0
déco;3;0;0;2;0;0;0;0;3
décent;0;0;1;5;0;0;0;0;3
dupe;0;0;7;0;0;0;1;0;1
dubaï;0;0;2;4;0;0;1;1;1
dubai;0;0;3;4;0;0;2;0;0
drôlement;1;0;1;0;0;7;0;0;0
doué;5;0;0;0;0;0;0;2;2
douloureux;3;0;0;2;0;0;0;4;0
doubs;6;0;0;3;0;0;0;0;0
doter;0;0;1;1;0;0;2;1;4
doser;1;0;0;3;0;0;0;0;5
docile;0;0;0;3;1;0;0;0;5
distraction;1;0;0;5;0;0;0;0;3
distinct;1;0;1;1;0;0;5;0;1
discernement;0;0;0;2;0;0;5;0;2
directive;0;0;2;3;0;0;1;0;3
dialecte;5;0;0;2;0;0;1;0;0
diagnostiquer;0;0;0;1;0;0;0;0;6
destin;4;0;0;0;0;0;0;0;5
densité;0;0;0;6;0;0;2;0;0
delphine;4;0;0;0;0;0;4;0;0
dej;2;0;0;0;0;6;0;0;1
dan;5;0;1;0;0;0;0;0;0
câlin;5;0;1;1;0;0;0;0;2
culotté;0;0;1;1;0;0;1;6;0
créativité;4;0;0;3;0;0;0;0;2
crucial;0;0;2;5;0;0;0;0;2
croître;1;0;1;7;0;0;0;0;0
crochet;0;0;0;5;0;0;0;0;3
courbe;1;0;0;5;1;0;1;0;0
costard;3;0;0;1;0;5;0;0;0
cost;0;0;0;8;0;0;1;0;0
corse;1;1;0;0;0;0;0;3;3
cornavin;0;1;0;8;0;0;0;0;0
contrôleur;0;0;0;6;0;0;1;0;1
considérable;0;0;1;7;0;0;1;0;0
conservation;1;0;0;6;0;0;1;0;1
consentir;0;0;5;2;0;0;0;1;1
conquérir;1;0;5;2;0;0;0;1;0
concitoyen;2;0;2;1;0;1;1;0;2
comédie;1;0;1;4;0;0;2;0;1
colonisateur;0;0;8;0;0;1;0;0;0
colline;4;0;1;4;0;0;0;0;0
coiffure;2;0;0;0;0;0;0;1;6
clientèle;0;0;0;5;0;0;1;1;2
cissé;9;0;0;0;0;0;0;0;0
cie;0;0;1;2;0;0;5;0;0
chèvre;5;0;0;0;1;1;1;0;1
chauve;9;0;0;0;0;0;0;0;0
cercueil;0;0;0;7;0;0;0;0;0
cct;0;0;0;8;0;0;0;0;1
casquette;2;0;0;1;0;1;1;0;4
cartel;1;0;1;2;0;0;1;1;3
cantonaux;0;0;3;6;0;0;0;0;0
canal;0;1;0;5;0;0;3;0;0
canadien;8;0;1;0;0;0;0;0;0
camille;5;0;0;0;0;0;0;0;3
caleçon;1;5;0;0;0;0;0;2;0
burger;2;0;0;3;1;1;0;0;2
boursier;0;0;6;1;0;0;1;0;1
bouleversant;8;0;0;0;0;0;0;0;1
bouffon;1;0;0;2;0;4;0;0;2
blick;0;0;3;4;0;0;1;0;1
biaisées;0;0;4;0;0;0;4;0;1
bi;2;0;0;3;0;0;1;1;1
berset;1;0;0;2;0;6;0;0;0
bergamote;0;0;0;5;0;3;0;0;0
bcbg;8;0;0;0;0;0;1;0;0
bbc;0;0;2;5;0;0;0;0;0
baron;9;0;0;0;0;0;0;0;0
barbu;2;0;0;0;0;2;0;4;1
bagarre;2;0;0;1;1;1;2;0;2
axe;0;0;5;4;0;0;0;0;0
audio;2;0;1;4;0;0;1;0;0
attrister;1;0;0;4;0;0;0;0;4
attendrissant;8;0;0;1;0;0;0;0;0
assurément;1;0;0;5;0;0;0;0;3
assisté;0;0;0;4;0;1;0;4;0
assimiler;0;0;0;1;0;2;5;0;1
argot;0;0;0;0;0;1;2;0;1
arc;1;0;1;5;0;0;0;0;2
app;0;0;0;4;0;0;5;0;0
anticipé;0;0;0;9;0;0;0;0;0
antan;6;0;0;1;0;0;0;0;2
anecdote;5;0;1;1;0;0;2;0;0
andré;9;0;0;0;0;0;0;0;0
amont;0;0;0;5;0;0;1;0;3
amiante;0;0;0;7;0;0;1;0;1
amer;0;0;0;2;1;0;1;1;4
alarmant;0;0;1;1;0;0;1;2;4
aile;0;0;0;2;0;2;1;0;4
agrandir;0;0;0;6;0;0;0;0;3
adoption;0;0;3;0;0;0;3;0;3
achever;7;0;0;0;0;0;0;0;2
accouchement;0;0;1;1;0;0;0;5;2
abolition;0;0;0;7;0;0;0;2;0
6eme;1;0;0;0;0;0;4;0;1
20h;0;0;0;4;0;5;0;0;0
évier;1;7;0;0;0;0;0;0;0
évaluation;0;0;1;1;0;0;2;0;1
équivaloir;0;0;0;6;0;0;0;1;1
épique;7;0;0;1;0;0;0;0;0
égyptien;0;0;7;1;0;0;0;0;0
égaler;0;0;1;1;0;0;2;4;0
écharpe;1;0;0;7;0;0;0;0;0
échantillon;0;0;0;1;0;0;6;0;1
á;4;0;2;0;0;1;0;0;1
zelensky;0;0;5;1;0;0;1;0;0
white;0;0;1;0;0;6;0;0;1
vulgarité;1;0;0;1;0;0;1;0;5
voyageur;3;0;0;4;0;0;0;0;1
volaille;1;0;0;1;5;0;0;0;1
vignette;3;0;0;3;0;0;1;0;0
vieil;0;0;0;1;0;1;2;3;1
vibration;2;0;0;5;0;0;1;0;0
vanne;4;0;0;2;0;0;0;0;2
valaisanne;8;0;0;0;0;0;0;0;0
unilatéral;0;0;7;0;0;0;0;1;0
télétravail;0;0;0;5;0;0;1;0;2
tristement;2;0;0;0;0;0;0;0;6
triple;0;0;2;2;0;0;2;0;2
traumatisant;0;0;1;0;1;0;0;0;5
transit;0;0;1;3;0;1;1;0;2
tranquillité;3;0;0;1;2;0;1;0;1
traire;2;0;0;0;1;4;1;0;0
traffic;0;0;0;8;0;0;0;0;0
tr;2;0;0;1;0;0;2;1;0
timide;3;0;0;1;0;0;2;0;2
théoriquement;0;0;0;6;0;0;1;0;1
thierry;8;0;0;0;0;0;0;0;0
terrestre;1;0;0;1;1;0;0;0;2
terr;0;0;6;0;0;0;0;0;0
tain;0;0;0;3;0;0;1;2;2
tailler;1;0;1;4;0;0;1;0;1
taguer;3;0;1;1;0;0;1;0;2
system;3;0;4;1;0;0;0;0;0
synthétique;0;0;1;7;0;0;0;0;0
sympathie;2;0;2;2;0;0;0;0;2
suv;0;0;0;8;0;0;0;0;0
susceptible;0;0;1;0;0;6;1;0;0
sursis;1;0;3;4;0;0;0;0;0
support;3;0;0;5;0;0;0;0;0
superflu;2;0;0;6;0;0;0;0;0
superficiel;1;0;0;1;0;1;2;1;2
sui;4;0;0;1;0;0;0;1;1
succéder;0;0;3;2;0;1;1;0;1
string;8;0;0;0;0;0;0;0;0
stabiliser;0;0;0;8;0;0;0;0;0
spécialité;1;0;2;5;0;0;0;0;0
spot;1;0;0;2;0;1;1;1;1
souper;2;0;0;2;0;4;0;0;0
soulagement;0;0;1;4;1;0;0;0;2
souffler;1;0;0;1;0;1;5;0;0
soudainement;0;0;0;6;0;0;2;0;0
soja;0;0;0;0;1;2;0;5;0
snobisme;0;0;0;1;0;5;0;0;2
simplifier;0;0;2;1;0;0;2;2;1
signal;0;0;1;2;0;0;2;0;3
serein;2;0;0;2;0;0;0;0;4
secouer;4;0;1;0;0;0;0;0;3
sebago;8;0;0;0;0;0;0;0;0
schnecks;6;0;0;1;0;1;0;0;0
savourer;4;0;0;2;0;0;0;1;1
savoir_faire;0;0;0;3;0;0;3;0;2
savant;1;0;1;1;0;0;5;0;0
sarko;2;0;5;0;0;1;0;0;0
sandwich;2;0;0;4;0;0;0;0;1
same;4;0;1;1;0;0;0;0;0
sacrément;3;0;0;0;0;4;0;0;1
révélation;5;0;0;0;0;1;2;0;0
révélateur;0;2;0;0;0;0;2;1;3
réducteur;0;0;0;6;0;0;1;1;0
récolte;0;0;1;4;0;0;1;0;2
réacteur;0;0;0;7;0;0;0;0;1
rsa;0;0;0;5;0;0;1;0;2
royal;0;0;0;3;0;0;3;1;1
roquette;0;0;7;0;0;0;0;0;0
rongeur;0;0;0;5;0;1;0;0;2
roland;3;0;0;0;0;0;0;1;2
ressortissant;0;0;1;4;0;0;2;0;1
renois;0;0;5;1;0;0;1;0;0
regrouper;0;0;2;2;0;0;0;0;4
regrettable;1;0;0;2;0;0;1;0;4
regret;7;0;1;0;0;0;0;0;0
registre;0;0;0;4;0;1;2;0;1
region;3;0;5;0;0;0;0;0;0
redistribuer;0;0;0;8;0;0;0;0;0
recourir;0;0;0;4;0;0;0;4;0
rapelle;1;0;1;1;0;4;0;1;0
ramer;1;0;0;0;0;1;0;0;4
rallier;1;0;0;2;0;0;0;0;5
rafale;1;0;2;4;0;0;0;0;1
racket;0;0;6;1;0;0;1;0;0
quête;1;0;0;1;0;0;5;0;1
qualifs;0;0;0;7;0;0;0;0;0
pétillant;6;0;0;2;0;0;0;0;0
pénétrer;0;0;0;2;0;6;0;0;0
purger;0;0;4;1;0;0;0;0;3
pureté;7;0;1;0;0;0;0;0;0
puiser;1;0;2;5;0;0;0;0;0
psychiatrique;0;0;0;1;0;0;2;2;3
psychiatre;0;0;0;1;0;0;1;1;4
psg;1;0;0;4;0;0;2;0;1
ps5;0;0;1;0;0;0;0;0;3
prêtre;0;0;1;0;0;1;6;0;0
prêcher;0;0;2;0;0;0;1;0;5
prévisible;3;0;3;2;0;0;0;0;0
prétentieux;0;0;0;0;0;0;7;1;0
prétendant;0;0;1;0;0;0;5;0;0
présumer;1;0;2;1;3;0;0;0;1
présomption;0;1;0;0;0;0;7;0;0
présidentiel;1;0;1;1;0;2;2;0;1
précaution;0;0;0;0;1;1;2;2;1
préau;8;0;0;0;0;0;0;0;0
provisoire;0;0;5;1;0;0;1;0;1
protecteur;2;0;2;1;0;0;1;1;1
proie;0;0;0;1;2;0;0;1;4
profiteur;0;0;0;6;0;1;1;0;0
proclamer;0;0;4;0;0;0;0;0;4
problems;1;0;3;0;0;0;1;0;0
president;1;0;5;0;0;1;0;0;1
prescrire;0;0;0;7;0;0;0;0;0
pres;1;0;0;3;0;0;2;0;2
premiere;3;0;0;1;0;0;3;0;1
prairie;2;0;0;5;0;0;0;0;1
pou;1;0;4;1;0;0;0;1;1
pop;5;0;0;1;0;0;1;0;1
polo;2;0;0;3;0;0;0;0;3
poire;5;0;0;2;0;0;0;1;0
poing;0;0;0;0;1;4;0;0;3
plancher;4;0;0;3;0;0;0;0;1
pizza;5;0;0;2;0;0;1;0;0
pistolet;0;0;2;2;0;1;1;0;2
pince;0;2;0;4;0;1;0;0;1
phrasé;5;0;0;0;0;1;1;0;1
phone;6;0;0;2;0;0;0;0;0
philosophique;2;0;0;1;0;0;2;1;2
pessimiste;3;0;0;0;0;0;1;0;4
pedophiles;1;0;1;0;0;1;3;0;2
patrouille;0;0;0;4;0;0;0;0;4
pascal;7;0;0;0;0;0;0;1;0
partenariat;0;0;0;7;0;0;0;0;0
paragraphe;0;0;1;0;0;1;6;0;0
papillon;3;0;0;1;2;1;0;0;1
palme;1;0;1;1;0;0;1;0;1
ouïghours;0;0;7;1;0;0;0;0;0
ouragan;1;0;0;1;0;0;0;1;3
ortie;6;0;1;0;0;0;0;0;1
orphelin;2;0;2;2;0;0;0;0;2
ordi;0;2;0;3;0;2;1;0;0
optimisation;0;0;0;7;0;0;1;0;0
opportuniste;0;0;2;2;2;0;1;0;1
once;3;0;3;0;0;0;1;0;1
olp;0;0;8;0;0;0;0;0;0
ohhhh;7;0;0;0;0;0;0;0;1
odieux;0;0;0;1;0;3;1;1;2
obsolète;1;0;2;4;0;0;0;1;0
observation;1;0;2;1;0;1;1;0;2
nuque;0;4;0;1;0;1;0;0;2
notoriété;0;0;3;0;0;0;5;0;0
normaliser;0;0;1;2;1;0;0;4;0
nocturne;0;0;1;5;1;0;0;0;0
nivellement;0;0;0;4;0;0;3;0;1
nike;4;0;0;1;0;0;1;0;1
niche;0;0;0;8;0;0;0;0;0
negro;0;0;0;0;0;8;0;0;0
narcissique;0;0;1;1;0;0;0;1;5
météorologique;0;0;0;7;0;0;0;0;1
méritant;1;0;1;5;0;0;1;0;0
méprisant;0;0;0;0;0;3;1;0;4
méconnaissance;0;0;1;1;0;0;4;0;2
musclé;2;0;1;0;0;0;1;4;0
municipalité;0;0;0;4;0;0;0;0;4
mozart;6;0;0;1;0;0;0;0;1
moulin;2;0;0;3;0;0;2;0;1
moralisateur;0;0;0;0;0;1;2;0;5
ministère;0;0;4;4;0;0;0;0;0
minime;1;0;0;3;0;0;1;2;1
meule;2;0;0;1;0;0;5;0;0
mentalement;0;0;0;0;0;0;2;4;2
matérialiste;6;0;0;0;0;0;0;0;2
marron;1;0;0;3;0;3;0;0;1
marmotte;1;4;0;0;0;1;0;0;2
manquant;0;0;1;1;0;2;1;0;3
manager;0;0;0;4;0;0;4;0;0
mali;0;0;8;0;0;0;0;0;0
madeleine;7;0;0;0;0;0;0;0;0
mac;0;0;1;7;0;0;0;0;0
légèreté;5;0;0;0;0;0;0;0;3
léa;8;0;0;0;0;0;0;0;0
lá;1;0;0;5;0;0;0;0;2
lustre;2;0;0;2;0;0;4;0;0
lucerne;1;0;0;5;0;0;1;0;1
lourdement;0;0;2;2;1;0;1;0;2
ll;1;0;0;2;0;0;5;0;0
liquidité;0;0;0;8;0;0;0;0;0
lapider;0;0;5;1;0;0;0;1;1
lacs;4;0;0;2;0;1;0;0;1
kucholl;8;0;0;0;0;0;0;0;0
karma;2;0;0;0;5;0;1;0;0
jvais;0;0;0;2;5;1;0;0;0
justesse;3;0;0;1;0;1;1;0;2
jusqu_aux;1;0;5;1;0;1;0;0;0
jupon;5;0;0;2;0;0;0;1;0
ivano;8;0;0;0;0;0;0;0;0
islande;0;0;4;2;0;0;1;0;0
invivable;1;1;1;5;0;0;0;0;0
investisseur;0;0;0;6;0;0;1;0;1
intègre;0;0;0;0;0;0;1;3;4
interminable;1;0;2;4;0;0;0;0;1
intensifier;0;0;2;5;0;0;0;0;1
ingrédient;1;0;0;6;0;0;1;0;0
ingrat;1;0;0;3;0;0;1;0;3
infime;0;0;1;3;0;0;2;0;2
indépendamment;0;0;1;1;0;1;1;4;0
individualiste;0;0;0;0;0;0;0;3;5
incel;0;0;0;0;0;1;1;2;4
inattention;0;0;0;6;0;0;1;0;1
implicite;0;0;1;0;1;0;4;0;2
impacté;0;0;0;5;0;0;0;1;2
immigrant;3;0;1;4;0;0;0;0;0
illégalité;0;0;2;4;0;0;0;1;1
illogique;1;0;0;3;0;0;1;1;2
illimité;0;0;1;7;0;0;0;0;0
idiotie;1;0;1;3;0;1;1;0;1
hystérique;0;0;2;1;0;0;1;4;0
hypothèse;0;0;0;3;0;0;5;0;0
hymne;4;0;0;1;0;1;1;0;1
huître;5;0;0;0;0;1;0;0;2
humoristique;0;0;0;0;0;7;1;0;0
humainement;0;0;0;2;0;0;0;1;4
hubert;8;0;0;0;0;0;0;0;0
hospice;0;0;0;7;0;0;0;1;0
honorable;4;0;1;1;0;0;1;0;1
homosexuel;1;0;5;0;0;0;2;0;0
hilarant;4;0;0;1;0;1;1;1;0
help;6;0;1;0;0;0;0;1;0
hate;6;0;0;2;0;0;0;0;0
harcelement;0;0;0;0;0;0;1;1;6
habitation;0;0;2;5;0;0;1;0;0
gén0cide;0;0;8;0;0;0;0;0;0
guider;0;0;0;5;0;0;1;0;2
gronder;1;0;0;0;0;0;2;0;5
grenouille;1;0;0;0;0;1;1;1;3
greenwashing;0;0;0;8;0;0;0;0;0
graisse;2;0;0;2;0;4;0;0;0
gourmand;2;0;0;5;0;0;0;0;1
gober;0;0;2;0;0;0;3;1;2
globales;0;0;0;6;0;0;0;0;1
gigantesque;1;0;0;6;0;0;1;0;0
gerber;1;0;0;1;0;0;0;1;0
gazaoui;0;0;6;1;0;0;0;0;1
gaulois;0;3;0;3;0;0;1;0;1
gas;2;0;0;3;0;0;0;0;3
games;7;0;0;0;0;0;0;0;0
galérer;0;0;0;4;0;0;4;0;0
frôler;0;0;0;7;0;0;1;0;0
froisser;0;0;2;0;0;5;0;1;0
friendzone;0;0;0;0;0;0;0;7;1
francois;5;0;0;2;0;0;1;0;0
fragiliser;0;0;0;4;1;0;1;0;2
foutu;2;0;1;0;0;0;0;0;5
formulation;1;0;0;3;0;2;1;0;1
fondamentalement;0;0;1;1;1;0;1;1;3
fn;1;0;0;1;0;5;0;0;0
flûte;4;0;0;2;0;0;0;0;1
fluide;0;0;0;2;0;2;3;0;1
floyd;5;0;0;0;0;0;1;0;1
flocon;4;0;0;2;0;0;0;0;2
flatter;1;0;0;1;0;1;1;0;1
flamme;0;0;0;1;0;0;2;0;5
finesse;6;0;0;0;0;0;1;0;1
fictif;0;0;2;2;0;0;4;0;0
ficelle;4;0;1;1;0;0;0;0;2
façonner;0;0;0;3;0;0;2;0;3
farfelu;3;0;0;0;0;0;4;1;0
fantasmer;0;0;0;0;0;0;1;5;2
faisable;0;0;0;5;0;0;1;0;2
fade;0;0;0;5;0;1;0;0;2
fabricant;1;0;1;5;0;0;0;1;0
extrémisme;0;0;3;0;0;0;0;1;3
extrait;0;0;1;0;0;0;2;0;0
exporter;1;0;0;7;0;0;0;0;0
exil;0;0;2;4;0;0;1;0;1
exaction;0;0;7;0;0;0;1;0;0
escroquerie;0;0;0;7;0;0;0;0;0
escale;0;0;0;4;0;0;0;0;3
envier;3;0;2;1;0;0;1;0;1
entraver;0;0;2;0;0;1;0;0;5
enrichissement;0;0;1;6;1;0;0;0;0
emprise;0;0;1;3;0;0;0;2;2
emmen;5;0;0;0;0;0;0;0;0
emji_voiture;1;0;0;7;0;0;0;0;0
emji_visage_secoué;0;0;6;2;0;0;0;0;0
emji_visage_faisant_un_bisou_avec_les_yeux_fermés;7;0;0;0;0;0;1;0;0
emji_visage_avec_masque;0;5;0;0;0;0;0;0;1
emji_visage_aux_yeux_rieurs_faisant_un_bisou;1;0;0;1;0;0;1;0;0
emji_v_de_la_victoire_peau_moyennement_claire;6;0;0;0;0;0;1;1;0
emji_v_de_la_victoire_peau_claire;0;0;5;0;1;0;1;0;1
emji_tête_secouée_verticalement;5;0;1;1;0;0;0;0;1
emji_singe_ne_rien_dire;5;0;0;1;1;0;0;0;1
emji_rat;0;0;0;1;1;0;0;0;1
emji_plus;4;0;0;2;0;0;0;0;0
emji_part_de_fromage;7;0;0;1;0;0;0;0;0
emji_médaille_d_or;8;0;0;0;0;0;0;0;0
emji_moai;0;0;0;2;0;5;0;0;0
emji_main_avec_index_et_pouce_croisés;0;0;3;0;0;0;4;0;0
emji_fantôme;3;0;3;1;0;0;0;0;1
emji_chouette;8;0;0;0;0;0;0;0;0
emji_cerveau;3;0;0;1;0;1;1;0;2
emji_bout_des_doigts_joints_peau_claire;1;0;1;1;0;0;0;0;3
emji_balance_à_poids;0;0;6;2;0;0;0;0;0
elbit;0;0;6;2;0;0;0;0;0
el;0;2;2;0;1;1;2;0;0
ed;1;0;1;0;0;0;1;3;1
ecouter;5;0;0;0;0;0;1;0;1
ecolos;0;0;0;7;1;0;0;0;0
eco;0;0;0;5;0;0;1;0;2
désinformation;2;0;0;2;0;0;4;0;0
désespéré;2;0;2;2;0;0;1;0;1
déportation;0;0;8;0;0;0;0;0;0
dénuer;0;0;0;3;0;0;2;0;3
démesuré;0;0;0;5;0;0;1;1;1
délétère;0;0;1;3;0;0;0;3;1
défunt;2;0;0;3;0;0;1;0;2
déferler;6;0;0;0;0;1;1;0;0
décoration;3;0;0;3;0;1;0;0;1
déchéance;0;0;1;4;0;0;2;0;1
décapiter;0;0;6;0;0;0;0;0;2
débiter;0;0;1;2;0;0;1;0;2
dureté;0;0;0;3;0;0;1;0;4
dragon;3;0;0;1;1;0;0;0;3
drag;8;0;0;0;0;0;0;0;0
douanier;0;0;1;7;0;0;0;0;0
dorénavant;1;0;1;0;0;2;1;1;2
dj;5;0;0;0;0;2;1;0;0
disproportionner;0;0;0;4;1;0;0;1;2
disparités;0;0;0;8;0;0;0;0;0
discutable;2;0;0;2;0;0;4;0;0
discrétion;5;0;0;1;0;0;0;0;2
diplômé;0;0;0;2;0;0;1;1;4
digital;0;0;0;7;0;0;0;0;0
dentaire;1;0;0;6;0;0;0;1;0
denrée;0;0;1;6;0;0;1;0;0
defendre;0;0;5;1;0;0;0;0;2
darius;7;0;0;0;0;0;0;0;1
cédric;6;0;0;0;0;0;1;0;1
cuir;2;0;0;4;0;1;0;0;1
crémation;0;0;0;5;0;0;2;0;1
croisière;1;0;6;1;0;0;0;0;0
costa;1;0;0;1;0;0;0;1;0
corne;1;0;0;0;5;1;0;0;1
coquin;8;0;0;0;0;0;0;0;0
coq;1;0;0;4;0;1;0;0;1
convoquer;1;0;1;3;0;1;0;0;2
controversé;0;0;2;2;0;0;4;0;0
contre_productif;0;0;0;0;0;0;3;0;5
contestation;0;0;0;0;0;0;1;0;7
consigner;0;4;0;4;0;0;0;0;0
conquête;1;0;3;0;0;0;0;1;2
connard;1;0;1;0;0;6;0;0;0
connaisseur;6;0;0;0;0;0;2;0;0
congelé;0;0;0;8;0;0;0;0;0
confrère;1;0;6;0;0;0;0;0;1
compteur;0;0;1;7;0;0;0;0;0
complexer;2;0;0;0;0;1;2;1;2
compatible;0;0;0;3;1;0;3;1;0
communautaire;0;0;0;1;0;0;1;1;5
come;5;1;0;0;0;0;1;0;1
cola;0;0;0;8;0;0;0;0;0
coiffer;8;0;0;0;0;0;0;0;0
cocaïne;2;0;0;5;0;0;0;0;1
climatisation;0;0;0;6;0;0;0;0;2
clarté;2;0;2;0;0;0;4;0;0
civisme;0;0;0;1;0;0;3;0;4
circuit;1;0;0;6;0;0;0;0;1
cinquantaine;0;0;2;0;0;1;0;5;0
cimetière;3;0;3;1;0;1;0;0;0
cil;0;0;0;0;0;1;2;0;5
chêne;3;0;0;4;0;0;1;0;0
chopper;0;0;0;1;0;5;0;0;2
chimie;0;0;0;3;2;0;0;0;2
charia;1;0;2;0;0;0;0;4;0
chapuisat;3;0;0;0;0;2;0;0;3
chapitre;1;0;3;1;0;1;0;0;2
chagrin;6;0;0;0;0;0;1;0;1
cervelas;6;0;0;2;0;0;0;0;0
centrer;0;0;0;1;0;0;2;4;1
celà;1;0;0;2;2;0;1;0;2
causalité;0;0;0;1;0;0;6;0;0
catholicisme;0;0;0;0;1;0;7;0;0
catho;0;0;1;0;0;0;0;0;7
carnage;0;0;3;0;0;3;1;0;1
cambrioleur;0;0;2;0;0;4;0;0;2
call;0;0;0;1;0;7;0;0;0
cagoulé;0;0;5;2;0;1;0;0;0
cadence;0;0;0;5;0;1;0;0;1
cabinet;1;1;1;3;0;0;1;0;1
bénévole;0;0;1;4;1;0;1;0;1
bénéficiaire;0;0;1;6;0;0;1;0;0
by;0;0;8;0;0;0;0;0;0
brouillard;0;0;0;1;0;4;0;0;3
branler;0;0;0;1;0;3;1;0;3
boutonneux;1;1;0;0;0;0;0;0;6
bouffée;1;0;0;2;0;0;0;1;4
boucler;2;0;0;3;0;1;1;0;1
borne;3;0;0;1;0;0;1;0;1
boeuf;1;0;0;6;0;0;0;0;1
bodycam;0;0;1;1;0;2;3;1;0
body;4;0;0;1;0;1;0;1;1
blé;0;0;0;6;1;0;0;0;1
bluffer;8;0;0;0;0;0;0;0;0
blocage;0;0;1;1;0;0;2;0;4
blanchir;0;0;6;2;0;0;0;0;0
blabla;0;0;0;7;0;0;0;0;1
bise;6;0;0;2;0;0;0;0;0
biologiste;0;0;0;2;6;0;0;0;0
bienfait;1;0;0;3;0;0;3;0;1
biche;0;0;0;1;6;0;0;0;1
biaiser;0;0;4;0;0;1;3;0;0
belle_lurette;0;0;2;0;1;1;0;2;2
basculer;0;0;0;4;0;0;0;1;3
barème;0;0;1;6;0;0;1;0;0
barreau;1;0;1;1;0;5;0;0;0
barcelone;2;0;0;5;0;0;0;0;1
banlieue;4;0;0;0;0;0;1;0;3
bamboula;0;0;0;0;0;4;1;0;0
bal;0;1;1;5;0;0;1;0;0
baffe;0;0;0;0;0;0;1;0;7
back;6;0;1;0;0;0;1;0;0
aïeul;5;0;0;0;0;0;0;1;2
autochtone;0;0;5;1;1;0;1;0;0
aubépine;4;0;0;0;0;0;1;0;0
auberge;0;0;2;0;0;0;0;4;1
atlantique;1;0;1;3;0;0;2;0;1
assigner;0;0;1;1;0;0;2;3;1
arménien;1;0;5;0;0;1;0;0;1
are;0;0;5;0;0;1;1;0;1
arafat;0;0;8;0;0;0;0;0;0
apte;1;0;0;1;0;0;2;1;2
anxiété;1;0;0;4;0;0;1;0;2
antifa;1;0;5;0;0;0;1;0;1
anormal;0;0;0;6;2;0;0;0;0
anodin;0;0;2;1;0;1;3;0;1
annee;3;0;0;1;0;3;1;0;0
analphabète;0;0;3;0;0;0;3;0;2
ambulance;0;0;2;0;0;2;1;0;3
ambiant;1;0;1;1;0;0;0;1;4
aléatoire;0;0;1;5;0;0;1;0;1
allusion;1;0;1;0;0;0;1;0;5
allergie;0;0;0;5;0;0;0;0;3
alcoolisé;0;0;0;0;0;0;6;1;1
albédo;0;0;0;8;0;0;0;0;0
ailleur;1;0;1;1;0;5;0;0;0
agricole;0;0;2;6;0;0;0;0;0
agissement;0;0;7;0;0;1;0;0;0
affilier;0;0;1;2;0;0;4;0;1
affectueux;5;0;0;0;0;0;0;0;3
advenir;0;0;4;2;1;0;0;0;1
adultère;0;0;0;1;0;0;1;3;0
additionner;0;0;1;7;0;0;0;0;0
additif;2;0;0;6;0;0;0;0;0
addicts;0;0;0;3;0;0;0;0;5
acquisition;1;0;2;5;0;0;0;0;0
acier;5;0;0;3;0;0;0;0;0
acharner;0;0;3;0;1;0;2;0;2
accentuer;0;0;0;3;0;0;0;0;5
abîmer;1;0;1;2;0;0;0;0;4
absorber;0;0;0;7;0;0;1;0;0
abondant;1;0;0;7;0;0;0;0;0
abject;0;0;3;0;0;0;0;1;4
4x4;0;0;0;7;0;0;0;0;1
4h;0;0;0;4;0;2;0;0;2
15h;0;0;3;3;0;0;1;0;1
10k;0;0;0;8;0;0;0;0;0
ôter;0;0;1;2;0;0;1;0;3
éveil;1;0;0;1;0;0;0;1;4
évasion;1;0;0;6;0;0;0;0;0
évaluer;1;0;0;1;0;0;5;0;0
étymologie;0;0;0;0;0;6;1;0;0
étalage;0;0;0;3;0;2;2;0;0
épée;0;0;1;1;0;0;3;0;2
épuisant;0;0;0;1;0;1;0;0;1
énoncer;0;0;0;3;0;0;0;2;2
énième;0;0;0;1;0;1;4;1;0
émotionnellement;0;0;1;1;0;1;1;1;2
éloquent;4;0;0;0;0;0;0;1;2
élargir;1;0;2;3;0;0;0;0;1
élaborer;0;0;0;5;0;0;2;0;0
égarer;1;0;1;1;0;1;3;0;0
écrasant;0;0;2;5;0;0;0;0;0
écouteur;4;0;0;1;0;0;0;0;1
économiste;0;0;0;3;0;1;1;0;1
éclat;5;0;1;0;0;0;0;0;1
échappement;0;0;0;7;0;0;0;0;0
â;3;0;0;0;0;2;1;1;0
zélande;0;0;0;7;0;0;0;0;0
zhommes;3;0;0;0;0;0;4;0;0
yasser;0;0;7;0;0;0;0;0;0
yacht;1;0;0;6;0;0;0;0;0
word;0;1;0;0;0;4;1;0;1
wifi;3;0;0;4;0;0;0;0;0
whataboutisme;0;0;3;1;0;0;3;0;0
west;2;0;2;0;0;0;2;0;1
weekend;0;0;0;0;0;0;5;0;2
washing;0;0;0;2;1;0;2;1;1
vérifiable;0;0;0;4;0;0;3;0;0
véhiculer;0;0;0;0;0;0;5;1;1
véganes;0;0;0;2;0;1;2;0;1
vss;0;0;0;2;0;0;1;4;0
volet;4;0;0;0;0;0;2;0;1
violon;1;0;0;6;0;0;0;0;0
violenter;0;0;1;0;1;0;0;3;2
viennoiserie;5;0;0;2;0;0;0;0;0
vidy;6;0;0;0;0;0;0;0;1
videos;2;0;1;0;0;0;1;0;3
vibe;6;0;0;1;0;0;0;0;0
veto;0;0;4;1;0;0;0;0;2
vernier;0;0;0;7;0;0;0;0;0
vaudoises;4;0;0;3;0;0;0;0;0
validation;0;0;1;0;0;0;4;1;1
vain;0;0;3;0;0;0;2;1;1
ustensile;0;2;0;2;0;2;1;0;0
ui;2;0;0;4;0;1;0;0;0
u15;0;0;0;6;0;0;0;1;0
trompette;7;0;0;0;0;0;0;0;0
trolley;5;0;0;0;0;0;0;0;1
trip;0;0;0;1;0;5;0;0;0
tricot;6;0;0;0;0;0;0;0;1
tribu;0;0;3;0;0;0;4;0;0
trentenaire;3;0;0;1;0;1;0;0;2
traître;0;0;4;0;0;0;1;0;2
traquer;0;0;1;1;5;0;0;0;0
transporteur;0;0;0;6;0;0;0;0;0
tracer;0;0;0;3;0;0;0;1;2
toustes;0;1;3;1;0;0;0;0;1
touristique;0;0;0;6;0;0;0;0;1
toujour;0;0;0;1;0;1;1;0;4
tornade;0;0;1;0;1;0;1;0;1
tondre;1;0;1;2;2;0;0;0;1
tokyo;2;0;1;3;0;0;1;0;0
tirage;0;0;0;3;0;0;0;0;4
timing;1;0;0;2;0;0;0;1;3
thérapeutique;0;0;0;4;0;0;0;0;2
thunberg;0;0;5;0;0;0;1;0;1
temple;2;0;1;0;0;0;1;0;3
tax;0;0;0;6;0;0;1;0;0
taule;0;0;7;0;0;0;0;0;0
tate;0;0;0;0;5;0;0;2;0
tartine;5;0;0;0;0;2;0;0;0
tank;0;0;5;1;0;0;1;0;0
sévèrement;0;0;5;1;0;0;0;0;1
sévices;0;0;5;1;0;0;0;0;1
séduisant;5;0;0;1;0;0;1;0;0
séduire;0;0;0;0;0;0;2;5;0
sécuritaire;0;0;2;2;0;0;0;0;3
systeme;0;0;0;2;0;1;2;0;1
syrien;0;0;5;1;0;0;0;0;1
syntaxe;0;0;0;0;0;0;7;0;0
susciter;0;0;1;0;0;0;3;0;3
surpasser;0;0;0;0;0;0;0;3;4
surment;1;0;0;0;0;1;4;0;1
surdoué;2;0;0;0;0;0;1;0;1
supériorité;0;0;1;0;0;0;1;3;2
suprématie;0;0;2;2;0;0;1;0;1
supplément;2;0;0;3;0;1;0;0;1
sundhage;0;0;0;0;0;0;1;5;1
subsister;0;0;1;1;0;0;2;1;2
stéréotype;1;0;0;0;0;0;0;1;2
stimuler;3;0;0;2;0;0;1;1;0
spéculer;0;0;0;3;0;0;4;0;0
spéculation;0;0;0;7;0;0;0;0;0
spécificité;0;0;0;7;0;0;0;0;0
sponsor;0;0;0;4;0;0;2;0;1
spectre;0;0;2;0;0;0;2;0;3
sourate;0;0;2;0;0;0;5;0;0
snowboard;2;0;0;3;0;1;0;0;1
sncf;1;0;0;2;0;1;0;0;3
skate;7;0;0;0;0;0;0;0;0
sisi;0;0;0;1;0;2;0;4;0
sieste;2;0;1;0;2;0;1;1;0
shooter;0;0;0;0;1;1;1;1;3
servette;0;0;0;6;0;0;0;0;1
schlap;7;0;0;0;0;0;0;0;0
sanguinaire;0;0;7;0;0;0;0;0;0
réthorique;1;0;1;1;0;0;0;0;3
rémunération;0;0;0;4;0;0;1;1;1
réintégrer;0;0;2;4;0;0;0;0;1
régulier;0;0;3;0;0;0;0;0;3
réglementer;0;0;0;7;0;0;0;0;0
réconfortant;3;0;1;1;0;0;1;0;1
réactionnaire;1;0;1;0;0;1;0;2;2
rupture;0;0;0;7;0;0;0;0;0
royalement;0;0;0;4;0;1;1;0;1
roy;7;0;0;0;0;0;0;0;0
rowling;0;0;0;1;0;0;6;0;0
ronde;3;0;0;0;0;1;2;1;0
romantique;2;0;0;1;0;0;0;4;0
roh;1;0;0;0;0;0;0;1;5
rodéo;0;0;0;0;2;5;0;0;0
rhône;0;1;0;5;0;0;1;0;0
retomber;1;0;0;4;0;0;0;0;2
restreint;0;0;1;1;0;0;2;2;1
restaurer;1;1;0;1;0;1;1;0;2
ressusciter;4;0;2;1;0;0;0;0;0
ressemblant;2;0;0;5;0;0;0;0;0
respiratoire;0;0;0;3;1;0;1;1;1
requérir;1;0;0;4;0;0;1;0;1
repérer;0;0;0;2;0;0;4;0;1
renouvellement;0;0;0;7;0;0;0;0;0
renommer;1;0;0;1;0;5;0;0;0
renaud;4;0;0;2;0;0;0;0;1
remplaçant;1;0;0;2;0;4;0;0;0
remake;0;0;4;1;0;0;0;0;1
relater;0;0;2;0;0;0;4;0;1
reflexion;1;0;1;2;1;0;1;0;0
recre;4;0;0;1;0;0;0;0;2
recommandation;0;0;0;4;0;1;1;0;1
rassasier;1;0;0;0;4;0;0;0;2
raquette;1;0;0;2;0;0;0;0;0
rancoeur;0;0;0;0;0;0;2;0;5
ralenti;0;0;0;4;0;0;1;0;2
raie;0;2;0;4;0;0;1;0;0
raide;3;0;0;1;0;0;0;1;1
radin;0;0;0;7;0;0;0;0;0
radicalement;0;0;0;0;0;0;6;0;1
raclettes;7;0;0;0;0;0;0;0;0
rac;1;0;5;0;0;0;0;0;1
quiétude;3;0;0;0;0;0;1;1;2
quelqu;0;0;0;1;0;0;4;1;1
quantique;0;0;0;1;0;1;2;1;2
péril;0;0;1;3;0;1;0;1;1
pâques;4;0;0;0;0;1;1;0;0
ptits;0;0;0;1;0;5;0;0;1
ptite;3;0;0;0;0;0;2;1;1
psycho;1;1;0;3;0;0;1;1;0
prévaloir;0;0;3;2;0;0;0;2;0
préoccupant;0;0;0;3;0;0;1;1;2
prospérité;1;0;0;5;0;0;0;0;1
proprio;1;1;0;4;0;1;0;0;0
profiler;0;0;1;0;0;1;3;2;0
probabilité;0;0;0;6;0;1;0;0;0
primitif;0;0;0;0;0;0;0;4;3
pp;1;0;1;0;0;0;1;4;0
portail;3;0;0;1;0;0;0;0;3
porsche;0;0;0;6;0;0;1;0;0
porchet;7;0;0;0;0;0;0;0;0
populariser;0;0;0;5;0;1;1;0;0
poliment;0;0;0;0;0;0;1;0;6
polaire;1;0;0;6;0;0;0;0;0
poignarder;0;0;0;1;0;1;0;1;4
poignant;4;0;3;0;0;0;0;0;0
plumer;1;0;0;3;1;0;0;0;2
plot;1;0;1;0;0;1;0;0;3
pli;0;0;0;2;0;0;1;0;4
platistes;0;0;0;0;0;0;6;0;1
plaisanterie;1;0;0;2;2;1;1;0;0
piratage;1;0;0;5;0;0;1;0;0
pill;0;0;0;0;1;0;3;3;0
piaggio;7;0;0;0;0;0;0;0;0
pi;1;0;0;3;0;1;0;0;2
persécution;0;0;7;0;0;0;0;0;0
pensant;0;0;0;1;0;0;3;1;2
pensance;0;0;0;0;0;1;5;0;1
pen;0;0;2;0;0;4;1;0;0
pelle;0;0;0;4;0;0;2;0;1
peiner;0;0;0;3;0;0;0;0;4
pck;0;1;1;3;0;2;0;0;0
payement;0;0;0;3;0;1;2;0;0
patronat;0;0;0;6;0;1;0;0;0
patisserie;1;0;0;0;0;4;1;0;1
patiner;5;0;0;0;0;0;0;0;2
partial;0;0;5;0;0;0;2;0;0
parité;2;0;0;1;0;0;0;4;0
pack;4;0;0;0;0;0;1;0;2
oulala;5;0;0;0;0;0;1;0;1
oslo;0;0;5;1;0;0;0;0;0
oscar;0;0;1;0;0;1;1;0;2
opérationnel;3;0;0;4;0;0;0;0;0
optimiser;0;0;0;5;0;0;0;0;2
offensant;0;0;0;0;0;6;0;0;1
octroyer;0;0;0;3;0;0;0;1;3
obéissant;0;0;0;0;0;0;0;1;6
négligence;1;1;0;4;0;0;0;0;1
négativement;0;0;1;3;0;0;1;0;2
ny;1;0;3;1;0;0;1;0;1
nutriment;0;0;0;4;3;0;0;0;0
noyau;2;0;0;3;0;0;0;0;2
now;2;0;0;1;0;4;0;0;0
notable;0;0;1;3;0;0;1;0;2
norvégien;0;0;1;1;0;1;2;0;1
normandie;1;0;0;6;0;0;0;0;0
nique;2;0;0;4;0;0;0;0;1
nendaz;7;0;0;0;0;0;0;0;0
nazisme;0;0;5;1;0;0;1;0;0
naze;2;0;0;2;0;0;1;0;2
mûr;0;0;0;1;0;2;4;0;0
métis;3;0;1;0;0;2;0;0;0
mémère;3;0;0;1;1;1;0;0;0
mémorable;7;0;0;0;0;0;0;0;0
médiéval;0;0;0;3;0;0;2;0;1
ms;2;0;0;0;1;0;1;1;2
moutarde;6;0;0;1;0;0;0;0;0
mourrir;0;0;0;6;0;1;0;0;0
mosquée;1;0;3;0;0;1;1;0;0
moralité;0;0;0;6;0;0;0;0;1
moqueur;1;0;0;0;0;0;3;1;2
monothéiste;0;0;6;0;0;0;0;1;0
mondialiste;2;0;0;0;0;2;1;0;2
monaco;0;0;0;7;0;0;0;0;0
moitié_moitié;7;0;0;0;0;0;0;0;0
modernité;3;0;0;0;0;0;3;0;1
mn;1;0;0;4;0;0;0;0;0
misandre;0;0;0;0;0;4;0;2;0
mioche;0;0;0;7;0;0;0;0;0
minéral;0;0;0;5;0;0;1;0;1
migratoire;0;0;1;5;0;0;0;0;1
micro_ondes;0;0;0;1;0;6;0;0;0
mexicain;3;0;3;0;0;0;0;0;1
medias;0;0;1;1;0;5;0;0;0
mcdonald;3;0;0;2;0;0;0;0;1
mc;2;0;1;1;0;0;1;0;2
maurice;2;0;1;2;0;0;1;1;0
maudit;5;0;0;0;0;1;0;0;1
martyr;0;0;5;0;0;0;0;0;2
marseillais;4;0;0;0;0;1;1;0;0
marionnette;0;0;1;0;0;0;2;0;3
marginaliser;0;0;1;2;0;0;0;0;4
marche;0;0;0;0;0;1;0;0;6
manor;6;0;0;0;0;0;0;0;1
mamy;3;0;0;1;1;0;1;0;0
malveillant;0;0;1;2;0;0;0;3;1
maldives;0;0;1;6;0;0;0;0;0
malaisant;4;0;0;0;0;1;0;1;1
maintien;0;0;3;4;0;0;0;0;0
mainstream;0;0;0;0;0;1;6;0;0
maigrir;1;0;0;0;0;0;0;0;6
maghreb;0;3;2;2;0;0;0;0;0
mage;5;0;0;0;0;1;1;0;0
madagascar;2;1;2;1;0;0;1;0;0
lâche;0;0;0;0;0;5;1;0;0
luge;7;0;0;0;0;0;0;0;0
ludique;1;0;0;2;0;0;1;0;3
lsd;2;0;1;0;0;0;0;1;3
loins;0;0;3;4;0;0;0;0;0
logiquement;0;0;4;3;0;0;0;0;0
livret;3;0;1;0;0;0;1;0;1
lisse;1;0;0;3;0;0;1;0;2
lion;4;0;0;0;0;0;0;0;2
limitrophe;0;0;1;3;0;0;2;0;1
likes;0;0;2;0;1;0;4;0;0
leysin;4;0;0;1;0;0;0;0;1
levain;0;0;0;6;0;0;0;0;0
lenteur;1;0;0;1;0;3;0;1;1
lego;2;0;0;4;0;0;0;0;1
leader;1;0;5;0;0;1;0;0;0
lavaux;1;0;0;3;0;0;1;0;2
lassant;0;0;2;0;0;3;1;1;0
laitier;0;0;0;6;0;1;0;0;0
labeur;1;0;0;5;0;0;0;0;0
kiffé;4;1;0;2;0;0;0;0;0
kg;0;0;0;6;0;0;0;0;0
judaïsme;0;0;6;0;0;0;1;0;0
jonzier;7;0;0;0;0;0;0;0;0
joliment;6;0;0;0;0;0;0;1;0
jms;0;0;0;2;0;0;0;3;2
jafarawi;0;0;7;0;0;0;0;0;0
israelien;0;0;7;0;0;0;0;0;0
islamophobes;0;0;0;0;0;5;1;0;0
islamisme;0;0;4;0;0;0;3;0;0
inévitablement;0;0;0;4;0;0;1;1;1
intégrant;1;0;1;2;0;0;1;0;2
intégral;5;0;0;0;0;0;2;0;0
intoxiquer;0;0;0;7;0;0;0;0;0
intolérance;0;0;0;0;0;0;3;0;3
intolérable;0;0;3;0;0;1;0;1;1
intifada;0;0;4;0;0;0;1;1;0
interdir;0;0;0;3;0;2;0;0;2
intensif;0;0;1;3;1;0;1;0;1
intact;3;0;1;2;0;0;0;0;1
institutionnel;0;0;1;1;0;0;2;1;2
instantanément;0;0;1;0;0;0;6;0;0
instabilité;0;0;5;2;0;0;0;0;0
inonder;1;0;2;0;0;0;2;0;2
inné;5;0;0;1;0;1;0;0;0
inintéressant;0;0;0;0;0;0;3;0;4
inimaginable;0;0;0;1;0;0;1;0;5
ingérer;0;0;1;5;0;0;0;0;0
ingérence;0;0;3;3;0;0;0;0;1
infection;1;0;0;4;1;0;0;0;1
inexact;0;0;1;2;0;0;3;1;0
indignité;1;0;1;1;0;0;0;0;0
incriminer;0;0;0;0;0;0;2;1;4
inconscient;0;0;2;2;0;0;0;0;3
incomplet;0;0;1;0;0;0;4;1;1
incompatible;2;0;2;1;0;0;1;0;1
inaccessible;0;0;0;4;0;0;2;0;1
impératif;1;0;5;1;0;0;0;0;0
impuissant;0;0;2;2;0;0;0;1;2
impoli;0;0;0;0;0;1;1;0;5
immobiliser;0;0;0;0;0;4;1;0;2
ii;0;0;0;6;0;0;1;0;0
idole;4;0;0;1;0;0;1;0;1
identification;0;0;0;0;0;0;4;0;3
hype;0;0;0;5;1;0;0;0;0
htag_;1;0;0;0;5;0;0;0;1
hormonal;0;0;0;0;0;0;0;4;3
horloge;2;0;0;4;0;0;1;0;0
hoo;5;0;0;0;0;0;1;0;1
homosexualité;0;0;4;1;0;0;2;0;0
homophobie;1;0;0;0;0;0;3;2;1
hold_up;0;0;0;2;0;1;0;1;3
hm;0;0;1;0;0;1;4;1;0
hiérarchiser;0;0;1;2;0;0;4;0;0
hiérarchisation;0;0;4;0;0;0;3;0;0
hezb;0;0;7;0;0;0;0;0;0
happy;3;0;0;0;0;1;0;2;0
haaaa;7;0;0;0;0;0;0;0;0
généralisation;0;0;0;2;0;0;4;0;1
génèrent;0;0;0;7;0;0;0;0;0
guère;0;0;0;0;0;2;1;0;4
guimbarde;6;0;0;0;0;0;0;0;1
guerrier;6;0;0;0;0;0;0;1;0
grêle;1;0;0;6;0;0;0;0;0
gramme;0;0;0;5;0;0;0;0;1
gothique;0;0;1;0;0;0;0;1;5
gisement;0;0;2;5;0;0;0;0;0
geule;1;0;0;0;0;2;0;0;4
garance;7;0;0;0;0;0;0;0;0
gadget;0;0;0;4;0;0;1;0;2
gabon;2;0;0;4;0;0;0;1;0
ga;4;0;1;0;0;0;0;0;2
fâcheux;4;0;0;0;0;0;0;0;3
funéraire;0;0;0;5;0;0;0;0;1
full;3;0;0;3;0;0;1;0;0
fuire;0;0;0;6;0;0;0;0;1
frr;0;0;0;1;0;1;4;1;0
freristes;0;0;7;0;0;0;0;0;0
franco_italienne;7;0;0;0;0;0;0;0;0
fourrer;2;0;0;2;0;1;2;0;0
fouine;0;0;0;0;7;0;0;0;0
formater;0;0;0;1;0;2;0;0;4
fonderie;0;0;1;6;0;0;0;0;0
flingue;0;0;0;0;0;2;0;4;1
flag;0;1;0;1;0;0;1;4;0
fisc;0;0;0;6;0;0;1;0;0
first;2;0;1;2;0;1;1;0;0
figer;0;0;0;4;0;0;1;0;2
fertile;0;0;1;2;2;1;1;0;0
fermeté;2;0;2;2;0;0;0;0;1
feminicide;0;0;0;0;0;0;2;2;0
faîtes;1;0;1;0;0;2;1;0;1
faudrais;0;0;3;2;0;0;0;1;0
fatre;7;0;0;0;0;0;0;0;0
fanatique;0;0;1;2;0;0;2;2;0
facultatif;0;0;0;1;0;0;0;3;3
facturer;0;0;1;4;0;0;0;0;2
extraction;0;0;1;6;0;0;0;0;0
externalisée;0;0;0;7;0;0;0;0;0
expulsion;0;0;4;1;0;0;0;0;2
exponentiel;0;0;0;4;0;1;0;0;2
explosif;0;0;4;1;0;0;1;1;0
exotique;1;0;0;3;0;0;0;0;2
existentiel;0;0;0;1;0;1;1;0;4
excessivement;0;0;0;6;0;0;1;0;0
etranger;1;0;0;3;1;1;1;0;0
estimation;0;0;2;4;0;0;1;0;0
esclavagisme;0;0;0;3;0;2;0;0;2
equipe;3;0;0;3;0;0;0;1;0
enterrement;1;0;0;0;0;2;0;0;4
ensemencement;0;0;0;7;0;0;0;0;0
ennuyant;0;0;0;6;0;0;0;0;1
engueuler;0;0;0;1;1;0;0;0;5
engranger;0;0;0;7;0;0;0;0;0
enfuir;1;0;0;4;1;0;1;0;0
emji_visage_somnolent;2;0;1;1;0;0;2;0;1
emji_visage_inquiet;0;0;0;0;0;4;2;0;0
emji_visage_en_colère_avec_des_cornes;0;0;0;1;5;0;0;0;1
emji_visage_de_menteur;0;0;2;3;0;1;1;0;0
emji_vague;5;0;0;0;0;0;0;0;0
emji_vache;7;0;0;0;0;0;0;0;0
emji_singe_ne_rien_entendre;5;0;0;0;0;0;1;0;0
emji_paume_contre_paume_doigts_vers_le_haut_peau_mate;0;0;1;0;0;1;0;0;1
emji_pastèque;0;0;3;1;0;0;1;0;0
emji_ok_peau_légèrement_mate;6;0;0;0;0;0;0;0;1
emji_haute_tension;0;0;0;4;0;0;0;0;1
emji_gyrophare;1;0;0;4;0;0;0;0;2
emji_globe_tourné_sur_les_amériques;2;0;0;1;0;0;0;0;4
emji_drapeau_belgique;7;0;0;0;0;0;0;0;0
emji_drapeau_algérie;6;0;0;1;0;0;0;0;0
emji_doigts_croisés_peau_claire;4;0;1;0;0;0;0;0;2
emji_danseur;4;0;0;0;0;0;0;0;0
emji_bonhomme_de_neige;7;0;0;0;0;0;0;0;0
emji_boisson_chaude;4;0;0;1;0;0;1;0;1
emirats;0;0;6;0;0;0;0;0;1
embarrassant;0;0;0;0;0;0;7;0;0
einstein;0;0;1;1;0;1;4;0;0
egalité;0;0;0;0;0;0;0;3;1
egalement;0;0;2;4;0;0;0;0;0
effrayer;0;0;2;2;0;1;0;0;2
effondrement;0;0;1;6;0;0;0;0;0
effarant;0;0;0;5;0;0;1;0;1
eczéma;0;0;0;6;0;0;0;0;1
easy;0;0;0;7;0;0;0;0;0
désuet;4;0;1;0;0;0;0;1;1
désespoir;0;0;1;3;0;1;0;1;1
dérivé;0;0;0;3;0;0;4;0;0
dépôt;0;0;1;6;0;0;0;0;0
dépêcher;0;0;1;1;0;4;0;1;0
déplorer;0;0;1;0;0;1;0;0;5
déploiement;0;0;3;0;0;1;1;0;2
déplacé;0;0;2;3;0;0;0;0;2
déménagement;1;0;0;3;0;1;0;0;2
démodé;1;0;0;0;6;0;0;0;0
délocalisation;0;0;0;7;0;0;0;0;0
délation;0;0;0;7;0;0;0;0;0
dégradant;0;0;2;1;1;0;2;1;0
dégats;0;0;3;1;1;0;0;0;1
défouler;1;0;1;0;0;0;1;0;4
défensif;0;0;4;0;0;0;2;0;1
défavorisé;0;0;1;1;0;0;0;2;3
défaillant;0;0;0;4;0;0;2;1;0
décrocher;2;0;0;1;0;0;1;0;3
déconstruire;1;0;0;0;0;0;3;1;0
déception;6;0;0;0;0;0;1;0;0
décemment;0;0;0;3;0;0;0;2;2
dutout;0;0;1;0;4;1;0;0;1
duo;6;0;0;1;0;0;0;0;0
dodo;0;0;0;5;0;0;1;0;0
djourou;1;0;0;6;0;0;0;0;0
djihadiste;0;0;7;0;0;0;0;0;0
dissoudre;0;1;1;4;0;0;0;0;1
disperser;0;0;2;5;0;0;0;0;0
discriminatoire;0;0;0;0;0;6;0;0;0
dir;1;0;1;1;0;0;0;2;1
différer;0;0;0;4;0;0;1;1;1
diaspora;1;0;5;0;0;1;0;0;0
dialoguer;2;0;1;0;0;2;2;0;0
derriere;1;0;0;3;0;1;0;1;1
der;4;0;0;2;0;0;1;0;0
debat;0;0;0;1;0;4;0;0;2
davos;2;0;1;4;0;0;0;0;0
daesh;0;0;7;0;0;0;0;0;0
cuvette;0;6;0;0;0;0;0;0;1
cute;5;0;0;0;0;0;0;0;0
cuillère;1;0;0;0;1;5;0;0;0
cross;2;0;0;2;0;0;1;0;2
croisé;2;0;2;0;0;0;1;1;1
cretin;6;0;0;0;0;0;0;0;1
crasseux;4;1;0;0;0;0;0;0;2
crado;0;7;0;0;0;0;0;0;0
coïncidence;0;0;2;0;0;2;1;1;1
coureur;2;0;0;0;0;0;0;2;2
coupure;0;0;0;5;0;0;0;0;2
corp;3;1;0;0;0;1;0;0;1
coque;0;0;0;4;0;0;0;0;2
coordination;5;0;0;2;0;0;0;0;0
conversion;0;0;1;6;0;0;0;0;0
contourner;0;1;4;1;0;0;0;0;0
consumérisme;0;0;0;7;0;0;0;0;0
connaitre;2;0;0;0;0;1;3;0;1
conmebol;0;0;0;7;0;0;0;0;0
congélateur;5;0;0;0;1;0;0;0;1
congrès;0;0;3;3;0;0;0;0;0
confisquer;0;0;0;3;0;0;2;0;2
confirmation;0;0;0;6;0;0;1;0;0
confinement;0;0;1;3;1;0;1;0;1
confier;0;0;1;1;0;0;0;0;5
condamnable;0;0;0;1;0;1;4;0;1
comptoir;0;0;0;2;0;0;5;0;0
comptabiliser;0;0;1;2;0;0;4;0;0
complaisance;0;0;2;1;0;0;4;0;0
communiqué;0;0;2;1;0;0;4;0;0
communicatif;7;0;0;0;0;0;0;0;0
commandant;0;0;0;0;0;2;3;0;1
comedy;2;0;0;3;0;0;1;0;0
combo;0;0;0;6;1;0;0;0;0
collusion;0;0;1;6;0;0;0;0;0
clin;4;0;0;1;0;0;2;0;0
clef;0;0;0;3;0;3;0;0;1
clairvoyant;0;0;0;0;0;1;2;0;4
city;2;0;0;3;0;0;1;0;1
ciseau;0;0;0;7;0;0;0;0;0
circulaire;0;0;0;3;0;0;4;0;0
cij;0;0;5;1;0;0;0;0;0
chérir;1;0;0;0;0;0;1;5;0
chouchou;2;0;4;0;0;0;0;0;0
chlore;0;0;0;6;0;0;1;0;0
chirurgie;0;0;0;6;0;1;0;0;0
chili;0;3;4;0;0;0;0;0;0
checker;0;0;1;0;0;0;4;1;1
chantage;0;0;0;0;0;1;2;0;4
chailly;6;0;0;0;0;0;0;0;1
chahut;0;0;1;1;0;0;2;0;3
cetait;7;0;0;0;0;0;0;0;0
cervelle;0;0;0;0;2;0;3;0;2
centenaire;0;0;0;6;1;0;0;0;0
cendrier;3;0;0;3;0;0;1;0;0
cd;7;0;0;0;0;0;0;0;0
caviar;1;0;2;0;0;0;2;0;2
caverne;0;0;0;0;0;0;1;1;3
catégoriser;0;0;0;0;0;0;5;1;1
casting;2;0;0;1;0;2;0;1;1
casi;1;0;1;2;0;1;2;0;0
cardiovasculaires;0;0;0;7;0;0;0;0;0
caraïbe;0;0;0;4;0;1;0;0;1
caractéristique;0;0;0;2;1;0;3;0;1
capturer;0;0;2;1;0;0;4;0;0
cancel;1;0;1;0;0;1;4;0;0
calvitie;0;0;0;0;0;0;1;4;2
calmement;0;0;0;1;0;0;6;0;0
cachette;0;0;0;1;0;1;0;1;4
bénévolat;0;0;0;1;0;0;0;0;6
burqa;0;0;3;0;0;0;1;1;1
bulle;3;0;0;4;0;0;0;0;0
brûlant;0;0;1;2;0;0;0;0;4
brévine;0;0;0;5;0;0;0;0;0
bruno;0;0;0;2;3;0;1;0;0
brice;7;0;0;0;0;0;0;0;0
brandir;0;0;3;0;0;0;3;0;1
brancher;0;1;0;0;0;3;0;1;2
bousculer;2;0;0;0;0;0;2;1;2
bourg;0;0;0;7;0;0;0;0;0
boulet;6;0;0;1;0;0;0;0;0
bougie;7;0;0;0;0;0;0;0;0
bosnie;0;0;7;0;0;0;0;0;0
bodycams;0;0;0;0;0;0;3;0;2
blues;5;0;0;1;0;0;0;0;1
blouse;4;0;0;0;0;0;1;0;2
blinde;1;0;0;6;0;0;0;0;0
bien_pensant;0;0;0;0;1;0;5;0;1
biden;0;0;6;1;0;0;0;0;0
baume;5;0;0;1;1;0;0;0;0
bashing;0;0;1;0;0;1;0;0;5
bangladesh;1;0;1;5;0;0;0;0;0
banania;1;0;1;0;0;4;0;0;1
bactérie;0;0;0;4;0;0;0;0;3
baby;4;0;1;0;0;0;0;0;2
babtou;0;0;1;0;0;6;0;0;0
baba;3;0;1;1;0;1;0;0;1
axer;0;0;1;5;0;0;0;0;1
aveugler;0;0;2;0;0;0;4;0;1
avant_gardiste;6;0;0;0;0;0;0;0;1
autodérision;7;0;0;0;0;0;0;0;0
austérité;1;0;1;4;0;0;0;1;0
audacieux;3;0;0;0;0;0;3;1;0
attester;0;0;2;0;0;1;3;0;1
atterrir;1;0;0;3;0;1;0;0;2
asso;0;0;0;1;1;1;0;0;4
articuler;4;0;0;0;0;0;1;0;2
aromat;6;0;0;0;0;0;0;0;1
araignée;0;0;0;5;0;0;2;0;0
anxiogène;0;0;0;0;0;0;4;0;3
anonymat;0;0;0;4;0;1;1;1;0
anarchie;0;0;3;1;0;0;1;0;2
aménager;0;0;0;7;0;0;0;0;0
americain;0;0;4;2;0;0;1;0;0
amazonie;1;0;1;5;0;0;0;0;0
altérer;1;0;0;4;0;0;1;0;1
alternatif;3;0;0;2;0;0;0;0;1
allouer;0;0;0;7;0;0;0;0;0
allergique;1;0;0;5;0;0;0;0;1
alcoolisme;4;0;0;0;0;0;0;1;2
aisance;0;0;0;1;0;0;6;0;0
agiter;0;0;4;1;0;0;1;1;0
affectif;0;0;0;0;0;0;0;1;6
addictions;0;0;0;6;0;0;0;0;1
adam;0;0;0;2;0;0;0;0;5
achete;2;0;0;5;0;0;0;0;0
accumulation;0;0;0;6;0;0;0;0;1
acceptation;0;1;1;0;0;0;0;0;5
accaparer;0;0;3;4;0;0;0;0;0
abstrait;0;0;2;0;0;0;4;0;1
abriter;1;0;3;2;0;0;0;0;1
aboyer;0;0;2;0;0;0;2;0;3
5k;0;0;1;2;1;1;1;0;1
5ans;1;0;0;2;0;0;3;0;1
4x;0;0;1;6;0;0;0;0;0
3e;1;0;0;5;0;1;0;0;0
3a;0;0;0;7;0;0;0;0;0
21ème;0;0;4;0;0;0;1;1;1
1h;0;0;0;2;0;0;1;0;4
18ans;1;0;1;5;0;0;0;0;0
14h;0;0;0;5;0;0;0;0;2
évacuation;1;1;1;0;0;0;0;1;1
étonnamment;0;0;1;2;0;0;2;0;1
épidémie;0;0;1;0;1;2;1;0;1
éphémère;2;0;0;4;0;0;0;0;0
énervant;2;0;0;0;0;4;0;0;0
émirat;0;0;6;0;0;0;0;0;0
émetteur;0;0;0;4;0;0;1;0;0
émancipation;0;0;0;0;0;0;5;1;0
élitiste;1;0;0;1;0;0;3;0;0
éliminatoire;0;0;1;5;0;0;0;0;0
élan;0;0;0;3;0;1;0;0;2
éducateur;0;0;0;4;0;0;0;0;2
éditorial;0;0;6;0;0;0;0;0;0
écureuil;1;0;0;1;1;0;1;0;2
éclairé;1;0;0;2;0;0;2;0;1
éclair;1;0;0;3;0;1;0;0;1
zoom;5;0;1;0;0;0;0;0;0
your;1;0;0;0;0;5;0;0;0
yogourt;1;1;0;4;0;0;0;0;0
yavait;4;0;1;0;0;0;0;0;1
wue;0;0;1;2;1;0;1;0;1
women;0;0;2;0;0;1;1;0;1
wish;4;0;1;1;0;0;0;0;0
way;2;0;3;1;0;0;0;0;0
watch;0;0;4;1;0;0;1;0;0
washington;0;0;4;0;0;0;2;0;0
wake;6;0;0;0;0;0;0;0;0
vr;1;0;0;2;0;0;1;0;2
voui;1;0;1;0;0;0;1;0;0
vouer;0;0;0;4;1;0;0;0;1
voisinage;0;0;1;0;3;0;0;0;2
vivable;0;0;0;5;0;0;0;0;1
viva;1;5;0;0;0;0;0;0;0
vitalité;0;0;0;5;1;0;0;0;0
visée;0;0;3;1;0;0;0;0;2
virulent;0;0;0;2;0;0;1;2;1
viral;0;0;0;4;0;0;0;0;2
vil;1;0;0;0;0;0;4;1;0
viking;0;0;0;2;0;0;0;0;2
vietnam;0;0;2;2;0;0;2;0;0
vien;0;0;1;0;1;3;0;0;1
veuf;3;0;0;0;0;0;1;2;0
vertical;1;0;0;3;0;0;1;0;0
verrue;0;0;0;0;0;2;0;0;4
vermelho;0;0;6;0;0;0;0;0;0
velo;1;0;0;3;0;0;0;0;2
vasi;0;0;0;0;0;0;0;0;6
vape;0;0;0;2;0;0;1;0;3
valérie;5;0;0;0;0;0;1;0;0
valaisannes;5;0;0;0;0;0;0;0;1
vaisseau;3;0;0;3;0;0;0;0;0
unrwa;0;0;5;0;0;0;0;0;1
uk;0;0;0;4;0;0;2;0;0
truffe;2;0;0;0;1;0;1;0;2
troupeau;1;0;2;0;0;0;1;1;1
trot;1;0;0;4;0;0;0;0;0
tricoter;5;0;0;1;0;0;0;0;0
tremper;2;4;0;0;0;0;0;0;0
tremblement;0;0;1;3;1;1;0;0;0
traducteur;0;0;0;2;0;0;4;0;0
tortue;6;0;0;0;0;0;0;0;0
tite;4;0;0;1;0;0;0;0;1
tigre;3;0;0;3;0;0;0;0;0
territorial;0;0;1;4;0;0;1;0;0
terr0risme;0;0;6;0;0;0;0;0;0
terminal;0;0;0;4;0;0;1;0;1
temporairement;0;0;0;4;0;0;0;0;2
teint;5;0;0;1;0;0;0;0;0
taxées;0;0;0;6;0;0;0;0;0
tardif;0;0;0;2;0;0;1;0;3
tapette;6;0;0;0;0;0;0;0;0
tampon;0;0;0;4;0;0;0;1;1
talon;4;0;0;0;0;0;1;0;1
t3rroriste;0;0;6;0;0;0;0;0;0
sécu;0;0;0;6;0;0;0;0;0
symboliser;0;0;3;1;0;1;0;0;1
swatch;2;0;0;2;0;0;0;0;0
suva;0;0;0;5;0;0;0;0;1
suspect;0;0;3;1;0;0;2;0;0
survoler;0;0;2;1;0;0;3;0;0
survenir;0;0;0;2;0;0;0;0;4
surtt;1;0;0;1;1;1;0;1;1
surcroît;0;0;0;0;0;0;2;1;3
sucré;0;0;0;2;0;0;0;0;4
sucette;1;0;0;4;0;0;0;0;1
streaming;0;0;0;6;0;0;0;0;0
stockholm;0;0;1;5;0;0;0;0;0
statique;1;0;0;3;0;0;0;0;2
stat;0;0;0;1;0;0;1;1;3
squatteur;0;0;0;3;0;0;0;0;3
spécimen;1;0;0;3;0;1;0;1;0
sp;3;0;1;2;0;0;0;0;0
soviétique;0;0;6;0;0;0;0;0;0
soute;0;0;0;1;0;0;0;0;5
soustraire;0;0;0;5;0;0;1;0;0
soupçon;0;0;2;0;0;1;1;0;2
souffrant;0;0;0;0;0;0;2;0;4
sorcellerie;0;0;0;0;2;1;0;1;1
songeur;0;0;0;0;0;0;2;0;4
somalie;0;0;6;0;0;0;0;0;0
solliciter;0;0;1;0;0;0;0;1;4
solde;3;0;1;1;0;0;0;0;1
sobre;0;0;0;0;0;2;0;0;4
sniper;0;0;6;0;0;0;0;0;0
smart;3;0;0;0;0;1;2;0;0
similitude;4;0;0;0;1;0;0;0;0
shop;2;0;0;1;0;1;0;0;1
shit;0;0;0;1;0;1;0;1;3
seringue;1;0;0;3;0;1;0;0;1
secu;0;0;0;6;0;0;0;0;0
sdb;0;6;0;0;0;0;0;0;0
scanner;1;0;0;5;0;0;0;0;0
savoureux;6;0;0;0;0;0;0;0;0
saucisse;6;0;0;0;0;0;0;0;0
satanique;0;0;5;0;0;0;1;0;0
satan;0;0;0;0;3;0;1;0;2
sangsue;0;1;1;2;0;1;0;0;1
sandra;3;0;0;1;1;1;0;0;0
sam;3;0;1;1;0;0;0;0;1
salé;0;0;0;6;0;0;0;0;0
sadique;2;0;0;1;0;1;0;1;1
sachet;3;0;0;2;1;0;0;0;0
rôti;5;0;0;1;0;0;0;0;0
rêveur;1;0;0;0;0;0;0;1;3
réécrire;1;0;1;1;0;0;2;0;1
révolter;0;0;1;2;0;0;0;1;2
réutiliser;0;0;0;5;0;1;0;0;0
rétrograde;0;1;0;1;0;0;1;2;1
rétro;1;0;0;5;0;0;0;0;0
résonner;2;0;0;1;0;0;1;0;1
résiliation;0;0;0;6;0;0;0;0;0
réplique;3;0;1;1;0;0;1;0;0
répercussion;0;0;0;3;1;0;2;0;0
réfuter;0;0;0;0;0;0;6;0;0
réformer;0;0;1;3;0;0;0;0;2
rédaction;0;0;4;0;0;0;1;0;1
récurrent;1;0;0;2;0;0;1;0;2
réalisateur;6;0;0;0;0;0;0;0;0
réac;0;0;0;1;0;0;0;0;5
rumeur;0;0;1;1;0;0;3;1;0
rp;0;1;0;2;1;1;0;0;1
roumanie;0;0;3;2;0;0;1;0;0
rond_point;1;0;0;4;0;0;0;0;0
romanche;0;0;0;0;0;0;6;0;0
rital;2;0;2;0;0;0;0;0;1
rimer;1;0;5;0;0;0;0;0;0
revers;3;0;1;1;0;0;0;0;1
restrictif;0;0;3;2;0;0;0;0;1
restituer;0;0;2;3;0;0;0;0;1
reproche;0;0;0;2;0;0;3;0;1
reponse;3;0;1;1;0;0;0;0;1
replonger;6;0;0;0;0;0;0;0;0
rengaine;0;0;1;0;0;0;4;0;1
renaître;0;0;0;4;0;0;0;0;2
renaissance;0;0;0;4;0;0;1;0;1
remuer;0;0;0;0;0;1;0;0;4
rein;1;0;0;4;0;0;1;0;0
reich;1;0;5;0;0;0;0;0;0
regagner;1;0;0;3;0;0;0;0;2
refroidir;0;0;0;3;0;0;2;0;1
refermer;1;0;0;1;0;0;0;0;4
rectification;0;0;5;1;0;0;0;0;0
ravage;0;0;3;3;0;0;0;0;0
rail;1;0;0;2;0;0;0;0;3
rachat;0;0;0;6;0;0;0;0;0
racaille;2;0;0;1;0;2;0;0;1
quoiqu;4;0;2;0;0;0;0;0;0
pêcheur;5;0;0;1;0;0;0;0;0
pédagogie;0;0;0;0;0;0;1;0;5
pâquis;0;1;0;1;0;0;0;0;3
pâle;3;0;0;1;0;0;2;0;0
puéril;0;0;0;0;0;1;5;0;0
punissable;0;0;0;0;0;1;0;5;0
préservation;0;0;0;4;0;0;0;0;2
prémices;0;0;0;3;0;1;2;0;0
prédiction;0;0;0;2;0;0;1;0;3
précoce;2;0;0;0;0;0;3;0;1
prudence;1;0;0;3;0;0;1;0;1
provence;2;0;0;0;0;3;0;0;1
proposé;0;0;1;3;0;1;1;0;0
pronom;0;0;0;0;0;1;4;0;0
prochainement;0;0;2;2;0;0;2;0;0
pride;1;0;0;0;0;0;0;2;2
prestigieux;0;0;0;3;0;0;1;1;1
poulpe;0;0;1;0;0;0;0;0;5
possiblement;0;0;0;2;0;0;0;0;4
porte_monnaie;0;0;0;6;0;0;0;0;0
por;1;0;0;4;0;1;0;0;0
populisme;0;0;1;1;0;0;3;0;1
popo;0;6;0;0;0;0;0;0;0
polonais;0;0;0;1;0;1;1;0;3
pole;3;0;0;1;0;0;2;0;0
poir;2;0;2;2;0;0;0;0;0
podcast;1;0;0;3;0;0;1;0;0
po;3;0;0;0;0;0;1;0;2
pluriel;0;0;0;0;0;0;6;0;0
pleur;1;0;0;0;0;3;0;0;1
plafonner;0;0;0;6;0;0;0;0;0
piétiner;0;0;3;1;0;1;1;0;0
pirate;0;0;1;3;0;0;0;0;2
pink;4;0;0;0;0;0;0;1;0
pincette;0;0;2;0;0;1;2;0;1
piano;2;0;0;0;0;0;2;0;2
phénoménal;1;0;0;3;0;0;0;2;0
physiologique;0;0;0;3;0;0;1;0;2
pfffff;0;0;0;2;0;1;0;0;0
pfas;2;0;0;3;0;0;0;0;0
peuble;0;0;2;0;0;2;1;0;1
pessimisme;0;0;0;0;0;0;2;0;4
pesant;0;0;0;1;0;0;0;1;4
perversion;0;0;0;0;0;2;0;0;4
perturbant;0;0;0;4;1;0;1;0;0
permission;0;0;1;0;0;0;5;0;0
perdition;0;0;1;0;1;0;1;0;3
people;1;0;0;4;0;0;0;0;0
pendre;0;0;0;0;0;1;3;1;1
pelouse;0;0;0;5;0;0;0;0;1
peler;4;0;0;1;0;0;0;0;1
payeur;0;0;0;6;0;0;0;0;0
patriotisme;0;0;0;1;0;0;4;0;1
patinoire;4;0;0;2;0;0;0;0;0
paternaliste;1;0;0;0;0;0;0;1;4
pass;0;2;0;4;0;0;0;0;0
particularité;1;0;0;5;0;0;0;0;0
paroxysme;1;0;3;0;0;0;1;0;1
paresseux;1;0;0;1;0;0;2;1;1
pareillement;3;0;0;2;0;0;0;1;0
parcque;0;0;0;2;0;1;1;1;1
pantoufle;5;0;0;0;0;0;0;0;1
pakistan;1;0;3;2;0;0;0;0;0
paju;6;0;0;0;0;0;0;0;0
overdose;0;0;0;0;0;0;0;6;0
outré;3;0;0;0;0;0;0;0;3
oue;2;0;0;0;0;4;0;0;0
orteil;0;0;1;3;1;0;1;0;0
opprimer;0;0;6;0;0;0;0;0;0
oklm;0;0;0;0;0;6;0;0;0
oignon;2;0;0;1;0;0;0;1;2
ohhhhh;5;0;0;0;0;0;0;0;1
ofsp;0;0;0;5;0;0;0;1;0
obsédé;0;0;1;1;0;3;1;0;0
obstiner;0;0;1;0;1;1;3;0;0
nécessiteux;0;0;0;1;0;0;2;1;2
nyc;0;0;1;1;0;4;0;0;0
nullement;0;0;0;1;0;0;4;0;1
nuancer;0;0;0;1;0;0;2;1;2
normalité;0;0;0;1;0;1;0;1;2
nope;2;0;1;1;0;0;2;0;0
nooon;0;0;0;5;0;0;0;1;0
nomination;0;0;0;6;0;0;0;0;0
niger;0;0;6;0;0;0;0;0;0
neurologique;0;0;0;0;0;0;2;0;4
neuchatel;2;0;0;2;0;0;0;0;2
nakba;0;0;5;0;0;0;1;0;0
naf;2;0;0;0;0;0;1;0;0
métaphore;1;0;0;0;0;0;0;0;5
mélodie;2;0;0;0;0;0;4;0;0
méfiance;0;0;1;1;0;0;1;0;2
méfait;0;0;0;1;0;1;1;0;3
mécontentement;0;0;3;0;0;0;2;0;1
mécontent;0;0;0;2;0;0;0;0;4
mythomane;0;0;1;0;0;0;5;0;0
mytho;0;0;0;0;0;0;6;0;0
mutilé;0;0;4;0;1;0;0;0;1
muscu;2;0;0;0;0;0;0;1;3
mulhouse;1;0;0;3;0;0;0;0;0
mp3;5;0;0;0;0;0;0;0;0
motivant;2;0;0;0;0;0;0;0;4
monétaire;0;0;0;6;0;0;0;0;0
monumental;0;0;0;0;0;1;0;0;4
montréal;1;0;0;3;0;0;0;0;2
montessori;0;1;0;0;0;0;0;0;5
montagnard;1;0;0;0;3;0;0;0;1
monopoliser;0;0;0;6;0;0;0;0;0
moisir;0;0;0;3;1;0;0;0;1
moelle;4;0;1;1;0;0;0;0;0
mocassin;6;0;0;0;0;0;0;0;0
mix;2;0;0;1;0;0;0;1;2
mister;4;0;0;0;1;0;1;0;0
minimal;0;0;0;6;0;0;0;0;0
millionaire;0;0;0;3;0;1;2;0;0
migrateur;0;0;0;3;0;1;1;0;1
miel;0;0;0;0;3;0;0;0;2
microplastiques;0;0;0;6;0;0;0;0;0
michael;4;0;0;2;0;0;0;0;0
meyer;0;0;3;0;0;1;1;0;1
metro;1;0;0;2;0;0;0;0;1
merveilleusement;6;0;0;0;0;0;0;0;0
mercenaire;0;0;4;0;0;0;0;0;2
menstruel;0;1;0;1;0;0;1;2;1
menotter;0;0;2;0;0;0;0;0;4
memes;1;1;0;1;0;0;1;0;2
mbappé;5;0;0;0;0;0;0;0;1
matrixé;1;0;2;0;0;0;2;1;0
matos;1;0;0;5;0;0;0;0;0
mascus;0;0;0;0;0;0;2;4;0
masculinité;1;0;0;0;0;0;0;4;0
masculiniste;0;0;0;0;0;0;0;6;0
marxiste;0;0;3;1;0;0;1;0;0
marx;0;0;0;0;0;0;6;0;0
mario;1;0;0;4;0;0;0;0;0
maraîcher;0;0;0;5;0;0;1;0;0
manie;0;0;0;0;0;1;0;0;5
mandataire;0;0;4;2;0;0;0;0;0
malhonnêteté;0;0;1;1;0;0;1;0;0
maladroit;0;0;2;1;0;0;1;1;1
majuscule;0;0;0;0;0;0;6;0;0
mairie;0;0;0;6;0;0;0;0;0
magistrat;0;0;0;1;0;0;4;0;0
léguer;0;0;0;6;0;0;0;0;0
lulu;4;0;0;0;0;0;0;0;2
luire;1;0;0;0;0;0;0;0;5
ls;4;0;0;0;0;0;0;0;2
loulou;5;0;0;1;0;0;0;0;0
loti;0;0;0;1;0;0;1;4;0
loterie;0;0;0;6;0;0;0;0;0
logo;0;0;5;1;0;0;0;0;0
logiciel;0;0;1;0;0;1;0;0;4
liaison;0;0;0;5;0;0;1;0;0
leu;0;1;0;3;0;0;0;0;1
lesuser_utilisateurice;1;0;0;2;1;1;0;0;1
lentille;0;0;0;3;0;0;0;0;3
lecornu;2;1;0;0;0;0;1;0;0
lea;0;1;1;3;0;0;1;0;0
lcr;0;0;0;6;0;0;0;0;0
laxisme;1;0;0;2;1;0;0;0;2
larguer;0;0;4;2;0;0;0;0;0
lanvin;6;0;0;0;0;0;0;0;0
land;0;0;3;3;0;0;0;0;0
laboratoire;0;0;0;6;0;0;0;0;0
kérosène;0;0;0;5;0;1;0;0;0
kurde;0;0;6;0;0;0;0;0;0
kiss;5;0;0;0;0;0;1;0;0
kiosque;5;0;0;1;0;0;0;0;0
kick;1;0;0;0;0;0;0;1;2
khan;1;0;3;0;0;0;0;0;0
kes;0;0;4;1;0;0;0;0;1
karl;3;0;0;1;0;0;1;1;0
ka;0;0;0;3;0;0;1;0;2
jury;0;1;0;3;0;0;2;0;0
juron;0;0;0;0;0;6;0;0;0
julesmalbrancheuser_utilisateurice;0;0;0;6;0;0;0;0;0
joug;0;0;3;0;0;0;0;2;1
jordanien;0;0;5;1;0;0;0;0;0
javel;1;0;0;5;0;0;0;0;0
jardinier;1;0;0;2;0;0;0;1;2
jaime;2;0;0;0;0;1;0;0;0
jacob;5;1;0;0;0;0;0;0;0
isérables;6;0;0;0;0;0;0;0;0
isreal;0;0;6;0;0;0;0;0;0
israélo;0;0;6;0;0;0;0;0;0
israeliens;0;0;6;0;0;0;0;0;0
islamophobie;0;0;2;0;1;1;1;1;0
isabelle;0;0;1;0;0;0;0;0;5
invitation;2;0;2;1;0;0;0;1;0
invendu;0;0;0;5;0;0;0;0;0
intérim;0;0;2;4;0;0;0;0;0
intégralement;0;0;2;2;0;0;0;0;2
introduction;1;0;1;4;0;0;0;0;0
intouchable;0;0;4;1;0;0;0;0;1
intimider;0;0;1;0;0;0;1;0;4
interprète;0;0;0;0;0;1;5;0;0
intermittent;0;0;0;1;0;2;1;0;2
interieur;0;1;0;1;1;1;0;0;2
interet;1;0;0;4;0;0;0;0;1
intellect;0;0;0;0;0;1;4;0;1
instance;0;0;5;1;0;0;0;0;0
insignifiant;0;0;2;3;0;0;0;0;1
inquiet;0;0;0;2;0;0;2;0;2
inoffensif;0;0;1;5;0;0;0;0;0
innover;0;0;0;3;0;0;1;0;2
injustifié;0;0;0;3;0;1;0;0;2
injure;0;0;1;0;0;2;0;2;1
initialement;0;0;0;5;0;1;0;0;0
infondé;0;0;0;1;0;1;4;0;0
influenceur;0;0;1;1;0;0;4;0;0
inexpliqué;0;0;0;2;0;0;0;3;1
inconscience;0;0;0;1;0;0;1;2;2
incompétence;0;0;0;0;0;0;5;0;1
incohérent;0;0;2;0;1;2;1;0;0
inclusivité;0;0;0;1;1;0;3;1;0
inaperçu;0;0;1;0;0;0;4;0;1
impuissance;0;0;3;2;0;0;1;0;0
imposant;1;0;1;3;0;0;1;0;0
imbu;3;0;0;1;0;0;1;0;1
illisible;3;0;0;0;0;1;0;1;0
illettré;0;0;0;0;0;1;5;0;0
ikea;2;0;0;3;0;1;0;0;0
ignominie;0;0;2;4;0;0;0;0;0
idee;1;0;0;4;0;0;0;0;1
id;0;0;1;5;0;0;0;0;0
hélicoptère;0;0;1;4;0;0;0;0;1
hécatombe;2;0;0;2;0;0;0;0;2
hostile;0;0;2;2;0;0;0;1;1
hope;3;0;0;2;0;0;0;1;0
holocauste;0;0;5;1;0;0;0;0;0
hollande;0;0;1;5;0;0;0;0;0
heuuu;5;0;0;0;0;0;1;0;0
hetero;0;0;0;0;0;5;0;0;1
hautement;0;0;1;2;1;0;1;0;1
han;5;0;0;0;0;1;0;0;0
hahahahaha;2;0;0;1;0;0;2;0;1
haaa;3;0;0;1;0;0;1;0;1
génératif;0;0;0;5;0;0;1;0;0
gynécologue;0;0;0;6;0;0;0;0;0
gymnase;1;0;0;5;0;0;0;0;0
guérison;2;0;0;4;0;0;0;0;0
guillaume;5;0;0;0;0;0;1;0;0
guichet;2;0;0;4;0;0;0;0;0
gueguerre;0;0;3;2;0;0;0;1;0
gréviste;4;0;0;0;0;1;0;1;0
grimpeur;1;0;0;0;0;0;3;0;2
gratos;2;0;1;2;0;0;1;0;0
grange;0;0;0;1;1;0;3;0;1
grandissant;0;0;0;6;0;0;0;0;0
grandiose;6;0;0;0;0;0;0;0;0
gouvernemental;0;0;2;1;0;0;1;0;2
gouffre;0;0;0;1;0;0;0;4;1
god;6;0;0;0;0;0;0;0;0
gims;3;0;0;0;0;1;1;0;1
giga;3;0;0;2;0;0;0;0;1
gibier;0;0;0;0;6;0;0;0;0
germanique;0;0;0;0;0;0;6;0;0
gentillement;0;0;0;0;2;0;0;0;4
genocidaire;0;0;5;1;0;0;0;0;0
general;0;0;0;4;0;1;0;0;1
gazon;6;0;0;0;0;0;0;0;0
gaule;1;0;0;4;0;0;0;0;0
garer;2;0;0;4;0;0;0;0;0
garderie;0;0;0;2;0;0;1;0;3
galère;2;0;0;1;0;0;3;0;0
gage;0;0;2;0;0;0;3;0;0
funès;6;0;0;0;0;0;0;0;0
frange;2;0;0;0;0;1;1;0;2
francis;2;0;0;0;0;0;3;0;1
francaise;6;0;0;0;0;0;0;0;0
foutaise;0;0;4;0;0;0;0;0;1
fourchette;2;1;0;0;0;2;0;0;1
fouet;1;0;0;1;0;0;0;0;4
foudre;0;0;1;1;0;0;1;0;3
formulaire;0;0;0;5;0;0;0;0;0
foret;1;0;0;1;0;0;1;0;3
forage;0;0;0;5;0;0;1;0;0
flèche;0;0;0;3;1;1;0;0;1
flotille;0;0;6;0;0;0;0;0;0
fleurette;6;0;0;0;0;0;0;0;0
fixation;2;0;1;2;0;0;1;0;0
finaliste;0;0;0;6;0;0;0;0;0
figurine;4;0;0;1;0;0;0;0;1
fiente;0;0;0;5;0;0;1;0;0
fiabilité;0;0;2;2;0;1;0;0;1
fesser;3;1;1;0;0;0;0;0;1
ferrer;1;0;1;2;0;0;0;0;2
feminisme;0;0;0;0;0;0;0;6;0
fc;0;0;0;6;0;0;0;0;0
façade;0;0;3;1;0;0;2;0;0
faudrai;0;0;1;3;0;0;0;0;2
fantaisie;1;0;0;0;3;0;0;2;0
falsification;0;0;0;3;0;0;1;0;2
faiseur;0;0;5;1;0;0;0;0;0
fa;0;0;0;0;0;0;1;5;0
exprès_de;0;0;0;0;0;0;2;3;1
exode;0;0;0;6;0;0;0;0;0
exit;2;0;0;3;0;0;0;0;1
exclusif;1;0;0;2;0;0;0;1;1
euthanasie;1;0;0;3;0;1;0;0;1
estomac;2;0;0;1;1;0;1;0;1
escroc;0;0;3;0;0;0;1;0;2
envisageable;0;0;5;0;0;0;0;0;1
entasser;0;0;0;4;1;0;0;0;1
entamer;0;0;2;3;0;0;1;0;0
enjamber;0;0;0;1;0;4;0;1;0
enfiler;1;0;0;0;0;3;2;0;0
endémique;0;0;0;3;0;0;1;0;2
encourir;0;0;0;1;0;0;1;0;4
encouragement;1;0;1;1;0;1;1;0;1
empirique;0;0;0;3;0;0;3;0;0
emji_âne;0;0;0;0;0;0;4;0;0
emji_visage_qui_bave;5;0;0;1;0;0;0;0;0
emji_visage_en_pointillés;0;0;0;1;0;0;4;0;1
emji_visage_dans_les_nuages;2;1;1;1;1;0;0;0;0
emji_visage_angoissé;2;0;0;1;0;2;1;0;0
emji_tête_de_cochon;3;0;0;0;0;1;1;0;1
emji_tête_de_chien;3;0;0;1;0;1;1;0;0
emji_trophée;6;0;0;0;0;0;0;0;0
emji_toilettes;0;6;0;0;0;0;0;0;0
emji_pouce_vers_le_haut_peau_foncée;1;0;2;0;0;1;1;0;0
emji_plage_avec_parasol;6;0;0;0;0;0;0;0;0
emji_montagne_enneigée;3;0;0;0;0;0;0;0;0
emji_mains_levées_peau_mate;5;0;0;0;0;0;0;0;1
emji_icône_poubelle;0;0;1;1;0;0;0;1;2
emji_fusée;1;0;0;4;0;0;0;0;0
emji_fleur_fanée;0;0;0;5;0;1;0;0;0
emji_feuille_virevoltante;5;0;0;0;0;0;1;0;0
emji_femme_avec_la_paume_sur_le_visage_peau_légèrement_mate;0;0;1;0;0;0;0;4;1
emji_drapeau_maroc;6;0;0;0;0;0;0;0;0
emji_drapeau_australie;6;0;0;0;0;0;0;0;0
emji_chat_fatigué;2;0;0;0;0;0;3;0;1
emji_bourgeon;4;0;0;0;0;0;1;0;1
emji_arbre_à_feuilles_caduques;6;0;0;0;0;0;0;0;0
emji_applaudissements_peau_mate;1;1;0;0;0;0;1;1;0
embêtant;1;0;3;2;0;0;0;0;0
embargo;0;0;4;2;0;0;0;0;0
eglise;2;0;0;1;0;0;1;0;2
education;0;0;0;0;0;0;0;1;4
edt;2;0;0;4;0;0;0;0;0
economie;0;0;0;5;0;0;0;0;1
ecolo;0;6;0;0;0;0;0;0;0
dévouement;3;0;0;1;0;0;0;0;2
déviance;1;0;0;0;0;1;2;0;2
détériorer;0;0;0;6;0;0;0;0;0
détour;2;0;0;0;0;0;1;0;3
détecter;0;0;0;4;0;0;0;2;0
déshydrater;0;0;1;4;0;0;0;0;0
dépassement;0;0;0;4;0;0;1;0;1
démocratiquement;0;0;5;0;0;0;0;0;1
démilitarisé;0;0;4;0;0;0;0;0;1
démarrer;2;0;1;1;0;0;1;0;1
délivrer;1;0;1;3;0;0;1;0;0
déja;0;0;3;0;0;1;1;0;1
dégoût;0;0;5;0;0;0;0;0;1
défier;1;0;1;0;0;3;1;0;0
défensive;0;0;2;0;0;0;0;0;4
décret;0;0;1;1;0;4;0;0;0
décomplexé;2;0;0;0;2;0;2;0;0
décliner;0;0;0;5;0;0;1;0;0
décideur;0;0;0;2;0;0;0;0;4
déchiffrer;0;0;0;0;0;0;6;0;0
déchetterie;0;0;0;6;0;0;0;0;0
débutant;0;0;0;0;0;0;3;0;2
débourser;0;0;0;6;0;0;0;0;0
dysfonctionnement;0;0;0;0;0;0;2;0;4
duper;0;0;0;2;0;0;1;0;3
dt;2;0;1;0;0;1;1;0;1
drônes;0;0;3;1;0;1;0;0;1
drogué;0;0;0;4;0;1;0;0;1
drama;3;0;0;0;0;0;0;2;1
doudoune;3;0;0;1;0;0;0;0;1
divertir;1;0;1;1;0;0;1;1;0
dittli;0;0;0;6;0;0;0;0;0
disponibilité;0;0;0;3;0;0;3;0;0
disco;2;0;0;2;0;0;0;0;0
discipliné;5;0;0;0;0;0;1;0;0
diplômer;0;0;0;6;0;0;0;0;0
digestion;1;0;0;5;0;0;0;0;0
different;4;0;1;0;0;0;1;0;0
die;2;0;0;0;0;0;4;0;0
diarrhée;0;1;1;1;0;0;3;0;0
dfae;0;0;1;5;0;0;0;0;0
developper;0;0;0;2;0;0;1;0;3
designer;0;0;1;0;0;1;1;1;2
densément;0;0;5;0;0;0;0;0;0
degats;0;0;1;3;0;0;0;0;2
debiles;0;1;0;0;0;5;0;0;0
danemark;0;0;4;2;0;0;0;0;0
daigner;0;0;0;2;0;2;1;0;1
dada;0;6;0;0;0;0;0;0;0
daccord;4;0;1;0;0;0;0;0;1
d_aborder;0;0;1;0;0;0;0;1;4
cérémonie;3;0;1;1;0;0;0;0;1
cérébral;0;0;0;1;0;1;0;0;3
célébration;0;0;0;3;0;0;1;0;2
céline;0;0;0;4;0;0;1;0;1
cynisme;0;0;3;2;0;0;0;0;1
curé;6;0;0;0;0;0;0;0;0
cupidité;0;0;2;0;0;1;2;0;1
culinaire;2;0;0;2;0;1;0;0;1
cueillette;1;0;0;1;0;1;0;0;3
cts;3;0;0;2;0;0;0;0;0
cs;1;0;0;4;0;0;0;0;0
couscous;1;0;0;0;0;3;1;0;0
coude;0;0;0;2;0;3;1;0;0
couchette;0;0;0;5;0;0;0;0;0
coréen;0;0;0;5;0;0;0;0;1
corrélé;0;0;0;6;0;0;0;0;0
correspondance;1;0;0;5;0;0;0;0;0
corbeau;3;0;0;2;0;0;0;0;0
cops;2;0;2;1;0;0;0;0;1
conventionnel;0;0;0;2;0;0;0;0;4
continental;0;0;0;6;0;0;0;0;0
conter;1;0;0;3;0;0;0;0;0
constatation;0;0;1;0;0;1;2;0;2
conjoncture;0;0;2;4;0;0;0;0;0
confédérations;0;0;0;5;0;0;0;0;0
confederation;0;0;3;1;0;0;0;0;2
conditionné;0;0;0;0;0;0;0;4;2
concombre;2;0;0;4;0;0;0;0;0
compréhensif;3;0;0;0;0;0;0;0;3
complotisme;0;0;0;0;0;0;2;0;4
completement;1;0;1;2;0;0;2;0;0
compatir;2;0;0;0;0;0;2;0;2
communal;0;0;0;6;0;0;0;0;0
combine;0;0;1;2;0;0;0;1;2
colporter;0;0;3;0;0;0;3;0;0
coloré;4;0;1;0;0;0;0;0;1
colorant;0;0;0;6;0;0;0;0;0
collectivement;0;0;0;4;0;0;0;0;2
collatéral;0;0;6;0;0;0;0;0;0
coke;1;0;0;2;0;1;0;0;2
coffre;0;0;0;5;0;1;0;0;0
clinton;0;0;6;0;0;0;0;0;0
clarifier;0;0;3;1;0;0;2;0;0
citoyenneté;0;0;0;2;0;0;2;1;1
ciment;1;0;1;4;0;0;0;0;0
cigare;3;0;0;3;0;0;0;0;0
cia;1;0;2;2;0;0;0;0;0
chuis;3;0;0;0;0;0;2;0;1
chorégraphie;4;0;0;0;0;1;0;0;1
choeur;6;0;0;0;0;0;0;0;0
chill;1;0;0;2;0;1;1;0;0
charte;0;0;6;0;0;0;0;0;0
charmey;6;0;0;0;0;0;0;0;0
charlie;0;0;3;0;0;0;1;1;1
charisme;5;0;0;0;0;0;0;0;1
chanel;6;0;0;0;0;0;0;0;0
chancy;0;0;0;5;0;0;0;0;0
chahuter;0;0;6;0;0;0;0;0;0
chad;4;0;0;0;0;0;0;2;0
cession;0;0;0;4;0;0;0;0;0
central;1;0;0;5;0;0;0;0;0
centimètre;0;0;0;3;2;0;0;0;1
cc;0;0;0;2;0;0;2;0;2
casserole;0;0;0;2;0;0;2;0;2
casier;0;0;0;0;0;0;6;0;0
caserne;0;0;0;1;0;1;1;0;1
cartouche;0;0;0;3;0;0;1;0;2
carreau;3;0;0;1;0;0;0;0;2
carnet;0;0;1;2;0;0;2;0;1
cardio;5;0;0;1;0;0;0;0;0
canva;4;0;0;1;0;0;0;0;1
cancre;1;0;0;0;0;0;0;0;5
can;1;0;0;2;0;1;2;0;0
calorie;1;0;0;4;0;1;0;0;0
calendrier;0;0;0;0;0;0;6;0;0
c0n;1;0;1;0;0;1;1;0;2
bécasse;0;0;2;1;0;0;0;0;1
bureaucratie;0;0;0;6;0;0;0;0;0
bureaucrate;0;0;1;5;0;0;0;0;0
bunker;0;0;2;0;0;0;2;0;1
buffet;0;0;0;1;0;0;0;2;0
brute;0;0;0;3;0;0;1;2;0
bronze;5;0;0;0;0;1;0;0;0
brocante;2;0;0;4;0;0;0;0;0
brebis;1;0;3;0;0;0;0;0;2
boxe;1;0;0;0;0;0;0;3;2
bowling;1;0;0;4;0;0;0;0;1
bourre;0;0;0;0;0;0;0;0;6
boudin;0;0;0;2;0;0;0;4;0
bouder;0;0;0;5;0;0;0;0;1
bouc;0;0;1;0;0;1;3;0;1
bots;0;0;2;0;0;2;2;0;0
bosniaque;0;0;5;0;0;0;1;0;0
boris;5;0;0;0;0;0;0;0;1
bobet;0;0;1;4;0;0;1;0;0
bled;1;0;0;5;0;0;0;0;0
blasphème;0;0;0;0;0;0;5;0;0
bizule;3;0;0;0;0;0;1;0;2
biologiquement;1;0;0;0;0;0;1;2;2
billag;0;0;4;0;0;0;2;0;0
bijou;6;0;0;0;0;0;0;0;0
bientot;0;0;1;1;1;1;0;0;0
bernex;0;0;0;6;0;0;0;0;0
berlin;0;0;0;4;0;0;1;0;0
bella;2;1;0;0;0;0;2;0;1
beaucoups;6;0;0;0;0;0;0;0;0
bds;0;0;5;0;0;0;0;0;0
battle;5;0;0;0;0;0;1;0;0
bataclan;0;0;5;0;0;1;0;0;0
basané;0;0;0;1;0;2;0;0;3
barragiste;0;0;0;5;0;0;0;0;0
barbara;5;0;0;0;0;0;1;0;0
bancomat;0;0;0;6;0;0;0;0;0
bancal;0;0;0;0;0;0;5;0;1
balkans;0;0;2;3;0;0;0;0;1
aya;3;0;0;1;0;0;0;0;0
aveuglément;0;0;1;1;0;0;1;1;2
aveuglement;0;0;0;1;0;0;4;0;0
avantager;0;0;0;1;0;1;1;2;0
autrichien;2;0;2;2;0;0;0;0;0
attractif;1;0;0;4;0;0;0;1;0
attentivement;1;0;1;0;0;0;4;0;0
attentas;0;0;6;0;0;0;0;0;0
atmosphérique;0;0;0;3;0;0;2;0;1
assorti;4;0;0;1;0;0;0;0;1
assembler;0;1;3;1;0;0;1;0;0
aspirateur;0;0;0;5;0;0;0;0;1
arthur;4;0;2;0;0;0;0;0;0
arte;2;0;0;0;0;1;1;1;1
arriéré;0;2;0;0;1;0;1;0;2
arnaquer;0;0;0;5;0;0;1;0;0
aquarium;0;0;0;5;0;0;0;0;0
aprem;4;0;0;0;0;1;0;0;1
appétit;3;0;0;2;0;0;0;1;0
apple;0;0;0;5;0;0;1;0;0
anus;0;4;0;0;0;1;0;0;1
antivax;1;0;0;0;0;0;5;0;0
antisocial;0;0;1;4;0;0;0;1;0
annexe;1;0;4;0;0;0;1;0;0
animateur;2;0;0;0;0;4;0;0;0
angoissant;4;0;0;1;0;0;1;0;0
andrew;0;0;0;0;6;0;0;0;0
ancestral;0;1;1;2;0;0;0;0;2
amusement;1;0;0;0;0;0;1;0;3
amsud;0;0;0;6;0;0;0;0;0
alléger;0;0;1;2;0;0;1;1;1
allier;0;0;1;1;0;0;2;0;2
aisselle;4;0;0;0;0;0;0;0;1
aimant;5;0;0;0;0;0;0;0;1
aigle;0;0;0;2;2;0;1;0;1
ahahahah;3;0;0;1;0;0;2;0;0
agaçant;0;0;0;1;0;0;1;0;2
affûter;0;1;0;0;0;1;1;0;3
adéquation;1;0;0;3;0;0;1;0;1
adrénaline;0;0;0;1;0;0;0;0;5
adolf;5;0;0;0;0;0;0;0;1
acquitter;0;0;4;0;0;0;1;1;0
acheteur;0;0;0;6;0;0;0;0;0
acharné;0;0;0;3;0;0;2;0;1
acharnement;0;0;4;0;0;0;0;0;2
abyssal;0;0;0;3;0;0;2;0;1
8ans;3;0;0;1;0;0;0;0;1
70ans;3;0;2;0;0;0;0;0;1
60h;0;0;0;0;0;0;6;0;0
60ans;0;0;0;0;0;0;3;0;3
5x;0;0;3;2;0;0;1;0;0
5e;1;0;0;0;0;2;2;0;0
4ans;1;0;3;2;0;0;0;0;0
40ans;0;0;0;2;1;1;1;0;1
3d;1;0;0;4;0;0;0;0;1
30km;0;0;0;5;0;0;1;0;0
2nd;2;0;0;1;0;0;1;0;1
22ans;4;0;0;1;0;0;0;0;1
19h;0;0;1;3;0;0;0;0;2
19e;0;0;0;1;0;0;0;0;5
étroitesse;0;0;0;0;0;0;0;0;5
étincelle;1;0;1;0;0;0;1;0;2
étanche;0;2;0;0;0;2;0;0;1
éric;5;0;0;0;0;0;0;0;0
équitablement;0;0;0;4;0;0;0;0;1
équateur;1;0;3;0;0;0;0;0;1
épuisement;0;0;0;0;0;0;0;0;5
épicerie;0;0;0;5;0;0;0;0;0
épanoui;0;0;0;0;0;0;0;1;4
émerger;0;0;1;1;1;0;0;0;2
éligible;0;0;2;3;0;0;0;0;0
élaboré;0;0;0;4;0;0;1;0;0
éjecter;0;0;1;0;0;0;0;1;3
égout;0;0;0;3;0;0;1;0;1
égorger;0;0;0;0;3;0;0;1;1
éditorialiste;0;0;3;0;0;0;0;0;1
écusson;2;0;0;2;0;1;0;0;0
écrouler;0;0;1;4;0;0;0;0;0
écho;2;0;0;0;0;0;0;2;1
échauffement;5;0;0;0;0;0;0;0;0
âpre;0;2;1;1;0;0;0;1;0
zweifel;5;0;0;0;0;0;0;0;0
zohran;0;0;0;5;0;0;0;0;0
zemmour;0;0;0;0;0;5;0;0;0
yuka;0;0;0;5;0;0;0;0;0
yorkais;0;0;1;1;0;0;0;0;1
yanne;4;0;0;0;0;0;1;0;0
yaka;0;0;0;2;0;0;0;2;1
xix;0;0;0;3;0;0;0;0;2
x2;0;0;0;3;0;1;0;0;1
wokistes;0;1;0;2;0;1;1;0;0
wiki;0;0;0;0;0;0;5;0;0
well;0;0;0;0;0;2;0;0;1
welcome;1;0;0;1;0;0;1;2;0
wealth;0;0;1;3;0;0;0;0;0
wars;5;0;0;0;0;0;0;0;0
waouw;4;0;0;0;0;0;0;0;1
waou;3;0;0;0;0;1;0;0;1
wah;1;0;0;0;0;3;1;0;0
véçu;0;0;0;0;0;0;2;0;3
végétalien;0;0;0;3;1;0;1;0;0
véganisme;0;0;0;0;1;0;4;0;0
vulnérabilité;0;0;1;1;0;0;0;2;1
vouvoiement;0;0;0;0;0;0;5;0;0
volatilité;0;0;0;5;0;0;0;0;0
vogue;1;0;0;2;0;0;1;1;0
vodka;2;0;0;1;0;0;0;0;2
vocal;1;0;0;0;0;0;4;0;0
vitamine;0;0;0;0;0;0;1;0;3
visionner;0;0;1;0;0;0;3;0;1
virginité;0;0;0;0;0;0;1;2;1
vio;1;0;3;0;0;1;0;0;0
vieillissant;0;0;0;5;0;0;0;0;0
vice_versa;0;0;0;4;0;0;1;0;0
vertueux;0;0;0;1;0;0;2;2;0
vertu;0;0;0;0;0;0;3;2;0
verticale;0;0;0;4;0;0;0;1;0
verso;1;0;0;0;0;0;1;1;1
vernis;0;0;0;3;0;0;1;0;0
veine;1;0;0;2;0;2;0;0;0
vedette;3;0;0;0;0;0;0;1;1
vecteur;2;0;0;2;0;0;0;0;1
vasy;0;0;1;0;0;1;2;0;1
vaseline;2;0;0;1;0;1;0;0;1
varié;1;0;2;1;0;0;0;0;1
valorisant;0;0;0;4;0;0;0;0;1
validé;0;0;0;1;0;0;4;0;0
vaccination;0;0;0;2;0;0;0;0;3
utopique;0;0;0;3;0;0;0;0;2
usé;1;0;0;2;0;1;0;1;0
usurpation;0;0;1;1;0;0;2;0;1
user_;2;0;1;0;0;0;0;0;2
usd;0;0;0;5;0;0;0;0;0
urbanisme;0;0;0;3;0;0;0;0;1
ueli;2;0;1;0;1;0;0;0;1
téléspectateur;0;0;0;5;0;0;0;0;0
télécharger;1;0;0;2;0;0;2;0;0
twitch;4;0;0;0;0;0;0;0;1
tupp;0;0;0;5;0;0;0;0;0
true;0;0;0;4;0;0;1;0;0
trouille;2;0;0;1;0;0;0;0;2
trouer;2;0;0;2;0;0;1;0;0
trott;0;0;0;5;0;0;0;0;0
trotinette;0;0;0;5;0;0;0;0;0
tropical;1;0;0;4;0;0;0;0;0
tripler;0;0;0;5;0;0;0;0;0
trimer;1;0;0;3;0;0;0;0;1
tps;2;0;0;1;0;0;0;0;1
toys;1;0;0;1;0;0;2;0;1
toutoune;4;0;0;0;0;0;0;0;1
torah;1;0;0;0;0;0;4;0;0
tomme;4;0;0;1;0;0;0;0;0
tombe;0;0;1;1;0;0;1;0;2
toile;0;1;0;0;0;0;4;0;0
tine;0;0;0;3;0;0;0;0;2
time;2;0;0;0;1;0;2;0;0
théorisé;0;0;0;0;0;0;4;1;0
this;2;0;0;1;0;0;0;1;1
tendu;2;1;0;0;0;0;0;0;2
tectonique;1;0;0;0;0;3;0;0;1
techtonik;3;0;0;0;0;0;0;0;2
tease;5;0;0;0;0;0;0;0;0
tea;3;0;1;1;0;0;0;0;0
tdf;1;0;0;3;0;0;1;0;0
tazer;0;0;0;0;0;1;0;2;2
taxidermie;0;0;0;2;0;0;0;0;3
tatouer;4;0;0;0;0;0;1;0;0
tasser;0;0;0;4;0;0;1;0;0
tarifaires;0;0;0;5;0;0;0;0;0
tal;4;0;0;0;0;0;0;0;1
take;1;0;0;2;0;0;0;0;2
tact;0;0;0;0;0;1;1;1;2
tacle;0;0;0;0;0;3;1;0;1
tac;1;0;0;0;0;0;0;0;2
tablier;1;0;0;0;0;0;0;1;3
sénégalais;4;0;0;0;0;0;0;0;1
sushi;4;0;0;0;0;0;1;0;0
surréaliste;2;0;0;1;1;0;1;0;0
surreprésentation;0;0;1;0;0;0;3;0;1
surnommer;5;0;0;0;0;0;0;0;0
surgelé;1;0;0;4;0;0;0;0;0
surf;1;0;0;4;0;0;0;0;0
surcharger;0;0;0;3;1;0;0;0;1
supplier;2;0;1;1;0;0;0;1;0
sumo;2;0;0;2;0;0;0;0;1
subversif;0;0;0;0;0;0;3;0;2
stylo;0;0;0;1;0;3;1;0;0
stream;0;0;0;3;0;0;2;0;0
stratosphère;0;0;0;4;0;0;0;0;0
stories;1;0;2;0;0;0;0;0;1
stand;0;0;0;3;1;0;0;0;1
staline;2;0;2;0;0;0;0;0;1
stagner;0;0;0;5;0;0;0;0;0
staff;0;0;0;1;0;0;0;0;4
squid;5;0;0;0;0;0;0;0;0
spéculatif;0;0;0;5;0;0;0;0;0
spécialisé;0;0;0;3;0;0;0;1;1
spontanéité;2;0;0;1;0;0;0;0;2
spatz;5;0;0;0;0;0;0;0;0
spatial;4;0;0;1;0;0;0;0;0
souder;1;0;0;1;0;0;0;0;3
sonnerie;2;0;0;1;0;0;1;0;1
solitaire;0;0;3;0;1;0;1;0;0
soigneusement;0;0;0;2;0;0;1;1;1
socio_économique;0;0;0;2;0;0;1;0;1
snow;2;0;0;1;0;0;0;0;2
smith;5;0;0;0;0;0;0;0;0
sio;0;0;3;0;0;0;0;0;0
sinistre;0;0;0;4;0;0;0;0;0
simplet;0;0;0;0;0;0;4;0;1
simone;5;0;0;0;0;0;0;0;0
side;2;0;2;0;0;0;1;0;0
sibérie;0;0;0;5;0;0;0;0;0
shopping;2;0;0;3;0;0;0;0;0
shoot;0;0;0;1;0;0;0;0;3
shlap;5;0;0;0;0;0;0;0;0
shirt;4;0;0;0;0;0;0;0;1
session;0;0;0;0;0;0;2;0;3
serge;4;0;1;0;0;0;0;0;0
serbie;0;0;4;0;0;0;0;0;0
sensationnel;2;0;1;1;0;0;0;0;1
secrétaire;0;0;2;1;0;0;1;0;1
seau;0;1;0;3;0;0;0;0;1
scroller;0;0;0;0;0;0;0;0;4
scoop;0;0;1;1;0;2;1;0;0
schneks;5;0;0;0;0;0;0;0;0
schengen;0;0;0;1;2;0;0;0;2
scander;0;0;3;2;0;0;0;0;0
scandaliser;0;0;2;1;0;0;1;0;1
saveur;3;0;0;2;0;0;0;0;0
sandrine;5;0;0;0;0;0;0;0;0
saloperie;0;0;0;1;1;0;0;1;2
safari;0;0;4;1;0;0;0;0;0
saboter;0;0;3;1;0;0;1;0;0
rééquilibrer;0;0;0;2;0;0;0;2;1
révoltant;0;0;1;2;1;0;0;0;1
résille;5;0;0;0;0;0;0;0;0
réservoir;0;0;0;5;0;0;0;0;0
répressif;0;0;0;1;0;0;4;0;0
rénover;2;0;0;1;0;0;0;0;2
réinsertion;0;0;0;4;0;0;0;0;1
réincarnation;4;0;0;0;0;0;0;0;1
réclamation;0;0;0;1;0;0;1;0;3
réception;0;0;0;2;0;0;1;1;1
réal;0;0;0;2;0;0;2;1;0
ruelle;1;0;1;2;0;0;0;0;1
ruben;1;0;0;0;0;0;0;3;1
rs;0;0;0;0;0;0;1;0;4
rox;5;0;0;0;0;0;0;0;0
rousseau;5;0;0;0;0;0;0;0;0
roulette;2;0;0;0;0;0;1;0;1
rouage;0;0;0;1;0;0;4;0;0
ronaldo;4;0;0;0;0;0;1;0;0
ringard;4;0;0;0;0;0;0;1;0
rihs;5;0;0;0;0;0;0;0;0
rigide;0;0;0;1;0;0;1;1;1
richard;4;0;0;0;0;0;0;0;0
revêtir;0;0;1;2;0;0;2;0;0
revolver;0;0;1;0;0;0;0;0;4
reverser;2;0;0;2;0;0;1;0;0
restau;0;0;0;0;4;0;0;0;1
resident;2;0;0;2;0;0;1;0;0
reset;0;0;0;3;0;1;0;0;0
reptile;0;0;1;3;0;0;1;0;0
reposant;0;0;0;1;0;0;2;0;2
report;0;0;0;3;0;0;2;0;0
repondre;0;0;0;0;1;0;3;1;0
renouveau;1;0;0;0;0;0;1;0;3
renforcement;0;0;1;4;0;0;0;0;0
renflouer;0;0;0;5;0;0;0;0;0
remédier;0;0;0;2;0;0;0;0;3
remy;0;0;4;0;0;0;0;0;1
remontée;1;0;0;4;0;0;0;0;0
relativisme;0;0;0;2;0;0;2;1;0
relationnel;0;0;0;0;0;0;2;0;3
regles;0;0;0;0;1;1;1;0;2
regime;0;0;1;3;1;0;0;0;0
redéfinir;1;0;2;0;0;0;1;0;1
reconnaissable;3;0;0;1;0;0;0;0;1
raz;0;0;0;4;0;1;0;0;0
rayer;0;0;4;1;0;0;0;0;0
ras_le_bol;1;0;2;1;0;0;0;0;1
rangée;0;0;0;3;0;1;1;0;0
random;0;0;0;0;0;1;1;0;3
ramper;0;0;0;0;0;3;0;1;1
rambo;0;0;0;2;0;0;0;0;3
ramadan;3;0;0;0;0;0;1;0;0
rajouterai;1;0;0;1;0;0;0;0;3
racoleur;0;0;0;2;0;0;2;0;1
racisées;0;0;2;1;0;0;0;0;2
racelards;0;0;0;2;0;1;2;0;0
rabais;0;0;0;5;0;0;0;0;0
qur;0;0;1;0;0;0;0;0;4
quelqun;3;0;0;0;0;0;0;0;1
quebec;5;0;0;0;0;0;0;0;0
qualitatif;0;0;0;2;0;0;0;0;3
qie;2;0;1;0;0;1;0;0;1
pédocriminels;0;0;4;0;0;0;0;0;1
pédo;1;0;0;1;0;0;2;0;1
pédagogique;0;0;0;0;0;0;1;0;4
pâté;0;0;0;0;0;4;0;0;0
pâturage;3;0;0;2;0;0;0;0;0
pus;1;0;0;2;0;0;1;0;1
punitif;0;0;0;3;0;0;0;0;2
pti;0;0;1;0;2;0;0;1;1
prévoyance;0;0;0;4;0;0;0;0;1
prévalence;0;0;0;0;0;0;5;0;0
prélèvement;0;0;0;5;0;0;0;0;0
préjudice;0;0;0;0;1;0;1;0;3
préfet;1;0;0;0;0;0;3;0;1
prédécesseur;1;0;1;0;0;0;0;0;3
prudent;0;0;0;3;0;0;1;1;0
provocateur;0;0;0;0;0;0;4;0;1
province;3;0;1;0;0;1;0;0;0
proverbe;2;0;0;0;0;0;2;0;1
protestation;0;0;2;3;0;0;0;0;0
protectorat;1;0;0;0;0;4;0;0;0
prospérer;0;0;0;4;0;0;0;1;0
prorata;0;0;0;5;0;0;0;0;0
propulser;1;0;0;2;0;0;1;0;1
propagation;0;0;0;4;0;1;0;0;0
promenade;3;0;1;0;0;0;0;0;1
projectile;0;0;1;2;0;0;0;0;2
projecteur;1;0;4;0;0;0;0;0;0
progression;1;0;0;0;0;1;0;0;3
programmation;0;0;0;1;0;0;3;0;1
profusion;0;0;0;5;0;0;0;0;0
professionnellement;0;0;0;0;0;0;1;0;4
priser;0;0;0;1;0;0;0;1;3
prenom;4;0;0;1;0;0;0;0;0
pragmatisme;3;0;0;1;0;0;1;0;0
pout;0;0;5;0;0;0;0;0;0
positionnement;0;0;2;2;0;0;1;0;0
porrentruy;0;0;0;4;0;0;1;0;0
poreux;0;0;0;2;0;0;3;0;0
politicard;0;0;0;2;0;0;2;0;1
pois;2;0;0;2;0;0;0;0;1
poilu;2;0;0;0;0;0;0;1;2
pogs;4;0;0;0;0;0;0;0;0
pog;4;0;0;0;0;0;0;0;0
pn;1;0;1;0;0;0;1;0;2
pmr;0;1;0;4;0;0;0;0;0
pléonasme;3;0;0;0;0;0;1;1;0
plouc;3;0;0;0;1;1;0;0;0
playstation;1;0;0;1;0;1;0;0;2
playlist;4;0;0;1;0;0;0;0;0
plaquer;0;0;0;2;0;0;0;3;0
plantation;1;0;0;2;0;0;0;1;1
planer;0;0;0;0;0;0;0;0;4
plainpalais;5;0;0;0;0;0;0;0;0
plaine;2;0;0;2;1;0;0;0;0
piètre;0;0;1;3;0;0;0;0;1
piur;0;1;0;0;0;0;0;0;4
piston;5;0;0;0;0;0;0;0;0
pin;3;0;0;0;0;0;0;1;1
piccard;1;0;0;1;0;0;0;0;3
pharmas;0;0;0;5;0;0;0;0;0
pharaon;2;0;2;0;0;0;0;0;1
peugeot;2;0;0;2;0;0;0;0;1
petit_déjeuner;0;0;0;0;0;2;1;0;2
pesée;0;0;2;1;0;0;1;0;1
persone;0;0;0;0;1;0;0;0;2
perruque;3;0;0;1;0;0;0;1;0
perpétuel;0;0;0;0;0;0;0;1;4
perplexe;0;0;0;0;0;0;1;0;4
pelure;1;0;0;1;0;0;1;0;1
peintre;4;0;0;1;0;0;0;0;0
pedophilie;0;0;0;0;0;0;5;0;0
pedophile;0;0;1;1;0;1;0;0;2
payerne;0;0;0;5;0;0;0;0;0
pay;1;0;0;2;0;0;0;1;0
patronal;0;0;0;5;0;0;0;0;0
parsque;0;0;0;2;0;0;2;0;1
parlant;1;0;0;2;0;0;1;0;1
parano;0;0;0;0;0;1;0;0;4
paralyser;0;0;4;0;0;0;0;1;0
parachute;1;0;1;2;0;0;1;0;0
papillote;5;0;0;0;0;0;0;0;0
papet;5;0;0;0;0;0;0;0;0
papas;0;0;0;0;0;0;0;2;3
paniquer;0;0;0;0;0;4;0;0;1
pancarte;0;0;5;0;0;0;0;0;0
pallier;0;0;0;1;0;0;2;0;2
palette;1;0;0;4;0;0;0;0;0
paisiblement;1;0;0;0;0;0;0;1;3
paa;0;0;0;2;0;1;0;0;2
ouïe;2;0;0;0;0;2;1;0;0
our;0;0;1;3;0;1;0;0;0
ouiiiiii;4;0;0;0;0;1;0;0;0
ouighour;0;0;2;1;1;0;0;0;0
orp;0;0;0;3;0;0;2;0;0
oreillette;0;0;0;4;0;1;0;0;0
oqtf;0;0;1;0;0;1;1;0;2
omniprésent;0;0;0;4;0;0;0;0;1
olive;1;0;0;4;0;0;0;0;0
obsolescence;0;0;0;5;0;0;0;0;0
obsessionnel;0;0;0;1;0;4;0;0;0
obscurantisme;0;0;2;0;0;0;1;0;2
obscur;1;0;0;0;0;0;2;0;2
néo;0;0;2;0;0;0;0;3;0
négociable;1;0;1;3;0;0;0;0;0
nvidia;0;0;0;5;0;0;0;0;0
nutriscore;0;0;2;2;0;0;1;0;0
nuremberg;0;0;5;0;0;0;0;0;0
nourrisson;1;0;0;0;0;0;0;0;4
nourrissant;0;0;0;2;1;0;1;0;1
notification;0;0;0;0;0;0;5;0;0
nordique;0;0;0;4;1;0;0;0;0
noix;0;0;0;5;0;0;0;0;0
noah;4;0;0;0;0;0;0;0;1
niveler;1;0;0;3;0;0;1;0;0
niquer;0;0;0;5;0;0;0;0;0
niquel;2;0;0;0;1;0;1;0;1
nikola;0;0;0;5;0;0;0;0;0
nidwald;0;0;1;3;0;0;0;0;1
never;0;0;0;0;0;1;1;1;2
nb;0;0;0;0;1;1;0;1;2
navire;0;0;1;4;0;0;0;0;0
nautique;2;0;0;1;0;1;0;0;1
nauséabond;0;1;2;0;0;0;0;1;1
naturalisent;0;0;0;2;0;0;2;0;0
naturalise;0;0;0;4;0;0;1;0;0
naturalisations;0;0;0;2;0;0;2;0;1
narcoterroristes;0;0;5;0;0;0;0;0;0
narcisse;3;0;0;0;0;0;0;1;1
nappe;1;0;1;3;0;0;0;0;0
namaste;4;0;0;0;0;0;0;0;1
métabolisme;0;0;0;3;0;0;0;0;1
méta;0;0;0;0;0;0;1;2;2
méga;0;0;0;1;0;3;0;0;1
méditerranéen;0;2;0;1;0;0;1;0;1
mèche;2;0;0;0;0;0;1;1;0
mutualité;0;0;0;3;0;0;0;1;1
must;4;0;0;0;0;0;0;0;1
muscle;1;0;0;1;0;0;1;1;1
mtv;0;0;0;1;0;0;1;0;1
mouise;0;0;0;5;0;0;0;0;0
mouchoir;0;0;0;5;0;0;0;0;0
motard;0;0;0;2;0;1;1;0;1
moss;0;0;0;1;0;0;2;0;2
more;0;0;0;0;0;1;4;0;0
monotone;1;0;0;1;0;1;0;0;2
monopoly;0;0;0;5;0;0;0;0;0
monoparental;0;0;0;0;0;0;0;1;4
mollah;0;0;4;0;0;0;0;0;0
modérateur;0;0;0;0;0;0;3;0;2
mobilisations;0;0;2;0;0;0;1;0;2
mmmh;0;0;0;0;0;0;1;0;2
mirage;0;0;0;5;0;0;0;0;0
miner;0;0;0;4;0;0;0;0;0
michellod;5;0;0;0;0;0;0;0;0
miche;2;1;0;0;1;0;0;0;0
meta;0;0;0;1;0;0;3;0;0
mesquin;1;0;0;3;0;0;0;0;1
merite;0;0;1;2;0;1;0;0;1
merdier;0;0;1;0;0;2;0;1;1
mercure;0;0;0;5;0;0;0;0;0
merciii;5;0;0;0;0;0;0;0;0
mercedes;0;0;0;2;0;0;0;0;2
mercantile;2;0;1;1;0;0;1;0;0
menton;1;0;0;2;0;0;1;0;1
menstruation;0;3;0;1;0;0;0;1;0
menotte;0;0;0;0;0;0;0;0;5
melatonine;0;0;0;1;0;0;2;0;2
md;2;0;0;1;0;1;0;0;1
maurer;0;0;5;0;0;0;0;0;0
maudet;0;0;1;4;0;0;0;0;0
matth3ews;0;0;0;1;0;1;2;0;1
matrice;1;0;0;0;2;1;1;0;0
marée;0;0;1;2;0;0;0;0;2
martyriser;1;0;4;0;0;0;0;0;0
martine;4;0;0;1;0;0;0;0;0
maritime;1;0;2;2;0;0;0;0;0
manipulable;0;0;0;1;0;0;0;0;4
manier;0;0;0;0;0;1;0;2;2
mangue;5;0;0;0;0;0;0;0;0
malédiction;4;0;0;0;0;0;0;1;0
malthusiens;0;0;4;0;1;0;0;0;0
malley;2;0;0;2;0;0;0;0;1
malfaiteur;0;0;2;1;0;0;2;0;0
malentendu;0;0;0;0;0;0;0;4;1
maigreur;0;0;0;0;0;0;1;0;2
magnon;0;0;5;0;0;0;0;0;0
machette;0;0;5;0;0;0;0;0;0
létal;0;0;3;0;0;0;0;0;1
légion;0;0;0;1;0;0;3;0;1
légiférer;0;0;0;1;0;0;2;1;1
légalité;0;0;3;0;0;0;1;0;1
léchage;0;4;0;0;0;0;0;0;1
lyme;0;0;0;5;0;0;0;0;0
lucas;2;0;0;1;0;0;0;0;2
lorenzo;5;0;0;0;0;0;0;0;0
longuement;1;0;0;2;0;0;0;1;1
loge;0;0;1;2;0;0;1;0;1
lobbyistes;0;0;0;3;0;0;2;0;0
lister;0;0;0;1;1;0;2;0;1
lisbonne;0;0;0;4;0;1;0;0;0
likoud;0;0;4;0;0;0;0;0;0
liker;0;0;2;0;0;1;1;0;1
licorne;1;0;0;0;0;0;4;0;0
libye;1;0;4;0;0;0;0;0;0
lhomme;0;0;0;0;0;0;0;0;4
lgbtq;0;0;0;0;0;1;0;4;0
lex;0;0;0;4;0;0;0;0;0
leurre;0;0;0;4;0;0;0;1;0
lesbien;0;0;0;0;0;0;1;4;0
legal;0;0;0;1;0;0;4;0;0
learning;0;0;0;3;0;0;0;0;1
league;0;0;0;2;0;0;0;0;3
lbd;0;0;4;1;0;0;0;0;0
lapsus;2;0;0;1;0;0;2;0;0
lang;5;0;0;0;0;0;0;0;0
lanceur;1;0;1;0;0;0;2;0;1
lancement;0;0;3;1;0;0;1;0;0
lame;0;0;0;0;0;1;1;0;3
lake;1;0;1;0;0;0;1;0;2
labo;0;0;0;2;0;0;1;1;1
kosovare;0;0;4;0;1;0;0;0;0
kirk;0;0;3;0;0;0;1;1;0
kiffer;2;0;0;0;0;1;0;0;2
kiev;0;0;4;0;0;0;1;0;0
kidnapping;0;0;2;0;0;0;1;0;2
k7;3;0;0;2;0;0;0;0;0
jveux;4;0;0;0;0;0;0;0;1
justicier;0;0;0;0;0;2;0;1;2
jumeau;4;0;0;0;0;0;0;0;1
jules;2;0;0;1;0;0;1;0;1
joconde;0;0;0;4;0;0;1;0;0
jlai;3;0;0;0;0;0;1;1;0
jihadistes;0;0;5;0;0;0;0;0;0
jeûner;0;0;0;0;0;0;3;0;2
jeannot;0;0;0;5;0;0;0;0;0
jcrois;2;0;1;0;0;0;1;0;1
jc;2;0;0;0;0;0;0;0;3
javier;0;0;1;1;0;0;2;0;1
jane;4;0;0;0;0;0;0;0;1
jambon;1;0;0;3;0;0;0;0;1
jaafarwi;0;0;5;0;0;0;0;0;0
ix;1;0;0;1;0;0;0;0;2
italo;2;0;0;0;0;2;0;0;0
istanbul;0;0;3;1;0;0;0;1;0
israëliens;0;0;5;0;0;0;0;0;0
irl;2;0;0;0;0;1;0;0;1
ipa;0;0;0;5;0;0;0;0;0
inévitable;0;0;0;2;0;0;2;0;1
involontaire;0;0;1;0;0;0;0;4;0
invasif;0;0;0;1;0;0;1;0;3
intéressé;0;0;0;3;0;0;0;2;0
introuvable;0;0;1;3;0;0;0;0;1
intrinsèque;0;0;0;2;0;0;2;0;1
intolérant;0;0;1;1;0;1;1;1;0
interner;0;0;3;1;0;0;1;0;0
interlocuteur;1;0;0;0;0;0;2;1;1
interesse;0;0;1;1;0;0;1;0;2
insérer;1;0;1;1;0;1;0;0;1
institut;0;0;0;1;0;0;2;0;2
insipide;0;0;0;1;0;0;0;3;1
inoxtag;0;0;0;0;0;0;4;0;1
innommable;0;0;5;0;0;0;0;0;0
injustifiable;0;0;2;2;0;0;1;0;0
injecter;0;0;0;3;0;0;1;0;1
initier;0;0;0;5;0;0;0;0;0
infrarouge;1;0;0;2;0;0;1;1;0
infect;1;0;1;3;0;0;0;0;0
infantiliser;0;0;0;0;1;0;0;2;2
infantile;0;0;1;2;0;0;0;0;1
inerte;0;0;0;3;0;1;0;0;1
inefficace;0;0;2;3;0;0;0;0;0
indéfendable;0;0;3;0;0;0;1;0;1
individuellement;0;0;1;2;0;0;1;0;1
indigène;0;0;2;0;0;0;0;0;2
incurable;0;0;0;4;0;0;0;0;1
increvable;0;0;0;4;0;0;0;0;1
inconfortable;1;0;0;1;0;0;1;0;2
incommensurable;0;0;1;0;0;0;1;0;3
incomber;0;0;0;1;0;0;1;1;2
inclu;0;0;1;3;0;0;0;0;1
incinération;0;0;0;5;0;0;0;0;0
inceste;1;0;0;0;0;0;0;1;3
incendier;1;0;1;1;0;1;0;0;1
inattendu;1;0;1;0;0;0;0;0;3
inarrêtable;0;0;0;4;0;0;0;0;0
inadapté;1;0;0;2;0;0;0;0;2
ina;1;0;0;0;0;0;2;0;0
impérialisme;0;0;4;1;0;0;0;0;0
impunément;0;0;5;0;0;0;0;0;0
improviser;0;1;0;0;0;0;3;0;1
implanter;0;0;0;4;0;0;1;0;0
implacable;0;0;0;2;0;0;2;0;1
impartialité;0;0;3;0;0;0;1;0;1
imp;0;0;4;0;0;0;0;0;1
immortalité;0;0;0;0;0;0;1;0;4
imbuvable;0;0;1;0;0;0;3;0;1
iluser_utilisateurice;1;1;0;2;0;0;0;0;1
illuminer;4;0;1;0;0;0;0;0;0
ignare;0;0;2;0;0;1;2;0;0
ig;0;1;2;0;0;0;1;0;1
iel;0;0;0;0;0;5;0;0;0
idéaliser;0;0;0;0;0;1;1;0;3
ideologie;0;0;2;0;0;0;0;0;2
iconique;5;0;0;0;0;0;0;0;0
hétérosexuel;1;0;0;0;0;0;1;2;1
hésitation;0;2;0;1;0;0;1;0;1
hérésie;0;0;0;1;1;1;1;0;1
hypothétique;0;0;0;1;0;0;0;0;4
hyn;0;0;0;2;0;0;1;0;1
hp;0;0;0;1;0;4;0;0;0
hot;5;0;0;0;0;0;0;0;0
hostilité;0;0;3;1;0;0;0;0;1
hopital;0;0;1;2;0;0;0;0;2
hooo;4;0;0;0;0;0;0;0;1
homme_femme;0;0;0;0;0;1;0;2;1
hobby;1;0;0;0;0;2;0;0;2
heysel;0;0;0;2;0;0;0;0;3
heurter;0;0;1;1;0;1;0;0;2
henry;4;0;0;1;0;0;0;0;0
hazard;0;1;0;2;0;0;0;0;2
hautain;0;0;0;0;0;0;5;0;0
hasbara;0;0;5;0;0;0;0;0;0
hasardeux;0;0;0;1;0;0;2;0;2
hache;1;0;0;0;0;0;0;0;4
habile;0;0;0;0;0;1;2;1;1
gén0;0;0;5;0;0;0;0;0;0
gypaète;0;0;0;5;0;0;0;0;0
gva;0;0;1;4;0;0;0;0;0
guise;0;0;3;0;0;0;1;0;0
guignol;1;0;0;0;0;4;0;0;0
gré;0;0;2;0;0;0;1;0;1
groupuscule;0;0;5;0;0;0;0;0;0
grincheux;3;0;0;1;0;0;0;0;1
green;0;0;0;2;0;0;1;2;0
gravissime;0;0;1;0;0;1;2;0;1
grade;0;0;1;0;0;0;4;0;0
gouvernant;0;1;0;4;0;0;0;0;0
gonzesse;0;0;0;0;0;0;0;4;1
gonflable;1;0;0;3;0;0;0;1;0
golf;0;0;1;1;0;0;2;0;1
goldorak;3;0;0;0;0;0;0;0;1
goal;2;0;1;2;0;0;0;0;0
glutamate;0;4;0;0;0;0;0;0;1
glucide;0;0;0;2;1;0;1;0;1
globalistes;0;0;1;1;0;0;2;0;0
glacial;3;0;0;0;0;0;0;0;2
gif;2;0;1;0;0;0;1;0;1
gerbe;0;0;0;0;0;0;1;0;3
genocides;0;0;4;0;0;0;0;0;1
genfersee;1;0;0;1;0;0;2;0;1
geneva;1;0;2;0;0;0;1;0;1
gaëlle;3;0;0;0;0;0;0;0;0
gaston;5;0;0;0;0;0;0;0;0
garcons;4;0;0;0;0;0;0;0;1
gangster;3;0;0;1;0;0;0;0;1
galerie;0;0;0;4;0;0;0;0;1
gaillard;2;0;0;0;0;0;1;0;2
féerique;3;0;0;0;0;0;0;0;2
futile;2;0;0;0;0;0;1;0;2
fur_et_à_mesure;0;0;0;1;1;1;1;0;1
funèbre;0;0;0;4;0;0;0;0;1
fumisterie;0;0;4;1;0;0;0;0;0
fromagerie;3;0;0;0;0;0;1;0;0
from;0;0;3;0;0;0;1;0;0
frileux;2;0;0;2;0;0;0;1;0
friandise;1;0;0;0;0;2;1;0;1
freedom;1;0;2;0;0;1;0;0;0
frayer;0;0;0;1;0;0;0;0;4
fraudeur;0;0;0;5;0;0;0;0;0
fragment;0;0;0;2;0;0;1;0;2
fourche;2;0;2;0;1;0;0;0;0
formel;0;0;2;0;0;0;3;0;0
formateur;0;0;0;3;0;0;0;2;0
forger;1;0;0;0;0;0;1;0;3
forever;5;0;0;0;0;0;0;0;0
forestier;0;0;0;1;1;0;0;0;3
fonte;0;0;0;5;0;0;0;0;0
fontaine;4;0;0;1;0;0;0;0;0
foncier;0;0;1;3;0;0;1;0;0
foireux;0;0;0;0;0;2;2;0;1
foirer;1;0;2;1;0;0;0;0;1
foehn;3;0;0;2;0;0;0;0;0
focaliser;0;0;3;0;0;0;2;0;0
fnsea;0;0;0;2;0;0;1;0;1
fluo;5;0;0;0;0;0;0;0;0
fluidité;1;0;0;3;0;0;1;0;0
flow;5;0;0;0;0;0;0;0;0
flore;0;0;0;1;1;0;1;0;2
flexibilité;1;0;0;2;0;0;0;0;2
flan;0;0;3;1;0;1;0;0;0
financées;0;0;1;3;0;0;0;1;0
fillette;0;0;5;0;0;0;0;0;0
figurer;1;0;0;2;0;1;0;1;0
fichu;0;0;0;3;0;1;1;0;0
fervent;1;0;2;0;0;0;2;0;0
fermement;0;0;3;2;0;0;0;0;0
federer;3;0;0;0;0;0;1;0;1
fb;0;0;2;0;0;0;0;1;2
fatal;1;0;0;3;0;0;0;0;1
faiblement;0;0;1;4;0;0;0;0;0
facette;1;0;0;3;0;0;1;0;0
fable;0;0;0;1;1;0;1;0;0
explicitement;0;0;3;0;0;1;0;1;0
expansion;0;0;2;1;0;0;1;0;1
exilé;0;0;0;1;0;1;1;0;2
exiler;0;0;3;2;0;0;0;0;0
exhaustif;0;0;0;1;0;0;1;0;3
escient;0;0;0;0;0;0;5;0;0
errer;0;0;0;1;0;4;0;0;0
epfl;0;0;0;3;0;0;2;0;0
envieux;1;0;0;1;0;0;0;0;3
envergure;1;0;2;1;0;0;0;1;0
entrave;0;0;0;3;0;0;1;0;1
entendement;0;0;0;1;0;4;0;0;0
enrichissant;0;0;0;1;0;0;0;0;4
enquêteur;0;1;1;0;0;0;1;1;1
enquêter;0;0;1;0;0;0;4;0;0
enorme;1;0;0;2;0;1;1;0;0
enneigé;4;0;0;0;0;0;0;0;1
enleve;0;0;0;4;0;0;0;0;0
engouement;2;0;1;0;0;0;1;1;0
energie;0;0;1;2;0;0;0;0;1
endommager;0;0;3;1;0;0;0;0;0
endiguer;0;0;0;5;0;0;0;0;0
encroyable;3;0;0;0;0;0;0;1;0
encombrant;0;2;0;2;0;0;0;0;1
encercler;0;0;3;0;0;0;0;0;2
emplir;0;0;0;1;1;0;0;0;3
emji_voiture_de_police_de_face;2;0;0;1;0;0;0;0;1
emji_v_de_la_victoire_peau_légèrement_mate;3;0;1;0;0;0;0;0;0
emji_skieur;4;0;0;0;0;0;0;0;0
emji_ski;4;0;0;1;0;0;0;0;0
emji_signe_je_t_aime;0;0;0;2;0;1;0;0;0
emji_père_noël_peau_claire;5;0;0;0;0;0;0;0;0
emji_poule;4;0;0;0;0;0;0;0;0
emji_pouce_vers_le_haut_peau_légèrement_mate;0;0;0;1;0;0;2;0;2
emji_pouce_vers_le_bas_peau_moyennement_claire;0;0;0;1;0;0;1;0;3
emji_poing_levé_peau_légèrement_mate;0;0;5;0;0;0;0;0;0
emji_poing_levé_peau_claire;1;0;2;0;0;0;0;1;1
emji_pierre_précieuse;5;0;0;0;0;0;0;0;0
emji_personne_avec_la_paume_sur_le_visage_peau_légèrement_mate;0;0;1;0;0;0;0;0;2
emji_perroquet;1;0;1;1;0;1;1;0;0
emji_mandarine;3;0;1;0;0;0;0;0;0
emji_main_avec_index_pointant_à_gauche;0;0;0;0;0;5;0;0;0
emji_homme_qui_hausse_les_épaules_peau_mate;0;0;1;1;0;0;2;0;1
emji_gouttes_de_sueur;3;2;0;0;0;0;0;0;0
emji_goutte_de_sang;3;0;0;1;0;0;0;1;0
emji_fleur_de_lys;2;0;0;0;0;0;0;1;1
emji_escargot;3;0;0;1;0;0;0;0;1
emji_drapeau_venezuela;0;0;5;0;0;0;0;0;0
emji_drapeau_noir;2;0;0;0;0;0;0;0;1
emji_drapeau_chili;1;1;0;0;0;0;1;0;0
emji_conifère;3;0;0;2;0;0;0;0;0
emji_citrouille;0;0;0;2;0;0;0;0;1
emji_canard;2;0;1;1;0;0;0;0;1
emji_ballon_gonflable;5;0;0;0;0;0;0;0;0
emissions;0;0;0;5;0;0;0;0;0
embouteillage;0;0;0;5;0;0;0;0;0
emblématique;1;0;0;4;0;0;0;0;0
email;0;0;0;0;0;4;1;0;0
electronique;0;0;0;5;0;0;0;0;0
egoiste;0;0;3;0;0;0;0;0;1
effréné;0;0;0;4;0;0;0;1;0
efforcer;0;0;2;2;0;0;0;0;1
economique;0;0;2;2;0;0;0;0;1
easyjet;0;0;0;4;0;0;0;0;1
dévotion;2;0;0;0;0;0;1;0;2
développé;0;0;0;4;0;0;1;0;0
dévaster;1;0;1;3;0;0;0;0;0
dévaloriser;0;0;0;2;0;0;0;1;2
détraquer;1;0;4;0;0;0;0;0;0
détracteur;0;0;0;3;0;1;1;0;0
désillusion;0;0;0;1;0;0;2;0;2
déshabiller;0;3;0;0;0;0;1;0;1
désengorger;0;0;0;5;0;0;0;0;0
désamianté;0;0;0;3;0;0;0;0;1
désabonne;0;0;1;2;0;0;0;0;2
dépénalisation;2;0;0;3;0;0;0;0;0
dépourvu;1;0;0;0;0;0;2;0;2
déporter;0;0;1;2;0;0;2;0;0
déodorant;1;0;0;0;0;1;0;0;3
dénier;0;0;4;0;0;0;0;0;1
démographie;0;0;1;3;0;0;0;1;0
démanteler;0;0;4;0;0;0;0;0;1
démagogie;1;0;0;2;0;0;0;1;1
délégation;0;0;1;4;0;0;0;0;0
délibérément;0;0;1;0;0;0;2;1;1
dégringolade;0;0;0;2;0;0;0;0;3
dégradé;1;0;0;1;0;0;2;0;1
dégoute;0;0;0;2;0;0;1;0;1
dédouaner;0;0;0;0;0;1;0;0;4
décroissance;0;0;0;4;0;0;1;0;0
décourager;0;0;0;4;0;0;0;0;1
décourageant;0;0;0;3;0;0;0;0;2
décorer;1;0;0;3;0;0;0;0;1
déconcertant;4;0;0;0;0;0;1;0;0
décompresser;0;0;0;5;0;0;0;0;0
décolonisation;0;0;4;0;0;0;0;0;0
déc;0;0;0;3;0;1;0;0;1
déboucher;0;0;0;5;0;0;0;0;0
duty;0;0;0;0;0;5;0;0;0
durement;0;0;1;4;0;0;0;0;0
durablement;0;0;1;0;0;0;2;0;2
dubitatif;0;0;0;0;1;0;1;0;3
dressage;0;0;0;0;0;0;1;1;2
doyen;3;0;0;0;0;0;1;0;1
dope;3;0;0;1;0;0;0;0;1
docu;5;0;0;0;0;0;0;0;0
doctrine;0;0;1;2;0;0;1;0;1
divulguer;0;0;4;0;0;0;1;0;0
district;0;0;1;2;0;0;1;0;1
distributeur;0;0;1;3;0;0;0;0;1
dissonance;0;0;0;0;0;0;3;1;1
dissocier;0;0;0;0;0;1;0;0;4
dissiper;0;0;0;3;0;0;1;0;1
discriminant;0;0;1;0;0;0;0;4;0
dili;5;0;0;0;0;0;0;0;0
digestif;0;0;0;1;0;1;0;0;2
diesel;1;0;0;4;0;0;0;0;0
dicton;0;0;0;1;0;1;1;0;2
dictat;0;0;0;0;0;0;0;0;5
diamant;1;0;0;4;0;0;0;0;0
diagnostique;0;0;0;0;0;0;1;0;2
developpement;0;0;0;3;0;0;0;0;1
detruit;1;0;1;1;0;0;0;0;2
detre;0;0;2;0;0;0;0;0;3
destinée;1;0;2;0;0;0;1;1;0
depardieu;2;0;0;0;0;1;1;0;1
defend;0;0;2;1;0;0;2;0;0
ded;0;0;0;1;0;3;1;0;0
dd;4;0;0;1;0;0;0;0;0
dcp;3;0;0;0;0;0;0;1;1
dbz;5;0;0;0;0;0;0;0;0
day;4;0;0;0;0;0;0;1;0
damoiseau;0;0;0;2;0;1;0;1;1
dam;0;0;0;2;0;0;1;0;2
cylindrée;0;0;0;5;0;0;0;0;0
cyclique;0;0;0;0;0;0;1;0;4
cursus;0;0;0;2;0;0;0;0;2
curry;1;0;1;0;1;0;1;0;1
cumulées;0;0;0;5;0;0;0;0;0
cumuler;0;0;0;4;0;0;0;1;0
cuivre;0;0;0;4;0;0;0;0;0
cuisson;0;0;0;5;0;0;0;0;0
csc;0;0;0;1;0;4;0;0;0
crypto;0;0;0;5;0;0;0;0;0
crucifier;1;0;0;1;0;0;1;1;1
croustillant;1;0;0;4;0;0;0;0;0
crouler;0;0;0;4;0;0;0;1;0
cro;0;0;5;0;0;0;0;0;0
cringe;0;0;0;0;0;0;3;1;1
criminaliser;0;0;4;0;0;0;0;0;1
couturier;2;0;0;1;0;0;0;0;1
cout;0;0;0;4;0;0;0;0;1
couillon;2;0;0;2;0;0;0;0;1
cosmétique;0;0;0;5;0;0;0;0;0
cosmique;0;0;0;0;0;0;5;0;0
corvée;0;0;0;0;0;3;0;0;2
corsier;3;0;0;1;0;0;0;0;0
corporation;0;0;3;1;0;0;0;0;1
coquille;1;0;0;1;0;0;2;1;0
cookie;2;0;1;0;0;1;0;0;1
convivialité;2;0;0;1;0;0;0;0;2
contrée;0;0;1;0;2;0;1;0;1
control;0;0;2;2;0;0;0;0;1
contraceptif;0;0;2;2;0;0;0;1;0
contextualiser;1;0;1;0;0;1;1;0;1
contest;5;0;0;0;0;0;0;0;0
contempler;0;0;0;1;0;1;2;0;1
conte;1;0;2;1;0;0;1;0;0
considérablement;0;0;0;1;0;0;1;1;2
consanguinité;0;0;0;5;0;0;0;0;0
conjuguer;0;0;0;0;0;3;0;0;2
conforter;1;0;0;0;0;0;0;0;3
confiture;3;0;0;1;1;0;0;0;0
confiserie;0;0;0;0;0;5;0;0;0
confiner;0;0;0;0;1;0;1;1;2
confession;1;0;2;2;0;0;0;0;0
conditionnement;2;0;0;0;1;0;1;0;1
concorder;0;0;0;2;0;1;2;0;0
comte;4;0;0;0;0;0;1;0;0
compensation;0;0;0;2;0;0;0;0;3
comparatif;0;0;1;1;0;0;2;0;1
communion;2;0;0;0;0;0;0;0;3
comms;1;0;0;0;0;4;0;0;0
combustion;0;0;0;5;0;0;0;0;0
combiner;1;1;0;0;0;0;1;0;2
combi;2;1;0;1;0;0;0;0;1
colonialiste;0;0;4;1;0;0;0;0;0
colombe;5;0;0;0;0;0;0;0;0
cologny;0;0;0;5;0;0;0;0;0
colo;4;0;0;0;0;1;0;0;0
collision;0;0;0;3;0;0;1;0;1
collecte;0;0;1;4;0;0;0;0;0
collabo;0;0;3;0;0;0;1;0;1
cohabiter;0;0;0;2;0;1;0;0;2
coercitif;0;0;2;1;0;0;1;0;1
clémentine;4;0;0;0;0;0;0;0;1
clément;1;0;0;1;0;1;1;0;1
clivage;0;0;0;0;0;0;2;2;0
clinique;0;0;0;2;0;0;1;0;2
clignotant;0;0;0;5;0;0;0;0;0
classification;0;0;1;1;0;1;0;0;1
clash;1;0;0;4;0;0;0;0;0
clandestin;0;0;4;0;0;1;0;0;0
cilo;5;0;0;0;0;0;0;0;0
cigogne;0;0;0;5;0;0;0;0;0
cide;0;0;5;0;0;0;0;0;0
chypre;0;0;5;0;0;0;0;0;0
chuv;0;0;0;5;0;0;0;0;0
chrono;1;0;0;1;0;0;1;1;1
chouine;0;0;0;0;0;0;1;1;3
chiasse;0;0;0;1;0;0;1;0;1
chevreuil;1;0;0;1;1;0;1;0;1
chevelure;4;0;0;0;0;0;0;0;1
chere;3;0;0;1;1;0;0;0;0
chenapan;4;0;0;0;0;0;1;0;0
cheminée;3;0;0;0;0;0;1;0;1
checking;0;0;0;1;0;0;3;0;0
chausson;4;0;0;0;0;0;1;0;0
chauffard;0;0;0;5;0;0;0;0;0
charlotte;4;0;0;1;0;0;0;0;0
chariot;0;0;0;4;0;0;0;0;1
champi;0;0;3;0;0;0;0;0;2
chambouler;0;0;0;0;0;0;3;1;1
chain;0;0;0;4;0;0;0;0;1
chablais;0;0;0;5;0;0;0;0;0
cgn;3;0;0;2;0;0;0;0;0
ceva;0;0;0;5;0;0;0;0;0
cervin;1;0;0;1;0;0;2;0;1
cerf;1;0;0;3;1;0;0;0;0
centre_ville;0;0;0;4;0;0;0;0;0
centraliser;0;0;1;4;0;0;0;0;0
celestin;5;0;0;0;0;0;0;0;0
cbd;0;0;0;5;0;0;0;0;0
castor;0;1;0;0;0;4;0;0;0
castello;5;0;0;0;0;0;0;0;0
casino;2;0;0;2;0;0;0;0;0
cartonner;0;0;0;4;0;0;0;0;1
carrossier;1;0;0;4;0;0;0;0;0
carrosserie;0;0;0;3;0;0;0;0;2
carrefour;0;0;0;5;0;0;0;0;0
carlos;0;1;2;0;0;1;1;0;0
caricatural;0;0;0;0;1;0;0;1;3
care;0;0;0;5;0;0;0;0;0
captif;0;0;2;0;0;2;0;1;0
capitulation;0;0;4;1;0;0;0;0;0
cantine;0;0;0;0;0;0;3;0;1
canidé;0;0;0;0;5;0;0;0;0
campagnard;1;0;0;0;0;0;0;1;3
cameraman;1;0;0;1;0;1;1;0;1
camer;1;0;0;4;0;0;0;0;0
camaraderie;1;0;0;0;0;0;0;0;4
calomnie;0;0;3;1;0;0;0;0;0
cafard;1;0;1;1;0;0;0;0;2
cachet;0;0;0;2;0;1;1;0;1
cacahouète;0;0;0;1;0;0;0;0;2
bénichon;5;0;0;0;0;0;0;0;0
bâtard;0;0;0;1;0;0;1;0;2
bulletin;0;0;0;2;0;0;2;0;1
bulldozer;0;0;5;0;0;0;0;0;0
brèche;0;0;1;1;0;0;0;0;2
brushing;5;0;0;0;0;0;0;0;0
bruler;0;0;1;0;0;0;0;0;4
broncher;0;0;2;2;0;0;1;0;0
brochette;3;0;0;1;1;0;0;0;0
broche;3;0;0;0;0;1;1;0;0
brisé;1;0;3;1;0;0;0;0;0
brique;0;0;0;3;0;0;0;0;1
bricoler;2;0;0;1;0;0;1;0;1
bresil;3;0;0;0;0;0;1;0;0
bravoure;4;0;0;0;0;0;0;0;1
brassière;1;0;0;0;0;1;0;3;0
brasil;1;0;1;2;0;0;0;0;1
branleur;0;0;0;0;0;5;0;0;0
brandolini;0;0;0;1;0;0;2;0;0
bouleverser;0;0;0;0;0;0;1;3;1
bouddhiste;0;0;0;0;0;2;0;0;3
border;0;0;0;2;0;1;0;1;1
bordeaux;0;0;0;2;0;1;1;0;1
boku;0;4;0;0;0;0;0;0;0
bofs;2;0;0;0;0;0;1;0;1
blouson;5;0;0;0;0;0;0;0;0
blatten;1;0;0;2;0;0;0;0;1
blasé;4;0;0;0;0;0;0;0;1
blanchiment;0;0;1;4;0;0;0;0;0
bla_bla_bla;0;0;1;2;0;0;0;1;1
bichette;4;0;0;0;0;0;0;1;0
biaisés;0;0;1;1;0;1;1;1;0
benoît;5;0;0;0;0;0;0;0;0
bellevue;0;0;0;5;0;0;0;0;0
bazar;0;0;2;1;0;0;1;0;1
batiments;0;0;1;4;0;0;0;0;0
barragistes;0;0;0;5;0;0;0;0;0
baptiste;5;0;0;0;0;0;0;0;0
ballot;1;0;0;1;0;0;3;0;0
ballade;1;0;0;4;0;0;0;0;0
ball;2;0;0;1;0;1;1;0;0
baignade;5;0;0;0;0;0;0;0;0
bachelier;2;0;0;1;0;0;1;0;0
aérodrome;0;0;0;5;0;0;0;0;0
aviaire;0;0;0;2;0;0;0;0;3
aveu;0;0;1;2;0;0;2;0;0
aval;0;0;1;3;0;0;0;0;1
av;2;0;1;0;0;1;0;0;1
auxiliaire;0;1;0;3;0;0;0;0;1
autocollant;2;0;1;1;0;0;1;0;0
autel;1;0;0;2;0;1;0;0;1
aurevoir;0;0;2;2;0;0;0;0;1
aulieu;0;0;0;1;0;0;0;0;4
attraction;0;0;0;4;0;0;1;0;0
attachement;0;0;0;1;0;0;3;0;1
atar;0;0;0;5;0;0;0;0;0
associatif;1;0;2;2;0;0;0;0;0
assistance;0;0;0;3;0;0;1;0;1
assemblée;0;0;0;1;1;0;2;0;1
artisanat;0;0;0;4;0;0;1;0;0
articulation;3;0;0;0;0;0;0;0;2
arrete;0;1;0;1;0;2;0;0;1
aristote;0;0;0;0;0;1;3;0;1
arbitrairement;0;0;3;0;0;0;2;0;0
arabique;0;0;5;0;0;0;0;0;0
aprés;1;1;0;1;0;0;1;0;1
appréhender;0;0;1;0;0;0;0;0;4
approfondi;0;0;1;0;0;0;3;0;1
applicable;0;0;2;1;0;0;1;0;1
appli;0;0;0;4;0;0;1;0;0
appeller;0;3;0;0;0;1;0;0;1
appellait;3;0;0;0;0;1;0;0;1
appauvrissement;0;1;1;1;0;0;1;0;1
apparition;1;0;0;0;0;0;1;1;1
apparent;1;0;0;1;0;0;2;0;1
ap;0;0;1;1;0;0;3;0;0
antérieur;1;0;0;1;0;0;0;0;2
anomalie;0;0;0;2;0;1;0;1;1
annecy;1;0;0;4;0;0;0;0;0
animosité;0;0;0;1;0;0;0;0;4
animalerie;0;0;0;5;0;0;0;0;0
anglophone;3;0;0;1;0;0;0;0;1
aménagement;0;0;0;5;0;0;0;0;0
altruisme;0;0;0;1;0;0;0;1;3
alpinisme;0;0;0;1;0;0;2;0;2
allégeance;0;0;3;0;0;0;2;0;0
allumette;2;0;1;1;0;0;0;0;1
alarmiste;0;0;0;1;0;0;0;0;4
ajuster;0;0;0;4;0;0;0;1;0
ajustement;0;0;0;5;0;0;0;0;0
aimable;2;0;1;0;0;1;1;0;0
agonie;0;0;0;3;0;0;0;0;2
afro;0;0;0;1;0;1;2;0;1
affranchir;1;0;0;2;0;0;0;0;2
adrien;4;0;0;0;1;0;0;0;0
adoooore;5;0;0;0;0;0;0;0;0
adooooore;5;0;0;0;0;0;0;0;0
accroître;0;0;0;4;0;0;1;0;0
abstraction;0;0;0;1;0;0;1;1;2
absinthe;3;0;0;1;0;0;0;0;1
ablution;1;4;0;0;0;0;0;0;0
abbaye;3;0;0;0;0;1;0;0;0
aaah;3;0;1;1;0;0;0;0;0
a_priori;1;0;1;2;0;0;1;0;0
9c;0;0;0;5;0;0;0;0;0
8ème;0;0;0;5;0;0;0;0;0
80s;5;0;0;0;0;0;0;0;0
6ème;1;0;0;1;0;0;1;0;1
5eme;1;0;3;1;0;0;0;0;0
50millions;0;0;0;5;0;0;0;0;0
4ème;0;0;1;2;0;0;2;0;0
4j;0;0;0;3;0;0;1;0;0
48h;0;0;0;3;0;1;1;0;0
22h;0;0;0;4;0;0;0;0;1
20eme;0;1;0;1;0;0;0;0;3
20aine;0;0;1;2;0;1;0;0;0
1e;1;0;1;2;0;0;0;1;0
15ans;1;0;0;3;0;0;0;0;1
10x;0;0;1;1;0;0;1;0;2
10ans;1;0;0;3;0;0;1;0;0
évincer;0;0;1;0;0;0;1;0;2
évangélique;0;0;0;1;0;0;1;0;1
éthiopien;0;0;4;0;0;0;0;0;0
étes;3;0;0;0;0;0;1;0;0
éteint;2;0;1;0;0;0;0;0;1
érotique;0;0;0;0;0;0;0;2;1
érosion;0;0;0;3;0;0;1;0;0
ériger;0;0;0;1;0;0;0;0;3
éradication;0;0;2;1;0;0;0;0;1
éprouver;2;0;0;0;0;0;1;0;1
éprouvant;0;0;1;0;0;0;0;0;3
épouvantable;0;0;0;1;0;2;0;0;1
époustouflant;3;0;0;0;0;0;0;0;1
épingle;0;0;1;2;0;0;0;0;1
épicéa;0;0;1;0;0;0;0;0;3
épicier;0;0;0;4;0;0;0;0;0
énergumène;0;0;0;0;1;0;0;2;1
émulation;0;0;0;0;0;0;0;0;4
émissaire;0;0;1;0;0;0;2;0;1
émigrer;0;0;0;4;0;0;0;0;0
émergence;0;0;2;0;0;0;2;0;0
émaner;0;0;0;1;0;0;0;1;1
éléphant;0;0;0;1;1;0;1;0;1
élysée;4;0;0;0;0;0;0;0;0
éloigné;2;0;0;1;0;0;0;0;1
égocentrique;0;0;0;0;0;0;2;2;0
égide;0;0;4;0;0;0;0;0;0
éduquent;0;0;0;0;0;0;0;0;4
éditeur;0;0;0;4;0;0;0;0;0
écouler;3;0;0;0;0;0;0;0;1
éclipse;1;0;0;0;0;1;1;0;1
échéant;0;0;0;0;0;0;1;1;2
échappatoire;0;0;0;0;0;0;0;1;3
éboulement;0;0;1;3;0;0;0;0;0
zèle;0;0;0;0;0;3;0;0;1
zurichois;0;0;0;4;0;0;0;0;0
zizanie;0;0;4;0;0;0;0;0;0
zen;0;0;0;0;0;1;1;0;2
zalando;0;0;0;4;0;0;0;0;0
yves;2;0;0;1;0;1;0;0;0
yoga;0;0;1;1;0;0;0;1;1
yitzhak;0;0;4;0;0;0;0;0;0
years;0;0;3;0;0;1;0;0;0
why;2;0;0;1;0;0;0;1;0
who;1;0;1;0;0;0;1;0;1
week;2;0;0;0;0;0;0;0;2
webcams;1;0;0;2;0;0;0;0;1
waow;3;0;1;0;0;0;0;0;0
wahli;4;0;0;0;0;0;0;0;0
végétaliens;0;0;1;0;0;0;3;0;0
vx;0;0;0;1;0;0;0;1;1
vrac;0;0;0;4;0;0;0;0;0
vpn;0;0;0;2;0;0;2;0;0
volume;0;0;0;4;0;0;0;0;0
volontariat;0;0;0;0;0;0;1;2;1
visa;1;0;1;2;0;0;0;0;0
viril;1;0;0;1;0;0;0;1;1
vipère;0;0;0;1;0;0;1;1;1
vinyle;2;0;0;1;0;0;1;0;0
vingts;0;0;1;2;0;0;1;0;0
vinci;2;0;0;1;0;0;1;0;0
vinaigre;4;0;0;0;0;0;0;0;0
vigne;0;0;0;1;0;1;0;0;2
victor;4;0;0;0;0;0;0;0;0
vichy;3;0;1;0;0;0;0;0;0
viagra;0;0;0;0;3;1;0;0;0
vhs;4;0;0;0;0;0;0;0;0
versoix;0;0;0;4;0;0;0;0;0
verset;0;0;0;0;0;0;1;1;2
veritable;0;0;1;0;0;0;0;1;2
vergogne;0;0;2;1;0;0;0;0;1
ventilation;0;0;0;4;0;0;0;0;0
vendange;3;0;0;0;0;0;0;0;1
velos;0;0;0;4;0;0;0;0;0
vapeur;0;0;0;4;0;0;0;0;0
vampire;0;0;0;2;0;0;0;0;2
valve;0;0;0;4;0;0;0;0;0
vagin;2;0;0;1;0;0;0;1;0
vacarme;0;0;0;1;0;0;0;0;3
vacant;0;0;0;4;0;0;0;0;0
usual;0;0;1;1;0;1;0;1;0
usb;0;0;0;2;0;1;0;0;1
urssaf;0;0;0;1;0;0;0;0;3
uriner;0;1;0;2;0;0;0;0;1
uri;0;0;0;4;0;0;0;0;0
uno;1;0;0;1;0;1;1;0;0
unireso;0;0;0;4;0;0;0;0;0
unik;2;0;0;1;0;0;0;0;1
unifier;0;0;3;1;0;0;0;0;0
uniens;0;0;1;2;0;0;0;0;1
unanimité;0;0;0;3;0;0;1;0;0
una;1;2;0;0;0;1;0;0;0
ultrariches;0;0;0;4;0;0;0;0;0
uape;0;0;0;1;0;0;0;0;2
tôle;0;0;0;1;0;0;0;1;2
ténacité;4;0;0;0;0;0;0;0;0
téléviseur;4;0;0;0;0;0;0;0;0
téléphoner;0;0;0;1;0;0;3;0;0
twist;1;0;1;0;0;1;1;0;0
tuyau;0;4;0;0;0;0;0;0;0
tuteur;0;0;0;0;0;4;0;0;0
tutelle;0;0;2;0;0;0;0;2;0
tupperwares;3;0;0;0;0;1;0;0;0
tumeur;0;0;0;3;0;0;0;0;1
trql;0;0;0;0;0;4;0;0;0
trousse;0;0;0;2;0;1;0;0;0
trkl;0;0;0;1;1;1;0;1;0
triboélectricité;0;0;0;4;0;0;0;0;0
tre;0;2;0;0;0;0;1;0;1
travails;0;0;0;3;0;0;1;0;0
traumatique;0;0;0;0;1;0;1;1;1
transmissible;0;0;0;3;1;0;0;0;0
tralala;1;0;0;1;0;0;0;0;2
tracteur;1;0;0;2;0;0;0;0;1
tp;1;0;0;3;0;0;0;0;0
toxicomanie;0;0;0;2;0;0;0;1;1
torchon;4;0;0;0;0;0;0;0;0
tome;1;0;0;1;0;0;1;0;1
tiède;3;1;0;0;0;0;0;0;0
tips;3;0;0;0;0;0;0;0;1
times;0;0;1;2;0;0;1;0;0
tige;0;0;0;0;0;2;1;0;1
tiers_monde;1;0;1;1;0;0;0;0;1
tibet;0;0;2;2;0;0;0;0;0
ti;2;0;0;0;0;0;0;1;1
théorème;0;0;0;1;0;0;3;0;0
thèse;0;1;2;0;0;0;1;0;0
thonon;0;0;0;4;0;0;0;0;0
thermomix;4;0;0;0;0;0;0;0;0
thermodynamique;0;0;0;4;0;0;0;0;0
thermes;0;1;0;1;0;1;1;0;0
therme;1;0;0;1;0;1;1;0;0
thaïlandais;0;0;1;0;0;0;1;1;1
thaï;0;0;0;0;0;0;4;0;0
thank;2;0;0;0;0;0;1;0;0
tessinois;1;0;0;1;0;1;1;0;0
terrifier;0;0;0;1;0;0;0;0;3
tente;0;0;1;1;0;0;0;0;2
tenant;3;0;0;0;0;0;1;0;0
tempérament;2;0;0;0;0;0;0;1;0
templier;1;0;1;0;1;0;0;0;1
tema;2;0;0;0;0;1;0;0;0
teinture;0;0;0;1;0;0;0;0;2
tee;3;0;0;0;0;0;0;0;1
tectonik;3;0;0;0;0;0;0;0;0
technocrate;0;0;0;0;0;1;0;1;1
techniquement;0;0;1;2;0;0;0;0;1
tds;0;0;0;0;0;0;0;3;1
tchaz;1;0;0;1;0;0;1;0;1
taïwan;0;0;4;0;0;0;0;0;0
taureau;1;0;0;0;0;0;1;1;1
taupe;0;0;0;0;0;0;4;0;0
tata;4;0;0;0;0;0;0;0;0
tasse;0;0;0;2;1;0;0;0;1
taquet;2;0;0;0;0;0;0;0;2
tanzanie;1;0;2;1;0;0;0;0;0
tana;1;0;0;0;0;1;0;0;1
tailleur;3;0;0;0;0;0;0;0;1
t3rroristes;0;0;4;0;0;0;0;0;0
sénat;0;0;1;1;0;0;0;0;2
sémantique;0;0;2;0;0;0;1;0;1
systémiques;0;0;0;3;0;0;0;0;1
suspension;0;0;0;1;0;0;2;0;1
suspense;4;0;0;0;0;0;0;0;0
surtaxe;0;0;0;4;0;0;0;0;0
surreprésentés;0;0;0;0;1;0;2;0;1
surfeur;0;0;0;4;0;0;0;0;0
surestimer;0;0;0;0;0;0;4;0;0
supposément;0;0;0;0;0;0;3;0;1
superstition;1;0;0;0;0;2;1;0;0
superstitieux;1;0;0;0;0;0;1;0;2
sucrerie;1;0;0;0;0;1;0;1;1
succursale;0;0;0;4;0;0;0;0;0
submerger;0;0;0;3;0;0;1;0;0
subitement;2;0;0;2;0;0;0;0;0
stylistique;0;0;0;0;0;0;3;0;1
stv;0;0;0;0;0;2;2;0;0
strip;4;0;0;0;0;0;0;0;0
stimulant;0;0;0;0;0;0;1;1;1
statue;0;0;0;4;0;0;0;0;0
starbucks;0;0;1;3;0;0;0;0;0
stagnation;0;0;0;4;0;0;0;0;0
stadler;1;0;1;2;0;0;0;0;0
sst;0;0;3;0;0;0;0;0;1
sse;0;0;0;2;0;0;0;2;0
srf;0;0;0;2;0;0;2;0;0
squelette;0;0;0;1;0;1;0;0;1
spéculateur;0;0;0;4;0;0;0;0;0
spotify;0;0;0;3;0;0;0;0;1
spontanément;2;0;0;1;0;1;0;0;0
spirit;1;0;0;0;0;3;0;0;0
spirale;0;0;0;4;0;0;0;0;0
spinoza;3;0;0;0;0;0;0;0;1
sphère;0;0;1;0;0;1;1;1;0
souterrain;0;0;0;4;0;0;0;0;0
sous_vêtement;0;0;0;2;0;0;1;0;0
sourcé;0;0;0;1;0;1;1;0;0
souplesse;2;0;0;1;0;0;0;0;1
souple;0;0;0;2;0;0;0;0;2
soucieux;0;0;1;1;0;0;1;0;1
sou;1;0;0;2;0;0;0;0;1
sottise;0;0;0;1;0;1;1;0;1
sos;1;0;0;1;0;0;1;1;0
sort;0;0;0;1;0;0;0;0;2
sophisme;0;0;3;0;0;0;0;0;1
sophie;4;0;0;0;0;0;0;0;0
somptueux;4;0;0;0;0;0;0;0;0
solomon;0;0;0;4;0;0;0;0;0
soixantaine;0;0;0;2;0;0;0;0;2
soie;1;0;0;1;0;0;0;1;1
sociétales;0;0;0;1;0;0;0;0;3
societé;0;0;0;0;0;0;0;0;4
socialisation;2;0;0;1;0;0;0;0;1
snapchat;0;0;0;2;0;0;1;0;1
sme;0;0;4;0;0;0;0;0;0
smash;1;0;0;1;0;0;1;0;0
slutshaming;0;0;0;0;0;0;0;4;0
slim;2;0;0;0;0;0;0;0;2
slave;1;0;0;0;0;1;1;0;0
siéger;0;0;2;2;0;0;0;0;0
sirop;0;2;0;2;0;0;0;0;0
simuler;0;0;2;0;0;0;0;1;1
sil;0;0;0;1;0;0;3;0;0
signifiant;0;0;2;1;0;1;0;0;0
sig;0;0;4;0;0;0;0;0;0
siemens;0;0;3;1;0;0;0;0;0
sicilien;1;0;0;0;0;1;0;0;2
shutdown;0;0;4;0;0;0;0;0;0
shnek;4;0;0;0;0;0;0;0;0
sharon;0;0;4;0;0;0;0;0;0
shame;0;0;1;0;0;0;0;0;3
sfr;0;0;0;2;0;0;1;0;0
sevrage;0;0;0;0;3;0;0;0;1
serment;0;0;4;0;0;0;0;0;0
securité;0;0;0;0;1;0;0;0;3
sectaire;0;0;3;0;1;0;0;0;0
secourir;0;0;0;0;0;1;0;0;2
seco;0;0;0;4;0;0;0;0;0
scotcher;2;0;0;0;0;0;0;0;2
schwyz;1;0;0;3;0;0;0;0;0
school;3;0;0;0;0;0;0;0;1
schlinguer;0;3;0;0;0;0;0;0;1
sauvegarde;0;0;0;0;0;0;1;0;3
sauvabelin;4;0;0;0;0;0;0;0;0
sapeur;0;0;0;0;0;4;0;0;0
salomon;4;0;0;0;0;0;0;0;0
salamé;4;0;0;0;0;0;0;0;0
sagement;1;0;1;0;0;0;0;1;1
saga;0;0;0;2;0;0;1;0;1
safe;0;0;0;1;0;1;0;1;1
sad;0;0;0;4;0;0;0;0;0
réélire;0;0;0;3;0;1;0;0;0
révolutionner;1;0;0;1;0;0;0;2;0
révisionniste;0;0;0;0;0;0;4;0;0
rétorquer;0;0;1;1;0;0;1;0;1
résurrection;2;0;0;0;0;0;1;0;1
résistant;1;0;0;1;0;0;2;0;0
résidu;0;0;0;4;0;0;0;0;0
répéte;0;0;0;0;0;1;1;1;1
répit;0;0;0;1;0;0;2;0;0
rénovation;0;0;0;4;0;0;0;0;0
réintroduire;0;0;0;1;1;0;0;0;2
régulation;0;0;0;3;0;0;0;0;1
régulateur;0;0;0;0;2;0;0;0;2
réglementaire;1;0;0;0;0;1;0;0;1
rédactionnel;0;0;0;0;0;0;4;0;0
récurer;1;0;0;0;0;0;0;0;3
réconfort;2;0;0;1;0;0;0;0;1
réconcilier;1;0;0;0;0;0;1;0;2
réapprendre;0;0;0;0;0;0;0;0;4
réalisme;0;0;0;1;0;0;2;0;1
ruser_utilisateurice;0;0;0;0;0;1;0;0;2
rugby;0;0;0;0;0;0;1;1;2
ru;1;0;0;0;0;1;1;0;0
rtsinfo;0;0;3;0;0;0;1;0;0
rtsarchives;0;0;0;0;0;1;1;0;2
rt;0;0;0;1;0;1;0;0;2
rougemont;1;0;0;3;0;0;0;0;0
rossignol;4;0;0;0;0;0;0;0;0
ronger;0;0;1;1;0;0;0;0;2
romario;3;0;0;0;0;0;1;0;0
romanens;4;0;0;0;0;0;0;0;0
rolls;2;0;0;1;0;0;1;0;0
role;0;0;0;0;0;0;0;1;2
rochebin;4;0;0;0;0;0;0;0;0
roche;0;0;0;4;0;0;0;0;0
riviera;0;0;1;2;0;1;0;0;0
rivalité;2;0;0;0;0;1;0;0;1
rituel;0;0;0;2;0;1;0;0;1
risée;0;0;0;0;0;4;0;0;0
ristes;0;0;4;0;0;0;0;0;0
ricard;0;0;0;4;0;0;0;0;0
ricaner;0;0;1;0;0;0;1;1;1
rhume;0;2;0;1;0;0;0;0;1
rhooo;4;0;0;0;0;0;0;0;0
reveillez;0;0;4;0;0;0;0;0;0
reussi;0;0;2;1;0;0;1;0;0
retransmettre;1;0;0;0;0;0;2;1;0
retrancher;0;0;0;0;0;0;0;0;4
retarder;1;0;0;2;0;0;0;0;1
restitution;0;0;2;0;0;0;1;0;1
rest;1;0;0;0;0;1;0;0;2
respiration;1;0;0;1;0;0;0;0;2
reseaux;0;0;0;0;1;0;2;1;0
rer;2;0;0;2;0;0;0;0;0
requis;0;0;2;2;0;0;0;0;0
repression;0;0;3;0;0;0;0;1;0
repli;0;0;0;1;0;0;2;1;0
renseignes;0;0;0;1;0;2;1;0;0
renouvelables;0;0;0;4;0;0;0;0;0
renommée;0;0;2;1;0;0;0;0;1
renommé;0;0;0;0;0;3;1;0;0
renfermer;1;0;0;0;0;0;1;0;2
refouler;0;0;0;0;0;2;0;0;2
reformuler;0;0;0;0;0;0;4;0;0
reflechir;1;0;0;1;1;0;1;0;0
reel;0;3;0;0;0;0;0;0;1
reduire;0;0;0;3;0;0;0;0;0
redouter;2;0;0;1;0;1;0;0;0
redoutable;0;0;2;1;0;0;1;0;0
redondant;0;0;0;0;0;0;4;0;0
recruteur;0;0;1;2;0;0;0;1;0
reconvertir;3;0;0;1;0;0;0;0;0
reconversion;0;0;0;4;0;0;0;0;0
reconnecter;1;0;1;1;0;0;0;0;1
reconnaitre;0;0;3;0;0;0;0;0;1
reconnait;0;0;4;0;0;0;0;0;0
recharger;1;0;0;3;0;0;0;0;0
rebondir;0;0;1;1;1;0;0;0;1
rebaptiser;0;0;1;1;0;2;0;0;0
real;1;0;1;0;0;0;1;0;1
re33;3;0;0;1;0;0;0;0;0
rdc;0;1;1;2;0;0;0;0;0
rayonner;1;0;0;2;0;0;0;0;1
ravissant;4;0;0;0;0;0;0;0;0
ravaler;0;0;0;0;4;0;0;0;0
rattacher;1;0;1;1;0;0;0;0;1
rareté;1;1;0;0;0;0;1;0;1
raquer;0;0;0;2;0;0;1;1;0
rapprochement;0;0;0;2;0;1;1;0;0
rapatrier;0;0;2;1;0;0;1;0;0
rapace;0;0;0;1;0;1;0;0;2
raisonnablement;0;0;0;2;0;0;1;0;1
rafraîchissant;3;1;0;0;0;0;0;0;0
rafraîchir;3;0;0;0;0;0;0;0;1
rael;0;0;3;0;0;0;0;0;1
radoter;2;0;0;0;0;0;1;0;1
radicalisation;0;0;3;0;0;0;1;0;0
racisée;0;0;0;0;0;0;0;0;3
raccrocher;0;0;0;0;0;0;0;1;3
rabâcher;0;0;0;3;0;0;0;0;1
rabaissement;1;0;0;0;0;0;2;1;0
quiz;3;0;0;1;0;0;0;0;0
questionnement;0;0;0;0;0;0;1;0;3
qua;3;0;0;0;0;0;1;0;0
pêcher;3;0;0;0;1;0;0;0;0
péréquation;0;0;0;4;0;0;0;0;0
pérennité;0;0;0;4;0;0;0;0;0
pédaler;0;0;0;0;0;1;1;0;2
pâtissier;4;0;0;0;0;0;0;0;0
pv;0;0;0;0;0;0;3;0;1
pulsion;1;0;1;1;0;0;0;0;1
puant;0;0;0;2;0;0;1;0;1
ptdrrrrr;1;0;0;2;0;0;0;0;1
ptdrrrr;1;0;0;0;0;1;0;0;1
psa;0;0;0;1;0;0;0;0;2
ps2;1;0;0;1;0;1;1;0;0
prétendument;0;0;1;0;1;0;1;0;1
présider;0;0;2;1;0;0;1;0;0
présidence;0;0;4;0;0;0;0;0;0
préservatif;0;0;1;1;0;0;0;0;2
prune;0;0;1;1;0;1;0;0;1
provençal;3;0;0;0;0;0;1;0;0
prothèse;0;0;0;3;0;0;0;0;1
prospère;0;0;2;1;0;0;0;0;1
proportionnels;0;0;0;2;0;0;0;0;2
prononciation;0;0;0;0;0;1;3;0;0
promoteur;0;0;1;3;0;0;0;0;0
promis;0;0;4;0;0;0;0;0;0
prometteur;1;0;0;0;0;0;1;0;2
promeneur;2;0;0;0;0;0;0;0;2
proliférer;0;0;0;4;0;0;0;0;0
prodiguer;0;0;1;2;0;1;0;0;0
prisoniers;0;0;3;0;0;0;0;0;0
primer;0;0;4;0;0;0;0;0;0
presente;0;0;0;0;0;0;1;0;3
present;0;0;1;0;0;0;1;0;2
prescription;1;0;1;1;0;0;1;0;0
prenant;1;0;1;0;0;0;2;0;0
ppsdm;0;0;0;1;0;1;1;0;0
poème;4;0;0;0;0;0;0;0;0
postier;0;0;0;3;0;0;1;0;0
portion;0;0;0;1;1;0;0;0;1
popotin;0;3;0;0;0;0;0;0;1
pompeux;1;0;0;0;0;1;1;0;1
politiser;0;0;0;2;0;0;2;0;0
poignet;0;1;0;2;0;0;1;0;0
podium;4;0;0;0;0;0;0;0;0
pochette;3;0;0;1;0;0;0;0;0
pnj;0;0;1;1;0;1;0;0;1
pm;0;0;0;4;0;0;0;0;0
pléthore;0;0;0;1;0;0;0;1;1
plèbe;0;0;1;2;0;0;1;0;0
plombier;0;2;0;1;0;0;0;0;1
plombe;0;0;0;3;0;0;0;0;1
planification;0;0;0;2;0;0;0;0;2
plaisant;2;0;0;1;0;0;1;0;0
plaid;2;1;0;1;0;0;0;0;0
placement;1;0;0;3;0;0;0;0;0
pittet;3;0;0;0;0;0;0;0;0
piser;0;0;0;1;0;0;3;0;0
piquet;4;0;0;0;0;0;0;0;0
pipo;1;0;2;0;0;0;1;0;0
pinard;1;0;0;3;0;0;0;0;0
pillule;0;0;0;4;0;0;0;0;0
piece;0;0;0;2;0;1;0;0;1
picoler;0;0;0;0;3;0;1;0;0
phréatique;0;0;1;3;0;0;0;0;0
photographie;0;0;0;1;1;0;2;0;0
phare;0;0;0;2;0;0;1;0;1
petit_fils;3;0;0;1;0;0;0;0;0
petiot;2;0;0;0;0;0;1;0;1
perturbation;0;0;0;3;0;0;0;0;1
pertinemment;0;0;0;3;0;1;0;0;0
persévérance;0;0;0;3;0;0;0;0;1
personnaliser;0;0;0;1;0;0;2;0;1
perf;3;0;1;0;0;0;0;0;0
perche;4;0;0;0;0;0;0;0;0
per;0;0;1;1;0;0;0;1;1
pendulaires;0;0;0;4;0;0;0;0;0
pedocriminels;0;0;2;0;0;1;0;0;1
pedocriminel;0;0;0;0;0;0;0;1;3
pav;1;0;0;2;0;0;0;0;1
paulo;0;0;2;0;1;0;1;0;0
pathologies;0;0;0;0;0;0;0;0;4
pathologie;0;0;0;1;0;0;0;1;2
paternel;1;0;0;1;0;0;0;1;1
pastèque;1;0;0;2;0;0;1;0;0
passivité;0;0;4;0;0;0;0;0;0
passe_droit;0;0;0;1;0;0;2;1;0
party;1;0;0;2;0;0;0;0;1
partition;1;0;0;2;0;0;0;0;0
parterre;1;0;0;0;0;0;0;1;2
parkinson;0;0;0;0;0;0;4;0;0
paria;0;0;1;0;0;0;1;1;1
parenté;0;0;0;4;0;0;0;0;0
paranoïa;0;0;0;4;0;0;0;0;0
paraguay;0;0;2;0;0;0;1;0;1
paradigme;0;0;1;1;0;0;1;0;0
paninis;4;0;0;0;0;0;0;0;0
pandémie;0;2;0;1;0;0;1;0;0
palos;0;0;4;0;0;0;0;0;0
palier;0;0;0;3;0;0;0;0;1
palestinian;0;0;3;0;0;1;0;0;0
pacotille;1;0;1;1;0;0;0;0;1
p0rno;0;0;0;0;0;0;0;4;0
ovni;1;0;1;0;0;1;0;0;1
overton;0;0;0;0;0;0;2;0;2
ouïgours;0;0;3;1;0;0;0;0;0
outrer;0;0;0;1;0;1;1;1;0
ouii;2;0;0;0;0;0;0;1;1
ouff;4;0;0;0;0;0;0;0;0
ouaich;2;0;0;0;0;0;0;0;2
oreiller;0;1;0;2;0;0;0;1;0
optique;2;0;0;1;0;0;1;0;0
optimal;0;0;2;1;1;0;0;0;0
onéreux;1;0;0;2;0;0;0;0;1
om;0;0;0;4;0;0;0;0;0
old;2;0;1;0;0;0;0;0;1
oke;0;0;0;1;0;1;1;0;1
oie;3;0;0;1;0;0;0;0;0
ohhhhhh;3;0;1;0;0;0;0;0;0
oceanie;0;0;0;4;0;0;0;0;0
ocde;0;0;0;4;0;0;0;0;0
occurence;1;0;1;1;0;0;0;0;1
occupant;0;0;3;1;0;0;0;0;0
occulter;0;0;4;0;0;0;0;0;0
occulte;0;0;0;4;0;0;0;0;0
obtention;0;0;0;1;0;0;1;1;1
obsèques;0;0;0;1;0;0;0;0;3
névrose;0;0;0;1;0;0;0;0;3
négligé;1;0;0;0;0;0;0;1;2
négation;0;0;1;1;0;0;1;1;0
nève;2;0;0;2;0;0;0;0;0
nword;0;0;0;0;0;4;0;0;0
nullissime;0;0;0;1;0;0;1;1;0
novice;1;0;0;0;0;0;2;0;1
nova;0;0;4;0;0;0;0;0;0
nourir;0;0;0;1;2;0;0;0;1
nounours;2;0;0;0;0;0;0;1;1
nounou;0;0;1;2;0;0;0;0;1
nouille;0;0;0;1;1;0;0;0;2
notoire;0;0;1;0;0;2;0;0;1
noooon;3;0;1;0;0;0;0;0;0
nonne;0;0;0;0;0;4;0;0;0
none;0;1;0;0;0;3;0;0;0
non_fumeurs;0;0;0;4;0;0;0;0;0
nominer;2;0;0;0;0;0;0;0;2
nièce;0;0;0;0;1;0;0;2;1
nigéria;0;0;3;1;0;0;0;0;0
nicotine;0;0;0;1;0;0;0;0;3
nico;0;0;1;2;0;0;0;0;1
new_yorkais;0;0;4;0;0;0;0;0;0
neuchâteloise;2;0;0;1;0;1;0;0;0
nerf;0;0;0;0;0;2;1;0;1
neiger;2;0;0;1;1;0;0;0;0
navette;2;0;0;2;0;0;0;0;0
nathalie;4;0;0;0;0;0;0;0;0
natation;0;0;0;0;0;0;0;0;4
natal;0;0;1;3;0;0;0;0;0
nasser;0;0;4;0;0;0;0;0;0
narco;0;0;4;0;0;0;0;0;0
narcissisme;3;0;0;1;0;0;0;0;0
nacelle;0;0;1;3;0;0;0;0;0
môme;2;0;0;0;0;0;0;0;1
métissage;0;0;0;1;0;1;1;0;1
métallique;1;0;0;1;0;0;1;0;1
mémorisation;0;0;0;1;0;0;1;0;1
médoc;0;0;0;4;0;0;0;0;0
médium;1;0;0;0;0;0;2;0;1
méditerrané;2;0;0;2;0;0;0;0;0
médiatisation;0;0;1;1;0;0;2;0;0
médiation;0;0;2;0;0;0;2;0;0
myanmar;0;0;3;1;0;0;0;0;0
mutuellement;0;0;3;1;0;0;0;0;0
mutation;0;0;0;1;0;0;1;0;2
mussolini;0;0;2;1;0;0;0;0;1
museum;1;0;0;2;0;0;1;0;0
mun;0;0;0;4;0;0;0;0;0
muet;0;0;2;0;0;0;0;0;2
mtnt;0;0;0;0;0;0;1;1;1
msc;0;0;0;4;0;0;0;0;0
moyennement;0;0;1;1;0;0;2;0;0
moyen_âge;0;0;0;1;0;0;1;0;2
move;0;0;0;0;0;0;3;0;1
mouvance;0;0;4;0;0;0;0;0;0
motivants;0;0;0;0;0;0;3;0;1
moralisme;0;0;0;2;0;0;0;0;1
moraliser;0;0;0;2;0;0;1;1;0
monteur;3;0;0;1;0;0;0;0;0
mongol;0;0;3;0;0;0;0;0;1
money;1;0;0;0;0;0;0;0;2
mondialisé;0;0;0;2;0;0;0;0;2
mondialement;0;0;0;1;0;0;0;0;3
monarchie;0;0;1;1;0;0;0;0;2
molécule;0;0;0;4;0;0;0;0;0
mollusque;0;0;0;1;0;1;1;0;1
moldavie;0;0;2;2;0;0;0;0;0
mohammed;0;0;1;2;0;0;1;0;0
modernisme;0;0;0;0;0;0;3;0;1
mms;0;0;0;4;0;0;0;0;0
mississippi;4;0;0;0;0;0;0;0;0
misandres;0;0;0;0;0;0;0;4;0
minutie;1;0;0;0;0;1;0;0;2
minou;4;0;0;0;0;0;0;0;0
minerai;0;0;2;1;0;0;0;0;1
mims;4;0;0;0;0;0;0;0;0
mimer;3;0;0;0;0;0;0;0;1
militariser;0;0;3;0;0;0;0;0;1
mike;1;0;0;0;0;1;0;1;1
middle;1;0;1;0;0;1;1;0;0
microsoft;1;0;0;2;0;0;1;0;0
microbiote;0;1;0;2;0;0;1;0;0
microbe;0;3;0;1;0;0;0;0;0
micro_trottoir;2;0;0;0;0;0;2;0;0
mickey;2;0;0;0;0;0;1;1;0
mesurable;0;0;0;1;0;0;2;0;1
merino;0;0;0;2;0;0;0;0;2
meringue;2;0;0;0;0;1;0;0;1
merciiii;1;0;1;1;0;0;0;0;1
meneur;0;0;3;0;0;0;1;0;0
menaçant;0;0;1;2;0;0;1;0;0
meloni;0;1;1;0;0;1;0;0;1
median;0;0;0;2;0;0;2;0;0
medecins;0;0;0;0;0;0;0;2;2
meadows;0;0;0;3;0;0;1;0;0
mazout;0;0;0;4;0;0;0;0;0
maximiser;0;0;1;2;0;0;0;0;1
matérialisme;1;0;0;1;0;0;2;0;0
matche;0;0;0;3;0;0;0;1;0
massage;0;0;0;3;0;0;1;0;0
maría;0;0;4;0;0;0;0;0;0
martial;3;0;0;1;0;0;0;0;0
marqueur;0;0;0;0;0;0;4;0;0
marmite;1;0;0;2;0;0;0;1;0
marco;1;0;1;1;0;0;1;0;0
mao;1;0;1;0;0;0;0;0;2
manège;3;0;0;0;0;0;0;0;1
manu;4;0;0;0;0;0;0;0;0
mannequin;0;0;0;1;0;1;0;0;2
mandater;0;0;0;3;0;0;0;0;1
mami;4;0;0;0;0;0;0;0;0
mama;1;0;0;0;0;0;0;0;2
malvenu;0;0;0;0;0;0;3;1;0
malice;4;0;0;0;0;0;0;0;0
maintenance;0;0;0;3;0;0;0;1;0
magic;0;1;0;2;0;0;0;0;1
maestro;1;0;1;0;0;0;0;1;1
madrid;0;0;2;2;0;0;0;0;0
machiavélique;0;0;1;1;0;1;0;0;1
macaron;0;0;0;1;1;0;1;0;1
m6;0;0;0;1;0;0;1;0;2
lésion;0;0;0;1;0;0;0;1;2
léon;4;0;0;0;0;0;0;0;0
légitimer;0;0;3;0;0;0;0;0;1
lyonnais;3;0;0;0;0;0;0;0;0
loïc;1;0;0;0;0;0;1;0;2
loyauté;0;0;0;0;0;0;0;0;3
loose;0;0;0;0;0;4;0;0;0
lon;0;0;0;4;0;0;0;0;0
loir;0;0;0;4;0;0;0;0;0
localement;0;0;0;3;0;0;0;0;1
lobotomisés;0;0;0;1;0;0;3;0;0
lobbyiste;0;0;0;2;0;0;1;0;1
littéraire;0;0;0;0;0;0;4;0;0
litroz;1;0;0;1;0;0;0;0;1
litron;0;0;0;0;0;2;1;0;1
linux;0;0;1;1;0;0;2;0;0
lin;3;0;0;1;0;0;0;0;0
lille;4;0;0;0;0;0;0;0;0
lignée;1;0;0;1;0;0;0;0;2
licite;0;0;2;1;0;0;1;0;0
librairie;0;0;0;3;0;0;1;0;0
libertariens;0;0;0;1;0;0;3;0;0
libertarien;1;0;1;0;0;0;1;0;1
liberalisme;0;0;2;1;0;0;1;0;0
let;4;0;0;0;0;0;0;0;0
leadership;1;0;0;2;0;1;0;0;0
laïcité;0;0;0;0;0;0;2;0;1
larve;1;0;0;2;0;0;0;0;0
largeur;1;0;0;2;0;0;0;0;0
lamentablement;1;0;0;0;0;0;3;0;0
lalala;0;0;1;0;0;1;1;1;0
lai;0;0;0;2;0;1;0;0;1
laguna;1;0;0;0;0;1;1;0;0
lactose;1;0;0;2;0;0;0;0;1
lacoste;4;0;0;0;0;0;0;0;0
laa;0;0;0;4;0;0;0;0;0
kruger;0;0;0;0;0;0;4;0;0
koweït;0;0;3;0;0;0;0;1;0
kosovar;0;0;3;0;0;0;0;0;1
ko;3;0;0;0;0;0;0;0;1
klaxonner;0;0;0;3;0;1;0;0;0
klaxon;0;0;0;4;0;0;0;0;0
kks;0;0;0;4;0;0;0;0;0
kitsch;0;1;0;0;0;0;2;0;1
killer;1;0;0;0;0;1;0;0;2
kermesse;0;0;0;4;0;0;0;0;0
kaka;0;0;2;0;0;1;1;0;0
kabylie;0;0;1;2;0;0;0;0;0
justifies;0;0;4;0;0;0;0;0;0
juridiquement;0;0;1;1;0;0;1;0;1
junior;0;0;0;1;0;1;0;0;2
jungle;0;0;0;3;0;0;0;1;0
jubiler;0;0;0;0;0;0;2;0;2
jpense;0;0;0;4;0;0;0;0;0
jouissif;4;0;0;0;0;0;0;0;0
josé;1;0;1;0;1;0;0;0;1
joke;1;0;0;1;0;0;1;0;1
jojo;0;0;0;1;0;0;1;0;2
johan;1;0;0;3;0;0;0;0;0
joe;0;0;1;1;0;0;1;0;1
jmen;1;0;0;0;0;0;0;0;3
jk;0;0;0;1;0;0;3;0;0
jeton;1;0;0;1;0;1;0;0;1
jeff;0;0;2;1;0;0;0;0;0
jazeera;0;0;4;0;0;0;0;0;0
jalouser;1;0;0;1;0;0;0;1;1
jais;3;0;0;0;0;0;0;0;1
ja;2;0;0;0;0;1;0;0;0
ivresse;0;0;0;2;0;0;0;0;1
ivoire;1;0;1;0;0;1;1;0;0
ivg;1;0;0;1;0;0;1;0;1
itinéraire;1;0;1;1;0;0;0;0;1
israëlien;0;0;4;0;0;0;0;0;0
isra;0;1;1;0;0;1;1;0;0
isolement;0;0;0;1;0;1;0;1;1
islamophobe;0;0;2;0;0;1;1;0;0
islamo;0;0;4;0;0;0;0;0;0
irréversible;0;0;0;4;0;0;0;0;0
irréel;0;0;4;0;0;0;0;0;0
irritation;0;1;0;2;0;0;0;0;1
iptv;0;0;0;3;0;0;1;0;0
ip;0;0;0;0;0;0;3;0;0
investigation;0;0;0;0;0;0;4;0;0
intuition;0;0;0;0;0;0;4;0;0
intuitif;0;0;0;0;0;0;3;0;1
introspection;0;0;0;1;0;0;1;2;0
interviewées;1;0;0;0;0;0;2;0;1
intervenant;1;0;0;0;0;0;1;0;2
intervalle;0;0;0;2;0;0;1;0;1
intentionné;0;0;0;0;2;1;0;0;1
intelligible;0;0;0;0;0;0;3;0;1
instantané;0;0;0;3;0;0;1;0;0
inspecteur;0;0;0;1;0;0;1;0;2
initiation;1;0;0;0;0;1;2;0;0
ingénierie;0;0;0;4;0;0;0;0;0
infus;0;0;0;0;0;0;4;0;0
informatif;0;0;0;0;0;1;3;0;0
influer;0;0;0;2;0;0;1;0;0
infester;0;0;0;2;0;0;0;0;2
infertile;0;0;0;1;0;0;0;2;0
infantino;0;1;1;1;0;0;0;0;1
inestimable;0;0;0;2;0;0;0;0;2
indéterminé;0;0;1;0;0;0;1;0;2
indonésie;1;0;1;2;0;0;0;0;0
indemniser;0;0;0;4;0;0;0;0;0
incontrôlé;0;0;0;4;0;0;0;0;0
incliner;2;0;0;0;0;0;1;0;1
incivilités;0;0;0;3;0;0;0;0;1
incidence;0;0;0;1;0;1;0;1;1
incessant;1;0;2;1;0;0;0;0;0
incertitude;0;0;0;3;0;0;0;0;1
impérial;0;0;2;0;0;1;0;0;1
impérativement;0;0;0;1;0;0;1;0;2
impulsif;0;0;0;1;0;0;2;1;0
imprégner;1;0;0;1;0;0;0;0;1
implicitement;0;0;2;0;0;0;0;1;1
implantation;0;0;0;0;0;4;0;0;0
imparfait;0;0;0;2;0;0;0;1;1
impacter;1;0;0;3;0;0;0;0;0
impactent;0;0;0;4;0;0;0;0;0
impactant;0;0;0;3;0;0;0;0;1
immortel;1;0;0;0;0;0;0;0;3
immiscer;0;0;0;0;2;0;0;1;1
immangeable;4;0;0;0;0;0;0;0;0
illégitime;0;0;2;1;0;0;1;0;0
illicite;1;0;1;0;0;0;1;0;1
iceberg;0;0;0;4;0;0;0;0;0
iberia;0;0;0;0;0;3;0;0;1
hôtellerie;0;0;0;3;0;0;1;0;0
hérétique;1;0;1;0;0;1;0;0;1
héberger;0;0;0;4;0;0;0;0;0
hypothermie;0;1;1;0;0;0;0;0;2
hygiene;0;4;0;0;0;0;0;0;0
hydrater;0;0;0;3;0;0;0;0;1
hydrate;0;0;0;3;1;0;0;0;0
hunters;0;0;0;0;0;0;2;0;2
hunter;2;0;1;0;0;1;0;0;0
huissier;1;0;0;1;0;0;1;0;1
hs;2;0;0;2;0;0;0;0;0
how;0;0;0;0;0;3;1;0;0
hostel;0;0;0;0;0;0;0;0;4
hospitalier;0;0;0;1;1;0;0;1;1
horlogères;0;0;0;4;0;0;0;0;0
honoraire;0;0;0;4;0;0;0;0;0
hongrie;0;0;2;1;0;0;0;0;1
hong_kong;0;0;0;4;0;0;0;0;0
hms;0;0;4;0;0;0;0;0;0
hmm;1;1;0;0;0;1;0;0;1
hivernal;1;0;0;2;0;0;0;0;1
hispanique;1;0;0;0;0;2;0;1;0
hihihi;4;0;0;0;0;0;0;0;0
high;3;0;0;0;0;1;0;0;0
hidalgo;0;0;0;0;0;3;0;0;1
hibernation;0;0;0;0;3;0;0;0;1
hhhhh;3;0;0;0;1;0;0;0;0
hexagone;1;0;1;2;0;0;0;0;0
heurt;0;0;1;0;0;0;0;0;3
henri;1;0;1;1;0;0;0;0;1
henchoz;2;0;0;0;0;0;1;0;0
helsana;0;0;0;4;0;0;0;0;0
hehe;3;1;0;0;0;0;0;0;0
hectare;0;0;1;2;0;0;0;0;1
heart;1;0;0;1;0;2;0;0;0
hd;1;0;0;3;0;0;0;0;0
hawaï;1;0;1;2;0;0;0;0;0
harrisson;4;0;0;0;0;0;0;0;0
harmoniser;0;0;0;2;0;0;1;0;0
haricot;0;0;0;3;1;0;0;0;0
hard;2;0;0;1;0;1;0;0;0
hantise;2;0;0;0;0;0;0;0;2
hannibal;2;0;2;0;0;0;0;0;0
hangar;0;0;0;2;0;0;0;0;2
hammas;0;0;4;0;0;0;0;0;0
hall;0;0;0;3;0;0;0;0;1
haie;1;0;0;0;0;0;1;0;2
géorgie;0;0;1;1;0;0;1;0;1
géopolitiques;0;0;0;4;0;0;0;0;0
générées;0;0;0;2;0;0;2;0;0
gwer;4;0;0;0;0;0;0;0;0
guitariste;4;0;0;0;0;0;0;0;0
guidon;2;0;0;1;0;1;0;0;0
gueux;0;0;0;4;0;0;0;0;0
guetter;0;0;0;0;1;0;0;1;1
gue;0;0;4;0;0;0;0;0;0
gucci;0;0;1;2;0;0;0;0;1
guadeloupe;0;0;0;0;0;3;0;0;0
gu;0;0;1;0;0;1;0;0;2
gsm;0;0;0;0;0;0;4;0;0
grotesque;0;0;0;3;0;0;0;0;1
groove;3;0;0;1;0;0;0;0;0
groenland;0;0;0;4;0;0;0;0;0
grièvement;0;0;1;2;0;0;0;0;1
grisélidis;1;0;0;1;0;0;2;0;0
grillage;0;0;0;1;1;0;0;1;1
grenier;0;1;0;2;0;0;0;0;1
grd;0;0;0;1;1;0;1;0;1
gratis;1;0;0;2;0;0;0;0;1
grassement;0;0;0;4;0;0;0;0;0
graffiti;0;0;1;2;0;0;0;0;1
gr;0;0;0;3;0;0;1;0;0
gouvernance;0;0;1;1;0;1;1;0;0
gourion;0;0;3;0;0;0;1;0;0
gorgée;3;0;0;0;0;0;0;0;1
gorgoni;4;0;0;0;0;0;0;0;0
gore;0;0;0;0;0;0;2;0;2
gogh;3;0;0;0;0;0;0;0;1
gobelet;4;0;0;0;0;0;0;0;0
glaçon;0;0;0;2;0;0;0;0;1
glander;0;0;1;1;0;0;0;0;2
glamour;0;0;1;2;0;0;0;1;0
glacé;1;0;0;1;0;0;1;0;1
giuliani;0;0;1;2;0;0;0;0;0
gilbert;4;0;0;0;0;0;0;0;0
gestapo;0;0;0;4;0;0;0;0;0
gerard;2;0;0;0;0;0;0;0;1
gentleman;4;0;0;0;0;0;0;0;0
genrée;0;0;0;0;0;0;0;4;0
genré;0;0;0;1;0;0;1;2;0
gendarmerie;0;0;0;4;0;0;0;0;0
gd;2;0;0;0;1;0;0;0;1
gaucher;3;0;0;0;0;0;0;1;0
gates;0;0;4;0;0;0;0;0;0
gaspard;3;0;0;0;0;0;1;0;0
garant;0;0;3;0;0;0;0;0;1
gangrène;0;0;2;2;0;0;0;0;0
gangrené;0;0;1;0;0;0;2;0;0
galeux;0;0;2;0;0;0;0;0;2
galaxie;1;0;0;1;0;0;0;0;2
gainsbourg;3;0;0;0;0;0;0;0;1
gabriel;2;0;0;1;0;0;0;0;1
fêtard;0;0;0;2;0;0;1;0;1
fêlé;1;0;0;1;0;0;0;2;0
féminiser;0;0;0;0;0;1;1;2;0
furtif;0;0;1;2;0;0;1;0;0
furieux;0;0;0;0;0;0;0;1;3
fréquentation;0;0;0;0;0;0;0;1;3
frustrant;0;0;0;1;0;0;0;0;3
frontal;0;0;1;1;0;0;0;0;2
fromager;3;0;0;1;0;0;0;0;0
frite;2;0;0;1;0;0;0;0;1
frero;3;0;0;0;0;0;0;0;1
frere;3;0;0;0;0;0;0;0;1
francophonie;3;0;0;1;0;0;0;0;0
fraicheur;3;0;0;0;0;0;1;0;0
fraction;0;0;1;2;0;1;0;0;0
foutoir;1;0;0;2;0;0;1;0;0
fourmi;0;0;0;2;0;0;1;0;1
foundation;0;0;2;1;0;0;1;0;0
foster;4;0;0;0;0;0;0;0;0
formellement;0;0;1;1;1;0;0;0;0
footix;3;0;0;0;1;0;0;0;0
footballistique;0;0;0;3;0;0;1;0;0
food;0;0;0;4;0;0;0;0;0
foncé;3;0;0;0;0;1;0;0;0
followers;1;0;0;0;0;1;1;0;1
fmh;0;0;0;4;0;0;0;0;0
flemmard;1;0;0;2;0;0;1;0;0
flanc;1;0;0;1;0;0;1;0;1
fièvre;3;0;0;0;0;0;1;0;0
fissure;0;0;0;4;0;0;0;0;0
finement;0;0;0;2;0;0;1;0;1
finalité;0;0;1;0;0;0;1;0;2
fifi;1;0;0;0;0;1;0;0;2
fidji;0;0;0;4;0;0;0;0;0
ff;2;0;0;2;0;0;0;0;0
fesais;3;0;1;0;0;0;0;0;0
fertilité;0;0;0;2;0;0;1;1;0
ferry;0;0;0;4;0;0;0;0;0
fentanyl;0;0;3;1;0;0;0;0;0
feministe;2;0;0;0;1;0;0;1;0
feignant;0;0;0;0;0;0;1;1;1
faucher;1;0;0;2;0;0;0;0;1
farcir;0;1;0;0;0;2;1;0;0
faramineux;0;0;0;4;0;0;0;0;0
fanfare;1;0;0;1;0;1;0;0;1
fanatisme;0;0;1;1;0;0;0;0;2
faf;1;0;1;1;0;0;0;1;0
faculté;0;0;1;0;0;0;2;0;1
facon;0;0;0;3;0;0;0;0;1
fachiste;0;0;0;0;0;0;4;0;0
facher;0;0;4;0;0;0;0;0;0
externe;0;0;0;4;0;0;0;0;0
extasier;3;0;0;0;0;0;1;0;0
experience;1;0;0;0;0;0;2;0;1
expat;1;0;0;3;0;0;0;0;0
exonérés;0;0;0;4;0;0;0;0;0
exhiber;0;0;2;0;0;0;1;0;0
excéder;0;0;0;3;1;0;0;0;0
exceptionnellement;0;0;0;0;0;0;4;0;0
exagération;0;0;0;0;0;2;1;0;1
evil;2;0;0;1;0;0;0;0;1
even;0;0;2;0;0;1;0;0;0
eurovision;0;0;0;3;0;1;0;0;0
euhhh;2;0;0;1;0;0;0;1;0
establishment;0;0;1;0;0;0;2;0;1
esr;1;0;0;1;0;0;1;0;1
escorter;0;0;1;2;0;0;0;0;1
escalator;3;0;0;0;0;0;0;0;1
escalader;0;0;3;0;0;0;0;0;1
equipes;0;0;0;4;0;0;0;0;0
entretuer;0;0;4;0;0;0;0;0;0
entre_temps;0;0;0;4;0;0;0;0;0
entonnoir;0;0;1;2;0;1;0;0;0
ensoleillé;0;0;2;0;0;0;0;0;2
engorger;0;0;0;4;0;0;0;0;0
english;0;0;2;0;0;1;1;0;0
enfait;2;0;0;0;0;0;0;0;2
encombrer;0;0;1;2;0;1;0;0;0
enclin;0;0;0;0;1;1;1;0;1
enclave;1;0;3;0;0;0;0;0;0
enchanté;4;0;0;0;0;0;0;0;0
encadrement;0;0;0;3;0;0;0;0;1
emprunt;0;0;0;2;0;0;0;1;1
empiler;0;0;0;3;0;0;0;0;1
emparer;0;0;2;0;0;1;0;1;0
emménager;0;1;0;1;0;0;1;0;0
emji_étreinte;4;0;0;0;0;0;0;0;0
emji_vélo;0;0;0;4;0;0;0;0;0
emji_voiture_de_police;1;0;0;0;0;1;0;0;1
emji_voilier;1;0;2;0;0;0;0;0;1
emji_visage_mécontent_avec_bouche_ouverte;0;0;0;0;0;4;0;0;0
emji_visage_avec_chapeau_de_cowboy;3;0;0;0;0;0;0;0;1
emji_violon;2;0;0;1;0;0;0;0;1
emji_symbole_recyclage;0;0;0;1;0;0;1;0;1
emji_symbole_d_interdiction;0;0;0;4;0;0;0;0;0
emji_signe_de_la_main_peau_claire;0;0;0;0;0;0;3;0;0
emji_sens_interdit;0;0;1;2;0;1;0;0;0
emji_ruban;2;0;0;0;0;0;0;0;1
emji_robot;0;0;1;2;0;0;1;0;0
emji_porte_documents;1;0;2;1;0;0;0;0;0
emji_pomme_de_terre;4;0;0;0;0;0;0;0;0
emji_pilule;1;0;0;2;0;1;0;0;0
emji_paume_contre_paume_doigts_vers_le_haut;3;1;0;0;0;0;0;0;0
emji_nuage_avec_pluie;4;0;0;0;0;0;0;0;0
emji_mains_en_prière_peau_foncée;4;0;0;0;0;0;0;0;0
emji_luminosité_élevée;4;0;0;0;0;0;0;0;0
emji_lotus;4;0;0;0;0;0;0;0;0
emji_livres;3;0;0;0;0;0;1;0;0
emji_jeu_vidéo;4;0;0;0;0;0;0;0;0
emji_homme_âgé;1;0;0;0;0;2;1;0;0
emji_homme_qui_hausse_les_épaules_peau_foncée;0;0;2;1;0;0;1;0;0
emji_haut_de_forme;2;0;0;0;0;0;2;0;0
emji_guitare;4;0;0;0;0;0;0;0;0
emji_feuille_d_érable;4;0;0;0;0;0;0;0;0
emji_femme_âgée_peau_claire;4;0;0;0;0;0;0;0;0
emji_femme_qui_lève_la_main_peau_claire;1;0;0;0;0;1;1;0;1
emji_femme_qui_lève_la_main;2;0;0;0;0;1;0;0;1
emji_femme_qui_hausse_les_épaules_peau_mate;0;0;0;1;0;0;0;1;2
emji_femme_paume_vers_le_haut_peau_moyennement_claire;0;0;4;0;0;0;0;0;0
emji_drapeau_royaume_uni;0;0;1;1;0;1;0;0;0
emji_drapeau_portugal;1;0;0;1;0;1;0;0;1
emji_drapeau_kosovo;1;0;2;1;0;0;0;0;0
emji_drapeau_allemagne;0;0;0;3;0;1;0;0;0
emji_combiné_téléphonique;1;0;0;1;0;0;0;0;1
emji_coche;4;0;0;0;0;0;0;0;0
emji_coccinelle;4;0;0;0;0;0;0;0;0
emji_cigarette;1;0;0;2;0;0;0;0;1
emji_chien;2;0;0;1;0;1;0;0;0
emji_chapiteau;0;0;4;0;0;0;0;0;0
emji_champignon;0;0;0;2;0;0;0;1;0
emji_bout_des_doigts_joints_peau_moyennement_claire;2;0;1;0;0;0;0;0;1
emji_bougie;4;0;0;0;0;0;0;0;0
emji_bouche;0;0;0;1;0;3;0;0;0
emji_banque;0;0;0;4;0;0;0;0;0
emji_avion;3;0;0;1;0;0;0;0;0
eldorado;0;0;0;4;0;0;0;0;0
ehpad;1;0;0;3;0;0;0;0;0
efficience;0;0;0;4;0;0;0;0;0
efficacement;0;0;1;2;0;0;0;1;0
ecrire;0;0;0;0;0;0;4;0;0
ecosse;0;0;0;4;0;0;0;0;0
east;1;0;1;0;0;1;0;0;1
détraqué;1;0;0;0;0;0;0;0;3
détournement;0;0;2;1;0;0;0;0;1
déterminant;0;0;0;2;0;0;1;1;0
détente;0;0;0;0;0;0;0;0;4
déséquilibrer;0;0;0;2;2;0;0;0;0
déso;0;0;0;4;0;0;0;0;0
déshumaniser;0;0;2;0;0;1;0;1;0
déshumanisation;0;0;2;0;0;0;0;0;2
dérision;0;0;1;0;0;0;1;1;1
déraper;0;0;1;0;0;0;0;0;3
déraisonnable;3;0;0;1;0;0;0;0;0
dépuis;0;0;1;1;1;0;1;0;0
dénominateur;0;0;0;0;0;0;2;2;0
déloger;0;0;1;0;0;0;0;0;3
délicatesse;2;0;0;0;0;0;0;2;0
délaissé;0;0;1;0;1;1;0;0;1
déjouer;0;0;2;1;0;1;0;0;0
dégueu;1;1;0;1;0;0;0;0;1
défini;0;0;1;3;0;0;0;0;0
défavorable;0;0;1;1;0;0;2;0;0
défaillance;1;0;0;2;0;0;0;0;0
décousu;0;0;0;1;0;0;3;0;0
découdre;0;0;0;0;0;0;0;0;4
déconseiller;0;0;0;4;0;0;0;0;0
décomplexée;2;0;0;0;0;0;1;0;1
décolleté;0;2;0;0;0;0;1;0;1
déchiqueter;0;0;4;0;0;0;0;0;0
décence;0;0;0;1;0;0;0;0;3
décapitation;0;0;3;1;0;0;0;0;0
décadent;0;0;0;0;0;0;0;1;3
déblatérer;0;0;1;1;0;0;1;0;1
débauche;0;0;0;0;0;1;0;0;3
dvd;4;0;0;0;0;0;0;0;0
dunning;0;0;0;0;0;0;4;0;0
dune;2;0;0;2;0;0;0;0;0
dun;0;0;0;1;0;0;1;0;2
dreyfus;0;0;3;0;0;0;0;0;0
drap;1;0;0;2;0;0;0;1;0
dramatiser;0;0;0;0;0;3;1;0;0
dragueur;3;0;0;0;0;0;0;1;0
down;3;0;0;0;0;0;1;0;0
doudou;3;0;0;0;0;0;0;0;1
doublement;0;0;1;2;0;0;0;0;1
dorer;0;0;1;1;0;0;0;0;2
doo;4;0;0;0;0;0;0;0;0
donateur;0;0;0;1;0;0;1;0;1
dlc;3;0;0;1;0;0;0;0;0
dla;1;0;0;1;0;1;0;0;1
distraire;0;0;0;3;0;0;0;0;1
distorsion;0;0;1;3;0;0;0;0;0
diplomate;0;0;1;1;0;0;2;0;0
dinde;0;0;0;2;0;1;0;0;1
diktat;0;0;0;0;0;1;1;0;2
differents;0;0;0;1;0;0;1;0;2
diffamatoire;0;0;0;0;0;1;2;0;1
diff;0;0;0;2;0;0;0;1;0
deutsch;1;0;0;1;0;1;1;0;0
despote;0;0;0;3;0;0;0;1;0
dernieres;2;0;0;0;0;0;0;0;2
dermatologue;0;0;0;4;0;0;0;0;0
denis;1;0;0;1;0;0;0;0;2
democratie;0;0;3;1;0;0;0;0;0
demi_tarif;0;0;0;4;0;0;0;0;0
demi_million;0;0;0;4;0;0;0;0;0
demi_finale;0;0;0;4;0;0;0;0;0
demeurer;0;0;0;1;1;0;0;1;1
delon;1;0;0;0;0;1;1;0;1
delocaliser;0;0;0;4;0;0;0;0;0
degeulasse;1;0;0;1;0;0;0;0;2
deg;1;0;0;1;0;1;1;0;0
definition;0;0;0;2;0;0;0;1;1
deep;0;0;0;1;0;0;2;0;1
dca;0;0;1;2;0;1;0;0;0
davoir;0;0;0;0;0;0;2;1;1
darmanin;0;0;0;0;0;3;1;0;0
dangereusement;0;0;0;0;0;0;2;0;2
damme;2;0;0;0;0;0;0;0;2
cétose;0;0;0;3;0;0;0;0;1
cétait;2;0;0;0;0;0;1;0;1
césar;0;0;1;1;0;0;1;0;0
célébrité;1;0;0;1;0;1;0;0;1
cé;2;0;0;1;0;0;0;0;0
cyber;0;0;0;0;0;0;1;0;2
cuve;0;0;0;4;0;0;0;0;0
cumulus;0;0;0;3;0;0;0;0;1
culasse;1;0;0;3;0;0;0;0;0
cucu;0;3;0;1;0;0;0;0;0
crêpe;2;0;0;1;0;0;0;0;1
crânien;0;0;0;1;0;0;1;0;2
cryptomonnaie;0;0;0;4;0;0;0;0;0
crs;0;0;1;1;0;0;1;0;1
croquer;3;0;0;0;1;0;0;0;0
croisement;2;0;0;1;0;0;0;0;1
crimée;0;0;4;0;0;0;0;0;0
creer;0;0;1;1;1;0;0;0;1
crampe;0;0;0;1;0;1;1;0;1
cr;0;0;1;0;0;0;1;0;2
covoiturage;1;0;0;2;0;0;0;0;1
couz;4;0;0;0;0;0;0;0;0
courtois;0;0;0;0;0;0;4;0;0
couramment;0;0;0;0;0;0;4;0;0
couette;1;1;0;1;0;0;0;0;1
coté;1;0;1;1;0;0;1;0;0
costaud;2;0;0;0;0;0;1;0;1
cosmos;0;0;0;1;0;0;1;0;2
converser;0;0;0;0;0;0;4;0;0
convenablement;0;0;0;1;0;0;1;0;2
convenable;1;0;0;1;0;0;0;2;0
contrebande;0;0;1;2;0;0;0;0;1
contrarier;0;0;0;2;0;0;1;0;1
contracter;1;0;0;3;0;0;0;0;0
continuité;1;0;0;0;0;0;2;1;0
continuellement;0;0;0;2;0;0;0;1;1
contenant;0;0;0;4;0;0;0;0;0
contaminant;0;0;0;4;0;0;0;0;0
consécutif;0;0;0;3;0;0;0;0;1
constance;3;0;0;1;0;0;0;0;0
conso;0;0;0;4;0;0;0;0;0
consentant;1;0;0;0;0;0;0;2;1
conjointement;0;0;3;1;0;0;0;0;0
confus;0;0;0;0;0;0;4;0;0
confortablement;0;2;0;0;0;0;0;0;2
confirmé;0;0;2;1;0;0;1;0;0
confinements;0;0;0;2;1;0;0;0;1
concis;1;0;1;0;0;0;0;0;2
concierge;3;0;0;0;0;0;0;0;1
compère;1;0;0;1;0;0;1;0;1
compromettre;0;0;3;0;0;0;0;0;1
comportemental;0;0;0;1;0;0;3;0;0
complaire;0;0;0;0;0;0;2;0;2
commissaire;2;0;0;0;0;0;0;1;1
commentes;0;0;0;0;0;4;0;0;0
comedie;1;0;0;0;0;0;1;0;2
combiné;0;0;0;4;0;0;0;0;0
comando;0;0;4;0;0;0;0;0;0
colorer;1;0;0;2;0;1;0;0;0
cocu;2;0;0;0;0;0;0;1;1
cocotte;0;0;0;0;0;3;1;0;0
cocktail;0;0;0;1;0;0;0;0;2
cochonnerie;1;0;1;2;0;0;0;0;0
cocher;0;0;0;1;0;0;1;0;2
coccinelle;0;0;0;1;0;0;1;0;1
cocasse;0;0;0;1;0;0;2;0;1
coca_cola;1;0;1;1;0;0;0;0;0
coalition;0;0;4;0;0;0;0;0;0
cnn;0;0;4;0;0;0;0;0;0
clouer;0;0;0;2;0;1;0;1;0
clochard;0;0;0;3;0;0;0;0;1
climatosceptique;0;0;0;1;0;1;1;0;1
climatologues;0;0;1;1;0;0;1;0;1
clause;0;0;1;2;0;0;0;0;1
claudio;4;0;0;0;0;0;0;0;0
clasher;1;0;0;0;0;0;0;0;3
clarification;0;0;0;1;0;0;2;0;0
cinématographique;2;0;0;0;0;0;2;0;0
cicatrice;2;0;0;0;0;0;1;0;1
ciblent;0;0;2;0;0;0;1;1;0
christie;0;0;0;0;0;4;0;0;0
christiane;1;0;0;1;0;0;0;2;0
choupi;0;0;0;0;0;0;0;0;4
choupette;1;0;0;0;0;0;0;1;2
chocolaterie;0;0;0;0;0;4;0;0;0
chipie;4;0;0;0;0;0;0;0;0
chiot;1;0;0;1;0;0;0;1;1
chiffrer;0;0;1;1;0;0;1;0;1
chiffon;0;0;4;0;0;0;0;0;0
chicago;1;0;1;1;0;0;0;0;1
chewing_gum;0;0;0;1;0;0;1;0;1
chemtrails;1;0;0;0;0;1;2;0;0
chavez;0;0;4;0;0;0;0;0;0
chauffages;0;0;0;3;0;0;0;0;1
charitable;1;0;0;0;0;0;1;0;2
chaire;0;0;0;0;0;0;0;0;4
cha;1;0;0;0;0;1;0;0;1
cetais;3;0;0;0;0;0;0;0;1
celleux;0;0;3;1;0;0;0;0;0
cecr;0;0;0;0;0;0;4;0;0
cb;0;0;0;4;0;0;0;0;0
caver;0;0;0;1;0;1;1;0;1
caucasien;0;1;0;0;0;2;0;0;1
catalogue;1;0;0;2;0;1;0;0;0
catalan;1;0;0;0;0;0;3;0;0
cat;0;0;0;2;0;0;1;0;1
castel;4;0;0;0;0;0;0;0;0
caste;0;0;1;1;0;0;0;0;2
cassation;0;0;3;0;0;0;1;0;0
casquer;0;0;0;3;0;0;0;1;0
casa;0;0;0;2;0;1;0;0;1
caritatif;0;0;2;2;0;0;0;0;0
caravane;4;0;0;0;0;0;0;0;0
caquelon;4;0;0;0;0;0;0;0;0
captivant;3;0;0;0;0;0;1;0;0
capitaliser;0;0;1;0;0;1;0;0;2
capillaire;4;0;0;0;0;0;0;0;0
canular;3;0;0;1;0;0;0;0;0
canarder;1;0;2;0;0;0;0;0;0
canadair;0;0;2;1;0;0;0;0;0
camper;0;0;0;0;0;3;0;1;0
camerounais;1;0;0;0;0;0;1;0;2
cambodge;0;0;4;0;0;0;0;0;0
calimero;3;0;0;0;0;0;1;0;0
calibre;0;0;0;3;0;0;0;0;1
calaisis;0;0;0;4;0;0;0;0;0
cake;1;0;2;0;0;1;0;0;0
caillasser;0;0;2;0;0;0;1;0;1
cadrer;0;0;1;1;0;0;2;0;0
cadran;0;0;0;0;0;0;4;0;0
cadet;0;1;0;0;0;0;0;1;2
cacao;0;0;0;1;0;2;1;0;0
cabanon;3;0;0;1;0;0;0;0;0
bêta;2;0;0;1;0;0;1;0;0
bush;1;0;1;2;0;0;0;0;0
burnout;1;0;0;1;0;0;0;0;1
bull;1;0;0;2;0;0;0;1;0
bulgarie;2;0;1;1;0;0;0;0;0
building;1;0;1;0;0;0;1;0;1
brouteur;0;0;0;0;0;2;0;0;2
broulis;0;0;0;4;0;0;0;0;0
brosser;2;0;0;2;0;0;0;0;0
british;1;0;0;1;0;0;1;0;0
brioche;3;0;0;0;0;0;0;0;1
bridé;0;0;0;2;1;0;0;0;1
brider;0;0;0;3;0;0;1;0;0
bravoooo;1;0;0;0;1;1;0;0;1
brasser;0;0;0;0;0;0;0;0;4
brader;0;0;1;2;0;0;1;0;0
boussole;1;0;1;1;0;0;0;0;1
bouillie;1;0;0;0;0;0;2;0;1
boug;0;0;0;0;0;1;2;0;1
bouffeur;3;0;1;0;0;0;0;0;0
bordelais;0;0;0;4;0;0;0;0;0
bonnement;0;0;0;2;0;0;2;0;0
bondir;1;0;1;1;0;0;0;0;1
bonder;0;0;0;3;0;0;0;0;1
bombardier;1;0;0;2;0;0;0;0;0
boguets;0;0;0;3;0;1;0;0;0
bocal;0;0;0;3;0;0;0;0;1
bobette;2;0;1;0;0;1;0;0;0
bobets;0;0;0;0;0;0;0;0;4
boa;0;0;0;0;0;3;0;0;1
bloomberg;0;0;1;2;0;0;1;0;0
blackrock;0;0;2;1;0;0;0;0;1
blablater;0;0;0;0;0;0;4;0;0
bl;2;0;0;2;0;0;0;0;0
bizzarement;0;0;0;3;1;0;0;0;0
bizzare;2;0;1;1;0;0;0;0;0
biya;1;0;1;1;0;0;1;0;0
bitume;1;0;0;3;0;0;0;0;0
bite;1;0;0;0;0;0;1;0;2
bistro;3;0;0;1;0;0;0;0;0
bip;0;0;0;2;0;1;0;0;0
bile;0;0;0;0;1;0;0;0;3
bidule;1;0;0;1;0;0;0;1;1
bide;0;0;0;0;2;0;1;0;1
biberonner;0;0;0;0;0;1;1;0;2
bettina;3;0;0;0;0;0;0;0;1
bestiole;0;0;0;2;1;0;0;0;1
bertrand;1;0;0;0;0;0;0;0;3
bebe;0;1;0;1;0;0;0;0;2
beauty;1;1;0;1;0;0;1;0;0
beach;2;0;1;1;0;0;0;0;0
bassin;0;0;3;1;0;0;0;0;0
bassesse;0;0;1;0;0;1;2;0;0
barbies;2;0;0;1;0;0;0;0;1
barbie;4;0;0;0;0;0;0;0;0
barbecue;1;0;0;2;0;1;0;0;0
banquaire;0;0;0;4;0;0;0;0;0
bank;0;0;3;0;0;0;1;0;0
banditisme;0;0;0;4;0;0;0;0;0
bancomats;0;0;0;4;0;0;0;0;0
banalisation;0;0;2;0;0;0;1;0;1
ban;0;0;0;0;0;3;0;0;1
bahaha;0;0;0;1;0;0;0;1;2
bachelor;0;0;0;2;0;1;0;1;0
avènement;1;0;0;1;0;0;0;1;1
avully;0;0;0;4;0;0;0;0;0
avide;1;0;1;1;1;0;0;0;0
aventurier;3;0;0;1;0;0;0;0;0
avancement;0;0;0;4;0;0;0;0;0
avalanche;1;0;0;3;0;0;0;0;0
autisme;1;0;0;1;0;0;2;0;0
austerité;0;0;0;3;0;0;1;0;0
audiovisuel;4;0;0;0;0;0;0;0;0
atypique;0;0;0;0;0;0;0;0;4
atténuer;0;0;0;3;0;0;0;0;1
attrait;2;0;0;0;0;1;0;0;1
atterrer;0;0;0;0;0;0;4;0;0
att;1;0;0;0;0;3;0;0;0
atout;0;0;0;1;0;0;0;2;1
athlétisme;3;0;0;0;0;0;0;1;0
at;1;0;1;0;0;1;0;0;1
astérix;4;0;0;0;0;0;0;0;0
astreinte;0;0;1;1;0;0;0;0;1
assoir;0;0;0;4;0;0;0;0;0
assoc;0;0;0;3;0;0;0;0;1
asservir;0;0;1;1;0;0;0;1;1
asphyxier;0;0;0;0;0;0;0;0;4
ascendant;0;0;1;0;0;1;2;0;0
artificiellement;0;0;0;4;0;0;0;0;0
arpitan;0;0;0;2;0;0;2;0;0
armure;0;0;1;1;0;0;0;0;1
ariel;0;0;4;0;0;0;0;0;0
arf;0;0;0;1;0;0;3;0;0
ara;0;0;1;1;0;0;1;0;1
apprêter;2;0;0;0;0;1;0;0;1
appréciation;0;0;0;2;0;0;0;0;2
appréciable;1;0;0;1;0;0;2;0;0
appropriation;0;0;2;0;0;0;0;0;2
apocalypse;0;0;0;4;0;0;0;0;0
apelle;0;0;1;0;0;2;0;1;0
aos;0;0;0;4;0;0;0;0;0
antoinette;0;1;0;1;0;0;2;0;0
antoine;3;0;0;0;0;0;1;0;0
antisemite;0;0;2;0;0;0;0;0;2
antique;2;0;0;0;0;0;1;0;1
antifas;0;0;3;0;0;0;0;0;1
anticipation;0;0;0;2;0;1;1;0;0
antibiotique;0;0;0;2;0;0;0;0;1
antibio;3;0;0;1;0;0;0;0;0
anti_émeute;0;0;1;2;0;1;0;0;0
antenne;0;0;1;0;0;1;1;0;1
annuaire;0;3;0;0;0;0;1;0;0
animalier;0;0;0;2;0;0;1;0;1
andorre;0;0;3;1;0;0;0;0;0
amériques;0;0;1;3;0;0;0;0;0
ampoule;0;0;0;1;0;1;1;0;1
ampli;0;0;0;3;0;0;0;0;0
amnésie;0;0;0;0;4;0;0;0;0
ambulant;0;0;0;0;0;0;0;2;2
amazonien;0;0;0;0;1;0;1;0;2
amasser;0;0;1;2;0;0;0;0;1
allègrement;0;0;1;1;0;0;0;0;2
aliéner;0;0;3;0;0;0;0;1;0
aliexpress;0;0;0;4;0;0;0;0;0
ali;0;0;1;2;0;0;0;1;0
alex;1;0;1;0;1;0;0;0;1
alarmer;0;0;0;3;0;0;1;0;0
ajout;0;0;0;2;0;0;1;0;1
aix;2;0;0;0;0;1;0;0;1
aiwa;4;0;0;0;0;0;0;0;0
aiguille;0;0;0;1;0;0;1;0;1
aigu;3;0;0;0;0;0;0;0;1
agilité;2;0;0;0;0;0;0;0;1
agglomération;0;0;0;3;0;0;0;0;1
agatha;0;0;0;0;0;4;0;0;0
again;2;0;1;0;0;0;1;0;0
affiner;0;0;0;0;0;0;3;1;0
affichage;0;0;0;3;0;0;0;0;1
affaiblissement;0;0;0;2;0;0;0;0;2
affabulation;0;0;0;2;1;0;1;0;0
adorateur;0;0;1;1;0;1;1;0;0
adooooooore;4;0;0;0;0;0;0;0;0
administrateur;0;0;0;4;0;0;0;0;0
admin;0;0;0;1;0;0;1;1;1
addict;0;0;0;2;0;1;0;0;1
adage;0;0;0;1;0;0;0;0;2
actionnariat;0;0;0;4;0;0;0;0;0
act;0;0;0;2;0;2;0;0;0
acronyme;0;0;0;0;0;3;1;0;0
acquadro;4;0;0;0;0;0;0;0;0
acné;1;0;0;0;0;1;0;1;1
acker;4;0;0;0;0;0;0;0;0
accru;0;0;0;2;0;0;0;0;2
acceuilli;2;0;1;1;0;0;0;0;0
acc;3;0;0;1;0;0;0;0;0
acab;0;0;1;1;0;0;0;0;1
abîme;1;0;0;1;0;0;0;0;2
abréviation;2;1;0;0;0;0;1;0;0
abrutir;0;0;0;2;0;0;1;0;1
about;1;0;1;0;0;1;1;0;0
abbé;4;0;0;0;0;0;0;0;0
a1;0;0;0;1;0;0;3;0;0
9h;1;0;0;0;0;1;0;0;2
90s;4;0;0;0;0;0;0;0;0
8eme;0;0;0;4;0;0;0;0;0
7ème;0;0;2;1;0;0;0;0;0
7k;0;0;0;4;0;0;0;0;0
6ans;1;0;0;1;1;0;0;0;1
5cm;2;0;0;1;0;0;0;0;1
50ans;2;0;1;0;0;1;0;0;0
4eme;2;0;0;1;0;0;0;0;1
25ans;0;0;2;0;0;0;0;0;2
20x;0;0;1;3;0;0;0;0;0
20e;2;0;1;1;0;0;0;0;0
16h;0;0;0;3;0;0;0;0;1
13e;0;0;0;3;0;0;0;0;1
10e;0;0;0;1;0;1;0;0;2
ölbert;0;0;0;2;0;0;0;0;1
évitement;0;0;0;2;0;0;1;0;0
éventualité;0;0;1;0;0;0;0;1;1
éventrer;0;0;1;1;1;0;0;0;0
évent;1;0;0;2;0;0;0;0;0
étriqué;0;0;0;1;0;0;0;0;2
étoilé;0;0;0;2;1;0;0;0;0
éthiopie;0;0;3;0;0;0;0;0;0
éternellement;0;0;0;1;0;1;0;0;1
étendue;0;0;0;0;0;0;2;0;1
étayer;0;0;0;0;0;0;2;1;0
étau;0;0;1;1;0;0;1;0;0
étalon;0;0;0;0;0;1;2;0;0
étai;3;0;0;0;0;0;0;0;0
épurer;0;0;0;0;0;0;3;0;0
épice;0;0;0;0;0;1;0;0;2
épater;1;0;0;1;0;0;1;0;0
épatant;1;0;2;0;0;0;0;0;0
épanouissement;1;0;0;1;0;0;1;0;0
épais;1;0;1;1;0;0;0;0;0
énormité;0;0;0;1;0;0;2;0;0
émojis;1;0;0;0;0;1;1;0;0
élitisme;0;0;0;2;0;0;0;0;1
électorat;0;0;0;3;0;0;0;0;0
élasticité;1;0;0;0;0;0;0;0;2
égocentrisme;0;0;0;0;0;0;0;0;3
édito;0;0;1;0;0;0;2;0;0
édifice;0;0;0;0;0;1;0;1;1
écurie;0;0;0;1;0;0;0;0;2
économises;0;0;0;3;0;0;0;0;0
écoeurer;1;0;0;0;0;1;0;1;0
écocides;0;0;0;3;0;0;0;0;0
écervelé;0;0;0;0;0;0;0;0;3
éboueur;0;0;1;2;0;0;0;0;0
à_mon_encontre;0;0;1;0;0;0;0;1;1
zélé;0;0;0;1;0;0;0;0;2
zizou;1;1;0;0;0;0;1;0;0
zim;3;0;0;0;0;0;0;0;0
zigzaguer;0;0;0;2;0;0;0;0;1
zi;0;1;0;1;0;0;1;0;0
zermatt;0;0;0;3;0;0;0;0;0
zebra;0;0;0;3;0;0;0;0;0
zapper;1;0;0;1;0;0;1;0;0
yt;0;0;0;0;0;2;1;0;0
yoyo;2;0;0;0;0;0;0;0;1
young;0;0;0;0;0;0;0;0;3
youhouhou;2;0;0;0;0;0;0;0;1
yougoslavie;0;0;1;1;0;0;0;0;1
yohan;1;0;0;0;0;1;1;0;0
yoann;0;0;0;2;0;0;1;0;0
yep;1;0;0;1;0;0;0;0;1
y2k;2;0;0;0;0;0;0;0;1
xxx;1;0;0;1;0;0;1;0;0
xxl;1;0;0;1;0;0;0;0;1
xxe;0;1;0;1;0;0;0;0;1
xuelle;0;0;0;1;0;0;0;2;0
wouhao;1;0;0;1;0;0;1;0;0
working;0;0;0;3;0;0;0;0;0
wokiste;0;0;0;0;0;0;1;0;2
woah;0;0;1;0;0;0;0;1;1
woaaaaaw;0;0;0;0;0;0;0;0;3
windows;0;0;1;2;0;0;0;0;0
wilders;0;0;0;3;0;0;0;0;0
wiesel;0;0;0;0;0;0;3;0;0
wef;0;0;1;1;0;0;1;0;0
weed;2;0;0;1;0;0;0;0;0
watson;0;0;0;2;0;0;1;0;0
was;1;0;1;0;0;0;1;0;0
wankdorf;0;0;0;0;0;0;0;1;2
wahou;1;0;0;1;0;0;0;0;1
vídeo;1;0;0;1;0;0;1;0;0
véreux;0;0;1;1;0;0;0;0;1
vénérer;1;0;0;0;0;0;0;1;1
vé;0;1;0;0;0;1;1;0;0
vw;0;0;0;2;0;0;1;0;0
vulgarisation;0;0;0;2;0;0;0;1;0
vuitton;1;0;1;1;0;0;0;0;0
vré;0;1;0;1;0;0;1;0;0
vraiement;1;0;0;0;0;0;0;0;2
votres;0;0;0;2;0;0;1;0;0
von;0;0;1;0;0;1;0;0;1
volontier;1;0;0;1;0;0;0;0;1
volatil;0;0;0;3;0;0;0;0;0
voilé;0;0;1;0;0;0;1;0;1
vociférer;1;0;0;1;0;0;1;0;0
visualiser;1;0;0;1;0;0;1;0;0
viscéral;0;0;0;0;0;0;1;0;2
virage;2;0;0;1;0;0;0;0;0
villeneuve;0;0;1;2;0;0;0;0;0
viel;0;0;0;1;0;0;0;2;0
vice_président;0;0;1;1;0;0;0;0;1
vi0ls;0;0;2;0;0;0;0;1;0
vi0leurs;0;0;3;0;0;0;0;0;0
vestige;1;0;0;1;0;0;0;0;1
vespa;2;0;0;1;0;0;0;0;0
versement;0;0;0;3;0;0;0;0;0
versailles;0;0;0;2;0;1;0;0;0
verlan;1;0;0;0;1;1;0;0;0
verité;0;0;0;0;0;0;3;0;0
verifier;0;0;1;2;0;0;0;0;0
verge;1;0;0;1;0;0;1;0;0
ventilateur;1;0;0;1;0;1;0;0;0
venoge;0;0;0;1;0;0;0;0;2
venin;0;0;1;0;0;0;1;0;1
venger;0;0;1;0;0;0;0;0;2
vendôme;1;0;0;2;0;0;0;0;0
velours;0;0;0;2;0;0;0;0;1
vasculaire;0;0;0;2;0;0;0;0;1
varsovie;0;0;1;1;0;0;1;0;0
vanille;0;0;0;1;0;1;0;0;1
vandaliser;0;0;2;0;0;0;0;0;1
valse;0;0;0;1;0;0;2;0;0
valorisation;0;0;0;1;0;0;0;1;1
valeureux;2;0;0;0;0;0;0;1;0
vaguement;1;0;0;0;0;0;1;1;0
vaginal;0;1;0;2;0;0;0;0;0
vagabonder;0;0;0;0;0;0;0;0;3
vadrouille;2;0;0;1;0;0;0;0;0
vacuité;1;0;0;0;0;1;0;0;1
uv;0;0;0;2;0;0;0;0;1
utérus;0;0;0;1;0;0;0;1;1
uta;0;0;3;0;0;0;0;0;0
urine;0;1;0;2;0;0;0;0;0
urbanisation;0;0;0;3;0;0;0;0;0
uranus;1;0;0;1;0;0;1;0;0
unwra;0;0;3;0;0;0;0;0;0
unilatéralement;0;0;3;0;0;0;0;0;0
unesco;0;0;0;1;0;0;0;0;2
ul;0;0;1;0;0;0;0;1;1
uc;0;0;0;0;0;1;1;0;1
uae;0;0;1;2;0;0;0;0;0
télévisé;0;0;0;0;0;0;2;0;1
téléphonique;1;0;0;0;0;1;0;0;1
tyrannique;0;0;2;0;0;0;0;0;1
tyran;0;0;0;0;0;1;1;1;0
typer;1;0;0;1;0;0;0;0;1
twitter;0;0;0;0;0;0;3;0;0
twerk;0;0;0;0;0;0;2;1;0
tutoiement;0;0;0;0;0;0;2;0;1
turfu;2;0;0;0;0;0;1;0;0
ture;2;0;1;0;0;0;0;0;0
try;1;0;1;0;0;1;0;0;0
truie;1;0;0;0;0;0;1;0;1
trucage;0;0;1;0;0;0;2;0;0
trotter;0;3;0;0;0;0;0;0;0
trotinettes;0;0;0;3;0;0;0;0;0
troquer;0;0;0;2;0;0;1;0;0
trops;0;0;0;2;0;0;0;0;1
tropez;2;0;1;0;0;0;0;0;0
tromperie;0;0;0;1;0;0;0;1;1
troinex;0;0;0;3;0;0;0;0;0
triomphe;2;0;0;0;0;0;0;0;1
trimestre;0;0;0;2;0;0;0;0;1
tricheur;0;0;0;2;0;0;0;0;1
trice;0;0;1;0;0;0;0;0;2
trend;0;0;1;0;0;0;0;0;2
traînée;0;0;0;1;0;0;0;0;2
travaillé;0;0;0;2;0;0;0;0;1
transposable;0;0;0;2;0;0;0;1;0
transphobes;0;0;0;1;0;1;0;1;0
transphobe;0;0;0;1;0;0;1;0;1
tranquillou;1;0;0;2;0;0;0;0;0
tranquil;0;0;0;0;0;0;0;0;3
traitre;0;0;2;0;0;0;0;1;0
trahison;0;0;1;0;1;0;0;0;1
trade;0;0;2;0;0;1;0;0;0
track;1;0;0;0;1;0;0;0;1
tput;1;0;0;0;0;0;1;0;1
toxico;0;0;0;1;0;0;1;0;1
toxicité;0;0;1;1;0;0;0;0;1
toxic;0;0;0;2;0;0;1;0;0
tox;0;0;0;2;0;0;0;0;1
toupie;1;0;0;1;0;0;1;0;0
tot;0;0;0;1;0;0;0;0;2
torse;0;0;0;0;0;0;0;0;3
torrent;1;1;0;1;0;0;0;0;0
torche;0;0;2;0;0;1;0;0;0
tonneau;0;0;0;2;0;0;0;0;1
tondeur;1;0;0;1;0;1;0;0;0
tolérable;0;0;0;1;0;0;1;0;1
tofu;0;0;0;1;0;0;2;0;0
tocard;1;0;0;1;0;0;1;0;0
tktp;1;0;0;0;0;0;0;0;2
titulaire;0;0;0;3;0;0;0;0;0
titan;1;1;0;0;0;0;0;0;1
tisser;0;0;0;2;0;0;0;0;1
tinguely;3;0;0;0;0;0;0;0;0
tin;1;0;0;0;1;0;1;0;0
timidité;2;0;0;0;0;0;0;0;1
tier;0;0;1;1;0;0;0;0;1
thérapeute;1;0;0;0;0;0;0;0;2
théorique;0;0;0;0;0;0;0;0;3
théologie;0;0;0;0;0;0;3;0;0
thon;0;0;0;1;0;1;1;0;0
they;1;0;1;0;0;1;0;0;0
there;0;0;0;0;0;1;1;0;1
then;0;0;0;2;0;1;0;0;0
them;1;0;2;0;0;0;0;0;0
thc;0;0;0;3;0;0;0;0;0
thatcher;0;0;0;1;0;0;0;1;1
thai;1;0;0;0;0;0;1;0;1
tfacon;0;0;0;0;0;0;0;1;2
tf1;1;0;1;0;0;0;1;0;0
texture;0;0;0;0;0;0;2;0;1
texas;0;0;1;1;0;0;0;0;1
teubé;2;0;0;0;0;0;0;0;1
tertiaire;0;0;0;2;0;0;0;0;1
terrier;1;0;2;0;0;0;0;0;0
tentant;1;0;0;1;0;1;0;0;0
temoin;0;0;2;0;0;0;0;0;1
temoignage;3;0;0;0;0;0;0;0;0
tell;2;0;0;0;0;0;1;0;0
telegram;1;0;1;0;0;0;1;0;0
tecktonick;2;0;0;0;0;0;0;0;1
technicien;1;0;0;0;0;0;1;1;0
tchaux;1;0;0;1;1;0;0;0;0
tbnk;0;0;1;0;0;1;0;0;1
taxons;0;0;1;1;0;0;1;0;0
taxations;0;0;0;2;0;0;0;0;1
tat;1;0;1;1;0;0;0;0;0
tardivement;0;0;0;1;0;0;0;0;2
tapper;0;0;1;0;0;0;0;0;2
tangible;0;0;0;1;0;0;2;0;0
tamponner;1;0;1;0;0;0;0;0;1
tahiti;0;0;0;3;0;0;0;0;0
tagué;0;0;2;0;0;1;0;0;0
tagger;0;0;0;1;0;1;1;0;0
sévérité;0;0;0;1;0;0;0;0;2
séquestrer;0;0;3;0;0;0;0;0;0
séparé;1;1;0;0;0;0;0;0;1
sémite;0;0;2;0;0;1;0;0;0
séisme;0;0;0;3;0;0;0;0;0
sécuritaires;0;0;1;0;0;0;0;0;2
synthèse;0;0;0;1;0;0;2;0;0
syndic;2;0;0;0;0;0;0;0;1
symboliquement;0;0;0;2;0;0;1;0;0
sylviculture;0;0;0;1;0;0;0;0;2
sweet;3;0;0;0;0;0;0;0;0
svppp;0;1;0;0;0;0;0;0;2
suspens;0;0;1;1;0;0;0;0;1
survet;1;0;0;0;0;2;0;0;0
sursauter;2;0;0;1;0;0;0;0;0
sursaut;0;0;1;1;0;0;0;0;1
surmonter;0;0;0;1;0;1;0;0;1
surgir;0;0;1;1;0;0;0;1;0
surestiment;0;0;0;1;0;0;1;0;1
surdimensionné;0;0;0;0;0;0;0;2;1
surcharge;0;0;0;3;0;0;0;0;0
supporteur;0;0;2;0;0;0;1;0;0
supportable;0;0;0;2;0;0;0;0;1
supplice;1;0;0;0;0;1;0;0;1
superieur;1;0;0;1;0;0;0;1;0
superficie;0;0;0;2;0;0;0;0;1
supercherie;0;0;0;0;0;0;1;0;2
suiveur;1;0;1;0;0;0;0;0;1
sugus;1;0;0;2;0;0;0;0;0
suggestion;2;0;0;0;0;0;1;0;0
suffisance;0;0;1;0;0;1;1;0;0
succomber;0;0;0;1;0;1;0;1;0
substitution;0;0;0;1;0;0;0;0;2
structurelles;0;0;0;2;0;0;1;0;0
stockage;0;0;0;2;0;0;0;0;1
stigmatisation;0;0;1;0;0;0;2;0;0
stempel;0;0;0;0;0;0;2;0;1
steck;1;0;0;0;0;0;0;0;2
stan;3;0;0;0;0;0;0;0;0
splendide;2;0;0;0;0;0;0;0;1
speaker;2;0;0;0;0;0;1;0;0
soutif;1;0;0;0;0;1;1;0;0
sous_entendu;0;0;0;0;0;0;1;0;2
sournois;0;0;1;2;0;0;0;0;0
souhaitable;0;0;1;1;0;0;0;1;0
souchette;0;3;0;0;0;0;0;0;0
soros;1;0;0;1;0;1;0;0;0
sophrologie;1;0;0;1;0;0;0;1;0
sophistiqué;1;0;0;0;0;0;0;1;1
sopalin;0;1;0;0;0;2;0;0;0
sonnette;1;0;0;1;0;0;0;0;1
somaliland;0;0;2;1;0;0;0;0;0
solex;2;0;0;1;0;0;0;0;0
soft;0;0;0;0;0;1;1;1;0
soda;1;0;0;1;0;0;0;0;1
sociéter;0;0;0;0;0;0;2;0;1
sociologie;0;0;0;0;0;1;2;0;0
socio;0;0;0;1;0;0;1;0;1
society;0;0;0;2;0;1;0;0;0
societal;0;0;0;1;0;0;0;1;1
socialo;1;0;0;1;0;0;0;0;1
socialiser;1;0;0;2;0;0;0;0;0
social_démocrate;0;0;1;0;0;0;2;0;0
sociabiliser;0;0;0;0;0;0;2;0;1
snake;3;0;0;0;0;0;0;0;0
smotrich;0;0;3;0;0;0;0;0;0
smaky;1;0;0;0;0;0;1;1;0
skateurs;2;0;0;1;0;0;0;0;0
sir;1;0;0;0;0;0;0;0;2
siosio;0;0;3;0;0;0;0;0;0
singularité;0;0;0;0;0;0;2;1;0
sinaï;0;0;3;0;0;0;0;0;0
simulateur;0;0;0;1;0;1;0;0;1
simplette;0;0;0;1;0;0;1;0;1
silhouette;1;0;0;0;0;0;0;1;1
signalisation;0;0;0;3;0;0;0;0;0
sieur;2;0;0;1;0;0;0;0;0
siecle;0;1;1;0;0;0;0;0;1
sicile;0;0;0;3;0;0;0;0;0
shuffle;0;0;0;0;0;0;0;0;3
sexualisent;0;0;0;0;0;1;0;0;2
sexion;0;0;1;0;0;0;1;0;1
set;1;0;2;0;0;0;0;0;0
sest;0;0;0;1;0;0;1;0;1
serrure;0;0;0;1;0;1;0;0;1
sereinement;0;0;0;1;0;0;0;1;1
senteur;2;1;0;0;0;0;0;0;0
senior;0;0;0;0;0;0;2;1;0
sement;0;0;2;0;0;0;0;0;1
self;0;0;1;1;0;0;0;0;1
scénariste;2;0;0;0;0;0;0;0;1
scruter;0;0;0;1;0;0;0;0;2
scrupuleux;0;0;1;0;0;0;1;0;1
scrolling;0;0;0;0;0;0;1;0;2
script;2;0;0;0;0;0;0;0;1
scotch;1;0;0;1;0;1;0;0;0
scooby;3;0;0;0;0;0;0;0;0
scolarisés;0;0;0;0;0;1;1;0;1
scier;1;0;0;0;0;2;0;0;0
science_fiction;1;0;0;2;0;0;0;0;0
schtroumpf;1;0;0;2;0;0;0;0;0
schneider;1;0;2;0;0;0;0;0;0
schnaps;1;0;0;1;0;0;0;0;1
schleck;2;0;0;0;0;0;0;1;0
schizophrène;0;0;0;0;1;0;0;0;2
scarface;3;0;0;0;0;0;0;0;0
scandinave;0;0;0;2;0;0;1;0;0
saumure;1;0;0;1;0;1;0;0;0
saumon;1;0;0;0;0;0;1;0;1
saugrenu;0;0;0;1;0;1;0;0;1
satisfaisant;0;0;0;1;0;0;0;0;2
sarah;1;0;0;1;0;0;0;0;1
saoul;2;0;0;1;0;0;0;0;0
santissa;2;0;0;1;0;0;0;0;0
sante;1;0;0;1;0;0;0;0;1
santana;0;0;0;0;0;2;1;0;0
sandal;3;0;0;0;0;0;0;0;0
samy;3;0;0;0;0;0;0;0;0
samoa;0;0;0;3;0;0;0;0;0
salève;2;0;0;1;0;0;0;0;0
saler;2;0;0;0;0;0;0;0;1
sainement;0;0;0;1;0;0;1;0;1
sahel;0;0;3;0;0;0;0;0;0
sadisme;0;0;1;0;0;0;1;0;1
sabrer;0;0;0;2;0;0;0;0;1
sabre;0;0;1;0;0;0;0;1;1
sabine;0;0;2;0;0;0;0;1;0
röstigraben;0;0;0;0;0;0;1;0;2
réévaluer;0;0;0;2;0;0;0;0;1
rééducation;1;0;0;0;0;0;0;0;2
réécouter;1;0;0;1;0;0;0;0;1
révision;0;0;0;0;0;0;1;0;2
réveillon;0;0;0;2;0;0;1;0;0
rétrécissement;0;0;0;2;0;0;0;1;0
réticence;0;0;0;2;0;0;1;0;0
résoud;0;0;0;1;0;0;1;0;1
résilier;1;0;0;1;0;0;0;0;1
résilient;0;0;0;2;0;0;0;0;1
résignation;1;0;0;0;0;0;1;0;1
résidentiel;0;1;0;2;0;0;0;0;0
répugnant;0;1;0;1;0;0;0;1;0
répréhensible;0;0;2;0;0;0;1;0;0
réprimander;0;0;0;1;0;0;0;0;2
réorganisation;0;0;0;3;0;0;0;0;0
réjouissant;1;0;0;0;0;0;1;0;1
réitérer;0;0;0;1;0;0;1;1;0
réinsérer;0;0;0;0;0;0;0;1;2
régule;1;0;0;0;0;0;0;0;2
régulations;0;0;0;3;0;0;0;0;0
régularité;1;0;0;2;0;0;0;0;0
réfractaire;0;0;0;1;0;0;2;0;0
rédacteur;1;0;0;2;0;0;0;0;0
récréer;2;0;0;0;0;0;0;0;1
réconforter;1;0;0;1;0;0;0;0;1
réciprocité;1;0;0;0;0;0;1;0;1
récidiver;1;0;0;0;0;0;0;0;2
réceptionniste;0;0;0;3;0;0;0;0;0
réceptif;0;0;0;0;0;1;1;1;0
récepteur;0;0;0;3;0;0;0;0;0
réarmement;0;0;2;0;0;0;1;0;0
réapproprier;0;0;0;0;0;0;0;0;3
réactif;0;0;1;1;0;0;0;1;0
râteau;1;0;0;0;0;0;0;0;2
râper;3;0;0;0;0;0;0;0;0
russi;3;0;0;0;0;0;0;0;0
ruralité;1;0;0;0;0;0;0;1;1
ruisseler;0;0;0;3;0;0;0;0;0
ruag;0;0;1;0;0;0;2;0;0
rts1;1;0;0;0;0;0;1;0;1
rte;1;0;0;1;0;0;0;0;1
rst;0;0;1;0;0;0;1;0;1
royce;1;0;0;1;0;0;1;0;0
rotule;0;0;0;2;0;0;0;0;1
rotschild;0;0;0;3;0;0;0;0;0
roooo;3;0;0;0;0;0;0;0;0
romandes;0;0;0;1;0;0;1;1;0
roille;2;0;0;1;0;0;0;0;0
rohingyas;0;0;3;0;0;0;0;0;0
roesti;0;0;0;2;0;0;0;0;1
rocky;2;0;0;0;0;0;1;0;0
robinson;1;0;1;1;0;0;0;0;0
rite;0;0;1;0;0;1;0;0;1
risme;0;0;3;0;0;0;0;0;0
rinçage;0;1;0;2;0;0;0;0;0
rights;0;0;3;0;0;0;0;0;0
ridiculement;0;0;0;2;0;0;0;0;1
ric;3;0;0;0;0;0;0;0;0
rhumatisses;2;0;0;0;1;0;0;0;0
rhumatisme;0;0;0;0;0;0;1;0;2
rhum;2;0;0;1;0;0;0;0;0
rhino;2;0;0;1;0;0;0;0;0
rhabiller;2;0;0;0;0;0;1;0;0
revente;1;0;0;2;0;0;0;0;0
reveille;0;0;0;1;0;0;0;0;2
reuters;1;0;1;0;0;0;1;0;0
retrousser;0;0;0;0;0;0;0;0;3
retravailler;1;0;0;0;0;0;1;0;1
retournement;1;0;0;0;0;0;0;1;1
retaper;2;0;0;0;0;0;0;0;1
retailleau;0;0;1;0;0;2;0;0;0
resultat;0;0;0;2;1;0;0;0;0
restructuration;0;0;0;2;0;0;0;0;1
ressourcer;0;0;0;0;0;0;0;0;3
resserrer;0;0;1;1;1;0;0;0;0
respectueusement;2;0;0;0;0;0;0;0;1
respectivement;1;0;1;0;0;0;1;0;0
resources;0;0;0;3;0;0;0;0;0
requérant;0;0;0;0;0;0;1;0;2
repu;1;0;0;1;0;0;1;0;0
represente;0;0;0;0;0;0;3;0;0
repoussant;0;0;1;0;0;0;0;2;0
repeuplement;1;0;0;0;0;0;0;0;2
repassage;2;0;0;0;0;0;0;0;1
rené;1;0;0;1;0;0;1;0;0
renouvelable;0;0;0;2;0;0;1;0;0
renne;1;0;0;0;0;0;0;0;2
renault;1;0;0;2;0;0;0;0;0
remords;0;0;0;0;0;0;2;1;0
remerciement;1;0;0;1;0;0;1;0;0
relique;0;0;0;0;0;0;2;0;1
rejouer;0;0;0;0;0;0;0;0;3
refourguer;0;0;0;2;0;0;0;0;1
refonte;0;0;0;2;0;0;0;0;1
reflex;0;0;0;0;2;0;1;0;0
refiler;1;0;0;2;0;0;0;0;0
referendum;0;0;0;1;0;0;1;0;1
reels;0;0;0;2;0;0;0;0;1
redresser;0;0;0;3;0;0;0;0;0
rediscute;0;0;0;0;0;1;2;0;0
redford;3;0;0;0;0;0;0;0;0
recyclable;0;0;0;3;0;0;0;0;0
recueillement;0;0;0;0;0;0;0;0;3
recrés;3;0;0;0;0;0;0;0;0
recrudescence;0;0;0;1;0;0;2;0;0
recreation;2;0;1;0;0;0;0;0;0
recommencement;0;0;1;1;1;0;0;0;0
recherché;1;0;0;2;0;0;0;0;0
recentrer;0;0;0;1;0;0;1;0;1
recaler;1;0;0;1;0;0;1;0;0
recadrer;0;0;0;0;0;0;0;1;2
recadrage;1;0;0;0;0;0;2;0;0
rebondissement;0;0;0;0;0;0;0;2;1
rebeller;0;0;0;1;0;0;0;1;1
realité;1;0;0;0;0;0;1;0;1
reaction;0;0;0;0;0;0;0;0;3
reacs;1;0;0;0;0;0;1;0;1
rd;0;0;2;1;0;0;0;0;0
ravoir;2;0;0;0;0;0;0;0;1
rave;1;0;0;0;0;0;0;1;1
rasoir;0;0;0;0;0;1;1;0;1
rapé;3;0;0;0;0;0;0;0;0
rapporteur;0;0;2;0;0;1;0;0;0
rappeller;1;0;0;1;0;0;0;0;1
rappele;1;0;0;0;0;0;0;0;2
rappaz;1;0;0;1;0;0;0;0;1
ranking;0;0;0;3;0;0;0;0;0
rance;0;0;1;0;0;1;1;0;0
ramassis;0;0;1;0;0;0;2;0;0
ramassage;0;0;0;2;0;0;0;0;1
rallumer;0;0;0;2;0;0;0;0;1
ralentissement;0;0;0;2;0;0;1;0;0
raffoler;1;0;0;1;0;0;0;0;1
raffaella;0;0;0;0;0;0;3;0;0
rafah;0;0;3;0;0;0;0;0;0
racketter;0;0;1;0;0;0;0;1;1
raccord;0;0;0;1;0;0;1;0;1
ra;1;0;0;2;0;0;0;0;0
quo;0;0;1;0;0;0;1;0;1
quizz;3;0;0;0;0;0;0;0;0
quittance;0;0;0;1;0;0;2;0;0
quidam;0;0;0;2;0;0;0;0;1
quesque;1;0;0;0;0;0;1;0;1
quelq;1;0;0;1;0;1;0;0;0
quebecois;1;0;0;0;0;1;0;0;1
quatrième;1;0;1;0;0;0;1;0;0
qualite;0;0;0;2;0;0;0;0;1
qualificatif;0;0;0;0;0;1;1;0;1
qand;2;0;0;0;0;0;0;0;1
pû;2;0;0;0;0;0;0;0;1
pétasse;0;0;0;0;0;0;3;0;0
péronisme;0;0;2;1;0;0;0;0;0
périphérie;1;0;0;2;0;0;0;0;0
pérenniser;0;0;2;0;0;0;0;0;1
pépère;1;0;0;2;0;0;0;0;0
pénalisent;0;0;0;3;0;0;0;0;0
pédalo;0;0;0;1;0;0;2;0;0
pédale;0;0;0;1;0;1;0;0;1
pédal;0;0;0;2;0;1;0;0;0
pédagogue;1;0;0;0;0;0;0;0;2
pécuniaire;0;0;0;3;0;0;0;0;0
pécho;1;0;0;0;0;0;2;0;0
péage;0;0;0;1;0;1;0;0;1
pâquerette;0;0;0;1;0;0;1;0;1
pzs;1;0;1;0;0;0;0;1;0
pythagore;0;0;0;1;0;0;2;0;0
pulvériser;0;0;3;0;0;0;0;0;0
puits;0;0;1;1;0;0;0;0;1
puceau;2;0;0;0;0;1;0;0;0
psychotique;0;0;0;1;0;0;1;0;1
psychothérapie;1;0;0;2;0;0;0;0;0
psychose;0;0;0;2;0;0;0;0;1
pss;0;0;0;2;0;0;0;0;1
prédilection;2;0;0;1;0;0;0;0;0
précédemment;0;0;1;2;0;0;0;0;0
précipiter;2;0;0;0;0;0;0;0;1
précieusement;2;0;0;0;0;0;1;0;0
prussien;0;0;0;0;0;2;1;0;0
prude;0;0;0;0;0;0;1;0;2
provocant;0;0;0;0;0;0;1;0;2
provoc;0;0;0;1;0;0;1;1;0
proust;2;0;0;0;0;0;1;0;0
prouesse;1;0;0;1;0;0;0;0;1
prosélytisme;1;0;0;1;0;0;0;0;1
propal;0;0;2;0;0;0;0;0;1
prolongé;1;0;0;2;0;0;0;0;0
prolifération;1;0;0;1;0;0;0;0;1
progressisme;0;0;0;1;0;0;2;0;0
proférer;0;0;0;0;0;0;3;0;0
profitable;0;0;0;3;0;0;0;0;0
procuration;0;0;1;1;0;0;0;0;1
problem;0;0;0;1;0;1;0;1;0
probant;0;0;0;1;1;0;1;0;0
prioriser;0;0;0;1;0;0;0;2;0
primark;1;0;0;2;0;0;0;0;0
pretty;0;0;0;0;0;2;0;1;0
pretexte;1;0;1;0;0;0;0;0;1
pret;0;0;0;3;0;0;0;0;0
premium;2;0;0;1;0;0;0;0;0
preferent;0;0;0;1;0;0;0;0;2
prcq;1;0;0;0;0;0;0;1;1
pratt;0;0;0;3;0;0;0;0;0
pratiquant;1;0;0;0;0;0;0;1;1
praticien;0;0;0;1;0;1;1;0;0
pps;0;0;0;0;0;2;0;0;1
poutre;0;0;0;1;0;2;0;0;0
pourcent;1;0;0;2;0;0;0;0;0
poupe;0;0;0;1;0;0;1;0;1
pouffer;1;0;0;0;0;1;0;1;0
pots_de_vin;0;0;1;1;0;0;0;0;1
poterie;0;0;1;2;0;0;0;0;0
potager;0;0;0;1;0;0;0;0;2
postulat;0;0;0;2;0;0;0;1;0
porcherie;0;0;0;0;0;0;0;3;0
popularité;0;0;0;1;0;0;1;0;1
popcorn;0;0;0;1;0;0;0;1;1
pop_corn;0;0;0;0;0;0;1;0;2
ponctuel;0;0;0;2;0;0;0;0;1
ponctionner;0;0;0;3;0;0;0;0;0
pomper;0;0;0;3;0;0;0;0;0
pommeau;0;3;0;0;0;0;0;0;0
pommade;0;0;0;2;0;0;0;0;1
polémiquer;1;0;1;0;0;0;0;0;1
polyester;0;0;0;3;0;0;0;0;0
polluantes;1;0;0;2;0;0;0;0;0
policeactivity;0;0;0;0;0;0;2;0;1
polente;2;0;0;0;0;0;0;0;1
polenta;3;0;0;0;0;0;0;0;0
polarisation;0;0;1;1;0;0;1;0;0
poker;0;0;0;2;0;0;0;0;1
pokemon;3;0;0;0;0;0;0;0;0
poirot;1;0;0;1;0;0;0;1;0
poid;0;0;0;0;0;1;0;0;2
pogrom;0;0;3;0;0;0;0;0;0
poelvoorde;2;0;0;1;0;0;0;0;0
pmu;0;0;0;1;0;0;2;0;0
plongée;1;0;0;0;0;1;0;0;1
plomberie;0;0;0;1;0;0;0;0;2
plomber;0;0;0;2;0;0;0;0;1
pleureur;1;0;0;0;0;0;1;0;1
pleindre;0;0;0;0;0;0;1;1;1
play_boy;2;0;0;1;0;0;0;0;0
platiste;0;0;1;0;1;0;1;0;0
platini;1;0;0;0;0;0;0;0;2
plate_forme;0;0;0;3;0;0;0;0;0
plastic;0;0;0;2;0;1;0;0;0
planning;0;0;0;0;0;0;0;1;2
planeur;0;0;0;3;0;0;0;0;0
plaignant;1;0;1;0;0;0;0;0;1
plaider;0;0;1;1;0;0;1;0;0
pixel;0;0;0;1;0;0;0;0;2
pitie;1;0;1;0;0;0;0;1;0
pipette;3;0;0;0;0;0;0;0;0
pincer;0;0;0;0;0;1;0;0;2
pinceau;1;0;0;0;0;0;0;0;2
pif;0;0;0;0;0;1;2;0;0
pieuvre;1;0;0;1;0;0;0;0;1
pie;0;0;0;1;0;0;0;0;2
pichon;2;0;0;0;0;0;0;0;1
pichet;2;0;0;0;0;0;0;0;1
photoshop;0;0;0;1;0;0;2;0;0
phoenix;0;0;0;1;0;0;1;0;1
philo;0;0;0;0;0;0;3;0;0
philippin;1;1;0;0;0;0;1;0;0
pharmacien;0;0;0;2;0;0;1;0;0
pfister;0;0;1;1;0;0;0;0;1
peuve;0;0;0;2;0;1;0;0;0
pete;1;0;1;1;0;0;0;0;0
perspicacité;0;0;0;1;0;0;2;0;0
persistant;0;0;0;2;0;0;0;0;1
pernoud;1;0;0;0;0;0;0;0;2
permissif;0;0;1;0;0;0;1;0;1
perforer;2;0;0;0;0;1;0;0;0
perfectionner;1;0;1;1;0;0;0;0;0
percuter;0;0;1;1;0;0;0;1;0
perclus;1;0;0;0;0;0;1;0;1
perceptible;0;0;0;2;0;0;1;0;0
penseur;1;0;0;0;1;0;1;0;0
pendulaire;1;0;0;1;0;0;1;0;0
pedocriminalité;0;0;0;0;0;0;2;0;1
pe;0;0;2;1;0;0;0;0;0
pcque;1;0;0;0;0;0;0;1;1
paz;0;0;0;1;0;0;1;0;1
pavlovien;0;0;0;0;0;0;3;0;0
paume;0;0;0;3;0;0;0;0;0
pathogènes;0;0;0;2;1;0;0;0;0
passible;0;0;2;0;0;0;1;0;0
passation;2;0;0;0;0;0;0;0;1
partner;0;0;0;2;0;0;0;0;1
park;2;0;0;0;1;0;0;0;0
parcqu;0;0;2;0;0;0;0;0;1
parasol;0;0;0;0;0;1;0;0;2
paraphraser;0;0;0;1;0;0;2;0;0
paranoïaque;0;0;1;0;0;0;0;0;2
paralysie;0;0;0;0;0;0;0;0;3
parage;1;0;0;0;1;0;0;1;0
paradise;2;0;0;0;0;0;0;0;1
parade;2;0;0;1;0;0;0;0;0
paquebot;0;0;0;3;0;0;0;0;0
pappé;0;0;2;0;0;0;1;0;0
paperasse;0;0;0;2;0;0;0;0;1
pap;2;0;0;0;0;0;0;1;0
pantin;0;0;1;1;0;0;1;0;0
panacée;0;0;0;2;0;0;1;0;0
panache;1;0;0;1;0;0;0;0;1
palmier;0;0;0;2;0;1;0;0;0
palestoche;0;0;3;0;0;0;0;0;0
pakistanais;0;0;1;2;0;0;0;0;0
pagande;0;0;3;0;0;0;0;0;0
oxygène;0;0;0;1;0;1;0;0;1
ovomaltine;3;0;0;0;0;0;0;0;0
over;1;0;0;1;0;0;0;1;0
ouuu;0;0;0;1;0;1;0;0;1
outfit;3;0;0;0;0;0;0;0;0
oulah;0;0;0;0;0;0;1;0;2
oufff;1;0;0;1;0;1;0;0;0
oubliette;0;0;1;1;0;0;0;0;1
osseux;1;0;0;1;0;0;0;0;1
osselet;3;0;0;0;0;0;0;0;0
orthographique;1;0;0;0;0;0;2;0;0
orthodoxe;0;0;2;1;0;0;0;0;0
orphelinat;1;0;0;0;0;0;0;1;1
originalité;1;0;0;0;0;1;1;0;0
ordis;0;0;1;0;0;0;1;0;1
orchestre;2;0;1;0;0;0;0;0;0
opératoire;0;0;1;0;0;1;0;0;1
opulence;1;0;0;0;0;0;0;0;2
opticien;0;0;0;1;0;0;1;0;1
ooooooh;2;0;0;0;0;0;1;0;0
ooooh;2;0;0;0;0;0;0;0;1
ooo;1;0;0;2;0;0;0;0;0
onlyfan;0;0;0;0;0;0;1;2;0
oman;0;0;2;1;0;0;0;0;0
ols;0;0;1;1;0;0;1;0;0
olfactif;0;0;0;2;0;0;0;0;1
oleur;0;0;1;0;0;1;0;0;1
ol;0;1;0;1;0;0;0;0;1
oisiveté;0;0;0;1;0;0;1;0;1
offrande;2;0;0;1;0;0;0;0;0
officialiser;0;0;1;0;0;1;1;0;0
occasionnellement;0;0;0;1;0;0;1;0;1
obéissance;0;0;0;1;0;0;0;0;2
obus;1;0;1;1;0;0;0;0;0
obtempérer;0;0;1;0;0;1;0;0;1
obstacle;0;0;0;2;0;0;0;1;0
obscène;0;0;1;1;0;0;0;0;1
obama;0;0;3;0;0;0;0;0;0
néophyte;1;0;0;0;0;0;2;0;0
néologisme;0;0;0;1;0;0;1;0;1
nutritionniste;0;0;0;0;1;0;1;1;0
nutrition;1;0;0;0;0;0;1;0;1
nutritif;0;0;0;1;1;0;0;0;1
nuageux;0;0;0;1;0;0;0;0;2
nsdap;0;0;0;0;0;1;0;0;2
novateur;2;0;0;0;0;0;0;0;1
nourrissage;0;0;0;0;3;0;0;0;0
nou;2;0;0;0;0;0;0;0;1
notres;1;0;0;0;0;0;0;0;2
normalisé;0;0;0;0;0;1;2;0;0
normalisation;0;0;1;1;0;0;0;1;0
non_sens;0;0;0;3;0;0;0;0;0
nobels;0;0;0;1;0;0;1;0;1
nneries;1;0;0;1;0;0;0;0;1
nimp;1;0;0;0;0;1;0;0;1
nicoud;1;0;0;0;0;0;0;2;0
nicod;0;0;0;2;0;0;0;0;1
niaminacide;0;0;0;1;0;0;0;0;2
niais;1;0;0;0;0;0;1;1;0
new_waves;3;0;0;0;0;0;0;0;0
neutraliser;0;0;0;0;0;0;2;0;1
neutral;0;0;3;0;0;0;0;0;0
neurotoxique;0;0;0;3;0;0;0;0;0
neuro;0;0;0;1;0;0;0;0;2
neta;0;0;3;0;0;0;0;0;0
neonazis;0;0;1;1;0;0;1;0;0
nee;1;0;0;1;0;0;0;0;1
necessaire;1;1;0;0;0;0;0;0;1
neanderthalensis;0;0;3;0;0;0;0;0;0
ndoye;3;0;0;0;0;0;0;0;0
naviguer;0;0;1;2;0;0;0;0;0
nationalisme;0;0;0;0;0;0;1;0;2
nathan;2;0;1;0;0;0;0;0;0
nassé;0;0;1;0;0;0;0;0;2
nada;0;0;0;1;0;0;1;0;1
mézières;2;0;0;1;0;0;0;0;0
méprendre;0;0;0;0;0;0;2;0;1
mémo;0;0;0;2;0;0;1;0;0
mélanie;2;0;0;0;0;0;0;0;1
méhari;3;0;0;0;0;0;0;0;0
méfiant;0;0;0;0;1;0;0;0;2
méditation;0;0;0;1;0;0;0;0;2
mécréant;0;0;0;1;0;0;0;0;2
méconnaissable;1;0;0;0;0;0;0;0;2
mécano;0;0;1;0;0;0;0;1;1
mâchefers;0;0;0;2;0;0;1;0;0
mythologie;0;0;0;0;0;0;2;0;1
mysogine;0;0;0;0;0;0;1;0;2
myope;0;0;0;2;0;0;0;0;1
mutter;1;0;0;1;0;0;1;0;0
mutilation;0;0;1;1;1;0;0;0;0
music;0;0;1;0;0;0;0;0;2
museau;1;0;0;0;0;0;1;0;1
musculation;1;0;0;1;0;0;1;0;0
musculaire;0;0;0;0;0;0;0;1;2
murmurer;1;0;0;1;0;0;0;0;1
murat;1;0;0;1;0;0;0;0;1
muraille;0;0;0;1;0;1;0;0;1
multirécidiviste;0;0;0;2;0;0;0;0;1
mullet;1;0;0;1;0;0;1;0;0
mst;1;0;0;1;0;1;0;0;0
moutier;0;0;1;1;0;0;1;0;0
mousser;0;0;0;0;0;0;3;0;0
mourant;0;0;0;1;0;0;0;0;2
moumoute;2;0;0;1;0;0;0;0;0
mouillé;0;1;0;1;0;0;1;0;0
mouai;0;0;0;1;0;0;0;0;2
moscou;3;0;0;0;0;0;0;0;0
mortifère;0;0;0;2;0;0;0;0;1
morphologie;0;0;0;0;0;0;0;1;2
morgue;0;0;0;1;0;1;0;0;1
morfler;0;0;0;0;0;1;1;0;1
morel;3;0;0;0;0;0;0;0;0
monétiser;0;0;0;0;0;0;1;0;2
montpellier;0;0;0;2;0;0;1;0;0
montbenon;2;0;0;0;0;0;0;0;1
mont_blanc;1;0;0;1;0;0;1;0;0
monologue;0;0;0;0;0;0;2;0;1
mono;1;1;0;0;0;0;0;0;1
monique;0;0;0;2;0;0;0;0;1
mollet;3;0;0;0;0;0;0;0;0
module;0;1;0;1;0;0;1;0;0
model;0;0;0;1;0;0;0;0;2
mod;0;0;0;1;0;0;1;0;1
mmh;0;0;1;0;0;0;0;1;1
mma;1;0;0;0;0;0;0;0;2
mixité;0;0;0;0;0;0;0;2;1
mixer;1;0;0;1;0;1;0;0;0
miteux;1;0;0;2;0;0;0;0;0
missionnaire;0;0;0;1;0;0;0;0;2
miraculeux;0;0;0;2;0;0;0;0;1
mini_jupe;1;0;0;0;0;0;0;0;2
minage;0;0;0;3;0;0;0;0;0
millards;0;0;0;3;0;0;0;0;0
militarisation;0;0;0;1;0;0;1;1;0
militairement;0;0;2;0;0;0;1;0;0
milicien;0;0;2;1;0;0;0;0;0
mieu;0;0;0;0;0;0;0;1;2
michelle;3;0;0;0;0;0;0;0;0
mhh;0;0;2;0;0;0;0;0;1
metre;0;0;2;0;0;0;0;0;1
metal;2;1;0;0;0;0;0;0;0
messieur;1;0;1;1;0;0;0;0;0
messianique;0;0;1;0;0;0;2;0;0
messager;0;0;1;0;0;0;1;0;1
merd;1;0;0;1;0;0;0;0;1
menuisier;0;0;0;1;0;0;1;1;0
menstruées;0;0;0;1;0;0;0;1;1
menopause;0;1;0;0;1;0;0;0;1
mene;0;0;0;1;0;0;0;0;2
mendiant;0;0;0;2;0;0;0;0;1
menage;1;0;0;0;0;0;0;0;2
melange;1;0;0;1;0;0;0;0;1
medecin;0;0;0;1;0;0;0;0;2
mechant;1;0;0;1;0;0;0;1;0
mea_culpa;0;0;0;1;0;1;0;0;1
mccartney;1;0;0;1;0;0;1;0;0
mazda;0;0;0;2;1;0;0;0;0
maxime;1;0;0;1;0;0;0;0;1
matrix;1;0;0;0;0;0;2;0;0
matraquage;1;0;0;0;0;0;2;0;0
masturber;1;0;1;0;0;0;0;1;0
masser;0;0;3;0;0;0;0;0;0
mass;0;0;2;1;0;0;0;0;0
mascotte;2;0;0;0;0;0;0;0;1
martina;3;0;0;0;0;0;0;0;0
marteau;2;0;0;0;0;1;0;0;0
marrakech;0;0;1;1;0;1;0;0;0
marino;0;0;2;1;0;0;0;0;0
margoulin;0;0;0;1;0;1;0;0;1
marchandisation;1;0;0;0;0;0;2;0;0
marbre;0;0;0;1;0;0;2;0;0
map;1;0;0;2;0;0;0;0;0
manzo;0;0;2;0;0;0;1;0;0
manquement;0;0;1;0;0;0;1;0;1
manivelle;1;0;0;1;0;1;0;0;0
mangeur;0;0;0;2;0;0;0;0;1
mangeable;0;0;0;1;1;1;0;0;0
manga;2;0;0;0;0;0;0;1;0
mandela;0;0;1;0;0;0;1;0;1
malthusianisme;1;1;0;0;0;0;0;0;1
malmö;0;0;0;3;0;0;0;0;0
malheuresement;0;0;0;0;0;2;0;0;1
malformations;0;0;0;0;0;0;0;1;2
major;0;0;1;1;0;0;0;0;1
maitrise;0;0;0;0;0;0;2;0;1
maitresse;2;0;0;0;0;0;0;1;0
magnétique;0;0;0;1;0;0;0;0;2
magner;2;0;0;0;0;1;0;0;0
magicien;1;0;1;0;0;0;1;0;0
maggi;3;0;0;0;0;0;0;0;0
machiste;0;0;0;0;0;0;0;1;2
macgyver;1;0;0;1;0;0;0;0;1
m3;1;0;0;1;0;1;0;0;0
létalité;0;0;1;1;0;0;0;0;1
léser;0;0;0;0;0;0;1;1;1
léo;2;0;0;0;0;0;1;0;0
légitimement;0;0;0;2;0;0;0;1;0
législations;0;0;0;2;0;0;0;0;1
légalisation;0;0;1;1;0;0;0;0;1
lyan;1;0;1;1;0;0;0;0;0
luter;0;0;0;1;0;0;1;0;1
lumpi;1;0;0;0;1;0;1;0;0
luisier;1;0;0;2;0;0;0;0;0
lubie;0;0;0;1;0;0;2;0;0
lpp;0;0;0;3;0;0;0;0;0
loyal;0;0;1;1;0;0;0;0;1
loupe;0;0;0;0;0;0;0;0;3
louise;1;0;0;0;0;1;0;1;0
loris;1;0;0;0;0;0;2;0;0
lord;1;0;1;0;0;0;0;0;1
lola;0;0;0;0;0;0;0;1;2
loire;1;0;0;1;0;0;1;0;0
locatif;0;0;0;1;0;0;0;0;2
lla;0;0;2;0;0;1;0;0;0
lituanie;0;0;2;0;0;0;0;0;1
linkedin;0;0;0;1;0;1;1;0;0
linguiste;1;0;0;0;0;1;1;0;0
lingerie;0;1;0;2;0;0;0;0;0
line;2;0;1;0;0;0;0;0;0
limpide;0;0;0;1;0;0;1;0;1
limousin;0;0;0;3;0;0;0;0;0
limonade;1;0;0;1;0;0;0;0;1
lieutenant;0;0;0;1;0;0;0;0;2
liechtenstein;0;0;2;1;0;0;0;0;0
licence;0;0;0;1;0;0;1;0;1
libéralisation;0;0;0;2;0;0;1;0;0
libido;0;0;0;2;0;0;0;0;1
liberte;1;0;1;1;0;0;0;0;0
liberer;0;0;2;0;0;0;1;0;0
liberale;0;0;0;1;0;0;1;0;1
lgbtqia;0;0;2;0;0;0;1;0;0
lexique;0;0;2;0;0;0;1;0;0
level;2;0;0;1;0;0;0;0;0
leurrer;0;0;1;0;0;0;0;0;2
leste;1;0;0;0;0;1;0;0;1
lepen;0;0;0;0;0;1;1;0;1
lennon;0;0;0;2;0;0;1;0;0
legumes;1;0;0;2;0;0;0;0;0
ledit;0;0;0;1;0;0;1;0;1
lead;1;0;0;1;0;1;0;0;0
ldc;0;0;0;3;0;0;0;0;0
lavoc;0;0;0;1;0;0;2;0;0
lave_linge;1;1;0;1;0;0;0;0;0
lauréat;0;0;0;1;0;0;1;0;1
latte;2;0;0;0;0;0;0;0;1
latino;0;0;0;1;0;2;0;0;0
lassitude;0;0;0;1;0;0;2;0;0
lasser;0;0;0;0;0;0;1;1;1
laser;0;0;0;2;0;0;0;0;1
larousse;0;0;1;0;1;0;1;0;0
laponie;1;0;0;1;0;0;1;0;0
lao;0;0;2;1;0;0;0;0;0
lanusse;1;0;0;1;0;0;1;0;0
lancy;2;0;0;1;0;0;0;0;0
lampadaire;0;0;0;0;0;1;1;1;0
lama;0;0;0;1;0;0;1;0;1
lady;2;0;0;0;0;1;0;0;0
ladite;0;0;0;1;0;0;2;0;0
lacrymos;0;0;3;0;0;0;0;0;0
lacrimo;0;0;0;1;0;0;0;0;2
lacher;1;0;0;0;0;0;0;0;2
laborieux;0;0;0;3;0;0;0;0;0
labite;2;0;0;1;0;0;0;0;0
kwh;0;0;1;2;0;0;0;0;0
kv;1;0;0;2;0;0;0;0;0
kurt;3;0;0;0;0;0;0;0;0
ku;0;0;2;0;0;0;0;0;1
kosovars;0;0;1;1;0;0;1;0;0
kim;2;0;0;0;0;0;0;0;1
kills;0;0;0;0;2;1;0;0;0
kid;2;0;0;0;0;0;1;0;0
khagn;3;0;0;0;0;0;0;0;0
kennedy;0;0;0;2;0;0;1;0;0
kate;0;0;0;1;0;0;2;0;0
karting;0;0;0;2;0;0;1;0;0
kart;1;0;0;2;0;0;0;0;0
kamikaze;0;0;2;1;0;0;0;0;0
juventus;0;0;0;1;0;0;0;0;2
jussy;0;0;0;3;0;0;0;0;0
jung;0;0;0;0;0;1;1;0;1
julot;3;0;0;0;0;0;0;0;0
julie;1;0;0;0;0;0;1;1;0
jul;1;0;0;0;0;0;0;0;2
ju;2;0;0;0;0;0;0;0;1
joyeuseté;0;0;0;3;0;0;0;0;0
joyau;0;0;0;1;0;0;0;0;2
journalier;0;0;0;1;0;0;1;1;0
josiane;2;0;0;0;0;0;0;0;1
jones;2;0;0;0;0;0;0;0;1
joncher;0;0;0;2;0;0;0;0;1
johnny;1;0;0;1;0;0;0;0;1
jodie;3;0;0;0;0;0;0;0;0
jimagine;1;0;0;0;1;0;1;0;0
jihad;0;0;3;0;0;0;0;0;0
jeunette;2;0;0;0;0;0;0;0;1
jenish;0;0;0;0;0;1;1;0;1
jeanne;0;0;1;1;0;1;0;0;0
jdis;0;0;0;0;0;0;0;0;3
jason;1;0;0;0;0;0;0;0;2
jaser;0;0;0;0;0;0;0;0;3
jardinage;0;0;0;0;0;0;0;1;2
james;1;0;0;1;0;0;0;0;1
jamais_vu;0;0;0;1;0;1;0;0;1
jaguar;1;0;0;2;0;0;0;0;0
ivre;1;0;0;1;0;0;0;0;1
italian;1;1;0;0;0;0;1;0;0
italia;1;1;0;1;0;0;0;0;0
isr;0;0;2;0;0;1;0;0;0
isl;1;0;2;0;0;0;0;0;0
isis;1;0;0;0;0;0;1;0;1
isf;0;0;0;3;0;0;0;0;0
irréparable;1;0;0;1;0;0;0;0;1
irréaliste;0;0;0;2;0;0;0;0;1
irriter;0;1;0;1;0;0;0;0;1
irrespirable;0;0;0;3;0;0;0;0;0
irremplaçable;0;0;0;0;0;0;2;0;1
irrationnel;0;0;0;3;0;0;0;0;0
irma;0;0;0;2;0;0;1;0;0
iraq;0;0;2;0;0;1;0;0;0
iphones;1;0;0;2;0;0;0;0;0
inéquitable;0;0;0;1;0;0;0;1;1
inéluctable;1;0;0;1;0;0;0;0;1
inéduqué;0;0;2;0;0;0;0;1;0
inédit;0;0;1;0;0;0;1;0;1
inversion;0;0;0;0;0;0;2;0;1
inutilité;1;0;0;0;0;0;0;1;1
intérioriser;0;0;1;0;0;0;0;2;0
intrigue;2;0;0;0;0;0;1;0;0
interrogation;0;0;0;0;0;0;2;0;1
interpellation;0;0;0;2;0;0;0;0;1
intermittence;0;0;0;2;0;0;1;0;0
interface;0;0;0;1;0;0;1;0;1
interessante;0;0;1;0;0;0;2;0;0
intercepter;0;0;2;1;0;0;0;0;0
intenable;1;0;0;1;0;0;0;0;1
instrumentalisé;0;0;1;0;0;0;2;0;0
instrumentaliser;0;0;3;0;0;0;0;0;0
instrumentalisation;0;0;1;1;0;1;0;0;0
institutionnelles;0;0;1;1;0;0;0;1;0
instauration;0;0;1;0;0;0;2;0;0
inspi;1;0;0;0;0;1;1;0;0
insomnie;0;1;0;1;0;0;0;0;1
insolite;2;0;0;0;0;0;1;0;0
inscription;0;0;0;1;0;1;1;0;0
insatisfait;0;0;0;1;0;0;1;0;1
insatisfaction;2;0;0;0;0;0;0;0;1
insane;2;0;1;0;0;0;0;0;0
inquisition;1;0;1;0;0;0;0;0;1
injustement;0;0;2;0;0;0;0;1;0
initié;1;0;0;0;0;0;0;0;2
inhérent;0;0;0;2;0;0;0;0;1
inhumation;0;0;0;1;0;0;0;0;2
inhabituel;0;0;0;1;0;0;1;0;1
ingéniosité;1;0;1;0;1;0;0;0;0
ingénieux;1;0;0;1;0;0;0;0;1
ingurgiter;0;0;0;1;0;0;0;0;2
ingestion;0;0;0;1;0;0;0;0;2
infériorité;0;0;0;0;0;0;2;1;0
infructueux;0;0;0;0;0;1;1;0;1
influenceuse;0;0;0;0;0;0;2;0;1
infarctus;0;0;0;1;1;0;0;0;1
infaisable;0;0;0;2;0;0;0;0;1
inexplicable;0;0;2;0;0;0;1;0;0
inertie;0;0;0;2;0;0;0;0;1
indémodable;2;0;0;0;0;0;0;0;1
indéfiniment;0;0;0;2;0;0;1;0;0
indécence;0;0;1;1;0;0;0;1;0
industrialisation;0;0;0;2;0;0;1;0;0
indu;0;0;0;2;0;1;0;0;0
individualisme;1;0;0;2;0;0;0;0;0
indiscret;0;0;0;0;0;0;1;0;2
indicatif;2;0;0;0;0;0;0;0;1
index;0;0;1;2;0;0;0;0;0
indemnisation;0;0;0;2;0;1;0;0;0
inculquer;0;0;0;0;0;0;1;0;2
incorporer;0;1;0;1;1;0;0;0;0
inconsolable;0;0;2;0;0;0;1;0;0
inconsciemment;2;0;0;1;0;0;0;0;0
inconforts;1;0;0;0;0;0;0;0;2
inconfort;0;0;0;1;0;0;1;0;1
inconcevable;1;0;0;1;0;0;1;0;0
incompris;1;0;0;0;0;0;0;0;2
inclus;1;0;0;0;0;0;1;0;1
incivilité;0;0;0;1;0;0;0;0;2
incarnation;0;0;2;0;0;0;1;0;0
incarcération;0;0;1;0;0;0;1;0;1
incalculable;0;0;2;1;0;0;0;0;0
inauguration;1;0;0;1;0;0;1;0;0
inaudible;0;0;0;0;0;1;0;0;2
inadéquat;0;0;1;0;0;0;0;1;1
imprévu;0;0;0;2;0;0;0;0;1
improbable;0;0;1;2;0;0;0;0;0
impraticable;1;0;0;1;0;0;1;0;0
importuner;0;0;0;1;0;0;0;0;2
impopulaire;0;0;0;2;0;0;0;0;1
implorer;0;0;0;1;0;0;0;0;2
implant;0;0;0;2;0;0;0;1;0
impatient;1;0;1;1;0;0;0;0;0
impardonnable;0;0;1;0;0;0;1;0;1
immuable;0;0;1;0;0;0;0;0;2
immersion;1;0;0;2;0;0;0;0;0
imbecile;0;0;1;0;0;0;0;0;2
imbattable;1;0;1;1;0;0;0;0;0
imaginable;0;0;0;0;0;0;1;0;2
ily;0;0;0;2;0;0;0;0;1
ilsuser_utilisateurice;1;0;0;1;0;0;0;0;1
illustré;1;0;1;0;0;0;1;0;0
illusoire;0;0;0;1;0;0;0;1;1
ilan;0;0;2;0;0;0;1;0;0
ignazio;0;0;3;0;0;0;0;0;0
ifd;0;0;0;3;0;0;0;0;0
iech;1;0;1;0;0;1;0;0;0
idolâtrer;1;0;0;0;0;0;1;1;0
idiome;0;0;0;0;0;0;2;0;1
ide;1;0;0;1;0;0;0;0;1
icekiid;0;0;2;1;0;0;0;0;0
iban;0;0;0;1;0;0;2;0;0
ib;0;0;3;0;0;0;0;0;0
hétérogène;0;0;0;2;0;0;0;0;1
hébreu;0;0;2;0;0;0;0;0;1
hâtif;0;0;0;0;0;0;2;0;1
hypothèque;0;0;0;3;0;0;0;0;0
hypnose;0;0;0;0;0;0;0;1;2
hypersensible;0;0;0;0;0;0;1;0;2
hydraulique;0;0;0;3;0;0;0;0;0
hybride;0;0;0;1;1;0;1;0;0
hyacinthe;2;0;0;1;0;0;0;0;0
hummm;3;0;0;0;0;0;0;0;0
humiliant;0;0;0;0;0;0;1;0;2
humblement;1;0;0;1;0;0;0;0;1
human;0;0;3;0;0;0;0;0;0
huilé;2;0;0;0;1;0;0;0;0
hr;0;0;1;1;0;0;0;0;1
hpe;0;0;0;0;0;0;1;1;1
house;0;0;1;1;0;0;0;0;1
hors_la_loi;0;0;0;3;0;0;0;0;0
horriblement;1;0;0;2;0;0;0;0;0
horde;0;0;2;1;0;0;0;0;0
hooligan;0;0;0;1;0;1;1;0;0
hoodie;0;0;0;0;0;0;0;0;3
hollywoodien;0;0;0;2;0;0;1;0;0
hollandais;0;0;1;0;0;0;2;0;0
holcim;1;0;0;2;0;0;0;0;0
hobbys;0;0;0;0;0;0;3;0;0
hiérarchique;0;0;0;2;0;0;1;0;0
hin;1;0;0;1;0;0;1;0;0
high_tech;1;1;0;1;0;0;0;0;0
hiberner;1;0;0;1;0;0;0;0;1
hh;1;0;0;0;0;0;2;0;0
het;0;0;0;0;0;2;0;0;1
hero;1;0;0;1;0;0;0;0;1
hermétique;0;0;0;1;0;0;0;0;2
heriter;0;0;0;3;0;0;0;0;0
here;1;0;2;0;0;0;0;0;0
herboristerie;1;0;0;0;0;1;1;0;0
herboriste;1;0;0;0;0;2;0;0;0
her;3;0;0;0;0;0;0;0;0
helvète;0;0;0;1;0;0;0;1;1
hell;0;0;0;1;0;1;0;0;1
heheh;2;0;0;1;0;0;0;0;0
hebdomadaire;0;0;0;3;0;0;0;0;0
healthy;1;0;0;1;0;0;0;0;1
haïtien;2;0;0;0;0;0;0;0;1
haye;0;0;2;0;0;0;0;0;1
haroun;1;0;0;0;0;0;1;0;1
harisson;3;0;0;0;0;0;0;0;0
hardeux;1;0;1;1;0;0;0;0;0
harceleurs;0;0;2;0;0;0;0;0;1
hameau;0;0;0;1;0;0;0;1;1
hambourg;1;0;1;0;0;1;0;0;0
ham;0;0;1;0;0;1;0;0;1
haller;3;0;0;0;0;0;0;0;0
halle;1;0;0;1;0;0;0;1;0
haleine;0;0;0;2;0;0;0;0;1
hahahahah;1;0;0;0;0;0;0;0;2
haché;0;0;0;0;0;2;1;0;0
habité;0;0;0;1;0;1;0;0;1
habib;0;0;3;0;0;0;0;0;0
haarp;0;0;0;1;0;0;2;0;0
h0h;0;0;0;2;0;0;1;0;0
géothermie;0;0;0;3;0;0;0;0;0
géographiquement;1;0;1;1;0;0;0;0;0
géo;0;0;0;1;0;0;2;0;0
génocider;0;0;3;0;0;0;0;0;0
gymnastique;0;0;1;0;0;0;1;0;1
gueuleton;0;0;1;0;0;1;1;0;0
gti;1;0;0;0;0;1;1;0;0
gstaad;1;0;0;0;0;0;1;1;0
group;0;0;0;3;0;0;0;0;0
grosso_modo;0;0;0;3;0;0;0;0;0
grison;1;0;0;1;0;0;1;0;0
griselidis;1;0;0;0;0;0;1;1;0
grincer;1;0;0;0;0;1;1;0;0
grimentz;0;0;1;1;0;0;1;0;0
grille;0;0;0;0;0;0;0;0;3
grillade;1;0;0;1;0;0;0;0;1
griffe;0;0;1;0;0;0;0;0;2
greffer;0;0;0;1;0;0;0;0;2
greffe;0;0;0;1;0;0;0;0;2
gre;0;0;0;0;0;2;1;0;0
gravier;0;0;0;2;0;0;0;0;1
gravats;0;0;3;0;0;0;0;0;0
gratin;1;0;0;2;0;0;0;0;0
grappe;0;0;0;1;0;0;0;0;2
graphistes;0;0;0;3;0;0;0;0;0
graphique;0;0;0;1;0;0;0;1;1
gran;2;0;0;1;0;0;0;0;0
gracieusement;0;0;1;2;0;0;0;0;0
goulag;1;0;1;0;1;0;0;0;0
got;0;0;1;0;0;0;1;1;0
gonflé;2;0;0;0;0;0;0;1;0
golfe;0;0;2;1;0;0;0;0;0
golan;0;0;3;0;0;0;0;0;0
globalité;0;0;0;1;0;0;1;1;0
glissant;0;0;0;2;0;0;0;0;1
gislaine;3;0;0;0;0;0;0;0;0
giratoire;1;0;0;1;0;0;0;0;1
ginette;2;0;0;0;0;0;0;0;1
gibraltar;0;0;2;1;0;0;0;0;0
ghetto;1;0;0;0;0;0;1;0;1
geôle;0;0;3;0;0;0;0;0;0
gex;0;0;0;2;0;0;0;0;1
get;0;0;0;0;0;0;1;1;1
genz;1;0;0;1;0;0;0;0;1
gentrification;0;0;0;1;0;0;2;0;0
genrées;0;2;0;0;0;0;0;0;1
genocidaires;0;0;2;0;0;0;0;0;1
geno;0;0;3;0;0;0;0;0;0
genius;2;0;0;1;0;0;0;0;0
geniale;1;0;0;0;0;0;1;0;1
gazé;0;0;1;1;0;0;0;0;1
gavazzeni;0;0;1;1;0;0;1;0;0
gateau;0;0;0;0;0;3;0;0;0
gastronomique;0;0;0;0;0;1;1;0;1
garagiste;0;0;0;1;0;0;1;0;1
gallo;0;0;0;1;0;0;2;0;0
galette;1;0;0;2;0;0;0;0;0
gale;0;0;0;0;2;0;0;0;1
gaieté;2;0;1;0;0;0;0;0;0
gabet;1;0;0;0;0;1;1;0;0
g3nocide;0;0;3;0;0;0;0;0;0
féroce;1;0;1;1;0;0;0;0;0
fédéralisme;0;0;1;1;0;0;0;1;0
fuyard;0;0;1;1;0;0;1;0;0
futé;1;0;1;1;0;0;0;0;0
futilité;0;0;0;0;0;0;1;1;1
fusion;0;0;0;2;0;0;1;0;0
fusillade;0;0;0;1;0;1;0;0;1
fureur;2;0;0;1;0;0;0;0;0
fuiter;0;0;3;0;0;0;0;0;0
fu;0;0;0;2;0;0;1;0;0
fréquemment;0;0;0;1;1;0;0;0;1
frémir;0;0;0;0;0;1;1;0;1
frouz;1;0;0;1;0;0;1;0;0
frottement;0;0;0;3;0;0;0;0;0
froideur;1;0;0;1;0;1;0;0;0
frire;0;0;0;3;0;0;0;0;0
frique;0;0;0;2;0;0;0;0;1
friedman;0;0;0;1;0;0;2;0;0
friday;0;0;1;2;0;0;0;0;0
frelon;0;0;0;3;0;0;0;0;0
freinage;0;1;0;1;0;0;0;0;1
fred;1;0;0;0;0;1;1;0;0
frayeur;1;0;0;0;1;0;0;0;1
frauder;0;0;0;1;0;0;0;0;2
fraternité;2;1;0;0;0;0;0;0;0
frank;0;0;1;0;1;0;0;0;1
fracturer;0;0;0;1;0;0;0;0;2
fouteur;0;0;1;1;0;0;0;0;1
fourberie;0;0;1;2;0;0;0;0;0
foulle;0;0;2;0;0;1;0;0;0
foufoune;0;2;0;0;0;0;1;0;0
fouetter;0;0;0;0;1;1;0;0;1
fossoyeur;1;0;0;1;0;0;1;0;0
forza;3;0;0;0;0;0;0;0;0
forum;1;0;0;0;0;0;1;0;1
formalité;0;0;0;2;0;0;0;0;1
forer;0;0;0;3;0;0;0;0;0
fondant;1;0;0;0;0;0;1;0;1
foncièrement;0;0;0;0;2;0;1;0;0
follow;0;0;2;0;0;0;1;0;0
foison;0;0;1;0;0;0;1;0;1
flâner;0;0;0;3;0;0;0;0;0
flot;0;0;0;1;0;1;1;0;0
florissant;0;0;0;1;0;0;2;0;0
flon;1;0;0;1;0;0;0;0;1
fleurier;3;0;0;0;0;0;0;0;0
flegme;0;0;0;2;0;0;0;0;1
flaque;0;0;1;0;0;0;1;0;1
flambée;1;0;0;2;0;0;0;0;0
flamber;0;0;0;3;0;0;0;0;0
fivem;0;1;0;1;0;0;0;0;1
fitness;2;1;0;0;0;0;0;0;0
fischer;3;0;0;0;0;0;0;0;0
filon;0;0;0;0;0;0;1;1;1
fiji;0;0;0;3;0;0;0;0;0
figuré;1;0;0;2;0;0;0;0;0
fiel;1;0;0;0;2;0;0;0;0
fiancé;1;0;0;1;0;0;0;0;1
fevrier;0;0;0;1;0;1;0;0;1
feutré;0;0;0;2;0;0;0;0;1
feuilleton;2;0;0;0;0;0;0;0;1
fete;1;0;0;0;0;0;0;0;2
festif;0;0;0;1;0;0;0;0;2
fessée;0;0;0;0;0;1;0;0;2
ferveur;1;0;0;0;0;0;1;1;0
ferraille;1;0;0;1;0;1;0;0;0
fernandel;0;0;0;0;0;1;2;0;0
fermier;1;0;0;1;1;0;0;0;0
fermentation;0;0;0;2;0;0;1;0;0
feraille;1;0;1;0;0;0;0;0;1
feministes;0;0;1;0;1;0;1;0;0
federal;0;0;0;2;0;0;1;0;0
fcpa;0;0;0;3;0;0;0;0;0
favre;1;0;0;0;0;0;0;0;2
fausser;0;0;1;2;0;0;0;0;0
fardeau;1;0;0;1;0;0;0;1;0
fantasque;1;0;0;1;0;0;0;0;1
falsifier;0;0;0;2;0;0;1;0;0
factoriel;0;0;0;2;0;0;1;0;0
fabrice;3;0;0;0;0;0;0;0;0
f18;0;0;0;2;0;0;1;0;0
exécrable;0;0;0;1;0;0;0;1;1
extrème;0;0;1;1;0;0;1;0;0
extravagance;2;0;0;1;0;0;0;0;0
extraterrestre;0;0;0;2;0;0;0;0;1
extrapoler;0;0;0;0;0;0;1;0;2
extraordinairement;2;0;0;0;0;0;0;0;1
extorsion;0;0;1;1;0;0;0;0;1
exterieur;0;0;0;1;0;1;0;0;1
extase;0;0;0;0;0;1;0;0;2
expérimenté;0;0;0;1;0;0;0;0;2
expérimenter;0;0;0;2;0;0;0;0;1
expérimentation;0;0;0;2;0;1;0;0;0
expérimental;0;0;0;1;0;0;2;0;0
expédier;0;0;0;1;1;0;0;0;1
expropriation;0;0;1;2;0;0;0;0;0
exploration;0;0;0;3;0;0;0;0;0
expirer;0;0;0;1;0;1;0;0;1
exorciste;0;0;0;0;0;1;2;0;0
existance;0;0;1;1;0;0;0;1;0
exigeance;0;0;0;1;0;0;0;0;2
exhorter;0;0;2;0;0;0;0;0;1
exhibition;1;0;0;0;0;0;0;1;1
exemption;0;1;0;2;0;0;0;0;0
excédent;0;0;0;3;0;0;0;0;0
excrément;0;0;0;1;0;1;1;0;0
exaspérer;0;0;0;1;0;1;0;0;1
evo;0;0;0;2;0;0;1;0;0
evian;1;0;0;2;0;0;0;0;0
everything;1;0;0;0;0;2;0;0;0
evelyne;3;0;0;0;0;0;0;0;0
eveiller;0;0;2;0;0;1;0;0;0
euses;0;0;0;2;0;0;1;0;0
euse;1;0;0;0;0;0;1;1;0
euhh;1;0;0;1;0;0;0;0;1
eugénie;0;0;0;1;0;0;1;0;1
eté;0;0;0;2;0;0;1;0;0
etude;0;0;0;1;0;0;1;1;0
etrangers;1;0;0;0;0;0;1;1;0
etouffe;1;0;0;1;0;1;0;0;0
etonne;1;0;0;1;0;0;0;0;1
etonnant;0;0;1;2;0;0;0;0;0
etiez;0;0;0;1;0;0;1;0;1
etienne;1;0;1;0;0;0;1;0;0
etcc;0;0;1;1;0;0;0;0;1
et_cetera;1;0;0;0;0;0;0;0;2
estonie;0;0;3;0;0;0;0;0;0
esquive;0;0;0;1;0;0;1;0;1
esquisse;0;0;1;1;0;0;1;0;0
esperons;0;0;2;0;0;0;1;0;0
esclavagiste;0;0;0;1;0;0;1;0;1
erratum;2;0;0;0;0;0;1;0;0
ere;0;0;0;1;0;0;2;0;0
equateur;1;0;1;1;0;0;0;0;0
equalizer;1;0;0;0;0;0;2;0;0
epalinges;2;0;0;1;0;0;0;0;0
envahissant;0;0;0;1;1;0;0;0;1
entuber;0;0;0;2;0;0;0;1;0
entrainement;3;0;0;0;0;0;0;0;0
enter;1;0;0;2;0;0;0;0;0
ent;0;0;1;0;0;0;1;0;1
enrouler;2;0;0;0;0;0;1;0;0
enquiquiner;1;0;0;1;0;1;0;0;0
enmerder;0;0;0;1;0;1;0;0;1
enlèvement;0;0;3;0;0;0;0;0;0
enfumé;0;0;1;2;0;0;0;0;0
enflammer;0;0;0;1;0;0;2;0;0
enfaîte;0;0;0;1;0;0;0;1;1
enerve;1;0;0;1;0;0;0;0;1
enculerie;1;0;0;1;0;0;0;0;1
encrer;0;0;0;0;0;0;1;0;2
encre;0;0;1;1;0;0;0;0;1
encontre;0;0;0;0;0;0;1;0;2
enchère;1;1;0;0;0;0;0;0;1
enchaînement;2;0;0;1;0;0;0;0;0
en_catimini;0;0;2;1;0;0;0;0;0
emprisonnement;0;0;2;0;0;0;1;0;0
empiéter;0;0;0;1;1;1;0;0;0
empiriquement;0;0;0;1;0;0;2;0;0
emmêler;1;0;0;0;0;0;1;0;1
emmerdeur;3;0;0;0;0;0;0;0;0
emji_visage_avec_bandage_autour_de_la_tête;0;0;0;0;0;1;2;0;0
emji_vent_avec_visage;2;0;0;0;0;0;1;0;0
emji_urne_électorale;1;0;0;0;0;1;1;0;0
emji_tête_de_lapin;2;0;0;0;1;0;0;0;0
emji_téléviseur;2;0;0;0;0;0;1;0;0
emji_symbole_de_colère;0;0;1;1;1;0;0;0;0
emji_snowboardeur;2;0;0;0;0;0;0;0;1
emji_serpent;2;0;1;0;0;0;0;0;0
emji_sablier;1;0;1;0;0;0;0;0;1
emji_raisin;1;0;0;0;0;0;0;0;2
emji_radio;1;0;0;0;0;0;2;0;0
emji_père_noël_peau_moyennement_claire;3;0;0;0;0;0;0;0;0
emji_prince;1;0;0;0;0;0;1;0;1
emji_pomme_rouge;0;0;0;0;0;0;0;0;3
emji_poing_levé_peau_mate;0;0;3;0;0;0;0;0;0
emji_plume;1;0;0;0;0;0;2;0;0
emji_pleine_lune_avec_visage;1;0;0;0;0;0;1;0;1
emji_pierre_tombale;2;0;0;0;0;0;0;0;1
emji_personne_qui_hausse_les_épaules_peau_moyennement_claire;2;0;0;1;0;0;0;0;0
emji_personne_avec_la_paume_sur_le_visage_peau_moyennement_claire;0;0;0;1;0;1;1;0;0
emji_paume_contre_paume_doigts_vers_le_haut_peau_moyennement_claire;0;0;0;0;0;0;1;0;2
emji_ours_en_peluche;0;0;0;0;0;0;1;0;2
emji_ours;2;0;0;0;0;0;0;0;1
emji_oreille;1;0;0;0;0;0;0;0;2
emji_orang_outan;0;0;0;1;0;1;0;1;0
emji_oiseau;3;0;0;0;0;0;0;0;0
emji_nez;0;0;0;1;0;1;1;0;0
emji_mémo;0;0;2;0;0;0;1;0;0
emji_monstre_japonais;1;0;0;0;0;0;1;1;0
emji_microbe;0;1;0;1;0;0;0;0;1
emji_micro;2;0;0;1;0;0;0;0;0
emji_main_avec_index_et_pouce_croisés_peau_claire;2;0;0;0;0;0;0;0;1
emji_hérisson;2;0;0;0;1;0;0;0;0
emji_homme_âgé_peau_claire;1;0;0;0;0;0;0;0;2
emji_homme_paume_vers_le_haut_peau_claire;0;0;0;2;0;0;0;0;1
emji_hamburger;2;0;0;0;0;0;0;0;1
emji_graphique_en_hausse;0;0;0;2;0;0;0;1;0
emji_graphique_en_baisse;0;0;0;2;0;0;0;0;1
emji_globe_tourné_sur_l_asie_et_l_australie;0;0;0;0;0;0;0;0;3
emji_frites;2;0;0;0;0;0;0;0;1
emji_fraise;1;0;0;0;0;0;1;0;1
emji_fourchette_et_couteau_avec_assiette;2;0;0;1;0;0;0;0;0
emji_femmes_avec_des_oreilles_de_lapin;3;0;0;0;0;0;0;0;0
emji_drapeau_union_européenne;1;0;0;1;0;0;0;0;1
emji_drapeau_soudan;0;0;2;1;0;0;0;0;0
emji_drapeau_mali;1;0;2;0;0;0;0;0;0
emji_drapeau_liban;2;0;1;0;0;0;0;0;0
emji_drapeau_de_golf;2;0;0;1;0;0;0;0;0
emji_drapeau_cap_vert;3;0;0;0;0;0;0;0;0
emji_drapeau_canada;2;0;0;0;0;1;0;0;0
emji_drapeau_blanc;0;0;1;0;0;0;2;0;0
emji_drapeau_arc_en_ciel;0;0;0;2;0;0;1;0;0
emji_drapeau_albanie;1;0;1;1;0;0;0;0;0
emji_douche;0;1;0;0;0;0;0;0;2
emji_doigts_croisés_peau_moyennement_claire;2;0;0;0;0;0;0;0;1
emji_danseuse;1;0;0;1;0;0;0;0;1
emji_couteau_de_cuisine;1;0;1;0;0;0;0;0;1
emji_coq;1;0;0;0;2;0;0;0;0
emji_concombre;2;0;1;0;0;0;0;0;0
emji_cerises;0;0;0;1;0;1;1;0;0
emji_cercueil;2;0;0;0;0;0;1;0;0
emji_cacahuètes;1;0;1;0;0;0;0;0;1
emji_bébé;1;0;0;0;0;0;2;0;0
emji_bouton_sos;0;0;2;1;0;0;0;0;0
emji_bois;2;0;0;1;0;0;0;0;0
emji_billet_en_euros;0;0;0;2;0;0;0;0;1
emji_barre_chocolatée;1;0;0;1;0;1;0;0;0
emji_applaudissements_peau_foncée;1;0;0;0;0;0;0;0;2
emji_18_ans_et_plus;2;0;0;1;0;0;0;0;0
elysée;1;0;1;1;0;0;0;0;0
els;0;0;1;1;0;0;0;0;1
ellu;0;0;1;0;0;1;1;0;0
ella;1;0;0;0;0;0;1;0;1
ein;1;0;1;0;0;0;1;0;0
egos;1;0;0;0;0;0;0;0;2
egal;0;0;1;0;0;0;1;1;0
effigie;0;0;0;2;0;0;0;0;1
eduquer;0;0;0;0;1;0;0;2;0
educ;0;0;0;1;0;0;0;0;2
edmond;2;0;0;0;0;0;1;0;0
eden;0;0;0;2;0;0;0;0;1
ecrit;0;0;0;0;0;0;2;0;1
ecologique;1;1;0;1;0;0;0;0;0
ebay;0;0;0;2;0;0;1;0;0
easyride;0;0;0;1;0;0;2;0;0
déviation;0;0;1;0;0;0;1;0;1
dévaliser;1;0;0;1;0;0;0;1;0
détestation;0;0;1;1;0;0;0;0;1
déterrer;0;0;1;1;0;0;1;0;0
détendu;1;0;0;0;0;0;1;0;1
désolation;0;0;1;1;0;0;1;0;0
désirable;0;0;0;0;0;0;0;0;3
déshérences;0;0;1;2;0;0;0;0;0
désespérément;0;0;1;0;0;0;0;0;2
déserter;0;0;0;2;0;0;0;0;1
désavantage;0;0;1;0;0;0;1;0;1
désamorcer;1;0;0;0;0;0;2;0;0
désagrément;0;0;0;1;0;0;0;1;1
déroutant;1;0;0;0;0;0;1;0;1
déroulement;1;0;2;0;0;0;0;0;0
déroger;0;0;0;2;0;0;0;0;1
déprimé;0;0;0;1;0;0;1;0;1
dépressif;0;0;0;1;0;0;0;0;2
dépouiller;0;0;1;1;0;0;0;0;1
déposséder;0;0;0;1;0;0;0;0;2
dépositaire;0;0;1;0;0;0;1;0;1
dépité;0;0;0;0;0;0;2;0;1
dénudé;0;0;0;1;0;0;0;1;1
dénicher;3;0;0;0;0;0;0;0;0
démoniaque;1;0;0;0;0;0;2;0;0
démolir;0;0;0;0;0;0;0;0;3
démocratiser;0;0;0;1;0;0;2;0;0
démerder;0;0;0;3;0;0;0;0;0
démentir;0;0;0;0;0;0;2;0;1
démentiel;1;0;0;2;0;0;0;0;0
démasquer;1;0;0;2;0;0;0;0;0
démantèlement;0;0;1;2;0;0;0;0;0
délégué;1;0;0;0;0;0;0;0;2
déloyal;0;0;0;3;0;0;0;0;0
délocalisent;0;0;0;2;0;0;1;0;0
délivrance;1;0;0;2;0;0;0;0;0
délice;1;0;0;0;0;1;0;0;1
déj;0;0;0;0;1;1;0;0;1
dégaine;0;0;0;0;0;2;0;1;0
défectueux;0;0;1;0;0;0;1;0;1
défaveur;0;0;0;1;0;0;1;1;0
déesse;0;0;0;0;0;0;0;2;1
dédommager;0;0;0;1;0;0;1;0;1
dédain;0;0;0;1;0;0;1;0;1
décérébrer;0;0;1;2;0;0;0;0;0
décénies;0;0;0;0;0;0;0;1;2
décupler;0;0;0;1;0;0;0;2;0
déculpabiliser;0;0;0;1;0;0;0;0;2
décrédibilise;0;0;0;0;0;0;1;1;1
déchèterie;1;0;0;1;0;0;0;0;1
déchiré;1;0;1;0;0;0;0;1;0
décerner;0;0;2;0;0;0;0;0;1
déceler;0;0;0;1;0;0;1;0;1
décalé;1;0;0;1;0;0;0;0;1
débridé;0;0;1;2;0;0;0;0;0
débordant;0;0;0;1;0;1;1;0;0
débit;0;0;0;0;0;0;3;0;0
débandade;1;0;0;1;0;0;1;0;0
dys;0;0;0;0;0;0;1;0;2
dynastie;0;0;0;2;0;0;1;0;0
dutronc;1;0;0;0;0;0;1;0;1
dumping;0;0;0;2;0;0;1;0;0
duc;1;0;0;2;0;0;0;0;0
drop;1;0;0;0;0;0;1;0;1
droguerie;0;0;0;2;0;1;0;0;0
dressing;1;0;0;1;0;0;0;0;1
douille;0;0;0;2;0;0;0;0;1
doublon;0;0;0;1;0;0;1;0;1
doublage;1;0;0;0;0;1;1;0;0
doper;1;0;0;2;0;0;0;0;0
domino;0;0;1;1;0;0;0;0;1
domage;0;0;0;1;0;0;0;1;1
dolby;1;0;0;2;0;0;0;0;0
dogmatisme;0;0;0;2;0;0;1;0;0
documenté;0;0;1;1;0;0;1;0;0
doctorat;0;0;0;1;0;0;1;1;0
djihadistes;0;0;3;0;0;0;0;0;0
djihad;0;0;1;1;0;0;0;1;0
divinité;0;0;2;0;0;0;0;0;1
diverger;0;0;0;1;0;0;2;0;0
divergent;0;0;1;0;0;0;1;0;1
distingué;2;0;0;0;0;1;0;0;0
distiller;0;0;0;2;0;0;1;0;0
dissuasif;0;0;0;2;0;0;0;0;1
dispute;1;0;0;0;0;0;0;0;2
disproportion;0;0;1;0;0;0;0;1;1
dispenser;1;0;0;0;0;0;2;0;0
discréditent;0;0;2;0;0;0;1;0;0
discrètement;1;0;0;0;0;0;2;0;0
discriminent;0;0;0;0;0;1;1;0;1
discounter;0;0;0;3;0;0;0;0;0
discothèque;1;0;0;1;0;0;0;0;1
discorde;0;0;1;0;0;0;1;0;1
diplomatiquement;0;0;3;0;0;0;0;0;0
dino;0;0;0;1;0;1;0;0;1
dilemme;1;0;0;1;0;0;1;0;0
dilapider;0;0;0;2;0;0;0;0;1
digeste;1;0;0;1;0;0;1;0;0
differentes;0;0;0;0;1;0;0;0;2
dick;0;0;1;1;0;0;1;0;0
diabète;0;0;0;1;2;0;0;0;0
dgpc;0;0;1;2;0;0;0;0;0
deçà;1;0;1;1;0;0;0;0;0
devis;0;0;1;2;0;0;0;0;0
deverait;0;0;0;2;0;1;0;0;0
deuxieme;1;0;1;0;0;1;0;0;0
deuch;3;0;0;0;0;0;0;0;0
detruire;0;0;2;1;0;0;0;0;0
desir;1;0;0;1;0;0;1;0;0
deschamps;1;0;0;0;0;1;1;0;0
derangent;0;0;0;0;0;0;0;2;1
depression;0;0;0;0;0;0;1;0;2
depp;1;0;0;1;0;0;1;0;0
deplus;0;0;0;3;0;0;0;0;0
denver;2;0;0;0;0;0;0;1;0
dentition;1;0;0;1;0;0;0;0;1
denouveau;0;0;0;0;0;1;0;0;2
denier;0;0;0;1;0;0;0;0;2
democrates;0;0;1;0;0;0;2;0;0
dela;0;0;1;1;0;0;0;0;1
degueulasse;0;0;0;0;0;1;0;1;1
degueu;1;1;0;0;0;1;0;0;0
defund;0;0;1;0;0;1;1;0;0
defense;0;0;1;0;0;0;0;1;1
deconner;0;0;0;1;0;0;1;0;1
decision;0;0;0;2;0;0;0;0;1
das;2;0;0;0;0;0;1;0;0
dard;0;0;0;2;0;0;0;0;1
dangeureux;0;0;0;1;0;0;1;0;1
dangerosité;0;0;0;1;0;0;1;0;1
damner;3;0;0;0;0;0;0;0;0
damn;1;0;0;0;0;0;0;0;2
daech;0;0;2;0;0;0;1;0;0
côtoyez;0;0;0;1;0;0;0;0;2
cylindre;2;0;0;0;0;0;0;0;1
cy;0;0;0;3;0;0;0;0;0
curieusement;0;0;0;1;0;1;0;0;1
cumulée;0;0;0;3;0;0;0;0;0
culturellement;0;0;0;2;0;0;1;0;0
culer;1;0;0;1;0;0;1;0;0
cuissage;0;0;1;2;0;0;0;0;0
cuck;0;0;0;0;0;1;1;1;0
css;0;0;0;3;0;0;0;0;0
crête;2;0;0;0;0;0;1;0;0
crépu;0;0;0;0;0;1;2;0;0
créneau;0;0;0;0;0;0;0;2;1
crées;0;0;1;0;0;0;0;1;1
créancier;0;0;0;3;0;0;0;0;0
crush;3;0;0;0;0;0;0;0;0
croûte;0;0;0;1;0;1;1;0;0
croivent;0;0;0;0;0;0;0;0;3
croisade;0;0;1;0;0;0;0;0;2
crocodile;0;0;1;1;1;0;0;0;0
croatie;0;0;1;2;0;0;0;0;0
cristo;1;0;0;2;0;0;0;0;0
cribler;0;0;2;1;0;0;0;0;0
creme;2;0;0;0;0;1;0;0;0
crash;0;0;0;2;0;0;0;0;1
craquant;2;0;0;0;0;0;0;0;1
crapule;1;0;1;0;0;0;1;0;0
crapaud;1;0;0;0;0;0;0;0;2
crampon;0;0;0;0;0;0;1;0;2
craintif;0;0;0;0;1;0;1;0;1
craignos;0;0;0;1;0;0;0;0;2
craie;2;0;0;0;0;0;0;0;1
cracra;0;0;0;0;0;1;1;0;1
cpp;0;0;1;0;0;0;1;0;1
cow_boy;0;0;1;0;0;0;0;0;2
couté;0;0;0;3;0;0;0;0;0
coutera;0;0;0;3;0;0;0;0;0
couter;0;0;0;3;0;0;0;0;0
coussin;0;2;0;1;0;0;0;0;0
couronner;0;0;2;1;0;0;0;0;0
coulisse;1;0;1;0;0;0;0;0;1
cotiseront;0;0;0;3;0;0;0;0;0
corrélée;0;0;0;1;0;0;0;0;2
corroborer;0;0;0;1;0;0;2;0;0
cornu;1;0;0;0;0;0;1;0;1
coquillage;0;0;0;1;0;0;0;0;2
coquetterie;2;0;0;1;0;0;0;0;0
coquette;1;0;0;0;0;0;0;2;0
coquet;3;0;0;0;0;0;0;0;0
coogros;2;0;0;0;0;0;0;0;1
convaincant;0;0;0;2;0;0;1;0;0
controller;0;0;1;1;0;0;1;0;0
contributeurs;0;0;0;0;0;0;3;0;0
contrevenant;0;0;1;0;0;0;2;0;0
contresens;0;0;0;2;0;0;1;0;0
contreproductif;0;0;0;1;0;0;0;1;1
contravention;0;0;0;3;0;0;0;0;0
contractuel;0;0;0;3;0;0;0;0;0
container;0;0;0;1;0;0;0;0;2
consomation;0;0;0;2;0;0;0;0;1
consolider;0;0;0;0;0;0;0;0;3
console;0;0;0;1;0;0;0;0;2
consigné;0;0;0;3;0;0;0;0;0
consensuel;0;0;0;1;0;0;2;0;0
connor;0;0;0;1;0;0;0;0;2
congeler;1;0;0;1;0;0;0;1;0
conformité;0;0;1;2;0;0;0;0;0
conflict;0;0;1;0;0;0;1;0;1
confectionner;2;0;0;1;0;0;0;0;0
confection;1;0;0;1;0;0;1;0;0
concilier;0;0;0;1;0;0;0;0;2
conciliation;0;0;0;2;0;0;1;0;0
comtois;0;0;0;3;0;0;0;0;0
compétions;0;0;1;1;0;0;0;0;1
comptable;0;0;0;1;0;0;1;0;1
compresser;0;0;0;3;0;0;0;0;0
compositeur;2;0;0;0;0;0;0;0;1
comportments;0;0;0;0;0;0;1;2;0
complétement;0;0;0;1;0;0;1;0;1
complaisant;0;0;0;1;0;0;1;0;1
compatibilité;0;0;0;3;0;0;0;0;0
communément;0;1;0;2;0;0;0;0;0
commode;1;1;0;0;0;0;0;1;0
commercialiser;0;0;0;0;1;0;1;0;1
coming;1;0;0;1;0;0;1;0;0
colonne;0;0;0;1;0;0;1;0;1
colombier;2;0;0;1;0;0;0;0;0
colombien;0;1;1;0;0;0;0;0;1
colocataire;0;0;0;1;0;0;1;0;1
collectionneur;0;0;0;3;0;0;0;0;0
collecter;0;0;1;0;0;0;2;0;0
collage;0;0;0;2;0;0;0;0;1
collab;2;0;0;0;0;0;1;0;0
colibri;0;0;0;0;0;3;0;0;0
cogner;0;0;1;0;0;0;0;0;2
clôture;1;0;0;1;1;0;0;0;0
clémence;2;0;0;1;0;0;0;0;0
clouté;1;0;0;2;0;0;0;0;0
clochette;0;0;0;2;0;0;0;0;1
clivante;0;0;0;0;0;0;1;0;2
clim;0;0;0;2;1;0;0;0;0
clest;1;0;0;0;0;0;1;0;1
classé;0;0;0;1;0;0;2;0;0
classifier;0;0;1;0;0;0;2;0;0
civilité;0;0;0;0;0;0;2;0;1
ciste;0;0;1;0;0;1;0;0;1
cingler;2;0;0;0;0;1;0;0;0
cinema;2;0;1;0;0;0;0;0;0
chávez;0;0;3;0;0;0;0;0;0
chronométrer;0;0;0;2;0;0;0;0;1
chris;2;0;0;0;0;0;1;0;0
chiite;0;0;1;0;0;1;1;0;0
chi;1;0;0;1;0;0;1;0;0
chevelu;2;0;0;1;0;0;0;0;0
chevaucher;1;1;0;0;0;0;0;0;1
cherie;2;0;0;0;0;0;1;0;0
cheptel;0;0;0;0;1;0;0;0;2
chauvinisme;0;0;0;1;0;1;1;0;0
chauvin;0;0;0;0;0;0;1;0;2
chauderon;0;0;1;2;0;0;0;0;0
charrette;0;0;0;1;1;0;0;0;1
charognard;0;0;0;3;0;0;0;0;0
charline;0;0;1;0;0;0;0;0;2
charcutier;0;0;0;1;0;1;0;0;1
charabia;0;0;1;1;0;0;1;0;0
chaqu;3;0;0;0;0;0;0;0;0
chantal;0;0;1;1;0;0;1;0;0
chansonnette;0;2;0;0;0;0;1;0;0
chandelle;1;0;0;2;0;0;0;0;0
chaines;0;0;0;2;0;0;1;0;0
chacunes;0;0;0;0;0;0;1;1;1
cessation;0;0;3;0;0;0;0;0;0
cerner;0;0;1;0;0;0;1;0;1
cern;0;0;0;3;0;0;0;0;0
cerise;1;0;0;1;0;0;0;0;1
center;0;0;2;1;0;0;0;0;0
celte;0;0;0;2;0;0;0;0;1
cdlt;0;0;0;1;0;0;0;0;2
cauchemardesque;0;0;0;1;0;1;0;1;0
catastrophistes;0;0;0;1;0;0;2;0;0
cataloguer;0;0;0;1;0;1;1;0;0
casual;2;0;0;0;0;0;0;0;1
castro;0;0;3;0;0;0;0;0;0
castration;0;0;0;0;0;0;1;0;2
casanier;0;0;0;2;0;0;0;0;1
carrousel;1;0;0;0;1;0;1;0;0
carrer;0;0;1;1;0;0;0;0;1
carpe;1;0;1;0;0;0;1;0;0
carnaval;1;0;1;1;0;0;0;0;0
carla;0;0;1;1;0;0;0;0;1
carel;3;0;0;0;0;0;0;0;0
carburer;0;0;1;1;0;1;0;0;0
carbu;1;0;0;1;0;0;0;0;1
carafe;0;0;0;2;0;0;0;0;1
carabine;2;0;0;1;0;0;0;0;0
capuche;2;0;0;0;0;1;0;0;0
captivité;0;0;1;0;0;0;0;1;1
captes;0;0;0;1;0;2;0;0;0
capsule;2;0;0;1;0;0;0;0;0
capricieux;0;0;0;0;0;0;0;0;3
capitaine;1;0;0;0;0;1;1;0;0
cantonner;0;0;0;1;0;0;1;0;1
canne;1;0;1;1;0;0;0;0;0
caniculaire;1;0;0;0;0;0;0;0;2
canette;0;0;0;2;0;0;0;0;1
candidature;0;0;0;2;0;0;1;0;0
camoufler;0;1;0;0;0;1;0;0;1
camionnette;0;0;0;3;0;0;0;0;0
camembert;0;1;0;0;1;1;0;0;0
cam;0;0;0;2;0;0;0;0;1
calédonie;0;0;0;3;0;0;0;0;0
californie;1;0;0;2;0;0;0;0;0
caissiere;0;0;0;3;0;0;0;0;0
caissette;0;0;0;1;0;0;0;0;2
caise;0;0;0;3;0;0;0;0;0
cadrage;0;0;0;1;0;2;0;0;0
cadmium;0;0;0;2;0;0;1;0;0
cadis;0;0;0;2;0;0;0;0;1
cac;1;0;0;2;0;0;0;0;0
bénédiction;2;0;1;0;0;0;0;0;0
bénin;0;0;2;0;0;0;0;0;1
bémol;1;0;0;0;0;0;2;0;0
bégayer;0;0;0;1;0;0;1;0;1
bâcler;0;0;0;1;0;0;0;0;2
bz;1;0;0;1;0;0;0;1;0
butterfly;1;1;0;0;0;0;0;0;1
buste;0;0;1;0;0;1;1;0;0
burnouts;0;0;0;3;0;0;0;0;0
buggé;1;0;0;1;0;0;1;0;0
btw;0;0;0;1;0;0;2;0;0
brélaz;2;0;0;0;0;0;1;0;0
brutalement;0;0;2;0;0;0;0;0;1
brouiller;1;0;0;1;0;0;0;0;1
brigade;1;0;1;0;0;0;0;0;1
bridechon;3;0;0;0;0;0;0;0;0
brics;0;0;1;0;0;1;0;0;1
brenets;2;0;0;0;0;0;0;0;1
bravooooo;2;0;1;0;0;0;0;0;0
bravissimo;2;0;0;0;0;0;1;0;0
brasserie;0;0;0;2;0;1;0;0;0
brand;3;0;0;0;0;0;0;0;0
bousiller;0;0;0;0;0;0;1;0;2
bourgogne;1;0;0;2;0;0;0;0;0
bourbines;0;0;0;2;0;0;0;0;1
bouquet;1;0;0;0;0;0;1;0;1
bouleversement;0;0;0;1;0;0;0;1;1
boulette;2;0;0;1;0;0;0;0;0
bouille;1;0;0;0;0;0;0;0;2
bouchonner;0;0;0;2;0;0;0;0;1
boucherie;0;0;1;0;0;0;0;0;2
botter;0;0;0;1;0;1;1;0;0
borné;0;0;1;0;0;1;1;0;0
booster;0;0;1;1;0;0;0;1;0
booba;0;0;0;0;0;0;0;0;3
bonvillars;0;0;0;1;0;1;1;0;0
boh;1;0;1;0;0;0;0;0;1
board;0;0;0;2;0;0;1;0;0
blm;0;0;0;2;0;0;1;0;0
bleri;0;0;3;0;0;0;0;0;0
blast;0;0;0;0;0;0;3;0;0
blancheur;1;0;0;1;0;0;0;0;1
bla_bla_bla_bla;0;0;1;0;0;0;2;0;0
bjr;1;0;0;1;0;0;1;0;0
bison;0;0;0;1;0;1;1;0;0
birkin;2;0;0;0;0;0;0;1;0
biographie;0;1;1;1;0;0;0;0;0
binational;1;0;0;2;0;0;0;0;0
biganon;1;0;0;0;0;0;1;0;1
biensure;0;0;1;1;0;0;0;0;1
bienheureux;2;0;1;0;0;0;0;0;0
bienfaisance;0;0;0;0;0;0;0;3;0
biel;1;0;0;2;0;0;0;0;0
bh;0;1;1;0;0;0;0;0;1
betharram;3;0;0;0;0;0;0;0;0
betharam;2;0;0;0;0;1;0;0;0
bertarelli;0;0;0;2;0;1;0;0;0
bernie;1;0;0;0;0;0;0;0;2
bergier;0;0;1;2;0;0;0;0;0
berceau;0;0;2;0;0;0;0;0;1
benêt;3;0;0;0;0;0;0;0;0
benef;0;0;0;2;0;0;1;0;0
belligérant;0;0;2;1;0;0;0;0;0
bellerive;3;0;0;0;0;0;0;0;0
beautiful;0;0;3;0;0;0;0;0;0
beaulieu;1;0;0;2;0;0;0;0;0
beau_père;0;0;0;1;0;0;0;0;2
beatles;1;0;0;0;0;1;0;0;1
beast;1;0;0;1;0;0;1;0;0
beacoup;1;0;0;1;0;0;1;0;0
bbq;1;0;0;1;0;0;1;0;0
bavière;0;0;0;0;1;0;1;0;1
batte;1;0;0;1;0;0;0;0;1
baston;0;0;0;0;0;1;2;0;0
bastion;2;0;0;0;0;0;1;0;0
bassine;0;0;0;0;0;0;0;0;3
basque;1;0;1;1;0;0;0;0;0
barquette;0;0;0;2;0;0;0;0;1
barbapapa;2;0;0;1;0;0;0;0;0
barb;0;0;3;0;0;0;0;0;0
baratin;0;0;1;0;0;0;0;1;1
baptiser;2;0;0;0;0;0;0;0;1
bannière;0;0;0;2;0;0;1;0;0
bandé;0;0;2;0;0;0;0;0;1
bandeau;0;0;0;1;0;0;1;0;1
bananier;0;0;0;2;0;0;0;0;1
banalises;0;0;2;0;0;0;0;0;1
bamboulé;0;0;0;2;0;0;0;0;1
bambouler;0;0;0;0;0;1;1;0;1
bam;0;1;0;0;0;0;1;0;1
balfour;0;0;3;0;0;0;0;0;0
baladeur;3;0;0;0;0;0;0;0;0
bahahaha;1;0;0;1;0;0;0;0;1
bagdad;0;0;2;1;0;0;0;0;0
bagarrer;0;0;0;0;0;0;0;0;3
babiole;0;0;0;3;0;0;0;0;0
b12;0;0;0;1;1;0;1;0;0
aérobic;3;0;0;0;0;0;0;0;0
aws;1;0;0;2;0;0;0;0;0
aviv;0;0;2;1;0;0;0;0;0
avisé;1;0;0;0;0;0;1;0;1
aviolat;2;0;0;0;0;0;0;0;1
avenue;0;0;1;2;0;0;0;0;0
avai;3;0;0;0;0;0;0;0;0
avachi;1;0;0;0;0;0;0;0;2
autrice;0;0;0;0;0;0;2;0;1
automatisation;0;0;0;2;0;0;0;0;1
austère;0;0;1;2;0;0;0;0;0
aussitôt;0;0;0;2;0;0;1;0;0
auser_utilisateurice;0;0;0;2;0;0;0;0;1
aujd;1;0;1;0;0;0;0;0;1
audrey;2;0;0;0;0;0;1;0;0
auditeur;0;0;0;1;0;0;0;0;2
audi;1;0;0;2;0;0;0;0;0
aubergine;0;0;0;2;0;1;0;0;0
attristant;0;0;1;1;0;1;0;0;0
attribut;0;0;0;0;0;0;1;0;2
attirance;0;0;0;0;0;1;2;0;0
atterrissage;0;0;0;1;0;0;0;0;2
attentionné;1;0;0;0;0;0;0;2;0
atlas;0;0;0;1;0;0;1;0;1
athéisme;0;0;0;0;0;0;2;0;1
atf;0;0;3;0;0;0;0;0;0
ataf;0;0;0;3;0;0;0;0;0
astéroïde;0;0;1;1;0;1;0;0;0
astreindre;0;0;0;0;0;0;0;1;2
asthme;0;0;1;0;0;1;0;0;1
assimilation;0;0;0;1;0;0;2;0;0
assc;0;0;0;2;0;0;0;0;1
asphalte;0;0;1;1;0;0;0;0;1
asperger;0;0;0;1;0;0;0;0;2
asperge;0;0;0;2;0;0;0;1;0
asloca;0;0;0;2;0;0;0;0;1
ascension;0;0;1;2;0;0;0;0;0
arête;0;0;0;1;0;2;0;0;0
artillerie;0;0;2;0;0;0;0;0;1
articulaire;0;0;0;0;0;0;0;1;2
arroser;2;0;0;0;0;0;0;0;1
arrondir;0;0;0;2;0;0;0;0;1
arret;0;0;0;3;0;0;0;0;0
armurerie;0;0;0;2;0;0;0;0;1
armeniens;0;0;2;0;0;0;1;0;0
aride;0;0;0;3;0;0;0;0;0
argentina;0;1;0;1;0;0;1;0;0
archéologique;1;0;1;1;0;0;0;0;0
architectural;2;0;0;1;0;0;0;0;0
archaïque;0;1;0;0;0;0;0;2;0
archamps;0;0;0;2;0;0;1;0;0
arabic;0;0;1;1;0;1;0;0;0
apôtre;1;0;0;0;0;0;1;0;1
après_guerre;0;0;0;2;0;0;0;1;0
après_de;0;0;0;2;0;0;0;1;0
appétissant;2;0;0;1;0;0;0;0;0
appréhension;0;0;0;0;0;0;0;0;3
approvisionnement;0;0;0;2;0;0;0;0;1
apprivoiser;1;0;0;0;1;0;0;0;1
appliqué;0;0;0;3;0;0;0;0;0
appenzell;0;0;0;1;0;1;1;0;0
aplomb;0;0;0;1;0;0;1;0;1
apeller;0;0;0;1;0;0;1;0;1
apart;0;0;1;0;0;0;1;0;1
apaisement;0;0;0;0;0;0;0;0;3
antiraciste;0;0;0;0;0;3;0;0;0
anticapitaliste;0;0;0;2;0;0;0;0;1
anti_aérien;0;0;0;2;0;0;1;0;0
anthropocène;0;0;1;1;0;0;1;0;0
anorexie;1;0;0;0;0;0;1;1;0
anneau;2;0;0;1;0;0;0;0;0
ann;1;0;0;0;0;0;2;0;0
animaliste;0;0;0;1;0;0;1;0;1
animaleries;0;0;0;1;2;0;0;0;0
angélisme;0;0;0;0;0;0;0;1;2
anglo_saxon;0;1;1;1;0;0;0;0;0
andropause;0;0;0;1;0;0;1;1;0
android;1;0;0;0;0;1;1;0;0
andalousie;0;0;1;1;0;0;0;0;1
ancienneté;0;0;2;0;0;0;0;0;1
anciennement;2;0;0;0;0;1;0;0;0
ananas;1;0;0;1;0;0;1;0;0
analogie;0;0;1;1;0;0;0;0;1
amsterdam;0;0;0;2;0;0;0;0;1
amortir;0;0;0;2;0;0;0;0;1
amnésique;0;0;1;0;1;0;0;0;1
aminé;0;0;0;0;0;0;3;0;0
amina_nour;0;0;0;0;0;0;2;0;1
american;1;0;0;2;0;0;0;0;0
amendés;0;0;0;2;0;0;0;0;1
ambigu;0;0;0;0;0;0;1;0;2
ambassadeur;0;0;1;2;0;0;0;0;0
ambassade;0;0;1;1;0;1;0;0;0
amazone;0;0;0;1;0;1;0;0;1
amant;0;0;1;0;0;0;1;0;1
always;0;0;2;1;0;0;0;0;0
alu;0;2;0;1;0;0;0;0;0
altruiste;0;0;0;0;0;1;1;0;1
alternance;1;0;0;1;0;0;0;0;1
altercation;0;0;1;1;0;1;0;0;0
alpiniste;0;0;0;0;0;0;2;0;1
allumé;0;0;0;0;0;1;1;0;1
allumeur;0;0;0;0;0;0;0;2;1
allonger;0;0;0;1;0;0;0;1;1
allaiter;0;0;0;0;0;0;1;1;1
alignement;0;0;1;2;0;0;0;0;0
alice;1;0;0;0;0;0;0;0;2
algo;0;0;2;0;0;0;0;0;1
alger;2;0;0;1;0;0;0;0;0
alexandrina;0;0;2;0;0;0;1;0;0
aled;0;0;1;0;0;2;0;0;0
ale;1;0;0;1;0;0;0;1;0
alcohol;0;0;0;2;0;0;1;0;0
airpods;0;0;0;0;0;0;2;0;1
airlines;1;0;0;2;0;0;0;0;0
ahhhhhh;1;0;1;0;0;0;1;0;0
agréer;1;0;0;2;0;0;0;0;0
agro;0;0;0;2;0;0;0;0;1
agresses;0;0;1;0;0;0;0;0;2
agile;2;0;0;0;0;0;0;1;0
aggressions;0;0;2;0;0;0;0;0;1
afro_américain;0;0;0;0;0;0;1;1;1
affront;0;0;0;2;0;1;0;0;0
affilé;0;0;0;2;0;0;1;0;0
affabulez;0;0;0;0;0;1;2;0;0
adoptant;0;0;1;0;0;0;0;0;2
admission;1;0;0;1;0;0;0;0;1
admirateur;0;0;1;0;0;0;0;0;2
adjacent;0;0;2;0;0;0;0;0;1
adhérent;1;0;0;1;0;0;1;0;0
addor;0;0;0;0;0;0;2;1;0
actu;0;0;0;0;0;1;2;0;0
acrobatique;2;0;0;0;0;0;0;0;1
acheminer;0;0;0;3;0;0;0;0;0
ace;0;0;2;1;0;0;0;0;0
accusateur;0;0;1;1;0;0;1;0;0
accoster;0;0;0;0;0;1;0;1;1
accomplissement;1;0;1;0;0;1;0;0;0
accompli;1;0;0;0;0;0;0;2;0
accointance;1;0;0;0;0;0;0;0;2
acclamer;0;0;1;0;0;0;0;0;2
académie;0;0;0;1;0;0;1;0;1
acabit;0;0;1;0;0;0;1;0;1
abstention;0;0;0;2;0;0;1;0;0
aboutissant;2;0;0;0;0;0;1;0;0
abonder;0;0;0;0;0;0;2;0;1
abnégation;2;0;0;1;0;0;0;0;0
ablation;1;0;0;0;1;0;0;0;1
abattage;1;0;0;1;1;0;0;0;0
abaissement;0;0;0;3;0;0;0;0;0
ab;0;0;0;1;0;0;1;0;1
aahhh;0;0;0;1;0;0;2;0;0
aah;2;0;0;0;0;1;0;0;0
a_fortiori;0;0;1;0;1;0;1;0;0
9e;1;0;0;0;0;1;0;0;1
80km;0;0;0;3;0;0;0;0;0
80ans;1;0;1;0;0;0;0;0;1
7ans;2;0;0;0;0;0;0;0;1
70s;2;0;0;1;0;0;0;0;0
6h30;0;0;0;3;0;0;0;0;0
6b_655;0;0;3;0;0;0;0;0;0
5m;1;0;0;1;0;0;0;0;1
5j;0;0;0;2;0;0;0;0;1
50km;0;0;0;3;0;0;0;0;0
50chf;0;0;0;2;0;0;0;0;1
4l;0;0;0;1;0;0;1;0;1
4e;1;0;0;1;0;0;0;0;1
400k;0;0;0;3;0;0;0;0;0
3m;0;0;0;2;0;0;0;0;1
3ans;0;0;0;0;0;0;2;0;1
322septies;0;0;0;3;0;0;0;0;0
2min;0;0;1;0;0;0;1;1;0
25mio;0;0;0;3;0;0;0;0;0
23h;0;0;0;2;0;0;0;0;1
21e;0;0;0;0;0;0;0;1;2
20ème;0;0;0;1;0;0;0;0;2
20km;0;0;0;3;0;0;0;0;0
20k;0;0;0;3;0;0;0;0;0
200k;0;0;0;3;0;0;0;0;0
200chf;0;0;0;3;0;0;0;0;0
1re;0;0;0;0;0;1;1;0;1
1mio;0;0;0;2;0;0;1;0;0
19h30;0;0;1;0;0;0;0;0;2
18h;1;0;0;1;0;0;0;0;1
15k;1;0;0;2;0;0;0;0;0
14ans;2;0;0;1;0;0;0;0;0
10ème;2;0;0;0;0;0;1;0;0
10km;0;0;0;2;0;0;0;0;1
100x;0;0;0;1;0;0;2;0;0
100km;0;0;0;3;0;0;0;0;0
100k;1;0;0;2;0;0;0;0;0
100ans;2;0;0;0;0;0;0;1;0
0h0;0;0;0;2;0;0;1;0;0