"";"X";"V1"
"1";1;2
"2";2;2
"3";3;2
"4";4;2
"5";5;2
"6";6;2
"7";7;2
"8";8;2
"9";9;2
"10";10;2
"11";11;2
"12";12;2
"13";13;2
"14";14;1
"15";15;2
"16";16;1
"17";17;2
"18";18;1
"19";19;2
"20";20;1
"21";21;2
"22";22;2
"23";23;1
"24";24;0
"25";25;1
"26";26;2
"27";27;1
"28";28;2
"29";29;1
"30";30;1
"31";31;2
"32";32;2
"33";33;1
"34";34;2
"35";35;1
"36";36;2
"37";37;2
"38";38;2
"39";39;2
"40";40;1
"41";41;1
"42";42;1
"43";43;2
"44";44;2
"45";45;2
"46";46;2
"47";47;1
"48";48;2
"49";49;1
"50";50;2
"51";51;2
"52";52;2
"53";53;2
"54";54;2
"55";55;2
"56";56;2
"57";57;1
"58";58;2
"59";59;2
"60";60;1
"61";61;2
"62";62;1
"63";63;2
"64";64;0
"65";65;2
"66";66;2
"67";67;2
"68";68;2
"69";69;2
"70";70;1
"71";71;2
"72";72;1
"73";73;1
"74";74;1
"75";75;2
"76";76;1
"77";77;1
"78";78;2
"79";79;2
"80";80;1
"81";81;2
"82";82;2
"83";83;2
"84";84;1
"85";85;2
"86";86;2
"87";87;2
"88";88;2
"89";89;2
"90";90;2
"91";91;2
"92";92;2
"93";93;2
"94";94;2
"95";95;2
"96";96;2
"97";97;2
"98";98;0
"99";99;1
"100";100;2
"101";101;1
"102";102;1
"103";103;1
"104";104;1
"105";105;1
"106";106;1
"107";107;2
"108";108;0
"109";109;1
"110";110;0
"111";111;2
"112";112;2
"113";113;2
"114";114;2
"115";115;2
"116";116;2
"117";117;2
"118";118;2
"119";119;2
"120";120;2
"121";121;1
"122";122;1
"123";123;1
"124";124;1
"125";125;1
"126";126;1
"127";127;2
"128";128;2
"129";129;1
"130";130;2
"131";131;2
"132";132;2
"133";133;1
"134";134;1
"135";135;1
"136";136;1
"137";137;2
"138";138;2
"139";139;2
"140";140;1
"141";141;2
"142";142;2
"143";143;2
"144";144;2
"145";145;2
"146";146;2
"147";147;1
"148";148;1
"149";149;2
"150";150;2
"151";151;2
"152";152;2
"153";153;2
"154";154;2
"155";155;2
"156";156;2
"157";157;2
"158";158;2
"159";159;2
"160";160;2
"161";161;0
"162";162;1
"163";163;2
"164";164;2
"165";165;1
"166";166;2
"167";167;1
"168";168;2
"169";169;1
"170";170;2
"171";171;1
"172";172;2
"173";173;1
"174";174;2
"175";175;2
"176";176;1
"177";177;2
"178";178;2
"179";179;2
"180";180;2
"181";181;2
"182";182;2
"183";183;2
"184";184;2
"185";185;2
"186";186;2
"187";187;1
"188";188;2
"189";189;2
"190";190;2
"191";191;2
"192";192;1
"193";193;1
"194";194;2
"195";195;2
"196";196;2
"197";197;2
"198";198;2
"199";199;2
"200";200;2
"201";201;2
"202";202;2
"203";203;2
"204";204;1
"205";205;2
"206";206;2
"207";207;2
"208";208;2
"209";209;2
"210";210;1
"211";211;2
"212";212;0
"213";213;2
"214";214;2
"215";215;2
"216";216;2
"217";217;1
"218";218;2
"219";219;1
"220";220;1
"221";221;1
"222";222;2
"223";223;2
"224";224;1
"225";225;2
"226";226;2
"227";227;2
"228";228;2
"229";229;1
"230";230;2
"231";231;2
"232";232;2
"233";233;2
"234";234;2
"235";235;2
"236";236;2
"237";237;2
"238";238;2
"239";239;2
"240";240;1
"241";241;2
"242";242;2
"243";243;2
"244";244;2
"245";245;2
"246";246;2
"247";247;2
"248";248;2
"249";249;2
"250";250;2
"251";251;2
"252";252;1
"253";253;2
"254";254;2
"255";255;2
"256";256;2
"257";257;2
"258";258;2
"259";259;2
"260";260;2
"261";261;2
"262";262;2
"263";263;2
"264";264;2
"265";265;2
"266";266;2
"267";267;2
"268";268;2
"269";269;2
"270";270;2
"271";271;2
"272";272;2
"273";273;2
"274";274;2
"275";275;2
"276";276;2
"277";277;2
"278";278;1
"279";279;2
"280";280;2
"281";281;2
"282";282;1
"283";283;2
"284";284;2
"285";285;2
"286";286;1
"287";287;2
"288";288;2
"289";289;2
"290";290;2
"291";291;2
"292";292;2
"293";293;2
"294";294;2
"295";295;2
"296";296;1
"297";297;2
"298";298;1
"299";299;2
"300";300;2
"301";301;2
"302";302;2
"303";303;0
"304";304;0
"305";305;0
"306";306;2
"307";307;2
"308";308;2
"309";309;2
"310";310;1
"311";311;2
"312";312;2
"313";313;2
"314";314;2
"315";315;2
"316";316;2
"317";317;2
"318";318;2
"319";319;2
"320";320;2
"321";321;2
"322";322;1
"323";323;2
"324";324;2
"325";325;2
"326";326;2
"327";327;2
"328";328;2
"329";329;2
"330";330;2
"331";331;2
"332";332;2
"333";333;2
"334";334;1
"335";335;2
"336";336;2
"337";337;2
"338";338;2
"339";339;2
"340";340;1
"341";341;2
"342";342;2
"343";343;2
"344";344;2
"345";345;2
"346";346;2
"347";347;2
"348";348;2
"349";349;2
"350";350;2
"351";351;2
"352";352;2
"353";353;2
"354";354;2
"355";355;2
"356";356;2
"357";357;2
"358";358;1
"359";359;2
"360";360;2
"361";361;2
"362";362;2
"363";363;2
"364";364;2
"365";365;2
"366";366;1
"367";367;2
"368";368;2
"369";369;2
"370";370;2
"371";371;1
"372";372;2
"373";373;2
"374";374;2
"375";375;2
"376";376;2
"377";377;2
"378";378;2
"379";379;2
"380";380;2
"381";381;2
"382";382;2
"383";383;2
"384";384;2
"385";385;2
"386";386;2
"387";387;2
"388";388;2
"389";389;1
"390";390;2
"391";391;1
"392";392;2
"393";393;1
"394";394;2
"395";395;2
"396";396;2
"397";397;2
"398";398;2
"399";399;2
"400";400;2
"401";401;2
"402";402;2
"403";403;2
"404";404;2
"405";405;2
"406";406;2
"407";407;2
"408";408;2
"409";409;1
"410";410;2
"411";411;2
"412";412;2
"413";413;2
"414";414;2
"415";415;2
"416";416;2
"417";417;2
"418";418;2
"419";419;2
"420";420;1
"421";421;2
"422";422;1
"423";423;2
"424";424;2
"425";425;2
"426";426;2
"427";427;2
"428";428;2
"429";429;2
"430";430;2
"431";431;2
"432";432;2
"433";433;2
"434";434;2
"435";435;2
"436";436;2
"437";437;2
"438";438;2
"439";439;1
"440";440;1
"441";441;2
"442";442;1
"443";443;2
"444";444;2
"445";445;1
"446";446;2
"447";447;2
"448";448;2
"449";449;1
"450";450;2
"451";451;2
"452";452;1
"453";453;1
"454";454;1
"455";455;2
"456";456;1
"457";457;1
"458";458;1
"459";459;2
"460";460;2
"461";461;2
"462";462;2
"463";463;1
"464";464;2
"465";465;2
"466";466;2
"467";467;2
"468";468;2
"469";469;2
"470";470;2
"471";471;2
"472";472;2
"473";473;0
"474";474;2
"475";475;2
"476";476;2
"477";477;2
"478";478;2
"479";479;1
"480";480;1
"481";481;1
"482";482;2
"483";483;2
"484";484;2
"485";485;1
"486";486;1
"487";487;2
"488";488;1
"489";489;2
"490";490;2
"491";491;1
"492";492;2
"493";493;2
"494";494;0
"495";495;2
"496";496;2
"497";497;2
"498";498;2
"499";499;2
"500";500;2
"501";501;2
"502";502;2
"503";503;2
"504";504;2
"505";505;2
"506";506;2
"507";507;1
"508";508;1
"509";509;2
"510";510;2
"511";511;2
"512";512;2
"513";513;2
"514";514;2
"515";515;2
"516";516;2
"517";517;2
"518";518;2
"519";519;0
"520";520;2
"521";521;2
"522";522;2
"523";523;2
"524";524;2
"525";525;2
"526";526;1
"527";527;2
"528";528;2
"529";529;2
"530";530;2
"531";531;2
"532";532;2
"533";533;2
"534";534;2
"535";535;2
"536";536;2
"537";537;2
"538";538;2
"539";539;1
"540";540;2
"541";541;1
"542";542;2
"543";543;2
"544";544;2
"545";545;2
"546";546;2
"547";547;2
"548";548;2
"549";549;2
"550";550;2
"551";551;2
"552";552;2
"553";553;1
"554";554;2
"555";555;2
"556";556;2
"557";557;2
"558";558;2
"559";559;2
"560";560;2
"561";561;2
"562";562;2
"563";563;2
"564";564;1
"565";565;2
"566";566;0
"567";567;2
"568";568;2
"569";569;1
"570";570;2
"571";571;2
"572";572;2
"573";573;2
"574";574;1
"575";575;2
"576";576;2
"577";577;2
"578";578;2
"579";579;2
"580";580;2
"581";581;2
"582";582;2
"583";583;2
"584";584;1
"585";585;2
"586";586;2
"587";587;2
"588";588;2
"589";589;2
"590";590;2
"591";591;1
"592";592;2
"593";593;2
"594";594;2
"595";595;2
"596";596;2
"597";597;2
"598";598;2
"599";599;2
"600";600;1
"601";601;2
"602";602;2
"603";603;2
"604";604;2
"605";605;2
"606";606;1
"607";607;2
"608";608;2
"609";609;1
"610";610;2
"611";611;2
"612";612;2
"613";613;2
"614";614;2
"615";615;2
"616";616;1
"617";617;2
"618";618;2
"619";619;2
"620";620;1
"621";621;2
"622";622;2
"623";623;2
"624";624;2
"625";625;2
"626";626;2
"627";627;2
"628";628;1
"629";629;2
"630";630;2
"631";631;2
"632";632;2
"633";633;2
"634";634;2
"635";635;2
"636";636;1
"637";637;2
"638";638;2
"639";639;2
"640";640;2
"641";641;2
"642";642;2
"643";643;2
"644";644;2
"645";645;2
"646";646;2
"647";647;2
"648";648;1
"649";649;2
"650";650;1
"651";651;2
"652";652;1
"653";653;1
"654";654;2
"655";655;2
"656";656;2
"657";657;2
"658";658;2
"659";659;2
"660";660;1
"661";661;2
"662";662;2
"663";663;2
"664";664;1
"665";665;0
"666";666;2
"667";667;0
"668";668;2
"669";669;2
"670";670;2
"671";671;2
"672";672;2
"673";673;2
"674";674;2
"675";675;0
"676";676;2
"677";677;1
"678";678;2
"679";679;2
"680";680;2
"681";681;2
"682";682;2
"683";683;1
"684";684;2
"685";685;2
"686";686;2
"687";687;2
"688";688;2
"689";689;2
"690";690;2
"691";691;2
"692";692;2
"693";693;2
"694";694;2
"695";695;2
"696";696;2
"697";697;1
"698";698;1
"699";699;1
"700";700;1
"701";701;2
"702";702;2
"703";703;2
"704";704;1
"705";705;2
"706";706;2
"707";707;1
"708";708;1
"709";709;1
"710";710;1
"711";711;2
"712";712;2
"713";713;1
"714";714;1
"715";715;1
"716";716;1
"717";717;1
"718";718;1
"719";719;1
"720";720;2
"721";721;1
"722";722;1
"723";723;1
"724";724;1
"725";725;1
"726";726;1
"727";727;1
"728";728;1
"729";729;1
"730";730;1
"731";731;1
"732";732;2
"733";733;1
"734";734;1
"735";735;2
"736";736;2
"737";737;2
"738";738;2
"739";739;1
"740";740;1
"741";741;2
"742";742;2
"743";743;2
"744";744;1
"745";745;1
"746";746;2
"747";747;1
"748";748;2
"749";749;2
"750";750;1
"751";751;2
"752";752;2
"753";753;2
"754";754;2
"755";755;2
"756";756;2
"757";757;1
"758";758;2
"759";759;2
"760";760;2
"761";761;2
"762";762;2
"763";763;2
"764";764;2
"765";765;2
"766";766;2
"767";767;2
"768";768;2
"769";769;2
"770";770;1
"771";771;2
"772";772;1
"773";773;2
"774";774;1
"775";775;2
"776";776;1
"777";777;2
"778";778;2
"779";779;2
"780";780;2
"781";781;2
"782";782;2
"783";783;2
"784";784;2
"785";785;2
"786";786;2
"787";787;2
"788";788;2
"789";789;2
"790";790;2
"791";791;1
"792";792;1
"793";793;2
"794";794;1
"795";795;2
"796";796;2
"797";797;1
"798";798;2
"799";799;2
"800";800;2
"801";801;2
"802";802;2
"803";803;1
"804";804;2
"805";805;2
"806";806;2
"807";807;2
"808";808;2
"809";809;2
"810";810;2
"811";811;2
"812";812;2
"813";813;2
"814";814;2
"815";815;2
"816";816;2
"817";817;2
"818";818;2
"819";819;2
"820";820;1
"821";821;1
"822";822;2
"823";823;1
"824";824;2
"825";825;1
"826";826;2
"827";827;1
"828";828;1
"829";829;1
"830";830;1
"831";831;2
"832";832;1
"833";833;1
"834";834;1
"835";835;1
"836";836;2
"837";837;2
"838";838;2
"839";839;1
"840";840;2
"841";841;2
"842";842;2
"843";843;1
"844";844;2
"845";845;2
"846";846;2
"847";847;1
"848";848;1
"849";849;2
"850";850;2
"851";851;2
"852";852;2
"853";853;2
"854";854;1
"855";855;2
"856";856;2
"857";857;2
"858";858;0
"859";859;2
"860";860;2
"861";861;2
"862";862;1
"863";863;2
"864";864;2
"865";865;2
"866";866;2
"867";867;2
"868";868;2
"869";869;2
"870";870;2
"871";871;2
"872";872;2
"873";873;1
"874";874;2
"875";875;2
"876";876;2
"877";877;2
"878";878;2
"879";879;2
"880";880;2
"881";881;2
"882";882;2
"883";883;2
"884";884;2
"885";885;2
"886";886;2
"887";887;2
"888";888;2
"889";889;1
"890";890;1
"891";891;1
"892";892;2
"893";893;2
"894";894;2
"895";895;2
"896";896;2
"897";897;2
"898";898;0
"899";899;1
"900";900;2
"901";901;2
"902";902;0
"903";903;2
"904";904;2
"905";905;2
"906";906;2
"907";907;2
"908";908;2
"909";909;2
"910";910;2
"911";911;2
"912";912;2
"913";913;2
"914";914;2
"915";915;2
"916";916;2
"917";917;2
"918";918;2
"919";919;1
"920";920;2
"921";921;2
"922";922;1
"923";923;2
"924";924;2
"925";925;2
"926";926;2
"927";927;2
"928";928;2
"929";929;2
"930";930;1
"931";931;1
"932";932;1
"933";933;2
"934";934;2
"935";935;2
"936";936;1
"937";937;1
"938";938;2
"939";939;2
"940";940;2
"941";941;2
"942";942;2
"943";943;2
"944";944;1
"945";945;2
"946";946;2
"947";947;2
"948";948;2
"949";949;2
"950";950;2
"951";951;2
"952";952;2
"953";953;2
"954";954;1
"955";955;2
"956";956;2
"957";957;1
"958";958;1
"959";959;2
"960";960;2
"961";961;2
"962";962;2
"963";963;2
"964";964;2
"965";965;1
"966";966;1
"967";967;1
"968";968;2
"969";969;0
"970";970;2
"971";971;2
"972";972;2
"973";973;2
"974";974;0
"975";975;2
"976";976;2
"977";977;2
"978";978;2
"979";979;2
"980";980;2
"981";981;2
"982";982;0
"983";983;2
"984";984;2
"985";985;2
"986";986;2
"987";987;2
"988";988;2
"989";989;2
"990";990;2
"991";991;2
"992";992;2
"993";993;2
"994";994;2
"995";995;2
"996";996;2
"997";997;2
"998";998;2
"999";999;2
"1000";1000;2
"1001";1001;2
"1002";1002;2
"1003";1003;2
"1004";1004;1
"1005";1005;2
"1006";1006;0
"1007";1007;2
"1008";1008;2
"1009";1009;2
"1010";1010;1
"1011";1011;2
"1012";1012;2
"1013";1013;2
"1014";1014;1
"1015";1015;2
"1016";1016;2
"1017";1017;2
"1018";1018;2
"1019";1019;2
"1020";1020;2
"1021";1021;2
"1022";1022;1
"1023";1023;2
"1024";1024;2
"1025";1025;1
"1026";1026;2
"1027";1027;1
"1028";1028;1
"1029";1029;2
"1030";1030;2
"1031";1031;2
"1032";1032;2
"1033";1033;1
"1034";1034;1
"1035";1035;2
"1036";1036;2
"1037";1037;2
"1038";1038;2
"1039";1039;2
"1040";1040;2
"1041";1041;2
"1042";1042;2
"1043";1043;2
"1044";1044;2
"1045";1045;2
"1046";1046;1
"1047";1047;2
"1048";1048;1
"1049";1049;1
"1050";1050;1
"1051";1051;2
"1052";1052;2
"1053";1053;2
"1054";1054;2
"1055";1055;1
"1056";1056;2
"1057";1057;2
"1058";1058;2
"1059";1059;2
"1060";1060;2
"1061";1061;2
"1062";1062;2
"1063";1063;2
"1064";1064;2
"1065";1065;2
"1066";1066;2
"1067";1067;2
"1068";1068;2
"1069";1069;2
"1070";1070;2
"1071";1071;2
"1072";1072;1
"1073";1073;1
"1074";1074;2
"1075";1075;2
"1076";1076;1
"1077";1077;2
"1078";1078;2
"1079";1079;2
"1080";1080;2
"1081";1081;2
"1082";1082;2
"1083";1083;2
"1084";1084;2
"1085";1085;2
"1086";1086;2
"1087";1087;1
"1088";1088;1
"1089";1089;2
"1090";1090;2
"1091";1091;2
"1092";1092;1
"1093";1093;2
"1094";1094;2
"1095";1095;2
"1096";1096;2
"1097";1097;2
"1098";1098;2
"1099";1099;1
"1100";1100;2
"1101";1101;1
"1102";1102;2
"1103";1103;2
"1104";1104;2
"1105";1105;2
"1106";1106;2
"1107";1107;2
"1108";1108;2
"1109";1109;2
"1110";1110;2
"1111";1111;2
"1112";1112;2
"1113";1113;2
"1114";1114;2
"1115";1115;2
"1116";1116;2
"1117";1117;2
"1118";1118;2
"1119";1119;2
"1120";1120;2
"1121";1121;2
"1122";1122;2
"1123";1123;2
"1124";1124;2
"1125";1125;2
"1126";1126;2
"1127";1127;2
"1128";1128;2
"1129";1129;2
"1130";1130;1
"1131";1131;2
"1132";1132;2
"1133";1133;2
"1134";1134;2
"1135";1135;2
"1136";1136;2
"1137";1137;1
"1138";1138;2
"1139";1139;2
"1140";1140;2
"1141";1141;2
"1142";1142;2
"1143";1143;2
"1144";1144;2
"1145";1145;2
"1146";1146;2
"1147";1147;2
"1148";1148;2
"1149";1149;1
"1150";1150;2
"1151";1151;2
"1152";1152;1
"1153";1153;2
"1154";1154;2
"1155";1155;2
"1156";1156;2
"1157";1157;2
"1158";1158;1
"1159";1159;2
"1160";1160;2
"1161";1161;2
"1162";1162;1
"1163";1163;1
"1164";1164;1
"1165";1165;1
"1166";1166;2
"1167";1167;2
"1168";1168;0
"1169";1169;1
"1170";1170;2
"1171";1171;2
"1172";1172;2
"1173";1173;2
"1174";1174;2
"1175";1175;2
"1176";1176;2
"1177";1177;2
"1178";1178;1
"1179";1179;2
"1180";1180;2
"1181";1181;2
"1182";1182;1
"1183";1183;2
"1184";1184;2
"1185";1185;2
"1186";1186;2
"1187";1187;1
"1188";1188;2
"1189";1189;2
"1190";1190;2
"1191";1191;2
"1192";1192;2
"1193";1193;2
"1194";1194;2
"1195";1195;2
"1196";1196;0
"1197";1197;2
"1198";1198;1
"1199";1199;2
"1200";1200;2
"1201";1201;2
"1202";1202;2
"1203";1203;2
"1204";1204;2
"1205";1205;2
"1206";1206;2
"1207";1207;2
"1208";1208;2
"1209";1209;2
"1210";1210;2
"1211";1211;2
"1212";1212;2
"1213";1213;2
"1214";1214;1
"1215";1215;2
"1216";1216;2
"1217";1217;2
"1218";1218;2
"1219";1219;1
"1220";1220;2
"1221";1221;2
"1222";1222;2
"1223";1223;2
"1224";1224;2
"1225";1225;2
"1226";1226;1
"1227";1227;2
"1228";1228;2
"1229";1229;2
"1230";1230;2
"1231";1231;2
"1232";1232;2
"1233";1233;2
"1234";1234;2
"1235";1235;2
"1236";1236;2
"1237";1237;2
"1238";1238;2
"1239";1239;1
"1240";1240;2
"1241";1241;1
"1242";1242;2
"1243";1243;0
"1244";1244;2
"1245";1245;1
"1246";1246;2
"1247";1247;2
"1248";1248;2
"1249";1249;2
"1250";1250;2
"1251";1251;1
"1252";1252;2
"1253";1253;2
"1254";1254;2
"1255";1255;2
"1256";1256;2
"1257";1257;1
"1258";1258;2
"1259";1259;2
"1260";1260;2
"1261";1261;2
"1262";1262;2
"1263";1263;2
"1264";1264;2
"1265";1265;2
"1266";1266;2
"1267";1267;2
"1268";1268;2
"1269";1269;2
"1270";1270;2
"1271";1271;2
"1272";1272;2
"1273";1273;2
"1274";1274;2
"1275";1275;2
"1276";1276;2
"1277";1277;2
"1278";1278;2
"1279";1279;2
"1280";1280;2
"1281";1281;2
"1282";1282;2
"1283";1283;1
"1284";1284;2
"1285";1285;2
"1286";1286;2
"1287";1287;2
"1288";1288;2
"1289";1289;2
"1290";1290;2
"1291";1291;2
"1292";1292;2
"1293";1293;2
"1294";1294;2
"1295";1295;2
"1296";1296;2
"1297";1297;1
"1298";1298;2
"1299";1299;2
"1300";1300;2
"1301";1301;2
"1302";1302;2
"1303";1303;2
"1304";1304;2
"1305";1305;2
"1306";1306;2
"1307";1307;1
"1308";1308;1
"1309";1309;2
"1310";1310;0
"1311";1311;0
"1312";1312;0
"1313";1313;0
"1314";1314;2
"1315";1315;2
"1316";1316;1
"1317";1317;2
"1318";1318;2
"1319";1319;1
"1320";1320;2
"1321";1321;2
"1322";1322;1
"1323";1323;2
"1324";1324;2
"1325";1325;0
"1326";1326;2
"1327";1327;2
"1328";1328;2
"1329";1329;2
"1330";1330;2
"1331";1331;2
"1332";1332;2
"1333";1333;2
"1334";1334;1
"1335";1335;2
"1336";1336;2
"1337";1337;2
"1338";1338;2
"1339";1339;1
"1340";1340;2
"1341";1341;2
"1342";1342;2
"1343";1343;2
"1344";1344;1
"1345";1345;1
"1346";1346;1
"1347";1347;1
"1348";1348;2
"1349";1349;2
"1350";1350;1
"1351";1351;2
"1352";1352;2
"1353";1353;2
"1354";1354;2
"1355";1355;2
"1356";1356;2
"1357";1357;2
"1358";1358;2
"1359";1359;2
"1360";1360;2
"1361";1361;2
"1362";1362;0
"1363";1363;2
"1364";1364;2
"1365";1365;2
"1366";1366;2
"1367";1367;2
"1368";1368;2
"1369";1369;1
"1370";1370;2
"1371";1371;1
"1372";1372;2
"1373";1373;1
"1374";1374;0
"1375";1375;0
"1376";1376;2
"1377";1377;1
"1378";1378;2
"1379";1379;2
"1380";1380;2
"1381";1381;1
"1382";1382;2
"1383";1383;2
"1384";1384;2
"1385";1385;2
"1386";1386;1
"1387";1387;2
"1388";1388;2
"1389";1389;1
"1390";1390;2
"1391";1391;2
"1392";1392;2
"1393";1393;1
"1394";1394;2
"1395";1395;2
"1396";1396;2
"1397";1397;2
"1398";1398;1
"1399";1399;1
"1400";1400;1
"1401";1401;2
"1402";1402;2
"1403";1403;1
"1404";1404;2
"1405";1405;2
"1406";1406;2
"1407";1407;1
"1408";1408;2
"1409";1409;2
"1410";1410;0
"1411";1411;2
"1412";1412;1
"1413";1413;1
"1414";1414;2
"1415";1415;2
"1416";1416;2
"1417";1417;2
"1418";1418;1
"1419";1419;1
"1420";1420;2
"1421";1421;2
"1422";1422;2
"1423";1423;1
"1424";1424;1
"1425";1425;2
"1426";1426;2
"1427";1427;2
"1428";1428;2
"1429";1429;2
"1430";1430;2
"1431";1431;2
"1432";1432;1
"1433";1433;2
"1434";1434;1
"1435";1435;2
"1436";1436;2
"1437";1437;2
"1438";1438;2
"1439";1439;1
"1440";1440;1
"1441";1441;1
"1442";1442;1
"1443";1443;1
"1444";1444;1
"1445";1445;2
"1446";1446;2
"1447";1447;2
"1448";1448;2
"1449";1449;2
"1450";1450;2
"1451";1451;2
"1452";1452;2
"1453";1453;1
"1454";1454;1
"1455";1455;2
"1456";1456;2
"1457";1457;2
"1458";1458;2
"1459";1459;2
"1460";1460;2
"1461";1461;2
"1462";1462;2
"1463";1463;2
"1464";1464;1
"1465";1465;1
"1466";1466;2
"1467";1467;2
"1468";1468;2
"1469";1469;2
"1470";1470;2
"1471";1471;2
"1472";1472;2
"1473";1473;1
"1474";1474;2
"1475";1475;2
"1476";1476;2
"1477";1477;2
"1478";1478;2
"1479";1479;1
"1480";1480;2
"1481";1481;2
"1482";1482;0
"1483";1483;2
"1484";1484;2
"1485";1485;2
"1486";1486;2
"1487";1487;2
"1488";1488;1
"1489";1489;1
"1490";1490;1
"1491";1491;1
"1492";1492;1
"1493";1493;1
"1494";1494;1
"1495";1495;2
"1496";1496;1
"1497";1497;1
"1498";1498;1
"1499";1499;2
"1500";1500;2
"1501";1501;2
"1502";1502;2
"1503";1503;2
"1504";1504;2
"1505";1505;1
"1506";1506;1
"1507";1507;2
"1508";1508;1
"1509";1509;2
"1510";1510;2
"1511";1511;1
"1512";1512;0
"1513";1513;2
"1514";1514;2
"1515";1515;2
"1516";1516;2
"1517";1517;2
"1518";1518;2
"1519";1519;1
"1520";1520;1
"1521";1521;2
"1522";1522;2
"1523";1523;2
"1524";1524;2
"1525";1525;2
"1526";1526;2
"1527";1527;2
"1528";1528;2
"1529";1529;2
"1530";1530;0
"1531";1531;0
"1532";1532;1
"1533";1533;2
"1534";1534;2
"1535";1535;2
"1536";1536;1
"1537";1537;2
"1538";1538;1
"1539";1539;1
"1540";1540;1
"1541";1541;1
"1542";1542;2
"1543";1543;2
"1544";1544;2
"1545";1545;2
"1546";1546;2
"1547";1547;2
"1548";1548;2
"1549";1549;2
"1550";1550;1
"1551";1551;1
"1552";1552;1
"1553";1553;1
"1554";1554;1
"1555";1555;1
"1556";1556;1
"1557";1557;1
"1558";1558;2
"1559";1559;1
"1560";1560;2
"1561";1561;2
"1562";1562;1
"1563";1563;1
"1564";1564;1
"1565";1565;1
"1566";1566;1
"1567";1567;1
"1568";1568;2
"1569";1569;2
"1570";1570;2
"1571";1571;1
"1572";1572;2
"1573";1573;2
"1574";1574;2
"1575";1575;2
"1576";1576;2
"1577";1577;1
"1578";1578;1
"1579";1579;1
"1580";1580;2
"1581";1581;0
"1582";1582;2
"1583";1583;1
"1584";1584;2
"1585";1585;1
"1586";1586;1
"1587";1587;1
"1588";1588;2
"1589";1589;1
"1590";1590;1
"1591";1591;2
"1592";1592;1
"1593";1593;1
"1594";1594;2
"1595";1595;2
"1596";1596;1
"1597";1597;2
"1598";1598;2
"1599";1599;2
"1600";1600;2
"1601";1601;2
"1602";1602;2
"1603";1603;2
"1604";1604;2
"1605";1605;1
"1606";1606;2
"1607";1607;2
"1608";1608;2
"1609";1609;2
"1610";1610;2
"1611";1611;2
"1612";1612;2
"1613";1613;2
"1614";1614;2
"1615";1615;1
"1616";1616;2
"1617";1617;1
"1618";1618;2
"1619";1619;2
"1620";1620;2
"1621";1621;2
"1622";1622;2
"1623";1623;2
"1624";1624;2
"1625";1625;2
"1626";1626;2
"1627";1627;2
"1628";1628;2
"1629";1629;2
"1630";1630;2
"1631";1631;2
"1632";1632;2
"1633";1633;2
"1634";1634;2
"1635";1635;2
"1636";1636;2
"1637";1637;2
"1638";1638;2
"1639";1639;2
"1640";1640;1
"1641";1641;1
"1642";1642;1
"1643";1643;2
"1644";1644;1
"1645";1645;2
"1646";1646;1
"1647";1647;2
"1648";1648;2
"1649";1649;1
"1650";1650;2
"1651";1651;2
"1652";1652;2
"1653";1653;2
"1654";1654;2
"1655";1655;2
"1656";1656;2
"1657";1657;2
"1658";1658;1
"1659";1659;2
"1660";1660;2
"1661";1661;1
"1662";1662;2
"1663";1663;2
"1664";1664;2
"1665";1665;2
"1666";1666;2
"1667";1667;2
"1668";1668;2
"1669";1669;2
"1670";1670;1
"1671";1671;2
"1672";1672;1
"1673";1673;2
"1674";1674;1
"1675";1675;1
"1676";1676;2
"1677";1677;1
"1678";1678;1
"1679";1679;1
"1680";1680;1
"1681";1681;1
"1682";1682;1
"1683";1683;2
"1684";1684;2
"1685";1685;2
"1686";1686;2
"1687";1687;2
"1688";1688;2
"1689";1689;1
"1690";1690;2
"1691";1691;1
"1692";1692;2
"1693";1693;2
"1694";1694;2
"1695";1695;2
"1696";1696;1
"1697";1697;2
"1698";1698;2
"1699";1699;2
"1700";1700;2
"1701";1701;0
"1702";1702;2
"1703";1703;2
"1704";1704;2
"1705";1705;2
"1706";1706;2
"1707";1707;2
"1708";1708;0
"1709";1709;2
"1710";1710;1
"1711";1711;2
"1712";1712;1
"1713";1713;2
"1714";1714;2
"1715";1715;2
"1716";1716;1
"1717";1717;2
"1718";1718;0
"1719";1719;2
"1720";1720;2
"1721";1721;2
"1722";1722;2
"1723";1723;2
"1724";1724;2
"1725";1725;1
"1726";1726;2
"1727";1727;2
"1728";1728;2
"1729";1729;2
"1730";1730;2
"1731";1731;2
"1732";1732;2
"1733";1733;2
"1734";1734;2
"1735";1735;2
"1736";1736;2
"1737";1737;1
"1738";1738;1
"1739";1739;1
"1740";1740;2
"1741";1741;2
"1742";1742;2
"1743";1743;2
"1744";1744;2
"1745";1745;2
"1746";1746;2
"1747";1747;1
"1748";1748;2
"1749";1749;2
"1750";1750;2
"1751";1751;2
"1752";1752;2
"1753";1753;1
"1754";1754;2
"1755";1755;1
"1756";1756;2
"1757";1757;1
"1758";1758;2
"1759";1759;2
"1760";1760;2
"1761";1761;2
"1762";1762;2
"1763";1763;2
"1764";1764;2
"1765";1765;2
"1766";1766;2
"1767";1767;2
"1768";1768;1
"1769";1769;1
"1770";1770;2
"1771";1771;2
"1772";1772;2
"1773";1773;2
"1774";1774;2
"1775";1775;2
"1776";1776;2
"1777";1777;2
"1778";1778;2
"1779";1779;2
"1780";1780;0
"1781";1781;2
"1782";1782;2
"1783";1783;2
"1784";1784;2
"1785";1785;1
"1786";1786;2
"1787";1787;2
"1788";1788;1
"1789";1789;2
"1790";1790;1
"1791";1791;2
"1792";1792;2
"1793";1793;2
"1794";1794;2
"1795";1795;1
"1796";1796;1
"1797";1797;1
"1798";1798;1
"1799";1799;2
"1800";1800;1
"1801";1801;1
"1802";1802;1
"1803";1803;2
"1804";1804;2
"1805";1805;2
"1806";1806;2
"1807";1807;2
"1808";1808;2
"1809";1809;2
"1810";1810;2
"1811";1811;1
"1812";1812;2
"1813";1813;2
"1814";1814;2
"1815";1815;2
"1816";1816;2
"1817";1817;2
"1818";1818;1
"1819";1819;1
"1820";1820;2
"1821";1821;2
"1822";1822;1
"1823";1823;1
"1824";1824;1
"1825";1825;2
"1826";1826;2
"1827";1827;2
"1828";1828;2
"1829";1829;2
"1830";1830;2
"1831";1831;2
"1832";1832;1
"1833";1833;2
"1834";1834;1
"1835";1835;2
"1836";1836;2
"1837";1837;2
"1838";1838;2
"1839";1839;2
"1840";1840;2
"1841";1841;2
"1842";1842;0
"1843";1843;2
"1844";1844;2
"1845";1845;2
"1846";1846;2
"1847";1847;1
"1848";1848;2
"1849";1849;2
"1850";1850;2
"1851";1851;2
"1852";1852;2
"1853";1853;2
"1854";1854;1
"1855";1855;0
"1856";1856;2
"1857";1857;1
"1858";1858;2
"1859";1859;1
"1860";1860;0
"1861";1861;2
"1862";1862;2
"1863";1863;1
"1864";1864;2
"1865";1865;1
"1866";1866;2
"1867";1867;2
"1868";1868;2
"1869";1869;2
"1870";1870;2
"1871";1871;1
"1872";1872;2
"1873";1873;2
"1874";1874;2
"1875";1875;2
"1876";1876;1
"1877";1877;2
"1878";1878;2
"1879";1879;2
"1880";1880;2
"1881";1881;1
"1882";1882;2
"1883";1883;2
"1884";1884;2
"1885";1885;0
"1886";1886;2
"1887";1887;2
"1888";1888;2
"1889";1889;2
"1890";1890;2
"1891";1891;2
"1892";1892;2
"1893";1893;2
"1894";1894;1
"1895";1895;1
"1896";1896;2
"1897";1897;1
"1898";1898;2
"1899";1899;2
"1900";1900;2
"1901";1901;2
"1902";1902;1
"1903";1903;1
"1904";1904;2
"1905";1905;1
"1906";1906;2
"1907";1907;2
"1908";1908;2
"1909";1909;2
"1910";1910;2
"1911";1911;2
"1912";1912;1
"1913";1913;1
"1914";1914;2
"1915";1915;2
"1916";1916;2
"1917";1917;1
"1918";1918;1
"1919";1919;1
"1920";1920;2
"1921";1921;2
"1922";1922;1
"1923";1923;1
"1924";1924;1
"1925";1925;1
"1926";1926;1
"1927";1927;2
"1928";1928;2
"1929";1929;2
"1930";1930;2
"1931";1931;2
"1932";1932;2
"1933";1933;1
"1934";1934;2
"1935";1935;2
"1936";1936;2
"1937";1937;2
"1938";1938;2
"1939";1939;2
"1940";1940;2
"1941";1941;2
"1942";1942;1
"1943";1943;1
"1944";1944;2
"1945";1945;2
"1946";1946;2
"1947";1947;2
"1948";1948;2
"1949";1949;2
"1950";1950;2
"1951";1951;2
"1952";1952;2
"1953";1953;2
"1954";1954;2
"1955";1955;1
"1956";1956;1
"1957";1957;2
"1958";1958;2
"1959";1959;1
"1960";1960;2
"1961";1961;2
"1962";1962;2
"1963";1963;2
"1964";1964;1
"1965";1965;1
"1966";1966;2
"1967";1967;2
"1968";1968;2
"1969";1969;1
"1970";1970;2
"1971";1971;2
"1972";1972;2
"1973";1973;1
"1974";1974;1
"1975";1975;2
"1976";1976;2
"1977";1977;2
"1978";1978;2
"1979";1979;1
"1980";1980;1
"1981";1981;1
"1982";1982;2
"1983";1983;2
"1984";1984;1
"1985";1985;2
"1986";1986;2
"1987";1987;2
"1988";1988;2
"1989";1989;2
"1990";1990;1
"1991";1991;2
"1992";1992;2
"1993";1993;2
"1994";1994;2
"1995";1995;2
"1996";1996;2
"1997";1997;2
"1998";1998;2
"1999";1999;2
"2000";2000;2
"2001";2001;1
"2002";2002;2
"2003";2003;2
"2004";2004;2
"2005";2005;2
"2006";2006;2
"2007";2007;2
"2008";2008;2
"2009";2009;2
"2010";2010;2
"2011";2011;2
"2012";2012;2
"2013";2013;2
"2014";2014;2
"2015";2015;2
"2016";2016;2
"2017";2017;2
"2018";2018;2
"2019";2019;2
"2020";2020;2
"2021";2021;2
"2022";2022;2
"2023";2023;2
"2024";2024;2
"2025";2025;2
"2026";2026;2
"2027";2027;2
"2028";2028;2
"2029";2029;0
"2030";2030;2
"2031";2031;2
"2032";2032;2
"2033";2033;2
"2034";2034;2
"2035";2035;2
"2036";2036;2
"2037";2037;2
"2038";2038;1
"2039";2039;2
"2040";2040;2
"2041";2041;2
"2042";2042;2
"2043";2043;2
"2044";2044;1
"2045";2045;2
"2046";2046;2
"2047";2047;2
"2048";2048;2
"2049";2049;2
"2050";2050;2
"2051";2051;2
"2052";2052;2
"2053";2053;2
"2054";2054;2
"2055";2055;2
"2056";2056;2
"2057";2057;2
"2058";2058;2
"2059";2059;0
"2060";2060;2
"2061";2061;2
"2062";2062;2
"2063";2063;2
"2064";2064;2
"2065";2065;2
"2066";2066;2
"2067";2067;0
"2068";2068;2
"2069";2069;2
"2070";2070;2
"2071";2071;2
"2072";2072;2
"2073";2073;2
"2074";2074;2
"2075";2075;1
"2076";2076;1
"2077";2077;2
"2078";2078;2
"2079";2079;2
"2080";2080;2
"2081";2081;2
"2082";2082;1
"2083";2083;2
"2084";2084;2
"2085";2085;2
"2086";2086;2
"2087";2087;2
"2088";2088;2
"2089";2089;2
"2090";2090;2
"2091";2091;2
"2092";2092;2
"2093";2093;2
"2094";2094;2
"2095";2095;1
"2096";2096;2
"2097";2097;2
"2098";2098;2
"2099";2099;2
"2100";2100;2
"2101";2101;2
"2102";2102;2
"2103";2103;0
"2104";2104;1
"2105";2105;2
"2106";2106;2
"2107";2107;2
"2108";2108;2
"2109";2109;2
"2110";2110;2
"2111";2111;2
"2112";2112;1
"2113";2113;2
"2114";2114;2
"2115";2115;1
"2116";2116;2
"2117";2117;2
"2118";2118;2
"2119";2119;2
"2120";2120;2
"2121";2121;2
"2122";2122;2
"2123";2123;2
"2124";2124;2
"2125";2125;2
"2126";2126;2
"2127";2127;2
"2128";2128;2
"2129";2129;2
"2130";2130;2
"2131";2131;2
"2132";2132;2
"2133";2133;2
"2134";2134;2
"2135";2135;2
"2136";2136;2
"2137";2137;2
"2138";2138;2
"2139";2139;2
"2140";2140;2
"2141";2141;2
"2142";2142;2
"2143";2143;2
"2144";2144;2
"2145";2145;2
"2146";2146;2
"2147";2147;1
"2148";2148;1
"2149";2149;2
"2150";2150;2
"2151";2151;2
"2152";2152;2
"2153";2153;2
"2154";2154;2
"2155";2155;2
"2156";2156;2
"2157";2157;2
"2158";2158;2
"2159";2159;2
"2160";2160;2
"2161";2161;2
"2162";2162;2
"2163";2163;2
"2164";2164;2
"2165";2165;2
"2166";2166;2
"2167";2167;0
"2168";2168;2
"2169";2169;2
"2170";2170;2
"2171";2171;2
"2172";2172;2
"2173";2173;2
"2174";2174;2
"2175";2175;2
"2176";2176;1
"2177";2177;2
"2178";2178;0
"2179";2179;2
"2180";2180;2
"2181";2181;2
"2182";2182;2
"2183";2183;2
"2184";2184;2
"2185";2185;2
"2186";2186;2
"2187";2187;2
"2188";2188;2
"2189";2189;2
"2190";2190;2
"2191";2191;2
"2192";2192;2
"2193";2193;2
"2194";2194;2
"2195";2195;2
"2196";2196;2
"2197";2197;2
"2198";2198;2
"2199";2199;2
"2200";2200;2
"2201";2201;1
"2202";2202;2
"2203";2203;2
"2204";2204;2
"2205";2205;2
"2206";2206;2
"2207";2207;2
"2208";2208;2
"2209";2209;2
"2210";2210;0
"2211";2211;2
"2212";2212;2
"2213";2213;2
"2214";2214;2
"2215";2215;2
"2216";2216;2
"2217";2217;2
"2218";2218;2
"2219";2219;2
"2220";2220;2
"2221";2221;2
"2222";2222;0
"2223";2223;2
"2224";2224;2
"2225";2225;2
"2226";2226;2
"2227";2227;2
"2228";2228;1
"2229";2229;2
"2230";2230;2
"2231";2231;2
"2232";2232;2
"2233";2233;2
"2234";2234;2
"2235";2235;2
"2236";2236;2
"2237";2237;2
"2238";2238;2
"2239";2239;2
"2240";2240;2
"2241";2241;2
"2242";2242;2
"2243";2243;2
"2244";2244;2
"2245";2245;2
"2246";2246;2
"2247";2247;2
"2248";2248;1
"2249";2249;2
"2250";2250;1
"2251";2251;2
"2252";2252;2
"2253";2253;2
"2254";2254;2
"2255";2255;2
"2256";2256;2
"2257";2257;2
"2258";2258;2
"2259";2259;2
"2260";2260;1
"2261";2261;1
"2262";2262;2
"2263";2263;0
"2264";2264;2
"2265";2265;2
"2266";2266;2
"2267";2267;2
"2268";2268;2
"2269";2269;2
"2270";2270;2
"2271";2271;2
"2272";2272;1
"2273";2273;2
"2274";2274;2
"2275";2275;2
"2276";2276;2
"2277";2277;2
"2278";2278;2
"2279";2279;2
"2280";2280;2
"2281";2281;2
"2282";2282;2
"2283";2283;2
"2284";2284;2
"2285";2285;2
"2286";2286;2
"2287";2287;2
"2288";2288;2
"2289";2289;2
"2290";2290;1
"2291";2291;2
"2292";2292;2
"2293";2293;2
"2294";2294;2
"2295";2295;1
"2296";2296;2
"2297";2297;2
"2298";2298;2
"2299";2299;1
"2300";2300;1
"2301";2301;2
"2302";2302;2
"2303";2303;0
"2304";2304;2
"2305";2305;2
"2306";2306;2
"2307";2307;1
"2308";2308;0
"2309";2309;1
"2310";2310;1
"2311";2311;1
"2312";2312;1
"2313";2313;1
"2314";2314;2
"2315";2315;2
"2316";2316;2
"2317";2317;1
"2318";2318;2
"2319";2319;2
"2320";2320;1
"2321";2321;2
"2322";2322;2
"2323";2323;2
"2324";2324;2
"2325";2325;2
"2326";2326;2
"2327";2327;2
"2328";2328;2
"2329";2329;2
"2330";2330;2
"2331";2331;2
"2332";2332;2
"2333";2333;2
"2334";2334;2
"2335";2335;2
"2336";2336;2
"2337";2337;2
"2338";2338;2
"2339";2339;2
"2340";2340;2
"2341";2341;2
"2342";2342;2
"2343";2343;2
"2344";2344;2
"2345";2345;2
"2346";2346;2
"2347";2347;0
"2348";2348;2
"2349";2349;2
"2350";2350;2
"2351";2351;2
"2352";2352;2
"2353";2353;2
"2354";2354;2
"2355";2355;2
"2356";2356;1
"2357";2357;2
"2358";2358;2
"2359";2359;2
"2360";2360;2
"2361";2361;2
"2362";2362;2
"2363";2363;2
"2364";2364;2
"2365";2365;2
"2366";2366;2
"2367";2367;2
"2368";2368;2
"2369";2369;1
"2370";2370;2
"2371";2371;2
"2372";2372;2
"2373";2373;2
"2374";2374;1
"2375";2375;1
"2376";2376;2
"2377";2377;1
"2378";2378;1
"2379";2379;1
"2380";2380;2
"2381";2381;2
"2382";2382;1
"2383";2383;2
"2384";2384;1
"2385";2385;2
"2386";2386;2
"2387";2387;2
"2388";2388;2
"2389";2389;2
"2390";2390;1
"2391";2391;2
"2392";2392;2
"2393";2393;2
"2394";2394;2
"2395";2395;1
"2396";2396;1
"2397";2397;2
"2398";2398;2
"2399";2399;2
"2400";2400;1
"2401";2401;2
"2402";2402;1
"2403";2403;2
"2404";2404;1
"2405";2405;2
"2406";2406;2
"2407";2407;2
"2408";2408;2
"2409";2409;1
"2410";2410;2
"2411";2411;1
"2412";2412;1
"2413";2413;0
"2414";2414;0
"2415";2415;2
"2416";2416;2
"2417";2417;2
"2418";2418;2
"2419";2419;2
"2420";2420;2
"2421";2421;2
"2422";2422;2
"2423";2423;2
"2424";2424;2
"2425";2425;2
"2426";2426;2
"2427";2427;2
"2428";2428;2
"2429";2429;1
"2430";2430;2
"2431";2431;2
"2432";2432;1
"2433";2433;2
"2434";2434;1
"2435";2435;2
"2436";2436;2
"2437";2437;2
"2438";2438;2
"2439";2439;2
"2440";2440;2
"2441";2441;2
"2442";2442;2
"2443";2443;2
"2444";2444;2
"2445";2445;0
"2446";2446;2
"2447";2447;2
"2448";2448;2
"2449";2449;2
"2450";2450;2
"2451";2451;2
"2452";2452;2
"2453";2453;2
"2454";2454;2
"2455";2455;2
"2456";2456;2
"2457";2457;1
"2458";2458;2
"2459";2459;2
"2460";2460;2
"2461";2461;2
"2462";2462;2
"2463";2463;2
"2464";2464;1
"2465";2465;2
"2466";2466;2
"2467";2467;2
"2468";2468;2
"2469";2469;2
"2470";2470;2
"2471";2471;2
"2472";2472;2
"2473";2473;2
"2474";2474;2
"2475";2475;2
"2476";2476;2
"2477";2477;2
"2478";2478;2
"2479";2479;2
"2480";2480;2
"2481";2481;1
"2482";2482;2
"2483";2483;2
"2484";2484;2
"2485";2485;2
"2486";2486;2
"2487";2487;2
"2488";2488;2
"2489";2489;2
"2490";2490;2
"2491";2491;2
"2492";2492;2
"2493";2493;2
"2494";2494;2
"2495";2495;2
"2496";2496;2
"2497";2497;2
"2498";2498;2
"2499";2499;1
"2500";2500;2
"2501";2501;2
"2502";2502;2
"2503";2503;2
"2504";2504;2
"2505";2505;2
"2506";2506;2
"2507";2507;2
"2508";2508;2
"2509";2509;0
"2510";2510;2
"2511";2511;2
"2512";2512;1
"2513";2513;2
"2514";2514;2
"2515";2515;2
"2516";2516;2
"2517";2517;2
"2518";2518;2
"2519";2519;2
"2520";2520;2
"2521";2521;2
"2522";2522;2
"2523";2523;2
"2524";2524;2
"2525";2525;2
"2526";2526;2
"2527";2527;2
"2528";2528;2
"2529";2529;2
"2530";2530;2
"2531";2531;2
"2532";2532;2
"2533";2533;2
"2534";2534;2
"2535";2535;2
"2536";2536;2
"2537";2537;2
"2538";2538;2
"2539";2539;2
"2540";2540;2
"2541";2541;2
"2542";2542;2
"2543";2543;1
"2544";2544;1
"2545";2545;2
"2546";2546;2
"2547";2547;2
"2548";2548;1
"2549";2549;2
"2550";2550;2
"2551";2551;2
"2552";2552;2
"2553";2553;2
"2554";2554;2
"2555";2555;2
"2556";2556;2
"2557";2557;2
"2558";2558;2
"2559";2559;2
"2560";2560;2
"2561";2561;2
"2562";2562;2
"2563";2563;2
"2564";2564;2
"2565";2565;2
"2566";2566;2
"2567";2567;2
"2568";2568;2
"2569";2569;2
"2570";2570;2
"2571";2571;2
"2572";2572;2
"2573";2573;2
"2574";2574;2
"2575";2575;2
"2576";2576;2
"2577";2577;2
"2578";2578;2
"2579";2579;2
"2580";2580;2
"2581";2581;1
"2582";2582;2
"2583";2583;2
"2584";2584;2
"2585";2585;2
"2586";2586;2
"2587";2587;2
"2588";2588;2
"2589";2589;2
"2590";2590;2
"2591";2591;2
"2592";2592;2
"2593";2593;2
"2594";2594;2
"2595";2595;2
"2596";2596;2
"2597";2597;2
"2598";2598;1
"2599";2599;2
"2600";2600;2
"2601";2601;2
"2602";2602;2
"2603";2603;2
"2604";2604;2
"2605";2605;1
"2606";2606;2
"2607";2607;2
"2608";2608;2
"2609";2609;2
"2610";2610;2
"2611";2611;2
"2612";2612;2
"2613";2613;2
"2614";2614;2
"2615";2615;2
"2616";2616;2
"2617";2617;2
"2618";2618;2
"2619";2619;2
"2620";2620;2
"2621";2621;2
"2622";2622;2
"2623";2623;2
"2624";2624;2
"2625";2625;2
"2626";2626;2
"2627";2627;2
"2628";2628;2
"2629";2629;1
"2630";2630;2
"2631";2631;2
"2632";2632;2
"2633";2633;2
"2634";2634;2
"2635";2635;2
"2636";2636;2
"2637";2637;2
"2638";2638;1
"2639";2639;2
"2640";2640;2
"2641";2641;2
"2642";2642;2
"2643";2643;2
"2644";2644;2
"2645";2645;2
"2646";2646;2
"2647";2647;2
"2648";2648;2
"2649";2649;2
"2650";2650;1
"2651";2651;2
"2652";2652;2
"2653";2653;2
"2654";2654;2
"2655";2655;2
"2656";2656;2
"2657";2657;1
"2658";2658;2
"2659";2659;2
"2660";2660;2
"2661";2661;2
"2662";2662;2
"2663";2663;2
"2664";2664;2
"2665";2665;2
"2666";2666;2
"2667";2667;2
"2668";2668;2
"2669";2669;2
"2670";2670;2
"2671";2671;2
"2672";2672;2
"2673";2673;2
"2674";2674;2
"2675";2675;2
"2676";2676;2
"2677";2677;2
"2678";2678;2
"2679";2679;2
"2680";2680;2
"2681";2681;2
"2682";2682;1
"2683";2683;2
"2684";2684;1
"2685";2685;2
"2686";2686;1
"2687";2687;1
"2688";2688;1
"2689";2689;1
"2690";2690;2
"2691";2691;1
"2692";2692;1
"2693";2693;1
"2694";2694;1
"2695";2695;1
"2696";2696;1
"2697";2697;2
"2698";2698;2
"2699";2699;2
"2700";2700;2
"2701";2701;2
"2702";2702;2
"2703";2703;2
"2704";2704;1
"2705";2705;1
"2706";2706;2
"2707";2707;2
"2708";2708;2
"2709";2709;2
"2710";2710;2
"2711";2711;2
"2712";2712;2
"2713";2713;1
"2714";2714;1
"2715";2715;1
"2716";2716;1
"2717";2717;0
"2718";2718;1
"2719";2719;2
"2720";2720;2
"2721";2721;2
"2722";2722;2
"2723";2723;2
"2724";2724;2
"2725";2725;2
"2726";2726;2
"2727";2727;2
"2728";2728;2
"2729";2729;2
"2730";2730;2
"2731";2731;2
"2732";2732;2
"2733";2733;2
"2734";2734;2
"2735";2735;2
"2736";2736;2
"2737";2737;1
"2738";2738;1
"2739";2739;2
"2740";2740;1
"2741";2741;1
"2742";2742;1
"2743";2743;1
"2744";2744;2
"2745";2745;2
"2746";2746;2
"2747";2747;2
"2748";2748;2
"2749";2749;0
"2750";2750;2
"2751";2751;2
"2752";2752;2
"2753";2753;1
"2754";2754;2
"2755";2755;2
"2756";2756;2
"2757";2757;1
"2758";2758;1
"2759";2759;2
"2760";2760;2
"2761";2761;2
"2762";2762;2
"2763";2763;2
"2764";2764;1
"2765";2765;1
"2766";2766;1
"2767";2767;2
"2768";2768;2
"2769";2769;2
"2770";2770;2
"2771";2771;0
"2772";2772;2
"2773";2773;1
"2774";2774;2
"2775";2775;2
"2776";2776;2
"2777";2777;2
"2778";2778;2
"2779";2779;2
"2780";2780;1
"2781";2781;2
"2782";2782;2
"2783";2783;2
"2784";2784;2
"2785";2785;2
"2786";2786;2
"2787";2787;2
"2788";2788;2
"2789";2789;2
"2790";2790;2
"2791";2791;2
"2792";2792;2
"2793";2793;1
"2794";2794;2
"2795";2795;2
"2796";2796;2
"2797";2797;2
"2798";2798;2
"2799";2799;2
"2800";2800;2
"2801";2801;0
"2802";2802;2
"2803";2803;2
"2804";2804;2
"2805";2805;2
"2806";2806;1
"2807";2807;2
"2808";2808;2
"2809";2809;2
"2810";2810;2
"2811";2811;2
"2812";2812;2
"2813";2813;2
"2814";2814;2
"2815";2815;2
"2816";2816;2
"2817";2817;2
"2818";2818;2
"2819";2819;2
"2820";2820;1
"2821";2821;1
"2822";2822;2
"2823";2823;2
"2824";2824;2
"2825";2825;2
"2826";2826;2
"2827";2827;2
"2828";2828;2
"2829";2829;2
"2830";2830;2
"2831";2831;2
"2832";2832;2
"2833";2833;2
"2834";2834;2
"2835";2835;2
"2836";2836;2
"2837";2837;2
"2838";2838;2
"2839";2839;2
"2840";2840;1
"2841";2841;2
"2842";2842;2
"2843";2843;1
"2844";2844;2
"2845";2845;1
"2846";2846;2
"2847";2847;2
"2848";2848;2
"2849";2849;2
"2850";2850;2
"2851";2851;1
"2852";2852;2
"2853";2853;2
"2854";2854;2
"2855";2855;1
"2856";2856;2
"2857";2857;2
"2858";2858;2
"2859";2859;2
"2860";2860;2
"2861";2861;2
"2862";2862;1
"2863";2863;1
"2864";2864;2
"2865";2865;2
"2866";2866;2
"2867";2867;2
"2868";2868;2
"2869";2869;2
"2870";2870;2
"2871";2871;2
"2872";2872;2
"2873";2873;2
"2874";2874;2
"2875";2875;2
"2876";2876;2
"2877";2877;2
"2878";2878;2
"2879";2879;2
"2880";2880;2
"2881";2881;2
"2882";2882;2
"2883";2883;2
"2884";2884;2
"2885";2885;2
"2886";2886;2
"2887";2887;2
"2888";2888;2
"2889";2889;2
"2890";2890;2
"2891";2891;0
"2892";2892;0
"2893";2893;2
"2894";2894;2
"2895";2895;1
"2896";2896;2
"2897";2897;2
"2898";2898;1
"2899";2899;2
"2900";2900;2
"2901";2901;2
"2902";2902;2
"2903";2903;2
"2904";2904;2
"2905";2905;2
"2906";2906;1
"2907";2907;2
"2908";2908;2
"2909";2909;2
"2910";2910;2
"2911";2911;2
"2912";2912;2
"2913";2913;1
"2914";2914;2
"2915";2915;1
"2916";2916;2
"2917";2917;1
"2918";2918;1
"2919";2919;2
"2920";2920;2
"2921";2921;2
"2922";2922;2
"2923";2923;2
"2924";2924;2
"2925";2925;2
"2926";2926;2
"2927";2927;2
"2928";2928;2
"2929";2929;2
"2930";2930;2
"2931";2931;2
"2932";2932;2
"2933";2933;2
"2934";2934;2
"2935";2935;2
"2936";2936;2
"2937";2937;2
"2938";2938;2
"2939";2939;2
"2940";2940;1
"2941";2941;2
"2942";2942;2
"2943";2943;1
"2944";2944;2
"2945";2945;2
"2946";2946;1
"2947";2947;2
"2948";2948;2
"2949";2949;1
"2950";2950;1
"2951";2951;2
"2952";2952;2
"2953";2953;2
"2954";2954;2
"2955";2955;1
"2956";2956;1
"2957";2957;2
"2958";2958;2
"2959";2959;2
"2960";2960;2
"2961";2961;1
"2962";2962;0
"2963";2963;0
"2964";2964;1
"2965";2965;1
"2966";2966;2
"2967";2967;2
"2968";2968;2
"2969";2969;2
"2970";2970;2
"2971";2971;2
"2972";2972;2
"2973";2973;2
"2974";2974;2
"2975";2975;2
"2976";2976;2
"2977";2977;2
"2978";2978;2
"2979";2979;2
"2980";2980;0
"2981";2981;2
"2982";2982;2
"2983";2983;2
"2984";2984;0
"2985";2985;1
"2986";2986;2
"2987";2987;1
"2988";2988;2
"2989";2989;2
"2990";2990;2
"2991";2991;2
"2992";2992;2
"2993";2993;2
"2994";2994;2
"2995";2995;2
"2996";2996;2
"2997";2997;2
"2998";2998;2
"2999";2999;2
"3000";3000;2
"3001";3001;2
"3002";3002;2
"3003";3003;2
"3004";3004;2
"3005";3005;1
"3006";3006;2
"3007";3007;2
"3008";3008;2
"3009";3009;2
"3010";3010;2
"3011";3011;1
"3012";3012;2
"3013";3013;2
"3014";3014;2
"3015";3015;1
"3016";3016;1
"3017";3017;2
"3018";3018;2
"3019";3019;1
"3020";3020;2
"3021";3021;1
"3022";3022;1
"3023";3023;1
"3024";3024;1
"3025";3025;1
"3026";3026;1
"3027";3027;2
"3028";3028;2
"3029";3029;2
"3030";3030;2
"3031";3031;1
"3032";3032;2
"3033";3033;2
"3034";3034;2
"3035";3035;2
"3036";3036;2
"3037";3037;1
"3038";3038;1
"3039";3039;1
"3040";3040;2
"3041";3041;1
"3042";3042;1
"3043";3043;1
"3044";3044;1
"3045";3045;2
"3046";3046;2
"3047";3047;2
"3048";3048;2
"3049";3049;2
"3050";3050;1
"3051";3051;1
"3052";3052;1
"3053";3053;1
"3054";3054;1
"3055";3055;2
"3056";3056;1
"3057";3057;1
"3058";3058;2
"3059";3059;1
"3060";3060;1
"3061";3061;2
"3062";3062;1
"3063";3063;2
"3064";3064;2
"3065";3065;2
"3066";3066;2
"3067";3067;1
"3068";3068;2
"3069";3069;2
"3070";3070;2
"3071";3071;2
"3072";3072;2
"3073";3073;2
"3074";3074;2
"3075";3075;1
"3076";3076;2
"3077";3077;2
"3078";3078;2
"3079";3079;2
"3080";3080;1
"3081";3081;2
"3082";3082;2
"3083";3083;2
"3084";3084;2
"3085";3085;2
"3086";3086;2
"3087";3087;2
"3088";3088;1
"3089";3089;1
"3090";3090;2
"3091";3091;2
"3092";3092;2
"3093";3093;2
"3094";3094;2
"3095";3095;2
"3096";3096;2
"3097";3097;2
"3098";3098;2
"3099";3099;2
"3100";3100;2
"3101";3101;2
"3102";3102;2
"3103";3103;2
"3104";3104;1
"3105";3105;2
"3106";3106;2
"3107";3107;0
"3108";3108;2
"3109";3109;2
"3110";3110;1
"3111";3111;2
"3112";3112;2
"3113";3113;2
"3114";3114;2
"3115";3115;2
"3116";3116;1
"3117";3117;2
"3118";3118;2
"3119";3119;2
"3120";3120;2
"3121";3121;2
"3122";3122;1
"3123";3123;2
"3124";3124;2
"3125";3125;0
"3126";3126;2
"3127";3127;2
"3128";3128;2
"3129";3129;2
"3130";3130;2
"3131";3131;2
"3132";3132;2
"3133";3133;2
"3134";3134;2
"3135";3135;2
"3136";3136;2
"3137";3137;2
"3138";3138;1
"3139";3139;2
"3140";3140;1
"3141";3141;1
"3142";3142;2
"3143";3143;2
"3144";3144;2
"3145";3145;2
"3146";3146;0
"3147";3147;2
"3148";3148;0
"3149";3149;2
"3150";3150;1
"3151";3151;2
"3152";3152;1
"3153";3153;1
"3154";3154;2
"3155";3155;2
"3156";3156;2
"3157";3157;1
"3158";3158;2
"3159";3159;2
"3160";3160;2
"3161";3161;2
"3162";3162;2
"3163";3163;2
"3164";3164;2
"3165";3165;1
"3166";3166;2
"3167";3167;2
"3168";3168;2
"3169";3169;1
"3170";3170;2
"3171";3171;2
"3172";3172;2
"3173";3173;2
"3174";3174;2
"3175";3175;2
"3176";3176;2
"3177";3177;1
"3178";3178;0
"3179";3179;2
"3180";3180;2
"3181";3181;2
"3182";3182;2
"3183";3183;2
"3184";3184;2
"3185";3185;1
"3186";3186;1
"3187";3187;2
"3188";3188;2
"3189";3189;1
"3190";3190;2
"3191";3191;2
"3192";3192;1
"3193";3193;2
"3194";3194;2
"3195";3195;1
"3196";3196;1
"3197";3197;1
"3198";3198;2
"3199";3199;2
"3200";3200;2
"3201";3201;2
"3202";3202;2
"3203";3203;2
"3204";3204;2
"3205";3205;2
"3206";3206;2
"3207";3207;2
"3208";3208;1
"3209";3209;2
"3210";3210;2
"3211";3211;2
"3212";3212;2
"3213";3213;2
"3214";3214;2
"3215";3215;1
"3216";3216;1
"3217";3217;1
"3218";3218;1
"3219";3219;2
"3220";3220;2
"3221";3221;2
"3222";3222;2
"3223";3223;2
"3224";3224;1
"3225";3225;2
"3226";3226;2
"3227";3227;2
"3228";3228;2
"3229";3229;1
"3230";3230;2
"3231";3231;2
"3232";3232;2
"3233";3233;2
"3234";3234;2
"3235";3235;2
"3236";3236;1
"3237";3237;1
"3238";3238;1
"3239";3239;2
"3240";3240;1
"3241";3241;1
"3242";3242;2
"3243";3243;0
"3244";3244;2
"3245";3245;1
"3246";3246;1
"3247";3247;2
"3248";3248;2
"3249";3249;2
"3250";3250;2
"3251";3251;0
"3252";3252;1
"3253";3253;2
"3254";3254;2
"3255";3255;2
"3256";3256;2
"3257";3257;2
"3258";3258;2
"3259";3259;2
"3260";3260;0
"3261";3261;1
"3262";3262;2
"3263";3263;1
"3264";3264;2
"3265";3265;2
"3266";3266;2
"3267";3267;2
"3268";3268;2
"3269";3269;2
"3270";3270;2
"3271";3271;2
"3272";3272;2
"3273";3273;2
"3274";3274;2
"3275";3275;0
"3276";3276;2
"3277";3277;2
"3278";3278;2
"3279";3279;2
"3280";3280;2
"3281";3281;2
"3282";3282;2
"3283";3283;2
"3284";3284;2
"3285";3285;2
"3286";3286;2
"3287";3287;2
"3288";3288;2
"3289";3289;1
"3290";3290;2
"3291";3291;2
"3292";3292;2
"3293";3293;2
"3294";3294;2
"3295";3295;2
"3296";3296;2
"3297";3297;2
"3298";3298;2
"3299";3299;2
"3300";3300;2
"3301";3301;2
"3302";3302;1
"3303";3303;2
"3304";3304;1
"3305";3305;2
"3306";3306;1
"3307";3307;1
"3308";3308;1
"3309";3309;1
"3310";3310;1
"3311";3311;1
"3312";3312;1
"3313";3313;1
"3314";3314;2
"3315";3315;2
"3316";3316;2
"3317";3317;2
"3318";3318;2
"3319";3319;2
"3320";3320;2
"3321";3321;2
"3322";3322;2
"3323";3323;2
"3324";3324;2
"3325";3325;2
"3326";3326;2
"3327";3327;2
"3328";3328;2
"3329";3329;2
"3330";3330;2
"3331";3331;2
"3332";3332;2
"3333";3333;2
"3334";3334;2
"3335";3335;2
"3336";3336;2
"3337";3337;2
"3338";3338;2
"3339";3339;2
"3340";3340;2
"3341";3341;2
"3342";3342;2
"3343";3343;2
"3344";3344;1
"3345";3345;2
"3346";3346;2
"3347";3347;1
"3348";3348;2
"3349";3349;2
"3350";3350;2
"3351";3351;2
"3352";3352;1
"3353";3353;1
"3354";3354;1
"3355";3355;2
"3356";3356;2
"3357";3357;1
"3358";3358;2
"3359";3359;1
"3360";3360;2
"3361";3361;2
"3362";3362;2
"3363";3363;2
"3364";3364;2
"3365";3365;2
"3366";3366;2
"3367";3367;2
"3368";3368;1
"3369";3369;1
"3370";3370;2
"3371";3371;2
"3372";3372;1
"3373";3373;1
"3374";3374;2
"3375";3375;1
"3376";3376;2
"3377";3377;2
"3378";3378;1
"3379";3379;1
"3380";3380;1
"3381";3381;1
"3382";3382;2
"3383";3383;2
"3384";3384;2
"3385";3385;2
"3386";3386;1
"3387";3387;2
"3388";3388;2
"3389";3389;2
"3390";3390;2
"3391";3391;1
"3392";3392;2
"3393";3393;2
"3394";3394;2
"3395";3395;1
"3396";3396;2
"3397";3397;2
"3398";3398;2
"3399";3399;2
"3400";3400;2
"3401";3401;2
"3402";3402;2
"3403";3403;2
"3404";3404;2
"3405";3405;2
"3406";3406;2
"3407";3407;2
"3408";3408;0
"3409";3409;2
"3410";3410;1
"3411";3411;2
"3412";3412;2
"3413";3413;2
"3414";3414;2
"3415";3415;2
"3416";3416;2
"3417";3417;2
"3418";3418;2
"3419";3419;2
"3420";3420;2
"3421";3421;2
"3422";3422;2
"3423";3423;2
"3424";3424;2
"3425";3425;2
"3426";3426;2
"3427";3427;2
"3428";3428;2
"3429";3429;1
"3430";3430;1
"3431";3431;2
"3432";3432;2
"3433";3433;2
"3434";3434;2
"3435";3435;1
"3436";3436;2
"3437";3437;2
"3438";3438;0
"3439";3439;2
"3440";3440;2
"3441";3441;2
"3442";3442;2
"3443";3443;2
"3444";3444;1
"3445";3445;2
"3446";3446;2
"3447";3447;2
"3448";3448;2
"3449";3449;2
"3450";3450;2
"3451";3451;2
"3452";3452;2
"3453";3453;2
"3454";3454;1
"3455";3455;2
"3456";3456;2
"3457";3457;2
"3458";3458;2
"3459";3459;1
"3460";3460;1
"3461";3461;1
"3462";3462;2
"3463";3463;2
"3464";3464;2
"3465";3465;1
"3466";3466;1
"3467";3467;1
"3468";3468;2
"3469";3469;1
"3470";3470;1
"3471";3471;2
"3472";3472;1
"3473";3473;2
"3474";3474;2
"3475";3475;2
"3476";3476;2
"3477";3477;1
"3478";3478;2
"3479";3479;2
"3480";3480;2
"3481";3481;2
"3482";3482;1
"3483";3483;2
"3484";3484;2
"3485";3485;2
"3486";3486;2
"3487";3487;2
"3488";3488;2
"3489";3489;2
"3490";3490;2
"3491";3491;1
"3492";3492;2
"3493";3493;1
"3494";3494;2
"3495";3495;2
"3496";3496;2
"3497";3497;2
"3498";3498;2
"3499";3499;2
"3500";3500;2
"3501";3501;2
"3502";3502;2
"3503";3503;2
"3504";3504;2
"3505";3505;2
"3506";3506;1
"3507";3507;0
"3508";3508;2
"3509";3509;1
"3510";3510;1
"3511";3511;2
"3512";3512;2
"3513";3513;2
"3514";3514;2
"3515";3515;2
"3516";3516;2
"3517";3517;2
"3518";3518;2
"3519";3519;2
"3520";3520;2
"3521";3521;2
"3522";3522;1
"3523";3523;2
"3524";3524;2
"3525";3525;2
"3526";3526;2
"3527";3527;2
"3528";3528;2
"3529";3529;2
"3530";3530;2
"3531";3531;2
"3532";3532;1
"3533";3533;2
"3534";3534;2
"3535";3535;1
"3536";3536;2
"3537";3537;1
"3538";3538;1
"3539";3539;2
"3540";3540;1
"3541";3541;2
"3542";3542;2
"3543";3543;2
"3544";3544;2
"3545";3545;2
"3546";3546;1
"3547";3547;1
"3548";3548;1
"3549";3549;1
"3550";3550;2
"3551";3551;2
"3552";3552;2
"3553";3553;2
"3554";3554;2
"3555";3555;2
"3556";3556;2
"3557";3557;2
"3558";3558;0
"3559";3559;2
"3560";3560;1
"3561";3561;1
"3562";3562;1
"3563";3563;1
"3564";3564;1
"3565";3565;1
"3566";3566;1
"3567";3567;1
"3568";3568;1
"3569";3569;1
"3570";3570;1
"3571";3571;1
"3572";3572;1
"3573";3573;1
"3574";3574;1
"3575";3575;2
"3576";3576;1
"3577";3577;1
"3578";3578;1
"3579";3579;1
"3580";3580;2
"3581";3581;1
"3582";3582;1
"3583";3583;1
"3584";3584;1
"3585";3585;1
"3586";3586;1
"3587";3587;2
"3588";3588;1
"3589";3589;1
"3590";3590;2
"3591";3591;1
"3592";3592;1
"3593";3593;1
"3594";3594;1
"3595";3595;1
"3596";3596;1
"3597";3597;1
"3598";3598;2
"3599";3599;1
"3600";3600;1
"3601";3601;1
"3602";3602;1
"3603";3603;1
"3604";3604;1
"3605";3605;1
"3606";3606;1
"3607";3607;2
"3608";3608;2
"3609";3609;1
"3610";3610;1
"3611";3611;1
"3612";3612;2
"3613";3613;1
"3614";3614;1
"3615";3615;1
"3616";3616;1
"3617";3617;1
"3618";3618;1
"3619";3619;1
"3620";3620;2
"3621";3621;1
"3622";3622;1
"3623";3623;1
"3624";3624;2
"3625";3625;1
"3626";3626;1
"3627";3627;2
"3628";3628;2
"3629";3629;1
"3630";3630;2
"3631";3631;1
"3632";3632;2
"3633";3633;1
"3634";3634;1
"3635";3635;1
"3636";3636;1
"3637";3637;2
"3638";3638;1
"3639";3639;1
"3640";3640;1
"3641";3641;1
"3642";3642;1
"3643";3643;1
"3644";3644;1
"3645";3645;1
"3646";3646;1
"3647";3647;1
"3648";3648;1
"3649";3649;1
"3650";3650;2
"3651";3651;1
"3652";3652;2
"3653";3653;1
"3654";3654;1
"3655";3655;1
"3656";3656;1
"3657";3657;1
"3658";3658;1
"3659";3659;1
"3660";3660;1
"3661";3661;2
"3662";3662;1
"3663";3663;2
"3664";3664;1
"3665";3665;1
"3666";3666;1
"3667";3667;1
"3668";3668;1
"3669";3669;1
"3670";3670;1
"3671";3671;1
"3672";3672;2
"3673";3673;2
"3674";3674;1
"3675";3675;1
"3676";3676;2
"3677";3677;2
"3678";3678;2
"3679";3679;1
"3680";3680;2
"3681";3681;2
"3682";3682;2
"3683";3683;0
"3684";3684;2
"3685";3685;2
"3686";3686;2
"3687";3687;2
"3688";3688;2
"3689";3689;1
"3690";3690;1
"3691";3691;2
"3692";3692;2
"3693";3693;2
"3694";3694;0
"3695";3695;0
"3696";3696;2
"3697";3697;2
"3698";3698;2
"3699";3699;2
"3700";3700;2
"3701";3701;1
"3702";3702;2
"3703";3703;2
"3704";3704;2
"3705";3705;2
"3706";3706;2
"3707";3707;2
"3708";3708;2
"3709";3709;2
"3710";3710;2
"3711";3711;0
"3712";3712;2
"3713";3713;1
"3714";3714;2
"3715";3715;2
"3716";3716;2
"3717";3717;2
"3718";3718;2
"3719";3719;2
"3720";3720;0
"3721";3721;2
"3722";3722;0
"3723";3723;2
"3724";3724;2
"3725";3725;2
"3726";3726;2
"3727";3727;2
"3728";3728;1
"3729";3729;2
"3730";3730;2
"3731";3731;2
"3732";3732;2
"3733";3733;2
"3734";3734;2
"3735";3735;2
"3736";3736;2
"3737";3737;2
"3738";3738;1
"3739";3739;1
"3740";3740;2
"3741";3741;2
"3742";3742;1
"3743";3743;2
"3744";3744;2
"3745";3745;2
"3746";3746;2
"3747";3747;2
"3748";3748;2
"3749";3749;2
"3750";3750;2
"3751";3751;2
"3752";3752;2
"3753";3753;2
"3754";3754;2
"3755";3755;2
"3756";3756;2
"3757";3757;2
"3758";3758;1
"3759";3759;2
"3760";3760;2
"3761";3761;2
"3762";3762;2
"3763";3763;2
"3764";3764;2
"3765";3765;1
"3766";3766;2
"3767";3767;2
"3768";3768;2
"3769";3769;2
"3770";3770;2
"3771";3771;2
"3772";3772;1
"3773";3773;2
"3774";3774;2
"3775";3775;0
"3776";3776;2
"3777";3777;2
"3778";3778;1
"3779";3779;0
"3780";3780;2
"3781";3781;2
"3782";3782;1
"3783";3783;2
"3784";3784;2
"3785";3785;2
"3786";3786;2
"3787";3787;2
"3788";3788;0
"3789";3789;2
"3790";3790;2
"3791";3791;2
"3792";3792;2
"3793";3793;2
"3794";3794;2
"3795";3795;2
"3796";3796;2
"3797";3797;2
"3798";3798;1
"3799";3799;2
"3800";3800;2
"3801";3801;2
"3802";3802;1
"3803";3803;1
"3804";3804;2
"3805";3805;2
"3806";3806;2
"3807";3807;2
"3808";3808;1
"3809";3809;2
"3810";3810;2
"3811";3811;1
"3812";3812;2
"3813";3813;2
"3814";3814;2
"3815";3815;1
"3816";3816;2
"3817";3817;2
"3818";3818;1
"3819";3819;2
"3820";3820;2
"3821";3821;2
"3822";3822;2
"3823";3823;0
"3824";3824;2
"3825";3825;2
"3826";3826;1
"3827";3827;2
"3828";3828;2
"3829";3829;2
"3830";3830;2
"3831";3831;2
"3832";3832;2
"3833";3833;2
"3834";3834;2
"3835";3835;1
"3836";3836;2
"3837";3837;2
"3838";3838;1
"3839";3839;2
"3840";3840;2
"3841";3841;2
"3842";3842;1
"3843";3843;2
"3844";3844;2
"3845";3845;1
"3846";3846;2
"3847";3847;1
"3848";3848;1
"3849";3849;1
"3850";3850;1
"3851";3851;1
"3852";3852;1
"3853";3853;1
"3854";3854;1
"3855";3855;2
"3856";3856;1
"3857";3857;1
"3858";3858;1
"3859";3859;2
"3860";3860;1
"3861";3861;1
"3862";3862;1
"3863";3863;1
"3864";3864;1
"3865";3865;2
"3866";3866;2
"3867";3867;2
"3868";3868;2
"3869";3869;1
"3870";3870;1
"3871";3871;1
"3872";3872;1
"3873";3873;2
"3874";3874;2
"3875";3875;1
"3876";3876;2
"3877";3877;1
"3878";3878;1
"3879";3879;2
"3880";3880;2
"3881";3881;1
"3882";3882;1
"3883";3883;2
"3884";3884;2
"3885";3885;2
"3886";3886;2
"3887";3887;2
"3888";3888;2
"3889";3889;2
"3890";3890;2
"3891";3891;2
"3892";3892;1
"3893";3893;2
"3894";3894;1
"3895";3895;2
"3896";3896;1
"3897";3897;2
"3898";3898;2
"3899";3899;2
"3900";3900;2
"3901";3901;2
"3902";3902;2
"3903";3903;1
"3904";3904;2
"3905";3905;2
"3906";3906;2
"3907";3907;2
"3908";3908;2
"3909";3909;2
"3910";3910;1
"3911";3911;2
"3912";3912;1
"3913";3913;1
"3914";3914;1
"3915";3915;2
"3916";3916;2
"3917";3917;2
"3918";3918;2
"3919";3919;1
"3920";3920;1
"3921";3921;1
"3922";3922;2
"3923";3923;2
"3924";3924;2
"3925";3925;2
"3926";3926;2
"3927";3927;1
"3928";3928;2
"3929";3929;2
"3930";3930;1
"3931";3931;2
"3932";3932;2
"3933";3933;2
"3934";3934;2
"3935";3935;2
"3936";3936;2
"3937";3937;2
"3938";3938;2
"3939";3939;1
"3940";3940;2
"3941";3941;2
"3942";3942;1
"3943";3943;2
"3944";3944;1
"3945";3945;2
"3946";3946;2
"3947";3947;1
"3948";3948;2
"3949";3949;2
"3950";3950;2
"3951";3951;2
"3952";3952;2
"3953";3953;2
"3954";3954;1
"3955";3955;2
"3956";3956;1
"3957";3957;2
"3958";3958;1
"3959";3959;1
"3960";3960;1
"3961";3961;2
"3962";3962;1
"3963";3963;2
"3964";3964;1
"3965";3965;2
"3966";3966;2
"3967";3967;2
"3968";3968;1
"3969";3969;2
"3970";3970;2
"3971";3971;2
"3972";3972;1
"3973";3973;1
"3974";3974;2
"3975";3975;2
"3976";3976;1
"3977";3977;1
"3978";3978;0
"3979";3979;1
"3980";3980;1
"3981";3981;2
"3982";3982;1
"3983";3983;1
"3984";3984;1
"3985";3985;0
"3986";3986;1
"3987";3987;1
"3988";3988;1
"3989";3989;1
"3990";3990;1
"3991";3991;1
"3992";3992;1
"3993";3993;2
"3994";3994;2
"3995";3995;1
"3996";3996;1
"3997";3997;1
"3998";3998;2
"3999";3999;2
"4000";4000;1
"4001";4001;2
"4002";4002;2
"4003";4003;2
"4004";4004;2
"4005";4005;2
"4006";4006;1
"4007";4007;2
"4008";4008;1
"4009";4009;1
"4010";4010;2
"4011";4011;2
"4012";4012;2
"4013";4013;2
"4014";4014;2
"4015";4015;2
"4016";4016;2
"4017";4017;1
"4018";4018;2
"4019";4019;1
"4020";4020;1
"4021";4021;2
"4022";4022;2
"4023";4023;2
"4024";4024;2
"4025";4025;2
"4026";4026;2
"4027";4027;0
"4028";4028;2
"4029";4029;2
"4030";4030;2
"4031";4031;1
"4032";4032;2
"4033";4033;1
"4034";4034;2
"4035";4035;2
"4036";4036;1
"4037";4037;2
"4038";4038;0
"4039";4039;2
"4040";4040;1
"4041";4041;1
"4042";4042;2
"4043";4043;2
"4044";4044;2
"4045";4045;2
"4046";4046;2
"4047";4047;2
"4048";4048;2
"4049";4049;2
"4050";4050;2
"4051";4051;2
"4052";4052;2
"4053";4053;1
"4054";4054;1
"4055";4055;2
"4056";4056;2
"4057";4057;2
"4058";4058;1
"4059";4059;2
"4060";4060;2
"4061";4061;1
"4062";4062;2
"4063";4063;2
"4064";4064;2
"4065";4065;2
"4066";4066;1
"4067";4067;1
"4068";4068;2
"4069";4069;1
"4070";4070;1
"4071";4071;2
"4072";4072;1
"4073";4073;2
"4074";4074;1
"4075";4075;2
"4076";4076;1
"4077";4077;1
"4078";4078;0
"4079";4079;2
"4080";4080;2
"4081";4081;2
"4082";4082;2
"4083";4083;2
"4084";4084;1
"4085";4085;2
"4086";4086;2
"4087";4087;2
"4088";4088;2
"4089";4089;2
"4090";4090;2
"4091";4091;2
"4092";4092;2
"4093";4093;2
"4094";4094;2
"4095";4095;2
"4096";4096;1
"4097";4097;2
"4098";4098;2
"4099";4099;2
"4100";4100;2
"4101";4101;0
"4102";4102;2
"4103";4103;2
"4104";4104;2
"4105";4105;1
"4106";4106;2
"4107";4107;2
"4108";4108;1
"4109";4109;2
"4110";4110;1
"4111";4111;2
"4112";4112;2
"4113";4113;1
"4114";4114;2
"4115";4115;1
"4116";4116;2
"4117";4117;0
"4118";4118;1
"4119";4119;1
"4120";4120;2
"4121";4121;2
"4122";4122;1
"4123";4123;1
"4124";4124;2
"4125";4125;1
"4126";4126;0
"4127";4127;2
"4128";4128;2
"4129";4129;2
"4130";4130;2
"4131";4131;2
"4132";4132;2
"4133";4133;2
"4134";4134;1
"4135";4135;2
"4136";4136;2
"4137";4137;2
"4138";4138;1
"4139";4139;2
"4140";4140;2
"4141";4141;2
"4142";4142;2
"4143";4143;2
"4144";4144;2
"4145";4145;0
"4146";4146;2
"4147";4147;2
"4148";4148;0
"4149";4149;2
"4150";4150;0
"4151";4151;2
"4152";4152;1
"4153";4153;2
"4154";4154;2
"4155";4155;0
"4156";4156;0
"4157";4157;2
"4158";4158;2
"4159";4159;0
"4160";4160;2
"4161";4161;2
"4162";4162;2
"4163";4163;2
"4164";4164;2
"4165";4165;1
"4166";4166;2
"4167";4167;2
"4168";4168;2
"4169";4169;2
"4170";4170;2
"4171";4171;2
"4172";4172;2
"4173";4173;2
"4174";4174;2
"4175";4175;2
"4176";4176;2
"4177";4177;2
"4178";4178;2
"4179";4179;2
"4180";4180;2
"4181";4181;2
"4182";4182;2
"4183";4183;1
"4184";4184;2
"4185";4185;2
"4186";4186;2
"4187";4187;2
"4188";4188;2
"4189";4189;2
"4190";4190;2
"4191";4191;2
"4192";4192;2
"4193";4193;2
"4194";4194;2
"4195";4195;2
"4196";4196;2
"4197";4197;2
"4198";4198;2
"4199";4199;2
"4200";4200;2
"4201";4201;1
"4202";4202;2
"4203";4203;2
"4204";4204;2
"4205";4205;2
"4206";4206;2
"4207";4207;2
"4208";4208;2
"4209";4209;2
"4210";4210;2
"4211";4211;2
"4212";4212;2
"4213";4213;2
"4214";4214;2
"4215";4215;2
"4216";4216;2
"4217";4217;2
"4218";4218;2
"4219";4219;2
"4220";4220;2
"4221";4221;2
"4222";4222;2
"4223";4223;2
"4224";4224;2
"4225";4225;2
"4226";4226;2
"4227";4227;1
"4228";4228;2
"4229";4229;2
"4230";4230;2
"4231";4231;2
"4232";4232;2
"4233";4233;2
"4234";4234;2
"4235";4235;2
"4236";4236;2
"4237";4237;2
"4238";4238;2
"4239";4239;2
"4240";4240;2
"4241";4241;2
"4242";4242;2
"4243";4243;2
"4244";4244;2
"4245";4245;0
"4246";4246;1
"4247";4247;2
"4248";4248;2
"4249";4249;1
"4250";4250;1
"4251";4251;0
"4252";4252;2
"4253";4253;2
"4254";4254;2
"4255";4255;2
"4256";4256;2
"4257";4257;1
"4258";4258;1
"4259";4259;1
"4260";4260;1
"4261";4261;1
"4262";4262;1
"4263";4263;2
"4264";4264;1
"4265";4265;1
"4266";4266;2
"4267";4267;2
"4268";4268;1
"4269";4269;2
"4270";4270;1
"4271";4271;2
"4272";4272;2
"4273";4273;2
"4274";4274;2
"4275";4275;0
"4276";4276;2
"4277";4277;1
"4278";4278;2
"4279";4279;2
"4280";4280;2
"4281";4281;2
"4282";4282;2
"4283";4283;2
"4284";4284;2
"4285";4285;2
"4286";4286;2
"4287";4287;1
"4288";4288;2
"4289";4289;1
"4290";4290;2
"4291";4291;2
"4292";4292;1
"4293";4293;2
"4294";4294;2
"4295";4295;1
"4296";4296;2
"4297";4297;2
"4298";4298;1
"4299";4299;2
"4300";4300;1
"4301";4301;1
"4302";4302;2
"4303";4303;1
"4304";4304;2
"4305";4305;1
"4306";4306;2
"4307";4307;2
"4308";4308;2
"4309";4309;2
"4310";4310;1
"4311";4311;1
"4312";4312;1
"4313";4313;1
"4314";4314;2
"4315";4315;2
"4316";4316;1
"4317";4317;2
"4318";4318;2
"4319";4319;2
"4320";4320;2
"4321";4321;2
"4322";4322;2
"4323";4323;2
"4324";4324;2
"4325";4325;2
"4326";4326;2
"4327";4327;1
"4328";4328;2
"4329";4329;2
"4330";4330;2
"4331";4331;2
"4332";4332;2
"4333";4333;2
"4334";4334;1
"4335";4335;2
"4336";4336;1
"4337";4337;1
"4338";4338;2
"4339";4339;2
"4340";4340;2
"4341";4341;2
"4342";4342;1
"4343";4343;1
"4344";4344;2
"4345";4345;2
"4346";4346;2
"4347";4347;2
"4348";4348;1
"4349";4349;1
"4350";4350;1
"4351";4351;1
"4352";4352;1
"4353";4353;1
"4354";4354;2
"4355";4355;2
"4356";4356;1
"4357";4357;1
"4358";4358;2
"4359";4359;2
"4360";4360;2
"4361";4361;2
"4362";4362;2
"4363";4363;2
"4364";4364;1
"4365";4365;2
"4366";4366;2
"4367";4367;2
"4368";4368;2
"4369";4369;2
"4370";4370;2
"4371";4371;2
"4372";4372;2
"4373";4373;1
"4374";4374;2
"4375";4375;1
"4376";4376;2
"4377";4377;1
"4378";4378;2
"4379";4379;2
"4380";4380;1
"4381";4381;2
"4382";4382;2
"4383";4383;2
"4384";4384;2
"4385";4385;2
"4386";4386;2
"4387";4387;1
"4388";4388;1
"4389";4389;2
"4390";4390;2
"4391";4391;1
"4392";4392;2
"4393";4393;2
"4394";4394;1
"4395";4395;2
"4396";4396;2
"4397";4397;1
"4398";4398;1
"4399";4399;1
"4400";4400;1
"4401";4401;1
"4402";4402;1
"4403";4403;1
"4404";4404;2
"4405";4405;2
"4406";4406;2
"4407";4407;1
"4408";4408;1
"4409";4409;2
"4410";4410;2
"4411";4411;1
"4412";4412;2
"4413";4413;2
"4414";4414;1
"4415";4415;2
"4416";4416;2
"4417";4417;2
"4418";4418;2
"4419";4419;2
"4420";4420;2
"4421";4421;2
"4422";4422;2
"4423";4423;1
"4424";4424;2
"4425";4425;1
"4426";4426;2
"4427";4427;2
"4428";4428;0
"4429";4429;2
"4430";4430;0
"4431";4431;2
"4432";4432;2
"4433";4433;2
"4434";4434;2
"4435";4435;2
"4436";4436;2
"4437";4437;2
"4438";4438;1
"4439";4439;2
"4440";4440;2
"4441";4441;2
"4442";4442;1
"4443";4443;2
"4444";4444;2
"4445";4445;2
"4446";4446;2
"4447";4447;1
"4448";4448;2
"4449";4449;2
"4450";4450;2
"4451";4451;2
"4452";4452;2
"4453";4453;2
"4454";4454;1
"4455";4455;1
"4456";4456;2
"4457";4457;2
"4458";4458;2
"4459";4459;2
"4460";4460;2
"4461";4461;0
"4462";4462;2
"4463";4463;1
"4464";4464;0
"4465";4465;2
"4466";4466;1
"4467";4467;1
"4468";4468;1
"4469";4469;2
"4470";4470;2
"4471";4471;2
"4472";4472;2
"4473";4473;1
"4474";4474;2
"4475";4475;2
"4476";4476;2
"4477";4477;1
"4478";4478;2
"4479";4479;1
"4480";4480;2
"4481";4481;2
"4482";4482;1
"4483";4483;1
"4484";4484;2
"4485";4485;0
"4486";4486;2
"4487";4487;2
"4488";4488;0
"4489";4489;2
"4490";4490;2
"4491";4491;2
"4492";4492;2
"4493";4493;1
"4494";4494;2
"4495";4495;1
"4496";4496;2
"4497";4497;2
"4498";4498;2
"4499";4499;1
"4500";4500;2
"4501";4501;2
"4502";4502;1
"4503";4503;2
"4504";4504;2
"4505";4505;2
"4506";4506;2
"4507";4507;2
"4508";4508;2
"4509";4509;2
"4510";4510;2
"4511";4511;2
"4512";4512;2
"4513";4513;2
"4514";4514;1
"4515";4515;2
"4516";4516;2
"4517";4517;2
"4518";4518;2
"4519";4519;2
"4520";4520;1
"4521";4521;2
"4522";4522;2
"4523";4523;2
"4524";4524;1
"4525";4525;2
"4526";4526;1
"4527";4527;1
"4528";4528;1
"4529";4529;1
"4530";4530;2
"4531";4531;2
"4532";4532;2
"4533";4533;2
"4534";4534;1
"4535";4535;2
"4536";4536;2
"4537";4537;1
"4538";4538;2
"4539";4539;1
"4540";4540;2
"4541";4541;1
"4542";4542;2
"4543";4543;2
"4544";4544;2
"4545";4545;1
"4546";4546;2
"4547";4547;2
"4548";4548;2
"4549";4549;1
"4550";4550;1
"4551";4551;2
"4552";4552;2
"4553";4553;2
"4554";4554;1
"4555";4555;1
"4556";4556;2
"4557";4557;2
"4558";4558;2
"4559";4559;2
"4560";4560;2
"4561";4561;2
"4562";4562;2
"4563";4563;2
"4564";4564;2
"4565";4565;2
"4566";4566;1
"4567";4567;2
"4568";4568;2
"4569";4569;1
"4570";4570;2
"4571";4571;2
"4572";4572;1
"4573";4573;1
"4574";4574;2
"4575";4575;1
"4576";4576;2
"4577";4577;2
"4578";4578;1
"4579";4579;2
"4580";4580;2
"4581";4581;2
"4582";4582;1
"4583";4583;2
"4584";4584;2
"4585";4585;2
"4586";4586;2
"4587";4587;2
"4588";4588;2
"4589";4589;2
"4590";4590;2
"4591";4591;2
"4592";4592;2
"4593";4593;2
"4594";4594;2
"4595";4595;1
"4596";4596;2
"4597";4597;1
"4598";4598;2
"4599";4599;2
"4600";4600;2
"4601";4601;2
"4602";4602;2
"4603";4603;2
"4604";4604;2
"4605";4605;1
"4606";4606;0
"4607";4607;2
"4608";4608;0
"4609";4609;2
"4610";4610;1
"4611";4611;2
"4612";4612;2
"4613";4613;2
"4614";4614;2
"4615";4615;2
"4616";4616;2
"4617";4617;2
"4618";4618;2
"4619";4619;1
"4620";4620;1
"4621";4621;2
"4622";4622;1
"4623";4623;1
"4624";4624;2
"4625";4625;2
"4626";4626;2
"4627";4627;2
"4628";4628;2
"4629";4629;2
"4630";4630;1
"4631";4631;2
"4632";4632;1
"4633";4633;1
"4634";4634;1
"4635";4635;2
"4636";4636;1
"4637";4637;1
"4638";4638;2
"4639";4639;2
"4640";4640;1
"4641";4641;2
"4642";4642;1
"4643";4643;2
"4644";4644;2
"4645";4645;2
"4646";4646;1
"4647";4647;2
"4648";4648;2
"4649";4649;1
"4650";4650;2
"4651";4651;2
"4652";4652;1
"4653";4653;2
"4654";4654;2
"4655";4655;1
"4656";4656;2
"4657";4657;2
"4658";4658;1
"4659";4659;2
"4660";4660;2
"4661";4661;2
"4662";4662;2
"4663";4663;2
"4664";4664;2
"4665";4665;2
"4666";4666;2
"4667";4667;2
"4668";4668;2
"4669";4669;2
"4670";4670;1
"4671";4671;1
"4672";4672;1
"4673";4673;2
"4674";4674;2
"4675";4675;2
"4676";4676;1
"4677";4677;1
"4678";4678;1
"4679";4679;2
"4680";4680;2
"4681";4681;2
"4682";4682;2
"4683";4683;2
"4684";4684;2
"4685";4685;1
"4686";4686;2
"4687";4687;2
"4688";4688;2
"4689";4689;2
"4690";4690;2
"4691";4691;2
"4692";4692;2
"4693";4693;1
"4694";4694;2
"4695";4695;2
"4696";4696;2
"4697";4697;1
"4698";4698;2
"4699";4699;2
"4700";4700;2
"4701";4701;1
"4702";4702;1
"4703";4703;2
"4704";4704;2
"4705";4705;2
"4706";4706;2
"4707";4707;2
"4708";4708;2
"4709";4709;2
"4710";4710;2
"4711";4711;2
"4712";4712;2
"4713";4713;2
"4714";4714;2
"4715";4715;1
"4716";4716;1
"4717";4717;1
"4718";4718;1
"4719";4719;1
"4720";4720;2
"4721";4721;2
"4722";4722;2
"4723";4723;1
"4724";4724;1
"4725";4725;2
"4726";4726;2
"4727";4727;2
"4728";4728;2
"4729";4729;2
"4730";4730;2
"4731";4731;2
"4732";4732;1
"4733";4733;1
"4734";4734;1
"4735";4735;2
"4736";4736;2
"4737";4737;2
"4738";4738;1
"4739";4739;1
"4740";4740;1
"4741";4741;1
"4742";4742;1
"4743";4743;1
"4744";4744;1
"4745";4745;1
"4746";4746;2
"4747";4747;1
"4748";4748;1
"4749";4749;1
"4750";4750;1
"4751";4751;2
"4752";4752;1
"4753";4753;2
"4754";4754;2
"4755";4755;2
"4756";4756;2
"4757";4757;2
"4758";4758;2
"4759";4759;2
"4760";4760;2
"4761";4761;2
"4762";4762;2
"4763";4763;2
"4764";4764;2
"4765";4765;2
"4766";4766;2
"4767";4767;2
"4768";4768;2
"4769";4769;2
"4770";4770;1
"4771";4771;2
"4772";4772;2
"4773";4773;1
"4774";4774;0
"4775";4775;2
"4776";4776;2
"4777";4777;2
"4778";4778;2
"4779";4779;2
"4780";4780;2
"4781";4781;2
"4782";4782;2
"4783";4783;2
"4784";4784;2
"4785";4785;2
"4786";4786;2
"4787";4787;2
"4788";4788;2
"4789";4789;2
"4790";4790;1
"4791";4791;2
"4792";4792;1
"4793";4793;2
"4794";4794;1
"4795";4795;1
"4796";4796;2
"4797";4797;2
"4798";4798;1
"4799";4799;0
"4800";4800;1
"4801";4801;1
"4802";4802;1
"4803";4803;2
"4804";4804;2
"4805";4805;1
"4806";4806;1
"4807";4807;2
"4808";4808;1
"4809";4809;2
"4810";4810;0
"4811";4811;2
"4812";4812;2
"4813";4813;2
"4814";4814;2
"4815";4815;2
"4816";4816;2
"4817";4817;2
"4818";4818;2
"4819";4819;2
"4820";4820;2
"4821";4821;2
"4822";4822;2
"4823";4823;0
"4824";4824;2
"4825";4825;2
"4826";4826;2
"4827";4827;2
"4828";4828;2
"4829";4829;2
"4830";4830;2
"4831";4831;2
"4832";4832;2
"4833";4833;2
"4834";4834;2
"4835";4835;2
"4836";4836;0
"4837";4837;2
"4838";4838;2
"4839";4839;2
"4840";4840;2
"4841";4841;2
"4842";4842;1
"4843";4843;2
"4844";4844;2
"4845";4845;2
"4846";4846;2
"4847";4847;2
"4848";4848;1
"4849";4849;2
"4850";4850;2
"4851";4851;1
"4852";4852;2
"4853";4853;2
"4854";4854;1
"4855";4855;1
"4856";4856;2
"4857";4857;2
"4858";4858;2
"4859";4859;2
"4860";4860;1
"4861";4861;2
"4862";4862;2
"4863";4863;2
"4864";4864;1
"4865";4865;2
"4866";4866;2
"4867";4867;1
"4868";4868;2
"4869";4869;2
"4870";4870;2
"4871";4871;1
"4872";4872;2
"4873";4873;2
"4874";4874;2
"4875";4875;2
"4876";4876;2
"4877";4877;2
"4878";4878;2
"4879";4879;2
"4880";4880;2
"4881";4881;2
"4882";4882;2
"4883";4883;2
"4884";4884;2
"4885";4885;2
"4886";4886;2
"4887";4887;2
"4888";4888;2
"4889";4889;2
"4890";4890;1
"4891";4891;1
"4892";4892;2
"4893";4893;2
"4894";4894;1
"4895";4895;1
"4896";4896;2
"4897";4897;2
"4898";4898;1
"4899";4899;2
"4900";4900;1
"4901";4901;2
"4902";4902;2
"4903";4903;2
"4904";4904;2
"4905";4905;2
"4906";4906;2
"4907";4907;2
"4908";4908;2
"4909";4909;2
"4910";4910;2
"4911";4911;1
"4912";4912;2
"4913";4913;2
"4914";4914;2
"4915";4915;2
"4916";4916;2
"4917";4917;2
"4918";4918;2
"4919";4919;1
"4920";4920;2
"4921";4921;2
"4922";4922;2
"4923";4923;2
"4924";4924;2
"4925";4925;2
"4926";4926;2
"4927";4927;2
"4928";4928;2
"4929";4929;2
"4930";4930;2
"4931";4931;2
"4932";4932;2
"4933";4933;1
"4934";4934;2
"4935";4935;1
"4936";4936;2
"4937";4937;2
"4938";4938;1
"4939";4939;1
"4940";4940;2
"4941";4941;2
"4942";4942;1
"4943";4943;1
"4944";4944;2
"4945";4945;1
"4946";4946;2
"4947";4947;2
"4948";4948;2
"4949";4949;2
"4950";4950;2
"4951";4951;2
"4952";4952;2
"4953";4953;2
"4954";4954;2
"4955";4955;2
"4956";4956;2
"4957";4957;2
"4958";4958;2
"4959";4959;2
"4960";4960;1
"4961";4961;1
"4962";4962;0
"4963";4963;2
"4964";4964;1
"4965";4965;2
"4966";4966;1
"4967";4967;0
"4968";4968;1
"4969";4969;2
"4970";4970;2
"4971";4971;2
"4972";4972;1
"4973";4973;1
"4974";4974;2
"4975";4975;2
"4976";4976;2
"4977";4977;2
"4978";4978;2
"4979";4979;2
"4980";4980;2
"4981";4981;2
"4982";4982;1
"4983";4983;2
"4984";4984;2
"4985";4985;2
"4986";4986;2
"4987";4987;1
"4988";4988;1
"4989";4989;2
"4990";4990;2
"4991";4991;2
"4992";4992;1
"4993";4993;2
"4994";4994;2
"4995";4995;2
"4996";4996;2
"4997";4997;2
"4998";4998;2
"4999";4999;2
"5000";5000;2
"5001";5001;2
"5002";5002;1
"5003";5003;2
"5004";5004;1
"5005";5005;2
"5006";5006;1
"5007";5007;2
"5008";5008;1
"5009";5009;2
"5010";5010;2
"5011";5011;2
"5012";5012;2
"5013";5013;1
"5014";5014;1
"5015";5015;1
"5016";5016;1
"5017";5017;1
"5018";5018;1
"5019";5019;1
"5020";5020;1
"5021";5021;1
"5022";5022;2
"5023";5023;2
"5024";5024;2
"5025";5025;2
"5026";5026;2
"5027";5027;2
"5028";5028;2
"5029";5029;0
"5030";5030;2
"5031";5031;2
"5032";5032;2
"5033";5033;2
"5034";5034;2
"5035";5035;2
"5036";5036;2
"5037";5037;2
"5038";5038;2
"5039";5039;2
"5040";5040;1
"5041";5041;1
"5042";5042;2
"5043";5043;2
"5044";5044;1
"5045";5045;2
"5046";5046;2
"5047";5047;2
"5048";5048;2
"5049";5049;1
"5050";5050;1
"5051";5051;2
"5052";5052;2
"5053";5053;2
"5054";5054;2
"5055";5055;2
"5056";5056;2
"5057";5057;2
"5058";5058;2
"5059";5059;2
"5060";5060;2
"5061";5061;2
"5062";5062;2
"5063";5063;2
"5064";5064;2
"5065";5065;2
"5066";5066;2
"5067";5067;2
"5068";5068;2
"5069";5069;1
"5070";5070;1
"5071";5071;2
"5072";5072;2
"5073";5073;1
"5074";5074;1
"5075";5075;1
"5076";5076;1
"5077";5077;1
"5078";5078;1
"5079";5079;1
"5080";5080;1
"5081";5081;2
"5082";5082;0
"5083";5083;2
"5084";5084;2
"5085";5085;2
"5086";5086;1
"5087";5087;1
"5088";5088;2
"5089";5089;2
"5090";5090;1
"5091";5091;2
"5092";5092;1
"5093";5093;2
"5094";5094;2
"5095";5095;1
"5096";5096;2
"5097";5097;2
"5098";5098;2
"5099";5099;2
"5100";5100;2
"5101";5101;2
"5102";5102;2
"5103";5103;2
"5104";5104;1
"5105";5105;2
"5106";5106;2
"5107";5107;2
"5108";5108;2
"5109";5109;2
"5110";5110;2
"5111";5111;1
"5112";5112;2
"5113";5113;1
"5114";5114;2
"5115";5115;1
"5116";5116;1
"5117";5117;1
"5118";5118;2
"5119";5119;2
"5120";5120;2
"5121";5121;2
"5122";5122;2
"5123";5123;2
"5124";5124;2
"5125";5125;2
"5126";5126;2
"5127";5127;2
"5128";5128;2
"5129";5129;2
"5130";5130;2
"5131";5131;2
"5132";5132;2
"5133";5133;2
"5134";5134;2
"5135";5135;1
"5136";5136;2
"5137";5137;2
"5138";5138;2
"5139";5139;2
"5140";5140;2
"5141";5141;2
"5142";5142;2
"5143";5143;2
"5144";5144;2
"5145";5145;2
"5146";5146;1
"5147";5147;2
"5148";5148;2
"5149";5149;1
"5150";5150;1
"5151";5151;2
"5152";5152;2
"5153";5153;1
"5154";5154;1
"5155";5155;1
"5156";5156;1
"5157";5157;1
"5158";5158;1
"5159";5159;1
"5160";5160;1
"5161";5161;1
"5162";5162;2
"5163";5163;1
"5164";5164;2
"5165";5165;2
"5166";5166;1
"5167";5167;1
"5168";5168;1
"5169";5169;1
"5170";5170;1
"5171";5171;1
"5172";5172;1
"5173";5173;1
"5174";5174;1
"5175";5175;1
"5176";5176;1
"5177";5177;2
"5178";5178;2
"5179";5179;2
"5180";5180;1
"5181";5181;2
"5182";5182;2
"5183";5183;2
"5184";5184;2
"5185";5185;1
"5186";5186;1
"5187";5187;1
"5188";5188;2
"5189";5189;2
"5190";5190;2
"5191";5191;1
"5192";5192;2
"5193";5193;2
"5194";5194;1
"5195";5195;2
"5196";5196;1
"5197";5197;1
"5198";5198;2
"5199";5199;2
"5200";5200;1
"5201";5201;2
"5202";5202;2
"5203";5203;2
"5204";5204;2
"5205";5205;2
"5206";5206;2
"5207";5207;2
"5208";5208;2
"5209";5209;1
"5210";5210;2
"5211";5211;0
"5212";5212;1
"5213";5213;1
"5214";5214;1
"5215";5215;2
"5216";5216;2
"5217";5217;1
"5218";5218;0
"5219";5219;2
"5220";5220;1
"5221";5221;2
"5222";5222;1
"5223";5223;1
"5224";5224;2
"5225";5225;1
"5226";5226;1
"5227";5227;2
"5228";5228;1
"5229";5229;1
"5230";5230;1
"5231";5231;1
"5232";5232;2
"5233";5233;1
"5234";5234;1
"5235";5235;1
"5236";5236;1
"5237";5237;1
"5238";5238;2
"5239";5239;1
"5240";5240;1
"5241";5241;1
"5242";5242;1
"5243";5243;2
"5244";5244;1
"5245";5245;1
"5246";5246;1
"5247";5247;1
"5248";5248;1
"5249";5249;2
"5250";5250;1
"5251";5251;2
"5252";5252;1
"5253";5253;1
"5254";5254;1
"5255";5255;1
"5256";5256;2
"5257";5257;2
"5258";5258;2
"5259";5259;2
"5260";5260;1
"5261";5261;1
"5262";5262;1
"5263";5263;1
"5264";5264;2
"5265";5265;1
"5266";5266;1
"5267";5267;2
"5268";5268;1
"5269";5269;2
"5270";5270;1
"5271";5271;1
"5272";5272;1
"5273";5273;1
"5274";5274;1
"5275";5275;1
"5276";5276;1
"5277";5277;2
"5278";5278;2
"5279";5279;1
"5280";5280;2
"5281";5281;1
"5282";5282;2
"5283";5283;2
"5284";5284;2
"5285";5285;1
"5286";5286;1
"5287";5287;1
"5288";5288;1
"5289";5289;2
"5290";5290;1
"5291";5291;2
"5292";5292;2
"5293";5293;1
"5294";5294;2
"5295";5295;1
"5296";5296;1
"5297";5297;1
"5298";5298;2
"5299";5299;1
"5300";5300;2
"5301";5301;2
"5302";5302;2
"5303";5303;1
"5304";5304;2
"5305";5305;1
"5306";5306;0
"5307";5307;1
"5308";5308;2
"5309";5309;2
"5310";5310;2
"5311";5311;1
"5312";5312;2
"5313";5313;2
"5314";5314;2
"5315";5315;2
"5316";5316;2
"5317";5317;2
"5318";5318;2
"5319";5319;2
"5320";5320;2
"5321";5321;2
"5322";5322;2
"5323";5323;2
"5324";5324;1
"5325";5325;2
"5326";5326;2
"5327";5327;2
"5328";5328;2
"5329";5329;2
"5330";5330;2
"5331";5331;2
"5332";5332;2
"5333";5333;2
"5334";5334;2
"5335";5335;2
"5336";5336;2
"5337";5337;2
"5338";5338;2
"5339";5339;2
"5340";5340;2
"5341";5341;2
"5342";5342;2
"5343";5343;2
"5344";5344;1
"5345";5345;2
"5346";5346;2
"5347";5347;2
"5348";5348;2
"5349";5349;1
"5350";5350;2
"5351";5351;2
"5352";5352;2
"5353";5353;2
"5354";5354;1
"5355";5355;2
"5356";5356;2
"5357";5357;2
"5358";5358;2
"5359";5359;2
"5360";5360;1
"5361";5361;1
"5362";5362;1
"5363";5363;2
"5364";5364;1
"5365";5365;1
"5366";5366;2
"5367";5367;2
"5368";5368;2
"5369";5369;1
"5370";5370;2
"5371";5371;1
"5372";5372;1
"5373";5373;2
"5374";5374;1
"5375";5375;2
"5376";5376;1
"5377";5377;1
"5378";5378;1
"5379";5379;2
"5380";5380;2
"5381";5381;1
"5382";5382;1
"5383";5383;2
"5384";5384;2
"5385";5385;1
"5386";5386;1
"5387";5387;1
"5388";5388;2
"5389";5389;1
"5390";5390;1
"5391";5391;1
"5392";5392;2
"5393";5393;2
"5394";5394;1
"5395";5395;2
"5396";5396;1
"5397";5397;1
"5398";5398;1
"5399";5399;1
"5400";5400;1
"5401";5401;1
"5402";5402;2
"5403";5403;1
"5404";5404;1
"5405";5405;1
"5406";5406;1
"5407";5407;1
"5408";5408;2
"5409";5409;0
"5410";5410;2
"5411";5411;2
"5412";5412;2
"5413";5413;1
"5414";5414;2
"5415";5415;2
"5416";5416;2
"5417";5417;2
"5418";5418;2
"5419";5419;2
"5420";5420;2
"5421";5421;1
"5422";5422;2
"5423";5423;2
"5424";5424;0
"5425";5425;2
"5426";5426;1
"5427";5427;2
"5428";5428;2
"5429";5429;1
"5430";5430;2
"5431";5431;2
"5432";5432;2
"5433";5433;2
"5434";5434;2
"5435";5435;2
"5436";5436;2
"5437";5437;1
"5438";5438;2
"5439";5439;2
"5440";5440;2
"5441";5441;2
"5442";5442;2
"5443";5443;2
"5444";5444;2
"5445";5445;2
"5446";5446;2
"5447";5447;2
"5448";5448;2
"5449";5449;2
"5450";5450;2
"5451";5451;2
"5452";5452;2
"5453";5453;1
"5454";5454;2
"5455";5455;2
"5456";5456;2
"5457";5457;0
"5458";5458;2
"5459";5459;2
"5460";5460;2
"5461";5461;2
"5462";5462;2
"5463";5463;2
"5464";5464;2
"5465";5465;2
"5466";5466;2
"5467";5467;2
"5468";5468;0
"5469";5469;2
"5470";5470;1
"5471";5471;2
"5472";5472;2
"5473";5473;0
"5474";5474;1
"5475";5475;1
"5476";5476;2
"5477";5477;0
"5478";5478;2
"5479";5479;2
"5480";5480;2
"5481";5481;2
"5482";5482;2
"5483";5483;2
"5484";5484;1
"5485";5485;2
"5486";5486;2
"5487";5487;2
"5488";5488;2
"5489";5489;1
"5490";5490;2
"5491";5491;2
"5492";5492;2
"5493";5493;2
"5494";5494;2
"5495";5495;2
"5496";5496;2
"5497";5497;2
"5498";5498;2
"5499";5499;2
"5500";5500;2
"5501";5501;2
"5502";5502;2
"5503";5503;1
"5504";5504;1
"5505";5505;1
"5506";5506;1
"5507";5507;1
"5508";5508;1
"5509";5509;1
"5510";5510;1
"5511";5511;1
"5512";5512;2
"5513";5513;2
"5514";5514;1
"5515";5515;2
"5516";5516;2
"5517";5517;2
"5518";5518;2
"5519";5519;0
"5520";5520;0
"5521";5521;1
"5522";5522;2
"5523";5523;2
"5524";5524;1
"5525";5525;2
"5526";5526;2
"5527";5527;0
"5528";5528;2
"5529";5529;2
"5530";5530;2
"5531";5531;2
"5532";5532;2
"5533";5533;1
"5534";5534;2
"5535";5535;2
"5536";5536;2
"5537";5537;2
"5538";5538;2
"5539";5539;1
"5540";5540;2
"5541";5541;2
"5542";5542;2
"5543";5543;2
"5544";5544;2
"5545";5545;2
"5546";5546;2
"5547";5547;2
"5548";5548;2
"5549";5549;1
"5550";5550;2
"5551";5551;1
"5552";5552;2
"5553";5553;2
"5554";5554;2
"5555";5555;2
"5556";5556;1
"5557";5557;2
"5558";5558;2
"5559";5559;2
"5560";5560;1
"5561";5561;2
"5562";5562;2
"5563";5563;1
"5564";5564;2
"5565";5565;2
"5566";5566;2
"5567";5567;2
"5568";5568;1
"5569";5569;2
"5570";5570;2
"5571";5571;1
"5572";5572;2
"5573";5573;2
"5574";5574;2
"5575";5575;2
"5576";5576;1
"5577";5577;2
"5578";5578;2
"5579";5579;2
"5580";5580;2
"5581";5581;2
"5582";5582;0
"5583";5583;2
"5584";5584;2
"5585";5585;2
"5586";5586;1
"5587";5587;2
"5588";5588;2
"5589";5589;2
"5590";5590;2
"5591";5591;2
"5592";5592;2
"5593";5593;2
"5594";5594;2
"5595";5595;1
"5596";5596;2
"5597";5597;2
"5598";5598;2
"5599";5599;2
"5600";5600;1
"5601";5601;2
"5602";5602;2
"5603";5603;1
"5604";5604;1
"5605";5605;2
"5606";5606;1
"5607";5607;1
"5608";5608;2
"5609";5609;2
"5610";5610;2
"5611";5611;2
"5612";5612;2
"5613";5613;2
"5614";5614;2
"5615";5615;2
"5616";5616;2
"5617";5617;2
"5618";5618;2
"5619";5619;2
"5620";5620;2
"5621";5621;1
"5622";5622;2
"5623";5623;2
"5624";5624;2
"5625";5625;2
"5626";5626;2
"5627";5627;2
"5628";5628;2
"5629";5629;2
"5630";5630;2
"5631";5631;2
"5632";5632;1
"5633";5633;2
"5634";5634;2
"5635";5635;2
"5636";5636;2
"5637";5637;1
"5638";5638;2
"5639";5639;1
"5640";5640;2
"5641";5641;2
"5642";5642;2
"5643";5643;2
"5644";5644;2
"5645";5645;2
"5646";5646;1
"5647";5647;2
"5648";5648;2
"5649";5649;2
"5650";5650;1
"5651";5651;2
"5652";5652;2
"5653";5653;2
"5654";5654;2
"5655";5655;2
"5656";5656;2
"5657";5657;1
"5658";5658;2
"5659";5659;1
"5660";5660;2
"5661";5661;2
"5662";5662;2
"5663";5663;2
"5664";5664;1
"5665";5665;2
"5666";5666;2
"5667";5667;1
"5668";5668;1
"5669";5669;2
"5670";5670;2
"5671";5671;1
"5672";5672;1
"5673";5673;1
"5674";5674;2
"5675";5675;2
"5676";5676;2
"5677";5677;2
"5678";5678;1
"5679";5679;1
"5680";5680;2
"5681";5681;2
"5682";5682;1
"5683";5683;2
"5684";5684;2
"5685";5685;2
"5686";5686;2
"5687";5687;1
"5688";5688;2
"5689";5689;2
"5690";5690;1
"5691";5691;2
"5692";5692;0
"5693";5693;2
"5694";5694;2
"5695";5695;2
"5696";5696;2
"5697";5697;1
"5698";5698;1
"5699";5699;2
"5700";5700;1
"5701";5701;2
"5702";5702;2
"5703";5703;2
"5704";5704;2
"5705";5705;2
"5706";5706;2
"5707";5707;2
"5708";5708;1
"5709";5709;2
"5710";5710;2
"5711";5711;2
"5712";5712;2
"5713";5713;2
"5714";5714;2
"5715";5715;2
"5716";5716;0
"5717";5717;1
"5718";5718;2
"5719";5719;1
"5720";5720;1
"5721";5721;2
"5722";5722;1
"5723";5723;2
"5724";5724;1
"5725";5725;2
"5726";5726;2
"5727";5727;2
"5728";5728;2
"5729";5729;2
"5730";5730;1
"5731";5731;1
"5732";5732;1
"5733";5733;1
"5734";5734;2
"5735";5735;1
"5736";5736;2
"5737";5737;2
"5738";5738;2
"5739";5739;2
"5740";5740;1
"5741";5741;2
"5742";5742;2
"5743";5743;1
"5744";5744;2
"5745";5745;2
"5746";5746;1
"5747";5747;1
"5748";5748;2
"5749";5749;2
"5750";5750;2
"5751";5751;1
"5752";5752;2
"5753";5753;1
"5754";5754;1
"5755";5755;2
"5756";5756;1
"5757";5757;2
"5758";5758;0
"5759";5759;1
"5760";5760;2
"5761";5761;1
"5762";5762;2
"5763";5763;1
"5764";5764;2
"5765";5765;2
"5766";5766;0
"5767";5767;1
"5768";5768;2
"5769";5769;1
"5770";5770;2
"5771";5771;2
"5772";5772;1
"5773";5773;1
"5774";5774;1
"5775";5775;1
"5776";5776;2
"5777";5777;2
"5778";5778;2
"5779";5779;2
"5780";5780;2
"5781";5781;2
"5782";5782;1
"5783";5783;2
"5784";5784;1
"5785";5785;2
"5786";5786;1
"5787";5787;2
"5788";5788;2
"5789";5789;2
"5790";5790;2
"5791";5791;2
"5792";5792;2
"5793";5793;2
"5794";5794;1
"5795";5795;2
"5796";5796;1
"5797";5797;1
"5798";5798;2
"5799";5799;2
"5800";5800;2
"5801";5801;1
"5802";5802;1
"5803";5803;2
"5804";5804;1
"5805";5805;1
"5806";5806;1
"5807";5807;1
"5808";5808;1
"5809";5809;1
"5810";5810;2
"5811";5811;1
"5812";5812;2
"5813";5813;2
"5814";5814;2
"5815";5815;2
"5816";5816;2
"5817";5817;2
"5818";5818;2
"5819";5819;2
"5820";5820;2
"5821";5821;2
"5822";5822;1
"5823";5823;2
"5824";5824;2
"5825";5825;2
"5826";5826;1
"5827";5827;2
"5828";5828;1
"5829";5829;2
"5830";5830;2
"5831";5831;2
"5832";5832;1
"5833";5833;2
"5834";5834;2
"5835";5835;2
"5836";5836;1
"5837";5837;1
"5838";5838;0
"5839";5839;1
"5840";5840;2
"5841";5841;0
"5842";5842;2
"5843";5843;1
"5844";5844;2
"5845";5845;2
"5846";5846;1
"5847";5847;2
"5848";5848;2
"5849";5849;2
"5850";5850;2
"5851";5851;2
"5852";5852;2
"5853";5853;2
"5854";5854;2
"5855";5855;2
"5856";5856;2
"5857";5857;2
"5858";5858;2
"5859";5859;2
"5860";5860;2
"5861";5861;2
"5862";5862;2
"5863";5863;2
"5864";5864;2
"5865";5865;2
"5866";5866;2
"5867";5867;1
"5868";5868;2
"5869";5869;2
"5870";5870;2
"5871";5871;2
"5872";5872;2
"5873";5873;2
"5874";5874;2
"5875";5875;2
"5876";5876;1
"5877";5877;2
"5878";5878;2
"5879";5879;2
"5880";5880;2
"5881";5881;2
"5882";5882;2
"5883";5883;2
"5884";5884;2
"5885";5885;2
"5886";5886;2
"5887";5887;2
"5888";5888;2
"5889";5889;2
"5890";5890;2
"5891";5891;1
"5892";5892;2
"5893";5893;2
"5894";5894;2
"5895";5895;1
"5896";5896;2
"5897";5897;2
"5898";5898;2
"5899";5899;2
"5900";5900;2
"5901";5901;2
"5902";5902;1
"5903";5903;1
"5904";5904;1
"5905";5905;1
"5906";5906;1
"5907";5907;2
"5908";5908;1
"5909";5909;2
"5910";5910;2
"5911";5911;2
"5912";5912;2
"5913";5913;2
"5914";5914;1
"5915";5915;1
"5916";5916;2
"5917";5917;2
"5918";5918;2
"5919";5919;1
"5920";5920;2
"5921";5921;2
"5922";5922;1
"5923";5923;1
"5924";5924;2
"5925";5925;2
"5926";5926;2
"5927";5927;2
"5928";5928;2
"5929";5929;2
"5930";5930;2
"5931";5931;2
"5932";5932;1
"5933";5933;1
"5934";5934;1
"5935";5935;2
"5936";5936;0
"5937";5937;2
"5938";5938;2
"5939";5939;2
"5940";5940;2
"5941";5941;1
"5942";5942;2
"5943";5943;1
"5944";5944;1
"5945";5945;2
"5946";5946;1
"5947";5947;2
"5948";5948;2
"5949";5949;0
"5950";5950;2
"5951";5951;2
"5952";5952;2
"5953";5953;2
"5954";5954;2
"5955";5955;2
"5956";5956;1
"5957";5957;1
"5958";5958;2
"5959";5959;1
"5960";5960;2
"5961";5961;2
"5962";5962;2
"5963";5963;2
"5964";5964;2
"5965";5965;2
"5966";5966;1
"5967";5967;2
"5968";5968;2
"5969";5969;2
"5970";5970;2
"5971";5971;2
"5972";5972;2
"5973";5973;2
"5974";5974;2
"5975";5975;2
"5976";5976;2
"5977";5977;2
"5978";5978;1
"5979";5979;2
"5980";5980;1
"5981";5981;0
"5982";5982;0
"5983";5983;0
"5984";5984;1
"5985";5985;2
"5986";5986;0
"5987";5987;2
"5988";5988;2
"5989";5989;2
"5990";5990;0
"5991";5991;2
"5992";5992;2
"5993";5993;2
"5994";5994;2
"5995";5995;1
"5996";5996;2
"5997";5997;2
"5998";5998;2
"5999";5999;2
"6000";6000;1
"6001";6001;2
"6002";6002;2
"6003";6003;2
"6004";6004;1
"6005";6005;1
"6006";6006;1
"6007";6007;2
"6008";6008;2
"6009";6009;2
"6010";6010;2
"6011";6011;2
"6012";6012;1
"6013";6013;2
"6014";6014;2
"6015";6015;2
"6016";6016;2
"6017";6017;1
"6018";6018;2
"6019";6019;2
"6020";6020;2
"6021";6021;1
"6022";6022;2
"6023";6023;2
"6024";6024;0
"6025";6025;1
"6026";6026;2
"6027";6027;2
"6028";6028;1
"6029";6029;2
"6030";6030;2
"6031";6031;2
"6032";6032;2
"6033";6033;1
"6034";6034;1
"6035";6035;2
"6036";6036;1
"6037";6037;2
"6038";6038;2
"6039";6039;1
"6040";6040;2
"6041";6041;1
"6042";6042;2
"6043";6043;1
"6044";6044;2
"6045";6045;2
"6046";6046;1
"6047";6047;1
"6048";6048;2
"6049";6049;2
"6050";6050;2
"6051";6051;2
"6052";6052;2
"6053";6053;2
"6054";6054;1
"6055";6055;1
"6056";6056;2
"6057";6057;2
"6058";6058;2
"6059";6059;2
"6060";6060;2
"6061";6061;1
"6062";6062;2
"6063";6063;1
"6064";6064;2
"6065";6065;2
"6066";6066;1
"6067";6067;2
"6068";6068;1
"6069";6069;2
"6070";6070;2
"6071";6071;1
"6072";6072;2
"6073";6073;2
"6074";6074;2
"6075";6075;2
"6076";6076;1
"6077";6077;2
"6078";6078;1
"6079";6079;1
"6080";6080;2
"6081";6081;1
"6082";6082;2
"6083";6083;1
"6084";6084;1
"6085";6085;2
"6086";6086;2
"6087";6087;1
"6088";6088;1
"6089";6089;1
"6090";6090;1
"6091";6091;2
"6092";6092;2
"6093";6093;2
"6094";6094;2
"6095";6095;2
"6096";6096;2
"6097";6097;1
"6098";6098;2
"6099";6099;2
"6100";6100;2
"6101";6101;1
"6102";6102;2
"6103";6103;2
"6104";6104;1
"6105";6105;2
"6106";6106;2
"6107";6107;2
"6108";6108;1
"6109";6109;1
"6110";6110;2
"6111";6111;2
"6112";6112;2
"6113";6113;2
"6114";6114;2
"6115";6115;1
"6116";6116;1
"6117";6117;2
"6118";6118;2
"6119";6119;2
"6120";6120;1
"6121";6121;1
"6122";6122;2
"6123";6123;2
"6124";6124;2
"6125";6125;2
"6126";6126;2
"6127";6127;2
"6128";6128;2
"6129";6129;2
"6130";6130;0
"6131";6131;2
"6132";6132;2
"6133";6133;2
"6134";6134;2
"6135";6135;2
"6136";6136;2
"6137";6137;2
"6138";6138;2
"6139";6139;2
"6140";6140;1
"6141";6141;1
"6142";6142;1
"6143";6143;2
"6144";6144;2
"6145";6145;2
"6146";6146;2
"6147";6147;2
"6148";6148;2
"6149";6149;2
"6150";6150;2
"6151";6151;2
"6152";6152;2
"6153";6153;2
"6154";6154;2
"6155";6155;2
"6156";6156;1
"6157";6157;2
"6158";6158;2
"6159";6159;1
"6160";6160;2
"6161";6161;2
"6162";6162;2
"6163";6163;2
"6164";6164;2
"6165";6165;2
"6166";6166;2
"6167";6167;2
"6168";6168;2
"6169";6169;2
"6170";6170;2
"6171";6171;2
"6172";6172;2
"6173";6173;2
"6174";6174;2
"6175";6175;2
"6176";6176;2
"6177";6177;2
"6178";6178;2
"6179";6179;2
"6180";6180;2
"6181";6181;2
"6182";6182;1
"6183";6183;2
"6184";6184;2
"6185";6185;2
"6186";6186;2
"6187";6187;2
"6188";6188;2
"6189";6189;2
"6190";6190;2
"6191";6191;1
"6192";6192;1
"6193";6193;1
"6194";6194;2
"6195";6195;1
"6196";6196;2
"6197";6197;1
"6198";6198;1
"6199";6199;1
"6200";6200;1
"6201";6201;2
"6202";6202;2
"6203";6203;2
"6204";6204;1
"6205";6205;0
"6206";6206;2
"6207";6207;1
"6208";6208;2
"6209";6209;2
"6210";6210;2
"6211";6211;2
"6212";6212;2
"6213";6213;1
"6214";6214;2
"6215";6215;2
"6216";6216;2
"6217";6217;2
"6218";6218;2
"6219";6219;2
"6220";6220;1
"6221";6221;2
"6222";6222;2
"6223";6223;2
"6224";6224;1
"6225";6225;1
"6226";6226;2
"6227";6227;2
"6228";6228;1
"6229";6229;2
"6230";6230;2
"6231";6231;2
"6232";6232;1
"6233";6233;1
"6234";6234;2
"6235";6235;0
"6236";6236;2
"6237";6237;2
"6238";6238;2
"6239";6239;2
"6240";6240;2
"6241";6241;2
"6242";6242;2
"6243";6243;1
"6244";6244;2
"6245";6245;2
"6246";6246;2
"6247";6247;2
"6248";6248;0
"6249";6249;1
"6250";6250;0
"6251";6251;2
"6252";6252;2
"6253";6253;1
"6254";6254;2
"6255";6255;1
"6256";6256;2
"6257";6257;1
"6258";6258;2
"6259";6259;0
"6260";6260;2
"6261";6261;2
"6262";6262;2
"6263";6263;2
"6264";6264;2
"6265";6265;2
"6266";6266;2
"6267";6267;1
"6268";6268;2
"6269";6269;2
"6270";6270;2
"6271";6271;1
"6272";6272;2
"6273";6273;1
"6274";6274;2
"6275";6275;1
"6276";6276;1
"6277";6277;2
"6278";6278;2
"6279";6279;2
"6280";6280;2
"6281";6281;2
"6282";6282;2
"6283";6283;2
"6284";6284;2
"6285";6285;2
"6286";6286;2
"6287";6287;1
"6288";6288;2
"6289";6289;2
"6290";6290;2
"6291";6291;2
"6292";6292;1
"6293";6293;2
"6294";6294;2
"6295";6295;2
"6296";6296;2
"6297";6297;2
"6298";6298;2
"6299";6299;2
"6300";6300;2
"6301";6301;2
"6302";6302;2
"6303";6303;2
"6304";6304;2
"6305";6305;2
"6306";6306;2
"6307";6307;2
"6308";6308;1
"6309";6309;2
"6310";6310;2
"6311";6311;2
"6312";6312;1
"6313";6313;2
"6314";6314;2
"6315";6315;1
"6316";6316;2
"6317";6317;2
"6318";6318;2
"6319";6319;2
"6320";6320;1
"6321";6321;2
"6322";6322;2
"6323";6323;2
"6324";6324;2
"6325";6325;2
"6326";6326;2
"6327";6327;1
"6328";6328;2
"6329";6329;1
"6330";6330;2
"6331";6331;2
"6332";6332;2
"6333";6333;2
"6334";6334;2
"6335";6335;2
"6336";6336;2
"6337";6337;2
"6338";6338;2
"6339";6339;2
"6340";6340;2
"6341";6341;2
"6342";6342;2
"6343";6343;2
"6344";6344;1
"6345";6345;2
"6346";6346;2
"6347";6347;2
"6348";6348;2
"6349";6349;2
"6350";6350;2
"6351";6351;2
"6352";6352;2
"6353";6353;2
"6354";6354;2
"6355";6355;2
"6356";6356;2
"6357";6357;1
"6358";6358;2
"6359";6359;2
"6360";6360;2
"6361";6361;2
"6362";6362;2
"6363";6363;2
"6364";6364;2
"6365";6365;2
"6366";6366;0
"6367";6367;2
"6368";6368;2
"6369";6369;2
"6370";6370;2
"6371";6371;2
"6372";6372;2
"6373";6373;2
"6374";6374;2
"6375";6375;2
"6376";6376;2
"6377";6377;2
"6378";6378;2
"6379";6379;2
"6380";6380;2
"6381";6381;2
"6382";6382;2
"6383";6383;1
"6384";6384;2
"6385";6385;1
"6386";6386;2
"6387";6387;2
"6388";6388;2
"6389";6389;2
"6390";6390;2
"6391";6391;2
"6392";6392;1
"6393";6393;2
"6394";6394;2
"6395";6395;2
"6396";6396;2
"6397";6397;1
"6398";6398;2
"6399";6399;2
"6400";6400;2
"6401";6401;2
"6402";6402;2
"6403";6403;2
"6404";6404;2
"6405";6405;2
"6406";6406;2
"6407";6407;2
"6408";6408;1
"6409";6409;1
"6410";6410;1
"6411";6411;2
"6412";6412;2
"6413";6413;2
"6414";6414;2
"6415";6415;2
"6416";6416;2
"6417";6417;2
"6418";6418;2
"6419";6419;2
"6420";6420;2
"6421";6421;2
"6422";6422;2
"6423";6423;2
"6424";6424;2
"6425";6425;0
"6426";6426;2
"6427";6427;0
"6428";6428;2
"6429";6429;2
"6430";6430;2
"6431";6431;2
"6432";6432;2
"6433";6433;2
"6434";6434;2
"6435";6435;2
"6436";6436;2
"6437";6437;2
"6438";6438;2
"6439";6439;2
"6440";6440;2
"6441";6441;2
"6442";6442;2
"6443";6443;2
"6444";6444;2
"6445";6445;2
"6446";6446;2
"6447";6447;2
"6448";6448;2
"6449";6449;2
"6450";6450;2
"6451";6451;2
"6452";6452;2
"6453";6453;2
"6454";6454;2
"6455";6455;2
"6456";6456;2
"6457";6457;2
"6458";6458;2
"6459";6459;2
"6460";6460;2
"6461";6461;2
"6462";6462;2
"6463";6463;2
"6464";6464;2
"6465";6465;2
"6466";6466;1
"6467";6467;0
"6468";6468;2
"6469";6469;2
"6470";6470;2
"6471";6471;2
"6472";6472;2
"6473";6473;1
"6474";6474;1
"6475";6475;2
"6476";6476;2
"6477";6477;2
"6478";6478;2
"6479";6479;2
"6480";6480;1
"6481";6481;2
"6482";6482;2
"6483";6483;2
"6484";6484;2
"6485";6485;2
"6486";6486;2
"6487";6487;2
"6488";6488;2
"6489";6489;2
"6490";6490;2
"6491";6491;2
"6492";6492;2
"6493";6493;1
"6494";6494;2
"6495";6495;2
"6496";6496;2
"6497";6497;2
"6498";6498;2
"6499";6499;2
"6500";6500;1
"6501";6501;2
"6502";6502;2
"6503";6503;0
"6504";6504;2
"6505";6505;2
"6506";6506;2
"6507";6507;2
"6508";6508;1
"6509";6509;2
"6510";6510;2
"6511";6511;2
"6512";6512;2
"6513";6513;2
"6514";6514;2
"6515";6515;2
"6516";6516;2
"6517";6517;1
"6518";6518;1
"6519";6519;2
"6520";6520;1
"6521";6521;2
"6522";6522;2
"6523";6523;2
"6524";6524;2
"6525";6525;2
"6526";6526;2
"6527";6527;2
"6528";6528;2
"6529";6529;2
"6530";6530;2
"6531";6531;2
"6532";6532;2
"6533";6533;2
"6534";6534;2
"6535";6535;1
"6536";6536;2
"6537";6537;2
"6538";6538;2
"6539";6539;2
"6540";6540;2
"6541";6541;2
"6542";6542;2
"6543";6543;2
"6544";6544;2
"6545";6545;2
"6546";6546;2
"6547";6547;2
"6548";6548;2
"6549";6549;2
"6550";6550;2
"6551";6551;2
"6552";6552;2
"6553";6553;2
"6554";6554;2
"6555";6555;2
"6556";6556;2
"6557";6557;2
"6558";6558;2
"6559";6559;2
"6560";6560;2
"6561";6561;2
"6562";6562;2
"6563";6563;2
"6564";6564;2
"6565";6565;2
"6566";6566;1
"6567";6567;2
"6568";6568;2
"6569";6569;2
"6570";6570;2
"6571";6571;2
"6572";6572;2
"6573";6573;2
"6574";6574;2
"6575";6575;2
"6576";6576;2
"6577";6577;2
"6578";6578;2
"6579";6579;2
"6580";6580;2
"6581";6581;2
"6582";6582;2
"6583";6583;2
"6584";6584;2
"6585";6585;2
"6586";6586;2
"6587";6587;2
"6588";6588;2
"6589";6589;2
"6590";6590;2
"6591";6591;2
"6592";6592;1
"6593";6593;2
"6594";6594;0
"6595";6595;2
"6596";6596;1
"6597";6597;2
"6598";6598;2
"6599";6599;2
"6600";6600;2
"6601";6601;2
"6602";6602;2
"6603";6603;2
"6604";6604;2
"6605";6605;2
"6606";6606;2
"6607";6607;2
"6608";6608;2
"6609";6609;1
"6610";6610;2
"6611";6611;2
"6612";6612;2
"6613";6613;2
"6614";6614;1
"6615";6615;2
"6616";6616;2
"6617";6617;2
"6618";6618;1
"6619";6619;2
"6620";6620;0
"6621";6621;2
"6622";6622;2
"6623";6623;2
"6624";6624;2
"6625";6625;2
"6626";6626;2
"6627";6627;1
"6628";6628;2
"6629";6629;2
"6630";6630;2
"6631";6631;1
"6632";6632;2
"6633";6633;2
"6634";6634;2
"6635";6635;1
"6636";6636;2
"6637";6637;2
"6638";6638;2
"6639";6639;2
"6640";6640;2
"6641";6641;2
"6642";6642;2
"6643";6643;2
"6644";6644;2
"6645";6645;2
"6646";6646;2
"6647";6647;2
"6648";6648;2
"6649";6649;2
"6650";6650;2
"6651";6651;2
"6652";6652;2
"6653";6653;2
"6654";6654;2
"6655";6655;1
"6656";6656;2
"6657";6657;2
"6658";6658;2
"6659";6659;1
"6660";6660;2
"6661";6661;2
"6662";6662;2
"6663";6663;2
"6664";6664;2
"6665";6665;2
"6666";6666;2
"6667";6667;2
"6668";6668;2
"6669";6669;2
"6670";6670;2
"6671";6671;2
"6672";6672;2
"6673";6673;2
"6674";6674;2
"6675";6675;2
"6676";6676;2
"6677";6677;2
"6678";6678;2
"6679";6679;0
"6680";6680;2
"6681";6681;2
"6682";6682;2
"6683";6683;2
"6684";6684;2
"6685";6685;2
"6686";6686;2
"6687";6687;2
"6688";6688;1
"6689";6689;2
"6690";6690;2
"6691";6691;2
"6692";6692;2
"6693";6693;2
"6694";6694;2
"6695";6695;2
"6696";6696;2
"6697";6697;2
"6698";6698;2
"6699";6699;2
"6700";6700;2
"6701";6701;2
"6702";6702;2
"6703";6703;2
"6704";6704;2
"6705";6705;2
"6706";6706;2
"6707";6707;2
"6708";6708;2
"6709";6709;2
"6710";6710;2
"6711";6711;2
"6712";6712;2
"6713";6713;2
"6714";6714;1
"6715";6715;2
"6716";6716;2
"6717";6717;2
"6718";6718;2
"6719";6719;2
"6720";6720;2
"6721";6721;2
"6722";6722;2
"6723";6723;1
"6724";6724;2
"6725";6725;2
"6726";6726;2
"6727";6727;2
"6728";6728;2
"6729";6729;2
"6730";6730;1
"6731";6731;2
"6732";6732;1
"6733";6733;2
"6734";6734;2
"6735";6735;2
"6736";6736;2
"6737";6737;2
"6738";6738;2
"6739";6739;2
"6740";6740;2
"6741";6741;2
"6742";6742;2
"6743";6743;2
"6744";6744;2
"6745";6745;2
"6746";6746;1
"6747";6747;2
"6748";6748;1
"6749";6749;2
"6750";6750;2
"6751";6751;2
"6752";6752;2
"6753";6753;2
"6754";6754;2
"6755";6755;2
"6756";6756;2
"6757";6757;2
"6758";6758;2
"6759";6759;1
"6760";6760;2
"6761";6761;2
"6762";6762;2
"6763";6763;2
"6764";6764;2
"6765";6765;2
"6766";6766;2
"6767";6767;2
"6768";6768;2
"6769";6769;2
"6770";6770;2
"6771";6771;2
"6772";6772;2
"6773";6773;2
"6774";6774;2
"6775";6775;2
"6776";6776;2
"6777";6777;2
"6778";6778;2
"6779";6779;2
"6780";6780;2
"6781";6781;2
"6782";6782;2
"6783";6783;2
"6784";6784;2
"6785";6785;2
"6786";6786;2
"6787";6787;2
"6788";6788;2
"6789";6789;2
"6790";6790;2
"6791";6791;2
"6792";6792;1
"6793";6793;2
"6794";6794;1
"6795";6795;2
"6796";6796;1
"6797";6797;2
"6798";6798;2
"6799";6799;2
"6800";6800;2
"6801";6801;2
"6802";6802;2
"6803";6803;2
"6804";6804;2
"6805";6805;2
"6806";6806;2
"6807";6807;2
"6808";6808;1
"6809";6809;2
"6810";6810;2
"6811";6811;1
"6812";6812;2
"6813";6813;2
"6814";6814;2
"6815";6815;2
"6816";6816;1
"6817";6817;2
"6818";6818;2
"6819";6819;2
"6820";6820;2
"6821";6821;2
"6822";6822;2
"6823";6823;2
"6824";6824;2
"6825";6825;1
"6826";6826;2
"6827";6827;2
"6828";6828;2
"6829";6829;2
"6830";6830;2
"6831";6831;2
"6832";6832;2
"6833";6833;2
"6834";6834;2
"6835";6835;2
"6836";6836;1
"6837";6837;2
"6838";6838;1
"6839";6839;2
"6840";6840;2
"6841";6841;2
"6842";6842;1
"6843";6843;2
"6844";6844;2
"6845";6845;2
"6846";6846;2
"6847";6847;1
"6848";6848;2
"6849";6849;2
"6850";6850;2
"6851";6851;2
"6852";6852;2
"6853";6853;2
"6854";6854;2
"6855";6855;2
"6856";6856;2
"6857";6857;1
"6858";6858;1
"6859";6859;1
"6860";6860;2
"6861";6861;2
"6862";6862;2
"6863";6863;2
"6864";6864;2
"6865";6865;2
"6866";6866;1
"6867";6867;2
"6868";6868;2
"6869";6869;2
"6870";6870;2
"6871";6871;2
"6872";6872;2
"6873";6873;2
"6874";6874;2
"6875";6875;2
"6876";6876;2
"6877";6877;2
"6878";6878;2
"6879";6879;2
"6880";6880;2
"6881";6881;2
"6882";6882;2
"6883";6883;2
"6884";6884;2
"6885";6885;2
"6886";6886;2
"6887";6887;2
"6888";6888;2
"6889";6889;2
"6890";6890;2
"6891";6891;2
"6892";6892;2
"6893";6893;2
"6894";6894;2
"6895";6895;2
"6896";6896;2
"6897";6897;2
"6898";6898;2
"6899";6899;2
"6900";6900;2
"6901";6901;2
"6902";6902;2
"6903";6903;2
"6904";6904;2
"6905";6905;2
"6906";6906;2
"6907";6907;1
"6908";6908;2
"6909";6909;2
"6910";6910;2
"6911";6911;2
"6912";6912;2
"6913";6913;2
"6914";6914;2
"6915";6915;2
"6916";6916;2
"6917";6917;1
"6918";6918;2
"6919";6919;2
"6920";6920;1
"6921";6921;2
"6922";6922;2
"6923";6923;2
"6924";6924;2
"6925";6925;2
"6926";6926;2
"6927";6927;2
"6928";6928;2
"6929";6929;2
"6930";6930;2
"6931";6931;2
"6932";6932;1
"6933";6933;2
"6934";6934;2
"6935";6935;2
"6936";6936;2
"6937";6937;2
"6938";6938;2
"6939";6939;2
"6940";6940;2
"6941";6941;2
"6942";6942;2
"6943";6943;2
"6944";6944;2
"6945";6945;0
"6946";6946;2
"6947";6947;2
"6948";6948;2
"6949";6949;2
"6950";6950;1
"6951";6951;2
"6952";6952;2
"6953";6953;2
"6954";6954;2
"6955";6955;2
"6956";6956;2
"6957";6957;0
"6958";6958;2
"6959";6959;1
"6960";6960;2
"6961";6961;2
"6962";6962;2
"6963";6963;1
"6964";6964;2
"6965";6965;2
"6966";6966;2
"6967";6967;2
"6968";6968;2
"6969";6969;2
"6970";6970;2
"6971";6971;1
"6972";6972;2
"6973";6973;2
"6974";6974;1
"6975";6975;2
"6976";6976;2
"6977";6977;2
"6978";6978;2
"6979";6979;2
"6980";6980;2
"6981";6981;2
"6982";6982;2
"6983";6983;1
"6984";6984;1
"6985";6985;2
"6986";6986;2
"6987";6987;2
"6988";6988;2
"6989";6989;2
"6990";6990;2
"6991";6991;1
"6992";6992;2
"6993";6993;2
"6994";6994;2
"6995";6995;2
"6996";6996;2
"6997";6997;2
"6998";6998;2
"6999";6999;2
"7000";7000;2
"7001";7001;2
"7002";7002;2
"7003";7003;2
"7004";7004;2
"7005";7005;1
"7006";7006;2
"7007";7007;2
"7008";7008;2
"7009";7009;2
"7010";7010;2
"7011";7011;2
"7012";7012;2
"7013";7013;2
"7014";7014;2
"7015";7015;2
"7016";7016;2
"7017";7017;2
"7018";7018;1
"7019";7019;2
"7020";7020;1
"7021";7021;2
"7022";7022;2
"7023";7023;2
"7024";7024;2
"7025";7025;2
"7026";7026;2
"7027";7027;2
"7028";7028;2
"7029";7029;2
"7030";7030;2
"7031";7031;2
"7032";7032;2
"7033";7033;2
"7034";7034;2
"7035";7035;0
"7036";7036;2
"7037";7037;2
"7038";7038;2
"7039";7039;2
"7040";7040;2
"7041";7041;2
"7042";7042;2
"7043";7043;2
"7044";7044;1
"7045";7045;2
"7046";7046;2
"7047";7047;2
"7048";7048;2
"7049";7049;2
"7050";7050;2
"7051";7051;2
"7052";7052;2
"7053";7053;2
"7054";7054;2
"7055";7055;2
"7056";7056;2
"7057";7057;1
"7058";7058;2
"7059";7059;2
"7060";7060;2
"7061";7061;0
"7062";7062;2
"7063";7063;2
"7064";7064;1
"7065";7065;2
"7066";7066;2
"7067";7067;2
"7068";7068;2
"7069";7069;2
"7070";7070;1
"7071";7071;2
"7072";7072;2
"7073";7073;2
"7074";7074;2
"7075";7075;2
"7076";7076;2
"7077";7077;2
"7078";7078;2
"7079";7079;1
"7080";7080;0
"7081";7081;2
"7082";7082;2
"7083";7083;2
"7084";7084;2
"7085";7085;1
"7086";7086;2
"7087";7087;2
"7088";7088;2
"7089";7089;2
"7090";7090;2
"7091";7091;2
"7092";7092;2
"7093";7093;2
"7094";7094;2
"7095";7095;2
"7096";7096;2
"7097";7097;2
"7098";7098;2
"7099";7099;2
"7100";7100;1
"7101";7101;1
"7102";7102;1
"7103";7103;2
"7104";7104;2
"7105";7105;2
"7106";7106;1
"7107";7107;2
"7108";7108;2
"7109";7109;2
"7110";7110;2
"7111";7111;2
"7112";7112;2
"7113";7113;2
"7114";7114;1
"7115";7115;1
"7116";7116;2
"7117";7117;0
"7118";7118;2
"7119";7119;2
"7120";7120;1
"7121";7121;2
"7122";7122;2
"7123";7123;2
"7124";7124;2
"7125";7125;2
"7126";7126;2
"7127";7127;1
"7128";7128;1
"7129";7129;2
"7130";7130;2
"7131";7131;2
"7132";7132;2
"7133";7133;0
"7134";7134;2
"7135";7135;2
"7136";7136;2
"7137";7137;2
"7138";7138;2
"7139";7139;2
"7140";7140;2
"7141";7141;2
"7142";7142;2
"7143";7143;2
"7144";7144;2
"7145";7145;2
"7146";7146;2
"7147";7147;2
"7148";7148;1
"7149";7149;2
"7150";7150;1
"7151";7151;2
"7152";7152;2
"7153";7153;1
"7154";7154;2
"7155";7155;2
"7156";7156;2
"7157";7157;2
"7158";7158;1
"7159";7159;2
"7160";7160;2
"7161";7161;2
"7162";7162;2
"7163";7163;2
"7164";7164;2
"7165";7165;2
"7166";7166;2
"7167";7167;2
"7168";7168;2
"7169";7169;2
"7170";7170;2
"7171";7171;2
"7172";7172;2
"7173";7173;2
"7174";7174;2
"7175";7175;2
"7176";7176;2
"7177";7177;2
"7178";7178;2
"7179";7179;1
"7180";7180;2
"7181";7181;2
"7182";7182;2
"7183";7183;2
"7184";7184;2
"7185";7185;2
"7186";7186;2
"7187";7187;2
"7188";7188;2
"7189";7189;2
"7190";7190;2
"7191";7191;2
"7192";7192;1
"7193";7193;1
"7194";7194;2
"7195";7195;1
"7196";7196;2
"7197";7197;2
"7198";7198;1
"7199";7199;1
"7200";7200;2
"7201";7201;2
"7202";7202;2
"7203";7203;2
"7204";7204;1
"7205";7205;2
"7206";7206;2
"7207";7207;2
"7208";7208;2
"7209";7209;2
"7210";7210;2
"7211";7211;2
"7212";7212;2
"7213";7213;2
"7214";7214;2
"7215";7215;2
"7216";7216;2
"7217";7217;2
"7218";7218;1
"7219";7219;2
"7220";7220;2
"7221";7221;2
"7222";7222;2
"7223";7223;2
"7224";7224;2
"7225";7225;2
"7226";7226;2
"7227";7227;2
"7228";7228;2
"7229";7229;2
"7230";7230;2
"7231";7231;2
"7232";7232;2
"7233";7233;2
"7234";7234;2
"7235";7235;1
"7236";7236;2
"7237";7237;2
"7238";7238;2
"7239";7239;2
"7240";7240;2
"7241";7241;0
"7242";7242;2
"7243";7243;2
"7244";7244;2
"7245";7245;2
"7246";7246;2
"7247";7247;2
"7248";7248;2
"7249";7249;2
"7250";7250;2
"7251";7251;2
"7252";7252;2
"7253";7253;2
"7254";7254;2
"7255";7255;2
"7256";7256;2
"7257";7257;1
"7258";7258;2
"7259";7259;2
"7260";7260;2
"7261";7261;2
"7262";7262;1
"7263";7263;2
"7264";7264;2
"7265";7265;2
"7266";7266;2
"7267";7267;2
"7268";7268;2
"7269";7269;2
"7270";7270;2
"7271";7271;2
"7272";7272;2
"7273";7273;2
"7274";7274;2
"7275";7275;2
"7276";7276;2
"7277";7277;2
"7278";7278;2
"7279";7279;2
"7280";7280;2
"7281";7281;1
"7282";7282;2
"7283";7283;2
"7284";7284;2
"7285";7285;2
"7286";7286;2
"7287";7287;2
"7288";7288;2
"7289";7289;2
"7290";7290;2
"7291";7291;1
"7292";7292;2
"7293";7293;2
"7294";7294;2
"7295";7295;2
"7296";7296;2
"7297";7297;2
"7298";7298;2
"7299";7299;2
"7300";7300;2
"7301";7301;2
"7302";7302;2
"7303";7303;2
"7304";7304;2
"7305";7305;2
"7306";7306;2
"7307";7307;2
"7308";7308;2
"7309";7309;2
"7310";7310;2
"7311";7311;2
"7312";7312;2
"7313";7313;2
"7314";7314;2
"7315";7315;2
"7316";7316;2
"7317";7317;2
"7318";7318;2
"7319";7319;2
"7320";7320;2
"7321";7321;2
"7322";7322;1
"7323";7323;2
"7324";7324;2
"7325";7325;2
"7326";7326;1
"7327";7327;2
"7328";7328;1
"7329";7329;2
"7330";7330;2
"7331";7331;2
"7332";7332;2
"7333";7333;2
"7334";7334;2
"7335";7335;2
"7336";7336;2
"7337";7337;2
"7338";7338;2
"7339";7339;2
"7340";7340;2
"7341";7341;2
"7342";7342;2
"7343";7343;2
"7344";7344;2
"7345";7345;2
"7346";7346;2
"7347";7347;2
"7348";7348;1
"7349";7349;2
"7350";7350;2
"7351";7351;2
"7352";7352;2
"7353";7353;1
"7354";7354;2
"7355";7355;1
"7356";7356;2
"7357";7357;2
"7358";7358;2
"7359";7359;1
"7360";7360;2
"7361";7361;2
"7362";7362;2
"7363";7363;2
"7364";7364;2
"7365";7365;2
"7366";7366;2
"7367";7367;2
"7368";7368;2
"7369";7369;2
"7370";7370;2
"7371";7371;2
"7372";7372;2
"7373";7373;2
"7374";7374;2
"7375";7375;2
"7376";7376;2
"7377";7377;2
"7378";7378;1
"7379";7379;0
"7380";7380;2
"7381";7381;2
"7382";7382;2
"7383";7383;2
"7384";7384;2
"7385";7385;2
"7386";7386;2
"7387";7387;2
"7388";7388;0
"7389";7389;0
"7390";7390;2
"7391";7391;1
"7392";7392;2
"7393";7393;2
"7394";7394;2
"7395";7395;2
"7396";7396;2
"7397";7397;2
"7398";7398;2
"7399";7399;2
"7400";7400;2
"7401";7401;2
"7402";7402;2
"7403";7403;2
"7404";7404;2
"7405";7405;2
"7406";7406;1
"7407";7407;1
"7408";7408;1
"7409";7409;1
"7410";7410;2
"7411";7411;2
"7412";7412;1
"7413";7413;1
"7414";7414;2
"7415";7415;1
"7416";7416;1
"7417";7417;2
"7418";7418;2
"7419";7419;2
"7420";7420;2
"7421";7421;1
"7422";7422;2
"7423";7423;2
"7424";7424;2
"7425";7425;1
"7426";7426;2
"7427";7427;1
"7428";7428;2
"7429";7429;2
"7430";7430;2
"7431";7431;2
"7432";7432;2
"7433";7433;2
"7434";7434;1
"7435";7435;2
"7436";7436;2
"7437";7437;2
"7438";7438;1
"7439";7439;2
"7440";7440;2
"7441";7441;1
"7442";7442;1
"7443";7443;2
"7444";7444;0
"7445";7445;2
"7446";7446;1
"7447";7447;1
"7448";7448;2
"7449";7449;2
"7450";7450;2
"7451";7451;2
"7452";7452;2
"7453";7453;2
"7454";7454;0
"7455";7455;0
"7456";7456;1
"7457";7457;1
"7458";7458;2
"7459";7459;2
"7460";7460;0
"7461";7461;2
"7462";7462;2
"7463";7463;2
"7464";7464;2
"7465";7465;1
"7466";7466;2
"7467";7467;2
"7468";7468;2
"7469";7469;1
"7470";7470;1
"7471";7471;1
"7472";7472;1
"7473";7473;2
"7474";7474;2
"7475";7475;2
"7476";7476;2
"7477";7477;2
"7478";7478;2
"7479";7479;2
"7480";7480;2
"7481";7481;1
"7482";7482;2
"7483";7483;2
"7484";7484;2
"7485";7485;2
"7486";7486;1
"7487";7487;2
"7488";7488;2
"7489";7489;2
"7490";7490;2
"7491";7491;2
"7492";7492;2
"7493";7493;2
"7494";7494;2
"7495";7495;2
"7496";7496;2
"7497";7497;2
"7498";7498;2
"7499";7499;2
"7500";7500;2
"7501";7501;2
"7502";7502;2
"7503";7503;2
"7504";7504;2
"7505";7505;2
"7506";7506;2
"7507";7507;2
"7508";7508;2
"7509";7509;2
"7510";7510;2
"7511";7511;2
"7512";7512;2
"7513";7513;1
"7514";7514;2
"7515";7515;1
"7516";7516;1
"7517";7517;1
"7518";7518;2
"7519";7519;2
"7520";7520;2
"7521";7521;2
"7522";7522;2
"7523";7523;2
"7524";7524;2
"7525";7525;2
"7526";7526;1
"7527";7527;1
"7528";7528;1
"7529";7529;2
"7530";7530;1
"7531";7531;2
"7532";7532;1
"7533";7533;2
"7534";7534;2
"7535";7535;2
"7536";7536;2
"7537";7537;2
"7538";7538;2
"7539";7539;1
"7540";7540;2
"7541";7541;2
"7542";7542;2
"7543";7543;2
"7544";7544;2
"7545";7545;2
"7546";7546;2
"7547";7547;1
"7548";7548;2
"7549";7549;1
"7550";7550;2
"7551";7551;2
"7552";7552;2
"7553";7553;2
"7554";7554;2
"7555";7555;2
"7556";7556;2
"7557";7557;2
"7558";7558;0
"7559";7559;2
"7560";7560;1
"7561";7561;2
"7562";7562;2
"7563";7563;2
"7564";7564;1
"7565";7565;1
"7566";7566;2
"7567";7567;2
"7568";7568;2
"7569";7569;1
"7570";7570;1
"7571";7571;2
"7572";7572;2
"7573";7573;1
"7574";7574;2
"7575";7575;2
"7576";7576;1
"7577";7577;2
"7578";7578;2
"7579";7579;2
"7580";7580;2
"7581";7581;1
"7582";7582;2
"7583";7583;2
"7584";7584;2
"7585";7585;2
"7586";7586;2
"7587";7587;2
"7588";7588;2
"7589";7589;1
"7590";7590;2
"7591";7591;2
"7592";7592;1
"7593";7593;1
"7594";7594;2
"7595";7595;2
"7596";7596;1
"7597";7597;2
"7598";7598;2
"7599";7599;2
"7600";7600;2
"7601";7601;2
"7602";7602;1
"7603";7603;1
"7604";7604;2
"7605";7605;2
"7606";7606;2
"7607";7607;0
"7608";7608;2
"7609";7609;2
"7610";7610;2
"7611";7611;2
"7612";7612;2
"7613";7613;1
"7614";7614;2
"7615";7615;2
"7616";7616;1
"7617";7617;2
"7618";7618;1
"7619";7619;1
"7620";7620;2
"7621";7621;2
"7622";7622;2
"7623";7623;1
"7624";7624;2
"7625";7625;2
"7626";7626;1
"7627";7627;2
"7628";7628;2
"7629";7629;2
"7630";7630;2
"7631";7631;1
"7632";7632;2
"7633";7633;2
"7634";7634;2
"7635";7635;2
"7636";7636;2
"7637";7637;2
"7638";7638;2
"7639";7639;1
"7640";7640;2
"7641";7641;2
"7642";7642;2
"7643";7643;2
"7644";7644;2
"7645";7645;2
"7646";7646;2
"7647";7647;2
"7648";7648;1
"7649";7649;1
"7650";7650;2
"7651";7651;2
"7652";7652;2
"7653";7653;2
"7654";7654;2
"7655";7655;2
"7656";7656;2
"7657";7657;2
"7658";7658;2
"7659";7659;2
"7660";7660;2
"7661";7661;2
"7662";7662;2
"7663";7663;1
"7664";7664;2
"7665";7665;2
"7666";7666;2
"7667";7667;1
"7668";7668;2
"7669";7669;2
"7670";7670;2
"7671";7671;2
"7672";7672;2
"7673";7673;2
"7674";7674;2
"7675";7675;2
"7676";7676;2
"7677";7677;2
"7678";7678;2
"7679";7679;1
"7680";7680;2
"7681";7681;2
"7682";7682;2
"7683";7683;2
"7684";7684;2
"7685";7685;2
"7686";7686;2
"7687";7687;2
"7688";7688;2
"7689";7689;2
"7690";7690;2
"7691";7691;2
"7692";7692;2
"7693";7693;2
"7694";7694;2
"7695";7695;2
"7696";7696;2
"7697";7697;2
"7698";7698;2
"7699";7699;2
"7700";7700;2
"7701";7701;2
"7702";7702;2
"7703";7703;2
"7704";7704;2
"7705";7705;2
"7706";7706;2
"7707";7707;2
"7708";7708;2
"7709";7709;2
"7710";7710;2
"7711";7711;2
"7712";7712;2
"7713";7713;2
"7714";7714;2
"7715";7715;2
"7716";7716;2
"7717";7717;2
"7718";7718;2
"7719";7719;2
"7720";7720;2
"7721";7721;2
"7722";7722;1
"7723";7723;2
"7724";7724;2
"7725";7725;2
"7726";7726;2
"7727";7727;2
"7728";7728;2
"7729";7729;2
"7730";7730;2
"7731";7731;2
"7732";7732;2
"7733";7733;2
"7734";7734;2
"7735";7735;2
"7736";7736;1
"7737";7737;2
"7738";7738;2
"7739";7739;2
"7740";7740;1
"7741";7741;2
"7742";7742;2
"7743";7743;2
"7744";7744;2
"7745";7745;1
"7746";7746;0
"7747";7747;2
"7748";7748;2
"7749";7749;2
"7750";7750;2
"7751";7751;2
"7752";7752;2
"7753";7753;2
"7754";7754;2
"7755";7755;2
"7756";7756;2
"7757";7757;2
"7758";7758;2
"7759";7759;2
"7760";7760;2
"7761";7761;2
"7762";7762;2
"7763";7763;2
"7764";7764;2
"7765";7765;2
"7766";7766;2
"7767";7767;2
"7768";7768;2
"7769";7769;2
"7770";7770;2
"7771";7771;0
"7772";7772;2
"7773";7773;2
"7774";7774;2
"7775";7775;2
"7776";7776;2
"7777";7777;2
"7778";7778;2
"7779";7779;2
"7780";7780;2
"7781";7781;1
"7782";7782;2
"7783";7783;2
"7784";7784;2
"7785";7785;2
"7786";7786;2
"7787";7787;2
"7788";7788;2
"7789";7789;2
"7790";7790;2
"7791";7791;2
"7792";7792;2
"7793";7793;2
"7794";7794;2
"7795";7795;2
"7796";7796;2
"7797";7797;2
"7798";7798;2
"7799";7799;2
"7800";7800;2
"7801";7801;2
"7802";7802;2
"7803";7803;2
"7804";7804;2
"7805";7805;2
"7806";7806;2
"7807";7807;2
"7808";7808;2
"7809";7809;1
"7810";7810;2
"7811";7811;2
"7812";7812;2
"7813";7813;2
"7814";7814;2
"7815";7815;2
"7816";7816;2
"7817";7817;2
"7818";7818;2
"7819";7819;2
"7820";7820;2
"7821";7821;2
"7822";7822;2
"7823";7823;2
"7824";7824;2
"7825";7825;2
"7826";7826;2
"7827";7827;2
"7828";7828;2
"7829";7829;2
"7830";7830;2
"7831";7831;2
"7832";7832;2
"7833";7833;2
"7834";7834;2
"7835";7835;2
"7836";7836;1
"7837";7837;2
"7838";7838;2
"7839";7839;2
"7840";7840;2
"7841";7841;2
"7842";7842;2
"7843";7843;2
"7844";7844;2
"7845";7845;2
"7846";7846;2
"7847";7847;2
"7848";7848;2
"7849";7849;2
"7850";7850;2
"7851";7851;1
"7852";7852;2
"7853";7853;2
"7854";7854;2
"7855";7855;2
"7856";7856;2
"7857";7857;2
"7858";7858;2
"7859";7859;2
"7860";7860;2
"7861";7861;2
"7862";7862;2
"7863";7863;2
"7864";7864;2
"7865";7865;2
"7866";7866;2
"7867";7867;2
"7868";7868;2
"7869";7869;2
"7870";7870;2
"7871";7871;2
"7872";7872;1
"7873";7873;2
"7874";7874;2
"7875";7875;2
"7876";7876;2
"7877";7877;2
"7878";7878;2
"7879";7879;2
"7880";7880;2
"7881";7881;2
"7882";7882;2
"7883";7883;2
"7884";7884;2
"7885";7885;2
"7886";7886;2
"7887";7887;2
"7888";7888;1
"7889";7889;2
"7890";7890;2
"7891";7891;2
"7892";7892;2
"7893";7893;2
"7894";7894;2
"7895";7895;2
"7896";7896;2
"7897";7897;2
"7898";7898;1
"7899";7899;2
"7900";7900;2
"7901";7901;2
"7902";7902;2
"7903";7903;2
"7904";7904;2
"7905";7905;2
"7906";7906;2
"7907";7907;2
"7908";7908;2
"7909";7909;2
"7910";7910;2
"7911";7911;2
"7912";7912;2
"7913";7913;2
"7914";7914;2
"7915";7915;2
"7916";7916;2
"7917";7917;2
"7918";7918;2
"7919";7919;2
"7920";7920;2
"7921";7921;2
"7922";7922;2
"7923";7923;2
"7924";7924;2
"7925";7925;1
"7926";7926;2
"7927";7927;2
"7928";7928;2
"7929";7929;2
"7930";7930;2
"7931";7931;2
"7932";7932;2
"7933";7933;1
"7934";7934;1
"7935";7935;2
"7936";7936;2
"7937";7937;2
"7938";7938;2
"7939";7939;2
"7940";7940;2
"7941";7941;2
"7942";7942;2
"7943";7943;2
"7944";7944;2
"7945";7945;2
"7946";7946;2
"7947";7947;2
"7948";7948;2
"7949";7949;2
"7950";7950;2
"7951";7951;2
"7952";7952;2
"7953";7953;2
"7954";7954;2
"7955";7955;2
"7956";7956;2
"7957";7957;1
"7958";7958;2
"7959";7959;2
"7960";7960;2
"7961";7961;2
"7962";7962;2
"7963";7963;2
"7964";7964;2
"7965";7965;2
"7966";7966;2
"7967";7967;2
"7968";7968;2
"7969";7969;2
"7970";7970;2
"7971";7971;2
"7972";7972;2
"7973";7973;2
"7974";7974;2
"7975";7975;2
"7976";7976;1
"7977";7977;2
"7978";7978;2
"7979";7979;2
"7980";7980;2
"7981";7981;2
"7982";7982;2
"7983";7983;2
"7984";7984;2
"7985";7985;2
"7986";7986;2
"7987";7987;2
"7988";7988;2
"7989";7989;2
"7990";7990;2
"7991";7991;2
"7992";7992;2
"7993";7993;2
"7994";7994;2
"7995";7995;2
"7996";7996;2
"7997";7997;2
"7998";7998;2
"7999";7999;2
"8000";8000;2
"8001";8001;2
"8002";8002;2
"8003";8003;2
"8004";8004;2
"8005";8005;2
"8006";8006;2
"8007";8007;2
"8008";8008;2
"8009";8009;2
"8010";8010;1
"8011";8011;1
"8012";8012;2
"8013";8013;2
"8014";8014;2
"8015";8015;2
"8016";8016;2
"8017";8017;2
"8018";8018;2
"8019";8019;2
"8020";8020;2
"8021";8021;2
"8022";8022;2
"8023";8023;2
"8024";8024;2
"8025";8025;2
"8026";8026;2
"8027";8027;2
"8028";8028;2
"8029";8029;2
"8030";8030;2
"8031";8031;1
"8032";8032;2
"8033";8033;2
"8034";8034;2
"8035";8035;2
"8036";8036;2
"8037";8037;2
"8038";8038;2
"8039";8039;2
"8040";8040;1
"8041";8041;2
"8042";8042;2
"8043";8043;2
"8044";8044;2
"8045";8045;2
"8046";8046;2
"8047";8047;2
"8048";8048;2
"8049";8049;2
"8050";8050;2
"8051";8051;2
"8052";8052;2
"8053";8053;2
"8054";8054;2
"8055";8055;0
"8056";8056;2
"8057";8057;2
"8058";8058;2
"8059";8059;2
"8060";8060;2
"8061";8061;2
"8062";8062;2
"8063";8063;2
"8064";8064;2
"8065";8065;2
"8066";8066;2
"8067";8067;2
"8068";8068;2
"8069";8069;2
"8070";8070;2
"8071";8071;2
"8072";8072;2
"8073";8073;2
"8074";8074;1
"8075";8075;2
"8076";8076;1
"8077";8077;2
"8078";8078;2
"8079";8079;2
"8080";8080;2
"8081";8081;2
"8082";8082;2
"8083";8083;2
"8084";8084;2
"8085";8085;2
"8086";8086;2
"8087";8087;2
"8088";8088;2
"8089";8089;2
"8090";8090;2
"8091";8091;2
"8092";8092;2
"8093";8093;2
"8094";8094;2
"8095";8095;2
"8096";8096;2
"8097";8097;2
"8098";8098;2
"8099";8099;2
"8100";8100;1
"8101";8101;2
"8102";8102;2
"8103";8103;2
"8104";8104;2
"8105";8105;2
"8106";8106;2
"8107";8107;2
"8108";8108;2
"8109";8109;2
"8110";8110;2
"8111";8111;2
"8112";8112;2
"8113";8113;2
"8114";8114;2
"8115";8115;2
"8116";8116;2
"8117";8117;2
"8118";8118;2
"8119";8119;2
"8120";8120;2
"8121";8121;2
"8122";8122;2
"8123";8123;2
"8124";8124;2
"8125";8125;2
"8126";8126;2
"8127";8127;2
"8128";8128;2
"8129";8129;2
"8130";8130;1
"8131";8131;2
"8132";8132;2
"8133";8133;0
"8134";8134;2
"8135";8135;2
"8136";8136;2
"8137";8137;2
"8138";8138;2
"8139";8139;1
"8140";8140;1
"8141";8141;2
"8142";8142;2
"8143";8143;1
"8144";8144;1
"8145";8145;1
"8146";8146;1
"8147";8147;2
"8148";8148;2
"8149";8149;1
"8150";8150;2
"8151";8151;2
"8152";8152;1
"8153";8153;2
"8154";8154;1
"8155";8155;2
"8156";8156;2
"8157";8157;1
"8158";8158;1
"8159";8159;2
"8160";8160;1
"8161";8161;2
"8162";8162;1
"8163";8163;2
"8164";8164;2
"8165";8165;2
"8166";8166;2
"8167";8167;1
"8168";8168;1
"8169";8169;2
"8170";8170;2
"8171";8171;1
"8172";8172;1
"8173";8173;1
"8174";8174;2
"8175";8175;2
"8176";8176;1
"8177";8177;2
"8178";8178;2
"8179";8179;1
"8180";8180;2
"8181";8181;2
"8182";8182;1
"8183";8183;1
"8184";8184;2
"8185";8185;2
"8186";8186;2
"8187";8187;2
"8188";8188;1
"8189";8189;1
"8190";8190;2
"8191";8191;2
"8192";8192;2
"8193";8193;2
"8194";8194;2
"8195";8195;2
"8196";8196;2
"8197";8197;1
"8198";8198;2
"8199";8199;2
"8200";8200;2
"8201";8201;2
"8202";8202;1
"8203";8203;2
"8204";8204;2
"8205";8205;2
"8206";8206;2
"8207";8207;1
"8208";8208;1
"8209";8209;2
"8210";8210;2
"8211";8211;2
"8212";8212;2
"8213";8213;1
"8214";8214;1
"8215";8215;1
"8216";8216;1
"8217";8217;1
"8218";8218;2
"8219";8219;2
"8220";8220;2
"8221";8221;1
"8222";8222;1
"8223";8223;2
"8224";8224;2
"8225";8225;2
"8226";8226;1
"8227";8227;0
"8228";8228;2
"8229";8229;1
"8230";8230;2
"8231";8231;1
"8232";8232;2
"8233";8233;1
"8234";8234;1
"8235";8235;1
"8236";8236;2
"8237";8237;1
"8238";8238;2
"8239";8239;2
"8240";8240;1
"8241";8241;2
"8242";8242;1
"8243";8243;2
"8244";8244;2
"8245";8245;2
"8246";8246;1
"8247";8247;1
"8248";8248;1
"8249";8249;2
"8250";8250;1
"8251";8251;1
"8252";8252;1
"8253";8253;2
"8254";8254;2
"8255";8255;1
"8256";8256;2
"8257";8257;1
"8258";8258;1
"8259";8259;2
"8260";8260;1
"8261";8261;2
"8262";8262;0
"8263";8263;2
"8264";8264;1
"8265";8265;2
"8266";8266;1
"8267";8267;2
"8268";8268;2
"8269";8269;2
"8270";8270;2
"8271";8271;1
"8272";8272;1
"8273";8273;2
"8274";8274;2
"8275";8275;1
"8276";8276;2
"8277";8277;2
"8278";8278;1
"8279";8279;2
"8280";8280;1
"8281";8281;1
"8282";8282;1
"8283";8283;1
"8284";8284;1
"8285";8285;1
"8286";8286;1
"8287";8287;1
"8288";8288;2
"8289";8289;2
"8290";8290;2
"8291";8291;1
"8292";8292;2
"8293";8293;2
"8294";8294;2
"8295";8295;2
"8296";8296;2
"8297";8297;1
"8298";8298;2
"8299";8299;1
"8300";8300;1
"8301";8301;2
"8302";8302;1
"8303";8303;1
"8304";8304;1
"8305";8305;1
"8306";8306;1
"8307";8307;1
"8308";8308;1
"8309";8309;2
"8310";8310;2
"8311";8311;2
"8312";8312;2
"8313";8313;2
"8314";8314;2
"8315";8315;2
"8316";8316;1
"8317";8317;2
"8318";8318;2
"8319";8319;2
"8320";8320;2
"8321";8321;2
"8322";8322;2
"8323";8323;2
"8324";8324;2
"8325";8325;2
"8326";8326;2
"8327";8327;2
"8328";8328;2
"8329";8329;2
"8330";8330;1
"8331";8331;1
"8332";8332;2
"8333";8333;1
"8334";8334;2
"8335";8335;1
"8336";8336;2
"8337";8337;2
"8338";8338;2
"8339";8339;2
"8340";8340;2
"8341";8341;2
"8342";8342;2
"8343";8343;1
"8344";8344;2
"8345";8345;2
"8346";8346;2
"8347";8347;2
"8348";8348;2
"8349";8349;2
"8350";8350;2
"8351";8351;2
"8352";8352;2
"8353";8353;2
"8354";8354;2
"8355";8355;2
"8356";8356;2
"8357";8357;1
"8358";8358;1
"8359";8359;1
"8360";8360;1
"8361";8361;1
"8362";8362;1
"8363";8363;2
"8364";8364;2
"8365";8365;2
"8366";8366;0
"8367";8367;2
"8368";8368;2
"8369";8369;2
"8370";8370;2
"8371";8371;2
"8372";8372;2
"8373";8373;2
"8374";8374;1
"8375";8375;1
"8376";8376;2
"8377";8377;1
"8378";8378;1
"8379";8379;1
"8380";8380;2
"8381";8381;1
"8382";8382;2
"8383";8383;2
"8384";8384;2
"8385";8385;2
"8386";8386;2
"8387";8387;2
"8388";8388;2
"8389";8389;2
"8390";8390;2
"8391";8391;1
"8392";8392;2
"8393";8393;2
"8394";8394;2
"8395";8395;2
"8396";8396;2
"8397";8397;2
"8398";8398;1
"8399";8399;2
"8400";8400;1
"8401";8401;2
"8402";8402;2
"8403";8403;1
"8404";8404;2
"8405";8405;2
"8406";8406;1
"8407";8407;2
"8408";8408;2
"8409";8409;2
"8410";8410;2
"8411";8411;2
"8412";8412;2
"8413";8413;1
"8414";8414;2
"8415";8415;2
"8416";8416;2
"8417";8417;2
"8418";8418;2
"8419";8419;2
"8420";8420;2
"8421";8421;2
"8422";8422;2
"8423";8423;2
"8424";8424;2
"8425";8425;2
"8426";8426;2
"8427";8427;2
"8428";8428;2
"8429";8429;0
"8430";8430;2
"8431";8431;2
"8432";8432;2
"8433";8433;2
"8434";8434;2
"8435";8435;2
"8436";8436;1
"8437";8437;1
"8438";8438;2
"8439";8439;2
"8440";8440;2
"8441";8441;1
"8442";8442;2
"8443";8443;1
"8444";8444;1
"8445";8445;2
"8446";8446;2
"8447";8447;1
"8448";8448;1
"8449";8449;1
"8450";8450;1
"8451";8451;1
"8452";8452;1
"8453";8453;2
"8454";8454;2
"8455";8455;2
"8456";8456;1
"8457";8457;2
"8458";8458;2
"8459";8459;2
"8460";8460;2
"8461";8461;2
"8462";8462;2
"8463";8463;2
"8464";8464;2
"8465";8465;1
"8466";8466;1
"8467";8467;2
"8468";8468;2
"8469";8469;2
"8470";8470;2
"8471";8471;2
"8472";8472;2
"8473";8473;2
"8474";8474;1
"8475";8475;1
"8476";8476;2
"8477";8477;2
"8478";8478;2
"8479";8479;2
"8480";8480;2
"8481";8481;2
"8482";8482;1
"8483";8483;2
"8484";8484;2
"8485";8485;2
"8486";8486;2
"8487";8487;1
"8488";8488;1
"8489";8489;2
"8490";8490;1
"8491";8491;2
"8492";8492;2
"8493";8493;1
"8494";8494;1
"8495";8495;1
"8496";8496;2
"8497";8497;1
"8498";8498;1
"8499";8499;2
"8500";8500;2
"8501";8501;2
"8502";8502;2
"8503";8503;2
"8504";8504;2
"8505";8505;2
"8506";8506;1
"8507";8507;2
"8508";8508;1
"8509";8509;2
"8510";8510;2
"8511";8511;1
"8512";8512;2
"8513";8513;2
"8514";8514;2
"8515";8515;2
"8516";8516;2
"8517";8517;2
"8518";8518;2
"8519";8519;2
"8520";8520;2
"8521";8521;2
"8522";8522;1
"8523";8523;2
"8524";8524;2
"8525";8525;1
"8526";8526;2
"8527";8527;2
"8528";8528;2
"8529";8529;2
"8530";8530;1
"8531";8531;2
"8532";8532;1
"8533";8533;1
"8534";8534;1
"8535";8535;1
"8536";8536;2
"8537";8537;2
"8538";8538;2
"8539";8539;2
"8540";8540;2
"8541";8541;2
"8542";8542;2
"8543";8543;1
"8544";8544;2
"8545";8545;2
"8546";8546;2
"8547";8547;2
"8548";8548;2
"8549";8549;2
"8550";8550;2
"8551";8551;2
"8552";8552;2
"8553";8553;2
"8554";8554;2
"8555";8555;2
"8556";8556;2
"8557";8557;2
"8558";8558;2
"8559";8559;2
"8560";8560;2
"8561";8561;2
"8562";8562;2
"8563";8563;2
"8564";8564;1
"8565";8565;1
"8566";8566;2
"8567";8567;2
"8568";8568;2
"8569";8569;2
"8570";8570;2
"8571";8571;2
"8572";8572;2
"8573";8573;2
"8574";8574;2
"8575";8575;2
"8576";8576;2
"8577";8577;2
"8578";8578;2
"8579";8579;2
"8580";8580;2
"8581";8581;1
"8582";8582;2
"8583";8583;2
"8584";8584;2
"8585";8585;1
"8586";8586;2
"8587";8587;2
"8588";8588;2
"8589";8589;2
"8590";8590;2
"8591";8591;2
"8592";8592;2
"8593";8593;2
"8594";8594;2
"8595";8595;2
"8596";8596;2
"8597";8597;2
"8598";8598;1
"8599";8599;2
"8600";8600;2
"8601";8601;2
"8602";8602;2
"8603";8603;1
"8604";8604;1
"8605";8605;2
"8606";8606;2
"8607";8607;2
"8608";8608;2
"8609";8609;2
"8610";8610;2
"8611";8611;2
"8612";8612;2
"8613";8613;2
"8614";8614;2
"8615";8615;1
"8616";8616;2
"8617";8617;1
"8618";8618;2
"8619";8619;2
"8620";8620;2
"8621";8621;2
"8622";8622;2
"8623";8623;2
"8624";8624;2
"8625";8625;2
"8626";8626;2
"8627";8627;2
"8628";8628;2
"8629";8629;2
"8630";8630;2
"8631";8631;2
"8632";8632;2
"8633";8633;2
"8634";8634;0
"8635";8635;2
"8636";8636;2
"8637";8637;2
"8638";8638;2
"8639";8639;2
"8640";8640;2
"8641";8641;2
"8642";8642;2
"8643";8643;2
"8644";8644;2
"8645";8645;2
"8646";8646;2
"8647";8647;1
"8648";8648;2
"8649";8649;2
"8650";8650;2
"8651";8651;2
"8652";8652;0
"8653";8653;2
"8654";8654;2
"8655";8655;2
"8656";8656;2
"8657";8657;1
"8658";8658;2
"8659";8659;1
"8660";8660;2
"8661";8661;2
"8662";8662;2
"8663";8663;2
"8664";8664;2
"8665";8665;2
"8666";8666;2
"8667";8667;2
"8668";8668;2
"8669";8669;2
"8670";8670;2
"8671";8671;2
"8672";8672;2
"8673";8673;2
"8674";8674;2
"8675";8675;2
"8676";8676;2
"8677";8677;2
"8678";8678;2
"8679";8679;2
"8680";8680;2
"8681";8681;2
"8682";8682;2
"8683";8683;2
"8684";8684;2
"8685";8685;2
"8686";8686;2
"8687";8687;2
"8688";8688;2
"8689";8689;2
"8690";8690;2
"8691";8691;2
"8692";8692;2
"8693";8693;2
"8694";8694;2
"8695";8695;2
"8696";8696;2
"8697";8697;2
"8698";8698;2
"8699";8699;2
"8700";8700;2
"8701";8701;2
"8702";8702;2
"8703";8703;2
"8704";8704;2
"8705";8705;2
"8706";8706;2
"8707";8707;2
"8708";8708;1
"8709";8709;2
"8710";8710;1
"8711";8711;2
"8712";8712;2
"8713";8713;2
"8714";8714;2
"8715";8715;2
"8716";8716;0
"8717";8717;0
"8718";8718;2
"8719";8719;0
"8720";8720;1
"8721";8721;2
"8722";8722;2
"8723";8723;2
"8724";8724;0
"8725";8725;2
"8726";8726;1
"8727";8727;2
"8728";8728;2
"8729";8729;2
"8730";8730;1
"8731";8731;2
"8732";8732;2
"8733";8733;2
"8734";8734;1
"8735";8735;2
"8736";8736;2
"8737";8737;2
"8738";8738;1
"8739";8739;1
"8740";8740;1
"8741";8741;1
"8742";8742;2
"8743";8743;1
"8744";8744;2
"8745";8745;2
"8746";8746;1
"8747";8747;1
"8748";8748;1
"8749";8749;1
"8750";8750;2
"8751";8751;2
"8752";8752;1
"8753";8753;2
"8754";8754;1
"8755";8755;1
"8756";8756;2
"8757";8757;1
"8758";8758;2
"8759";8759;1
"8760";8760;2
"8761";8761;2
"8762";8762;2
"8763";8763;2
"8764";8764;2
"8765";8765;2
"8766";8766;2
"8767";8767;2
"8768";8768;2
"8769";8769;2
"8770";8770;2
"8771";8771;2
"8772";8772;0
"8773";8773;2
"8774";8774;2
"8775";8775;2
"8776";8776;1
"8777";8777;2
"8778";8778;2
"8779";8779;2
"8780";8780;2
"8781";8781;2
"8782";8782;2
"8783";8783;2
"8784";8784;2
"8785";8785;2
"8786";8786;2
"8787";8787;2
"8788";8788;2
"8789";8789;2
"8790";8790;2
"8791";8791;2
"8792";8792;2
"8793";8793;2
"8794";8794;2
"8795";8795;2
"8796";8796;2
"8797";8797;1
"8798";8798;1
"8799";8799;2
"8800";8800;2
"8801";8801;2
"8802";8802;2
"8803";8803;1
"8804";8804;2
"8805";8805;2
"8806";8806;2
"8807";8807;2
"8808";8808;2
"8809";8809;2
"8810";8810;2
"8811";8811;2
"8812";8812;2
"8813";8813;2
"8814";8814;2
"8815";8815;2
"8816";8816;2
"8817";8817;2
"8818";8818;1
"8819";8819;2
"8820";8820;2
"8821";8821;1
"8822";8822;2
"8823";8823;2
"8824";8824;2
"8825";8825;2
"8826";8826;2
"8827";8827;2
"8828";8828;2
"8829";8829;2
"8830";8830;2
"8831";8831;2
"8832";8832;2
"8833";8833;2
"8834";8834;1
"8835";8835;2
"8836";8836;2
"8837";8837;2
"8838";8838;2
"8839";8839;2
"8840";8840;2
"8841";8841;2
"8842";8842;2
"8843";8843;2
"8844";8844;2
"8845";8845;0
"8846";8846;2
"8847";8847;2
"8848";8848;2
"8849";8849;2
"8850";8850;2
"8851";8851;2
"8852";8852;2
"8853";8853;2
"8854";8854;2
"8855";8855;2
"8856";8856;2
"8857";8857;1
"8858";8858;2
"8859";8859;1
"8860";8860;2
"8861";8861;2
"8862";8862;2
"8863";8863;1
"8864";8864;2
"8865";8865;2
"8866";8866;2
"8867";8867;1
"8868";8868;2
"8869";8869;2
"8870";8870;2
"8871";8871;2
"8872";8872;2
"8873";8873;2
"8874";8874;2
"8875";8875;2
"8876";8876;2
"8877";8877;2
"8878";8878;2
"8879";8879;2
"8880";8880;2
"8881";8881;1
"8882";8882;2
"8883";8883;1
"8884";8884;2
"8885";8885;2
"8886";8886;2
"8887";8887;2
"8888";8888;2
"8889";8889;2
"8890";8890;2
"8891";8891;0
"8892";8892;2
"8893";8893;1
"8894";8894;2
"8895";8895;2
"8896";8896;2
"8897";8897;2
"8898";8898;2
"8899";8899;2
"8900";8900;2
"8901";8901;1
"8902";8902;2
"8903";8903;2
"8904";8904;2
"8905";8905;2
"8906";8906;2
"8907";8907;2
"8908";8908;2
"8909";8909;2
"8910";8910;2
"8911";8911;2
"8912";8912;2
"8913";8913;2
"8914";8914;2
"8915";8915;2
"8916";8916;1
"8917";8917;2
"8918";8918;2
"8919";8919;2
"8920";8920;2
"8921";8921;2
"8922";8922;2
"8923";8923;2
"8924";8924;2
"8925";8925;2
"8926";8926;2
"8927";8927;2
"8928";8928;2
"8929";8929;2
"8930";8930;2
"8931";8931;2
"8932";8932;2
"8933";8933;2
"8934";8934;2
"8935";8935;2
"8936";8936;1
"8937";8937;2
"8938";8938;2
"8939";8939;1
"8940";8940;2
"8941";8941;2
"8942";8942;2
"8943";8943;1
"8944";8944;2
"8945";8945;2
"8946";8946;2
"8947";8947;2
"8948";8948;2
"8949";8949;1
"8950";8950;2
"8951";8951;2
"8952";8952;2
"8953";8953;2
"8954";8954;1
"8955";8955;2
"8956";8956;2
"8957";8957;2
"8958";8958;2
"8959";8959;2
"8960";8960;1
"8961";8961;2
"8962";8962;2
"8963";8963;2
"8964";8964;2
"8965";8965;2
"8966";8966;2
"8967";8967;1
"8968";8968;1
"8969";8969;2
"8970";8970;2
"8971";8971;2
"8972";8972;2
"8973";8973;2
"8974";8974;2
"8975";8975;2
"8976";8976;2
"8977";8977;2
"8978";8978;2
"8979";8979;2
"8980";8980;2
"8981";8981;1
"8982";8982;2
"8983";8983;2
"8984";8984;2
"8985";8985;2
"8986";8986;2
"8987";8987;2
"8988";8988;2
"8989";8989;2
"8990";8990;2
"8991";8991;2
"8992";8992;2
"8993";8993;1
"8994";8994;2
"8995";8995;2
"8996";8996;1
"8997";8997;2
"8998";8998;2
"8999";8999;2
"9000";9000;2
"9001";9001;2
"9002";9002;2
"9003";9003;2
"9004";9004;2
"9005";9005;2
"9006";9006;2
"9007";9007;2
"9008";9008;2
"9009";9009;2
"9010";9010;2
"9011";9011;2
"9012";9012;2
"9013";9013;2
"9014";9014;2
"9015";9015;2
"9016";9016;2
"9017";9017;2
"9018";9018;2
"9019";9019;2
"9020";9020;0
"9021";9021;2
"9022";9022;2
"9023";9023;2
"9024";9024;2
"9025";9025;2
"9026";9026;1
"9027";9027;2
"9028";9028;2
"9029";9029;2
"9030";9030;2
"9031";9031;2
"9032";9032;2
"9033";9033;2
"9034";9034;1
"9035";9035;1
"9036";9036;1
"9037";9037;2
"9038";9038;2
"9039";9039;2
"9040";9040;2
"9041";9041;2
"9042";9042;2
"9043";9043;1
"9044";9044;2
"9045";9045;2
"9046";9046;2
"9047";9047;2
"9048";9048;2
"9049";9049;2
"9050";9050;2
"9051";9051;1
"9052";9052;2
"9053";9053;2
"9054";9054;2
"9055";9055;1
"9056";9056;1
"9057";9057;2
"9058";9058;2
"9059";9059;2
"9060";9060;2
"9061";9061;2
"9062";9062;2
"9063";9063;2
"9064";9064;2
"9065";9065;2
"9066";9066;2
"9067";9067;2
"9068";9068;2
"9069";9069;2
"9070";9070;2
"9071";9071;2
"9072";9072;2
"9073";9073;2
"9074";9074;2
"9075";9075;1
"9076";9076;2
"9077";9077;2
"9078";9078;2
"9079";9079;2
"9080";9080;2
"9081";9081;1
"9082";9082;2
"9083";9083;2
"9084";9084;2
"9085";9085;2
"9086";9086;2
"9087";9087;2
"9088";9088;2
"9089";9089;2
"9090";9090;2
"9091";9091;2
"9092";9092;2
"9093";9093;2
"9094";9094;2
"9095";9095;2
"9096";9096;2
"9097";9097;2
"9098";9098;2
"9099";9099;2
"9100";9100;2
"9101";9101;2
"9102";9102;2
"9103";9103;2
"9104";9104;2
"9105";9105;2
"9106";9106;2
"9107";9107;2
"9108";9108;2
"9109";9109;2
"9110";9110;2
"9111";9111;0
"9112";9112;2
"9113";9113;2
"9114";9114;2
"9115";9115;2
"9116";9116;2
"9117";9117;2
"9118";9118;2
"9119";9119;2
"9120";9120;2
"9121";9121;2
"9122";9122;2
"9123";9123;1
"9124";9124;2
"9125";9125;2
"9126";9126;2
"9127";9127;2
"9128";9128;2
"9129";9129;2
"9130";9130;2
"9131";9131;2
"9132";9132;2
"9133";9133;2
"9134";9134;2
"9135";9135;2
"9136";9136;2
"9137";9137;2
"9138";9138;1
"9139";9139;2
"9140";9140;2
"9141";9141;2
"9142";9142;2
"9143";9143;2
"9144";9144;2
"9145";9145;2
"9146";9146;2
"9147";9147;2
"9148";9148;2
"9149";9149;2
"9150";9150;2
"9151";9151;1
"9152";9152;2
"9153";9153;2
"9154";9154;2
"9155";9155;2
"9156";9156;2
"9157";9157;2
"9158";9158;2
"9159";9159;2
"9160";9160;2
"9161";9161;2
"9162";9162;2
"9163";9163;2
"9164";9164;2
"9165";9165;2
"9166";9166;2
"9167";9167;2
"9168";9168;2
"9169";9169;2
"9170";9170;2
"9171";9171;2
"9172";9172;1
"9173";9173;0
"9174";9174;2
"9175";9175;2
"9176";9176;2
"9177";9177;2
"9178";9178;2
"9179";9179;1
"9180";9180;1
"9181";9181;2
"9182";9182;2
"9183";9183;1
"9184";9184;2
"9185";9185;2
"9186";9186;2
"9187";9187;2
"9188";9188;2
"9189";9189;2
"9190";9190;2
"9191";9191;2
"9192";9192;2
"9193";9193;2
"9194";9194;2
"9195";9195;2
"9196";9196;2
"9197";9197;2
"9198";9198;2
"9199";9199;2
"9200";9200;2
"9201";9201;2
"9202";9202;2
"9203";9203;1
"9204";9204;2
"9205";9205;2
"9206";9206;2
"9207";9207;2
"9208";9208;2
"9209";9209;2
"9210";9210;2
"9211";9211;2
"9212";9212;2
"9213";9213;1
"9214";9214;2
"9215";9215;1
"9216";9216;2
"9217";9217;2
"9218";9218;2
"9219";9219;2
"9220";9220;2
"9221";9221;2
"9222";9222;2
"9223";9223;2
"9224";9224;2
"9225";9225;2
"9226";9226;1
"9227";9227;2
"9228";9228;2
"9229";9229;2
"9230";9230;2
"9231";9231;2
"9232";9232;2
"9233";9233;1
"9234";9234;2
"9235";9235;2
"9236";9236;2
"9237";9237;2
"9238";9238;2
"9239";9239;2
"9240";9240;2
"9241";9241;2
"9242";9242;2
"9243";9243;2
"9244";9244;2
"9245";9245;2
"9246";9246;2
"9247";9247;2
"9248";9248;2
"9249";9249;2
"9250";9250;2
"9251";9251;2
"9252";9252;2
"9253";9253;2
"9254";9254;2
"9255";9255;2
"9256";9256;2
"9257";9257;2
"9258";9258;2
"9259";9259;2
"9260";9260;2
"9261";9261;2
"9262";9262;1
"9263";9263;2
"9264";9264;2
"9265";9265;2
"9266";9266;1
"9267";9267;2
"9268";9268;2
"9269";9269;2
"9270";9270;2
"9271";9271;2
"9272";9272;2
"9273";9273;2
"9274";9274;2
"9275";9275;2
"9276";9276;2
"9277";9277;2
"9278";9278;1
"9279";9279;1
"9280";9280;1
"9281";9281;1
"9282";9282;2
"9283";9283;2
"9284";9284;2
"9285";9285;2
"9286";9286;2
"9287";9287;1
"9288";9288;2
"9289";9289;2
"9290";9290;2
"9291";9291;2
"9292";9292;2
"9293";9293;2
"9294";9294;2
"9295";9295;2
"9296";9296;2
"9297";9297;2
"9298";9298;2
"9299";9299;2
"9300";9300;2
"9301";9301;2
"9302";9302;2
"9303";9303;2
"9304";9304;2
"9305";9305;2
"9306";9306;2
"9307";9307;2
"9308";9308;2
"9309";9309;2
"9310";9310;2
"9311";9311;2
"9312";9312;2
"9313";9313;2
"9314";9314;2
"9315";9315;2
"9316";9316;2
"9317";9317;2
"9318";9318;2
"9319";9319;2
"9320";9320;2
"9321";9321;2
"9322";9322;2
"9323";9323;2
"9324";9324;2
"9325";9325;2
"9326";9326;2
"9327";9327;2
"9328";9328;2
"9329";9329;2
"9330";9330;2
"9331";9331;2
"9332";9332;2
"9333";9333;1
"9334";9334;2
"9335";9335;2
"9336";9336;2
"9337";9337;2
"9338";9338;2
"9339";9339;2
"9340";9340;2
"9341";9341;2
"9342";9342;1
"9343";9343;1
"9344";9344;2
"9345";9345;2
"9346";9346;2
"9347";9347;2
"9348";9348;2
"9349";9349;2
"9350";9350;2
"9351";9351;2
"9352";9352;2
"9353";9353;1
"9354";9354;2
"9355";9355;1
"9356";9356;2
"9357";9357;2
"9358";9358;2
"9359";9359;2
"9360";9360;2
"9361";9361;2
"9362";9362;1
"9363";9363;2
"9364";9364;2
"9365";9365;2
"9366";9366;2
"9367";9367;2
"9368";9368;2
"9369";9369;2
"9370";9370;2
"9371";9371;2
"9372";9372;2
"9373";9373;2
"9374";9374;2
"9375";9375;2
"9376";9376;1
"9377";9377;2
"9378";9378;2
"9379";9379;2
"9380";9380;2
"9381";9381;2
"9382";9382;2
"9383";9383;2
"9384";9384;2
"9385";9385;2
"9386";9386;1
"9387";9387;2
"9388";9388;2
"9389";9389;2
"9390";9390;2
"9391";9391;2
"9392";9392;2
"9393";9393;2
"9394";9394;2
"9395";9395;2
"9396";9396;2
"9397";9397;2
"9398";9398;2
"9399";9399;1
"9400";9400;2
"9401";9401;2
"9402";9402;2
"9403";9403;2
"9404";9404;2
"9405";9405;2
"9406";9406;2
"9407";9407;2
"9408";9408;2
"9409";9409;2
"9410";9410;2
"9411";9411;2
"9412";9412;2
"9413";9413;2
"9414";9414;2
"9415";9415;2
"9416";9416;1
"9417";9417;2
"9418";9418;2
"9419";9419;1
"9420";9420;2
"9421";9421;2
"9422";9422;2
"9423";9423;1
"9424";9424;1
"9425";9425;2
"9426";9426;2
"9427";9427;1
"9428";9428;2
"9429";9429;2
"9430";9430;2
"9431";9431;2
"9432";9432;2
"9433";9433;2
"9434";9434;2
"9435";9435;2
"9436";9436;2
"9437";9437;2
"9438";9438;2
"9439";9439;1
"9440";9440;2
"9441";9441;1
"9442";9442;2
"9443";9443;2
"9444";9444;2
"9445";9445;2
"9446";9446;2
"9447";9447;2
"9448";9448;2
"9449";9449;2
"9450";9450;2
"9451";9451;1
"9452";9452;2
"9453";9453;2
"9454";9454;2
"9455";9455;2
"9456";9456;2
"9457";9457;2
"9458";9458;2
"9459";9459;2
"9460";9460;2
"9461";9461;2
"9462";9462;2
"9463";9463;1
"9464";9464;1
"9465";9465;2
"9466";9466;2
"9467";9467;2
"9468";9468;2
"9469";9469;2
"9470";9470;1
"9471";9471;2
"9472";9472;2
"9473";9473;2
"9474";9474;2
"9475";9475;2
"9476";9476;2
"9477";9477;2
"9478";9478;2
"9479";9479;2
"9480";9480;2
"9481";9481;2
"9482";9482;0
"9483";9483;2
"9484";9484;2
"9485";9485;2
"9486";9486;2
"9487";9487;2
"9488";9488;2
"9489";9489;2
"9490";9490;2
"9491";9491;2
"9492";9492;2
"9493";9493;2
"9494";9494;2
"9495";9495;2
"9496";9496;2
"9497";9497;1
"9498";9498;2
"9499";9499;2
"9500";9500;1
"9501";9501;2
"9502";9502;2
"9503";9503;2
"9504";9504;2
"9505";9505;2
"9506";9506;2
"9507";9507;0
"9508";9508;2
"9509";9509;1
"9510";9510;1
"9511";9511;1
"9512";9512;2
"9513";9513;0
"9514";9514;2
"9515";9515;2
"9516";9516;1
"9517";9517;1
"9518";9518;1
"9519";9519;2
"9520";9520;0
"9521";9521;2
"9522";9522;2
"9523";9523;2
"9524";9524;2
"9525";9525;2
"9526";9526;1
"9527";9527;2
"9528";9528;2
"9529";9529;2
"9530";9530;2
"9531";9531;2
"9532";9532;1
"9533";9533;2
"9534";9534;0
"9535";9535;2
"9536";9536;2
"9537";9537;2
"9538";9538;2
"9539";9539;2
"9540";9540;2
"9541";9541;2
"9542";9542;2
"9543";9543;1
"9544";9544;2
"9545";9545;2
"9546";9546;2
"9547";9547;2
"9548";9548;2
"9549";9549;2
"9550";9550;2
"9551";9551;1
"9552";9552;2
"9553";9553;2
"9554";9554;2
"9555";9555;2
"9556";9556;2
"9557";9557;1
"9558";9558;2
"9559";9559;2
"9560";9560;2
"9561";9561;2
"9562";9562;1
"9563";9563;2
"9564";9564;2
"9565";9565;2
"9566";9566;2
"9567";9567;2
"9568";9568;2
"9569";9569;2
"9570";9570;2
"9571";9571;2
"9572";9572;1
"9573";9573;2
"9574";9574;1
"9575";9575;2
"9576";9576;2
"9577";9577;2
"9578";9578;2
"9579";9579;2
"9580";9580;1
"9581";9581;2
"9582";9582;2
"9583";9583;2
"9584";9584;2
"9585";9585;2
"9586";9586;2
"9587";9587;1
"9588";9588;1
"9589";9589;1
"9590";9590;2
"9591";9591;2
"9592";9592;2
"9593";9593;1
"9594";9594;2
"9595";9595;2
"9596";9596;2
"9597";9597;2
"9598";9598;2
"9599";9599;2
"9600";9600;2
"9601";9601;2
"9602";9602;2
"9603";9603;2
"9604";9604;2
"9605";9605;1
"9606";9606;1
"9607";9607;2
"9608";9608;2
"9609";9609;2
"9610";9610;2
"9611";9611;1
"9612";9612;2
"9613";9613;2
"9614";9614;2
"9615";9615;2
"9616";9616;2
"9617";9617;2
"9618";9618;2
"9619";9619;1
"9620";9620;2
"9621";9621;2
"9622";9622;2
"9623";9623;2
"9624";9624;1
"9625";9625;2
"9626";9626;1
"9627";9627;2
"9628";9628;2
"9629";9629;2
"9630";9630;2
"9631";9631;2
"9632";9632;2
"9633";9633;2
"9634";9634;1
"9635";9635;2
"9636";9636;1
"9637";9637;2
"9638";9638;2
"9639";9639;2
"9640";9640;1
"9641";9641;2
"9642";9642;2
"9643";9643;1
"9644";9644;1
"9645";9645;2
"9646";9646;2
"9647";9647;2
"9648";9648;2
"9649";9649;2
"9650";9650;2
"9651";9651;2
"9652";9652;1
"9653";9653;2
"9654";9654;2
"9655";9655;2
"9656";9656;2
"9657";9657;1
"9658";9658;2
"9659";9659;2
"9660";9660;2
"9661";9661;1
"9662";9662;1
"9663";9663;2
"9664";9664;1
"9665";9665;2
"9666";9666;2
"9667";9667;2
"9668";9668;2
"9669";9669;2
"9670";9670;1
"9671";9671;2
"9672";9672;1
"9673";9673;2
"9674";9674;2
"9675";9675;1
"9676";9676;1
"9677";9677;1
"9678";9678;2
"9679";9679;2
"9680";9680;1
"9681";9681;1
"9682";9682;2
"9683";9683;1
"9684";9684;1
"9685";9685;1
"9686";9686;1
"9687";9687;1
"9688";9688;0
"9689";9689;2
"9690";9690;2
"9691";9691;2
"9692";9692;1
"9693";9693;2
"9694";9694;2
"9695";9695;2
"9696";9696;2
"9697";9697;2
"9698";9698;1
"9699";9699;2
"9700";9700;1
"9701";9701;1
"9702";9702;1
"9703";9703;1
"9704";9704;1
"9705";9705;1
"9706";9706;1
"9707";9707;1
"9708";9708;1
"9709";9709;2
"9710";9710;1
"9711";9711;2
"9712";9712;1
"9713";9713;1
"9714";9714;1
"9715";9715;2
"9716";9716;1
"9717";9717;1
"9718";9718;2
"9719";9719;1
"9720";9720;1
"9721";9721;2
"9722";9722;1
"9723";9723;1
"9724";9724;1
"9725";9725;1
"9726";9726;2
"9727";9727;1
"9728";9728;1
"9729";9729;1
"9730";9730;1
"9731";9731;1
"9732";9732;2
"9733";9733;2
"9734";9734;2
"9735";9735;2
"9736";9736;2
"9737";9737;2
"9738";9738;2
"9739";9739;0
"9740";9740;2
"9741";9741;2
"9742";9742;1
"9743";9743;2
"9744";9744;1
"9745";9745;2
"9746";9746;2
"9747";9747;1
"9748";9748;2
"9749";9749;2
"9750";9750;1
"9751";9751;2
"9752";9752;2
"9753";9753;1
"9754";9754;1
"9755";9755;2
"9756";9756;1
"9757";9757;1
"9758";9758;1
"9759";9759;1
"9760";9760;1
"9761";9761;1
"9762";9762;2
"9763";9763;2
"9764";9764;1
"9765";9765;0
"9766";9766;2
"9767";9767;2
"9768";9768;2
"9769";9769;2
"9770";9770;0
"9771";9771;2
"9772";9772;1
"9773";9773;1
"9774";9774;2
"9775";9775;2
"9776";9776;1
"9777";9777;2
"9778";9778;1
"9779";9779;1
"9780";9780;2
"9781";9781;2
"9782";9782;1
"9783";9783;1
"9784";9784;2
"9785";9785;1
"9786";9786;2
"9787";9787;2
"9788";9788;1
"9789";9789;1
"9790";9790;2
"9791";9791;0
"9792";9792;1
"9793";9793;2
"9794";9794;0
"9795";9795;1
"9796";9796;1
"9797";9797;2
"9798";9798;2
"9799";9799;2
"9800";9800;2
"9801";9801;1
"9802";9802;2
"9803";9803;1
"9804";9804;1
"9805";9805;2
"9806";9806;0
"9807";9807;2
"9808";9808;2
"9809";9809;2
"9810";9810;2
"9811";9811;2
"9812";9812;1
"9813";9813;2
"9814";9814;2
"9815";9815;2
"9816";9816;2
"9817";9817;2
"9818";9818;1
"9819";9819;1
"9820";9820;1
"9821";9821;1
"9822";9822;2
"9823";9823;2
"9824";9824;2
"9825";9825;2
"9826";9826;2
"9827";9827;2
"9828";9828;2
"9829";9829;2
"9830";9830;2
"9831";9831;2
"9832";9832;2
"9833";9833;2
"9834";9834;2
"9835";9835;2
"9836";9836;2
"9837";9837;2
"9838";9838;2
"9839";9839;1
"9840";9840;2
"9841";9841;2
"9842";9842;2
"9843";9843;2
"9844";9844;2
"9845";9845;2
"9846";9846;2
"9847";9847;1
"9848";9848;2
"9849";9849;2
"9850";9850;2
"9851";9851;2
"9852";9852;2
"9853";9853;2
"9854";9854;2
"9855";9855;2
"9856";9856;2
"9857";9857;2
"9858";9858;2
"9859";9859;2
"9860";9860;1
"9861";9861;2
"9862";9862;2
"9863";9863;2
"9864";9864;1
"9865";9865;2
"9866";9866;2
"9867";9867;1
"9868";9868;1
"9869";9869;1
"9870";9870;1
"9871";9871;1
"9872";9872;2
"9873";9873;2
"9874";9874;2
"9875";9875;2
"9876";9876;2
"9877";9877;1
"9878";9878;2
"9879";9879;2
"9880";9880;2
"9881";9881;2
"9882";9882;1
"9883";9883;1
"9884";9884;2
"9885";9885;1
"9886";9886;2
"9887";9887;2
"9888";9888;2
"9889";9889;1
"9890";9890;2
"9891";9891;2
"9892";9892;2
"9893";9893;1
"9894";9894;2
"9895";9895;2
"9896";9896;2
"9897";9897;1
"9898";9898;2
"9899";9899;1
"9900";9900;2
"9901";9901;2
"9902";9902;1
"9903";9903;2
"9904";9904;2
"9905";9905;2
"9906";9906;2
"9907";9907;2
"9908";9908;2
"9909";9909;2
"9910";9910;2
"9911";9911;2
"9912";9912;2
"9913";9913;1
"9914";9914;2
"9915";9915;2
"9916";9916;1
"9917";9917;2
"9918";9918;2
"9919";9919;2
"9920";9920;1
"9921";9921;2
"9922";9922;2
"9923";9923;2
"9924";9924;2
"9925";9925;2
"9926";9926;2
"9927";9927;2
"9928";9928;0
"9929";9929;2
"9930";9930;2
"9931";9931;2
"9932";9932;2
"9933";9933;2
"9934";9934;2
"9935";9935;2
"9936";9936;2
"9937";9937;2
"9938";9938;2
"9939";9939;2
"9940";9940;1
"9941";9941;2
"9942";9942;2
"9943";9943;2
"9944";9944;1
"9945";9945;1
"9946";9946;2
"9947";9947;1
"9948";9948;2
"9949";9949;2
"9950";9950;2
"9951";9951;2
"9952";9952;2
"9953";9953;2
"9954";9954;2
"9955";9955;1
"9956";9956;1
"9957";9957;2
"9958";9958;2
"9959";9959;1
"9960";9960;2
"9961";9961;1
"9962";9962;2
"9963";9963;2
"9964";9964;2
"9965";9965;2
"9966";9966;1
"9967";9967;1
"9968";9968;1
"9969";9969;2
"9970";9970;0
"9971";9971;1
"9972";9972;1
"9973";9973;2
"9974";9974;1
"9975";9975;0
"9976";9976;1
"9977";9977;1
"9978";9978;1
"9979";9979;2
"9980";9980;1
"9981";9981;2
"9982";9982;1
"9983";9983;1
"9984";9984;2
"9985";9985;2
"9986";9986;2
"9987";9987;1
"9988";9988;1
"9989";9989;1
"9990";9990;2
"9991";9991;2
"9992";9992;1
"9993";9993;1
"9994";9994;1
"9995";9995;2
"9996";9996;1
"9997";9997;2
"9998";9998;2
"9999";9999;1
"10000";10000;1
"10001";10001;1
"10002";10002;1
"10003";10003;1
"10004";10004;2
"10005";10005;2
"10006";10006;1
"10007";10007;2
"10008";10008;2
"10009";10009;2
"10010";10010;2
"10011";10011;1
"10012";10012;1
"10013";10013;2
"10014";10014;2
"10015";10015;1
"10016";10016;1
"10017";10017;1
"10018";10018;1
"10019";10019;2
"10020";10020;1
"10021";10021;1
"10022";10022;1
"10023";10023;2
"10024";10024;1
"10025";10025;2
"10026";10026;2
"10027";10027;1
"10028";10028;2
"10029";10029;1
"10030";10030;2
"10031";10031;1
"10032";10032;1
"10033";10033;2
"10034";10034;1
"10035";10035;1
"10036";10036;1
"10037";10037;1
"10038";10038;2
"10039";10039;1
"10040";10040;1
"10041";10041;1
"10042";10042;1
"10043";10043;1
"10044";10044;1
"10045";10045;1
"10046";10046;1
"10047";10047;1
"10048";10048;1
"10049";10049;1
"10050";10050;1
"10051";10051;1
"10052";10052;1
"10053";10053;1
"10054";10054;1
"10055";10055;1
"10056";10056;0
"10057";10057;2
"10058";10058;1
"10059";10059;1
"10060";10060;1
"10061";10061;1
"10062";10062;2
"10063";10063;1
"10064";10064;1
"10065";10065;1
"10066";10066;2
"10067";10067;2
"10068";10068;1
"10069";10069;1
"10070";10070;1
"10071";10071;1
"10072";10072;1
"10073";10073;2
"10074";10074;2
"10075";10075;0
"10076";10076;0
"10077";10077;2
"10078";10078;2
"10079";10079;2
"10080";10080;2
"10081";10081;2
"10082";10082;2
"10083";10083;2
"10084";10084;2
"10085";10085;1
"10086";10086;1
"10087";10087;2
"10088";10088;2
"10089";10089;2
"10090";10090;2
"10091";10091;2
"10092";10092;2
"10093";10093;1
"10094";10094;1
"10095";10095;1
"10096";10096;1
"10097";10097;2
"10098";10098;1
"10099";10099;1
"10100";10100;1
"10101";10101;1
"10102";10102;2
"10103";10103;1
"10104";10104;1
"10105";10105;2
"10106";10106;2
"10107";10107;2
"10108";10108;2
"10109";10109;2
"10110";10110;2
"10111";10111;1
"10112";10112;1
"10113";10113;2
"10114";10114;2
"10115";10115;2
"10116";10116;2
"10117";10117;2
"10118";10118;2
"10119";10119;2
"10120";10120;2
"10121";10121;1
"10122";10122;0
"10123";10123;2
"10124";10124;2
"10125";10125;2
"10126";10126;2
"10127";10127;2
"10128";10128;2
"10129";10129;2
"10130";10130;2
"10131";10131;2
"10132";10132;2
"10133";10133;2
"10134";10134;1
"10135";10135;1
"10136";10136;2
"10137";10137;2
"10138";10138;1
"10139";10139;2
"10140";10140;1
"10141";10141;1
"10142";10142;1
"10143";10143;1
"10144";10144;2
"10145";10145;1
"10146";10146;1
"10147";10147;1
"10148";10148;2
"10149";10149;2
"10150";10150;1
"10151";10151;2
"10152";10152;1
"10153";10153;1
"10154";10154;2
"10155";10155;1
"10156";10156;2
"10157";10157;2
"10158";10158;2
"10159";10159;2
"10160";10160;2
"10161";10161;2
"10162";10162;2
"10163";10163;1
"10164";10164;1
"10165";10165;1
"10166";10166;1
"10167";10167;2
"10168";10168;2
"10169";10169;2
"10170";10170;1
"10171";10171;2
"10172";10172;1
"10173";10173;2
"10174";10174;1
"10175";10175;2
"10176";10176;1
"10177";10177;1
"10178";10178;2
"10179";10179;2
"10180";10180;2
"10181";10181;2
"10182";10182;1
"10183";10183;2
"10184";10184;2
"10185";10185;0
"10186";10186;2
"10187";10187;2
"10188";10188;2
"10189";10189;2
"10190";10190;2
"10191";10191;2
"10192";10192;1
"10193";10193;2
"10194";10194;1
"10195";10195;2
"10196";10196;2
"10197";10197;2
"10198";10198;1
"10199";10199;1
"10200";10200;2
"10201";10201;2
"10202";10202;2
"10203";10203;2
"10204";10204;2
"10205";10205;1
"10206";10206;1
"10207";10207;1
"10208";10208;1
"10209";10209;2
"10210";10210;2
"10211";10211;1
"10212";10212;1
"10213";10213;1
"10214";10214;2
"10215";10215;2
"10216";10216;2
"10217";10217;1
"10218";10218;2
"10219";10219;2
"10220";10220;1
"10221";10221;1
"10222";10222;1
"10223";10223;1
"10224";10224;2
"10225";10225;2
"10226";10226;2
"10227";10227;2
"10228";10228;2
"10229";10229;2
"10230";10230;2
"10231";10231;2
"10232";10232;2
"10233";10233;2
"10234";10234;1
"10235";10235;2
"10236";10236;2
"10237";10237;2
"10238";10238;2
"10239";10239;1
"10240";10240;1
"10241";10241;2
"10242";10242;1
"10243";10243;2
"10244";10244;1
"10245";10245;1
"10246";10246;2
"10247";10247;0
"10248";10248;1
"10249";10249;1
"10250";10250;1
"10251";10251;1
"10252";10252;1
"10253";10253;2
"10254";10254;1
"10255";10255;2
"10256";10256;1
"10257";10257;1
"10258";10258;1
"10259";10259;1
"10260";10260;1
"10261";10261;2
"10262";10262;1
"10263";10263;1
"10264";10264;1
"10265";10265;1
"10266";10266;1
"10267";10267;1
"10268";10268;1
"10269";10269;1
"10270";10270;1
"10271";10271;1
"10272";10272;1
"10273";10273;1
"10274";10274;1
"10275";10275;1
"10276";10276;2
"10277";10277;1
"10278";10278;2
"10279";10279;1
"10280";10280;1
"10281";10281;1
"10282";10282;1
"10283";10283;1
"10284";10284;1
"10285";10285;1
"10286";10286;1
"10287";10287;1
"10288";10288;2
"10289";10289;1
"10290";10290;1
"10291";10291;1
"10292";10292;1
"10293";10293;1
"10294";10294;1
"10295";10295;1
"10296";10296;1
"10297";10297;1
"10298";10298;1
"10299";10299;1
"10300";10300;1
"10301";10301;1
"10302";10302;1
"10303";10303;1
"10304";10304;1
"10305";10305;1
"10306";10306;2
"10307";10307;1
"10308";10308;1
"10309";10309;1
"10310";10310;1
"10311";10311;1
"10312";10312;2
"10313";10313;1
"10314";10314;2
"10315";10315;2
"10316";10316;1
"10317";10317;2
"10318";10318;2
"10319";10319;2
"10320";10320;1
"10321";10321;2
"10322";10322;2
"10323";10323;2
"10324";10324;2
"10325";10325;0
"10326";10326;2
"10327";10327;2
"10328";10328;2
"10329";10329;1
"10330";10330;2
"10331";10331;2
"10332";10332;2
"10333";10333;2
"10334";10334;2
"10335";10335;1
"10336";10336;2
"10337";10337;2
"10338";10338;2
"10339";10339;2
"10340";10340;2
"10341";10341;2
"10342";10342;2
"10343";10343;2
"10344";10344;2
"10345";10345;2
"10346";10346;2
"10347";10347;2
"10348";10348;1
"10349";10349;2
"10350";10350;2
"10351";10351;2
"10352";10352;1
"10353";10353;1
"10354";10354;2
"10355";10355;2
"10356";10356;2
"10357";10357;1
"10358";10358;2
"10359";10359;2
"10360";10360;1
"10361";10361;1
"10362";10362;2
"10363";10363;1
"10364";10364;1
"10365";10365;1
"10366";10366;1
"10367";10367;2
"10368";10368;1
"10369";10369;2
"10370";10370;2
"10371";10371;1
"10372";10372;2
"10373";10373;1
"10374";10374;1
"10375";10375;1
"10376";10376;1
"10377";10377;1
"10378";10378;2
"10379";10379;1
"10380";10380;1
"10381";10381;1
"10382";10382;1
"10383";10383;2
"10384";10384;1
"10385";10385;1
"10386";10386;1
"10387";10387;1
"10388";10388;2
"10389";10389;1
"10390";10390;1
"10391";10391;2
"10392";10392;1
"10393";10393;1
"10394";10394;1
"10395";10395;1
"10396";10396;1
"10397";10397;1
"10398";10398;1
"10399";10399;2
"10400";10400;1
"10401";10401;1
"10402";10402;1
"10403";10403;2
"10404";10404;1
"10405";10405;1
"10406";10406;2
"10407";10407;2
"10408";10408;2
"10409";10409;2
"10410";10410;2
"10411";10411;2
"10412";10412;2
"10413";10413;1
"10414";10414;2
"10415";10415;2
"10416";10416;2
"10417";10417;2
"10418";10418;2
"10419";10419;2
"10420";10420;2
"10421";10421;2
"10422";10422;2
"10423";10423;2
"10424";10424;2
"10425";10425;2
"10426";10426;2
"10427";10427;1
"10428";10428;2
"10429";10429;2
"10430";10430;2
"10431";10431;2
"10432";10432;2
"10433";10433;2
"10434";10434;1
"10435";10435;2
"10436";10436;2
"10437";10437;2
"10438";10438;2
"10439";10439;2
"10440";10440;1
"10441";10441;2
"10442";10442;2
"10443";10443;2
"10444";10444;2
"10445";10445;2
"10446";10446;1
"10447";10447;2
"10448";10448;2
"10449";10449;2
"10450";10450;2
"10451";10451;2
"10452";10452;2
"10453";10453;2
"10454";10454;2
"10455";10455;2
"10456";10456;2
"10457";10457;2
"10458";10458;2
"10459";10459;2
"10460";10460;2
"10461";10461;2
"10462";10462;2
"10463";10463;2
"10464";10464;2
"10465";10465;2
"10466";10466;2
"10467";10467;2
"10468";10468;2
"10469";10469;2
"10470";10470;2
"10471";10471;2
"10472";10472;2
"10473";10473;2
"10474";10474;2
"10475";10475;2
"10476";10476;1
"10477";10477;2
"10478";10478;2
"10479";10479;2
"10480";10480;2
"10481";10481;2
"10482";10482;2
"10483";10483;2
"10484";10484;2
"10485";10485;2
"10486";10486;2
"10487";10487;2
"10488";10488;2
"10489";10489;2
"10490";10490;2
"10491";10491;2
"10492";10492;2
"10493";10493;2
"10494";10494;2
"10495";10495;2
"10496";10496;2
"10497";10497;2
"10498";10498;2
"10499";10499;2
"10500";10500;2
"10501";10501;2
"10502";10502;2
"10503";10503;2
"10504";10504;2
"10505";10505;2
"10506";10506;2
"10507";10507;2
"10508";10508;2
"10509";10509;2
"10510";10510;2
"10511";10511;2
"10512";10512;1
"10513";10513;2
"10514";10514;2
"10515";10515;2
"10516";10516;2
"10517";10517;2
"10518";10518;1
"10519";10519;2
"10520";10520;2
"10521";10521;2
"10522";10522;1
"10523";10523;2
"10524";10524;2
"10525";10525;2
"10526";10526;2
"10527";10527;2
"10528";10528;2
"10529";10529;2
"10530";10530;2
"10531";10531;2
"10532";10532;2
"10533";10533;2
"10534";10534;2
"10535";10535;2
"10536";10536;2
"10537";10537;2
"10538";10538;1
"10539";10539;2
"10540";10540;2
"10541";10541;2
"10542";10542;2
"10543";10543;2
"10544";10544;2
"10545";10545;2
"10546";10546;2
"10547";10547;2
"10548";10548;2
"10549";10549;2
"10550";10550;2
"10551";10551;2
"10552";10552;2
"10553";10553;2
"10554";10554;2
"10555";10555;2
"10556";10556;2
"10557";10557;2
"10558";10558;2
"10559";10559;2
"10560";10560;2
"10561";10561;2
"10562";10562;2
"10563";10563;2
"10564";10564;2
"10565";10565;2
"10566";10566;2
"10567";10567;2
"10568";10568;2
"10569";10569;2
"10570";10570;2
"10571";10571;2
"10572";10572;2
"10573";10573;2
"10574";10574;1
"10575";10575;2
"10576";10576;2
"10577";10577;2
"10578";10578;2
"10579";10579;2
"10580";10580;2
"10581";10581;1
"10582";10582;2
"10583";10583;2
"10584";10584;2
"10585";10585;0
"10586";10586;2
"10587";10587;0
"10588";10588;2
"10589";10589;2
"10590";10590;2
"10591";10591;2
"10592";10592;2
"10593";10593;2
"10594";10594;1
"10595";10595;1
"10596";10596;1
"10597";10597;2
"10598";10598;2
"10599";10599;2
"10600";10600;2
"10601";10601;1
"10602";10602;2
"10603";10603;2
"10604";10604;2
"10605";10605;2
"10606";10606;2
"10607";10607;2
"10608";10608;2
"10609";10609;2
"10610";10610;2
"10611";10611;2
"10612";10612;2
"10613";10613;2
"10614";10614;2
"10615";10615;2
"10616";10616;2
"10617";10617;1
"10618";10618;1
"10619";10619;2
"10620";10620;2
"10621";10621;2
"10622";10622;1
"10623";10623;2
"10624";10624;2
"10625";10625;2
"10626";10626;2
"10627";10627;2
"10628";10628;2
"10629";10629;2
"10630";10630;2
"10631";10631;2
"10632";10632;2
"10633";10633;2
"10634";10634;2
"10635";10635;2
"10636";10636;2
"10637";10637;1
"10638";10638;1
"10639";10639;2
"10640";10640;2
"10641";10641;1
"10642";10642;2
"10643";10643;2
"10644";10644;2
"10645";10645;2
"10646";10646;2
"10647";10647;2
"10648";10648;2
"10649";10649;0
"10650";10650;2
"10651";10651;2
"10652";10652;2
"10653";10653;1
"10654";10654;2
"10655";10655;1
"10656";10656;2
"10657";10657;2
"10658";10658;2
"10659";10659;1
"10660";10660;2
"10661";10661;2
"10662";10662;1
"10663";10663;2
"10664";10664;2
"10665";10665;2
"10666";10666;2
"10667";10667;2
"10668";10668;2
"10669";10669;2
"10670";10670;2
"10671";10671;2
"10672";10672;2
"10673";10673;1
"10674";10674;2
"10675";10675;2
"10676";10676;2
"10677";10677;2
"10678";10678;2
"10679";10679;2
"10680";10680;2
"10681";10681;2
"10682";10682;1
"10683";10683;1
"10684";10684;1
"10685";10685;1
"10686";10686;2
"10687";10687;2
"10688";10688;2
"10689";10689;2
"10690";10690;2
"10691";10691;2
"10692";10692;2
"10693";10693;2
"10694";10694;2
"10695";10695;2
"10696";10696;2
"10697";10697;1
"10698";10698;2
"10699";10699;2
"10700";10700;2
"10701";10701;1
"10702";10702;2
"10703";10703;2
"10704";10704;2
"10705";10705;2
"10706";10706;2
"10707";10707;0
"10708";10708;2
"10709";10709;2
"10710";10710;2
"10711";10711;2
"10712";10712;2
"10713";10713;2
"10714";10714;2
"10715";10715;2
"10716";10716;2
"10717";10717;2
"10718";10718;1
"10719";10719;2
"10720";10720;2
"10721";10721;2
"10722";10722;2
"10723";10723;2
"10724";10724;2
"10725";10725;2
"10726";10726;1
"10727";10727;2
"10728";10728;2
"10729";10729;2
"10730";10730;2
"10731";10731;2
"10732";10732;2
"10733";10733;2
"10734";10734;2
"10735";10735;1
"10736";10736;2
"10737";10737;2
"10738";10738;2
"10739";10739;2
"10740";10740;2
"10741";10741;2
"10742";10742;2
"10743";10743;2
"10744";10744;2
"10745";10745;2
"10746";10746;2
"10747";10747;2
"10748";10748;2
"10749";10749;2
"10750";10750;2
"10751";10751;2
"10752";10752;1
"10753";10753;2
"10754";10754;1
"10755";10755;2
"10756";10756;2
"10757";10757;2
"10758";10758;1
"10759";10759;2
"10760";10760;2
"10761";10761;2
"10762";10762;2
"10763";10763;2
"10764";10764;2
"10765";10765;2
"10766";10766;2
"10767";10767;2
"10768";10768;2
"10769";10769;2
"10770";10770;1
"10771";10771;2
"10772";10772;2
"10773";10773;2
"10774";10774;2
"10775";10775;2
"10776";10776;2
"10777";10777;2
"10778";10778;2
"10779";10779;2
"10780";10780;2
"10781";10781;2
"10782";10782;2
"10783";10783;2
"10784";10784;2
"10785";10785;2
"10786";10786;2
"10787";10787;2
"10788";10788;2
"10789";10789;2
"10790";10790;2
"10791";10791;2
"10792";10792;2
"10793";10793;2
"10794";10794;2
"10795";10795;2
"10796";10796;2
"10797";10797;2
"10798";10798;2
"10799";10799;2
"10800";10800;2
"10801";10801;2
"10802";10802;2
"10803";10803;2
"10804";10804;2
"10805";10805;1
"10806";10806;2
"10807";10807;2
"10808";10808;1
"10809";10809;2
"10810";10810;1
"10811";10811;2
"10812";10812;2
"10813";10813;2
"10814";10814;2
"10815";10815;2
"10816";10816;2
"10817";10817;2
"10818";10818;0
"10819";10819;2
"10820";10820;2
"10821";10821;2
"10822";10822;2
"10823";10823;2
"10824";10824;2
"10825";10825;1
"10826";10826;2
"10827";10827;1
"10828";10828;2
"10829";10829;2
"10830";10830;2
"10831";10831;2
"10832";10832;2
"10833";10833;2
"10834";10834;2
"10835";10835;2
"10836";10836;2
"10837";10837;2
"10838";10838;2
"10839";10839;1
"10840";10840;2
"10841";10841;2
"10842";10842;2
"10843";10843;2
"10844";10844;2
"10845";10845;2
"10846";10846;2
"10847";10847;2
"10848";10848;2
"10849";10849;2
"10850";10850;2
"10851";10851;2
"10852";10852;1
"10853";10853;2
"10854";10854;2
"10855";10855;2
"10856";10856;2
"10857";10857;2
"10858";10858;2
"10859";10859;2
"10860";10860;2
"10861";10861;2
"10862";10862;1
"10863";10863;2
"10864";10864;2
"10865";10865;2
"10866";10866;1
"10867";10867;1
"10868";10868;2
"10869";10869;2
"10870";10870;2
"10871";10871;2
"10872";10872;2
"10873";10873;2
"10874";10874;2
"10875";10875;2
"10876";10876;2
"10877";10877;1
"10878";10878;2
"10879";10879;2
"10880";10880;2
"10881";10881;1
"10882";10882;2
"10883";10883;2
"10884";10884;2
"10885";10885;2
"10886";10886;0
"10887";10887;2
"10888";10888;1
"10889";10889;2
"10890";10890;2
"10891";10891;2
"10892";10892;2
"10893";10893;2
"10894";10894;2
"10895";10895;2
"10896";10896;2
"10897";10897;2
"10898";10898;2
"10899";10899;2
"10900";10900;2
"10901";10901;2
"10902";10902;2
"10903";10903;2
"10904";10904;2
"10905";10905;2
"10906";10906;0
"10907";10907;1
"10908";10908;2
"10909";10909;2
"10910";10910;2
"10911";10911;2
"10912";10912;2
"10913";10913;2
"10914";10914;2
"10915";10915;2
"10916";10916;2
"10917";10917;2
"10918";10918;2
"10919";10919;2
"10920";10920;2
"10921";10921;2
"10922";10922;1
"10923";10923;2
"10924";10924;2
"10925";10925;2
"10926";10926;2
"10927";10927;2
"10928";10928;2
"10929";10929;2
"10930";10930;2
"10931";10931;2
"10932";10932;2
"10933";10933;2
"10934";10934;2
"10935";10935;1
"10936";10936;2
"10937";10937;2
"10938";10938;2
"10939";10939;2
"10940";10940;2
"10941";10941;1
"10942";10942;2
"10943";10943;2
"10944";10944;2
"10945";10945;2
"10946";10946;2
"10947";10947;2
"10948";10948;2
"10949";10949;2
"10950";10950;2
"10951";10951;2
"10952";10952;2
"10953";10953;2
"10954";10954;2
"10955";10955;1
"10956";10956;2
"10957";10957;2
"10958";10958;2
"10959";10959;2
"10960";10960;2
"10961";10961;2
"10962";10962;2
"10963";10963;2
"10964";10964;2
"10965";10965;2
"10966";10966;2
"10967";10967;2
"10968";10968;2
"10969";10969;2
"10970";10970;2
"10971";10971;2
"10972";10972;2
"10973";10973;2
"10974";10974;2
"10975";10975;1
"10976";10976;1
"10977";10977;1
"10978";10978;1
"10979";10979;1
"10980";10980;2
"10981";10981;1
"10982";10982;1
"10983";10983;1
"10984";10984;1
"10985";10985;2
"10986";10986;2
"10987";10987;2
"10988";10988;2
"10989";10989;2
"10990";10990;2
"10991";10991;2
"10992";10992;1
"10993";10993;2
"10994";10994;1
"10995";10995;0
"10996";10996;2
"10997";10997;1
"10998";10998;1
"10999";10999;2
"11000";11000;1
"11001";11001;1
"11002";11002;2
"11003";11003;2
"11004";11004;1
"11005";11005;2
"11006";11006;2
"11007";11007;1
"11008";11008;2
"11009";11009;2
"11010";11010;1
"11011";11011;2
"11012";11012;1
"11013";11013;2
"11014";11014;2
"11015";11015;2
"11016";11016;2
"11017";11017;1
"11018";11018;1
"11019";11019;2
"11020";11020;1
"11021";11021;2
"11022";11022;2
"11023";11023;2
"11024";11024;2
"11025";11025;2
"11026";11026;2
"11027";11027;2
"11028";11028;2
"11029";11029;2
"11030";11030;2
"11031";11031;1
"11032";11032;1
"11033";11033;2
"11034";11034;1
"11035";11035;2
"11036";11036;1
"11037";11037;2
"11038";11038;2
"11039";11039;1
"11040";11040;2
"11041";11041;2
"11042";11042;2
"11043";11043;2
"11044";11044;1
"11045";11045;1
"11046";11046;2
"11047";11047;1
"11048";11048;1
"11049";11049;1
"11050";11050;1
"11051";11051;1
"11052";11052;2
"11053";11053;1
"11054";11054;1
"11055";11055;2
"11056";11056;2
"11057";11057;2
"11058";11058;1
"11059";11059;1
"11060";11060;1
"11061";11061;2
"11062";11062;1
"11063";11063;2
"11064";11064;2
"11065";11065;1
"11066";11066;1
"11067";11067;1
"11068";11068;2
"11069";11069;1
"11070";11070;2
"11071";11071;1
"11072";11072;2
"11073";11073;2
"11074";11074;1
"11075";11075;1
"11076";11076;1
"11077";11077;1
"11078";11078;1
"11079";11079;1
"11080";11080;1
"11081";11081;1
"11082";11082;1
"11083";11083;1
"11084";11084;1
"11085";11085;1
"11086";11086;1
"11087";11087;2
"11088";11088;2
"11089";11089;2
"11090";11090;2
"11091";11091;2
"11092";11092;2
"11093";11093;2
"11094";11094;2
"11095";11095;2
"11096";11096;2
"11097";11097;2
"11098";11098;2
"11099";11099;1
"11100";11100;1
"11101";11101;1
"11102";11102;1
"11103";11103;2
"11104";11104;1
"11105";11105;1
"11106";11106;2
"11107";11107;1
"11108";11108;1
"11109";11109;1
"11110";11110;2
"11111";11111;1
"11112";11112;2
"11113";11113;2
"11114";11114;2
"11115";11115;2
"11116";11116;2
"11117";11117;1
"11118";11118;2
"11119";11119;2
"11120";11120;1
"11121";11121;2
"11122";11122;2
"11123";11123;2
"11124";11124;2
"11125";11125;1
"11126";11126;1
"11127";11127;2
"11128";11128;1
"11129";11129;1
"11130";11130;1
"11131";11131;1
"11132";11132;1
"11133";11133;1
"11134";11134;1
"11135";11135;1
"11136";11136;1
"11137";11137;1
"11138";11138;2
"11139";11139;1
"11140";11140;1
"11141";11141;1
"11142";11142;2
"11143";11143;1
"11144";11144;2
"11145";11145;2
"11146";11146;1
"11147";11147;2
"11148";11148;2
"11149";11149;1
"11150";11150;2
"11151";11151;2
"11152";11152;1
"11153";11153;2
"11154";11154;2
"11155";11155;1
"11156";11156;2
"11157";11157;2
"11158";11158;1
"11159";11159;1
"11160";11160;1
"11161";11161;2
"11162";11162;2
"11163";11163;2
"11164";11164;1
"11165";11165;2
"11166";11166;2
"11167";11167;2
"11168";11168;0
"11169";11169;1
"11170";11170;2
"11171";11171;1
"11172";11172;2
"11173";11173;2
"11174";11174;1
"11175";11175;2
"11176";11176;1
"11177";11177;1
"11178";11178;2
"11179";11179;1
"11180";11180;1
"11181";11181;2
"11182";11182;1
"11183";11183;1
"11184";11184;1
"11185";11185;1
"11186";11186;2
"11187";11187;2
"11188";11188;0
"11189";11189;1
"11190";11190;2
"11191";11191;1
"11192";11192;1
"11193";11193;2
"11194";11194;2
"11195";11195;1
"11196";11196;1
"11197";11197;1
"11198";11198;1
"11199";11199;2
"11200";11200;1
"11201";11201;1
"11202";11202;1
"11203";11203;1
"11204";11204;1
"11205";11205;1
"11206";11206;1
"11207";11207;2
"11208";11208;1
"11209";11209;1
"11210";11210;2
"11211";11211;2
"11212";11212;2
"11213";11213;1
"11214";11214;2
"11215";11215;1
"11216";11216;1
"11217";11217;0
"11218";11218;2
"11219";11219;1
"11220";11220;2
"11221";11221;2
"11222";11222;1
"11223";11223;2
"11224";11224;1
"11225";11225;0
"11226";11226;1
"11227";11227;1
"11228";11228;1
"11229";11229;2
"11230";11230;1
"11231";11231;1
"11232";11232;1
"11233";11233;2
"11234";11234;1
"11235";11235;1
"11236";11236;2
"11237";11237;2
"11238";11238;2
"11239";11239;2
"11240";11240;1
"11241";11241;2
"11242";11242;2
"11243";11243;2
"11244";11244;1
"11245";11245;2
"11246";11246;2
"11247";11247;2
"11248";11248;2
"11249";11249;2
"11250";11250;2
"11251";11251;2
"11252";11252;2
"11253";11253;2
"11254";11254;1
"11255";11255;1
"11256";11256;2
"11257";11257;1
"11258";11258;0
"11259";11259;2
"11260";11260;1
"11261";11261;2
"11262";11262;1
"11263";11263;1
"11264";11264;0
"11265";11265;1
"11266";11266;1
"11267";11267;1
"11268";11268;2
"11269";11269;2
"11270";11270;1
"11271";11271;2
"11272";11272;1
"11273";11273;2
"11274";11274;1
"11275";11275;2
"11276";11276;2
"11277";11277;1
"11278";11278;2
"11279";11279;1
"11280";11280;0
"11281";11281;2
"11282";11282;2
"11283";11283;2
"11284";11284;2
"11285";11285;2
"11286";11286;2
"11287";11287;2
"11288";11288;2
"11289";11289;2
"11290";11290;1
"11291";11291;1
"11292";11292;1
"11293";11293;1
"11294";11294;1
"11295";11295;2
"11296";11296;2
"11297";11297;2
"11298";11298;2
"11299";11299;2
"11300";11300;1
"11301";11301;1
"11302";11302;2
"11303";11303;1
"11304";11304;2
"11305";11305;2
"11306";11306;2
"11307";11307;1
"11308";11308;1
"11309";11309;2
"11310";11310;2
"11311";11311;1
"11312";11312;2
"11313";11313;2
"11314";11314;1
"11315";11315;2
"11316";11316;2
"11317";11317;2
"11318";11318;1
"11319";11319;2
"11320";11320;2
"11321";11321;2
"11322";11322;1
"11323";11323;2
"11324";11324;2
"11325";11325;1
"11326";11326;1
"11327";11327;2
"11328";11328;2
"11329";11329;2
"11330";11330;2
"11331";11331;2
"11332";11332;2
"11333";11333;1
"11334";11334;2
"11335";11335;2
"11336";11336;2
"11337";11337;2
"11338";11338;1
"11339";11339;2
"11340";11340;1
"11341";11341;2
"11342";11342;2
"11343";11343;2
"11344";11344;2
"11345";11345;1
"11346";11346;1
"11347";11347;1
"11348";11348;1
"11349";11349;2
"11350";11350;2
"11351";11351;1
"11352";11352;2
"11353";11353;1
"11354";11354;1
"11355";11355;2
"11356";11356;1
"11357";11357;2
"11358";11358;1
"11359";11359;2
"11360";11360;2
"11361";11361;2
"11362";11362;1
"11363";11363;2
"11364";11364;1
"11365";11365;2
"11366";11366;2
"11367";11367;2
"11368";11368;1
"11369";11369;2
"11370";11370;2
"11371";11371;2
"11372";11372;1
"11373";11373;2
"11374";11374;2
"11375";11375;2
"11376";11376;1
"11377";11377;2
"11378";11378;2
"11379";11379;1
"11380";11380;1
"11381";11381;1
"11382";11382;1
"11383";11383;1
"11384";11384;1
"11385";11385;1
"11386";11386;2
"11387";11387;1
"11388";11388;1
"11389";11389;2
"11390";11390;1
"11391";11391;1
"11392";11392;2
"11393";11393;1
"11394";11394;1
"11395";11395;1
"11396";11396;1
"11397";11397;1
"11398";11398;1
"11399";11399;1
"11400";11400;1
"11401";11401;2
"11402";11402;1
"11403";11403;1
"11404";11404;1
"11405";11405;1
"11406";11406;1
"11407";11407;1
"11408";11408;1
"11409";11409;1
"11410";11410;1
"11411";11411;1
"11412";11412;1
"11413";11413;1
"11414";11414;2
"11415";11415;1
"11416";11416;2
"11417";11417;1
"11418";11418;1
"11419";11419;2
"11420";11420;1
"11421";11421;2
"11422";11422;1
"11423";11423;1
"11424";11424;1
"11425";11425;1
"11426";11426;1
"11427";11427;1
"11428";11428;2
"11429";11429;1
"11430";11430;1
"11431";11431;2
"11432";11432;2
"11433";11433;2
"11434";11434;2
"11435";11435;1
"11436";11436;2
"11437";11437;1
"11438";11438;1
"11439";11439;1
"11440";11440;1
"11441";11441;1
"11442";11442;2
"11443";11443;2
"11444";11444;1
"11445";11445;0
"11446";11446;2
"11447";11447;2
"11448";11448;1
"11449";11449;2
"11450";11450;2
"11451";11451;2
"11452";11452;2
"11453";11453;2
"11454";11454;1
"11455";11455;2
"11456";11456;2
"11457";11457;2
"11458";11458;1
"11459";11459;2
"11460";11460;2
"11461";11461;2
"11462";11462;1
"11463";11463;2
"11464";11464;1
"11465";11465;2
"11466";11466;1
"11467";11467;2
"11468";11468;1
"11469";11469;2
"11470";11470;1
"11471";11471;1
"11472";11472;1
"11473";11473;1
"11474";11474;1
"11475";11475;2
"11476";11476;2
"11477";11477;2
"11478";11478;2
"11479";11479;1
"11480";11480;1
"11481";11481;1
"11482";11482;1
"11483";11483;1
"11484";11484;2
"11485";11485;0
"11486";11486;1
"11487";11487;1
"11488";11488;1
"11489";11489;1
"11490";11490;2
"11491";11491;1
"11492";11492;1
"11493";11493;1
"11494";11494;2
"11495";11495;1
"11496";11496;1
"11497";11497;1
"11498";11498;2
"11499";11499;1
"11500";11500;2
"11501";11501;2
"11502";11502;2
"11503";11503;2
"11504";11504;0
"11505";11505;2
"11506";11506;2
"11507";11507;2
"11508";11508;2
"11509";11509;2
"11510";11510;2
"11511";11511;2
"11512";11512;2
"11513";11513;2
"11514";11514;2
"11515";11515;1
"11516";11516;1
"11517";11517;2
"11518";11518;2
"11519";11519;2
"11520";11520;2
"11521";11521;2
"11522";11522;1
"11523";11523;2
"11524";11524;2
"11525";11525;2
"11526";11526;1
"11527";11527;1
"11528";11528;2
"11529";11529;1
"11530";11530;1
"11531";11531;2
"11532";11532;2
"11533";11533;0
"11534";11534;2
"11535";11535;2
"11536";11536;2
"11537";11537;1
"11538";11538;2
"11539";11539;1
"11540";11540;1
"11541";11541;1
"11542";11542;1
"11543";11543;1
"11544";11544;2
"11545";11545;2
"11546";11546;2
"11547";11547;1
"11548";11548;1
"11549";11549;1
"11550";11550;1
"11551";11551;1
"11552";11552;1
"11553";11553;1
"11554";11554;1
"11555";11555;1
"11556";11556;1
"11557";11557;1
"11558";11558;2
"11559";11559;1
"11560";11560;1
"11561";11561;2
"11562";11562;2
"11563";11563;2
"11564";11564;2
"11565";11565;1
"11566";11566;1
"11567";11567;1
"11568";11568;2
"11569";11569;1
"11570";11570;1
"11571";11571;1
"11572";11572;2
"11573";11573;1
"11574";11574;1
"11575";11575;1
"11576";11576;1
"11577";11577;1
"11578";11578;1
"11579";11579;1
"11580";11580;1
"11581";11581;1
"11582";11582;1
"11583";11583;1
"11584";11584;1
"11585";11585;2
"11586";11586;1
"11587";11587;1
"11588";11588;1
"11589";11589;1
"11590";11590;1
"11591";11591;1
"11592";11592;1
"11593";11593;1
"11594";11594;1
"11595";11595;1
"11596";11596;1
"11597";11597;1
"11598";11598;1
"11599";11599;1
"11600";11600;1
"11601";11601;1
"11602";11602;1
"11603";11603;1
"11604";11604;2
"11605";11605;2
"11606";11606;2
"11607";11607;1
"11608";11608;2
"11609";11609;1
"11610";11610;2
"11611";11611;1
"11612";11612;1
"11613";11613;1
"11614";11614;2
"11615";11615;1
"11616";11616;1
"11617";11617;2
"11618";11618;1
"11619";11619;1
"11620";11620;1
"11621";11621;1
"11622";11622;1
"11623";11623;1
"11624";11624;1
"11625";11625;1
"11626";11626;1
"11627";11627;1
"11628";11628;2
"11629";11629;2
"11630";11630;2
"11631";11631;2
"11632";11632;2
"11633";11633;2
"11634";11634;2
"11635";11635;2
"11636";11636;2
"11637";11637;1
"11638";11638;2
"11639";11639;2
"11640";11640;2
"11641";11641;1
"11642";11642;2
"11643";11643;1
"11644";11644;1
"11645";11645;2
"11646";11646;1
"11647";11647;2
"11648";11648;1
"11649";11649;1
"11650";11650;2
"11651";11651;2
"11652";11652;2
"11653";11653;1
"11654";11654;2
"11655";11655;2
"11656";11656;2
"11657";11657;2
"11658";11658;2
"11659";11659;2
"11660";11660;2
"11661";11661;2
"11662";11662;2
"11663";11663;2
"11664";11664;2
"11665";11665;2
"11666";11666;2
"11667";11667;2
"11668";11668;2
"11669";11669;2
"11670";11670;2
"11671";11671;2
"11672";11672;2
"11673";11673;2
"11674";11674;2
"11675";11675;2
"11676";11676;2
"11677";11677;2
"11678";11678;2
"11679";11679;2
"11680";11680;2
"11681";11681;2
"11682";11682;2
"11683";11683;2
"11684";11684;1
"11685";11685;2
"11686";11686;2
"11687";11687;2
"11688";11688;2
"11689";11689;2
"11690";11690;1
"11691";11691;1
"11692";11692;2
"11693";11693;2
"11694";11694;1
"11695";11695;2
"11696";11696;2
"11697";11697;2
"11698";11698;2
"11699";11699;2
"11700";11700;2
"11701";11701;1
"11702";11702;2
"11703";11703;2
"11704";11704;1
"11705";11705;2
"11706";11706;2
"11707";11707;2
"11708";11708;1
"11709";11709;2
"11710";11710;2
"11711";11711;2
"11712";11712;2
"11713";11713;1
"11714";11714;1
"11715";11715;2
"11716";11716;2
"11717";11717;2
"11718";11718;2
"11719";11719;2
"11720";11720;1
"11721";11721;2
"11722";11722;2
"11723";11723;2
"11724";11724;2
"11725";11725;2
"11726";11726;2
"11727";11727;2
"11728";11728;2
"11729";11729;2
"11730";11730;1
"11731";11731;1
"11732";11732;2
"11733";11733;2
"11734";11734;2
"11735";11735;2
"11736";11736;2
"11737";11737;1
"11738";11738;1
"11739";11739;2
"11740";11740;2
"11741";11741;1
"11742";11742;2
"11743";11743;2
"11744";11744;2
"11745";11745;1
"11746";11746;2
"11747";11747;2
"11748";11748;2
"11749";11749;2
"11750";11750;1
"11751";11751;2
"11752";11752;2
"11753";11753;2
"11754";11754;2
"11755";11755;1
"11756";11756;2
"11757";11757;2
"11758";11758;2
"11759";11759;2
"11760";11760;1
"11761";11761;2
"11762";11762;1
"11763";11763;2
"11764";11764;2
"11765";11765;2
"11766";11766;2
"11767";11767;1
"11768";11768;2
"11769";11769;2
"11770";11770;2
"11771";11771;2
"11772";11772;2
"11773";11773;2
"11774";11774;2
"11775";11775;2
"11776";11776;1
"11777";11777;2
"11778";11778;1
"11779";11779;2
"11780";11780;1
"11781";11781;1
"11782";11782;2
"11783";11783;1
"11784";11784;2
"11785";11785;2
"11786";11786;2
"11787";11787;2
"11788";11788;2
"11789";11789;2
"11790";11790;2
"11791";11791;2
"11792";11792;1
"11793";11793;2
"11794";11794;2
"11795";11795;2
"11796";11796;2
"11797";11797;2
"11798";11798;2
"11799";11799;2
"11800";11800;1
"11801";11801;2
"11802";11802;2
"11803";11803;2
"11804";11804;2
"11805";11805;2
"11806";11806;1
"11807";11807;2
"11808";11808;2
"11809";11809;2
"11810";11810;2
"11811";11811;2
"11812";11812;2
"11813";11813;2
"11814";11814;2
"11815";11815;2
"11816";11816;2
"11817";11817;2
"11818";11818;2
"11819";11819;2
"11820";11820;2
"11821";11821;2
"11822";11822;2
"11823";11823;2
"11824";11824;2
"11825";11825;2
"11826";11826;2
"11827";11827;2
"11828";11828;2
"11829";11829;2
"11830";11830;2
"11831";11831;2
"11832";11832;2
"11833";11833;2
"11834";11834;2
"11835";11835;2
"11836";11836;1
"11837";11837;1
"11838";11838;2
"11839";11839;2
"11840";11840;2
"11841";11841;2
"11842";11842;2
"11843";11843;1
"11844";11844;2
"11845";11845;2
"11846";11846;2
"11847";11847;2
"11848";11848;2
"11849";11849;2
"11850";11850;2
"11851";11851;2
"11852";11852;2
"11853";11853;2
"11854";11854;2
"11855";11855;2
"11856";11856;1
"11857";11857;2
"11858";11858;2
"11859";11859;2
"11860";11860;2
"11861";11861;2
"11862";11862;2
"11863";11863;2
"11864";11864;2
"11865";11865;2
"11866";11866;2
"11867";11867;2
"11868";11868;1
"11869";11869;2
"11870";11870;2
"11871";11871;2
"11872";11872;2
"11873";11873;2
"11874";11874;2
"11875";11875;2
"11876";11876;2
"11877";11877;2
"11878";11878;2
"11879";11879;2
"11880";11880;1
"11881";11881;2
"11882";11882;2
"11883";11883;2
"11884";11884;2
"11885";11885;2
"11886";11886;2
"11887";11887;2
"11888";11888;1
"11889";11889;2
"11890";11890;2
"11891";11891;2
"11892";11892;2
"11893";11893;2
"11894";11894;2
"11895";11895;1
"11896";11896;2
"11897";11897;2
"11898";11898;2
"11899";11899;2
"11900";11900;2
"11901";11901;2
"11902";11902;2
"11903";11903;1
"11904";11904;2
"11905";11905;2
"11906";11906;2
"11907";11907;2
"11908";11908;2
"11909";11909;2
"11910";11910;1
"11911";11911;2
"11912";11912;2
"11913";11913;2
"11914";11914;2
"11915";11915;2
"11916";11916;2
"11917";11917;2
"11918";11918;2
"11919";11919;2
"11920";11920;2
"11921";11921;2
"11922";11922;2
"11923";11923;2
"11924";11924;1
"11925";11925;2
"11926";11926;2
"11927";11927;2
"11928";11928;2
"11929";11929;2
"11930";11930;2
"11931";11931;2
"11932";11932;2
"11933";11933;2
"11934";11934;2
"11935";11935;2
"11936";11936;2
"11937";11937;2
"11938";11938;2
"11939";11939;2
"11940";11940;1
"11941";11941;1
"11942";11942;2
"11943";11943;2
"11944";11944;2
"11945";11945;2
"11946";11946;2
"11947";11947;2
"11948";11948;1
"11949";11949;2
"11950";11950;2
"11951";11951;2
"11952";11952;1
"11953";11953;2
"11954";11954;2
"11955";11955;2
"11956";11956;2
"11957";11957;2
"11958";11958;2
"11959";11959;2
"11960";11960;1
"11961";11961;1
"11962";11962;2
"11963";11963;2
"11964";11964;2
"11965";11965;2
"11966";11966;2
"11967";11967;2
"11968";11968;1
"11969";11969;1
"11970";11970;2
"11971";11971;1
"11972";11972;2
"11973";11973;2
"11974";11974;2
"11975";11975;2
"11976";11976;2
"11977";11977;2
"11978";11978;2
"11979";11979;2
"11980";11980;2
"11981";11981;1
"11982";11982;1
"11983";11983;1
"11984";11984;2
"11985";11985;2
"11986";11986;2
"11987";11987;2
"11988";11988;2
"11989";11989;1
"11990";11990;2
"11991";11991;2
"11992";11992;2
"11993";11993;2
"11994";11994;2
"11995";11995;2
"11996";11996;2
"11997";11997;2
"11998";11998;2
"11999";11999;2
"12000";12000;2
"12001";12001;1
"12002";12002;2
"12003";12003;2
"12004";12004;2
"12005";12005;2
"12006";12006;2
"12007";12007;2
"12008";12008;2
"12009";12009;2
"12010";12010;2
"12011";12011;1
"12012";12012;2
"12013";12013;2
"12014";12014;0
"12015";12015;2
"12016";12016;2
"12017";12017;2
"12018";12018;1
"12019";12019;1
"12020";12020;2
"12021";12021;2
"12022";12022;2
"12023";12023;2
"12024";12024;2
"12025";12025;2
"12026";12026;2
"12027";12027;2
"12028";12028;2
"12029";12029;2
"12030";12030;2
"12031";12031;2
"12032";12032;2
"12033";12033;2
"12034";12034;2
"12035";12035;2
"12036";12036;2
"12037";12037;2
"12038";12038;2
"12039";12039;0
"12040";12040;2
"12041";12041;2
"12042";12042;2
"12043";12043;2
"12044";12044;2
"12045";12045;2
"12046";12046;2
"12047";12047;2
"12048";12048;2
"12049";12049;1
"12050";12050;2
"12051";12051;2
"12052";12052;2
"12053";12053;2
"12054";12054;2
"12055";12055;2
"12056";12056;1
"12057";12057;2
"12058";12058;2
"12059";12059;2
"12060";12060;2
"12061";12061;2
"12062";12062;2
"12063";12063;2
"12064";12064;2
"12065";12065;2
"12066";12066;1
"12067";12067;2
"12068";12068;2
"12069";12069;2
"12070";12070;2
"12071";12071;2
"12072";12072;2
"12073";12073;2
"12074";12074;2
"12075";12075;2
"12076";12076;2
"12077";12077;2
"12078";12078;2
"12079";12079;2
"12080";12080;2
"12081";12081;2
"12082";12082;1
"12083";12083;2
"12084";12084;2
"12085";12085;2
"12086";12086;2
"12087";12087;2
"12088";12088;2
"12089";12089;2
"12090";12090;2
"12091";12091;2
"12092";12092;2
"12093";12093;2
"12094";12094;2
"12095";12095;2
"12096";12096;2
"12097";12097;1
"12098";12098;2
"12099";12099;2
"12100";12100;1
"12101";12101;2
"12102";12102;2
"12103";12103;2
"12104";12104;2
"12105";12105;2
"12106";12106;1
"12107";12107;2
"12108";12108;2
"12109";12109;2
"12110";12110;2
"12111";12111;2
"12112";12112;2
"12113";12113;2
"12114";12114;1
"12115";12115;2
"12116";12116;2
"12117";12117;2
"12118";12118;2
"12119";12119;2
"12120";12120;2
"12121";12121;2
"12122";12122;2
"12123";12123;2
"12124";12124;2
"12125";12125;2
"12126";12126;2
"12127";12127;2
"12128";12128;2
"12129";12129;2
"12130";12130;2
"12131";12131;2
"12132";12132;2
"12133";12133;2
"12134";12134;2
"12135";12135;2
"12136";12136;1
"12137";12137;2
"12138";12138;1
"12139";12139;2
"12140";12140;2
"12141";12141;2
"12142";12142;2
"12143";12143;2
"12144";12144;2
"12145";12145;2
"12146";12146;2
"12147";12147;2
"12148";12148;2
"12149";12149;2
"12150";12150;2
"12151";12151;1
"12152";12152;2
"12153";12153;2
"12154";12154;2
"12155";12155;2
"12156";12156;2
"12157";12157;2
"12158";12158;2
"12159";12159;2
"12160";12160;2
"12161";12161;2
"12162";12162;2
"12163";12163;2
"12164";12164;2
"12165";12165;0
"12166";12166;2
"12167";12167;2
"12168";12168;2
"12169";12169;2
"12170";12170;2
"12171";12171;2
"12172";12172;1
"12173";12173;2
"12174";12174;2
"12175";12175;2
"12176";12176;2
"12177";12177;2
"12178";12178;2
"12179";12179;1
"12180";12180;2
"12181";12181;2
"12182";12182;2
"12183";12183;2
"12184";12184;2
"12185";12185;2
"12186";12186;2
"12187";12187;2
"12188";12188;2
"12189";12189;2
"12190";12190;2
"12191";12191;2
"12192";12192;2
"12193";12193;2
"12194";12194;2
"12195";12195;2
"12196";12196;2
"12197";12197;1
"12198";12198;2
"12199";12199;2
"12200";12200;2
"12201";12201;2
"12202";12202;2
"12203";12203;2
"12204";12204;2
"12205";12205;2
"12206";12206;2
"12207";12207;2
"12208";12208;1
"12209";12209;2
"12210";12210;2
"12211";12211;2
"12212";12212;2
"12213";12213;2
"12214";12214;2
"12215";12215;2
"12216";12216;2
"12217";12217;2
"12218";12218;2
"12219";12219;2
"12220";12220;2
"12221";12221;2
"12222";12222;2
"12223";12223;2
"12224";12224;1
"12225";12225;2
"12226";12226;2
"12227";12227;2
"12228";12228;2
"12229";12229;1
"12230";12230;2
"12231";12231;2
"12232";12232;1
"12233";12233;2
"12234";12234;0
"12235";12235;2
"12236";12236;2
"12237";12237;2
"12238";12238;2
"12239";12239;2
"12240";12240;2
"12241";12241;2
"12242";12242;2
"12243";12243;2
"12244";12244;2
"12245";12245;2
"12246";12246;2
"12247";12247;1
"12248";12248;2
"12249";12249;2
"12250";12250;2
"12251";12251;2
"12252";12252;2
"12253";12253;2
"12254";12254;2
"12255";12255;2
"12256";12256;2
"12257";12257;2
"12258";12258;2
"12259";12259;2
"12260";12260;2
"12261";12261;2
"12262";12262;1
"12263";12263;2
"12264";12264;2
"12265";12265;1
"12266";12266;2
"12267";12267;1
"12268";12268;2
"12269";12269;1
"12270";12270;2
"12271";12271;1
"12272";12272;2
"12273";12273;2
"12274";12274;2
"12275";12275;2
"12276";12276;2
"12277";12277;2
"12278";12278;2
"12279";12279;2
"12280";12280;2
"12281";12281;2
"12282";12282;2
"12283";12283;2
"12284";12284;1
"12285";12285;2
"12286";12286;1
"12287";12287;2
"12288";12288;1
"12289";12289;2
"12290";12290;2
"12291";12291;2
"12292";12292;1
"12293";12293;2
"12294";12294;1
"12295";12295;2
"12296";12296;2
"12297";12297;2
"12298";12298;2
"12299";12299;2
"12300";12300;2
"12301";12301;2
"12302";12302;2
"12303";12303;1
"12304";12304;2
"12305";12305;2
"12306";12306;1
"12307";12307;2
"12308";12308;2
"12309";12309;2
"12310";12310;2
"12311";12311;2
"12312";12312;2
"12313";12313;2
"12314";12314;2
"12315";12315;2
"12316";12316;2
"12317";12317;2
"12318";12318;2
"12319";12319;2
"12320";12320;2
"12321";12321;2
"12322";12322;2
"12323";12323;2
"12324";12324;2
"12325";12325;2
"12326";12326;2
"12327";12327;2
"12328";12328;1
"12329";12329;2
"12330";12330;2
"12331";12331;2
"12332";12332;1
"12333";12333;2
"12334";12334;1
"12335";12335;1
"12336";12336;2
"12337";12337;2
"12338";12338;2
"12339";12339;2
"12340";12340;2
"12341";12341;2
"12342";12342;2
"12343";12343;2
"12344";12344;2
"12345";12345;2
"12346";12346;2
"12347";12347;2
"12348";12348;1
"12349";12349;2
"12350";12350;1
"12351";12351;2
"12352";12352;2
"12353";12353;2
"12354";12354;2
"12355";12355;2
"12356";12356;2
"12357";12357;2
"12358";12358;2
"12359";12359;2
"12360";12360;2
"12361";12361;2
"12362";12362;2
"12363";12363;2
"12364";12364;2
"12365";12365;2
"12366";12366;1
"12367";12367;2
"12368";12368;2
"12369";12369;2
"12370";12370;1
"12371";12371;2
"12372";12372;2
"12373";12373;2
"12374";12374;2
"12375";12375;2
"12376";12376;2
"12377";12377;2
"12378";12378;2
"12379";12379;1
"12380";12380;2
"12381";12381;2
"12382";12382;2
"12383";12383;2
"12384";12384;2
"12385";12385;1
"12386";12386;2
"12387";12387;1
"12388";12388;2
"12389";12389;2
"12390";12390;2
"12391";12391;1
"12392";12392;2
"12393";12393;1
"12394";12394;2
"12395";12395;0
"12396";12396;2
"12397";12397;2
"12398";12398;2
"12399";12399;2
"12400";12400;2
"12401";12401;2
"12402";12402;2
"12403";12403;2
"12404";12404;2
"12405";12405;2
"12406";12406;2
"12407";12407;2
"12408";12408;2
"12409";12409;2
"12410";12410;2
"12411";12411;2
"12412";12412;2
"12413";12413;2
"12414";12414;2
"12415";12415;2
"12416";12416;2
"12417";12417;2
"12418";12418;2
"12419";12419;2
"12420";12420;2
"12421";12421;2
"12422";12422;2
"12423";12423;2
"12424";12424;2
"12425";12425;1
"12426";12426;1
"12427";12427;2
"12428";12428;2
"12429";12429;2
"12430";12430;2
"12431";12431;1
"12432";12432;1
"12433";12433;2
"12434";12434;2
"12435";12435;2
"12436";12436;2
"12437";12437;1
"12438";12438;2
"12439";12439;2
"12440";12440;2
"12441";12441;2
"12442";12442;1
"12443";12443;2
"12444";12444;2
"12445";12445;0
"12446";12446;2
"12447";12447;1
"12448";12448;2
"12449";12449;2
"12450";12450;2
"12451";12451;1
"12452";12452;1
"12453";12453;2
"12454";12454;2
"12455";12455;2
"12456";12456;2
"12457";12457;2
"12458";12458;2
"12459";12459;2
"12460";12460;2
"12461";12461;2
"12462";12462;2
"12463";12463;2
"12464";12464;2
"12465";12465;2
"12466";12466;2
"12467";12467;2
"12468";12468;2
"12469";12469;2
"12470";12470;2
"12471";12471;2
"12472";12472;2
"12473";12473;2
"12474";12474;2
"12475";12475;2
"12476";12476;2
"12477";12477;2
"12478";12478;1
"12479";12479;2
"12480";12480;2
"12481";12481;2
"12482";12482;2
"12483";12483;1
"12484";12484;2
"12485";12485;2
"12486";12486;2
"12487";12487;2
"12488";12488;2
"12489";12489;2
"12490";12490;2
"12491";12491;1
"12492";12492;2
"12493";12493;2
"12494";12494;2
"12495";12495;2
"12496";12496;2
"12497";12497;2
"12498";12498;2
"12499";12499;1
"12500";12500;2
"12501";12501;2
"12502";12502;2
"12503";12503;2
"12504";12504;1
"12505";12505;2
"12506";12506;2
"12507";12507;1
"12508";12508;2
"12509";12509;2
"12510";12510;2
"12511";12511;1
"12512";12512;2
"12513";12513;1
"12514";12514;2
"12515";12515;2
"12516";12516;1
"12517";12517;1
"12518";12518;1
"12519";12519;2
"12520";12520;1
"12521";12521;1
"12522";12522;2
"12523";12523;1
"12524";12524;1
"12525";12525;2
"12526";12526;2
"12527";12527;2
"12528";12528;2
"12529";12529;2
"12530";12530;2
"12531";12531;2
"12532";12532;2
"12533";12533;2
"12534";12534;2
"12535";12535;2
"12536";12536;2
"12537";12537;2
"12538";12538;1
"12539";12539;2
"12540";12540;2
"12541";12541;1
"12542";12542;1
"12543";12543;2
"12544";12544;2
"12545";12545;2
"12546";12546;2
"12547";12547;2
"12548";12548;2
"12549";12549;2
"12550";12550;2
"12551";12551;2
"12552";12552;1
"12553";12553;1
"12554";12554;2
"12555";12555;2
"12556";12556;2
"12557";12557;2
"12558";12558;2
"12559";12559;2
"12560";12560;2
"12561";12561;2
"12562";12562;2
"12563";12563;2
"12564";12564;2
"12565";12565;2
"12566";12566;2
"12567";12567;2
"12568";12568;2
"12569";12569;2
"12570";12570;2
"12571";12571;2
"12572";12572;2
"12573";12573;2
"12574";12574;2
"12575";12575;1
"12576";12576;1
"12577";12577;2
"12578";12578;2
"12579";12579;1
"12580";12580;2
"12581";12581;1
"12582";12582;2
"12583";12583;2
"12584";12584;2
"12585";12585;2
"12586";12586;2
"12587";12587;1
"12588";12588;2
"12589";12589;2
"12590";12590;2
"12591";12591;2
"12592";12592;2
"12593";12593;2
"12594";12594;2
"12595";12595;2
"12596";12596;2
"12597";12597;2
"12598";12598;1
"12599";12599;1
"12600";12600;1
"12601";12601;2
"12602";12602;1
"12603";12603;2
"12604";12604;2
"12605";12605;2
"12606";12606;2
"12607";12607;2
"12608";12608;1
"12609";12609;2
"12610";12610;2
"12611";12611;2
"12612";12612;2
"12613";12613;2
"12614";12614;2
"12615";12615;2
"12616";12616;1
"12617";12617;2
"12618";12618;2
"12619";12619;2
"12620";12620;2
"12621";12621;2
"12622";12622;2
"12623";12623;2
"12624";12624;2
"12625";12625;2
"12626";12626;2
"12627";12627;2
"12628";12628;2
"12629";12629;2
"12630";12630;2
"12631";12631;2
"12632";12632;2
"12633";12633;2
"12634";12634;2
"12635";12635;2
"12636";12636;2
"12637";12637;2
"12638";12638;2
"12639";12639;2
"12640";12640;2
"12641";12641;2
"12642";12642;2
"12643";12643;2
"12644";12644;2
"12645";12645;2
"12646";12646;2
"12647";12647;2
"12648";12648;2
"12649";12649;2
"12650";12650;2
"12651";12651;2
"12652";12652;2
"12653";12653;2
"12654";12654;2
"12655";12655;2
"12656";12656;2
"12657";12657;2
"12658";12658;2
"12659";12659;2
"12660";12660;2
"12661";12661;2
"12662";12662;2
"12663";12663;2
"12664";12664;2
"12665";12665;2
"12666";12666;2
"12667";12667;2
"12668";12668;2
"12669";12669;2
"12670";12670;2
"12671";12671;2
"12672";12672;2
"12673";12673;2
"12674";12674;2
"12675";12675;0
"12676";12676;2
"12677";12677;1
"12678";12678;2
"12679";12679;1
"12680";12680;2
"12681";12681;2
"12682";12682;2
"12683";12683;2
"12684";12684;2
"12685";12685;2
"12686";12686;2
"12687";12687;2
"12688";12688;1
"12689";12689;2
"12690";12690;2
"12691";12691;2
"12692";12692;2
"12693";12693;2
"12694";12694;2
"12695";12695;2
"12696";12696;2
"12697";12697;2
"12698";12698;2
"12699";12699;2
"12700";12700;2
"12701";12701;1
"12702";12702;1
"12703";12703;2
"12704";12704;2
"12705";12705;2
"12706";12706;2
"12707";12707;2
"12708";12708;2
"12709";12709;1
"12710";12710;2
"12711";12711;2
"12712";12712;2
"12713";12713;2
"12714";12714;2
"12715";12715;2
"12716";12716;2
"12717";12717;0
"12718";12718;2
"12719";12719;2
"12720";12720;2
"12721";12721;2
"12722";12722;2
"12723";12723;2
"12724";12724;2
"12725";12725;2
"12726";12726;2
"12727";12727;2
"12728";12728;2
"12729";12729;1
"12730";12730;2
"12731";12731;2
"12732";12732;2
"12733";12733;2
"12734";12734;2
"12735";12735;2
"12736";12736;2
"12737";12737;2
"12738";12738;2
"12739";12739;2
"12740";12740;2
"12741";12741;2
"12742";12742;2
"12743";12743;2
"12744";12744;2
"12745";12745;1
"12746";12746;2
"12747";12747;2
"12748";12748;2
"12749";12749;2
"12750";12750;1
"12751";12751;1
"12752";12752;2
"12753";12753;0
"12754";12754;2
"12755";12755;2
"12756";12756;2
"12757";12757;1
"12758";12758;1
"12759";12759;1
"12760";12760;2
"12761";12761;1
"12762";12762;2
"12763";12763;1
"12764";12764;1
"12765";12765;2
"12766";12766;2
"12767";12767;2
"12768";12768;2
"12769";12769;2
"12770";12770;2
"12771";12771;2
"12772";12772;2
"12773";12773;1
"12774";12774;1
"12775";12775;2
"12776";12776;2
"12777";12777;2
"12778";12778;2
"12779";12779;2
"12780";12780;2
"12781";12781;2
"12782";12782;1
"12783";12783;2
"12784";12784;2
"12785";12785;2
"12786";12786;2
"12787";12787;2
"12788";12788;2
"12789";12789;2
"12790";12790;2
"12791";12791;2
"12792";12792;2
"12793";12793;2
"12794";12794;1
"12795";12795;2
"12796";12796;2
"12797";12797;2
"12798";12798;1
"12799";12799;2
"12800";12800;1
"12801";12801;0
"12802";12802;2
"12803";12803;2
"12804";12804;2
"12805";12805;2
"12806";12806;2
"12807";12807;2
"12808";12808;2
"12809";12809;2
"12810";12810;2
"12811";12811;2
"12812";12812;2
"12813";12813;2
"12814";12814;2
"12815";12815;1
"12816";12816;2
"12817";12817;1
"12818";12818;1
"12819";12819;2
"12820";12820;1
"12821";12821;2
"12822";12822;2
"12823";12823;2
"12824";12824;2
"12825";12825;2
"12826";12826;2
"12827";12827;2
"12828";12828;2
"12829";12829;2
"12830";12830;2
"12831";12831;2
"12832";12832;2
"12833";12833;2
"12834";12834;2
"12835";12835;2
"12836";12836;1
"12837";12837;2
"12838";12838;2
"12839";12839;1
"12840";12840;2
"12841";12841;2
"12842";12842;2
"12843";12843;2
"12844";12844;2
"12845";12845;1
"12846";12846;2
"12847";12847;2
"12848";12848;2
"12849";12849;2
"12850";12850;2
"12851";12851;2
"12852";12852;2
"12853";12853;2
"12854";12854;2
"12855";12855;2
"12856";12856;2
"12857";12857;2
"12858";12858;2
"12859";12859;2
"12860";12860;2
"12861";12861;2
"12862";12862;1
"12863";12863;2
"12864";12864;1
"12865";12865;2
"12866";12866;2
"12867";12867;2
"12868";12868;2
"12869";12869;2
"12870";12870;2
"12871";12871;2
"12872";12872;2
"12873";12873;2
"12874";12874;2
"12875";12875;2
"12876";12876;2
"12877";12877;2
"12878";12878;2
"12879";12879;2
"12880";12880;2
"12881";12881;1
"12882";12882;1
"12883";12883;2
"12884";12884;1
"12885";12885;2
"12886";12886;2
"12887";12887;2
"12888";12888;2
"12889";12889;2
"12890";12890;2
"12891";12891;2
"12892";12892;1
"12893";12893;2
"12894";12894;2
"12895";12895;2
"12896";12896;2
"12897";12897;2
"12898";12898;2
"12899";12899;2
"12900";12900;1
"12901";12901;2
"12902";12902;2
"12903";12903;2
"12904";12904;2
"12905";12905;2
"12906";12906;2
"12907";12907;2
"12908";12908;2
"12909";12909;2
"12910";12910;2
"12911";12911;2
"12912";12912;2
"12913";12913;2
"12914";12914;2
"12915";12915;2
"12916";12916;2
"12917";12917;2
"12918";12918;2
"12919";12919;2
"12920";12920;2
"12921";12921;1
"12922";12922;2
"12923";12923;1
"12924";12924;1
"12925";12925;1
"12926";12926;1
"12927";12927;2
"12928";12928;2
"12929";12929;2
"12930";12930;1
"12931";12931;1
"12932";12932;1
"12933";12933;2
"12934";12934;2
"12935";12935;1
"12936";12936;2
"12937";12937;1
"12938";12938;2
"12939";12939;2
"12940";12940;2
"12941";12941;2
"12942";12942;2
"12943";12943;1
"12944";12944;2
"12945";12945;2
"12946";12946;1
"12947";12947;0
"12948";12948;2
"12949";12949;2
"12950";12950;2
"12951";12951;2
"12952";12952;1
"12953";12953;2
"12954";12954;2
"12955";12955;1
"12956";12956;2
"12957";12957;2
"12958";12958;2
"12959";12959;2
"12960";12960;1
"12961";12961;0
"12962";12962;2
"12963";12963;1
"12964";12964;2
"12965";12965;2
"12966";12966;1
"12967";12967;1
"12968";12968;2
"12969";12969;1
"12970";12970;0
"12971";12971;2
"12972";12972;1
"12973";12973;1
"12974";12974;1
"12975";12975;1
"12976";12976;2
"12977";12977;1
"12978";12978;1
"12979";12979;1
"12980";12980;1
"12981";12981;2
"12982";12982;2
"12983";12983;2
"12984";12984;2
"12985";12985;2
"12986";12986;1
"12987";12987;1
"12988";12988;1
"12989";12989;2
"12990";12990;2
"12991";12991;2
"12992";12992;2
"12993";12993;1
"12994";12994;1
"12995";12995;2
"12996";12996;2
"12997";12997;2
"12998";12998;1
"12999";12999;2
"13000";13000;2
"13001";13001;1
"13002";13002;1
"13003";13003;1
"13004";13004;1
"13005";13005;2
"13006";13006;1
"13007";13007;2
"13008";13008;0
"13009";13009;2
"13010";13010;2
"13011";13011;2
"13012";13012;1
"13013";13013;2
"13014";13014;2
"13015";13015;1
"13016";13016;2
"13017";13017;2
"13018";13018;1
"13019";13019;2
"13020";13020;2
"13021";13021;2
"13022";13022;1
"13023";13023;2
"13024";13024;1
"13025";13025;2
"13026";13026;2
"13027";13027;2
"13028";13028;2
"13029";13029;2
"13030";13030;2
"13031";13031;1
"13032";13032;1
"13033";13033;0
"13034";13034;1
"13035";13035;2
"13036";13036;1
"13037";13037;1
"13038";13038;2
"13039";13039;1
"13040";13040;2
"13041";13041;2
"13042";13042;2
"13043";13043;2
"13044";13044;2
"13045";13045;1
"13046";13046;2
"13047";13047;1
"13048";13048;2
"13049";13049;1
"13050";13050;2
"13051";13051;2
"13052";13052;2
"13053";13053;2
"13054";13054;2
"13055";13055;2
"13056";13056;2
"13057";13057;2
"13058";13058;1
"13059";13059;2
"13060";13060;1
"13061";13061;1
"13062";13062;2
"13063";13063;2
"13064";13064;2
"13065";13065;1
"13066";13066;2
"13067";13067;2
"13068";13068;0
"13069";13069;2
"13070";13070;1
"13071";13071;2
"13072";13072;1
"13073";13073;0
"13074";13074;2
"13075";13075;1
"13076";13076;2
"13077";13077;1
"13078";13078;1
"13079";13079;1
"13080";13080;1
"13081";13081;2
"13082";13082;2
"13083";13083;2
"13084";13084;1
"13085";13085;1
"13086";13086;1
"13087";13087;0
"13088";13088;1
"13089";13089;1
"13090";13090;2
"13091";13091;2
"13092";13092;1
"13093";13093;1
"13094";13094;2
"13095";13095;1
"13096";13096;2
"13097";13097;1
"13098";13098;2
"13099";13099;2
"13100";13100;2
"13101";13101;2
"13102";13102;2
"13103";13103;0
"13104";13104;1
"13105";13105;1
"13106";13106;2
"13107";13107;2
"13108";13108;0
"13109";13109;1
"13110";13110;1
"13111";13111;1
"13112";13112;1
"13113";13113;1
"13114";13114;1
"13115";13115;2
"13116";13116;1
"13117";13117;2
"13118";13118;2
"13119";13119;1
"13120";13120;1
"13121";13121;0
"13122";13122;1
"13123";13123;2
"13124";13124;1
"13125";13125;2
"13126";13126;1
"13127";13127;2
"13128";13128;1
"13129";13129;1
"13130";13130;2
"13131";13131;2
"13132";13132;2
"13133";13133;2
"13134";13134;2
"13135";13135;1
"13136";13136;1
"13137";13137;2
"13138";13138;2
"13139";13139;2
"13140";13140;2
"13141";13141;2
"13142";13142;2
"13143";13143;1
"13144";13144;2
"13145";13145;1
"13146";13146;1
"13147";13147;1
"13148";13148;1
"13149";13149;2
"13150";13150;2
"13151";13151;2
"13152";13152;1
"13153";13153;2
"13154";13154;1
"13155";13155;1
"13156";13156;1
"13157";13157;2
"13158";13158;2
"13159";13159;1
"13160";13160;1
"13161";13161;2
"13162";13162;1
"13163";13163;1
"13164";13164;1
"13165";13165;1
"13166";13166;1
"13167";13167;1
"13168";13168;1
"13169";13169;2
"13170";13170;1
"13171";13171;1
"13172";13172;2
"13173";13173;1
"13174";13174;2
"13175";13175;2
"13176";13176;2
"13177";13177;1
"13178";13178;1
"13179";13179;2
"13180";13180;2
"13181";13181;1
"13182";13182;2
"13183";13183;2
"13184";13184;2
"13185";13185;2
"13186";13186;1
"13187";13187;1
"13188";13188;1
"13189";13189;1
"13190";13190;2
"13191";13191;1
"13192";13192;1
"13193";13193;1
"13194";13194;1
"13195";13195;2
"13196";13196;2
"13197";13197;2
"13198";13198;2
"13199";13199;1
"13200";13200;2
"13201";13201;2
"13202";13202;2
"13203";13203;1
"13204";13204;2
"13205";13205;1
"13206";13206;2
"13207";13207;2
"13208";13208;1
"13209";13209;2
"13210";13210;0
"13211";13211;2
"13212";13212;1
"13213";13213;0
"13214";13214;2
"13215";13215;2
"13216";13216;1
"13217";13217;2
"13218";13218;2
"13219";13219;2
"13220";13220;2
"13221";13221;2
"13222";13222;2
"13223";13223;2
"13224";13224;2
"13225";13225;2
"13226";13226;1
"13227";13227;2
"13228";13228;2
"13229";13229;2
"13230";13230;2
"13231";13231;2
"13232";13232;2
"13233";13233;2
"13234";13234;1
"13235";13235;2
"13236";13236;2
"13237";13237;2
"13238";13238;2
"13239";13239;2
"13240";13240;0
"13241";13241;2
"13242";13242;2
"13243";13243;2
"13244";13244;2
"13245";13245;2
"13246";13246;2
"13247";13247;2
"13248";13248;2
"13249";13249;2
"13250";13250;2
"13251";13251;2
"13252";13252;2
"13253";13253;2
"13254";13254;2
"13255";13255;1
"13256";13256;2
"13257";13257;2
"13258";13258;2
"13259";13259;2
"13260";13260;2
"13261";13261;2
"13262";13262;2
"13263";13263;2
"13264";13264;2
"13265";13265;1
"13266";13266;2
"13267";13267;2
"13268";13268;2
"13269";13269;1
"13270";13270;2
"13271";13271;2
"13272";13272;2
"13273";13273;1
"13274";13274;1
"13275";13275;2
"13276";13276;2
"13277";13277;2
"13278";13278;2
"13279";13279;1
"13280";13280;0
"13281";13281;2
"13282";13282;2
"13283";13283;1
"13284";13284;2
"13285";13285;2
"13286";13286;1
"13287";13287;1
"13288";13288;2
"13289";13289;2
"13290";13290;2
"13291";13291;1
"13292";13292;2
"13293";13293;2
"13294";13294;2
"13295";13295;1
"13296";13296;1
"13297";13297;1
"13298";13298;2
"13299";13299;2
"13300";13300;2
"13301";13301;2
"13302";13302;2
"13303";13303;2
"13304";13304;2
"13305";13305;2
"13306";13306;2
"13307";13307;2
"13308";13308;2
"13309";13309;2
"13310";13310;2
"13311";13311;1
"13312";13312;2
"13313";13313;2
"13314";13314;2
"13315";13315;2
"13316";13316;2
"13317";13317;2
"13318";13318;2
"13319";13319;1
"13320";13320;2
"13321";13321;1
"13322";13322;1
"13323";13323;2
"13324";13324;1
"13325";13325;2
"13326";13326;2
"13327";13327;2
"13328";13328;2
"13329";13329;2
"13330";13330;2
"13331";13331;2
"13332";13332;2
"13333";13333;2
"13334";13334;2
"13335";13335;2
"13336";13336;2
"13337";13337;2
"13338";13338;2
"13339";13339;1
"13340";13340;2
"13341";13341;2
"13342";13342;2
"13343";13343;2
"13344";13344;2
"13345";13345;2
"13346";13346;2
"13347";13347;2
"13348";13348;1
"13349";13349;1
"13350";13350;2
"13351";13351;1
"13352";13352;1
"13353";13353;1
"13354";13354;2
"13355";13355;1
"13356";13356;2
"13357";13357;2
"13358";13358;2
"13359";13359;2
"13360";13360;2
"13361";13361;2
"13362";13362;2
"13363";13363;2
"13364";13364;1
"13365";13365;2
"13366";13366;2
"13367";13367;2
"13368";13368;2
"13369";13369;2
"13370";13370;2
"13371";13371;0
"13372";13372;1
"13373";13373;0
"13374";13374;2
"13375";13375;2
"13376";13376;2
"13377";13377;2
"13378";13378;1
"13379";13379;2
"13380";13380;2
"13381";13381;2
"13382";13382;2
"13383";13383;2
"13384";13384;1
"13385";13385;2
"13386";13386;2
"13387";13387;2
"13388";13388;1
"13389";13389;2
"13390";13390;2
"13391";13391;1
"13392";13392;2
"13393";13393;1
"13394";13394;2
"13395";13395;2
"13396";13396;0
"13397";13397;2
"13398";13398;2
"13399";13399;2
"13400";13400;2
"13401";13401;2
"13402";13402;2
"13403";13403;2
"13404";13404;2
"13405";13405;1
"13406";13406;2
"13407";13407;1
"13408";13408;2
"13409";13409;1
"13410";13410;2
"13411";13411;1
"13412";13412;2
"13413";13413;1
"13414";13414;2
"13415";13415;2
"13416";13416;1
"13417";13417;2
"13418";13418;2
"13419";13419;2
"13420";13420;1
"13421";13421;1
"13422";13422;1
"13423";13423;2
"13424";13424;2
"13425";13425;2
"13426";13426;2
"13427";13427;2
"13428";13428;2
"13429";13429;2
"13430";13430;2
"13431";13431;2
"13432";13432;2
"13433";13433;2
"13434";13434;1
"13435";13435;1
"13436";13436;2
"13437";13437;2
"13438";13438;2
"13439";13439;2
"13440";13440;2
"13441";13441;2
"13442";13442;1
"13443";13443;1
"13444";13444;2
"13445";13445;1
"13446";13446;2
"13447";13447;1
"13448";13448;1
"13449";13449;1
"13450";13450;1
"13451";13451;2
"13452";13452;1
"13453";13453;1
"13454";13454;1
"13455";13455;1
"13456";13456;1
"13457";13457;2
"13458";13458;2
"13459";13459;2
"13460";13460;1
"13461";13461;1
"13462";13462;2
"13463";13463;2
"13464";13464;2
"13465";13465;1
"13466";13466;1
"13467";13467;2
"13468";13468;1
"13469";13469;1
"13470";13470;1
"13471";13471;2
"13472";13472;2
"13473";13473;2
"13474";13474;2
"13475";13475;2
"13476";13476;1
"13477";13477;1
"13478";13478;1
"13479";13479;1
"13480";13480;1
"13481";13481;1
"13482";13482;1
"13483";13483;1
"13484";13484;1
"13485";13485;1
"13486";13486;1
"13487";13487;1
"13488";13488;1
"13489";13489;1
"13490";13490;2
"13491";13491;2
"13492";13492;1
"13493";13493;1
"13494";13494;1
"13495";13495;2
"13496";13496;1
"13497";13497;1
"13498";13498;1
"13499";13499;2
"13500";13500;1
"13501";13501;1
"13502";13502;2
"13503";13503;1
"13504";13504;1
"13505";13505;1
"13506";13506;2
"13507";13507;1
"13508";13508;2
"13509";13509;1
"13510";13510;1
"13511";13511;1
"13512";13512;2
"13513";13513;2
"13514";13514;1
"13515";13515;1
"13516";13516;1
"13517";13517;1
"13518";13518;2
"13519";13519;1
"13520";13520;2
"13521";13521;2
"13522";13522;2
"13523";13523;2
"13524";13524;1
"13525";13525;1
"13526";13526;1
"13527";13527;1
"13528";13528;2
"13529";13529;1
"13530";13530;2
"13531";13531;2
"13532";13532;2
"13533";13533;1
"13534";13534;2
"13535";13535;2
"13536";13536;1
"13537";13537;1
"13538";13538;1
"13539";13539;1
"13540";13540;2
"13541";13541;1
"13542";13542;1
"13543";13543;2
"13544";13544;1
"13545";13545;1
"13546";13546;1
"13547";13547;1
"13548";13548;1
"13549";13549;1
"13550";13550;2
"13551";13551;1
"13552";13552;1
"13553";13553;1
"13554";13554;1
"13555";13555;2
"13556";13556;0
"13557";13557;1
"13558";13558;1
"13559";13559;1
"13560";13560;0
"13561";13561;1
"13562";13562;2
"13563";13563;2
"13564";13564;1
"13565";13565;1
"13566";13566;2
"13567";13567;1
"13568";13568;2
"13569";13569;2
"13570";13570;1
"13571";13571;1
"13572";13572;1
"13573";13573;1
"13574";13574;2
"13575";13575;1
"13576";13576;1
"13577";13577;2
"13578";13578;1
"13579";13579;2
"13580";13580;1
"13581";13581;1
"13582";13582;2
"13583";13583;1
"13584";13584;2
"13585";13585;1
"13586";13586;2
"13587";13587;2
"13588";13588;1
"13589";13589;1
"13590";13590;1
"13591";13591;1
"13592";13592;1
"13593";13593;1
"13594";13594;2
"13595";13595;1
"13596";13596;2
"13597";13597;1
"13598";13598;1
"13599";13599;1
"13600";13600;1
"13601";13601;1
"13602";13602;2
"13603";13603;1
"13604";13604;1
"13605";13605;1
"13606";13606;2
"13607";13607;2
"13608";13608;1
"13609";13609;1
"13610";13610;1
"13611";13611;1
"13612";13612;1
"13613";13613;1
"13614";13614;1
"13615";13615;1
"13616";13616;1
"13617";13617;1
"13618";13618;1
"13619";13619;1
"13620";13620;2
"13621";13621;1
"13622";13622;1
"13623";13623;1
"13624";13624;1
"13625";13625;2
"13626";13626;1
"13627";13627;2
"13628";13628;2
"13629";13629;1
"13630";13630;1
"13631";13631;1
"13632";13632;1
"13633";13633;1
"13634";13634;1
"13635";13635;0
"13636";13636;2
"13637";13637;1
"13638";13638;1
"13639";13639;1
"13640";13640;1
"13641";13641;1
"13642";13642;1
"13643";13643;2
"13644";13644;1
"13645";13645;1
"13646";13646;1
"13647";13647;1
"13648";13648;1
"13649";13649;2
"13650";13650;2
"13651";13651;2
"13652";13652;1
"13653";13653;1
"13654";13654;1
"13655";13655;2
"13656";13656;1
"13657";13657;1
"13658";13658;1
"13659";13659;1
"13660";13660;1
"13661";13661;1
"13662";13662;2
"13663";13663;1
"13664";13664;2
"13665";13665;2
"13666";13666;1
"13667";13667;2
"13668";13668;2
"13669";13669;1
"13670";13670;2
"13671";13671;1
"13672";13672;1
"13673";13673;2
"13674";13674;1
"13675";13675;0
"13676";13676;1
"13677";13677;1
"13678";13678;1
"13679";13679;2
"13680";13680;1
"13681";13681;1
"13682";13682;2
"13683";13683;1
"13684";13684;1
"13685";13685;2
"13686";13686;2
"13687";13687;1
"13688";13688;1
"13689";13689;1
"13690";13690;2
"13691";13691;1
"13692";13692;1
"13693";13693;1
"13694";13694;2
"13695";13695;1
"13696";13696;1
"13697";13697;1
"13698";13698;1
"13699";13699;2
"13700";13700;1
"13701";13701;1
"13702";13702;2
"13703";13703;1
"13704";13704;1
"13705";13705;1
"13706";13706;2
"13707";13707;1
"13708";13708;1
"13709";13709;2
"13710";13710;2
"13711";13711;1
"13712";13712;2
"13713";13713;1
"13714";13714;1
"13715";13715;2
"13716";13716;1
"13717";13717;1
"13718";13718;1
"13719";13719;1
"13720";13720;2
"13721";13721;1
"13722";13722;2
"13723";13723;1
"13724";13724;2
"13725";13725;2
"13726";13726;2
"13727";13727;1
"13728";13728;2
"13729";13729;2
"13730";13730;1
"13731";13731;1
"13732";13732;1
"13733";13733;2
"13734";13734;2
"13735";13735;1
"13736";13736;2
"13737";13737;2
"13738";13738;1
"13739";13739;2
"13740";13740;2
"13741";13741;2
"13742";13742;1
"13743";13743;1
"13744";13744;1
"13745";13745;1
"13746";13746;1
"13747";13747;1
"13748";13748;1
"13749";13749;2
"13750";13750;1
"13751";13751;1
"13752";13752;2
"13753";13753;2
"13754";13754;1
"13755";13755;2
"13756";13756;1
"13757";13757;2
"13758";13758;2
"13759";13759;1
"13760";13760;2
"13761";13761;1
"13762";13762;1
"13763";13763;1
"13764";13764;1
"13765";13765;1
"13766";13766;1
"13767";13767;2
"13768";13768;2
"13769";13769;1
"13770";13770;1
"13771";13771;1
"13772";13772;1
"13773";13773;1
"13774";13774;1
"13775";13775;1
"13776";13776;1
"13777";13777;1
"13778";13778;1
"13779";13779;1
"13780";13780;1
"13781";13781;1
"13782";13782;1
"13783";13783;1
"13784";13784;1
"13785";13785;1
"13786";13786;1
"13787";13787;1
"13788";13788;1
"13789";13789;1
"13790";13790;1
"13791";13791;2
"13792";13792;1
"13793";13793;2
"13794";13794;1
"13795";13795;1
"13796";13796;1
"13797";13797;1
"13798";13798;1
"13799";13799;2
"13800";13800;2
"13801";13801;0
"13802";13802;1
"13803";13803;1
"13804";13804;1
"13805";13805;1
"13806";13806;1
"13807";13807;1
"13808";13808;1
"13809";13809;1
"13810";13810;2
"13811";13811;1
"13812";13812;1
"13813";13813;1
"13814";13814;2
"13815";13815;1
"13816";13816;1
"13817";13817;1
"13818";13818;2
"13819";13819;1
"13820";13820;2
"13821";13821;1
"13822";13822;1
"13823";13823;2
"13824";13824;1
"13825";13825;1
"13826";13826;1
"13827";13827;1
"13828";13828;1
"13829";13829;1
"13830";13830;1
"13831";13831;2
"13832";13832;1
"13833";13833;1
"13834";13834;1
"13835";13835;1
"13836";13836;1
"13837";13837;2
"13838";13838;1
"13839";13839;2
"13840";13840;1
"13841";13841;1
"13842";13842;1
"13843";13843;1
"13844";13844;1
"13845";13845;1
"13846";13846;1
"13847";13847;1
"13848";13848;1
"13849";13849;1
"13850";13850;1
"13851";13851;2
"13852";13852;2
"13853";13853;1
"13854";13854;1
"13855";13855;1
"13856";13856;1
"13857";13857;2
"13858";13858;2
"13859";13859;1
"13860";13860;1
"13861";13861;2
"13862";13862;1
"13863";13863;2
"13864";13864;2
"13865";13865;2
"13866";13866;1
"13867";13867;1
"13868";13868;0
"13869";13869;2
"13870";13870;1
"13871";13871;2
"13872";13872;1
"13873";13873;2
"13874";13874;2
"13875";13875;2
"13876";13876;2
"13877";13877;2
"13878";13878;2
"13879";13879;2
"13880";13880;2
"13881";13881;2
"13882";13882;2
"13883";13883;2
"13884";13884;2
"13885";13885;2
"13886";13886;2
"13887";13887;2
"13888";13888;2
"13889";13889;1
"13890";13890;1
"13891";13891;2
"13892";13892;2
"13893";13893;1
"13894";13894;2
"13895";13895;2
"13896";13896;2
"13897";13897;2
"13898";13898;2
"13899";13899;2
"13900";13900;2
"13901";13901;2
"13902";13902;1
"13903";13903;2
"13904";13904;2
"13905";13905;1
"13906";13906;2
"13907";13907;2
"13908";13908;2
"13909";13909;2
"13910";13910;2
"13911";13911;2
"13912";13912;2
"13913";13913;2
"13914";13914;2
"13915";13915;2
"13916";13916;2
"13917";13917;2
"13918";13918;2
"13919";13919;2
"13920";13920;1
"13921";13921;2
"13922";13922;2
"13923";13923;2
"13924";13924;1
"13925";13925;0
"13926";13926;2
"13927";13927;2
"13928";13928;2
"13929";13929;2
"13930";13930;2
"13931";13931;2
"13932";13932;2
"13933";13933;2
"13934";13934;1
"13935";13935;2
"13936";13936;2
"13937";13937;2
"13938";13938;2
"13939";13939;2
"13940";13940;2
"13941";13941;2
"13942";13942;2
"13943";13943;2
"13944";13944;2
"13945";13945;2
"13946";13946;2
"13947";13947;2
"13948";13948;2
"13949";13949;2
"13950";13950;2
"13951";13951;2
"13952";13952;2
"13953";13953;2
"13954";13954;2
"13955";13955;2
"13956";13956;2
"13957";13957;1
"13958";13958;2
"13959";13959;2
"13960";13960;2
"13961";13961;2
"13962";13962;2
"13963";13963;2
"13964";13964;2
"13965";13965;2
"13966";13966;2
"13967";13967;2
"13968";13968;0
"13969";13969;2
"13970";13970;2
"13971";13971;2
"13972";13972;2
"13973";13973;2
"13974";13974;2
"13975";13975;2
"13976";13976;1
"13977";13977;2
"13978";13978;1
"13979";13979;2
"13980";13980;2
"13981";13981;2
"13982";13982;2
"13983";13983;1
"13984";13984;2
"13985";13985;1
"13986";13986;2
"13987";13987;2
"13988";13988;2
"13989";13989;2
"13990";13990;2
"13991";13991;2
"13992";13992;2
"13993";13993;0
"13994";13994;2
"13995";13995;2
"13996";13996;2
"13997";13997;2
"13998";13998;2
"13999";13999;2
"14000";14000;1
"14001";14001;2
"14002";14002;2
"14003";14003;2
"14004";14004;2
"14005";14005;2
"14006";14006;2
"14007";14007;2
"14008";14008;2
"14009";14009;2
"14010";14010;2
"14011";14011;2
"14012";14012;1
"14013";14013;2
"14014";14014;2
"14015";14015;2
"14016";14016;0
"14017";14017;2
"14018";14018;2
"14019";14019;2
"14020";14020;2
"14021";14021;1
"14022";14022;2
"14023";14023;2
"14024";14024;1
"14025";14025;2
"14026";14026;1
"14027";14027;1
"14028";14028;2
"14029";14029;0
"14030";14030;1
"14031";14031;2
"14032";14032;2
"14033";14033;2
"14034";14034;2
"14035";14035;1
"14036";14036;2
"14037";14037;2
"14038";14038;2
"14039";14039;2
"14040";14040;2
"14041";14041;2
"14042";14042;2
"14043";14043;2
"14044";14044;2
"14045";14045;2
"14046";14046;2
"14047";14047;2
"14048";14048;2
"14049";14049;2
"14050";14050;2
"14051";14051;2
"14052";14052;2
"14053";14053;2
"14054";14054;2
"14055";14055;1
"14056";14056;2
"14057";14057;2
"14058";14058;2
"14059";14059;2
"14060";14060;2
"14061";14061;2
"14062";14062;2
"14063";14063;2
"14064";14064;2
"14065";14065;2
"14066";14066;2
"14067";14067;2
"14068";14068;1
"14069";14069;2
"14070";14070;2
"14071";14071;2
"14072";14072;2
"14073";14073;2
"14074";14074;2
"14075";14075;2
"14076";14076;2
"14077";14077;2
"14078";14078;1
"14079";14079;2
"14080";14080;2
"14081";14081;0
"14082";14082;0
"14083";14083;0
"14084";14084;0
"14085";14085;0
"14086";14086;0
"14087";14087;1
"14088";14088;0
"14089";14089;2
"14090";14090;0
"14091";14091;0
"14092";14092;0
"14093";14093;0
"14094";14094;0
"14095";14095;0
"14096";14096;0
"14097";14097;0
"14098";14098;0
"14099";14099;2
"14100";14100;0
"14101";14101;2
"14102";14102;2
"14103";14103;0
"14104";14104;2
"14105";14105;2
"14106";14106;0
"14107";14107;0
"14108";14108;0
"14109";14109;2
"14110";14110;2
"14111";14111;0
"14112";14112;2
"14113";14113;0
"14114";14114;0
"14115";14115;0
"14116";14116;2
"14117";14117;0
"14118";14118;2
"14119";14119;2
"14120";14120;0
"14121";14121;2
"14122";14122;2
"14123";14123;0
"14124";14124;2
"14125";14125;2
"14126";14126;0
"14127";14127;0
"14128";14128;0
"14129";14129;2
"14130";14130;2
"14131";14131;0
"14132";14132;2
"14133";14133;0
"14134";14134;1
"14135";14135;0
"14136";14136;0
"14137";14137;0
"14138";14138;0
"14139";14139;0
"14140";14140;2
"14141";14141;2
"14142";14142;2
"14143";14143;0
"14144";14144;2
"14145";14145;0
"14146";14146;1
"14147";14147;1
"14148";14148;1
"14149";14149;1
"14150";14150;2
"14151";14151;2
"14152";14152;1
"14153";14153;0
"14154";14154;0
"14155";14155;0
"14156";14156;0
"14157";14157;0
"14158";14158;0
"14159";14159;0
"14160";14160;0
"14161";14161;0
"14162";14162;2
"14163";14163;2
"14164";14164;2
"14165";14165;0
"14166";14166;0
"14167";14167;2
"14168";14168;0
"14169";14169;0
"14170";14170;2
"14171";14171;0
"14172";14172;0
"14173";14173;0
"14174";14174;2
"14175";14175;2
"14176";14176;0
"14177";14177;0
"14178";14178;2
"14179";14179;0
"14180";14180;2
"14181";14181;2
"14182";14182;0
"14183";14183;0
"14184";14184;2
"14185";14185;2
"14186";14186;0
"14187";14187;0
"14188";14188;0
"14189";14189;2
"14190";14190;0
"14191";14191;2
"14192";14192;0
"14193";14193;2
"14194";14194;0
"14195";14195;0
"14196";14196;2
"14197";14197;0
"14198";14198;2
"14199";14199;2
"14200";14200;2
"14201";14201;0
"14202";14202;0
"14203";14203;2
"14204";14204;0
"14205";14205;0
"14206";14206;2
"14207";14207;0
"14208";14208;0
"14209";14209;1
"14210";14210;0
"14211";14211;0
"14212";14212;0
"14213";14213;2
"14214";14214;0
"14215";14215;0
"14216";14216;2
"14217";14217;1
"14218";14218;0
"14219";14219;0
"14220";14220;0
"14221";14221;0
"14222";14222;0
"14223";14223;0
"14224";14224;0
"14225";14225;0
"14226";14226;0
"14227";14227;0
"14228";14228;1
"14229";14229;1
"14230";14230;0
"14231";14231;0
"14232";14232;2
"14233";14233;2
"14234";14234;0
"14235";14235;0
"14236";14236;2
"14237";14237;2
"14238";14238;0
"14239";14239;1
"14240";14240;0
"14241";14241;1
"14242";14242;0
"14243";14243;1
"14244";14244;1
"14245";14245;1
"14246";14246;2
"14247";14247;0
"14248";14248;2
"14249";14249;0
"14250";14250;2
"14251";14251;2
"14252";14252;2
"14253";14253;2
"14254";14254;2
"14255";14255;0
"14256";14256;2
"14257";14257;0
"14258";14258;0
"14259";14259;0
"14260";14260;0
"14261";14261;1
"14262";14262;0
"14263";14263;1
"14264";14264;0
"14265";14265;1
"14266";14266;2
"14267";14267;0
"14268";14268;0
"14269";14269;0
"14270";14270;2
"14271";14271;0
"14272";14272;0
"14273";14273;0
"14274";14274;0
"14275";14275;0
"14276";14276;1
"14277";14277;2
"14278";14278;2
"14279";14279;0
"14280";14280;2
"14281";14281;0
"14282";14282;0
"14283";14283;0
"14284";14284;2
"14285";14285;0
"14286";14286;2
"14287";14287;2
"14288";14288;2
"14289";14289;0
"14290";14290;2
"14291";14291;0
"14292";14292;2
"14293";14293;0
"14294";14294;2
"14295";14295;0
"14296";14296;2
"14297";14297;0
"14298";14298;0
"14299";14299;0
"14300";14300;0
"14301";14301;0
"14302";14302;0
"14303";14303;0
"14304";14304;2
"14305";14305;0
"14306";14306;2
"14307";14307;2
"14308";14308;0
"14309";14309;0
"14310";14310;2
"14311";14311;2
"14312";14312;0
"14313";14313;2
"14314";14314;0
"14315";14315;0
"14316";14316;2
"14317";14317;0
"14318";14318;2
"14319";14319;0
"14320";14320;2
"14321";14321;2
"14322";14322;0
"14323";14323;0
"14324";14324;2
"14325";14325;0
"14326";14326;2
"14327";14327;0
"14328";14328;2
"14329";14329;0
"14330";14330;0
"14331";14331;0
"14332";14332;1
"14333";14333;2
"14334";14334;2
"14335";14335;0
"14336";14336;0
"14337";14337;0
"14338";14338;1
"14339";14339;1
"14340";14340;2
"14341";14341;2
"14342";14342;2
"14343";14343;0
"14344";14344;0
"14345";14345;2
"14346";14346;0
"14347";14347;0
"14348";14348;2
"14349";14349;2
"14350";14350;2
"14351";14351;0
"14352";14352;2
"14353";14353;0
"14354";14354;2
"14355";14355;0
"14356";14356;0
"14357";14357;1
"14358";14358;2
"14359";14359;0
"14360";14360;2
"14361";14361;2
"14362";14362;0
"14363";14363;0
"14364";14364;2
"14365";14365;0
"14366";14366;0
"14367";14367;0
"14368";14368;2
"14369";14369;0
"14370";14370;0
"14371";14371;0
"14372";14372;0
"14373";14373;1
"14374";14374;1
"14375";14375;0
"14376";14376;2
"14377";14377;2
"14378";14378;0
"14379";14379;2
"14380";14380;0
"14381";14381;0
"14382";14382;0
"14383";14383;0
"14384";14384;0
"14385";14385;2
"14386";14386;0
"14387";14387;2
"14388";14388;0
"14389";14389;1
"14390";14390;0
"14391";14391;0
"14392";14392;0
"14393";14393;0
"14394";14394;2
"14395";14395;2
"14396";14396;2
"14397";14397;0
"14398";14398;0
"14399";14399;0
"14400";14400;0
"14401";14401;0
"14402";14402;2
"14403";14403;0
"14404";14404;1
"14405";14405;2
"14406";14406;0
"14407";14407;1
"14408";14408;0
"14409";14409;0
"14410";14410;2
"14411";14411;2
"14412";14412;2
"14413";14413;0
"14414";14414;0
"14415";14415;0
"14416";14416;0
"14417";14417;0
"14418";14418;2
"14419";14419;0
"14420";14420;0
"14421";14421;0
"14422";14422;2
"14423";14423;0
"14424";14424;1
"14425";14425;2
"14426";14426;0
"14427";14427;0
"14428";14428;0
"14429";14429;0
"14430";14430;2
"14431";14431;0
"14432";14432;0
"14433";14433;0
"14434";14434;0
"14435";14435;0
"14436";14436;0
"14437";14437;0
"14438";14438;0
"14439";14439;2
"14440";14440;2
"14441";14441;0
"14442";14442;2
"14443";14443;2
"14444";14444;0
"14445";14445;0
"14446";14446;0
"14447";14447;0
"14448";14448;0
"14449";14449;0
"14450";14450;2
"14451";14451;2
"14452";14452;0
"14453";14453;0
"14454";14454;0
"14455";14455;0
"14456";14456;2
"14457";14457;0
"14458";14458;0
"14459";14459;1
"14460";14460;0
"14461";14461;0
"14462";14462;2
"14463";14463;2
"14464";14464;2
"14465";14465;2
"14466";14466;2
"14467";14467;2
"14468";14468;0
"14469";14469;0
"14470";14470;1
"14471";14471;0
"14472";14472;2
"14473";14473;0
"14474";14474;0
"14475";14475;1
"14476";14476;0
"14477";14477;0
"14478";14478;0
"14479";14479;1
"14480";14480;2
"14481";14481;0
"14482";14482;2
"14483";14483;0
"14484";14484;2
"14485";14485;0
"14486";14486;2
"14487";14487;0
"14488";14488;2
"14489";14489;1
"14490";14490;0
"14491";14491;2
"14492";14492;2
"14493";14493;0
"14494";14494;0
"14495";14495;2
"14496";14496;0
"14497";14497;2
"14498";14498;0
"14499";14499;2
"14500";14500;0
"14501";14501;0
"14502";14502;1
"14503";14503;0
"14504";14504;2
"14505";14505;0
"14506";14506;0
"14507";14507;0
"14508";14508;0
"14509";14509;0
"14510";14510;2
"14511";14511;0
"14512";14512;1
"14513";14513;2
"14514";14514;0
"14515";14515;2
"14516";14516;2
"14517";14517;2
"14518";14518;0
"14519";14519;2
"14520";14520;2
"14521";14521;0
"14522";14522;0
"14523";14523;0
"14524";14524;2
"14525";14525;0
"14526";14526;0
"14527";14527;2
"14528";14528;2
"14529";14529;0
"14530";14530;0
"14531";14531;0
"14532";14532;2
"14533";14533;1
"14534";14534;2
"14535";14535;0
"14536";14536;0
"14537";14537;0
"14538";14538;0
"14539";14539;0
"14540";14540;0
"14541";14541;0
"14542";14542;2
"14543";14543;0
"14544";14544;2
"14545";14545;2
"14546";14546;0
"14547";14547;2
"14548";14548;0
"14549";14549;0
"14550";14550;2
"14551";14551;0
"14552";14552;0
"14553";14553;0
"14554";14554;2
"14555";14555;2
"14556";14556;2
"14557";14557;2
"14558";14558;2
"14559";14559;0
"14560";14560;0
"14561";14561;0
"14562";14562;2
"14563";14563;2
"14564";14564;0
"14565";14565;0
"14566";14566;0
"14567";14567;0
"14568";14568;0
"14569";14569;0
"14570";14570;1
"14571";14571;1
"14572";14572;1
"14573";14573;2
"14574";14574;1
"14575";14575;1
"14576";14576;1
"14577";14577;1
"14578";14578;1
"14579";14579;1
"14580";14580;0
"14581";14581;1
"14582";14582;1
"14583";14583;0
"14584";14584;0
"14585";14585;0
"14586";14586;2
"14587";14587;0
"14588";14588;0
"14589";14589;2
"14590";14590;2
"14591";14591;2
"14592";14592;1
"14593";14593;0
"14594";14594;0
"14595";14595;0
"14596";14596;1
"14597";14597;0
"14598";14598;0
"14599";14599;2
"14600";14600;2
"14601";14601;0
"14602";14602;2
"14603";14603;0
"14604";14604;1
"14605";14605;0
"14606";14606;0
"14607";14607;2
"14608";14608;2
"14609";14609;2
"14610";14610;2
"14611";14611;0
"14612";14612;0
"14613";14613;0
"14614";14614;0
"14615";14615;0
"14616";14616;0
"14617";14617;1
"14618";14618;1
"14619";14619;2
"14620";14620;0
"14621";14621;0
"14622";14622;0
"14623";14623;2
"14624";14624;0
"14625";14625;0
"14626";14626;2
"14627";14627;2
"14628";14628;0
"14629";14629;0
"14630";14630;2
"14631";14631;0
"14632";14632;0
"14633";14633;2
"14634";14634;0
"14635";14635;0
"14636";14636;0
"14637";14637;1
"14638";14638;2
"14639";14639;0
"14640";14640;0
"14641";14641;0
"14642";14642;0
"14643";14643;1
"14644";14644;0
"14645";14645;1
"14646";14646;2
"14647";14647;2
"14648";14648;0
"14649";14649;0
"14650";14650;0
"14651";14651;2
"14652";14652;2
"14653";14653;0
"14654";14654;0
"14655";14655;0
"14656";14656;0
"14657";14657;2
"14658";14658;0
"14659";14659;2
"14660";14660;0
"14661";14661;0
"14662";14662;2
"14663";14663;0
"14664";14664;0
"14665";14665;0
"14666";14666;0
"14667";14667;2
"14668";14668;0
"14669";14669;0
"14670";14670;0
"14671";14671;2
"14672";14672;2
"14673";14673;2
"14674";14674;2
"14675";14675;0
"14676";14676;2
"14677";14677;0
"14678";14678;0
"14679";14679;2
"14680";14680;2
"14681";14681;0
"14682";14682;1
"14683";14683;2
"14684";14684;1
"14685";14685;0
"14686";14686;0
"14687";14687;0
"14688";14688;0
"14689";14689;0
"14690";14690;0
"14691";14691;2
"14692";14692;0
"14693";14693;2
"14694";14694;1
"14695";14695;2
"14696";14696;2
"14697";14697;2
"14698";14698;0
"14699";14699;2
"14700";14700;0
"14701";14701;2
"14702";14702;0
"14703";14703;2
"14704";14704;0
"14705";14705;1
"14706";14706;0
"14707";14707;0
"14708";14708;2
"14709";14709;0
"14710";14710;2
"14711";14711;2
"14712";14712;0
"14713";14713;0
"14714";14714;0
"14715";14715;0
"14716";14716;0
"14717";14717;0
"14718";14718;2
"14719";14719;1
"14720";14720;0
"14721";14721;0
"14722";14722;2
"14723";14723;0
"14724";14724;1
"14725";14725;1
"14726";14726;2
"14727";14727;0
"14728";14728;0
"14729";14729;2
"14730";14730;0
"14731";14731;0
"14732";14732;0
"14733";14733;0
"14734";14734;2
"14735";14735;0
"14736";14736;0
"14737";14737;0
"14738";14738;0
"14739";14739;0
"14740";14740;2
"14741";14741;0
"14742";14742;0
"14743";14743;2
"14744";14744;0
"14745";14745;0
"14746";14746;2
"14747";14747;0
"14748";14748;2
"14749";14749;0
"14750";14750;0
"14751";14751;0
"14752";14752;0
"14753";14753;0
"14754";14754;2
"14755";14755;0
"14756";14756;0
"14757";14757;0
"14758";14758;2
"14759";14759;0
"14760";14760;0
"14761";14761;0
"14762";14762;2
"14763";14763;0
"14764";14764;0
"14765";14765;0
"14766";14766;0
"14767";14767;0
"14768";14768;0
"14769";14769;0
"14770";14770;0
"14771";14771;2
"14772";14772;2
"14773";14773;2
"14774";14774;0
"14775";14775;2
"14776";14776;0
"14777";14777;0
"14778";14778;0
"14779";14779;2
"14780";14780;0
"14781";14781;0
"14782";14782;2
"14783";14783;0
"14784";14784;2
"14785";14785;0
"14786";14786;0
"14787";14787;2
"14788";14788;0
"14789";14789;2
"14790";14790;2
"14791";14791;0
"14792";14792;0
"14793";14793;0
"14794";14794;2
"14795";14795;0
"14796";14796;2
"14797";14797;0
"14798";14798;0
"14799";14799;0
"14800";14800;2
"14801";14801;0
"14802";14802;2
"14803";14803;2
"14804";14804;0
"14805";14805;2
"14806";14806;0
"14807";14807;2
"14808";14808;0
"14809";14809;0
"14810";14810;2
"14811";14811;2
"14812";14812;1
"14813";14813;1
"14814";14814;1
"14815";14815;0
"14816";14816;1
"14817";14817;2
"14818";14818;2
"14819";14819;1
"14820";14820;1
"14821";14821;1
"14822";14822;2
"14823";14823;1
"14824";14824;1
"14825";14825;2
"14826";14826;1
"14827";14827;0
"14828";14828;2
"14829";14829;1
"14830";14830;2
"14831";14831;2
"14832";14832;0
"14833";14833;2
"14834";14834;0
"14835";14835;1
"14836";14836;0
"14837";14837;0
"14838";14838;0
"14839";14839;0
"14840";14840;0
"14841";14841;2
"14842";14842;2
"14843";14843;1
"14844";14844;2
"14845";14845;0
"14846";14846;2
"14847";14847;0
"14848";14848;0
"14849";14849;2
"14850";14850;0
"14851";14851;2
"14852";14852;1
"14853";14853;1
"14854";14854;0
"14855";14855;0
"14856";14856;1
"14857";14857;0
"14858";14858;0
"14859";14859;1
"14860";14860;2
"14861";14861;1
"14862";14862;1
"14863";14863;1
"14864";14864;1
"14865";14865;1
"14866";14866;1
"14867";14867;0
"14868";14868;0
"14869";14869;2
"14870";14870;0
"14871";14871;0
"14872";14872;0
"14873";14873;0
"14874";14874;0
"14875";14875;0
"14876";14876;0
"14877";14877;0
"14878";14878;1
"14879";14879;0
"14880";14880;0
"14881";14881;1
"14882";14882;0
"14883";14883;0
"14884";14884;2
"14885";14885;0
"14886";14886;1
"14887";14887;0
"14888";14888;2
"14889";14889;0
"14890";14890;0
"14891";14891;2
"14892";14892;0
"14893";14893;0
"14894";14894;0
"14895";14895;2
"14896";14896;0
"14897";14897;2
"14898";14898;0
"14899";14899;2
"14900";14900;0
"14901";14901;1
"14902";14902;0
"14903";14903;0
"14904";14904;2
"14905";14905;0
"14906";14906;0
"14907";14907;0
"14908";14908;0
"14909";14909;2
"14910";14910;0
"14911";14911;0
"14912";14912;0
"14913";14913;2
"14914";14914;2
"14915";14915;0
"14916";14916;2
"14917";14917;0
"14918";14918;0
"14919";14919;1
"14920";14920;1
"14921";14921;1
"14922";14922;0
"14923";14923;0
"14924";14924;1
"14925";14925;2
"14926";14926;2
"14927";14927;1
"14928";14928;0
"14929";14929;2
"14930";14930;0
"14931";14931;0
"14932";14932;0
"14933";14933;1
"14934";14934;0
"14935";14935;0
"14936";14936;2
"14937";14937;2
"14938";14938;1
"14939";14939;2
"14940";14940;2
"14941";14941;2
"14942";14942;0
"14943";14943;2
"14944";14944;0
"14945";14945;0
"14946";14946;0
"14947";14947;0
"14948";14948;0
"14949";14949;0
"14950";14950;1
"14951";14951;0
"14952";14952;0
"14953";14953;0
"14954";14954;2
"14955";14955;0
"14956";14956;1
"14957";14957;2
"14958";14958;2
"14959";14959;1
"14960";14960;0
"14961";14961;2
"14962";14962;0
"14963";14963;0
"14964";14964;1
"14965";14965;2
"14966";14966;0
"14967";14967;0
"14968";14968;0
"14969";14969;0
"14970";14970;0
"14971";14971;0
"14972";14972;0
"14973";14973;0
"14974";14974;2
"14975";14975;0
"14976";14976;0
"14977";14977;2
"14978";14978;1
"14979";14979;2
"14980";14980;2
"14981";14981;0
"14982";14982;0
"14983";14983;0
"14984";14984;0
"14985";14985;0
"14986";14986;0
"14987";14987;0
"14988";14988;0
"14989";14989;0
"14990";14990;0
"14991";14991;0
"14992";14992;1
"14993";14993;2
"14994";14994;0
"14995";14995;2
"14996";14996;0
"14997";14997;0
"14998";14998;1
"14999";14999;0
"15000";15000;1
"15001";15001;2
"15002";15002;0
"15003";15003;2
"15004";15004;1
"15005";15005;0
"15006";15006;0
"15007";15007;1
"15008";15008;0
"15009";15009;1
"15010";15010;1
"15011";15011;2
"15012";15012;0
"15013";15013;2
"15014";15014;2
"15015";15015;2
"15016";15016;2
"15017";15017;0
"15018";15018;0
"15019";15019;2
"15020";15020;1
"15021";15021;2
"15022";15022;2
"15023";15023;0
"15024";15024;0
"15025";15025;2
"15026";15026;0
"15027";15027;0
"15028";15028;0
"15029";15029;0
"15030";15030;2
"15031";15031;0
"15032";15032;0
"15033";15033;2
"15034";15034;0
"15035";15035;0
"15036";15036;0
"15037";15037;1
"15038";15038;1
"15039";15039;1
"15040";15040;1
"15041";15041;1
"15042";15042;2
"15043";15043;1
"15044";15044;2
"15045";15045;1
"15046";15046;1
"15047";15047;1
"15048";15048;2
"15049";15049;1
"15050";15050;2
"15051";15051;1
"15052";15052;2
"15053";15053;1
"15054";15054;2
"15055";15055;2
"15056";15056;1
"15057";15057;1
"15058";15058;1
"15059";15059;1
"15060";15060;1
"15061";15061;1
"15062";15062;2
"15063";15063;2
"15064";15064;1
"15065";15065;2
"15066";15066;2
"15067";15067;2
"15068";15068;0
"15069";15069;0
"15070";15070;2
"15071";15071;2
"15072";15072;1
"15073";15073;2
"15074";15074;2
"15075";15075;1
"15076";15076;2
"15077";15077;2
"15078";15078;1
"15079";15079;1
"15080";15080;1
"15081";15081;2
"15082";15082;2
"15083";15083;2
"15084";15084;2
"15085";15085;2
"15086";15086;1
"15087";15087;2
"15088";15088;2
"15089";15089;1
"15090";15090;1
"15091";15091;2
"15092";15092;2
"15093";15093;2
"15094";15094;2
"15095";15095;2
"15096";15096;2
"15097";15097;2
"15098";15098;1
"15099";15099;2
"15100";15100;0
"15101";15101;2
"15102";15102;2
"15103";15103;2
"15104";15104;0
"15105";15105;2
"15106";15106;2
"15107";15107;2
"15108";15108;1
"15109";15109;2
"15110";15110;1
"15111";15111;2
"15112";15112;1
"15113";15113;1
"15114";15114;1
"15115";15115;2
"15116";15116;1
"15117";15117;1
"15118";15118;2
"15119";15119;2
"15120";15120;2
"15121";15121;1
"15122";15122;2
"15123";15123;2
"15124";15124;1
"15125";15125;2
"15126";15126;2
"15127";15127;2
"15128";15128;2
"15129";15129;2
"15130";15130;2
"15131";15131;2
"15132";15132;2
"15133";15133;2
"15134";15134;2
"15135";15135;2
"15136";15136;2
"15137";15137;2
"15138";15138;2
"15139";15139;2
"15140";15140;2
"15141";15141;2
"15142";15142;2
"15143";15143;2
"15144";15144;2
"15145";15145;2
"15146";15146;2
"15147";15147;2
"15148";15148;2
"15149";15149;2
"15150";15150;2
"15151";15151;2
"15152";15152;2
"15153";15153;2
"15154";15154;2
"15155";15155;2
"15156";15156;2
"15157";15157;2
"15158";15158;1
"15159";15159;2
"15160";15160;2
"15161";15161;2
"15162";15162;2
"15163";15163;2
"15164";15164;2
"15165";15165;2
"15166";15166;1
"15167";15167;2
"15168";15168;2
"15169";15169;2
"15170";15170;2
"15171";15171;2
"15172";15172;2
"15173";15173;2
"15174";15174;2
"15175";15175;1
"15176";15176;2
"15177";15177;2
"15178";15178;2
"15179";15179;2
"15180";15180;2
"15181";15181;2
"15182";15182;0
"15183";15183;2
"15184";15184;2
"15185";15185;2
"15186";15186;2
"15187";15187;2
"15188";15188;2
"15189";15189;2
"15190";15190;1
"15191";15191;2
"15192";15192;2
"15193";15193;1
"15194";15194;1
"15195";15195;2
"15196";15196;2
"15197";15197;2
"15198";15198;2
"15199";15199;1
"15200";15200;1
"15201";15201;2
"15202";15202;2
"15203";15203;2
"15204";15204;2
"15205";15205;2
"15206";15206;2
"15207";15207;2
"15208";15208;2
"15209";15209;2
"15210";15210;2
"15211";15211;2
"15212";15212;2
"15213";15213;2
"15214";15214;2
"15215";15215;1
"15216";15216;2
"15217";15217;2
"15218";15218;1
"15219";15219;2
"15220";15220;1
"15221";15221;1
"15222";15222;2
"15223";15223;2
"15224";15224;2
"15225";15225;2
"15226";15226;2
"15227";15227;2
"15228";15228;2
"15229";15229;2
"15230";15230;2
"15231";15231;2
"15232";15232;1
"15233";15233;2
"15234";15234;2
"15235";15235;2
"15236";15236;2
"15237";15237;1
"15238";15238;2
"15239";15239;1
"15240";15240;0
"15241";15241;1
"15242";15242;1
"15243";15243;1
"15244";15244;2
"15245";15245;1
"15246";15246;1
"15247";15247;2
"15248";15248;2
"15249";15249;2
"15250";15250;1
"15251";15251;1
"15252";15252;2
"15253";15253;1
"15254";15254;1
"15255";15255;2
"15256";15256;1
"15257";15257;2
"15258";15258;2
"15259";15259;2
"15260";15260;0
"15261";15261;2
"15262";15262;2
"15263";15263;1
"15264";15264;2
"15265";15265;2
"15266";15266;2
"15267";15267;2
"15268";15268;2
"15269";15269;2
"15270";15270;2
"15271";15271;2
"15272";15272;2
"15273";15273;2
"15274";15274;2
"15275";15275;2
"15276";15276;2
"15277";15277;1
"15278";15278;2
"15279";15279;2
"15280";15280;2
"15281";15281;2
"15282";15282;2
"15283";15283;2
"15284";15284;2
"15285";15285;2
"15286";15286;2
"15287";15287;2
"15288";15288;1
"15289";15289;2
"15290";15290;2
"15291";15291;2
"15292";15292;1
"15293";15293;2
"15294";15294;2
"15295";15295;2
"15296";15296;2
"15297";15297;2
"15298";15298;2
"15299";15299;2
"15300";15300;2
"15301";15301;2
"15302";15302;2
"15303";15303;1
"15304";15304;2
"15305";15305;2
"15306";15306;2
"15307";15307;2
"15308";15308;2
"15309";15309;0
"15310";15310;2
"15311";15311;2
"15312";15312;2
"15313";15313;2
"15314";15314;2
"15315";15315;2
"15316";15316;2
"15317";15317;2
"15318";15318;2
"15319";15319;1
"15320";15320;2
"15321";15321;1
"15322";15322;2
"15323";15323;2
"15324";15324;2
"15325";15325;2
"15326";15326;2
"15327";15327;2
"15328";15328;0
"15329";15329;2
"15330";15330;2
"15331";15331;2
"15332";15332;2
"15333";15333;2
"15334";15334;2
"15335";15335;2
"15336";15336;2
"15337";15337;1
"15338";15338;2
"15339";15339;1
"15340";15340;2
"15341";15341;2
"15342";15342;2
"15343";15343;2
"15344";15344;2
"15345";15345;2
"15346";15346;2
"15347";15347;2
"15348";15348;2
"15349";15349;2
"15350";15350;2
"15351";15351;2
"15352";15352;0
"15353";15353;2
"15354";15354;2
"15355";15355;2
"15356";15356;2
"15357";15357;0
"15358";15358;2
"15359";15359;2
"15360";15360;2
"15361";15361;2
"15362";15362;2
"15363";15363;1
"15364";15364;2
"15365";15365;2
"15366";15366;1
"15367";15367;2
"15368";15368;2
"15369";15369;2
"15370";15370;1
"15371";15371;2
"15372";15372;2
"15373";15373;2
"15374";15374;1
"15375";15375;2
"15376";15376;2
"15377";15377;2
"15378";15378;2
"15379";15379;1
"15380";15380;0
"15381";15381;2
"15382";15382;1
"15383";15383;0
"15384";15384;2
"15385";15385;2
"15386";15386;1
"15387";15387;2
"15388";15388;2
"15389";15389;2
"15390";15390;2
"15391";15391;2
"15392";15392;2
"15393";15393;0
"15394";15394;0
"15395";15395;0
"15396";15396;2
"15397";15397;2
"15398";15398;2
"15399";15399;2
"15400";15400;2
"15401";15401;2
"15402";15402;2
"15403";15403;2
"15404";15404;1
"15405";15405;1
"15406";15406;2
"15407";15407;2
"15408";15408;0
"15409";15409;2
"15410";15410;2
"15411";15411;2
"15412";15412;2
"15413";15413;2
"15414";15414;2
"15415";15415;2
"15416";15416;2
"15417";15417;2
"15418";15418;2
"15419";15419;2
"15420";15420;2
"15421";15421;2
"15422";15422;2
"15423";15423;2
"15424";15424;2
"15425";15425;2
"15426";15426;2
"15427";15427;2
"15428";15428;2
"15429";15429;2
"15430";15430;1
"15431";15431;2
"15432";15432;2
"15433";15433;0
"15434";15434;2
"15435";15435;2
"15436";15436;2
"15437";15437;0
"15438";15438;2
"15439";15439;1
"15440";15440;2
"15441";15441;2
"15442";15442;2
"15443";15443;1
"15444";15444;2
"15445";15445;2
"15446";15446;2
"15447";15447;2
"15448";15448;0
"15449";15449;2
"15450";15450;2
"15451";15451;2
"15452";15452;2
"15453";15453;2
"15454";15454;2
"15455";15455;0
"15456";15456;2
"15457";15457;2
"15458";15458;2
"15459";15459;2
"15460";15460;2
"15461";15461;2
"15462";15462;2
"15463";15463;2
"15464";15464;2
"15465";15465;2
"15466";15466;2
"15467";15467;2
"15468";15468;0
"15469";15469;2
"15470";15470;2
"15471";15471;2
"15472";15472;2
"15473";15473;2
"15474";15474;2
"15475";15475;2
"15476";15476;2
"15477";15477;2
"15478";15478;1
"15479";15479;2
"15480";15480;1
"15481";15481;1
"15482";15482;2
"15483";15483;1
"15484";15484;2
"15485";15485;2
"15486";15486;1
"15487";15487;1
"15488";15488;2
"15489";15489;2
"15490";15490;2
"15491";15491;2
"15492";15492;1
"15493";15493;1
"15494";15494;2
"15495";15495;2
"15496";15496;2
"15497";15497;2
"15498";15498;2
"15499";15499;2
"15500";15500;2
"15501";15501;1
"15502";15502;2
"15503";15503;2
"15504";15504;2
"15505";15505;2
"15506";15506;1
"15507";15507;2
"15508";15508;2
"15509";15509;0
"15510";15510;2
"15511";15511;1
"15512";15512;2
"15513";15513;2
"15514";15514;2
"15515";15515;2
"15516";15516;0
"15517";15517;2
"15518";15518;2
"15519";15519;2
"15520";15520;2
"15521";15521;2
"15522";15522;2
"15523";15523;2
"15524";15524;1
"15525";15525;2
"15526";15526;2
"15527";15527;1
"15528";15528;2
"15529";15529;2
"15530";15530;1
"15531";15531;2
"15532";15532;2
"15533";15533;2
"15534";15534;2
"15535";15535;2
"15536";15536;2
"15537";15537;2
"15538";15538;2
"15539";15539;2
"15540";15540;1
"15541";15541;2
"15542";15542;2
"15543";15543;2
"15544";15544;2
"15545";15545;2
"15546";15546;2
"15547";15547;2
"15548";15548;2
"15549";15549;2
"15550";15550;1
"15551";15551;1
"15552";15552;2
"15553";15553;1
"15554";15554;2
"15555";15555;2
"15556";15556;2
"15557";15557;2
"15558";15558;1
"15559";15559;2
"15560";15560;2
"15561";15561;2
"15562";15562;2
"15563";15563;2
"15564";15564;2
"15565";15565;2
"15566";15566;2
"15567";15567;0
"15568";15568;2
"15569";15569;2
"15570";15570;2
"15571";15571;2
"15572";15572;2
"15573";15573;2
"15574";15574;2
"15575";15575;2
"15576";15576;2
"15577";15577;2
"15578";15578;2
"15579";15579;2
"15580";15580;2
"15581";15581;2
"15582";15582;2
"15583";15583;2
"15584";15584;2
"15585";15585;0
"15586";15586;2
"15587";15587;2
"15588";15588;2
"15589";15589;2
"15590";15590;2
"15591";15591;2
"15592";15592;2
"15593";15593;2
"15594";15594;2
"15595";15595;2
"15596";15596;2
"15597";15597;2
"15598";15598;2
"15599";15599;2
"15600";15600;2
"15601";15601;2
"15602";15602;2
"15603";15603;2
"15604";15604;2
"15605";15605;2
"15606";15606;2
"15607";15607;2
"15608";15608;2
"15609";15609;1
"15610";15610;2
"15611";15611;2
"15612";15612;2
"15613";15613;2
"15614";15614;1
"15615";15615;2
"15616";15616;0
"15617";15617;1
"15618";15618;2
"15619";15619;2
"15620";15620;2
"15621";15621;2
"15622";15622;2
"15623";15623;2
"15624";15624;2
"15625";15625;1
"15626";15626;2
"15627";15627;2
"15628";15628;2
"15629";15629;2
"15630";15630;1
"15631";15631;2
"15632";15632;2
"15633";15633;2
"15634";15634;2
"15635";15635;2
"15636";15636;2
"15637";15637;1
"15638";15638;2
"15639";15639;2
"15640";15640;2
"15641";15641;2
"15642";15642;2
"15643";15643;1
"15644";15644;1
"15645";15645;1
"15646";15646;2
"15647";15647;2
"15648";15648;2
"15649";15649;2
"15650";15650;2
"15651";15651;2
"15652";15652;2
"15653";15653;2
"15654";15654;2
"15655";15655;2
"15656";15656;2
"15657";15657;2
"15658";15658;2
"15659";15659;2
"15660";15660;1
"15661";15661;2
"15662";15662;2
"15663";15663;2
"15664";15664;2
"15665";15665;2
"15666";15666;2
"15667";15667;2
"15668";15668;2
"15669";15669;2
"15670";15670;2
"15671";15671;2
"15672";15672;2
"15673";15673;2
"15674";15674;1
"15675";15675;2
"15676";15676;1
"15677";15677;1
"15678";15678;2
"15679";15679;2
"15680";15680;2
"15681";15681;2
"15682";15682;2
"15683";15683;2
"15684";15684;1
"15685";15685;2
"15686";15686;2
"15687";15687;2
"15688";15688;2
"15689";15689;2
"15690";15690;2
"15691";15691;2
"15692";15692;2
"15693";15693;1
"15694";15694;1
"15695";15695;1
"15696";15696;2
"15697";15697;2
"15698";15698;2
"15699";15699;2
"15700";15700;2
"15701";15701;1
"15702";15702;1
"15703";15703;2
"15704";15704;1
"15705";15705;2
"15706";15706;1
"15707";15707;2
"15708";15708;2
"15709";15709;2
"15710";15710;2
"15711";15711;2
"15712";15712;2
"15713";15713;2
"15714";15714;2
"15715";15715;1
"15716";15716;2
"15717";15717;2
"15718";15718;2
"15719";15719;2
"15720";15720;2
"15721";15721;0
"15722";15722;2
"15723";15723;0
"15724";15724;0
"15725";15725;0
"15726";15726;0
"15727";15727;0
"15728";15728;2
"15729";15729;2
"15730";15730;0
"15731";15731;2
"15732";15732;0
"15733";15733;2
"15734";15734;2
"15735";15735;1
"15736";15736;2
"15737";15737;0
"15738";15738;2
"15739";15739;2
"15740";15740;0
"15741";15741;2
"15742";15742;1
"15743";15743;0
"15744";15744;0
"15745";15745;0
"15746";15746;1
"15747";15747;1
"15748";15748;0
"15749";15749;2
"15750";15750;0
"15751";15751;2
"15752";15752;1
"15753";15753;0
"15754";15754;1
"15755";15755;2
"15756";15756;0
"15757";15757;0
"15758";15758;2
"15759";15759;0
"15760";15760;0
"15761";15761;2
"15762";15762;1
"15763";15763;2
"15764";15764;2
"15765";15765;2
"15766";15766;2
"15767";15767;1
"15768";15768;2
"15769";15769;2
"15770";15770;2
"15771";15771;1
"15772";15772;1
"15773";15773;2
"15774";15774;2
"15775";15775;2
"15776";15776;2
"15777";15777;2
"15778";15778;2
"15779";15779;2
"15780";15780;2
"15781";15781;2
"15782";15782;2
"15783";15783;2
"15784";15784;2
"15785";15785;2
"15786";15786;1
"15787";15787;2
"15788";15788;1
"15789";15789;2
"15790";15790;2
"15791";15791;2
"15792";15792;2
"15793";15793;2
"15794";15794;1
"15795";15795;2
"15796";15796;1
"15797";15797;0
"15798";15798;2
"15799";15799;2
"15800";15800;2
"15801";15801;2
"15802";15802;2
"15803";15803;1
"15804";15804;2
"15805";15805;2
"15806";15806;2
"15807";15807;2
"15808";15808;2
"15809";15809;2
"15810";15810;2
"15811";15811;1
"15812";15812;1
"15813";15813;2
"15814";15814;1
"15815";15815;1
"15816";15816;1
"15817";15817;2
"15818";15818;2
"15819";15819;1
"15820";15820;0
"15821";15821;2
"15822";15822;2
"15823";15823;2
"15824";15824;2
"15825";15825;2
"15826";15826;2
"15827";15827;2
"15828";15828;0
"15829";15829;0
"15830";15830;1
"15831";15831;2
"15832";15832;2
"15833";15833;2
"15834";15834;2
"15835";15835;0
"15836";15836;2
"15837";15837;0
"15838";15838;2
"15839";15839;2
"15840";15840;2
"15841";15841;2
"15842";15842;0
"15843";15843;0
"15844";15844;2
"15845";15845;2
"15846";15846;2
"15847";15847;2
"15848";15848;0
"15849";15849;2
"15850";15850;2
"15851";15851;2
"15852";15852;2
"15853";15853;2
"15854";15854;2
"15855";15855;0
"15856";15856;2
"15857";15857;2
"15858";15858;0
"15859";15859;2
"15860";15860;2
"15861";15861;2
"15862";15862;2
"15863";15863;0
"15864";15864;0
"15865";15865;2
"15866";15866;2
"15867";15867;2
"15868";15868;2
"15869";15869;2
"15870";15870;2
"15871";15871;2
"15872";15872;2
"15873";15873;2
"15874";15874;2
"15875";15875;0
"15876";15876;2
"15877";15877;2
"15878";15878;2
"15879";15879;2
"15880";15880;2
"15881";15881;1
"15882";15882;2
"15883";15883;2
"15884";15884;1
"15885";15885;1
"15886";15886;2
"15887";15887;2
"15888";15888;2
"15889";15889;2
"15890";15890;2
"15891";15891;2
"15892";15892;2
"15893";15893;2
"15894";15894;0
"15895";15895;2
"15896";15896;0
"15897";15897;2
"15898";15898;2
"15899";15899;2
"15900";15900;1
"15901";15901;2
"15902";15902;2
"15903";15903;2
"15904";15904;1
"15905";15905;0
"15906";15906;2
"15907";15907;2
"15908";15908;2
"15909";15909;0
"15910";15910;2
"15911";15911;2
"15912";15912;2
"15913";15913;2
"15914";15914;2
"15915";15915;2
"15916";15916;1
"15917";15917;2
"15918";15918;2
"15919";15919;0
"15920";15920;2
"15921";15921;2
"15922";15922;0
"15923";15923;0
"15924";15924;2
"15925";15925;2
"15926";15926;2
"15927";15927;2
"15928";15928;2
"15929";15929;2
"15930";15930;2
"15931";15931;2
"15932";15932;2
"15933";15933;2
"15934";15934;2
"15935";15935;2
"15936";15936;1
"15937";15937;2
"15938";15938;1
"15939";15939;0
"15940";15940;2
"15941";15941;2
"15942";15942;0
"15943";15943;1
"15944";15944;2
"15945";15945;2
"15946";15946;0
"15947";15947;0
"15948";15948;0
"15949";15949;2
"15950";15950;2
"15951";15951;2
"15952";15952;2
"15953";15953;0
"15954";15954;2
"15955";15955;2
"15956";15956;0
"15957";15957;2
"15958";15958;2
"15959";15959;2
"15960";15960;2
"15961";15961;2
"15962";15962;2
"15963";15963;0
"15964";15964;2
"15965";15965;2
"15966";15966;2
"15967";15967;0
"15968";15968;2
"15969";15969;2
"15970";15970;2
"15971";15971;2
"15972";15972;0
"15973";15973;2
"15974";15974;0
"15975";15975;2
"15976";15976;2
"15977";15977;2
"15978";15978;1
"15979";15979;2
"15980";15980;2
"15981";15981;2
"15982";15982;2
"15983";15983;2
"15984";15984;2
"15985";15985;1
"15986";15986;2
"15987";15987;1
"15988";15988;2
"15989";15989;0
"15990";15990;2
"15991";15991;0
"15992";15992;0
"15993";15993;1
"15994";15994;1
"15995";15995;0
"15996";15996;2
"15997";15997;2
"15998";15998;2
"15999";15999;2
"16000";16000;2
"16001";16001;2
"16002";16002;2
"16003";16003;2
"16004";16004;2
"16005";16005;1
"16006";16006;1
"16007";16007;2
"16008";16008;2
"16009";16009;1
"16010";16010;2
"16011";16011;1
"16012";16012;1
"16013";16013;2
"16014";16014;1
"16015";16015;1
"16016";16016;1
"16017";16017;2
"16018";16018;1
"16019";16019;2
"16020";16020;1
"16021";16021;0
"16022";16022;1
"16023";16023;2
"16024";16024;2
"16025";16025;2
"16026";16026;1
"16027";16027;2
"16028";16028;2
"16029";16029;1
"16030";16030;1
"16031";16031;2
"16032";16032;0
"16033";16033;2
"16034";16034;1
"16035";16035;1
"16036";16036;2
"16037";16037;1
"16038";16038;1
"16039";16039;1
"16040";16040;1
"16041";16041;2
"16042";16042;2
"16043";16043;1
"16044";16044;1
"16045";16045;2
"16046";16046;2
"16047";16047;2
"16048";16048;2
"16049";16049;2
"16050";16050;2
"16051";16051;2
"16052";16052;2
"16053";16053;1
"16054";16054;2
"16055";16055;2
"16056";16056;2
"16057";16057;2
"16058";16058;2
"16059";16059;2
"16060";16060;2
"16061";16061;1
"16062";16062;2
"16063";16063;2
"16064";16064;2
"16065";16065;2
"16066";16066;1
"16067";16067;1
"16068";16068;1
"16069";16069;2
"16070";16070;2
"16071";16071;1
"16072";16072;2
"16073";16073;2
"16074";16074;1
"16075";16075;2
"16076";16076;1
"16077";16077;2
"16078";16078;2
"16079";16079;2
"16080";16080;2
"16081";16081;2
"16082";16082;2
"16083";16083;1
"16084";16084;2
"16085";16085;2
"16086";16086;2
"16087";16087;2
"16088";16088;2
"16089";16089;2
"16090";16090;2
"16091";16091;2
"16092";16092;1
"16093";16093;2
"16094";16094;1
"16095";16095;2
"16096";16096;2
"16097";16097;2
"16098";16098;2
"16099";16099;2
"16100";16100;2
"16101";16101;1
"16102";16102;2
"16103";16103;2
"16104";16104;0
"16105";16105;2
"16106";16106;2
"16107";16107;1
"16108";16108;2
"16109";16109;2
"16110";16110;2
"16111";16111;2
"16112";16112;2
"16113";16113;2
"16114";16114;2
"16115";16115;1
"16116";16116;2
"16117";16117;2
"16118";16118;1
"16119";16119;1
"16120";16120;2
"16121";16121;2
"16122";16122;2
"16123";16123;2
"16124";16124;1
"16125";16125;1
"16126";16126;2
"16127";16127;2
"16128";16128;2
"16129";16129;2
"16130";16130;1
"16131";16131;2
"16132";16132;1
"16133";16133;2
"16134";16134;2
"16135";16135;2
"16136";16136;1
"16137";16137;2
"16138";16138;2
"16139";16139;2
"16140";16140;1
"16141";16141;2
"16142";16142;1
"16143";16143;1
"16144";16144;2
"16145";16145;1
"16146";16146;1
"16147";16147;1
"16148";16148;1
"16149";16149;1
"16150";16150;1
"16151";16151;1
"16152";16152;1
"16153";16153;2
"16154";16154;2
"16155";16155;1
"16156";16156;2
"16157";16157;2
"16158";16158;2
"16159";16159;1
"16160";16160;1
"16161";16161;1
"16162";16162;2
"16163";16163;2
"16164";16164;2
"16165";16165;1
"16166";16166;2
"16167";16167;1
"16168";16168;2
"16169";16169;2
"16170";16170;2
"16171";16171;2
"16172";16172;2
"16173";16173;2
"16174";16174;2
"16175";16175;1
"16176";16176;2
"16177";16177;1
"16178";16178;2
"16179";16179;2
"16180";16180;2
"16181";16181;2
"16182";16182;2
"16183";16183;2
"16184";16184;2
"16185";16185;2
"16186";16186;2
"16187";16187;2
"16188";16188;1
"16189";16189;1
"16190";16190;2
"16191";16191;2
"16192";16192;2
"16193";16193;1
"16194";16194;2
"16195";16195;1
"16196";16196;2
"16197";16197;2
"16198";16198;1
"16199";16199;1
"16200";16200;2
"16201";16201;1
"16202";16202;2
"16203";16203;2
"16204";16204;2
"16205";16205;0
"16206";16206;2
"16207";16207;2
"16208";16208;2
"16209";16209;2
"16210";16210;2
"16211";16211;2
"16212";16212;2
"16213";16213;2
"16214";16214;2
"16215";16215;2
"16216";16216;2
"16217";16217;2
"16218";16218;2
"16219";16219;2
"16220";16220;1
"16221";16221;2
"16222";16222;2
"16223";16223;2
"16224";16224;0
"16225";16225;1
"16226";16226;2
"16227";16227;2
"16228";16228;2
"16229";16229;2
"16230";16230;2
"16231";16231;2
"16232";16232;2
"16233";16233;2
"16234";16234;0
"16235";16235;2
"16236";16236;2
"16237";16237;2
"16238";16238;2
"16239";16239;2
"16240";16240;2
"16241";16241;2
"16242";16242;2
"16243";16243;1
"16244";16244;2
"16245";16245;1
"16246";16246;1
"16247";16247;0
"16248";16248;2
"16249";16249;2
"16250";16250;2
"16251";16251;1
"16252";16252;2
"16253";16253;2
"16254";16254;1
"16255";16255;2
"16256";16256;2
"16257";16257;2
"16258";16258;2
"16259";16259;2
"16260";16260;2
"16261";16261;2
"16262";16262;2
"16263";16263;2
"16264";16264;2
"16265";16265;2
"16266";16266;2
"16267";16267;2
"16268";16268;2
"16269";16269;2
"16270";16270;2
"16271";16271;0
"16272";16272;2
"16273";16273;2
"16274";16274;2
"16275";16275;2
"16276";16276;2
"16277";16277;2
"16278";16278;2
"16279";16279;2
"16280";16280;2
"16281";16281;2
"16282";16282;2
"16283";16283;0
"16284";16284;2
"16285";16285;2
"16286";16286;2
"16287";16287;2
"16288";16288;2
"16289";16289;2
"16290";16290;1
"16291";16291;1
"16292";16292;2
"16293";16293;2
"16294";16294;2
"16295";16295;2
"16296";16296;2
"16297";16297;2
"16298";16298;2
"16299";16299;1
"16300";16300;2
"16301";16301;2
"16302";16302;2
"16303";16303;2
"16304";16304;2
"16305";16305;2
"16306";16306;2
"16307";16307;2
"16308";16308;1
"16309";16309;2
"16310";16310;2
"16311";16311;2
"16312";16312;2
"16313";16313;2
"16314";16314;2
"16315";16315;2
"16316";16316;2
"16317";16317;1
"16318";16318;2
"16319";16319;2
"16320";16320;2
"16321";16321;2
"16322";16322;2
"16323";16323;2
"16324";16324;0
"16325";16325;2
"16326";16326;2
"16327";16327;2
"16328";16328;2
"16329";16329;2
"16330";16330;2
"16331";16331;2
"16332";16332;2
"16333";16333;1
"16334";16334;2
"16335";16335;2
"16336";16336;2
"16337";16337;2
"16338";16338;2
"16339";16339;2
"16340";16340;2
"16341";16341;2
"16342";16342;1
"16343";16343;2
"16344";16344;2
"16345";16345;2
"16346";16346;2
"16347";16347;2
"16348";16348;2
"16349";16349;2
"16350";16350;2
"16351";16351;2
"16352";16352;2
"16353";16353;2
"16354";16354;2
"16355";16355;0
"16356";16356;2
"16357";16357;2
"16358";16358;2
"16359";16359;2
"16360";16360;2
"16361";16361;2
"16362";16362;2
"16363";16363;1
"16364";16364;2
"16365";16365;1
"16366";16366;2
"16367";16367;2
"16368";16368;2
"16369";16369;1
"16370";16370;2
"16371";16371;1
"16372";16372;2
"16373";16373;2
"16374";16374;2
"16375";16375;2
"16376";16376;2
"16377";16377;2
"16378";16378;2
"16379";16379;2
"16380";16380;1
"16381";16381;2
"16382";16382;2
"16383";16383;2
"16384";16384;2
"16385";16385;2
"16386";16386;2
"16387";16387;1
"16388";16388;2
"16389";16389;2
"16390";16390;2
"16391";16391;2
"16392";16392;2
"16393";16393;2
"16394";16394;2
"16395";16395;1
"16396";16396;2
"16397";16397;2
"16398";16398;1
"16399";16399;2
"16400";16400;1
"16401";16401;2
"16402";16402;2
"16403";16403;2
"16404";16404;2
"16405";16405;2
"16406";16406;2
"16407";16407;2
"16408";16408;1
"16409";16409;2
"16410";16410;2
"16411";16411;2
"16412";16412;2
"16413";16413;2
"16414";16414;2
"16415";16415;2
"16416";16416;2
"16417";16417;2
"16418";16418;2
"16419";16419;2
"16420";16420;2
"16421";16421;2
"16422";16422;2
"16423";16423;2
"16424";16424;2
"16425";16425;2
"16426";16426;2
"16427";16427;2
"16428";16428;2
"16429";16429;1
"16430";16430;2
"16431";16431;2
"16432";16432;2
"16433";16433;2
"16434";16434;2
"16435";16435;2
"16436";16436;2
"16437";16437;2
"16438";16438;2
"16439";16439;2
"16440";16440;2
"16441";16441;2
"16442";16442;2
"16443";16443;1
"16444";16444;2
"16445";16445;2
"16446";16446;2
"16447";16447;2
"16448";16448;2
"16449";16449;2
"16450";16450;2
"16451";16451;2
"16452";16452;2
"16453";16453;2
"16454";16454;1
"16455";16455;2
"16456";16456;2
"16457";16457;2
"16458";16458;2
"16459";16459;2
"16460";16460;2
"16461";16461;1
"16462";16462;1
"16463";16463;2
"16464";16464;2
"16465";16465;1
"16466";16466;2
"16467";16467;2
"16468";16468;1
"16469";16469;2
"16470";16470;1
"16471";16471;2
"16472";16472;2
"16473";16473;1
"16474";16474;2
"16475";16475;2
"16476";16476;2
"16477";16477;1
"16478";16478;0
"16479";16479;2
"16480";16480;2
"16481";16481;2
"16482";16482;2
"16483";16483;2
"16484";16484;2
"16485";16485;2
"16486";16486;0
"16487";16487;2
"16488";16488;1
"16489";16489;2
"16490";16490;2
"16491";16491;2
"16492";16492;2
"16493";16493;2
"16494";16494;2
"16495";16495;2
"16496";16496;2
"16497";16497;2
"16498";16498;1
"16499";16499;2
"16500";16500;2
"16501";16501;2
"16502";16502;2
"16503";16503;2
"16504";16504;2
"16505";16505;2
"16506";16506;2
"16507";16507;2
"16508";16508;2
"16509";16509;2
"16510";16510;1
"16511";16511;2
"16512";16512;2
"16513";16513;2
"16514";16514;1
"16515";16515;2
"16516";16516;2
"16517";16517;1
"16518";16518;2
"16519";16519;1
"16520";16520;2
"16521";16521;2
"16522";16522;1
"16523";16523;2
"16524";16524;2
"16525";16525;2
"16526";16526;2
"16527";16527;2
"16528";16528;2
"16529";16529;2
"16530";16530;2
"16531";16531;1
"16532";16532;2
"16533";16533;2
"16534";16534;2
"16535";16535;2
"16536";16536;2
"16537";16537;2
"16538";16538;2
"16539";16539;2
"16540";16540;2
"16541";16541;2
"16542";16542;1
"16543";16543;2
"16544";16544;2
"16545";16545;2
"16546";16546;2
"16547";16547;2
"16548";16548;2
"16549";16549;0
"16550";16550;0
"16551";16551;2
"16552";16552;2
"16553";16553;2
"16554";16554;2
"16555";16555;2
"16556";16556;2
"16557";16557;0
"16558";16558;2
"16559";16559;2
"16560";16560;0
"16561";16561;0
"16562";16562;0
"16563";16563;0
"16564";16564;2
"16565";16565;0
"16566";16566;0
"16567";16567;2
"16568";16568;0
"16569";16569;1
"16570";16570;2
"16571";16571;2
"16572";16572;2
"16573";16573;2
"16574";16574;0
"16575";16575;2
"16576";16576;2
"16577";16577;2
"16578";16578;2
"16579";16579;2
"16580";16580;2
"16581";16581;2
"16582";16582;1
"16583";16583;1
"16584";16584;2
"16585";16585;2
"16586";16586;2
"16587";16587;2
"16588";16588;2
"16589";16589;2
"16590";16590;2
"16591";16591;2
"16592";16592;2
"16593";16593;2
"16594";16594;2
"16595";16595;2
"16596";16596;2
"16597";16597;2
"16598";16598;2
"16599";16599;2
"16600";16600;2
"16601";16601;2
"16602";16602;2
"16603";16603;2
"16604";16604;1
"16605";16605;2
"16606";16606;2
"16607";16607;2
"16608";16608;2
"16609";16609;2
"16610";16610;2
"16611";16611;1
"16612";16612;2
"16613";16613;2
"16614";16614;1
"16615";16615;2
"16616";16616;2
"16617";16617;2
"16618";16618;2
"16619";16619;2
"16620";16620;1
"16621";16621;2
"16622";16622;2
"16623";16623;1
"16624";16624;0
"16625";16625;2
"16626";16626;2
"16627";16627;2
"16628";16628;2
"16629";16629;1
"16630";16630;2
"16631";16631;2
"16632";16632;2
"16633";16633;1
"16634";16634;2
"16635";16635;2
"16636";16636;2
"16637";16637;2
"16638";16638;2
"16639";16639;2
"16640";16640;2
"16641";16641;2
"16642";16642;1
"16643";16643;2
"16644";16644;2
"16645";16645;2
"16646";16646;2
"16647";16647;2
"16648";16648;2
"16649";16649;2
"16650";16650;2
"16651";16651;2
"16652";16652;2
"16653";16653;1
"16654";16654;2
"16655";16655;2
"16656";16656;2
"16657";16657;2
"16658";16658;2
"16659";16659;2
"16660";16660;2
"16661";16661;2
"16662";16662;2
"16663";16663;2
"16664";16664;2
"16665";16665;2
"16666";16666;1
"16667";16667;2
"16668";16668;2
"16669";16669;2
"16670";16670;2
"16671";16671;2
"16672";16672;2
"16673";16673;2
"16674";16674;2
"16675";16675;2
"16676";16676;2
"16677";16677;1
"16678";16678;2
"16679";16679;2
"16680";16680;2
"16681";16681;2
"16682";16682;2
"16683";16683;2
"16684";16684;2
"16685";16685;1
"16686";16686;2
"16687";16687;2
"16688";16688;2
"16689";16689;2
"16690";16690;2
"16691";16691;2
"16692";16692;2
"16693";16693;2
"16694";16694;2
"16695";16695;2
"16696";16696;2
"16697";16697;2
"16698";16698;2
"16699";16699;2
"16700";16700;2
"16701";16701;2
"16702";16702;2
"16703";16703;2
"16704";16704;2
"16705";16705;2
"16706";16706;2
"16707";16707;2
"16708";16708;2
"16709";16709;2
"16710";16710;2
"16711";16711;2
"16712";16712;1
"16713";16713;2
"16714";16714;2
"16715";16715;2
"16716";16716;2
"16717";16717;2
"16718";16718;2
"16719";16719;2
"16720";16720;2
"16721";16721;2
"16722";16722;2
"16723";16723;2
"16724";16724;0
"16725";16725;2
"16726";16726;2
"16727";16727;2
"16728";16728;2
"16729";16729;2
"16730";16730;2
"16731";16731;2
"16732";16732;2
"16733";16733;2
"16734";16734;2
"16735";16735;2
"16736";16736;2
"16737";16737;2
"16738";16738;2
"16739";16739;2
"16740";16740;2
"16741";16741;2
"16742";16742;1
"16743";16743;2
"16744";16744;2
"16745";16745;2
"16746";16746;2
"16747";16747;2
"16748";16748;2
"16749";16749;1
"16750";16750;2
"16751";16751;2
"16752";16752;1
"16753";16753;2
"16754";16754;2
"16755";16755;2
"16756";16756;2
"16757";16757;2
"16758";16758;2
"16759";16759;2
"16760";16760;1
"16761";16761;2
"16762";16762;2
"16763";16763;2
"16764";16764;2
"16765";16765;2
"16766";16766;2
"16767";16767;2
"16768";16768;2
"16769";16769;2
"16770";16770;2
"16771";16771;1
"16772";16772;1
"16773";16773;2
"16774";16774;1
"16775";16775;2
"16776";16776;1
"16777";16777;2
"16778";16778;2
"16779";16779;2
"16780";16780;1
"16781";16781;2
"16782";16782;2
"16783";16783;2
"16784";16784;2
"16785";16785;1
"16786";16786;1
"16787";16787;2
"16788";16788;2
"16789";16789;2
"16790";16790;1
"16791";16791;1
"16792";16792;2
"16793";16793;2
"16794";16794;2
"16795";16795;2
"16796";16796;2
"16797";16797;2
"16798";16798;2
"16799";16799;2
"16800";16800;2
"16801";16801;2
"16802";16802;1
"16803";16803;2
"16804";16804;2
"16805";16805;2
"16806";16806;2
"16807";16807;1
"16808";16808;2
"16809";16809;1
"16810";16810;1
"16811";16811;1
"16812";16812;1
"16813";16813;2
"16814";16814;2
"16815";16815;2
"16816";16816;2
"16817";16817;2
"16818";16818;2
"16819";16819;2
"16820";16820;2
"16821";16821;1
"16822";16822;2
"16823";16823;2
"16824";16824;1
"16825";16825;2
"16826";16826;2
"16827";16827;2
"16828";16828;2
"16829";16829;1
"16830";16830;2
"16831";16831;2
"16832";16832;2
"16833";16833;2
"16834";16834;2
"16835";16835;2
"16836";16836;2
"16837";16837;2
"16838";16838;2
"16839";16839;1
"16840";16840;1
"16841";16841;2
"16842";16842;1
"16843";16843;1
"16844";16844;2
"16845";16845;2
"16846";16846;2
"16847";16847;1
"16848";16848;1
"16849";16849;1
"16850";16850;2
"16851";16851;2
"16852";16852;1
"16853";16853;2
"16854";16854;2
"16855";16855;2
"16856";16856;2
"16857";16857;2
"16858";16858;2
"16859";16859;0
"16860";16860;2
"16861";16861;2
"16862";16862;2
"16863";16863;2
"16864";16864;2
"16865";16865;1
"16866";16866;2
"16867";16867;2
"16868";16868;2
"16869";16869;1
"16870";16870;2
"16871";16871;2
"16872";16872;2
"16873";16873;2
"16874";16874;2
"16875";16875;2
"16876";16876;2
"16877";16877;2
"16878";16878;2
"16879";16879;1
"16880";16880;2
"16881";16881;2
"16882";16882;1
"16883";16883;2
"16884";16884;1
"16885";16885;1
"16886";16886;2
"16887";16887;1
"16888";16888;0
"16889";16889;1
"16890";16890;2
"16891";16891;1
"16892";16892;1
"16893";16893;2
"16894";16894;2
"16895";16895;2
"16896";16896;2
"16897";16897;2
"16898";16898;2
"16899";16899;2
"16900";16900;2
"16901";16901;1
"16902";16902;2
"16903";16903;2
"16904";16904;2
"16905";16905;2
"16906";16906;2
"16907";16907;2
"16908";16908;2
"16909";16909;2
"16910";16910;2
"16911";16911;2
"16912";16912;2
"16913";16913;2
"16914";16914;0
"16915";16915;1
"16916";16916;2
"16917";16917;2
"16918";16918;2
"16919";16919;2
"16920";16920;2
"16921";16921;2
"16922";16922;2
"16923";16923;1
"16924";16924;2
"16925";16925;2
"16926";16926;2
"16927";16927;2
"16928";16928;2
"16929";16929;2
"16930";16930;2
"16931";16931;2
"16932";16932;2
"16933";16933;2
"16934";16934;2
"16935";16935;2
"16936";16936;2
"16937";16937;1
"16938";16938;1
"16939";16939;1
"16940";16940;2
"16941";16941;2
"16942";16942;2
"16943";16943;2
"16944";16944;2
"16945";16945;2
"16946";16946;2
"16947";16947;2
"16948";16948;2
"16949";16949;2
"16950";16950;2
"16951";16951;2
"16952";16952;2
"16953";16953;2
"16954";16954;1
"16955";16955;1
"16956";16956;1
"16957";16957;1
"16958";16958;1
"16959";16959;2
"16960";16960;1
"16961";16961;2
"16962";16962;2
"16963";16963;2
"16964";16964;1
"16965";16965;2
"16966";16966;2
"16967";16967;1
"16968";16968;1
"16969";16969;1
"16970";16970;2
"16971";16971;2
"16972";16972;2
"16973";16973;2
"16974";16974;2
"16975";16975;2
"16976";16976;1
"16977";16977;2
"16978";16978;2
"16979";16979;2
"16980";16980;2
"16981";16981;2
"16982";16982;2
"16983";16983;2
"16984";16984;2
"16985";16985;1
"16986";16986;2
"16987";16987;2
"16988";16988;1
"16989";16989;1
"16990";16990;2
"16991";16991;2
"16992";16992;2
"16993";16993;2
"16994";16994;2
"16995";16995;2
"16996";16996;2
"16997";16997;2
"16998";16998;2
"16999";16999;2
"17000";17000;2
"17001";17001;1
"17002";17002;1
"17003";17003;2
"17004";17004;1
"17005";17005;2
"17006";17006;2
"17007";17007;2
"17008";17008;2
"17009";17009;2
"17010";17010;2
"17011";17011;2
"17012";17012;1
"17013";17013;2
"17014";17014;2
"17015";17015;2
"17016";17016;2
"17017";17017;2
"17018";17018;2
"17019";17019;2
"17020";17020;2
"17021";17021;2
"17022";17022;0
"17023";17023;2
"17024";17024;2
"17025";17025;1
"17026";17026;2
"17027";17027;1
"17028";17028;2
"17029";17029;2
"17030";17030;2
"17031";17031;2
"17032";17032;2
"17033";17033;2
"17034";17034;2
"17035";17035;2
"17036";17036;2
"17037";17037;2
"17038";17038;0
"17039";17039;0
"17040";17040;2
"17041";17041;1
"17042";17042;2
"17043";17043;2
"17044";17044;2
"17045";17045;2
"17046";17046;2
"17047";17047;2
"17048";17048;2
"17049";17049;2
"17050";17050;2
"17051";17051;1
"17052";17052;2
"17053";17053;2
"17054";17054;2
"17055";17055;2
"17056";17056;2
"17057";17057;1
"17058";17058;1
"17059";17059;2
"17060";17060;2
"17061";17061;2
"17062";17062;2
"17063";17063;2
"17064";17064;2
"17065";17065;2
"17066";17066;2
"17067";17067;1
"17068";17068;2
"17069";17069;2
"17070";17070;2
"17071";17071;2
"17072";17072;2
"17073";17073;2
"17074";17074;2
"17075";17075;2
"17076";17076;2
"17077";17077;2
"17078";17078;2
"17079";17079;2
"17080";17080;2
"17081";17081;2
"17082";17082;2
"17083";17083;2
"17084";17084;2
"17085";17085;2
"17086";17086;1
"17087";17087;2
"17088";17088;2
"17089";17089;2
"17090";17090;2
"17091";17091;2
"17092";17092;2
"17093";17093;2
"17094";17094;2
"17095";17095;2
"17096";17096;2
"17097";17097;2
"17098";17098;2
"17099";17099;2
"17100";17100;1
"17101";17101;2
"17102";17102;2
"17103";17103;2
"17104";17104;2
"17105";17105;2
"17106";17106;2
"17107";17107;2
"17108";17108;2
"17109";17109;2
"17110";17110;2
"17111";17111;2
"17112";17112;2
"17113";17113;2
"17114";17114;2
"17115";17115;2
"17116";17116;2
"17117";17117;2
"17118";17118;2
"17119";17119;1
"17120";17120;2
"17121";17121;1
"17122";17122;2
"17123";17123;2
"17124";17124;1
"17125";17125;2
"17126";17126;2
"17127";17127;1
"17128";17128;2
"17129";17129;2
"17130";17130;2
"17131";17131;2
"17132";17132;2
"17133";17133;2
"17134";17134;2
"17135";17135;2
"17136";17136;2
"17137";17137;2
"17138";17138;2
"17139";17139;2
"17140";17140;2
"17141";17141;1
"17142";17142;1
"17143";17143;1
"17144";17144;2
"17145";17145;1
"17146";17146;2
"17147";17147;1
"17148";17148;1
"17149";17149;2
"17150";17150;1
"17151";17151;1
"17152";17152;1
"17153";17153;2
"17154";17154;2
"17155";17155;1
"17156";17156;2
"17157";17157;2
"17158";17158;2
"17159";17159;2
"17160";17160;2
"17161";17161;2
"17162";17162;2
"17163";17163;2
"17164";17164;1
"17165";17165;2
"17166";17166;1
"17167";17167;1
"17168";17168;1
"17169";17169;2
"17170";17170;0
"17171";17171;2
"17172";17172;1
"17173";17173;2
"17174";17174;1
"17175";17175;2
"17176";17176;1
"17177";17177;2
"17178";17178;1
"17179";17179;2
"17180";17180;2
"17181";17181;2
"17182";17182;1
"17183";17183;2
"17184";17184;1
"17185";17185;1
"17186";17186;1
"17187";17187;1
"17188";17188;2
"17189";17189;1
"17190";17190;1
"17191";17191;1
"17192";17192;2
"17193";17193;2
"17194";17194;2
"17195";17195;1
"17196";17196;2
"17197";17197;2
"17198";17198;2
"17199";17199;2
"17200";17200;2
"17201";17201;2
"17202";17202;2
"17203";17203;2
"17204";17204;2
"17205";17205;2
"17206";17206;2
"17207";17207;1
"17208";17208;2
"17209";17209;1
"17210";17210;2
"17211";17211;2
"17212";17212;2
"17213";17213;1
"17214";17214;2
"17215";17215;2
"17216";17216;1
"17217";17217;2
"17218";17218;2
"17219";17219;2
"17220";17220;2
"17221";17221;2
"17222";17222;2
"17223";17223;2
"17224";17224;2
"17225";17225;2
"17226";17226;2
"17227";17227;2
"17228";17228;2
"17229";17229;2
"17230";17230;2
"17231";17231;2
"17232";17232;2
"17233";17233;2
"17234";17234;2
"17235";17235;2
"17236";17236;2
"17237";17237;2
"17238";17238;2
"17239";17239;2
"17240";17240;2
"17241";17241;2
"17242";17242;2
"17243";17243;2
"17244";17244;2
"17245";17245;2
"17246";17246;1
"17247";17247;2
"17248";17248;2
"17249";17249;2
"17250";17250;2
"17251";17251;2
"17252";17252;2
"17253";17253;1
"17254";17254;2
"17255";17255;2
"17256";17256;2
"17257";17257;2
"17258";17258;2
"17259";17259;1
"17260";17260;2
"17261";17261;2
"17262";17262;2
"17263";17263;2
"17264";17264;2
"17265";17265;1
"17266";17266;2
"17267";17267;2
"17268";17268;2
"17269";17269;2
"17270";17270;2
"17271";17271;2
"17272";17272;2
"17273";17273;2
"17274";17274;1
"17275";17275;2
"17276";17276;1
"17277";17277;1
"17278";17278;1
"17279";17279;1
"17280";17280;2
"17281";17281;2
"17282";17282;2
"17283";17283;2
"17284";17284;2
"17285";17285;1
"17286";17286;2
"17287";17287;2
"17288";17288;2
"17289";17289;2
"17290";17290;1
"17291";17291;2
"17292";17292;2
"17293";17293;0
"17294";17294;2
"17295";17295;2
"17296";17296;2
"17297";17297;2
"17298";17298;1
"17299";17299;2
"17300";17300;1
"17301";17301;2
"17302";17302;2
"17303";17303;2
"17304";17304;2
"17305";17305;1
"17306";17306;2
"17307";17307;2
"17308";17308;1
"17309";17309;2
"17310";17310;1
"17311";17311;2
"17312";17312;2
"17313";17313;1
"17314";17314;1
"17315";17315;2
"17316";17316;2
"17317";17317;1
"17318";17318;2
"17319";17319;1
"17320";17320;2
"17321";17321;1
"17322";17322;2
"17323";17323;2
"17324";17324;2
"17325";17325;2
"17326";17326;2
"17327";17327;2
"17328";17328;2
"17329";17329;1
"17330";17330;2
"17331";17331;2
"17332";17332;2
"17333";17333;2
"17334";17334;2
"17335";17335;2
"17336";17336;1
"17337";17337;2
"17338";17338;2
"17339";17339;1
"17340";17340;2
"17341";17341;2
"17342";17342;2
"17343";17343;2
"17344";17344;2
"17345";17345;2
"17346";17346;2
"17347";17347;2
"17348";17348;2
"17349";17349;1
"17350";17350;2
"17351";17351;1
"17352";17352;2
"17353";17353;2
"17354";17354;2
"17355";17355;1
"17356";17356;2
"17357";17357;2
"17358";17358;2
"17359";17359;2
"17360";17360;2
"17361";17361;2
"17362";17362;2
"17363";17363;2
"17364";17364;2
"17365";17365;1
"17366";17366;1
"17367";17367;2
"17368";17368;1
"17369";17369;2
"17370";17370;2
"17371";17371;2
"17372";17372;2
"17373";17373;1
"17374";17374;1
"17375";17375;2
"17376";17376;1
"17377";17377;1
"17378";17378;2
"17379";17379;2
"17380";17380;2
"17381";17381;2
"17382";17382;1
"17383";17383;2
"17384";17384;2
"17385";17385;2
"17386";17386;2
"17387";17387;0
"17388";17388;2
"17389";17389;1
"17390";17390;1
"17391";17391;1
"17392";17392;1
"17393";17393;1
"17394";17394;2
"17395";17395;2
"17396";17396;2
"17397";17397;2
"17398";17398;1
"17399";17399;1
"17400";17400;1
"17401";17401;2
"17402";17402;1
"17403";17403;1
"17404";17404;1
"17405";17405;2
"17406";17406;2
"17407";17407;2
"17408";17408;1
"17409";17409;2
"17410";17410;2
"17411";17411;2
"17412";17412;2
"17413";17413;1
"17414";17414;2
"17415";17415;2
"17416";17416;2
"17417";17417;2
"17418";17418;2
"17419";17419;2
"17420";17420;2
"17421";17421;2
"17422";17422;2
"17423";17423;1
"17424";17424;2
"17425";17425;2
"17426";17426;1
"17427";17427;2
"17428";17428;0
"17429";17429;2
"17430";17430;2
"17431";17431;2
"17432";17432;2
"17433";17433;2
"17434";17434;2
"17435";17435;2
"17436";17436;1
"17437";17437;1
"17438";17438;1
"17439";17439;2
"17440";17440;2
"17441";17441;2
"17442";17442;2
"17443";17443;2
"17444";17444;2
"17445";17445;2
"17446";17446;2
"17447";17447;2
"17448";17448;2
"17449";17449;2
"17450";17450;2
"17451";17451;2
"17452";17452;1
"17453";17453;2
"17454";17454;1
"17455";17455;2
"17456";17456;2
"17457";17457;2
"17458";17458;2
"17459";17459;2
"17460";17460;2
"17461";17461;2
"17462";17462;2
"17463";17463;2
"17464";17464;2
"17465";17465;2
"17466";17466;2
"17467";17467;2
"17468";17468;2
"17469";17469;2
"17470";17470;2
"17471";17471;2
"17472";17472;2
"17473";17473;2
"17474";17474;1
"17475";17475;2
"17476";17476;2
"17477";17477;1
"17478";17478;2
"17479";17479;1
"17480";17480;2
"17481";17481;2
"17482";17482;1
"17483";17483;2
"17484";17484;2
"17485";17485;1
"17486";17486;2
"17487";17487;2
"17488";17488;2
"17489";17489;2
"17490";17490;2
"17491";17491;1
"17492";17492;2
"17493";17493;2
"17494";17494;2
"17495";17495;2
"17496";17496;2
"17497";17497;1
"17498";17498;2
"17499";17499;2
"17500";17500;1
"17501";17501;2
"17502";17502;2
"17503";17503;2
"17504";17504;2
"17505";17505;2
"17506";17506;2
"17507";17507;2
"17508";17508;2
"17509";17509;2
"17510";17510;2
"17511";17511;2
"17512";17512;2
"17513";17513;2
"17514";17514;2
"17515";17515;2
"17516";17516;2
"17517";17517;2
"17518";17518;2
"17519";17519;1
"17520";17520;2
"17521";17521;2
"17522";17522;2
"17523";17523;1
"17524";17524;2
"17525";17525;1
"17526";17526;1
"17527";17527;1
"17528";17528;2
"17529";17529;2
"17530";17530;2
"17531";17531;2
"17532";17532;2
"17533";17533;2
"17534";17534;2
"17535";17535;2
"17536";17536;2
"17537";17537;2
"17538";17538;2
"17539";17539;2
"17540";17540;2
"17541";17541;2
"17542";17542;2
"17543";17543;2
"17544";17544;2
"17545";17545;2
"17546";17546;2
"17547";17547;1
"17548";17548;2
"17549";17549;2
"17550";17550;2
"17551";17551;2
"17552";17552;2
"17553";17553;2
"17554";17554;2
"17555";17555;2
"17556";17556;2
"17557";17557;2
"17558";17558;2
"17559";17559;2
"17560";17560;1
"17561";17561;2
"17562";17562;2
"17563";17563;1
"17564";17564;2
"17565";17565;2
"17566";17566;2
"17567";17567;2
"17568";17568;2
"17569";17569;2
"17570";17570;2
"17571";17571;2
"17572";17572;2
"17573";17573;1
"17574";17574;1
"17575";17575;1
"17576";17576;2
"17577";17577;1
"17578";17578;1
"17579";17579;1
"17580";17580;2
"17581";17581;2
"17582";17582;2
"17583";17583;1
"17584";17584;2
"17585";17585;2
"17586";17586;2
"17587";17587;2
"17588";17588;1
"17589";17589;2
"17590";17590;1
"17591";17591;1
"17592";17592;1
"17593";17593;1
"17594";17594;2
"17595";17595;1
"17596";17596;2
"17597";17597;2
"17598";17598;2
"17599";17599;1
"17600";17600;1
"17601";17601;2
"17602";17602;2
"17603";17603;2
"17604";17604;2
"17605";17605;1
"17606";17606;0
"17607";17607;2
"17608";17608;2
"17609";17609;1
"17610";17610;2
"17611";17611;2
"17612";17612;0
"17613";17613;2
"17614";17614;1
"17615";17615;1
"17616";17616;2
"17617";17617;1
"17618";17618;1
"17619";17619;1
"17620";17620;2
"17621";17621;2
"17622";17622;2
"17623";17623;1
"17624";17624;1
"17625";17625;1
"17626";17626;2
"17627";17627;2
"17628";17628;1
"17629";17629;1
"17630";17630;2
"17631";17631;2
"17632";17632;2
"17633";17633;1
"17634";17634;1
"17635";17635;1
"17636";17636;2
"17637";17637;1
"17638";17638;1
"17639";17639;1
"17640";17640;1
"17641";17641;2
"17642";17642;2
"17643";17643;2
"17644";17644;1
"17645";17645;2
"17646";17646;1
"17647";17647;1
"17648";17648;1
"17649";17649;2
"17650";17650;1
"17651";17651;2
"17652";17652;1
"17653";17653;2
"17654";17654;2
"17655";17655;1
"17656";17656;1
"17657";17657;2
"17658";17658;2
"17659";17659;1
"17660";17660;1
"17661";17661;2
"17662";17662;1
"17663";17663;1
"17664";17664;1
"17665";17665;1
"17666";17666;1
"17667";17667;2
"17668";17668;1
"17669";17669;1
"17670";17670;1
"17671";17671;1
"17672";17672;2
"17673";17673;2
"17674";17674;2
"17675";17675;2
"17676";17676;1
"17677";17677;2
"17678";17678;2
"17679";17679;2
"17680";17680;2
"17681";17681;2
"17682";17682;2
"17683";17683;2
"17684";17684;2
"17685";17685;2
"17686";17686;2
"17687";17687;2
"17688";17688;1
"17689";17689;1
"17690";17690;2
"17691";17691;1
"17692";17692;1
"17693";17693;1
"17694";17694;1
"17695";17695;0
"17696";17696;2
"17697";17697;2
"17698";17698;2
"17699";17699;1
"17700";17700;1
"17701";17701;2
"17702";17702;2
"17703";17703;1
"17704";17704;1
"17705";17705;1
"17706";17706;1
"17707";17707;2
"17708";17708;2
"17709";17709;2
"17710";17710;2
"17711";17711;1
"17712";17712;2
"17713";17713;2
"17714";17714;2
"17715";17715;2
"17716";17716;2
"17717";17717;1
"17718";17718;1
"17719";17719;1
"17720";17720;0
"17721";17721;1
"17722";17722;1
"17723";17723;2
"17724";17724;2
"17725";17725;1
"17726";17726;2
"17727";17727;1
"17728";17728;1
"17729";17729;2
"17730";17730;2
"17731";17731;2
"17732";17732;2
"17733";17733;2
"17734";17734;1
"17735";17735;2
"17736";17736;1
"17737";17737;1
"17738";17738;1
"17739";17739;1
"17740";17740;2
"17741";17741;1
"17742";17742;1
"17743";17743;2
"17744";17744;1
"17745";17745;2
"17746";17746;1
"17747";17747;2
"17748";17748;2
"17749";17749;1
"17750";17750;1
"17751";17751;1
"17752";17752;1
"17753";17753;1
"17754";17754;2
"17755";17755;0
"17756";17756;2
"17757";17757;2
"17758";17758;1
"17759";17759;1
"17760";17760;1
"17761";17761;2
"17762";17762;2
"17763";17763;2
"17764";17764;2
"17765";17765;2
"17766";17766;2
"17767";17767;1
"17768";17768;1
"17769";17769;2
"17770";17770;1
"17771";17771;1
"17772";17772;2
"17773";17773;1
"17774";17774;1
"17775";17775;1
"17776";17776;2
"17777";17777;1
"17778";17778;1
"17779";17779;1
"17780";17780;2
"17781";17781;1
"17782";17782;2
"17783";17783;2
"17784";17784;2
"17785";17785;1
"17786";17786;1
"17787";17787;2
"17788";17788;2
"17789";17789;2
"17790";17790;2
"17791";17791;2
"17792";17792;0
"17793";17793;1
"17794";17794;2
"17795";17795;0
"17796";17796;2
"17797";17797;2
"17798";17798;2
"17799";17799;2
"17800";17800;1
"17801";17801;2
"17802";17802;1
"17803";17803;0
"17804";17804;2
"17805";17805;1
"17806";17806;2
"17807";17807;2
"17808";17808;1
"17809";17809;1
"17810";17810;2
"17811";17811;1
"17812";17812;1
"17813";17813;2
"17814";17814;1
"17815";17815;2
"17816";17816;2
"17817";17817;1
"17818";17818;2
"17819";17819;2
"17820";17820;1
"17821";17821;1
"17822";17822;1
"17823";17823;1
"17824";17824;2
"17825";17825;2
"17826";17826;2
"17827";17827;1
"17828";17828;1
"17829";17829;2
"17830";17830;2
"17831";17831;1
"17832";17832;2
"17833";17833;2
"17834";17834;2
"17835";17835;2
"17836";17836;1
"17837";17837;2
"17838";17838;1
"17839";17839;1
"17840";17840;1
"17841";17841;1
"17842";17842;1
"17843";17843;2
"17844";17844;2
"17845";17845;1
"17846";17846;2
"17847";17847;2
"17848";17848;2
"17849";17849;2
"17850";17850;2
"17851";17851;2
"17852";17852;1
"17853";17853;2
"17854";17854;2
"17855";17855;2
"17856";17856;2
"17857";17857;2
"17858";17858;2
"17859";17859;1
"17860";17860;2
"17861";17861;2
"17862";17862;2
"17863";17863;1
"17864";17864;2
"17865";17865;2
"17866";17866;1
"17867";17867;2
"17868";17868;2
"17869";17869;0
"17870";17870;2
"17871";17871;1
"17872";17872;1
"17873";17873;1
"17874";17874;2
"17875";17875;2
"17876";17876;1
"17877";17877;1
"17878";17878;2
"17879";17879;2
"17880";17880;1
"17881";17881;2
"17882";17882;2
"17883";17883;1
"17884";17884;2
"17885";17885;2
"17886";17886;2
"17887";17887;2
"17888";17888;0
"17889";17889;2
"17890";17890;2
"17891";17891;1
"17892";17892;1
"17893";17893;1
"17894";17894;2
"17895";17895;2
"17896";17896;2
"17897";17897;2
"17898";17898;2
"17899";17899;2
"17900";17900;2
"17901";17901;2
"17902";17902;2
"17903";17903;2
"17904";17904;2
"17905";17905;2
"17906";17906;2
"17907";17907;2
"17908";17908;2
"17909";17909;2
"17910";17910;2
"17911";17911;2
"17912";17912;2
"17913";17913;2
"17914";17914;2
"17915";17915;1
"17916";17916;2
"17917";17917;1
"17918";17918;1
"17919";17919;2
"17920";17920;2
"17921";17921;2
"17922";17922;1
"17923";17923;2
"17924";17924;2
"17925";17925;2
"17926";17926;2
"17927";17927;1
"17928";17928;2
"17929";17929;1
"17930";17930;1
"17931";17931;2
"17932";17932;2
"17933";17933;2
"17934";17934;2
"17935";17935;2
"17936";17936;2
"17937";17937;2
"17938";17938;1
"17939";17939;1
"17940";17940;1
"17941";17941;1
"17942";17942;1
"17943";17943;2
"17944";17944;1
"17945";17945;1
"17946";17946;1
"17947";17947;1
"17948";17948;1
"17949";17949;1
"17950";17950;1
"17951";17951;1
"17952";17952;1
"17953";17953;2
"17954";17954;1
"17955";17955;2
"17956";17956;2
"17957";17957;2
"17958";17958;2
"17959";17959;2
"17960";17960;1
"17961";17961;2
"17962";17962;1
"17963";17963;2
"17964";17964;2
"17965";17965;2
"17966";17966;2
"17967";17967;2
"17968";17968;2
"17969";17969;2
"17970";17970;2
"17971";17971;2
"17972";17972;2
"17973";17973;2
"17974";17974;1
"17975";17975;1
"17976";17976;2
"17977";17977;2
"17978";17978;2
"17979";17979;2
"17980";17980;1
"17981";17981;1
"17982";17982;2
"17983";17983;1
"17984";17984;2
"17985";17985;2
"17986";17986;2
"17987";17987;2
"17988";17988;1
"17989";17989;2
"17990";17990;2
"17991";17991;2
"17992";17992;2
"17993";17993;2
"17994";17994;2
"17995";17995;2
"17996";17996;2
"17997";17997;2
"17998";17998;1
"17999";17999;2
"18000";18000;1
"18001";18001;2
"18002";18002;2
"18003";18003;2
"18004";18004;2
"18005";18005;2
"18006";18006;1
"18007";18007;2
"18008";18008;2
"18009";18009;2
"18010";18010;1
"18011";18011;2
"18012";18012;2
"18013";18013;1
"18014";18014;2
"18015";18015;2
"18016";18016;2
"18017";18017;2
"18018";18018;2
"18019";18019;2
"18020";18020;2
"18021";18021;0
"18022";18022;2
"18023";18023;1
"18024";18024;1
"18025";18025;1
"18026";18026;2
"18027";18027;2
"18028";18028;2
"18029";18029;1
"18030";18030;2
"18031";18031;2
"18032";18032;2
"18033";18033;2
"18034";18034;2
"18035";18035;2
"18036";18036;2
"18037";18037;1
"18038";18038;2
"18039";18039;1
"18040";18040;2
"18041";18041;2
"18042";18042;2
"18043";18043;1
"18044";18044;2
"18045";18045;2
"18046";18046;2
"18047";18047;2
"18048";18048;2
"18049";18049;1
"18050";18050;2
"18051";18051;2
"18052";18052;2
"18053";18053;2
"18054";18054;2
"18055";18055;1
"18056";18056;2
"18057";18057;2
"18058";18058;2
"18059";18059;2
"18060";18060;2
"18061";18061;2
"18062";18062;1
"18063";18063;2
"18064";18064;2
"18065";18065;2
"18066";18066;2
"18067";18067;1
"18068";18068;2
"18069";18069;2
"18070";18070;2
"18071";18071;2
"18072";18072;2
"18073";18073;2
"18074";18074;2
"18075";18075;2
"18076";18076;2
"18077";18077;2
"18078";18078;2
"18079";18079;2
"18080";18080;1
"18081";18081;2
"18082";18082;1
"18083";18083;1
"18084";18084;2
"18085";18085;2
"18086";18086;1
"18087";18087;1
"18088";18088;1
"18089";18089;2
"18090";18090;2
"18091";18091;2
"18092";18092;1
"18093";18093;2
"18094";18094;1
"18095";18095;2
"18096";18096;2
"18097";18097;1
"18098";18098;1
"18099";18099;2
"18100";18100;2
"18101";18101;1
"18102";18102;2
"18103";18103;2
"18104";18104;2
"18105";18105;1
"18106";18106;2
"18107";18107;0
"18108";18108;2
"18109";18109;2
"18110";18110;2
"18111";18111;2
"18112";18112;2
"18113";18113;2
"18114";18114;1
"18115";18115;2
"18116";18116;2
"18117";18117;1
"18118";18118;2
"18119";18119;2
"18120";18120;2
"18121";18121;1
"18122";18122;2
"18123";18123;1
"18124";18124;1
"18125";18125;1
"18126";18126;1
"18127";18127;1
"18128";18128;1
"18129";18129;2
"18130";18130;2
"18131";18131;2
"18132";18132;2
"18133";18133;1
"18134";18134;1
"18135";18135;2
"18136";18136;1
"18137";18137;2
"18138";18138;2
"18139";18139;2
"18140";18140;2
"18141";18141;2
"18142";18142;1
"18143";18143;2
"18144";18144;1
"18145";18145;2
"18146";18146;2
"18147";18147;2
"18148";18148;2
"18149";18149;2
"18150";18150;2
"18151";18151;2
"18152";18152;2
"18153";18153;1
"18154";18154;1
"18155";18155;1
"18156";18156;2
"18157";18157;2
"18158";18158;2
"18159";18159;1
"18160";18160;2
"18161";18161;2
"18162";18162;2
"18163";18163;2
"18164";18164;1
"18165";18165;2
"18166";18166;2
"18167";18167;2
"18168";18168;2
"18169";18169;2
"18170";18170;2
"18171";18171;2
"18172";18172;2
"18173";18173;2
"18174";18174;2
"18175";18175;2
"18176";18176;1
"18177";18177;1
"18178";18178;2
"18179";18179;1
"18180";18180;2
"18181";18181;1
"18182";18182;2
"18183";18183;1
"18184";18184;2
"18185";18185;2
"18186";18186;2
"18187";18187;2
"18188";18188;1
"18189";18189;2
"18190";18190;1
"18191";18191;2
"18192";18192;2
"18193";18193;2
"18194";18194;2
"18195";18195;2
"18196";18196;2
"18197";18197;2
"18198";18198;1
"18199";18199;2
"18200";18200;2
"18201";18201;2
"18202";18202;2
"18203";18203;2
"18204";18204;2
"18205";18205;2
"18206";18206;1
"18207";18207;1
"18208";18208;2
"18209";18209;2
"18210";18210;2
"18211";18211;2
"18212";18212;2
"18213";18213;2
"18214";18214;2
"18215";18215;1
"18216";18216;2
"18217";18217;2
"18218";18218;2
"18219";18219;2
"18220";18220;2
"18221";18221;2
"18222";18222;2
"18223";18223;2
"18224";18224;2
"18225";18225;2
"18226";18226;2
"18227";18227;2
"18228";18228;2
"18229";18229;2
"18230";18230;1
"18231";18231;1
"18232";18232;2
"18233";18233;1
"18234";18234;2
"18235";18235;2
"18236";18236;2
"18237";18237;2
"18238";18238;2
"18239";18239;2
"18240";18240;2
"18241";18241;1
"18242";18242;2
"18243";18243;2
"18244";18244;2
"18245";18245;2
"18246";18246;2
"18247";18247;2
"18248";18248;2
"18249";18249;2
"18250";18250;2
"18251";18251;1
"18252";18252;0
"18253";18253;2
"18254";18254;2
"18255";18255;2
"18256";18256;2
"18257";18257;2
"18258";18258;2
"18259";18259;2
"18260";18260;2
"18261";18261;2
"18262";18262;2
"18263";18263;2
"18264";18264;2
"18265";18265;2
"18266";18266;2
"18267";18267;2
"18268";18268;1
"18269";18269;2
"18270";18270;2
"18271";18271;2
"18272";18272;2
"18273";18273;2
"18274";18274;2
"18275";18275;2
"18276";18276;2
"18277";18277;2
"18278";18278;2
"18279";18279;1
"18280";18280;2
"18281";18281;2
"18282";18282;2
"18283";18283;2
"18284";18284;2
"18285";18285;2
"18286";18286;2
"18287";18287;2
"18288";18288;2
"18289";18289;2
"18290";18290;2
"18291";18291;2
"18292";18292;1
"18293";18293;0
"18294";18294;0
"18295";18295;2
"18296";18296;0
"18297";18297;2
"18298";18298;2
"18299";18299;1
"18300";18300;2
"18301";18301;2
"18302";18302;2
"18303";18303;2
"18304";18304;2
"18305";18305;2
"18306";18306;2
"18307";18307;2
"18308";18308;2
"18309";18309;2
"18310";18310;2
"18311";18311;2
"18312";18312;2
"18313";18313;1
"18314";18314;2
"18315";18315;1
"18316";18316;2
"18317";18317;2
"18318";18318;2
"18319";18319;2
"18320";18320;2
"18321";18321;2
"18322";18322;2
"18323";18323;2
"18324";18324;2
"18325";18325;2
"18326";18326;1
"18327";18327;2
"18328";18328;2
"18329";18329;2
"18330";18330;2
"18331";18331;2
"18332";18332;2
"18333";18333;2
"18334";18334;2
"18335";18335;2
"18336";18336;2
"18337";18337;2
"18338";18338;2
"18339";18339;2
"18340";18340;2
"18341";18341;2
"18342";18342;2
"18343";18343;1
"18344";18344;1
"18345";18345;1
"18346";18346;2
"18347";18347;1
"18348";18348;1
"18349";18349;2
"18350";18350;1
"18351";18351;2
"18352";18352;2
"18353";18353;2
"18354";18354;1
"18355";18355;2
"18356";18356;1
"18357";18357;2
"18358";18358;2
"18359";18359;2
"18360";18360;2
"18361";18361;2
"18362";18362;2
"18363";18363;1
"18364";18364;1
"18365";18365;1
"18366";18366;2
"18367";18367;2
"18368";18368;2
"18369";18369;2
"18370";18370;2
"18371";18371;2
"18372";18372;2
"18373";18373;2
"18374";18374;2
"18375";18375;2
"18376";18376;2
"18377";18377;2
"18378";18378;2
"18379";18379;2
"18380";18380;2
"18381";18381;2
"18382";18382;1
"18383";18383;2
"18384";18384;2
"18385";18385;2
"18386";18386;2
"18387";18387;1
"18388";18388;2
"18389";18389;1
"18390";18390;1
"18391";18391;1
"18392";18392;2
"18393";18393;2
"18394";18394;2
"18395";18395;2
"18396";18396;2
"18397";18397;2
"18398";18398;1
"18399";18399;1
"18400";18400;2
"18401";18401;2
"18402";18402;2
"18403";18403;0
"18404";18404;2
"18405";18405;2
"18406";18406;1
"18407";18407;2
"18408";18408;2
"18409";18409;2
"18410";18410;2
"18411";18411;2
"18412";18412;1
"18413";18413;2
"18414";18414;2
"18415";18415;2
"18416";18416;1
"18417";18417;2
"18418";18418;2
"18419";18419;2
"18420";18420;2
"18421";18421;2
"18422";18422;2
"18423";18423;2
"18424";18424;2
"18425";18425;2
"18426";18426;2
"18427";18427;2
"18428";18428;1
"18429";18429;2
"18430";18430;2
"18431";18431;2
"18432";18432;0
"18433";18433;2
"18434";18434;2
"18435";18435;1
"18436";18436;2
"18437";18437;2
"18438";18438;2
"18439";18439;2
"18440";18440;2
"18441";18441;2
"18442";18442;1
"18443";18443;0
"18444";18444;2
"18445";18445;2
"18446";18446;2
"18447";18447;2
"18448";18448;2
"18449";18449;0
"18450";18450;2
"18451";18451;2
"18452";18452;0
"18453";18453;2
"18454";18454;2
"18455";18455;2
"18456";18456;1
"18457";18457;2
"18458";18458;1
"18459";18459;1
"18460";18460;2
"18461";18461;2
"18462";18462;2
"18463";18463;2
"18464";18464;2
"18465";18465;2
"18466";18466;2
"18467";18467;2
"18468";18468;2
"18469";18469;2
"18470";18470;2
"18471";18471;2
"18472";18472;2
"18473";18473;1
"18474";18474;2
"18475";18475;2
"18476";18476;1
"18477";18477;2
"18478";18478;2
"18479";18479;2
"18480";18480;2
"18481";18481;1
"18482";18482;2
"18483";18483;1
"18484";18484;1
"18485";18485;2
"18486";18486;2
"18487";18487;1
"18488";18488;2
"18489";18489;2
"18490";18490;1
"18491";18491;2
"18492";18492;2
"18493";18493;2
"18494";18494;1
"18495";18495;2
"18496";18496;2
"18497";18497;2
"18498";18498;1
"18499";18499;1
"18500";18500;2
"18501";18501;1
"18502";18502;2
"18503";18503;1
"18504";18504;1
"18505";18505;2
"18506";18506;1
"18507";18507;1
"18508";18508;1
"18509";18509;2
"18510";18510;2
"18511";18511;2
"18512";18512;1
"18513";18513;2
"18514";18514;2
"18515";18515;2
"18516";18516;2
"18517";18517;2
"18518";18518;2
"18519";18519;1
"18520";18520;1
"18521";18521;1
"18522";18522;2
"18523";18523;1
"18524";18524;2
"18525";18525;1
"18526";18526;2
"18527";18527;2
"18528";18528;2
"18529";18529;2
"18530";18530;2
"18531";18531;2
"18532";18532;2
"18533";18533;2
"18534";18534;2
"18535";18535;2
"18536";18536;1
"18537";18537;2
"18538";18538;2
"18539";18539;2
"18540";18540;2
"18541";18541;2
"18542";18542;2
"18543";18543;2
"18544";18544;1
"18545";18545;1
"18546";18546;1
"18547";18547;1
"18548";18548;2
"18549";18549;2
"18550";18550;2
"18551";18551;1
"18552";18552;2
"18553";18553;2
"18554";18554;1
"18555";18555;2
"18556";18556;2
"18557";18557;2
"18558";18558;2
"18559";18559;2
"18560";18560;2
"18561";18561;2
"18562";18562;2
"18563";18563;1
"18564";18564;2
"18565";18565;2
"18566";18566;2
"18567";18567;2
"18568";18568;1
"18569";18569;2
"18570";18570;2
"18571";18571;2
"18572";18572;2
"18573";18573;2
"18574";18574;2
"18575";18575;2
"18576";18576;2
"18577";18577;1
"18578";18578;2
"18579";18579;2
"18580";18580;2
"18581";18581;1
"18582";18582;1
"18583";18583;1
"18584";18584;1
"18585";18585;1
"18586";18586;1
"18587";18587;1
"18588";18588;2
"18589";18589;2
"18590";18590;1
"18591";18591;2
"18592";18592;2
"18593";18593;1
"18594";18594;1
"18595";18595;2
"18596";18596;2
"18597";18597;1
"18598";18598;2
"18599";18599;2
"18600";18600;2
"18601";18601;2
"18602";18602;1
"18603";18603;2
"18604";18604;2
"18605";18605;1
"18606";18606;1
"18607";18607;2
"18608";18608;1
"18609";18609;2
"18610";18610;2
"18611";18611;2
"18612";18612;2
"18613";18613;2
"18614";18614;2
"18615";18615;2
"18616";18616;2
"18617";18617;2
"18618";18618;2
"18619";18619;2
"18620";18620;2
"18621";18621;2
"18622";18622;2
"18623";18623;2
"18624";18624;2
"18625";18625;2
"18626";18626;2
"18627";18627;2
"18628";18628;2
"18629";18629;2
"18630";18630;1
"18631";18631;2
"18632";18632;2
"18633";18633;2
"18634";18634;2
"18635";18635;2
"18636";18636;2
"18637";18637;2
"18638";18638;2
"18639";18639;2
"18640";18640;2
"18641";18641;2
"18642";18642;2
"18643";18643;1
"18644";18644;0
"18645";18645;1
"18646";18646;0
"18647";18647;2
"18648";18648;1
"18649";18649;0
"18650";18650;1
"18651";18651;0
"18652";18652;2
"18653";18653;2
"18654";18654;1
"18655";18655;0
"18656";18656;1
"18657";18657;2
"18658";18658;2
"18659";18659;2
"18660";18660;1
"18661";18661;2
"18662";18662;2
"18663";18663;2
"18664";18664;2
"18665";18665;2
"18666";18666;1
"18667";18667;2
"18668";18668;2
"18669";18669;2
"18670";18670;2
"18671";18671;2
"18672";18672;2
"18673";18673;2
"18674";18674;1
"18675";18675;0
"18676";18676;1
"18677";18677;0
"18678";18678;2
"18679";18679;2
"18680";18680;2
"18681";18681;2
"18682";18682;2
"18683";18683;2
"18684";18684;1
"18685";18685;0
"18686";18686;1
"18687";18687;0
"18688";18688;2
"18689";18689;2
"18690";18690;2
"18691";18691;0
"18692";18692;2
"18693";18693;2
"18694";18694;2
"18695";18695;2
"18696";18696;2
"18697";18697;2
"18698";18698;2
"18699";18699;2
"18700";18700;2
"18701";18701;2
"18702";18702;2
"18703";18703;2
"18704";18704;2
"18705";18705;2
"18706";18706;2
"18707";18707;2
"18708";18708;2
"18709";18709;2
"18710";18710;2
"18711";18711;2
"18712";18712;2
"18713";18713;2
"18714";18714;2
"18715";18715;2
"18716";18716;2
"18717";18717;2
"18718";18718;2
"18719";18719;1
"18720";18720;1
"18721";18721;2
"18722";18722;2
"18723";18723;2
"18724";18724;2
"18725";18725;1
"18726";18726;2
"18727";18727;1
"18728";18728;2
"18729";18729;2
"18730";18730;2
"18731";18731;2
"18732";18732;2
"18733";18733;2
"18734";18734;2
"18735";18735;1
"18736";18736;2
"18737";18737;1
"18738";18738;2
"18739";18739;2
"18740";18740;2
"18741";18741;2
"18742";18742;2
"18743";18743;2
"18744";18744;2
"18745";18745;2
"18746";18746;2
"18747";18747;2
"18748";18748;2
"18749";18749;2
"18750";18750;2
"18751";18751;1
"18752";18752;1
"18753";18753;2
"18754";18754;2
"18755";18755;2
"18756";18756;2
"18757";18757;2
"18758";18758;2
"18759";18759;2
"18760";18760;2
"18761";18761;2
"18762";18762;1
"18763";18763;2
"18764";18764;2
"18765";18765;1
"18766";18766;2
"18767";18767;2
"18768";18768;2
"18769";18769;1
"18770";18770;2
"18771";18771;2
"18772";18772;1
"18773";18773;2
"18774";18774;2
"18775";18775;2
"18776";18776;2
"18777";18777;2
"18778";18778;2
"18779";18779;2
"18780";18780;2
"18781";18781;2
"18782";18782;2
"18783";18783;2
"18784";18784;2
"18785";18785;2
"18786";18786;1
"18787";18787;1
"18788";18788;2
"18789";18789;2
"18790";18790;1
"18791";18791;2
"18792";18792;2
"18793";18793;1
"18794";18794;1
"18795";18795;2
"18796";18796;1
"18797";18797;2
"18798";18798;2
"18799";18799;1
"18800";18800;2
"18801";18801;2
"18802";18802;1
"18803";18803;1
"18804";18804;2
"18805";18805;2
"18806";18806;2
"18807";18807;2
"18808";18808;2
"18809";18809;1
"18810";18810;1
"18811";18811;1
"18812";18812;2
"18813";18813;2
"18814";18814;2
"18815";18815;2
"18816";18816;2
"18817";18817;2
"18818";18818;2
"18819";18819;2
"18820";18820;2
"18821";18821;2
"18822";18822;2
"18823";18823;2
"18824";18824;1
"18825";18825;2
"18826";18826;2
"18827";18827;2
"18828";18828;2
"18829";18829;2
"18830";18830;2
"18831";18831;2
"18832";18832;2
"18833";18833;2
"18834";18834;1
"18835";18835;2
"18836";18836;1
"18837";18837;2
"18838";18838;2
"18839";18839;2
"18840";18840;1
"18841";18841;2
"18842";18842;2
"18843";18843;2
"18844";18844;2
"18845";18845;1
"18846";18846;2
"18847";18847;1
"18848";18848;1
"18849";18849;1
"18850";18850;1
"18851";18851;1
"18852";18852;1
"18853";18853;1
"18854";18854;2
"18855";18855;2
"18856";18856;2
"18857";18857;2
"18858";18858;2
"18859";18859;2
"18860";18860;1
"18861";18861;1
"18862";18862;2
"18863";18863;2
"18864";18864;2
"18865";18865;1
"18866";18866;2
"18867";18867;1
"18868";18868;2
"18869";18869;2
"18870";18870;2
"18871";18871;0
"18872";18872;2
"18873";18873;2
"18874";18874;2
"18875";18875;2
"18876";18876;1
"18877";18877;2
"18878";18878;0
"18879";18879;2
"18880";18880;1
"18881";18881;1
"18882";18882;2
"18883";18883;2
"18884";18884;2
"18885";18885;2
"18886";18886;1
"18887";18887;1
"18888";18888;1
"18889";18889;1
"18890";18890;0
"18891";18891;1
"18892";18892;1
"18893";18893;2
"18894";18894;2
"18895";18895;1
"18896";18896;2
"18897";18897;0
"18898";18898;1
"18899";18899;2
"18900";18900;1
"18901";18901;2
"18902";18902;2
"18903";18903;2
"18904";18904;2
"18905";18905;1
"18906";18906;2
"18907";18907;1
"18908";18908;2
"18909";18909;1
"18910";18910;1
"18911";18911;2
"18912";18912;1
"18913";18913;1
"18914";18914;2
"18915";18915;2
"18916";18916;2
"18917";18917;2
"18918";18918;2
"18919";18919;1
"18920";18920;1
"18921";18921;2
"18922";18922;2
"18923";18923;1
"18924";18924;2
"18925";18925;1
"18926";18926;2
"18927";18927;2
"18928";18928;2
"18929";18929;2
"18930";18930;2
"18931";18931;2
"18932";18932;2
"18933";18933;2
"18934";18934;2
"18935";18935;2
"18936";18936;2
"18937";18937;2
"18938";18938;2
"18939";18939;2
"18940";18940;1
"18941";18941;2
"18942";18942;2
"18943";18943;2
"18944";18944;2
"18945";18945;2
"18946";18946;2
"18947";18947;2
"18948";18948;2
"18949";18949;2
"18950";18950;1
"18951";18951;2
"18952";18952;2
"18953";18953;2
"18954";18954;2
"18955";18955;2
"18956";18956;2
"18957";18957;2
"18958";18958;2
"18959";18959;1
"18960";18960;2
"18961";18961;2
"18962";18962;2
"18963";18963;2
"18964";18964;2
"18965";18965;2
"18966";18966;2
"18967";18967;1
"18968";18968;2
"18969";18969;1
"18970";18970;2
"18971";18971;1
"18972";18972;2
"18973";18973;2
"18974";18974;2
"18975";18975;2
"18976";18976;2
"18977";18977;1
"18978";18978;2
"18979";18979;2
"18980";18980;2
"18981";18981;2
"18982";18982;2
"18983";18983;2
"18984";18984;1
"18985";18985;1
"18986";18986;2
"18987";18987;1
"18988";18988;2
"18989";18989;2
"18990";18990;2
"18991";18991;1
"18992";18992;2
"18993";18993;2
"18994";18994;2
"18995";18995;2
"18996";18996;2
"18997";18997;2
"18998";18998;2
"18999";18999;2
"19000";19000;1
"19001";19001;1
"19002";19002;2
"19003";19003;2
"19004";19004;1
"19005";19005;1
"19006";19006;2
"19007";19007;2
"19008";19008;2
"19009";19009;2
"19010";19010;2
"19011";19011;2
"19012";19012;2
"19013";19013;2
"19014";19014;2
"19015";19015;2
"19016";19016;2
"19017";19017;1
"19018";19018;1
"19019";19019;2
"19020";19020;2
"19021";19021;2
"19022";19022;2
"19023";19023;1
"19024";19024;2
"19025";19025;2
"19026";19026;2
"19027";19027;1
"19028";19028;2
"19029";19029;2
"19030";19030;2
"19031";19031;2
"19032";19032;2
"19033";19033;2
"19034";19034;2
"19035";19035;2
"19036";19036;2
"19037";19037;2
"19038";19038;1
"19039";19039;2
"19040";19040;2
"19041";19041;2
"19042";19042;2
"19043";19043;2
"19044";19044;2
"19045";19045;2
"19046";19046;2
"19047";19047;1
"19048";19048;2
"19049";19049;2
"19050";19050;1
"19051";19051;2
"19052";19052;2
"19053";19053;2
"19054";19054;2
"19055";19055;2
"19056";19056;2
"19057";19057;2
"19058";19058;2
"19059";19059;1
"19060";19060;2
"19061";19061;2
"19062";19062;2
"19063";19063;2
"19064";19064;2
"19065";19065;2
"19066";19066;2
"19067";19067;2
"19068";19068;2
"19069";19069;2
"19070";19070;2
"19071";19071;2
"19072";19072;2
"19073";19073;1
"19074";19074;2
"19075";19075;2
"19076";19076;2
"19077";19077;2
"19078";19078;2
"19079";19079;2
"19080";19080;2
"19081";19081;2
"19082";19082;2
"19083";19083;2
"19084";19084;1
"19085";19085;1
"19086";19086;2
"19087";19087;2
"19088";19088;2
"19089";19089;2
"19090";19090;2
"19091";19091;2
"19092";19092;1
"19093";19093;2
"19094";19094;2
"19095";19095;2
"19096";19096;2
"19097";19097;2
"19098";19098;2
"19099";19099;2
"19100";19100;2
"19101";19101;1
"19102";19102;2
"19103";19103;2
"19104";19104;2
"19105";19105;2
"19106";19106;2
"19107";19107;2
"19108";19108;2
"19109";19109;2
"19110";19110;2
"19111";19111;2
"19112";19112;1
"19113";19113;2
"19114";19114;2
"19115";19115;1
"19116";19116;1
"19117";19117;2
"19118";19118;2
"19119";19119;2
"19120";19120;2
"19121";19121;2
"19122";19122;2
"19123";19123;2
"19124";19124;2
"19125";19125;2
"19126";19126;2
"19127";19127;2
"19128";19128;2
"19129";19129;2
"19130";19130;2
"19131";19131;2
"19132";19132;2
"19133";19133;2
"19134";19134;2
"19135";19135;2
"19136";19136;2
"19137";19137;2
"19138";19138;2
"19139";19139;2
"19140";19140;2
"19141";19141;2
"19142";19142;2
"19143";19143;2
"19144";19144;2
"19145";19145;2
"19146";19146;1
"19147";19147;2
"19148";19148;2
"19149";19149;1
"19150";19150;2
"19151";19151;2
"19152";19152;1
"19153";19153;2
"19154";19154;2
"19155";19155;2
"19156";19156;2
"19157";19157;2
"19158";19158;2
"19159";19159;2
"19160";19160;2
"19161";19161;2
"19162";19162;2
"19163";19163;0
"19164";19164;2
"19165";19165;2
"19166";19166;2
"19167";19167;2
"19168";19168;2
"19169";19169;0
"19170";19170;2
"19171";19171;2
"19172";19172;2
"19173";19173;2
"19174";19174;2
"19175";19175;2
"19176";19176;2
"19177";19177;2
"19178";19178;2
"19179";19179;2
"19180";19180;2
"19181";19181;1
"19182";19182;2
"19183";19183;2
"19184";19184;2
"19185";19185;2
"19186";19186;2
"19187";19187;2
"19188";19188;2
"19189";19189;2
"19190";19190;2
"19191";19191;2
"19192";19192;2
"19193";19193;2
"19194";19194;2
"19195";19195;2
"19196";19196;2
"19197";19197;2
"19198";19198;2
"19199";19199;2
"19200";19200;2
"19201";19201;2
"19202";19202;2
"19203";19203;1
"19204";19204;1
"19205";19205;2
"19206";19206;2
"19207";19207;2
"19208";19208;2
"19209";19209;2
"19210";19210;1
"19211";19211;2
"19212";19212;2
"19213";19213;1
"19214";19214;2
"19215";19215;2
"19216";19216;2
"19217";19217;2
"19218";19218;2
"19219";19219;1
"19220";19220;0
"19221";19221;2
"19222";19222;1
"19223";19223;2
"19224";19224;2
"19225";19225;2
"19226";19226;2
"19227";19227;2
"19228";19228;2
"19229";19229;2
"19230";19230;1
"19231";19231;2
"19232";19232;2
"19233";19233;2
"19234";19234;2
"19235";19235;2
"19236";19236;2
"19237";19237;2
"19238";19238;0
"19239";19239;2
"19240";19240;2
"19241";19241;2
"19242";19242;2
"19243";19243;2
"19244";19244;2
"19245";19245;2
"19246";19246;2
"19247";19247;2
"19248";19248;2
"19249";19249;2
"19250";19250;2
"19251";19251;2
"19252";19252;2
"19253";19253;2
"19254";19254;2
"19255";19255;2
"19256";19256;2
"19257";19257;2
"19258";19258;0
"19259";19259;2
"19260";19260;2
"19261";19261;2
"19262";19262;2
"19263";19263;2
"19264";19264;2
"19265";19265;2
"19266";19266;2
"19267";19267;1
"19268";19268;1
"19269";19269;2
"19270";19270;2
"19271";19271;2
"19272";19272;2
"19273";19273;2
"19274";19274;2
"19275";19275;2
"19276";19276;2
"19277";19277;0
"19278";19278;2
"19279";19279;2
"19280";19280;2
"19281";19281;2
"19282";19282;2
"19283";19283;1
"19284";19284;1
"19285";19285;2
"19286";19286;2
"19287";19287;2
"19288";19288;2
"19289";19289;2
"19290";19290;2
"19291";19291;1
"19292";19292;2
"19293";19293;2
"19294";19294;1
"19295";19295;2
"19296";19296;2
"19297";19297;2
"19298";19298;1
"19299";19299;1
"19300";19300;1
"19301";19301;1
"19302";19302;1
"19303";19303;2
"19304";19304;2
"19305";19305;2
"19306";19306;1
"19307";19307;1
"19308";19308;2
"19309";19309;1
"19310";19310;2
"19311";19311;2
"19312";19312;1
"19313";19313;2
"19314";19314;2
"19315";19315;2
"19316";19316;2
"19317";19317;2
"19318";19318;1
"19319";19319;1
"19320";19320;2
"19321";19321;2
"19322";19322;1
"19323";19323;2
"19324";19324;2
"19325";19325;2
"19326";19326;2
"19327";19327;2
"19328";19328;1
"19329";19329;1
"19330";19330;1
"19331";19331;2
"19332";19332;1
"19333";19333;1
"19334";19334;1
"19335";19335;2
"19336";19336;2
"19337";19337;2
"19338";19338;2
"19339";19339;2
"19340";19340;2
"19341";19341;2
"19342";19342;1
"19343";19343;1
"19344";19344;1
"19345";19345;2
"19346";19346;2
"19347";19347;2
"19348";19348;2
"19349";19349;2
"19350";19350;2
"19351";19351;2
"19352";19352;2
"19353";19353;2
"19354";19354;1
"19355";19355;1
"19356";19356;2
"19357";19357;2
"19358";19358;2
"19359";19359;2
"19360";19360;1
"19361";19361;2
"19362";19362;1
"19363";19363;2
"19364";19364;1
"19365";19365;2
"19366";19366;2
"19367";19367;0
"19368";19368;2
"19369";19369;2
"19370";19370;2
"19371";19371;2
"19372";19372;2
"19373";19373;2
"19374";19374;2
"19375";19375;2
"19376";19376;2
"19377";19377;2
"19378";19378;2
"19379";19379;1
"19380";19380;2
"19381";19381;2
"19382";19382;1
"19383";19383;2
"19384";19384;2
"19385";19385;2
"19386";19386;1
"19387";19387;2
"19388";19388;2
"19389";19389;1
"19390";19390;1
"19391";19391;2
"19392";19392;2
"19393";19393;2
"19394";19394;2
"19395";19395;2
"19396";19396;2
"19397";19397;2
"19398";19398;2
"19399";19399;2
"19400";19400;2
"19401";19401;2
"19402";19402;2
"19403";19403;1
"19404";19404;2
"19405";19405;2
"19406";19406;2
"19407";19407;2
"19408";19408;2
"19409";19409;2
"19410";19410;2
"19411";19411;2
"19412";19412;2
"19413";19413;2
"19414";19414;2
"19415";19415;2
"19416";19416;2
"19417";19417;2
"19418";19418;2
"19419";19419;2
"19420";19420;2
"19421";19421;2
"19422";19422;2
"19423";19423;2
"19424";19424;2
"19425";19425;1
"19426";19426;2
"19427";19427;2
"19428";19428;2
"19429";19429;2
"19430";19430;2
"19431";19431;1
"19432";19432;2
"19433";19433;2
"19434";19434;2
"19435";19435;1
"19436";19436;2
"19437";19437;2
"19438";19438;2
"19439";19439;2
"19440";19440;1
"19441";19441;2
"19442";19442;2
"19443";19443;2
"19444";19444;1
"19445";19445;1
"19446";19446;2
"19447";19447;2
"19448";19448;2
"19449";19449;1
"19450";19450;2
"19451";19451;2
"19452";19452;2
"19453";19453;2
"19454";19454;2
"19455";19455;2
"19456";19456;2
"19457";19457;0
"19458";19458;0
"19459";19459;2
"19460";19460;2
"19461";19461;0
"19462";19462;2
"19463";19463;2
"19464";19464;2
"19465";19465;2
"19466";19466;2
"19467";19467;0
"19468";19468;2
"19469";19469;2
"19470";19470;2
"19471";19471;2
"19472";19472;2
"19473";19473;2
"19474";19474;0
"19475";19475;0
"19476";19476;0
"19477";19477;1
"19478";19478;2
"19479";19479;0
"19480";19480;0
"19481";19481;0
"19482";19482;1
"19483";19483;0
"19484";19484;0
"19485";19485;2
"19486";19486;0
"19487";19487;2
"19488";19488;0
"19489";19489;2
"19490";19490;0
"19491";19491;1
"19492";19492;0
"19493";19493;2
"19494";19494;2
"19495";19495;2
"19496";19496;2
"19497";19497;2
"19498";19498;2
"19499";19499;0
"19500";19500;0
"19501";19501;2
"19502";19502;1
"19503";19503;1
"19504";19504;2
"19505";19505;0
"19506";19506;1
"19507";19507;2
"19508";19508;0
"19509";19509;0
"19510";19510;0
"19511";19511;2
"19512";19512;2
"19513";19513;0
"19514";19514;0
"19515";19515;1
"19516";19516;2
"19517";19517;0
"19518";19518;0
"19519";19519;2
"19520";19520;0
"19521";19521;2
"19522";19522;0
"19523";19523;2
"19524";19524;0
"19525";19525;2
"19526";19526;0
"19527";19527;0
"19528";19528;0
"19529";19529;0
"19530";19530;0
"19531";19531;1
"19532";19532;2
"19533";19533;2
"19534";19534;2
"19535";19535;2
"19536";19536;0
"19537";19537;2
"19538";19538;2
"19539";19539;2
"19540";19540;2
"19541";19541;0
"19542";19542;2
"19543";19543;2
"19544";19544;2
"19545";19545;1
"19546";19546;2
"19547";19547;0
"19548";19548;2
"19549";19549;0
"19550";19550;2
"19551";19551;0
"19552";19552;0
"19553";19553;0
"19554";19554;0
"19555";19555;1
"19556";19556;0
"19557";19557;0
"19558";19558;0
"19559";19559;0
"19560";19560;0
"19561";19561;0
"19562";19562;2
"19563";19563;2
"19564";19564;2
"19565";19565;0
"19566";19566;2
"19567";19567;2
"19568";19568;2
"19569";19569;0
"19570";19570;1
"19571";19571;0
"19572";19572;2
"19573";19573;0
"19574";19574;2
"19575";19575;0
"19576";19576;2
"19577";19577;0
"19578";19578;0
"19579";19579;1
"19580";19580;2
"19581";19581;2
"19582";19582;2
"19583";19583;2
"19584";19584;2
"19585";19585;2
"19586";19586;0
"19587";19587;2
"19588";19588;2
"19589";19589;0
"19590";19590;2
"19591";19591;0
"19592";19592;2
"19593";19593;2
"19594";19594;2
"19595";19595;0
"19596";19596;0
"19597";19597;2
"19598";19598;0
"19599";19599;2
"19600";19600;0
"19601";19601;2
"19602";19602;2
"19603";19603;2
"19604";19604;0
"19605";19605;2
"19606";19606;2
"19607";19607;2
"19608";19608;2
"19609";19609;2
"19610";19610;2
"19611";19611;2
"19612";19612;2
"19613";19613;0
"19614";19614;2
"19615";19615;1
"19616";19616;2
"19617";19617;2
"19618";19618;0
"19619";19619;2
"19620";19620;2
"19621";19621;2
"19622";19622;2
"19623";19623;1
"19624";19624;2
"19625";19625;2
"19626";19626;2
"19627";19627;2
"19628";19628;2
"19629";19629;0
"19630";19630;0
"19631";19631;0
"19632";19632;0
"19633";19633;2
"19634";19634;2
"19635";19635;2
"19636";19636;2
"19637";19637;2
"19638";19638;2
"19639";19639;2
"19640";19640;0
"19641";19641;2
"19642";19642;2
"19643";19643;2
"19644";19644;2
"19645";19645;2
"19646";19646;2
"19647";19647;2
"19648";19648;2
"19649";19649;2
"19650";19650;2
"19651";19651;2
"19652";19652;0
"19653";19653;2
"19654";19654;2
"19655";19655;0
"19656";19656;0
"19657";19657;2
"19658";19658;0
"19659";19659;1
"19660";19660;2
"19661";19661;2
"19662";19662;2
"19663";19663;2
"19664";19664;2
"19665";19665;2
"19666";19666;0
"19667";19667;2
"19668";19668;0
"19669";19669;0
"19670";19670;2
"19671";19671;2
"19672";19672;2
"19673";19673;2
"19674";19674;0
"19675";19675;0
"19676";19676;0
"19677";19677;1
"19678";19678;1
"19679";19679;2
"19680";19680;2
"19681";19681;0
"19682";19682;2
"19683";19683;0
"19684";19684;2
"19685";19685;2
"19686";19686;2
"19687";19687;0
"19688";19688;2
"19689";19689;2
"19690";19690;2
"19691";19691;2
"19692";19692;2
"19693";19693;2
"19694";19694;2
"19695";19695;0
"19696";19696;2
"19697";19697;2
"19698";19698;2
"19699";19699;2
"19700";19700;2
"19701";19701;2
"19702";19702;2
"19703";19703;2
"19704";19704;2
"19705";19705;2
"19706";19706;2
"19707";19707;2
"19708";19708;2
"19709";19709;2
"19710";19710;2
"19711";19711;2
"19712";19712;2
"19713";19713;0
"19714";19714;2
"19715";19715;2
"19716";19716;2
"19717";19717;2
"19718";19718;2
"19719";19719;2
"19720";19720;2
"19721";19721;0
"19722";19722;0
"19723";19723;0
"19724";19724;2
"19725";19725;1
"19726";19726;2
"19727";19727;2
"19728";19728;2
"19729";19729;2
"19730";19730;2
"19731";19731;2
"19732";19732;2
"19733";19733;2
"19734";19734;2
"19735";19735;2
"19736";19736;1
"19737";19737;0
"19738";19738;0
"19739";19739;2
"19740";19740;0
"19741";19741;2
"19742";19742;2
"19743";19743;2
"19744";19744;2
"19745";19745;0
"19746";19746;2
"19747";19747;0
"19748";19748;2
"19749";19749;2
"19750";19750;2
"19751";19751;2
"19752";19752;1
"19753";19753;2
"19754";19754;2
"19755";19755;1
"19756";19756;2
"19757";19757;2
"19758";19758;2
"19759";19759;2
"19760";19760;0
"19761";19761;2
"19762";19762;2
"19763";19763;2
"19764";19764;2
"19765";19765;0
"19766";19766;0
"19767";19767;2
"19768";19768;0
"19769";19769;2
"19770";19770;2
"19771";19771;0
"19772";19772;2
"19773";19773;0
"19774";19774;0
"19775";19775;2
"19776";19776;2
"19777";19777;2
"19778";19778;2
"19779";19779;2
"19780";19780;2
"19781";19781;2
"19782";19782;2
"19783";19783;2
"19784";19784;2
"19785";19785;0
"19786";19786;0
"19787";19787;2
"19788";19788;2
"19789";19789;2
"19790";19790;2
"19791";19791;1
"19792";19792;2
"19793";19793;2
"19794";19794;2
"19795";19795;2
"19796";19796;2
"19797";19797;2
"19798";19798;0
"19799";19799;2
"19800";19800;2
"19801";19801;2
"19802";19802;2
"19803";19803;0
"19804";19804;2
"19805";19805;2
"19806";19806;2
"19807";19807;0
"19808";19808;2
"19809";19809;0
"19810";19810;0
"19811";19811;1
"19812";19812;0
"19813";19813;2
"19814";19814;1
"19815";19815;2
"19816";19816;1
"19817";19817;1
"19818";19818;2
"19819";19819;2
"19820";19820;0
"19821";19821;2
"19822";19822;0
"19823";19823;0
"19824";19824;0
"19825";19825;2
"19826";19826;0
"19827";19827;2
"19828";19828;2
"19829";19829;1
"19830";19830;2
"19831";19831;2
"19832";19832;0
"19833";19833;2
"19834";19834;0
"19835";19835;0
"19836";19836;2
"19837";19837;2
"19838";19838;2
"19839";19839;2
"19840";19840;0
"19841";19841;2
"19842";19842;2
"19843";19843;2
"19844";19844;0
"19845";19845;2
"19846";19846;0
"19847";19847;0
"19848";19848;2
"19849";19849;0
"19850";19850;2
"19851";19851;2
"19852";19852;2
"19853";19853;2
"19854";19854;0
"19855";19855;2
"19856";19856;0
"19857";19857;0
"19858";19858;2
"19859";19859;2
"19860";19860;0
"19861";19861;2
"19862";19862;2
"19863";19863;2
"19864";19864;2
"19865";19865;2
"19866";19866;2
"19867";19867;2
"19868";19868;2
"19869";19869;2
"19870";19870;2
"19871";19871;2
"19872";19872;0
"19873";19873;2
"19874";19874;2
"19875";19875;0
"19876";19876;2
"19877";19877;0
"19878";19878;0
"19879";19879;2
"19880";19880;1
"19881";19881;2
"19882";19882;0
"19883";19883;2
"19884";19884;0
"19885";19885;1
"19886";19886;2
"19887";19887;2
"19888";19888;2
"19889";19889;2
"19890";19890;2
"19891";19891;0
"19892";19892;2
"19893";19893;2
"19894";19894;0
"19895";19895;2
"19896";19896;2
"19897";19897;2
"19898";19898;2
"19899";19899;2
"19900";19900;2
"19901";19901;2
"19902";19902;2
"19903";19903;2
"19904";19904;0
"19905";19905;2
"19906";19906;0
"19907";19907;0
"19908";19908;2
"19909";19909;2
"19910";19910;2
"19911";19911;2
"19912";19912;2
"19913";19913;0
"19914";19914;0
"19915";19915;2
"19916";19916;2
"19917";19917;0
"19918";19918;2
"19919";19919;0
"19920";19920;2
"19921";19921;2
"19922";19922;0
"19923";19923;0
"19924";19924;2
"19925";19925;2
"19926";19926;0
"19927";19927;0
"19928";19928;2
"19929";19929;2
"19930";19930;2
"19931";19931;2
"19932";19932;0
"19933";19933;2
"19934";19934;0
"19935";19935;2
"19936";19936;2
"19937";19937;2
"19938";19938;2
"19939";19939;2
"19940";19940;2
"19941";19941;2
"19942";19942;0
"19943";19943;2
"19944";19944;2
"19945";19945;2
"19946";19946;2
"19947";19947;2
"19948";19948;2
"19949";19949;2
"19950";19950;1
"19951";19951;2
"19952";19952;2
"19953";19953;2
"19954";19954;2
"19955";19955;2
"19956";19956;2
"19957";19957;2
"19958";19958;2
"19959";19959;1
"19960";19960;2
"19961";19961;2
"19962";19962;1
"19963";19963;2
"19964";19964;2
"19965";19965;2
"19966";19966;2
"19967";19967;2
"19968";19968;2
"19969";19969;0
"19970";19970;1
"19971";19971;2
"19972";19972;2
"19973";19973;2
"19974";19974;2
"19975";19975;2
"19976";19976;2
"19977";19977;2
"19978";19978;1
"19979";19979;2
"19980";19980;2
"19981";19981;1
"19982";19982;1
"19983";19983;1
"19984";19984;1
"19985";19985;1
"19986";19986;1
"19987";19987;2
"19988";19988;2
"19989";19989;2
"19990";19990;2
"19991";19991;2
"19992";19992;1
"19993";19993;2
"19994";19994;2
"19995";19995;2
"19996";19996;1
"19997";19997;2
"19998";19998;2
"19999";19999;2
"20000";20000;2
"20001";20001;2
"20002";20002;2
"20003";20003;2
"20004";20004;2
"20005";20005;2
"20006";20006;2
"20007";20007;1
"20008";20008;2
"20009";20009;2
"20010";20010;2
"20011";20011;1
"20012";20012;2
"20013";20013;2
"20014";20014;2
"20015";20015;2
"20016";20016;2
"20017";20017;2
"20018";20018;2
"20019";20019;2
"20020";20020;2
"20021";20021;0
"20022";20022;1
"20023";20023;2
"20024";20024;2
"20025";20025;2
"20026";20026;2
"20027";20027;2
"20028";20028;2
"20029";20029;2
"20030";20030;2
"20031";20031;2
"20032";20032;2
"20033";20033;2
"20034";20034;2
"20035";20035;1
"20036";20036;2
"20037";20037;1
"20038";20038;2
"20039";20039;2
"20040";20040;2
"20041";20041;2
"20042";20042;2
"20043";20043;1
"20044";20044;2
"20045";20045;2
"20046";20046;1
"20047";20047;2
"20048";20048;2
"20049";20049;1
"20050";20050;2
"20051";20051;1
"20052";20052;0
"20053";20053;2
"20054";20054;2
"20055";20055;1
"20056";20056;2
"20057";20057;2
"20058";20058;2
"20059";20059;1
"20060";20060;0
"20061";20061;2
"20062";20062;2
"20063";20063;0
"20064";20064;2
"20065";20065;1
"20066";20066;1
"20067";20067;2
"20068";20068;2
"20069";20069;2
"20070";20070;2
"20071";20071;2
"20072";20072;2
"20073";20073;2
"20074";20074;2
"20075";20075;2
"20076";20076;2
"20077";20077;2
"20078";20078;2
"20079";20079;2
"20080";20080;2
"20081";20081;2
"20082";20082;2
"20083";20083;0
"20084";20084;2
"20085";20085;2
"20086";20086;2
"20087";20087;2
"20088";20088;2
"20089";20089;1
"20090";20090;2
"20091";20091;2
"20092";20092;2
"20093";20093;2
"20094";20094;2
"20095";20095;0
"20096";20096;2
"20097";20097;2
"20098";20098;2
"20099";20099;2
"20100";20100;2
"20101";20101;2
"20102";20102;2
"20103";20103;2
"20104";20104;2
"20105";20105;2
"20106";20106;2
"20107";20107;2
"20108";20108;2
"20109";20109;2
"20110";20110;2
"20111";20111;2
"20112";20112;2
"20113";20113;2
"20114";20114;2
"20115";20115;2
"20116";20116;2
"20117";20117;2
"20118";20118;2
"20119";20119;2
"20120";20120;2
"20121";20121;2
"20122";20122;2
"20123";20123;2
"20124";20124;2
"20125";20125;2
"20126";20126;2
"20127";20127;2
"20128";20128;2
"20129";20129;2
"20130";20130;1
"20131";20131;2
"20132";20132;2
"20133";20133;2
"20134";20134;2
"20135";20135;2
"20136";20136;1
"20137";20137;2
"20138";20138;2
"20139";20139;2
"20140";20140;2
"20141";20141;0
"20142";20142;2
"20143";20143;2
"20144";20144;2
"20145";20145;2
"20146";20146;2
"20147";20147;2
"20148";20148;2
"20149";20149;0
"20150";20150;1
"20151";20151;2
"20152";20152;2
"20153";20153;2
"20154";20154;2
"20155";20155;2
"20156";20156;2
"20157";20157;2
"20158";20158;2
"20159";20159;2
"20160";20160;2
"20161";20161;2
"20162";20162;2
"20163";20163;1
"20164";20164;2
"20165";20165;2
"20166";20166;1
"20167";20167;2
"20168";20168;2
"20169";20169;2
"20170";20170;2
"20171";20171;2
"20172";20172;2
"20173";20173;1
"20174";20174;2
"20175";20175;1
"20176";20176;2
"20177";20177;2
"20178";20178;1
"20179";20179;2
"20180";20180;2
"20181";20181;2
"20182";20182;2
"20183";20183;1
"20184";20184;1
"20185";20185;1
"20186";20186;1
"20187";20187;2
"20188";20188;2
"20189";20189;2
"20190";20190;1
"20191";20191;1
"20192";20192;1
"20193";20193;1
"20194";20194;2
"20195";20195;1
"20196";20196;2
"20197";20197;1
"20198";20198;1
"20199";20199;1
"20200";20200;1
"20201";20201;1
"20202";20202;1
"20203";20203;1
"20204";20204;2
"20205";20205;1
"20206";20206;2
"20207";20207;2
"20208";20208;2
"20209";20209;2
"20210";20210;2
"20211";20211;1
"20212";20212;2
"20213";20213;2
"20214";20214;2
"20215";20215;2
"20216";20216;2
"20217";20217;2
"20218";20218;2
"20219";20219;2
"20220";20220;2
"20221";20221;2
"20222";20222;2
"20223";20223;2
"20224";20224;2
"20225";20225;2
"20226";20226;1
"20227";20227;2
"20228";20228;1
"20229";20229;2
"20230";20230;2
"20231";20231;2
"20232";20232;2
"20233";20233;2
"20234";20234;1
"20235";20235;2
"20236";20236;2
"20237";20237;2
"20238";20238;2
"20239";20239;2
"20240";20240;2
"20241";20241;2
"20242";20242;1
"20243";20243;2
"20244";20244;2
"20245";20245;2
"20246";20246;2
"20247";20247;2
"20248";20248;1
"20249";20249;1
"20250";20250;2
"20251";20251;1
"20252";20252;2
"20253";20253;2
"20254";20254;2
"20255";20255;1
"20256";20256;2
"20257";20257;1
"20258";20258;2
"20259";20259;1
"20260";20260;1
"20261";20261;2
"20262";20262;1
"20263";20263;2
"20264";20264;1
"20265";20265;2
"20266";20266;1
"20267";20267;1
"20268";20268;2
"20269";20269;2
"20270";20270;2
"20271";20271;2
"20272";20272;2
"20273";20273;2
"20274";20274;1
"20275";20275;1
"20276";20276;1
"20277";20277;2
"20278";20278;1
"20279";20279;2
"20280";20280;2
"20281";20281;2
"20282";20282;2
"20283";20283;2
"20284";20284;1
"20285";20285;2
"20286";20286;1
"20287";20287;1
"20288";20288;1
"20289";20289;1
"20290";20290;1
"20291";20291;1
"20292";20292;2
"20293";20293;1
"20294";20294;2
"20295";20295;1
"20296";20296;2
"20297";20297;1
"20298";20298;2
"20299";20299;2
"20300";20300;2
"20301";20301;2
"20302";20302;1
"20303";20303;2
"20304";20304;2
"20305";20305;1
"20306";20306;2
"20307";20307;0
"20308";20308;2
"20309";20309;2
"20310";20310;2
"20311";20311;2
"20312";20312;2
"20313";20313;2
"20314";20314;2
"20315";20315;2
"20316";20316;2
"20317";20317;2
"20318";20318;2
"20319";20319;2
"20320";20320;2
"20321";20321;2
"20322";20322;2
"20323";20323;2
"20324";20324;2
"20325";20325;2
"20326";20326;2
"20327";20327;2
"20328";20328;2
"20329";20329;2
"20330";20330;2
"20331";20331;2
"20332";20332;2
"20333";20333;2
"20334";20334;2
"20335";20335;1
"20336";20336;2
"20337";20337;2
"20338";20338;2
"20339";20339;2
"20340";20340;2
"20341";20341;2
"20342";20342;2
"20343";20343;2
"20344";20344;2
"20345";20345;2
"20346";20346;2
"20347";20347;2
"20348";20348;2
"20349";20349;2
"20350";20350;2
"20351";20351;2
"20352";20352;2
"20353";20353;2
"20354";20354;2
"20355";20355;2
"20356";20356;2
"20357";20357;2
"20358";20358;2
"20359";20359;2
"20360";20360;1
"20361";20361;2
"20362";20362;2
"20363";20363;2
"20364";20364;1
"20365";20365;2
"20366";20366;2
"20367";20367;2
"20368";20368;2
"20369";20369;2
"20370";20370;2
"20371";20371;2
"20372";20372;2
"20373";20373;2
"20374";20374;2
"20375";20375;2
"20376";20376;1
"20377";20377;2
"20378";20378;2
"20379";20379;2
"20380";20380;2
"20381";20381;2
"20382";20382;1
"20383";20383;1
"20384";20384;2
"20385";20385;2
"20386";20386;2
"20387";20387;2
"20388";20388;2
"20389";20389;2
"20390";20390;1
"20391";20391;1
"20392";20392;2
"20393";20393;1
"20394";20394;2
"20395";20395;2
"20396";20396;1
"20397";20397;2
"20398";20398;1
"20399";20399;2
"20400";20400;1
"20401";20401;2
"20402";20402;2
"20403";20403;2
"20404";20404;2
"20405";20405;2
"20406";20406;2
"20407";20407;1
"20408";20408;2
"20409";20409;2
"20410";20410;2
"20411";20411;2
"20412";20412;2
"20413";20413;2
"20414";20414;2
"20415";20415;2
"20416";20416;2
"20417";20417;1
"20418";20418;2
"20419";20419;2
"20420";20420;2
"20421";20421;2
"20422";20422;2
"20423";20423;2
"20424";20424;1
"20425";20425;1
"20426";20426;2
"20427";20427;1
"20428";20428;2
"20429";20429;2
"20430";20430;1
"20431";20431;1
"20432";20432;1
"20433";20433;2
"20434";20434;2
"20435";20435;2
"20436";20436;2
"20437";20437;1
"20438";20438;2
"20439";20439;1
"20440";20440;2
"20441";20441;2
"20442";20442;1
"20443";20443;2
"20444";20444;2
"20445";20445;2
"20446";20446;2
"20447";20447;1
"20448";20448;2
"20449";20449;1
"20450";20450;2
"20451";20451;2
"20452";20452;2
"20453";20453;1
"20454";20454;2
"20455";20455;2
"20456";20456;2
"20457";20457;2
"20458";20458;1
"20459";20459;2
"20460";20460;2
"20461";20461;2
"20462";20462;1
"20463";20463;2
"20464";20464;2
"20465";20465;1
"20466";20466;2
"20467";20467;2
"20468";20468;2
"20469";20469;2
"20470";20470;2
"20471";20471;2
"20472";20472;2
"20473";20473;2
"20474";20474;1
"20475";20475;2
"20476";20476;2
"20477";20477;2
"20478";20478;2
"20479";20479;2
"20480";20480;1
"20481";20481;2
"20482";20482;1
"20483";20483;2
"20484";20484;2
"20485";20485;2
"20486";20486;2
"20487";20487;1
"20488";20488;2
"20489";20489;2
"20490";20490;2
"20491";20491;2
"20492";20492;2
"20493";20493;2
"20494";20494;1
"20495";20495;2
"20496";20496;2
"20497";20497;1
"20498";20498;1
"20499";20499;2
"20500";20500;2
"20501";20501;1
"20502";20502;1
"20503";20503;2
"20504";20504;2
"20505";20505;2
"20506";20506;2
"20507";20507;2
"20508";20508;2
"20509";20509;2
"20510";20510;2
"20511";20511;1
"20512";20512;2
"20513";20513;2
"20514";20514;2
"20515";20515;2
"20516";20516;2
"20517";20517;2
"20518";20518;2
"20519";20519;1
"20520";20520;2
"20521";20521;2
"20522";20522;2
"20523";20523;2
"20524";20524;1
"20525";20525;1
"20526";20526;2
"20527";20527;2
"20528";20528;2
"20529";20529;2
"20530";20530;2
"20531";20531;1
"20532";20532;2
"20533";20533;2
"20534";20534;1
"20535";20535;2
"20536";20536;2
"20537";20537;1
"20538";20538;2
"20539";20539;2
"20540";20540;2
"20541";20541;2
"20542";20542;2
"20543";20543;2
"20544";20544;2
"20545";20545;2
"20546";20546;1
"20547";20547;1
"20548";20548;1
"20549";20549;2
"20550";20550;2
"20551";20551;2
"20552";20552;1
"20553";20553;2
"20554";20554;2
"20555";20555;2
"20556";20556;2
"20557";20557;2
"20558";20558;1
"20559";20559;1
"20560";20560;2
"20561";20561;1
"20562";20562;1
"20563";20563;2
"20564";20564;1
"20565";20565;2
"20566";20566;1
"20567";20567;1
"20568";20568;1
"20569";20569;2
"20570";20570;2
"20571";20571;2
"20572";20572;2
"20573";20573;2
"20574";20574;2
"20575";20575;1
"20576";20576;2
"20577";20577;2
"20578";20578;2
"20579";20579;2
"20580";20580;1
"20581";20581;2
"20582";20582;1
"20583";20583;2
"20584";20584;1
"20585";20585;1
"20586";20586;1
"20587";20587;2
"20588";20588;1
"20589";20589;2
"20590";20590;2
"20591";20591;2
"20592";20592;2
"20593";20593;2
"20594";20594;2
"20595";20595;2
"20596";20596;2
"20597";20597;2
"20598";20598;2
"20599";20599;1
"20600";20600;2
"20601";20601;2
"20602";20602;2
"20603";20603;2
"20604";20604;2
"20605";20605;2
"20606";20606;2
"20607";20607;1
"20608";20608;2
"20609";20609;2
"20610";20610;1
"20611";20611;2
"20612";20612;2
"20613";20613;2
"20614";20614;2
"20615";20615;2
"20616";20616;2
"20617";20617;2
"20618";20618;2
"20619";20619;2
"20620";20620;1
"20621";20621;1
"20622";20622;2
"20623";20623;1
"20624";20624;1
"20625";20625;2
"20626";20626;1
"20627";20627;1
"20628";20628;2
"20629";20629;2
"20630";20630;2
"20631";20631;1
"20632";20632;2
"20633";20633;2
"20634";20634;1
"20635";20635;2
"20636";20636;1
"20637";20637;1
"20638";20638;2
"20639";20639;1
"20640";20640;1
"20641";20641;1
"20642";20642;2
"20643";20643;2
"20644";20644;1
"20645";20645;1
"20646";20646;1
"20647";20647;1
"20648";20648;1
"20649";20649;2
"20650";20650;1
"20651";20651;2
"20652";20652;1
"20653";20653;1
"20654";20654;1
"20655";20655;1
"20656";20656;1
"20657";20657;1
"20658";20658;1
"20659";20659;2
"20660";20660;2
"20661";20661;1
"20662";20662;1
"20663";20663;1
"20664";20664;2
"20665";20665;1
"20666";20666;1
"20667";20667;1
"20668";20668;1
"20669";20669;1
"20670";20670;1
"20671";20671;2
"20672";20672;2
"20673";20673;0
"20674";20674;0
"20675";20675;2
"20676";20676;2
"20677";20677;1
"20678";20678;1
"20679";20679;1
"20680";20680;2
"20681";20681;1
"20682";20682;1
"20683";20683;1
"20684";20684;1
"20685";20685;2
"20686";20686;1
"20687";20687;1
"20688";20688;1
"20689";20689;1
"20690";20690;2
"20691";20691;2
"20692";20692;1
"20693";20693;1
"20694";20694;2
"20695";20695;1
"20696";20696;2
"20697";20697;2
"20698";20698;2
"20699";20699;2
"20700";20700;2
"20701";20701;1
"20702";20702;1
"20703";20703;2
"20704";20704;2
"20705";20705;2
"20706";20706;2
"20707";20707;2
"20708";20708;2
"20709";20709;0
"20710";20710;1
"20711";20711;2
"20712";20712;2
"20713";20713;1
"20714";20714;2
"20715";20715;1
"20716";20716;2
"20717";20717;2
"20718";20718;1
"20719";20719;2
"20720";20720;2
"20721";20721;2
"20722";20722;2
"20723";20723;1
"20724";20724;2
"20725";20725;2
"20726";20726;0
"20727";20727;2
"20728";20728;1
"20729";20729;1
"20730";20730;2
"20731";20731;1
"20732";20732;2
"20733";20733;0
"20734";20734;2
"20735";20735;2
"20736";20736;2
"20737";20737;2
"20738";20738;2
"20739";20739;2
"20740";20740;2
"20741";20741;2
"20742";20742;2
"20743";20743;2
"20744";20744;2
"20745";20745;1
"20746";20746;2
"20747";20747;2
"20748";20748;2
"20749";20749;2
"20750";20750;2
"20751";20751;2
"20752";20752;2
"20753";20753;2
"20754";20754;2
"20755";20755;2
"20756";20756;2
"20757";20757;2
"20758";20758;1
"20759";20759;1
"20760";20760;2
"20761";20761;2
"20762";20762;2
"20763";20763;1
"20764";20764;2
"20765";20765;2
"20766";20766;1
"20767";20767;2
"20768";20768;2
"20769";20769;2
"20770";20770;1
"20771";20771;2
"20772";20772;2
"20773";20773;2
"20774";20774;2
"20775";20775;2
"20776";20776;2
"20777";20777;2
"20778";20778;1
"20779";20779;2
"20780";20780;2
"20781";20781;2
"20782";20782;1
"20783";20783;2
"20784";20784;2
"20785";20785;2
"20786";20786;1
"20787";20787;2
"20788";20788;1
"20789";20789;0
"20790";20790;1
"20791";20791;1
"20792";20792;2
"20793";20793;0
"20794";20794;2
"20795";20795;2
"20796";20796;2
"20797";20797;0
"20798";20798;0
"20799";20799;2
"20800";20800;0
"20801";20801;2
"20802";20802;0
"20803";20803;2
"20804";20804;0
"20805";20805;0
"20806";20806;0
"20807";20807;2
"20808";20808;2
"20809";20809;2
"20810";20810;0
"20811";20811;2
"20812";20812;0
"20813";20813;2
"20814";20814;0
"20815";20815;0
"20816";20816;1
"20817";20817;0
"20818";20818;0
"20819";20819;2
"20820";20820;0
"20821";20821;0
"20822";20822;2
"20823";20823;0
"20824";20824;0
"20825";20825;2
"20826";20826;1
"20827";20827;0
"20828";20828;0
"20829";20829;0
"20830";20830;2
"20831";20831;0
"20832";20832;0
"20833";20833;0
"20834";20834;1
"20835";20835;2
"20836";20836;0
"20837";20837;2
"20838";20838;0
"20839";20839;0
"20840";20840;2
"20841";20841;0
"20842";20842;1
"20843";20843;0
"20844";20844;0
"20845";20845;0
"20846";20846;2
"20847";20847;0
"20848";20848;2
"20849";20849;2
"20850";20850;2
"20851";20851;0
"20852";20852;2
"20853";20853;2
"20854";20854;0
"20855";20855;2
"20856";20856;2
"20857";20857;2
"20858";20858;1
"20859";20859;0
"20860";20860;2
"20861";20861;2
"20862";20862;0
"20863";20863;0
"20864";20864;0
"20865";20865;1
"20866";20866;0
"20867";20867;0
"20868";20868;0
"20869";20869;2
"20870";20870;0
"20871";20871;0
"20872";20872;1
"20873";20873;1
"20874";20874;2
"20875";20875;2
"20876";20876;2
"20877";20877;2
"20878";20878;2
"20879";20879;2
"20880";20880;2
"20881";20881;2
"20882";20882;2
"20883";20883;2
"20884";20884;2
"20885";20885;2
"20886";20886;2
"20887";20887;2
"20888";20888;2
"20889";20889;1
"20890";20890;2
"20891";20891;2
"20892";20892;2
"20893";20893;1
"20894";20894;2
"20895";20895;2
"20896";20896;2
"20897";20897;2
"20898";20898;2
"20899";20899;2
"20900";20900;2
"20901";20901;2
"20902";20902;1
"20903";20903;1
"20904";20904;2
"20905";20905;2
"20906";20906;2
"20907";20907;1
"20908";20908;2
"20909";20909;2
"20910";20910;2
"20911";20911;1
"20912";20912;2
"20913";20913;2
"20914";20914;2
"20915";20915;2
"20916";20916;2
"20917";20917;2
"20918";20918;2
"20919";20919;2
"20920";20920;2
"20921";20921;2
"20922";20922;2
"20923";20923;2
"20924";20924;2
"20925";20925;2
"20926";20926;1
"20927";20927;2
"20928";20928;2
"20929";20929;2
"20930";20930;1
"20931";20931;2
"20932";20932;2
"20933";20933;2
"20934";20934;2
"20935";20935;2
"20936";20936;0
"20937";20937;2
"20938";20938;1
"20939";20939;2
"20940";20940;2
"20941";20941;2
"20942";20942;2
"20943";20943;2
"20944";20944;2
"20945";20945;2
"20946";20946;2
"20947";20947;2
"20948";20948;2
"20949";20949;2
"20950";20950;2
"20951";20951;2
"20952";20952;2
"20953";20953;2
"20954";20954;2
"20955";20955;2
"20956";20956;2
"20957";20957;2
"20958";20958;1
"20959";20959;2
"20960";20960;2
"20961";20961;2
"20962";20962;2
"20963";20963;2
"20964";20964;1
"20965";20965;1
"20966";20966;2
"20967";20967;2
"20968";20968;2
"20969";20969;2
"20970";20970;1
"20971";20971;2
"20972";20972;2
"20973";20973;2
"20974";20974;2
"20975";20975;2
"20976";20976;2
"20977";20977;2
"20978";20978;2
"20979";20979;1
"20980";20980;1
"20981";20981;1
"20982";20982;1
"20983";20983;0
"20984";20984;2
"20985";20985;2
"20986";20986;2
"20987";20987;2
"20988";20988;1
"20989";20989;0
"20990";20990;2
"20991";20991;2
"20992";20992;2
"20993";20993;2
"20994";20994;2
"20995";20995;2
"20996";20996;2
"20997";20997;2
"20998";20998;2
"20999";20999;2
"21000";21000;2
"21001";21001;2
"21002";21002;2
"21003";21003;2
"21004";21004;2
"21005";21005;2
"21006";21006;1
"21007";21007;2
"21008";21008;0
"21009";21009;0
"21010";21010;2
"21011";21011;0
"21012";21012;2
"21013";21013;1
"21014";21014;1
"21015";21015;0
"21016";21016;0
"21017";21017;2
"21018";21018;1
"21019";21019;1
"21020";21020;2
"21021";21021;2
"21022";21022;2
"21023";21023;2
"21024";21024;2
"21025";21025;2
"21026";21026;1
"21027";21027;2
"21028";21028;2
"21029";21029;1
"21030";21030;2
"21031";21031;2
"21032";21032;0
"21033";21033;2
"21034";21034;2
"21035";21035;2
"21036";21036;2
"21037";21037;1
"21038";21038;1
"21039";21039;2
"21040";21040;1
"21041";21041;2
"21042";21042;0
"21043";21043;2
"21044";21044;2
"21045";21045;2
"21046";21046;2
"21047";21047;2
"21048";21048;2
"21049";21049;2
"21050";21050;0
"21051";21051;2
"21052";21052;2
"21053";21053;2
"21054";21054;2
"21055";21055;1
"21056";21056;2
"21057";21057;1
"21058";21058;1
"21059";21059;2
"21060";21060;0
"21061";21061;1
"21062";21062;2
"21063";21063;1
"21064";21064;1
"21065";21065;0
"21066";21066;1
"21067";21067;2
"21068";21068;2
"21069";21069;2
"21070";21070;2
"21071";21071;2
"21072";21072;2
"21073";21073;0
"21074";21074;0
"21075";21075;0
"21076";21076;0
"21077";21077;1
"21078";21078;2
"21079";21079;2
"21080";21080;1
"21081";21081;2
"21082";21082;0
"21083";21083;2
"21084";21084;1
"21085";21085;0
"21086";21086;1
"21087";21087;1
"21088";21088;1
"21089";21089;2
"21090";21090;1
"21091";21091;1
"21092";21092;2
"21093";21093;0
"21094";21094;1
"21095";21095;2
"21096";21096;2
"21097";21097;1
"21098";21098;0
"21099";21099;0
"21100";21100;0
"21101";21101;2
"21102";21102;2
"21103";21103;0
"21104";21104;2
"21105";21105;2
"21106";21106;2
"21107";21107;2
"21108";21108;2
"21109";21109;2
"21110";21110;1
"21111";21111;0
"21112";21112;1
"21113";21113;2
"21114";21114;2
"21115";21115;1
"21116";21116;0
"21117";21117;0
"21118";21118;0
"21119";21119;1
"21120";21120;0
"21121";21121;1
"21122";21122;2
"21123";21123;2
"21124";21124;1
"21125";21125;0
"21126";21126;2
"21127";21127;2
"21128";21128;0
"21129";21129;2
"21130";21130;0
"21131";21131;1
"21132";21132;0
"21133";21133;0
"21134";21134;2
"21135";21135;2
"21136";21136;0
"21137";21137;0
"21138";21138;1
"21139";21139;0
"21140";21140;2
"21141";21141;2
"21142";21142;0
"21143";21143;1
"21144";21144;2
"21145";21145;2
"21146";21146;0
"21147";21147;0
"21148";21148;1
"21149";21149;0
"21150";21150;2
"21151";21151;0
"21152";21152;1
"21153";21153;1
"21154";21154;2
"21155";21155;1
"21156";21156;2
"21157";21157;0
"21158";21158;1
"21159";21159;2
"21160";21160;1
"21161";21161;1
"21162";21162;1
"21163";21163;0
"21164";21164;1
"21165";21165;0
"21166";21166;2
"21167";21167;1
"21168";21168;1
"21169";21169;2
"21170";21170;2
"21171";21171;2
"21172";21172;2
"21173";21173;0
"21174";21174;0
"21175";21175;2
"21176";21176;1
"21177";21177;1
"21178";21178;1
"21179";21179;0
"21180";21180;2
"21181";21181;0
"21182";21182;2
"21183";21183;2
"21184";21184;0
"21185";21185;0
"21186";21186;0
"21187";21187;2
"21188";21188;2
"21189";21189;2
"21190";21190;0
"21191";21191;2
"21192";21192;0
"21193";21193;2
"21194";21194;1
"21195";21195;1
"21196";21196;1
"21197";21197;1
"21198";21198;0
"21199";21199;1
"21200";21200;2
"21201";21201;2
"21202";21202;1
"21203";21203;1
"21204";21204;1
"21205";21205;1
"21206";21206;0
"21207";21207;1
"21208";21208;2
"21209";21209;0
"21210";21210;2
"21211";21211;1
"21212";21212;2
"21213";21213;2
"21214";21214;2
"21215";21215;2
"21216";21216;2
"21217";21217;2
"21218";21218;2
"21219";21219;2
"21220";21220;2
"21221";21221;2
"21222";21222;2
"21223";21223;2
"21224";21224;0
"21225";21225;0
"21226";21226;2
"21227";21227;2
"21228";21228;2
"21229";21229;2
"21230";21230;0
"21231";21231;1
"21232";21232;2
"21233";21233;2
"21234";21234;2
"21235";21235;2
"21236";21236;0
"21237";21237;0
"21238";21238;0
"21239";21239;0
"21240";21240;2
"21241";21241;2
"21242";21242;0
"21243";21243;0
"21244";21244;2
"21245";21245;2
"21246";21246;1
"21247";21247;2
"21248";21248;2
"21249";21249;0
"21250";21250;1
"21251";21251;2
"21252";21252;2
"21253";21253;2
"21254";21254;2
"21255";21255;2
"21256";21256;0
"21257";21257;0
"21258";21258;2
"21259";21259;1
"21260";21260;1
"21261";21261;2
"21262";21262;2
"21263";21263;2
"21264";21264;2
"21265";21265;2
"21266";21266;2
"21267";21267;2
"21268";21268;2
"21269";21269;2
"21270";21270;2
"21271";21271;2
"21272";21272;2
"21273";21273;2
"21274";21274;2
"21275";21275;2
"21276";21276;2
"21277";21277;2
"21278";21278;2
"21279";21279;2
"21280";21280;2
"21281";21281;2
"21282";21282;2
"21283";21283;2
"21284";21284;2
"21285";21285;1
"21286";21286;2
"21287";21287;2
"21288";21288;2
"21289";21289;2
"21290";21290;2
"21291";21291;2
"21292";21292;2
"21293";21293;2
"21294";21294;2
"21295";21295;2
"21296";21296;2
"21297";21297;2
"21298";21298;1
"21299";21299;2
"21300";21300;2
"21301";21301;2
"21302";21302;2
"21303";21303;2
"21304";21304;2
"21305";21305;1
"21306";21306;2
"21307";21307;2
"21308";21308;2
"21309";21309;2
"21310";21310;2
"21311";21311;2
"21312";21312;2
"21313";21313;1
"21314";21314;2
"21315";21315;1
"21316";21316;2
"21317";21317;2
"21318";21318;2
"21319";21319;2
"21320";21320;2
"21321";21321;1
"21322";21322;1
"21323";21323;1
"21324";21324;2
"21325";21325;2
"21326";21326;2
"21327";21327;2
"21328";21328;2
"21329";21329;2
"21330";21330;2
"21331";21331;2
"21332";21332;2
"21333";21333;2
"21334";21334;1
"21335";21335;2
"21336";21336;2
"21337";21337;2
"21338";21338;2
"21339";21339;1
"21340";21340;1
"21341";21341;2
"21342";21342;1
"21343";21343;2
"21344";21344;2
"21345";21345;2
"21346";21346;2
"21347";21347;2
"21348";21348;2
"21349";21349;2
"21350";21350;2
"21351";21351;2
"21352";21352;2
"21353";21353;2
"21354";21354;2
"21355";21355;1
"21356";21356;2
"21357";21357;2
"21358";21358;2
"21359";21359;2
"21360";21360;1
"21361";21361;2
"21362";21362;1
"21363";21363;1
"21364";21364;1
"21365";21365;1
"21366";21366;1
"21367";21367;2
"21368";21368;1
"21369";21369;1
"21370";21370;2
"21371";21371;1
"21372";21372;2
"21373";21373;2
"21374";21374;2
"21375";21375;2
"21376";21376;2
"21377";21377;2
"21378";21378;2
"21379";21379;2
"21380";21380;1
"21381";21381;2
"21382";21382;2
"21383";21383;1
"21384";21384;2
"21385";21385;1
"21386";21386;1
"21387";21387;2
"21388";21388;2
"21389";21389;2
"21390";21390;2
"21391";21391;2
"21392";21392;2
"21393";21393;2
"21394";21394;1
"21395";21395;2
"21396";21396;1
"21397";21397;2
"21398";21398;2
"21399";21399;1
"21400";21400;2
"21401";21401;1
"21402";21402;2
"21403";21403;2
"21404";21404;1
"21405";21405;2
"21406";21406;1
"21407";21407;2
"21408";21408;2
"21409";21409;2
"21410";21410;2
"21411";21411;2
"21412";21412;2
"21413";21413;2
"21414";21414;1
"21415";21415;2
"21416";21416;2
"21417";21417;1
"21418";21418;2
"21419";21419;2
"21420";21420;2
"21421";21421;2
"21422";21422;1
"21423";21423;2
"21424";21424;2
"21425";21425;2
"21426";21426;2
"21427";21427;2
"21428";21428;2
"21429";21429;2
"21430";21430;2
"21431";21431;2
"21432";21432;2
"21433";21433;1
"21434";21434;2
"21435";21435;1
"21436";21436;2
"21437";21437;2
"21438";21438;2
"21439";21439;2
"21440";21440;2
"21441";21441;1
"21442";21442;2
"21443";21443;2
"21444";21444;2
"21445";21445;1
"21446";21446;2
"21447";21447;2
"21448";21448;2
"21449";21449;2
"21450";21450;2
"21451";21451;2
"21452";21452;2
"21453";21453;1
"21454";21454;2
"21455";21455;2
"21456";21456;2
"21457";21457;2
"21458";21458;1
"21459";21459;2
"21460";21460;2
"21461";21461;2
"21462";21462;1
"21463";21463;1
"21464";21464;2
"21465";21465;2
"21466";21466;2
"21467";21467;2
"21468";21468;2
"21469";21469;2
"21470";21470;2
"21471";21471;2
"21472";21472;2
"21473";21473;2
"21474";21474;2
"21475";21475;2
"21476";21476;2
"21477";21477;2
"21478";21478;2
"21479";21479;2
"21480";21480;2
"21481";21481;1
"21482";21482;2
"21483";21483;2
"21484";21484;2
"21485";21485;2
"21486";21486;2
"21487";21487;2
"21488";21488;2
"21489";21489;2
"21490";21490;2
"21491";21491;2
"21492";21492;2
"21493";21493;2
"21494";21494;2
"21495";21495;2
"21496";21496;2
"21497";21497;1
"21498";21498;1
"21499";21499;2
"21500";21500;2
"21501";21501;2
"21502";21502;2
"21503";21503;2
"21504";21504;2
"21505";21505;2
"21506";21506;2
"21507";21507;2
"21508";21508;2
"21509";21509;1
"21510";21510;2
"21511";21511;2
"21512";21512;2
"21513";21513;2
"21514";21514;2
"21515";21515;2
"21516";21516;2
"21517";21517;2
"21518";21518;2
"21519";21519;2
"21520";21520;2
"21521";21521;2
"21522";21522;2
"21523";21523;2
"21524";21524;2
"21525";21525;2
"21526";21526;2
"21527";21527;2
"21528";21528;2
"21529";21529;2
"21530";21530;2
"21531";21531;2
"21532";21532;2
"21533";21533;2
"21534";21534;2
"21535";21535;2
"21536";21536;2
"21537";21537;2
"21538";21538;2
"21539";21539;2
"21540";21540;0
"21541";21541;2
"21542";21542;2
"21543";21543;2
"21544";21544;2
"21545";21545;2
"21546";21546;2
"21547";21547;2
"21548";21548;2
"21549";21549;2
"21550";21550;2
"21551";21551;2
"21552";21552;2
"21553";21553;2
"21554";21554;2
"21555";21555;2
"21556";21556;2
"21557";21557;2
"21558";21558;2
"21559";21559;2
"21560";21560;2
"21561";21561;2
"21562";21562;2
"21563";21563;2
"21564";21564;2
"21565";21565;2
"21566";21566;1
"21567";21567;2
"21568";21568;2
"21569";21569;1
"21570";21570;2
"21571";21571;2
"21572";21572;2
"21573";21573;2
"21574";21574;2
"21575";21575;2
"21576";21576;1
"21577";21577;2
"21578";21578;2
"21579";21579;2
"21580";21580;2
"21581";21581;2
"21582";21582;2
"21583";21583;2
"21584";21584;2
"21585";21585;2
"21586";21586;2
"21587";21587;2
"21588";21588;1
"21589";21589;2
"21590";21590;2
"21591";21591;2
"21592";21592;2
"21593";21593;2
"21594";21594;2
"21595";21595;2
"21596";21596;2
"21597";21597;2
"21598";21598;2
"21599";21599;1
"21600";21600;2
"21601";21601;2
"21602";21602;2
"21603";21603;2
"21604";21604;2
"21605";21605;2
"21606";21606;2
"21607";21607;2
"21608";21608;2
"21609";21609;2
"21610";21610;2
"21611";21611;2
"21612";21612;2
"21613";21613;2
"21614";21614;2
"21615";21615;2
"21616";21616;2
"21617";21617;2
"21618";21618;2
"21619";21619;2
"21620";21620;2
"21621";21621;2
"21622";21622;2
"21623";21623;2
"21624";21624;2
"21625";21625;2
"21626";21626;2
"21627";21627;2
"21628";21628;2
"21629";21629;2
"21630";21630;2
"21631";21631;1
"21632";21632;2
"21633";21633;2
"21634";21634;2
"21635";21635;2
"21636";21636;2
"21637";21637;2
"21638";21638;2
"21639";21639;2
"21640";21640;2
"21641";21641;1
"21642";21642;2
"21643";21643;1
"21644";21644;2
"21645";21645;2
"21646";21646;1
"21647";21647;2
"21648";21648;2
"21649";21649;2
"21650";21650;2
"21651";21651;2
"21652";21652;2
"21653";21653;2
"21654";21654;2
"21655";21655;2
"21656";21656;2
"21657";21657;2
"21658";21658;1
"21659";21659;2
"21660";21660;2
"21661";21661;0
"21662";21662;2
"21663";21663;2
"21664";21664;2
"21665";21665;0
"21666";21666;0
"21667";21667;2
"21668";21668;2
"21669";21669;0
"21670";21670;0
"21671";21671;1
"21672";21672;0
"21673";21673;0
"21674";21674;2
"21675";21675;1
"21676";21676;0
"21677";21677;0
"21678";21678;0
"21679";21679;0
"21680";21680;0
"21681";21681;0
"21682";21682;0
"21683";21683;0
"21684";21684;0
"21685";21685;0
"21686";21686;0
"21687";21687;0
"21688";21688;2
"21689";21689;2
"21690";21690;1
"21691";21691;2
"21692";21692;0
"21693";21693;2
"21694";21694;2
"21695";21695;2
"21696";21696;0
"21697";21697;0
"21698";21698;0
"21699";21699;1
"21700";21700;1
"21701";21701;0
"21702";21702;0
"21703";21703;2
"21704";21704;0
"21705";21705;1
"21706";21706;2
"21707";21707;2
"21708";21708;2
"21709";21709;2
"21710";21710;2
"21711";21711;2
"21712";21712;1
"21713";21713;2
"21714";21714;1
"21715";21715;2
"21716";21716;2
"21717";21717;2
"21718";21718;2
"21719";21719;1
"21720";21720;2
"21721";21721;2
"21722";21722;2
"21723";21723;2
"21724";21724;1
"21725";21725;2
"21726";21726;2
"21727";21727;2
"21728";21728;1
"21729";21729;2
"21730";21730;2
"21731";21731;2
"21732";21732;2
"21733";21733;2
"21734";21734;2
"21735";21735;2
"21736";21736;2
"21737";21737;1
"21738";21738;1
"21739";21739;2
"21740";21740;2
"21741";21741;2
"21742";21742;2
"21743";21743;1
"21744";21744;1
"21745";21745;2
"21746";21746;2
"21747";21747;2
"21748";21748;1
"21749";21749;2
"21750";21750;2
"21751";21751;2
"21752";21752;2
"21753";21753;2
"21754";21754;2
"21755";21755;2
"21756";21756;2
"21757";21757;2
"21758";21758;2
"21759";21759;2
"21760";21760;2
"21761";21761;2
"21762";21762;2
"21763";21763;2
"21764";21764;2
"21765";21765;2
"21766";21766;2
"21767";21767;1
"21768";21768;1
"21769";21769;2
"21770";21770;1
"21771";21771;2
"21772";21772;2
"21773";21773;2
"21774";21774;2
"21775";21775;2
"21776";21776;2
"21777";21777;2
"21778";21778;2
"21779";21779;2
"21780";21780;2
"21781";21781;2
"21782";21782;2
"21783";21783;2
"21784";21784;2
"21785";21785;2
"21786";21786;2
"21787";21787;2
"21788";21788;2
"21789";21789;2
"21790";21790;2
"21791";21791;2
"21792";21792;2
"21793";21793;1
"21794";21794;2
"21795";21795;2
"21796";21796;2
"21797";21797;2
"21798";21798;2
"21799";21799;2
"21800";21800;2
"21801";21801;2
"21802";21802;2
"21803";21803;2
"21804";21804;2
"21805";21805;2
"21806";21806;2
"21807";21807;2
"21808";21808;2
"21809";21809;2
"21810";21810;2
"21811";21811;2
"21812";21812;2
"21813";21813;2
"21814";21814;1
"21815";21815;2
"21816";21816;2
"21817";21817;2
"21818";21818;2
"21819";21819;2
"21820";21820;2
"21821";21821;2
"21822";21822;1
"21823";21823;2
"21824";21824;0
"21825";21825;2
"21826";21826;2
"21827";21827;2
"21828";21828;2
"21829";21829;2
"21830";21830;2
"21831";21831;2
"21832";21832;2
"21833";21833;2
"21834";21834;2
"21835";21835;2
"21836";21836;2
"21837";21837;2
"21838";21838;2
"21839";21839;2
"21840";21840;2
"21841";21841;2
"21842";21842;2
"21843";21843;2
"21844";21844;2
"21845";21845;2
"21846";21846;2
"21847";21847;2
"21848";21848;2
"21849";21849;2
"21850";21850;2
"21851";21851;2
"21852";21852;2
"21853";21853;1
"21854";21854;2
"21855";21855;2
"21856";21856;2
"21857";21857;2
"21858";21858;2
"21859";21859;2
"21860";21860;2
"21861";21861;2
"21862";21862;2
"21863";21863;2
"21864";21864;2
"21865";21865;0
"21866";21866;2
"21867";21867;2
"21868";21868;2
"21869";21869;2
"21870";21870;2
"21871";21871;2
"21872";21872;1
"21873";21873;1
"21874";21874;1
"21875";21875;1
"21876";21876;1
"21877";21877;1
"21878";21878;1
"21879";21879;2
"21880";21880;2
"21881";21881;2
"21882";21882;1
"21883";21883;1
"21884";21884;2
"21885";21885;2
"21886";21886;2
"21887";21887;2
"21888";21888;2
"21889";21889;2
"21890";21890;0
"21891";21891;1
"21892";21892;2
"21893";21893;2
"21894";21894;1
"21895";21895;2
"21896";21896;2
"21897";21897;2
"21898";21898;2
"21899";21899;2
"21900";21900;1
"21901";21901;2
"21902";21902;2
"21903";21903;0
"21904";21904;2
"21905";21905;2
"21906";21906;1
"21907";21907;2
"21908";21908;2
"21909";21909;1
"21910";21910;0
"21911";21911;0
"21912";21912;1
"21913";21913;1
"21914";21914;1
"21915";21915;2
"21916";21916;1
"21917";21917;1
"21918";21918;1
"21919";21919;1
"21920";21920;1
"21921";21921;1
"21922";21922;2
"21923";21923;2
"21924";21924;2
"21925";21925;2
"21926";21926;0
"21927";21927;0
"21928";21928;2
"21929";21929;2
"21930";21930;2
"21931";21931;2
"21932";21932;0
"21933";21933;2
"21934";21934;2
"21935";21935;2
"21936";21936;2
"21937";21937;1
"21938";21938;1
"21939";21939;1
"21940";21940;2
"21941";21941;1
"21942";21942;2
"21943";21943;2
"21944";21944;2
"21945";21945;2
"21946";21946;2
"21947";21947;2
"21948";21948;1
"21949";21949;2
"21950";21950;2
"21951";21951;1
"21952";21952;2
"21953";21953;2
"21954";21954;2
"21955";21955;2
"21956";21956;2
"21957";21957;1
"21958";21958;2
"21959";21959;1
"21960";21960;1
"21961";21961;2
"21962";21962;2
"21963";21963;2
"21964";21964;2
"21965";21965;2
"21966";21966;2
"21967";21967;2
"21968";21968;2
"21969";21969;2
"21970";21970;1
"21971";21971;2
"21972";21972;2
"21973";21973;2
"21974";21974;0
"21975";21975;2
"21976";21976;2
"21977";21977;2
"21978";21978;1
"21979";21979;2
"21980";21980;1
"21981";21981;2
"21982";21982;2
"21983";21983;1
"21984";21984;2
"21985";21985;1
"21986";21986;1
"21987";21987;1
"21988";21988;2
"21989";21989;1
"21990";21990;1
"21991";21991;2
"21992";21992;2
"21993";21993;2
"21994";21994;2
"21995";21995;1
"21996";21996;2
"21997";21997;1
"21998";21998;2
"21999";21999;2
"22000";22000;0
"22001";22001;2
"22002";22002;2
"22003";22003;1
"22004";22004;2
"22005";22005;2
"22006";22006;2
"22007";22007;2
"22008";22008;1
"22009";22009;0
"22010";22010;1
"22011";22011;2
"22012";22012;2
"22013";22013;2
"22014";22014;2
"22015";22015;2
"22016";22016;0
"22017";22017;2
"22018";22018;2
"22019";22019;2
"22020";22020;2
"22021";22021;2
"22022";22022;2
"22023";22023;1
"22024";22024;2
"22025";22025;1
"22026";22026;0
"22027";22027;2
"22028";22028;1
"22029";22029;2
"22030";22030;2
"22031";22031;2
"22032";22032;1
"22033";22033;2
"22034";22034;2
"22035";22035;2
"22036";22036;2
"22037";22037;2
"22038";22038;2
"22039";22039;2
"22040";22040;2
"22041";22041;2
"22042";22042;2
"22043";22043;2
"22044";22044;2
"22045";22045;2
"22046";22046;2
"22047";22047;2
"22048";22048;2
"22049";22049;0
"22050";22050;2
"22051";22051;2
"22052";22052;2
"22053";22053;2
"22054";22054;2
"22055";22055;2
"22056";22056;2
"22057";22057;2
"22058";22058;1
"22059";22059;1
"22060";22060;1
"22061";22061;2
"22062";22062;1
"22063";22063;2
"22064";22064;2
"22065";22065;2
"22066";22066;2
"22067";22067;2
"22068";22068;1
"22069";22069;2
"22070";22070;2
"22071";22071;1
"22072";22072;2
"22073";22073;2
"22074";22074;2
"22075";22075;1
"22076";22076;1
"22077";22077;1
"22078";22078;2
"22079";22079;2
"22080";22080;1
"22081";22081;1
"22082";22082;2
"22083";22083;1
"22084";22084;2
"22085";22085;2
"22086";22086;1
"22087";22087;1
"22088";22088;2
"22089";22089;2
"22090";22090;2
"22091";22091;1
"22092";22092;2
"22093";22093;1
"22094";22094;1
"22095";22095;2
"22096";22096;1
"22097";22097;2
"22098";22098;1
"22099";22099;1
"22100";22100;1
"22101";22101;1
"22102";22102;2
"22103";22103;1
"22104";22104;1
"22105";22105;1
"22106";22106;2
"22107";22107;2
"22108";22108;2
"22109";22109;2
"22110";22110;2
"22111";22111;1
"22112";22112;2
"22113";22113;2
"22114";22114;1
"22115";22115;2
"22116";22116;1
"22117";22117;1
"22118";22118;1
"22119";22119;1
"22120";22120;2
"22121";22121;1
"22122";22122;2
"22123";22123;1
"22124";22124;2
"22125";22125;1
"22126";22126;2
"22127";22127;2
"22128";22128;2
"22129";22129;1
"22130";22130;1
"22131";22131;1
"22132";22132;2
"22133";22133;1
"22134";22134;1
"22135";22135;2
"22136";22136;2
"22137";22137;1
"22138";22138;2
"22139";22139;1
"22140";22140;2
"22141";22141;1
"22142";22142;0
"22143";22143;2
"22144";22144;2
"22145";22145;1
"22146";22146;2
"22147";22147;2
"22148";22148;2
"22149";22149;1
"22150";22150;1
"22151";22151;1
"22152";22152;2
"22153";22153;2
"22154";22154;2
"22155";22155;2
"22156";22156;1
"22157";22157;1
"22158";22158;1
"22159";22159;2
"22160";22160;2
"22161";22161;2
"22162";22162;2
"22163";22163;2
"22164";22164;2
"22165";22165;2
"22166";22166;2
"22167";22167;2
"22168";22168;2
"22169";22169;2
"22170";22170;2
"22171";22171;2
"22172";22172;1
"22173";22173;2
"22174";22174;2
"22175";22175;2
"22176";22176;1
"22177";22177;0
"22178";22178;2
"22179";22179;2
"22180";22180;2
"22181";22181;2
"22182";22182;1
"22183";22183;1
"22184";22184;2
"22185";22185;1
"22186";22186;2
"22187";22187;1
"22188";22188;1
"22189";22189;2
"22190";22190;1
"22191";22191;2
"22192";22192;2
"22193";22193;1
"22194";22194;2
"22195";22195;2
"22196";22196;2
"22197";22197;2
"22198";22198;1
"22199";22199;1
"22200";22200;2
"22201";22201;2
"22202";22202;2
"22203";22203;2
"22204";22204;2
"22205";22205;2
"22206";22206;2
"22207";22207;2
"22208";22208;2
"22209";22209;2
"22210";22210;2
"22211";22211;2
"22212";22212;1
"22213";22213;2
"22214";22214;2
"22215";22215;2
"22216";22216;2
"22217";22217;2
"22218";22218;2
"22219";22219;2
"22220";22220;2
"22221";22221;2
"22222";22222;2
"22223";22223;2
"22224";22224;2
"22225";22225;2
"22226";22226;2
"22227";22227;1
"22228";22228;2
"22229";22229;1
"22230";22230;2
"22231";22231;2
"22232";22232;2
"22233";22233;2
"22234";22234;1
"22235";22235;2
"22236";22236;2
"22237";22237;2
"22238";22238;2
"22239";22239;2
"22240";22240;2
"22241";22241;2
"22242";22242;2
"22243";22243;2
"22244";22244;2
"22245";22245;2
"22246";22246;1
"22247";22247;2
"22248";22248;2
"22249";22249;2
"22250";22250;2
"22251";22251;2
"22252";22252;2
"22253";22253;2
"22254";22254;2
"22255";22255;2
"22256";22256;1
"22257";22257;2
"22258";22258;2
"22259";22259;1
"22260";22260;2
"22261";22261;1
"22262";22262;2
"22263";22263;2
"22264";22264;2
"22265";22265;2
"22266";22266;2
"22267";22267;2
"22268";22268;1
"22269";22269;1
"22270";22270;2
"22271";22271;1
"22272";22272;2
"22273";22273;1
"22274";22274;2
"22275";22275;2
"22276";22276;1
"22277";22277;2
"22278";22278;2
"22279";22279;2
"22280";22280;2
"22281";22281;2
"22282";22282;2
"22283";22283;1
"22284";22284;2
"22285";22285;2
"22286";22286;2
"22287";22287;2
"22288";22288;2
"22289";22289;2
"22290";22290;1
"22291";22291;2
"22292";22292;2
"22293";22293;2
"22294";22294;1
"22295";22295;2
"22296";22296;2
"22297";22297;2
"22298";22298;2
"22299";22299;2
"22300";22300;2
"22301";22301;2
"22302";22302;2
"22303";22303;2
"22304";22304;1
"22305";22305;2
"22306";22306;2
"22307";22307;2
"22308";22308;2
"22309";22309;1
"22310";22310;2
"22311";22311;2
"22312";22312;2
"22313";22313;2
"22314";22314;2
"22315";22315;2
"22316";22316;2
"22317";22317;2
"22318";22318;1
"22319";22319;2
"22320";22320;2
"22321";22321;2
"22322";22322;2
"22323";22323;2
"22324";22324;2
"22325";22325;2
"22326";22326;2
"22327";22327;2
"22328";22328;2
"22329";22329;1
"22330";22330;2
"22331";22331;1
"22332";22332;1
"22333";22333;2
"22334";22334;1
"22335";22335;2
"22336";22336;2
"22337";22337;2
"22338";22338;2
"22339";22339;1
"22340";22340;2
"22341";22341;2
"22342";22342;2
"22343";22343;1
"22344";22344;2
"22345";22345;2
"22346";22346;1
"22347";22347;2
"22348";22348;2
"22349";22349;2
"22350";22350;1
"22351";22351;2
"22352";22352;2
"22353";22353;2
"22354";22354;2
"22355";22355;2
"22356";22356;2
"22357";22357;2
"22358";22358;2
"22359";22359;2
"22360";22360;1
"22361";22361;2
"22362";22362;0
"22363";22363;2
"22364";22364;2
"22365";22365;1
"22366";22366;2
"22367";22367;2
"22368";22368;2
"22369";22369;2
"22370";22370;2
"22371";22371;1
"22372";22372;2
"22373";22373;2
"22374";22374;2
"22375";22375;2
"22376";22376;2
"22377";22377;2
"22378";22378;0
"22379";22379;2
"22380";22380;2
"22381";22381;2
"22382";22382;1
"22383";22383;2
"22384";22384;2
"22385";22385;2
"22386";22386;2
"22387";22387;2
"22388";22388;2
"22389";22389;2
"22390";22390;2
"22391";22391;2
"22392";22392;2
"22393";22393;2
"22394";22394;2
"22395";22395;2
"22396";22396;2
"22397";22397;2
"22398";22398;2
"22399";22399;2
"22400";22400;2
"22401";22401;2
"22402";22402;2
"22403";22403;2
"22404";22404;2
"22405";22405;2
"22406";22406;2
"22407";22407;2
"22408";22408;2
"22409";22409;2
"22410";22410;2
"22411";22411;2
"22412";22412;2
"22413";22413;2
"22414";22414;1
"22415";22415;2
"22416";22416;1
"22417";22417;2
"22418";22418;0
"22419";22419;1
"22420";22420;2
"22421";22421;2
"22422";22422;2
"22423";22423;1
"22424";22424;2
"22425";22425;2
"22426";22426;2
"22427";22427;2
"22428";22428;1
"22429";22429;1
"22430";22430;2
"22431";22431;1
"22432";22432;2
"22433";22433;2
"22434";22434;2
"22435";22435;2
"22436";22436;2
"22437";22437;2
"22438";22438;1
"22439";22439;2
"22440";22440;2
"22441";22441;2
"22442";22442;2
"22443";22443;2
"22444";22444;2
"22445";22445;2
"22446";22446;2
"22447";22447;2
"22448";22448;2
"22449";22449;1
"22450";22450;1
"22451";22451;2
"22452";22452;2
"22453";22453;2
"22454";22454;2
"22455";22455;2
"22456";22456;2
"22457";22457;2
"22458";22458;2
"22459";22459;2
"22460";22460;2
"22461";22461;2
"22462";22462;2
"22463";22463;2
"22464";22464;2
"22465";22465;2
"22466";22466;2
"22467";22467;0
"22468";22468;2
"22469";22469;1
"22470";22470;2
"22471";22471;1
"22472";22472;1
"22473";22473;2
"22474";22474;2
"22475";22475;2
"22476";22476;2
"22477";22477;2
"22478";22478;2
"22479";22479;2
"22480";22480;2
"22481";22481;2
"22482";22482;2
"22483";22483;2
"22484";22484;2
"22485";22485;0
"22486";22486;2
"22487";22487;1
"22488";22488;2
"22489";22489;2
"22490";22490;2
"22491";22491;2
"22492";22492;2
"22493";22493;2
"22494";22494;2
"22495";22495;2
"22496";22496;0
"22497";22497;2
"22498";22498;1
"22499";22499;2
"22500";22500;1
"22501";22501;1
"22502";22502;2
"22503";22503;2
"22504";22504;2
"22505";22505;2
"22506";22506;2
"22507";22507;2
"22508";22508;2
"22509";22509;2
"22510";22510;2
"22511";22511;2
"22512";22512;1
"22513";22513;2
"22514";22514;2
"22515";22515;1
"22516";22516;2
"22517";22517;1
"22518";22518;2
"22519";22519;1
"22520";22520;1
"22521";22521;1
"22522";22522;1
"22523";22523;1
"22524";22524;2
"22525";22525;1
"22526";22526;1
"22527";22527;2
"22528";22528;2
"22529";22529;2
"22530";22530;2
"22531";22531;2
"22532";22532;2
"22533";22533;2
"22534";22534;2
"22535";22535;2
"22536";22536;0
"22537";22537;2
"22538";22538;1
"22539";22539;2
"22540";22540;2
"22541";22541;2
"22542";22542;2
"22543";22543;1
"22544";22544;2
"22545";22545;1
"22546";22546;2
"22547";22547;1
"22548";22548;1
"22549";22549;1
"22550";22550;1
"22551";22551;2
"22552";22552;1
"22553";22553;2
"22554";22554;2
"22555";22555;2
"22556";22556;2
"22557";22557;1
"22558";22558;2
"22559";22559;1
"22560";22560;1
"22561";22561;1
"22562";22562;2
"22563";22563;2
"22564";22564;2
"22565";22565;2
"22566";22566;1
"22567";22567;1
"22568";22568;1
"22569";22569;2
"22570";22570;2
"22571";22571;2
"22572";22572;2
"22573";22573;1
"22574";22574;2
"22575";22575;1
"22576";22576;1
"22577";22577;2
"22578";22578;2
"22579";22579;1
"22580";22580;1
"22581";22581;1
"22582";22582;1
"22583";22583;2
"22584";22584;2
"22585";22585;1
"22586";22586;1
"22587";22587;2
"22588";22588;2
"22589";22589;2
"22590";22590;2
"22591";22591;2
"22592";22592;2
"22593";22593;1
"22594";22594;2
"22595";22595;2
"22596";22596;2
"22597";22597;2
"22598";22598;1
"22599";22599;2
"22600";22600;2
"22601";22601;2
"22602";22602;1
"22603";22603;1
"22604";22604;2
"22605";22605;0
"22606";22606;2
"22607";22607;2
"22608";22608;1
"22609";22609;2
"22610";22610;2
"22611";22611;2
"22612";22612;2
"22613";22613;2
"22614";22614;1
"22615";22615;2
"22616";22616;2
"22617";22617;2
"22618";22618;1
"22619";22619;2
"22620";22620;1
"22621";22621;2
"22622";22622;2
"22623";22623;2
"22624";22624;2
"22625";22625;1
"22626";22626;1
"22627";22627;1
"22628";22628;1
"22629";22629;1
"22630";22630;1
"22631";22631;2
"22632";22632;1
"22633";22633;2
"22634";22634;2
"22635";22635;2
"22636";22636;2
"22637";22637;2
"22638";22638;2
"22639";22639;1
"22640";22640;1
"22641";22641;1
"22642";22642;1
"22643";22643;2
"22644";22644;1
"22645";22645;2
"22646";22646;2
"22647";22647;2
"22648";22648;2
"22649";22649;2
"22650";22650;1
"22651";22651;2
"22652";22652;1
"22653";22653;2
"22654";22654;2
"22655";22655;1
"22656";22656;2
"22657";22657;2
"22658";22658;1
"22659";22659;1
"22660";22660;2
"22661";22661;0
"22662";22662;2
"22663";22663;2
"22664";22664;2
"22665";22665;2
"22666";22666;2
"22667";22667;2
"22668";22668;2
"22669";22669;1
"22670";22670;2
"22671";22671;1
"22672";22672;2
"22673";22673;2
"22674";22674;1
"22675";22675;1
"22676";22676;2
"22677";22677;2
"22678";22678;2
"22679";22679;2
"22680";22680;2
"22681";22681;2
"22682";22682;2
"22683";22683;2
"22684";22684;2
"22685";22685;2
"22686";22686;2
"22687";22687;2
"22688";22688;1
"22689";22689;2
"22690";22690;2
"22691";22691;1
"22692";22692;1
"22693";22693;1
"22694";22694;2
"22695";22695;2
"22696";22696;1
"22697";22697;2
"22698";22698;2
"22699";22699;2
"22700";22700;2
"22701";22701;2
"22702";22702;1
"22703";22703;2
"22704";22704;2
"22705";22705;2
"22706";22706;1
"22707";22707;2
"22708";22708;2
"22709";22709;2
"22710";22710;1
"22711";22711;1
"22712";22712;2
"22713";22713;2
"22714";22714;1
"22715";22715;2
"22716";22716;2
"22717";22717;2
"22718";22718;2
"22719";22719;2
"22720";22720;2
"22721";22721;2
"22722";22722;2
"22723";22723;2
"22724";22724;2
"22725";22725;2
"22726";22726;1
"22727";22727;2
"22728";22728;1
"22729";22729;2
"22730";22730;2
"22731";22731;2
"22732";22732;2
"22733";22733;2
"22734";22734;2
"22735";22735;2
"22736";22736;2
"22737";22737;1
"22738";22738;1
"22739";22739;2
"22740";22740;2
"22741";22741;2
"22742";22742;2
"22743";22743;1
"22744";22744;2
"22745";22745;2
"22746";22746;2
"22747";22747;2
"22748";22748;2
"22749";22749;0
"22750";22750;1
"22751";22751;2
"22752";22752;2
"22753";22753;1
"22754";22754;1
"22755";22755;1
"22756";22756;2
"22757";22757;1
"22758";22758;0
"22759";22759;2
"22760";22760;2
"22761";22761;2
"22762";22762;1
"22763";22763;2
"22764";22764;2
"22765";22765;2
"22766";22766;2
"22767";22767;1
"22768";22768;1
"22769";22769;1
"22770";22770;1
"22771";22771;1
"22772";22772;1
"22773";22773;2
"22774";22774;1
"22775";22775;1
"22776";22776;1
"22777";22777;1
"22778";22778;1
"22779";22779;1
"22780";22780;1
"22781";22781;1
"22782";22782;2
"22783";22783;1
"22784";22784;1
"22785";22785;1
"22786";22786;2
"22787";22787;1
"22788";22788;1
"22789";22789;1
"22790";22790;2
"22791";22791;2
"22792";22792;2
"22793";22793;1
"22794";22794;1
"22795";22795;1
"22796";22796;1
"22797";22797;2
"22798";22798;2
"22799";22799;2
"22800";22800;1
"22801";22801;2
"22802";22802;1
"22803";22803;1
"22804";22804;2
"22805";22805;1
"22806";22806;2
"22807";22807;1
"22808";22808;2
"22809";22809;2
"22810";22810;2
"22811";22811;1
"22812";22812;2
"22813";22813;2
"22814";22814;2
"22815";22815;2
"22816";22816;2
"22817";22817;2
"22818";22818;2
"22819";22819;2
"22820";22820;2
"22821";22821;2
"22822";22822;2
"22823";22823;2
"22824";22824;2
"22825";22825;2
"22826";22826;2
"22827";22827;2
"22828";22828;2
"22829";22829;2
"22830";22830;2
"22831";22831;2
"22832";22832;2
"22833";22833;2
"22834";22834;2
"22835";22835;2
"22836";22836;1
"22837";22837;2
"22838";22838;2
"22839";22839;2
"22840";22840;2
"22841";22841;1
"22842";22842;2
"22843";22843;2
"22844";22844;2
"22845";22845;2
"22846";22846;2
"22847";22847;2
"22848";22848;1
"22849";22849;1
"22850";22850;2
"22851";22851;2
"22852";22852;2
"22853";22853;2
"22854";22854;2
"22855";22855;2
"22856";22856;1
"22857";22857;1
"22858";22858;2
"22859";22859;2
"22860";22860;2
"22861";22861;1
"22862";22862;2
"22863";22863;2
"22864";22864;1
"22865";22865;2
"22866";22866;1
"22867";22867;0
"22868";22868;1
"22869";22869;2
"22870";22870;1
"22871";22871;1
"22872";22872;1
"22873";22873;1
"22874";22874;2
"22875";22875;2
"22876";22876;2
"22877";22877;2
"22878";22878;2
"22879";22879;2
"22880";22880;2
"22881";22881;2
"22882";22882;2
"22883";22883;1
"22884";22884;2
"22885";22885;2
"22886";22886;2
"22887";22887;2
"22888";22888;1
"22889";22889;2
"22890";22890;2
"22891";22891;1
"22892";22892;1
"22893";22893;2
"22894";22894;2
"22895";22895;1
"22896";22896;2
"22897";22897;2
"22898";22898;1
"22899";22899;2
"22900";22900;2
"22901";22901;2
"22902";22902;2
"22903";22903;2
"22904";22904;2
"22905";22905;2
"22906";22906;1
"22907";22907;2
"22908";22908;2
"22909";22909;2
"22910";22910;2
"22911";22911;1
"22912";22912;2
"22913";22913;2
"22914";22914;1
"22915";22915;1
"22916";22916;2
"22917";22917;2
"22918";22918;2
"22919";22919;2
"22920";22920;1
"22921";22921;1
"22922";22922;2
"22923";22923;1
"22924";22924;2
"22925";22925;1
"22926";22926;2
"22927";22927;2
"22928";22928;1
"22929";22929;2
"22930";22930;2
"22931";22931;2
"22932";22932;2
"22933";22933;2
"22934";22934;2
"22935";22935;2
"22936";22936;1
"22937";22937;2
"22938";22938;1
"22939";22939;1
"22940";22940;1
"22941";22941;2
"22942";22942;1
"22943";22943;1
"22944";22944;1
"22945";22945;2
"22946";22946;2
"22947";22947;2
"22948";22948;2
"22949";22949;2
"22950";22950;2
"22951";22951;2
"22952";22952;2
"22953";22953;2
"22954";22954;2
"22955";22955;1
"22956";22956;2
"22957";22957;2
"22958";22958;2
"22959";22959;2
"22960";22960;2
"22961";22961;2
"22962";22962;2
"22963";22963;1
"22964";22964;1
"22965";22965;1
"22966";22966;2
"22967";22967;2
"22968";22968;0
"22969";22969;0
"22970";22970;0
"22971";22971;2
"22972";22972;0
"22973";22973;1
"22974";22974;2
"22975";22975;2
"22976";22976;2
"22977";22977;2
"22978";22978;0
"22979";22979;2
"22980";22980;1
"22981";22981;2
"22982";22982;1
"22983";22983;0
"22984";22984;2
"22985";22985;2
"22986";22986;2
"22987";22987;1
"22988";22988;2
"22989";22989;2
"22990";22990;1
"22991";22991;2
"22992";22992;1
"22993";22993;2
"22994";22994;2
"22995";22995;2
"22996";22996;1
"22997";22997;2
"22998";22998;1
"22999";22999;2
"23000";23000;2
"23001";23001;2
"23002";23002;1
"23003";23003;2
"23004";23004;1
"23005";23005;2
"23006";23006;2
"23007";23007;2
"23008";23008;2
"23009";23009;1
"23010";23010;2
"23011";23011;2
"23012";23012;2
"23013";23013;2
"23014";23014;1
"23015";23015;1
"23016";23016;2
"23017";23017;2
"23018";23018;1
"23019";23019;2
"23020";23020;2
"23021";23021;1
"23022";23022;1
"23023";23023;2
"23024";23024;1
"23025";23025;1
"23026";23026;2
"23027";23027;2
"23028";23028;1
"23029";23029;2
"23030";23030;2
"23031";23031;1
"23032";23032;1
"23033";23033;2
"23034";23034;2
"23035";23035;2
"23036";23036;1
"23037";23037;1
"23038";23038;1
"23039";23039;2
"23040";23040;2
"23041";23041;2
"23042";23042;2
"23043";23043;2
"23044";23044;2
"23045";23045;1
"23046";23046;1
"23047";23047;1
"23048";23048;1
"23049";23049;2
"23050";23050;2
"23051";23051;1
"23052";23052;2
"23053";23053;2
"23054";23054;2
"23055";23055;2
"23056";23056;2
"23057";23057;2
"23058";23058;1
"23059";23059;2
"23060";23060;2
"23061";23061;2
"23062";23062;1
"23063";23063;1
"23064";23064;2
"23065";23065;1
"23066";23066;2
"23067";23067;0
"23068";23068;0
"23069";23069;2
"23070";23070;2
"23071";23071;1
"23072";23072;2
"23073";23073;2
"23074";23074;1
"23075";23075;2
"23076";23076;2
"23077";23077;2
"23078";23078;2
"23079";23079;2
"23080";23080;2
"23081";23081;2
"23082";23082;2
"23083";23083;2
"23084";23084;2
"23085";23085;2
"23086";23086;2
"23087";23087;1
"23088";23088;2
"23089";23089;2
"23090";23090;2
"23091";23091;2
"23092";23092;2
"23093";23093;2
"23094";23094;2
"23095";23095;2
"23096";23096;2
"23097";23097;2
"23098";23098;2
"23099";23099;2
"23100";23100;2
"23101";23101;2
"23102";23102;1
"23103";23103;2
"23104";23104;2
"23105";23105;2
"23106";23106;1
"23107";23107;2
"23108";23108;2
"23109";23109;2
"23110";23110;2
"23111";23111;2
"23112";23112;1
"23113";23113;2
"23114";23114;2
"23115";23115;2
"23116";23116;2
"23117";23117;2
"23118";23118;0
"23119";23119;1
"23120";23120;2
"23121";23121;2
"23122";23122;2
"23123";23123;2
"23124";23124;2
"23125";23125;2
"23126";23126;2
"23127";23127;2
"23128";23128;1
"23129";23129;2
"23130";23130;2
"23131";23131;2
"23132";23132;2
"23133";23133;2
"23134";23134;2
"23135";23135;2
"23136";23136;2
"23137";23137;2
"23138";23138;2
"23139";23139;2
"23140";23140;2
"23141";23141;2
"23142";23142;2
"23143";23143;2
"23144";23144;2
"23145";23145;2
"23146";23146;2
"23147";23147;2
"23148";23148;1
"23149";23149;2
"23150";23150;2
"23151";23151;2
"23152";23152;2
"23153";23153;2
"23154";23154;2
"23155";23155;2
"23156";23156;2
"23157";23157;2
"23158";23158;2
"23159";23159;2
"23160";23160;2
"23161";23161;2
"23162";23162;2
"23163";23163;2
"23164";23164;2
"23165";23165;2
"23166";23166;2
"23167";23167;2
"23168";23168;2
"23169";23169;2
"23170";23170;2
"23171";23171;2
"23172";23172;2
"23173";23173;2
"23174";23174;2
"23175";23175;2
"23176";23176;2
"23177";23177;1
"23178";23178;2
"23179";23179;2
"23180";23180;2
"23181";23181;2
"23182";23182;2
"23183";23183;2
"23184";23184;2
"23185";23185;2
"23186";23186;2
"23187";23187;2
"23188";23188;2
"23189";23189;1
"23190";23190;2
"23191";23191;2
"23192";23192;2
"23193";23193;2
"23194";23194;1
"23195";23195;2
"23196";23196;2
"23197";23197;2
"23198";23198;2
"23199";23199;2
"23200";23200;2
"23201";23201;2
"23202";23202;2
"23203";23203;2
"23204";23204;2
"23205";23205;1
"23206";23206;2
"23207";23207;1
"23208";23208;2
"23209";23209;2
"23210";23210;2
"23211";23211;2
"23212";23212;2
"23213";23213;1
"23214";23214;2
"23215";23215;2
"23216";23216;2
"23217";23217;2
"23218";23218;1
"23219";23219;2
"23220";23220;1
"23221";23221;2
"23222";23222;2
"23223";23223;1
"23224";23224;2
"23225";23225;2
"23226";23226;2
"23227";23227;2
"23228";23228;2
"23229";23229;2
"23230";23230;2
"23231";23231;2
"23232";23232;2
"23233";23233;2
"23234";23234;2
"23235";23235;2
"23236";23236;2
"23237";23237;0
"23238";23238;2
"23239";23239;2
"23240";23240;2
"23241";23241;2
"23242";23242;2
"23243";23243;2
"23244";23244;2
"23245";23245;2
"23246";23246;1
"23247";23247;2
"23248";23248;2
"23249";23249;2
"23250";23250;2
"23251";23251;1
"23252";23252;1
"23253";23253;1
"23254";23254;2
"23255";23255;2
"23256";23256;2
"23257";23257;2
"23258";23258;2
"23259";23259;2
"23260";23260;2
"23261";23261;2
"23262";23262;2
"23263";23263;2
"23264";23264;2
"23265";23265;2
"23266";23266;2
"23267";23267;1
"23268";23268;2
"23269";23269;1
"23270";23270;2
"23271";23271;2
"23272";23272;2
"23273";23273;2
"23274";23274;1
"23275";23275;1
"23276";23276;2
"23277";23277;2
"23278";23278;2
"23279";23279;2
"23280";23280;2
"23281";23281;2
"23282";23282;2
"23283";23283;2
"23284";23284;2
"23285";23285;2
"23286";23286;2
"23287";23287;2
"23288";23288;2
"23289";23289;2
"23290";23290;2
"23291";23291;1
"23292";23292;2
"23293";23293;2
"23294";23294;2
"23295";23295;2
"23296";23296;2
"23297";23297;2
"23298";23298;2
"23299";23299;2
"23300";23300;2
"23301";23301;2
"23302";23302;2
"23303";23303;2
"23304";23304;2
"23305";23305;2
"23306";23306;2
"23307";23307;2
"23308";23308;2
"23309";23309;1
"23310";23310;2
"23311";23311;1
"23312";23312;2
"23313";23313;2
"23314";23314;2
"23315";23315;2
"23316";23316;1
"23317";23317;2
"23318";23318;2
"23319";23319;2
"23320";23320;1
"23321";23321;2
"23322";23322;2
"23323";23323;2
"23324";23324;2
"23325";23325;2
"23326";23326;2
"23327";23327;2
"23328";23328;2
"23329";23329;1
"23330";23330;1
"23331";23331;2
"23332";23332;2
"23333";23333;2
"23334";23334;2
"23335";23335;2
"23336";23336;2
"23337";23337;2
"23338";23338;2
"23339";23339;2
"23340";23340;2
"23341";23341;2
"23342";23342;2
"23343";23343;2
"23344";23344;2
"23345";23345;2
"23346";23346;2
"23347";23347;2
"23348";23348;2
"23349";23349;2
"23350";23350;2
"23351";23351;2
"23352";23352;2
"23353";23353;2
"23354";23354;2
"23355";23355;2
"23356";23356;2
"23357";23357;2
"23358";23358;2
"23359";23359;2
"23360";23360;2
"23361";23361;2
"23362";23362;2
"23363";23363;2
"23364";23364;2
"23365";23365;2
"23366";23366;2
"23367";23367;2
"23368";23368;2
"23369";23369;2
"23370";23370;2
"23371";23371;2
"23372";23372;1
"23373";23373;1
"23374";23374;2
"23375";23375;1
"23376";23376;2
"23377";23377;2
"23378";23378;2
"23379";23379;2
"23380";23380;2
"23381";23381;2
"23382";23382;2
"23383";23383;1
"23384";23384;1
"23385";23385;1
"23386";23386;2
"23387";23387;1
"23388";23388;2
"23389";23389;1
"23390";23390;2
"23391";23391;2
"23392";23392;2
"23393";23393;1
"23394";23394;2
"23395";23395;1
"23396";23396;2
"23397";23397;1
"23398";23398;2
"23399";23399;1
"23400";23400;2
"23401";23401;2
"23402";23402;1
"23403";23403;2
"23404";23404;2
"23405";23405;2
"23406";23406;2
"23407";23407;2
"23408";23408;2
"23409";23409;2
"23410";23410;2
"23411";23411;2
"23412";23412;2
"23413";23413;2
"23414";23414;2
"23415";23415;1
"23416";23416;1
"23417";23417;2
"23418";23418;2
"23419";23419;2
"23420";23420;1
"23421";23421;1
"23422";23422;2
"23423";23423;2
"23424";23424;2
"23425";23425;2
"23426";23426;2
"23427";23427;2
"23428";23428;2
"23429";23429;2
"23430";23430;2
"23431";23431;2
"23432";23432;2
"23433";23433;2
"23434";23434;2
"23435";23435;2
"23436";23436;2
"23437";23437;2
"23438";23438;2
"23439";23439;2
"23440";23440;2
"23441";23441;1
"23442";23442;1
"23443";23443;2
"23444";23444;2
"23445";23445;2
"23446";23446;2
"23447";23447;1
"23448";23448;1
"23449";23449;2
"23450";23450;2
"23451";23451;1
"23452";23452;2
"23453";23453;2
"23454";23454;2
"23455";23455;1
"23456";23456;2
"23457";23457;2
"23458";23458;2
"23459";23459;2
"23460";23460;2
"23461";23461;2
"23462";23462;2
"23463";23463;2
"23464";23464;1
"23465";23465;2
"23466";23466;2
"23467";23467;2
"23468";23468;2
"23469";23469;2
"23470";23470;2
"23471";23471;1
"23472";23472;2
"23473";23473;2
"23474";23474;2
"23475";23475;2
"23476";23476;1
"23477";23477;2
"23478";23478;1
"23479";23479;2
"23480";23480;0
"23481";23481;2
"23482";23482;1
"23483";23483;2
"23484";23484;2
"23485";23485;2
"23486";23486;2
"23487";23487;1
"23488";23488;1
"23489";23489;2
"23490";23490;2
"23491";23491;2
"23492";23492;2
"23493";23493;2
"23494";23494;1
"23495";23495;1
"23496";23496;1
"23497";23497;2
"23498";23498;2
"23499";23499;2
"23500";23500;2
"23501";23501;1
"23502";23502;2
"23503";23503;2
"23504";23504;2
"23505";23505;2
"23506";23506;2
"23507";23507;1
"23508";23508;2
"23509";23509;2
"23510";23510;2
"23511";23511;2
"23512";23512;2
"23513";23513;2
"23514";23514;2
"23515";23515;1
"23516";23516;2
"23517";23517;1
"23518";23518;2
"23519";23519;2
"23520";23520;2
"23521";23521;2
"23522";23522;2
"23523";23523;2
"23524";23524;2
"23525";23525;1
"23526";23526;2
"23527";23527;1
"23528";23528;1
"23529";23529;1
"23530";23530;1
"23531";23531;2
"23532";23532;1
"23533";23533;2
"23534";23534;1
"23535";23535;2
"23536";23536;2
"23537";23537;2
"23538";23538;2
"23539";23539;1
"23540";23540;1
"23541";23541;1
"23542";23542;1
"23543";23543;1
"23544";23544;1
"23545";23545;1
"23546";23546;2
"23547";23547;2
"23548";23548;1
"23549";23549;1
"23550";23550;2
"23551";23551;2
"23552";23552;1
"23553";23553;2
"23554";23554;1
"23555";23555;1
"23556";23556;2
"23557";23557;1
"23558";23558;1
"23559";23559;2
"23560";23560;2
"23561";23561;2
"23562";23562;2
"23563";23563;2
"23564";23564;2
"23565";23565;2
"23566";23566;2
"23567";23567;2
"23568";23568;2
"23569";23569;2
"23570";23570;2
"23571";23571;2
"23572";23572;2
"23573";23573;2
"23574";23574;2
"23575";23575;1
"23576";23576;2
"23577";23577;2
"23578";23578;2
"23579";23579;2
"23580";23580;2
"23581";23581;2
"23582";23582;2
"23583";23583;1
"23584";23584;2
"23585";23585;2
"23586";23586;2
"23587";23587;2
"23588";23588;2
"23589";23589;2
"23590";23590;1
"23591";23591;2
"23592";23592;2
"23593";23593;2
"23594";23594;2
"23595";23595;1
"23596";23596;2
"23597";23597;1
"23598";23598;1
"23599";23599;2
"23600";23600;1
"23601";23601;1
"23602";23602;1
"23603";23603;2
"23604";23604;2
"23605";23605;1
"23606";23606;1
"23607";23607;1
"23608";23608;1
"23609";23609;2
"23610";23610;1
"23611";23611;1
"23612";23612;1
"23613";23613;1
"23614";23614;2
"23615";23615;1
"23616";23616;2
"23617";23617;1
"23618";23618;1
"23619";23619;2
"23620";23620;1
"23621";23621;1
"23622";23622;1
"23623";23623;2
"23624";23624;2
"23625";23625;1
"23626";23626;2
"23627";23627;2
"23628";23628;1
"23629";23629;1
"23630";23630;2
"23631";23631;2
"23632";23632;2
"23633";23633;2
"23634";23634;2
"23635";23635;2
"23636";23636;2
"23637";23637;2
"23638";23638;1
"23639";23639;2
"23640";23640;2
"23641";23641;2
"23642";23642;1
"23643";23643;2
"23644";23644;2
"23645";23645;2
"23646";23646;2
"23647";23647;2
"23648";23648;2
"23649";23649;2
"23650";23650;2
"23651";23651;1
"23652";23652;1
"23653";23653;2
"23654";23654;2
"23655";23655;2
"23656";23656;1
"23657";23657;2
"23658";23658;2
"23659";23659;2
"23660";23660;1
"23661";23661;2
"23662";23662;2
"23663";23663;2
"23664";23664;2
"23665";23665;2
"23666";23666;2
"23667";23667;2
"23668";23668;2
"23669";23669;2
"23670";23670;2
"23671";23671;2
"23672";23672;2
"23673";23673;1
"23674";23674;2
"23675";23675;1
"23676";23676;1
"23677";23677;1
"23678";23678;2
"23679";23679;2
"23680";23680;1
"23681";23681;1
"23682";23682;2
"23683";23683;2
"23684";23684;2
"23685";23685;1
"23686";23686;2
"23687";23687;2
"23688";23688;2
"23689";23689;2
"23690";23690;1
"23691";23691;1
"23692";23692;1
"23693";23693;1
"23694";23694;1
"23695";23695;1
"23696";23696;2
"23697";23697;2
"23698";23698;2
"23699";23699;1
"23700";23700;1
"23701";23701;1
"23702";23702;1
"23703";23703;1
"23704";23704;2
"23705";23705;1
"23706";23706;2
"23707";23707;2
"23708";23708;1
"23709";23709;1
"23710";23710;2
"23711";23711;0
"23712";23712;1
"23713";23713;1
"23714";23714;1
"23715";23715;2
"23716";23716;2
"23717";23717;1
"23718";23718;2
"23719";23719;2
"23720";23720;2
"23721";23721;1
"23722";23722;2
"23723";23723;2
"23724";23724;2
"23725";23725;2
"23726";23726;2
"23727";23727;2
"23728";23728;1
"23729";23729;1
"23730";23730;1
"23731";23731;1
"23732";23732;1
"23733";23733;1
"23734";23734;2
"23735";23735;2
"23736";23736;2
"23737";23737;1
"23738";23738;1
"23739";23739;1
"23740";23740;1
"23741";23741;2
"23742";23742;2
"23743";23743;1
"23744";23744;2
"23745";23745;1
"23746";23746;1
"23747";23747;2
"23748";23748;2
"23749";23749;2
"23750";23750;1
"23751";23751;1
"23752";23752;2
"23753";23753;1
"23754";23754;2
"23755";23755;1
"23756";23756;2
"23757";23757;1
"23758";23758;2
"23759";23759;2
"23760";23760;1
"23761";23761;2
"23762";23762;2
"23763";23763;2
"23764";23764;1
"23765";23765;2
"23766";23766;2
"23767";23767;2
"23768";23768;2
"23769";23769;2
"23770";23770;2
"23771";23771;2
"23772";23772;1
"23773";23773;2
"23774";23774;2
"23775";23775;2
"23776";23776;2
"23777";23777;2
"23778";23778;2
"23779";23779;2
"23780";23780;2
"23781";23781;2
"23782";23782;2
"23783";23783;1
"23784";23784;2
"23785";23785;2
"23786";23786;2
"23787";23787;2
"23788";23788;2
"23789";23789;2
"23790";23790;1
"23791";23791;2
"23792";23792;2
"23793";23793;2
"23794";23794;2
"23795";23795;2
"23796";23796;2
"23797";23797;2
"23798";23798;2
"23799";23799;2
"23800";23800;2
"23801";23801;2
"23802";23802;2
"23803";23803;2
"23804";23804;2
"23805";23805;2
"23806";23806;2
"23807";23807;2
"23808";23808;2
"23809";23809;2
"23810";23810;2
"23811";23811;2
"23812";23812;2
"23813";23813;1
"23814";23814;2
"23815";23815;2
"23816";23816;2
"23817";23817;2
"23818";23818;2
"23819";23819;2
"23820";23820;2
"23821";23821;2
"23822";23822;2
"23823";23823;1
"23824";23824;2
"23825";23825;2
"23826";23826;2
"23827";23827;2
"23828";23828;1
"23829";23829;2
"23830";23830;1
"23831";23831;2
"23832";23832;2
"23833";23833;2
"23834";23834;2
"23835";23835;2
"23836";23836;2
"23837";23837;2
"23838";23838;2
"23839";23839;2
"23840";23840;2
"23841";23841;2
"23842";23842;2
"23843";23843;2
"23844";23844;2
"23845";23845;2
"23846";23846;2
"23847";23847;2
"23848";23848;2
"23849";23849;1
"23850";23850;2
"23851";23851;2
"23852";23852;1
"23853";23853;2
"23854";23854;2
"23855";23855;2
"23856";23856;2
"23857";23857;2
"23858";23858;2
"23859";23859;2
"23860";23860;1
"23861";23861;2
"23862";23862;2
"23863";23863;2
"23864";23864;2
"23865";23865;2
"23866";23866;2
"23867";23867;2
"23868";23868;2
"23869";23869;1
"23870";23870;2
"23871";23871;2
"23872";23872;1
"23873";23873;2
"23874";23874;2
"23875";23875;1
"23876";23876;1
"23877";23877;1
"23878";23878;2
"23879";23879;2
"23880";23880;2
"23881";23881;2
"23882";23882;1
"23883";23883;1
"23884";23884;0
"23885";23885;2
"23886";23886;2
"23887";23887;2
"23888";23888;1
"23889";23889;1
"23890";23890;2
"23891";23891;1
"23892";23892;1
"23893";23893;2
"23894";23894;1
"23895";23895;1
"23896";23896;1
"23897";23897;1
"23898";23898;1
"23899";23899;1
"23900";23900;1
"23901";23901;1
"23902";23902;1
"23903";23903;1
"23904";23904;1
"23905";23905;1
"23906";23906;1
"23907";23907;1
"23908";23908;1
"23909";23909;1
"23910";23910;1
"23911";23911;2
"23912";23912;1
"23913";23913;1
"23914";23914;1
"23915";23915;1
"23916";23916;1
"23917";23917;1
"23918";23918;1
"23919";23919;1
"23920";23920;1
"23921";23921;1
"23922";23922;1
"23923";23923;1
"23924";23924;1
"23925";23925;1
"23926";23926;1
"23927";23927;1
"23928";23928;1
"23929";23929;1
"23930";23930;1
"23931";23931;2
"23932";23932;2
"23933";23933;2
"23934";23934;1
"23935";23935;2
"23936";23936;1
"23937";23937;1
"23938";23938;1
"23939";23939;1
"23940";23940;1
"23941";23941;1
"23942";23942;1
"23943";23943;1
"23944";23944;1
"23945";23945;1
"23946";23946;1
"23947";23947;2
"23948";23948;2
"23949";23949;1
"23950";23950;1
"23951";23951;1
"23952";23952;1
"23953";23953;1
"23954";23954;1
"23955";23955;2
"23956";23956;1
"23957";23957;1
"23958";23958;1
"23959";23959;1
"23960";23960;1
"23961";23961;1
"23962";23962;1
"23963";23963;1
"23964";23964;1
"23965";23965;2
"23966";23966;1
"23967";23967;1
"23968";23968;2
"23969";23969;1
"23970";23970;1
"23971";23971;1
"23972";23972;1
"23973";23973;2
"23974";23974;2
"23975";23975;2
"23976";23976;1
"23977";23977;1
"23978";23978;1
"23979";23979;1
"23980";23980;1
"23981";23981;2
"23982";23982;1
"23983";23983;1
"23984";23984;1
"23985";23985;1
"23986";23986;2
"23987";23987;1
"23988";23988;1
"23989";23989;1
"23990";23990;1
"23991";23991;1
"23992";23992;1
"23993";23993;1
"23994";23994;1
"23995";23995;1
"23996";23996;1
"23997";23997;1
"23998";23998;1
"23999";23999;1
"24000";24000;1
"24001";24001;1
"24002";24002;1
"24003";24003;1
"24004";24004;1
"24005";24005;1
"24006";24006;1
"24007";24007;1
"24008";24008;1
"24009";24009;1
"24010";24010;2
"24011";24011;1
"24012";24012;2
"24013";24013;2
"24014";24014;1
"24015";24015;1
"24016";24016;1
"24017";24017;2
"24018";24018;1
"24019";24019;1
"24020";24020;1
"24021";24021;2
"24022";24022;1
"24023";24023;1
"24024";24024;1
"24025";24025;1
"24026";24026;2
"24027";24027;1
"24028";24028;1
"24029";24029;1
"24030";24030;2
"24031";24031;1
"24032";24032;1
"24033";24033;1
"24034";24034;1
"24035";24035;1
"24036";24036;1
"24037";24037;1
"24038";24038;2
"24039";24039;1
"24040";24040;1
"24041";24041;1
"24042";24042;1
"24043";24043;2
"24044";24044;1
"24045";24045;1
"24046";24046;1
"24047";24047;1
"24048";24048;1
"24049";24049;2
"24050";24050;1
"24051";24051;1
"24052";24052;1
"24053";24053;1
"24054";24054;2
"24055";24055;1
"24056";24056;1
"24057";24057;1
"24058";24058;1
"24059";24059;1
"24060";24060;1
"24061";24061;1
"24062";24062;1
"24063";24063;1
"24064";24064;1
"24065";24065;0
"24066";24066;1
"24067";24067;2
"24068";24068;1
"24069";24069;1
"24070";24070;1
"24071";24071;1
"24072";24072;1
"24073";24073;1
"24074";24074;1
"24075";24075;1
"24076";24076;1
"24077";24077;1
"24078";24078;1
"24079";24079;1
"24080";24080;1
"24081";24081;1
"24082";24082;1
"24083";24083;1
"24084";24084;2
"24085";24085;1
"24086";24086;1
"24087";24087;1
"24088";24088;1
"24089";24089;1
"24090";24090;1
"24091";24091;1
"24092";24092;1
"24093";24093;1
"24094";24094;1
"24095";24095;1
"24096";24096;1
"24097";24097;1
"24098";24098;2
"24099";24099;1
"24100";24100;1
"24101";24101;1
"24102";24102;1
"24103";24103;2
"24104";24104;2
"24105";24105;1
"24106";24106;1
"24107";24107;2
"24108";24108;1
"24109";24109;1
"24110";24110;1
"24111";24111;0
"24112";24112;1
"24113";24113;1
"24114";24114;1
"24115";24115;1
"24116";24116;1
"24117";24117;1
"24118";24118;1
"24119";24119;1
"24120";24120;1
"24121";24121;1
"24122";24122;1
"24123";24123;1
"24124";24124;1
"24125";24125;1
"24126";24126;1
"24127";24127;1
"24128";24128;1
"24129";24129;1
"24130";24130;2
"24131";24131;2
"24132";24132;1
"24133";24133;1
"24134";24134;1
"24135";24135;1
"24136";24136;1
"24137";24137;1
"24138";24138;1
"24139";24139;1
"24140";24140;1
"24141";24141;1
"24142";24142;1
"24143";24143;1
"24144";24144;1
"24145";24145;1
"24146";24146;1
"24147";24147;1
"24148";24148;1
"24149";24149;1
"24150";24150;2
"24151";24151;1
"24152";24152;1
"24153";24153;2
"24154";24154;1
"24155";24155;2
"24156";24156;2
"24157";24157;1
"24158";24158;1
"24159";24159;1
"24160";24160;1
"24161";24161;1
"24162";24162;1
"24163";24163;1
"24164";24164;1
"24165";24165;1
"24166";24166;1
"24167";24167;1
"24168";24168;2
"24169";24169;1
"24170";24170;2
"24171";24171;1
"24172";24172;1
"24173";24173;1
"24174";24174;1
"24175";24175;1
"24176";24176;1
"24177";24177;1
"24178";24178;1
"24179";24179;1
"24180";24180;1
"24181";24181;1
"24182";24182;1
"24183";24183;1
"24184";24184;1
"24185";24185;1
"24186";24186;1
"24187";24187;1
"24188";24188;1
"24189";24189;1
"24190";24190;1
"24191";24191;1
"24192";24192;1
"24193";24193;1
"24194";24194;1
"24195";24195;1
"24196";24196;2
"24197";24197;1
"24198";24198;1
"24199";24199;1
"24200";24200;1
"24201";24201;2
"24202";24202;2
"24203";24203;1
"24204";24204;2
"24205";24205;1
"24206";24206;1
"24207";24207;1
"24208";24208;1
"24209";24209;1
"24210";24210;1
"24211";24211;1
"24212";24212;1
"24213";24213;1
"24214";24214;1
"24215";24215;1
"24216";24216;1
"24217";24217;1
"24218";24218;1
"24219";24219;1
"24220";24220;1
"24221";24221;1
"24222";24222;2
"24223";24223;1
"24224";24224;1
"24225";24225;2
"24226";24226;1
"24227";24227;1
"24228";24228;1
"24229";24229;1
"24230";24230;2
"24231";24231;1
"24232";24232;2
"24233";24233;1
"24234";24234;1
"24235";24235;1
"24236";24236;2
"24237";24237;1
"24238";24238;1
"24239";24239;2
"24240";24240;2
"24241";24241;1
"24242";24242;1
"24243";24243;1
"24244";24244;1
"24245";24245;1
"24246";24246;1
"24247";24247;1
"24248";24248;1
"24249";24249;1
"24250";24250;1
"24251";24251;1
"24252";24252;1
"24253";24253;1
"24254";24254;1
"24255";24255;2
"24256";24256;1
"24257";24257;1
"24258";24258;1
"24259";24259;1
"24260";24260;1
"24261";24261;1
"24262";24262;1
"24263";24263;1
"24264";24264;1
"24265";24265;1
"24266";24266;1
"24267";24267;2
"24268";24268;1
"24269";24269;1
"24270";24270;1
"24271";24271;1
"24272";24272;1
"24273";24273;1
"24274";24274;1
"24275";24275;1
"24276";24276;1
"24277";24277;1
"24278";24278;1
"24279";24279;1
"24280";24280;1
"24281";24281;1
"24282";24282;1
"24283";24283;1
"24284";24284;1
"24285";24285;1
"24286";24286;1
"24287";24287;1
"24288";24288;1
"24289";24289;1
"24290";24290;2
"24291";24291;1
"24292";24292;1
"24293";24293;1
"24294";24294;1
"24295";24295;1
"24296";24296;1
"24297";24297;1
"24298";24298;1
"24299";24299;1
"24300";24300;1
"24301";24301;1
"24302";24302;1
"24303";24303;1
"24304";24304;1
"24305";24305;1
"24306";24306;1
"24307";24307;1
"24308";24308;2
"24309";24309;1
"24310";24310;1
"24311";24311;1
"24312";24312;1
"24313";24313;1
"24314";24314;1
"24315";24315;1
"24316";24316;1
"24317";24317;1
"24318";24318;2
"24319";24319;1
"24320";24320;1
"24321";24321;1
"24322";24322;2
"24323";24323;1
"24324";24324;1
"24325";24325;1
"24326";24326;1
"24327";24327;1
"24328";24328;1
"24329";24329;1
"24330";24330;1
"24331";24331;1
"24332";24332;1
"24333";24333;1
"24334";24334;1
"24335";24335;1
"24336";24336;1
"24337";24337;1
"24338";24338;1
"24339";24339;1
"24340";24340;1
"24341";24341;1
"24342";24342;1
"24343";24343;1
"24344";24344;1
"24345";24345;1
"24346";24346;1
"24347";24347;1
"24348";24348;1
"24349";24349;1
"24350";24350;1
"24351";24351;1
"24352";24352;1
"24353";24353;1
"24354";24354;1
"24355";24355;1
"24356";24356;2
"24357";24357;1
"24358";24358;1
"24359";24359;2
"24360";24360;1
"24361";24361;1
"24362";24362;1
"24363";24363;1
"24364";24364;1
"24365";24365;1
"24366";24366;1
"24367";24367;1
"24368";24368;1
"24369";24369;1
"24370";24370;1
"24371";24371;1
"24372";24372;1
"24373";24373;1
"24374";24374;1
"24375";24375;1
"24376";24376;1
"24377";24377;1
"24378";24378;2
"24379";24379;1
"24380";24380;1
"24381";24381;1
"24382";24382;1
"24383";24383;1
"24384";24384;1
"24385";24385;1
"24386";24386;1
"24387";24387;1
"24388";24388;1
"24389";24389;1
"24390";24390;1
"24391";24391;1
"24392";24392;1
"24393";24393;1
"24394";24394;1
"24395";24395;1
"24396";24396;1
"24397";24397;1
"24398";24398;1
"24399";24399;1
"24400";24400;2
"24401";24401;1
"24402";24402;1
"24403";24403;1
"24404";24404;1
"24405";24405;1
"24406";24406;1
"24407";24407;1
"24408";24408;1
"24409";24409;2
"24410";24410;1
"24411";24411;2
"24412";24412;1
"24413";24413;2
"24414";24414;2
"24415";24415;1
"24416";24416;1
"24417";24417;1
"24418";24418;1
"24419";24419;2
"24420";24420;1
"24421";24421;1
"24422";24422;1
"24423";24423;1
"24424";24424;2
"24425";24425;1
"24426";24426;1
"24427";24427;1
"24428";24428;1
"24429";24429;1
"24430";24430;1
"24431";24431;1
"24432";24432;1
"24433";24433;1
"24434";24434;2
"24435";24435;1
"24436";24436;1
"24437";24437;1
"24438";24438;1
"24439";24439;1
"24440";24440;1
"24441";24441;2
"24442";24442;1
"24443";24443;1
"24444";24444;1
"24445";24445;1
"24446";24446;1
"24447";24447;1
"24448";24448;1
"24449";24449;2
"24450";24450;1
"24451";24451;1
"24452";24452;1
"24453";24453;1
"24454";24454;1
"24455";24455;1
"24456";24456;1
"24457";24457;1
"24458";24458;1
"24459";24459;1
"24460";24460;1
"24461";24461;1
"24462";24462;1
"24463";24463;1
"24464";24464;1
"24465";24465;1
"24466";24466;1
"24467";24467;2
"24468";24468;1
"24469";24469;1
"24470";24470;1
"24471";24471;1
"24472";24472;1
"24473";24473;1
"24474";24474;1
"24475";24475;1
"24476";24476;1
"24477";24477;1
"24478";24478;1
"24479";24479;2
"24480";24480;1
"24481";24481;1
"24482";24482;1
"24483";24483;1
"24484";24484;1
"24485";24485;1
"24486";24486;1
"24487";24487;1
"24488";24488;1
"24489";24489;1
"24490";24490;1
"24491";24491;1
"24492";24492;1
"24493";24493;1
"24494";24494;1
"24495";24495;1
"24496";24496;1
"24497";24497;1
"24498";24498;1
"24499";24499;1
"24500";24500;1
"24501";24501;1
"24502";24502;1
"24503";24503;1
"24504";24504;1
"24505";24505;1
"24506";24506;1
"24507";24507;1
"24508";24508;1
"24509";24509;1
"24510";24510;1
"24511";24511;1
"24512";24512;1
"24513";24513;1
"24514";24514;1
"24515";24515;2
"24516";24516;1
"24517";24517;1
"24518";24518;1
"24519";24519;1
"24520";24520;2
"24521";24521;1
"24522";24522;1
"24523";24523;1
"24524";24524;1
"24525";24525;1
"24526";24526;1
"24527";24527;2
"24528";24528;1
"24529";24529;2
"24530";24530;1
"24531";24531;1
"24532";24532;1
"24533";24533;1
"24534";24534;1
"24535";24535;1
"24536";24536;1
"24537";24537;1
"24538";24538;1
"24539";24539;1
"24540";24540;1
"24541";24541;1
"24542";24542;1
"24543";24543;1
"24544";24544;1
"24545";24545;2
"24546";24546;1
"24547";24547;1
"24548";24548;1
"24549";24549;1
"24550";24550;1
"24551";24551;1
"24552";24552;1
"24553";24553;1
"24554";24554;1
"24555";24555;1
"24556";24556;1
"24557";24557;1
"24558";24558;1
"24559";24559;2
"24560";24560;1
"24561";24561;1
"24562";24562;2
"24563";24563;1
"24564";24564;1
"24565";24565;1
"24566";24566;1
"24567";24567;1
"24568";24568;1
"24569";24569;1
"24570";24570;1
"24571";24571;1
"24572";24572;1
"24573";24573;1
"24574";24574;2
"24575";24575;1
"24576";24576;1
"24577";24577;1
"24578";24578;1
"24579";24579;1
"24580";24580;2
"24581";24581;2
"24582";24582;1
"24583";24583;1
"24584";24584;2
"24585";24585;2
"24586";24586;1
"24587";24587;1
"24588";24588;2
"24589";24589;1
"24590";24590;1
"24591";24591;1
"24592";24592;1
"24593";24593;1
"24594";24594;2
"24595";24595;1
"24596";24596;1
"24597";24597;1
"24598";24598;1
"24599";24599;1
"24600";24600;1
"24601";24601;1
"24602";24602;1
"24603";24603;2
"24604";24604;1
"24605";24605;1
"24606";24606;1
"24607";24607;2
"24608";24608;1
"24609";24609;2
"24610";24610;2
"24611";24611;1
"24612";24612;1
"24613";24613;1
"24614";24614;1
"24615";24615;1
"24616";24616;1
"24617";24617;2
"24618";24618;1
"24619";24619;1
"24620";24620;1
"24621";24621;1
"24622";24622;1
"24623";24623;2
"24624";24624;1
"24625";24625;1
"24626";24626;2
"24627";24627;2
"24628";24628;1
"24629";24629;1
"24630";24630;1
"24631";24631;1
"24632";24632;1
"24633";24633;1
"24634";24634;1
"24635";24635;2
"24636";24636;1
"24637";24637;1
"24638";24638;2
"24639";24639;1
"24640";24640;1
"24641";24641;1
"24642";24642;1
"24643";24643;1
"24644";24644;1
"24645";24645;2
"24646";24646;2
"24647";24647;1
"24648";24648;1
"24649";24649;1
"24650";24650;1
"24651";24651;2
"24652";24652;1
"24653";24653;1
"24654";24654;1
"24655";24655;1
"24656";24656;1
"24657";24657;1
"24658";24658;1
"24659";24659;2
"24660";24660;2
"24661";24661;2
"24662";24662;1
"24663";24663;2
"24664";24664;2
"24665";24665;2
"24666";24666;1
"24667";24667;1
"24668";24668;1
"24669";24669;1
"24670";24670;1
"24671";24671;1
"24672";24672;1
"24673";24673;1
"24674";24674;2
"24675";24675;2
"24676";24676;2
"24677";24677;2
"24678";24678;1
"24679";24679;2
"24680";24680;2
"24681";24681;2
"24682";24682;2
"24683";24683;1
"24684";24684;1
"24685";24685;1
"24686";24686;1
"24687";24687;1
"24688";24688;2
"24689";24689;1
"24690";24690;1
"24691";24691;1
"24692";24692;1
"24693";24693;1
"24694";24694;2
"24695";24695;1
"24696";24696;1
"24697";24697;1
"24698";24698;2
"24699";24699;1
"24700";24700;1
"24701";24701;0
"24702";24702;0
"24703";24703;1
"24704";24704;1
"24705";24705;1
"24706";24706;1
"24707";24707;1
"24708";24708;2
"24709";24709;1
"24710";24710;0
"24711";24711;1
"24712";24712;1
"24713";24713;2
"24714";24714;2
"24715";24715;2
"24716";24716;1
"24717";24717;1
"24718";24718;2
"24719";24719;1
"24720";24720;1
"24721";24721;1
"24722";24722;2
"24723";24723;1
"24724";24724;1
"24725";24725;1
"24726";24726;1
"24727";24727;1
"24728";24728;1
"24729";24729;1
"24730";24730;1
"24731";24731;1
"24732";24732;1
"24733";24733;2
"24734";24734;1
"24735";24735;1
"24736";24736;2
"24737";24737;2
"24738";24738;2
"24739";24739;1
"24740";24740;1
"24741";24741;1
"24742";24742;2
"24743";24743;2
"24744";24744;1
"24745";24745;1
"24746";24746;1
"24747";24747;1
"24748";24748;1
"24749";24749;2
"24750";24750;1
"24751";24751;2
"24752";24752;1
"24753";24753;1
"24754";24754;1
"24755";24755;1
"24756";24756;1
"24757";24757;1
"24758";24758;1
"24759";24759;1
"24760";24760;1
"24761";24761;1
"24762";24762;2
"24763";24763;1
"24764";24764;2
"24765";24765;2
"24766";24766;2
"24767";24767;2
"24768";24768;2
"24769";24769;2
"24770";24770;2
"24771";24771;2
"24772";24772;2
"24773";24773;2
"24774";24774;1
"24775";24775;1
"24776";24776;1
"24777";24777;2
"24778";24778;2
"24779";24779;2
"24780";24780;1
"24781";24781;1
"24782";24782;1
"24783";24783;1
"24784";24784;1
"24785";24785;1
"24786";24786;1
"24787";24787;1
"24788";24788;1
"24789";24789;1
"24790";24790;1
"24791";24791;1
"24792";24792;1
"24793";24793;2
"24794";24794;1
"24795";24795;2
"24796";24796;1
"24797";24797;1
"24798";24798;1
"24799";24799;2
"24800";24800;1
"24801";24801;2
"24802";24802;1
"24803";24803;2
"24804";24804;0
"24805";24805;2
"24806";24806;0
"24807";24807;2
"24808";24808;1
"24809";24809;1
"24810";24810;1
"24811";24811;1
"24812";24812;1
"24813";24813;1
"24814";24814;2
"24815";24815;1
"24816";24816;2
"24817";24817;1
"24818";24818;1
"24819";24819;1
"24820";24820;1
"24821";24821;1
"24822";24822;2
"24823";24823;1
"24824";24824;1
"24825";24825;2
"24826";24826;1
"24827";24827;1
"24828";24828;1
"24829";24829;1
"24830";24830;2
"24831";24831;1
"24832";24832;1
"24833";24833;1
"24834";24834;1
"24835";24835;2
"24836";24836;2
"24837";24837;2
"24838";24838;2
"24839";24839;1
"24840";24840;1
"24841";24841;2
"24842";24842;2
"24843";24843;1
"24844";24844;1
"24845";24845;1
"24846";24846;1
"24847";24847;1
"24848";24848;1
"24849";24849;2
"24850";24850;1
"24851";24851;1
"24852";24852;1
"24853";24853;1
"24854";24854;2
"24855";24855;2
"24856";24856;2
"24857";24857;2
"24858";24858;1
"24859";24859;1
"24860";24860;2
"24861";24861;2
"24862";24862;1
"24863";24863;1
"24864";24864;2
"24865";24865;2
"24866";24866;2
"24867";24867;2
"24868";24868;2
"24869";24869;1
"24870";24870;1
"24871";24871;1
"24872";24872;1
"24873";24873;1
"24874";24874;2
"24875";24875;1
"24876";24876;2
"24877";24877;1
"24878";24878;1
"24879";24879;1
"24880";24880;1
"24881";24881;1
"24882";24882;1
"24883";24883;1
"24884";24884;1
"24885";24885;1
"24886";24886;1
"24887";24887;2
"24888";24888;1
"24889";24889;1
"24890";24890;2
"24891";24891;1
"24892";24892;1
"24893";24893;1
"24894";24894;1
"24895";24895;1
"24896";24896;1
"24897";24897;2
"24898";24898;0
"24899";24899;0
"24900";24900;2
"24901";24901;2
"24902";24902;2
"24903";24903;2
"24904";24904;2
"24905";24905;2
"24906";24906;2
"24907";24907;2
"24908";24908;2
"24909";24909;2
"24910";24910;1
"24911";24911;2
"24912";24912;1
"24913";24913;1
"24914";24914;2
"24915";24915;2
"24916";24916;2
"24917";24917;2
"24918";24918;2
"24919";24919;2
"24920";24920;2
"24921";24921;2
"24922";24922;2
"24923";24923;2
"24924";24924;2
"24925";24925;2
"24926";24926;1
"24927";24927;2
"24928";24928;2
"24929";24929;2
"24930";24930;2
"24931";24931;2
"24932";24932;2
"24933";24933;2
"24934";24934;2
"24935";24935;2
"24936";24936;2
"24937";24937;1
"24938";24938;2
"24939";24939;1
"24940";24940;2
"24941";24941;1
"24942";24942;1
"24943";24943;1
"24944";24944;2
"24945";24945;2
"24946";24946;2
"24947";24947;2
"24948";24948;2
"24949";24949;2
"24950";24950;2
"24951";24951;2
"24952";24952;1
"24953";24953;2
"24954";24954;0
"24955";24955;1
"24956";24956;2
"24957";24957;1
"24958";24958;2
"24959";24959;1
"24960";24960;2
"24961";24961;2
"24962";24962;2
"24963";24963;2
"24964";24964;0
"24965";24965;2
"24966";24966;2
"24967";24967;2
"24968";24968;1
"24969";24969;1
"24970";24970;2
"24971";24971;2
"24972";24972;1
"24973";24973;2
"24974";24974;2
"24975";24975;1
"24976";24976;2
"24977";24977;1
"24978";24978;1
"24979";24979;2
"24980";24980;1
"24981";24981;1
"24982";24982;1
"24983";24983;2
"24984";24984;1
"24985";24985;1
"24986";24986;1
"24987";24987;1
"24988";24988;1
"24989";24989;1
"24990";24990;1
"24991";24991;2
"24992";24992;1
"24993";24993;2
"24994";24994;2
"24995";24995;0
"24996";24996;2
"24997";24997;1
"24998";24998;1
"24999";24999;2
"25000";25000;1
"25001";25001;1
"25002";25002;1
"25003";25003;1
"25004";25004;1
"25005";25005;2
"25006";25006;2
"25007";25007;1
"25008";25008;1
"25009";25009;1
"25010";25010;2
"25011";25011;1
"25012";25012;2
"25013";25013;1
"25014";25014;1
"25015";25015;2
"25016";25016;2
"25017";25017;1
"25018";25018;2
"25019";25019;1
"25020";25020;1
"25021";25021;2
"25022";25022;1
"25023";25023;2
"25024";25024;2
"25025";25025;2
"25026";25026;2
"25027";25027;2
"25028";25028;1
"25029";25029;2
"25030";25030;2
"25031";25031;1
"25032";25032;2
"25033";25033;1
"25034";25034;2
"25035";25035;2
"25036";25036;2
"25037";25037;1
"25038";25038;1
"25039";25039;1
"25040";25040;1
"25041";25041;1
"25042";25042;1
"25043";25043;1
"25044";25044;2
"25045";25045;2
"25046";25046;1
"25047";25047;2
"25048";25048;1
"25049";25049;1
"25050";25050;1
"25051";25051;2
"25052";25052;2
"25053";25053;1
"25054";25054;2
"25055";25055;2
"25056";25056;1
"25057";25057;2
"25058";25058;2
"25059";25059;2
"25060";25060;2
"25061";25061;1
"25062";25062;1
"25063";25063;1
"25064";25064;1
"25065";25065;2
"25066";25066;1
"25067";25067;2
"25068";25068;2
"25069";25069;2
"25070";25070;2
"25071";25071;2
"25072";25072;2
"25073";25073;1
"25074";25074;1
"25075";25075;1
"25076";25076;1
"25077";25077;1
"25078";25078;2
"25079";25079;2
"25080";25080;2
"25081";25081;2
"25082";25082;2
"25083";25083;1
"25084";25084;1
"25085";25085;1
"25086";25086;1
"25087";25087;1
"25088";25088;1
"25089";25089;1
"25090";25090;2
"25091";25091;2
"25092";25092;1
"25093";25093;1
"25094";25094;1
"25095";25095;2
"25096";25096;1
"25097";25097;2
"25098";25098;1
"25099";25099;1
"25100";25100;2
"25101";25101;1
"25102";25102;1
"25103";25103;2
"25104";25104;1
"25105";25105;1
"25106";25106;2
"25107";25107;1
"25108";25108;1
"25109";25109;2
"25110";25110;2
"25111";25111;2
"25112";25112;2
"25113";25113;1
"25114";25114;1
"25115";25115;1
"25116";25116;2
"25117";25117;1
"25118";25118;2
"25119";25119;1
"25120";25120;1
"25121";25121;1
"25122";25122;2
"25123";25123;2
"25124";25124;1
"25125";25125;1
"25126";25126;1
"25127";25127;1
"25128";25128;1
"25129";25129;1
"25130";25130;2
"25131";25131;1
"25132";25132;1
"25133";25133;1
"25134";25134;1
"25135";25135;2
"25136";25136;1
"25137";25137;1
"25138";25138;1
"25139";25139;1
"25140";25140;1
"25141";25141;1
"25142";25142;1
"25143";25143;1
"25144";25144;2
"25145";25145;1
"25146";25146;1
"25147";25147;0
"25148";25148;2
"25149";25149;2
"25150";25150;1
"25151";25151;2
"25152";25152;1
"25153";25153;1
"25154";25154;1
"25155";25155;1
"25156";25156;1
"25157";25157;1
"25158";25158;1
"25159";25159;2
"25160";25160;2
"25161";25161;1
"25162";25162;1
"25163";25163;2
"25164";25164;2
"25165";25165;1
"25166";25166;1
"25167";25167;1
"25168";25168;1
"25169";25169;2
"25170";25170;2
"25171";25171;2
"25172";25172;1
"25173";25173;2
"25174";25174;2
"25175";25175;1
"25176";25176;1
"25177";25177;1
"25178";25178;1
"25179";25179;1
"25180";25180;1
"25181";25181;1
"25182";25182;1
"25183";25183;1
"25184";25184;1
"25185";25185;1
"25186";25186;1
"25187";25187;1
"25188";25188;2
"25189";25189;2
"25190";25190;1
"25191";25191;1
"25192";25192;1
"25193";25193;1
"25194";25194;1
"25195";25195;1
"25196";25196;1
"25197";25197;2
"25198";25198;1
"25199";25199;1
"25200";25200;1
"25201";25201;2
"25202";25202;1
"25203";25203;2
"25204";25204;1
"25205";25205;1
"25206";25206;1
"25207";25207;2
"25208";25208;1
"25209";25209;1
"25210";25210;1
"25211";25211;1
"25212";25212;1
"25213";25213;1
"25214";25214;1
"25215";25215;1
"25216";25216;1
"25217";25217;1
"25218";25218;1
"25219";25219;1
"25220";25220;1
"25221";25221;1
"25222";25222;1
"25223";25223;2
"25224";25224;1
"25225";25225;2
"25226";25226;1
"25227";25227;2
"25228";25228;1
"25229";25229;1
"25230";25230;2
"25231";25231;2
"25232";25232;2
"25233";25233;2
"25234";25234;2
"25235";25235;2
"25236";25236;2
"25237";25237;1
"25238";25238;1
"25239";25239;1
"25240";25240;1
"25241";25241;1
"25242";25242;1
"25243";25243;1
"25244";25244;1
"25245";25245;1
"25246";25246;1
"25247";25247;2
"25248";25248;1
"25249";25249;1
"25250";25250;1
"25251";25251;1
"25252";25252;2
"25253";25253;2
"25254";25254;2
"25255";25255;2
"25256";25256;2
"25257";25257;0
"25258";25258;1
"25259";25259;2
"25260";25260;1
"25261";25261;1
"25262";25262;1
"25263";25263;1
"25264";25264;1
"25265";25265;1
"25266";25266;1
"25267";25267;1
"25268";25268;2
"25269";25269;1
"25270";25270;1
"25271";25271;1
"25272";25272;2
"25273";25273;2
"25274";25274;1
"25275";25275;2
"25276";25276;1
"25277";25277;1
"25278";25278;1
"25279";25279;1
"25280";25280;2
"25281";25281;1
"25282";25282;1
"25283";25283;1
"25284";25284;1
"25285";25285;1
"25286";25286;1
"25287";25287;1
"25288";25288;1
"25289";25289;1
"25290";25290;1
"25291";25291;1
"25292";25292;1
"25293";25293;1
"25294";25294;1
"25295";25295;1
"25296";25296;1
"25297";25297;2
"25298";25298;1
"25299";25299;1
"25300";25300;1
"25301";25301;1
"25302";25302;1
"25303";25303;2
"25304";25304;1
"25305";25305;1
"25306";25306;1
"25307";25307;1
"25308";25308;1
"25309";25309;1
"25310";25310;1
"25311";25311;1
"25312";25312;1
"25313";25313;1
"25314";25314;2
"25315";25315;1
"25316";25316;1
"25317";25317;1
"25318";25318;1
"25319";25319;1
"25320";25320;1
"25321";25321;1
"25322";25322;2
"25323";25323;1
"25324";25324;1
"25325";25325;2
"25326";25326;2
"25327";25327;1
"25328";25328;1
"25329";25329;1
"25330";25330;1
"25331";25331;1
"25332";25332;2
"25333";25333;1
"25334";25334;1
"25335";25335;1
"25336";25336;1
"25337";25337;1
"25338";25338;2
"25339";25339;1
"25340";25340;1
"25341";25341;1
"25342";25342;2
"25343";25343;1
"25344";25344;1
"25345";25345;2
"25346";25346;2
"25347";25347;2
"25348";25348;1
"25349";25349;1
"25350";25350;1
"25351";25351;2
"25352";25352;2
"25353";25353;1
"25354";25354;1
"25355";25355;1
"25356";25356;1
"25357";25357;1
"25358";25358;1
"25359";25359;2
"25360";25360;1
"25361";25361;1
"25362";25362;1
"25363";25363;1
"25364";25364;1
"25365";25365;1
"25366";25366;1
"25367";25367;1
"25368";25368;1
"25369";25369;2
"25370";25370;1
"25371";25371;1
"25372";25372;1
"25373";25373;1
"25374";25374;1
"25375";25375;1
"25376";25376;1
"25377";25377;2
"25378";25378;1
"25379";25379;1
"25380";25380;2
"25381";25381;1
"25382";25382;2
"25383";25383;1
"25384";25384;1
"25385";25385;1
"25386";25386;1
"25387";25387;1
"25388";25388;1
"25389";25389;1
"25390";25390;1
"25391";25391;1
"25392";25392;1
"25393";25393;2
"25394";25394;1
"25395";25395;2
"25396";25396;1
"25397";25397;1
"25398";25398;1
"25399";25399;1
"25400";25400;2
"25401";25401;2
"25402";25402;1
"25403";25403;1
"25404";25404;1
"25405";25405;1
"25406";25406;1
"25407";25407;1
"25408";25408;2
"25409";25409;2
"25410";25410;2
"25411";25411;2
"25412";25412;1
"25413";25413;1
"25414";25414;1
"25415";25415;1
"25416";25416;1
"25417";25417;2
"25418";25418;2
"25419";25419;1
"25420";25420;2
"25421";25421;2
"25422";25422;1
"25423";25423;2
"25424";25424;2
"25425";25425;1
"25426";25426;1
"25427";25427;1
"25428";25428;1
"25429";25429;2
"25430";25430;1
"25431";25431;2
"25432";25432;2
"25433";25433;1
"25434";25434;1
"25435";25435;1
"25436";25436;1
"25437";25437;1
"25438";25438;2
"25439";25439;2
"25440";25440;2
"25441";25441;2
"25442";25442;2
"25443";25443;2
"25444";25444;2
"25445";25445;2
"25446";25446;2
"25447";25447;2
"25448";25448;2
"25449";25449;1
"25450";25450;2
"25451";25451;1
"25452";25452;2
"25453";25453;1
"25454";25454;2
"25455";25455;2
"25456";25456;2
"25457";25457;2
"25458";25458;1
"25459";25459;1
"25460";25460;1
"25461";25461;1
"25462";25462;1
"25463";25463;1
"25464";25464;1
"25465";25465;1
"25466";25466;2
"25467";25467;1
"25468";25468;2
"25469";25469;1
"25470";25470;1
"25471";25471;2
"25472";25472;2
"25473";25473;2
"25474";25474;2
"25475";25475;2
"25476";25476;2
"25477";25477;1
"25478";25478;1
"25479";25479;1
"25480";25480;2
"25481";25481;2
"25482";25482;2
"25483";25483;1
"25484";25484;1
"25485";25485;1
"25486";25486;2
"25487";25487;2
"25488";25488;2
"25489";25489;1
"25490";25490;1
"25491";25491;2
"25492";25492;1
"25493";25493;1
"25494";25494;1
"25495";25495;1
"25496";25496;1
"25497";25497;1
"25498";25498;2
"25499";25499;2
"25500";25500;2
"25501";25501;2
"25502";25502;1
"25503";25503;2
"25504";25504;2
"25505";25505;2
"25506";25506;2
"25507";25507;2
"25508";25508;2
"25509";25509;2
"25510";25510;1
"25511";25511;1
"25512";25512;1
"25513";25513;2
"25514";25514;1
"25515";25515;1
"25516";25516;1
"25517";25517;1
"25518";25518;1
"25519";25519;2
"25520";25520;1
"25521";25521;1
"25522";25522;2
"25523";25523;1
"25524";25524;1
"25525";25525;2
"25526";25526;1
"25527";25527;2
"25528";25528;2
"25529";25529;0
"25530";25530;2
"25531";25531;1
"25532";25532;1
"25533";25533;1
"25534";25534;1
"25535";25535;1
"25536";25536;2
"25537";25537;1
"25538";25538;1
"25539";25539;2
"25540";25540;2
"25541";25541;1
"25542";25542;2
"25543";25543;1
"25544";25544;1
"25545";25545;2
"25546";25546;1
"25547";25547;2
"25548";25548;1
"25549";25549;2
"25550";25550;1
"25551";25551;2
"25552";25552;2
"25553";25553;1
"25554";25554;2
"25555";25555;2
"25556";25556;2
"25557";25557;1
"25558";25558;2
"25559";25559;2
"25560";25560;1
"25561";25561;1
"25562";25562;2
"25563";25563;1
"25564";25564;1
"25565";25565;1
"25566";25566;1
"25567";25567;1
"25568";25568;2
"25569";25569;2
"25570";25570;2
"25571";25571;1
"25572";25572;1
"25573";25573;1
"25574";25574;2
"25575";25575;1
"25576";25576;2
"25577";25577;1
"25578";25578;1
"25579";25579;1
"25580";25580;2
"25581";25581;1
"25582";25582;1
"25583";25583;1
"25584";25584;1
"25585";25585;2
"25586";25586;1
"25587";25587;1
"25588";25588;1
"25589";25589;1
"25590";25590;1
"25591";25591;1
"25592";25592;2
"25593";25593;2
"25594";25594;1
"25595";25595;2
"25596";25596;1
"25597";25597;1
"25598";25598;1
"25599";25599;1
"25600";25600;1
"25601";25601;1
"25602";25602;1
"25603";25603;2
"25604";25604;1
"25605";25605;1
"25606";25606;2
"25607";25607;1
"25608";25608;1
"25609";25609;2
"25610";25610;0
"25611";25611;2
"25612";25612;1
"25613";25613;2
"25614";25614;2
"25615";25615;1
"25616";25616;1
"25617";25617;1
"25618";25618;2
"25619";25619;2
"25620";25620;2
"25621";25621;2
"25622";25622;1
"25623";25623;2
"25624";25624;2
"25625";25625;2
"25626";25626;1
"25627";25627;1
"25628";25628;1
"25629";25629;1
"25630";25630;1
"25631";25631;1
"25632";25632;1
"25633";25633;1
"25634";25634;1
"25635";25635;1
"25636";25636;2
"25637";25637;1
"25638";25638;2
"25639";25639;1
"25640";25640;1
"25641";25641;1
"25642";25642;1
"25643";25643;1
"25644";25644;2
"25645";25645;2
"25646";25646;2
"25647";25647;2
"25648";25648;1
"25649";25649;1
"25650";25650;1
"25651";25651;1
"25652";25652;1
"25653";25653;1
"25654";25654;1
"25655";25655;1
"25656";25656;1
"25657";25657;1
"25658";25658;2
"25659";25659;2
"25660";25660;2
"25661";25661;2
"25662";25662;2
"25663";25663;2
"25664";25664;2
"25665";25665;2
"25666";25666;1
"25667";25667;1
"25668";25668;1
"25669";25669;1
"25670";25670;1
"25671";25671;2
"25672";25672;1
"25673";25673;1
"25674";25674;2
"25675";25675;1
"25676";25676;1
"25677";25677;2
"25678";25678;1
"25679";25679;1
"25680";25680;2
"25681";25681;2
"25682";25682;1
"25683";25683;2
"25684";25684;2
"25685";25685;2
"25686";25686;2
"25687";25687;2
"25688";25688;2
"25689";25689;2
"25690";25690;1
"25691";25691;1
"25692";25692;2
"25693";25693;2
"25694";25694;1
"25695";25695;2
"25696";25696;2
"25697";25697;1
"25698";25698;1
"25699";25699;1
"25700";25700;2
"25701";25701;1
"25702";25702;1
"25703";25703;2
"25704";25704;2
"25705";25705;2
"25706";25706;1
"25707";25707;2
"25708";25708;1
"25709";25709;1
"25710";25710;2
"25711";25711;1
"25712";25712;1
"25713";25713;1
"25714";25714;2
"25715";25715;2
"25716";25716;1
"25717";25717;1
"25718";25718;1
"25719";25719;1
"25720";25720;1
"25721";25721;1
"25722";25722;2
"25723";25723;2
"25724";25724;2
"25725";25725;2
"25726";25726;2
"25727";25727;2
"25728";25728;2
"25729";25729;1
"25730";25730;2
"25731";25731;1
"25732";25732;2
"25733";25733;1
"25734";25734;2
"25735";25735;2
"25736";25736;2
"25737";25737;1
"25738";25738;2
"25739";25739;1
"25740";25740;1
"25741";25741;2
"25742";25742;2
"25743";25743;1
"25744";25744;2
"25745";25745;2
"25746";25746;2
"25747";25747;2
"25748";25748;2
"25749";25749;2
"25750";25750;2
"25751";25751;2
"25752";25752;2
"25753";25753;1
"25754";25754;0
"25755";25755;2
"25756";25756;2
"25757";25757;2
"25758";25758;2
"25759";25759;2
"25760";25760;2
"25761";25761;2
"25762";25762;2
"25763";25763;2
"25764";25764;2
"25765";25765;2
"25766";25766;2
"25767";25767;2
"25768";25768;1
"25769";25769;1
"25770";25770;1
"25771";25771;1
"25772";25772;1
"25773";25773;1
"25774";25774;1
"25775";25775;1
"25776";25776;2
"25777";25777;1
"25778";25778;1
"25779";25779;2
"25780";25780;1
"25781";25781;2
"25782";25782;1
"25783";25783;2
"25784";25784;2
"25785";25785;1
"25786";25786;2
"25787";25787;2
"25788";25788;2
"25789";25789;2
"25790";25790;2
"25791";25791;2
"25792";25792;2
"25793";25793;2
"25794";25794;2
"25795";25795;2
"25796";25796;2
"25797";25797;2
"25798";25798;2
"25799";25799;1
"25800";25800;1
"25801";25801;1
"25802";25802;2
"25803";25803;2
"25804";25804;2
"25805";25805;1
"25806";25806;2
"25807";25807;1
"25808";25808;1
"25809";25809;1
"25810";25810;2
"25811";25811;2
"25812";25812;1
"25813";25813;1
"25814";25814;2
"25815";25815;2
"25816";25816;2
"25817";25817;2
"25818";25818;2
"25819";25819;2
"25820";25820;2
"25821";25821;2
"25822";25822;1
"25823";25823;1
"25824";25824;2
"25825";25825;2
"25826";25826;2
"25827";25827;2
"25828";25828;2
"25829";25829;1
"25830";25830;2
"25831";25831;2
"25832";25832;2
"25833";25833;1
"25834";25834;2
"25835";25835;1
"25836";25836;2
"25837";25837;2
"25838";25838;1
"25839";25839;1
"25840";25840;1
"25841";25841;1
"25842";25842;2
"25843";25843;2
"25844";25844;2
"25845";25845;1
"25846";25846;2
"25847";25847;2
"25848";25848;1
"25849";25849;1
"25850";25850;2
"25851";25851;1
"25852";25852;1
"25853";25853;2
"25854";25854;2
"25855";25855;2
"25856";25856;2
"25857";25857;2
"25858";25858;2
"25859";25859;1
"25860";25860;1
"25861";25861;1
"25862";25862;2
"25863";25863;2
"25864";25864;2
"25865";25865;2
"25866";25866;2
"25867";25867;2
"25868";25868;2
"25869";25869;2
"25870";25870;1
"25871";25871;2
"25872";25872;2
"25873";25873;1
"25874";25874;2
"25875";25875;1
"25876";25876;2
"25877";25877;2
"25878";25878;2
"25879";25879;2
"25880";25880;2
"25881";25881;2
"25882";25882;1
"25883";25883;1
"25884";25884;2
"25885";25885;2
"25886";25886;2
"25887";25887;2
"25888";25888;1
"25889";25889;1
"25890";25890;2
"25891";25891;1
"25892";25892;2
"25893";25893;2
"25894";25894;1
"25895";25895;2
"25896";25896;1
"25897";25897;2
"25898";25898;1
"25899";25899;2
"25900";25900;2
"25901";25901;0
"25902";25902;2
"25903";25903;2
"25904";25904;2
"25905";25905;2
"25906";25906;1
"25907";25907;1
"25908";25908;2
"25909";25909;2
"25910";25910;1
"25911";25911;2
"25912";25912;1
"25913";25913;2
"25914";25914;2
"25915";25915;2
"25916";25916;2
"25917";25917;1
"25918";25918;2
"25919";25919;2
"25920";25920;2
"25921";25921;2
"25922";25922;2
"25923";25923;2
"25924";25924;1
"25925";25925;1
"25926";25926;1
"25927";25927;1
"25928";25928;1
"25929";25929;2
"25930";25930;2
"25931";25931;1
"25932";25932;1
"25933";25933;1
"25934";25934;2
"25935";25935;2
"25936";25936;1
"25937";25937;2
"25938";25938;2
"25939";25939;1
"25940";25940;1
"25941";25941;1
"25942";25942;2
"25943";25943;1
"25944";25944;1
"25945";25945;1
"25946";25946;2
"25947";25947;2
"25948";25948;1
"25949";25949;1
"25950";25950;1
"25951";25951;1
"25952";25952;1
"25953";25953;1
"25954";25954;2
"25955";25955;2
"25956";25956;2
"25957";25957;2
"25958";25958;2
"25959";25959;2
"25960";25960;2
"25961";25961;2
"25962";25962;2
"25963";25963;2
"25964";25964;2
"25965";25965;1
"25966";25966;1
"25967";25967;1
"25968";25968;2
"25969";25969;1
"25970";25970;2
"25971";25971;1
"25972";25972;1
"25973";25973;1
"25974";25974;1
"25975";25975;1
"25976";25976;1
"25977";25977;1
"25978";25978;1
"25979";25979;1
"25980";25980;1
"25981";25981;1
"25982";25982;1
"25983";25983;1
"25984";25984;1
"25985";25985;1
"25986";25986;1
"25987";25987;1
"25988";25988;1
"25989";25989;1
"25990";25990;1
"25991";25991;1
"25992";25992;1
"25993";25993;1
"25994";25994;1
"25995";25995;2
"25996";25996;1
"25997";25997;2
"25998";25998;1
"25999";25999;2
"26000";26000;1
"26001";26001;1
"26002";26002;2
"26003";26003;1
"26004";26004;1
"26005";26005;2
"26006";26006;1
"26007";26007;1
"26008";26008;1
"26009";26009;1
"26010";26010;2
"26011";26011;2
"26012";26012;1
"26013";26013;2
"26014";26014;2
"26015";26015;2
"26016";26016;2
"26017";26017;1
"26018";26018;1
"26019";26019;1
"26020";26020;1
"26021";26021;1
"26022";26022;1
"26023";26023;1
"26024";26024;1
"26025";26025;1
"26026";26026;1
"26027";26027;1
"26028";26028;1
"26029";26029;1
"26030";26030;1
"26031";26031;1
"26032";26032;1
"26033";26033;1
"26034";26034;1
"26035";26035;2
"26036";26036;1
"26037";26037;2
"26038";26038;2
"26039";26039;1
"26040";26040;1
"26041";26041;2
"26042";26042;1
"26043";26043;2
"26044";26044;1
"26045";26045;2
"26046";26046;1
"26047";26047;2
"26048";26048;1
"26049";26049;1
"26050";26050;1
"26051";26051;2
"26052";26052;1
"26053";26053;1
"26054";26054;2
"26055";26055;2
"26056";26056;1
"26057";26057;2
"26058";26058;2
"26059";26059;1
"26060";26060;1
"26061";26061;2
"26062";26062;1
"26063";26063;1
"26064";26064;1
"26065";26065;1
"26066";26066;1
"26067";26067;1
"26068";26068;1
"26069";26069;1
"26070";26070;1
"26071";26071;1
"26072";26072;2
"26073";26073;2
"26074";26074;1
"26075";26075;2
"26076";26076;1
"26077";26077;1
"26078";26078;2
"26079";26079;2
"26080";26080;1
"26081";26081;1
"26082";26082;1
"26083";26083;2
"26084";26084;2
"26085";26085;2
"26086";26086;1
"26087";26087;2
"26088";26088;1
"26089";26089;2
"26090";26090;1
"26091";26091;2
"26092";26092;2
"26093";26093;2
"26094";26094;2
"26095";26095;2
"26096";26096;2
"26097";26097;2
"26098";26098;1
"26099";26099;2
"26100";26100;1
"26101";26101;2
"26102";26102;1
"26103";26103;2
"26104";26104;2
"26105";26105;1
"26106";26106;2
"26107";26107;2
"26108";26108;2
"26109";26109;1
"26110";26110;1
"26111";26111;2
"26112";26112;2
"26113";26113;2
"26114";26114;2
"26115";26115;1
"26116";26116;2
"26117";26117;2
"26118";26118;2
"26119";26119;2
"26120";26120;2
"26121";26121;1
"26122";26122;2
"26123";26123;2
"26124";26124;1
"26125";26125;1
"26126";26126;1
"26127";26127;1
"26128";26128;1
"26129";26129;1
"26130";26130;1
"26131";26131;1
"26132";26132;0
"26133";26133;1
"26134";26134;2
"26135";26135;1
"26136";26136;1
"26137";26137;1
"26138";26138;1
"26139";26139;2
"26140";26140;2
"26141";26141;2
"26142";26142;1
"26143";26143;2
"26144";26144;1
"26145";26145;2
"26146";26146;1
"26147";26147;1
"26148";26148;2
"26149";26149;1
"26150";26150;2
"26151";26151;2
"26152";26152;1
"26153";26153;2
"26154";26154;2
"26155";26155;1
"26156";26156;2
"26157";26157;2
"26158";26158;1
"26159";26159;1
"26160";26160;1
"26161";26161;1
"26162";26162;2
"26163";26163;2
"26164";26164;2
"26165";26165;2
"26166";26166;2
"26167";26167;1
"26168";26168;2
"26169";26169;2
"26170";26170;2
"26171";26171;1
"26172";26172;2
"26173";26173;1
"26174";26174;2
"26175";26175;2
"26176";26176;1
"26177";26177;2
"26178";26178;2
"26179";26179;2
"26180";26180;1
"26181";26181;1
"26182";26182;1
"26183";26183;1
"26184";26184;1
"26185";26185;1
"26186";26186;1
"26187";26187;2
"26188";26188;1
"26189";26189;2
"26190";26190;2
"26191";26191;1
"26192";26192;1
"26193";26193;1
"26194";26194;1
"26195";26195;1
"26196";26196;1
"26197";26197;1
"26198";26198;1
"26199";26199;1
"26200";26200;1
"26201";26201;2
"26202";26202;1
"26203";26203;1
"26204";26204;1
"26205";26205;1
"26206";26206;1
"26207";26207;2
"26208";26208;1
"26209";26209;1
"26210";26210;1
"26211";26211;2
"26212";26212;1
"26213";26213;1
"26214";26214;1
"26215";26215;1
"26216";26216;1
"26217";26217;1
"26218";26218;1
"26219";26219;1
"26220";26220;1
"26221";26221;1
"26222";26222;1
"26223";26223;2
"26224";26224;2
"26225";26225;1
"26226";26226;1
"26227";26227;1
"26228";26228;1
"26229";26229;1
"26230";26230;1
"26231";26231;1
"26232";26232;1
"26233";26233;1
"26234";26234;1
"26235";26235;1
"26236";26236;1
"26237";26237;1
"26238";26238;1
"26239";26239;1
"26240";26240;1
"26241";26241;1
"26242";26242;1
"26243";26243;1
"26244";26244;1
"26245";26245;1
"26246";26246;1
"26247";26247;1
"26248";26248;2
"26249";26249;2
"26250";26250;1
"26251";26251;1
"26252";26252;1
"26253";26253;1
"26254";26254;1
"26255";26255;1
"26256";26256;1
"26257";26257;1
"26258";26258;1
"26259";26259;1
"26260";26260;1
"26261";26261;1
"26262";26262;1
"26263";26263;2
"26264";26264;1
"26265";26265;1
"26266";26266;2
"26267";26267;1
"26268";26268;1
"26269";26269;1
"26270";26270;1
"26271";26271;2
"26272";26272;1
"26273";26273;1
"26274";26274;1
"26275";26275;1
"26276";26276;1
"26277";26277;1
"26278";26278;1
"26279";26279;1
"26280";26280;1
"26281";26281;2
"26282";26282;2
"26283";26283;2
"26284";26284;1
"26285";26285;1
"26286";26286;1
"26287";26287;1
"26288";26288;1
"26289";26289;1
"26290";26290;1
"26291";26291;1
"26292";26292;1
"26293";26293;1
"26294";26294;1
"26295";26295;1
"26296";26296;2
"26297";26297;1
"26298";26298;1
"26299";26299;1
"26300";26300;1
"26301";26301;1
"26302";26302;2
"26303";26303;1
"26304";26304;1
"26305";26305;2
"26306";26306;2
"26307";26307;1
"26308";26308;1
"26309";26309;2
"26310";26310;2
"26311";26311;1
"26312";26312;1
"26313";26313;2
"26314";26314;1
"26315";26315;2
"26316";26316;1
"26317";26317;2
"26318";26318;2
"26319";26319;1
"26320";26320;1
"26321";26321;1
"26322";26322;2
"26323";26323;2
"26324";26324;1
"26325";26325;2
"26326";26326;2
"26327";26327;1
"26328";26328;1
"26329";26329;2
"26330";26330;2
"26331";26331;1
"26332";26332;2
"26333";26333;1
"26334";26334;2
"26335";26335;2
"26336";26336;2
"26337";26337;1
"26338";26338;0
"26339";26339;1
"26340";26340;2
"26341";26341;1
"26342";26342;2
"26343";26343;2
"26344";26344;2
"26345";26345;0
"26346";26346;2
"26347";26347;2
"26348";26348;2
"26349";26349;1
"26350";26350;2
"26351";26351;2
"26352";26352;0
"26353";26353;2
"26354";26354;2
"26355";26355;2
"26356";26356;1
"26357";26357;2
"26358";26358;2
"26359";26359;1
"26360";26360;2
"26361";26361;0
"26362";26362;2
"26363";26363;2
"26364";26364;0
"26365";26365;1
"26366";26366;2
"26367";26367;2
"26368";26368;1
"26369";26369;1
"26370";26370;1
"26371";26371;1
"26372";26372;1
"26373";26373;1
"26374";26374;1
"26375";26375;1
"26376";26376;1
"26377";26377;1
"26378";26378;1
"26379";26379;1
"26380";26380;1
"26381";26381;2
"26382";26382;2
"26383";26383;2
"26384";26384;1
"26385";26385;2
"26386";26386;1
"26387";26387;1
"26388";26388;1
"26389";26389;1
"26390";26390;1
"26391";26391;2
"26392";26392;1
"26393";26393;1
"26394";26394;1
"26395";26395;2
"26396";26396;2
"26397";26397;1
"26398";26398;1
"26399";26399;1
"26400";26400;1
"26401";26401;2
"26402";26402;2
"26403";26403;1
"26404";26404;1
"26405";26405;2
"26406";26406;2
"26407";26407;1
"26408";26408;1
"26409";26409;1
"26410";26410;2
"26411";26411;2
"26412";26412;2
"26413";26413;2
"26414";26414;1
"26415";26415;2
"26416";26416;2
"26417";26417;1
"26418";26418;2
"26419";26419;1
"26420";26420;2
"26421";26421;1
"26422";26422;2
"26423";26423;0
"26424";26424;1
"26425";26425;2
"26426";26426;2
"26427";26427;1
"26428";26428;1
"26429";26429;2
"26430";26430;2
"26431";26431;1
"26432";26432;1
"26433";26433;1
"26434";26434;1
"26435";26435;2
"26436";26436;1
"26437";26437;2
"26438";26438;2
"26439";26439;1
"26440";26440;1
"26441";26441;1
"26442";26442;1
"26443";26443;1
"26444";26444;1
"26445";26445;1
"26446";26446;1
"26447";26447;1
"26448";26448;2
"26449";26449;1
"26450";26450;1
"26451";26451;1
"26452";26452;1
"26453";26453;1
"26454";26454;1
"26455";26455;1
"26456";26456;2
"26457";26457;1
"26458";26458;1
"26459";26459;1
"26460";26460;1
"26461";26461;1
"26462";26462;2
"26463";26463;1
"26464";26464;1
"26465";26465;2
"26466";26466;1
"26467";26467;1
"26468";26468;1
"26469";26469;1
"26470";26470;1
"26471";26471;1
"26472";26472;1
"26473";26473;1
"26474";26474;1
"26475";26475;1
"26476";26476;1
"26477";26477;1
"26478";26478;1
"26479";26479;1
"26480";26480;1
"26481";26481;1
"26482";26482;1
"26483";26483;2
"26484";26484;1
"26485";26485;1
"26486";26486;2
"26487";26487;1
"26488";26488;1
"26489";26489;2
"26490";26490;1
"26491";26491;1
"26492";26492;1
"26493";26493;1
"26494";26494;1
"26495";26495;1
"26496";26496;1
"26497";26497;1
"26498";26498;1
"26499";26499;1
"26500";26500;1
"26501";26501;1
"26502";26502;1
"26503";26503;1
"26504";26504;1
"26505";26505;2
"26506";26506;1
"26507";26507;1
"26508";26508;1
"26509";26509;2
"26510";26510;1
"26511";26511;1
"26512";26512;1
"26513";26513;1
"26514";26514;1
"26515";26515;1
"26516";26516;2
"26517";26517;1
"26518";26518;1
"26519";26519;1
"26520";26520;1
"26521";26521;1
"26522";26522;1
"26523";26523;1
"26524";26524;2
"26525";26525;1
"26526";26526;2
"26527";26527;2
"26528";26528;1
"26529";26529;2
"26530";26530;1
"26531";26531;1
"26532";26532;2
"26533";26533;2
"26534";26534;2
"26535";26535;1
"26536";26536;1
"26537";26537;1
"26538";26538;1
"26539";26539;2
"26540";26540;1
"26541";26541;2
"26542";26542;1
"26543";26543;1
"26544";26544;1
"26545";26545;1
"26546";26546;1
"26547";26547;1
"26548";26548;1
"26549";26549;1
"26550";26550;1
"26551";26551;1
"26552";26552;1
"26553";26553;2
"26554";26554;2
"26555";26555;1
"26556";26556;2
"26557";26557;2
"26558";26558;1
"26559";26559;2
"26560";26560;1
"26561";26561;1
"26562";26562;1
"26563";26563;2
"26564";26564;1
"26565";26565;1
"26566";26566;2
"26567";26567;1
"26568";26568;1
"26569";26569;1
"26570";26570;2
"26571";26571;1
"26572";26572;1
"26573";26573;1
"26574";26574;1
"26575";26575;1
"26576";26576;1
"26577";26577;1
"26578";26578;1
"26579";26579;1
"26580";26580;1
"26581";26581;1
"26582";26582;1
"26583";26583;1
"26584";26584;1
"26585";26585;1
"26586";26586;1
"26587";26587;2
"26588";26588;2
"26589";26589;2
"26590";26590;1
"26591";26591;1
"26592";26592;2
"26593";26593;1
"26594";26594;1
"26595";26595;2
"26596";26596;1
"26597";26597;1
"26598";26598;1
"26599";26599;1
"26600";26600;2
"26601";26601;2
"26602";26602;2
"26603";26603;2
"26604";26604;2
"26605";26605;1
"26606";26606;1
"26607";26607;1
"26608";26608;1
"26609";26609;1
"26610";26610;2
"26611";26611;1
"26612";26612;1
"26613";26613;1
"26614";26614;1
"26615";26615;1
"26616";26616;2
"26617";26617;2
"26618";26618;1
"26619";26619;1
"26620";26620;1
"26621";26621;1
"26622";26622;1
"26623";26623;1
"26624";26624;1
"26625";26625;1
"26626";26626;1
"26627";26627;1
"26628";26628;2
"26629";26629;1
"26630";26630;2
"26631";26631;1
"26632";26632;1
"26633";26633;1
"26634";26634;2
"26635";26635;1
"26636";26636;1
"26637";26637;2
"26638";26638;1
"26639";26639;2
"26640";26640;2
"26641";26641;2
"26642";26642;2
"26643";26643;1
"26644";26644;2
"26645";26645;2
"26646";26646;2
"26647";26647;1
"26648";26648;1
"26649";26649;1
"26650";26650;1
"26651";26651;2
"26652";26652;2
"26653";26653;2
"26654";26654;2
"26655";26655;1
"26656";26656;2
"26657";26657;2
"26658";26658;2
"26659";26659;1
"26660";26660;1
"26661";26661;2
"26662";26662;1
"26663";26663;2
"26664";26664;1
"26665";26665;2
"26666";26666;1
"26667";26667;2
"26668";26668;1
"26669";26669;1
"26670";26670;1
"26671";26671;2
"26672";26672;1
"26673";26673;2
"26674";26674;1
"26675";26675;2
"26676";26676;2
"26677";26677;1
"26678";26678;1
"26679";26679;2
"26680";26680;2
"26681";26681;1
"26682";26682;1
"26683";26683;1
"26684";26684;1
"26685";26685;1
"26686";26686;1
"26687";26687;1
"26688";26688;1
"26689";26689;1
"26690";26690;1
"26691";26691;1
"26692";26692;1
"26693";26693;1
"26694";26694;1
"26695";26695;2
"26696";26696;1
"26697";26697;1
"26698";26698;1
"26699";26699;1
"26700";26700;1
"26701";26701;1
"26702";26702;2
"26703";26703;2
"26704";26704;1
"26705";26705;1
"26706";26706;1
"26707";26707;1
"26708";26708;1
"26709";26709;1
"26710";26710;1
"26711";26711;1
"26712";26712;2
"26713";26713;2
"26714";26714;1
"26715";26715;1
"26716";26716;2
"26717";26717;1
"26718";26718;2
"26719";26719;1
"26720";26720;1
"26721";26721;1
"26722";26722;2
"26723";26723;1
"26724";26724;1
"26725";26725;2
"26726";26726;2
"26727";26727;2
"26728";26728;1
"26729";26729;2
"26730";26730;1
"26731";26731;1
"26732";26732;1
"26733";26733;1
"26734";26734;1
"26735";26735;1
"26736";26736;1
"26737";26737;1
"26738";26738;1
"26739";26739;2
"26740";26740;1
"26741";26741;1
"26742";26742;2
"26743";26743;1
"26744";26744;1
"26745";26745;1
"26746";26746;1
"26747";26747;1
"26748";26748;1
"26749";26749;1
"26750";26750;2
"26751";26751;2
"26752";26752;2
"26753";26753;1
"26754";26754;1
"26755";26755;1
"26756";26756;2
"26757";26757;1
"26758";26758;2
"26759";26759;1
"26760";26760;1
"26761";26761;2
"26762";26762;1
"26763";26763;2
"26764";26764;1
"26765";26765;1
"26766";26766;2
"26767";26767;1
"26768";26768;1
"26769";26769;2
"26770";26770;1
"26771";26771;1
"26772";26772;1
"26773";26773;2
"26774";26774;1
"26775";26775;2
"26776";26776;1
"26777";26777;2
"26778";26778;2
"26779";26779;2
"26780";26780;2
"26781";26781;1
"26782";26782;1
"26783";26783;1
"26784";26784;1
"26785";26785;1
"26786";26786;1
"26787";26787;1
"26788";26788;1
"26789";26789;1
"26790";26790;2
"26791";26791;2
"26792";26792;2
"26793";26793;2
"26794";26794;1
"26795";26795;1
"26796";26796;1
"26797";26797;2
"26798";26798;2
"26799";26799;1
"26800";26800;1
"26801";26801;1
"26802";26802;1
"26803";26803;1
"26804";26804;2
"26805";26805;1
"26806";26806;1
"26807";26807;1
"26808";26808;2
"26809";26809;1
"26810";26810;1
"26811";26811;0
"26812";26812;2
"26813";26813;1
"26814";26814;1
"26815";26815;1
"26816";26816;2
"26817";26817;1
"26818";26818;1
"26819";26819;1
"26820";26820;1
"26821";26821;2
"26822";26822;1
"26823";26823;2
"26824";26824;2
"26825";26825;2
"26826";26826;2
"26827";26827;2
"26828";26828;2
"26829";26829;2
"26830";26830;2
"26831";26831;2
"26832";26832;1
"26833";26833;2
"26834";26834;2
"26835";26835;2
"26836";26836;2
"26837";26837;2
"26838";26838;2
"26839";26839;1
"26840";26840;1
"26841";26841;2
"26842";26842;2
"26843";26843;2
"26844";26844;2
"26845";26845;2
"26846";26846;2
"26847";26847;2
"26848";26848;2
"26849";26849;2
"26850";26850;1
"26851";26851;2
"26852";26852;1
"26853";26853;2
"26854";26854;1
"26855";26855;2
"26856";26856;1
"26857";26857;1
"26858";26858;2
"26859";26859;1
"26860";26860;2
"26861";26861;1
"26862";26862;2
"26863";26863;2
"26864";26864;2
"26865";26865;2
"26866";26866;2
"26867";26867;2
"26868";26868;2
"26869";26869;2
"26870";26870;1
"26871";26871;2
"26872";26872;2
"26873";26873;1
"26874";26874;2
"26875";26875;1
"26876";26876;2
"26877";26877;0
"26878";26878;2
"26879";26879;2
"26880";26880;1
"26881";26881;2
"26882";26882;2
"26883";26883;2
"26884";26884;1
"26885";26885;2
"26886";26886;2
"26887";26887;2
"26888";26888;1
"26889";26889;1
"26890";26890;2
"26891";26891;2
"26892";26892;2
"26893";26893;2
"26894";26894;2
"26895";26895;1
"26896";26896;2
"26897";26897;2
"26898";26898;2
"26899";26899;1
"26900";26900;1
"26901";26901;2
"26902";26902;1
"26903";26903;2
"26904";26904;2
"26905";26905;1
"26906";26906;2
"26907";26907;1
"26908";26908;2
"26909";26909;2
"26910";26910;2
"26911";26911;1
"26912";26912;2
"26913";26913;2
"26914";26914;2
"26915";26915;2
"26916";26916;2
"26917";26917;2
"26918";26918;2
"26919";26919;2
"26920";26920;2
"26921";26921;2
"26922";26922;2
"26923";26923;2
"26924";26924;2
"26925";26925;2
"26926";26926;2
"26927";26927;0
"26928";26928;2
"26929";26929;2
"26930";26930;2
"26931";26931;2
"26932";26932;2
"26933";26933;2
"26934";26934;2
"26935";26935;1
"26936";26936;2
"26937";26937;2
"26938";26938;1
"26939";26939;1
"26940";26940;2
"26941";26941;2
"26942";26942;1
"26943";26943;2
"26944";26944;2
"26945";26945;2
"26946";26946;1
"26947";26947;2
"26948";26948;2
"26949";26949;2
"26950";26950;1
"26951";26951;1
"26952";26952;2
"26953";26953;1
"26954";26954;1
"26955";26955;2
"26956";26956;1
"26957";26957;1
"26958";26958;1
"26959";26959;1
"26960";26960;1
"26961";26961;1
"26962";26962;2
"26963";26963;1
"26964";26964;2
"26965";26965;2
"26966";26966;1
"26967";26967;1
"26968";26968;1
"26969";26969;2
"26970";26970;2
"26971";26971;1
"26972";26972;2
"26973";26973;1
"26974";26974;2
"26975";26975;2
"26976";26976;1
"26977";26977;1
"26978";26978;1
"26979";26979;1
"26980";26980;2
"26981";26981;1
"26982";26982;1
"26983";26983;1
"26984";26984;2
"26985";26985;1
"26986";26986;1
"26987";26987;1
"26988";26988;2
"26989";26989;1
"26990";26990;1
"26991";26991;1
"26992";26992;1
"26993";26993;2
"26994";26994;1
"26995";26995;1
"26996";26996;1
"26997";26997;1
"26998";26998;1
"26999";26999;1
"27000";27000;1
"27001";27001;1
"27002";27002;1
"27003";27003;1
"27004";27004;1
"27005";27005;1
"27006";27006;1
"27007";27007;2
"27008";27008;1
"27009";27009;1
"27010";27010;1
"27011";27011;1
"27012";27012;1
"27013";27013;1
"27014";27014;1
"27015";27015;2
"27016";27016;1
"27017";27017;1
"27018";27018;1
"27019";27019;2
"27020";27020;1
"27021";27021;1
"27022";27022;1
"27023";27023;1
"27024";27024;2
"27025";27025;1
"27026";27026;1
"27027";27027;1
"27028";27028;2
"27029";27029;2
"27030";27030;1
"27031";27031;1
"27032";27032;1
"27033";27033;1
"27034";27034;1
"27035";27035;1
"27036";27036;2
"27037";27037;1
"27038";27038;1
"27039";27039;1
"27040";27040;1
"27041";27041;1
"27042";27042;1
"27043";27043;1
"27044";27044;1
"27045";27045;1
"27046";27046;1
"27047";27047;2
"27048";27048;2
"27049";27049;2
"27050";27050;1
"27051";27051;2
"27052";27052;1
"27053";27053;2
"27054";27054;0
"27055";27055;1
"27056";27056;1
"27057";27057;2
"27058";27058;2
"27059";27059;2
"27060";27060;1
"27061";27061;2
"27062";27062;2
"27063";27063;2
"27064";27064;2
"27065";27065;1
"27066";27066;2
"27067";27067;1
"27068";27068;2
"27069";27069;1
"27070";27070;1
"27071";27071;1
"27072";27072;2
"27073";27073;1
"27074";27074;2
"27075";27075;1
"27076";27076;1
"27077";27077;1
"27078";27078;1
"27079";27079;1
"27080";27080;1
"27081";27081;1
"27082";27082;2
"27083";27083;2
"27084";27084;2
"27085";27085;1
"27086";27086;1
"27087";27087;1
"27088";27088;1
"27089";27089;1
"27090";27090;1
"27091";27091;1
"27092";27092;2
"27093";27093;1
"27094";27094;1
"27095";27095;1
"27096";27096;1
"27097";27097;2
"27098";27098;2
"27099";27099;2
"27100";27100;2
"27101";27101;2
"27102";27102;2
"27103";27103;2
"27104";27104;1
"27105";27105;1
"27106";27106;2
"27107";27107;2
"27108";27108;2
"27109";27109;2
"27110";27110;2
"27111";27111;2
"27112";27112;2
"27113";27113;2
"27114";27114;1
"27115";27115;2
"27116";27116;1
"27117";27117;2
"27118";27118;1
"27119";27119;2
"27120";27120;2
"27121";27121;2
"27122";27122;2
"27123";27123;1
"27124";27124;1
"27125";27125;2
"27126";27126;2
"27127";27127;1
"27128";27128;2
"27129";27129;1
"27130";27130;2
"27131";27131;1
"27132";27132;2
"27133";27133;1
"27134";27134;2
"27135";27135;2
"27136";27136;1
"27137";27137;2
"27138";27138;1
"27139";27139;1
"27140";27140;2
"27141";27141;2
"27142";27142;2
"27143";27143;1
"27144";27144;2
"27145";27145;1
"27146";27146;1
"27147";27147;1
"27148";27148;2
"27149";27149;2
"27150";27150;2
"27151";27151;1
"27152";27152;1
"27153";27153;1
"27154";27154;1
"27155";27155;1
"27156";27156;1
"27157";27157;1
"27158";27158;1
"27159";27159;1
"27160";27160;1
"27161";27161;0
"27162";27162;2
"27163";27163;1
"27164";27164;2
"27165";27165;2
"27166";27166;2
"27167";27167;2
"27168";27168;2
"27169";27169;2
"27170";27170;1
"27171";27171;2
"27172";27172;1
"27173";27173;1
"27174";27174;2
"27175";27175;2
"27176";27176;0
"27177";27177;2
"27178";27178;1
"27179";27179;2
"27180";27180;2
"27181";27181;2
"27182";27182;2
"27183";27183;2
"27184";27184;1
"27185";27185;2
"27186";27186;2
"27187";27187;2
"27188";27188;1
"27189";27189;1
"27190";27190;2
"27191";27191;1
"27192";27192;2
"27193";27193;2
"27194";27194;2
"27195";27195;2
"27196";27196;2
"27197";27197;2
"27198";27198;2
"27199";27199;2
"27200";27200;0
"27201";27201;2
"27202";27202;0
"27203";27203;1
"27204";27204;2
"27205";27205;1
"27206";27206;1
"27207";27207;1
"27208";27208;2
"27209";27209;2
"27210";27210;1
"27211";27211;1
"27212";27212;0
"27213";27213;1
"27214";27214;2
"27215";27215;1
"27216";27216;1
"27217";27217;1
"27218";27218;1
"27219";27219;1
"27220";27220;1
"27221";27221;2
"27222";27222;2
"27223";27223;1
"27224";27224;2
"27225";27225;0
"27226";27226;1
"27227";27227;1
"27228";27228;1
"27229";27229;1
"27230";27230;2
"27231";27231;2
"27232";27232;1
"27233";27233;2
"27234";27234;1
"27235";27235;1
"27236";27236;2
"27237";27237;1
"27238";27238;2
"27239";27239;1
"27240";27240;1
"27241";27241;1
"27242";27242;2
"27243";27243;2
"27244";27244;2
"27245";27245;2
"27246";27246;2
"27247";27247;1
"27248";27248;2
"27249";27249;1
"27250";27250;2
"27251";27251;2
"27252";27252;1
"27253";27253;2
"27254";27254;2
"27255";27255;2
"27256";27256;2
"27257";27257;2
"27258";27258;1
"27259";27259;2
"27260";27260;2
"27261";27261;1
"27262";27262;2
"27263";27263;2
"27264";27264;2
"27265";27265;0
"27266";27266;1
"27267";27267;2
"27268";27268;2
"27269";27269;2
"27270";27270;1
"27271";27271;1
"27272";27272;1
"27273";27273;1
"27274";27274;1
"27275";27275;1
"27276";27276;1
"27277";27277;2
"27278";27278;1
"27279";27279;1
"27280";27280;1
"27281";27281;2
"27282";27282;1
"27283";27283;1
"27284";27284;1
"27285";27285;1
"27286";27286;2
"27287";27287;1
"27288";27288;1
"27289";27289;2
"27290";27290;1
"27291";27291;0
"27292";27292;2
"27293";27293;1
"27294";27294;2
"27295";27295;2
"27296";27296;1
"27297";27297;2
"27298";27298;1
"27299";27299;1
"27300";27300;1
"27301";27301;2
"27302";27302;1
"27303";27303;2
"27304";27304;2
"27305";27305;1
"27306";27306;1
"27307";27307;2
"27308";27308;1
"27309";27309;2
"27310";27310;2
"27311";27311;1
"27312";27312;1
"27313";27313;1
"27314";27314;2
"27315";27315;2
"27316";27316;2
"27317";27317;2
"27318";27318;1
"27319";27319;1
"27320";27320;2
"27321";27321;2
"27322";27322;2
"27323";27323;1
"27324";27324;1
"27325";27325;1
"27326";27326;1
"27327";27327;1
"27328";27328;1
"27329";27329;2
"27330";27330;2
"27331";27331;1
"27332";27332;1
"27333";27333;1
"27334";27334;1
"27335";27335;2
"27336";27336;1
"27337";27337;1
"27338";27338;2
"27339";27339;2
"27340";27340;1
"27341";27341;2
"27342";27342;2
"27343";27343;2
"27344";27344;2
"27345";27345;2
"27346";27346;1
"27347";27347;0
"27348";27348;2
"27349";27349;2
"27350";27350;2
"27351";27351;2
"27352";27352;2
"27353";27353;2
"27354";27354;1
"27355";27355;2
"27356";27356;2
"27357";27357;2
"27358";27358;2
"27359";27359;2
"27360";27360;1
"27361";27361;2
"27362";27362;2
"27363";27363;2
"27364";27364;1
"27365";27365;2
"27366";27366;2
"27367";27367;2
"27368";27368;1
"27369";27369;2
"27370";27370;2
"27371";27371;2
"27372";27372;2
"27373";27373;1
"27374";27374;2
"27375";27375;2
"27376";27376;2
"27377";27377;2
"27378";27378;1
"27379";27379;1
"27380";27380;2
"27381";27381;0
"27382";27382;2
"27383";27383;1
"27384";27384;1
"27385";27385;1
"27386";27386;1
"27387";27387;1
"27388";27388;1
"27389";27389;1
"27390";27390;1
"27391";27391;2
"27392";27392;1
"27393";27393;1
"27394";27394;1
"27395";27395;2
"27396";27396;1
"27397";27397;1
"27398";27398;1
"27399";27399;1
"27400";27400;1
"27401";27401;2
"27402";27402;1
"27403";27403;1
"27404";27404;1
"27405";27405;1
"27406";27406;2
"27407";27407;1
"27408";27408;2
"27409";27409;1
"27410";27410;1
"27411";27411;1
"27412";27412;2
"27413";27413;1
"27414";27414;1
"27415";27415;2
"27416";27416;2
"27417";27417;1
"27418";27418;1
"27419";27419;2
"27420";27420;1
"27421";27421;1
"27422";27422;1
"27423";27423;1
"27424";27424;2
"27425";27425;1
"27426";27426;1
"27427";27427;1
"27428";27428;1
"27429";27429;1
"27430";27430;1
"27431";27431;1
"27432";27432;2
"27433";27433;2
"27434";27434;1
"27435";27435;1
"27436";27436;1
"27437";27437;1
"27438";27438;1
"27439";27439;2
"27440";27440;1
"27441";27441;1
"27442";27442;1
"27443";27443;1
"27444";27444;1
"27445";27445;1
"27446";27446;1
"27447";27447;1
"27448";27448;1
"27449";27449;1
"27450";27450;2
"27451";27451;1
"27452";27452;1
"27453";27453;1
"27454";27454;1
"27455";27455;1
"27456";27456;1
"27457";27457;1
"27458";27458;1
"27459";27459;1
"27460";27460;1
"27461";27461;1
"27462";27462;1
"27463";27463;1
"27464";27464;1
"27465";27465;1
"27466";27466;1
"27467";27467;1
"27468";27468;1
"27469";27469;1
"27470";27470;1
"27471";27471;1
"27472";27472;1
"27473";27473;1
"27474";27474;1
"27475";27475;1
"27476";27476;2
"27477";27477;1
"27478";27478;1
"27479";27479;1
"27480";27480;1
"27481";27481;1
"27482";27482;1
"27483";27483;1
"27484";27484;2
"27485";27485;0
"27486";27486;1
"27487";27487;1
"27488";27488;1
"27489";27489;1
"27490";27490;1
"27491";27491;1
"27492";27492;1
"27493";27493;1
"27494";27494;2
"27495";27495;1
"27496";27496;1
"27497";27497;1
"27498";27498;2
"27499";27499;1
"27500";27500;1
"27501";27501;1
"27502";27502;1
"27503";27503;2
"27504";27504;1
"27505";27505;1
"27506";27506;1
"27507";27507;2
"27508";27508;1
"27509";27509;2
"27510";27510;1
"27511";27511;2
"27512";27512;1
"27513";27513;2
"27514";27514;2
"27515";27515;2
"27516";27516;1
"27517";27517;2
"27518";27518;1
"27519";27519;1
"27520";27520;2
"27521";27521;1
"27522";27522;1
"27523";27523;1
"27524";27524;1
"27525";27525;2
"27526";27526;1
"27527";27527;0
"27528";27528;1
"27529";27529;1
"27530";27530;1
"27531";27531;1
"27532";27532;2
"27533";27533;1
"27534";27534;2
"27535";27535;1
"27536";27536;1
"27537";27537;1
"27538";27538;2
"27539";27539;1
"27540";27540;1
"27541";27541;1
"27542";27542;1
"27543";27543;1
"27544";27544;1
"27545";27545;1
"27546";27546;1
"27547";27547;1
"27548";27548;1
"27549";27549;1
"27550";27550;1
"27551";27551;2
"27552";27552;1
"27553";27553;1
"27554";27554;1
"27555";27555;1
"27556";27556;1
"27557";27557;1
"27558";27558;1
"27559";27559;1
"27560";27560;1
"27561";27561;1
"27562";27562;1
"27563";27563;1
"27564";27564;1
"27565";27565;2
"27566";27566;2
"27567";27567;1
"27568";27568;1
"27569";27569;1
"27570";27570;1
"27571";27571;1
"27572";27572;1
"27573";27573;1
"27574";27574;1
"27575";27575;1
"27576";27576;1
"27577";27577;2
"27578";27578;1
"27579";27579;1
"27580";27580;1
"27581";27581;1
"27582";27582;2
"27583";27583;1
"27584";27584;1
"27585";27585;1
"27586";27586;1
"27587";27587;1
"27588";27588;1
"27589";27589;1
"27590";27590;1
"27591";27591;1
"27592";27592;1
"27593";27593;1
"27594";27594;1
"27595";27595;1
"27596";27596;1
"27597";27597;1
"27598";27598;1
"27599";27599;2
"27600";27600;1
"27601";27601;1
"27602";27602;1
"27603";27603;2
"27604";27604;1
"27605";27605;1
"27606";27606;2
"27607";27607;2
"27608";27608;1
"27609";27609;2
"27610";27610;1
"27611";27611;1
"27612";27612;2
"27613";27613;1
"27614";27614;1
"27615";27615;1
"27616";27616;2
"27617";27617;1
"27618";27618;2
"27619";27619;2
"27620";27620;1
"27621";27621;2
"27622";27622;2
"27623";27623;2
"27624";27624;1
"27625";27625;1
"27626";27626;1
"27627";27627;1
"27628";27628;1
"27629";27629;1
"27630";27630;1
"27631";27631;1
"27632";27632;0
"27633";27633;1
"27634";27634;1
"27635";27635;1
"27636";27636;1
"27637";27637;2
"27638";27638;1
"27639";27639;1
"27640";27640;1
"27641";27641;1
"27642";27642;1
"27643";27643;1
"27644";27644;1
"27645";27645;2
"27646";27646;1
"27647";27647;1
"27648";27648;1
"27649";27649;1
"27650";27650;1
"27651";27651;1
"27652";27652;1
"27653";27653;2
"27654";27654;1
"27655";27655;0
"27656";27656;2
"27657";27657;2
"27658";27658;1
"27659";27659;2
"27660";27660;1
"27661";27661;1
"27662";27662;1
"27663";27663;2
"27664";27664;1
"27665";27665;1
"27666";27666;1
"27667";27667;2
"27668";27668;1
"27669";27669;1
"27670";27670;1
"27671";27671;1
"27672";27672;2
"27673";27673;2
"27674";27674;2
"27675";27675;2
"27676";27676;2
"27677";27677;1
"27678";27678;1
"27679";27679;1
"27680";27680;1
"27681";27681;1
"27682";27682;1
"27683";27683;1
"27684";27684;1
"27685";27685;1
"27686";27686;1
"27687";27687;2
"27688";27688;1
"27689";27689;1
"27690";27690;1
"27691";27691;2
"27692";27692;1
"27693";27693;2
"27694";27694;1
"27695";27695;2
"27696";27696;2
"27697";27697;1
"27698";27698;2
"27699";27699;1
"27700";27700;2
"27701";27701;1
"27702";27702;2
"27703";27703;2
"27704";27704;1
"27705";27705;1
"27706";27706;2
"27707";27707;2
"27708";27708;0
"27709";27709;2
"27710";27710;2
"27711";27711;1
"27712";27712;1
"27713";27713;1
"27714";27714;1
"27715";27715;2
"27716";27716;2
"27717";27717;1
"27718";27718;1
"27719";27719;1
"27720";27720;2
"27721";27721;2
"27722";27722;2
"27723";27723;1
"27724";27724;1
"27725";27725;1
"27726";27726;2
"27727";27727;2
"27728";27728;2
"27729";27729;1
"27730";27730;1
"27731";27731;1
"27732";27732;2
"27733";27733;1
"27734";27734;1
"27735";27735;1
"27736";27736;1
"27737";27737;1
"27738";27738;1
"27739";27739;1
"27740";27740;1
"27741";27741;1
"27742";27742;1
"27743";27743;1
"27744";27744;2
"27745";27745;2
"27746";27746;2
"27747";27747;2
"27748";27748;2
"27749";27749;2
"27750";27750;2
"27751";27751;2
"27752";27752;2
"27753";27753;2
"27754";27754;1
"27755";27755;2
"27756";27756;2
"27757";27757;2
"27758";27758;2
"27759";27759;2
"27760";27760;2
"27761";27761;2
"27762";27762;2
"27763";27763;2
"27764";27764;2
"27765";27765;2
"27766";27766;2
"27767";27767;2
"27768";27768;2
"27769";27769;1
"27770";27770;2
"27771";27771;2
"27772";27772;2
"27773";27773;2
"27774";27774;2
"27775";27775;2
"27776";27776;2
"27777";27777;2
"27778";27778;2
"27779";27779;2
"27780";27780;2
"27781";27781;2
"27782";27782;2
"27783";27783;2
"27784";27784;2
"27785";27785;2
"27786";27786;2
"27787";27787;2
"27788";27788;2
"27789";27789;2
"27790";27790;1
"27791";27791;2
"27792";27792;2
"27793";27793;2
"27794";27794;2
"27795";27795;2
"27796";27796;2
"27797";27797;2
"27798";27798;1
"27799";27799;1
"27800";27800;1
"27801";27801;1
"27802";27802;1
"27803";27803;2
"27804";27804;1
"27805";27805;2
"27806";27806;2
"27807";27807;2
"27808";27808;2
"27809";27809;2
"27810";27810;2
"27811";27811;1
"27812";27812;2
"27813";27813;2
"27814";27814;2
"27815";27815;2
"27816";27816;2
"27817";27817;2
"27818";27818;1
"27819";27819;2
"27820";27820;2
"27821";27821;1
"27822";27822;2
"27823";27823;2
"27824";27824;2
"27825";27825;2
"27826";27826;2
"27827";27827;2
"27828";27828;1
"27829";27829;2
"27830";27830;1
"27831";27831;2
"27832";27832;2
"27833";27833;1
"27834";27834;1
"27835";27835;2
"27836";27836;1
"27837";27837;2
"27838";27838;2
"27839";27839;2
"27840";27840;2
"27841";27841;1
"27842";27842;1
"27843";27843;2
"27844";27844;1
"27845";27845;2
"27846";27846;2
"27847";27847;2
"27848";27848;2
"27849";27849;2
"27850";27850;2
"27851";27851;2
"27852";27852;2
"27853";27853;2
"27854";27854;2
"27855";27855;2
"27856";27856;2
"27857";27857;2
"27858";27858;1
"27859";27859;2
"27860";27860;1
"27861";27861;2
"27862";27862;2
"27863";27863;2
"27864";27864;2
"27865";27865;1
"27866";27866;2
"27867";27867;2
"27868";27868;2
"27869";27869;2
"27870";27870;2
"27871";27871;2
"27872";27872;2
"27873";27873;1
"27874";27874;2
"27875";27875;2
"27876";27876;2
"27877";27877;2
"27878";27878;2
"27879";27879;2
"27880";27880;2
"27881";27881;2
"27882";27882;2
"27883";27883;2
"27884";27884;1
"27885";27885;1
"27886";27886;2
"27887";27887;2
"27888";27888;2
"27889";27889;2
"27890";27890;2
"27891";27891;2
"27892";27892;2
"27893";27893;2
"27894";27894;1
"27895";27895;1
"27896";27896;2
"27897";27897;2
"27898";27898;2
"27899";27899;1
"27900";27900;1
"27901";27901;2
"27902";27902;2
"27903";27903;2
"27904";27904;2
"27905";27905;1
"27906";27906;2
"27907";27907;2
"27908";27908;1
"27909";27909;1
"27910";27910;2
"27911";27911;2
"27912";27912;2
"27913";27913;2
"27914";27914;2
"27915";27915;2
"27916";27916;2
"27917";27917;1
"27918";27918;2
"27919";27919;2
"27920";27920;2
"27921";27921;2
"27922";27922;2
"27923";27923;2
"27924";27924;2
"27925";27925;2
"27926";27926;2
"27927";27927;2
"27928";27928;2
"27929";27929;2
"27930";27930;2
"27931";27931;1
"27932";27932;1
"27933";27933;1
"27934";27934;1
"27935";27935;1
"27936";27936;1
"27937";27937;2
"27938";27938;1
"27939";27939;1
"27940";27940;1
"27941";27941;1
"27942";27942;1
"27943";27943;2
"27944";27944;2
"27945";27945;1
"27946";27946;1
"27947";27947;1
"27948";27948;1
"27949";27949;1
"27950";27950;1
"27951";27951;1
"27952";27952;1
"27953";27953;1
"27954";27954;1
"27955";27955;1
"27956";27956;1
"27957";27957;1
"27958";27958;1
"27959";27959;1
"27960";27960;1
"27961";27961;2
"27962";27962;1
"27963";27963;1
"27964";27964;1
"27965";27965;1
"27966";27966;1
"27967";27967;1
"27968";27968;1
"27969";27969;2
"27970";27970;1
"27971";27971;2
"27972";27972;2
"27973";27973;2
"27974";27974;2
"27975";27975;2
"27976";27976;2
"27977";27977;2
"27978";27978;2
"27979";27979;2
"27980";27980;2
"27981";27981;1
"27982";27982;2
"27983";27983;2
"27984";27984;2
"27985";27985;2
"27986";27986;1
"27987";27987;1
"27988";27988;0
"27989";27989;0
"27990";27990;1
"27991";27991;1
"27992";27992;1
"27993";27993;1
"27994";27994;2
"27995";27995;1
"27996";27996;1
"27997";27997;2
"27998";27998;2
"27999";27999;1
"28000";28000;1
"28001";28001;1
"28002";28002;1
"28003";28003;2
"28004";28004;1
"28005";28005;1
"28006";28006;1
"28007";28007;2
"28008";28008;2
"28009";28009;2
"28010";28010;2
"28011";28011;2
"28012";28012;1
"28013";28013;2
"28014";28014;1
"28015";28015;1
"28016";28016;1
"28017";28017;1
"28018";28018;2
"28019";28019;1
"28020";28020;2
"28021";28021;2
"28022";28022;2
"28023";28023;2
"28024";28024;1
"28025";28025;1
"28026";28026;1
"28027";28027;1
"28028";28028;1
"28029";28029;1
"28030";28030;1
"28031";28031;1
"28032";28032;1
"28033";28033;1
"28034";28034;1
"28035";28035;1
"28036";28036;1
"28037";28037;1
"28038";28038;1
"28039";28039;1
"28040";28040;1
"28041";28041;1
"28042";28042;1
"28043";28043;2
"28044";28044;2
"28045";28045;2
"28046";28046;2
"28047";28047;2
"28048";28048;1
"28049";28049;2
"28050";28050;1
"28051";28051;1
"28052";28052;2
"28053";28053;1
"28054";28054;1
"28055";28055;1
"28056";28056;1
"28057";28057;2
"28058";28058;1
"28059";28059;1
"28060";28060;1
"28061";28061;1
"28062";28062;1
"28063";28063;1
"28064";28064;1
"28065";28065;1
"28066";28066;1
"28067";28067;1
"28068";28068;1
"28069";28069;1
"28070";28070;1
"28071";28071;1
"28072";28072;1
"28073";28073;1
"28074";28074;1
"28075";28075;1
"28076";28076;1
"28077";28077;1
"28078";28078;1
"28079";28079;1
"28080";28080;1
"28081";28081;1
"28082";28082;1
"28083";28083;2
"28084";28084;1
"28085";28085;1
"28086";28086;1
"28087";28087;1
"28088";28088;1
"28089";28089;1
"28090";28090;1
"28091";28091;1
"28092";28092;1
"28093";28093;1
"28094";28094;1
"28095";28095;1
"28096";28096;1
"28097";28097;1
"28098";28098;1
"28099";28099;2
"28100";28100;1
"28101";28101;1
"28102";28102;1
"28103";28103;1
"28104";28104;1
"28105";28105;1
"28106";28106;2
"28107";28107;1
"28108";28108;1
"28109";28109;1
"28110";28110;1
"28111";28111;2
"28112";28112;2
"28113";28113;0
"28114";28114;2
"28115";28115;2
"28116";28116;2
"28117";28117;2
"28118";28118;0
"28119";28119;0
"28120";28120;2
"28121";28121;2
"28122";28122;2
"28123";28123;2
"28124";28124;1
"28125";28125;0
"28126";28126;0
"28127";28127;2
"28128";28128;2
"28129";28129;2
"28130";28130;1
"28131";28131;1
"28132";28132;1
"28133";28133;1
"28134";28134;1
"28135";28135;1
"28136";28136;1
"28137";28137;2
"28138";28138;0
"28139";28139;1
"28140";28140;2
"28141";28141;0
"28142";28142;2
"28143";28143;1
"28144";28144;1
"28145";28145;1
"28146";28146;1
"28147";28147;1
"28148";28148;1
"28149";28149;2
"28150";28150;2
"28151";28151;1
"28152";28152;1
"28153";28153;1
"28154";28154;1
"28155";28155;1
"28156";28156;1
"28157";28157;1
"28158";28158;1
"28159";28159;1
"28160";28160;1
"28161";28161;1
"28162";28162;2
"28163";28163;1
"28164";28164;1
"28165";28165;2
"28166";28166;1
"28167";28167;1
"28168";28168;1
"28169";28169;1
"28170";28170;1
"28171";28171;1
"28172";28172;1
"28173";28173;1
"28174";28174;1
"28175";28175;1
"28176";28176;1
"28177";28177;1
"28178";28178;1
"28179";28179;2
"28180";28180;1
"28181";28181;1
"28182";28182;1
"28183";28183;2
"28184";28184;1
"28185";28185;1
"28186";28186;1
"28187";28187;1
"28188";28188;1
"28189";28189;1
"28190";28190;2
"28191";28191;1
"28192";28192;2
"28193";28193;1
"28194";28194;1
"28195";28195;1
"28196";28196;1
"28197";28197;1
"28198";28198;1
"28199";28199;1
"28200";28200;1
"28201";28201;1
"28202";28202;1
"28203";28203;1
"28204";28204;1
"28205";28205;1
"28206";28206;2
"28207";28207;1
"28208";28208;1
"28209";28209;1
"28210";28210;1
"28211";28211;1
"28212";28212;1
"28213";28213;1
"28214";28214;2
"28215";28215;2
"28216";28216;1
"28217";28217;2
"28218";28218;1
"28219";28219;1
"28220";28220;1
"28221";28221;2
"28222";28222;1
"28223";28223;1
"28224";28224;1
"28225";28225;2
"28226";28226;1
"28227";28227;1
"28228";28228;1
"28229";28229;1
"28230";28230;1
"28231";28231;1
"28232";28232;2
"28233";28233;1
"28234";28234;1
"28235";28235;2
"28236";28236;2
"28237";28237;1
"28238";28238;1
"28239";28239;1
"28240";28240;2
"28241";28241;1
"28242";28242;2
"28243";28243;1
"28244";28244;1
"28245";28245;1
"28246";28246;1
"28247";28247;1
"28248";28248;1
"28249";28249;1
"28250";28250;1
"28251";28251;2
"28252";28252;1
"28253";28253;1
"28254";28254;2
"28255";28255;1
"28256";28256;1
"28257";28257;1
"28258";28258;2
"28259";28259;1
"28260";28260;1
"28261";28261;1
"28262";28262;1
"28263";28263;2
"28264";28264;1
"28265";28265;1
"28266";28266;1
"28267";28267;1
"28268";28268;2
"28269";28269;1
"28270";28270;1
"28271";28271;1
"28272";28272;1
"28273";28273;1
"28274";28274;2
"28275";28275;1
"28276";28276;1
"28277";28277;1
"28278";28278;1
"28279";28279;1
"28280";28280;2
"28281";28281;1
"28282";28282;1
"28283";28283;1
"28284";28284;1
"28285";28285;1
"28286";28286;1
"28287";28287;1
"28288";28288;1
"28289";28289;1
"28290";28290;1
"28291";28291;1
"28292";28292;2
"28293";28293;2
"28294";28294;2
"28295";28295;2
"28296";28296;1
"28297";28297;2
"28298";28298;2
"28299";28299;2
"28300";28300;2
"28301";28301;1
"28302";28302;2
"28303";28303;2
"28304";28304;1
"28305";28305;1
"28306";28306;2
"28307";28307;2
"28308";28308;2
"28309";28309;1
"28310";28310;1
"28311";28311;1
"28312";28312;2
"28313";28313;1
"28314";28314;1
"28315";28315;2
"28316";28316;2
"28317";28317;1
"28318";28318;1
"28319";28319;1
"28320";28320;1
"28321";28321;1
"28322";28322;2
"28323";28323;1
"28324";28324;1
"28325";28325;2
"28326";28326;1
"28327";28327;1
"28328";28328;1
"28329";28329;1
"28330";28330;1
"28331";28331;1
"28332";28332;1
"28333";28333;1
"28334";28334;2
"28335";28335;2
"28336";28336;1
"28337";28337;2
"28338";28338;1
"28339";28339;1
"28340";28340;1
"28341";28341;1
"28342";28342;2
"28343";28343;2
"28344";28344;1
"28345";28345;2
"28346";28346;0
"28347";28347;1
"28348";28348;1
"28349";28349;1
"28350";28350;1
"28351";28351;1
"28352";28352;1
"28353";28353;1
"28354";28354;1
"28355";28355;2
"28356";28356;1
"28357";28357;1
"28358";28358;2
"28359";28359;2
"28360";28360;2
"28361";28361;1
"28362";28362;1
"28363";28363;1
"28364";28364;2
"28365";28365;1
"28366";28366;1
"28367";28367;1
"28368";28368;2
"28369";28369;1
"28370";28370;1
"28371";28371;2
"28372";28372;1
"28373";28373;1
"28374";28374;2
"28375";28375;2
"28376";28376;1
"28377";28377;2
"28378";28378;1
"28379";28379;2
"28380";28380;1
"28381";28381;2
"28382";28382;1
"28383";28383;2
"28384";28384;1
"28385";28385;1
"28386";28386;2
"28387";28387;1
"28388";28388;2
"28389";28389;1
"28390";28390;1
"28391";28391;1
"28392";28392;1
"28393";28393;1
"28394";28394;1
"28395";28395;2
"28396";28396;1
"28397";28397;2
"28398";28398;1
"28399";28399;1
"28400";28400;1
"28401";28401;1
"28402";28402;1
"28403";28403;1
"28404";28404;1
"28405";28405;1
"28406";28406;1
"28407";28407;1
"28408";28408;1
"28409";28409;1
"28410";28410;1
"28411";28411;1
"28412";28412;1
"28413";28413;1
"28414";28414;1
"28415";28415;1
"28416";28416;1
"28417";28417;2
"28418";28418;1
"28419";28419;1
"28420";28420;1
"28421";28421;2
"28422";28422;1
"28423";28423;1
"28424";28424;1
"28425";28425;1
"28426";28426;2
"28427";28427;2
"28428";28428;2
"28429";28429;1
"28430";28430;1
"28431";28431;1
"28432";28432;1
"28433";28433;1
"28434";28434;1
"28435";28435;1
"28436";28436;1
"28437";28437;2
"28438";28438;1
"28439";28439;1
"28440";28440;1
"28441";28441;1
"28442";28442;1
"28443";28443;1
"28444";28444;1
"28445";28445;1
"28446";28446;1
"28447";28447;1
"28448";28448;1
"28449";28449;2
"28450";28450;1
"28451";28451;1
"28452";28452;2
"28453";28453;1
"28454";28454;1
"28455";28455;1
"28456";28456;1
"28457";28457;2
"28458";28458;1
"28459";28459;1
"28460";28460;2
"28461";28461;1
"28462";28462;1
"28463";28463;1
"28464";28464;1
"28465";28465;2
"28466";28466;2
"28467";28467;1
"28468";28468;1
"28469";28469;1
"28470";28470;2
"28471";28471;2
"28472";28472;2
"28473";28473;2
"28474";28474;1
"28475";28475;2
"28476";28476;2
"28477";28477;1
"28478";28478;1
"28479";28479;2
"28480";28480;1
"28481";28481;1
"28482";28482;2
"28483";28483;1
"28484";28484;1
"28485";28485;2
"28486";28486;2
"28487";28487;1
"28488";28488;1
"28489";28489;1
"28490";28490;1
"28491";28491;1
"28492";28492;1
"28493";28493;1
"28494";28494;2
"28495";28495;2
"28496";28496;1
"28497";28497;2
"28498";28498;1
"28499";28499;2
"28500";28500;2
"28501";28501;2
"28502";28502;1
"28503";28503;1
"28504";28504;1
"28505";28505;2
"28506";28506;2
"28507";28507;1
"28508";28508;1
"28509";28509;1
"28510";28510;1
"28511";28511;1
"28512";28512;1
"28513";28513;1
"28514";28514;1
"28515";28515;1
"28516";28516;2
"28517";28517;1
"28518";28518;2
"28519";28519;2
"28520";28520;1
"28521";28521;1
"28522";28522;2
"28523";28523;2
"28524";28524;2
"28525";28525;1
"28526";28526;1
"28527";28527;2
"28528";28528;1
"28529";28529;1
"28530";28530;1
"28531";28531;2
"28532";28532;2
"28533";28533;1
"28534";28534;1
"28535";28535;2
"28536";28536;2
"28537";28537;1
"28538";28538;2
"28539";28539;2
"28540";28540;2
"28541";28541;1
"28542";28542;1
"28543";28543;1
"28544";28544;2
"28545";28545;2
"28546";28546;2
"28547";28547;2
"28548";28548;2
"28549";28549;2
"28550";28550;1
"28551";28551;2
"28552";28552;1
"28553";28553;1
"28554";28554;2
"28555";28555;1
"28556";28556;1
"28557";28557;2
"28558";28558;2
"28559";28559;1
"28560";28560;2
"28561";28561;2
"28562";28562;2
"28563";28563;2
"28564";28564;1
"28565";28565;2
"28566";28566;1
"28567";28567;2
"28568";28568;2
"28569";28569;2
"28570";28570;0
"28571";28571;1
"28572";28572;1
"28573";28573;1
"28574";28574;1
"28575";28575;0
"28576";28576;2
"28577";28577;1
"28578";28578;1
"28579";28579;0
"28580";28580;2
"28581";28581;1
"28582";28582;2
"28583";28583;1
"28584";28584;1
"28585";28585;1
"28586";28586;1
"28587";28587;2
"28588";28588;1
"28589";28589;1
"28590";28590;1
"28591";28591;1
"28592";28592;1
"28593";28593;1
"28594";28594;2
"28595";28595;1
"28596";28596;1
"28597";28597;1
"28598";28598;2
"28599";28599;1
"28600";28600;1
"28601";28601;1
"28602";28602;2
"28603";28603;1
"28604";28604;1
"28605";28605;1
"28606";28606;2
"28607";28607;1
"28608";28608;1
"28609";28609;1
"28610";28610;2
"28611";28611;1
"28612";28612;1
"28613";28613;2
"28614";28614;2
"28615";28615;1
"28616";28616;1
"28617";28617;1
"28618";28618;1
"28619";28619;1
"28620";28620;1
"28621";28621;1
"28622";28622;1
"28623";28623;2
"28624";28624;1
"28625";28625;1
"28626";28626;2
"28627";28627;1
"28628";28628;1
"28629";28629;1
"28630";28630;1
"28631";28631;1
"28632";28632;1
"28633";28633;2
"28634";28634;1
"28635";28635;1
"28636";28636;1
"28637";28637;1
"28638";28638;2
"28639";28639;1
"28640";28640;1
"28641";28641;1
"28642";28642;1
"28643";28643;1
"28644";28644;2
"28645";28645;1
"28646";28646;2
"28647";28647;2
"28648";28648;1
"28649";28649;1
"28650";28650;2
"28651";28651;1
"28652";28652;1
"28653";28653;1
"28654";28654;1
"28655";28655;2
"28656";28656;1
"28657";28657;1
"28658";28658;2
"28659";28659;1
"28660";28660;2
"28661";28661;2
"28662";28662;1
"28663";28663;1
"28664";28664;1
"28665";28665;1
"28666";28666;2
"28667";28667;1
"28668";28668;1
"28669";28669;2
"28670";28670;1
"28671";28671;1
"28672";28672;1
"28673";28673;1
"28674";28674;2
"28675";28675;1
"28676";28676;1
"28677";28677;1
"28678";28678;1
"28679";28679;1
"28680";28680;1
"28681";28681;2
"28682";28682;1
"28683";28683;1
"28684";28684;1
"28685";28685;1
"28686";28686;1
"28687";28687;1
"28688";28688;1
"28689";28689;1
"28690";28690;1
"28691";28691;1
"28692";28692;1
"28693";28693;2
"28694";28694;1
"28695";28695;2
"28696";28696;1
"28697";28697;1
"28698";28698;1
"28699";28699;1
"28700";28700;2
"28701";28701;1
"28702";28702;2
"28703";28703;1
"28704";28704;2
"28705";28705;1
"28706";28706;2
"28707";28707;1
"28708";28708;1
"28709";28709;2
"28710";28710;1
"28711";28711;2
"28712";28712;1
"28713";28713;2
"28714";28714;1
"28715";28715;1
"28716";28716;1
"28717";28717;1
"28718";28718;2
"28719";28719;1
"28720";28720;1
"28721";28721;1
"28722";28722;1
"28723";28723;1
"28724";28724;1
"28725";28725;2
"28726";28726;1
"28727";28727;1
"28728";28728;2
"28729";28729;2
"28730";28730;2
"28731";28731;1
"28732";28732;1
"28733";28733;1
"28734";28734;2
"28735";28735;2
"28736";28736;1
"28737";28737;2
"28738";28738;1
"28739";28739;1
"28740";28740;1
"28741";28741;1
"28742";28742;1
"28743";28743;1
"28744";28744;1
"28745";28745;0
"28746";28746;2
"28747";28747;1
"28748";28748;0
"28749";28749;0
"28750";28750;1
"28751";28751;1
"28752";28752;0
"28753";28753;0
"28754";28754;1
"28755";28755;0
"28756";28756;0
"28757";28757;0
"28758";28758;1
"28759";28759;0
"28760";28760;1
"28761";28761;1
"28762";28762;0
"28763";28763;2
"28764";28764;2
"28765";28765;0
"28766";28766;1
"28767";28767;0
"28768";28768;0
"28769";28769;0
"28770";28770;0
"28771";28771;2
"28772";28772;0
"28773";28773;1
"28774";28774;2
"28775";28775;0
"28776";28776;0
"28777";28777;2
"28778";28778;2
"28779";28779;0
"28780";28780;1
"28781";28781;0
"28782";28782;0
"28783";28783;1
"28784";28784;0
"28785";28785;1
"28786";28786;0
"28787";28787;0
"28788";28788;2
"28789";28789;1
"28790";28790;2
"28791";28791;2
"28792";28792;1
"28793";28793;2
"28794";28794;2
"28795";28795;1
"28796";28796;2
"28797";28797;1
"28798";28798;2
"28799";28799;2
"28800";28800;2
"28801";28801;2
"28802";28802;2
"28803";28803;2
"28804";28804;2
"28805";28805;1
"28806";28806;2
"28807";28807;1
"28808";28808;2
"28809";28809;2
"28810";28810;1
"28811";28811;2
"28812";28812;0
"28813";28813;1
"28814";28814;2
"28815";28815;2
"28816";28816;1
"28817";28817;1
"28818";28818;1
"28819";28819;2
"28820";28820;1
"28821";28821;0
"28822";28822;1
"28823";28823;2
"28824";28824;1
"28825";28825;2
"28826";28826;2
"28827";28827;0
"28828";28828;2
"28829";28829;2
"28830";28830;2
"28831";28831;1
"28832";28832;1
"28833";28833;1
"28834";28834;1
"28835";28835;1
"28836";28836;2
"28837";28837;2
"28838";28838;2
"28839";28839;1
"28840";28840;1
"28841";28841;2
"28842";28842;2
"28843";28843;2
"28844";28844;1
"28845";28845;2
"28846";28846;1
"28847";28847;2
"28848";28848;2
"28849";28849;2
"28850";28850;1
"28851";28851;1
"28852";28852;2
"28853";28853;0
"28854";28854;2
"28855";28855;0
"28856";28856;1
"28857";28857;2
"28858";28858;2
"28859";28859;2
"28860";28860;2
"28861";28861;2
"28862";28862;2
"28863";28863;2
"28864";28864;2
"28865";28865;2
"28866";28866;1
"28867";28867;1
"28868";28868;1
"28869";28869;2
"28870";28870;2
"28871";28871;1
"28872";28872;2
"28873";28873;2
"28874";28874;2
"28875";28875;2
"28876";28876;2
"28877";28877;0
"28878";28878;2
"28879";28879;2
"28880";28880;2
"28881";28881;2
"28882";28882;2
"28883";28883;2
"28884";28884;2
"28885";28885;2
"28886";28886;2
"28887";28887;2
"28888";28888;2
"28889";28889;2
"28890";28890;1
"28891";28891;2
"28892";28892;2
"28893";28893;2
"28894";28894;1
"28895";28895;2
"28896";28896;2
"28897";28897;2
"28898";28898;1
"28899";28899;2
"28900";28900;2
"28901";28901;1
"28902";28902;2
"28903";28903;2
"28904";28904;1
"28905";28905;2
"28906";28906;2
"28907";28907;2
"28908";28908;0
"28909";28909;2
"28910";28910;2
"28911";28911;2
"28912";28912;1
"28913";28913;1
"28914";28914;2
"28915";28915;1
"28916";28916;1
"28917";28917;1
"28918";28918;1
"28919";28919;2
"28920";28920;1
"28921";28921;2
"28922";28922;1
"28923";28923;2
"28924";28924;2
"28925";28925;1
"28926";28926;1
"28927";28927;1
"28928";28928;2
"28929";28929;2
"28930";28930;1
"28931";28931;2
"28932";28932;2
"28933";28933;1
"28934";28934;2
"28935";28935;2
"28936";28936;2
"28937";28937;2
"28938";28938;2
"28939";28939;1
"28940";28940;2
"28941";28941;2
"28942";28942;2
"28943";28943;2
"28944";28944;1
"28945";28945;2
"28946";28946;2
"28947";28947;1
"28948";28948;2
"28949";28949;2
"28950";28950;2
"28951";28951;2
"28952";28952;2
"28953";28953;2
"28954";28954;1
"28955";28955;1
"28956";28956;1
"28957";28957;2
"28958";28958;1
"28959";28959;2
"28960";28960;2
"28961";28961;2
"28962";28962;2
"28963";28963;1
"28964";28964;2
"28965";28965;1
"28966";28966;2
"28967";28967;2
"28968";28968;1
"28969";28969;1
"28970";28970;1
"28971";28971;2
"28972";28972;2
"28973";28973;1
"28974";28974;2
"28975";28975;2
"28976";28976;2
"28977";28977;1
"28978";28978;2
"28979";28979;2
"28980";28980;2
"28981";28981;2
"28982";28982;1
"28983";28983;1
"28984";28984;0
"28985";28985;1
"28986";28986;1
"28987";28987;1
"28988";28988;1
"28989";28989;1
"28990";28990;2
"28991";28991;1
"28992";28992;1
"28993";28993;2
"28994";28994;1
"28995";28995;1
"28996";28996;1
"28997";28997;1
"28998";28998;1
"28999";28999;2
"29000";29000;1
"29001";29001;2
"29002";29002;2
"29003";29003;2
"29004";29004;2
"29005";29005;1
"29006";29006;1
"29007";29007;1
"29008";29008;1
"29009";29009;1
"29010";29010;1
"29011";29011;1
"29012";29012;2
"29013";29013;2
"29014";29014;2
"29015";29015;2
"29016";29016;2
"29017";29017;1
"29018";29018;2
"29019";29019;2
"29020";29020;2
"29021";29021;1
"29022";29022;2
"29023";29023;1
"29024";29024;2
"29025";29025;2
"29026";29026;1
"29027";29027;2
"29028";29028;2
"29029";29029;1
"29030";29030;2
"29031";29031;2
"29032";29032;1
"29033";29033;1
"29034";29034;1
"29035";29035;1
"29036";29036;1
"29037";29037;2
"29038";29038;1
"29039";29039;1
"29040";29040;2
"29041";29041;0
"29042";29042;2
"29043";29043;2
"29044";29044;2
"29045";29045;2
"29046";29046;1
"29047";29047;2
"29048";29048;2
"29049";29049;2
"29050";29050;2
"29051";29051;2
"29052";29052;1
"29053";29053;2
"29054";29054;1
"29055";29055;2
"29056";29056;1
"29057";29057;1
"29058";29058;1
"29059";29059;1
"29060";29060;2
"29061";29061;2
"29062";29062;2
"29063";29063;2
"29064";29064;2
"29065";29065;1
"29066";29066;2
"29067";29067;2
"29068";29068;2
"29069";29069;2
"29070";29070;2
"29071";29071;1
"29072";29072;1
"29073";29073;2
"29074";29074;2
"29075";29075;2
"29076";29076;2
"29077";29077;1
"29078";29078;2
"29079";29079;2
"29080";29080;2
"29081";29081;2
"29082";29082;2
"29083";29083;2
"29084";29084;2
"29085";29085;1
"29086";29086;0
"29087";29087;0
"29088";29088;2
"29089";29089;2
"29090";29090;2
"29091";29091;2
"29092";29092;2
"29093";29093;2
"29094";29094;1
"29095";29095;0
"29096";29096;2
"29097";29097;1
"29098";29098;2
"29099";29099;1
"29100";29100;2
"29101";29101;2
"29102";29102;2
"29103";29103;2
"29104";29104;2
"29105";29105;1
"29106";29106;2
"29107";29107;2
"29108";29108;2
"29109";29109;2
"29110";29110;0
"29111";29111;0
"29112";29112;2
"29113";29113;2
"29114";29114;1
"29115";29115;2
"29116";29116;2
"29117";29117;1
"29118";29118;1
"29119";29119;2
"29120";29120;2
"29121";29121;2
"29122";29122;2
"29123";29123;2
"29124";29124;1
"29125";29125;1
"29126";29126;2
"29127";29127;2
"29128";29128;1
"29129";29129;2
"29130";29130;2
"29131";29131;2
"29132";29132;1
"29133";29133;1
"29134";29134;1
"29135";29135;2
"29136";29136;2
"29137";29137;2
"29138";29138;1
"29139";29139;2
"29140";29140;2
"29141";29141;2
"29142";29142;1
"29143";29143;2
"29144";29144;0
"29145";29145;2
"29146";29146;2
"29147";29147;1
"29148";29148;2
"29149";29149;1
"29150";29150;2
"29151";29151;2
"29152";29152;1
"29153";29153;2
"29154";29154;2
"29155";29155;2
"29156";29156;2
"29157";29157;2
"29158";29158;2
"29159";29159;2
"29160";29160;2
"29161";29161;2
"29162";29162;2
"29163";29163;1
"29164";29164;2
"29165";29165;2
"29166";29166;2
"29167";29167;2
"29168";29168;2
"29169";29169;2
"29170";29170;2
"29171";29171;2
"29172";29172;1
"29173";29173;2
"29174";29174;2
"29175";29175;2
"29176";29176;2
"29177";29177;2
"29178";29178;2
"29179";29179;2
"29180";29180;2
"29181";29181;2
"29182";29182;2
"29183";29183;2
"29184";29184;2
"29185";29185;2
"29186";29186;2
"29187";29187;2
"29188";29188;2
"29189";29189;2
"29190";29190;2
"29191";29191;2
"29192";29192;2
"29193";29193;2
"29194";29194;0
"29195";29195;2
"29196";29196;2
"29197";29197;2
"29198";29198;2
"29199";29199;2
"29200";29200;1
"29201";29201;2
"29202";29202;2
"29203";29203;0
"29204";29204;2
"29205";29205;0
"29206";29206;2
"29207";29207;1
"29208";29208;2
"29209";29209;0
"29210";29210;1
"29211";29211;1
"29212";29212;1
"29213";29213;1
"29214";29214;1
"29215";29215;2
"29216";29216;0
"29217";29217;1
"29218";29218;1
"29219";29219;2
"29220";29220;2
"29221";29221;2
"29222";29222;2
"29223";29223;2
"29224";29224;2
"29225";29225;2
"29226";29226;2
"29227";29227;2
"29228";29228;2
"29229";29229;2
"29230";29230;2
"29231";29231;2
"29232";29232;1
"29233";29233;2
"29234";29234;2
"29235";29235;2
"29236";29236;2
"29237";29237;2
"29238";29238;1
"29239";29239;2
"29240";29240;2
"29241";29241;1
"29242";29242;2
"29243";29243;2
"29244";29244;2
"29245";29245;2
"29246";29246;1
"29247";29247;1
"29248";29248;2
"29249";29249;2
"29250";29250;1
"29251";29251;1
"29252";29252;1
"29253";29253;2
"29254";29254;2
"29255";29255;2
"29256";29256;2
"29257";29257;1
"29258";29258;2
"29259";29259;2
"29260";29260;1
"29261";29261;2
"29262";29262;2
"29263";29263;1
"29264";29264;2
"29265";29265;2
"29266";29266;1
"29267";29267;1
"29268";29268;2
"29269";29269;2
"29270";29270;2
"29271";29271;2
"29272";29272;2
"29273";29273;2
"29274";29274;2
"29275";29275;2
"29276";29276;2
"29277";29277;1
"29278";29278;2
"29279";29279;1
"29280";29280;1
"29281";29281;1
"29282";29282;1
"29283";29283;1
"29284";29284;1
"29285";29285;1
"29286";29286;1
"29287";29287;2
"29288";29288;1
"29289";29289;1
"29290";29290;1
"29291";29291;1
"29292";29292;1
"29293";29293;1
"29294";29294;1
"29295";29295;1
"29296";29296;1
"29297";29297;2
"29298";29298;2
"29299";29299;2
"29300";29300;1
"29301";29301;1
"29302";29302;2
"29303";29303;1
"29304";29304;1
"29305";29305;1
"29306";29306;2
"29307";29307;1
"29308";29308;1
"29309";29309;2
"29310";29310;1
"29311";29311;1
"29312";29312;1
"29313";29313;2
"29314";29314;2
"29315";29315;1
"29316";29316;2
"29317";29317;2
"29318";29318;2
"29319";29319;1
"29320";29320;1
"29321";29321;1
"29322";29322;1
"29323";29323;1
"29324";29324;1
"29325";29325;2
"29326";29326;1
"29327";29327;1
"29328";29328;2
"29329";29329;1
"29330";29330;1
"29331";29331;1
"29332";29332;1
"29333";29333;1
"29334";29334;1
"29335";29335;1
"29336";29336;1
"29337";29337;1
"29338";29338;1
"29339";29339;1
"29340";29340;1
"29341";29341;1
"29342";29342;1
"29343";29343;2
"29344";29344;1
"29345";29345;2
"29346";29346;1
"29347";29347;1
"29348";29348;1
"29349";29349;1
"29350";29350;1
"29351";29351;1
"29352";29352;1
"29353";29353;1
"29354";29354;1
"29355";29355;1
"29356";29356;1
"29357";29357;1
"29358";29358;1
"29359";29359;1
"29360";29360;2
"29361";29361;1
"29362";29362;1
"29363";29363;1
"29364";29364;1
"29365";29365;1
"29366";29366;1
"29367";29367;1
"29368";29368;1
"29369";29369;1
"29370";29370;1
"29371";29371;1
"29372";29372;0
"29373";29373;1
"29374";29374;1
"29375";29375;2
"29376";29376;1
"29377";29377;1
"29378";29378;1
"29379";29379;1
"29380";29380;1
"29381";29381;1
"29382";29382;2
"29383";29383;1
"29384";29384;1
"29385";29385;0
"29386";29386;1
"29387";29387;1
"29388";29388;1
"29389";29389;1
"29390";29390;1
"29391";29391;2
"29392";29392;1
"29393";29393;1
"29394";29394;1
"29395";29395;1
"29396";29396;2
"29397";29397;2
"29398";29398;1
"29399";29399;1
"29400";29400;1
"29401";29401;1
"29402";29402;2
"29403";29403;1
"29404";29404;2
"29405";29405;1
"29406";29406;1
"29407";29407;1
"29408";29408;1
"29409";29409;1
"29410";29410;1
"29411";29411;1
"29412";29412;1
"29413";29413;1
"29414";29414;2
"29415";29415;1
"29416";29416;1
"29417";29417;1
"29418";29418;1
"29419";29419;1
"29420";29420;2
"29421";29421;1
"29422";29422;1
"29423";29423;1
"29424";29424;1
"29425";29425;2
"29426";29426;2
"29427";29427;2
"29428";29428;1
"29429";29429;0
"29430";29430;1
"29431";29431;2
"29432";29432;1
"29433";29433;1
"29434";29434;1
"29435";29435;1
"29436";29436;2
"29437";29437;1
"29438";29438;1
"29439";29439;1
"29440";29440;2
"29441";29441;1
"29442";29442;1
"29443";29443;1
"29444";29444;1
"29445";29445;1
"29446";29446;2
"29447";29447;1
"29448";29448;2
"29449";29449;2
"29450";29450;2
"29451";29451;2
"29452";29452;0
"29453";29453;2
"29454";29454;2
"29455";29455;2
"29456";29456;2
"29457";29457;2
"29458";29458;2
"29459";29459;2
"29460";29460;1
"29461";29461;2
"29462";29462;2
"29463";29463;1
"29464";29464;1
"29465";29465;2
"29466";29466;2
"29467";29467;2
"29468";29468;1
"29469";29469;1
"29470";29470;1
"29471";29471;1
"29472";29472;1
"29473";29473;1
"29474";29474;1
"29475";29475;1
"29476";29476;2
"29477";29477;1
"29478";29478;1
"29479";29479;1
"29480";29480;1
"29481";29481;2
"29482";29482;2
"29483";29483;2
"29484";29484;1
"29485";29485;1
"29486";29486;1
"29487";29487;1
"29488";29488;1
"29489";29489;1
"29490";29490;2
"29491";29491;2
"29492";29492;2
"29493";29493;2
"29494";29494;1
"29495";29495;1
"29496";29496;1
"29497";29497;1
"29498";29498;1
"29499";29499;1
"29500";29500;1
"29501";29501;1
"29502";29502;2
"29503";29503;2
"29504";29504;1
"29505";29505;2
"29506";29506;2
"29507";29507;2
"29508";29508;2
"29509";29509;2
"29510";29510;2
"29511";29511;1
"29512";29512;2
"29513";29513;1
"29514";29514;2
"29515";29515;2
"29516";29516;2
"29517";29517;1
"29518";29518;2
"29519";29519;1
"29520";29520;1
"29521";29521;2
"29522";29522;2
"29523";29523;2
"29524";29524;2
"29525";29525;1
"29526";29526;1
"29527";29527;2
"29528";29528;1
"29529";29529;1
"29530";29530;2
"29531";29531;1
"29532";29532;2
"29533";29533;1
"29534";29534;2
"29535";29535;1
"29536";29536;2
"29537";29537;1
"29538";29538;2
"29539";29539;2
"29540";29540;2
"29541";29541;1
"29542";29542;2
"29543";29543;2
"29544";29544;2
"29545";29545;2
"29546";29546;2
"29547";29547;2
"29548";29548;2
"29549";29549;2
"29550";29550;2
"29551";29551;2
"29552";29552;2
"29553";29553;2
"29554";29554;2
"29555";29555;2
"29556";29556;2
"29557";29557;2
"29558";29558;1
"29559";29559;2
"29560";29560;2
"29561";29561;2
"29562";29562;2
"29563";29563;2
"29564";29564;1
"29565";29565;1
"29566";29566;2
"29567";29567;1
"29568";29568;2
"29569";29569;1
"29570";29570;1
"29571";29571;2
"29572";29572;2
"29573";29573;2
"29574";29574;2
"29575";29575;1
"29576";29576;1
"29577";29577;1
"29578";29578;1
"29579";29579;1
"29580";29580;1
"29581";29581;2
"29582";29582;2
"29583";29583;2
"29584";29584;2
"29585";29585;2
"29586";29586;1
"29587";29587;2
"29588";29588;2
"29589";29589;2
"29590";29590;1
"29591";29591;2
"29592";29592;1
"29593";29593;2
"29594";29594;1
"29595";29595;1
"29596";29596;2
"29597";29597;1
"29598";29598;1
"29599";29599;2
"29600";29600;1
"29601";29601;2
"29602";29602;2
"29603";29603;2
"29604";29604;2
"29605";29605;2
"29606";29606;1
"29607";29607;1
"29608";29608;1
"29609";29609;2
"29610";29610;2
"29611";29611;2
"29612";29612;2
"29613";29613;2
"29614";29614;2
"29615";29615;2
"29616";29616;2
"29617";29617;2
"29618";29618;2
"29619";29619;2
"29620";29620;2
"29621";29621;2
"29622";29622;2
"29623";29623;2
"29624";29624;2
"29625";29625;1
"29626";29626;2
"29627";29627;2
"29628";29628;0
"29629";29629;2
"29630";29630;1
"29631";29631;1
"29632";29632;1
"29633";29633;2
"29634";29634;2
"29635";29635;2
"29636";29636;2
"29637";29637;1
"29638";29638;2
"29639";29639;1
"29640";29640;2
"29641";29641;2
"29642";29642;2
"29643";29643;2
"29644";29644;2
"29645";29645;2
"29646";29646;1
"29647";29647;1
"29648";29648;1
"29649";29649;1
"29650";29650;2
"29651";29651;1
"29652";29652;2
"29653";29653;2
"29654";29654;2
"29655";29655;2
"29656";29656;1
"29657";29657;2
"29658";29658;1
"29659";29659;1
"29660";29660;1
"29661";29661;2
"29662";29662;1
"29663";29663;2
"29664";29664;2
"29665";29665;2
"29666";29666;2
"29667";29667;2
"29668";29668;2
"29669";29669;2
"29670";29670;2
"29671";29671;1
"29672";29672;2
"29673";29673;2
"29674";29674;2
"29675";29675;2
"29676";29676;2
"29677";29677;1
"29678";29678;1
"29679";29679;1
"29680";29680;2
"29681";29681;2
"29682";29682;1
"29683";29683;2
"29684";29684;2
"29685";29685;1
"29686";29686;1
"29687";29687;1
"29688";29688;1
"29689";29689;1
"29690";29690;2
"29691";29691;2
"29692";29692;2
"29693";29693;2
"29694";29694;1
"29695";29695;2
"29696";29696;2
"29697";29697;2
"29698";29698;2
"29699";29699;2
"29700";29700;2
"29701";29701;2
"29702";29702;2
"29703";29703;1
"29704";29704;0
"29705";29705;1
"29706";29706;2
"29707";29707;2
"29708";29708;1
"29709";29709;2
"29710";29710;1
"29711";29711;2
"29712";29712;1
"29713";29713;2
"29714";29714;1
"29715";29715;1
"29716";29716;1
"29717";29717;1
"29718";29718;2
"29719";29719;2
"29720";29720;1
"29721";29721;2
"29722";29722;2
"29723";29723;2
"29724";29724;1
"29725";29725;2
"29726";29726;2
"29727";29727;2
"29728";29728;2
"29729";29729;2
"29730";29730;2
"29731";29731;1
"29732";29732;1
"29733";29733;2
"29734";29734;2
"29735";29735;2
"29736";29736;1
"29737";29737;1
"29738";29738;2
"29739";29739;2
"29740";29740;2
"29741";29741;1
"29742";29742;2
"29743";29743;1
"29744";29744;2
"29745";29745;2
"29746";29746;2
"29747";29747;2
"29748";29748;1
"29749";29749;1
"29750";29750;2
"29751";29751;2
"29752";29752;1
"29753";29753;2
"29754";29754;1
"29755";29755;2
"29756";29756;1
"29757";29757;0
"29758";29758;2
"29759";29759;1
"29760";29760;2
"29761";29761;2
"29762";29762;2
"29763";29763;2
"29764";29764;2
"29765";29765;1
"29766";29766;1
"29767";29767;1
"29768";29768;2
"29769";29769;2
"29770";29770;2
"29771";29771;2
"29772";29772;2
"29773";29773;1
"29774";29774;1
"29775";29775;1
"29776";29776;2
"29777";29777;1
"29778";29778;2
"29779";29779;2
"29780";29780;1
"29781";29781;2
"29782";29782;2
"29783";29783;2
"29784";29784;2
"29785";29785;1
"29786";29786;0
"29787";29787;2
"29788";29788;1
"29789";29789;2
"29790";29790;2
"29791";29791;2
"29792";29792;2
"29793";29793;2
"29794";29794;2
"29795";29795;1
"29796";29796;2
"29797";29797;1
"29798";29798;1
"29799";29799;1
"29800";29800;1
"29801";29801;2
"29802";29802;2
"29803";29803;2
"29804";29804;1
"29805";29805;2
"29806";29806;1
"29807";29807;2
"29808";29808;2
"29809";29809;1
"29810";29810;2
"29811";29811;2
"29812";29812;2
"29813";29813;2
"29814";29814;2
"29815";29815;2
"29816";29816;2
"29817";29817;2
"29818";29818;1
"29819";29819;1
"29820";29820;2
"29821";29821;1
"29822";29822;1
"29823";29823;2
"29824";29824;1
"29825";29825;2
"29826";29826;1
"29827";29827;2
"29828";29828;1
"29829";29829;2
"29830";29830;1
"29831";29831;1
"29832";29832;2
"29833";29833;2
"29834";29834;1
"29835";29835;1
"29836";29836;2
"29837";29837;1
"29838";29838;2
"29839";29839;1
"29840";29840;1
"29841";29841;2
"29842";29842;1
"29843";29843;1
"29844";29844;1
"29845";29845;2
"29846";29846;2
"29847";29847;1
"29848";29848;1
"29849";29849;2
"29850";29850;2
"29851";29851;2
"29852";29852;2
"29853";29853;2
"29854";29854;2
"29855";29855;1
"29856";29856;2
"29857";29857;2
"29858";29858;1
"29859";29859;2
"29860";29860;1
"29861";29861;1
"29862";29862;2
"29863";29863;2
"29864";29864;1
"29865";29865;2
"29866";29866;2
"29867";29867;2
"29868";29868;2
"29869";29869;2
"29870";29870;1
"29871";29871;2
"29872";29872;2
"29873";29873;2
"29874";29874;1
"29875";29875;2
"29876";29876;2
"29877";29877;2
"29878";29878;1
"29879";29879;1
"29880";29880;1
"29881";29881;2
"29882";29882;1
"29883";29883;1
"29884";29884;1
"29885";29885;2
"29886";29886;1
"29887";29887;1
"29888";29888;1
"29889";29889;2
"29890";29890;2
"29891";29891;2
"29892";29892;1
"29893";29893;2
"29894";29894;2
"29895";29895;1
"29896";29896;1
"29897";29897;2
"29898";29898;1
"29899";29899;1
"29900";29900;1
"29901";29901;1
"29902";29902;0
"29903";29903;2
"29904";29904;2
"29905";29905;2
"29906";29906;2
"29907";29907;0
"29908";29908;2
"29909";29909;1
"29910";29910;2
"29911";29911;1
"29912";29912;2
"29913";29913;0
"29914";29914;0
"29915";29915;2
"29916";29916;2
"29917";29917;2
"29918";29918;0
"29919";29919;1
"29920";29920;1
"29921";29921;2
"29922";29922;2
"29923";29923;1
"29924";29924;0
"29925";29925;2
"29926";29926;2
"29927";29927;2
"29928";29928;1
"29929";29929;1
"29930";29930;2
"29931";29931;2
"29932";29932;1
"29933";29933;1
"29934";29934;1
"29935";29935;1
"29936";29936;1
"29937";29937;1
"29938";29938;2
"29939";29939;1
"29940";29940;1
"29941";29941;2
"29942";29942;2
"29943";29943;2
"29944";29944;2
"29945";29945;2
"29946";29946;2
"29947";29947;2
"29948";29948;1
"29949";29949;2
"29950";29950;2
"29951";29951;1
"29952";29952;2
"29953";29953;2
"29954";29954;2
"29955";29955;2
"29956";29956;2
"29957";29957;2
"29958";29958;2
"29959";29959;2
"29960";29960;1
"29961";29961;2
"29962";29962;2
"29963";29963;1
"29964";29964;2
"29965";29965;1
"29966";29966;2
"29967";29967;1
"29968";29968;2
"29969";29969;0
"29970";29970;1
"29971";29971;2
"29972";29972;2
"29973";29973;1
"29974";29974;2
"29975";29975;2
"29976";29976;1
"29977";29977;1
"29978";29978;2
"29979";29979;1
"29980";29980;2
"29981";29981;2
"29982";29982;1
"29983";29983;2
"29984";29984;2
"29985";29985;2
"29986";29986;2
"29987";29987;2
"29988";29988;2
"29989";29989;1
"29990";29990;1
"29991";29991;1
"29992";29992;2
"29993";29993;1
"29994";29994;2
"29995";29995;1
"29996";29996;2
"29997";29997;2
"29998";29998;2
"29999";29999;1
"30000";30000;1
"30001";30001;1
"30002";30002;2
"30003";30003;2
"30004";30004;2
"30005";30005;2
"30006";30006;2
"30007";30007;2
"30008";30008;2
"30009";30009;1
"30010";30010;1
"30011";30011;1
"30012";30012;1
"30013";30013;1
"30014";30014;2
"30015";30015;2
"30016";30016;1
"30017";30017;2
"30018";30018;2
"30019";30019;1
"30020";30020;2
"30021";30021;1
"30022";30022;2
"30023";30023;2
"30024";30024;1
"30025";30025;1
"30026";30026;1
"30027";30027;1
"30028";30028;2
"30029";30029;1
"30030";30030;1
"30031";30031;1
"30032";30032;2
"30033";30033;2
"30034";30034;2
"30035";30035;1
"30036";30036;1
"30037";30037;2
"30038";30038;2
"30039";30039;2
"30040";30040;2
"30041";30041;1
"30042";30042;1
"30043";30043;2
"30044";30044;1
"30045";30045;1
"30046";30046;2
"30047";30047;2
"30048";30048;1
"30049";30049;1
"30050";30050;1
"30051";30051;2
"30052";30052;1
"30053";30053;1
"30054";30054;2
"30055";30055;1
"30056";30056;1
"30057";30057;2
"30058";30058;1
"30059";30059;1
"30060";30060;1
"30061";30061;1
"30062";30062;1
"30063";30063;0
"30064";30064;2
"30065";30065;2
"30066";30066;2
"30067";30067;2
"30068";30068;2
"30069";30069;2
"30070";30070;2
"30071";30071;2
"30072";30072;2
"30073";30073;2
"30074";30074;1
"30075";30075;1
"30076";30076;1
"30077";30077;2
"30078";30078;2
"30079";30079;2
"30080";30080;1
"30081";30081;2
"30082";30082;2
"30083";30083;2
"30084";30084;2
"30085";30085;1
"30086";30086;1
"30087";30087;2
"30088";30088;2
"30089";30089;2
"30090";30090;2
"30091";30091;2
"30092";30092;2
"30093";30093;2
"30094";30094;1
"30095";30095;2
"30096";30096;1
"30097";30097;2
"30098";30098;2
"30099";30099;1
"30100";30100;1
"30101";30101;0
"30102";30102;2
"30103";30103;2
"30104";30104;2
"30105";30105;2
"30106";30106;1
"30107";30107;2
"30108";30108;2
"30109";30109;2
"30110";30110;1
"30111";30111;1
"30112";30112;2
"30113";30113;2
"30114";30114;2
"30115";30115;2
"30116";30116;1
"30117";30117;1
"30118";30118;2
"30119";30119;2
"30120";30120;2
"30121";30121;2
"30122";30122;2
"30123";30123;2
"30124";30124;1
"30125";30125;1
"30126";30126;2
"30127";30127;0
"30128";30128;2
"30129";30129;2
"30130";30130;2
"30131";30131;1
"30132";30132;2
"30133";30133;2
"30134";30134;2
"30135";30135;2
"30136";30136;1
"30137";30137;2
"30138";30138;2
"30139";30139;2
"30140";30140;2
"30141";30141;2
"30142";30142;2
"30143";30143;1
"30144";30144;2
"30145";30145;1
"30146";30146;2
"30147";30147;2
"30148";30148;1
"30149";30149;2
"30150";30150;2
"30151";30151;2
"30152";30152;1
"30153";30153;2
"30154";30154;2
"30155";30155;2
"30156";30156;1
"30157";30157;1
"30158";30158;2
"30159";30159;2
"30160";30160;1
"30161";30161;2
"30162";30162;2
"30163";30163;2
"30164";30164;2
"30165";30165;2
"30166";30166;2
"30167";30167;2
"30168";30168;1
"30169";30169;2
"30170";30170;2
"30171";30171;1
"30172";30172;1
"30173";30173;1
"30174";30174;1
"30175";30175;2
"30176";30176;2
"30177";30177;2
"30178";30178;2
"30179";30179;1
"30180";30180;2
"30181";30181;1
"30182";30182;1
"30183";30183;1
"30184";30184;1
"30185";30185;1
"30186";30186;1
"30187";30187;2
"30188";30188;2
"30189";30189;2
"30190";30190;2
"30191";30191;1
"30192";30192;1
"30193";30193;1
"30194";30194;1
"30195";30195;1
"30196";30196;2
"30197";30197;1
"30198";30198;2
"30199";30199;2
"30200";30200;2
"30201";30201;1
"30202";30202;2
"30203";30203;2
"30204";30204;2
"30205";30205;2
"30206";30206;2
"30207";30207;1
"30208";30208;2
"30209";30209;1
"30210";30210;2
"30211";30211;1
"30212";30212;2
"30213";30213;1
"30214";30214;2
"30215";30215;2
"30216";30216;1
"30217";30217;1
"30218";30218;1
"30219";30219;2
"30220";30220;2
"30221";30221;1
"30222";30222;2
"30223";30223;2
"30224";30224;1
"30225";30225;2
"30226";30226;2
"30227";30227;1
"30228";30228;1
"30229";30229;1
"30230";30230;1
"30231";30231;2
"30232";30232;1
"30233";30233;2
"30234";30234;2
"30235";30235;2
"30236";30236;2
"30237";30237;1
"30238";30238;1
"30239";30239;2
"30240";30240;2
"30241";30241;2
"30242";30242;1
"30243";30243;1
"30244";30244;2
"30245";30245;2
"30246";30246;2
"30247";30247;1
"30248";30248;1
"30249";30249;1
"30250";30250;2
"30251";30251;2
"30252";30252;2
"30253";30253;1
"30254";30254;1
"30255";30255;1
"30256";30256;1
"30257";30257;0
"30258";30258;2
"30259";30259;2
"30260";30260;2
"30261";30261;2
"30262";30262;2
"30263";30263;2
"30264";30264;2
"30265";30265;2
"30266";30266;1
"30267";30267;2
"30268";30268;1
"30269";30269;2
"30270";30270;2
"30271";30271;0
"30272";30272;0
"30273";30273;2
"30274";30274;2
"30275";30275;2
"30276";30276;2
"30277";30277;2
"30278";30278;2
"30279";30279;1
"30280";30280;1
"30281";30281;2
"30282";30282;2
"30283";30283;2
"30284";30284;2
"30285";30285;1
"30286";30286;1
"30287";30287;2
"30288";30288;2
"30289";30289;2
"30290";30290;2
"30291";30291;2
"30292";30292;2
"30293";30293;2
"30294";30294;2
"30295";30295;2
"30296";30296;2
"30297";30297;2
"30298";30298;1
"30299";30299;1
"30300";30300;1
"30301";30301;1
"30302";30302;2
"30303";30303;2
"30304";30304;1
"30305";30305;1
"30306";30306;1
"30307";30307;2
"30308";30308;2
"30309";30309;2
"30310";30310;2
"30311";30311;2
"30312";30312;1
"30313";30313;1
"30314";30314;2
"30315";30315;2
"30316";30316;2
"30317";30317;2
"30318";30318;2
"30319";30319;1
"30320";30320;2
"30321";30321;2
"30322";30322;2
"30323";30323;2
"30324";30324;1
"30325";30325;2
"30326";30326;2
"30327";30327;2
"30328";30328;2
"30329";30329;2
"30330";30330;2
"30331";30331;1
"30332";30332;2
"30333";30333;2
"30334";30334;1
"30335";30335;1
"30336";30336;1
"30337";30337;1
"30338";30338;1
"30339";30339;1
"30340";30340;1
"30341";30341;1
"30342";30342;1
"30343";30343;1
"30344";30344;1
"30345";30345;2
"30346";30346;2
"30347";30347;1
"30348";30348;1
"30349";30349;2
"30350";30350;2
"30351";30351;2
"30352";30352;2
"30353";30353;2
"30354";30354;2
"30355";30355;1
"30356";30356;2
"30357";30357;2
"30358";30358;1
"30359";30359;1
"30360";30360;1
"30361";30361;1
"30362";30362;1
"30363";30363;1
"30364";30364;1
"30365";30365;1
"30366";30366;1
"30367";30367;1
"30368";30368;1
"30369";30369;1
"30370";30370;2
"30371";30371;1
"30372";30372;1
"30373";30373;1
"30374";30374;1
"30375";30375;1
"30376";30376;1
"30377";30377;1
"30378";30378;1
"30379";30379;1
"30380";30380;1
"30381";30381;1
"30382";30382;2
"30383";30383;2
"30384";30384;1
"30385";30385;1
"30386";30386;1
"30387";30387;2
"30388";30388;1
"30389";30389;1
"30390";30390;2
"30391";30391;1
"30392";30392;1
"30393";30393;2
"30394";30394;2
"30395";30395;2
"30396";30396;2
"30397";30397;2
"30398";30398;2
"30399";30399;2
"30400";30400;1
"30401";30401;1
"30402";30402;1
"30403";30403;1
"30404";30404;2
"30405";30405;2
"30406";30406;1
"30407";30407;2
"30408";30408;2
"30409";30409;2
"30410";30410;2
"30411";30411;1
"30412";30412;1
"30413";30413;2
"30414";30414;1
"30415";30415;2
"30416";30416;2
"30417";30417;2
"30418";30418;2
"30419";30419;2
"30420";30420;1
"30421";30421;1
"30422";30422;2
"30423";30423;2
"30424";30424;1
"30425";30425;1
"30426";30426;2
"30427";30427;1
"30428";30428;2
"30429";30429;1
"30430";30430;1
"30431";30431;1
"30432";30432;2
"30433";30433;2
"30434";30434;2
"30435";30435;2
"30436";30436;2
"30437";30437;2
"30438";30438;2
"30439";30439;2
"30440";30440;2
"30441";30441;1
"30442";30442;1
"30443";30443;2
"30444";30444;1
"30445";30445;1
"30446";30446;1
"30447";30447;1
"30448";30448;2
"30449";30449;2
"30450";30450;2
"30451";30451;1
"30452";30452;2
"30453";30453;2
"30454";30454;1
"30455";30455;2
"30456";30456;2
"30457";30457;2
"30458";30458;1
"30459";30459;1
"30460";30460;2
"30461";30461;2
"30462";30462;1
"30463";30463;1
"30464";30464;1
"30465";30465;1
"30466";30466;2
"30467";30467;1
"30468";30468;1
"30469";30469;2
"30470";30470;1
"30471";30471;1
"30472";30472;1
"30473";30473;1
"30474";30474;1
"30475";30475;1
"30476";30476;1
"30477";30477;1
"30478";30478;1
"30479";30479;1
"30480";30480;1
"30481";30481;2
"30482";30482;1
"30483";30483;1
"30484";30484;1
"30485";30485;2
"30486";30486;1
"30487";30487;1
"30488";30488;1
"30489";30489;1
"30490";30490;1
"30491";30491;1
"30492";30492;2
"30493";30493;1
"30494";30494;1
"30495";30495;0
"30496";30496;1
"30497";30497;1
"30498";30498;1
"30499";30499;1
"30500";30500;1
"30501";30501;2
"30502";30502;2
"30503";30503;1
"30504";30504;2
"30505";30505;1
"30506";30506;2
"30507";30507;2
"30508";30508;1
"30509";30509;2
"30510";30510;1
"30511";30511;2
"30512";30512;2
"30513";30513;0
"30514";30514;2
"30515";30515;2
"30516";30516;2
"30517";30517;1
"30518";30518;2
"30519";30519;2
"30520";30520;2
"30521";30521;2
"30522";30522;2
"30523";30523;2
"30524";30524;2
"30525";30525;2
"30526";30526;2
"30527";30527;1
"30528";30528;2
"30529";30529;2
"30530";30530;2
"30531";30531;2
"30532";30532;1
"30533";30533;1
"30534";30534;1
"30535";30535;2
"30536";30536;2
"30537";30537;2
"30538";30538;1
"30539";30539;2
"30540";30540;2
"30541";30541;1
"30542";30542;2
"30543";30543;1
"30544";30544;2
"30545";30545;2
"30546";30546;1
"30547";30547;2
"30548";30548;1
"30549";30549;2
"30550";30550;1
"30551";30551;2
"30552";30552;1
"30553";30553;1
"30554";30554;2
"30555";30555;2
"30556";30556;1
"30557";30557;1
"30558";30558;2
"30559";30559;1
"30560";30560;1
"30561";30561;1
"30562";30562;1
"30563";30563;1
"30564";30564;2
"30565";30565;2
"30566";30566;1
"30567";30567;1
"30568";30568;2
"30569";30569;2
"30570";30570;1
"30571";30571;2
"30572";30572;1
"30573";30573;1
"30574";30574;1
"30575";30575;1
"30576";30576;2
"30577";30577;2
"30578";30578;2
"30579";30579;1
"30580";30580;2
"30581";30581;2
"30582";30582;1
"30583";30583;1
"30584";30584;1
"30585";30585;1
"30586";30586;0
"30587";30587;0
"30588";30588;2
"30589";30589;1
"30590";30590;2
"30591";30591;2
"30592";30592;1
"30593";30593;2
"30594";30594;1
"30595";30595;2
"30596";30596;2
"30597";30597;1
"30598";30598;1
"30599";30599;1
"30600";30600;1
"30601";30601;1
"30602";30602;1
"30603";30603;2
"30604";30604;1
"30605";30605;1
"30606";30606;1
"30607";30607;1
"30608";30608;2
"30609";30609;2
"30610";30610;2
"30611";30611;2
"30612";30612;2
"30613";30613;2
"30614";30614;2
"30615";30615;1
"30616";30616;2
"30617";30617;1
"30618";30618;2
"30619";30619;1
"30620";30620;1
"30621";30621;2
"30622";30622;1
"30623";30623;2
"30624";30624;1
"30625";30625;1
"30626";30626;2
"30627";30627;2
"30628";30628;2
"30629";30629;2
"30630";30630;1
"30631";30631;1
"30632";30632;1
"30633";30633;1
"30634";30634;2
"30635";30635;1
"30636";30636;1
"30637";30637;2
"30638";30638;1
"30639";30639;2
"30640";30640;1
"30641";30641;1
"30642";30642;2
"30643";30643;1
"30644";30644;1
"30645";30645;2
"30646";30646;1
"30647";30647;1
"30648";30648;1
"30649";30649;2
"30650";30650;1
"30651";30651;1
"30652";30652;1
"30653";30653;1
"30654";30654;1
"30655";30655;1
"30656";30656;2
"30657";30657;1
"30658";30658;2
"30659";30659;1
"30660";30660;1
"30661";30661;2
"30662";30662;2
"30663";30663;1
"30664";30664;1
"30665";30665;1
"30666";30666;1
"30667";30667;1
"30668";30668;1
"30669";30669;1
"30670";30670;2
"30671";30671;1
"30672";30672;1
"30673";30673;1
"30674";30674;2
"30675";30675;1
"30676";30676;1
"30677";30677;1
"30678";30678;1
"30679";30679;1
"30680";30680;1
"30681";30681;1
"30682";30682;1
"30683";30683;1
"30684";30684;1
"30685";30685;1
"30686";30686;1
"30687";30687;1
"30688";30688;1
"30689";30689;2
"30690";30690;1
"30691";30691;1
"30692";30692;1
"30693";30693;1
"30694";30694;1
"30695";30695;1
"30696";30696;1
"30697";30697;1
"30698";30698;1
"30699";30699;1
"30700";30700;1
"30701";30701;1
"30702";30702;1
"30703";30703;1
"30704";30704;1
"30705";30705;1
"30706";30706;1
"30707";30707;1
"30708";30708;1
"30709";30709;1
"30710";30710;1
"30711";30711;1
"30712";30712;1
"30713";30713;1
"30714";30714;2
"30715";30715;1
"30716";30716;1
"30717";30717;1
"30718";30718;1
"30719";30719;1
"30720";30720;1
"30721";30721;1
"30722";30722;1
"30723";30723;1
"30724";30724;1
"30725";30725;1
"30726";30726;1
"30727";30727;1
"30728";30728;1
"30729";30729;1
"30730";30730;1
"30731";30731;1
"30732";30732;1
"30733";30733;1
"30734";30734;1
"30735";30735;1
"30736";30736;1
"30737";30737;1
"30738";30738;1
"30739";30739;1
"30740";30740;1
"30741";30741;1
"30742";30742;1
"30743";30743;1
"30744";30744;1
"30745";30745;1
"30746";30746;1
"30747";30747;1
"30748";30748;1
"30749";30749;2
"30750";30750;1
"30751";30751;1
"30752";30752;1
"30753";30753;1
"30754";30754;2
"30755";30755;2
"30756";30756;2
"30757";30757;2
"30758";30758;2
"30759";30759;2
"30760";30760;1
"30761";30761;1
"30762";30762;2
"30763";30763;2
"30764";30764;2
"30765";30765;2
"30766";30766;1
"30767";30767;1
"30768";30768;1
"30769";30769;1
"30770";30770;1
"30771";30771;1
"30772";30772;1
"30773";30773;1
"30774";30774;2
"30775";30775;1
"30776";30776;1
"30777";30777;1
"30778";30778;2
"30779";30779;2
"30780";30780;1
"30781";30781;1
"30782";30782;2
"30783";30783;2
"30784";30784;2
"30785";30785;1
"30786";30786;2
"30787";30787;2
"30788";30788;1
"30789";30789;2
"30790";30790;1
"30791";30791;2
"30792";30792;1
"30793";30793;1
"30794";30794;2
"30795";30795;2
"30796";30796;1
"30797";30797;2
"30798";30798;2
"30799";30799;2
"30800";30800;2
"30801";30801;2
"30802";30802;2
"30803";30803;1
"30804";30804;2
"30805";30805;1
"30806";30806;2
"30807";30807;2
"30808";30808;1
"30809";30809;2
"30810";30810;2
"30811";30811;1
"30812";30812;2
"30813";30813;2
"30814";30814;2
"30815";30815;2
"30816";30816;1
"30817";30817;2
"30818";30818;2
"30819";30819;1
"30820";30820;2
"30821";30821;2
"30822";30822;1
"30823";30823;2
"30824";30824;2
"30825";30825;2
"30826";30826;2
"30827";30827;2
"30828";30828;2
"30829";30829;1
"30830";30830;2
"30831";30831;1
"30832";30832;1
"30833";30833;2
"30834";30834;2
"30835";30835;1
"30836";30836;1
"30837";30837;1
"30838";30838;2
"30839";30839;2
"30840";30840;1
"30841";30841;2
"30842";30842;2
"30843";30843;2
"30844";30844;2
"30845";30845;2
"30846";30846;2
"30847";30847;1
"30848";30848;2
"30849";30849;1
"30850";30850;1
"30851";30851;2
"30852";30852;1
"30853";30853;2
"30854";30854;2
"30855";30855;2
"30856";30856;2
"30857";30857;2
"30858";30858;2
"30859";30859;1
"30860";30860;1
"30861";30861;1
"30862";30862;1
"30863";30863;2
"30864";30864;1
"30865";30865;2
"30866";30866;1
"30867";30867;1
"30868";30868;1
"30869";30869;2
"30870";30870;1
"30871";30871;1
"30872";30872;1
"30873";30873;2
"30874";30874;2
"30875";30875;1
"30876";30876;1
"30877";30877;2
"30878";30878;2
"30879";30879;2
"30880";30880;2
"30881";30881;1
"30882";30882;2
"30883";30883;2
"30884";30884;2
"30885";30885;1
"30886";30886;1
"30887";30887;2
"30888";30888;2
"30889";30889;2
"30890";30890;1
"30891";30891;2
"30892";30892;2
"30893";30893;2
"30894";30894;2
"30895";30895;1
"30896";30896;1
"30897";30897;1
"30898";30898;1
"30899";30899;1
"30900";30900;1
"30901";30901;1
"30902";30902;1
"30903";30903;1
"30904";30904;1
"30905";30905;1
"30906";30906;1
"30907";30907;1
"30908";30908;2
"30909";30909;1
"30910";30910;1
"30911";30911;1
"30912";30912;1
"30913";30913;1
"30914";30914;1
"30915";30915;2
"30916";30916;1
"30917";30917;1
"30918";30918;1
"30919";30919;1
"30920";30920;1
"30921";30921;1
"30922";30922;1
"30923";30923;1
"30924";30924;1
"30925";30925;1
"30926";30926;1
"30927";30927;1
"30928";30928;1
"30929";30929;1
"30930";30930;2
"30931";30931;1
"30932";30932;1
"30933";30933;1
"30934";30934;1
"30935";30935;2
"30936";30936;1
"30937";30937;1
"30938";30938;1
"30939";30939;1
"30940";30940;1
"30941";30941;1
"30942";30942;2
"30943";30943;1
"30944";30944;1
"30945";30945;1
"30946";30946;1
"30947";30947;1
"30948";30948;1
"30949";30949;1
"30950";30950;1
"30951";30951;1
"30952";30952;1
"30953";30953;1
"30954";30954;1
"30955";30955;1
"30956";30956;2
"30957";30957;1
"30958";30958;2
"30959";30959;2
"30960";30960;1
"30961";30961;1
"30962";30962;1
"30963";30963;1
"30964";30964;1
"30965";30965;1
"30966";30966;1
"30967";30967;1
"30968";30968;1
"30969";30969;1
"30970";30970;1
"30971";30971;1
"30972";30972;1
"30973";30973;1
"30974";30974;1
"30975";30975;1
"30976";30976;1
"30977";30977;2
"30978";30978;1
"30979";30979;1
"30980";30980;1
"30981";30981;1
"30982";30982;1
"30983";30983;1
"30984";30984;1
"30985";30985;1
"30986";30986;1
"30987";30987;2
"30988";30988;2
"30989";30989;2
"30990";30990;2
"30991";30991;2
"30992";30992;1
"30993";30993;2
"30994";30994;2
"30995";30995;2
"30996";30996;1
"30997";30997;2
"30998";30998;2
"30999";30999;1
"31000";31000;2
"31001";31001;1
"31002";31002;2
"31003";31003;2
"31004";31004;2
"31005";31005;2
"31006";31006;1
"31007";31007;1
"31008";31008;1
"31009";31009;1
"31010";31010;1
"31011";31011;1
"31012";31012;1
"31013";31013;1
"31014";31014;1
"31015";31015;1
"31016";31016;1
"31017";31017;2
"31018";31018;1
"31019";31019;1
"31020";31020;1
"31021";31021;1
"31022";31022;1
"31023";31023;1
"31024";31024;1
"31025";31025;1
"31026";31026;1
"31027";31027;1
"31028";31028;2
"31029";31029;1
"31030";31030;1
"31031";31031;1
"31032";31032;2
"31033";31033;2
"31034";31034;1
"31035";31035;1
"31036";31036;1
"31037";31037;1
"31038";31038;1
"31039";31039;1
"31040";31040;1
"31041";31041;1
"31042";31042;1
"31043";31043;0
"31044";31044;1
"31045";31045;2
"31046";31046;1
"31047";31047;1
"31048";31048;1
"31049";31049;2
"31050";31050;1
"31051";31051;1
"31052";31052;1
"31053";31053;1
"31054";31054;2
"31055";31055;1
"31056";31056;2
"31057";31057;2
"31058";31058;2
"31059";31059;2
"31060";31060;2
"31061";31061;1
"31062";31062;1
"31063";31063;1
"31064";31064;1
"31065";31065;2
"31066";31066;1
"31067";31067;2
"31068";31068;1
"31069";31069;1
"31070";31070;2
"31071";31071;2
"31072";31072;2
"31073";31073;1
"31074";31074;1
"31075";31075;2
"31076";31076;2
"31077";31077;1
"31078";31078;1
"31079";31079;1
"31080";31080;2
"31081";31081;1
"31082";31082;1
"31083";31083;1
"31084";31084;2
"31085";31085;2
"31086";31086;1
"31087";31087;2
"31088";31088;2
"31089";31089;0
"31090";31090;1
"31091";31091;2
"31092";31092;1
"31093";31093;2
"31094";31094;2
"31095";31095;2
"31096";31096;2
"31097";31097;2
"31098";31098;2
"31099";31099;2
"31100";31100;1
"31101";31101;1
"31102";31102;2
"31103";31103;1
"31104";31104;2
"31105";31105;2
"31106";31106;2
"31107";31107;2
"31108";31108;2
"31109";31109;2
"31110";31110;2
"31111";31111;2
"31112";31112;2
"31113";31113;1
"31114";31114;2
"31115";31115;1
"31116";31116;2
"31117";31117;2
"31118";31118;2
"31119";31119;2
"31120";31120;2
"31121";31121;2
"31122";31122;2
"31123";31123;1
"31124";31124;2
"31125";31125;2
"31126";31126;2
"31127";31127;2
"31128";31128;1
"31129";31129;1
"31130";31130;2
"31131";31131;1
"31132";31132;2
"31133";31133;1
"31134";31134;2
"31135";31135;1
"31136";31136;1
"31137";31137;1
"31138";31138;1
"31139";31139;1
"31140";31140;1
"31141";31141;2
"31142";31142;2
"31143";31143;2
"31144";31144;1
"31145";31145;1
"31146";31146;1
"31147";31147;2
"31148";31148;2
"31149";31149;1
"31150";31150;2
"31151";31151;1
"31152";31152;2
"31153";31153;2
"31154";31154;1
"31155";31155;2
"31156";31156;1
"31157";31157;1
"31158";31158;2
"31159";31159;1
"31160";31160;1
"31161";31161;1
"31162";31162;1
"31163";31163;1
"31164";31164;2
"31165";31165;2
"31166";31166;0
"31167";31167;0
"31168";31168;2
"31169";31169;0
"31170";31170;2
"31171";31171;2
"31172";31172;0
"31173";31173;0
"31174";31174;0
"31175";31175;0
"31176";31176;2
"31177";31177;0
"31178";31178;2
"31179";31179;0
"31180";31180;2
"31181";31181;2
"31182";31182;1
"31183";31183;2
"31184";31184;1
"31185";31185;2
"31186";31186;2
"31187";31187;2
"31188";31188;0
"31189";31189;1
"31190";31190;0
"31191";31191;2
"31192";31192;2
"31193";31193;0
"31194";31194;0
"31195";31195;2
"31196";31196;0
"31197";31197;0
"31198";31198;2
"31199";31199;0
"31200";31200;0
"31201";31201;2
"31202";31202;0
"31203";31203;1
"31204";31204;2
"31205";31205;1
"31206";31206;0
"31207";31207;0
"31208";31208;0
"31209";31209;2
"31210";31210;2
"31211";31211;2
"31212";31212;2
"31213";31213;2
"31214";31214;1
"31215";31215;0
"31216";31216;2
"31217";31217;2
"31218";31218;2
"31219";31219;2
"31220";31220;2
"31221";31221;0
"31222";31222;0
"31223";31223;2
"31224";31224;2
"31225";31225;0
"31226";31226;2
"31227";31227;1
"31228";31228;2
"31229";31229;0
"31230";31230;2
"31231";31231;0
"31232";31232;2
"31233";31233;1
"31234";31234;2
"31235";31235;2
"31236";31236;2
"31237";31237;2
"31238";31238;2
"31239";31239;2
"31240";31240;2
"31241";31241;2
"31242";31242;2
"31243";31243;2
"31244";31244;2
"31245";31245;2
"31246";31246;2
"31247";31247;2
"31248";31248;2
"31249";31249;2
"31250";31250;1
"31251";31251;2
"31252";31252;2
"31253";31253;1
"31254";31254;2
"31255";31255;1
"31256";31256;2
"31257";31257;2
"31258";31258;2
"31259";31259;2
"31260";31260;2
"31261";31261;2
"31262";31262;2
"31263";31263;2
"31264";31264;2
"31265";31265;2
"31266";31266;1
"31267";31267;2
"31268";31268;1
"31269";31269;2
"31270";31270;2
"31271";31271;1
"31272";31272;2
"31273";31273;2
"31274";31274;2
"31275";31275;2
"31276";31276;1
"31277";31277;2
"31278";31278;1
"31279";31279;1
"31280";31280;2
"31281";31281;2
"31282";31282;2
"31283";31283;2
"31284";31284;2
"31285";31285;2
"31286";31286;1
"31287";31287;2
"31288";31288;2
"31289";31289;2
"31290";31290;1
"31291";31291;1
"31292";31292;2
"31293";31293;1
"31294";31294;1
"31295";31295;1
"31296";31296;2
"31297";31297;1
"31298";31298;2
"31299";31299;2
"31300";31300;1
"31301";31301;1
"31302";31302;2
"31303";31303;2
"31304";31304;2
"31305";31305;2
"31306";31306;2
"31307";31307;2
"31308";31308;2
"31309";31309;2
"31310";31310;2
"31311";31311;1
"31312";31312;2
"31313";31313;2
"31314";31314;1
"31315";31315;2
"31316";31316;2
"31317";31317;2
"31318";31318;2
"31319";31319;1
"31320";31320;1
"31321";31321;2
"31322";31322;1
"31323";31323;2
"31324";31324;2
"31325";31325;2
"31326";31326;2
"31327";31327;1
"31328";31328;2
"31329";31329;2
"31330";31330;2
"31331";31331;2
"31332";31332;2
"31333";31333;1
"31334";31334;1
"31335";31335;1
"31336";31336;1
"31337";31337;2
"31338";31338;2
"31339";31339;1
"31340";31340;1
"31341";31341;2
"31342";31342;2
"31343";31343;2
"31344";31344;2
"31345";31345;2
"31346";31346;2
"31347";31347;2
"31348";31348;2
"31349";31349;1
"31350";31350;2
"31351";31351;1
"31352";31352;2
"31353";31353;2
"31354";31354;2
"31355";31355;1
"31356";31356;1
"31357";31357;1
"31358";31358;2
"31359";31359;2
"31360";31360;2
"31361";31361;1
"31362";31362;2
"31363";31363;2
"31364";31364;2
"31365";31365;2
"31366";31366;2
"31367";31367;2
"31368";31368;1
"31369";31369;2
"31370";31370;2
"31371";31371;2
"31372";31372;2
"31373";31373;1
"31374";31374;2
"31375";31375;2
"31376";31376;1
"31377";31377;2
"31378";31378;2
"31379";31379;2
"31380";31380;2
"31381";31381;2
"31382";31382;2
"31383";31383;2
"31384";31384;1
"31385";31385;1
"31386";31386;1
"31387";31387;2
"31388";31388;1
"31389";31389;2
"31390";31390;2
"31391";31391;1
"31392";31392;1
"31393";31393;1
"31394";31394;2
"31395";31395;2
"31396";31396;2
"31397";31397;2
"31398";31398;1
"31399";31399;2
"31400";31400;2
"31401";31401;2
"31402";31402;2
"31403";31403;2
"31404";31404;2
"31405";31405;2
"31406";31406;2
"31407";31407;2
"31408";31408;1
"31409";31409;2
"31410";31410;2
"31411";31411;2
"31412";31412;2
"31413";31413;2
"31414";31414;2
"31415";31415;2
"31416";31416;2
"31417";31417;2
"31418";31418;2
"31419";31419;2
"31420";31420;2
"31421";31421;2
"31422";31422;2
"31423";31423;2
"31424";31424;2
"31425";31425;2
"31426";31426;2
"31427";31427;2
"31428";31428;2
"31429";31429;2
"31430";31430;2
"31431";31431;2
"31432";31432;1
"31433";31433;1
"31434";31434;2
"31435";31435;2
"31436";31436;2
"31437";31437;2
"31438";31438;2
"31439";31439;1
"31440";31440;2
"31441";31441;2
"31442";31442;2
"31443";31443;1
"31444";31444;2
"31445";31445;2
"31446";31446;1
"31447";31447;2
"31448";31448;2
"31449";31449;2
"31450";31450;2
"31451";31451;2
"31452";31452;2
"31453";31453;2
"31454";31454;2
"31455";31455;2
"31456";31456;2
"31457";31457;2
"31458";31458;2
"31459";31459;2
"31460";31460;2
"31461";31461;1
"31462";31462;2
"31463";31463;2
"31464";31464;2
"31465";31465;2
"31466";31466;2
"31467";31467;2
"31468";31468;2
"31469";31469;2
"31470";31470;2
"31471";31471;1
"31472";31472;2
"31473";31473;2
"31474";31474;2
"31475";31475;2
"31476";31476;2
"31477";31477;2
"31478";31478;1
"31479";31479;2
"31480";31480;1
"31481";31481;1
"31482";31482;2
"31483";31483;1
"31484";31484;2
"31485";31485;2
"31486";31486;0
"31487";31487;2
"31488";31488;2
"31489";31489;2
"31490";31490;2
"31491";31491;1
"31492";31492;2
"31493";31493;2
"31494";31494;2
"31495";31495;2
"31496";31496;2
"31497";31497;2
"31498";31498;2
"31499";31499;2
"31500";31500;2
"31501";31501;2
"31502";31502;2
"31503";31503;2
"31504";31504;2
"31505";31505;1
"31506";31506;2
"31507";31507;2
"31508";31508;2
"31509";31509;2
"31510";31510;2
"31511";31511;1
"31512";31512;2
"31513";31513;1
"31514";31514;2
"31515";31515;1
"31516";31516;2
"31517";31517;2
"31518";31518;2
"31519";31519;1
"31520";31520;2
"31521";31521;1
"31522";31522;1
"31523";31523;1
"31524";31524;2
"31525";31525;2
"31526";31526;2
"31527";31527;2
"31528";31528;1
"31529";31529;1
"31530";31530;2
"31531";31531;1
"31532";31532;2
"31533";31533;2
"31534";31534;1
"31535";31535;2
"31536";31536;2
"31537";31537;2
"31538";31538;2
"31539";31539;1
"31540";31540;1
"31541";31541;1
"31542";31542;2
"31543";31543;1
"31544";31544;1
"31545";31545;2
"31546";31546;1
"31547";31547;1
"31548";31548;1
"31549";31549;2
"31550";31550;2
"31551";31551;2
"31552";31552;2
"31553";31553;2
"31554";31554;1
"31555";31555;1
"31556";31556;1
"31557";31557;2
"31558";31558;2
"31559";31559;2
"31560";31560;2
"31561";31561;2
"31562";31562;2
"31563";31563;2
"31564";31564;2
"31565";31565;2
"31566";31566;1
"31567";31567;2
"31568";31568;2
"31569";31569;1
"31570";31570;1
"31571";31571;1
"31572";31572;2
"31573";31573;2
"31574";31574;1
"31575";31575;2
"31576";31576;2
"31577";31577;1
"31578";31578;2
"31579";31579;1
"31580";31580;2
"31581";31581;1
"31582";31582;2
"31583";31583;2
"31584";31584;2
"31585";31585;2
"31586";31586;2
"31587";31587;1
"31588";31588;1
"31589";31589;2
"31590";31590;2
"31591";31591;2
"31592";31592;2
"31593";31593;2
"31594";31594;2
"31595";31595;2
"31596";31596;2
"31597";31597;2
"31598";31598;1
"31599";31599;2
"31600";31600;2
"31601";31601;2
"31602";31602;2
"31603";31603;1
"31604";31604;1
"31605";31605;1
"31606";31606;2
"31607";31607;2
"31608";31608;1
"31609";31609;2
"31610";31610;1
"31611";31611;1
"31612";31612;2
"31613";31613;1
"31614";31614;1
"31615";31615;1
"31616";31616;2
"31617";31617;2
"31618";31618;2
"31619";31619;1
"31620";31620;1
"31621";31621;1
"31622";31622;2
"31623";31623;1
"31624";31624;1
"31625";31625;2
"31626";31626;2
"31627";31627;2
"31628";31628;2
"31629";31629;1
"31630";31630;2
"31631";31631;2
"31632";31632;2
"31633";31633;1
"31634";31634;2
"31635";31635;1
"31636";31636;1
"31637";31637;2
"31638";31638;2
"31639";31639;2
"31640";31640;1
"31641";31641;1
"31642";31642;2
"31643";31643;2
"31644";31644;1
"31645";31645;2
"31646";31646;1
"31647";31647;2
"31648";31648;2
"31649";31649;1
"31650";31650;2
"31651";31651;2
"31652";31652;2
"31653";31653;1
"31654";31654;2
"31655";31655;1
"31656";31656;1
"31657";31657;1
"31658";31658;1
"31659";31659;1
"31660";31660;2
"31661";31661;1
"31662";31662;1
"31663";31663;1
"31664";31664;2
"31665";31665;2
"31666";31666;1
"31667";31667;2
"31668";31668;2
"31669";31669;1
"31670";31670;1
"31671";31671;1
"31672";31672;1
"31673";31673;2
"31674";31674;1
"31675";31675;2
"31676";31676;2
"31677";31677;2
"31678";31678;1
"31679";31679;1
"31680";31680;2
"31681";31681;2
"31682";31682;2
"31683";31683;2
"31684";31684;1
"31685";31685;2
"31686";31686;2
"31687";31687;2
"31688";31688;2
"31689";31689;1
"31690";31690;1
"31691";31691;2
"31692";31692;2
"31693";31693;1
"31694";31694;2
"31695";31695;1
"31696";31696;2
"31697";31697;2
"31698";31698;1
"31699";31699;2
"31700";31700;1
"31701";31701;1
"31702";31702;1
"31703";31703;2
"31704";31704;1
"31705";31705;1
"31706";31706;1
"31707";31707;2
"31708";31708;1
"31709";31709;2
"31710";31710;1
"31711";31711;2
"31712";31712;2
"31713";31713;1
"31714";31714;1
"31715";31715;2
"31716";31716;2
"31717";31717;1
"31718";31718;1
"31719";31719;1
"31720";31720;1
"31721";31721;2
"31722";31722;1
"31723";31723;1
"31724";31724;2
"31725";31725;1
"31726";31726;2
"31727";31727;2
"31728";31728;1
"31729";31729;1
"31730";31730;1
"31731";31731;1
"31732";31732;1
"31733";31733;1
"31734";31734;1
"31735";31735;2
"31736";31736;1
"31737";31737;2
"31738";31738;1
"31739";31739;1
"31740";31740;1
"31741";31741;1
"31742";31742;1
"31743";31743;2
"31744";31744;1
"31745";31745;2
"31746";31746;2
"31747";31747;1
"31748";31748;2
"31749";31749;1
"31750";31750;1
"31751";31751;1
"31752";31752;2
"31753";31753;1
"31754";31754;2
"31755";31755;1
"31756";31756;1
"31757";31757;1
"31758";31758;1
"31759";31759;1
"31760";31760;1
"31761";31761;2
"31762";31762;1
"31763";31763;1
"31764";31764;1
"31765";31765;2
"31766";31766;2
"31767";31767;2
"31768";31768;1
"31769";31769;1
"31770";31770;1
"31771";31771;1
"31772";31772;1
"31773";31773;1
"31774";31774;1
"31775";31775;1
"31776";31776;1
"31777";31777;1
"31778";31778;1
"31779";31779;1
"31780";31780;1
"31781";31781;2
"31782";31782;2
"31783";31783;2
"31784";31784;2
"31785";31785;1
"31786";31786;1
"31787";31787;2
"31788";31788;1
"31789";31789;2
"31790";31790;1
"31791";31791;1
"31792";31792;1
"31793";31793;1
"31794";31794;2
"31795";31795;1
"31796";31796;1
"31797";31797;2
"31798";31798;2
"31799";31799;1
"31800";31800;2
"31801";31801;2
"31802";31802;2
"31803";31803;2
"31804";31804;2
"31805";31805;2
"31806";31806;2
"31807";31807;2
"31808";31808;0
"31809";31809;2
"31810";31810;1
"31811";31811;1
"31812";31812;1
"31813";31813;2
"31814";31814;2
"31815";31815;2
"31816";31816;1
"31817";31817;1
"31818";31818;1
"31819";31819;2
"31820";31820;1
"31821";31821;1
"31822";31822;1
"31823";31823;1
"31824";31824;2
"31825";31825;1
"31826";31826;1
"31827";31827;1
"31828";31828;1
"31829";31829;2
"31830";31830;1
"31831";31831;1
"31832";31832;1
"31833";31833;2
"31834";31834;1
"31835";31835;2
"31836";31836;1
"31837";31837;1
"31838";31838;1
"31839";31839;1
"31840";31840;1
"31841";31841;1
"31842";31842;1
"31843";31843;1
"31844";31844;1
"31845";31845;1
"31846";31846;2
"31847";31847;2
"31848";31848;2
"31849";31849;2
"31850";31850;2
"31851";31851;1
"31852";31852;2
"31853";31853;2
"31854";31854;2
"31855";31855;1
"31856";31856;1
"31857";31857;1
"31858";31858;1
"31859";31859;1
"31860";31860;2
"31861";31861;2
"31862";31862;1
"31863";31863;1
"31864";31864;2
"31865";31865;1
"31866";31866;1
"31867";31867;2
"31868";31868;2
"31869";31869;2
"31870";31870;1
"31871";31871;2
"31872";31872;2
"31873";31873;1
"31874";31874;1
"31875";31875;1
"31876";31876;1
"31877";31877;1
"31878";31878;1
"31879";31879;2
"31880";31880;1
"31881";31881;1
"31882";31882;1
"31883";31883;2
"31884";31884;1
"31885";31885;1
"31886";31886;1
"31887";31887;1
"31888";31888;1
"31889";31889;1
"31890";31890;1
"31891";31891;1
"31892";31892;1
"31893";31893;1
"31894";31894;1
"31895";31895;0
"31896";31896;1
"31897";31897;2
"31898";31898;1
"31899";31899;1
"31900";31900;1
"31901";31901;1
"31902";31902;1
"31903";31903;1
"31904";31904;2
"31905";31905;1
"31906";31906;2
"31907";31907;2
"31908";31908;2
"31909";31909;0
"31910";31910;2
"31911";31911;1
"31912";31912;2
"31913";31913;2
"31914";31914;0
"31915";31915;1
"31916";31916;2
"31917";31917;2
"31918";31918;2
"31919";31919;2
"31920";31920;1
"31921";31921;2
"31922";31922;1
"31923";31923;1
"31924";31924;1
"31925";31925;2
"31926";31926;2
"31927";31927;1
"31928";31928;2
"31929";31929;2
"31930";31930;1
"31931";31931;1
"31932";31932;1
"31933";31933;1
"31934";31934;1
"31935";31935;0
"31936";31936;1
"31937";31937;2
"31938";31938;1
"31939";31939;1
"31940";31940;2
"31941";31941;2
"31942";31942;2
"31943";31943;1
"31944";31944;2
"31945";31945;1
"31946";31946;1
"31947";31947;2
"31948";31948;1
"31949";31949;1
"31950";31950;1
"31951";31951;2
"31952";31952;2
"31953";31953;1
"31954";31954;1
"31955";31955;1
"31956";31956;1
"31957";31957;1
"31958";31958;1
"31959";31959;2
"31960";31960;2
"31961";31961;2
"31962";31962;1
"31963";31963;1
"31964";31964;1
"31965";31965;1
"31966";31966;1
"31967";31967;2
"31968";31968;1
"31969";31969;1
"31970";31970;1
"31971";31971;2
"31972";31972;2
"31973";31973;2
"31974";31974;2
"31975";31975;2
"31976";31976;2
"31977";31977;2
"31978";31978;2
"31979";31979;1
"31980";31980;2
"31981";31981;2
"31982";31982;2
"31983";31983;1
"31984";31984;1
"31985";31985;1
"31986";31986;2
"31987";31987;2
"31988";31988;2
"31989";31989;2
"31990";31990;2
"31991";31991;2
"31992";31992;2
"31993";31993;1
"31994";31994;2
"31995";31995;2
"31996";31996;2
"31997";31997;1
"31998";31998;2
"31999";31999;2
"32000";32000;2
"32001";32001;2
"32002";32002;2
"32003";32003;1
"32004";32004;1
"32005";32005;1
"32006";32006;2
"32007";32007;1
"32008";32008;2
"32009";32009;1
"32010";32010;1
"32011";32011;1
"32012";32012;2
"32013";32013;1
"32014";32014;1
"32015";32015;2
"32016";32016;2
"32017";32017;2
"32018";32018;1
"32019";32019;1
"32020";32020;1
"32021";32021;2
"32022";32022;1
"32023";32023;1
"32024";32024;1
"32025";32025;1
"32026";32026;1
"32027";32027;1
"32028";32028;1
"32029";32029;1
"32030";32030;2
"32031";32031;2
"32032";32032;1
"32033";32033;2
"32034";32034;2
"32035";32035;1
"32036";32036;2
"32037";32037;2
"32038";32038;1
"32039";32039;1
"32040";32040;0
"32041";32041;1
"32042";32042;1
"32043";32043;2
"32044";32044;2
"32045";32045;1
"32046";32046;2
"32047";32047;2
"32048";32048;1
"32049";32049;2
"32050";32050;1
"32051";32051;1
"32052";32052;1
"32053";32053;1
"32054";32054;1
"32055";32055;1
"32056";32056;1
"32057";32057;1
"32058";32058;1
"32059";32059;1
"32060";32060;2
"32061";32061;1
"32062";32062;2
"32063";32063;2
"32064";32064;1
"32065";32065;2
"32066";32066;2
"32067";32067;2
"32068";32068;1
"32069";32069;1
"32070";32070;1
"32071";32071;1
"32072";32072;2
"32073";32073;1
"32074";32074;1
"32075";32075;2
"32076";32076;2
"32077";32077;1
"32078";32078;1
"32079";32079;2
"32080";32080;1
"32081";32081;1
"32082";32082;1
"32083";32083;2
"32084";32084;1
"32085";32085;1
"32086";32086;1
"32087";32087;1
"32088";32088;2
"32089";32089;1
"32090";32090;2
"32091";32091;2
"32092";32092;2
"32093";32093;2
"32094";32094;1
"32095";32095;1
"32096";32096;1
"32097";32097;2
"32098";32098;1
"32099";32099;2
"32100";32100;2
"32101";32101;2
"32102";32102;1
"32103";32103;2
"32104";32104;2
"32105";32105;1
"32106";32106;2
"32107";32107;2
"32108";32108;2
"32109";32109;1
"32110";32110;1
"32111";32111;1
"32112";32112;1
"32113";32113;2
"32114";32114;1
"32115";32115;2
"32116";32116;2
"32117";32117;2
"32118";32118;2
"32119";32119;2
"32120";32120;1
"32121";32121;1
"32122";32122;1
"32123";32123;2
"32124";32124;1
"32125";32125;2
"32126";32126;2
"32127";32127;2
"32128";32128;1
"32129";32129;2
"32130";32130;2
"32131";32131;2
"32132";32132;2
"32133";32133;1
"32134";32134;2
"32135";32135;2
"32136";32136;2
"32137";32137;1
"32138";32138;1
"32139";32139;2
"32140";32140;1
"32141";32141;2
"32142";32142;1
"32143";32143;1
"32144";32144;2
"32145";32145;1
"32146";32146;1
"32147";32147;1
"32148";32148;1
"32149";32149;1
"32150";32150;1
"32151";32151;1
"32152";32152;1
"32153";32153;1
"32154";32154;2
"32155";32155;2
"32156";32156;2
"32157";32157;1
"32158";32158;2
"32159";32159;2
"32160";32160;1
"32161";32161;2
"32162";32162;1
"32163";32163;1
"32164";32164;2
"32165";32165;2
"32166";32166;1
"32167";32167;1
"32168";32168;1
"32169";32169;1
"32170";32170;1
"32171";32171;2
"32172";32172;2
"32173";32173;1
"32174";32174;1
"32175";32175;2
"32176";32176;2
"32177";32177;1
"32178";32178;2
"32179";32179;2
"32180";32180;2
"32181";32181;1
"32182";32182;2
"32183";32183;2
"32184";32184;2
"32185";32185;2
"32186";32186;2
"32187";32187;2
"32188";32188;1
"32189";32189;1
"32190";32190;1
"32191";32191;1
"32192";32192;2
"32193";32193;1
"32194";32194;2
"32195";32195;1
"32196";32196;1
"32197";32197;1
"32198";32198;2
"32199";32199;2
"32200";32200;2
"32201";32201;2
"32202";32202;1
"32203";32203;1
"32204";32204;2
"32205";32205;2
"32206";32206;2
"32207";32207;2
"32208";32208;2
"32209";32209;2
"32210";32210;2
"32211";32211;2
"32212";32212;1
"32213";32213;2
"32214";32214;2
"32215";32215;2
"32216";32216;1
"32217";32217;1
"32218";32218;2
"32219";32219;2
"32220";32220;1
"32221";32221;1
"32222";32222;1
"32223";32223;2
"32224";32224;1
"32225";32225;2
"32226";32226;1
"32227";32227;1
"32228";32228;2
"32229";32229;2
"32230";32230;2
"32231";32231;2
"32232";32232;1
"32233";32233;2
"32234";32234;2
"32235";32235;2
"32236";32236;1
"32237";32237;2
"32238";32238;1
"32239";32239;1
"32240";32240;2
"32241";32241;1
"32242";32242;1
"32243";32243;1
"32244";32244;2
"32245";32245;2
"32246";32246;2
"32247";32247;2
"32248";32248;1
"32249";32249;1
"32250";32250;1
"32251";32251;1
"32252";32252;1
"32253";32253;1
"32254";32254;1
"32255";32255;1
"32256";32256;1
"32257";32257;2
"32258";32258;2
"32259";32259;2
"32260";32260;2
"32261";32261;2
"32262";32262;1
"32263";32263;1
"32264";32264;2
"32265";32265;2
"32266";32266;1
"32267";32267;2
"32268";32268;2
"32269";32269;2
"32270";32270;1
"32271";32271;1
"32272";32272;1
"32273";32273;2
"32274";32274;1
"32275";32275;2
"32276";32276;2
"32277";32277;1
"32278";32278;2
"32279";32279;2
"32280";32280;2
"32281";32281;1
"32282";32282;1
"32283";32283;2
"32284";32284;2
"32285";32285;1
"32286";32286;1
"32287";32287;2
"32288";32288;2
"32289";32289;1
"32290";32290;1
"32291";32291;1
"32292";32292;1
"32293";32293;1
"32294";32294;1
"32295";32295;1
"32296";32296;1
"32297";32297;1
"32298";32298;2
"32299";32299;2
"32300";32300;2
"32301";32301;2
"32302";32302;2
"32303";32303;2
"32304";32304;1
"32305";32305;1
"32306";32306;2
"32307";32307;2
"32308";32308;2
"32309";32309;2
"32310";32310;2
"32311";32311;2
"32312";32312;2
"32313";32313;2
"32314";32314;2
"32315";32315;1
"32316";32316;1
"32317";32317;1
"32318";32318;2
"32319";32319;2
"32320";32320;2
"32321";32321;2
"32322";32322;2
"32323";32323;2
"32324";32324;1
"32325";32325;1
"32326";32326;1
"32327";32327;2
"32328";32328;2
"32329";32329;2
"32330";32330;2
"32331";32331;2
"32332";32332;2
"32333";32333;2
"32334";32334;1
"32335";32335;2
"32336";32336;2
"32337";32337;1
"32338";32338;1
"32339";32339;2
"32340";32340;2
"32341";32341;2
"32342";32342;1
"32343";32343;1
"32344";32344;2
"32345";32345;2
"32346";32346;2
"32347";32347;2
"32348";32348;2
"32349";32349;2
"32350";32350;1
"32351";32351;2
"32352";32352;1
"32353";32353;2
"32354";32354;2
"32355";32355;2
"32356";32356;2
"32357";32357;2
"32358";32358;2
"32359";32359;2
"32360";32360;1
"32361";32361;2
"32362";32362;1
"32363";32363;1
"32364";32364;1
"32365";32365;2
"32366";32366;1
"32367";32367;2
"32368";32368;1
"32369";32369;2
"32370";32370;1
"32371";32371;2
"32372";32372;1
"32373";32373;2
"32374";32374;2
"32375";32375;1
"32376";32376;1
"32377";32377;1
"32378";32378;1
"32379";32379;2
"32380";32380;2
"32381";32381;1
"32382";32382;2
"32383";32383;1
"32384";32384;2
"32385";32385;2
"32386";32386;1
"32387";32387;2
"32388";32388;1
"32389";32389;1
"32390";32390;2
"32391";32391;1
"32392";32392;2
"32393";32393;1
"32394";32394;2
"32395";32395;2
"32396";32396;1
"32397";32397;2
"32398";32398;2
"32399";32399;1
"32400";32400;1
"32401";32401;1
"32402";32402;2
"32403";32403;1
"32404";32404;2
"32405";32405;1
"32406";32406;1
"32407";32407;1
"32408";32408;1
"32409";32409;1
"32410";32410;1
"32411";32411;1
"32412";32412;1
"32413";32413;1
"32414";32414;1
"32415";32415;2
"32416";32416;1
"32417";32417;1
"32418";32418;1
"32419";32419;1
"32420";32420;1
"32421";32421;1
"32422";32422;1
"32423";32423;2
"32424";32424;1
"32425";32425;2
"32426";32426;1
"32427";32427;1
"32428";32428;1
"32429";32429;2
"32430";32430;2
"32431";32431;1
"32432";32432;2
"32433";32433;2
"32434";32434;1
"32435";32435;1
"32436";32436;2
"32437";32437;1
"32438";32438;2
"32439";32439;2
"32440";32440;1
"32441";32441;1
"32442";32442;2
"32443";32443;1
"32444";32444;1
"32445";32445;1
"32446";32446;1
"32447";32447;2
"32448";32448;2
"32449";32449;1
"32450";32450;1
"32451";32451;2
"32452";32452;1
"32453";32453;2
"32454";32454;2
"32455";32455;1
"32456";32456;2
"32457";32457;2
"32458";32458;2
"32459";32459;2
"32460";32460;2
"32461";32461;1
"32462";32462;1
"32463";32463;2
"32464";32464;1
"32465";32465;2
"32466";32466;2
"32467";32467;2
"32468";32468;2
"32469";32469;1
"32470";32470;2
"32471";32471;2
"32472";32472;2
"32473";32473;1
"32474";32474;1
"32475";32475;2
"32476";32476;1
"32477";32477;1
"32478";32478;1
"32479";32479;1
"32480";32480;1
"32481";32481;1
"32482";32482;2
"32483";32483;2
"32484";32484;1
"32485";32485;1
"32486";32486;2
"32487";32487;1
"32488";32488;2
"32489";32489;2
"32490";32490;1
"32491";32491;1
"32492";32492;2
"32493";32493;1
"32494";32494;2
"32495";32495;2
"32496";32496;2
"32497";32497;1
"32498";32498;2
"32499";32499;2
"32500";32500;1
"32501";32501;2
"32502";32502;1
"32503";32503;2
"32504";32504;2
"32505";32505;2
"32506";32506;1
"32507";32507;1
"32508";32508;1
"32509";32509;1
"32510";32510;2
"32511";32511;2
"32512";32512;2
"32513";32513;2
"32514";32514;1
"32515";32515;2
"32516";32516;2
"32517";32517;2
"32518";32518;1
"32519";32519;2
"32520";32520;1
"32521";32521;1
"32522";32522;1
"32523";32523;1
"32524";32524;2
"32525";32525;1
"32526";32526;2
"32527";32527;1
"32528";32528;2
"32529";32529;1
"32530";32530;1
"32531";32531;1
"32532";32532;2
"32533";32533;1
"32534";32534;2
"32535";32535;1
"32536";32536;1
"32537";32537;2
"32538";32538;1
"32539";32539;1
"32540";32540;2
"32541";32541;2
"32542";32542;2
"32543";32543;2
"32544";32544;2
"32545";32545;2
"32546";32546;2
"32547";32547;2
"32548";32548;1
"32549";32549;2
"32550";32550;2
"32551";32551;1
"32552";32552;1
"32553";32553;2
"32554";32554;1
"32555";32555;1
"32556";32556;1
"32557";32557;2
"32558";32558;2
"32559";32559;1
"32560";32560;2
"32561";32561;2
"32562";32562;1
"32563";32563;2
"32564";32564;1
"32565";32565;1
"32566";32566;2
"32567";32567;1
"32568";32568;2
"32569";32569;2
"32570";32570;2
"32571";32571;1
"32572";32572;1
"32573";32573;2
"32574";32574;2
"32575";32575;1
"32576";32576;1
"32577";32577;2
"32578";32578;2
"32579";32579;2
"32580";32580;2
"32581";32581;2
"32582";32582;2
"32583";32583;1
"32584";32584;2
"32585";32585;2
"32586";32586;1
"32587";32587;2
"32588";32588;2
"32589";32589;1
"32590";32590;2
"32591";32591;2
"32592";32592;1
"32593";32593;2
"32594";32594;2
"32595";32595;2
"32596";32596;2
"32597";32597;1
"32598";32598;1
"32599";32599;1
"32600";32600;2
"32601";32601;2
"32602";32602;1
"32603";32603;1
"32604";32604;1
"32605";32605;2
"32606";32606;1
"32607";32607;2
"32608";32608;2
"32609";32609;1
"32610";32610;1
"32611";32611;1
"32612";32612;2
"32613";32613;2
"32614";32614;1
"32615";32615;2
"32616";32616;1
"32617";32617;1
"32618";32618;2
"32619";32619;1
"32620";32620;2
"32621";32621;2
"32622";32622;1
"32623";32623;1
"32624";32624;2
"32625";32625;2
"32626";32626;1
"32627";32627;2
"32628";32628;2
"32629";32629;1
"32630";32630;1
"32631";32631;2
"32632";32632;1
"32633";32633;2
"32634";32634;1
"32635";32635;0
"32636";32636;1
"32637";32637;2
"32638";32638;2
"32639";32639;2
"32640";32640;1
"32641";32641;2
"32642";32642;1
"32643";32643;2
"32644";32644;2
"32645";32645;1
"32646";32646;2
"32647";32647;1
"32648";32648;2
"32649";32649;1
"32650";32650;1
"32651";32651;2
"32652";32652;2
"32653";32653;1
"32654";32654;2
"32655";32655;1
"32656";32656;1
"32657";32657;1
"32658";32658;1
"32659";32659;2
"32660";32660;1
"32661";32661;1
"32662";32662;2
"32663";32663;2
"32664";32664;2
"32665";32665;2
"32666";32666;1
"32667";32667;2
"32668";32668;1
"32669";32669;1
"32670";32670;2
"32671";32671;1
"32672";32672;2
"32673";32673;1
"32674";32674;2
"32675";32675;1
"32676";32676;1
"32677";32677;1
"32678";32678;1
"32679";32679;1
"32680";32680;1
"32681";32681;2
"32682";32682;1
"32683";32683;1
"32684";32684;1
"32685";32685;1
"32686";32686;1
"32687";32687;1
"32688";32688;2
"32689";32689;2
"32690";32690;1
"32691";32691;2
"32692";32692;2
"32693";32693;2
"32694";32694;2
"32695";32695;2
"32696";32696;2
"32697";32697;2
"32698";32698;2
"32699";32699;2
"32700";32700;2
"32701";32701;1
"32702";32702;1
"32703";32703;1
"32704";32704;2
"32705";32705;2
"32706";32706;2
"32707";32707;2
"32708";32708;2
"32709";32709;2
"32710";32710;1
"32711";32711;1
"32712";32712;1
"32713";32713;1
"32714";32714;2
"32715";32715;1
"32716";32716;2
"32717";32717;1
"32718";32718;2
"32719";32719;2
"32720";32720;1
"32721";32721;1
"32722";32722;2
"32723";32723;2
"32724";32724;2
"32725";32725;2
"32726";32726;2
"32727";32727;2
"32728";32728;2
"32729";32729;2
"32730";32730;2
"32731";32731;2
"32732";32732;1
"32733";32733;1
"32734";32734;1
"32735";32735;2
"32736";32736;2
"32737";32737;2
"32738";32738;1
"32739";32739;2
"32740";32740;2
"32741";32741;2
"32742";32742;2
"32743";32743;1
"32744";32744;2
"32745";32745;2
"32746";32746;1
"32747";32747;1
"32748";32748;2
"32749";32749;2
"32750";32750;1
"32751";32751;1
"32752";32752;1
"32753";32753;2
"32754";32754;2
"32755";32755;0
"32756";32756;1
"32757";32757;2
"32758";32758;2
"32759";32759;2
"32760";32760;1
"32761";32761;1
"32762";32762;2
"32763";32763;2
"32764";32764;2
"32765";32765;0
"32766";32766;2
"32767";32767;2
"32768";32768;2
"32769";32769;2
"32770";32770;1
"32771";32771;1
"32772";32772;2
"32773";32773;2
"32774";32774;1
"32775";32775;1
"32776";32776;0
"32777";32777;2
"32778";32778;2
"32779";32779;2
"32780";32780;2
"32781";32781;2
"32782";32782;2
"32783";32783;1
"32784";32784;1
"32785";32785;1
"32786";32786;1
"32787";32787;2
"32788";32788;1
"32789";32789;2
"32790";32790;2
"32791";32791;1
"32792";32792;2
"32793";32793;2
"32794";32794;1
"32795";32795;2
"32796";32796;1
"32797";32797;1
"32798";32798;1
"32799";32799;2
"32800";32800;1
"32801";32801;2
"32802";32802;2
"32803";32803;1
"32804";32804;2
"32805";32805;2
"32806";32806;1
"32807";32807;1
"32808";32808;2
"32809";32809;1
"32810";32810;1
"32811";32811;1
"32812";32812;2
"32813";32813;2
"32814";32814;1
"32815";32815;2
"32816";32816;2
"32817";32817;2
"32818";32818;1
"32819";32819;1
"32820";32820;1
"32821";32821;1
"32822";32822;1
"32823";32823;2
"32824";32824;2
"32825";32825;1
"32826";32826;1
"32827";32827;2
"32828";32828;1
"32829";32829;2
"32830";32830;1
"32831";32831;2
"32832";32832;1
"32833";32833;2
"32834";32834;2
"32835";32835;2
"32836";32836;2
"32837";32837;2
"32838";32838;1
"32839";32839;1
"32840";32840;1
"32841";32841;1
"32842";32842;1
"32843";32843;1
"32844";32844;2
"32845";32845;2
"32846";32846;2
"32847";32847;2
"32848";32848;1
"32849";32849;2
"32850";32850;1
"32851";32851;1
"32852";32852;2
"32853";32853;2
"32854";32854;2
"32855";32855;1
"32856";32856;2
"32857";32857;1
"32858";32858;1
"32859";32859;1
"32860";32860;1
"32861";32861;1
"32862";32862;1
"32863";32863;2
"32864";32864;1
"32865";32865;2
"32866";32866;2
"32867";32867;1
"32868";32868;1
"32869";32869;1
"32870";32870;2
"32871";32871;1
"32872";32872;2
"32873";32873;1
"32874";32874;1
"32875";32875;1
"32876";32876;1
"32877";32877;1
"32878";32878;1
"32879";32879;2
"32880";32880;2
"32881";32881;2
"32882";32882;1
"32883";32883;1
"32884";32884;2
"32885";32885;1
"32886";32886;1
"32887";32887;2
"32888";32888;2
"32889";32889;1
"32890";32890;1
"32891";32891;2
"32892";32892;2
"32893";32893;2
"32894";32894;1
"32895";32895;1
"32896";32896;1
"32897";32897;1
"32898";32898;2
"32899";32899;1
"32900";32900;1
"32901";32901;1
"32902";32902;1
"32903";32903;2
"32904";32904;1
"32905";32905;2
"32906";32906;2
"32907";32907;1
"32908";32908;1
"32909";32909;2
"32910";32910;1
"32911";32911;2
"32912";32912;1
"32913";32913;2
"32914";32914;1
"32915";32915;1
"32916";32916;2
"32917";32917;2
"32918";32918;1
"32919";32919;2
"32920";32920;1
"32921";32921;2
"32922";32922;2
"32923";32923;2
"32924";32924;1
"32925";32925;1
"32926";32926;1
"32927";32927;1
"32928";32928;1
"32929";32929;1
"32930";32930;1
"32931";32931;1
"32932";32932;1
"32933";32933;1
"32934";32934;2
"32935";32935;1
"32936";32936;1
"32937";32937;1
"32938";32938;1
"32939";32939;1
"32940";32940;1
"32941";32941;1
"32942";32942;1
"32943";32943;1
"32944";32944;2
"32945";32945;1
"32946";32946;1
"32947";32947;1
"32948";32948;2
"32949";32949;2
"32950";32950;1
"32951";32951;1
"32952";32952;2
"32953";32953;1
"32954";32954;1
"32955";32955;2
"32956";32956;2
"32957";32957;1
"32958";32958;2
"32959";32959;1
"32960";32960;2
"32961";32961;0
"32962";32962;0
"32963";32963;1
"32964";32964;2
"32965";32965;2
"32966";32966;1
"32967";32967;2
"32968";32968;2
"32969";32969;2
"32970";32970;2
"32971";32971;2
"32972";32972;2
"32973";32973;2
"32974";32974;2
"32975";32975;2
"32976";32976;1
"32977";32977;1
"32978";32978;1
"32979";32979;2
"32980";32980;2
"32981";32981;2
"32982";32982;2
"32983";32983;2
"32984";32984;2
"32985";32985;2
"32986";32986;1
"32987";32987;2
"32988";32988;2
"32989";32989;2
"32990";32990;0
"32991";32991;1
"32992";32992;2
"32993";32993;2
"32994";32994;2
"32995";32995;2
"32996";32996;2
"32997";32997;2
"32998";32998;1
"32999";32999;2
"33000";33000;2
"33001";33001;2
"33002";33002;1
"33003";33003;2
"33004";33004;2
"33005";33005;2
"33006";33006;2
"33007";33007;2
"33008";33008;1
"33009";33009;2
"33010";33010;2
"33011";33011;2
"33012";33012;2
"33013";33013;2
"33014";33014;2
"33015";33015;2
"33016";33016;1
"33017";33017;2
"33018";33018;2
"33019";33019;2
"33020";33020;2
"33021";33021;2
"33022";33022;2
"33023";33023;2
"33024";33024;2
"33025";33025;1
"33026";33026;1
"33027";33027;2
"33028";33028;2
"33029";33029;1
"33030";33030;2
"33031";33031;1
"33032";33032;2
"33033";33033;1
"33034";33034;1
"33035";33035;1
"33036";33036;1
"33037";33037;1
"33038";33038;1
"33039";33039;1
"33040";33040;1
"33041";33041;1
"33042";33042;1
"33043";33043;1
"33044";33044;1
"33045";33045;1
"33046";33046;2
"33047";33047;2
"33048";33048;1
"33049";33049;2
"33050";33050;1
"33051";33051;1
"33052";33052;1
"33053";33053;2
"33054";33054;1
"33055";33055;1
"33056";33056;1
"33057";33057;1
"33058";33058;1
"33059";33059;1
"33060";33060;0
"33061";33061;1
"33062";33062;2
"33063";33063;2
"33064";33064;2
"33065";33065;2
"33066";33066;2
"33067";33067;2
"33068";33068;1
"33069";33069;2
"33070";33070;1
"33071";33071;2
"33072";33072;1
"33073";33073;1
"33074";33074;1
"33075";33075;1
"33076";33076;2
"33077";33077;1
"33078";33078;2
"33079";33079;1
"33080";33080;2
"33081";33081;2
"33082";33082;2
"33083";33083;2
"33084";33084;2
"33085";33085;1
"33086";33086;2
"33087";33087;1
"33088";33088;1
"33089";33089;1
"33090";33090;1
"33091";33091;2
"33092";33092;2
"33093";33093;1
"33094";33094;1
"33095";33095;1
"33096";33096;2
"33097";33097;1
"33098";33098;2
"33099";33099;1
"33100";33100;2
"33101";33101;2
"33102";33102;2
"33103";33103;1
"33104";33104;2
"33105";33105;1
"33106";33106;2
"33107";33107;2
"33108";33108;1
"33109";33109;2
"33110";33110;1
"33111";33111;1
"33112";33112;1
"33113";33113;0
"33114";33114;2
"33115";33115;0
"33116";33116;1
"33117";33117;2
"33118";33118;2
"33119";33119;1
"33120";33120;2
"33121";33121;2
"33122";33122;1
"33123";33123;1
"33124";33124;1
"33125";33125;2
"33126";33126;2
"33127";33127;1
"33128";33128;2
"33129";33129;2
"33130";33130;2
"33131";33131;2
"33132";33132;1
"33133";33133;1
"33134";33134;2
"33135";33135;1
"33136";33136;2
"33137";33137;1
"33138";33138;1
"33139";33139;2
"33140";33140;2
"33141";33141;1
"33142";33142;2
"33143";33143;1
"33144";33144;1
"33145";33145;1
"33146";33146;1
"33147";33147;2
"33148";33148;1
"33149";33149;1
"33150";33150;1
"33151";33151;1
"33152";33152;1
"33153";33153;1
"33154";33154;1
"33155";33155;1
"33156";33156;1
"33157";33157;1
"33158";33158;1
"33159";33159;2
"33160";33160;2
"33161";33161;2
"33162";33162;2
"33163";33163;2
"33164";33164;2
"33165";33165;2
"33166";33166;2
"33167";33167;2
"33168";33168;1
"33169";33169;1
"33170";33170;1
"33171";33171;1
"33172";33172;1
"33173";33173;2
"33174";33174;1
"33175";33175;1
"33176";33176;1
"33177";33177;1
"33178";33178;2
"33179";33179;2
"33180";33180;2
"33181";33181;2
"33182";33182;2
"33183";33183;1
"33184";33184;1
"33185";33185;1
"33186";33186;2
"33187";33187;1
"33188";33188;1
"33189";33189;1
"33190";33190;1
"33191";33191;1
"33192";33192;1
"33193";33193;2
"33194";33194;1
"33195";33195;2
"33196";33196;2
"33197";33197;1
"33198";33198;1
"33199";33199;1
"33200";33200;1
"33201";33201;1
"33202";33202;1
"33203";33203;2
"33204";33204;1
"33205";33205;1
"33206";33206;1
"33207";33207;1
"33208";33208;1
"33209";33209;1
"33210";33210;1
"33211";33211;2
"33212";33212;1
"33213";33213;1
"33214";33214;1
"33215";33215;1
"33216";33216;1
"33217";33217;1
"33218";33218;1
"33219";33219;1
"33220";33220;2
"33221";33221;1
"33222";33222;1
"33223";33223;1
"33224";33224;1
"33225";33225;1
"33226";33226;1
"33227";33227;2
"33228";33228;1
"33229";33229;1
"33230";33230;1
"33231";33231;1
"33232";33232;1
"33233";33233;1
"33234";33234;1
"33235";33235;2
"33236";33236;1
"33237";33237;2
"33238";33238;2
"33239";33239;1
"33240";33240;1
"33241";33241;1
"33242";33242;2
"33243";33243;1
"33244";33244;1
"33245";33245;1
"33246";33246;2
"33247";33247;2
"33248";33248;2
"33249";33249;1
"33250";33250;2
"33251";33251;2
"33252";33252;2
"33253";33253;2
"33254";33254;1
"33255";33255;1
"33256";33256;1
"33257";33257;2
"33258";33258;1
"33259";33259;1
"33260";33260;1
"33261";33261;1
"33262";33262;1
"33263";33263;1
"33264";33264;1
"33265";33265;1
"33266";33266;1
"33267";33267;1
"33268";33268;1
"33269";33269;1
"33270";33270;1
"33271";33271;2
"33272";33272;2
"33273";33273;1
"33274";33274;1
"33275";33275;2
"33276";33276;1
"33277";33277;2
"33278";33278;1
"33279";33279;1
"33280";33280;1
"33281";33281;2
"33282";33282;1
"33283";33283;1
"33284";33284;1
"33285";33285;1
"33286";33286;2
"33287";33287;2
"33288";33288;1
"33289";33289;1
"33290";33290;2
"33291";33291;1
"33292";33292;1
"33293";33293;1
"33294";33294;1
"33295";33295;1
"33296";33296;1
"33297";33297;1
"33298";33298;1
"33299";33299;1
"33300";33300;2
"33301";33301;2
"33302";33302;1
"33303";33303;2
"33304";33304;2
"33305";33305;2
"33306";33306;1
"33307";33307;2
"33308";33308;1
"33309";33309;1
"33310";33310;1
"33311";33311;2
"33312";33312;1
"33313";33313;1
"33314";33314;1
"33315";33315;2
"33316";33316;2
"33317";33317;2
"33318";33318;2
"33319";33319;2
"33320";33320;2
"33321";33321;1
"33322";33322;1
"33323";33323;1
"33324";33324;1
"33325";33325;1
"33326";33326;1
"33327";33327;1
"33328";33328;1
"33329";33329;1
"33330";33330;1
"33331";33331;1
"33332";33332;1
"33333";33333;1
"33334";33334;1
"33335";33335;1
"33336";33336;1
"33337";33337;1
"33338";33338;1
"33339";33339;2
"33340";33340;2
"33341";33341;2
"33342";33342;1
"33343";33343;1
"33344";33344;1
"33345";33345;2
"33346";33346;2
"33347";33347;1
"33348";33348;2
"33349";33349;2
"33350";33350;2
"33351";33351;0
"33352";33352;2
"33353";33353;0
"33354";33354;1
"33355";33355;2
"33356";33356;2
"33357";33357;1
"33358";33358;1
"33359";33359;1
"33360";33360;2
"33361";33361;1
"33362";33362;2
"33363";33363;1
"33364";33364;1
"33365";33365;1
"33366";33366;2
"33367";33367;1
"33368";33368;0
"33369";33369;0
"33370";33370;0
"33371";33371;0
"33372";33372;1
"33373";33373;1
"33374";33374;2
"33375";33375;2
"33376";33376;2
"33377";33377;2
"33378";33378;1
"33379";33379;1
"33380";33380;0
"33381";33381;1
"33382";33382;0
"33383";33383;1
"33384";33384;1
"33385";33385;0
"33386";33386;1
"33387";33387;2
"33388";33388;1
"33389";33389;1
"33390";33390;1
"33391";33391;1
"33392";33392;2
"33393";33393;2
"33394";33394;2
"33395";33395;0
"33396";33396;2
"33397";33397;2
"33398";33398;2
"33399";33399;1
"33400";33400;2
"33401";33401;1
"33402";33402;1
"33403";33403;2
"33404";33404;2
"33405";33405;2
"33406";33406;0
"33407";33407;2
"33408";33408;2
"33409";33409;0
"33410";33410;0
"33411";33411;2
"33412";33412;1
"33413";33413;1
"33414";33414;1
"33415";33415;2
"33416";33416;0
"33417";33417;2
"33418";33418;2
"33419";33419;2
"33420";33420;2
"33421";33421;2
"33422";33422;2
"33423";33423;2
"33424";33424;2
"33425";33425;1
"33426";33426;2
"33427";33427;2
"33428";33428;2
"33429";33429;2
"33430";33430;1
"33431";33431;2
"33432";33432;1
"33433";33433;1
"33434";33434;2
"33435";33435;2
"33436";33436;1
"33437";33437;2
"33438";33438;2
"33439";33439;1
"33440";33440;1
"33441";33441;2
"33442";33442;1
"33443";33443;2
"33444";33444;1
"33445";33445;2
"33446";33446;1
"33447";33447;2
"33448";33448;1
"33449";33449;0
"33450";33450;1
"33451";33451;1
"33452";33452;2
"33453";33453;2
"33454";33454;2
"33455";33455;1
"33456";33456;2
"33457";33457;2
"33458";33458;2
"33459";33459;1
"33460";33460;1
"33461";33461;2
"33462";33462;1
"33463";33463;1
"33464";33464;1
"33465";33465;1
"33466";33466;1
"33467";33467;1
"33468";33468;1
"33469";33469;2
"33470";33470;1
"33471";33471;2
"33472";33472;2
"33473";33473;1
"33474";33474;1
"33475";33475;1
"33476";33476;1
"33477";33477;2
"33478";33478;1
"33479";33479;1
"33480";33480;1
"33481";33481;2
"33482";33482;1
"33483";33483;2
"33484";33484;2
"33485";33485;2
"33486";33486;2
"33487";33487;1
"33488";33488;2
"33489";33489;1
"33490";33490;2
"33491";33491;1
"33492";33492;2
"33493";33493;2
"33494";33494;2
"33495";33495;1
"33496";33496;2
"33497";33497;2
"33498";33498;1
"33499";33499;2
"33500";33500;1
"33501";33501;2
"33502";33502;2
"33503";33503;1
"33504";33504;2
"33505";33505;1
"33506";33506;1
"33507";33507;1
"33508";33508;1
"33509";33509;1
"33510";33510;1
"33511";33511;2
"33512";33512;2
"33513";33513;0
"33514";33514;2
"33515";33515;2
"33516";33516;2
"33517";33517;2
"33518";33518;2
"33519";33519;1
"33520";33520;2
"33521";33521;1
"33522";33522;2
"33523";33523;1
"33524";33524;0
"33525";33525;1
"33526";33526;0
"33527";33527;2
"33528";33528;2
"33529";33529;2
"33530";33530;1
"33531";33531;2
"33532";33532;1
"33533";33533;1
"33534";33534;1
"33535";33535;1
"33536";33536;1
"33537";33537;1
"33538";33538;1
"33539";33539;1
"33540";33540;2
"33541";33541;2
"33542";33542;2
"33543";33543;2
"33544";33544;1
"33545";33545;2
"33546";33546;1
"33547";33547;1
"33548";33548;2
"33549";33549;2
"33550";33550;2
"33551";33551;2
"33552";33552;2
"33553";33553;1
"33554";33554;1
"33555";33555;2
"33556";33556;2
"33557";33557;2
"33558";33558;1
"33559";33559;1
"33560";33560;2
"33561";33561;2
"33562";33562;2
"33563";33563;2
"33564";33564;2
"33565";33565;2
"33566";33566;2
"33567";33567;1
"33568";33568;2
"33569";33569;2
"33570";33570;2
"33571";33571;1
"33572";33572;1
"33573";33573;1
"33574";33574;2
"33575";33575;1
"33576";33576;1
"33577";33577;2
"33578";33578;2
"33579";33579;2
"33580";33580;0
"33581";33581;2
"33582";33582;2
"33583";33583;2
"33584";33584;2
"33585";33585;2
"33586";33586;2
"33587";33587;2
"33588";33588;2
"33589";33589;2
"33590";33590;2
"33591";33591;2
"33592";33592;1
"33593";33593;2
"33594";33594;1
"33595";33595;2
"33596";33596;2
"33597";33597;0
"33598";33598;2
"33599";33599;1
"33600";33600;2
"33601";33601;2
"33602";33602;2
"33603";33603;2
"33604";33604;2
"33605";33605;2
"33606";33606;2
"33607";33607;2
"33608";33608;2
"33609";33609;2
"33610";33610;1
"33611";33611;1
"33612";33612;1
"33613";33613;1
"33614";33614;0
"33615";33615;0
"33616";33616;0
"33617";33617;0
"33618";33618;0
"33619";33619;2
"33620";33620;1
"33621";33621;2
"33622";33622;2
"33623";33623;1
"33624";33624;1
"33625";33625;1
"33626";33626;2
"33627";33627;1
"33628";33628;0
"33629";33629;0
"33630";33630;1
"33631";33631;1
"33632";33632;0
"33633";33633;1
"33634";33634;0
"33635";33635;1
"33636";33636;1
"33637";33637;1
"33638";33638;1
"33639";33639;1
"33640";33640;1
"33641";33641;2
"33642";33642;1
"33643";33643;1
"33644";33644;1
"33645";33645;1
"33646";33646;2
"33647";33647;2
"33648";33648;1
"33649";33649;1
"33650";33650;2
"33651";33651;1
"33652";33652;0
"33653";33653;0
"33654";33654;0
"33655";33655;0
"33656";33656;0
"33657";33657;0
"33658";33658;0
"33659";33659;0
"33660";33660;1
"33661";33661;1
"33662";33662;1
"33663";33663;2
"33664";33664;1
"33665";33665;1
"33666";33666;1
"33667";33667;0
"33668";33668;1
"33669";33669;1
"33670";33670;1
"33671";33671;1
"33672";33672;1
"33673";33673;1
"33674";33674;1
"33675";33675;0
"33676";33676;1
"33677";33677;0
"33678";33678;2
"33679";33679;2
"33680";33680;2
"33681";33681;2
"33682";33682;2
"33683";33683;2
"33684";33684;2
"33685";33685;2
"33686";33686;2
"33687";33687;2
"33688";33688;1
"33689";33689;2
"33690";33690;2
"33691";33691;1
"33692";33692;2
"33693";33693;1
"33694";33694;1
"33695";33695;2
"33696";33696;2
"33697";33697;1
"33698";33698;2
"33699";33699;1
"33700";33700;1
"33701";33701;1
"33702";33702;2
"33703";33703;1
"33704";33704;1
"33705";33705;2
"33706";33706;1
"33707";33707;2
"33708";33708;2
"33709";33709;2
"33710";33710;1
"33711";33711;2
"33712";33712;2
"33713";33713;2
"33714";33714;2
"33715";33715;1
"33716";33716;2
"33717";33717;2
"33718";33718;2
"33719";33719;2
"33720";33720;1
"33721";33721;2
"33722";33722;1
"33723";33723;2
"33724";33724;2
"33725";33725;2
"33726";33726;1
"33727";33727;1
"33728";33728;2
"33729";33729;2
"33730";33730;1
"33731";33731;2
"33732";33732;2
"33733";33733;2
"33734";33734;1
"33735";33735;2
"33736";33736;1
"33737";33737;2
"33738";33738;2
"33739";33739;2
"33740";33740;1
"33741";33741;1
"33742";33742;1
"33743";33743;1
"33744";33744;1
"33745";33745;1
"33746";33746;1
"33747";33747;1
"33748";33748;1
"33749";33749;1
"33750";33750;1
"33751";33751;1
"33752";33752;1
"33753";33753;2
"33754";33754;1
"33755";33755;2
"33756";33756;1
"33757";33757;1
"33758";33758;1
"33759";33759;1
"33760";33760;1
"33761";33761;1
"33762";33762;2
"33763";33763;1
"33764";33764;1
"33765";33765;1
"33766";33766;1
"33767";33767;2
"33768";33768;1
"33769";33769;1
"33770";33770;1
"33771";33771;1
"33772";33772;2
"33773";33773;1
"33774";33774;1
"33775";33775;1
"33776";33776;2
"33777";33777;1
"33778";33778;1
"33779";33779;1
"33780";33780;2
"33781";33781;1
"33782";33782;2
"33783";33783;2
"33784";33784;1
"33785";33785;2
"33786";33786;1
"33787";33787;1
"33788";33788;1
"33789";33789;1
"33790";33790;2
"33791";33791;1
"33792";33792;2
"33793";33793;1
"33794";33794;1
"33795";33795;2
"33796";33796;1
"33797";33797;1
"33798";33798;2
"33799";33799;2
"33800";33800;1
"33801";33801;1
"33802";33802;1
"33803";33803;2
"33804";33804;2
"33805";33805;2
"33806";33806;2
"33807";33807;1
"33808";33808;1
"33809";33809;1
"33810";33810;1
"33811";33811;1
"33812";33812;1
"33813";33813;1
"33814";33814;1
"33815";33815;1
"33816";33816;1
"33817";33817;1
"33818";33818;1
"33819";33819;2
"33820";33820;1
"33821";33821;1
"33822";33822;1
"33823";33823;1
"33824";33824;1
"33825";33825;2
"33826";33826;2
"33827";33827;2
"33828";33828;1
"33829";33829;1
"33830";33830;1
"33831";33831;1
"33832";33832;1
"33833";33833;1
"33834";33834;1
"33835";33835;1
"33836";33836;2
"33837";33837;1
"33838";33838;1
"33839";33839;1
"33840";33840;1
"33841";33841;1
"33842";33842;1
"33843";33843;2
"33844";33844;2
"33845";33845;1
"33846";33846;1
"33847";33847;1
"33848";33848;1
"33849";33849;1
"33850";33850;1
"33851";33851;1
"33852";33852;1
"33853";33853;1
"33854";33854;1
"33855";33855;1
"33856";33856;1
"33857";33857;1
"33858";33858;1
"33859";33859;2
"33860";33860;1
"33861";33861;1
"33862";33862;2
"33863";33863;1
"33864";33864;1
"33865";33865;1
"33866";33866;1
"33867";33867;1
"33868";33868;1
"33869";33869;2
"33870";33870;1
"33871";33871;1
"33872";33872;2
"33873";33873;2
"33874";33874;2
"33875";33875;2
"33876";33876;2
"33877";33877;2
"33878";33878;1
"33879";33879;1
"33880";33880;2
"33881";33881;2
"33882";33882;1
"33883";33883;2
"33884";33884;1
"33885";33885;1
"33886";33886;1
"33887";33887;2
"33888";33888;2
"33889";33889;2
"33890";33890;2
"33891";33891;2
"33892";33892;2
"33893";33893;2
"33894";33894;1
"33895";33895;2
"33896";33896;2
"33897";33897;2
"33898";33898;1
"33899";33899;2
"33900";33900;2
"33901";33901;2
"33902";33902;2
"33903";33903;2
"33904";33904;2
"33905";33905;1
"33906";33906;2
"33907";33907;2
"33908";33908;2
"33909";33909;2
"33910";33910;1
"33911";33911;1
"33912";33912;2
"33913";33913;2
"33914";33914;1
"33915";33915;1
"33916";33916;2
"33917";33917;1
"33918";33918;1
"33919";33919;2
"33920";33920;1
"33921";33921;2
"33922";33922;2
"33923";33923;1
"33924";33924;2
"33925";33925;1
"33926";33926;2
"33927";33927;1
"33928";33928;2
"33929";33929;2
"33930";33930;1
"33931";33931;1
"33932";33932;2
"33933";33933;1
"33934";33934;2
"33935";33935;1
"33936";33936;1
"33937";33937;2
"33938";33938;2
"33939";33939;2
"33940";33940;2
"33941";33941;1
"33942";33942;2
"33943";33943;1
"33944";33944;2
"33945";33945;1
"33946";33946;1
"33947";33947;1
"33948";33948;2
"33949";33949;2
"33950";33950;1
"33951";33951;1
"33952";33952;1
"33953";33953;2
"33954";33954;1
"33955";33955;1
"33956";33956;2
"33957";33957;1
"33958";33958;2
"33959";33959;2
"33960";33960;1
"33961";33961;1
"33962";33962;1
"33963";33963;1
"33964";33964;1
"33965";33965;1
"33966";33966;2
"33967";33967;2
"33968";33968;1
"33969";33969;2
"33970";33970;2
"33971";33971;2
"33972";33972;1
"33973";33973;2
"33974";33974;1
"33975";33975;1
"33976";33976;2
"33977";33977;2
"33978";33978;1
"33979";33979;1
"33980";33980;1
"33981";33981;1
"33982";33982;2
"33983";33983;2
"33984";33984;2
"33985";33985;1
"33986";33986;2
"33987";33987;2
"33988";33988;2
"33989";33989;2
"33990";33990;2
"33991";33991;1
"33992";33992;1
"33993";33993;1
"33994";33994;1
"33995";33995;1
"33996";33996;1
"33997";33997;1
"33998";33998;1
"33999";33999;2
"34000";34000;2
"34001";34001;1
"34002";34002;2
"34003";34003;1
"34004";34004;2
"34005";34005;2
"34006";34006;1
"34007";34007;2
"34008";34008;2
"34009";34009;1
"34010";34010;2
"34011";34011;1
"34012";34012;2
"34013";34013;2
"34014";34014;1
"34015";34015;2
"34016";34016;2
"34017";34017;1
"34018";34018;1
"34019";34019;2
"34020";34020;2
"34021";34021;2
"34022";34022;1
"34023";34023;1
"34024";34024;2
"34025";34025;2
"34026";34026;1
"34027";34027;1
"34028";34028;2
"34029";34029;0
"34030";34030;1
"34031";34031;1
"34032";34032;1
"34033";34033;2
"34034";34034;1
"34035";34035;2
"34036";34036;1
"34037";34037;1
"34038";34038;1
"34039";34039;2
"34040";34040;1
"34041";34041;2
"34042";34042;2
"34043";34043;1
"34044";34044;2
"34045";34045;1
"34046";34046;2
"34047";34047;2
"34048";34048;2
"34049";34049;2
"34050";34050;2
"34051";34051;1
"34052";34052;1
"34053";34053;2
"34054";34054;1
"34055";34055;1
"34056";34056;2
"34057";34057;2
"34058";34058;2
"34059";34059;2
"34060";34060;2
"34061";34061;1
"34062";34062;1
"34063";34063;1
"34064";34064;2
"34065";34065;1
"34066";34066;2
"34067";34067;1
"34068";34068;2
"34069";34069;1
"34070";34070;2
"34071";34071;1
"34072";34072;1
"34073";34073;2
"34074";34074;2
"34075";34075;0
"34076";34076;1
"34077";34077;2
"34078";34078;1
"34079";34079;1
"34080";34080;1
"34081";34081;2
"34082";34082;1
"34083";34083;1
"34084";34084;1
"34085";34085;2
"34086";34086;2
"34087";34087;2
"34088";34088;2
"34089";34089;2
"34090";34090;1
"34091";34091;2
"34092";34092;2
"34093";34093;2
"34094";34094;2
"34095";34095;1
"34096";34096;2
"34097";34097;0
"34098";34098;2
"34099";34099;2
"34100";34100;2
"34101";34101;0
"34102";34102;1
"34103";34103;1
"34104";34104;2
"34105";34105;2
"34106";34106;2
"34107";34107;2
"34108";34108;2
"34109";34109;2
"34110";34110;2
"34111";34111;2
"34112";34112;2
"34113";34113;2
"34114";34114;2
"34115";34115;1
"34116";34116;1
"34117";34117;2
"34118";34118;1
"34119";34119;1
"34120";34120;2
"34121";34121;2
"34122";34122;2
"34123";34123;2
"34124";34124;1
"34125";34125;2
"34126";34126;2
"34127";34127;2
"34128";34128;2
"34129";34129;2
"34130";34130;2
"34131";34131;2
"34132";34132;2
"34133";34133;2
"34134";34134;2
"34135";34135;1
"34136";34136;1
"34137";34137;2
"34138";34138;2
"34139";34139;1
"34140";34140;2
"34141";34141;2
"34142";34142;2
"34143";34143;1
"34144";34144;1
"34145";34145;1
"34146";34146;2
"34147";34147;2
"34148";34148;1
"34149";34149;2
"34150";34150;1
"34151";34151;1
"34152";34152;1
"34153";34153;2
"34154";34154;2
"34155";34155;2
"34156";34156;2
"34157";34157;2
"34158";34158;1
"34159";34159;2
"34160";34160;1
"34161";34161;1
"34162";34162;2
"34163";34163;1
"34164";34164;1
"34165";34165;2
"34166";34166;1
"34167";34167;1
"34168";34168;2
"34169";34169;1
"34170";34170;2
"34171";34171;1
"34172";34172;2
"34173";34173;1
"34174";34174;1
"34175";34175;1
"34176";34176;1
"34177";34177;1
"34178";34178;2
"34179";34179;2
"34180";34180;2
"34181";34181;2
"34182";34182;1
"34183";34183;2
"34184";34184;0
"34185";34185;1
"34186";34186;2
"34187";34187;2
"34188";34188;1
"34189";34189;1
"34190";34190;1
"34191";34191;1
"34192";34192;1
"34193";34193;1
"34194";34194;1
"34195";34195;1
"34196";34196;1
"34197";34197;1
"34198";34198;1
"34199";34199;1
"34200";34200;1
"34201";34201;1
"34202";34202;1
"34203";34203;1
"34204";34204;1
"34205";34205;2
"34206";34206;2
"34207";34207;1
"34208";34208;1
"34209";34209;1
"34210";34210;1
"34211";34211;1
"34212";34212;1
"34213";34213;1
"34214";34214;1
"34215";34215;2
"34216";34216;2
"34217";34217;1
"34218";34218;2
"34219";34219;1
"34220";34220;2
"34221";34221;1
"34222";34222;1
"34223";34223;2
"34224";34224;1
"34225";34225;2
"34226";34226;1
"34227";34227;2
"34228";34228;2
"34229";34229;0
"34230";34230;1
"34231";34231;1
"34232";34232;1
"34233";34233;1
"34234";34234;1
"34235";34235;1
"34236";34236;1
"34237";34237;2
"34238";34238;1
"34239";34239;2
"34240";34240;1
"34241";34241;1
"34242";34242;1
"34243";34243;0
"34244";34244;0
"34245";34245;1
"34246";34246;1
"34247";34247;1
"34248";34248;1
"34249";34249;2
"34250";34250;1
"34251";34251;1
"34252";34252;1
"34253";34253;1
"34254";34254;1
"34255";34255;1
"34256";34256;1
"34257";34257;2
"34258";34258;2
"34259";34259;1
"34260";34260;1
"34261";34261;1
"34262";34262;2
"34263";34263;1
"34264";34264;2
"34265";34265;1
"34266";34266;2
"34267";34267;2
"34268";34268;2
"34269";34269;1
"34270";34270;2
"34271";34271;2
"34272";34272;2
"34273";34273;1
"34274";34274;2
"34275";34275;1
"34276";34276;2
"34277";34277;1
"34278";34278;2
"34279";34279;2
"34280";34280;1
"34281";34281;1
"34282";34282;2
"34283";34283;2
"34284";34284;1
"34285";34285;1
"34286";34286;2
"34287";34287;2
"34288";34288;2
"34289";34289;2
"34290";34290;2
"34291";34291;1
"34292";34292;2
"34293";34293;2
"34294";34294;2
"34295";34295;1
"34296";34296;1
"34297";34297;1
"34298";34298;2
"34299";34299;2
"34300";34300;1
"34301";34301;2
"34302";34302;1
"34303";34303;1
"34304";34304;1
"34305";34305;2
"34306";34306;1
"34307";34307;1
"34308";34308;1
"34309";34309;1
"34310";34310;1
"34311";34311;2
"34312";34312;2
"34313";34313;2
"34314";34314;2
"34315";34315;2
"34316";34316;2
"34317";34317;1
"34318";34318;1
"34319";34319;2
"34320";34320;2
"34321";34321;1
"34322";34322;1
"34323";34323;2
"34324";34324;1
"34325";34325;1
"34326";34326;2
"34327";34327;2
"34328";34328;1
"34329";34329;1
"34330";34330;1
"34331";34331;1
"34332";34332;2
"34333";34333;1
"34334";34334;1
"34335";34335;1
"34336";34336;2
"34337";34337;1
"34338";34338;1
"34339";34339;1
"34340";34340;1
"34341";34341;1
"34342";34342;1
"34343";34343;1
"34344";34344;2
"34345";34345;1
"34346";34346;1
"34347";34347;2
"34348";34348;1
"34349";34349;1
"34350";34350;1
"34351";34351;2
"34352";34352;1
"34353";34353;2
"34354";34354;2
"34355";34355;1
"34356";34356;1
"34357";34357;1
"34358";34358;1
"34359";34359;2
"34360";34360;2
"34361";34361;2
"34362";34362;2
"34363";34363;2
"34364";34364;2
"34365";34365;1
"34366";34366;2
"34367";34367;1
"34368";34368;2
"34369";34369;1
"34370";34370;2
"34371";34371;1
"34372";34372;1
"34373";34373;1
"34374";34374;2
"34375";34375;2
"34376";34376;1
"34377";34377;2
"34378";34378;1
"34379";34379;1
"34380";34380;2
"34381";34381;1
"34382";34382;2
"34383";34383;2
"34384";34384;2
"34385";34385;2
"34386";34386;2
"34387";34387;2
"34388";34388;1
"34389";34389;1
"34390";34390;1
"34391";34391;1
"34392";34392;1
"34393";34393;1
"34394";34394;1
"34395";34395;2
"34396";34396;2
"34397";34397;1
"34398";34398;1
"34399";34399;1
"34400";34400;2
"34401";34401;2
"34402";34402;2
"34403";34403;1
"34404";34404;2
"34405";34405;2
"34406";34406;2
"34407";34407;2
"34408";34408;2
"34409";34409;2
"34410";34410;1
"34411";34411;2
"34412";34412;1
"34413";34413;2
"34414";34414;1
"34415";34415;1
"34416";34416;1
"34417";34417;1
"34418";34418;0
"34419";34419;2
"34420";34420;1
"34421";34421;2
"34422";34422;1
"34423";34423;1
"34424";34424;2
"34425";34425;2
"34426";34426;2
"34427";34427;1
"34428";34428;2
"34429";34429;1
"34430";34430;1
"34431";34431;2
"34432";34432;2
"34433";34433;1
"34434";34434;1
"34435";34435;1
"34436";34436;1
"34437";34437;2
"34438";34438;2
"34439";34439;1
"34440";34440;1
"34441";34441;1
"34442";34442;1
"34443";34443;1
"34444";34444;1
"34445";34445;2
"34446";34446;1
"34447";34447;1
"34448";34448;1
"34449";34449;1
"34450";34450;2
"34451";34451;1
"34452";34452;1
"34453";34453;1
"34454";34454;1
"34455";34455;2
"34456";34456;1
"34457";34457;1
"34458";34458;1
"34459";34459;1
"34460";34460;1
"34461";34461;1
"34462";34462;2
"34463";34463;2
"34464";34464;2
"34465";34465;1
"34466";34466;2
"34467";34467;2
"34468";34468;1
"34469";34469;1
"34470";34470;1
"34471";34471;2
"34472";34472;2
"34473";34473;2
"34474";34474;2
"34475";34475;2
"34476";34476;2
"34477";34477;1
"34478";34478;2
"34479";34479;2
"34480";34480;2
"34481";34481;1
"34482";34482;2
"34483";34483;2
"34484";34484;1
"34485";34485;2
"34486";34486;2
"34487";34487;2
"34488";34488;2
"34489";34489;2
"34490";34490;1
"34491";34491;0
"34492";34492;2
"34493";34493;1
"34494";34494;2
"34495";34495;1
"34496";34496;2
"34497";34497;1
"34498";34498;1
"34499";34499;2
"34500";34500;2
"34501";34501;2
"34502";34502;2
"34503";34503;1
"34504";34504;2
"34505";34505;2
"34506";34506;2
"34507";34507;1
"34508";34508;2
"34509";34509;2
"34510";34510;1
"34511";34511;2
"34512";34512;2
"34513";34513;1
"34514";34514;2
"34515";34515;2
"34516";34516;1
"34517";34517;1
"34518";34518;2
"34519";34519;1
"34520";34520;1
"34521";34521;1
"34522";34522;1
"34523";34523;1
"34524";34524;1
"34525";34525;2
"34526";34526;1
"34527";34527;1
"34528";34528;1
"34529";34529;2
"34530";34530;1
"34531";34531;1
"34532";34532;1
"34533";34533;1
"34534";34534;1
"34535";34535;1
"34536";34536;1
"34537";34537;1
"34538";34538;1
"34539";34539;1
"34540";34540;1
"34541";34541;1
"34542";34542;1
"34543";34543;1
"34544";34544;1
"34545";34545;2
"34546";34546;1
"34547";34547;1
"34548";34548;1
"34549";34549;1
"34550";34550;1
"34551";34551;1
"34552";34552;1
"34553";34553;1
"34554";34554;1
"34555";34555;1
"34556";34556;1
"34557";34557;1
"34558";34558;2
"34559";34559;2
"34560";34560;2
"34561";34561;2
"34562";34562;1
"34563";34563;1
"34564";34564;2
"34565";34565;1
"34566";34566;1
"34567";34567;1
"34568";34568;1
"34569";34569;1
"34570";34570;1
"34571";34571;1
"34572";34572;2
"34573";34573;1
"34574";34574;1
"34575";34575;1
"34576";34576;1
"34577";34577;1
"34578";34578;1
"34579";34579;1
"34580";34580;1
"34581";34581;1
"34582";34582;1
"34583";34583;2
"34584";34584;1
"34585";34585;1
"34586";34586;1
"34587";34587;1
"34588";34588;1
"34589";34589;2
"34590";34590;1
"34591";34591;2
"34592";34592;2
"34593";34593;1
"34594";34594;1
"34595";34595;2
"34596";34596;1
"34597";34597;2
"34598";34598;1
"34599";34599;1
"34600";34600;1
"34601";34601;2
"34602";34602;1
"34603";34603;1
"34604";34604;1
"34605";34605;1
"34606";34606;2
"34607";34607;1
"34608";34608;2
"34609";34609;2
"34610";34610;2
"34611";34611;2
"34612";34612;2
"34613";34613;2
"34614";34614;1
"34615";34615;2
"34616";34616;2
"34617";34617;2
"34618";34618;2
"34619";34619;1
"34620";34620;2
"34621";34621;2
"34622";34622;1
"34623";34623;2
"34624";34624;1
"34625";34625;0
"34626";34626;2
"34627";34627;2
"34628";34628;1
"34629";34629;0
"34630";34630;0
"34631";34631;0
"34632";34632;0
"34633";34633;0
"34634";34634;2
"34635";34635;2
"34636";34636;2
"34637";34637;0
"34638";34638;2
"34639";34639;1
"34640";34640;1
"34641";34641;1
"34642";34642;2
"34643";34643;1
"34644";34644;2
"34645";34645;2
"34646";34646;2
"34647";34647;2
"34648";34648;2
"34649";34649;2
"34650";34650;2
"34651";34651;2
"34652";34652;1
"34653";34653;1
"34654";34654;1
"34655";34655;2
"34656";34656;1
"34657";34657;2
"34658";34658;2
"34659";34659;1
"34660";34660;2
"34661";34661;1
"34662";34662;2
"34663";34663;1
"34664";34664;2
"34665";34665;2
"34666";34666;2
"34667";34667;2
"34668";34668;1
"34669";34669;2
"34670";34670;1
"34671";34671;2
"34672";34672;2
"34673";34673;1
"34674";34674;1
"34675";34675;1
"34676";34676;2
"34677";34677;2
"34678";34678;2
"34679";34679;1
"34680";34680;1
"34681";34681;1
"34682";34682;2
"34683";34683;1
"34684";34684;2
"34685";34685;2
"34686";34686;2
"34687";34687;2
"34688";34688;1
"34689";34689;1
"34690";34690;1
"34691";34691;1
"34692";34692;1
"34693";34693;2
"34694";34694;1
"34695";34695;1
"34696";34696;2
"34697";34697;2
"34698";34698;1
"34699";34699;1
"34700";34700;1
"34701";34701;2
"34702";34702;1
"34703";34703;2
"34704";34704;1
"34705";34705;1
"34706";34706;2
"34707";34707;0
"34708";34708;1
"34709";34709;1
"34710";34710;1
"34711";34711;1
"34712";34712;0
"34713";34713;1
"34714";34714;1
"34715";34715;2
"34716";34716;1
"34717";34717;1
"34718";34718;1
"34719";34719;1
"34720";34720;1
"34721";34721;2
"34722";34722;1
"34723";34723;2
"34724";34724;2
"34725";34725;1
"34726";34726;2
"34727";34727;2
"34728";34728;1
"34729";34729;1
"34730";34730;1
"34731";34731;1
"34732";34732;1
"34733";34733;2
"34734";34734;1
"34735";34735;1
"34736";34736;1
"34737";34737;1
"34738";34738;1
"34739";34739;1
"34740";34740;1
"34741";34741;1
"34742";34742;1
"34743";34743;2
"34744";34744;1
"34745";34745;1
"34746";34746;1
"34747";34747;1
"34748";34748;1
"34749";34749;1
"34750";34750;1
"34751";34751;1
"34752";34752;1
"34753";34753;2
"34754";34754;1
"34755";34755;1
"34756";34756;1
"34757";34757;1
"34758";34758;1
"34759";34759;2
"34760";34760;2
"34761";34761;2
"34762";34762;1
"34763";34763;2
"34764";34764;2
"34765";34765;2
"34766";34766;1
"34767";34767;2
"34768";34768;1
"34769";34769;2
"34770";34770;2
"34771";34771;2
"34772";34772;2
"34773";34773;2
"34774";34774;2
"34775";34775;2
"34776";34776;1
"34777";34777;1
"34778";34778;1
"34779";34779;2
"34780";34780;2
"34781";34781;2
"34782";34782;2
"34783";34783;2
"34784";34784;1
"34785";34785;2
"34786";34786;2
"34787";34787;2
"34788";34788;2
"34789";34789;1
"34790";34790;2
"34791";34791;2
"34792";34792;1
"34793";34793;2
"34794";34794;2
"34795";34795;1
"34796";34796;1
"34797";34797;2
"34798";34798;1
"34799";34799;2
"34800";34800;2
"34801";34801;1
"34802";34802;2
"34803";34803;2
"34804";34804;2
"34805";34805;1
"34806";34806;2
"34807";34807;2
"34808";34808;1
"34809";34809;0
"34810";34810;1
"34811";34811;1
"34812";34812;0
"34813";34813;2
"34814";34814;1
"34815";34815;1
"34816";34816;2
"34817";34817;2
"34818";34818;2
"34819";34819;0
"34820";34820;0
"34821";34821;2
"34822";34822;0
"34823";34823;2
"34824";34824;0
"34825";34825;1
"34826";34826;2
"34827";34827;2
"34828";34828;2
"34829";34829;0
"34830";34830;2
"34831";34831;2
"34832";34832;1
"34833";34833;1
"34834";34834;2
"34835";34835;2
"34836";34836;0
"34837";34837;1
"34838";34838;1
"34839";34839;2
"34840";34840;1
"34841";34841;2
"34842";34842;1
"34843";34843;0
"34844";34844;0
"34845";34845;0
"34846";34846;2
"34847";34847;2
"34848";34848;1
"34849";34849;1
"34850";34850;2
"34851";34851;1
"34852";34852;2
"34853";34853;0
"34854";34854;1
"34855";34855;1
"34856";34856;2
"34857";34857;1
"34858";34858;2
"34859";34859;1
"34860";34860;2
"34861";34861;2
"34862";34862;2
"34863";34863;1
"34864";34864;1
"34865";34865;1
"34866";34866;2
"34867";34867;0
"34868";34868;2
"34869";34869;0
"34870";34870;0
"34871";34871;0
"34872";34872;2
"34873";34873;2
"34874";34874;0
"34875";34875;1
"34876";34876;2
"34877";34877;1
"34878";34878;1
"34879";34879;0
"34880";34880;2
"34881";34881;2
"34882";34882;0
"34883";34883;2
"34884";34884;2
"34885";34885;2
"34886";34886;1
"34887";34887;0
"34888";34888;1
"34889";34889;2
"34890";34890;2
"34891";34891;1
"34892";34892;0
"34893";34893;2
"34894";34894;2
"34895";34895;2
"34896";34896;2
"34897";34897;1
"34898";34898;2
"34899";34899;1
"34900";34900;1
"34901";34901;2
"34902";34902;1
"34903";34903;1
"34904";34904;1
"34905";34905;1
"34906";34906;1
"34907";34907;2
"34908";34908;1
"34909";34909;1
"34910";34910;1
"34911";34911;2
"34912";34912;2
"34913";34913;2
"34914";34914;1
"34915";34915;1
"34916";34916;1
"34917";34917;1
"34918";34918;1
"34919";34919;1
"34920";34920;1
"34921";34921;2
"34922";34922;2
"34923";34923;2
"34924";34924;1
"34925";34925;2
"34926";34926;1
"34927";34927;2
"34928";34928;1
"34929";34929;1
"34930";34930;1
"34931";34931;2
"34932";34932;1
"34933";34933;1
"34934";34934;1
"34935";34935;2
"34936";34936;1
"34937";34937;1
"34938";34938;2
"34939";34939;1
"34940";34940;1
"34941";34941;2
"34942";34942;1
"34943";34943;2
"34944";34944;1
"34945";34945;2
"34946";34946;2
"34947";34947;2
"34948";34948;1
"34949";34949;1
"34950";34950;2
"34951";34951;2
"34952";34952;1
"34953";34953;2
"34954";34954;2
"34955";34955;1
"34956";34956;1
"34957";34957;1
"34958";34958;1
"34959";34959;2
"34960";34960;2
"34961";34961;1
"34962";34962;2
"34963";34963;2
"34964";34964;1
"34965";34965;1
"34966";34966;1
"34967";34967;1
"34968";34968;1
"34969";34969;1
"34970";34970;2
"34971";34971;2
"34972";34972;2
"34973";34973;2
"34974";34974;1
"34975";34975;1
"34976";34976;1
"34977";34977;2
"34978";34978;1
"34979";34979;0
"34980";34980;1
"34981";34981;2
"34982";34982;2
"34983";34983;2
"34984";34984;2
"34985";34985;1
"34986";34986;2
"34987";34987;2
"34988";34988;2
"34989";34989;2
"34990";34990;2
"34991";34991;1
"34992";34992;2
"34993";34993;2
"34994";34994;2
"34995";34995;2
"34996";34996;1
"34997";34997;1
"34998";34998;2
"34999";34999;2
"35000";35000;1
"35001";35001;2
"35002";35002;2
"35003";35003;2
"35004";35004;2
"35005";35005;2
"35006";35006;2
"35007";35007;2
"35008";35008;1
"35009";35009;2
"35010";35010;2
"35011";35011;1
"35012";35012;1
"35013";35013;2
"35014";35014;1
"35015";35015;2
"35016";35016;2
"35017";35017;1
"35018";35018;2
"35019";35019;2
"35020";35020;2
"35021";35021;2
"35022";35022;2
"35023";35023;1
"35024";35024;2
"35025";35025;1
"35026";35026;2
"35027";35027;2
"35028";35028;2
"35029";35029;2
"35030";35030;1
"35031";35031;1
"35032";35032;2
"35033";35033;2
"35034";35034;1
"35035";35035;2
"35036";35036;2
"35037";35037;2
"35038";35038;2
"35039";35039;2
"35040";35040;2
"35041";35041;2
"35042";35042;1
"35043";35043;2
"35044";35044;1
"35045";35045;1
"35046";35046;2
"35047";35047;1
"35048";35048;1
"35049";35049;1
"35050";35050;2
"35051";35051;1
"35052";35052;1
"35053";35053;1
"35054";35054;1
"35055";35055;1
"35056";35056;2
"35057";35057;1
"35058";35058;1
"35059";35059;1
"35060";35060;1
"35061";35061;2
"35062";35062;1
"35063";35063;1
"35064";35064;2
"35065";35065;2
"35066";35066;1
"35067";35067;1
"35068";35068;2
"35069";35069;1
"35070";35070;1
"35071";35071;1
"35072";35072;1
"35073";35073;1
"35074";35074;1
"35075";35075;1
"35076";35076;1
"35077";35077;1
"35078";35078;1
"35079";35079;1
"35080";35080;1
"35081";35081;1
"35082";35082;1
"35083";35083;1
"35084";35084;1
"35085";35085;1
"35086";35086;1
"35087";35087;1
"35088";35088;2
"35089";35089;1
"35090";35090;1
"35091";35091;1
"35092";35092;2
"35093";35093;2
"35094";35094;2
"35095";35095;2
"35096";35096;2
"35097";35097;1
"35098";35098;1
"35099";35099;1
"35100";35100;2
"35101";35101;1
"35102";35102;2
"35103";35103;2
"35104";35104;1
"35105";35105;1
"35106";35106;1
"35107";35107;1
"35108";35108;1
"35109";35109;1
"35110";35110;1
"35111";35111;1
"35112";35112;2
"35113";35113;1
"35114";35114;1
"35115";35115;2
"35116";35116;1
"35117";35117;1
"35118";35118;2
"35119";35119;1
"35120";35120;2
"35121";35121;1
"35122";35122;1
"35123";35123;1
"35124";35124;1
"35125";35125;2
"35126";35126;2
"35127";35127;2
"35128";35128;2
"35129";35129;1
"35130";35130;1
"35131";35131;1
"35132";35132;1
"35133";35133;1
"35134";35134;2
"35135";35135;1
"35136";35136;1
"35137";35137;1
"35138";35138;1
"35139";35139;1
"35140";35140;1
"35141";35141;1
"35142";35142;0
"35143";35143;1
"35144";35144;1
"35145";35145;1
"35146";35146;1
"35147";35147;1
"35148";35148;1
"35149";35149;1
"35150";35150;1
"35151";35151;2
"35152";35152;1
"35153";35153;1
"35154";35154;1
"35155";35155;1
"35156";35156;2
"35157";35157;1
"35158";35158;2
"35159";35159;1
"35160";35160;2
"35161";35161;1
"35162";35162;1
"35163";35163;1
"35164";35164;1
"35165";35165;1
"35166";35166;1
"35167";35167;1
"35168";35168;1
"35169";35169;1
"35170";35170;2
"35171";35171;1
"35172";35172;1
"35173";35173;1
"35174";35174;1
"35175";35175;1
"35176";35176;2
"35177";35177;1
"35178";35178;1
"35179";35179;1
"35180";35180;1
"35181";35181;1
"35182";35182;2
"35183";35183;1
"35184";35184;1
"35185";35185;1
"35186";35186;1
"35187";35187;2
"35188";35188;1
"35189";35189;1
"35190";35190;1
"35191";35191;2
"35192";35192;1
"35193";35193;2
"35194";35194;1
"35195";35195;1
"35196";35196;1
"35197";35197;2
"35198";35198;1
"35199";35199;2
"35200";35200;1
"35201";35201;1
"35202";35202;1
"35203";35203;2
"35204";35204;1
"35205";35205;1
"35206";35206;2
"35207";35207;1
"35208";35208;1
"35209";35209;1
"35210";35210;1
"35211";35211;2
"35212";35212;2
"35213";35213;2
"35214";35214;1
"35215";35215;1
"35216";35216;2
"35217";35217;1
"35218";35218;1
"35219";35219;1
"35220";35220;1
"35221";35221;1
"35222";35222;1
"35223";35223;1
"35224";35224;2
"35225";35225;1
"35226";35226;1
"35227";35227;2
"35228";35228;1
"35229";35229;2
"35230";35230;1
"35231";35231;2
"35232";35232;1
"35233";35233;1
"35234";35234;1
"35235";35235;1
"35236";35236;1
"35237";35237;1
"35238";35238;1
"35239";35239;1
"35240";35240;1
"35241";35241;1
"35242";35242;2
"35243";35243;1
"35244";35244;1
"35245";35245;1
"35246";35246;1
"35247";35247;1
"35248";35248;1
"35249";35249;1
"35250";35250;1
"35251";35251;1
"35252";35252;1
"35253";35253;2
"35254";35254;1
"35255";35255;1
"35256";35256;1
"35257";35257;1
"35258";35258;1
"35259";35259;1
"35260";35260;1
"35261";35261;1
"35262";35262;1
"35263";35263;1
"35264";35264;2
"35265";35265;1
"35266";35266;1
"35267";35267;2
"35268";35268;1
"35269";35269;2
"35270";35270;2
"35271";35271;1
"35272";35272;1
"35273";35273;1
"35274";35274;1
"35275";35275;1
"35276";35276;1
"35277";35277;1
"35278";35278;1
"35279";35279;1
"35280";35280;1
"35281";35281;1
"35282";35282;1
"35283";35283;1
"35284";35284;1
"35285";35285;1
"35286";35286;1
"35287";35287;1
"35288";35288;1
"35289";35289;1
"35290";35290;1
"35291";35291;1
"35292";35292;1
"35293";35293;1
"35294";35294;1
"35295";35295;2
"35296";35296;2
"35297";35297;1
"35298";35298;2
"35299";35299;1
"35300";35300;1
"35301";35301;1
"35302";35302;1
"35303";35303;1
"35304";35304;1
"35305";35305;1
"35306";35306;2
"35307";35307;0
"35308";35308;2
"35309";35309;2
"35310";35310;1
"35311";35311;1
"35312";35312;1
"35313";35313;1
"35314";35314;1
"35315";35315;2
"35316";35316;2
"35317";35317;1
"35318";35318;1
"35319";35319;1
"35320";35320;2
"35321";35321;1
"35322";35322;1
"35323";35323;1
"35324";35324;1
"35325";35325;1
"35326";35326;1
"35327";35327;1
"35328";35328;1
"35329";35329;1
"35330";35330;1
"35331";35331;1
"35332";35332;1
"35333";35333;1
"35334";35334;1
"35335";35335;1
"35336";35336;1
"35337";35337;0
"35338";35338;2
"35339";35339;1
"35340";35340;2
"35341";35341;2
"35342";35342;1
"35343";35343;2
"35344";35344;1
"35345";35345;2
"35346";35346;1
"35347";35347;1
"35348";35348;1
"35349";35349;1
"35350";35350;1
"35351";35351;1
"35352";35352;1
"35353";35353;1
"35354";35354;1
"35355";35355;1
"35356";35356;1
"35357";35357;1
"35358";35358;1
"35359";35359;1
"35360";35360;1
"35361";35361;2
"35362";35362;1
"35363";35363;1
"35364";35364;1
"35365";35365;2
"35366";35366;1
"35367";35367;1
"35368";35368;1
"35369";35369;1
"35370";35370;1
"35371";35371;2
"35372";35372;1
"35373";35373;1
"35374";35374;1
"35375";35375;1
"35376";35376;1
"35377";35377;1
"35378";35378;1
"35379";35379;1
"35380";35380;1
"35381";35381;2
"35382";35382;1
"35383";35383;1
"35384";35384;1
"35385";35385;1
"35386";35386;1
"35387";35387;1
"35388";35388;1
"35389";35389;1
"35390";35390;2
"35391";35391;2
"35392";35392;2
"35393";35393;1
"35394";35394;1
"35395";35395;1
"35396";35396;1
"35397";35397;1
"35398";35398;1
"35399";35399;1
"35400";35400;1
"35401";35401;1
"35402";35402;1
"35403";35403;1
"35404";35404;1
"35405";35405;1
"35406";35406;2
"35407";35407;1
"35408";35408;1
"35409";35409;1
"35410";35410;1
"35411";35411;1
"35412";35412;1
"35413";35413;2
"35414";35414;2
"35415";35415;2
"35416";35416;2
"35417";35417;2
"35418";35418;1
"35419";35419;2
"35420";35420;2
"35421";35421;2
"35422";35422;1
"35423";35423;1
"35424";35424;2
"35425";35425;1
"35426";35426;1
"35427";35427;1
"35428";35428;1
"35429";35429;1
"35430";35430;1
"35431";35431;1
"35432";35432;1
"35433";35433;1
"35434";35434;1
"35435";35435;1
"35436";35436;1
"35437";35437;1
"35438";35438;1
"35439";35439;2
"35440";35440;2
"35441";35441;1
"35442";35442;1
"35443";35443;1
"35444";35444;2
"35445";35445;2
"35446";35446;2
"35447";35447;1
"35448";35448;1
"35449";35449;1
"35450";35450;2
"35451";35451;1
"35452";35452;1
"35453";35453;1
"35454";35454;1
"35455";35455;1
"35456";35456;1
"35457";35457;1
"35458";35458;1
"35459";35459;2
"35460";35460;1
"35461";35461;2
"35462";35462;2
"35463";35463;2
"35464";35464;2
"35465";35465;1
"35466";35466;2
"35467";35467;1
"35468";35468;1
"35469";35469;1
"35470";35470;0
"35471";35471;2
"35472";35472;1
"35473";35473;2
"35474";35474;1
"35475";35475;2
"35476";35476;1
"35477";35477;2
"35478";35478;1
"35479";35479;1
"35480";35480;2
"35481";35481;2
"35482";35482;2
"35483";35483;2
"35484";35484;2
"35485";35485;1
"35486";35486;2
"35487";35487;1
"35488";35488;2
"35489";35489;2
"35490";35490;2
"35491";35491;1
"35492";35492;2
"35493";35493;2
"35494";35494;2
"35495";35495;2
"35496";35496;2
"35497";35497;2
"35498";35498;2
"35499";35499;2
"35500";35500;2
"35501";35501;2
"35502";35502;2
"35503";35503;2
"35504";35504;2
"35505";35505;2
"35506";35506;2
"35507";35507;2
"35508";35508;2
"35509";35509;1
"35510";35510;2
"35511";35511;2
"35512";35512;2
"35513";35513;1
"35514";35514;1
"35515";35515;2
"35516";35516;1
"35517";35517;1
"35518";35518;2
"35519";35519;1
"35520";35520;2
"35521";35521;2
"35522";35522;2
"35523";35523;2
"35524";35524;2
"35525";35525;2
"35526";35526;2
"35527";35527;2
"35528";35528;1
"35529";35529;1
"35530";35530;1
"35531";35531;2
"35532";35532;2
"35533";35533;1
"35534";35534;1
"35535";35535;2
"35536";35536;1
"35537";35537;1
"35538";35538;2
"35539";35539;2
"35540";35540;2
"35541";35541;1
"35542";35542;2
"35543";35543;1
"35544";35544;2
"35545";35545;2
"35546";35546;2
"35547";35547;1
"35548";35548;2
"35549";35549;1
"35550";35550;2
"35551";35551;2
"35552";35552;2
"35553";35553;2
"35554";35554;2
"35555";35555;2
"35556";35556;2
"35557";35557;2
"35558";35558;1
"35559";35559;2
"35560";35560;1
"35561";35561;2
"35562";35562;2
"35563";35563;2
"35564";35564;2
"35565";35565;1
"35566";35566;2
"35567";35567;2
"35568";35568;1
"35569";35569;2
"35570";35570;1
"35571";35571;1
"35572";35572;2
"35573";35573;1
"35574";35574;2
"35575";35575;2
"35576";35576;2
"35577";35577;1
"35578";35578;1
"35579";35579;2
"35580";35580;1
"35581";35581;0
"35582";35582;2
"35583";35583;2
"35584";35584;1
"35585";35585;1
"35586";35586;1
"35587";35587;1
"35588";35588;1
"35589";35589;1
"35590";35590;1
"35591";35591;2
"35592";35592;1
"35593";35593;1
"35594";35594;1
"35595";35595;1
"35596";35596;1
"35597";35597;1
"35598";35598;1
"35599";35599;1
"35600";35600;1
"35601";35601;1
"35602";35602;1
"35603";35603;1
"35604";35604;1
"35605";35605;1
"35606";35606;1
"35607";35607;1
"35608";35608;1
"35609";35609;1
"35610";35610;1
"35611";35611;1
"35612";35612;2
"35613";35613;2
"35614";35614;1
"35615";35615;1
"35616";35616;1
"35617";35617;1
"35618";35618;1
"35619";35619;1
"35620";35620;2
"35621";35621;2
"35622";35622;1
"35623";35623;1
"35624";35624;1
"35625";35625;1
"35626";35626;1
"35627";35627;1
"35628";35628;1
"35629";35629;1
"35630";35630;1
"35631";35631;1
"35632";35632;1
"35633";35633;2
"35634";35634;1
"35635";35635;1
"35636";35636;1
"35637";35637;1
"35638";35638;1
"35639";35639;2
"35640";35640;1
"35641";35641;1
"35642";35642;1
"35643";35643;1
"35644";35644;1
"35645";35645;1
"35646";35646;1
"35647";35647;1
"35648";35648;1
"35649";35649;1
"35650";35650;1
"35651";35651;1
"35652";35652;1
"35653";35653;2
"35654";35654;2
"35655";35655;2
"35656";35656;2
"35657";35657;1
"35658";35658;1
"35659";35659;1
"35660";35660;1
"35661";35661;1
"35662";35662;1
"35663";35663;1
"35664";35664;1
"35665";35665;1
"35666";35666;2
"35667";35667;1
"35668";35668;1
"35669";35669;1
"35670";35670;1
"35671";35671;1
"35672";35672;2
"35673";35673;2
"35674";35674;2
"35675";35675;2
"35676";35676;1
"35677";35677;2
"35678";35678;0
"35679";35679;2
"35680";35680;2
"35681";35681;0
"35682";35682;1
"35683";35683;1
"35684";35684;1
"35685";35685;1
"35686";35686;1
"35687";35687;1
"35688";35688;2
"35689";35689;1
"35690";35690;1
"35691";35691;1
"35692";35692;1
"35693";35693;1
"35694";35694;1
"35695";35695;1
"35696";35696;2
"35697";35697;1
"35698";35698;1
"35699";35699;2
"35700";35700;2
"35701";35701;1
"35702";35702;1
"35703";35703;1
"35704";35704;1
"35705";35705;1
"35706";35706;1
"35707";35707;2
"35708";35708;0
"35709";35709;1
"35710";35710;2
"35711";35711;2
"35712";35712;2
"35713";35713;2
"35714";35714;2
"35715";35715;2
"35716";35716;2
"35717";35717;2
"35718";35718;2
"35719";35719;2
"35720";35720;2
"35721";35721;1
"35722";35722;1
"35723";35723;2
"35724";35724;2
"35725";35725;2
"35726";35726;2
"35727";35727;2
"35728";35728;2
"35729";35729;2
"35730";35730;2
"35731";35731;2
"35732";35732;1
"35733";35733;2
"35734";35734;2
"35735";35735;2
"35736";35736;2
"35737";35737;1
"35738";35738;2
"35739";35739;2
"35740";35740;2
"35741";35741;2
"35742";35742;2
"35743";35743;2
"35744";35744;1
"35745";35745;1
"35746";35746;1
"35747";35747;2
"35748";35748;1
"35749";35749;1
"35750";35750;1
"35751";35751;1
"35752";35752;1
"35753";35753;1
"35754";35754;1
"35755";35755;1
"35756";35756;1
"35757";35757;1
"35758";35758;1
"35759";35759;1
"35760";35760;1
"35761";35761;1
"35762";35762;1
"35763";35763;1
"35764";35764;1
"35765";35765;1
"35766";35766;1
"35767";35767;1
"35768";35768;1
"35769";35769;1
"35770";35770;1
"35771";35771;1
"35772";35772;1
"35773";35773;1
"35774";35774;1
"35775";35775;1
"35776";35776;1
"35777";35777;1
"35778";35778;1
"35779";35779;1
"35780";35780;1
"35781";35781;1
"35782";35782;1
"35783";35783;1
"35784";35784;1
"35785";35785;1
"35786";35786;2
"35787";35787;1
"35788";35788;1
"35789";35789;1
"35790";35790;1
"35791";35791;1
"35792";35792;2
"35793";35793;1
"35794";35794;1
"35795";35795;1
"35796";35796;1
"35797";35797;1
"35798";35798;1
"35799";35799;1
"35800";35800;1
"35801";35801;1
"35802";35802;1
"35803";35803;1
"35804";35804;2
"35805";35805;1
"35806";35806;1
"35807";35807;1
"35808";35808;1
"35809";35809;1
"35810";35810;1
"35811";35811;1
"35812";35812;1
"35813";35813;1
"35814";35814;1
"35815";35815;1
"35816";35816;1
"35817";35817;1
"35818";35818;1
"35819";35819;1
"35820";35820;1
"35821";35821;1
"35822";35822;1
"35823";35823;1
"35824";35824;1
"35825";35825;1
"35826";35826;2
"35827";35827;1
"35828";35828;1
"35829";35829;1
"35830";35830;1
"35831";35831;1
"35832";35832;1
"35833";35833;1
"35834";35834;1
"35835";35835;1
"35836";35836;1
"35837";35837;1
"35838";35838;1
"35839";35839;1
"35840";35840;1
"35841";35841;1
"35842";35842;1
"35843";35843;1
"35844";35844;1
"35845";35845;2
"35846";35846;1
"35847";35847;1
"35848";35848;2
"35849";35849;1
"35850";35850;2
"35851";35851;1
"35852";35852;1
"35853";35853;1
"35854";35854;2
"35855";35855;2
"35856";35856;2
"35857";35857;1
"35858";35858;2
"35859";35859;1
"35860";35860;1
"35861";35861;1
"35862";35862;1
"35863";35863;1
"35864";35864;1
"35865";35865;1
"35866";35866;1
"35867";35867;2
"35868";35868;1
"35869";35869;1
"35870";35870;1
"35871";35871;1
"35872";35872;1
"35873";35873;1
"35874";35874;1
"35875";35875;1
"35876";35876;1
"35877";35877;1
"35878";35878;1
"35879";35879;1
"35880";35880;1
"35881";35881;1
"35882";35882;1
"35883";35883;1
"35884";35884;1
"35885";35885;1
"35886";35886;1
"35887";35887;1
"35888";35888;1
"35889";35889;2
"35890";35890;1
"35891";35891;2
"35892";35892;1
"35893";35893;1
"35894";35894;1
"35895";35895;1
"35896";35896;1
"35897";35897;1
"35898";35898;1
"35899";35899;1
"35900";35900;1
"35901";35901;1
"35902";35902;1
"35903";35903;1
"35904";35904;1
"35905";35905;2
"35906";35906;2
"35907";35907;1
"35908";35908;1
"35909";35909;1
"35910";35910;1
"35911";35911;1
"35912";35912;2
"35913";35913;2
"35914";35914;1
"35915";35915;1
"35916";35916;1
"35917";35917;1
"35918";35918;1
"35919";35919;0
"35920";35920;1
"35921";35921;1
"35922";35922;1
"35923";35923;1
"35924";35924;1
"35925";35925;1
"35926";35926;1
"35927";35927;1
"35928";35928;1
"35929";35929;1
"35930";35930;1
"35931";35931;1
"35932";35932;2
"35933";35933;1
"35934";35934;2
"35935";35935;2
"35936";35936;2
"35937";35937;1
"35938";35938;1
"35939";35939;2
"35940";35940;1
"35941";35941;1
"35942";35942;1
"35943";35943;1
"35944";35944;1
"35945";35945;1
"35946";35946;2
"35947";35947;2
"35948";35948;1
"35949";35949;1
"35950";35950;2
"35951";35951;1
"35952";35952;1
"35953";35953;0
"35954";35954;2
"35955";35955;1
"35956";35956;1
"35957";35957;1
"35958";35958;1
"35959";35959;2
"35960";35960;1
"35961";35961;2
"35962";35962;2
"35963";35963;1
"35964";35964;1
"35965";35965;2
"35966";35966;2
"35967";35967;1
"35968";35968;2
"35969";35969;2
"35970";35970;1
"35971";35971;1
"35972";35972;1
"35973";35973;1
"35974";35974;2
"35975";35975;1
"35976";35976;1
"35977";35977;1
"35978";35978;1
"35979";35979;1
"35980";35980;1
"35981";35981;1
"35982";35982;1
"35983";35983;2
"35984";35984;1
"35985";35985;1
"35986";35986;1
"35987";35987;1
"35988";35988;1
"35989";35989;1
"35990";35990;1
"35991";35991;2
"35992";35992;1
"35993";35993;1
"35994";35994;1
"35995";35995;1
"35996";35996;1
"35997";35997;1
"35998";35998;1
"35999";35999;1
"36000";36000;1
"36001";36001;1
"36002";36002;1
"36003";36003;1
"36004";36004;1
"36005";36005;1
"36006";36006;2
"36007";36007;1
"36008";36008;1
"36009";36009;1
"36010";36010;1
"36011";36011;1
"36012";36012;1
"36013";36013;1
"36014";36014;1
"36015";36015;1
"36016";36016;1
"36017";36017;1
"36018";36018;1
"36019";36019;1
"36020";36020;2
"36021";36021;2
"36022";36022;1
"36023";36023;1
"36024";36024;1
"36025";36025;2
"36026";36026;1
"36027";36027;2
"36028";36028;2
"36029";36029;1
"36030";36030;2
"36031";36031;1
"36032";36032;1
"36033";36033;2
"36034";36034;2
"36035";36035;2
"36036";36036;2
"36037";36037;2
"36038";36038;1
"36039";36039;1
"36040";36040;1
"36041";36041;1
"36042";36042;2
"36043";36043;1
"36044";36044;2
"36045";36045;1
"36046";36046;1
"36047";36047;1
"36048";36048;1
"36049";36049;1
"36050";36050;1
"36051";36051;1
"36052";36052;1
"36053";36053;1
"36054";36054;1
"36055";36055;2
"36056";36056;1
"36057";36057;1
"36058";36058;2
"36059";36059;2
"36060";36060;1
"36061";36061;1
"36062";36062;2
"36063";36063;1
"36064";36064;1
"36065";36065;2
"36066";36066;0
"36067";36067;1
"36068";36068;1
"36069";36069;2
"36070";36070;2
"36071";36071;2
"36072";36072;1
"36073";36073;1
"36074";36074;1
"36075";36075;1
"36076";36076;1
"36077";36077;1
"36078";36078;1
"36079";36079;1
"36080";36080;1
"36081";36081;1
"36082";36082;1
"36083";36083;1
"36084";36084;2
"36085";36085;2
"36086";36086;1
"36087";36087;1
"36088";36088;1
"36089";36089;1
"36090";36090;1
"36091";36091;1
"36092";36092;1
"36093";36093;1
"36094";36094;1
"36095";36095;1
"36096";36096;1
"36097";36097;2
"36098";36098;2
"36099";36099;1
"36100";36100;2
"36101";36101;1
"36102";36102;0
"36103";36103;1
"36104";36104;1
"36105";36105;1
"36106";36106;1
"36107";36107;2
"36108";36108;0
"36109";36109;1
"36110";36110;1
"36111";36111;1
"36112";36112;1
"36113";36113;1
"36114";36114;1
"36115";36115;1
"36116";36116;1
"36117";36117;1
"36118";36118;1
"36119";36119;1
"36120";36120;1
"36121";36121;1
"36122";36122;1
"36123";36123;1
"36124";36124;1
"36125";36125;2
"36126";36126;1
"36127";36127;1
"36128";36128;2
"36129";36129;1
"36130";36130;1
"36131";36131;1
"36132";36132;1
"36133";36133;1
"36134";36134;1
"36135";36135;1
"36136";36136;0
"36137";36137;2
"36138";36138;0
"36139";36139;1
"36140";36140;1
"36141";36141;0
"36142";36142;1
"36143";36143;1
"36144";36144;1
"36145";36145;1
"36146";36146;1
"36147";36147;1
"36148";36148;1
"36149";36149;1
"36150";36150;1
"36151";36151;1
"36152";36152;1
"36153";36153;1
"36154";36154;0
"36155";36155;1
"36156";36156;1
"36157";36157;2
"36158";36158;2
"36159";36159;2
"36160";36160;1
"36161";36161;1
"36162";36162;2
"36163";36163;2
"36164";36164;2
"36165";36165;1
"36166";36166;1
"36167";36167;2
"36168";36168;1
"36169";36169;1
"36170";36170;2
"36171";36171;1
"36172";36172;2
"36173";36173;2
"36174";36174;2
"36175";36175;1
"36176";36176;2
"36177";36177;1
"36178";36178;2
"36179";36179;1
"36180";36180;1
"36181";36181;2
"36182";36182;2
"36183";36183;1
"36184";36184;1
"36185";36185;1
"36186";36186;2
"36187";36187;1
"36188";36188;2
"36189";36189;2
"36190";36190;2
"36191";36191;1
"36192";36192;1
"36193";36193;1
"36194";36194;1
"36195";36195;1
"36196";36196;1
"36197";36197;2
"36198";36198;2
"36199";36199;1
"36200";36200;1
"36201";36201;1
"36202";36202;2
"36203";36203;1
"36204";36204;1
"36205";36205;1
"36206";36206;1
"36207";36207;2
"36208";36208;2
"36209";36209;1
"36210";36210;1
"36211";36211;1
"36212";36212;2
"36213";36213;2
"36214";36214;2
"36215";36215;1
"36216";36216;2
"36217";36217;2
"36218";36218;2
"36219";36219;1
"36220";36220;1
"36221";36221;1
"36222";36222;1
"36223";36223;1
"36224";36224;1
"36225";36225;1
"36226";36226;2
"36227";36227;2
"36228";36228;2
"36229";36229;1
"36230";36230;1
"36231";36231;1
"36232";36232;2
"36233";36233;1
"36234";36234;1
"36235";36235;2
"36236";36236;1
"36237";36237;2
"36238";36238;1
"36239";36239;2
"36240";36240;2
"36241";36241;2
"36242";36242;1
"36243";36243;2
"36244";36244;0
"36245";36245;2
"36246";36246;1
"36247";36247;1
"36248";36248;2
"36249";36249;1
"36250";36250;1
"36251";36251;1
"36252";36252;2
"36253";36253;2
"36254";36254;1
"36255";36255;1
"36256";36256;2
"36257";36257;2
"36258";36258;2
"36259";36259;1
"36260";36260;2
"36261";36261;1
"36262";36262;1
"36263";36263;1
"36264";36264;2
"36265";36265;1
"36266";36266;2
"36267";36267;1
"36268";36268;2
"36269";36269;2
"36270";36270;1
"36271";36271;1
"36272";36272;2
"36273";36273;1
"36274";36274;2
"36275";36275;2
"36276";36276;2
"36277";36277;1
"36278";36278;1
"36279";36279;2
"36280";36280;1
"36281";36281;2
"36282";36282;1
"36283";36283;1
"36284";36284;2
"36285";36285;1
"36286";36286;1
"36287";36287;2
"36288";36288;2
"36289";36289;1
"36290";36290;2
"36291";36291;2
"36292";36292;2
"36293";36293;2
"36294";36294;2
"36295";36295;1
"36296";36296;1
"36297";36297;1
"36298";36298;1
"36299";36299;2
"36300";36300;2
"36301";36301;2
"36302";36302;2
"36303";36303;2
"36304";36304;1
"36305";36305;2
"36306";36306;1
"36307";36307;1
"36308";36308;1
"36309";36309;1
"36310";36310;2
"36311";36311;1
"36312";36312;1
"36313";36313;1
"36314";36314;1
"36315";36315;1
"36316";36316;1
"36317";36317;1
"36318";36318;1
"36319";36319;2
"36320";36320;1
"36321";36321;1
"36322";36322;1
"36323";36323;1
"36324";36324;2
"36325";36325;1
"36326";36326;1
"36327";36327;1
"36328";36328;1
"36329";36329;2
"36330";36330;1
"36331";36331;1
"36332";36332;1
"36333";36333;1
"36334";36334;1
"36335";36335;1
"36336";36336;1
"36337";36337;2
"36338";36338;1
"36339";36339;1
"36340";36340;1
"36341";36341;1
"36342";36342;1
"36343";36343;1
"36344";36344;1
"36345";36345;1
"36346";36346;1
"36347";36347;2
"36348";36348;2
"36349";36349;1
"36350";36350;1
"36351";36351;2
"36352";36352;2
"36353";36353;2
"36354";36354;2
"36355";36355;1
"36356";36356;1
"36357";36357;1
"36358";36358;1
"36359";36359;1
"36360";36360;1
"36361";36361;1
"36362";36362;1
"36363";36363;1
"36364";36364;1
"36365";36365;1
"36366";36366;1
"36367";36367;1
"36368";36368;2
"36369";36369;1
"36370";36370;1
"36371";36371;1
"36372";36372;1
"36373";36373;1
"36374";36374;1
"36375";36375;1
"36376";36376;1
"36377";36377;1
"36378";36378;1
"36379";36379;1
"36380";36380;1
"36381";36381;1
"36382";36382;1
"36383";36383;1
"36384";36384;1
"36385";36385;1
"36386";36386;1
"36387";36387;1
"36388";36388;1
"36389";36389;1
"36390";36390;2
"36391";36391;1
"36392";36392;1
"36393";36393;2
"36394";36394;2
"36395";36395;1
"36396";36396;1
"36397";36397;1
"36398";36398;1
"36399";36399;1
"36400";36400;2
"36401";36401;2
"36402";36402;1
"36403";36403;1
"36404";36404;1
"36405";36405;1
"36406";36406;1
"36407";36407;2
"36408";36408;2
"36409";36409;1
"36410";36410;2
"36411";36411;2
"36412";36412;2
"36413";36413;1
"36414";36414;1
"36415";36415;1
"36416";36416;0
"36417";36417;1
"36418";36418;1
"36419";36419;1
"36420";36420;1
"36421";36421;2
"36422";36422;1
"36423";36423;1
"36424";36424;1
"36425";36425;1
"36426";36426;2
"36427";36427;2
"36428";36428;1
"36429";36429;2
"36430";36430;2
"36431";36431;1
"36432";36432;1
"36433";36433;1
"36434";36434;1
"36435";36435;1
"36436";36436;1
"36437";36437;1
"36438";36438;2
"36439";36439;1
"36440";36440;1
"36441";36441;1
"36442";36442;1
"36443";36443;1
"36444";36444;1
"36445";36445;2
"36446";36446;2
"36447";36447;1
"36448";36448;2
"36449";36449;2
"36450";36450;1
"36451";36451;1
"36452";36452;1
"36453";36453;1
"36454";36454;2
"36455";36455;1
"36456";36456;1
"36457";36457;1
"36458";36458;1
"36459";36459;1
"36460";36460;1
"36461";36461;2
"36462";36462;1
"36463";36463;1
"36464";36464;1
"36465";36465;1
"36466";36466;1
"36467";36467;1
"36468";36468;1
"36469";36469;1
"36470";36470;1
"36471";36471;1
"36472";36472;1
"36473";36473;1
"36474";36474;1
"36475";36475;1
"36476";36476;1
"36477";36477;2
"36478";36478;1
"36479";36479;1
"36480";36480;1
"36481";36481;1
"36482";36482;1
"36483";36483;1
"36484";36484;1
"36485";36485;1
"36486";36486;2
"36487";36487;1
"36488";36488;2
"36489";36489;1
"36490";36490;2
"36491";36491;1
"36492";36492;1
"36493";36493;1
"36494";36494;1
"36495";36495;2
"36496";36496;2
"36497";36497;2
"36498";36498;2
"36499";36499;2
"36500";36500;2
"36501";36501;1
"36502";36502;1
"36503";36503;1
"36504";36504;2
"36505";36505;1
"36506";36506;2
"36507";36507;2
"36508";36508;2
"36509";36509;0
"36510";36510;0
"36511";36511;0
"36512";36512;0
"36513";36513;2
"36514";36514;2
"36515";36515;2
"36516";36516;2
"36517";36517;2
"36518";36518;0
"36519";36519;1
"36520";36520;2
"36521";36521;2
"36522";36522;1
"36523";36523;1
"36524";36524;2
"36525";36525;2
"36526";36526;1
"36527";36527;1
"36528";36528;2
"36529";36529;2
"36530";36530;1
"36531";36531;2
"36532";36532;2
"36533";36533;1
"36534";36534;2
"36535";36535;2
"36536";36536;1
"36537";36537;1
"36538";36538;1
"36539";36539;1
"36540";36540;1
"36541";36541;1
"36542";36542;1
"36543";36543;1
"36544";36544;2
"36545";36545;1
"36546";36546;2
"36547";36547;2
"36548";36548;1
"36549";36549;1
"36550";36550;2
"36551";36551;2
"36552";36552;1
"36553";36553;0
"36554";36554;2
"36555";36555;2
"36556";36556;2
"36557";36557;2
"36558";36558;1
"36559";36559;2
"36560";36560;2
"36561";36561;1
"36562";36562;1
"36563";36563;1
"36564";36564;2
"36565";36565;1
"36566";36566;1
"36567";36567;1
"36568";36568;2
"36569";36569;2
"36570";36570;1
"36571";36571;2
"36572";36572;1
"36573";36573;1
"36574";36574;1
"36575";36575;1
"36576";36576;1
"36577";36577;1
"36578";36578;1
"36579";36579;2
"36580";36580;2
"36581";36581;1
"36582";36582;0
"36583";36583;2
"36584";36584;2
"36585";36585;1
"36586";36586;2
"36587";36587;1
"36588";36588;1
"36589";36589;1
"36590";36590;2
"36591";36591;1
"36592";36592;1
"36593";36593;1
"36594";36594;2
"36595";36595;1
"36596";36596;1
"36597";36597;2
"36598";36598;2
"36599";36599;1
"36600";36600;1
"36601";36601;1
"36602";36602;2
"36603";36603;2
"36604";36604;1
"36605";36605;1
"36606";36606;1
"36607";36607;2
"36608";36608;1
"36609";36609;1
"36610";36610;2
"36611";36611;2
"36612";36612;1
"36613";36613;1
"36614";36614;1
"36615";36615;2
"36616";36616;2
"36617";36617;2
"36618";36618;2
"36619";36619;2
"36620";36620;2
"36621";36621;1
"36622";36622;2
"36623";36623;1
"36624";36624;2
"36625";36625;1
"36626";36626;1
"36627";36627;2
"36628";36628;2
"36629";36629;2
"36630";36630;2
"36631";36631;1
"36632";36632;1
"36633";36633;1
"36634";36634;2
"36635";36635;1
"36636";36636;2
"36637";36637;1
"36638";36638;1
"36639";36639;1
"36640";36640;1
"36641";36641;1
"36642";36642;1
"36643";36643;1
"36644";36644;1
"36645";36645;1
"36646";36646;1
"36647";36647;1
"36648";36648;1
"36649";36649;2
"36650";36650;2
"36651";36651;2
"36652";36652;1
"36653";36653;1
"36654";36654;1
"36655";36655;2
"36656";36656;1
"36657";36657;1
"36658";36658;1
"36659";36659;2
"36660";36660;1
"36661";36661;2
"36662";36662;2
"36663";36663;1
"36664";36664;1
"36665";36665;2
"36666";36666;1
"36667";36667;2
"36668";36668;1
"36669";36669;2
"36670";36670;1
"36671";36671;1
"36672";36672;1
"36673";36673;1
"36674";36674;1
"36675";36675;1
"36676";36676;1
"36677";36677;1
"36678";36678;2
"36679";36679;1
"36680";36680;1
"36681";36681;2
"36682";36682;1
"36683";36683;2
"36684";36684;2
"36685";36685;2
"36686";36686;2
"36687";36687;2
"36688";36688;2
"36689";36689;2
"36690";36690;1
"36691";36691;1
"36692";36692;2
"36693";36693;1
"36694";36694;1
"36695";36695;2
"36696";36696;2
"36697";36697;1
"36698";36698;1
"36699";36699;2
"36700";36700;1
"36701";36701;1
"36702";36702;2
"36703";36703;1
"36704";36704;2
"36705";36705;1
"36706";36706;2
"36707";36707;1
"36708";36708;1
"36709";36709;1
"36710";36710;1
"36711";36711;1
"36712";36712;0
"36713";36713;1
"36714";36714;2
"36715";36715;1
"36716";36716;2
"36717";36717;1
"36718";36718;1
"36719";36719;1
"36720";36720;1
"36721";36721;2
"36722";36722;1
"36723";36723;1
"36724";36724;2
"36725";36725;1
"36726";36726;1
"36727";36727;1
"36728";36728;2
"36729";36729;2
"36730";36730;2
"36731";36731;2
"36732";36732;2
"36733";36733;1
"36734";36734;1
"36735";36735;1
"36736";36736;0
"36737";36737;1
"36738";36738;1
"36739";36739;1
"36740";36740;1
"36741";36741;1
"36742";36742;2
"36743";36743;1
"36744";36744;1
"36745";36745;1
"36746";36746;1
"36747";36747;1
"36748";36748;1
"36749";36749;1
"36750";36750;1
"36751";36751;1
"36752";36752;1
"36753";36753;1
"36754";36754;1
"36755";36755;2
"36756";36756;2
"36757";36757;2
"36758";36758;2
"36759";36759;2
"36760";36760;1
"36761";36761;1
"36762";36762;2
"36763";36763;2
"36764";36764;2
"36765";36765;2
"36766";36766;1
"36767";36767;2
"36768";36768;1
"36769";36769;1
"36770";36770;2
"36771";36771;2
"36772";36772;2
"36773";36773;2
"36774";36774;1
"36775";36775;1
"36776";36776;2
"36777";36777;1
"36778";36778;2
"36779";36779;2
"36780";36780;1
"36781";36781;2
"36782";36782;1
"36783";36783;2
"36784";36784;2
"36785";36785;2
"36786";36786;2
"36787";36787;1
"36788";36788;1
"36789";36789;2
"36790";36790;1
"36791";36791;1
"36792";36792;1
"36793";36793;2
"36794";36794;2
"36795";36795;1
"36796";36796;1
"36797";36797;1
"36798";36798;2
"36799";36799;2
"36800";36800;1
"36801";36801;2
"36802";36802;2
"36803";36803;1
"36804";36804;2
"36805";36805;1
"36806";36806;2
"36807";36807;1
"36808";36808;2
"36809";36809;2
"36810";36810;1
"36811";36811;1
"36812";36812;1
"36813";36813;2
"36814";36814;1
"36815";36815;1
"36816";36816;2
"36817";36817;2
"36818";36818;2
"36819";36819;1
"36820";36820;1
"36821";36821;2
"36822";36822;1
"36823";36823;1
"36824";36824;1
"36825";36825;1
"36826";36826;1
"36827";36827;2
"36828";36828;2
"36829";36829;2
"36830";36830;1
"36831";36831;1
"36832";36832;2
"36833";36833;2
"36834";36834;2
"36835";36835;1
"36836";36836;2
"36837";36837;1
"36838";36838;2
"36839";36839;2
"36840";36840;1
"36841";36841;1
"36842";36842;2
"36843";36843;2
"36844";36844;1
"36845";36845;1
"36846";36846;2
"36847";36847;2
"36848";36848;2
"36849";36849;2
"36850";36850;2
"36851";36851;2
"36852";36852;2
"36853";36853;1
"36854";36854;2
"36855";36855;2
"36856";36856;2
"36857";36857;2
"36858";36858;2
"36859";36859;2
"36860";36860;2
"36861";36861;1
"36862";36862;2
"36863";36863;2
"36864";36864;2
"36865";36865;1
"36866";36866;1
"36867";36867;1
"36868";36868;1
"36869";36869;2
"36870";36870;1
"36871";36871;2
"36872";36872;2
"36873";36873;2
"36874";36874;2
"36875";36875;1
"36876";36876;2
"36877";36877;2
"36878";36878;1
"36879";36879;2
"36880";36880;2
"36881";36881;2
"36882";36882;1
"36883";36883;1
"36884";36884;2
"36885";36885;2
"36886";36886;0
"36887";36887;2
"36888";36888;1
"36889";36889;1
"36890";36890;1
"36891";36891;2
"36892";36892;2
"36893";36893;2
"36894";36894;2
"36895";36895;2
"36896";36896;1
"36897";36897;1
"36898";36898;2
"36899";36899;1
"36900";36900;2
"36901";36901;2
"36902";36902;2
"36903";36903;2
"36904";36904;2
"36905";36905;2
"36906";36906;2
"36907";36907;1
"36908";36908;1
"36909";36909;2
"36910";36910;2
"36911";36911;1
"36912";36912;2
"36913";36913;2
"36914";36914;1
"36915";36915;1
"36916";36916;2
"36917";36917;1
"36918";36918;1
"36919";36919;1
"36920";36920;1
"36921";36921;1
"36922";36922;1
"36923";36923;1
"36924";36924;2
"36925";36925;2
"36926";36926;2
"36927";36927;1
"36928";36928;2
"36929";36929;2
"36930";36930;2
"36931";36931;1
"36932";36932;1
"36933";36933;2
"36934";36934;2
"36935";36935;2
"36936";36936;2
"36937";36937;1
"36938";36938;1
"36939";36939;1
"36940";36940;1
"36941";36941;1
"36942";36942;1
"36943";36943;2
"36944";36944;2
"36945";36945;1
"36946";36946;2
"36947";36947;1
"36948";36948;2
"36949";36949;2
"36950";36950;2
"36951";36951;2
"36952";36952;2
"36953";36953;2
"36954";36954;2
"36955";36955;2
"36956";36956;2
"36957";36957;1
"36958";36958;2
"36959";36959;2
"36960";36960;2
"36961";36961;1
"36962";36962;1
"36963";36963;1
"36964";36964;2
"36965";36965;1
"36966";36966;1
"36967";36967;1
"36968";36968;2
"36969";36969;2
"36970";36970;1
"36971";36971;2
"36972";36972;0
"36973";36973;2
"36974";36974;2
"36975";36975;2
"36976";36976;2
"36977";36977;1
"36978";36978;1
"36979";36979;2
"36980";36980;2
"36981";36981;2
"36982";36982;1
"36983";36983;1
"36984";36984;1
"36985";36985;2
"36986";36986;1
"36987";36987;2
"36988";36988;1
"36989";36989;2
"36990";36990;2
"36991";36991;2
"36992";36992;2
"36993";36993;1
"36994";36994;2
"36995";36995;1
"36996";36996;2
"36997";36997;1
"36998";36998;1
"36999";36999;2
"37000";37000;1
"37001";37001;1
"37002";37002;1
"37003";37003;2
"37004";37004;2
"37005";37005;2
"37006";37006;2
"37007";37007;2
"37008";37008;1
"37009";37009;1
"37010";37010;2
"37011";37011;1
"37012";37012;1
"37013";37013;2
"37014";37014;2
"37015";37015;2
"37016";37016;2
"37017";37017;2
"37018";37018;1
"37019";37019;1
"37020";37020;1
"37021";37021;2
"37022";37022;2
"37023";37023;2
"37024";37024;2
"37025";37025;2
"37026";37026;2
"37027";37027;1
"37028";37028;2
"37029";37029;2
"37030";37030;2
"37031";37031;1
"37032";37032;2
"37033";37033;1
"37034";37034;2
"37035";37035;2
"37036";37036;2
"37037";37037;1
"37038";37038;1
"37039";37039;2
"37040";37040;2
"37041";37041;1
"37042";37042;2
"37043";37043;2
"37044";37044;1
"37045";37045;1
"37046";37046;1
"37047";37047;1
"37048";37048;2
"37049";37049;1
"37050";37050;2
"37051";37051;2
"37052";37052;1
"37053";37053;2
"37054";37054;2
"37055";37055;1
"37056";37056;1
"37057";37057;2
"37058";37058;2
"37059";37059;1
"37060";37060;2
"37061";37061;2
"37062";37062;2
"37063";37063;2
"37064";37064;1
"37065";37065;2
"37066";37066;2
"37067";37067;2
"37068";37068;1
"37069";37069;1
"37070";37070;1
"37071";37071;1
"37072";37072;2
"37073";37073;1
"37074";37074;1
"37075";37075;2
"37076";37076;1
"37077";37077;1
"37078";37078;1
"37079";37079;1
"37080";37080;1
"37081";37081;2
"37082";37082;0
"37083";37083;1
"37084";37084;1
"37085";37085;1
"37086";37086;1
"37087";37087;1
"37088";37088;1
"37089";37089;1
"37090";37090;2
"37091";37091;1
"37092";37092;1
"37093";37093;1
"37094";37094;1
"37095";37095;1
"37096";37096;1
"37097";37097;2
"37098";37098;1
"37099";37099;2
"37100";37100;0
"37101";37101;1
"37102";37102;1
"37103";37103;2
"37104";37104;2
"37105";37105;1
"37106";37106;2
"37107";37107;1
"37108";37108;1
"37109";37109;1
"37110";37110;2
"37111";37111;1
"37112";37112;1
"37113";37113;1
"37114";37114;2
"37115";37115;1
"37116";37116;1
"37117";37117;1
"37118";37118;2
"37119";37119;1
"37120";37120;1
"37121";37121;1
"37122";37122;2
"37123";37123;1
"37124";37124;1
"37125";37125;2
"37126";37126;1
"37127";37127;1
"37128";37128;1
"37129";37129;2
"37130";37130;2
"37131";37131;2
"37132";37132;1
"37133";37133;1
"37134";37134;2
"37135";37135;1
"37136";37136;1
"37137";37137;2
"37138";37138;1
"37139";37139;1
"37140";37140;1
"37141";37141;1
"37142";37142;2
"37143";37143;2
"37144";37144;1
"37145";37145;1
"37146";37146;1
"37147";37147;1
"37148";37148;1
"37149";37149;2
"37150";37150;2
"37151";37151;2
"37152";37152;2
"37153";37153;2
"37154";37154;1
"37155";37155;1
"37156";37156;1
"37157";37157;1
"37158";37158;2
"37159";37159;2
"37160";37160;1
"37161";37161;2
"37162";37162;1
"37163";37163;1
"37164";37164;1
"37165";37165;1
"37166";37166;1
"37167";37167;1
"37168";37168;2
"37169";37169;1
"37170";37170;1
"37171";37171;1
"37172";37172;2
"37173";37173;1
"37174";37174;2
"37175";37175;0
"37176";37176;1
"37177";37177;0
"37178";37178;2
"37179";37179;2
"37180";37180;0
"37181";37181;0
"37182";37182;1
"37183";37183;2
"37184";37184;0
"37185";37185;0
"37186";37186;0
"37187";37187;0
"37188";37188;1
"37189";37189;1
"37190";37190;2
"37191";37191;1
"37192";37192;2
"37193";37193;2
"37194";37194;2
"37195";37195;1
"37196";37196;1
"37197";37197;0
"37198";37198;0
"37199";37199;0
"37200";37200;2
"37201";37201;2
"37202";37202;0
"37203";37203;0
"37204";37204;2
"37205";37205;1
"37206";37206;2
"37207";37207;2
"37208";37208;2
"37209";37209;2
"37210";37210;2
"37211";37211;1
"37212";37212;1
"37213";37213;1
"37214";37214;0
"37215";37215;1
"37216";37216;2
"37217";37217;2
"37218";37218;0
"37219";37219;0
"37220";37220;2
"37221";37221;1
"37222";37222;0
"37223";37223;1
"37224";37224;2
"37225";37225;0
"37226";37226;1
"37227";37227;2
"37228";37228;2
"37229";37229;1
"37230";37230;0
"37231";37231;2
"37232";37232;0
"37233";37233;2
"37234";37234;2
"37235";37235;1
"37236";37236;1
"37237";37237;1
"37238";37238;1
"37239";37239;0
"37240";37240;2
"37241";37241;1
"37242";37242;2
"37243";37243;2
"37244";37244;0
"37245";37245;2
"37246";37246;2
"37247";37247;2
"37248";37248;2
"37249";37249;2
"37250";37250;2
"37251";37251;2
"37252";37252;2
"37253";37253;2
"37254";37254;1
"37255";37255;2
"37256";37256;2
"37257";37257;2
"37258";37258;1
"37259";37259;1
"37260";37260;2
"37261";37261;2
"37262";37262;2
"37263";37263;2
"37264";37264;2
"37265";37265;1
"37266";37266;1
"37267";37267;1
"37268";37268;1
"37269";37269;1
"37270";37270;1
"37271";37271;1
"37272";37272;2
"37273";37273;1
"37274";37274;2
"37275";37275;1
"37276";37276;1
"37277";37277;1
"37278";37278;1
"37279";37279;1
"37280";37280;1
"37281";37281;1
"37282";37282;1
"37283";37283;1
"37284";37284;1
"37285";37285;1
"37286";37286;2
"37287";37287;2
"37288";37288;1
"37289";37289;1
"37290";37290;2
"37291";37291;1
"37292";37292;0
"37293";37293;1
"37294";37294;2
"37295";37295;1
"37296";37296;2
"37297";37297;2
"37298";37298;2
"37299";37299;2
"37300";37300;2
"37301";37301;1
"37302";37302;1
"37303";37303;1
"37304";37304;2
"37305";37305;1
"37306";37306;1
"37307";37307;1
"37308";37308;1
"37309";37309;1
"37310";37310;2
"37311";37311;1
"37312";37312;1
"37313";37313;1
"37314";37314;2
"37315";37315;1
"37316";37316;1
"37317";37317;1
"37318";37318;1
"37319";37319;1
"37320";37320;2
"37321";37321;2
"37322";37322;2
"37323";37323;1
"37324";37324;1
"37325";37325;1
"37326";37326;1
"37327";37327;1
"37328";37328;2
"37329";37329;1
"37330";37330;2
"37331";37331;2
"37332";37332;1
"37333";37333;1
"37334";37334;1
"37335";37335;1
"37336";37336;1
"37337";37337;2
"37338";37338;1
"37339";37339;1
"37340";37340;1
"37341";37341;2
"37342";37342;2
"37343";37343;1
"37344";37344;2
"37345";37345;1
"37346";37346;1
"37347";37347;2
"37348";37348;1
"37349";37349;1
"37350";37350;2
"37351";37351;1
"37352";37352;1
"37353";37353;1
"37354";37354;1
"37355";37355;1
"37356";37356;2
"37357";37357;1
"37358";37358;1
"37359";37359;1
"37360";37360;1
"37361";37361;1
"37362";37362;1
"37363";37363;2
"37364";37364;1
"37365";37365;1
"37366";37366;1
"37367";37367;1
"37368";37368;1
"37369";37369;1
"37370";37370;1
"37371";37371;1
"37372";37372;1
"37373";37373;1
"37374";37374;1
"37375";37375;1
"37376";37376;1
"37377";37377;2
"37378";37378;1
"37379";37379;2
"37380";37380;1
"37381";37381;1
"37382";37382;1
"37383";37383;1
"37384";37384;1
"37385";37385;1
"37386";37386;1
"37387";37387;1
"37388";37388;1
"37389";37389;1
"37390";37390;1
"37391";37391;1
"37392";37392;1
"37393";37393;1
"37394";37394;1
"37395";37395;1
"37396";37396;1
"37397";37397;1
"37398";37398;1
"37399";37399;1
"37400";37400;1
"37401";37401;1
"37402";37402;1
"37403";37403;1
"37404";37404;2
"37405";37405;1
"37406";37406;2
"37407";37407;1
"37408";37408;2
"37409";37409;1
"37410";37410;1
"37411";37411;1
"37412";37412;1
"37413";37413;2
"37414";37414;1
"37415";37415;1
"37416";37416;1
"37417";37417;1
"37418";37418;1
"37419";37419;1
"37420";37420;1
"37421";37421;1
"37422";37422;1
"37423";37423;1
"37424";37424;1
"37425";37425;1
"37426";37426;1
"37427";37427;1
"37428";37428;1
"37429";37429;1
"37430";37430;1
"37431";37431;1
"37432";37432;1
"37433";37433;1
"37434";37434;1
"37435";37435;1
"37436";37436;1
"37437";37437;1
"37438";37438;1
"37439";37439;1
"37440";37440;1
"37441";37441;1
"37442";37442;1
"37443";37443;1
"37444";37444;1
"37445";37445;1
"37446";37446;1
"37447";37447;1
"37448";37448;1
"37449";37449;1
"37450";37450;1
"37451";37451;1
"37452";37452;1
"37453";37453;1
"37454";37454;1
"37455";37455;1
"37456";37456;1
"37457";37457;1
"37458";37458;2
"37459";37459;1
"37460";37460;1
"37461";37461;1
"37462";37462;1
"37463";37463;1
"37464";37464;1
"37465";37465;1
"37466";37466;1
"37467";37467;1
"37468";37468;1
"37469";37469;1
"37470";37470;1
"37471";37471;1
"37472";37472;1
"37473";37473;1
"37474";37474;1
"37475";37475;1
"37476";37476;1
"37477";37477;1
"37478";37478;1
"37479";37479;1
"37480";37480;1
"37481";37481;1
"37482";37482;1
"37483";37483;1
"37484";37484;1
"37485";37485;1
"37486";37486;1
"37487";37487;1
"37488";37488;1
"37489";37489;1
"37490";37490;1
"37491";37491;1
"37492";37492;1
"37493";37493;1
"37494";37494;1
"37495";37495;1
"37496";37496;1
"37497";37497;1
"37498";37498;1
"37499";37499;1
"37500";37500;1
"37501";37501;2
"37502";37502;2
"37503";37503;1
"37504";37504;1
"37505";37505;1
"37506";37506;1
"37507";37507;1
"37508";37508;1
"37509";37509;1
"37510";37510;1
"37511";37511;1
"37512";37512;1
"37513";37513;1
"37514";37514;2
"37515";37515;1
"37516";37516;1
"37517";37517;1
"37518";37518;1
"37519";37519;1
"37520";37520;1
"37521";37521;1
"37522";37522;1
"37523";37523;1
"37524";37524;1
"37525";37525;1
"37526";37526;1
"37527";37527;1
"37528";37528;1
"37529";37529;1
"37530";37530;1
"37531";37531;1
"37532";37532;1
"37533";37533;1
"37534";37534;2
"37535";37535;1
"37536";37536;1
"37537";37537;1
"37538";37538;1
"37539";37539;1
"37540";37540;1
"37541";37541;1
"37542";37542;1
"37543";37543;1
"37544";37544;1
"37545";37545;1
"37546";37546;1
"37547";37547;1
"37548";37548;2
"37549";37549;2
"37550";37550;2
"37551";37551;2
"37552";37552;1
"37553";37553;2
"37554";37554;1
"37555";37555;2
"37556";37556;1
"37557";37557;1
"37558";37558;1
"37559";37559;1
"37560";37560;1
"37561";37561;1
"37562";37562;1
"37563";37563;2
"37564";37564;1
"37565";37565;1
"37566";37566;1
"37567";37567;2
"37568";37568;1
"37569";37569;2
"37570";37570;1
"37571";37571;1
"37572";37572;1
"37573";37573;1
"37574";37574;2
"37575";37575;1
"37576";37576;1
"37577";37577;1
"37578";37578;1
"37579";37579;2
"37580";37580;1
"37581";37581;1
"37582";37582;1
"37583";37583;2
"37584";37584;1
"37585";37585;2
"37586";37586;1
"37587";37587;2
"37588";37588;1
"37589";37589;2
"37590";37590;1
"37591";37591;1
"37592";37592;1
"37593";37593;1
"37594";37594;1
"37595";37595;2
"37596";37596;2
"37597";37597;2
"37598";37598;1
"37599";37599;1
"37600";37600;1
"37601";37601;1
"37602";37602;1
"37603";37603;1
"37604";37604;1
"37605";37605;2
"37606";37606;2
"37607";37607;1
"37608";37608;1
"37609";37609;1
"37610";37610;1
"37611";37611;2
"37612";37612;1
"37613";37613;2
"37614";37614;2
"37615";37615;1
"37616";37616;1
"37617";37617;1
"37618";37618;1
"37619";37619;2
"37620";37620;2
"37621";37621;1
"37622";37622;1
"37623";37623;2
"37624";37624;2
"37625";37625;2
"37626";37626;1
"37627";37627;1
"37628";37628;2
"37629";37629;1
"37630";37630;1
"37631";37631;2
"37632";37632;2
"37633";37633;1
"37634";37634;1
"37635";37635;2
"37636";37636;2
"37637";37637;1
"37638";37638;1
"37639";37639;1
"37640";37640;1
"37641";37641;1
"37642";37642;1
"37643";37643;2
"37644";37644;1
"37645";37645;1
"37646";37646;1
"37647";37647;1
"37648";37648;1
"37649";37649;1
"37650";37650;1
"37651";37651;1
"37652";37652;1
"37653";37653;0
"37654";37654;1
"37655";37655;1
"37656";37656;1
"37657";37657;1
"37658";37658;1
"37659";37659;2
"37660";37660;1
"37661";37661;1
"37662";37662;1
"37663";37663;2
"37664";37664;1
"37665";37665;2
"37666";37666;1
"37667";37667;1
"37668";37668;2
"37669";37669;2
"37670";37670;1
"37671";37671;1
"37672";37672;2
"37673";37673;2
"37674";37674;2
"37675";37675;1
"37676";37676;1
"37677";37677;2
"37678";37678;2
"37679";37679;2
"37680";37680;2
"37681";37681;2
"37682";37682;1
"37683";37683;1
"37684";37684;1
"37685";37685;0
"37686";37686;2
"37687";37687;1
"37688";37688;1
"37689";37689;1
"37690";37690;2
"37691";37691;2
"37692";37692;2
"37693";37693;2
"37694";37694;2
"37695";37695;2
"37696";37696;2
"37697";37697;2
"37698";37698;2
"37699";37699;1
"37700";37700;2
"37701";37701;2
"37702";37702;2
"37703";37703;2
"37704";37704;1
"37705";37705;2
"37706";37706;1
"37707";37707;2
"37708";37708;1
"37709";37709;1
"37710";37710;0
"37711";37711;2
"37712";37712;2
"37713";37713;1
"37714";37714;1
"37715";37715;1
"37716";37716;2
"37717";37717;2
"37718";37718;2
"37719";37719;1
"37720";37720;2
"37721";37721;2
"37722";37722;2
"37723";37723;2
"37724";37724;2
"37725";37725;2
"37726";37726;2
"37727";37727;1
"37728";37728;2
"37729";37729;2
"37730";37730;1
"37731";37731;1
"37732";37732;2
"37733";37733;1
"37734";37734;1
"37735";37735;1
"37736";37736;1
"37737";37737;1
"37738";37738;2
"37739";37739;2
"37740";37740;2
"37741";37741;1
"37742";37742;1
"37743";37743;2
"37744";37744;2
"37745";37745;2
"37746";37746;1
"37747";37747;1
"37748";37748;1
"37749";37749;1
"37750";37750;1
"37751";37751;1
"37752";37752;2
"37753";37753;2
"37754";37754;1
"37755";37755;1
"37756";37756;1
"37757";37757;1
"37758";37758;2
"37759";37759;1
"37760";37760;1
"37761";37761;1
"37762";37762;1
"37763";37763;1
"37764";37764;1
"37765";37765;2
"37766";37766;2
"37767";37767;2
"37768";37768;2
"37769";37769;2
"37770";37770;2
"37771";37771;1
"37772";37772;1
"37773";37773;1
"37774";37774;2
"37775";37775;2
"37776";37776;2
"37777";37777;2
"37778";37778;2
"37779";37779;1
"37780";37780;2
"37781";37781;1
"37782";37782;2
"37783";37783;1
"37784";37784;2
"37785";37785;1
"37786";37786;1
"37787";37787;1
"37788";37788;2
"37789";37789;2
"37790";37790;2
"37791";37791;1
"37792";37792;1
"37793";37793;1
"37794";37794;1
"37795";37795;2
"37796";37796;2
"37797";37797;2
"37798";37798;2
"37799";37799;1
"37800";37800;1
"37801";37801;1
"37802";37802;1
"37803";37803;1
"37804";37804;1
"37805";37805;1
"37806";37806;2
"37807";37807;1
"37808";37808;2
"37809";37809;1
"37810";37810;2
"37811";37811;1
"37812";37812;1
"37813";37813;2
"37814";37814;2
"37815";37815;1
"37816";37816;2
"37817";37817;1
"37818";37818;1
"37819";37819;2
"37820";37820;2
"37821";37821;1
"37822";37822;1
"37823";37823;1
"37824";37824;2
"37825";37825;1
"37826";37826;1
"37827";37827;2
"37828";37828;2
"37829";37829;1
"37830";37830;1
"37831";37831;0
"37832";37832;1
"37833";37833;1
"37834";37834;1
"37835";37835;1
"37836";37836;2
"37837";37837;2
"37838";37838;0
"37839";37839;1
"37840";37840;1
"37841";37841;1
"37842";37842;1
"37843";37843;1
"37844";37844;1
"37845";37845;2
"37846";37846;2
"37847";37847;1
"37848";37848;2
"37849";37849;1
"37850";37850;1
"37851";37851;2
"37852";37852;1
"37853";37853;1
"37854";37854;1
"37855";37855;2
"37856";37856;2
"37857";37857;2
"37858";37858;2
"37859";37859;1
"37860";37860;1
"37861";37861;1
"37862";37862;2
"37863";37863;2
"37864";37864;2
"37865";37865;2
"37866";37866;1
"37867";37867;2
"37868";37868;2
"37869";37869;1
"37870";37870;2
"37871";37871;2
"37872";37872;1
"37873";37873;2
"37874";37874;2
"37875";37875;2
"37876";37876;1
"37877";37877;1
"37878";37878;2
"37879";37879;2
"37880";37880;2
"37881";37881;0
"37882";37882;2
"37883";37883;1
"37884";37884;2
"37885";37885;2
"37886";37886;2
"37887";37887;1
"37888";37888;2
"37889";37889;2
"37890";37890;1
"37891";37891;2
"37892";37892;1
"37893";37893;2
"37894";37894;1
"37895";37895;2
"37896";37896;2
"37897";37897;2
"37898";37898;2
"37899";37899;1
"37900";37900;2
"37901";37901;1
"37902";37902;1
"37903";37903;1
"37904";37904;1
"37905";37905;2
"37906";37906;2
"37907";37907;2
"37908";37908;1
"37909";37909;1
"37910";37910;2
"37911";37911;1
"37912";37912;1
"37913";37913;1
"37914";37914;2
"37915";37915;2
"37916";37916;1
"37917";37917;2
"37918";37918;2
"37919";37919;1
"37920";37920;1
"37921";37921;1
"37922";37922;2
"37923";37923;1
"37924";37924;1
"37925";37925;2
"37926";37926;2
"37927";37927;1
"37928";37928;2
"37929";37929;1
"37930";37930;1
"37931";37931;1
"37932";37932;1
"37933";37933;1
"37934";37934;1
"37935";37935;1
"37936";37936;1
"37937";37937;1
"37938";37938;1
"37939";37939;1
"37940";37940;1
"37941";37941;1
"37942";37942;1
"37943";37943;1
"37944";37944;1
"37945";37945;1
"37946";37946;1
"37947";37947;2
"37948";37948;1
"37949";37949;1
"37950";37950;1
"37951";37951;1
"37952";37952;1
"37953";37953;1
"37954";37954;1
"37955";37955;1
"37956";37956;1
"37957";37957;1
"37958";37958;1
"37959";37959;2
"37960";37960;2
"37961";37961;1
"37962";37962;2
"37963";37963;1
"37964";37964;1
"37965";37965;2
"37966";37966;1
"37967";37967;2
"37968";37968;2
"37969";37969;1
"37970";37970;2
"37971";37971;2
"37972";37972;1
"37973";37973;2
"37974";37974;1
"37975";37975;1
"37976";37976;2
"37977";37977;2
"37978";37978;1
"37979";37979;1
"37980";37980;2
"37981";37981;1
"37982";37982;2
"37983";37983;2
"37984";37984;2
"37985";37985;1
"37986";37986;1
"37987";37987;1
"37988";37988;1
"37989";37989;1
"37990";37990;1
"37991";37991;1
"37992";37992;1
"37993";37993;1
"37994";37994;1
"37995";37995;1
"37996";37996;1
"37997";37997;1
"37998";37998;1
"37999";37999;1
"38000";38000;1
"38001";38001;2
"38002";38002;2
"38003";38003;2
"38004";38004;2
"38005";38005;1
"38006";38006;2
"38007";38007;2
"38008";38008;0
"38009";38009;2
"38010";38010;1
"38011";38011;2
"38012";38012;2
"38013";38013;2
"38014";38014;2
"38015";38015;2
"38016";38016;2
"38017";38017;1
"38018";38018;1
"38019";38019;2
"38020";38020;1
"38021";38021;1
"38022";38022;1
"38023";38023;2
"38024";38024;2
"38025";38025;1
"38026";38026;1
"38027";38027;2
"38028";38028;2
"38029";38029;2
"38030";38030;1
"38031";38031;1
"38032";38032;1
"38033";38033;1
"38034";38034;1
"38035";38035;1
"38036";38036;1
"38037";38037;2
"38038";38038;1
"38039";38039;2
"38040";38040;2
"38041";38041;1
"38042";38042;2
"38043";38043;1
"38044";38044;1
"38045";38045;1
"38046";38046;2
"38047";38047;1
"38048";38048;1
"38049";38049;0
"38050";38050;1
"38051";38051;1
"38052";38052;1
"38053";38053;1
"38054";38054;1
"38055";38055;2
"38056";38056;0
"38057";38057;1
"38058";38058;1
"38059";38059;1
"38060";38060;2
"38061";38061;1
"38062";38062;1
"38063";38063;1
"38064";38064;2
"38065";38065;1
"38066";38066;1
"38067";38067;0
"38068";38068;0
"38069";38069;0
"38070";38070;0
"38071";38071;1
"38072";38072;0
"38073";38073;2
"38074";38074;2
"38075";38075;2
"38076";38076;0
"38077";38077;1
"38078";38078;1
"38079";38079;1
"38080";38080;1
"38081";38081;2
"38082";38082;0
"38083";38083;2
"38084";38084;0
"38085";38085;2
"38086";38086;1
"38087";38087;2
"38088";38088;2
"38089";38089;1
"38090";38090;0
"38091";38091;1
"38092";38092;0
"38093";38093;1
"38094";38094;1
"38095";38095;1
"38096";38096;2
"38097";38097;1
"38098";38098;1
"38099";38099;1
"38100";38100;1
"38101";38101;1
"38102";38102;1
"38103";38103;1
"38104";38104;0
"38105";38105;1
"38106";38106;2
"38107";38107;1
"38108";38108;1
"38109";38109;2
"38110";38110;0
"38111";38111;2
"38112";38112;0
"38113";38113;2
"38114";38114;1
"38115";38115;1
"38116";38116;1
"38117";38117;1
"38118";38118;1
"38119";38119;0
"38120";38120;1
"38121";38121;1
"38122";38122;1
"38123";38123;1
"38124";38124;1
"38125";38125;1
"38126";38126;1
"38127";38127;1
"38128";38128;1
"38129";38129;1
"38130";38130;1
"38131";38131;1
"38132";38132;1
"38133";38133;1
"38134";38134;1
"38135";38135;1
"38136";38136;1
"38137";38137;1
"38138";38138;1
"38139";38139;1
"38140";38140;2
"38141";38141;1
"38142";38142;2
"38143";38143;2
"38144";38144;1
"38145";38145;1
"38146";38146;2
"38147";38147;1
"38148";38148;2
"38149";38149;1
"38150";38150;1
"38151";38151;1
"38152";38152;1
"38153";38153;0
"38154";38154;1
"38155";38155;1
"38156";38156;1
"38157";38157;1
"38158";38158;2
"38159";38159;1
"38160";38160;1
"38161";38161;1
"38162";38162;0
"38163";38163;0
"38164";38164;1
"38165";38165;1
"38166";38166;1
"38167";38167;1
"38168";38168;1
"38169";38169;1
"38170";38170;0
"38171";38171;1
"38172";38172;0
"38173";38173;1
"38174";38174;2
"38175";38175;2
"38176";38176;1
"38177";38177;1
"38178";38178;1
"38179";38179;2
"38180";38180;2
"38181";38181;1
"38182";38182;2
"38183";38183;2
"38184";38184;0
"38185";38185;1
"38186";38186;0
"38187";38187;0
"38188";38188;1
"38189";38189;2
"38190";38190;1
"38191";38191;2
"38192";38192;1
"38193";38193;2
"38194";38194;1
"38195";38195;1
"38196";38196;2
"38197";38197;2
"38198";38198;1
"38199";38199;1
"38200";38200;1
"38201";38201;1
"38202";38202;1
"38203";38203;2
"38204";38204;1
"38205";38205;1
"38206";38206;1
"38207";38207;1
"38208";38208;1
"38209";38209;1
"38210";38210;1
"38211";38211;1
"38212";38212;2
"38213";38213;1
"38214";38214;1
"38215";38215;1
"38216";38216;1
"38217";38217;1
"38218";38218;1
"38219";38219;1
"38220";38220;2
"38221";38221;1
"38222";38222;1
"38223";38223;1
"38224";38224;1
"38225";38225;1
"38226";38226;1
"38227";38227;1
"38228";38228;1
"38229";38229;1
"38230";38230;2
"38231";38231;1
"38232";38232;1
"38233";38233;1
"38234";38234;2
"38235";38235;2
"38236";38236;1
"38237";38237;1
"38238";38238;1
"38239";38239;1
"38240";38240;1
"38241";38241;1
"38242";38242;1
"38243";38243;2
"38244";38244;1
"38245";38245;1
"38246";38246;2
"38247";38247;1
"38248";38248;2
"38249";38249;1
"38250";38250;1
"38251";38251;1
"38252";38252;2
"38253";38253;2
"38254";38254;1
"38255";38255;1
"38256";38256;0
"38257";38257;1
"38258";38258;2
"38259";38259;1
"38260";38260;2
"38261";38261;1
"38262";38262;1
"38263";38263;1
"38264";38264;2
"38265";38265;1
"38266";38266;1
"38267";38267;1
"38268";38268;0
"38269";38269;1
"38270";38270;1
"38271";38271;2
"38272";38272;2
"38273";38273;1
"38274";38274;2
"38275";38275;2
"38276";38276;1
"38277";38277;2
"38278";38278;1
"38279";38279;1
"38280";38280;1
"38281";38281;2
"38282";38282;2
"38283";38283;1
"38284";38284;1
"38285";38285;2
"38286";38286;1
"38287";38287;2
"38288";38288;1
"38289";38289;1
"38290";38290;2
"38291";38291;2
"38292";38292;1
"38293";38293;1
"38294";38294;1
"38295";38295;1
"38296";38296;2
"38297";38297;2
"38298";38298;2
"38299";38299;2
"38300";38300;2
"38301";38301;2
"38302";38302;2
"38303";38303;2
"38304";38304;0
"38305";38305;0
"38306";38306;2
"38307";38307;1
"38308";38308;1
"38309";38309;2
"38310";38310;2
"38311";38311;2
"38312";38312;1
"38313";38313;1
"38314";38314;1
"38315";38315;2
"38316";38316;1
"38317";38317;1
"38318";38318;2
"38319";38319;1
"38320";38320;1
"38321";38321;2
"38322";38322;1
"38323";38323;2
"38324";38324;1
"38325";38325;1
"38326";38326;2
"38327";38327;2
"38328";38328;1
"38329";38329;1
"38330";38330;1
"38331";38331;2
"38332";38332;2
"38333";38333;2
"38334";38334;1
"38335";38335;1
"38336";38336;1
"38337";38337;1
"38338";38338;2
"38339";38339;2
"38340";38340;2
"38341";38341;1
"38342";38342;1
"38343";38343;2
"38344";38344;1
"38345";38345;2
"38346";38346;2
"38347";38347;1
"38348";38348;1
"38349";38349;1
"38350";38350;1
"38351";38351;1
"38352";38352;1
"38353";38353;1
"38354";38354;1
"38355";38355;1
"38356";38356;1
"38357";38357;1
"38358";38358;1
"38359";38359;1
"38360";38360;1
"38361";38361;1
"38362";38362;1
"38363";38363;1
"38364";38364;1
"38365";38365;1
"38366";38366;2
"38367";38367;1
"38368";38368;1
"38369";38369;1
"38370";38370;1
"38371";38371;1
"38372";38372;1
"38373";38373;2
"38374";38374;1
"38375";38375;1
"38376";38376;1
"38377";38377;1
"38378";38378;1
"38379";38379;1
"38380";38380;1
"38381";38381;1
"38382";38382;2
"38383";38383;1
"38384";38384;1
"38385";38385;1
"38386";38386;1
"38387";38387;1
"38388";38388;1
"38389";38389;1
"38390";38390;1
"38391";38391;1
"38392";38392;1
"38393";38393;1
"38394";38394;1
"38395";38395;1
"38396";38396;1
"38397";38397;1
"38398";38398;1
"38399";38399;1
"38400";38400;1
"38401";38401;1
"38402";38402;1
"38403";38403;1
"38404";38404;1
"38405";38405;1
"38406";38406;1
"38407";38407;1
"38408";38408;1
"38409";38409;2
"38410";38410;2
"38411";38411;1
"38412";38412;1
"38413";38413;1
"38414";38414;1
"38415";38415;1
"38416";38416;1
"38417";38417;1
"38418";38418;1
"38419";38419;1
"38420";38420;1
"38421";38421;2
"38422";38422;2
"38423";38423;1
"38424";38424;1
"38425";38425;1
"38426";38426;1
"38427";38427;1
"38428";38428;1
"38429";38429;1
"38430";38430;1
"38431";38431;1
"38432";38432;1
"38433";38433;1
"38434";38434;2
"38435";38435;2
"38436";38436;1
"38437";38437;2
"38438";38438;0
"38439";38439;1
"38440";38440;1
"38441";38441;1
"38442";38442;1
"38443";38443;1
"38444";38444;1
"38445";38445;1
"38446";38446;1
"38447";38447;1
"38448";38448;1
"38449";38449;1
"38450";38450;1
"38451";38451;1
"38452";38452;1
"38453";38453;1
"38454";38454;1
"38455";38455;1
"38456";38456;1
"38457";38457;1
"38458";38458;1
"38459";38459;1
"38460";38460;1
"38461";38461;1
"38462";38462;1
"38463";38463;1
"38464";38464;1
"38465";38465;1
"38466";38466;1
"38467";38467;1
"38468";38468;1
"38469";38469;1
"38470";38470;1
"38471";38471;1
"38472";38472;1
"38473";38473;1
"38474";38474;1
"38475";38475;1
"38476";38476;2
"38477";38477;1
"38478";38478;1
"38479";38479;1
"38480";38480;1
"38481";38481;1
"38482";38482;1
"38483";38483;1
"38484";38484;1
"38485";38485;1
"38486";38486;1
"38487";38487;1
"38488";38488;1
"38489";38489;1
"38490";38490;1
"38491";38491;1
"38492";38492;1
"38493";38493;2
"38494";38494;1
"38495";38495;1
"38496";38496;2
"38497";38497;1
"38498";38498;1
"38499";38499;1
"38500";38500;1
"38501";38501;1
"38502";38502;1
"38503";38503;1
"38504";38504;1
"38505";38505;1
"38506";38506;1
"38507";38507;1
"38508";38508;1
"38509";38509;1
"38510";38510;1
"38511";38511;1
"38512";38512;1
"38513";38513;1
"38514";38514;1
"38515";38515;2
"38516";38516;1
"38517";38517;1
"38518";38518;1
"38519";38519;1
"38520";38520;1
"38521";38521;1
"38522";38522;1
"38523";38523;1
"38524";38524;1
"38525";38525;1
"38526";38526;1
"38527";38527;1
"38528";38528;1
"38529";38529;1
"38530";38530;1
"38531";38531;2
"38532";38532;1
"38533";38533;1
"38534";38534;2
"38535";38535;1
"38536";38536;1
"38537";38537;1
"38538";38538;1
"38539";38539;2
"38540";38540;1
"38541";38541;2
"38542";38542;1
"38543";38543;2
"38544";38544;1
"38545";38545;1
"38546";38546;1
"38547";38547;1
"38548";38548;1
"38549";38549;1
"38550";38550;1
"38551";38551;1
"38552";38552;1
"38553";38553;1
"38554";38554;1
"38555";38555;1
"38556";38556;1
"38557";38557;1
"38558";38558;1
"38559";38559;1
"38560";38560;2
"38561";38561;1
"38562";38562;1
"38563";38563;1
"38564";38564;2
"38565";38565;1
"38566";38566;1
"38567";38567;1
"38568";38568;1
"38569";38569;2
"38570";38570;1
"38571";38571;1
"38572";38572;2
"38573";38573;2
"38574";38574;1
"38575";38575;1
"38576";38576;2
"38577";38577;1
"38578";38578;2
"38579";38579;1
"38580";38580;2
"38581";38581;1
"38582";38582;1
"38583";38583;2
"38584";38584;2
"38585";38585;1
"38586";38586;2
"38587";38587;2
"38588";38588;1
"38589";38589;2
"38590";38590;1
"38591";38591;1
"38592";38592;1
"38593";38593;1
"38594";38594;2
"38595";38595;2
"38596";38596;2
"38597";38597;1
"38598";38598;2
"38599";38599;1
"38600";38600;1
"38601";38601;1
"38602";38602;1
"38603";38603;1
"38604";38604;2
"38605";38605;1
"38606";38606;1
"38607";38607;1
"38608";38608;2
"38609";38609;1
"38610";38610;1
"38611";38611;1
"38612";38612;2
"38613";38613;1
"38614";38614;1
"38615";38615;1
"38616";38616;2
"38617";38617;1
"38618";38618;2
"38619";38619;2
"38620";38620;2
"38621";38621;2
"38622";38622;1
"38623";38623;1
"38624";38624;2
"38625";38625;1
"38626";38626;2
"38627";38627;2
"38628";38628;1
"38629";38629;1
"38630";38630;1
"38631";38631;1
"38632";38632;2
"38633";38633;1
"38634";38634;1
"38635";38635;2
"38636";38636;1
"38637";38637;2
"38638";38638;2
"38639";38639;2
"38640";38640;1
"38641";38641;1
"38642";38642;1
"38643";38643;1
"38644";38644;2
"38645";38645;0
"38646";38646;1
"38647";38647;1
"38648";38648;1
"38649";38649;0
"38650";38650;2
"38651";38651;2
"38652";38652;1
"38653";38653;1
"38654";38654;1
"38655";38655;1
"38656";38656;1
"38657";38657;1
"38658";38658;1
"38659";38659;2
"38660";38660;1
"38661";38661;0
"38662";38662;1
"38663";38663;1
"38664";38664;1
"38665";38665;1
"38666";38666;1
"38667";38667;1
"38668";38668;1
"38669";38669;2
"38670";38670;1
"38671";38671;1
"38672";38672;2
"38673";38673;2
"38674";38674;1
"38675";38675;2
"38676";38676;1
"38677";38677;1
"38678";38678;2
"38679";38679;2
"38680";38680;2
"38681";38681;1
"38682";38682;2
"38683";38683;2
"38684";38684;2
"38685";38685;1
"38686";38686;1
"38687";38687;1
"38688";38688;1
"38689";38689;1
"38690";38690;1
"38691";38691;1
"38692";38692;2
"38693";38693;1
"38694";38694;1
"38695";38695;2
"38696";38696;1
"38697";38697;2
"38698";38698;2
"38699";38699;1
"38700";38700;1
"38701";38701;1
"38702";38702;1
"38703";38703;1
"38704";38704;2
"38705";38705;1
"38706";38706;1
"38707";38707;1
"38708";38708;1
"38709";38709;1
"38710";38710;1
"38711";38711;1
"38712";38712;1
"38713";38713;1
"38714";38714;2
"38715";38715;1
"38716";38716;1
"38717";38717;1
"38718";38718;1
"38719";38719;1
"38720";38720;1
"38721";38721;1
"38722";38722;1
"38723";38723;1
"38724";38724;1
"38725";38725;1
"38726";38726;1
"38727";38727;1
"38728";38728;1
"38729";38729;1
"38730";38730;1
"38731";38731;1
"38732";38732;2
"38733";38733;2
"38734";38734;1
"38735";38735;1
"38736";38736;1
"38737";38737;2
"38738";38738;2
"38739";38739;1
"38740";38740;1
"38741";38741;1
"38742";38742;1
"38743";38743;2
"38744";38744;2
"38745";38745;1
"38746";38746;2
"38747";38747;1
"38748";38748;2
"38749";38749;2
"38750";38750;2
"38751";38751;1
"38752";38752;2
"38753";38753;1
"38754";38754;1
"38755";38755;2
"38756";38756;2
"38757";38757;2
"38758";38758;2
"38759";38759;1
"38760";38760;1
"38761";38761;2
"38762";38762;2
"38763";38763;1
"38764";38764;2
"38765";38765;1
"38766";38766;1
"38767";38767;1
"38768";38768;1
"38769";38769;2
"38770";38770;2
"38771";38771;2
"38772";38772;0
"38773";38773;1
"38774";38774;1
"38775";38775;2
"38776";38776;2
"38777";38777;2
"38778";38778;2
"38779";38779;2
"38780";38780;1
"38781";38781;0
"38782";38782;2
"38783";38783;1
"38784";38784;1
"38785";38785;1
"38786";38786;1
"38787";38787;2
"38788";38788;2
"38789";38789;2
"38790";38790;2
"38791";38791;2
"38792";38792;2
"38793";38793;2
"38794";38794;2
"38795";38795;2
"38796";38796;1
"38797";38797;2
"38798";38798;2
"38799";38799;2
"38800";38800;2
"38801";38801;2
"38802";38802;1
"38803";38803;0
"38804";38804;2
"38805";38805;2
"38806";38806;2
"38807";38807;2
"38808";38808;1
"38809";38809;1
"38810";38810;2
"38811";38811;2
"38812";38812;2
"38813";38813;2
"38814";38814;2
"38815";38815;2
"38816";38816;1
"38817";38817;0
"38818";38818;2
"38819";38819;2
"38820";38820;1
"38821";38821;2
"38822";38822;2
"38823";38823;2
"38824";38824;1
"38825";38825;1
"38826";38826;2
"38827";38827;1
"38828";38828;1
"38829";38829;1
"38830";38830;2
"38831";38831;1
"38832";38832;1
"38833";38833;1
"38834";38834;1
"38835";38835;1
"38836";38836;1
"38837";38837;1
"38838";38838;2
"38839";38839;1
"38840";38840;1
"38841";38841;1
"38842";38842;1
"38843";38843;1
"38844";38844;1
"38845";38845;1
"38846";38846;1
"38847";38847;2
"38848";38848;2
"38849";38849;1
"38850";38850;2
"38851";38851;2
"38852";38852;1
"38853";38853;1
"38854";38854;1
"38855";38855;1
"38856";38856;1
"38857";38857;2
"38858";38858;1
"38859";38859;2
"38860";38860;1
"38861";38861;2
"38862";38862;2
"38863";38863;2
"38864";38864;2
"38865";38865;2
"38866";38866;2
"38867";38867;1
"38868";38868;2
"38869";38869;1
"38870";38870;1
"38871";38871;2
"38872";38872;2
"38873";38873;1
"38874";38874;1
"38875";38875;1
"38876";38876;2
"38877";38877;2
"38878";38878;1
"38879";38879;2
"38880";38880;2
"38881";38881;1
"38882";38882;1
"38883";38883;1
"38884";38884;1
"38885";38885;1
"38886";38886;1
"38887";38887;2
"38888";38888;2
"38889";38889;2
"38890";38890;2
"38891";38891;1
"38892";38892;2
"38893";38893;1
"38894";38894;2
"38895";38895;2
"38896";38896;1
"38897";38897;2
"38898";38898;1
"38899";38899;2
"38900";38900;1
"38901";38901;2
"38902";38902;2
"38903";38903;1
"38904";38904;2
"38905";38905;2
"38906";38906;1
"38907";38907;2
"38908";38908;1
"38909";38909;2
"38910";38910;2
"38911";38911;1
"38912";38912;1
"38913";38913;1
"38914";38914;2
"38915";38915;2
"38916";38916;2
"38917";38917;1
"38918";38918;1
"38919";38919;1
"38920";38920;2
"38921";38921;2
"38922";38922;2
"38923";38923;2
"38924";38924;1
"38925";38925;1
"38926";38926;1
"38927";38927;1
"38928";38928;1
"38929";38929;1
"38930";38930;2
"38931";38931;2
"38932";38932;2
"38933";38933;1
"38934";38934;2
"38935";38935;1
"38936";38936;1
"38937";38937;2
"38938";38938;1
"38939";38939;2
"38940";38940;1
"38941";38941;1
"38942";38942;1
"38943";38943;2
"38944";38944;1
"38945";38945;1
"38946";38946;1
"38947";38947;2
"38948";38948;2
"38949";38949;2
"38950";38950;2
"38951";38951;2
"38952";38952;1
"38953";38953;1
"38954";38954;1
"38955";38955;1
"38956";38956;2
"38957";38957;1
"38958";38958;2
"38959";38959;1
"38960";38960;2
"38961";38961;1
"38962";38962;1
"38963";38963;1
"38964";38964;1
"38965";38965;1
"38966";38966;1
"38967";38967;1
"38968";38968;1
"38969";38969;1
"38970";38970;2
"38971";38971;2
"38972";38972;1
"38973";38973;1
"38974";38974;2
"38975";38975;1
"38976";38976;2
"38977";38977;2
"38978";38978;1
"38979";38979;1
"38980";38980;1
"38981";38981;1
"38982";38982;1
"38983";38983;1
"38984";38984;1
"38985";38985;1
"38986";38986;2
"38987";38987;1
"38988";38988;2
"38989";38989;1
"38990";38990;2
"38991";38991;2
"38992";38992;2
"38993";38993;2
"38994";38994;2
"38995";38995;1
"38996";38996;2
"38997";38997;2
"38998";38998;1
"38999";38999;1
"39000";39000;2
"39001";39001;1
"39002";39002;1
"39003";39003;1
"39004";39004;2
"39005";39005;2
"39006";39006;1
"39007";39007;2
"39008";39008;2
"39009";39009;2
"39010";39010;2
"39011";39011;1
"39012";39012;1
"39013";39013;2
"39014";39014;1
"39015";39015;2
"39016";39016;2
"39017";39017;1
"39018";39018;2
"39019";39019;2
"39020";39020;1
"39021";39021;2
"39022";39022;1
"39023";39023;2
"39024";39024;2
"39025";39025;1
"39026";39026;1
"39027";39027;1
"39028";39028;2
"39029";39029;1
"39030";39030;2
"39031";39031;1
"39032";39032;2
"39033";39033;1
"39034";39034;1
"39035";39035;1
"39036";39036;1
"39037";39037;2
"39038";39038;1
"39039";39039;2
"39040";39040;2
"39041";39041;1
"39042";39042;2
"39043";39043;1
"39044";39044;1
"39045";39045;1
"39046";39046;2
"39047";39047;1
"39048";39048;2
"39049";39049;1
"39050";39050;2
"39051";39051;1
"39052";39052;1
"39053";39053;1
"39054";39054;1
"39055";39055;1
"39056";39056;2
"39057";39057;2
"39058";39058;2
"39059";39059;2
"39060";39060;2
"39061";39061;2
"39062";39062;2
"39063";39063;2
"39064";39064;2
"39065";39065;2
"39066";39066;2
"39067";39067;2
"39068";39068;2
"39069";39069;2
"39070";39070;2
"39071";39071;1
"39072";39072;2
"39073";39073;1
"39074";39074;2
"39075";39075;2
"39076";39076;1
"39077";39077;2
"39078";39078;2
"39079";39079;1
"39080";39080;1
"39081";39081;2
"39082";39082;2
"39083";39083;1
"39084";39084;2
"39085";39085;2
"39086";39086;2
"39087";39087;1
"39088";39088;2
"39089";39089;2
"39090";39090;2
"39091";39091;2
"39092";39092;1
"39093";39093;1
"39094";39094;1
"39095";39095;1
"39096";39096;1
"39097";39097;1
"39098";39098;1
"39099";39099;1
"39100";39100;2
"39101";39101;2
"39102";39102;1
"39103";39103;1
"39104";39104;1
"39105";39105;1
"39106";39106;2
"39107";39107;1
"39108";39108;1
"39109";39109;1
"39110";39110;1
"39111";39111;1
"39112";39112;1
"39113";39113;1
"39114";39114;1
"39115";39115;1
"39116";39116;1
"39117";39117;1
"39118";39118;1
"39119";39119;1
"39120";39120;1
"39121";39121;1
"39122";39122;1
"39123";39123;1
"39124";39124;1
"39125";39125;1
"39126";39126;1
"39127";39127;1
"39128";39128;1
"39129";39129;1
"39130";39130;1
"39131";39131;2
"39132";39132;1
"39133";39133;1
"39134";39134;1
"39135";39135;1
"39136";39136;2
"39137";39137;2
"39138";39138;2
"39139";39139;2
"39140";39140;2
"39141";39141;1
"39142";39142;1
"39143";39143;1
"39144";39144;1
"39145";39145;1
"39146";39146;2
"39147";39147;1
"39148";39148;2
"39149";39149;1
"39150";39150;1
"39151";39151;1
"39152";39152;2
"39153";39153;1
"39154";39154;1
"39155";39155;0
"39156";39156;1
"39157";39157;1
"39158";39158;2
"39159";39159;1
"39160";39160;2
"39161";39161;1
"39162";39162;1
"39163";39163;1
"39164";39164;1
"39165";39165;1
"39166";39166;1
"39167";39167;1
"39168";39168;1
"39169";39169;1
"39170";39170;1
"39171";39171;1
"39172";39172;1
"39173";39173;2
"39174";39174;1
"39175";39175;1
"39176";39176;1
"39177";39177;2
"39178";39178;2
"39179";39179;1
"39180";39180;2
"39181";39181;2
"39182";39182;2
"39183";39183;2
"39184";39184;1
"39185";39185;2
"39186";39186;1
"39187";39187;2
"39188";39188;2
"39189";39189;2
"39190";39190;2
"39191";39191;2
"39192";39192;2
"39193";39193;2
"39194";39194;2
"39195";39195;2
"39196";39196;1
"39197";39197;1
"39198";39198;1
"39199";39199;1
"39200";39200;2
"39201";39201;1
"39202";39202;1
"39203";39203;2
"39204";39204;1
"39205";39205;2
"39206";39206;1
"39207";39207;1
"39208";39208;1
"39209";39209;2
"39210";39210;2
"39211";39211;2
"39212";39212;2
"39213";39213;2
"39214";39214;1
"39215";39215;2
"39216";39216;2
"39217";39217;2
"39218";39218;2
"39219";39219;1
"39220";39220;2
"39221";39221;2
"39222";39222;1
"39223";39223;2
"39224";39224;2
"39225";39225;2
"39226";39226;2
"39227";39227;1
"39228";39228;2
"39229";39229;2
"39230";39230;2
"39231";39231;1
"39232";39232;1
"39233";39233;1
"39234";39234;2
"39235";39235;2
"39236";39236;2
"39237";39237;2
"39238";39238;2
"39239";39239;1
"39240";39240;2
"39241";39241;2
"39242";39242;0
"39243";39243;2
"39244";39244;1
"39245";39245;2
"39246";39246;2
"39247";39247;1
"39248";39248;2
"39249";39249;1
"39250";39250;2
"39251";39251;2
"39252";39252;1
"39253";39253;1
"39254";39254;2
"39255";39255;1
"39256";39256;2
"39257";39257;1
"39258";39258;2
"39259";39259;1
"39260";39260;1
"39261";39261;2
"39262";39262;1
"39263";39263;1
"39264";39264;0
"39265";39265;1
"39266";39266;2
"39267";39267;1
"39268";39268;1
"39269";39269;1
"39270";39270;2
"39271";39271;2
"39272";39272;1
"39273";39273;1
"39274";39274;2
"39275";39275;1
"39276";39276;1
"39277";39277;2
"39278";39278;1
"39279";39279;1
"39280";39280;2
"39281";39281;1
"39282";39282;1
"39283";39283;2
"39284";39284;1
"39285";39285;1
"39286";39286;1
"39287";39287;1
"39288";39288;2
"39289";39289;1
"39290";39290;1
"39291";39291;1
"39292";39292;1
"39293";39293;1
"39294";39294;1
"39295";39295;1
"39296";39296;2
"39297";39297;1
"39298";39298;2
"39299";39299;0
"39300";39300;1
"39301";39301;1
"39302";39302;1
"39303";39303;1
"39304";39304;1
"39305";39305;1
"39306";39306;1
"39307";39307;1
"39308";39308;1
"39309";39309;2
"39310";39310;1
"39311";39311;2
"39312";39312;2
"39313";39313;2
"39314";39314;1
"39315";39315;2
"39316";39316;1
"39317";39317;1
"39318";39318;2
"39319";39319;1
"39320";39320;2
"39321";39321;2
"39322";39322;1
"39323";39323;2
"39324";39324;2
"39325";39325;2
"39326";39326;2
"39327";39327;1
"39328";39328;2
"39329";39329;1
"39330";39330;2
"39331";39331;1
"39332";39332;2
"39333";39333;1
"39334";39334;2
"39335";39335;2
"39336";39336;1
"39337";39337;2
"39338";39338;2
"39339";39339;2
"39340";39340;2
"39341";39341;2
"39342";39342;1
"39343";39343;2
"39344";39344;2
"39345";39345;2
"39346";39346;2
"39347";39347;1
"39348";39348;1
"39349";39349;2
"39350";39350;2
"39351";39351;2
"39352";39352;1
"39353";39353;1
"39354";39354;2
"39355";39355;1
"39356";39356;1
"39357";39357;2
"39358";39358;2
"39359";39359;2
"39360";39360;1
"39361";39361;1
"39362";39362;2
"39363";39363;2
"39364";39364;2
"39365";39365;1
"39366";39366;2
"39367";39367;2
"39368";39368;1
"39369";39369;2
"39370";39370;2
"39371";39371;1
"39372";39372;1
"39373";39373;2
"39374";39374;2
"39375";39375;1
"39376";39376;2
"39377";39377;1
"39378";39378;2
"39379";39379;2
"39380";39380;1
"39381";39381;2
"39382";39382;1
"39383";39383;1
"39384";39384;1
"39385";39385;2
"39386";39386;2
"39387";39387;0
"39388";39388;2
"39389";39389;1
"39390";39390;2
"39391";39391;2
"39392";39392;2
"39393";39393;2
"39394";39394;2
"39395";39395;2
"39396";39396;2
"39397";39397;1
"39398";39398;1
"39399";39399;2
"39400";39400;1
"39401";39401;1
"39402";39402;1
"39403";39403;1
"39404";39404;2
"39405";39405;2
"39406";39406;2
"39407";39407;2
"39408";39408;2
"39409";39409;2
"39410";39410;2
"39411";39411;1
"39412";39412;2
"39413";39413;1
"39414";39414;2
"39415";39415;2
"39416";39416;2
"39417";39417;2
"39418";39418;2
"39419";39419;2
"39420";39420;1
"39421";39421;2
"39422";39422;2
"39423";39423;2
"39424";39424;2
"39425";39425;2
"39426";39426;2
"39427";39427;1
"39428";39428;2
"39429";39429;2
"39430";39430;2
"39431";39431;2
"39432";39432;2
"39433";39433;2
"39434";39434;0
"39435";39435;2
"39436";39436;2
"39437";39437;2
"39438";39438;2
"39439";39439;2
"39440";39440;2
"39441";39441;2
"39442";39442;2
"39443";39443;2
"39444";39444;2
"39445";39445;2
"39446";39446;2
"39447";39447;2
"39448";39448;1
"39449";39449;2
"39450";39450;1
"39451";39451;2
"39452";39452;2
"39453";39453;2
"39454";39454;2
"39455";39455;1
"39456";39456;2
"39457";39457;2
"39458";39458;2
"39459";39459;2
"39460";39460;2
"39461";39461;2
"39462";39462;2
"39463";39463;2
"39464";39464;2
"39465";39465;2
"39466";39466;2
"39467";39467;1
"39468";39468;1
"39469";39469;2
"39470";39470;0
"39471";39471;2
"39472";39472;1
"39473";39473;2
"39474";39474;2
"39475";39475;1
"39476";39476;1
"39477";39477;1
"39478";39478;1
"39479";39479;0
"39480";39480;2
"39481";39481;2
"39482";39482;1
"39483";39483;1
"39484";39484;1
"39485";39485;2
"39486";39486;2
"39487";39487;2
"39488";39488;2
"39489";39489;2
"39490";39490;1
"39491";39491;1
"39492";39492;2
"39493";39493;1
"39494";39494;1
"39495";39495;2
"39496";39496;1
"39497";39497;1
"39498";39498;1
"39499";39499;1
"39500";39500;1
"39501";39501;1
"39502";39502;1
"39503";39503;1
"39504";39504;1
"39505";39505;1
"39506";39506;1
"39507";39507;1
"39508";39508;1
"39509";39509;1
"39510";39510;1
"39511";39511;1
"39512";39512;1
"39513";39513;1
"39514";39514;1
"39515";39515;1
"39516";39516;1
"39517";39517;1
"39518";39518;1
"39519";39519;1
"39520";39520;1
"39521";39521;1
"39522";39522;1
"39523";39523;1
"39524";39524;1
"39525";39525;2
"39526";39526;2
"39527";39527;1
"39528";39528;1
"39529";39529;2
"39530";39530;1
"39531";39531;1
"39532";39532;2
"39533";39533;2
"39534";39534;2
"39535";39535;2
"39536";39536;2
"39537";39537;2
"39538";39538;2
"39539";39539;1
"39540";39540;2
"39541";39541;1
"39542";39542;1
"39543";39543;1
"39544";39544;1
"39545";39545;2
"39546";39546;2
"39547";39547;2
"39548";39548;2
"39549";39549;1
"39550";39550;1
"39551";39551;2
"39552";39552;2
"39553";39553;2
"39554";39554;2
"39555";39555;1
"39556";39556;1
"39557";39557;1
"39558";39558;2
"39559";39559;1
"39560";39560;2
"39561";39561;1
"39562";39562;1
"39563";39563;2
"39564";39564;2
"39565";39565;1
"39566";39566;0
"39567";39567;1
"39568";39568;1
"39569";39569;1
"39570";39570;2
"39571";39571;2
"39572";39572;1
"39573";39573;1
"39574";39574;1
"39575";39575;2
"39576";39576;1
"39577";39577;1
"39578";39578;1
"39579";39579;1
"39580";39580;1
"39581";39581;1
"39582";39582;1
"39583";39583;2
"39584";39584;2
"39585";39585;1
"39586";39586;2
"39587";39587;1
"39588";39588;1
"39589";39589;1
"39590";39590;1
"39591";39591;1
"39592";39592;2
"39593";39593;2
"39594";39594;2
"39595";39595;1
"39596";39596;2
"39597";39597;1
"39598";39598;1
"39599";39599;2
"39600";39600;2
"39601";39601;1
"39602";39602;2
"39603";39603;1
"39604";39604;1
"39605";39605;2
"39606";39606;1
"39607";39607;1
"39608";39608;1
"39609";39609;1
"39610";39610;1
"39611";39611;1
"39612";39612;1
"39613";39613;1
"39614";39614;1
"39615";39615;2
"39616";39616;1
"39617";39617;2
"39618";39618;1
"39619";39619;1
"39620";39620;1
"39621";39621;1
"39622";39622;1
"39623";39623;2
"39624";39624;2
"39625";39625;1
"39626";39626;2
"39627";39627;1
"39628";39628;1
"39629";39629;2
"39630";39630;2
"39631";39631;2
"39632";39632;1
"39633";39633;2
"39634";39634;2
"39635";39635;2
"39636";39636;1
"39637";39637;2
"39638";39638;1
"39639";39639;2
"39640";39640;2
"39641";39641;1
"39642";39642;2
"39643";39643;1
"39644";39644;2
"39645";39645;2
"39646";39646;2
"39647";39647;1
"39648";39648;2
"39649";39649;2
"39650";39650;2
"39651";39651;1
"39652";39652;2
"39653";39653;2
"39654";39654;2
"39655";39655;2
"39656";39656;1
"39657";39657;2
"39658";39658;1
"39659";39659;2
"39660";39660;1
"39661";39661;2
"39662";39662;1
"39663";39663;2
"39664";39664;1
"39665";39665;1
"39666";39666;2
"39667";39667;2
"39668";39668;2
"39669";39669;2
"39670";39670;1
"39671";39671;2
"39672";39672;1
"39673";39673;2
"39674";39674;1
"39675";39675;1
"39676";39676;1
"39677";39677;1
"39678";39678;2
"39679";39679;2
"39680";39680;1
"39681";39681;1
"39682";39682;1
"39683";39683;1
"39684";39684;1
"39685";39685;2
"39686";39686;1
"39687";39687;1
"39688";39688;1
"39689";39689;1
"39690";39690;2
"39691";39691;1
"39692";39692;2
"39693";39693;1
"39694";39694;1
"39695";39695;2
"39696";39696;1
"39697";39697;1
"39698";39698;1
"39699";39699;1
"39700";39700;1
"39701";39701;2
"39702";39702;1
"39703";39703;1
"39704";39704;2
"39705";39705;2
"39706";39706;2
"39707";39707;0
"39708";39708;1
"39709";39709;1
"39710";39710;2
"39711";39711;1
"39712";39712;1
"39713";39713;2
"39714";39714;2
"39715";39715;2
"39716";39716;2
"39717";39717;2
"39718";39718;1
"39719";39719;1
"39720";39720;2
"39721";39721;2
"39722";39722;2
"39723";39723;2
"39724";39724;2
"39725";39725;0
"39726";39726;2
"39727";39727;2
"39728";39728;2
"39729";39729;2
"39730";39730;1
"39731";39731;2
"39732";39732;2
"39733";39733;2
"39734";39734;2
"39735";39735;2
"39736";39736;1
"39737";39737;2
"39738";39738;2
"39739";39739;1
"39740";39740;1
"39741";39741;2
"39742";39742;1
"39743";39743;2
"39744";39744;2
"39745";39745;2
"39746";39746;2
"39747";39747;2
"39748";39748;2
"39749";39749;1
"39750";39750;2
"39751";39751;2
"39752";39752;2
"39753";39753;2
"39754";39754;1
"39755";39755;2
"39756";39756;2
"39757";39757;2
"39758";39758;1
"39759";39759;2
"39760";39760;2
"39761";39761;2
"39762";39762;1
"39763";39763;1
"39764";39764;2
"39765";39765;2
"39766";39766;2
"39767";39767;2
"39768";39768;1
"39769";39769;2
"39770";39770;2
"39771";39771;1
"39772";39772;1
"39773";39773;2
"39774";39774;2
"39775";39775;2
"39776";39776;2
"39777";39777;1
"39778";39778;1
"39779";39779;2
"39780";39780;2
"39781";39781;2
"39782";39782;2
"39783";39783;1
"39784";39784;2
"39785";39785;1
"39786";39786;2
"39787";39787;2
"39788";39788;2
"39789";39789;1
"39790";39790;1
"39791";39791;1
"39792";39792;1
"39793";39793;2
"39794";39794;2
"39795";39795;2
"39796";39796;2
"39797";39797;2
"39798";39798;2
"39799";39799;2
"39800";39800;2
"39801";39801;1
"39802";39802;1
"39803";39803;2
"39804";39804;2
"39805";39805;1
"39806";39806;2
"39807";39807;1
"39808";39808;2
"39809";39809;1
"39810";39810;1
"39811";39811;2
"39812";39812;2
"39813";39813;2
"39814";39814;2
"39815";39815;2
"39816";39816;1
"39817";39817;2
"39818";39818;2
"39819";39819;2
"39820";39820;1
"39821";39821;2
"39822";39822;1
"39823";39823;2
"39824";39824;2
"39825";39825;2
"39826";39826;2
"39827";39827;1
"39828";39828;1
"39829";39829;1
"39830";39830;1
"39831";39831;1
"39832";39832;1
"39833";39833;2
"39834";39834;2
"39835";39835;2
"39836";39836;1
"39837";39837;1
"39838";39838;1
"39839";39839;1
"39840";39840;1
"39841";39841;1
"39842";39842;2
"39843";39843;2
"39844";39844;1
"39845";39845;1
"39846";39846;1
"39847";39847;1
"39848";39848;2
"39849";39849;1
"39850";39850;1
"39851";39851;1
"39852";39852;1
"39853";39853;1
"39854";39854;2
"39855";39855;1
"39856";39856;1
"39857";39857;1
"39858";39858;1
"39859";39859;1
"39860";39860;1
"39861";39861;1
"39862";39862;1
"39863";39863;1
"39864";39864;1
"39865";39865;1
"39866";39866;2
"39867";39867;2
"39868";39868;2
"39869";39869;2
"39870";39870;2
"39871";39871;2
"39872";39872;2
"39873";39873;1
"39874";39874;1
"39875";39875;2
"39876";39876;1
"39877";39877;2
"39878";39878;2
"39879";39879;2
"39880";39880;1
"39881";39881;2
"39882";39882;1
"39883";39883;2
"39884";39884;1
"39885";39885;1
"39886";39886;2
"39887";39887;2
"39888";39888;1
"39889";39889;2
"39890";39890;2
"39891";39891;2
"39892";39892;2
"39893";39893;2
"39894";39894;2
"39895";39895;2
"39896";39896;1
"39897";39897;2
"39898";39898;1
"39899";39899;1
"39900";39900;1
"39901";39901;2
"39902";39902;2
"39903";39903;2
"39904";39904;2
"39905";39905;2
"39906";39906;1
"39907";39907;1
"39908";39908;2
"39909";39909;2
"39910";39910;2
"39911";39911;1
"39912";39912;1
"39913";39913;2
"39914";39914;1
"39915";39915;1
"39916";39916;1
"39917";39917;1
"39918";39918;1
"39919";39919;2
"39920";39920;1
"39921";39921;1
"39922";39922;2
"39923";39923;1
"39924";39924;2
"39925";39925;1
"39926";39926;1
"39927";39927;1
"39928";39928;2
"39929";39929;1
"39930";39930;1
"39931";39931;1
"39932";39932;1
"39933";39933;1
"39934";39934;2
"39935";39935;2
"39936";39936;1
"39937";39937;2
"39938";39938;2
"39939";39939;2
"39940";39940;1
"39941";39941;1
"39942";39942;2
"39943";39943;1
"39944";39944;1
"39945";39945;1
"39946";39946;1
"39947";39947;1
"39948";39948;1
"39949";39949;1
"39950";39950;1
"39951";39951;0
"39952";39952;2
"39953";39953;1
"39954";39954;2
"39955";39955;2
"39956";39956;1
"39957";39957;1
"39958";39958;2
"39959";39959;2
"39960";39960;2
"39961";39961;1
"39962";39962;2
"39963";39963;2
"39964";39964;2
"39965";39965;1
"39966";39966;2
"39967";39967;2
"39968";39968;2
"39969";39969;1
"39970";39970;2
"39971";39971;1
"39972";39972;2
"39973";39973;2
"39974";39974;2
"39975";39975;2
"39976";39976;2
"39977";39977;2
"39978";39978;2
"39979";39979;1
"39980";39980;1
"39981";39981;1
"39982";39982;1
"39983";39983;1
"39984";39984;2
"39985";39985;1
"39986";39986;1
"39987";39987;1
"39988";39988;1
"39989";39989;2
"39990";39990;2
"39991";39991;2
"39992";39992;2
"39993";39993;2
"39994";39994;1
"39995";39995;1
"39996";39996;1
"39997";39997;1
"39998";39998;1
"39999";39999;2
"40000";40000;1
"40001";40001;2
"40002";40002;1
"40003";40003;1
"40004";40004;2
"40005";40005;1
"40006";40006;1
"40007";40007;1
"40008";40008;1
"40009";40009;2
"40010";40010;1
"40011";40011;2
"40012";40012;1
"40013";40013;1
"40014";40014;1
"40015";40015;2
"40016";40016;2
"40017";40017;1
"40018";40018;1
"40019";40019;1
"40020";40020;1
"40021";40021;1
"40022";40022;1
"40023";40023;1
"40024";40024;0
"40025";40025;1
"40026";40026;1
"40027";40027;1
"40028";40028;2
"40029";40029;0
"40030";40030;1
"40031";40031;2
"40032";40032;1
"40033";40033;2
"40034";40034;1
"40035";40035;1
"40036";40036;1
"40037";40037;1
"40038";40038;1
"40039";40039;1
"40040";40040;1
"40041";40041;2
"40042";40042;2
"40043";40043;2
"40044";40044;1
"40045";40045;1
"40046";40046;2
"40047";40047;1
"40048";40048;1
"40049";40049;1
"40050";40050;1
"40051";40051;1
"40052";40052;1
"40053";40053;2
"40054";40054;1
"40055";40055;1
"40056";40056;2
"40057";40057;1
"40058";40058;1
"40059";40059;1
"40060";40060;2
"40061";40061;2
"40062";40062;1
"40063";40063;1
"40064";40064;1
"40065";40065;2
"40066";40066;2
"40067";40067;1
"40068";40068;2
"40069";40069;2
"40070";40070;1
"40071";40071;1
"40072";40072;2
"40073";40073;1
"40074";40074;1
"40075";40075;2
"40076";40076;1
"40077";40077;1
"40078";40078;1
"40079";40079;1
"40080";40080;1
"40081";40081;1
"40082";40082;1
"40083";40083;1
"40084";40084;1
"40085";40085;1
"40086";40086;1
"40087";40087;1
"40088";40088;2
"40089";40089;1
"40090";40090;1
"40091";40091;1
"40092";40092;1
"40093";40093;1
"40094";40094;1
"40095";40095;2
"40096";40096;1
"40097";40097;1
"40098";40098;1
"40099";40099;1
"40100";40100;1
"40101";40101;1
"40102";40102;2
"40103";40103;2
"40104";40104;2
"40105";40105;2
"40106";40106;1
"40107";40107;1
"40108";40108;2
"40109";40109;1
"40110";40110;1
"40111";40111;1
"40112";40112;2
"40113";40113;1
"40114";40114;1
"40115";40115;1
"40116";40116;1
"40117";40117;1
"40118";40118;1
"40119";40119;1
"40120";40120;2
"40121";40121;1
"40122";40122;1
"40123";40123;2
"40124";40124;0
"40125";40125;2
"40126";40126;1
"40127";40127;1
"40128";40128;2
"40129";40129;1
"40130";40130;2
"40131";40131;2
"40132";40132;2
"40133";40133;1
"40134";40134;1
"40135";40135;2
"40136";40136;2
"40137";40137;2
"40138";40138;1
"40139";40139;2
"40140";40140;2
"40141";40141;2
"40142";40142;1
"40143";40143;2
"40144";40144;2
"40145";40145;1
"40146";40146;1
"40147";40147;1
"40148";40148;1
"40149";40149;2
"40150";40150;1
"40151";40151;1
"40152";40152;2
"40153";40153;2
"40154";40154;2
"40155";40155;1
"40156";40156;1
"40157";40157;1
"40158";40158;1
"40159";40159;1
"40160";40160;2
"40161";40161;2
"40162";40162;0
"40163";40163;2
"40164";40164;1
"40165";40165;2
"40166";40166;1
"40167";40167;2
"40168";40168;1
"40169";40169;2
"40170";40170;2
"40171";40171;2
"40172";40172;1
"40173";40173;2
"40174";40174;1
"40175";40175;2
"40176";40176;2
"40177";40177;2
"40178";40178;2
"40179";40179;2
"40180";40180;2
"40181";40181;2
"40182";40182;1
"40183";40183;2
"40184";40184;2
"40185";40185;1
"40186";40186;1
"40187";40187;1
"40188";40188;1
"40189";40189;1
"40190";40190;1
"40191";40191;1
"40192";40192;1
"40193";40193;2
"40194";40194;1
"40195";40195;2
"40196";40196;2
"40197";40197;1
"40198";40198;2
"40199";40199;2
"40200";40200;2
"40201";40201;2
"40202";40202;1
"40203";40203;1
"40204";40204;1
"40205";40205;2
"40206";40206;1
"40207";40207;1
"40208";40208;1
"40209";40209;1
"40210";40210;1
"40211";40211;1
"40212";40212;1
"40213";40213;1
"40214";40214;1
"40215";40215;1
"40216";40216;2
"40217";40217;2
"40218";40218;1
"40219";40219;1
"40220";40220;1
"40221";40221;1
"40222";40222;1
"40223";40223;1
"40224";40224;1
"40225";40225;1
"40226";40226;1
"40227";40227;1
"40228";40228;1
"40229";40229;1
"40230";40230;1
"40231";40231;1
"40232";40232;1
"40233";40233;1
"40234";40234;1
"40235";40235;1
"40236";40236;2
"40237";40237;2
"40238";40238;2
"40239";40239;2
"40240";40240;2
"40241";40241;2
"40242";40242;0
"40243";40243;1
"40244";40244;1
"40245";40245;2
"40246";40246;0
"40247";40247;2
"40248";40248;2
"40249";40249;2
"40250";40250;2
"40251";40251;2
"40252";40252;2
"40253";40253;2
"40254";40254;1
"40255";40255;2
"40256";40256;2
"40257";40257;2
"40258";40258;1
"40259";40259;1
"40260";40260;2
"40261";40261;2
"40262";40262;2
"40263";40263;2
"40264";40264;1
"40265";40265;1
"40266";40266;2
"40267";40267;2
"40268";40268;2
"40269";40269;1
"40270";40270;2
"40271";40271;2
"40272";40272;2
"40273";40273;2
"40274";40274;2
"40275";40275;1
"40276";40276;1
"40277";40277;1
"40278";40278;1
"40279";40279;1
"40280";40280;2
"40281";40281;1
"40282";40282;2
"40283";40283;2
"40284";40284;1
"40285";40285;2
"40286";40286;1
"40287";40287;1
"40288";40288;2
"40289";40289;1
"40290";40290;2
"40291";40291;2
"40292";40292;2
"40293";40293;1
"40294";40294;1
"40295";40295;2
"40296";40296;2
"40297";40297;2
"40298";40298;2
"40299";40299;1
"40300";40300;1
"40301";40301;1
"40302";40302;2
"40303";40303;2
"40304";40304;1
"40305";40305;1
"40306";40306;2
"40307";40307;2
"40308";40308;2
"40309";40309;1
"40310";40310;2
"40311";40311;2
"40312";40312;2
"40313";40313;2
"40314";40314;1
"40315";40315;2
"40316";40316;1
"40317";40317;0
"40318";40318;1
"40319";40319;1
"40320";40320;1
"40321";40321;1
"40322";40322;1
"40323";40323;1
"40324";40324;1
"40325";40325;2
"40326";40326;1
"40327";40327;1
"40328";40328;2
"40329";40329;2
"40330";40330;1
"40331";40331;1
"40332";40332;1
"40333";40333;2
"40334";40334;1
"40335";40335;1
"40336";40336;1
"40337";40337;1
"40338";40338;1
"40339";40339;1
"40340";40340;1
"40341";40341;2
"40342";40342;1
"40343";40343;1
"40344";40344;1
"40345";40345;1
"40346";40346;1
"40347";40347;1
"40348";40348;1
"40349";40349;2
"40350";40350;1
"40351";40351;1
"40352";40352;1
"40353";40353;1
"40354";40354;1
"40355";40355;1
"40356";40356;1
"40357";40357;2
"40358";40358;1
"40359";40359;2
"40360";40360;1
"40361";40361;2
"40362";40362;1
"40363";40363;2
"40364";40364;1
"40365";40365;1
"40366";40366;1
"40367";40367;1
"40368";40368;1
"40369";40369;1
"40370";40370;1
"40371";40371;1
"40372";40372;1
"40373";40373;1
"40374";40374;2
"40375";40375;1
"40376";40376;1
"40377";40377;1
"40378";40378;1
"40379";40379;1
"40380";40380;2
"40381";40381;1
"40382";40382;1
"40383";40383;1
"40384";40384;1
"40385";40385;1
"40386";40386;1
"40387";40387;1
"40388";40388;2
"40389";40389;1
"40390";40390;1
"40391";40391;2
"40392";40392;1
"40393";40393;1
"40394";40394;1
"40395";40395;1
"40396";40396;1
"40397";40397;1
"40398";40398;1
"40399";40399;1
"40400";40400;1
"40401";40401;1
"40402";40402;1
"40403";40403;1
"40404";40404;1
"40405";40405;1
"40406";40406;1
"40407";40407;1
"40408";40408;1
"40409";40409;1
"40410";40410;1
"40411";40411;1
"40412";40412;1
"40413";40413;2
"40414";40414;1
"40415";40415;1
"40416";40416;1
"40417";40417;1
"40418";40418;1
"40419";40419;1
"40420";40420;1
"40421";40421;1
"40422";40422;1
"40423";40423;2
"40424";40424;1
"40425";40425;1
"40426";40426;1
"40427";40427;1
"40428";40428;1
"40429";40429;1
"40430";40430;1
"40431";40431;1
"40432";40432;1
"40433";40433;1
"40434";40434;1
"40435";40435;1
"40436";40436;1
"40437";40437;1
"40438";40438;1
"40439";40439;1
"40440";40440;1
"40441";40441;1
"40442";40442;1
"40443";40443;2
"40444";40444;1
"40445";40445;1
"40446";40446;1
"40447";40447;1
"40448";40448;1
"40449";40449;1
"40450";40450;1
"40451";40451;1
"40452";40452;1
"40453";40453;1
"40454";40454;1
"40455";40455;1
"40456";40456;1
"40457";40457;1
"40458";40458;1
"40459";40459;1
"40460";40460;1
"40461";40461;1
"40462";40462;1
"40463";40463;1
"40464";40464;1
"40465";40465;1
"40466";40466;2
"40467";40467;1
"40468";40468;1
"40469";40469;1
"40470";40470;1
"40471";40471;1
"40472";40472;1
"40473";40473;1
"40474";40474;1
"40475";40475;1
"40476";40476;1
"40477";40477;1
"40478";40478;0
"40479";40479;1
"40480";40480;1
"40481";40481;1
"40482";40482;2
"40483";40483;1
"40484";40484;1
"40485";40485;1
"40486";40486;1
"40487";40487;2
"40488";40488;1
"40489";40489;1
"40490";40490;1
"40491";40491;1
"40492";40492;1
"40493";40493;1
"40494";40494;1
"40495";40495;1
"40496";40496;1
"40497";40497;1
"40498";40498;1
"40499";40499;1
"40500";40500;2
"40501";40501;1
"40502";40502;1
"40503";40503;1
"40504";40504;1
"40505";40505;1
"40506";40506;1
"40507";40507;1
"40508";40508;1
"40509";40509;1
"40510";40510;1
"40511";40511;1
"40512";40512;1
"40513";40513;1
"40514";40514;1
"40515";40515;1
"40516";40516;1
"40517";40517;1
"40518";40518;2
"40519";40519;1
"40520";40520;1
"40521";40521;1
"40522";40522;1
"40523";40523;1
"40524";40524;1
"40525";40525;1
"40526";40526;1
"40527";40527;2
"40528";40528;1
"40529";40529;1
"40530";40530;1
"40531";40531;1
"40532";40532;1
"40533";40533;1
"40534";40534;1
"40535";40535;1
"40536";40536;2
"40537";40537;1
"40538";40538;1
"40539";40539;2
"40540";40540;1
"40541";40541;1
"40542";40542;1
"40543";40543;1
"40544";40544;1
"40545";40545;1
"40546";40546;1
"40547";40547;1
"40548";40548;1
"40549";40549;1
"40550";40550;1
"40551";40551;1
"40552";40552;1
"40553";40553;1
"40554";40554;1
"40555";40555;1
"40556";40556;1
"40557";40557;1
"40558";40558;2
"40559";40559;1
"40560";40560;1
"40561";40561;1
"40562";40562;1
"40563";40563;1
"40564";40564;1
"40565";40565;1
"40566";40566;1
"40567";40567;2
"40568";40568;1
"40569";40569;1
"40570";40570;1
"40571";40571;1
"40572";40572;1
"40573";40573;1
"40574";40574;1
"40575";40575;1
"40576";40576;1
"40577";40577;1
"40578";40578;1
"40579";40579;1
"40580";40580;1
"40581";40581;1
"40582";40582;1
"40583";40583;1
"40584";40584;1
"40585";40585;1
"40586";40586;1
"40587";40587;1
"40588";40588;1
"40589";40589;1
"40590";40590;1
"40591";40591;1
"40592";40592;1
"40593";40593;1
"40594";40594;1
"40595";40595;1
"40596";40596;1
"40597";40597;1
"40598";40598;1
"40599";40599;1
"40600";40600;2
"40601";40601;1
"40602";40602;2
"40603";40603;1
"40604";40604;1
"40605";40605;2
"40606";40606;2
"40607";40607;1
"40608";40608;1
"40609";40609;1
"40610";40610;2
"40611";40611;2
"40612";40612;1
"40613";40613;1
"40614";40614;1
"40615";40615;1
"40616";40616;1
"40617";40617;1
"40618";40618;1
"40619";40619;1
"40620";40620;1
"40621";40621;1
"40622";40622;1
"40623";40623;2
"40624";40624;1
"40625";40625;1
"40626";40626;1
"40627";40627;1
"40628";40628;1
"40629";40629;1
"40630";40630;1
"40631";40631;1
"40632";40632;1
"40633";40633;1
"40634";40634;1
"40635";40635;1
"40636";40636;1
"40637";40637;1
"40638";40638;1
"40639";40639;1
"40640";40640;1
"40641";40641;1
"40642";40642;1
"40643";40643;1
"40644";40644;1
"40645";40645;1
"40646";40646;1
"40647";40647;1
"40648";40648;1
"40649";40649;1
"40650";40650;1
"40651";40651;1
"40652";40652;1
"40653";40653;1
"40654";40654;1
"40655";40655;1
"40656";40656;1
"40657";40657;1
"40658";40658;1
"40659";40659;1
"40660";40660;1
"40661";40661;1
"40662";40662;1
"40663";40663;2
"40664";40664;2
"40665";40665;1
"40666";40666;2
"40667";40667;0
"40668";40668;1
"40669";40669;1
"40670";40670;1
"40671";40671;1
"40672";40672;1
"40673";40673;1
"40674";40674;1
"40675";40675;1
"40676";40676;2
"40677";40677;1
"40678";40678;1
"40679";40679;1
"40680";40680;1
"40681";40681;1
"40682";40682;1
"40683";40683;1
"40684";40684;2
"40685";40685;1
"40686";40686;1
"40687";40687;1
"40688";40688;1
"40689";40689;1
"40690";40690;1
"40691";40691;1
"40692";40692;1
"40693";40693;1
"40694";40694;1
"40695";40695;1
"40696";40696;2
"40697";40697;1
"40698";40698;1
"40699";40699;1
"40700";40700;1
"40701";40701;1
"40702";40702;1
"40703";40703;1
"40704";40704;1
"40705";40705;1
"40706";40706;1
"40707";40707;1
"40708";40708;1
"40709";40709;1
"40710";40710;1
"40711";40711;1
"40712";40712;1
"40713";40713;2
"40714";40714;1
"40715";40715;1
"40716";40716;1
"40717";40717;1
"40718";40718;1
"40719";40719;1
"40720";40720;2
"40721";40721;1
"40722";40722;2
"40723";40723;1
"40724";40724;1
"40725";40725;1
"40726";40726;2
"40727";40727;2
"40728";40728;1
"40729";40729;1
"40730";40730;1
"40731";40731;1
"40732";40732;1
"40733";40733;1
"40734";40734;1
"40735";40735;1
"40736";40736;2
"40737";40737;1
"40738";40738;1
"40739";40739;1
"40740";40740;1
"40741";40741;1
"40742";40742;1
"40743";40743;1
"40744";40744;1
"40745";40745;2
"40746";40746;2
"40747";40747;1
"40748";40748;1
"40749";40749;1
"40750";40750;2
"40751";40751;1
"40752";40752;1
"40753";40753;2
"40754";40754;2
"40755";40755;2
"40756";40756;1
"40757";40757;1
"40758";40758;2
"40759";40759;1
"40760";40760;2
"40761";40761;1
"40762";40762;2
"40763";40763;2
"40764";40764;2
"40765";40765;2
"40766";40766;1
"40767";40767;1
"40768";40768;1
"40769";40769;0
"40770";40770;2
"40771";40771;1
"40772";40772;1
"40773";40773;1
"40774";40774;2
"40775";40775;2
"40776";40776;1
"40777";40777;2
"40778";40778;2
"40779";40779;2
"40780";40780;1
"40781";40781;2
"40782";40782;2
"40783";40783;2
"40784";40784;2
"40785";40785;2
"40786";40786;2
"40787";40787;1
"40788";40788;2
"40789";40789;1
"40790";40790;2
"40791";40791;2
"40792";40792;2
"40793";40793;2
"40794";40794;2
"40795";40795;2
"40796";40796;2
"40797";40797;2
"40798";40798;1
"40799";40799;1
"40800";40800;1
"40801";40801;1
"40802";40802;2
"40803";40803;1
"40804";40804;2
"40805";40805;1
"40806";40806;1
"40807";40807;2
"40808";40808;2
"40809";40809;1
"40810";40810;1
"40811";40811;1
"40812";40812;0
"40813";40813;2
"40814";40814;1
"40815";40815;2
"40816";40816;2
"40817";40817;2
"40818";40818;2
"40819";40819;2
"40820";40820;2
"40821";40821;1
"40822";40822;1
"40823";40823;1
"40824";40824;1
"40825";40825;2
"40826";40826;2
"40827";40827;1
"40828";40828;1
"40829";40829;1
"40830";40830;1
"40831";40831;1
"40832";40832;2
"40833";40833;1
"40834";40834;1
"40835";40835;1
"40836";40836;2
"40837";40837;2
"40838";40838;2
"40839";40839;1
"40840";40840;2
"40841";40841;1
"40842";40842;2
"40843";40843;2
"40844";40844;2
"40845";40845;2
"40846";40846;2
"40847";40847;2
"40848";40848;2
"40849";40849;2
"40850";40850;2
"40851";40851;1
"40852";40852;1
"40853";40853;2
"40854";40854;1
"40855";40855;2
"40856";40856;1
"40857";40857;1
"40858";40858;2
"40859";40859;2
"40860";40860;1
"40861";40861;2
"40862";40862;1
"40863";40863;2
"40864";40864;1
"40865";40865;2
"40866";40866;1
"40867";40867;1
"40868";40868;1
"40869";40869;1
"40870";40870;2
"40871";40871;2
"40872";40872;2
"40873";40873;1
"40874";40874;1
"40875";40875;1
"40876";40876;1
"40877";40877;1
"40878";40878;2
"40879";40879;2
"40880";40880;0
"40881";40881;1
"40882";40882;2
"40883";40883;1
"40884";40884;1
"40885";40885;1
"40886";40886;2
"40887";40887;2
"40888";40888;1
"40889";40889;1
"40890";40890;1
"40891";40891;1
"40892";40892;1
"40893";40893;1
"40894";40894;1
"40895";40895;1
"40896";40896;1
"40897";40897;1
"40898";40898;1
"40899";40899;1
"40900";40900;1
"40901";40901;1
"40902";40902;1
"40903";40903;1
"40904";40904;1
"40905";40905;1
"40906";40906;1
"40907";40907;2
"40908";40908;2
"40909";40909;2
"40910";40910;1
"40911";40911;1
"40912";40912;1
"40913";40913;1
"40914";40914;2
"40915";40915;1
"40916";40916;2
"40917";40917;2
"40918";40918;1
"40919";40919;1
"40920";40920;1
"40921";40921;1
"40922";40922;1
"40923";40923;2
"40924";40924;1
"40925";40925;1
"40926";40926;2
"40927";40927;1
"40928";40928;1
"40929";40929;1
"40930";40930;1
"40931";40931;2
"40932";40932;1
"40933";40933;1
"40934";40934;1
"40935";40935;2
"40936";40936;1
"40937";40937;1
"40938";40938;1
"40939";40939;2
"40940";40940;1
"40941";40941;1
"40942";40942;1
"40943";40943;2
"40944";40944;2
"40945";40945;2
"40946";40946;2
"40947";40947;1
"40948";40948;1
"40949";40949;1
"40950";40950;1
"40951";40951;1
"40952";40952;1
"40953";40953;1
"40954";40954;1
"40955";40955;1
"40956";40956;1
"40957";40957;1
"40958";40958;1
"40959";40959;1
"40960";40960;1
"40961";40961;1
"40962";40962;1
"40963";40963;1
"40964";40964;1
"40965";40965;2
"40966";40966;1
"40967";40967;1
"40968";40968;2
"40969";40969;1
"40970";40970;2
"40971";40971;1
"40972";40972;1
"40973";40973;1
"40974";40974;2
"40975";40975;2
"40976";40976;2
"40977";40977;1
"40978";40978;1
"40979";40979;1
"40980";40980;1
"40981";40981;0
"40982";40982;2
"40983";40983;1
"40984";40984;1
"40985";40985;1
"40986";40986;2
"40987";40987;1
"40988";40988;1
"40989";40989;2
"40990";40990;1
"40991";40991;1
"40992";40992;1
"40993";40993;2
"40994";40994;1
"40995";40995;2
"40996";40996;2
"40997";40997;1
"40998";40998;1
"40999";40999;1
"41000";41000;1
"41001";41001;1
"41002";41002;1
"41003";41003;1
"41004";41004;2
"41005";41005;1
"41006";41006;1
"41007";41007;1
"41008";41008;2
"41009";41009;1
"41010";41010;1
"41011";41011;1
"41012";41012;1
"41013";41013;1
"41014";41014;1
"41015";41015;1
"41016";41016;1
"41017";41017;1
"41018";41018;1
"41019";41019;1
"41020";41020;1
"41021";41021;1
"41022";41022;1
"41023";41023;2
"41024";41024;1
"41025";41025;1
"41026";41026;1
"41027";41027;1
"41028";41028;1
"41029";41029;1
"41030";41030;1
"41031";41031;1
"41032";41032;1
"41033";41033;1
"41034";41034;1
"41035";41035;1
"41036";41036;1
"41037";41037;1
"41038";41038;1
"41039";41039;1
"41040";41040;1
"41041";41041;1
"41042";41042;1
"41043";41043;1
"41044";41044;1
"41045";41045;1
"41046";41046;1
"41047";41047;1
"41048";41048;1
"41049";41049;2
"41050";41050;1
"41051";41051;1
"41052";41052;1
"41053";41053;1
"41054";41054;1
"41055";41055;1
"41056";41056;1
"41057";41057;1
"41058";41058;2
"41059";41059;1
"41060";41060;1
"41061";41061;1
"41062";41062;2
"41063";41063;1
"41064";41064;1
"41065";41065;2
"41066";41066;1
"41067";41067;1
"41068";41068;1
"41069";41069;2
"41070";41070;1
"41071";41071;1
"41072";41072;1
"41073";41073;1
"41074";41074;1
"41075";41075;1
"41076";41076;1
"41077";41077;1
"41078";41078;2
"41079";41079;2
"41080";41080;1
"41081";41081;1
"41082";41082;2
"41083";41083;0
"41084";41084;2
"41085";41085;1
"41086";41086;1
"41087";41087;1
"41088";41088;1
"41089";41089;1
"41090";41090;2
"41091";41091;1
"41092";41092;1
"41093";41093;1
"41094";41094;2
"41095";41095;1
"41096";41096;2
"41097";41097;1
"41098";41098;1
"41099";41099;1
"41100";41100;1
"41101";41101;2
"41102";41102;1
"41103";41103;2
"41104";41104;1
"41105";41105;1
"41106";41106;1
"41107";41107;2
"41108";41108;2
"41109";41109;1
"41110";41110;2
"41111";41111;2
"41112";41112;2
"41113";41113;2
"41114";41114;2
"41115";41115;1
"41116";41116;1
"41117";41117;2
"41118";41118;2
"41119";41119;1
"41120";41120;2
"41121";41121;1
"41122";41122;2
"41123";41123;1
"41124";41124;2
"41125";41125;1
"41126";41126;0
"41127";41127;2
"41128";41128;2
"41129";41129;2
"41130";41130;1
"41131";41131;1
"41132";41132;1
"41133";41133;2
"41134";41134;1
"41135";41135;0
"41136";41136;2
"41137";41137;2
"41138";41138;1
"41139";41139;1
"41140";41140;1
"41141";41141;1
"41142";41142;1
"41143";41143;2
"41144";41144;0
"41145";41145;1
"41146";41146;0
"41147";41147;2
"41148";41148;2
"41149";41149;1
"41150";41150;2
"41151";41151;1
"41152";41152;1
"41153";41153;2
"41154";41154;0
"41155";41155;2
"41156";41156;2
"41157";41157;1
"41158";41158;2
"41159";41159;0
"41160";41160;2
"41161";41161;1
"41162";41162;0
"41163";41163;1
"41164";41164;0
"41165";41165;1
"41166";41166;1
"41167";41167;0
"41168";41168;0
"41169";41169;2
"41170";41170;2
"41171";41171;2
"41172";41172;1
"41173";41173;1
"41174";41174;2
"41175";41175;2
"41176";41176;2
"41177";41177;2
"41178";41178;2
"41179";41179;2
"41180";41180;1
"41181";41181;2
"41182";41182;1
"41183";41183;2
"41184";41184;1
"41185";41185;1
"41186";41186;1
"41187";41187;1
"41188";41188;2
"41189";41189;1
"41190";41190;2
"41191";41191;1
"41192";41192;1
"41193";41193;1
"41194";41194;1
"41195";41195;1
"41196";41196;1
"41197";41197;1
"41198";41198;2
"41199";41199;2
"41200";41200;1
"41201";41201;1
"41202";41202;1
"41203";41203;1
"41204";41204;1
"41205";41205;1
"41206";41206;2
"41207";41207;1
"41208";41208;1
"41209";41209;1
"41210";41210;1
"41211";41211;2
"41212";41212;1
"41213";41213;1
"41214";41214;1
"41215";41215;2
"41216";41216;1
"41217";41217;1
"41218";41218;2
"41219";41219;1
"41220";41220;1
"41221";41221;1
"41222";41222;1
"41223";41223;1
"41224";41224;1
"41225";41225;1
"41226";41226;2
"41227";41227;1
"41228";41228;1
"41229";41229;1
"41230";41230;2
"41231";41231;2
"41232";41232;2
"41233";41233;2
"41234";41234;2
"41235";41235;2
"41236";41236;1
"41237";41237;0
"41238";41238;2
"41239";41239;1
"41240";41240;2
"41241";41241;2
"41242";41242;1
"41243";41243;2
"41244";41244;2
"41245";41245;1
"41246";41246;2
"41247";41247;2
"41248";41248;2
"41249";41249;2
"41250";41250;1
"41251";41251;1
"41252";41252;2
"41253";41253;2
"41254";41254;1
"41255";41255;1
"41256";41256;1
"41257";41257;2
"41258";41258;2
"41259";41259;1
"41260";41260;2
"41261";41261;1
"41262";41262;1
"41263";41263;1
"41264";41264;1
"41265";41265;1
"41266";41266;1
"41267";41267;2
"41268";41268;2
"41269";41269;1
"41270";41270;2
"41271";41271;1
"41272";41272;2
"41273";41273;2
"41274";41274;2
"41275";41275;2
"41276";41276;2
"41277";41277;2
"41278";41278;1
"41279";41279;1
"41280";41280;2
"41281";41281;2
"41282";41282;1
"41283";41283;1
"41284";41284;2
"41285";41285;1
"41286";41286;1
"41287";41287;1
"41288";41288;1
"41289";41289;1
"41290";41290;1
"41291";41291;1
"41292";41292;2
"41293";41293;1
"41294";41294;1
"41295";41295;1
"41296";41296;2
"41297";41297;1
"41298";41298;2
"41299";41299;1
"41300";41300;1
"41301";41301;2
"41302";41302;2
"41303";41303;1
"41304";41304;1
"41305";41305;1
"41306";41306;1
"41307";41307;1
"41308";41308;1
"41309";41309;1
"41310";41310;2
"41311";41311;1
"41312";41312;1
"41313";41313;2
"41314";41314;1
"41315";41315;1
"41316";41316;1
"41317";41317;1
"41318";41318;2
"41319";41319;1
"41320";41320;1
"41321";41321;2
"41322";41322;2
"41323";41323;2
"41324";41324;1
"41325";41325;2
"41326";41326;1
"41327";41327;1
"41328";41328;1
"41329";41329;1
"41330";41330;1
"41331";41331;1
"41332";41332;1
"41333";41333;2
"41334";41334;1
"41335";41335;1
"41336";41336;1
"41337";41337;1
"41338";41338;1
"41339";41339;0
"41340";41340;1
"41341";41341;1
"41342";41342;2
"41343";41343;1
"41344";41344;1
"41345";41345;2
"41346";41346;1
"41347";41347;1
"41348";41348;1
"41349";41349;1
"41350";41350;2
"41351";41351;1
"41352";41352;2
"41353";41353;1
"41354";41354;1
"41355";41355;1
"41356";41356;2
"41357";41357;1
"41358";41358;2
"41359";41359;2
"41360";41360;2
"41361";41361;1
"41362";41362;2
"41363";41363;2
"41364";41364;2
"41365";41365;2
"41366";41366;1
"41367";41367;1
"41368";41368;2
"41369";41369;2
"41370";41370;2
"41371";41371;2
"41372";41372;2
"41373";41373;2
"41374";41374;1
"41375";41375;1
"41376";41376;2
"41377";41377;1
"41378";41378;2
"41379";41379;2
"41380";41380;2
"41381";41381;1
"41382";41382;1
"41383";41383;1
"41384";41384;1
"41385";41385;2
"41386";41386;2
"41387";41387;2
"41388";41388;2
"41389";41389;1
"41390";41390;1
"41391";41391;2
"41392";41392;2
"41393";41393;1
"41394";41394;1
"41395";41395;1
"41396";41396;2
"41397";41397;2
"41398";41398;1
"41399";41399;2
"41400";41400;2
"41401";41401;1
"41402";41402;1
"41403";41403;2
"41404";41404;1
"41405";41405;1
"41406";41406;1
"41407";41407;2
"41408";41408;2
"41409";41409;1
"41410";41410;2
"41411";41411;1
"41412";41412;1
"41413";41413;2
"41414";41414;1
"41415";41415;1
"41416";41416;2
"41417";41417;1
"41418";41418;2
"41419";41419;2
"41420";41420;2
"41421";41421;0
"41422";41422;2
"41423";41423;2
"41424";41424;1
"41425";41425;2
"41426";41426;2
"41427";41427;2
"41428";41428;2
"41429";41429;2
"41430";41430;2
"41431";41431;2
"41432";41432;1
"41433";41433;1
"41434";41434;1
"41435";41435;2
"41436";41436;2
"41437";41437;2
"41438";41438;2
"41439";41439;2
"41440";41440;1
"41441";41441;2
"41442";41442;2
"41443";41443;1
"41444";41444;2
"41445";41445;2
"41446";41446;2
"41447";41447;1
"41448";41448;2
"41449";41449;2
"41450";41450;1
"41451";41451;1
"41452";41452;2
"41453";41453;1
"41454";41454;2
"41455";41455;2
"41456";41456;2
"41457";41457;2
"41458";41458;2
"41459";41459;2
"41460";41460;2
"41461";41461;1
"41462";41462;1
"41463";41463;2
"41464";41464;1
"41465";41465;2
"41466";41466;2
"41467";41467;2
"41468";41468;1
"41469";41469;2
"41470";41470;1
"41471";41471;1
"41472";41472;1
"41473";41473;2
"41474";41474;2
"41475";41475;2
"41476";41476;2
"41477";41477;1
"41478";41478;1
"41479";41479;1
"41480";41480;1
"41481";41481;1
"41482";41482;2
"41483";41483;2
"41484";41484;2
"41485";41485;2
"41486";41486;1
"41487";41487;2
"41488";41488;1
"41489";41489;2
"41490";41490;2
"41491";41491;2
"41492";41492;2
"41493";41493;2
"41494";41494;2
"41495";41495;1
"41496";41496;1
"41497";41497;1
"41498";41498;1
"41499";41499;2
"41500";41500;1
"41501";41501;1
"41502";41502;1
"41503";41503;1
"41504";41504;1
"41505";41505;1
"41506";41506;2
"41507";41507;2
"41508";41508;1
"41509";41509;1
"41510";41510;1
"41511";41511;1
"41512";41512;2
"41513";41513;2
"41514";41514;2
"41515";41515;2
"41516";41516;2
"41517";41517;1
"41518";41518;1
"41519";41519;2
"41520";41520;1
"41521";41521;2
"41522";41522;2
"41523";41523;2
"41524";41524;2
"41525";41525;1
"41526";41526;2
"41527";41527;2
"41528";41528;2
"41529";41529;1
"41530";41530;2
"41531";41531;1
"41532";41532;2
"41533";41533;2
"41534";41534;2
"41535";41535;2
"41536";41536;1
"41537";41537;1
"41538";41538;1
"41539";41539;2
"41540";41540;2
"41541";41541;2
"41542";41542;2
"41543";41543;1
"41544";41544;1
"41545";41545;1
"41546";41546;2
"41547";41547;1
"41548";41548;1
"41549";41549;2
"41550";41550;1
"41551";41551;2
"41552";41552;2
"41553";41553;2
"41554";41554;2
"41555";41555;1
"41556";41556;2
"41557";41557;2
"41558";41558;2
"41559";41559;2
"41560";41560;2
"41561";41561;2
"41562";41562;2
"41563";41563;1
"41564";41564;2
"41565";41565;2
"41566";41566;2
"41567";41567;2
"41568";41568;1
"41569";41569;2
"41570";41570;2
"41571";41571;2
"41572";41572;1
"41573";41573;1
"41574";41574;2
"41575";41575;1
"41576";41576;2
"41577";41577;1
"41578";41578;1
"41579";41579;1
"41580";41580;1
"41581";41581;1
"41582";41582;1
"41583";41583;1
"41584";41584;1
"41585";41585;2
"41586";41586;2
"41587";41587;1
"41588";41588;2
"41589";41589;2
"41590";41590;2
"41591";41591;2
"41592";41592;2
"41593";41593;2
"41594";41594;1
"41595";41595;1
"41596";41596;1
"41597";41597;1
"41598";41598;1
"41599";41599;1
"41600";41600;1
"41601";41601;1
"41602";41602;1
"41603";41603;2
"41604";41604;1
"41605";41605;2
"41606";41606;1
"41607";41607;2
"41608";41608;2
"41609";41609;1
"41610";41610;1
"41611";41611;2
"41612";41612;1
"41613";41613;2
"41614";41614;2
"41615";41615;1
"41616";41616;1
"41617";41617;1
"41618";41618;1
"41619";41619;2
"41620";41620;1
"41621";41621;2
"41622";41622;2
"41623";41623;1
"41624";41624;2
"41625";41625;1
"41626";41626;1
"41627";41627;2
"41628";41628;1
"41629";41629;2
"41630";41630;2
"41631";41631;2
"41632";41632;1
"41633";41633;2
"41634";41634;2
"41635";41635;2
"41636";41636;1
"41637";41637;2
"41638";41638;1
"41639";41639;1
"41640";41640;2
"41641";41641;2
"41642";41642;1
"41643";41643;1
"41644";41644;1
"41645";41645;2
"41646";41646;2
"41647";41647;2
"41648";41648;1
"41649";41649;1
"41650";41650;2
"41651";41651;2
"41652";41652;2
"41653";41653;2
"41654";41654;2
"41655";41655;2
"41656";41656;2
"41657";41657;1
"41658";41658;2
"41659";41659;2
"41660";41660;2
"41661";41661;1
"41662";41662;2
"41663";41663;2
"41664";41664;2
"41665";41665;2
"41666";41666;2
"41667";41667;1
"41668";41668;2
"41669";41669;1
"41670";41670;1
"41671";41671;2
"41672";41672;1
"41673";41673;1
"41674";41674;1
"41675";41675;2
"41676";41676;2
"41677";41677;1
"41678";41678;2
"41679";41679;2
"41680";41680;1
"41681";41681;1
"41682";41682;2
"41683";41683;1
"41684";41684;2
"41685";41685;1
"41686";41686;1
"41687";41687;1
"41688";41688;1
"41689";41689;1
"41690";41690;1
"41691";41691;1
"41692";41692;1
"41693";41693;1
"41694";41694;1
"41695";41695;1
"41696";41696;1
"41697";41697;1
"41698";41698;1
"41699";41699;1
"41700";41700;1
"41701";41701;1
"41702";41702;1
"41703";41703;1
"41704";41704;1
"41705";41705;2
"41706";41706;1
"41707";41707;1
"41708";41708;1
"41709";41709;1
"41710";41710;1
"41711";41711;1
"41712";41712;1
"41713";41713;1
"41714";41714;1
"41715";41715;1
"41716";41716;1
"41717";41717;1
"41718";41718;1
"41719";41719;1
"41720";41720;1
"41721";41721;1
"41722";41722;1
"41723";41723;1
"41724";41724;1
"41725";41725;1
"41726";41726;1
"41727";41727;1
"41728";41728;2
"41729";41729;2
"41730";41730;2
"41731";41731;1
"41732";41732;1
"41733";41733;1
"41734";41734;2
"41735";41735;1
"41736";41736;1
"41737";41737;1
"41738";41738;2
"41739";41739;2
"41740";41740;2
"41741";41741;1
"41742";41742;1
"41743";41743;1
"41744";41744;2
"41745";41745;2
"41746";41746;1
"41747";41747;2
"41748";41748;1
"41749";41749;2
"41750";41750;2
"41751";41751;1
"41752";41752;1
"41753";41753;2
"41754";41754;2
"41755";41755;2
"41756";41756;2
"41757";41757;2
"41758";41758;2
"41759";41759;2
"41760";41760;1
"41761";41761;2
"41762";41762;1
"41763";41763;1
"41764";41764;2
"41765";41765;2
"41766";41766;1
"41767";41767;2
"41768";41768;2
"41769";41769;2
"41770";41770;2
"41771";41771;2
"41772";41772;1
"41773";41773;1
"41774";41774;2
"41775";41775;1
"41776";41776;1
"41777";41777;2
"41778";41778;1
"41779";41779;2
"41780";41780;2
"41781";41781;2
"41782";41782;0
"41783";41783;2
"41784";41784;1
"41785";41785;1
"41786";41786;1
"41787";41787;1
"41788";41788;1
"41789";41789;1
"41790";41790;1
"41791";41791;1
"41792";41792;1
"41793";41793;1
"41794";41794;1
"41795";41795;1
"41796";41796;1
"41797";41797;1
"41798";41798;1
"41799";41799;2
"41800";41800;2
"41801";41801;1
"41802";41802;2
"41803";41803;2
"41804";41804;1
"41805";41805;2
"41806";41806;1
"41807";41807;1
"41808";41808;1
"41809";41809;1
"41810";41810;1
"41811";41811;2
"41812";41812;1
"41813";41813;1
"41814";41814;1
"41815";41815;1
"41816";41816;2
"41817";41817;1
"41818";41818;2
"41819";41819;2
"41820";41820;1
"41821";41821;2
"41822";41822;1
"41823";41823;1
"41824";41824;1
"41825";41825;1
"41826";41826;2
"41827";41827;2
"41828";41828;1
"41829";41829;1
"41830";41830;2
"41831";41831;1
"41832";41832;1
"41833";41833;1
"41834";41834;1
"41835";41835;2
"41836";41836;1
"41837";41837;2
"41838";41838;1
"41839";41839;1
"41840";41840;1
"41841";41841;1
"41842";41842;1
"41843";41843;1
"41844";41844;1
"41845";41845;1
"41846";41846;1
"41847";41847;2
"41848";41848;1
"41849";41849;1
"41850";41850;1
"41851";41851;1
"41852";41852;1
"41853";41853;2
"41854";41854;1
"41855";41855;2
"41856";41856;1
"41857";41857;1
"41858";41858;1
"41859";41859;1
"41860";41860;1
"41861";41861;2
"41862";41862;2
"41863";41863;1
"41864";41864;2
"41865";41865;1
"41866";41866;2
"41867";41867;1
"41868";41868;1
"41869";41869;1
"41870";41870;1
"41871";41871;1
"41872";41872;1
"41873";41873;1
"41874";41874;1
"41875";41875;1
"41876";41876;1
"41877";41877;1
"41878";41878;1
"41879";41879;1
"41880";41880;1
"41881";41881;1
"41882";41882;1
"41883";41883;1
"41884";41884;1
"41885";41885;1
"41886";41886;1
"41887";41887;1
"41888";41888;1
"41889";41889;1
"41890";41890;1
"41891";41891;1
"41892";41892;1
"41893";41893;1
"41894";41894;1
"41895";41895;1
"41896";41896;1
"41897";41897;1
"41898";41898;1
"41899";41899;1
"41900";41900;1
"41901";41901;1
"41902";41902;1
"41903";41903;1
"41904";41904;1
"41905";41905;1
"41906";41906;1
"41907";41907;1
"41908";41908;1
"41909";41909;1
"41910";41910;1
"41911";41911;1
"41912";41912;1
"41913";41913;1
"41914";41914;1
"41915";41915;1
"41916";41916;1
"41917";41917;1
"41918";41918;2
"41919";41919;2
"41920";41920;1
"41921";41921;1
"41922";41922;1
"41923";41923;1
"41924";41924;1
"41925";41925;1
"41926";41926;1
"41927";41927;1
"41928";41928;1
"41929";41929;1
"41930";41930;1
"41931";41931;1
"41932";41932;1
"41933";41933;1
"41934";41934;2
"41935";41935;1
"41936";41936;1
"41937";41937;1
"41938";41938;1
"41939";41939;1
"41940";41940;2
"41941";41941;1
"41942";41942;1
"41943";41943;1
"41944";41944;1
"41945";41945;1
"41946";41946;1
"41947";41947;2
"41948";41948;1
"41949";41949;1
"41950";41950;1
"41951";41951;1
"41952";41952;1
"41953";41953;1
"41954";41954;1
"41955";41955;1
"41956";41956;1
"41957";41957;1
"41958";41958;1
"41959";41959;1
"41960";41960;2
"41961";41961;1
"41962";41962;1
"41963";41963;1
"41964";41964;1
"41965";41965;1
"41966";41966;1
"41967";41967;1
"41968";41968;1
"41969";41969;1
"41970";41970;1
"41971";41971;1
"41972";41972;1
"41973";41973;1
"41974";41974;1
"41975";41975;1
"41976";41976;1
"41977";41977;1
"41978";41978;1
"41979";41979;1
"41980";41980;1
"41981";41981;1
"41982";41982;1
"41983";41983;1
"41984";41984;2
"41985";41985;1
"41986";41986;2
"41987";41987;2
"41988";41988;2
"41989";41989;2
"41990";41990;2
"41991";41991;1
"41992";41992;1
"41993";41993;2
"41994";41994;1
"41995";41995;2
"41996";41996;2
"41997";41997;1
"41998";41998;1
"41999";41999;1
"42000";42000;2
"42001";42001;1
"42002";42002;2
"42003";42003;2
"42004";42004;1
"42005";42005;2
"42006";42006;2
"42007";42007;2
"42008";42008;2
"42009";42009;2
"42010";42010;1
"42011";42011;2
"42012";42012;1
"42013";42013;2
"42014";42014;1
"42015";42015;1
"42016";42016;2
"42017";42017;1
"42018";42018;1
"42019";42019;1
"42020";42020;1
"42021";42021;1
"42022";42022;1
"42023";42023;2
"42024";42024;2
"42025";42025;1
"42026";42026;2
"42027";42027;2
"42028";42028;2
"42029";42029;2
"42030";42030;2
"42031";42031;1
"42032";42032;2
"42033";42033;2
"42034";42034;1
"42035";42035;1
"42036";42036;1
"42037";42037;1
"42038";42038;1
"42039";42039;1
"42040";42040;2
"42041";42041;1
"42042";42042;1
"42043";42043;2
"42044";42044;2
"42045";42045;2
"42046";42046;2
"42047";42047;1
"42048";42048;2
"42049";42049;1
"42050";42050;1
"42051";42051;2
"42052";42052;1
"42053";42053;1
"42054";42054;1
"42055";42055;1
"42056";42056;1
"42057";42057;1
"42058";42058;1
"42059";42059;1
"42060";42060;1
"42061";42061;2
"42062";42062;1
"42063";42063;1
"42064";42064;2
"42065";42065;1
"42066";42066;1
"42067";42067;2
"42068";42068;1
"42069";42069;2
"42070";42070;1
"42071";42071;1
"42072";42072;1
"42073";42073;1
"42074";42074;1
"42075";42075;1
"42076";42076;1
"42077";42077;1
"42078";42078;1
"42079";42079;1
"42080";42080;1
"42081";42081;2
"42082";42082;1
"42083";42083;1
"42084";42084;1
"42085";42085;2
"42086";42086;1
"42087";42087;1
"42088";42088;1
"42089";42089;1
"42090";42090;1
"42091";42091;1
"42092";42092;1
"42093";42093;1
"42094";42094;1
"42095";42095;1
"42096";42096;1
"42097";42097;1
"42098";42098;1
"42099";42099;1
"42100";42100;1
"42101";42101;1
"42102";42102;1
"42103";42103;1
"42104";42104;1
"42105";42105;1
"42106";42106;1
"42107";42107;1
"42108";42108;1
"42109";42109;2
"42110";42110;1
"42111";42111;1
"42112";42112;1
"42113";42113;1
"42114";42114;1
"42115";42115;1
"42116";42116;1
"42117";42117;1
"42118";42118;1
"42119";42119;1
"42120";42120;1
"42121";42121;1
"42122";42122;1
"42123";42123;2
"42124";42124;1
"42125";42125;1
"42126";42126;2
"42127";42127;2
"42128";42128;2
"42129";42129;1
"42130";42130;1
"42131";42131;1
"42132";42132;1
"42133";42133;2
"42134";42134;1
"42135";42135;2
"42136";42136;1
"42137";42137;1
"42138";42138;1
"42139";42139;1
"42140";42140;1
"42141";42141;1
"42142";42142;1
"42143";42143;2
"42144";42144;1
"42145";42145;1
"42146";42146;2
"42147";42147;1
"42148";42148;1
"42149";42149;1
"42150";42150;1
"42151";42151;1
"42152";42152;1
"42153";42153;2
"42154";42154;1
"42155";42155;1
"42156";42156;0
"42157";42157;1
"42158";42158;1
"42159";42159;2
"42160";42160;1
"42161";42161;2
"42162";42162;2
"42163";42163;2
"42164";42164;2
"42165";42165;1
"42166";42166;1
"42167";42167;2
"42168";42168;2
"42169";42169;2
"42170";42170;2
"42171";42171;1
"42172";42172;1
"42173";42173;2
"42174";42174;2
"42175";42175;1
"42176";42176;1
"42177";42177;1
"42178";42178;2
"42179";42179;0
"42180";42180;1
"42181";42181;2
"42182";42182;2
"42183";42183;2
"42184";42184;2
"42185";42185;1
"42186";42186;2
"42187";42187;2
"42188";42188;2
"42189";42189;2
"42190";42190;2
"42191";42191;2
"42192";42192;2
"42193";42193;0
"42194";42194;2
"42195";42195;1
"42196";42196;2
"42197";42197;1
"42198";42198;2
"42199";42199;1
"42200";42200;1
"42201";42201;2
"42202";42202;2
"42203";42203;1
"42204";42204;2
"42205";42205;2
"42206";42206;1
"42207";42207;2
"42208";42208;2
"42209";42209;2
"42210";42210;1
"42211";42211;2
"42212";42212;1
"42213";42213;1
"42214";42214;1
"42215";42215;1
"42216";42216;2
"42217";42217;2
"42218";42218;1
"42219";42219;1
"42220";42220;1
"42221";42221;1
"42222";42222;1
"42223";42223;1
"42224";42224;1
"42225";42225;1
"42226";42226;1
"42227";42227;2
"42228";42228;1
"42229";42229;1
"42230";42230;1
"42231";42231;1
"42232";42232;1
"42233";42233;1
"42234";42234;1
"42235";42235;1
"42236";42236;1
"42237";42237;1
"42238";42238;2
"42239";42239;1
"42240";42240;1
"42241";42241;1
"42242";42242;1
"42243";42243;1
"42244";42244;1
"42245";42245;1
"42246";42246;1
"42247";42247;1
"42248";42248;1
"42249";42249;2
"42250";42250;1
"42251";42251;1
"42252";42252;1
"42253";42253;1
"42254";42254;1
"42255";42255;1
"42256";42256;1
"42257";42257;1
"42258";42258;1
"42259";42259;1
"42260";42260;1
"42261";42261;1
"42262";42262;1
"42263";42263;1
"42264";42264;1
"42265";42265;1
"42266";42266;1
"42267";42267;1
"42268";42268;1
"42269";42269;1
"42270";42270;2
"42271";42271;1
"42272";42272;1
"42273";42273;1
"42274";42274;2
"42275";42275;1
"42276";42276;1
"42277";42277;1
"42278";42278;2
"42279";42279;1
"42280";42280;1
"42281";42281;1
"42282";42282;1
"42283";42283;1
"42284";42284;1
"42285";42285;1
"42286";42286;1
"42287";42287;1
"42288";42288;1
"42289";42289;2
"42290";42290;1
"42291";42291;1
"42292";42292;1
"42293";42293;1
"42294";42294;1
"42295";42295;1
"42296";42296;1
"42297";42297;1
"42298";42298;1
"42299";42299;1
"42300";42300;1
"42301";42301;1
"42302";42302;2
"42303";42303;1
"42304";42304;2
"42305";42305;1
"42306";42306;2
"42307";42307;1
"42308";42308;1
"42309";42309;2
"42310";42310;1
"42311";42311;1
"42312";42312;1
"42313";42313;1
"42314";42314;1
"42315";42315;2
"42316";42316;1
"42317";42317;1
"42318";42318;1
"42319";42319;2
"42320";42320;2
"42321";42321;1
"42322";42322;1
"42323";42323;1
"42324";42324;1
"42325";42325;2
"42326";42326;1
"42327";42327;1
"42328";42328;1
"42329";42329;1
"42330";42330;1
"42331";42331;1
"42332";42332;2
"42333";42333;2
"42334";42334;1
"42335";42335;1
"42336";42336;2
"42337";42337;2
"42338";42338;0
"42339";42339;1
"42340";42340;1
"42341";42341;2
"42342";42342;1
"42343";42343;2
"42344";42344;1
"42345";42345;2
"42346";42346;2
"42347";42347;2
"42348";42348;2
"42349";42349;2
"42350";42350;1
"42351";42351;2
"42352";42352;2
"42353";42353;1
"42354";42354;1
"42355";42355;1
"42356";42356;1
"42357";42357;2
"42358";42358;1
"42359";42359;1
"42360";42360;2
"42361";42361;2
"42362";42362;1
"42363";42363;2
"42364";42364;2
"42365";42365;1
"42366";42366;2
"42367";42367;1
"42368";42368;2
"42369";42369;2
"42370";42370;2
"42371";42371;1
"42372";42372;2
"42373";42373;1
"42374";42374;2
"42375";42375;1
"42376";42376;1
"42377";42377;2
"42378";42378;2
"42379";42379;2
"42380";42380;1
"42381";42381;2
"42382";42382;2
"42383";42383;2
"42384";42384;1
"42385";42385;1
"42386";42386;1
"42387";42387;1
"42388";42388;1
"42389";42389;1
"42390";42390;1
"42391";42391;1
"42392";42392;1
"42393";42393;1
"42394";42394;1
"42395";42395;1
"42396";42396;1
"42397";42397;1
"42398";42398;1
"42399";42399;1
"42400";42400;1
"42401";42401;1
"42402";42402;1
"42403";42403;1
"42404";42404;2
"42405";42405;1
"42406";42406;1
"42407";42407;2
"42408";42408;2
"42409";42409;1
"42410";42410;2
"42411";42411;1
"42412";42412;1
"42413";42413;1
"42414";42414;1
"42415";42415;2
"42416";42416;1
"42417";42417;1
"42418";42418;1
"42419";42419;1
"42420";42420;1
"42421";42421;1
"42422";42422;1
"42423";42423;1
"42424";42424;0
"42425";42425;2
"42426";42426;1
"42427";42427;2
"42428";42428;1
"42429";42429;2
"42430";42430;1
"42431";42431;1
"42432";42432;1
"42433";42433;1
"42434";42434;1
"42435";42435;1
"42436";42436;1
"42437";42437;1
"42438";42438;1
"42439";42439;1
"42440";42440;1
"42441";42441;1
"42442";42442;2
"42443";42443;1
"42444";42444;1
"42445";42445;1
"42446";42446;1
"42447";42447;1
"42448";42448;2
"42449";42449;1
"42450";42450;2
"42451";42451;2
"42452";42452;2
"42453";42453;2
"42454";42454;2
"42455";42455;2
"42456";42456;2
"42457";42457;1
"42458";42458;2
"42459";42459;1
"42460";42460;2
"42461";42461;2
"42462";42462;1
"42463";42463;2
"42464";42464;2
"42465";42465;2
"42466";42466;2
"42467";42467;2
"42468";42468;2
"42469";42469;2
"42470";42470;2
"42471";42471;2
"42472";42472;2
"42473";42473;2
"42474";42474;2
"42475";42475;2
"42476";42476;1
"42477";42477;2
"42478";42478;2
"42479";42479;2
"42480";42480;2
"42481";42481;1
"42482";42482;1
"42483";42483;1
"42484";42484;2
"42485";42485;2
"42486";42486;2
"42487";42487;2
"42488";42488;1
"42489";42489;2
"42490";42490;2
"42491";42491;2
"42492";42492;1
"42493";42493;0
"42494";42494;1
"42495";42495;1
"42496";42496;2
"42497";42497;2
"42498";42498;2
"42499";42499;1
"42500";42500;2
"42501";42501;2
"42502";42502;2
"42503";42503;1
"42504";42504;1
"42505";42505;2
"42506";42506;2
"42507";42507;2
"42508";42508;1
"42509";42509;2
"42510";42510;2
"42511";42511;1
"42512";42512;2
"42513";42513;2
"42514";42514;2
"42515";42515;1
"42516";42516;2
"42517";42517;2
"42518";42518;2
"42519";42519;2
"42520";42520;1
"42521";42521;1
"42522";42522;2
"42523";42523;2
"42524";42524;1
"42525";42525;2
"42526";42526;1
"42527";42527;1
"42528";42528;1
"42529";42529;1
"42530";42530;1
"42531";42531;1
"42532";42532;1
"42533";42533;1
"42534";42534;1
"42535";42535;1
"42536";42536;1
"42537";42537;1
"42538";42538;1
"42539";42539;1
"42540";42540;1
"42541";42541;1
"42542";42542;1
"42543";42543;1
"42544";42544;2
"42545";42545;2
"42546";42546;1
"42547";42547;2
"42548";42548;1
"42549";42549;1
"42550";42550;1
"42551";42551;1
"42552";42552;1
"42553";42553;1
"42554";42554;1
"42555";42555;1
"42556";42556;2
"42557";42557;1
"42558";42558;1
"42559";42559;1
"42560";42560;1
"42561";42561;1
"42562";42562;1
"42563";42563;2
"42564";42564;1
"42565";42565;2
"42566";42566;2
"42567";42567;2
"42568";42568;2
"42569";42569;1
"42570";42570;1
"42571";42571;1
"42572";42572;1
"42573";42573;1
"42574";42574;1
"42575";42575;1
"42576";42576;2
"42577";42577;1
"42578";42578;2
"42579";42579;1
"42580";42580;1
"42581";42581;1
"42582";42582;1
"42583";42583;1
"42584";42584;1
"42585";42585;1
"42586";42586;1
"42587";42587;2
"42588";42588;2
"42589";42589;1
"42590";42590;1
"42591";42591;1
"42592";42592;1
"42593";42593;1
"42594";42594;2
"42595";42595;2
"42596";42596;2
"42597";42597;2
"42598";42598;2
"42599";42599;2
"42600";42600;1
"42601";42601;2
"42602";42602;1
"42603";42603;1
"42604";42604;1
"42605";42605;1
"42606";42606;1
"42607";42607;2
"42608";42608;2
"42609";42609;2
"42610";42610;2
"42611";42611;1
"42612";42612;1
"42613";42613;1
"42614";42614;1
"42615";42615;1
"42616";42616;1
"42617";42617;2
"42618";42618;2
"42619";42619;1
"42620";42620;1
"42621";42621;1
"42622";42622;2
"42623";42623;1
"42624";42624;1
"42625";42625;1
"42626";42626;2
"42627";42627;1
"42628";42628;2
"42629";42629;2
"42630";42630;1
"42631";42631;1
"42632";42632;2
"42633";42633;2
"42634";42634;2
"42635";42635;1
"42636";42636;2
"42637";42637;2
"42638";42638;2
"42639";42639;2
"42640";42640;1
"42641";42641;2
"42642";42642;2
"42643";42643;1
"42644";42644;2
"42645";42645;2
"42646";42646;0
"42647";42647;2
"42648";42648;2
"42649";42649;2
"42650";42650;2
"42651";42651;2
"42652";42652;2
"42653";42653;2
"42654";42654;1
"42655";42655;2
"42656";42656;1
"42657";42657;1
"42658";42658;1
"42659";42659;1
"42660";42660;1
"42661";42661;1
"42662";42662;2
"42663";42663;2
"42664";42664;2
"42665";42665;2
"42666";42666;1
"42667";42667;2
"42668";42668;1
"42669";42669;2
"42670";42670;2
"42671";42671;1
"42672";42672;2
"42673";42673;2
"42674";42674;1
"42675";42675;2
"42676";42676;2
"42677";42677;2
"42678";42678;1
"42679";42679;2
"42680";42680;2
"42681";42681;2
"42682";42682;2
"42683";42683;2
"42684";42684;1
"42685";42685;1
"42686";42686;1
"42687";42687;2
"42688";42688;2
"42689";42689;2
"42690";42690;2
"42691";42691;1
"42692";42692;2
"42693";42693;1
"42694";42694;2
"42695";42695;2
"42696";42696;1
"42697";42697;2
"42698";42698;2
"42699";42699;2
"42700";42700;1
"42701";42701;2
"42702";42702;2
"42703";42703;1
"42704";42704;2
"42705";42705;2
"42706";42706;2
"42707";42707;2
"42708";42708;2
"42709";42709;2
"42710";42710;2
"42711";42711;2
"42712";42712;2
"42713";42713;2
"42714";42714;1
"42715";42715;1
"42716";42716;1
"42717";42717;1
"42718";42718;1
"42719";42719;1
"42720";42720;1
"42721";42721;1
"42722";42722;1
"42723";42723;1
"42724";42724;1
"42725";42725;1
"42726";42726;1
"42727";42727;1
"42728";42728;1
"42729";42729;1
"42730";42730;1
"42731";42731;2
"42732";42732;2
"42733";42733;1
"42734";42734;2
"42735";42735;0
"42736";42736;2
"42737";42737;2
"42738";42738;2
"42739";42739;1
"42740";42740;1
"42741";42741;2
"42742";42742;1
"42743";42743;2
"42744";42744;2
"42745";42745;2
"42746";42746;1
"42747";42747;1
"42748";42748;1
"42749";42749;2
"42750";42750;2
"42751";42751;2
"42752";42752;2
"42753";42753;1
"42754";42754;1
"42755";42755;1
"42756";42756;2
"42757";42757;2
"42758";42758;1
"42759";42759;1
"42760";42760;1
"42761";42761;1
"42762";42762;1
"42763";42763;1
"42764";42764;1
"42765";42765;1
"42766";42766;2
"42767";42767;1
"42768";42768;1
"42769";42769;1
"42770";42770;1
"42771";42771;1
"42772";42772;1
"42773";42773;1
"42774";42774;1
"42775";42775;1
"42776";42776;1
"42777";42777;2
"42778";42778;1
"42779";42779;1
"42780";42780;1
"42781";42781;1
"42782";42782;1
"42783";42783;1
"42784";42784;1
"42785";42785;1
"42786";42786;1
"42787";42787;1
"42788";42788;1
"42789";42789;2
"42790";42790;1
"42791";42791;1
"42792";42792;1
"42793";42793;1
"42794";42794;1
"42795";42795;2
"42796";42796;2
"42797";42797;1
"42798";42798;1
"42799";42799;2
"42800";42800;1
"42801";42801;1
"42802";42802;1
"42803";42803;2
"42804";42804;2
"42805";42805;2
"42806";42806;1
"42807";42807;1
"42808";42808;2
"42809";42809;2
"42810";42810;2
"42811";42811;1
"42812";42812;1
"42813";42813;2
"42814";42814;2
"42815";42815;2
"42816";42816;1
"42817";42817;2
"42818";42818;1
"42819";42819;2
"42820";42820;1
"42821";42821;1
"42822";42822;1
"42823";42823;1
"42824";42824;1
"42825";42825;1
"42826";42826;1
"42827";42827;1
"42828";42828;1
"42829";42829;2
"42830";42830;2
"42831";42831;1
"42832";42832;1
"42833";42833;1
"42834";42834;1
"42835";42835;2
"42836";42836;1
"42837";42837;1
"42838";42838;1
"42839";42839;1
"42840";42840;1
"42841";42841;1
"42842";42842;2
"42843";42843;2
"42844";42844;1
"42845";42845;1
"42846";42846;1
"42847";42847;1
"42848";42848;1
"42849";42849;1
"42850";42850;1
"42851";42851;2
"42852";42852;1
"42853";42853;1
"42854";42854;1
"42855";42855;2
"42856";42856;1
"42857";42857;1
"42858";42858;1
"42859";42859;2
"42860";42860;2
"42861";42861;1
"42862";42862;1
"42863";42863;1
"42864";42864;1
"42865";42865;1
"42866";42866;1
"42867";42867;2
"42868";42868;2
"42869";42869;1
"42870";42870;1
"42871";42871;2
"42872";42872;1
"42873";42873;1
"42874";42874;1
"42875";42875;1
"42876";42876;1
"42877";42877;1
"42878";42878;1
"42879";42879;1
"42880";42880;1
"42881";42881;1
"42882";42882;1
"42883";42883;2
"42884";42884;1
"42885";42885;2
"42886";42886;1
"42887";42887;1
"42888";42888;1
"42889";42889;1
"42890";42890;1
"42891";42891;1
"42892";42892;2
"42893";42893;1
"42894";42894;2
"42895";42895;1
"42896";42896;1
"42897";42897;1
"42898";42898;1
"42899";42899;1
"42900";42900;1
"42901";42901;1
"42902";42902;1
"42903";42903;1
"42904";42904;1
"42905";42905;1
"42906";42906;1
"42907";42907;1
"42908";42908;1
"42909";42909;1
"42910";42910;1
"42911";42911;2
"42912";42912;1
"42913";42913;1
"42914";42914;1
"42915";42915;1
"42916";42916;1
"42917";42917;1
"42918";42918;2
"42919";42919;1
"42920";42920;1
"42921";42921;1
"42922";42922;0
"42923";42923;1
"42924";42924;2
"42925";42925;2
"42926";42926;1
"42927";42927;1
"42928";42928;2
"42929";42929;2
"42930";42930;1
"42931";42931;1
"42932";42932;1
"42933";42933;1
"42934";42934;1
"42935";42935;2
"42936";42936;2
"42937";42937;2
"42938";42938;1
"42939";42939;1
"42940";42940;2
"42941";42941;2
"42942";42942;2
"42943";42943;1
"42944";42944;2
"42945";42945;1
"42946";42946;1
"42947";42947;1
"42948";42948;1
"42949";42949;1
"42950";42950;1
"42951";42951;1
"42952";42952;1
"42953";42953;1
"42954";42954;1
"42955";42955;2
"42956";42956;1
"42957";42957;1
"42958";42958;1
"42959";42959;1
"42960";42960;1
"42961";42961;1
"42962";42962;1
"42963";42963;2
"42964";42964;1
"42965";42965;1
"42966";42966;1
"42967";42967;1
"42968";42968;1
"42969";42969;1
"42970";42970;1
"42971";42971;1
"42972";42972;2
"42973";42973;2
"42974";42974;1
"42975";42975;1
"42976";42976;1
"42977";42977;1
"42978";42978;2
"42979";42979;2
"42980";42980;1
"42981";42981;1
"42982";42982;1
"42983";42983;1
"42984";42984;1
"42985";42985;2
"42986";42986;1
"42987";42987;1
"42988";42988;1
"42989";42989;1
"42990";42990;1
"42991";42991;1
"42992";42992;1
"42993";42993;1
"42994";42994;2
"42995";42995;1
"42996";42996;2
"42997";42997;1
"42998";42998;1
"42999";42999;1
"43000";43000;1
"43001";43001;2
"43002";43002;2
"43003";43003;2
"43004";43004;1
"43005";43005;1
"43006";43006;1
"43007";43007;2
"43008";43008;2
"43009";43009;1
"43010";43010;2
"43011";43011;1
"43012";43012;2
"43013";43013;2
"43014";43014;2
"43015";43015;1
"43016";43016;1
"43017";43017;2
"43018";43018;2
"43019";43019;2
"43020";43020;2
"43021";43021;1
"43022";43022;2
"43023";43023;2
"43024";43024;2
"43025";43025;1
"43026";43026;2
"43027";43027;1
"43028";43028;1
"43029";43029;2
"43030";43030;2
"43031";43031;2
"43032";43032;2
"43033";43033;2
"43034";43034;1
"43035";43035;1
"43036";43036;1
"43037";43037;2
"43038";43038;2
"43039";43039;1
"43040";43040;2
"43041";43041;1
"43042";43042;1
"43043";43043;2
"43044";43044;1
"43045";43045;1
"43046";43046;2
"43047";43047;2
"43048";43048;2
"43049";43049;2
"43050";43050;2
"43051";43051;1
"43052";43052;2
"43053";43053;2
"43054";43054;2
"43055";43055;1
"43056";43056;1
"43057";43057;2
"43058";43058;1
"43059";43059;2
"43060";43060;2
"43061";43061;0
"43062";43062;2
"43063";43063;1
"43064";43064;1
"43065";43065;2
"43066";43066;1
"43067";43067;2
"43068";43068;2
"43069";43069;2
"43070";43070;0
"43071";43071;2
"43072";43072;1
"43073";43073;2
"43074";43074;1
"43075";43075;2
"43076";43076;2
"43077";43077;2
"43078";43078;2
"43079";43079;2
"43080";43080;2
"43081";43081;2
"43082";43082;1
"43083";43083;2
"43084";43084;2
"43085";43085;2
"43086";43086;2
"43087";43087;2
"43088";43088;2
"43089";43089;1
"43090";43090;2
"43091";43091;2
"43092";43092;2
"43093";43093;2
"43094";43094;2
"43095";43095;2
"43096";43096;2
"43097";43097;2
"43098";43098;1
"43099";43099;2
"43100";43100;1
"43101";43101;1
"43102";43102;2
"43103";43103;2
"43104";43104;1
"43105";43105;1
"43106";43106;1
"43107";43107;2
"43108";43108;2
"43109";43109;2
"43110";43110;2
"43111";43111;2
"43112";43112;2
"43113";43113;2
"43114";43114;2
"43115";43115;2
"43116";43116;1
"43117";43117;1
"43118";43118;1
"43119";43119;1
"43120";43120;2
"43121";43121;2
"43122";43122;1
"43123";43123;1
"43124";43124;1
"43125";43125;1
"43126";43126;1
"43127";43127;1
"43128";43128;1
"43129";43129;1
"43130";43130;1
"43131";43131;1
"43132";43132;1
"43133";43133;1
"43134";43134;2
"43135";43135;1
"43136";43136;1
"43137";43137;2
"43138";43138;2
"43139";43139;1
"43140";43140;1
"43141";43141;1
"43142";43142;1
"43143";43143;1
"43144";43144;1
"43145";43145;1
"43146";43146;1
"43147";43147;1
"43148";43148;1
"43149";43149;1
"43150";43150;1
"43151";43151;1
"43152";43152;1
"43153";43153;1
"43154";43154;1
"43155";43155;1
"43156";43156;1
"43157";43157;1
"43158";43158;1
"43159";43159;1
"43160";43160;1
"43161";43161;1
"43162";43162;1
"43163";43163;1
"43164";43164;1
"43165";43165;1
"43166";43166;1
"43167";43167;1
"43168";43168;1
"43169";43169;1
"43170";43170;1
"43171";43171;1
"43172";43172;1
"43173";43173;1
"43174";43174;1
"43175";43175;1
"43176";43176;1
"43177";43177;1
"43178";43178;1
"43179";43179;1
"43180";43180;1
"43181";43181;1
"43182";43182;1
"43183";43183;1
"43184";43184;1
"43185";43185;1
"43186";43186;1
"43187";43187;1
"43188";43188;1
"43189";43189;1
"43190";43190;1
"43191";43191;1
"43192";43192;1
"43193";43193;1
"43194";43194;1
"43195";43195;1
"43196";43196;1
"43197";43197;2
"43198";43198;1
"43199";43199;1
"43200";43200;1
"43201";43201;1
"43202";43202;1
"43203";43203;2
"43204";43204;1
"43205";43205;1
"43206";43206;1
"43207";43207;1
"43208";43208;1
"43209";43209;1
"43210";43210;1
"43211";43211;1
"43212";43212;1
"43213";43213;1
"43214";43214;1
"43215";43215;1
"43216";43216;1
"43217";43217;1
"43218";43218;1
"43219";43219;1
"43220";43220;1
"43221";43221;1
"43222";43222;1
"43223";43223;1
"43224";43224;1
"43225";43225;1
"43226";43226;1
"43227";43227;2
"43228";43228;1
"43229";43229;2
"43230";43230;1
"43231";43231;1
"43232";43232;1
"43233";43233;2
"43234";43234;1
"43235";43235;1
"43236";43236;1
"43237";43237;1
"43238";43238;1
"43239";43239;2
"43240";43240;1
"43241";43241;1
"43242";43242;1
"43243";43243;1
"43244";43244;2
"43245";43245;1
"43246";43246;1
"43247";43247;1
"43248";43248;1
"43249";43249;1
"43250";43250;2
"43251";43251;1
"43252";43252;1
"43253";43253;2
"43254";43254;2
"43255";43255;1
"43256";43256;1
"43257";43257;1
"43258";43258;1
"43259";43259;1
"43260";43260;1
"43261";43261;1
"43262";43262;1
"43263";43263;2
"43264";43264;1
"43265";43265;1
"43266";43266;1
"43267";43267;1
"43268";43268;1
"43269";43269;1
"43270";43270;1
"43271";43271;1
"43272";43272;1
"43273";43273;1
"43274";43274;1
"43275";43275;1
"43276";43276;1
"43277";43277;1
"43278";43278;1
"43279";43279;1
"43280";43280;1
"43281";43281;2
"43282";43282;2
"43283";43283;1
"43284";43284;2
"43285";43285;1
"43286";43286;1
"43287";43287;1
"43288";43288;1
"43289";43289;2
"43290";43290;1
"43291";43291;1
"43292";43292;1
"43293";43293;1
"43294";43294;2
"43295";43295;1
"43296";43296;1
"43297";43297;1
"43298";43298;1
"43299";43299;1
"43300";43300;2
"43301";43301;1
"43302";43302;1
"43303";43303;1
"43304";43304;1
"43305";43305;1
"43306";43306;2
"43307";43307;1
"43308";43308;1
"43309";43309;1
"43310";43310;2
"43311";43311;2
"43312";43312;1
"43313";43313;2
"43314";43314;2
"43315";43315;2
"43316";43316;1
"43317";43317;1
"43318";43318;1
"43319";43319;1
"43320";43320;1
"43321";43321;1
"43322";43322;2
"43323";43323;1
"43324";43324;1
"43325";43325;1
"43326";43326;2
"43327";43327;1
"43328";43328;1
"43329";43329;1
"43330";43330;2
"43331";43331;1
"43332";43332;0
"43333";43333;2
"43334";43334;1
"43335";43335;2
"43336";43336;2
"43337";43337;2
"43338";43338;2
"43339";43339;1
"43340";43340;2
"43341";43341;2
"43342";43342;2
"43343";43343;2
"43344";43344;2
"43345";43345;2
"43346";43346;1
"43347";43347;1
"43348";43348;1
"43349";43349;2
"43350";43350;1
"43351";43351;2
"43352";43352;1
"43353";43353;2
"43354";43354;1
"43355";43355;2
"43356";43356;1
"43357";43357;1
"43358";43358;1
"43359";43359;1
"43360";43360;1
"43361";43361;2
"43362";43362;1
"43363";43363;1
"43364";43364;1
"43365";43365;1
"43366";43366;1
"43367";43367;1
"43368";43368;2
"43369";43369;1
"43370";43370;1
"43371";43371;1
"43372";43372;1
"43373";43373;2
"43374";43374;2
"43375";43375;1
"43376";43376;1
"43377";43377;1
"43378";43378;2
"43379";43379;2
"43380";43380;1
"43381";43381;2
"43382";43382;1
"43383";43383;1
"43384";43384;2
"43385";43385;1
"43386";43386;1
"43387";43387;1
"43388";43388;1
"43389";43389;1
"43390";43390;2
"43391";43391;1
"43392";43392;1
"43393";43393;2
"43394";43394;2
"43395";43395;1
"43396";43396;2
"43397";43397;1
"43398";43398;2
"43399";43399;2
"43400";43400;2
"43401";43401;2
"43402";43402;1
"43403";43403;1
"43404";43404;1
"43405";43405;1
"43406";43406;1
"43407";43407;1
"43408";43408;2
"43409";43409;2
"43410";43410;1
"43411";43411;2
"43412";43412;1
"43413";43413;2
"43414";43414;1
"43415";43415;1
"43416";43416;1
"43417";43417;1
"43418";43418;1
"43419";43419;1
"43420";43420;1
"43421";43421;1
"43422";43422;1
"43423";43423;1
"43424";43424;1
"43425";43425;1
"43426";43426;1
"43427";43427;1
"43428";43428;1
"43429";43429;1
"43430";43430;1
"43431";43431;1
"43432";43432;2
"43433";43433;2
"43434";43434;1
"43435";43435;1
"43436";43436;1
"43437";43437;1
"43438";43438;1
"43439";43439;1
"43440";43440;2
"43441";43441;1
"43442";43442;2
"43443";43443;1
"43444";43444;1
"43445";43445;1
"43446";43446;2
"43447";43447;1
"43448";43448;1
"43449";43449;2
"43450";43450;2
"43451";43451;2
"43452";43452;1
"43453";43453;1
"43454";43454;1
"43455";43455;1
"43456";43456;1
"43457";43457;1
"43458";43458;1
"43459";43459;1
"43460";43460;1
"43461";43461;1
"43462";43462;1
"43463";43463;1
"43464";43464;1
"43465";43465;2
"43466";43466;2
"43467";43467;2
"43468";43468;2
"43469";43469;1
"43470";43470;2
"43471";43471;2
"43472";43472;2
"43473";43473;2
"43474";43474;1
"43475";43475;2
"43476";43476;2
"43477";43477;1
"43478";43478;2
"43479";43479;1
"43480";43480;1
"43481";43481;1
"43482";43482;2
"43483";43483;1
"43484";43484;2
"43485";43485;2
"43486";43486;1
"43487";43487;1
"43488";43488;2
"43489";43489;1
"43490";43490;1
"43491";43491;1
"43492";43492;1
"43493";43493;1
"43494";43494;1
"43495";43495;1
"43496";43496;2
"43497";43497;1
"43498";43498;2
"43499";43499;2
"43500";43500;2
"43501";43501;1
"43502";43502;1
"43503";43503;1
"43504";43504;2
"43505";43505;1
"43506";43506;1
"43507";43507;1
"43508";43508;1
"43509";43509;1
"43510";43510;2
"43511";43511;2
"43512";43512;2
"43513";43513;1
"43514";43514;1
"43515";43515;1
"43516";43516;2
"43517";43517;1
"43518";43518;2
"43519";43519;1
"43520";43520;2
"43521";43521;2
"43522";43522;2
"43523";43523;1
"43524";43524;1
"43525";43525;1
"43526";43526;1
"43527";43527;1
"43528";43528;1
"43529";43529;1
"43530";43530;1
"43531";43531;1
"43532";43532;1
"43533";43533;1
"43534";43534;1
"43535";43535;1
"43536";43536;1
"43537";43537;1
"43538";43538;1
"43539";43539;1
"43540";43540;1
"43541";43541;1
"43542";43542;1
"43543";43543;1
"43544";43544;1
"43545";43545;1
"43546";43546;2
"43547";43547;1
"43548";43548;1
"43549";43549;2
"43550";43550;2
"43551";43551;1
"43552";43552;1
"43553";43553;1
"43554";43554;1
"43555";43555;1
"43556";43556;2
"43557";43557;1
"43558";43558;2
"43559";43559;1
"43560";43560;1
"43561";43561;1
"43562";43562;1
"43563";43563;1
"43564";43564;1
"43565";43565;1
"43566";43566;1
"43567";43567;1
"43568";43568;1
"43569";43569;1
"43570";43570;1
"43571";43571;1
"43572";43572;1
"43573";43573;1
"43574";43574;0
"43575";43575;1
"43576";43576;1
"43577";43577;2
"43578";43578;1
"43579";43579;1
"43580";43580;1
"43581";43581;1
"43582";43582;2
"43583";43583;1
"43584";43584;1
"43585";43585;1
"43586";43586;1
"43587";43587;1
"43588";43588;1
"43589";43589;1
"43590";43590;1
"43591";43591;2
"43592";43592;1
"43593";43593;1
"43594";43594;1
"43595";43595;1
"43596";43596;1
"43597";43597;2
"43598";43598;1
"43599";43599;1
"43600";43600;1
"43601";43601;1
"43602";43602;1
"43603";43603;1
"43604";43604;1
"43605";43605;1
"43606";43606;1
"43607";43607;1
"43608";43608;1
"43609";43609;1
"43610";43610;1
"43611";43611;1
"43612";43612;1
"43613";43613;1
"43614";43614;1
"43615";43615;1
"43616";43616;2
"43617";43617;2
"43618";43618;1
"43619";43619;2
"43620";43620;1
"43621";43621;1
"43622";43622;1
"43623";43623;1
"43624";43624;1
"43625";43625;1
"43626";43626;2
"43627";43627;1
"43628";43628;1
"43629";43629;1
"43630";43630;1
"43631";43631;1
"43632";43632;1
"43633";43633;1
"43634";43634;1
"43635";43635;1
"43636";43636;2
"43637";43637;1
"43638";43638;1
"43639";43639;1
"43640";43640;1
"43641";43641;1
"43642";43642;1
"43643";43643;1
"43644";43644;1
"43645";43645;1
"43646";43646;2
"43647";43647;1
"43648";43648;1
"43649";43649;1
"43650";43650;2
"43651";43651;2
"43652";43652;1
"43653";43653;1
"43654";43654;1
"43655";43655;1
"43656";43656;1
"43657";43657;2
"43658";43658;2
"43659";43659;2
"43660";43660;2
"43661";43661;1
"43662";43662;1
"43663";43663;1
"43664";43664;1
"43665";43665;1
"43666";43666;0
"43667";43667;1
"43668";43668;1
"43669";43669;1
"43670";43670;1
"43671";43671;1
"43672";43672;1
"43673";43673;1
"43674";43674;1
"43675";43675;1
"43676";43676;1
"43677";43677;1
"43678";43678;1
"43679";43679;2
"43680";43680;2
"43681";43681;1
"43682";43682;1
"43683";43683;1
"43684";43684;1
"43685";43685;2
"43686";43686;2
"43687";43687;2
"43688";43688;1
"43689";43689;1
"43690";43690;1
"43691";43691;1
"43692";43692;1
"43693";43693;0
"43694";43694;1
"43695";43695;2
"43696";43696;1
"43697";43697;1
"43698";43698;2
"43699";43699;2
"43700";43700;1
"43701";43701;1
"43702";43702;1
"43703";43703;1
"43704";43704;1
"43705";43705;1
"43706";43706;1
"43707";43707;1
"43708";43708;1
"43709";43709;2
"43710";43710;1
"43711";43711;1
"43712";43712;1
"43713";43713;2
"43714";43714;1
"43715";43715;1
"43716";43716;1
"43717";43717;1
"43718";43718;1
"43719";43719;1
"43720";43720;1
"43721";43721;1
"43722";43722;1
"43723";43723;1
"43724";43724;2
"43725";43725;1
"43726";43726;1
"43727";43727;1
"43728";43728;1
"43729";43729;1
"43730";43730;1
"43731";43731;1
"43732";43732;2
"43733";43733;1
"43734";43734;1
"43735";43735;1
"43736";43736;1
"43737";43737;1
"43738";43738;2
"43739";43739;1
"43740";43740;1
"43741";43741;1
"43742";43742;1
"43743";43743;1
"43744";43744;1
"43745";43745;2
"43746";43746;1
"43747";43747;1
"43748";43748;2
"43749";43749;2
"43750";43750;2
"43751";43751;2
"43752";43752;2
"43753";43753;2
"43754";43754;1
"43755";43755;1
"43756";43756;1
"43757";43757;1
"43758";43758;1
"43759";43759;1
"43760";43760;2
"43761";43761;1
"43762";43762;1
"43763";43763;1
"43764";43764;2
"43765";43765;1
"43766";43766;2
"43767";43767;1
"43768";43768;1
"43769";43769;1
"43770";43770;2
"43771";43771;1
"43772";43772;2
"43773";43773;1
"43774";43774;2
"43775";43775;1
"43776";43776;1
"43777";43777;1
"43778";43778;1
"43779";43779;1
"43780";43780;1
"43781";43781;1
"43782";43782;1
"43783";43783;2
"43784";43784;2
"43785";43785;1
"43786";43786;2
"43787";43787;2
"43788";43788;2
"43789";43789;1
"43790";43790;2
"43791";43791;2
"43792";43792;1
"43793";43793;2
"43794";43794;2
"43795";43795;1
"43796";43796;1
"43797";43797;1
"43798";43798;2
"43799";43799;1
"43800";43800;2
"43801";43801;1
"43802";43802;1
"43803";43803;2
"43804";43804;1
"43805";43805;1
"43806";43806;2
"43807";43807;1
"43808";43808;1
"43809";43809;1
"43810";43810;2
"43811";43811;1
"43812";43812;1
"43813";43813;1
"43814";43814;1
"43815";43815;1
"43816";43816;2
"43817";43817;2
"43818";43818;1
"43819";43819;1
"43820";43820;1
"43821";43821;1
"43822";43822;1
"43823";43823;1
"43824";43824;1
"43825";43825;1
"43826";43826;1
"43827";43827;1
"43828";43828;1
"43829";43829;1
"43830";43830;1
"43831";43831;1
"43832";43832;1
"43833";43833;1
"43834";43834;1
"43835";43835;1
"43836";43836;1
"43837";43837;1
"43838";43838;1
"43839";43839;1
"43840";43840;1
"43841";43841;1
"43842";43842;1
"43843";43843;1
"43844";43844;1
"43845";43845;1
"43846";43846;1
"43847";43847;2
"43848";43848;1
"43849";43849;1
"43850";43850;1
"43851";43851;1
"43852";43852;1
"43853";43853;1
"43854";43854;1
"43855";43855;1
"43856";43856;1
"43857";43857;1
"43858";43858;2
"43859";43859;1
"43860";43860;1
"43861";43861;1
"43862";43862;1
"43863";43863;2
"43864";43864;1
"43865";43865;1
"43866";43866;2
"43867";43867;2
"43868";43868;2
"43869";43869;2
"43870";43870;2
"43871";43871;0
"43872";43872;2
"43873";43873;2
"43874";43874;1
"43875";43875;2
"43876";43876;2
"43877";43877;1
"43878";43878;1
"43879";43879;2
"43880";43880;2
"43881";43881;2
"43882";43882;2
"43883";43883;2
"43884";43884;1
"43885";43885;1
"43886";43886;1
"43887";43887;1
"43888";43888;1
"43889";43889;1
"43890";43890;1
"43891";43891;1
"43892";43892;1
"43893";43893;1
"43894";43894;1
"43895";43895;1
"43896";43896;2
"43897";43897;1
"43898";43898;1
"43899";43899;2
"43900";43900;2
"43901";43901;2
"43902";43902;1
"43903";43903;2
"43904";43904;1
"43905";43905;1
"43906";43906;1
"43907";43907;1
"43908";43908;1
"43909";43909;1
"43910";43910;1
"43911";43911;1
"43912";43912;1
"43913";43913;1
"43914";43914;1
"43915";43915;1
"43916";43916;2
"43917";43917;1
"43918";43918;2
"43919";43919;2
"43920";43920;2
"43921";43921;2
"43922";43922;2
"43923";43923;2
"43924";43924;2
"43925";43925;2
"43926";43926;1
"43927";43927;1
"43928";43928;2
"43929";43929;1
"43930";43930;1
"43931";43931;1
"43932";43932;1
"43933";43933;2
"43934";43934;0
"43935";43935;2
"43936";43936;1
"43937";43937;2
"43938";43938;2
"43939";43939;2
"43940";43940;1
"43941";43941;1
"43942";43942;2
"43943";43943;1
"43944";43944;2
"43945";43945;1
"43946";43946;1
"43947";43947;1
"43948";43948;2
"43949";43949;1
"43950";43950;2
"43951";43951;2
"43952";43952;2
"43953";43953;2
"43954";43954;2
"43955";43955;2
"43956";43956;2
"43957";43957;2
"43958";43958;2
"43959";43959;2
"43960";43960;1
"43961";43961;2
"43962";43962;1
"43963";43963;1
"43964";43964;1
"43965";43965;1
"43966";43966;1
"43967";43967;1
"43968";43968;1
"43969";43969;2
"43970";43970;1
"43971";43971;1
"43972";43972;1
"43973";43973;1
"43974";43974;1
"43975";43975;1
"43976";43976;1
"43977";43977;1
"43978";43978;1
"43979";43979;1
"43980";43980;1
"43981";43981;1
"43982";43982;1
"43983";43983;1
"43984";43984;2
"43985";43985;1
"43986";43986;1
"43987";43987;1
"43988";43988;1
"43989";43989;1
"43990";43990;1
"43991";43991;2
"43992";43992;1
"43993";43993;1
"43994";43994;1
"43995";43995;1
"43996";43996;1
"43997";43997;1
"43998";43998;1
"43999";43999;1
"44000";44000;1
"44001";44001;1
"44002";44002;2
"44003";44003;1
"44004";44004;2
"44005";44005;1
"44006";44006;2
"44007";44007;1
"44008";44008;1
"44009";44009;1
"44010";44010;1
"44011";44011;2
"44012";44012;1
"44013";44013;1
"44014";44014;1
"44015";44015;1
"44016";44016;1
"44017";44017;2
"44018";44018;1
"44019";44019;1
"44020";44020;1
"44021";44021;1
"44022";44022;2
"44023";44023;2
"44024";44024;1
"44025";44025;2
"44026";44026;1
"44027";44027;1
"44028";44028;1
"44029";44029;1
"44030";44030;1
"44031";44031;1
"44032";44032;1
"44033";44033;1
"44034";44034;1
"44035";44035;1
"44036";44036;1
"44037";44037;1
"44038";44038;1
"44039";44039;1
"44040";44040;1
"44041";44041;1
"44042";44042;1
"44043";44043;1
"44044";44044;2
"44045";44045;1
"44046";44046;1
"44047";44047;2
"44048";44048;1
"44049";44049;1
"44050";44050;1
"44051";44051;1
"44052";44052;1
"44053";44053;1
"44054";44054;2
"44055";44055;1
"44056";44056;1
"44057";44057;1
"44058";44058;1
"44059";44059;1
"44060";44060;1
"44061";44061;1
"44062";44062;1
"44063";44063;1
"44064";44064;1
"44065";44065;1
"44066";44066;1
"44067";44067;1
"44068";44068;1
"44069";44069;1
"44070";44070;1
"44071";44071;1
"44072";44072;1
"44073";44073;1
"44074";44074;1
"44075";44075;1
"44076";44076;1
"44077";44077;1
"44078";44078;1
"44079";44079;2
"44080";44080;2
"44081";44081;1
"44082";44082;1
"44083";44083;1
"44084";44084;1
"44085";44085;1
"44086";44086;1
"44087";44087;1
"44088";44088;2
"44089";44089;1
"44090";44090;1
"44091";44091;2
"44092";44092;1
"44093";44093;1
"44094";44094;1
"44095";44095;1
"44096";44096;1
"44097";44097;1
"44098";44098;1
"44099";44099;1
"44100";44100;1
"44101";44101;1
"44102";44102;1
"44103";44103;1
"44104";44104;2
"44105";44105;2
"44106";44106;1
"44107";44107;0
"44108";44108;1
"44109";44109;2
"44110";44110;1
"44111";44111;1
"44112";44112;1
"44113";44113;1
"44114";44114;1
"44115";44115;1
"44116";44116;1
"44117";44117;1
"44118";44118;1
"44119";44119;1
"44120";44120;1
"44121";44121;1
"44122";44122;1
"44123";44123;1
"44124";44124;1
"44125";44125;1
"44126";44126;1
"44127";44127;1
"44128";44128;1
"44129";44129;2
"44130";44130;1
"44131";44131;1
"44132";44132;1
"44133";44133;1
"44134";44134;1
"44135";44135;2
"44136";44136;1
"44137";44137;1
"44138";44138;1
"44139";44139;1
"44140";44140;1
"44141";44141;1
"44142";44142;1
"44143";44143;2
"44144";44144;1
"44145";44145;1
"44146";44146;1
"44147";44147;2
"44148";44148;1
"44149";44149;1
"44150";44150;1
"44151";44151;2
"44152";44152;2
"44153";44153;1
"44154";44154;1
"44155";44155;1
"44156";44156;1
"44157";44157;1
"44158";44158;2
"44159";44159;1
"44160";44160;1
"44161";44161;1
"44162";44162;2
"44163";44163;1
"44164";44164;1
"44165";44165;1
"44166";44166;1
"44167";44167;1
"44168";44168;2
"44169";44169;1
"44170";44170;1
"44171";44171;1
"44172";44172;1
"44173";44173;2
"44174";44174;1
"44175";44175;1
"44176";44176;1
"44177";44177;1
"44178";44178;2
"44179";44179;1
"44180";44180;1
"44181";44181;2
"44182";44182;1
"44183";44183;2
"44184";44184;1
"44185";44185;2
"44186";44186;2
"44187";44187;1
"44188";44188;2
"44189";44189;2
"44190";44190;1
"44191";44191;2
"44192";44192;2
"44193";44193;1
"44194";44194;2
"44195";44195;2
"44196";44196;2
"44197";44197;2
"44198";44198;2
"44199";44199;2
"44200";44200;2
"44201";44201;1
"44202";44202;1
"44203";44203;1
"44204";44204;1
"44205";44205;1
"44206";44206;1
"44207";44207;1
"44208";44208;1
"44209";44209;1
"44210";44210;1
"44211";44211;1
"44212";44212;1
"44213";44213;2
"44214";44214;1
"44215";44215;1
"44216";44216;1
"44217";44217;1
"44218";44218;1
"44219";44219;1
"44220";44220;1
"44221";44221;1
"44222";44222;2
"44223";44223;1
"44224";44224;2
"44225";44225;1
"44226";44226;1
"44227";44227;1
"44228";44228;2
"44229";44229;1
"44230";44230;2
"44231";44231;2
"44232";44232;1
"44233";44233;1
"44234";44234;2
"44235";44235;1
"44236";44236;1
"44237";44237;1
"44238";44238;2
"44239";44239;2
"44240";44240;1
"44241";44241;2
"44242";44242;1
"44243";44243;1
"44244";44244;1
"44245";44245;1
"44246";44246;1
"44247";44247;1
"44248";44248;1
"44249";44249;1
"44250";44250;1
"44251";44251;1
"44252";44252;1
"44253";44253;2
"44254";44254;1
"44255";44255;1
"44256";44256;1
"44257";44257;1
"44258";44258;2
"44259";44259;2
"44260";44260;2
"44261";44261;2
"44262";44262;2
"44263";44263;2
"44264";44264;1
"44265";44265;1
"44266";44266;1
"44267";44267;2
"44268";44268;1
"44269";44269;2
"44270";44270;0
"44271";44271;2
"44272";44272;2
"44273";44273;0
"44274";44274;2
"44275";44275;2
"44276";44276;2
"44277";44277;1
"44278";44278;2
"44279";44279;1
"44280";44280;1
"44281";44281;1
"44282";44282;2
"44283";44283;1
"44284";44284;2
"44285";44285;1
"44286";44286;1
"44287";44287;1
"44288";44288;1
"44289";44289;2
"44290";44290;2
"44291";44291;1
"44292";44292;1
"44293";44293;2
"44294";44294;1
"44295";44295;2
"44296";44296;2
"44297";44297;2
"44298";44298;1
"44299";44299;1
"44300";44300;1
"44301";44301;2
"44302";44302;1
"44303";44303;1
"44304";44304;2
"44305";44305;1
"44306";44306;2
"44307";44307;2
"44308";44308;2
"44309";44309;2
"44310";44310;2
"44311";44311;1
"44312";44312;2
"44313";44313;1
"44314";44314;1
"44315";44315;1
"44316";44316;1
"44317";44317;1
"44318";44318;2
"44319";44319;1
"44320";44320;2
"44321";44321;2
"44322";44322;2
"44323";44323;2
"44324";44324;2
"44325";44325;2
"44326";44326;2
"44327";44327;1
"44328";44328;1
"44329";44329;0
"44330";44330;1
"44331";44331;2
"44332";44332;2
"44333";44333;1
"44334";44334;1
"44335";44335;2
"44336";44336;2
"44337";44337;1
"44338";44338;1
"44339";44339;1
"44340";44340;1
"44341";44341;1
"44342";44342;1
"44343";44343;2
"44344";44344;2
"44345";44345;2
"44346";44346;1
"44347";44347;2
"44348";44348;2
"44349";44349;2
"44350";44350;1
"44351";44351;1
"44352";44352;1
"44353";44353;1
"44354";44354;2
"44355";44355;2
"44356";44356;2
"44357";44357;1
"44358";44358;2
"44359";44359;1
"44360";44360;1
"44361";44361;1
"44362";44362;1
"44363";44363;1
"44364";44364;1
"44365";44365;2
"44366";44366;1
"44367";44367;2
"44368";44368;2
"44369";44369;1
"44370";44370;1
"44371";44371;1
"44372";44372;1
"44373";44373;1
"44374";44374;1
"44375";44375;1
"44376";44376;1
"44377";44377;1
"44378";44378;2
"44379";44379;2
"44380";44380;1
"44381";44381;1
"44382";44382;1
"44383";44383;1
"44384";44384;2
"44385";44385;2
"44386";44386;1
"44387";44387;1
"44388";44388;1
"44389";44389;1
"44390";44390;1
"44391";44391;1
"44392";44392;1
"44393";44393;1
"44394";44394;1
"44395";44395;2
"44396";44396;2
"44397";44397;2
"44398";44398;1
"44399";44399;1
"44400";44400;1
"44401";44401;1
"44402";44402;1
"44403";44403;1
"44404";44404;1
"44405";44405;1
"44406";44406;1
"44407";44407;2
"44408";44408;1
"44409";44409;2
"44410";44410;1
"44411";44411;2
"44412";44412;2
"44413";44413;1
"44414";44414;2
"44415";44415;1
"44416";44416;2
"44417";44417;1
"44418";44418;1
"44419";44419;1
"44420";44420;2
"44421";44421;1
"44422";44422;1
"44423";44423;1
"44424";44424;2
"44425";44425;1
"44426";44426;1
"44427";44427;1
"44428";44428;1
"44429";44429;2
"44430";44430;1
"44431";44431;1
"44432";44432;1
"44433";44433;1
"44434";44434;1
"44435";44435;1
"44436";44436;2
"44437";44437;1
"44438";44438;1
"44439";44439;2
"44440";44440;1
"44441";44441;2
"44442";44442;1
"44443";44443;1
"44444";44444;2
"44445";44445;1
"44446";44446;1
"44447";44447;1
"44448";44448;2
"44449";44449;1
"44450";44450;1
"44451";44451;1
"44452";44452;2
"44453";44453;1
"44454";44454;1
"44455";44455;2
"44456";44456;1
"44457";44457;1
"44458";44458;1
"44459";44459;1
"44460";44460;1
"44461";44461;1
"44462";44462;2
"44463";44463;2
"44464";44464;2
"44465";44465;1
"44466";44466;2
"44467";44467;2
"44468";44468;2
"44469";44469;1
"44470";44470;1
"44471";44471;2
"44472";44472;1
"44473";44473;1
"44474";44474;1
"44475";44475;1
"44476";44476;1
"44477";44477;1
"44478";44478;1
"44479";44479;1
"44480";44480;2
"44481";44481;1
"44482";44482;1
"44483";44483;2
"44484";44484;2
"44485";44485;2
"44486";44486;1
"44487";44487;1
"44488";44488;1
"44489";44489;1
"44490";44490;2
"44491";44491;2
"44492";44492;1
"44493";44493;1
"44494";44494;2
"44495";44495;1
"44496";44496;1
"44497";44497;2
"44498";44498;2
"44499";44499;2
"44500";44500;2
"44501";44501;1
"44502";44502;2
"44503";44503;2
"44504";44504;2
"44505";44505;2
"44506";44506;1
"44507";44507;0
"44508";44508;2
"44509";44509;1
"44510";44510;1
"44511";44511;2
"44512";44512;1
"44513";44513;1
"44514";44514;1
"44515";44515;1
"44516";44516;1
"44517";44517;1
"44518";44518;1
"44519";44519;1
"44520";44520;1
"44521";44521;1
"44522";44522;1
"44523";44523;1
"44524";44524;1
"44525";44525;1
"44526";44526;1
"44527";44527;1
"44528";44528;1
"44529";44529;1
"44530";44530;1
"44531";44531;1
"44532";44532;2
"44533";44533;1
"44534";44534;1
"44535";44535;1
"44536";44536;1
"44537";44537;1
"44538";44538;1
"44539";44539;1
"44540";44540;1
"44541";44541;2
"44542";44542;1
"44543";44543;1
"44544";44544;1
"44545";44545;2
"44546";44546;2
"44547";44547;2
"44548";44548;1
"44549";44549;1
"44550";44550;1
"44551";44551;1
"44552";44552;1
"44553";44553;1
"44554";44554;1
"44555";44555;1
"44556";44556;1
"44557";44557;2
"44558";44558;1
"44559";44559;2
"44560";44560;2
"44561";44561;2
"44562";44562;2
"44563";44563;2
"44564";44564;2
"44565";44565;2
"44566";44566;2
"44567";44567;1
"44568";44568;1
"44569";44569;1
"44570";44570;1
"44571";44571;1
"44572";44572;2
"44573";44573;1
"44574";44574;2
"44575";44575;2
"44576";44576;2
"44577";44577;2
"44578";44578;2
"44579";44579;1
"44580";44580;1
"44581";44581;2
"44582";44582;2
"44583";44583;2
"44584";44584;1
"44585";44585;1
"44586";44586;2
"44587";44587;1
"44588";44588;1
"44589";44589;1
"44590";44590;1
"44591";44591;1
"44592";44592;1
"44593";44593;1
"44594";44594;1
"44595";44595;1
"44596";44596;2
"44597";44597;2
"44598";44598;1
"44599";44599;1
"44600";44600;2
"44601";44601;1
"44602";44602;1
"44603";44603;1
"44604";44604;1
"44605";44605;1
"44606";44606;2
"44607";44607;1
"44608";44608;2
"44609";44609;1
"44610";44610;2
"44611";44611;1
"44612";44612;1
"44613";44613;1
"44614";44614;1
"44615";44615;1
"44616";44616;2
"44617";44617;1
"44618";44618;1
"44619";44619;2
"44620";44620;1
"44621";44621;1
"44622";44622;1
"44623";44623;0
"44624";44624;2
"44625";44625;2
"44626";44626;0
"44627";44627;2
"44628";44628;2
"44629";44629;0
"44630";44630;1
"44631";44631;1
"44632";44632;1
"44633";44633;1
"44634";44634;1
"44635";44635;1
"44636";44636;2
"44637";44637;2
"44638";44638;2
"44639";44639;2
"44640";44640;1
"44641";44641;2
"44642";44642;1
"44643";44643;1
"44644";44644;1
"44645";44645;1
"44646";44646;1
"44647";44647;1
"44648";44648;1
"44649";44649;1
"44650";44650;1
"44651";44651;1
"44652";44652;1
"44653";44653;1
"44654";44654;1
"44655";44655;1
"44656";44656;1
"44657";44657;2
"44658";44658;1
"44659";44659;2
"44660";44660;1
"44661";44661;1
"44662";44662;2
"44663";44663;1
"44664";44664;1
"44665";44665;1
"44666";44666;1
"44667";44667;1
"44668";44668;1
"44669";44669;2
"44670";44670;1
"44671";44671;1
"44672";44672;1
"44673";44673;2
"44674";44674;2
"44675";44675;1
"44676";44676;2
"44677";44677;1
"44678";44678;1
"44679";44679;1
"44680";44680;1
"44681";44681;1
"44682";44682;1
"44683";44683;1
"44684";44684;2
"44685";44685;1
"44686";44686;1
"44687";44687;2
"44688";44688;1
"44689";44689;1
"44690";44690;1
"44691";44691;1
"44692";44692;2
"44693";44693;1
"44694";44694;2
"44695";44695;1
"44696";44696;1
"44697";44697;2
"44698";44698;2
"44699";44699;1
"44700";44700;1
"44701";44701;1
"44702";44702;1
"44703";44703;1
"44704";44704;1
"44705";44705;2
"44706";44706;2
"44707";44707;2
"44708";44708;2
"44709";44709;1
"44710";44710;1
"44711";44711;2
"44712";44712;2
"44713";44713;2
"44714";44714;0
"44715";44715;1
"44716";44716;1
"44717";44717;1
"44718";44718;1
"44719";44719;2
"44720";44720;1
"44721";44721;1
"44722";44722;2
"44723";44723;1
"44724";44724;1
"44725";44725;1
"44726";44726;1
"44727";44727;1
"44728";44728;1
"44729";44729;1
"44730";44730;1
"44731";44731;1
"44732";44732;2
"44733";44733;1
"44734";44734;1
"44735";44735;1
"44736";44736;1
"44737";44737;1
"44738";44738;1
"44739";44739;1
"44740";44740;1
"44741";44741;1
"44742";44742;1
"44743";44743;1
"44744";44744;1
"44745";44745;2
"44746";44746;2
"44747";44747;1
"44748";44748;2
"44749";44749;1
"44750";44750;1
"44751";44751;1
"44752";44752;2
"44753";44753;2
"44754";44754;1
"44755";44755;1
"44756";44756;2
"44757";44757;1
"44758";44758;2
"44759";44759;1
"44760";44760;2
"44761";44761;1
"44762";44762;2
"44763";44763;2
"44764";44764;1
"44765";44765;1
"44766";44766;1
"44767";44767;2
"44768";44768;1
"44769";44769;1
"44770";44770;1
"44771";44771;1
"44772";44772;2
"44773";44773;2
"44774";44774;1
"44775";44775;1
"44776";44776;1
"44777";44777;1
"44778";44778;1
"44779";44779;1
"44780";44780;1
"44781";44781;1
"44782";44782;1
"44783";44783;1
"44784";44784;1
"44785";44785;1
"44786";44786;2
"44787";44787;2
"44788";44788;1
"44789";44789;1
"44790";44790;1
"44791";44791;1
"44792";44792;1
"44793";44793;2
"44794";44794;1
"44795";44795;1
"44796";44796;1
"44797";44797;1
"44798";44798;1
"44799";44799;1
"44800";44800;1
"44801";44801;1
"44802";44802;1
"44803";44803;1
"44804";44804;1
"44805";44805;2
"44806";44806;1
"44807";44807;1
"44808";44808;1
"44809";44809;2
"44810";44810;1
"44811";44811;2
"44812";44812;2
"44813";44813;1
"44814";44814;2
"44815";44815;1
"44816";44816;1
"44817";44817;2
"44818";44818;1
"44819";44819;1
"44820";44820;1
"44821";44821;1
"44822";44822;1
"44823";44823;1
"44824";44824;1
"44825";44825;2
"44826";44826;2
"44827";44827;2
"44828";44828;2
"44829";44829;2
"44830";44830;1
"44831";44831;1
"44832";44832;2
"44833";44833;1
"44834";44834;1
"44835";44835;2
"44836";44836;2
"44837";44837;2
"44838";44838;2
"44839";44839;1
"44840";44840;2
"44841";44841;2
"44842";44842;1
"44843";44843;2
"44844";44844;1
"44845";44845;1
"44846";44846;1
"44847";44847;2
"44848";44848;1
"44849";44849;1
"44850";44850;1
"44851";44851;1
"44852";44852;2
"44853";44853;2
"44854";44854;2
"44855";44855;2
"44856";44856;2
"44857";44857;2
"44858";44858;2
"44859";44859;2
"44860";44860;1
"44861";44861;2
"44862";44862;2
"44863";44863;2
"44864";44864;2
"44865";44865;1
"44866";44866;1
"44867";44867;2
"44868";44868;1
"44869";44869;2
"44870";44870;2
"44871";44871;1
"44872";44872;1
"44873";44873;2
"44874";44874;1
"44875";44875;2
"44876";44876;2
"44877";44877;2
"44878";44878;2
"44879";44879;1
"44880";44880;2
"44881";44881;1
"44882";44882;2
"44883";44883;1
"44884";44884;1
"44885";44885;2
"44886";44886;1
"44887";44887;2
"44888";44888;2
"44889";44889;2
"44890";44890;2
"44891";44891;2
"44892";44892;2
"44893";44893;2
"44894";44894;2
"44895";44895;2
"44896";44896;2
"44897";44897;2
"44898";44898;2
"44899";44899;2
"44900";44900;2
"44901";44901;1
"44902";44902;1
"44903";44903;2
"44904";44904;1
"44905";44905;2
"44906";44906;1
"44907";44907;1
"44908";44908;1
"44909";44909;1
"44910";44910;2
"44911";44911;1
"44912";44912;1
"44913";44913;1
"44914";44914;1
"44915";44915;1
"44916";44916;2
"44917";44917;1
"44918";44918;2
"44919";44919;2
"44920";44920;2
"44921";44921;1
"44922";44922;0
"44923";44923;1
"44924";44924;1
"44925";44925;1
"44926";44926;2
"44927";44927;2
"44928";44928;1
"44929";44929;1
"44930";44930;1
"44931";44931;1
"44932";44932;2
"44933";44933;2
"44934";44934;2
"44935";44935;2
"44936";44936;2
"44937";44937;2
"44938";44938;2
"44939";44939;2
"44940";44940;2
"44941";44941;1
"44942";44942;1
"44943";44943;1
"44944";44944;1
"44945";44945;2
"44946";44946;1
"44947";44947;1
"44948";44948;1
"44949";44949;1
"44950";44950;1
"44951";44951;2
"44952";44952;2
"44953";44953;1
"44954";44954;1
"44955";44955;2
"44956";44956;2
"44957";44957;1
"44958";44958;2
"44959";44959;2
"44960";44960;2
"44961";44961;1
"44962";44962;1
"44963";44963;1
"44964";44964;1
"44965";44965;2
"44966";44966;1
"44967";44967;1
"44968";44968;2
"44969";44969;1
"44970";44970;1
"44971";44971;2
"44972";44972;1
"44973";44973;1
"44974";44974;1
"44975";44975;1
"44976";44976;1
"44977";44977;1
"44978";44978;1
"44979";44979;2
"44980";44980;1
"44981";44981;1
"44982";44982;2
"44983";44983;2
"44984";44984;1
"44985";44985;2
"44986";44986;2
"44987";44987;2
"44988";44988;1
"44989";44989;1
"44990";44990;2
"44991";44991;1
"44992";44992;1
"44993";44993;1
"44994";44994;1
"44995";44995;1
"44996";44996;1
"44997";44997;1
"44998";44998;2
"44999";44999;2
"45000";45000;1
"45001";45001;2
"45002";45002;2
"45003";45003;1
"45004";45004;1
"45005";45005;2
"45006";45006;2
"45007";45007;1
"45008";45008;1
"45009";45009;2
"45010";45010;2
"45011";45011;1
"45012";45012;1
"45013";45013;1
"45014";45014;1
"45015";45015;2
"45016";45016;2
"45017";45017;1
"45018";45018;1
"45019";45019;1
"45020";45020;1
"45021";45021;2
"45022";45022;2
"45023";45023;1
"45024";45024;2
"45025";45025;2
"45026";45026;1
"45027";45027;1
"45028";45028;2
"45029";45029;2
"45030";45030;2
"45031";45031;2
"45032";45032;2
"45033";45033;2
"45034";45034;2
"45035";45035;2
"45036";45036;2
"45037";45037;2
"45038";45038;2
"45039";45039;1
"45040";45040;2
"45041";45041;1
"45042";45042;2
"45043";45043;2
"45044";45044;2
"45045";45045;1
"45046";45046;2
"45047";45047;2
"45048";45048;2
"45049";45049;2
"45050";45050;1
"45051";45051;2
"45052";45052;2
"45053";45053;1
"45054";45054;1
"45055";45055;1
"45056";45056;1
"45057";45057;2
"45058";45058;2
"45059";45059;2
"45060";45060;2
"45061";45061;1
"45062";45062;1
"45063";45063;1
"45064";45064;1
"45065";45065;1
"45066";45066;1
"45067";45067;1
"45068";45068;1
"45069";45069;1
"45070";45070;1
"45071";45071;2
"45072";45072;1
"45073";45073;1
"45074";45074;2
"45075";45075;2
"45076";45076;2
"45077";45077;1
"45078";45078;1
"45079";45079;1
"45080";45080;1
"45081";45081;1
"45082";45082;1
"45083";45083;1
"45084";45084;1
"45085";45085;2
"45086";45086;1
"45087";45087;2
"45088";45088;2
"45089";45089;1
"45090";45090;2
"45091";45091;1
"45092";45092;2
"45093";45093;2
"45094";45094;2
"45095";45095;2
"45096";45096;2
"45097";45097;2
"45098";45098;1
"45099";45099;1
"45100";45100;2
"45101";45101;1
"45102";45102;2
"45103";45103;0
"45104";45104;0
"45105";45105;1
"45106";45106;2
"45107";45107;1
"45108";45108;1
"45109";45109;1
"45110";45110;1
"45111";45111;1
"45112";45112;1
"45113";45113;2
"45114";45114;1
"45115";45115;1
"45116";45116;2
"45117";45117;1
"45118";45118;1
"45119";45119;1
"45120";45120;1
"45121";45121;2
"45122";45122;2
"45123";45123;1
"45124";45124;2
"45125";45125;2
"45126";45126;1
"45127";45127;1
"45128";45128;1
"45129";45129;1
"45130";45130;2
"45131";45131;1
"45132";45132;2
"45133";45133;2
"45134";45134;2
"45135";45135;2
"45136";45136;1
"45137";45137;1
"45138";45138;1
"45139";45139;2
"45140";45140;2
"45141";45141;1
"45142";45142;2
"45143";45143;2
"45144";45144;2
"45145";45145;1
"45146";45146;1
"45147";45147;1
"45148";45148;1
"45149";45149;2
"45150";45150;1
"45151";45151;1
"45152";45152;2
"45153";45153;1
"45154";45154;1
"45155";45155;1
"45156";45156;1
"45157";45157;2
"45158";45158;1
"45159";45159;1
"45160";45160;2
"45161";45161;1
"45162";45162;2
"45163";45163;1
"45164";45164;2
"45165";45165;1
"45166";45166;1
"45167";45167;1
"45168";45168;1
"45169";45169;2
"45170";45170;1
"45171";45171;1
"45172";45172;1
"45173";45173;1
"45174";45174;1
"45175";45175;1
"45176";45176;1
"45177";45177;1
"45178";45178;1
"45179";45179;1
"45180";45180;1
"45181";45181;2
"45182";45182;1
"45183";45183;2
"45184";45184;1
"45185";45185;2
"45186";45186;2
"45187";45187;1
"45188";45188;1
"45189";45189;1
"45190";45190;1
"45191";45191;2
"45192";45192;1
"45193";45193;2
"45194";45194;2
"45195";45195;2
"45196";45196;1
"45197";45197;1
"45198";45198;1
"45199";45199;1
"45200";45200;2
"45201";45201;2
"45202";45202;1
"45203";45203;2
"45204";45204;2
"45205";45205;1
"45206";45206;1
"45207";45207;2
"45208";45208;0
"45209";45209;1
"45210";45210;2
"45211";45211;2
"45212";45212;2
"45213";45213;1
"45214";45214;1
"45215";45215;1
"45216";45216;1
"45217";45217;1
"45218";45218;2
"45219";45219;2
"45220";45220;1
"45221";45221;2
"45222";45222;1
"45223";45223;2
"45224";45224;2
"45225";45225;1
"45226";45226;1
"45227";45227;2
"45228";45228;2
"45229";45229;1
"45230";45230;2
"45231";45231;1
"45232";45232;1
"45233";45233;1
"45234";45234;1
"45235";45235;1
"45236";45236;1
"45237";45237;1
"45238";45238;1
"45239";45239;1
"45240";45240;1
"45241";45241;1
"45242";45242;1
"45243";45243;1
"45244";45244;1
"45245";45245;2
"45246";45246;2
"45247";45247;1
"45248";45248;1
"45249";45249;2
"45250";45250;1
"45251";45251;1
"45252";45252;1
"45253";45253;1
"45254";45254;1
"45255";45255;1
"45256";45256;1
"45257";45257;1
"45258";45258;1
"45259";45259;2
"45260";45260;1
"45261";45261;1
"45262";45262;2
"45263";45263;1
"45264";45264;0
"45265";45265;1
"45266";45266;1
"45267";45267;1
"45268";45268;1
"45269";45269;1
"45270";45270;1
"45271";45271;1
"45272";45272;1
"45273";45273;1
"45274";45274;1
"45275";45275;2
"45276";45276;1
"45277";45277;1
"45278";45278;2
"45279";45279;1
"45280";45280;1
"45281";45281;1
"45282";45282;1
"45283";45283;1
"45284";45284;1
"45285";45285;1
"45286";45286;2
"45287";45287;2
"45288";45288;1
"45289";45289;1
"45290";45290;1
"45291";45291;1
"45292";45292;1
"45293";45293;1
"45294";45294;2
"45295";45295;1
"45296";45296;1
"45297";45297;2
"45298";45298;1
"45299";45299;1
"45300";45300;1
"45301";45301;1
"45302";45302;0
"45303";45303;1
"45304";45304;1
"45305";45305;2
"45306";45306;1
"45307";45307;2
"45308";45308;1
"45309";45309;1
"45310";45310;2
"45311";45311;1
"45312";45312;1
"45313";45313;1
"45314";45314;1
"45315";45315;1
"45316";45316;1
"45317";45317;1
"45318";45318;1
"45319";45319;1
"45320";45320;1
"45321";45321;1
"45322";45322;2
"45323";45323;1
"45324";45324;0
"45325";45325;1
"45326";45326;1
"45327";45327;1
"45328";45328;1
"45329";45329;1
"45330";45330;1
"45331";45331;2
"45332";45332;2
"45333";45333;1
"45334";45334;2
"45335";45335;2
"45336";45336;2
"45337";45337;2
"45338";45338;1
"45339";45339;1
"45340";45340;1
"45341";45341;2
"45342";45342;1
"45343";45343;1
"45344";45344;2
"45345";45345;1
"45346";45346;1
"45347";45347;2
"45348";45348;2
"45349";45349;2
"45350";45350;2
"45351";45351;2
"45352";45352;0
"45353";45353;1
"45354";45354;2
"45355";45355;1
"45356";45356;2
"45357";45357;2
"45358";45358;2
"45359";45359;2
"45360";45360;1
"45361";45361;1
"45362";45362;1
"45363";45363;1
"45364";45364;1
"45365";45365;0
"45366";45366;2
"45367";45367;1
"45368";45368;2
"45369";45369;1
"45370";45370;2
"45371";45371;1
"45372";45372;2
"45373";45373;2
"45374";45374;1
"45375";45375;2
"45376";45376;2
"45377";45377;1
"45378";45378;2
"45379";45379;2
"45380";45380;2
"45381";45381;2
"45382";45382;2
"45383";45383;1
"45384";45384;2
"45385";45385;2
"45386";45386;2
"45387";45387;2
"45388";45388;2
"45389";45389;1
"45390";45390;2
"45391";45391;2
"45392";45392;1
"45393";45393;2
"45394";45394;2
"45395";45395;2
"45396";45396;1
"45397";45397;2
"45398";45398;2
"45399";45399;2
"45400";45400;1
"45401";45401;2
"45402";45402;1
"45403";45403;1
"45404";45404;1
"45405";45405;1
"45406";45406;2
"45407";45407;2
"45408";45408;1
"45409";45409;2
"45410";45410;1
"45411";45411;1
"45412";45412;1
"45413";45413;1
"45414";45414;1
"45415";45415;1
"45416";45416;2
"45417";45417;1
"45418";45418;1
"45419";45419;1
"45420";45420;2
"45421";45421;1
"45422";45422;1
"45423";45423;1
"45424";45424;1
"45425";45425;1
"45426";45426;2
"45427";45427;1
"45428";45428;2
"45429";45429;1
"45430";45430;2
"45431";45431;2
"45432";45432;1
"45433";45433;1
"45434";45434;1
"45435";45435;1
"45436";45436;1
"45437";45437;2
"45438";45438;2
"45439";45439;2
"45440";45440;1
"45441";45441;2
"45442";45442;2
"45443";45443;1
"45444";45444;2
"45445";45445;2
"45446";45446;1
"45447";45447;1
"45448";45448;1
"45449";45449;1
"45450";45450;2
"45451";45451;1
"45452";45452;1
"45453";45453;2
"45454";45454;2
"45455";45455;1
"45456";45456;2
"45457";45457;1
"45458";45458;1
"45459";45459;2
"45460";45460;2
"45461";45461;2
"45462";45462;2
"45463";45463;2
"45464";45464;2
"45465";45465;2
"45466";45466;2
"45467";45467;2
"45468";45468;2
"45469";45469;2
"45470";45470;1
"45471";45471;2
"45472";45472;2
"45473";45473;1
"45474";45474;1
"45475";45475;1
"45476";45476;1
"45477";45477;1
"45478";45478;2
"45479";45479;2
"45480";45480;1
"45481";45481;2
"45482";45482;2
"45483";45483;1
"45484";45484;2
"45485";45485;1
"45486";45486;1
"45487";45487;1
"45488";45488;1
"45489";45489;2
"45490";45490;1
"45491";45491;1
"45492";45492;0
"45493";45493;1
"45494";45494;1
"45495";45495;1
"45496";45496;1
"45497";45497;1
"45498";45498;2
"45499";45499;2
"45500";45500;2
"45501";45501;2
"45502";45502;2
"45503";45503;1
"45504";45504;2
"45505";45505;2
"45506";45506;1
"45507";45507;2
"45508";45508;2
"45509";45509;2
"45510";45510;2
"45511";45511;1
"45512";45512;2
"45513";45513;2
"45514";45514;1
"45515";45515;2
"45516";45516;1
"45517";45517;2
"45518";45518;2
"45519";45519;1
"45520";45520;1
"45521";45521;2
"45522";45522;2
"45523";45523;2
"45524";45524;1
"45525";45525;2
"45526";45526;2
"45527";45527;2
"45528";45528;1
"45529";45529;2
"45530";45530;2
"45531";45531;2
"45532";45532;2
"45533";45533;2
"45534";45534;2
"45535";45535;2
"45536";45536;1
"45537";45537;2
"45538";45538;2
"45539";45539;2
"45540";45540;2
"45541";45541;2
"45542";45542;1
"45543";45543;2
"45544";45544;2
"45545";45545;2
"45546";45546;2
"45547";45547;2
"45548";45548;2
"45549";45549;2
"45550";45550;2
"45551";45551;2
"45552";45552;1
"45553";45553;1
"45554";45554;2
"45555";45555;2
"45556";45556;2
"45557";45557;2
"45558";45558;2
"45559";45559;2
"45560";45560;2
"45561";45561;1
"45562";45562;2
"45563";45563;2
"45564";45564;2
"45565";45565;2
"45566";45566;1
"45567";45567;2
"45568";45568;1
"45569";45569;1
"45570";45570;2
"45571";45571;2
"45572";45572;2
"45573";45573;2
"45574";45574;1
"45575";45575;2
"45576";45576;2
"45577";45577;1
"45578";45578;2
"45579";45579;1
"45580";45580;1
"45581";45581;1
"45582";45582;1
"45583";45583;2
"45584";45584;1
"45585";45585;1
"45586";45586;2
"45587";45587;2
"45588";45588;2
"45589";45589;1
"45590";45590;1
"45591";45591;1
"45592";45592;1
"45593";45593;1
"45594";45594;2
"45595";45595;1
"45596";45596;1
"45597";45597;1
"45598";45598;2
"45599";45599;1
"45600";45600;0
"45601";45601;2
"45602";45602;2
"45603";45603;2
"45604";45604;1
"45605";45605;2
"45606";45606;2
"45607";45607;2
"45608";45608;2
"45609";45609;2
"45610";45610;2
"45611";45611;1
"45612";45612;2
"45613";45613;2
"45614";45614;2
"45615";45615;1
"45616";45616;2
"45617";45617;1
"45618";45618;2
"45619";45619;1
"45620";45620;2
"45621";45621;1
"45622";45622;2
"45623";45623;1
"45624";45624;1
"45625";45625;1
"45626";45626;2
"45627";45627;1
"45628";45628;1
"45629";45629;2
"45630";45630;1
"45631";45631;2
"45632";45632;1
"45633";45633;1
"45634";45634;2
"45635";45635;1
"45636";45636;2
"45637";45637;1
"45638";45638;2
"45639";45639;1
"45640";45640;1
"45641";45641;1
"45642";45642;1
"45643";45643;1
"45644";45644;1
"45645";45645;1
"45646";45646;1
"45647";45647;2
"45648";45648;2
"45649";45649;2
"45650";45650;2
"45651";45651;2
"45652";45652;2
"45653";45653;1
"45654";45654;1
"45655";45655;1
"45656";45656;1
"45657";45657;1
"45658";45658;2
"45659";45659;1
"45660";45660;1
"45661";45661;2
"45662";45662;1
"45663";45663;1
"45664";45664;1
"45665";45665;1
"45666";45666;1
"45667";45667;1
"45668";45668;1
"45669";45669;1
"45670";45670;1
"45671";45671;1
"45672";45672;1
"45673";45673;2
"45674";45674;1
"45675";45675;1
"45676";45676;1
"45677";45677;1
"45678";45678;2
"45679";45679;1
"45680";45680;1
"45681";45681;1
"45682";45682;1
"45683";45683;1
"45684";45684;1
"45685";45685;2
"45686";45686;1
"45687";45687;2
"45688";45688;2
"45689";45689;1
"45690";45690;1
"45691";45691;1
"45692";45692;1
"45693";45693;2
"45694";45694;2
"45695";45695;1
"45696";45696;1
"45697";45697;1
"45698";45698;1
"45699";45699;1
"45700";45700;1
"45701";45701;2
"45702";45702;1
"45703";45703;2
"45704";45704;1
"45705";45705;2
"45706";45706;1
"45707";45707;1
"45708";45708;1
"45709";45709;1
"45710";45710;1
"45711";45711;1
"45712";45712;2
"45713";45713;1
"45714";45714;1
"45715";45715;1
"45716";45716;1
"45717";45717;1
"45718";45718;2
"45719";45719;2
"45720";45720;1
"45721";45721;2
"45722";45722;2
"45723";45723;1
"45724";45724;1
"45725";45725;1
"45726";45726;1
"45727";45727;1
"45728";45728;2
"45729";45729;1
"45730";45730;1
"45731";45731;1
"45732";45732;2
"45733";45733;1
"45734";45734;1
"45735";45735;1
"45736";45736;2
"45737";45737;2
"45738";45738;1
"45739";45739;1
"45740";45740;1
"45741";45741;1
"45742";45742;1
"45743";45743;2
"45744";45744;2
"45745";45745;0
"45746";45746;2
"45747";45747;1
"45748";45748;2
"45749";45749;2
"45750";45750;2
"45751";45751;1
"45752";45752;1
"45753";45753;2
"45754";45754;1
"45755";45755;2
"45756";45756;2
"45757";45757;0
"45758";45758;2
"45759";45759;2
"45760";45760;1
"45761";45761;2
"45762";45762;2
"45763";45763;2
"45764";45764;1
"45765";45765;1
"45766";45766;1
"45767";45767;2
"45768";45768;2
"45769";45769;2
"45770";45770;2
"45771";45771;2
"45772";45772;2
"45773";45773;2
"45774";45774;1
"45775";45775;2
"45776";45776;2
"45777";45777;2
"45778";45778;2
"45779";45779;2
"45780";45780;1
"45781";45781;2
"45782";45782;2
"45783";45783;1
"45784";45784;2
"45785";45785;1
"45786";45786;1
"45787";45787;2
"45788";45788;1
"45789";45789;1
"45790";45790;1
"45791";45791;2
"45792";45792;1
"45793";45793;2
"45794";45794;2
"45795";45795;1
"45796";45796;2
"45797";45797;1
"45798";45798;2
"45799";45799;2
"45800";45800;1
"45801";45801;1
"45802";45802;2
"45803";45803;2
"45804";45804;1
"45805";45805;1
"45806";45806;2
"45807";45807;2
"45808";45808;2
"45809";45809;2
"45810";45810;1
"45811";45811;2
"45812";45812;1
"45813";45813;2
"45814";45814;2
"45815";45815;2
"45816";45816;1
"45817";45817;2
"45818";45818;2
"45819";45819;2
"45820";45820;2
"45821";45821;1
"45822";45822;1
"45823";45823;1
"45824";45824;1
"45825";45825;1
"45826";45826;1
"45827";45827;2
"45828";45828;1
"45829";45829;2
"45830";45830;1
"45831";45831;2
"45832";45832;2
"45833";45833;2
"45834";45834;1
"45835";45835;2
"45836";45836;2
"45837";45837;2
"45838";45838;1
"45839";45839;1
"45840";45840;2
"45841";45841;2
"45842";45842;1
"45843";45843;1
"45844";45844;1
"45845";45845;2
"45846";45846;2
"45847";45847;2
"45848";45848;1
"45849";45849;1
"45850";45850;1
"45851";45851;1
"45852";45852;1
"45853";45853;2
"45854";45854;1
"45855";45855;1
"45856";45856;2
"45857";45857;1
"45858";45858;1
"45859";45859;1
"45860";45860;2
"45861";45861;2
"45862";45862;1
"45863";45863;1
"45864";45864;1
"45865";45865;2
"45866";45866;1
"45867";45867;1
"45868";45868;1
"45869";45869;2
"45870";45870;1
"45871";45871;2
"45872";45872;1
"45873";45873;1
"45874";45874;2
"45875";45875;1
"45876";45876;1
"45877";45877;1
"45878";45878;2
"45879";45879;1
"45880";45880;1
"45881";45881;1
"45882";45882;1
"45883";45883;1
"45884";45884;1
"45885";45885;1
"45886";45886;2
"45887";45887;1
"45888";45888;1
"45889";45889;2
"45890";45890;2
"45891";45891;1
"45892";45892;2
"45893";45893;1
"45894";45894;2
"45895";45895;2
"45896";45896;1
"45897";45897;1
"45898";45898;2
"45899";45899;1
"45900";45900;2
"45901";45901;1
"45902";45902;1
"45903";45903;1
"45904";45904;1
"45905";45905;2
"45906";45906;1
"45907";45907;1
"45908";45908;1
"45909";45909;2
"45910";45910;2
"45911";45911;2
"45912";45912;1
"45913";45913;1
"45914";45914;1
"45915";45915;1
"45916";45916;1
"45917";45917;1
"45918";45918;1
"45919";45919;1
"45920";45920;1
"45921";45921;2
"45922";45922;1
"45923";45923;1
"45924";45924;1
"45925";45925;2
"45926";45926;2
"45927";45927;2
"45928";45928;1
"45929";45929;1
"45930";45930;1
"45931";45931;1
"45932";45932;1
"45933";45933;1
"45934";45934;1
"45935";45935;1
"45936";45936;1
"45937";45937;1
"45938";45938;1
"45939";45939;1
"45940";45940;1
"45941";45941;1
"45942";45942;1
"45943";45943;2
"45944";45944;1
"45945";45945;1
"45946";45946;1
"45947";45947;1
"45948";45948;1
"45949";45949;2
"45950";45950;1
"45951";45951;2
"45952";45952;1
"45953";45953;2
"45954";45954;1
"45955";45955;1
"45956";45956;1
"45957";45957;1
"45958";45958;1
"45959";45959;1
"45960";45960;1
"45961";45961;2
"45962";45962;1
"45963";45963;1
"45964";45964;1
"45965";45965;1
"45966";45966;1
"45967";45967;1
"45968";45968;1
"45969";45969;2
"45970";45970;1
"45971";45971;2
"45972";45972;1
"45973";45973;2
"45974";45974;1
"45975";45975;2
"45976";45976;1
"45977";45977;1
"45978";45978;1
"45979";45979;2
"45980";45980;1
"45981";45981;1
"45982";45982;1
"45983";45983;1
"45984";45984;1
"45985";45985;1
"45986";45986;1
"45987";45987;1
"45988";45988;1
"45989";45989;2
"45990";45990;1
"45991";45991;1
"45992";45992;1
"45993";45993;1
"45994";45994;2
"45995";45995;2
"45996";45996;2
"45997";45997;2
"45998";45998;1
"45999";45999;1
"46000";46000;1
"46001";46001;1
"46002";46002;1
"46003";46003;1
"46004";46004;2
"46005";46005;1
"46006";46006;2
"46007";46007;1
"46008";46008;2
"46009";46009;1
"46010";46010;1
"46011";46011;1
"46012";46012;1
"46013";46013;1
"46014";46014;1
"46015";46015;1
"46016";46016;2
"46017";46017;1
"46018";46018;1
"46019";46019;2
"46020";46020;1
"46021";46021;1
"46022";46022;1
"46023";46023;1
"46024";46024;1
"46025";46025;1
"46026";46026;1
"46027";46027;1
"46028";46028;1
"46029";46029;2
"46030";46030;1
"46031";46031;1
"46032";46032;1
"46033";46033;1
"46034";46034;1
"46035";46035;2
"46036";46036;2
"46037";46037;2
"46038";46038;1
"46039";46039;1
"46040";46040;2
"46041";46041;1
"46042";46042;1
"46043";46043;2
"46044";46044;2
"46045";46045;1
"46046";46046;1
"46047";46047;1
"46048";46048;2
"46049";46049;2
"46050";46050;1
"46051";46051;1
"46052";46052;1
"46053";46053;1
"46054";46054;2
"46055";46055;1
"46056";46056;2
"46057";46057;1
"46058";46058;2
"46059";46059;2
"46060";46060;0
"46061";46061;1
"46062";46062;1
"46063";46063;2
"46064";46064;1
"46065";46065;2
"46066";46066;1
"46067";46067;1
"46068";46068;1
"46069";46069;1
"46070";46070;1
"46071";46071;1
"46072";46072;1
"46073";46073;1
"46074";46074;1
"46075";46075;2
"46076";46076;1
"46077";46077;2
"46078";46078;1
"46079";46079;2
"46080";46080;1
"46081";46081;1
"46082";46082;1
"46083";46083;2
"46084";46084;1
"46085";46085;2
"46086";46086;1
"46087";46087;2
"46088";46088;2
"46089";46089;2
"46090";46090;1
"46091";46091;2
"46092";46092;1
"46093";46093;1
"46094";46094;1
"46095";46095;1
"46096";46096;1
"46097";46097;1
"46098";46098;1
"46099";46099;2
"46100";46100;1
"46101";46101;1
"46102";46102;1
"46103";46103;1
"46104";46104;1
"46105";46105;2
"46106";46106;2
"46107";46107;1
"46108";46108;2
"46109";46109;2
"46110";46110;0
"46111";46111;1
"46112";46112;1
"46113";46113;1
"46114";46114;1
"46115";46115;1
"46116";46116;1
"46117";46117;1
"46118";46118;1
"46119";46119;2
"46120";46120;1
"46121";46121;1
"46122";46122;2
"46123";46123;1
"46124";46124;1
"46125";46125;2
"46126";46126;1
"46127";46127;1
"46128";46128;1
"46129";46129;1
"46130";46130;2
"46131";46131;1
"46132";46132;2
"46133";46133;1
"46134";46134;2
"46135";46135;1
"46136";46136;2
"46137";46137;1
"46138";46138;2
"46139";46139;0
"46140";46140;2
"46141";46141;2
"46142";46142;1
"46143";46143;2
"46144";46144;1
"46145";46145;1
"46146";46146;2
"46147";46147;1
"46148";46148;1
"46149";46149;1
"46150";46150;2
"46151";46151;2
"46152";46152;2
"46153";46153;1
"46154";46154;2
"46155";46155;2
"46156";46156;2
"46157";46157;1
"46158";46158;2
"46159";46159;1
"46160";46160;2
"46161";46161;1
"46162";46162;1
"46163";46163;1
"46164";46164;2
"46165";46165;1
"46166";46166;2
"46167";46167;1
"46168";46168;1
"46169";46169;1
"46170";46170;1
"46171";46171;0
"46172";46172;2
"46173";46173;1
"46174";46174;2
"46175";46175;1
"46176";46176;1
"46177";46177;1
"46178";46178;2
"46179";46179;1
"46180";46180;2
"46181";46181;2
"46182";46182;2
"46183";46183;1
"46184";46184;2
"46185";46185;2
"46186";46186;1
"46187";46187;2
"46188";46188;1
"46189";46189;1
"46190";46190;0
"46191";46191;2
"46192";46192;1
"46193";46193;1
"46194";46194;2
"46195";46195;1
"46196";46196;1
"46197";46197;1
"46198";46198;2
"46199";46199;1
"46200";46200;0
"46201";46201;2
"46202";46202;2
"46203";46203;1
"46204";46204;2
"46205";46205;2
"46206";46206;1
"46207";46207;2
"46208";46208;2
"46209";46209;2
"46210";46210;1
"46211";46211;2
"46212";46212;2
"46213";46213;1
"46214";46214;2
"46215";46215;1
"46216";46216;1
"46217";46217;1
"46218";46218;1
"46219";46219;1
"46220";46220;1
"46221";46221;2
"46222";46222;1
"46223";46223;1
"46224";46224;1
"46225";46225;1
"46226";46226;1
"46227";46227;1
"46228";46228;1
"46229";46229;1
"46230";46230;1
"46231";46231;1
"46232";46232;1
"46233";46233;1
"46234";46234;1
"46235";46235;1
"46236";46236;1
"46237";46237;2
"46238";46238;1
"46239";46239;2
"46240";46240;1
"46241";46241;2
"46242";46242;2
"46243";46243;1
"46244";46244;2
"46245";46245;2
"46246";46246;1
"46247";46247;1
"46248";46248;2
"46249";46249;1
"46250";46250;1
"46251";46251;2
"46252";46252;2
"46253";46253;2
"46254";46254;1
"46255";46255;2
"46256";46256;1
"46257";46257;1
"46258";46258;1
"46259";46259;1
"46260";46260;2
"46261";46261;1
"46262";46262;1
"46263";46263;1
"46264";46264;1
"46265";46265;2
"46266";46266;1
"46267";46267;1
"46268";46268;2
"46269";46269;1
"46270";46270;1
"46271";46271;1
"46272";46272;1
"46273";46273;2
"46274";46274;2
"46275";46275;1
"46276";46276;2
"46277";46277;1
"46278";46278;1
"46279";46279;1
"46280";46280;1
"46281";46281;1
"46282";46282;1
"46283";46283;2
"46284";46284;1
"46285";46285;1
"46286";46286;2
"46287";46287;1
"46288";46288;1
"46289";46289;0
"46290";46290;1
"46291";46291;1
"46292";46292;1
"46293";46293;1
"46294";46294;2
"46295";46295;1
"46296";46296;1
"46297";46297;2
"46298";46298;1
"46299";46299;1
"46300";46300;1
"46301";46301;1
"46302";46302;1
"46303";46303;1
"46304";46304;2
"46305";46305;1
"46306";46306;2
"46307";46307;1
"46308";46308;1
"46309";46309;1
"46310";46310;2
"46311";46311;2
"46312";46312;2
"46313";46313;1
"46314";46314;2
"46315";46315;2
"46316";46316;1
"46317";46317;1
"46318";46318;1
"46319";46319;1
"46320";46320;1
"46321";46321;1
"46322";46322;1
"46323";46323;1
"46324";46324;1
"46325";46325;1
"46326";46326;1
"46327";46327;1
"46328";46328;1
"46329";46329;1
"46330";46330;1
"46331";46331;2
"46332";46332;2
"46333";46333;2
"46334";46334;2
"46335";46335;1
"46336";46336;1
"46337";46337;1
"46338";46338;2
"46339";46339;2
"46340";46340;2
"46341";46341;2
"46342";46342;1
"46343";46343;1
"46344";46344;2
"46345";46345;1
"46346";46346;2
"46347";46347;1
"46348";46348;1
"46349";46349;1
"46350";46350;1
"46351";46351;2
"46352";46352;2
"46353";46353;1
"46354";46354;2
"46355";46355;2
"46356";46356;1
"46357";46357;1
"46358";46358;2
"46359";46359;2
"46360";46360;2
"46361";46361;2
"46362";46362;2
"46363";46363;2
"46364";46364;2
"46365";46365;2
"46366";46366;1
"46367";46367;2
"46368";46368;1
"46369";46369;1
"46370";46370;2
"46371";46371;2
"46372";46372;1
"46373";46373;1
"46374";46374;1
"46375";46375;2
"46376";46376;2
"46377";46377;2
"46378";46378;2
"46379";46379;1
"46380";46380;2
"46381";46381;1
"46382";46382;2
"46383";46383;2
"46384";46384;1
"46385";46385;2
"46386";46386;1
"46387";46387;1
"46388";46388;2
"46389";46389;1
"46390";46390;1
"46391";46391;1
"46392";46392;1
"46393";46393;2
"46394";46394;1
"46395";46395;1
"46396";46396;1
"46397";46397;2
"46398";46398;1
"46399";46399;1
"46400";46400;2
"46401";46401;1
"46402";46402;2
"46403";46403;1
"46404";46404;1
"46405";46405;1
"46406";46406;1
"46407";46407;2
"46408";46408;1
"46409";46409;1
"46410";46410;1
"46411";46411;1
"46412";46412;2
"46413";46413;1
"46414";46414;1
"46415";46415;1
"46416";46416;1
"46417";46417;1
"46418";46418;1
"46419";46419;0
"46420";46420;1
"46421";46421;1
"46422";46422;1
"46423";46423;1
"46424";46424;1
"46425";46425;2
"46426";46426;1
"46427";46427;1
"46428";46428;1
"46429";46429;2
"46430";46430;1
"46431";46431;1
"46432";46432;1
"46433";46433;1
"46434";46434;2
"46435";46435;1
"46436";46436;1
"46437";46437;1
"46438";46438;2
"46439";46439;2
"46440";46440;2
"46441";46441;2
"46442";46442;1
"46443";46443;1
"46444";46444;2
"46445";46445;2
"46446";46446;1
"46447";46447;1
"46448";46448;1
"46449";46449;2
"46450";46450;1
"46451";46451;2
"46452";46452;2
"46453";46453;2
"46454";46454;2
"46455";46455;2
"46456";46456;1
"46457";46457;2
"46458";46458;1
"46459";46459;2
"46460";46460;1
"46461";46461;1
"46462";46462;2
"46463";46463;1
"46464";46464;2
"46465";46465;1
"46466";46466;1
"46467";46467;1
"46468";46468;1
"46469";46469;2
"46470";46470;1
"46471";46471;1
"46472";46472;1
"46473";46473;1
"46474";46474;1
"46475";46475;1
"46476";46476;1
"46477";46477;1
"46478";46478;1
"46479";46479;2
"46480";46480;2
"46481";46481;2
"46482";46482;1
"46483";46483;1
"46484";46484;1
"46485";46485;1
"46486";46486;1
"46487";46487;2
"46488";46488;2
"46489";46489;1
"46490";46490;1
"46491";46491;2
"46492";46492;0
"46493";46493;2
"46494";46494;1
"46495";46495;2
"46496";46496;1
"46497";46497;2
"46498";46498;2
"46499";46499;1
"46500";46500;2
"46501";46501;2
"46502";46502;2
"46503";46503;2
"46504";46504;2
"46505";46505;2
"46506";46506;2
"46507";46507;2
"46508";46508;2
"46509";46509;2
"46510";46510;2
"46511";46511;1
"46512";46512;2
"46513";46513;2
"46514";46514;2
"46515";46515;2
"46516";46516;1
"46517";46517;1
"46518";46518;1
"46519";46519;1
"46520";46520;2
"46521";46521;2
"46522";46522;1
"46523";46523;1
"46524";46524;2
"46525";46525;1
"46526";46526;2
"46527";46527;2
"46528";46528;2
"46529";46529;2
"46530";46530;2
"46531";46531;2
"46532";46532;1
"46533";46533;2
"46534";46534;2
"46535";46535;2
"46536";46536;2
"46537";46537;2
"46538";46538;2
"46539";46539;2
"46540";46540;2
"46541";46541;2
"46542";46542;2
"46543";46543;2
"46544";46544;2
"46545";46545;1
"46546";46546;1
"46547";46547;1
"46548";46548;1
"46549";46549;1
"46550";46550;2
"46551";46551;2
"46552";46552;2
"46553";46553;2
"46554";46554;2
"46555";46555;2
"46556";46556;2
"46557";46557;2
"46558";46558;2
"46559";46559;2
"46560";46560;2
"46561";46561;2
"46562";46562;2
"46563";46563;2
"46564";46564;2
"46565";46565;2
"46566";46566;2
"46567";46567;2
"46568";46568;2
"46569";46569;2
"46570";46570;2
"46571";46571;2
"46572";46572;1
"46573";46573;1
"46574";46574;2
"46575";46575;2
"46576";46576;2
"46577";46577;2
"46578";46578;1
"46579";46579;2
"46580";46580;2
"46581";46581;2
"46582";46582;2
"46583";46583;2
"46584";46584;1
"46585";46585;2
"46586";46586;2
"46587";46587;1
"46588";46588;1
"46589";46589;2
"46590";46590;2
"46591";46591;2
"46592";46592;1
"46593";46593;2
"46594";46594;2
"46595";46595;2
"46596";46596;2
"46597";46597;2
"46598";46598;2
"46599";46599;2
"46600";46600;2
"46601";46601;2
"46602";46602;2
"46603";46603;2
"46604";46604;2
"46605";46605;1
"46606";46606;1
"46607";46607;2
"46608";46608;2
"46609";46609;2
"46610";46610;2
"46611";46611;2
"46612";46612;2
"46613";46613;2
"46614";46614;2
"46615";46615;2
"46616";46616;1
"46617";46617;1
"46618";46618;2
"46619";46619;2
"46620";46620;2
"46621";46621;2
"46622";46622;2
"46623";46623;2
"46624";46624;2
"46625";46625;2
"46626";46626;2
"46627";46627;2
"46628";46628;2
"46629";46629;2
"46630";46630;2
"46631";46631;2
"46632";46632;1
"46633";46633;2
"46634";46634;2
"46635";46635;1
"46636";46636;2
"46637";46637;2
"46638";46638;2
"46639";46639;2
"46640";46640;2
"46641";46641;2
"46642";46642;1
"46643";46643;2
"46644";46644;2
"46645";46645;2
"46646";46646;2
"46647";46647;2
"46648";46648;2
"46649";46649;2
"46650";46650;2
"46651";46651;2
"46652";46652;0
"46653";46653;2
"46654";46654;2
"46655";46655;2
"46656";46656;2
"46657";46657;2
"46658";46658;2
"46659";46659;2
"46660";46660;2
"46661";46661;2
"46662";46662;1
"46663";46663;2
"46664";46664;1
"46665";46665;2
"46666";46666;1
"46667";46667;2
"46668";46668;1
"46669";46669;2
"46670";46670;2
"46671";46671;2
"46672";46672;1
"46673";46673;1
"46674";46674;2
"46675";46675;2
"46676";46676;2
"46677";46677;2
"46678";46678;2
"46679";46679;2
"46680";46680;2
"46681";46681;2
"46682";46682;2
"46683";46683;2
"46684";46684;2
"46685";46685;2
"46686";46686;2
"46687";46687;2
"46688";46688;2
"46689";46689;2
"46690";46690;2
"46691";46691;2
"46692";46692;2
"46693";46693;1
"46694";46694;2
"46695";46695;2
"46696";46696;1
"46697";46697;2
"46698";46698;2
"46699";46699;2
"46700";46700;1
"46701";46701;2
"46702";46702;1
"46703";46703;1
"46704";46704;2
"46705";46705;2
"46706";46706;2
"46707";46707;2
"46708";46708;2
"46709";46709;2
"46710";46710;2
"46711";46711;2
"46712";46712;2
"46713";46713;2
"46714";46714;1
"46715";46715;1
"46716";46716;1
"46717";46717;1
"46718";46718;1
"46719";46719;1
"46720";46720;2
"46721";46721;2
"46722";46722;2
"46723";46723;2
"46724";46724;2
"46725";46725;2
"46726";46726;2
"46727";46727;1
"46728";46728;2
"46729";46729;2
"46730";46730;2
"46731";46731;2
"46732";46732;2
"46733";46733;2
"46734";46734;2
"46735";46735;2
"46736";46736;2
"46737";46737;2
"46738";46738;2
"46739";46739;2
"46740";46740;2
"46741";46741;2
"46742";46742;2
"46743";46743;2
"46744";46744;2
"46745";46745;2
"46746";46746;2
"46747";46747;2
"46748";46748;2
"46749";46749;2
"46750";46750;2
"46751";46751;2
"46752";46752;1
"46753";46753;2
"46754";46754;2
"46755";46755;2
"46756";46756;1
"46757";46757;2
"46758";46758;2
"46759";46759;2
"46760";46760;2
"46761";46761;2
"46762";46762;2
"46763";46763;2
"46764";46764;1
"46765";46765;2
"46766";46766;2
"46767";46767;2
"46768";46768;2
"46769";46769;2
"46770";46770;2
"46771";46771;2
"46772";46772;2
"46773";46773;1
"46774";46774;1
"46775";46775;2
"46776";46776;1
"46777";46777;2
"46778";46778;1
"46779";46779;2
"46780";46780;2
"46781";46781;2
"46782";46782;2
"46783";46783;2
"46784";46784;1
"46785";46785;1
"46786";46786;1
"46787";46787;2
"46788";46788;2
"46789";46789;1
"46790";46790;2
"46791";46791;2
"46792";46792;2
"46793";46793;2
"46794";46794;2
"46795";46795;2
"46796";46796;2
"46797";46797;1
"46798";46798;2
"46799";46799;2
"46800";46800;2
"46801";46801;2
"46802";46802;2
"46803";46803;2
"46804";46804;1
"46805";46805;1
"46806";46806;1
"46807";46807;1
"46808";46808;2
"46809";46809;1
"46810";46810;1
"46811";46811;1
"46812";46812;1
"46813";46813;1
"46814";46814;1
"46815";46815;1
"46816";46816;2
"46817";46817;2
"46818";46818;1
"46819";46819;1
"46820";46820;1
"46821";46821;2
"46822";46822;1
"46823";46823;2
"46824";46824;1
"46825";46825;2
"46826";46826;1
"46827";46827;1
"46828";46828;2
"46829";46829;1
"46830";46830;2
"46831";46831;1
"46832";46832;2
"46833";46833;1
"46834";46834;1
"46835";46835;1
"46836";46836;2
"46837";46837;1
"46838";46838;2
"46839";46839;1
"46840";46840;1
"46841";46841;1
"46842";46842;1
"46843";46843;1
"46844";46844;1
"46845";46845;2
"46846";46846;1
"46847";46847;2
"46848";46848;2
"46849";46849;2
"46850";46850;1
"46851";46851;1
"46852";46852;1
"46853";46853;1
"46854";46854;1
"46855";46855;1
"46856";46856;2
"46857";46857;1
"46858";46858;1
"46859";46859;1
"46860";46860;2
"46861";46861;2
"46862";46862;2
"46863";46863;1
"46864";46864;1
"46865";46865;1
"46866";46866;1
"46867";46867;1
"46868";46868;1
"46869";46869;1
"46870";46870;2
"46871";46871;1
"46872";46872;1
"46873";46873;1
"46874";46874;1
"46875";46875;1
"46876";46876;1
"46877";46877;1
"46878";46878;2
"46879";46879;1
"46880";46880;1
"46881";46881;1
"46882";46882;2
"46883";46883;1
"46884";46884;1
"46885";46885;1
"46886";46886;1
"46887";46887;1
"46888";46888;1
"46889";46889;1
"46890";46890;1
"46891";46891;1
"46892";46892;1
"46893";46893;1
"46894";46894;1
"46895";46895;1
"46896";46896;1
"46897";46897;1
"46898";46898;1
"46899";46899;1
"46900";46900;1
"46901";46901;1
"46902";46902;1
"46903";46903;1
"46904";46904;2
"46905";46905;1
"46906";46906;1
"46907";46907;2
"46908";46908;1
"46909";46909;1
"46910";46910;1
"46911";46911;1
"46912";46912;1
"46913";46913;1
"46914";46914;1
"46915";46915;2
"46916";46916;2
"46917";46917;1
"46918";46918;2
"46919";46919;1
"46920";46920;1
"46921";46921;1
"46922";46922;1
"46923";46923;1
"46924";46924;1
"46925";46925;1
"46926";46926;1
"46927";46927;1
"46928";46928;1
"46929";46929;1
"46930";46930;1
"46931";46931;1
"46932";46932;1
"46933";46933;2
"46934";46934;1
"46935";46935;1
"46936";46936;1
"46937";46937;1
"46938";46938;1
"46939";46939;1
"46940";46940;1
"46941";46941;1
"46942";46942;2
"46943";46943;2
"46944";46944;1
"46945";46945;1
"46946";46946;2
"46947";46947;1
"46948";46948;2
"46949";46949;1
"46950";46950;1
"46951";46951;2
"46952";46952;2
"46953";46953;1
"46954";46954;1
"46955";46955;1
"46956";46956;2
"46957";46957;2
"46958";46958;2
"46959";46959;2
"46960";46960;2
"46961";46961;1
"46962";46962;1
"46963";46963;2
"46964";46964;1
"46965";46965;1
"46966";46966;2
"46967";46967;2
"46968";46968;1
"46969";46969;1
"46970";46970;2
"46971";46971;2
"46972";46972;2
"46973";46973;1
"46974";46974;2
"46975";46975;2
"46976";46976;1
"46977";46977;1
"46978";46978;2
"46979";46979;2
"46980";46980;1
"46981";46981;1
"46982";46982;2
"46983";46983;2
"46984";46984;2
"46985";46985;1
"46986";46986;2
"46987";46987;1
"46988";46988;2
"46989";46989;1
"46990";46990;1
"46991";46991;1
"46992";46992;2
"46993";46993;1
"46994";46994;1
"46995";46995;2
"46996";46996;1
"46997";46997;1
"46998";46998;1
"46999";46999;1
"47000";47000;1
"47001";47001;1
"47002";47002;1
"47003";47003;1
"47004";47004;1
"47005";47005;1
"47006";47006;1
"47007";47007;1
"47008";47008;1
"47009";47009;1
"47010";47010;1
"47011";47011;1
"47012";47012;1
"47013";47013;1
"47014";47014;1
"47015";47015;1
"47016";47016;1
"47017";47017;0
"47018";47018;2
"47019";47019;1
"47020";47020;1
"47021";47021;2
"47022";47022;1
"47023";47023;2
"47024";47024;1
"47025";47025;1
"47026";47026;1
"47027";47027;1
"47028";47028;1
"47029";47029;1
"47030";47030;2
"47031";47031;1
"47032";47032;1
"47033";47033;1
"47034";47034;2
"47035";47035;1
"47036";47036;1
"47037";47037;1
"47038";47038;1
"47039";47039;2
"47040";47040;1
"47041";47041;2
"47042";47042;2
"47043";47043;1
"47044";47044;1
"47045";47045;1
"47046";47046;1
"47047";47047;1
"47048";47048;2
"47049";47049;1
"47050";47050;1
"47051";47051;1
"47052";47052;2
"47053";47053;2
"47054";47054;2
"47055";47055;1
"47056";47056;1
"47057";47057;1
"47058";47058;1
"47059";47059;2
"47060";47060;1
"47061";47061;1
"47062";47062;1
"47063";47063;1
"47064";47064;1
"47065";47065;1
"47066";47066;1
"47067";47067;1
"47068";47068;1
"47069";47069;1
"47070";47070;1
"47071";47071;1
"47072";47072;2
"47073";47073;2
"47074";47074;2
"47075";47075;1
"47076";47076;2
"47077";47077;2
"47078";47078;2
"47079";47079;1
"47080";47080;2
"47081";47081;2
"47082";47082;1
"47083";47083;1
"47084";47084;1
"47085";47085;1
"47086";47086;2
"47087";47087;1
"47088";47088;1
"47089";47089;1
"47090";47090;1
"47091";47091;1
"47092";47092;2
"47093";47093;2
"47094";47094;1
"47095";47095;2
"47096";47096;2
"47097";47097;1
"47098";47098;1
"47099";47099;1
"47100";47100;1
"47101";47101;2
"47102";47102;1
"47103";47103;2
"47104";47104;2
"47105";47105;1
"47106";47106;1
"47107";47107;1
"47108";47108;2
"47109";47109;2
"47110";47110;2
"47111";47111;1
"47112";47112;1
"47113";47113;1
"47114";47114;1
"47115";47115;2
"47116";47116;1
"47117";47117;1
"47118";47118;1
"47119";47119;1
"47120";47120;1
"47121";47121;1
"47122";47122;1
"47123";47123;1
"47124";47124;2
"47125";47125;1
"47126";47126;1
"47127";47127;1
"47128";47128;1
"47129";47129;1
"47130";47130;1
"47131";47131;1
"47132";47132;1
"47133";47133;2
"47134";47134;1
"47135";47135;2
"47136";47136;1
"47137";47137;1
"47138";47138;2
"47139";47139;1
"47140";47140;2
"47141";47141;1
"47142";47142;1
"47143";47143;1
"47144";47144;1
"47145";47145;2
"47146";47146;2
"47147";47147;1
"47148";47148;1
"47149";47149;1
"47150";47150;2
"47151";47151;2
"47152";47152;2
"47153";47153;1
"47154";47154;2
"47155";47155;1
"47156";47156;1
"47157";47157;1
"47158";47158;1
"47159";47159;1
"47160";47160;2
"47161";47161;2
"47162";47162;2
"47163";47163;2
"47164";47164;2
"47165";47165;1
"47166";47166;1
"47167";47167;2
"47168";47168;2
"47169";47169;1
"47170";47170;1
"47171";47171;1
"47172";47172;1
"47173";47173;1
"47174";47174;1
"47175";47175;2
"47176";47176;1
"47177";47177;1
"47178";47178;1
"47179";47179;1
"47180";47180;2
"47181";47181;2
"47182";47182;1
"47183";47183;1
"47184";47184;1
"47185";47185;2
"47186";47186;1
"47187";47187;1
"47188";47188;1
"47189";47189;1
"47190";47190;1
"47191";47191;1
"47192";47192;2
"47193";47193;1
"47194";47194;1
"47195";47195;1
"47196";47196;2
"47197";47197;2
"47198";47198;1
"47199";47199;1
"47200";47200;1
"47201";47201;1
"47202";47202;1
"47203";47203;1
"47204";47204;1
"47205";47205;1
"47206";47206;2
"47207";47207;1
"47208";47208;2
"47209";47209;1
"47210";47210;2
"47211";47211;2
"47212";47212;1
"47213";47213;2
"47214";47214;1
"47215";47215;1
"47216";47216;1
"47217";47217;2
"47218";47218;2
"47219";47219;1
"47220";47220;2
"47221";47221;2
"47222";47222;1
"47223";47223;2
"47224";47224;0
"47225";47225;2
"47226";47226;2
"47227";47227;2
"47228";47228;1
"47229";47229;1
"47230";47230;1
"47231";47231;1
"47232";47232;1
"47233";47233;2
"47234";47234;2
"47235";47235;2
"47236";47236;2
"47237";47237;1
"47238";47238;2
"47239";47239;2
"47240";47240;1
"47241";47241;2
"47242";47242;2
"47243";47243;2
"47244";47244;2
"47245";47245;1
"47246";47246;2
"47247";47247;2
"47248";47248;1
"47249";47249;1
"47250";47250;1
"47251";47251;2
"47252";47252;1
"47253";47253;1
"47254";47254;2
"47255";47255;1
"47256";47256;2
"47257";47257;2
"47258";47258;2
"47259";47259;1
"47260";47260;2
"47261";47261;2
"47262";47262;1
"47263";47263;1
"47264";47264;1
"47265";47265;1
"47266";47266;2
"47267";47267;1
"47268";47268;2
"47269";47269;1
"47270";47270;1
"47271";47271;1
"47272";47272;1
"47273";47273;2
"47274";47274;2
"47275";47275;1
"47276";47276;2
"47277";47277;2
"47278";47278;2
"47279";47279;2
"47280";47280;1
"47281";47281;1
"47282";47282;1
"47283";47283;2
"47284";47284;2
"47285";47285;2
"47286";47286;2
"47287";47287;2
"47288";47288;2
"47289";47289;2
"47290";47290;1
"47291";47291;2
"47292";47292;2
"47293";47293;2
"47294";47294;1
"47295";47295;1
"47296";47296;0
"47297";47297;2
"47298";47298;1
"47299";47299;1
"47300";47300;2
"47301";47301;2
"47302";47302;1
"47303";47303;2
"47304";47304;1
"47305";47305;2
"47306";47306;1
"47307";47307;2
"47308";47308;2
"47309";47309;2
"47310";47310;2
"47311";47311;1
"47312";47312;2
"47313";47313;2
"47314";47314;1
"47315";47315;2
"47316";47316;1
"47317";47317;1
"47318";47318;1
"47319";47319;1
"47320";47320;1
"47321";47321;2
"47322";47322;2
"47323";47323;1
"47324";47324;1
"47325";47325;1
"47326";47326;1
"47327";47327;1
"47328";47328;1
"47329";47329;1
"47330";47330;1
"47331";47331;2
"47332";47332;1
"47333";47333;2
"47334";47334;2
"47335";47335;2
"47336";47336;1
"47337";47337;1
"47338";47338;2
"47339";47339;2
"47340";47340;2
"47341";47341;1
"47342";47342;2
"47343";47343;1
"47344";47344;2
"47345";47345;2
"47346";47346;2
"47347";47347;2
"47348";47348;1
"47349";47349;1
"47350";47350;1
"47351";47351;1
"47352";47352;2
"47353";47353;1
"47354";47354;1
"47355";47355;1
"47356";47356;1
"47357";47357;1
"47358";47358;1
"47359";47359;2
"47360";47360;1
"47361";47361;2
"47362";47362;2
"47363";47363;2
"47364";47364;2
"47365";47365;2
"47366";47366;2
"47367";47367;2
"47368";47368;1
"47369";47369;2
"47370";47370;2
"47371";47371;2
"47372";47372;2
"47373";47373;2
"47374";47374;1
"47375";47375;2
"47376";47376;1
"47377";47377;2
"47378";47378;1
"47379";47379;2
"47380";47380;1
"47381";47381;2
"47382";47382;2
"47383";47383;1
"47384";47384;2
"47385";47385;2
"47386";47386;1
"47387";47387;1
"47388";47388;2
"47389";47389;1
"47390";47390;1
"47391";47391;1
"47392";47392;1
"47393";47393;1
"47394";47394;1
"47395";47395;2
"47396";47396;1
"47397";47397;2
"47398";47398;1
"47399";47399;1
"47400";47400;2
"47401";47401;1
"47402";47402;2
"47403";47403;2
"47404";47404;2
"47405";47405;2
"47406";47406;2
"47407";47407;2
"47408";47408;2
"47409";47409;2
"47410";47410;2
"47411";47411;1
"47412";47412;2
"47413";47413;2
"47414";47414;1
"47415";47415;1
"47416";47416;2
"47417";47417;2
"47418";47418;1
"47419";47419;2
"47420";47420;2
"47421";47421;1
"47422";47422;2
"47423";47423;1
"47424";47424;2
"47425";47425;1
"47426";47426;1
"47427";47427;2
"47428";47428;2
"47429";47429;1
"47430";47430;1
"47431";47431;2
"47432";47432;2
"47433";47433;2
"47434";47434;1
"47435";47435;1
"47436";47436;1
"47437";47437;2
"47438";47438;2
"47439";47439;2
"47440";47440;2
"47441";47441;1
"47442";47442;2
"47443";47443;2
"47444";47444;2
"47445";47445;2
"47446";47446;2
"47447";47447;2
"47448";47448;1
"47449";47449;2
"47450";47450;2
"47451";47451;2
"47452";47452;2
"47453";47453;1
"47454";47454;2
"47455";47455;2
"47456";47456;2
"47457";47457;2
"47458";47458;2
"47459";47459;2
"47460";47460;2
"47461";47461;2
"47462";47462;2
"47463";47463;1
"47464";47464;1
"47465";47465;2
"47466";47466;2
"47467";47467;1
"47468";47468;2
"47469";47469;2
"47470";47470;2
"47471";47471;2
"47472";47472;2
"47473";47473;1
"47474";47474;1
"47475";47475;2
"47476";47476;2
"47477";47477;1
"47478";47478;1
"47479";47479;2
"47480";47480;1
"47481";47481;1
"47482";47482;2
"47483";47483;2
"47484";47484;2
"47485";47485;1
"47486";47486;2
"47487";47487;2
"47488";47488;2
"47489";47489;2
"47490";47490;2
"47491";47491;2
"47492";47492;2
"47493";47493;2
"47494";47494;1
"47495";47495;2
"47496";47496;2
"47497";47497;2
"47498";47498;2
"47499";47499;2
"47500";47500;2
"47501";47501;1
"47502";47502;1
"47503";47503;2
"47504";47504;2
"47505";47505;2
"47506";47506;1
"47507";47507;0
"47508";47508;2
"47509";47509;1
"47510";47510;2
"47511";47511;0
"47512";47512;1
"47513";47513;2
"47514";47514;2
"47515";47515;2
"47516";47516;2
"47517";47517;2
"47518";47518;2
"47519";47519;2
"47520";47520;2
"47521";47521;2
"47522";47522;2
"47523";47523;2
"47524";47524;2
"47525";47525;2
"47526";47526;2
"47527";47527;2
"47528";47528;2
"47529";47529;2
"47530";47530;1
"47531";47531;1
"47532";47532;2
"47533";47533;2
"47534";47534;2
"47535";47535;0
"47536";47536;2
"47537";47537;1
"47538";47538;2
"47539";47539;2
"47540";47540;1
"47541";47541;2
"47542";47542;1
"47543";47543;2
"47544";47544;1
"47545";47545;2
"47546";47546;2
"47547";47547;1
"47548";47548;2
"47549";47549;2
"47550";47550;2
"47551";47551;1
"47552";47552;2
"47553";47553;2
"47554";47554;2
"47555";47555;1
"47556";47556;2
"47557";47557;2
"47558";47558;1
"47559";47559;2
"47560";47560;1
"47561";47561;2
"47562";47562;2
"47563";47563;2
"47564";47564;2
"47565";47565;2
"47566";47566;2
"47567";47567;2
"47568";47568;2
"47569";47569;2
"47570";47570;1
"47571";47571;1
"47572";47572;1
"47573";47573;1
"47574";47574;0
"47575";47575;2
"47576";47576;1
"47577";47577;1
"47578";47578;2
"47579";47579;2
"47580";47580;1
"47581";47581;1
"47582";47582;1
"47583";47583;1
"47584";47584;2
"47585";47585;1
"47586";47586;1
"47587";47587;1
"47588";47588;1
"47589";47589;2
"47590";47590;1
"47591";47591;2
"47592";47592;2
"47593";47593;1
"47594";47594;1
"47595";47595;1
"47596";47596;1
"47597";47597;1
"47598";47598;1
"47599";47599;1
"47600";47600;1
"47601";47601;1
"47602";47602;2
"47603";47603;2
"47604";47604;1
"47605";47605;2
"47606";47606;2
"47607";47607;1
"47608";47608;1
"47609";47609;1
"47610";47610;1
"47611";47611;1
"47612";47612;2
"47613";47613;2
"47614";47614;1
"47615";47615;1
"47616";47616;1
"47617";47617;1
"47618";47618;2
"47619";47619;1
"47620";47620;1
"47621";47621;1
"47622";47622;1
"47623";47623;1
"47624";47624;2
"47625";47625;2
"47626";47626;2
"47627";47627;2
"47628";47628;2
"47629";47629;2
"47630";47630;2
"47631";47631;1
"47632";47632;2
"47633";47633;1
"47634";47634;1
"47635";47635;2
"47636";47636;1
"47637";47637;2
"47638";47638;2
"47639";47639;1
"47640";47640;1
"47641";47641;2
"47642";47642;2
"47643";47643;2
"47644";47644;1
"47645";47645;2
"47646";47646;1
"47647";47647;1
"47648";47648;1
"47649";47649;2
"47650";47650;1
"47651";47651;1
"47652";47652;2
"47653";47653;2
"47654";47654;2
"47655";47655;2
"47656";47656;2
"47657";47657;1
"47658";47658;2
"47659";47659;1
"47660";47660;1
"47661";47661;1
"47662";47662;2
"47663";47663;2
"47664";47664;1
"47665";47665;1
"47666";47666;1
"47667";47667;2
"47668";47668;2
"47669";47669;2
"47670";47670;2
"47671";47671;1
"47672";47672;1
"47673";47673;1
"47674";47674;2
"47675";47675;1
"47676";47676;1
"47677";47677;1
"47678";47678;2
"47679";47679;2
"47680";47680;1
"47681";47681;1
"47682";47682;2
"47683";47683;2
"47684";47684;1
"47685";47685;1
"47686";47686;1
"47687";47687;2
"47688";47688;1
"47689";47689;1
"47690";47690;1
"47691";47691;1
"47692";47692;2
"47693";47693;2
"47694";47694;2
"47695";47695;2
"47696";47696;1
"47697";47697;2
"47698";47698;2
"47699";47699;1
"47700";47700;1
"47701";47701;1
"47702";47702;2
"47703";47703;2
"47704";47704;1
"47705";47705;2
"47706";47706;1
"47707";47707;2
"47708";47708;1
"47709";47709;1
"47710";47710;1
"47711";47711;1
"47712";47712;1
"47713";47713;1
"47714";47714;1
"47715";47715;1
"47716";47716;1
"47717";47717;2
"47718";47718;1
"47719";47719;2
"47720";47720;1
"47721";47721;1
"47722";47722;1
"47723";47723;1
"47724";47724;1
"47725";47725;1
"47726";47726;1
"47727";47727;1
"47728";47728;1
"47729";47729;1
"47730";47730;1
"47731";47731;1
"47732";47732;2
"47733";47733;2
"47734";47734;1
"47735";47735;2
"47736";47736;1
"47737";47737;1
"47738";47738;1
"47739";47739;1
"47740";47740;2
"47741";47741;1
"47742";47742;1
"47743";47743;2
"47744";47744;2
"47745";47745;2
"47746";47746;2
"47747";47747;1
"47748";47748;1
"47749";47749;1
"47750";47750;1
"47751";47751;1
"47752";47752;2
"47753";47753;2
"47754";47754;0
"47755";47755;1
"47756";47756;2
"47757";47757;1
"47758";47758;1
"47759";47759;2
"47760";47760;1
"47761";47761;1
"47762";47762;1
"47763";47763;1
"47764";47764;1
"47765";47765;1
"47766";47766;1
"47767";47767;1
"47768";47768;1
"47769";47769;1
"47770";47770;1
"47771";47771;2
"47772";47772;1
"47773";47773;1
"47774";47774;2
"47775";47775;1
"47776";47776;2
"47777";47777;1
"47778";47778;1
"47779";47779;1
"47780";47780;1
"47781";47781;1
"47782";47782;1
"47783";47783;1
"47784";47784;1
"47785";47785;1
"47786";47786;1
"47787";47787;1
"47788";47788;1
"47789";47789;1
"47790";47790;1
"47791";47791;2
"47792";47792;2
"47793";47793;2
"47794";47794;1
"47795";47795;1
"47796";47796;1
"47797";47797;2
"47798";47798;1
"47799";47799;1
"47800";47800;1
"47801";47801;2
"47802";47802;2
"47803";47803;1
"47804";47804;1
"47805";47805;1
"47806";47806;2
"47807";47807;2
"47808";47808;1
"47809";47809;1
"47810";47810;1
"47811";47811;1
"47812";47812;1
"47813";47813;1
"47814";47814;2
"47815";47815;2
"47816";47816;1
"47817";47817;2
"47818";47818;2
"47819";47819;1
"47820";47820;2
"47821";47821;2
"47822";47822;1
"47823";47823;1
"47824";47824;2
"47825";47825;1
"47826";47826;1
"47827";47827;1
"47828";47828;1
"47829";47829;2
"47830";47830;2
"47831";47831;1
"47832";47832;1
"47833";47833;2
"47834";47834;1
"47835";47835;1
"47836";47836;2
"47837";47837;1
"47838";47838;1
"47839";47839;2
"47840";47840;2
"47841";47841;2
"47842";47842;2
"47843";47843;1
"47844";47844;1
"47845";47845;1
"47846";47846;1
"47847";47847;1
"47848";47848;1
"47849";47849;2
"47850";47850;1
"47851";47851;1
"47852";47852;2
"47853";47853;2
"47854";47854;1
"47855";47855;2
"47856";47856;1
"47857";47857;2
"47858";47858;2
"47859";47859;1
"47860";47860;1
"47861";47861;1
"47862";47862;1
"47863";47863;2
"47864";47864;1
"47865";47865;1
"47866";47866;1
"47867";47867;1
"47868";47868;1
"47869";47869;1
"47870";47870;2
"47871";47871;1
"47872";47872;2
"47873";47873;1
"47874";47874;1
"47875";47875;2
"47876";47876;1
"47877";47877;2
"47878";47878;1
"47879";47879;1
"47880";47880;1
"47881";47881;2
"47882";47882;1
"47883";47883;2
"47884";47884;2
"47885";47885;1
"47886";47886;1
"47887";47887;1
"47888";47888;1
"47889";47889;1
"47890";47890;1
"47891";47891;1
"47892";47892;1
"47893";47893;1
"47894";47894;2
"47895";47895;1
"47896";47896;1
"47897";47897;1
"47898";47898;1
"47899";47899;1
"47900";47900;2
"47901";47901;2
"47902";47902;1
"47903";47903;1
"47904";47904;2
"47905";47905;2
"47906";47906;1
"47907";47907;2
"47908";47908;1
"47909";47909;2
"47910";47910;2
"47911";47911;2
"47912";47912;2
"47913";47913;2
"47914";47914;2
"47915";47915;2
"47916";47916;1
"47917";47917;1
"47918";47918;2
"47919";47919;2
"47920";47920;2
"47921";47921;2
"47922";47922;1
"47923";47923;1
"47924";47924;1
"47925";47925;2
"47926";47926;2
"47927";47927;1
"47928";47928;1
"47929";47929;1
"47930";47930;1
"47931";47931;2
"47932";47932;1
"47933";47933;2
"47934";47934;2
"47935";47935;1
"47936";47936;1
"47937";47937;1
"47938";47938;1
"47939";47939;1
"47940";47940;2
"47941";47941;1
"47942";47942;2
"47943";47943;2
"47944";47944;2
"47945";47945;1
"47946";47946;2
"47947";47947;1
"47948";47948;2
"47949";47949;2
"47950";47950;1
"47951";47951;1
"47952";47952;1
"47953";47953;1
"47954";47954;1
"47955";47955;2
"47956";47956;1
"47957";47957;1
"47958";47958;1
"47959";47959;1
"47960";47960;1
"47961";47961;2
"47962";47962;2
"47963";47963;1
"47964";47964;2
"47965";47965;1
"47966";47966;2
"47967";47967;1
"47968";47968;1
"47969";47969;1
"47970";47970;2
"47971";47971;2
"47972";47972;1
"47973";47973;1
"47974";47974;1
"47975";47975;1
"47976";47976;1
"47977";47977;1
"47978";47978;1
"47979";47979;1
"47980";47980;1
"47981";47981;2
"47982";47982;1
"47983";47983;2
"47984";47984;1
"47985";47985;2
"47986";47986;1
"47987";47987;1
"47988";47988;2
"47989";47989;2
"47990";47990;2
"47991";47991;1
"47992";47992;2
"47993";47993;2
"47994";47994;1
"47995";47995;2
"47996";47996;1
"47997";47997;2
"47998";47998;1
"47999";47999;1
"48000";48000;1
"48001";48001;0
"48002";48002;2
"48003";48003;1
"48004";48004;1
"48005";48005;1
"48006";48006;2
"48007";48007;2
"48008";48008;2
"48009";48009;2
"48010";48010;2
"48011";48011;2
"48012";48012;2
"48013";48013;2
"48014";48014;2
"48015";48015;2
"48016";48016;2
"48017";48017;1
"48018";48018;2
"48019";48019;2
"48020";48020;1
"48021";48021;2
"48022";48022;1
"48023";48023;2
"48024";48024;1
"48025";48025;2
"48026";48026;2
"48027";48027;2
"48028";48028;1
"48029";48029;1
"48030";48030;2
"48031";48031;2
"48032";48032;1
"48033";48033;1
"48034";48034;1
"48035";48035;2
"48036";48036;1
"48037";48037;1
"48038";48038;1
"48039";48039;2
"48040";48040;2
"48041";48041;2
"48042";48042;1
"48043";48043;2
"48044";48044;2
"48045";48045;2
"48046";48046;2
"48047";48047;2
"48048";48048;2
"48049";48049;1
"48050";48050;1
"48051";48051;2
"48052";48052;1
"48053";48053;2
"48054";48054;2
"48055";48055;1
"48056";48056;1
"48057";48057;1
"48058";48058;1
"48059";48059;1
"48060";48060;1
"48061";48061;1
"48062";48062;2
"48063";48063;2
"48064";48064;2
"48065";48065;2
"48066";48066;1
"48067";48067;2
"48068";48068;1
"48069";48069;2
"48070";48070;1
"48071";48071;1
"48072";48072;1
"48073";48073;1
"48074";48074;2
"48075";48075;1
"48076";48076;1
"48077";48077;1
"48078";48078;1
"48079";48079;2
"48080";48080;1
"48081";48081;2
"48082";48082;2
"48083";48083;2
"48084";48084;2
"48085";48085;2
"48086";48086;1
"48087";48087;1
"48088";48088;1
"48089";48089;1
"48090";48090;1
"48091";48091;1
"48092";48092;1
"48093";48093;2
"48094";48094;2
"48095";48095;2
"48096";48096;2
"48097";48097;2
"48098";48098;2
"48099";48099;1
"48100";48100;1
"48101";48101;2
"48102";48102;1
"48103";48103;1
"48104";48104;1
"48105";48105;1
"48106";48106;2
"48107";48107;2
"48108";48108;2
"48109";48109;2
"48110";48110;2
"48111";48111;2
"48112";48112;2
"48113";48113;2
"48114";48114;2
"48115";48115;1
"48116";48116;2
"48117";48117;1
"48118";48118;1
"48119";48119;2
"48120";48120;1
"48121";48121;1
"48122";48122;1
"48123";48123;1
"48124";48124;1
"48125";48125;2
"48126";48126;2
"48127";48127;1
"48128";48128;0
"48129";48129;1
"48130";48130;1
"48131";48131;1
"48132";48132;1
"48133";48133;2
"48134";48134;2
"48135";48135;2
"48136";48136;2
"48137";48137;2
"48138";48138;1
"48139";48139;2
"48140";48140;2
"48141";48141;2
"48142";48142;1
"48143";48143;1
"48144";48144;2
"48145";48145;1
"48146";48146;1
"48147";48147;1
"48148";48148;1
"48149";48149;2
"48150";48150;1
"48151";48151;2
"48152";48152;1
"48153";48153;1
"48154";48154;2
"48155";48155;1
"48156";48156;1
"48157";48157;1
"48158";48158;2
"48159";48159;1
"48160";48160;1
"48161";48161;1
"48162";48162;1
"48163";48163;1
"48164";48164;1
"48165";48165;2
"48166";48166;1
"48167";48167;1
"48168";48168;2
"48169";48169;1
"48170";48170;1
"48171";48171;1
"48172";48172;1
"48173";48173;1
"48174";48174;1
"48175";48175;2
"48176";48176;2
"48177";48177;2
"48178";48178;1
"48179";48179;1
"48180";48180;2
"48181";48181;2
"48182";48182;1
"48183";48183;1
"48184";48184;2
"48185";48185;2
"48186";48186;2
"48187";48187;2
"48188";48188;1
"48189";48189;2
"48190";48190;1
"48191";48191;1
"48192";48192;1
"48193";48193;1
"48194";48194;2
"48195";48195;1
"48196";48196;1
"48197";48197;1
"48198";48198;1
"48199";48199;1
"48200";48200;1
"48201";48201;1
"48202";48202;1
"48203";48203;1
"48204";48204;1
"48205";48205;2
"48206";48206;1
"48207";48207;1
"48208";48208;2
"48209";48209;1
"48210";48210;2
"48211";48211;1
"48212";48212;2
"48213";48213;2
"48214";48214;2
"48215";48215;1
"48216";48216;2
"48217";48217;1
"48218";48218;2
"48219";48219;1
"48220";48220;1
"48221";48221;1
"48222";48222;1
"48223";48223;1
"48224";48224;1
"48225";48225;1
"48226";48226;1
"48227";48227;2
"48228";48228;1
"48229";48229;2
"48230";48230;1
"48231";48231;1
"48232";48232;1
"48233";48233;2
"48234";48234;1
"48235";48235;2
"48236";48236;2
"48237";48237;1
"48238";48238;2
"48239";48239;2
"48240";48240;1
"48241";48241;1
"48242";48242;2
"48243";48243;2
"48244";48244;1
"48245";48245;1
"48246";48246;2
"48247";48247;2
"48248";48248;2
"48249";48249;1
"48250";48250;1
"48251";48251;1
"48252";48252;1
"48253";48253;2
"48254";48254;2
"48255";48255;2
"48256";48256;1
"48257";48257;1
"48258";48258;1
"48259";48259;2
"48260";48260;1
"48261";48261;2
"48262";48262;2
"48263";48263;1
"48264";48264;1
"48265";48265;1
"48266";48266;1
"48267";48267;1
"48268";48268;2
"48269";48269;2
"48270";48270;2
"48271";48271;2
"48272";48272;2
"48273";48273;2
"48274";48274;0
"48275";48275;2
"48276";48276;2
"48277";48277;2
"48278";48278;2
"48279";48279;2
"48280";48280;2
"48281";48281;2
"48282";48282;2
"48283";48283;2
"48284";48284;2
"48285";48285;2
"48286";48286;2
"48287";48287;2
"48288";48288;2
"48289";48289;2
"48290";48290;2
"48291";48291;2
"48292";48292;1
"48293";48293;2
"48294";48294;2
"48295";48295;2
"48296";48296;2
"48297";48297;2
"48298";48298;1
"48299";48299;2
"48300";48300;2
"48301";48301;2
"48302";48302;2
"48303";48303;2
"48304";48304;2
"48305";48305;2
"48306";48306;2
"48307";48307;2
"48308";48308;2
"48309";48309;1
"48310";48310;2
"48311";48311;2
"48312";48312;2
"48313";48313;2
"48314";48314;2
"48315";48315;2
"48316";48316;2
"48317";48317;2
"48318";48318;2
"48319";48319;2
"48320";48320;2
"48321";48321;2
"48322";48322;2
"48323";48323;2
"48324";48324;2
"48325";48325;2
"48326";48326;2
"48327";48327;2
"48328";48328;2
"48329";48329;2
"48330";48330;1
"48331";48331;2
"48332";48332;2
"48333";48333;2
"48334";48334;2
"48335";48335;2
"48336";48336;2
"48337";48337;1
"48338";48338;2
"48339";48339;2
"48340";48340;2
"48341";48341;2
"48342";48342;2
"48343";48343;2
"48344";48344;2
"48345";48345;2
"48346";48346;2
"48347";48347;2
"48348";48348;1
"48349";48349;2
"48350";48350;2
"48351";48351;2
"48352";48352;1
"48353";48353;1
"48354";48354;2
"48355";48355;2
"48356";48356;2
"48357";48357;2
"48358";48358;2
"48359";48359;2
"48360";48360;2
"48361";48361;1
"48362";48362;2
"48363";48363;1
"48364";48364;2
"48365";48365;2
"48366";48366;2
"48367";48367;2
"48368";48368;2
"48369";48369;2
"48370";48370;2
"48371";48371;2
"48372";48372;2
"48373";48373;2
"48374";48374;2
"48375";48375;2
"48376";48376;2
"48377";48377;2
"48378";48378;2
"48379";48379;2
"48380";48380;2
"48381";48381;2
"48382";48382;1
"48383";48383;2
"48384";48384;2
"48385";48385;2
"48386";48386;2
"48387";48387;2
"48388";48388;2
"48389";48389;2
"48390";48390;1
"48391";48391;2
"48392";48392;1
"48393";48393;1
"48394";48394;2
"48395";48395;1
"48396";48396;1
"48397";48397;2
"48398";48398;1
"48399";48399;2
"48400";48400;2
"48401";48401;2
"48402";48402;2
"48403";48403;2
"48404";48404;1
"48405";48405;2
"48406";48406;2
"48407";48407;2
"48408";48408;2
"48409";48409;2
"48410";48410;1
"48411";48411;2
"48412";48412;2
"48413";48413;1
"48414";48414;2
"48415";48415;2
"48416";48416;2
"48417";48417;2
"48418";48418;2
"48419";48419;2
"48420";48420;2
"48421";48421;1
"48422";48422;1
"48423";48423;2
"48424";48424;2
"48425";48425;2
"48426";48426;2
"48427";48427;1
"48428";48428;2
"48429";48429;2
"48430";48430;1
"48431";48431;1
"48432";48432;2
"48433";48433;2
"48434";48434;2
"48435";48435;2
"48436";48436;2
"48437";48437;2
"48438";48438;2
"48439";48439;2
"48440";48440;2
"48441";48441;2
"48442";48442;1
"48443";48443;2
"48444";48444;1
"48445";48445;2
"48446";48446;2
"48447";48447;2
"48448";48448;2
"48449";48449;1
"48450";48450;1
"48451";48451;1
"48452";48452;1
"48453";48453;1
"48454";48454;1
"48455";48455;2
"48456";48456;1
"48457";48457;1
"48458";48458;2
"48459";48459;2
"48460";48460;2
"48461";48461;1
"48462";48462;1
"48463";48463;1
"48464";48464;2
"48465";48465;1
"48466";48466;1
"48467";48467;1
"48468";48468;1
"48469";48469;2
"48470";48470;1
"48471";48471;1
"48472";48472;1
"48473";48473;1
"48474";48474;2
"48475";48475;2
"48476";48476;1
"48477";48477;1
"48478";48478;1
"48479";48479;1
"48480";48480;1
"48481";48481;1
"48482";48482;2
"48483";48483;2
"48484";48484;1
"48485";48485;1
"48486";48486;1
"48487";48487;1
"48488";48488;1
"48489";48489;1
"48490";48490;1
"48491";48491;2
"48492";48492;1
"48493";48493;1
"48494";48494;2
"48495";48495;2
"48496";48496;1
"48497";48497;1
"48498";48498;2
"48499";48499;2
"48500";48500;1
"48501";48501;2
"48502";48502;1
"48503";48503;1
"48504";48504;1
"48505";48505;2
"48506";48506;2
"48507";48507;0
"48508";48508;2
"48509";48509;2
"48510";48510;1
"48511";48511;2
"48512";48512;1
"48513";48513;2
"48514";48514;1
"48515";48515;1
"48516";48516;2
"48517";48517;2
"48518";48518;2
"48519";48519;2
"48520";48520;1
"48521";48521;2
"48522";48522;2
"48523";48523;1
"48524";48524;2
"48525";48525;2
"48526";48526;1
"48527";48527;1
"48528";48528;2
"48529";48529;2
"48530";48530;2
"48531";48531;1
"48532";48532;1
"48533";48533;2
"48534";48534;2
"48535";48535;1
"48536";48536;2
"48537";48537;2
"48538";48538;2
"48539";48539;1
"48540";48540;1
"48541";48541;0
"48542";48542;1
"48543";48543;2
"48544";48544;1
"48545";48545;1
"48546";48546;1
"48547";48547;1
"48548";48548;1
"48549";48549;2
"48550";48550;2
"48551";48551;1
"48552";48552;2
"48553";48553;1
"48554";48554;1
"48555";48555;1
"48556";48556;1
"48557";48557;1
"48558";48558;1
"48559";48559;2
"48560";48560;2
"48561";48561;2
"48562";48562;1
"48563";48563;1
"48564";48564;2
"48565";48565;1
"48566";48566;2
"48567";48567;2
"48568";48568;1
"48569";48569;2
"48570";48570;2
"48571";48571;2
"48572";48572;1
"48573";48573;1
"48574";48574;1
"48575";48575;1
"48576";48576;2
"48577";48577;2
"48578";48578;1
"48579";48579;2
"48580";48580;2
"48581";48581;1
"48582";48582;2
"48583";48583;1
"48584";48584;2
"48585";48585;1
"48586";48586;1
"48587";48587;2
"48588";48588;1
"48589";48589;2
"48590";48590;1
"48591";48591;2
"48592";48592;2
"48593";48593;1
"48594";48594;1
"48595";48595;1
"48596";48596;1
"48597";48597;1
"48598";48598;1
"48599";48599;1
"48600";48600;2
"48601";48601;1
"48602";48602;1
"48603";48603;1
"48604";48604;1
"48605";48605;1
"48606";48606;2
"48607";48607;2
"48608";48608;1
"48609";48609;2
"48610";48610;1
"48611";48611;2
"48612";48612;1
"48613";48613;1
"48614";48614;1
"48615";48615;1
"48616";48616;1
"48617";48617;2
"48618";48618;1
"48619";48619;1
"48620";48620;2
"48621";48621;2
"48622";48622;1
"48623";48623;2
"48624";48624;2
"48625";48625;2
"48626";48626;1
"48627";48627;1
"48628";48628;2
"48629";48629;2
"48630";48630;2
"48631";48631;2
"48632";48632;2
"48633";48633;2
"48634";48634;2
"48635";48635;1
"48636";48636;2
"48637";48637;2
"48638";48638;2
"48639";48639;2
"48640";48640;2
"48641";48641;2
"48642";48642;2
"48643";48643;2
"48644";48644;2
"48645";48645;2
"48646";48646;2
"48647";48647;1
"48648";48648;2
"48649";48649;2
"48650";48650;2
"48651";48651;2
"48652";48652;2
"48653";48653;2
"48654";48654;2
"48655";48655;2
"48656";48656;1
"48657";48657;2
"48658";48658;2
"48659";48659;2
"48660";48660;1
"48661";48661;2
"48662";48662;1
"48663";48663;2
"48664";48664;2
"48665";48665;2
"48666";48666;2
"48667";48667;2
"48668";48668;1
"48669";48669;0
"48670";48670;2
"48671";48671;2
"48672";48672;2
"48673";48673;2
"48674";48674;0
"48675";48675;2
"48676";48676;2
"48677";48677;2
"48678";48678;1
"48679";48679;2
"48680";48680;2
"48681";48681;2
"48682";48682;2
"48683";48683;1
"48684";48684;2
"48685";48685;1
"48686";48686;2
"48687";48687;2
"48688";48688;2
"48689";48689;2
"48690";48690;2
"48691";48691;2
"48692";48692;2
"48693";48693;2
"48694";48694;2
"48695";48695;2
"48696";48696;2
"48697";48697;2
"48698";48698;1
"48699";48699;2
"48700";48700;2
"48701";48701;1
"48702";48702;2
"48703";48703;2
"48704";48704;2
"48705";48705;1
"48706";48706;2
"48707";48707;2
"48708";48708;2
"48709";48709;1
"48710";48710;2
"48711";48711;1
"48712";48712;2
"48713";48713;2
"48714";48714;1
"48715";48715;1
"48716";48716;1
"48717";48717;2
"48718";48718;2
"48719";48719;1
"48720";48720;2
"48721";48721;2
"48722";48722;2
"48723";48723;2
"48724";48724;1
"48725";48725;2
"48726";48726;2
"48727";48727;1
"48728";48728;2
"48729";48729;2
"48730";48730;1
"48731";48731;1
"48732";48732;2
"48733";48733;1
"48734";48734;2
"48735";48735;2
"48736";48736;1
"48737";48737;2
"48738";48738;2
"48739";48739;2
"48740";48740;2
"48741";48741;1
"48742";48742;1
"48743";48743;1
"48744";48744;1
"48745";48745;1
"48746";48746;2
"48747";48747;1
"48748";48748;0
"48749";48749;0
"48750";48750;0
"48751";48751;2
"48752";48752;1
"48753";48753;1
"48754";48754;1
"48755";48755;1
"48756";48756;1
"48757";48757;2
"48758";48758;1
"48759";48759;1
"48760";48760;2
"48761";48761;1
"48762";48762;2
"48763";48763;1
"48764";48764;2
"48765";48765;1
"48766";48766;1
"48767";48767;1
"48768";48768;2
"48769";48769;1
"48770";48770;1
"48771";48771;1
"48772";48772;1
"48773";48773;1
"48774";48774;2
"48775";48775;1
"48776";48776;1
"48777";48777;2
"48778";48778;1
"48779";48779;2
"48780";48780;1
"48781";48781;2
"48782";48782;2
"48783";48783;2
"48784";48784;1
"48785";48785;1
"48786";48786;1
"48787";48787;1
"48788";48788;2
"48789";48789;1
"48790";48790;1
"48791";48791;1
"48792";48792;1
"48793";48793;2
"48794";48794;1
"48795";48795;2
"48796";48796;1
"48797";48797;2
"48798";48798;2
"48799";48799;1
"48800";48800;1
"48801";48801;1
"48802";48802;1
"48803";48803;1
"48804";48804;1
"48805";48805;1
"48806";48806;1
"48807";48807;1
"48808";48808;2
"48809";48809;1
"48810";48810;1
"48811";48811;1
"48812";48812;2
"48813";48813;2
"48814";48814;1
"48815";48815;1
"48816";48816;1
"48817";48817;1
"48818";48818;1
"48819";48819;1
"48820";48820;2
"48821";48821;1
"48822";48822;2
"48823";48823;2
"48824";48824;2
"48825";48825;1
"48826";48826;2
"48827";48827;1
"48828";48828;2
"48829";48829;1
"48830";48830;2
"48831";48831;2
"48832";48832;1
"48833";48833;1
"48834";48834;2
"48835";48835;2
"48836";48836;2
"48837";48837;2
"48838";48838;2
"48839";48839;2
"48840";48840;2
"48841";48841;1
"48842";48842;2
"48843";48843;1
"48844";48844;1
"48845";48845;2
"48846";48846;1
"48847";48847;1
"48848";48848;1
"48849";48849;2
"48850";48850;1
"48851";48851;2
"48852";48852;2
"48853";48853;1
"48854";48854;1
"48855";48855;1
"48856";48856;2
"48857";48857;2
"48858";48858;1
"48859";48859;2
"48860";48860;1
"48861";48861;1
"48862";48862;2
"48863";48863;1
"48864";48864;2
"48865";48865;2
"48866";48866;1
"48867";48867;2
"48868";48868;2
"48869";48869;1
"48870";48870;1
"48871";48871;1
"48872";48872;2
"48873";48873;1
"48874";48874;1
"48875";48875;1
"48876";48876;1
"48877";48877;2
"48878";48878;1
"48879";48879;1
"48880";48880;1
"48881";48881;1
"48882";48882;1
"48883";48883;1
"48884";48884;1
"48885";48885;1
"48886";48886;1
"48887";48887;2
"48888";48888;1
"48889";48889;2
"48890";48890;2
"48891";48891;2
"48892";48892;2
"48893";48893;1
"48894";48894;2
"48895";48895;1
"48896";48896;1
"48897";48897;1
"48898";48898;1
"48899";48899;2
"48900";48900;1
"48901";48901;1
"48902";48902;1
"48903";48903;2
"48904";48904;1
"48905";48905;1
"48906";48906;1
"48907";48907;2
"48908";48908;1
"48909";48909;1
"48910";48910;1
"48911";48911;1
"48912";48912;2
"48913";48913;2
"48914";48914;1
"48915";48915;1
"48916";48916;1
"48917";48917;1
"48918";48918;1
"48919";48919;1
"48920";48920;1
"48921";48921;1
"48922";48922;1
"48923";48923;1
"48924";48924;1
"48925";48925;1
"48926";48926;1
"48927";48927;2
"48928";48928;2
"48929";48929;2
"48930";48930;1
"48931";48931;1
"48932";48932;2
"48933";48933;1
"48934";48934;1
"48935";48935;1
"48936";48936;1
"48937";48937;1
"48938";48938;1
"48939";48939;1
"48940";48940;1
"48941";48941;2
"48942";48942;2
"48943";48943;1
"48944";48944;1
"48945";48945;1
"48946";48946;1
"48947";48947;1
"48948";48948;1
"48949";48949;2
"48950";48950;2
"48951";48951;2
"48952";48952;2
"48953";48953;1
"48954";48954;1
"48955";48955;2
"48956";48956;1
"48957";48957;2
"48958";48958;1
"48959";48959;1
"48960";48960;2
"48961";48961;1
"48962";48962;1
"48963";48963;1
"48964";48964;1
"48965";48965;1
"48966";48966;1
"48967";48967;1
"48968";48968;1
"48969";48969;2
"48970";48970;1
"48971";48971;1
"48972";48972;1
"48973";48973;1
"48974";48974;1
"48975";48975;2
"48976";48976;2
"48977";48977;1
"48978";48978;2
"48979";48979;1
"48980";48980;2
"48981";48981;1
"48982";48982;2
"48983";48983;2
"48984";48984;1
"48985";48985;2
"48986";48986;1
"48987";48987;1
"48988";48988;1
"48989";48989;2
"48990";48990;2
"48991";48991;1
"48992";48992;2
"48993";48993;2
"48994";48994;0
"48995";48995;2
"48996";48996;2
"48997";48997;2
"48998";48998;2
"48999";48999;1
"49000";49000;1
"49001";49001;1
"49002";49002;1
"49003";49003;2
"49004";49004;1
"49005";49005;2
"49006";49006;1
"49007";49007;1
"49008";49008;1
"49009";49009;1
"49010";49010;1
"49011";49011;1
"49012";49012;1
"49013";49013;1
"49014";49014;1
"49015";49015;2
"49016";49016;2
"49017";49017;1
"49018";49018;2
"49019";49019;1
"49020";49020;1
"49021";49021;2
"49022";49022;1
"49023";49023;1
"49024";49024;1
"49025";49025;2
"49026";49026;1
"49027";49027;2
"49028";49028;1
"49029";49029;2
"49030";49030;1
"49031";49031;1
"49032";49032;1
"49033";49033;1
"49034";49034;1
"49035";49035;1
"49036";49036;1
"49037";49037;2
"49038";49038;1
"49039";49039;1
"49040";49040;1
"49041";49041;1
"49042";49042;1
"49043";49043;2
"49044";49044;1
"49045";49045;2
"49046";49046;1
"49047";49047;1
"49048";49048;1
"49049";49049;1
"49050";49050;1
"49051";49051;1
"49052";49052;1
"49053";49053;1
"49054";49054;1
"49055";49055;2
"49056";49056;2
"49057";49057;1
"49058";49058;2
"49059";49059;1
"49060";49060;2
"49061";49061;2
"49062";49062;2
"49063";49063;1
"49064";49064;1
"49065";49065;1
"49066";49066;1
"49067";49067;2
"49068";49068;2
"49069";49069;2
"49070";49070;2
"49071";49071;2
"49072";49072;2
"49073";49073;2
"49074";49074;1
"49075";49075;1
"49076";49076;1
"49077";49077;1
"49078";49078;2
"49079";49079;2
"49080";49080;2
"49081";49081;2
"49082";49082;1
"49083";49083;1
"49084";49084;1
"49085";49085;2
"49086";49086;2
"49087";49087;2
"49088";49088;2
"49089";49089;2
"49090";49090;1
"49091";49091;2
"49092";49092;2
"49093";49093;2
"49094";49094;2
"49095";49095;2
"49096";49096;1
"49097";49097;1
"49098";49098;2
"49099";49099;1
"49100";49100;2
"49101";49101;2
"49102";49102;2
"49103";49103;1
"49104";49104;2
"49105";49105;2
"49106";49106;2
"49107";49107;1
"49108";49108;2
"49109";49109;1
"49110";49110;1
"49111";49111;2
"49112";49112;1
"49113";49113;2
"49114";49114;1
"49115";49115;1
"49116";49116;2
"49117";49117;1
"49118";49118;2
"49119";49119;2
"49120";49120;1
"49121";49121;2
"49122";49122;1
"49123";49123;2
"49124";49124;1
"49125";49125;2
"49126";49126;2
"49127";49127;2
"49128";49128;1
"49129";49129;1
"49130";49130;1
"49131";49131;1
"49132";49132;1
"49133";49133;2
"49134";49134;2
"49135";49135;2
"49136";49136;2
"49137";49137;2
"49138";49138;1
"49139";49139;1
"49140";49140;2
"49141";49141;1
"49142";49142;2
"49143";49143;1
"49144";49144;2
"49145";49145;1
"49146";49146;1
"49147";49147;2
"49148";49148;1
"49149";49149;2
"49150";49150;1
"49151";49151;1
"49152";49152;1
"49153";49153;2
"49154";49154;1
"49155";49155;1
"49156";49156;1
"49157";49157;1
"49158";49158;2
"49159";49159;2
"49160";49160;1
"49161";49161;1
"49162";49162;2
"49163";49163;2
"49164";49164;1
"49165";49165;1
"49166";49166;1
"49167";49167;2
"49168";49168;1
"49169";49169;1
"49170";49170;2
"49171";49171;1
"49172";49172;2
"49173";49173;2
"49174";49174;2
"49175";49175;1
"49176";49176;1
"49177";49177;2
"49178";49178;1
"49179";49179;2
"49180";49180;1
"49181";49181;2
"49182";49182;2
"49183";49183;2
"49184";49184;2
"49185";49185;1
"49186";49186;2
"49187";49187;2
"49188";49188;2
"49189";49189;1
"49190";49190;2
"49191";49191;1
"49192";49192;2
"49193";49193;2
"49194";49194;2
"49195";49195;2
"49196";49196;1
"49197";49197;1
"49198";49198;1
"49199";49199;1
"49200";49200;1
"49201";49201;1
"49202";49202;2
"49203";49203;1
"49204";49204;2
"49205";49205;1
"49206";49206;1
"49207";49207;1
"49208";49208;1
"49209";49209;1
"49210";49210;1
"49211";49211;1
"49212";49212;1
"49213";49213;2
"49214";49214;1
"49215";49215;2
"49216";49216;1
"49217";49217;1
"49218";49218;1
"49219";49219;1
"49220";49220;1
"49221";49221;2
"49222";49222;1
"49223";49223;1
"49224";49224;1
"49225";49225;1
"49226";49226;2
"49227";49227;1
"49228";49228;1
"49229";49229;1
"49230";49230;1
"49231";49231;2
"49232";49232;1
"49233";49233;2
"49234";49234;1
"49235";49235;2
"49236";49236;1
"49237";49237;1
"49238";49238;1
"49239";49239;1
"49240";49240;1
"49241";49241;2
"49242";49242;1
"49243";49243;1
"49244";49244;1
"49245";49245;1
"49246";49246;1
"49247";49247;1
"49248";49248;2
"49249";49249;1
"49250";49250;2
"49251";49251;1
"49252";49252;2
"49253";49253;1
"49254";49254;1
"49255";49255;1
"49256";49256;1
"49257";49257;1
"49258";49258;1
"49259";49259;2
"49260";49260;1
"49261";49261;1
"49262";49262;1
"49263";49263;1
"49264";49264;1
"49265";49265;1
"49266";49266;1
"49267";49267;1
"49268";49268;1
"49269";49269;1
"49270";49270;1
"49271";49271;1
"49272";49272;1
"49273";49273;2
"49274";49274;2
"49275";49275;1
"49276";49276;1
"49277";49277;1
"49278";49278;2
"49279";49279;1
"49280";49280;1
"49281";49281;1
"49282";49282;2
"49283";49283;1
"49284";49284;2
"49285";49285;2
"49286";49286;1
"49287";49287;1
"49288";49288;1
"49289";49289;1
"49290";49290;1
"49291";49291;2
"49292";49292;2
"49293";49293;2
"49294";49294;1
"49295";49295;1
"49296";49296;2
"49297";49297;1
"49298";49298;1
"49299";49299;1
"49300";49300;1
"49301";49301;1
"49302";49302;1
"49303";49303;1
"49304";49304;1
"49305";49305;2
"49306";49306;2
"49307";49307;1
"49308";49308;1
"49309";49309;2
"49310";49310;2
"49311";49311;1
"49312";49312;1
"49313";49313;2
"49314";49314;1
"49315";49315;2
"49316";49316;2
"49317";49317;2
"49318";49318;2
"49319";49319;2
"49320";49320;2
"49321";49321;2
"49322";49322;2
"49323";49323;0
"49324";49324;1
"49325";49325;2
"49326";49326;1
"49327";49327;1
"49328";49328;1
"49329";49329;2
"49330";49330;1
"49331";49331;1
"49332";49332;2
"49333";49333;2
"49334";49334;2
"49335";49335;2
"49336";49336;1
"49337";49337;1
"49338";49338;1
"49339";49339;1
"49340";49340;1
"49341";49341;2
"49342";49342;2
"49343";49343;2
"49344";49344;2
"49345";49345;2
"49346";49346;1
"49347";49347;1
"49348";49348;2
"49349";49349;1
"49350";49350;1
"49351";49351;1
"49352";49352;1
"49353";49353;2
"49354";49354;1
"49355";49355;1
"49356";49356;1
"49357";49357;0
"49358";49358;1
"49359";49359;1
"49360";49360;1
"49361";49361;1
"49362";49362;1
"49363";49363;1
"49364";49364;1
"49365";49365;1
"49366";49366;1
"49367";49367;1
"49368";49368;1
"49369";49369;2
"49370";49370;1
"49371";49371;2
"49372";49372;1
"49373";49373;1
"49374";49374;1
"49375";49375;1
"49376";49376;1
"49377";49377;1
"49378";49378;1
"49379";49379;1
"49380";49380;1
"49381";49381;1
"49382";49382;1
"49383";49383;1
"49384";49384;1
"49385";49385;2
"49386";49386;2
"49387";49387;2
"49388";49388;2
"49389";49389;2
"49390";49390;1
"49391";49391;2
"49392";49392;0
"49393";49393;1
"49394";49394;1
"49395";49395;1
"49396";49396;1
"49397";49397;1
"49398";49398;1
"49399";49399;1
"49400";49400;1
"49401";49401;1
"49402";49402;1
"49403";49403;1
"49404";49404;1
"49405";49405;1
"49406";49406;1
"49407";49407;1
"49408";49408;1
"49409";49409;1
"49410";49410;2
"49411";49411;2
"49412";49412;2
"49413";49413;1
"49414";49414;1
"49415";49415;1
"49416";49416;0
"49417";49417;1
"49418";49418;2
"49419";49419;1
"49420";49420;1
"49421";49421;1
"49422";49422;1
"49423";49423;1
"49424";49424;2
"49425";49425;1
"49426";49426;1
"49427";49427;1
"49428";49428;1
"49429";49429;1
"49430";49430;1
"49431";49431;1
"49432";49432;1
"49433";49433;2
"49434";49434;1
"49435";49435;1
"49436";49436;2
"49437";49437;1
"49438";49438;1
"49439";49439;1
"49440";49440;1
"49441";49441;1
"49442";49442;2
"49443";49443;1
"49444";49444;1
"49445";49445;1
"49446";49446;1
"49447";49447;1
"49448";49448;1
"49449";49449;1
"49450";49450;1
"49451";49451;1
"49452";49452;1
"49453";49453;2
"49454";49454;1
"49455";49455;1
"49456";49456;1
"49457";49457;2
"49458";49458;2
"49459";49459;2
"49460";49460;1
"49461";49461;1
"49462";49462;2
"49463";49463;1
"49464";49464;2
"49465";49465;2
"49466";49466;1
"49467";49467;2
"49468";49468;2
"49469";49469;1
"49470";49470;2
"49471";49471;1
"49472";49472;2
"49473";49473;2
"49474";49474;2
"49475";49475;2
"49476";49476;2
"49477";49477;1
"49478";49478;2
"49479";49479;1
"49480";49480;1
"49481";49481;2
"49482";49482;2
"49483";49483;2
"49484";49484;2
"49485";49485;2
"49486";49486;2
"49487";49487;2
"49488";49488;2
"49489";49489;2
"49490";49490;2
"49491";49491;2
"49492";49492;1
"49493";49493;1
"49494";49494;2
"49495";49495;2
"49496";49496;1
"49497";49497;1
"49498";49498;1
"49499";49499;1
"49500";49500;2
"49501";49501;1
"49502";49502;1
"49503";49503;1
"49504";49504;1
"49505";49505;1
"49506";49506;1
"49507";49507;1
"49508";49508;1
"49509";49509;1
"49510";49510;1
"49511";49511;1
"49512";49512;1
"49513";49513;2
"49514";49514;1
"49515";49515;1
"49516";49516;1
"49517";49517;1
"49518";49518;1
"49519";49519;2
"49520";49520;1
"49521";49521;1
"49522";49522;1
"49523";49523;1
"49524";49524;1
"49525";49525;1
"49526";49526;2
"49527";49527;1
"49528";49528;1
"49529";49529;1
"49530";49530;1
"49531";49531;1
"49532";49532;2
"49533";49533;2
"49534";49534;1
"49535";49535;0
"49536";49536;1
"49537";49537;2
"49538";49538;1
"49539";49539;1
"49540";49540;1
"49541";49541;2
"49542";49542;2
"49543";49543;1
"49544";49544;2
"49545";49545;2
"49546";49546;1
"49547";49547;2
"49548";49548;1
"49549";49549;1
"49550";49550;1
"49551";49551;1
"49552";49552;1
"49553";49553;1
"49554";49554;2
"49555";49555;2
"49556";49556;1
"49557";49557;1
"49558";49558;1
"49559";49559;1
"49560";49560;1
"49561";49561;1
"49562";49562;1
"49563";49563;1
"49564";49564;1
"49565";49565;1
"49566";49566;1
"49567";49567;1
"49568";49568;1
"49569";49569;1
"49570";49570;1
"49571";49571;1
"49572";49572;1
"49573";49573;1
"49574";49574;1
"49575";49575;2
"49576";49576;1
"49577";49577;1
"49578";49578;1
"49579";49579;2
"49580";49580;1
"49581";49581;1
"49582";49582;2
"49583";49583;1
"49584";49584;1
"49585";49585;1
"49586";49586;1
"49587";49587;1
"49588";49588;1
"49589";49589;1
"49590";49590;1
"49591";49591;1
"49592";49592;1
"49593";49593;1
"49594";49594;1
"49595";49595;1
"49596";49596;1
"49597";49597;1
"49598";49598;1
"49599";49599;1
"49600";49600;1
"49601";49601;1
"49602";49602;1
"49603";49603;1
"49604";49604;1
"49605";49605;2
"49606";49606;2
"49607";49607;1
"49608";49608;1
"49609";49609;1
"49610";49610;1
"49611";49611;1
"49612";49612;1
"49613";49613;1
"49614";49614;1
"49615";49615;1
"49616";49616;1
"49617";49617;1
"49618";49618;1
"49619";49619;1
"49620";49620;1
"49621";49621;1
"49622";49622;1
"49623";49623;1
"49624";49624;1
"49625";49625;1
"49626";49626;1
"49627";49627;1
"49628";49628;1
"49629";49629;1
"49630";49630;1
"49631";49631;1
"49632";49632;1
"49633";49633;1
"49634";49634;1
"49635";49635;1
"49636";49636;1
"49637";49637;1
"49638";49638;2
"49639";49639;1
"49640";49640;1
"49641";49641;1
"49642";49642;1
"49643";49643;1
"49644";49644;1
"49645";49645;1
"49646";49646;1
"49647";49647;1
"49648";49648;1
"49649";49649;1
"49650";49650;2
"49651";49651;2
"49652";49652;1
"49653";49653;1
"49654";49654;1
"49655";49655;1
"49656";49656;1
"49657";49657;1
"49658";49658;1
"49659";49659;1
"49660";49660;1
"49661";49661;1
"49662";49662;1
"49663";49663;1
"49664";49664;1
"49665";49665;1
"49666";49666;1
"49667";49667;2
"49668";49668;1
"49669";49669;1
"49670";49670;1
"49671";49671;1
"49672";49672;1
"49673";49673;1
"49674";49674;2
"49675";49675;1
"49676";49676;1
"49677";49677;1
"49678";49678;2
"49679";49679;1
"49680";49680;1
"49681";49681;1
"49682";49682;1
"49683";49683;1
"49684";49684;1
"49685";49685;1
"49686";49686;2
"49687";49687;1
"49688";49688;2
"49689";49689;1
"49690";49690;1
"49691";49691;1
"49692";49692;1
"49693";49693;1
"49694";49694;1
"49695";49695;2
"49696";49696;1
"49697";49697;1
"49698";49698;1
"49699";49699;1
"49700";49700;1
"49701";49701;1
"49702";49702;1
"49703";49703;1
"49704";49704;1
"49705";49705;1
"49706";49706;1
"49707";49707;1
"49708";49708;1
"49709";49709;1
"49710";49710;1
"49711";49711;1
"49712";49712;1
"49713";49713;1
"49714";49714;1
"49715";49715;2
"49716";49716;1
"49717";49717;1
"49718";49718;1
"49719";49719;0
"49720";49720;2
"49721";49721;1
"49722";49722;2
"49723";49723;2
"49724";49724;2
"49725";49725;2
"49726";49726;2
"49727";49727;1
"49728";49728;1
"49729";49729;1
"49730";49730;1
"49731";49731;1
"49732";49732;1
"49733";49733;1
"49734";49734;2
"49735";49735;1
"49736";49736;1
"49737";49737;1
"49738";49738;1
"49739";49739;1
"49740";49740;1
"49741";49741;1
"49742";49742;2
"49743";49743;1
"49744";49744;1
"49745";49745;1
"49746";49746;1
"49747";49747;1
"49748";49748;1
"49749";49749;1
"49750";49750;2
"49751";49751;1
"49752";49752;1
"49753";49753;1
"49754";49754;1
"49755";49755;1
"49756";49756;1
"49757";49757;1
"49758";49758;1
"49759";49759;1
"49760";49760;1
"49761";49761;1
"49762";49762;2
"49763";49763;1
"49764";49764;1
"49765";49765;1
"49766";49766;1
"49767";49767;1
"49768";49768;1
"49769";49769;1
"49770";49770;1
"49771";49771;1
"49772";49772;1
"49773";49773;1
"49774";49774;1
"49775";49775;1
"49776";49776;1
"49777";49777;1
"49778";49778;1
"49779";49779;1
"49780";49780;1
"49781";49781;1
"49782";49782;1
"49783";49783;1
"49784";49784;1
"49785";49785;1
"49786";49786;1
"49787";49787;2
"49788";49788;1
"49789";49789;1
"49790";49790;1
"49791";49791;1
"49792";49792;1
"49793";49793;1
"49794";49794;1
"49795";49795;2
"49796";49796;2
"49797";49797;1
"49798";49798;1
"49799";49799;1
"49800";49800;1
"49801";49801;2
"49802";49802;1
"49803";49803;1
"49804";49804;1
"49805";49805;1
"49806";49806;1
"49807";49807;1
"49808";49808;1
"49809";49809;1
"49810";49810;1
"49811";49811;1
"49812";49812;1
"49813";49813;1
"49814";49814;1
"49815";49815;1
"49816";49816;1
"49817";49817;1
"49818";49818;2
"49819";49819;1
"49820";49820;1
"49821";49821;1
"49822";49822;1
"49823";49823;1
"49824";49824;1
"49825";49825;1
"49826";49826;1
"49827";49827;1
"49828";49828;2
"49829";49829;1
"49830";49830;1
"49831";49831;1
"49832";49832;1
"49833";49833;1
"49834";49834;1
"49835";49835;1
"49836";49836;1
"49837";49837;1
"49838";49838;1
"49839";49839;2
"49840";49840;1
"49841";49841;1
"49842";49842;1
"49843";49843;1
"49844";49844;1
"49845";49845;1
"49846";49846;1
"49847";49847;1
"49848";49848;1
"49849";49849;1
"49850";49850;1
"49851";49851;1
"49852";49852;1
"49853";49853;1
"49854";49854;1
"49855";49855;1
"49856";49856;1
"49857";49857;1
"49858";49858;1
"49859";49859;1
"49860";49860;1
"49861";49861;1
"49862";49862;1
"49863";49863;1
"49864";49864;1
"49865";49865;1
"49866";49866;1
"49867";49867;1
"49868";49868;2
"49869";49869;1
"49870";49870;2
"49871";49871;1
"49872";49872;1
"49873";49873;1
"49874";49874;1
"49875";49875;1
"49876";49876;1
"49877";49877;2
"49878";49878;1
"49879";49879;2
"49880";49880;1
"49881";49881;1
"49882";49882;1
"49883";49883;1
"49884";49884;1
"49885";49885;1
"49886";49886;1
"49887";49887;1
"49888";49888;2
"49889";49889;1
"49890";49890;2
"49891";49891;1
"49892";49892;1
"49893";49893;2
"49894";49894;1
"49895";49895;2
"49896";49896;2
"49897";49897;2
"49898";49898;2
"49899";49899;2
"49900";49900;2
"49901";49901;2
"49902";49902;2
"49903";49903;2
"49904";49904;2
"49905";49905;2
"49906";49906;2
"49907";49907;2
"49908";49908;1
"49909";49909;2
"49910";49910;1
"49911";49911;2
"49912";49912;2
"49913";49913;1
"49914";49914;1
"49915";49915;2
"49916";49916;2
"49917";49917;1
"49918";49918;1
"49919";49919;0
"49920";49920;1
"49921";49921;1
"49922";49922;2
"49923";49923;0
"49924";49924;1
"49925";49925;1
"49926";49926;2
"49927";49927;1
"49928";49928;1
"49929";49929;1
"49930";49930;1
"49931";49931;2
"49932";49932;1
"49933";49933;1
"49934";49934;1
"49935";49935;2
"49936";49936;1
"49937";49937;1
"49938";49938;2
"49939";49939;2
"49940";49940;2
"49941";49941;2
"49942";49942;1
"49943";49943;1
"49944";49944;1
"49945";49945;2
"49946";49946;1
"49947";49947;1
"49948";49948;1
"49949";49949;2
"49950";49950;1
"49951";49951;2
"49952";49952;1
"49953";49953;1
"49954";49954;2
"49955";49955;1
"49956";49956;1
"49957";49957;2
"49958";49958;1
"49959";49959;1
"49960";49960;1
"49961";49961;1
"49962";49962;2
"49963";49963;1
"49964";49964;1
"49965";49965;2
"49966";49966;2
"49967";49967;1
"49968";49968;2
"49969";49969;1
"49970";49970;1
"49971";49971;1
"49972";49972;1
"49973";49973;2
"49974";49974;1
"49975";49975;1
"49976";49976;1
"49977";49977;0
"49978";49978;1
"49979";49979;2
"49980";49980;2
"49981";49981;2
"49982";49982;2
"49983";49983;2
"49984";49984;1
"49985";49985;2
"49986";49986;2
"49987";49987;2
"49988";49988;2
"49989";49989;2
"49990";49990;2
"49991";49991;2
"49992";49992;1
"49993";49993;2
"49994";49994;2
"49995";49995;2
"49996";49996;2
"49997";49997;2
"49998";49998;2
"49999";49999;2
"50000";50000;2
"50001";50001;2
"50002";50002;2
"50003";50003;2
"50004";50004;1
"50005";50005;2
"50006";50006;2
"50007";50007;2
"50008";50008;1
"50009";50009;2
"50010";50010;2
"50011";50011;1
"50012";50012;1
"50013";50013;1
"50014";50014;1
"50015";50015;1
"50016";50016;2
"50017";50017;2
"50018";50018;2
"50019";50019;1
"50020";50020;2
"50021";50021;1
"50022";50022;1
"50023";50023;1
"50024";50024;1
"50025";50025;2
"50026";50026;2
"50027";50027;2
"50028";50028;2
"50029";50029;1
"50030";50030;2
"50031";50031;1
"50032";50032;2
"50033";50033;2
"50034";50034;2
"50035";50035;2
"50036";50036;2
"50037";50037;2
"50038";50038;2
"50039";50039;1
"50040";50040;1
"50041";50041;1
"50042";50042;1
"50043";50043;1
"50044";50044;1
"50045";50045;1
"50046";50046;1
"50047";50047;1
"50048";50048;1
"50049";50049;1
"50050";50050;1
"50051";50051;1
"50052";50052;1
"50053";50053;1
"50054";50054;1
"50055";50055;1
"50056";50056;1
"50057";50057;1
"50058";50058;1
"50059";50059;1
"50060";50060;2
"50061";50061;1
"50062";50062;1
"50063";50063;1
"50064";50064;1
"50065";50065;1
"50066";50066;1
"50067";50067;1
"50068";50068;1
"50069";50069;1
"50070";50070;1
"50071";50071;2
"50072";50072;1
"50073";50073;1
"50074";50074;1
"50075";50075;1
"50076";50076;1
"50077";50077;1
"50078";50078;1
"50079";50079;1
"50080";50080;1
"50081";50081;1
"50082";50082;1
"50083";50083;1
"50084";50084;2
"50085";50085;2
"50086";50086;1
"50087";50087;2
"50088";50088;1
"50089";50089;1
"50090";50090;1
"50091";50091;2
"50092";50092;2
"50093";50093;2
"50094";50094;2
"50095";50095;1
"50096";50096;2
"50097";50097;1
"50098";50098;1
"50099";50099;1
"50100";50100;1
"50101";50101;1
"50102";50102;1
"50103";50103;1
"50104";50104;1
"50105";50105;1
"50106";50106;1
"50107";50107;1
"50108";50108;1
"50109";50109;1
"50110";50110;1
"50111";50111;2
"50112";50112;2
"50113";50113;2
"50114";50114;1
"50115";50115;1
"50116";50116;1
"50117";50117;1
"50118";50118;2
"50119";50119;2
"50120";50120;1
"50121";50121;2
"50122";50122;2
"50123";50123;1
"50124";50124;1
"50125";50125;1
"50126";50126;1
"50127";50127;1
"50128";50128;2
"50129";50129;1
"50130";50130;1
"50131";50131;1
"50132";50132;1
"50133";50133;1
"50134";50134;1
"50135";50135;1
"50136";50136;1
"50137";50137;0
"50138";50138;0
"50139";50139;2
"50140";50140;1
"50141";50141;1
"50142";50142;2
"50143";50143;1
"50144";50144;1
"50145";50145;1
"50146";50146;1
"50147";50147;1
"50148";50148;1
"50149";50149;1
"50150";50150;1
"50151";50151;0
"50152";50152;2
"50153";50153;1
"50154";50154;1
"50155";50155;1
"50156";50156;1
"50157";50157;1
"50158";50158;1
"50159";50159;0
"50160";50160;1
"50161";50161;0
"50162";50162;1
"50163";50163;1
"50164";50164;2
"50165";50165;1
"50166";50166;1
"50167";50167;1
"50168";50168;2
"50169";50169;2
"50170";50170;1
"50171";50171;1
"50172";50172;1
"50173";50173;1
"50174";50174;1
"50175";50175;1
"50176";50176;1
"50177";50177;2
"50178";50178;2
"50179";50179;1
"50180";50180;2
"50181";50181;2
"50182";50182;2
"50183";50183;2
"50184";50184;1
"50185";50185;1
"50186";50186;1
"50187";50187;2
"50188";50188;1
"50189";50189;1
"50190";50190;1
"50191";50191;1
"50192";50192;1
"50193";50193;1
"50194";50194;1
"50195";50195;1
"50196";50196;1
"50197";50197;1
"50198";50198;1
"50199";50199;1
"50200";50200;1
"50201";50201;1
"50202";50202;1
"50203";50203;1
"50204";50204;1
"50205";50205;1
"50206";50206;1
"50207";50207;1
"50208";50208;1
"50209";50209;1
"50210";50210;2
"50211";50211;1
"50212";50212;0
"50213";50213;1
"50214";50214;1
"50215";50215;1
"50216";50216;1
"50217";50217;1
"50218";50218;2
"50219";50219;1
"50220";50220;1
"50221";50221;1
"50222";50222;1
"50223";50223;1
"50224";50224;2
"50225";50225;1
"50226";50226;1
"50227";50227;1
"50228";50228;2
"50229";50229;1
"50230";50230;2
"50231";50231;2
"50232";50232;2
"50233";50233;1
"50234";50234;1
"50235";50235;1
"50236";50236;2
"50237";50237;1
"50238";50238;1
"50239";50239;1
"50240";50240;1
"50241";50241;1
"50242";50242;1
"50243";50243;1
"50244";50244;1
"50245";50245;1
"50246";50246;1
"50247";50247;1
"50248";50248;1
"50249";50249;2
"50250";50250;1
"50251";50251;1
"50252";50252;1
"50253";50253;1
"50254";50254;1
"50255";50255;1
"50256";50256;2
"50257";50257;1
"50258";50258;1
"50259";50259;1
"50260";50260;1
"50261";50261;1
"50262";50262;1
"50263";50263;1
"50264";50264;1
"50265";50265;2
"50266";50266;1
"50267";50267;2
"50268";50268;1
"50269";50269;1
"50270";50270;2
"50271";50271;2
"50272";50272;1
"50273";50273;2
"50274";50274;2
"50275";50275;1
"50276";50276;1
"50277";50277;1
"50278";50278;2
"50279";50279;1
"50280";50280;2
"50281";50281;2
"50282";50282;1
"50283";50283;1
"50284";50284;1
"50285";50285;1
"50286";50286;1
"50287";50287;1
"50288";50288;1
"50289";50289;1
"50290";50290;1
"50291";50291;1
"50292";50292;1
"50293";50293;1
"50294";50294;1
"50295";50295;1
"50296";50296;1
"50297";50297;1
"50298";50298;1
"50299";50299;1
"50300";50300;1
"50301";50301;1
"50302";50302;1
"50303";50303;1
"50304";50304;1
"50305";50305;1
"50306";50306;1
"50307";50307;1
"50308";50308;2
"50309";50309;1
"50310";50310;1
"50311";50311;1
"50312";50312;1
"50313";50313;1
"50314";50314;1
"50315";50315;1
"50316";50316;1
"50317";50317;1
"50318";50318;1
"50319";50319;1
"50320";50320;2
"50321";50321;1
"50322";50322;1
"50323";50323;2
"50324";50324;1
"50325";50325;2
"50326";50326;2
"50327";50327;1
"50328";50328;2
"50329";50329;1
"50330";50330;1
"50331";50331;1
"50332";50332;1
"50333";50333;1
"50334";50334;1
"50335";50335;2
"50336";50336;1
"50337";50337;2
"50338";50338;1
"50339";50339;1
"50340";50340;2
"50341";50341;2
"50342";50342;1
"50343";50343;2
"50344";50344;2
"50345";50345;2
"50346";50346;2
"50347";50347;2
"50348";50348;1
"50349";50349;0
"50350";50350;2
"50351";50351;2
"50352";50352;1
"50353";50353;1
"50354";50354;2
"50355";50355;1
"50356";50356;1
"50357";50357;2
"50358";50358;1
"50359";50359;1
"50360";50360;2
"50361";50361;2
"50362";50362;2
"50363";50363;2
"50364";50364;2
"50365";50365;2
"50366";50366;2
"50367";50367;2
"50368";50368;1
"50369";50369;1
"50370";50370;1
"50371";50371;1
"50372";50372;2
"50373";50373;1
"50374";50374;2
"50375";50375;2
"50376";50376;2
"50377";50377;1
"50378";50378;2
"50379";50379;1
"50380";50380;2
"50381";50381;1
"50382";50382;1
"50383";50383;1
"50384";50384;1
"50385";50385;1
"50386";50386;2
"50387";50387;1
"50388";50388;1
"50389";50389;2
"50390";50390;1
"50391";50391;1
"50392";50392;1
"50393";50393;1
"50394";50394;1
"50395";50395;1
"50396";50396;1
"50397";50397;1
"50398";50398;1
"50399";50399;1
"50400";50400;1
"50401";50401;1
"50402";50402;1
"50403";50403;1
"50404";50404;1
"50405";50405;2
"50406";50406;1
"50407";50407;1
"50408";50408;1
"50409";50409;1
"50410";50410;1
"50411";50411;1
"50412";50412;1
"50413";50413;1
"50414";50414;1
"50415";50415;1
"50416";50416;1
"50417";50417;1
"50418";50418;1
"50419";50419;2
"50420";50420;2
"50421";50421;1
"50422";50422;2
"50423";50423;0
"50424";50424;2
"50425";50425;2
"50426";50426;2
"50427";50427;1
"50428";50428;2
"50429";50429;1
"50430";50430;2
"50431";50431;0
"50432";50432;1
"50433";50433;1
"50434";50434;1
"50435";50435;1
"50436";50436;1
"50437";50437;1
"50438";50438;1
"50439";50439;1
"50440";50440;1
"50441";50441;1
"50442";50442;1
"50443";50443;2
"50444";50444;1
"50445";50445;1
"50446";50446;2
"50447";50447;1
"50448";50448;2
"50449";50449;1
"50450";50450;1
"50451";50451;2
"50452";50452;1
"50453";50453;1
"50454";50454;2
"50455";50455;2
"50456";50456;2
"50457";50457;2
"50458";50458;1
"50459";50459;2
"50460";50460;1
"50461";50461;1
"50462";50462;2
"50463";50463;1
"50464";50464;1
"50465";50465;1
"50466";50466;2
"50467";50467;1
"50468";50468;1
"50469";50469;1
"50470";50470;2
"50471";50471;2
"50472";50472;1
"50473";50473;2
"50474";50474;1
"50475";50475;1
"50476";50476;2
"50477";50477;1
"50478";50478;1
"50479";50479;1
"50480";50480;2
"50481";50481;1
"50482";50482;1
"50483";50483;2
"50484";50484;2
"50485";50485;2
"50486";50486;2
"50487";50487;2
"50488";50488;2
"50489";50489;1
"50490";50490;2
"50491";50491;1
"50492";50492;1
"50493";50493;1
"50494";50494;2
"50495";50495;1
"50496";50496;1
"50497";50497;1
"50498";50498;1
"50499";50499;1
"50500";50500;1
"50501";50501;1
"50502";50502;1
"50503";50503;1
"50504";50504;1
"50505";50505;2
"50506";50506;1
"50507";50507;1
"50508";50508;1
"50509";50509;1
"50510";50510;1
"50511";50511;1
"50512";50512;2
"50513";50513;1
"50514";50514;2
"50515";50515;2
"50516";50516;2
"50517";50517;1
"50518";50518;2
"50519";50519;2
"50520";50520;2
"50521";50521;1
"50522";50522;2
"50523";50523;1
"50524";50524;1
"50525";50525;1
"50526";50526;2
"50527";50527;1
"50528";50528;1
"50529";50529;1
"50530";50530;1
"50531";50531;2
"50532";50532;1
"50533";50533;2
"50534";50534;1
"50535";50535;1
"50536";50536;1
"50537";50537;2
"50538";50538;1
"50539";50539;1
"50540";50540;1
"50541";50541;2
"50542";50542;2
"50543";50543;1
"50544";50544;1
"50545";50545;2
"50546";50546;1
"50547";50547;1
"50548";50548;1
"50549";50549;2
"50550";50550;2
"50551";50551;2
"50552";50552;2
"50553";50553;1
"50554";50554;1
"50555";50555;1
"50556";50556;1
"50557";50557;2
"50558";50558;1
"50559";50559;1
"50560";50560;1
"50561";50561;1
"50562";50562;1
"50563";50563;1
"50564";50564;1
"50565";50565;1
"50566";50566;1
"50567";50567;1
"50568";50568;2
"50569";50569;2
"50570";50570;1
"50571";50571;1
"50572";50572;1
"50573";50573;1
"50574";50574;1
"50575";50575;2
"50576";50576;1
"50577";50577;2
"50578";50578;1
"50579";50579;1
"50580";50580;1
"50581";50581;1
"50582";50582;1
"50583";50583;1
"50584";50584;1
"50585";50585;1
"50586";50586;1
"50587";50587;1
"50588";50588;2
"50589";50589;1
"50590";50590;1
"50591";50591;1
"50592";50592;2
"50593";50593;1
"50594";50594;1
"50595";50595;1
"50596";50596;1
"50597";50597;1
"50598";50598;1
"50599";50599;1
"50600";50600;1
"50601";50601;2
"50602";50602;1
"50603";50603;1
"50604";50604;1
"50605";50605;1
"50606";50606;1
"50607";50607;2
"50608";50608;1
"50609";50609;2
"50610";50610;2
"50611";50611;2
"50612";50612;2
"50613";50613;2
"50614";50614;1
"50615";50615;1
"50616";50616;1
"50617";50617;2
"50618";50618;1
"50619";50619;2
"50620";50620;1
"50621";50621;2
"50622";50622;1
"50623";50623;1
"50624";50624;1
"50625";50625;1
"50626";50626;2
"50627";50627;1
"50628";50628;1
"50629";50629;1
"50630";50630;1
"50631";50631;1
"50632";50632;1
"50633";50633;2
"50634";50634;1
"50635";50635;2
"50636";50636;1
"50637";50637;1
"50638";50638;2
"50639";50639;2
"50640";50640;1
"50641";50641;1
"50642";50642;1
"50643";50643;1
"50644";50644;1
"50645";50645;1
"50646";50646;1
"50647";50647;2
"50648";50648;2
"50649";50649;1
"50650";50650;1
"50651";50651;0
"50652";50652;1
"50653";50653;1
"50654";50654;1
"50655";50655;2
"50656";50656;1
"50657";50657;1
"50658";50658;1
"50659";50659;1
"50660";50660;1
"50661";50661;1
"50662";50662;1
"50663";50663;2
"50664";50664;1
"50665";50665;1
"50666";50666;1
"50667";50667;2
"50668";50668;1
"50669";50669;1
"50670";50670;1
"50671";50671;1
"50672";50672;2
"50673";50673;1
"50674";50674;1
"50675";50675;1
"50676";50676;2
"50677";50677;2
"50678";50678;2
"50679";50679;1
"50680";50680;1
"50681";50681;1
"50682";50682;1
"50683";50683;1
"50684";50684;1
"50685";50685;2
"50686";50686;1
"50687";50687;1
"50688";50688;1
"50689";50689;1
"50690";50690;1
"50691";50691;2
"50692";50692;1
"50693";50693;1
"50694";50694;1
"50695";50695;1
"50696";50696;1
"50697";50697;2
"50698";50698;1
"50699";50699;2
"50700";50700;1
"50701";50701;1
"50702";50702;2
"50703";50703;1
"50704";50704;1
"50705";50705;1
"50706";50706;1
"50707";50707;1
"50708";50708;1
"50709";50709;1
"50710";50710;1
"50711";50711;2
"50712";50712;1
"50713";50713;2
"50714";50714;2
"50715";50715;1
"50716";50716;2
"50717";50717;1
"50718";50718;2
"50719";50719;1
"50720";50720;1
"50721";50721;1
"50722";50722;2
"50723";50723;1
"50724";50724;1
"50725";50725;1
"50726";50726;1
"50727";50727;1
"50728";50728;1
"50729";50729;1
"50730";50730;2
"50731";50731;1
"50732";50732;1
"50733";50733;1
"50734";50734;1
"50735";50735;1
"50736";50736;2
"50737";50737;1
"50738";50738;2
"50739";50739;1
"50740";50740;1
"50741";50741;1
"50742";50742;2
"50743";50743;1
"50744";50744;1
"50745";50745;1
"50746";50746;1
"50747";50747;1
"50748";50748;1
"50749";50749;1
"50750";50750;1
"50751";50751;1
"50752";50752;1
"50753";50753;1
"50754";50754;1
"50755";50755;1
"50756";50756;1
"50757";50757;2
"50758";50758;1
"50759";50759;1
"50760";50760;1
"50761";50761;1
"50762";50762;1
"50763";50763;1
"50764";50764;1
"50765";50765;1
"50766";50766;1
"50767";50767;1
"50768";50768;1
"50769";50769;1
"50770";50770;1
"50771";50771;1
"50772";50772;1
"50773";50773;1
"50774";50774;1
"50775";50775;2
"50776";50776;2
"50777";50777;1
"50778";50778;1
"50779";50779;1
"50780";50780;1
"50781";50781;1
"50782";50782;1
"50783";50783;1
"50784";50784;1
"50785";50785;1
"50786";50786;1
"50787";50787;1
"50788";50788;1
"50789";50789;1
"50790";50790;1
"50791";50791;1
"50792";50792;1
"50793";50793;1
"50794";50794;1
"50795";50795;2
"50796";50796;1
"50797";50797;1
"50798";50798;2
"50799";50799;1
"50800";50800;1
"50801";50801;1
"50802";50802;1
"50803";50803;1
"50804";50804;1
"50805";50805;1
"50806";50806;1
"50807";50807;1
"50808";50808;2
"50809";50809;2
"50810";50810;1
"50811";50811;1
"50812";50812;1
"50813";50813;1
"50814";50814;1
"50815";50815;1
"50816";50816;1
"50817";50817;1
"50818";50818;1
"50819";50819;1
"50820";50820;1
"50821";50821;1
"50822";50822;1
"50823";50823;1
"50824";50824;1
"50825";50825;1
"50826";50826;1
"50827";50827;1
"50828";50828;2
"50829";50829;1
"50830";50830;1
"50831";50831;2
"50832";50832;1
"50833";50833;1
"50834";50834;2
"50835";50835;1
"50836";50836;2
"50837";50837;1
"50838";50838;1
"50839";50839;1
"50840";50840;1
"50841";50841;1
"50842";50842;1
"50843";50843;1
"50844";50844;1
"50845";50845;1
"50846";50846;2
"50847";50847;2
"50848";50848;2
"50849";50849;1
"50850";50850;1
"50851";50851;1
"50852";50852;2
"50853";50853;1
"50854";50854;1
"50855";50855;1
"50856";50856;2
"50857";50857;1
"50858";50858;1
"50859";50859;1
"50860";50860;1
"50861";50861;2
"50862";50862;2
"50863";50863;1
"50864";50864;1
"50865";50865;1
"50866";50866;1
"50867";50867;1
"50868";50868;1
"50869";50869;1
"50870";50870;1
"50871";50871;1
"50872";50872;1
"50873";50873;2
"50874";50874;2
"50875";50875;1
"50876";50876;1
"50877";50877;1
"50878";50878;1
"50879";50879;2
"50880";50880;1
"50881";50881;1
"50882";50882;1
"50883";50883;1
"50884";50884;1
"50885";50885;1
"50886";50886;1
"50887";50887;1
"50888";50888;1
"50889";50889;1
"50890";50890;1
"50891";50891;1
"50892";50892;1
"50893";50893;2
"50894";50894;2
"50895";50895;1
"50896";50896;1
"50897";50897;1
"50898";50898;2
"50899";50899;1
"50900";50900;1
"50901";50901;1
"50902";50902;1
"50903";50903;1
"50904";50904;1
"50905";50905;1
"50906";50906;1
"50907";50907;1
"50908";50908;1
"50909";50909;1
"50910";50910;1
"50911";50911;2
"50912";50912;1
"50913";50913;1
"50914";50914;1
"50915";50915;1
"50916";50916;1
"50917";50917;1
"50918";50918;1
"50919";50919;1
"50920";50920;1
"50921";50921;1
"50922";50922;1
"50923";50923;2
"50924";50924;1
"50925";50925;2
"50926";50926;1
"50927";50927;2
"50928";50928;1
"50929";50929;1
"50930";50930;1
"50931";50931;1
"50932";50932;1
"50933";50933;1
"50934";50934;1
"50935";50935;2
"50936";50936;1
"50937";50937;2
"50938";50938;1
"50939";50939;1
"50940";50940;2
"50941";50941;2
"50942";50942;2
"50943";50943;2
"50944";50944;1
"50945";50945;2
"50946";50946;2
"50947";50947;2
"50948";50948;2
"50949";50949;1
"50950";50950;1
"50951";50951;1
"50952";50952;1
"50953";50953;2
"50954";50954;2
"50955";50955;1
"50956";50956;2
"50957";50957;2
"50958";50958;2
"50959";50959;2
"50960";50960;2
"50961";50961;1
"50962";50962;1
"50963";50963;2
"50964";50964;2
"50965";50965;1
"50966";50966;1
"50967";50967;1
"50968";50968;2
"50969";50969;1
"50970";50970;2
"50971";50971;2
"50972";50972;1
"50973";50973;1
"50974";50974;1
"50975";50975;2
"50976";50976;1
"50977";50977;1
"50978";50978;1
"50979";50979;1
"50980";50980;1
"50981";50981;1
"50982";50982;1
"50983";50983;1
"50984";50984;2
"50985";50985;2
"50986";50986;2
"50987";50987;1
"50988";50988;2
"50989";50989;2
"50990";50990;1
"50991";50991;2
"50992";50992;1
"50993";50993;2
"50994";50994;1
"50995";50995;1
"50996";50996;1
"50997";50997;1
"50998";50998;1
"50999";50999;2
"51000";51000;1
"51001";51001;1
"51002";51002;1
"51003";51003;2
"51004";51004;2
"51005";51005;2
"51006";51006;0
"51007";51007;2
"51008";51008;2
"51009";51009;2
"51010";51010;2
"51011";51011;2
"51012";51012;2
"51013";51013;0
"51014";51014;2
"51015";51015;1
"51016";51016;1
"51017";51017;2
"51018";51018;2
"51019";51019;2
"51020";51020;1
"51021";51021;1
"51022";51022;1
"51023";51023;1
"51024";51024;1
"51025";51025;1
"51026";51026;1
"51027";51027;1
"51028";51028;1
"51029";51029;1
"51030";51030;1
"51031";51031;1
"51032";51032;1
"51033";51033;1
"51034";51034;1
"51035";51035;1
"51036";51036;1
"51037";51037;1
"51038";51038;1
"51039";51039;1
"51040";51040;1
"51041";51041;1
"51042";51042;1
"51043";51043;1
"51044";51044;1
"51045";51045;1
"51046";51046;1
"51047";51047;1
"51048";51048;1
"51049";51049;1
"51050";51050;1
"51051";51051;1
"51052";51052;1
"51053";51053;1
"51054";51054;1
"51055";51055;1
"51056";51056;1
"51057";51057;1
"51058";51058;1
"51059";51059;1
"51060";51060;1
"51061";51061;1
"51062";51062;2
"51063";51063;1
"51064";51064;1
"51065";51065;1
"51066";51066;1
"51067";51067;1
"51068";51068;2
"51069";51069;1
"51070";51070;1
"51071";51071;1
"51072";51072;1
"51073";51073;2
"51074";51074;1
"51075";51075;2
"51076";51076;1
"51077";51077;1
"51078";51078;1
"51079";51079;1
"51080";51080;1
"51081";51081;1
"51082";51082;1
"51083";51083;1
"51084";51084;1
"51085";51085;1
"51086";51086;1
"51087";51087;2
"51088";51088;2
"51089";51089;1
"51090";51090;1
"51091";51091;2
"51092";51092;2
"51093";51093;1
"51094";51094;2
"51095";51095;1
"51096";51096;1
"51097";51097;1
"51098";51098;1
"51099";51099;1
"51100";51100;1
"51101";51101;1
"51102";51102;2
"51103";51103;1
"51104";51104;2
"51105";51105;1
"51106";51106;1
"51107";51107;2
"51108";51108;1
"51109";51109;2
"51110";51110;1
"51111";51111;1
"51112";51112;1
"51113";51113;1
"51114";51114;1
"51115";51115;1
"51116";51116;1
"51117";51117;2
"51118";51118;1
"51119";51119;1
"51120";51120;1
"51121";51121;1
"51122";51122;1
"51123";51123;1
"51124";51124;1
"51125";51125;1
"51126";51126;1
"51127";51127;1
"51128";51128;1
"51129";51129;1
"51130";51130;1
"51131";51131;2
"51132";51132;1
"51133";51133;1
"51134";51134;2
"51135";51135;1
"51136";51136;1
"51137";51137;1
"51138";51138;2
"51139";51139;1
"51140";51140;1
"51141";51141;2
"51142";51142;1
"51143";51143;1
"51144";51144;1
"51145";51145;1
"51146";51146;1
"51147";51147;2
"51148";51148;2
"51149";51149;1
"51150";51150;2
"51151";51151;2
"51152";51152;2
"51153";51153;1
"51154";51154;1
"51155";51155;2
"51156";51156;2
"51157";51157;1
"51158";51158;2
"51159";51159;1
"51160";51160;1
"51161";51161;1
"51162";51162;1
"51163";51163;1
"51164";51164;1
"51165";51165;1
"51166";51166;1
"51167";51167;1
"51168";51168;1
"51169";51169;1
"51170";51170;1
"51171";51171;1
"51172";51172;1
"51173";51173;2
"51174";51174;1
"51175";51175;0
"51176";51176;1
"51177";51177;1
"51178";51178;1
"51179";51179;1
"51180";51180;1
"51181";51181;1
"51182";51182;2
"51183";51183;2
"51184";51184;2
"51185";51185;1
"51186";51186;2
"51187";51187;1
"51188";51188;2
"51189";51189;1
"51190";51190;1
"51191";51191;1
"51192";51192;1
"51193";51193;1
"51194";51194;1
"51195";51195;2
"51196";51196;1
"51197";51197;0
"51198";51198;1
"51199";51199;1
"51200";51200;2
"51201";51201;1
"51202";51202;2
"51203";51203;1
"51204";51204;0
"51205";51205;1
"51206";51206;2
"51207";51207;1
"51208";51208;1
"51209";51209;1
"51210";51210;1
"51211";51211;1
"51212";51212;1
"51213";51213;1
"51214";51214;2
"51215";51215;1
"51216";51216;1
"51217";51217;1
"51218";51218;2
"51219";51219;1
"51220";51220;1
"51221";51221;1
"51222";51222;1
"51223";51223;1
"51224";51224;1
"51225";51225;1
"51226";51226;1
"51227";51227;2
"51228";51228;2
"51229";51229;1
"51230";51230;1
"51231";51231;1
"51232";51232;1
"51233";51233;1
"51234";51234;1
"51235";51235;1
"51236";51236;1
"51237";51237;1
"51238";51238;1
"51239";51239;2
"51240";51240;2
"51241";51241;1
"51242";51242;2
"51243";51243;1
"51244";51244;1
"51245";51245;1
"51246";51246;2
"51247";51247;2
"51248";51248;1
"51249";51249;2
"51250";51250;2
"51251";51251;2
"51252";51252;1
"51253";51253;1
"51254";51254;1
"51255";51255;1
"51256";51256;2
"51257";51257;1
"51258";51258;1
"51259";51259;1
"51260";51260;1
"51261";51261;1
"51262";51262;1
"51263";51263;2
"51264";51264;2
"51265";51265;1
"51266";51266;1
"51267";51267;1
"51268";51268;1
"51269";51269;2
"51270";51270;2
"51271";51271;1
"51272";51272;1
"51273";51273;1
"51274";51274;2
"51275";51275;1
"51276";51276;1
"51277";51277;1
"51278";51278;2
"51279";51279;2
"51280";51280;2
"51281";51281;2
"51282";51282;1
"51283";51283;1
"51284";51284;2
"51285";51285;1
"51286";51286;2
"51287";51287;1
"51288";51288;1
"51289";51289;1
"51290";51290;1
"51291";51291;1
"51292";51292;2
"51293";51293;1
"51294";51294;1
"51295";51295;2
"51296";51296;1
"51297";51297;1
"51298";51298;1
"51299";51299;1
"51300";51300;1
"51301";51301;1
"51302";51302;2
"51303";51303;1
"51304";51304;2
"51305";51305;1
"51306";51306;2
"51307";51307;2
"51308";51308;2
"51309";51309;2
"51310";51310;2
"51311";51311;2
"51312";51312;1
"51313";51313;2
"51314";51314;2
"51315";51315;2
"51316";51316;2
"51317";51317;2
"51318";51318;2
"51319";51319;1
"51320";51320;1
"51321";51321;2
"51322";51322;1
"51323";51323;1
"51324";51324;1
"51325";51325;2
"51326";51326;1
"51327";51327;1
"51328";51328;1
"51329";51329;1
"51330";51330;2
"51331";51331;1
"51332";51332;1
"51333";51333;2
"51334";51334;2
"51335";51335;2
"51336";51336;2
"51337";51337;1
"51338";51338;1
"51339";51339;2
"51340";51340;1
"51341";51341;1
"51342";51342;1
"51343";51343;1
"51344";51344;2
"51345";51345;1
"51346";51346;1
"51347";51347;1
"51348";51348;2
"51349";51349;2
"51350";51350;1
"51351";51351;1
"51352";51352;2
"51353";51353;2
"51354";51354;1
"51355";51355;1
"51356";51356;1
"51357";51357;1
"51358";51358;2
"51359";51359;1
"51360";51360;2
"51361";51361;1
"51362";51362;2
"51363";51363;2
"51364";51364;1
"51365";51365;1
"51366";51366;2
"51367";51367;1
"51368";51368;2
"51369";51369;2
"51370";51370;2
"51371";51371;2
"51372";51372;2
"51373";51373;2
"51374";51374;1
"51375";51375;1
"51376";51376;2
"51377";51377;1
"51378";51378;1
"51379";51379;1
"51380";51380;2
"51381";51381;1
"51382";51382;2
"51383";51383;2
"51384";51384;2
"51385";51385;2
"51386";51386;1
"51387";51387;2
"51388";51388;2
"51389";51389;1
"51390";51390;1
"51391";51391;2
"51392";51392;2
"51393";51393;1
"51394";51394;0
"51395";51395;1
"51396";51396;1
"51397";51397;2
"51398";51398;1
"51399";51399;1
"51400";51400;1
"51401";51401;2
"51402";51402;1
"51403";51403;1
"51404";51404;2
"51405";51405;1
"51406";51406;1
"51407";51407;2
"51408";51408;2
"51409";51409;2
"51410";51410;2
"51411";51411;1
"51412";51412;2
"51413";51413;1
"51414";51414;1
"51415";51415;1
"51416";51416;1
"51417";51417;1
"51418";51418;1
"51419";51419;1
"51420";51420;1
"51421";51421;1
"51422";51422;1
"51423";51423;1
"51424";51424;1
"51425";51425;1
"51426";51426;1
"51427";51427;1
"51428";51428;2
"51429";51429;1
"51430";51430;1
"51431";51431;1
"51432";51432;1
"51433";51433;2
"51434";51434;1
"51435";51435;2
"51436";51436;2
"51437";51437;1
"51438";51438;1
"51439";51439;1
"51440";51440;1
